line_no,file_name,self_id,cue,sequence,waveform,awb_stream,character_name,role,gender,voice_target,reference_audio,thai_text,pronunciation_note,prosody_note,status,tts_text,voice_project
1,MS19B_X43_A0_0010_F_ANA_0010.wav,MS19B_X43_A0_0010_F_ANA_0010,0,0,0,1,Anna,main,female,anna,assets/triangle-strategy/approved_voice_references/anna.wav,ฝ่าบาท ข้าจับคนร้ายที่ขโมยและสังหารพ่อค้าเกลือได้แล้วเจ้าค่ะ,,,PENDING_MANUAL_GENERATION,,triangle-strategy
2,MS19B_X43_A0_0010_F_ANA_0020.wav,MS19B_X43_A0_0010_F_ANA_0020,1,1,1,2,Anna,main,female,anna,assets/triangle-strategy/approved_voice_references/anna.wav,เขาผู้นั้นคือชาวโรเซลล์ที่อาศัยอยู่ในเมืองเก่า เขารับสารภาพและอ้างว่าทำไปเพื่อหาเลี้ยงครอบครัว,,,PENDING_MANUAL_GENERATION,,triangle-strategy
3,MS19B_X43_A0_0010_F_ANA_0030.wav,MS19B_X43_A0_0010_F_ANA_0030,2,2,2,3,Anna,main,female,anna,assets/triangle-strategy/approved_voice_references/anna.wav,รับทราบเจ้าค่ะ,,,PENDING_MANUAL_GENERATION,,triangle-strategy
4,MS19B_X43_A0_0010_F_FRE_0010.wav,MS19B_X43_A0_0010_F_FRE_0010,3,3,3,4,Frederica,main,female,frederica,assets/triangle-strategy/approved_voice_references/frederica.wav,คนร้ายจากเมืองเก่าอีกแล้วงั้นเหรอ...​ ครั้งนี้เป็นชาวโรเซลล์ซะด้วย...,,,PENDING_MANUAL_GENERATION,,triangle-strategy
5,MS19B_X43_A0_0010_F_FRE_0020.wav,MS19B_X43_A0_0010_F_FRE_0020,4,4,4,5,Frederica,main,female,frederica,assets/triangle-strategy/approved_voice_references/frederica.wav,ฝ่าบาท...นี่มันปัญหาเรื่อรังนะเจ้าคะ หากเราไม่ช่วยคนจน สุดท้ายก็จะมีอาชญากรรมเกิดขึ้นเรื่อยๆ ไม่จบไม่สิ้น,,,PENDING_MANUAL_GENERATION,,triangle-strategy
6,MS19B_X43_A0_0010_F_FRE_0030.wav,MS19B_X43_A0_0010_F_FRE_0030,5,5,5,6,Frederica,main,female,frederica,assets/triangle-strategy/approved_voice_references/frederica.wav,ทุกวันนี้ยังมีคนอคติชาวโรเซลล์อยู่ ซึ่งมันบีบบังคับให้พวกเขามีชีวิตที่ตรากตรำ,,,PENDING_MANUAL_GENERATION,,triangle-strategy
7,MS19B_X43_A0_0010_F_FRE_0040.wav,MS19B_X43_A0_0010_F_FRE_0040,6,6,6,7,Frederica,main,female,frederica,assets/triangle-strategy/approved_voice_references/frederica.wav,เราต้องหาวิธีบรรเทาทุกข์พวกเขาให้ได้,,,PENDING_MANUAL_GENERATION,,triangle-strategy
8,MS19B_X43_A0_0010_F_FRE_0050.wav,MS19B_X43_A0_0010_F_FRE_0050,7,7,7,8,Frederica,main,female,frederica,assets/triangle-strategy/approved_voice_references/frederica.wav,...ก็ได้เจ้าค่ะ,,,PENDING_MANUAL_GENERATION,,triangle-strategy
9,MS19B_X43_A0_0010_F_FRE_0070.wav,MS19B_X43_A0_0010_F_FRE_0070,9,9,9,10,Frederica,main,female,frederica,assets/triangle-strategy/approved_voice_references/frederica.wav,เจ้าค่ะ ฝ่าบาท,,,PENDING_MANUAL_GENERATION,,triangle-strategy
10,MS19B_X43_A0_0010_F_HEW_0010.wav,MS19B_X43_A0_0010_F_HEW_0010,10,10,10,11,Hughette,main,female,hughette,assets/triangle-strategy/approved_voice_references/hughette.wav,พบแหล่งคริสตัลเกลืออีกหลายแห่งเลยนะเจ้าคะ,,,PENDING_MANUAL_GENERATION,,triangle-strategy
11,MS19B_X43_A0_0010_F_HEW_0020.wav,MS19B_X43_A0_0010_F_HEW_0020,11,11,11,12,Hughette,main,female,hughette,assets/triangle-strategy/approved_voice_references/hughette.wav,เจ้าค่ะนายท่าน,,,PENDING_MANUAL_GENERATION,,triangle-strategy
12,MS19B_X43_A0_0010_F_YRA_0010.wav,MS19B_X43_A0_0010_F_YRA_0010,12,12,12,13,Geela,main,female,geela,assets/triangle-strategy/approved_voice_references/geela.wav,เมืองเก่ากำลังยากจนอับเฉา... เราควรหาวิธีแก้ไขนะเจ้าคะ,,,PENDING_MANUAL_GENERATION,,triangle-strategy
13,MS19B_X43_A0_0010_M_BND_0010.wav,MS19B_X43_A0_0010_M_BND_0010,13,13,13,14,Benedict,main,male,benedict,assets/triangle-strategy/approved_voice_references/benedict.wav,ขืนทำเช่นนั้น รับรองผู้คนทั่วสารทิศจะแห่กันมาขุดเหมือง,,,PENDING_MANUAL_GENERATION,,triangle-strategy
14,MS19B_X43_A0_0010_M_BND_0020.wav,MS19B_X43_A0_0010_M_BND_0020,14,14,14,15,Benedict,main,male,benedict,assets/triangle-strategy/approved_voice_references/benedict.wav,แผนการของเราเหมาะสมที่สุดแล้วขอรับ แน่นอนว่าการค้าเกลือจะเฟื่องฟูกว่าที่เคย,,,PENDING_MANUAL_GENERATION,,triangle-strategy
15,MS19B_X43_A0_0010_M_BND_0030.wav,MS19B_X43_A0_0010_M_BND_0030,15,15,15,16,Benedict,main,male,benedict,assets/triangle-strategy/approved_voice_references/benedict.wav,ทางเราวางระบบเพื่อสนับสนุนให้คนจนมีงานทำ และมีกฏหมายต่อผู้ที่เลือกปฏิบัติกับชาวโรเซลล์,,,PENDING_MANUAL_GENERATION,,triangle-strategy
16,MS19B_X43_A0_0010_M_BND_0040.wav,MS19B_X43_A0_0010_M_BND_0040,16,16,16,17,Benedict,main,male,benedict,assets/triangle-strategy/approved_voice_references/benedict.wav,ทุกคนต่างดิ้นรนเหมือนกันหมดขอรับ เราไม่ควรจะเข้าข้างพวกเขาไปมากกว่านี้แล้ว,,,PENDING_MANUAL_GENERATION,,triangle-strategy
17,MS19B_X43_A0_0010_M_BND_0050.wav,MS19B_X43_A0_0010_M_BND_0050,17,17,17,18,Benedict,main,male,benedict,assets/triangle-strategy/approved_voice_references/benedict.wav,เชิญผู้ร้องทุกข์คนถัดไป!,,,PENDING_MANUAL_GENERATION,,triangle-strategy
18,MS19B_X43_A0_0010_M_SEL_0010.wav,MS19B_X43_A0_0010_M_SEL_0010,18,18,18,19,Serenoa,main,male,serenoa,assets/triangle-strategy/approved_voice_references/serenoa.wav,เราต้องประกาศให้ชาวเมืองทุกคนทราบ,,,PENDING_MANUAL_GENERATION,,triangle-strategy
19,MS19B_X43_A0_0010_M_SEL_0020.wav,MS19B_X43_A0_0010_M_SEL_0020,19,19,19,20,Serenoa,main,male,serenoa,assets/triangle-strategy/approved_voice_references/serenoa.wav,หวังให้เป็นเช่นนั้นขอรับ ฮิวเอทท์...ฝากดูแลความเรียบร้อยของลูกจ้างทุกคนด้วย,,,PENDING_MANUAL_GENERATION,,triangle-strategy
20,MS19B_X43_A0_0010_M_SEL_0030.wav,MS19B_X43_A0_0010_M_SEL_0030,20,20,20,21,Serenoa,main,male,serenoa,assets/triangle-strategy/approved_voice_references/serenoa.wav,การฆาตกรรมถือเป็นบาปหนัก แม้ว่าจะทำเพื่อครอบครัวก็ตาม,,,PENDING_MANUAL_GENERATION,,triangle-strategy
21,MS19B_X43_A0_0010_M_SEL_0040.wav,MS19B_X43_A0_0010_M_SEL_0040,21,21,21,22,Serenoa,main,male,serenoa,assets/triangle-strategy/approved_voice_references/serenoa.wav,ตัดสินประหารชีวิตชาวโรเซลล์ผู้นั้นซะ,,,PENDING_MANUAL_GENERATION,,triangle-strategy
22,MS19B_X43_A0_0010_M_SEL_0050.wav,MS19B_X43_A0_0010_M_SEL_0050,22,22,22,23,Serenoa,main,male,serenoa,assets/triangle-strategy/approved_voice_references/serenoa.wav,เฟรเดอริก้า นี่คือยุคใหม่ของพวกเรา,,,PENDING_MANUAL_GENERATION,,triangle-strategy
23,MS19B_X43_A0_0010_M_SEL_0060.wav,MS19B_X43_A0_0010_M_SEL_0060,23,23,23,24,Serenoa,main,male,serenoa,assets/triangle-strategy/approved_voice_references/serenoa.wav,ในยามยากเช่นนี้...เราต้องซื้อใจประชาชนให้ได้ เราต้องประพฤติกับทุกคนตามกฎหมายอย่างเท่าเทียมกัน,,,PENDING_MANUAL_GENERATION,,triangle-strategy
24,MS19B_X43_A0_0010_M_SEL_0070.wav,MS19B_X43_A0_0010_M_SEL_0070,24,24,24,25,Serenoa,main,male,serenoa,assets/triangle-strategy/approved_voice_references/serenoa.wav,ข้าขอสาบานต่อโรแลนด์ ว่าจะทำให้ทุกคนเชื่อใจให้ได้,,,PENDING_MANUAL_GENERATION,,triangle-strategy
25,MS19B_X43_A0_0010_M_SEL_0080.wav,MS19B_X43_A0_0010_M_SEL_0080,25,25,25,26,Serenoa,main,male,serenoa,assets/triangle-strategy/approved_voice_references/serenoa.wav,ข้าจะทำให้นอร์เซเลียน่าอยู่กว่าเดิม,,,PENDING_MANUAL_GENERATION,,triangle-strategy
26,MS19B_X43_A0_0010_M_SEL_0090.wav,MS19B_X43_A0_0010_M_SEL_0090,26,26,26,27,Serenoa,main,male,serenoa,assets/triangle-strategy/approved_voice_references/serenoa.wav,และข้ายอมอุทิศชีวิตเพื่อมัน,,,PENDING_MANUAL_GENERATION,,triangle-strategy
27,MS19B_X43_A1_0010_M_BND_0010.wav,MS19B_X43_A1_0010_M_BND_0010,27,27,27,28,Benedict,main,male,benedict,assets/triangle-strategy/approved_voice_references/benedict.wav,ท่านหญิงเดสตร้า... ลูกของท่านพลิกโฉมนอร์เซเลียด้วยชัยชนะอันแสนลำเค็ญ,,,PENDING_MANUAL_GENERATION,,triangle-strategy
28,MS19B_X43_A1_0010_M_BND_0020.wav,MS19B_X43_A1_0010_M_BND_0020,28,28,28,29,Benedict,main,male,benedict,assets/triangle-strategy/approved_voice_references/benedict.wav,บัดนี้เขาได้ปกครองแผ่นดินนอร์เซเลียในฐานะผู้มีอำนาจสูงสุด... และไม่มีผู้ใดเทียบเคียง,,,PENDING_MANUAL_GENERATION,,triangle-strategy
29,MS19B_X43_A1_0010_M_BND_0030.wav,MS19B_X43_A1_0010_M_BND_0030,29,29,29,30,Benedict,main,male,benedict,assets/triangle-strategy/approved_voice_references/benedict.wav,ข้าไม่รู้สึกเสียใจเลยแม้แต่น้อย ข้าจะชดเชยความผิดของตน...ที่หลอกใช้เซเรโนอา,,,PENDING_MANUAL_GENERATION,,triangle-strategy
30,MS19B_X43_A1_0010_M_BND_0040.wav,MS19B_X43_A1_0010_M_BND_0040,30,30,30,31,Benedict,main,male,benedict,assets/triangle-strategy/approved_voice_references/benedict.wav,นี่คงเป็นครั้งสุดท้ายที่ข้าจะรบกวนท่านแล้ว,,,PENDING_MANUAL_GENERATION,,triangle-strategy
31,MS19B_X43_A1_0010_M_BND_0050.wav,MS19B_X43_A1_0010_M_BND_0050,31,31,31,32,Benedict,main,male,benedict,assets/triangle-strategy/approved_voice_references/benedict.wav,ลอร์ดเซเรโนอา! ท่านมาทำอะไรที่นี่เนี่ย?,,,PENDING_MANUAL_GENERATION,,triangle-strategy
32,MS19B_X43_A1_0010_M_BND_0060.wav,MS19B_X43_A1_0010_M_BND_0060,32,32,32,33,Benedict,main,male,benedict,assets/triangle-strategy/approved_voice_references/benedict.wav,ไม่จำเป็นหรอก ข้าเป็นเพียงคนต่ำช้าที่หลอกใช้ท่านเพื่อประโยชน์ส่วนตน,,,PENDING_MANUAL_GENERATION,,triangle-strategy
33,MS19B_X43_A1_0010_M_BND_0070.wav,MS19B_X43_A1_0010_M_BND_0070,33,33,33,34,Benedict,main,male,benedict,assets/triangle-strategy/approved_voice_references/benedict.wav,ข้าไม่เคยสนใจชะตากรรมนอร์เซเลีย ข้าขับไล่องค์ชายโรแลนด์ที่ขัดขวางวิสัยทัศน์ของข้า...,,,PENDING_MANUAL_GENERATION,,triangle-strategy
34,MS19B_X43_A1_0010_M_BND_0080.wav,MS19B_X43_A1_0010_M_BND_0080,34,34,34,35,Benedict,main,male,benedict,assets/triangle-strategy/approved_voice_references/benedict.wav,ที่ข้าทำไปก็เพื่อล้างแค้นให้ท่านหญิง เพราะฝ่าบาทเร็กน่ากับลอร์ดซีมอนปฏิบัติกับนางไม่ต่างจากสิ่งของ และข้าทำได้แค่เพียงนิ่งดูดาย!,,,PENDING_MANUAL_GENERATION,,triangle-strategy
35,MS19B_X43_A1_0010_M_BND_0090.wav,MS19B_X43_A1_0010_M_BND_0090,35,35,35,36,Benedict,main,male,benedict,assets/triangle-strategy/approved_voice_references/benedict.wav,ข้าแค่อยากปลอบใจตัวเองที่ช่วยนางไม่ได้เมื่อหลายปีก่อน...,,,PENDING_MANUAL_GENERATION,,triangle-strategy
36,MS19B_X43_A1_0010_M_BND_0100.wav,MS19B_X43_A1_0010_M_BND_0100,36,36,36,37,Benedict,main,male,benedict,assets/triangle-strategy/approved_voice_references/benedict.wav,ข้าเพียงต้องการคำชื่นชมจากนางเท่านั้นเอง...,,,PENDING_MANUAL_GENERATION,,triangle-strategy
37,MS19B_X43_A1_0010_M_BND_0110.wav,MS19B_X43_A1_0010_M_BND_0110,37,37,37,38,Benedict,main,male,benedict,assets/triangle-strategy/approved_voice_references/benedict.wav,อยากได้ยินจากปาก ว่าข้าทำดีแล้ว...,,,PENDING_MANUAL_GENERATION,,triangle-strategy
38,MS19B_X43_A1_0010_M_BND_0130.wav,MS19B_X43_A1_0010_M_BND_0130,39,39,39,40,Benedict,main,male,benedict,assets/triangle-strategy/approved_voice_references/benedict.wav,ลอร์ดเซเรโนอา...,,,PENDING_MANUAL_GENERATION,,triangle-strategy
39,MS19B_X43_A1_0010_M_BND_0140.wav,MS19B_X43_A1_0010_M_BND_0140,40,40,40,41,Benedict,main,male,benedict,assets/triangle-strategy/approved_voice_references/benedict.wav,ไม่มีผู้ใดสมควรได้รับมันนอกจากท่านแล้วขอรับ,,,PENDING_MANUAL_GENERATION,,triangle-strategy
40,MS19B_X43_A1_0010_M_BND_0150.wav,MS19B_X43_A1_0010_M_BND_0150,41,41,41,42,Benedict,main,male,benedict,assets/triangle-strategy/approved_voice_references/benedict.wav,ข้าจะช่วยท่านสุดความสามารถ ตราบที่ข้ายังมีลมหายใจ,,,PENDING_MANUAL_GENERATION,,triangle-strategy
41,MS19B_X43_A1_0010_M_SEL_0010.wav,MS19B_X43_A1_0010_M_SEL_0010,42,42,42,43,Serenoa,main,male,serenoa,assets/triangle-strategy/approved_voice_references/serenoa.wav,ข้าไม่ให้ท่านปลิดชีพตัวเองหรอก เบเนดิกต์,,,PENDING_MANUAL_GENERATION,,triangle-strategy
42,MS19B_X43_A1_0010_M_SEL_0020.wav,MS19B_X43_A1_0010_M_SEL_0020,43,43,43,44,Serenoa,main,male,serenoa,assets/triangle-strategy/approved_voice_references/serenoa.wav,ท่านฟังไม่ชัดหรือไง? ข้ากำลังห้ามท่าน อย่าตัดสินใจบ้าๆเช่นนี้,,,PENDING_MANUAL_GENERATION,,triangle-strategy
43,MS19B_X43_A1_0010_M_SEL_0030.wav,MS19B_X43_A1_0010_M_SEL_0030,44,44,44,45,Serenoa,main,male,serenoa,assets/triangle-strategy/approved_voice_references/serenoa.wav,ข้าต้องการให้ท่านอยู่เคียงข้างขอรับ,,,PENDING_MANUAL_GENERATION,,triangle-strategy
44,MS19B_X43_A1_0010_M_SEL_0040.wav,MS19B_X43_A1_0010_M_SEL_0040,45,45,45,46,Serenoa,main,male,serenoa,assets/triangle-strategy/approved_voice_references/serenoa.wav,ท่านทำดีแล้ว เบเนดิกต์,,,PENDING_MANUAL_GENERATION,,triangle-strategy
45,MS19B_X43_A1_0010_M_SEL_0050.wav,MS19B_X43_A1_0010_M_SEL_0050,46,46,46,47,Serenoa,main,male,serenoa,assets/triangle-strategy/approved_voice_references/serenoa.wav,ข้าเข้าใจท่านนะ เพราะตอนนี้ข้าก็รู้สึกไม่ต่างกัน,,,PENDING_MANUAL_GENERATION,,triangle-strategy
46,MS19B_X43_A1_0010_M_SEL_0060.wav,MS19B_X43_A1_0010_M_SEL_0060,47,47,47,48,Serenoa,main,male,serenoa,assets/triangle-strategy/approved_voice_references/serenoa.wav,ข้าปรารถนาจะชี้นำนอร์เซเลียสู่ยุคแห่งสันติจริงๆ,,,PENDING_MANUAL_GENERATION,,triangle-strategy
47,MS19B_X43_A1_0010_M_SEL_0070.wav,MS19B_X43_A1_0010_M_SEL_0070,48,48,48,49,Serenoa,main,male,serenoa,assets/triangle-strategy/approved_voice_references/serenoa.wav,ข้าแค่อยากพิสูจน์ว่าตนนั้นคู่ควรกับการเป็นผู้นำตระกูล ก่อนที่จะต้องแบกรับภาระจากทั้งทวีป,,,PENDING_MANUAL_GENERATION,,triangle-strategy
48,MS19B_X43_A1_0010_M_SEL_0080.wav,MS19B_X43_A1_0010_M_SEL_0080,49,49,49,50,Serenoa,main,male,serenoa,assets/triangle-strategy/approved_voice_references/serenoa.wav,นั่นคือเหตุผลที่ข้ามาถึงจุดนี้ได้,,,PENDING_MANUAL_GENERATION,,triangle-strategy
49,MS19B_X43_A1_0010_M_SEL_0090.wav,MS19B_X43_A1_0010_M_SEL_0090,50,50,50,51,Serenoa,main,male,serenoa,assets/triangle-strategy/approved_voice_references/serenoa.wav,ไม่ว่าจะเป็นท่านแม่ ท่านพ่อ โรแลนด์และเฟรเดอริก้า บริวารทั้งหลาย...,,,PENDING_MANUAL_GENERATION,,triangle-strategy
50,MS19B_X43_A1_0010_M_SEL_0100.wav,MS19B_X43_A1_0010_M_SEL_0100,51,51,51,52,Serenoa,main,male,serenoa,assets/triangle-strategy/approved_voice_references/serenoa.wav,รวมถึงท่านด้วย เบเนดิกต์... ที่ข้าทำไปก็เพราะอยากพิสูจน์ตนให้พวกท่านเห็น,,,PENDING_MANUAL_GENERATION,,triangle-strategy
51,MS19B_X43_A1_0010_M_SEL_0110.wav,MS19B_X43_A1_0010_M_SEL_0110,52,52,52,53,Serenoa,main,male,serenoa,assets/triangle-strategy/approved_voice_references/serenoa.wav,พวกเราไม่มีทางรู้อนาคตตัวเองได้หรอก ในเมื่อข้าเป็นคนที่คอยชี้นำ...ข้าจะสู้ต่อไป เพื่อไม่ให้ผู้อื่นต้องหลงทาง,,,PENDING_MANUAL_GENERATION,,triangle-strategy
52,MS19B_X43_A1_0010_M_SEL_0120.wav,MS19B_X43_A1_0010_M_SEL_0120,53,53,53,54,Serenoa,main,male,serenoa,assets/triangle-strategy/approved_voice_references/serenoa.wav,ข้าถามหน่อยสิ เบเนดิกต์... คนอย่างข้าไม่สมควรได้รับการสนับสนุนจากท่านเหรอ?,,,PENDING_MANUAL_GENERATION,,triangle-strategy
53,MS19B_X43_A1_1010_F_M348_0010.wav,MS19B_X43_A1_1010_F_M348_0010,54,54,54,55,หญิงชาวเมือง / ทหาร / ผู้ติดตาม,generic,female,FEMALE_ADULT_B,assets/triangle-strategy/approved_voice_references/FEMALE_ADULT_B.wav,ท่านภราดรเจ้าคะ... ท่านคือผู้กอบกู้ในยามสิ้นหวังของพวกเรา...,,,PENDING_MANUAL_GENERATION,,triangle-strategy
54,MS19B_X43_A1_1010_F_M349_0010.wav,MS19B_X43_A1_1010_F_M349_0010,55,55,55,56,หญิงชาวเมือง / ทหาร / ผู้ติดตาม,generic,female,FEMALE_YOUNG_A,assets/triangle-strategy/approved_voice_references/FEMALE_YOUNG_A.wav,ชาวเมืองยิ่งวันยิ่งขัดสน พวกเราต้องหาขนมปังมาประทังชีวิตพวกเขา,,,PENDING_MANUAL_GENERATION,,triangle-strategy
55,MS19B_X43_A1_1010_F_M349_0020.wav,MS19B_X43_A1_1010_F_M349_0020,56,56,56,57,หญิงชาวเมือง / ทหาร / ผู้ติดตาม,generic,female,FEMALE_YOUNG_A,assets/triangle-strategy/approved_voice_references/FEMALE_YOUNG_A.wav,ในขณะที่ขุนนางและพ่อค้ากอบโกยกำไรเข้าตัวจากภาษีเกลือทุกวัน...,,,PENDING_MANUAL_GENERATION,,triangle-strategy
56,MS19B_X43_A1_1010_F_M349_0030.wav,MS19B_X43_A1_1010_F_M349_0030,57,57,57,58,หญิงชาวเมือง / ทหาร / ผู้ติดตาม,generic,female,FEMALE_YOUNG_A,assets/triangle-strategy/approved_voice_references/FEMALE_YOUNG_A.wav,ขอรับ...?,,,PENDING_MANUAL_GENERATION,,triangle-strategy
57,MS19B_X43_A1_1010_M_M350_0010.wav,MS19B_X43_A1_1010_M_M350_0010,58,58,58,59,ชายชาวเมือง / ทหาร / ผู้ติดตาม,generic,male,MALE_ADULT_A,assets/triangle-strategy/approved_voice_references/MALE_ADULT_A.wav,ใครก็ได้... ช่วยข้าด้วย...,,,PENDING_MANUAL_GENERATION,,triangle-strategy
58,MS19B_X43_A1_1010_M_M350_0020.wav,MS19B_X43_A1_1010_M_M350_0020,59,59,59,60,ชายชาวเมือง / ทหาร / ผู้ติดตาม,generic,male,MALE_ADULT_A,assets/triangle-strategy/approved_voice_references/MALE_ADULT_A.wav,โอ้... ตายจริง... ท่านอยู่นี่เองสินะ...,,,PENDING_MANUAL_GENERATION,,triangle-strategy
59,MS19B_X43_A1_1010_M_M350_0030.wav,MS19B_X43_A1_1010_M_M350_0030,60,60,60,61,ชายชาวเมือง / ทหาร / ผู้ติดตาม,generic,male,MALE_ADULT_A,assets/triangle-strategy/approved_voice_references/MALE_ADULT_A.wav,ช่วยสวดให้ข้าด้วยนะขอรับ... นัยน์ตาของท่าน...ช่างสวยงามเหลือเกิน...,,,PENDING_MANUAL_GENERATION,,triangle-strategy
60,MS19B_X43_A1_1010_M_RLN_0010.wav,MS19B_X43_A1_1010_M_RLN_0010,61,61,61,62,Roland,main,male,roland,assets/triangle-strategy/approved_voice_references/roland.wav,ขออภัยด้วยนะ เกรงว่าเสบียงวันนี้จะหมดแล้วล่ะ...,,,PENDING_MANUAL_GENERATION,,triangle-strategy
61,MS19B_X43_A1_1010_M_RLN_0020.wav,MS19B_X43_A1_1010_M_RLN_0020,62,62,62,63,Roland,main,male,roland,assets/triangle-strategy/approved_voice_references/roland.wav,พรุ่งนี้ข้าจะหามาให้อีก,,,PENDING_MANUAL_GENERATION,,triangle-strategy
62,MS19B_X43_A1_1010_M_RLN_0030.wav,MS19B_X43_A1_1010_M_RLN_0030,63,63,63,64,Roland,main,male,roland,assets/triangle-strategy/approved_voice_references/roland.wav,ข้ารับปากว่าจะไม่มีวันทอดทิ้งพวกท่านเลย เข้มแข็งเข้าไว้ล่ะ,,,PENDING_MANUAL_GENERATION,,triangle-strategy
63,MS19B_X43_A1_1010_M_RLN_0040.wav,MS19B_X43_A1_1010_M_RLN_0040,64,64,64,65,Roland,main,male,roland,assets/triangle-strategy/approved_voice_references/roland.wav,พวกเราขาดแคลนทั้งอาหาร เสื้อผ้า เตียงนอน และยา...,,,PENDING_MANUAL_GENERATION,,triangle-strategy
64,MS19B_X43_A1_1010_M_RLN_0050.wav,MS19B_X43_A1_1010_M_RLN_0050,65,65,65,66,Roland,main,male,roland,assets/triangle-strategy/approved_voice_references/roland.wav,อีกไม่ช้าเมืองทรุดโทรมของเราก็จะเต็มไปด้วยโรคระบาด,,,PENDING_MANUAL_GENERATION,,triangle-strategy
65,MS19B_X43_A1_1010_M_RLN_0060.wav,MS19B_X43_A1_1010_M_RLN_0060,66,66,66,67,Roland,main,male,roland,assets/triangle-strategy/approved_voice_references/roland.wav,ข้ามาช่วยแล้ว ไม่เป็นไรนะ,,,PENDING_MANUAL_GENERATION,,triangle-strategy
66,MS19B_X43_A1_1010_M_RLN_0080.wav,MS19B_X43_A1_1010_M_RLN_0080,68,68,68,69,Roland,main,male,roland,assets/triangle-strategy/approved_voice_references/roland.wav,ขอให้เขาไปสู่สุคติ...,,,PENDING_MANUAL_GENERATION,,triangle-strategy
67,MS19B_X43_A1_1010_M_RLN_0090.wav,MS19B_X43_A1_1010_M_RLN_0090,69,69,69,70,Roland,main,male,roland,assets/triangle-strategy/approved_voice_references/roland.wav,...ข้าได้ยินแล้ว,,,PENDING_MANUAL_GENERATION,,triangle-strategy
68,MS19B_X43_A1_1010_M_RLN_0100.wav,MS19B_X43_A1_1010_M_RLN_0100,70,70,70,71,Roland,main,male,roland,assets/triangle-strategy/approved_voice_references/roland.wav,ข้าได้ยินเสียงของพวกเขาก้องดังชัดเจน เสียงของประชาชนผู้ถูกละทิ้งในนอร์เซเลียแห่งใหม่,,,PENDING_MANUAL_GENERATION,,triangle-strategy
69,MS19B_X43_A1_1010_M_RLN_0110.wav,MS19B_X43_A1_1010_M_RLN_0110,71,71,71,72,Roland,main,male,roland,assets/triangle-strategy/approved_voice_references/roland.wav,แม้ตอนนี้เสียงพวกเขาจะเปรียบดังฝนพรำ แต่อีกไม่ช้ามันจะกลายเป็นพายุโหมกระหน่ำไปทั่วทวีป,,,PENDING_MANUAL_GENERATION,,triangle-strategy
70,MS19B_X43_A1_1010_M_RLN_0120.wav,MS19B_X43_A1_1010_M_RLN_0120,72,72,72,73,Roland,main,male,roland,assets/triangle-strategy/approved_voice_references/roland.wav,แล้วเจ้าล่ะ...ได้ยินหรือเปล่า เซเรโนอา?,,,PENDING_MANUAL_GENERATION,,triangle-strategy
71,MS19B_X43_A1_1010_M_RLN_0130.wav,MS19B_X43_A1_1010_M_RLN_0130,73,73,73,74,Roland,main,male,roland,assets/triangle-strategy/approved_voice_references/roland.wav,เสียงของพวกเขา...รวมถึงเสียงของข้าด้วย,,,PENDING_MANUAL_GENERATION,,triangle-strategy
72,MS19B_X43_BATTLE_01_AFTER_M_BND_0010.wav,MS19B_X43_BATTLE_01_AFTER_M_BND_0010,74,74,74,75,Benedict,main,male,benedict,assets/triangle-strategy/approved_voice_references/benedict.wav,นายท่าน พวกเขากำลังเตรียมยิงปืนใหญ่แล้ว รีบไปรวมทัพกับเอสฟรอสต์ด่วนขอรับ,,,PENDING_MANUAL_GENERATION,,triangle-strategy
73,MS19B_X43_BATTLE_01_AFTER_M_EGS_0010.wav,MS19B_X43_BATTLE_01_AFTER_M_EGS_0010,75,75,75,76,Exharme,npc,male,exharme,assets/triangle-strategy/approved_voice_references/exharme.wav,ฮึ่ม...​ ศึกนี้จะสิ้นสุดลงได้... เมื่อข้าสิ้นลม!,,,PENDING_MANUAL_GENERATION,,triangle-strategy
74,MS19B_X43_BATTLE_01_AFTER_M_EGS_0020.wav,MS19B_X43_BATTLE_01_AFTER_M_EGS_0020,76,76,76,77,Exharme,npc,male,exharme,assets/triangle-strategy/approved_voice_references/exharme.wav,แน่จริงก็เข้ามา เซเรโนอา วูล์ฟฟอร์ต!,,,PENDING_MANUAL_GENERATION,,triangle-strategy
75,MS19B_X43_BATTLE_01_AFTER_M_EGS_0030.wav,MS19B_X43_BATTLE_01_AFTER_M_EGS_0030,77,77,77,78,Exharme,npc,male,exharme,assets/triangle-strategy/approved_voice_references/exharme.wav,ชิ... ข้ามือตกหรือไงกัน? ทั้งที่ข้ามีปัญญาชนะผู้อื่นมาโดยตลอดแท้ๆ...,,,PENDING_MANUAL_GENERATION,,triangle-strategy
76,MS19B_X43_BATTLE_01_AFTER_M_EGS_0040.wav,MS19B_X43_BATTLE_01_AFTER_M_EGS_0040,78,78,78,79,Exharme,npc,male,exharme,assets/triangle-strategy/approved_voice_references/exharme.wav,เหอะ งั้นเหรอ... ใช้ประโยชน์จากบริวารมากความสามารถสินะ...,,,PENDING_MANUAL_GENERATION,,triangle-strategy
77,MS19B_X43_BATTLE_01_AFTER_M_EGS_0050.wav,MS19B_X43_BATTLE_01_AFTER_M_EGS_0050,79,79,79,80,Exharme,npc,male,exharme,assets/triangle-strategy/approved_voice_references/exharme.wav,เพราะแบบนี้เอง เราจึงแตกต่างกัน...,,,PENDING_MANUAL_GENERATION,,triangle-strategy
78,MS19B_X43_BATTLE_01_AFTER_M_SEL_0010.wav,MS19B_X43_BATTLE_01_AFTER_M_SEL_0010,80,80,80,81,Serenoa,main,male,serenoa,assets/triangle-strategy/approved_voice_references/serenoa.wav,ศึกครั้งนี้จบลงแล้ว รัฐมนตรีเอกซ์เฮม หวังว่าท่านคงเข้าใจนะขอรับ,,,PENDING_MANUAL_GENERATION,,triangle-strategy
79,MS19B_X43_BATTLE_01_AFTER_M_SEL_0020.wav,MS19B_X43_BATTLE_01_AFTER_M_SEL_0020,81,81,81,82,Serenoa,main,male,serenoa,assets/triangle-strategy/approved_voice_references/serenoa.wav,อาจจะเป็นเช่นนั้นก็จริง,,,PENDING_MANUAL_GENERATION,,triangle-strategy
80,MS19B_X43_BATTLE_01_AFTER_M_SEL_0030.wav,MS19B_X43_BATTLE_01_AFTER_M_SEL_0030,82,82,82,83,Serenoa,main,male,serenoa,assets/triangle-strategy/approved_voice_references/serenoa.wav,แต่เหนือสิ่งอื่นใด คือข้ามีสหายผู้ซื่อสัตย์คอยอยู่เคียงข้างต่างหากล่ะ,,,PENDING_MANUAL_GENERATION,,triangle-strategy
81,MS19B_X43_BATTLE_01_AFTER_M_SEL_0040.wav,MS19B_X43_BATTLE_01_AFTER_M_SEL_0040,83,83,83,84,Serenoa,main,male,serenoa,assets/triangle-strategy/approved_voice_references/serenoa.wav,ตัวข้าคนเดียวคงไม่สามารถเอาชนะท่านได้หรอก เว้นเสียแต่เราวูล์ฟฟอร์ตจะร่วมมือกัน,,,PENDING_MANUAL_GENERATION,,triangle-strategy
82,MS19B_X43_BATTLE_01_AFTER_M_SEL_0050.wav,MS19B_X43_BATTLE_01_AFTER_M_SEL_0050,84,84,84,85,Serenoa,main,male,serenoa,assets/triangle-strategy/approved_voice_references/serenoa.wav,ผิดแล้วล่ะ พวกเราทั้งคู่เหมือนกันขอรับ,,,PENDING_MANUAL_GENERATION,,triangle-strategy
83,MS19B_X43_BATTLE_01_AFTER_M_SEL_0060.wav,MS19B_X43_BATTLE_01_AFTER_M_SEL_0060,85,85,85,86,Serenoa,main,male,serenoa,assets/triangle-strategy/approved_voice_references/serenoa.wav,ไปฝั่งใต้สินะ เรามายุติสงครามด้วยกันเถอะ,,,PENDING_MANUAL_GENERATION,,triangle-strategy
84,MS19B_X43_BATTLE_01_BEFORE_M_BND_0010.wav,MS19B_X43_BATTLE_01_BEFORE_M_BND_0010,86,86,86,87,Benedict,main,male,benedict,assets/triangle-strategy/approved_voice_references/benedict.wav,ทางสายสืบรายงานว่าแผนดึงความสนใจของเราประสบความสำเร็จ แต่คงซื้อเวลาได้ไม่นานนัก,,,PENDING_MANUAL_GENERATION,,triangle-strategy
85,MS19B_X43_BATTLE_01_BEFORE_M_BND_0020.wav,MS19B_X43_BATTLE_01_BEFORE_M_BND_0020,87,87,87,88,Benedict,main,male,benedict,assets/triangle-strategy/approved_voice_references/benedict.wav,เป็นวิธีที่น่าสนใจ แต่ต้องมีความรอบคอบขอรับ,,,PENDING_MANUAL_GENERATION,,triangle-strategy
86,MS19B_X43_BATTLE_01_BEFORE_M_BND_0030.wav,MS19B_X43_BATTLE_01_BEFORE_M_BND_0030,88,88,88,89,Benedict,main,male,benedict,assets/triangle-strategy/approved_voice_references/benedict.wav,แล้วจะทำไม? เขาต้องรู้สึกผิดด้วยเหรอ!?,,,PENDING_MANUAL_GENERATION,,triangle-strategy
87,MS19B_X43_BATTLE_01_BEFORE_M_BND_0040.wav,MS19B_X43_BATTLE_01_BEFORE_M_BND_0040,89,89,89,90,Benedict,main,male,benedict,assets/triangle-strategy/approved_voice_references/benedict.wav,ประชาชนต้องการผู้นำที่มีจุดยืนชัดเจน! ไม่ใช่หัวหน้านักบวชจอมปลอมที่ล้างสมองด้วยรูปเคารพ!,,,PENDING_MANUAL_GENERATION,,triangle-strategy
88,MS19B_X43_BATTLE_01_BEFORE_M_BND_0050.wav,MS19B_X43_BATTLE_01_BEFORE_M_BND_0050,90,90,90,91,Benedict,main,male,benedict,assets/triangle-strategy/approved_voice_references/benedict.wav,แสดงว่าท่านไม่สนใจสิ่งใดนอกจากศักดิ์ศรีของตัวเองงั้นรึ?,,,PENDING_MANUAL_GENERATION,,triangle-strategy
89,MS19B_X43_BATTLE_01_BEFORE_M_BND_0070.wav,MS19B_X43_BATTLE_01_BEFORE_M_BND_0070,92,92,92,93,Benedict,main,male,benedict,assets/triangle-strategy/approved_voice_references/benedict.wav,ตามบัญชาขอรับ!,,,PENDING_MANUAL_GENERATION,,triangle-strategy
90,MS19B_X43_BATTLE_01_BEFORE_M_EGS_0010.wav,MS19B_X43_BATTLE_01_BEFORE_M_EGS_0010,93,93,93,94,Exharme,npc,male,exharme,assets/triangle-strategy/approved_voice_references/exharme.wav,หมายความว่ายังไงกัน รัฐมนตรีเซเรโนอา,,,PENDING_MANUAL_GENERATION,,triangle-strategy
91,MS19B_X43_BATTLE_01_BEFORE_M_EGS_0020.wav,MS19B_X43_BATTLE_01_BEFORE_M_EGS_0020,94,94,94,95,Exharme,npc,male,exharme,assets/triangle-strategy/approved_voice_references/exharme.wav,ทั้งที่เป็นผู้ศักดิ์สิทธิ์แท้ๆ แต่กลับหันดาบเข้าหาไฮแซนต์เสียได้,,,PENDING_MANUAL_GENERATION,,triangle-strategy
92,MS19B_X43_BATTLE_01_BEFORE_M_EGS_0030.wav,MS19B_X43_BATTLE_01_BEFORE_M_EGS_0030,95,95,95,96,Exharme,npc,male,exharme,assets/triangle-strategy/approved_voice_references/exharme.wav,ฮ่าๆๆ ช่างสรรหาคำพูดเหลือเกิน,,,PENDING_MANUAL_GENERATION,,triangle-strategy
93,MS19B_X43_BATTLE_01_BEFORE_M_EGS_0040.wav,MS19B_X43_BATTLE_01_BEFORE_M_EGS_0040,96,96,96,97,Exharme,npc,male,exharme,assets/triangle-strategy/approved_voice_references/exharme.wav,แท้จริงแล้ว ท่านเพียงแค่กระหายอำนาจเหนือหัวหน้านักบวชใช่ไหมล่ะ?,,,PENDING_MANUAL_GENERATION,,triangle-strategy
94,MS19B_X43_BATTLE_01_BEFORE_M_EGS_0050.wav,MS19B_X43_BATTLE_01_BEFORE_M_EGS_0050,97,97,97,98,Exharme,npc,male,exharme,assets/triangle-strategy/approved_voice_references/exharme.wav,อ้า... เจ้าเองสินะที่คอยบงการอยู่เบื้องหลัง,,,PENDING_MANUAL_GENERATION,,triangle-strategy
95,MS19B_X43_BATTLE_01_BEFORE_M_EGS_0060.wav,MS19B_X43_BATTLE_01_BEFORE_M_EGS_0060,98,98,98,99,Exharme,npc,male,exharme,assets/triangle-strategy/approved_voice_references/exharme.wav,ยุคทองนอร์เซเลียงั้นเหรอ...?,,,PENDING_MANUAL_GENERATION,,triangle-strategy
96,MS19B_X43_BATTLE_01_BEFORE_M_EGS_0070.wav,MS19B_X43_BATTLE_01_BEFORE_M_EGS_0070,99,99,99,100,Exharme,npc,male,exharme,assets/triangle-strategy/approved_voice_references/exharme.wav,ข้าเคารพนับถือท่านมาโดยตลอด และข้าสนใจในวิสัยทัศน์ที่ท่านมีต่อดินแดนของเรา,,,PENDING_MANUAL_GENERATION,,triangle-strategy
97,MS19B_X43_BATTLE_01_BEFORE_M_EGS_0080.wav,MS19B_X43_BATTLE_01_BEFORE_M_EGS_0080,100,100,100,101,Exharme,npc,male,exharme,assets/triangle-strategy/approved_voice_references/exharme.wav,ไม่,,,PENDING_MANUAL_GENERATION,,triangle-strategy
98,MS19B_X43_BATTLE_01_BEFORE_M_EGS_0090.wav,MS19B_X43_BATTLE_01_BEFORE_M_EGS_0090,101,101,101,102,Exharme,npc,male,exharme,assets/triangle-strategy/approved_voice_references/exharme.wav,จริงอยู่ที่ข้าไม่เห็นด้วยในสิ่งที่ไฮแซนต์ทำ,,,PENDING_MANUAL_GENERATION,,triangle-strategy
99,MS19B_X43_BATTLE_01_BEFORE_M_EGS_0100.wav,MS19B_X43_BATTLE_01_BEFORE_M_EGS_0100,102,102,102,103,Exharme,npc,male,exharme,assets/triangle-strategy/approved_voice_references/exharme.wav,ข้าก็อยากทำลายอิทธิพลของเทพธิดาและหลักคำสอนของนางเช่นกัน,,,PENDING_MANUAL_GENERATION,,triangle-strategy
100,MS19B_X43_BATTLE_01_BEFORE_M_EGS_0110.wav,MS19B_X43_BATTLE_01_BEFORE_M_EGS_0110,103,103,103,104,Exharme,npc,male,exharme,assets/triangle-strategy/approved_voice_references/exharme.wav,เพราะข้าไม่ต้องการพึ่งพาใคร หากการเปลี่ยนแปลงไม่ได้เกิดขึ้นจากตัวข้า คนอื่นก็อย่าได้หวัง,,,PENDING_MANUAL_GENERATION,,triangle-strategy
101,MS19B_X43_BATTLE_01_BEFORE_M_EGS_0120.wav,MS19B_X43_BATTLE_01_BEFORE_M_EGS_0120,104,104,104,105,Exharme,npc,male,exharme,assets/triangle-strategy/approved_voice_references/exharme.wav,ข้ามีปัญญากำราบข้าศึกและปกครองนอร์เซเลียด้วยตัวเองเพียงผู้เดียว,,,PENDING_MANUAL_GENERATION,,triangle-strategy
102,MS19B_X43_BATTLE_01_BEFORE_M_EGS_0130.wav,MS19B_X43_BATTLE_01_BEFORE_M_EGS_0130,105,105,105,106,Exharme,npc,male,exharme,assets/triangle-strategy/approved_voice_references/exharme.wav,หากข้าพึ่งพาคนอื่น มันคงพิสูจน์สิ่งนั้นของงข้าไม่ได้,,,PENDING_MANUAL_GENERATION,,triangle-strategy
103,MS19B_X43_BATTLE_01_BEFORE_M_EGS_0140.wav,MS19B_X43_BATTLE_01_BEFORE_M_EGS_0140,106,106,106,107,Exharme,npc,male,exharme,assets/triangle-strategy/approved_voice_references/exharme.wav,เอาง่ายๆ ก็คงใช่ แต่เจ้าก็คงรู้สึกเช่นนั้นเหมือนกันถูกไหมล่ะ,,,PENDING_MANUAL_GENERATION,,triangle-strategy
104,MS19B_X43_BATTLE_01_BEFORE_M_EGS_0150.wav,MS19B_X43_BATTLE_01_BEFORE_M_EGS_0150,107,107,107,108,Exharme,npc,male,exharme,assets/triangle-strategy/approved_voice_references/exharme.wav,ด้วยความยินดี,,,PENDING_MANUAL_GENERATION,,triangle-strategy
105,MS19B_X43_BATTLE_01_BEFORE_M_EGS_0160.wav,MS19B_X43_BATTLE_01_BEFORE_M_EGS_0160,108,108,108,109,Exharme,npc,male,exharme,assets/triangle-strategy/approved_voice_references/exharme.wav,มันคือศึกชี้ชะตาตัดสินผู้ปกครองนอร์เซเลียสินะ,,,PENDING_MANUAL_GENERATION,,triangle-strategy
106,MS19B_X43_BATTLE_01_BEFORE_M_SEL_0010.wav,MS19B_X43_BATTLE_01_BEFORE_M_SEL_0010,109,109,109,110,Serenoa,main,male,serenoa,assets/triangle-strategy/approved_voice_references/serenoa.wav,กองทัพเอกซ์เฮมโผล่หัวมาแล้วสินะ แล้วปืนใหญ่เป็นยังไงบ้าง เบเนดิกต์?,,,PENDING_MANUAL_GENERATION,,triangle-strategy
107,MS19B_X43_BATTLE_01_BEFORE_M_SEL_0020.wav,MS19B_X43_BATTLE_01_BEFORE_M_SEL_0020,110,110,110,111,Serenoa,main,male,serenoa,assets/triangle-strategy/approved_voice_references/serenoa.wav,เราต้องการเวลามากกว่านี้...,,,PENDING_MANUAL_GENERATION,,triangle-strategy
108,MS19B_X43_BATTLE_01_BEFORE_M_SEL_0030.wav,MS19B_X43_BATTLE_01_BEFORE_M_SEL_0030,111,111,111,112,Serenoa,main,male,serenoa,assets/triangle-strategy/approved_voice_references/serenoa.wav,รัฐมนตรีเอกซ์เฮมเขาไม่เหมือนใคร ข้าคิดว่าเราเจรจากับเขาได้,,,PENDING_MANUAL_GENERATION,,triangle-strategy
109,MS19B_X43_BATTLE_01_BEFORE_M_SEL_0040.wav,MS19B_X43_BATTLE_01_BEFORE_M_SEL_0040,112,112,112,113,Serenoa,main,male,serenoa,assets/triangle-strategy/approved_voice_references/serenoa.wav,ข้าไม่อยากกลับมาพบท่านในสถานการณ์เช่นนี้เลย รัฐมนตรีเอกซ์เฮม,,,PENDING_MANUAL_GENERATION,,triangle-strategy
110,MS19B_X43_BATTLE_01_BEFORE_M_SEL_0050.wav,MS19B_X43_BATTLE_01_BEFORE_M_SEL_0050,113,113,113,114,Serenoa,main,male,serenoa,assets/triangle-strategy/approved_voice_references/serenoa.wav,รัฐศักดิ์สิทธิ์ผูกขาดเกลือจนเดือดร้อนกันไปทั่วแล้วขอรับ,,,PENDING_MANUAL_GENERATION,,triangle-strategy
111,MS19B_X43_BATTLE_01_BEFORE_M_SEL_0060.wav,MS19B_X43_BATTLE_01_BEFORE_M_SEL_0060,114,114,114,115,Serenoa,main,male,serenoa,assets/triangle-strategy/approved_voice_references/serenoa.wav,ข้าจะไม่นิ่งดูดาย และปล่อยให้นอร์เซเลียต้องติดอยู่ในห่วงโซ่เผด็จการเช่นนี้หรอกนะ,,,PENDING_MANUAL_GENERATION,,triangle-strategy
112,MS19B_X43_BATTLE_01_BEFORE_M_SEL_0080.wav,MS19B_X43_BATTLE_01_BEFORE_M_SEL_0080,116,116,116,117,Serenoa,main,male,serenoa,assets/triangle-strategy/approved_voice_references/serenoa.wav,ท่านเองก็ไม่ได้ศรัทธาในกฎเกณฑ์ของไฮแซนต์ขนาดนั้นหรอก,,,PENDING_MANUAL_GENERATION,,triangle-strategy
113,MS19B_X43_BATTLE_01_BEFORE_M_SEL_0090.wav,MS19B_X43_BATTLE_01_BEFORE_M_SEL_0090,117,117,117,118,Serenoa,main,male,serenoa,assets/triangle-strategy/approved_voice_references/serenoa.wav,นี่ท่านไม่อยากร่วมพัฒนานอร์เซเลียไปสู่ยุคทอง พร้อมกับพวกเราจริงๆ เหรอ?,,,PENDING_MANUAL_GENERATION,,triangle-strategy
114,MS19B_X43_BATTLE_01_BEFORE_M_SEL_0100.wav,MS19B_X43_BATTLE_01_BEFORE_M_SEL_0100,118,118,118,119,Serenoa,main,male,serenoa,assets/triangle-strategy/approved_voice_references/serenoa.wav,แล้วเราจะสู้กันทำไม มาร่วมมือกันดีกว่าขอรับ!,,,PENDING_MANUAL_GENERATION,,triangle-strategy
115,MS19B_X43_BATTLE_01_BEFORE_M_SEL_0110.wav,MS19B_X43_BATTLE_01_BEFORE_M_SEL_0110,119,119,119,120,Serenoa,main,male,serenoa,assets/triangle-strategy/approved_voice_references/serenoa.wav,แล้วท่านจะปฏิเสธข้าทำไม?,,,PENDING_MANUAL_GENERATION,,triangle-strategy
116,MS19B_X43_BATTLE_01_BEFORE_M_SEL_0120.wav,MS19B_X43_BATTLE_01_BEFORE_M_SEL_0120,120,120,120,121,Serenoa,main,male,serenoa,assets/triangle-strategy/approved_voice_references/serenoa.wav,เช่นนั้นเราคงหมดเรื่องคุยกันแล้วล่ะ,,,PENDING_MANUAL_GENERATION,,triangle-strategy
117,MS19B_X43_BATTLE_01_BEFORE_M_SEL_0130.wav,MS19B_X43_BATTLE_01_BEFORE_M_SEL_0130,121,121,121,122,Serenoa,main,male,serenoa,assets/triangle-strategy/approved_voice_references/serenoa.wav,หากท่านไม่ยอมเปลี่ยนใจ เดี๋ยวจะได้รู้กันว่าความใฝ่สูงของท่าน จะสู้ความศรัทธาของเราได้หรือไม่!,,,PENDING_MANUAL_GENERATION,,triangle-strategy
118,MS19B_X43_BATTLE_01_BEFORE_M_SEL_0140.wav,MS19B_X43_BATTLE_01_BEFORE_M_SEL_0140,122,122,122,123,Serenoa,main,male,serenoa,assets/triangle-strategy/approved_voice_references/serenoa.wav,เราต้องกำราบเขาให้ได้ เบเนดิกต์ ไม่ต้องปรานี!,,,PENDING_MANUAL_GENERATION,,triangle-strategy
119,MS19B_X43_BATTLE_01_DRAMA_M_EGS_0010.wav,MS19B_X43_BATTLE_01_DRAMA_M_EGS_0010,123,123,123,124,Exharme,npc,male,exharme,assets/triangle-strategy/approved_voice_references/exharme.wav,ศึกของความศรัทธาและความมักใหญ่ใฝ่สูงสินะ... สำหรับข้า ท่านนั่นแหละคือผู้ที่ใฝ่สูง,,,PENDING_MANUAL_GENERATION,,triangle-strategy
120,MS19B_X43_BATTLE_01_DRAMA_M_EGS_0020.wav,MS19B_X43_BATTLE_01_DRAMA_M_EGS_0020,124,124,124,125,Exharme,npc,male,exharme,assets/triangle-strategy/approved_voice_references/exharme.wav,แต่ก็ไม่สำคัญหรอก ผู้ชนะจะได้ครอบครองทุกสิ่ง,,,PENDING_MANUAL_GENERATION,,triangle-strategy
121,MS19B_X43_BATTLE_01_DRAMA_M_EGS_0030.wav,MS19B_X43_BATTLE_01_DRAMA_M_EGS_0030,125,125,125,126,Exharme,npc,male,exharme,assets/triangle-strategy/approved_voice_references/exharme.wav,ไหนมาดูกันว่าจะทนศรัทธาเมื่อถูกข้าย่ำยีได้อีกสักกี่น้ำ เซเรโนอา วูล์ฟฟอร์ต!,,,PENDING_MANUAL_GENERATION,,triangle-strategy
122,MS19B_X43_BATTLE_01_DRAMA_M_EGS_0040.wav,MS19B_X43_BATTLE_01_DRAMA_M_EGS_0040,126,126,126,127,Exharme,npc,male,exharme,assets/triangle-strategy/approved_voice_references/exharme.wav,ทหารจากกำแพงฝั่งใต้สินะ! ช่างน่ายินดีเหลือเกิน! ข้าศึกรับมือพวกเราไม่ไหวแน่นอน!,,,PENDING_MANUAL_GENERATION,,triangle-strategy
123,MS19B_X43_BATTLE_01_DRAMA_M_EGS_0050.wav,MS19B_X43_BATTLE_01_DRAMA_M_EGS_0050,127,127,127,128,Exharme,npc,male,exharme,assets/triangle-strategy/approved_voice_references/exharme.wav,ฮ่า... ตราบที่โล่เทพธิดายังยืนหยัดและข้ายังมีลมหายใจ ...ชัยชนะจะไม่มีวันเป็นของพวกเจ้า!,,,PENDING_MANUAL_GENERATION,,triangle-strategy
124,MS19B_X43_BATTLE_01_DRAMA_M_EGS_0060.wav,MS19B_X43_BATTLE_01_DRAMA_M_EGS_0060,128,128,128,129,Exharme,npc,male,exharme,assets/triangle-strategy/approved_voice_references/exharme.wav,ต้องโง่แค่ไหนถึงคิดว่าทัพเล็กจ้อยขนาดนั้นสามารถโค่นโล่เทพธิดาได้ลง,,,PENDING_MANUAL_GENERATION,,triangle-strategy
125,MS19B_X43_BATTLE_01_DRAMA_M_EGS_0070.wav,MS19B_X43_BATTLE_01_DRAMA_M_EGS_0070,129,129,129,130,Exharme,npc,male,exharme,assets/triangle-strategy/approved_voice_references/exharme.wav,ชิ... ไอ้พวกนี้มันลองของ...,,,PENDING_MANUAL_GENERATION,,triangle-strategy
126,MS19B_X43_BATTLE_01_DRAMA_M_EGS_0080.wav,MS19B_X43_BATTLE_01_DRAMA_M_EGS_0080,130,130,130,131,Exharme,npc,male,exharme,assets/triangle-strategy/approved_voice_references/exharme.wav,ไม่จริง! ข้าเก่งกาจกว่าพวกมัน! ข้าแข็งแกร่งกว่า!,,,PENDING_MANUAL_GENERATION,,triangle-strategy
127,MS19B_X43_BATTLE_01_DRAMA_M_EGS_0090.wav,MS19B_X43_BATTLE_01_DRAMA_M_EGS_0090,131,131,131,132,Exharme,npc,male,exharme,assets/triangle-strategy/approved_voice_references/exharme.wav,ข้า... แกร่งไม่พอหรือนี่...,,,PENDING_MANUAL_GENERATION,,triangle-strategy
128,MS19B_X43_BATTLE_01_DRAMA_M_MS19X43B01M02_0010.wav,MS19B_X43_BATTLE_01_DRAMA_M_MS19X43B01M02_0010,132,132,132,133,ชายชาวเมือง / ทหาร / ผู้ติดตาม,generic,male,MALE_ADULT_C,assets/triangle-strategy/approved_voice_references/MALE_ADULT_C.wav,กำลังเสริมมาแล้วขอรับ!,,,PENDING_MANUAL_GENERATION,,triangle-strategy
129,MS19B_X43_BATTLE_01_DRAMA_M_MS19X43B01M03_0010.wav,MS19B_X43_BATTLE_01_DRAMA_M_MS19X43B01M03_0010,133,133,133,134,ชายชาวเมือง / ทหาร / ผู้ติดตาม,generic,male,MALE_YOUNG_A,assets/triangle-strategy/approved_voice_references/MALE_YOUNG_A.wav,พวกเราพร้อมสนับสนุนท่านขอรับ!,,,PENDING_MANUAL_GENERATION,,triangle-strategy
130,MS19B_X43_BATTLE_01_DRAMA_M_SEL_0010.wav,MS19B_X43_BATTLE_01_DRAMA_M_SEL_0010,134,134,134,135,Serenoa,main,male,serenoa,assets/triangle-strategy/approved_voice_references/serenoa.wav,ความศรัทธาไม่เคยทำให้ข้าผิดหวัง หากคิดว่าโค่นข้าลงได้ก็ลองดู!,,,PENDING_MANUAL_GENERATION,,triangle-strategy
131,MS19B_X43_BATTLE_02_AFTER_F_FRE_0010.wav,MS19B_X43_BATTLE_02_AFTER_F_FRE_0010,135,135,135,136,Frederica,main,female,frederica,assets/triangle-strategy/approved_voice_references/frederica.wav,แสดงว่านั่น... คือหัวหน้านักบวชจริงๆ เหรอ,,,PENDING_MANUAL_GENERATION,,triangle-strategy
132,MS19B_X43_BATTLE_02_AFTER_F_FRE_0020.wav,MS19B_X43_BATTLE_02_AFTER_F_FRE_0020,136,136,136,137,Frederica,main,female,frederica,assets/triangle-strategy/approved_voice_references/frederica.wav,ไฮแซนต์ควรเป็นดินแดนที่ได้รับความคุ้มครองจาหเทพธิดา ที่ซึ่งทุกคนมีอิสระและเท่าเทียม...,,,PENDING_MANUAL_GENERATION,,triangle-strategy
133,MS19B_X43_BATTLE_02_AFTER_F_FRE_0030.wav,MS19B_X43_BATTLE_02_AFTER_F_FRE_0030,137,137,137,138,Frederica,main,female,frederica,assets/triangle-strategy/approved_voice_references/frederica.wav,สรุปแล้วตลอดที่ผ่านมา พวกเขาก้มหัวให้ตุ๊กตางั้นเหรอเนี่ย...,,,PENDING_MANUAL_GENERATION,,triangle-strategy
134,MS19B_X43_BATTLE_02_AFTER_F_FRE_0040.wav,MS19B_X43_BATTLE_02_AFTER_F_FRE_0040,138,138,138,139,Frederica,main,female,frederica,assets/triangle-strategy/approved_voice_references/frederica.wav,แล้วพวกโรเซลล์ล่ะ? จบเรื่องนี้...พวกเขาจะเท่าเทียมกับเราแล้วใช่ไหม?,,,PENDING_MANUAL_GENERATION,,triangle-strategy
135,MS19B_X43_BATTLE_02_AFTER_F_LYL_0010.wav,MS19B_X43_BATTLE_02_AFTER_F_LYL_0010,139,139,139,140,Lyla,npc,female,lyla,assets/triangle-strategy/approved_voice_references/lyla.wav,กล้าดียังไงถึงมาโค่นล้มพระองค์กัน... ชักสังหรณ์ว่าไฮแซนต์กำลังจะล่มสลายไปพร้อมกับศาสนา,,,PENDING_MANUAL_GENERATION,,triangle-strategy
136,MS19B_X43_BATTLE_02_AFTER_F_LYL_0020.wav,MS19B_X43_BATTLE_02_AFTER_F_LYL_0020,140,140,140,141,Lyla,npc,female,lyla,assets/triangle-strategy/approved_voice_references/lyla.wav,ใช่แล้วล่ะ ข้าสร้างมันขึ้นมาตามคำสั่งของอีดอร์,,,PENDING_MANUAL_GENERATION,,triangle-strategy
137,MS19B_X43_BATTLE_02_AFTER_F_LYL_0030.wav,MS19B_X43_BATTLE_02_AFTER_F_LYL_0030,141,141,141,142,Lyla,npc,female,lyla,assets/triangle-strategy/approved_voice_references/lyla.wav,เปลือกนอกเป็นมนุษย์ที่มีชีวิตได้ด้วยอำนาจแห่งเอลฟริค,,,PENDING_MANUAL_GENERATION,,triangle-strategy
138,MS19B_X43_BATTLE_02_AFTER_F_LYL_0040.wav,MS19B_X43_BATTLE_02_AFTER_F_LYL_0040,142,142,142,143,Lyla,npc,female,lyla,assets/triangle-strategy/approved_voice_references/lyla.wav,เพราะพระองค์เป็นอมตะ และมีอำนาจเช่นเดียวกับเทพธิดา รับรองว่าไฮแซนต์จะเคารพบูชานางไปชั่วกัปชั่วกัลป์,,,PENDING_MANUAL_GENERATION,,triangle-strategy
139,MS19B_X43_BATTLE_02_AFTER_F_LYL_0050.wav,MS19B_X43_BATTLE_02_AFTER_F_LYL_0050,143,143,143,144,Lyla,npc,female,lyla,assets/triangle-strategy/approved_voice_references/lyla.wav,นั่นคือสิ่งที่อีดอร์พูด,,,PENDING_MANUAL_GENERATION,,triangle-strategy
140,MS19B_X43_BATTLE_02_AFTER_F_LYL_0060.wav,MS19B_X43_BATTLE_02_AFTER_F_LYL_0060,144,144,144,145,Lyla,npc,female,lyla,assets/triangle-strategy/approved_voice_references/lyla.wav,แต่แท้จริงแล้ว นางเป็นเพียงแค่หุ่นเชิดไร้วิญญาณ,,,PENDING_MANUAL_GENERATION,,triangle-strategy
141,MS19B_X43_BATTLE_02_AFTER_F_LYL_0070.wav,MS19B_X43_BATTLE_02_AFTER_F_LYL_0070,145,145,145,146,Lyla,npc,female,lyla,assets/triangle-strategy/approved_voice_references/lyla.wav,เป็นเครื่องมือที่อีดอร์ใช้คุมไฮแซนต์ตามใจนึกยังไงล่ะ,,,PENDING_MANUAL_GENERATION,,triangle-strategy
142,MS19B_X43_BATTLE_02_AFTER_F_LYL_0080.wav,MS19B_X43_BATTLE_02_AFTER_F_LYL_0080,146,146,146,147,Lyla,npc,female,lyla,assets/triangle-strategy/approved_voice_references/lyla.wav,ไปที่นั่นไม่น่าเจออีดอร์หรอก สงสัยคงซื้อเวลาให้ตัวเองหลบหนี,,,PENDING_MANUAL_GENERATION,,triangle-strategy
143,MS19B_X43_BATTLE_02_AFTER_F_LYL_0090.wav,MS19B_X43_BATTLE_02_AFTER_F_LYL_0090,147,147,147,148,Lyla,npc,female,lyla,assets/triangle-strategy/approved_voice_references/lyla.wav,เขาทำสันดานเช่นนี้มาโดยตลอด,,,PENDING_MANUAL_GENERATION,,triangle-strategy
144,MS19B_X43_BATTLE_02_AFTER_F_YRA_0010.wav,MS19B_X43_BATTLE_02_AFTER_F_YRA_0010,148,148,148,149,Geela,main,female,geela,assets/triangle-strategy/approved_voice_references/geela.wav,แล้วเขาจะสร้างตัวน่ารังเกียจพวกนี้ไปทำไม?,,,PENDING_MANUAL_GENERATION,,triangle-strategy
145,MS19B_X43_BATTLE_02_AFTER_M_BND_0010.wav,MS19B_X43_BATTLE_02_AFTER_M_BND_0010,149,149,149,150,Benedict,main,male,benedict,assets/triangle-strategy/approved_voice_references/benedict.wav,จักรกลงั้นเหรอ... ท่านไปได้ยินมาจากไหนล่ะนั่น?,,,PENDING_MANUAL_GENERATION,,triangle-strategy
146,MS19B_X43_BATTLE_02_AFTER_M_BND_0020.wav,MS19B_X43_BATTLE_02_AFTER_M_BND_0020,150,150,150,151,Benedict,main,male,benedict,assets/triangle-strategy/approved_voice_references/benedict.wav,หากประชาชนรู้เรื่องนี้เข้า รับรองว่าจะไม่มีใครสนับสนุนหัวหน้านักบวชเป็นแน่,,,PENDING_MANUAL_GENERATION,,triangle-strategy
147,MS19B_X43_BATTLE_02_AFTER_M_BND_0030.wav,MS19B_X43_BATTLE_02_AFTER_M_BND_0030,151,151,151,152,Benedict,main,male,benedict,assets/triangle-strategy/approved_voice_references/benedict.wav,เผลอๆ พวกเขาอาจจะมาเข้าร่วมกับเราหลังสิ้นสุดสงครามอีกด้วย,,,PENDING_MANUAL_GENERATION,,triangle-strategy
148,MS19B_X43_BATTLE_02_AFTER_M_BND_0040.wav,MS19B_X43_BATTLE_02_AFTER_M_BND_0040,152,152,152,153,Benedict,main,male,benedict,assets/triangle-strategy/approved_voice_references/benedict.wav,...ถูกต้องขอรับ,,,PENDING_MANUAL_GENERATION,,triangle-strategy
149,MS19B_X43_BATTLE_02_AFTER_M_GST_0010.wav,MS19B_X43_BATTLE_02_AFTER_M_GST_0010,153,153,153,154,กุสตาดอล์ฟ,npc,male,gustadolph,assets/triangle-strategy/approved_voice_references/gustadolph.wav,เท่าที่ข้าเคยฟัง รู้สึกว่ามันคือจักรกลนะ,,,PENDING_MANUAL_GENERATION,,triangle-strategy
150,MS19B_X43_BATTLE_02_AFTER_M_GST_0020.wav,MS19B_X43_BATTLE_02_AFTER_M_GST_0020,154,154,154,155,กุสตาดอล์ฟ,npc,male,gustadolph,assets/triangle-strategy/approved_voice_references/gustadolph.wav,แค่นี้จิ๊บจ๊อย พอแคมเซลล์ถูกสังหาร ทัพไฮแซนต์ก็ถอยร่นไปจนเกลี้ยง,,,PENDING_MANUAL_GENERATION,,triangle-strategy
151,MS19B_X43_BATTLE_02_AFTER_M_GST_0030.wav,MS19B_X43_BATTLE_02_AFTER_M_GST_0030,155,155,155,156,กุสตาดอล์ฟ,npc,male,gustadolph,assets/triangle-strategy/approved_voice_references/gustadolph.wav,เชลยศึกน่ะ,,,PENDING_MANUAL_GENERATION,,triangle-strategy
152,MS19B_X43_BATTLE_02_AFTER_M_GST_0040.wav,MS19B_X43_BATTLE_02_AFTER_M_GST_0040,156,156,156,157,กุสตาดอล์ฟ,npc,male,gustadolph,assets/triangle-strategy/approved_voice_references/gustadolph.wav,เมื่อไฮแซนต์ล่มสลาย เขาก็จะกลายเป็นคนแก่ไร้อำนาจพิษสง ไม่ว่าจะหนีไปไหน...เขาก็ทำอะไรไม่ได้หรอก,,,PENDING_MANUAL_GENERATION,,triangle-strategy
153,MS19B_X43_BATTLE_02_AFTER_M_GST_0050.wav,MS19B_X43_BATTLE_02_AFTER_M_GST_0050,157,157,157,158,กุสตาดอล์ฟ,npc,male,gustadolph,assets/triangle-strategy/approved_voice_references/gustadolph.wav,ชัยชนะเป็นของเราแล้ว ฝ่าบาทเซเรโนอา,,,PENDING_MANUAL_GENERATION,,triangle-strategy
154,MS19B_X43_BATTLE_02_AFTER_M_SEL_0010.wav,MS19B_X43_BATTLE_02_AFTER_M_SEL_0010,158,158,158,159,Serenoa,main,male,serenoa,assets/triangle-strategy/approved_voice_references/serenoa.wav,สิ่งมีชีวิตผิดมนุษย์นั่นคืออะไรกัน?,,,PENDING_MANUAL_GENERATION,,triangle-strategy
155,MS19B_X43_BATTLE_02_AFTER_M_SEL_0020.wav,MS19B_X43_BATTLE_02_AFTER_M_SEL_0020,159,159,159,160,Serenoa,main,male,serenoa,assets/triangle-strategy/approved_voice_references/serenoa.wav,อาร์ชดยุก ท่านยังไม่ตาย!,,,PENDING_MANUAL_GENERATION,,triangle-strategy
156,MS19B_X43_BATTLE_02_AFTER_M_SEL_0030.wav,MS19B_X43_BATTLE_02_AFTER_M_SEL_0030,160,160,160,161,Serenoa,main,male,serenoa,assets/triangle-strategy/approved_voice_references/serenoa.wav,ยังเหลือคนคอยบงการอยู่อีกหนึ่งคน เรารีบไปจับกุมเขาในตำหนักกันก่อนดีกว่า,,,PENDING_MANUAL_GENERATION,,triangle-strategy
157,MS19B_X43_BATTLE_02_AFTER_M_SEL_0050.wav,MS19B_X43_BATTLE_02_AFTER_M_SEL_0050,162,162,162,163,Serenoa,main,male,serenoa,assets/triangle-strategy/approved_voice_references/serenoa.wav,ขอให้เป็นเช่นนั้น,,,PENDING_MANUAL_GENERATION,,triangle-strategy
158,MS19B_X43_BATTLE_02_BEFORE_F_FRE_0010.wav,MS19B_X43_BATTLE_02_BEFORE_F_FRE_0010,163,163,163,164,Frederica,main,female,frederica,assets/triangle-strategy/approved_voice_references/frederica.wav,แล้วหญิงคนนั้นคือใครกัน?,,,PENDING_MANUAL_GENERATION,,triangle-strategy
159,MS19B_X43_BATTLE_02_BEFORE_F_FRE_0020.wav,MS19B_X43_BATTLE_02_BEFORE_F_FRE_0020,164,164,164,165,Frederica,main,female,frederica,assets/triangle-strategy/approved_voice_references/frederica.wav,หญิงคนนั้นคือหัวหน้านักบวชเหรอ!?,,,PENDING_MANUAL_GENERATION,,triangle-strategy
160,MS19B_X43_BATTLE_02_BEFORE_F_FRE_0030.wav,MS19B_X43_BATTLE_02_BEFORE_F_FRE_0030,165,165,165,166,Frederica,main,female,frederica,assets/triangle-strategy/approved_voice_references/frederica.wav,เรื่องแบบนี้มันเป็นไปได้ด้วยเหรอเนี่ย!?,,,PENDING_MANUAL_GENERATION,,triangle-strategy
161,MS19B_X43_BATTLE_02_BEFORE_F_YRA_0010.wav,MS19B_X43_BATTLE_02_BEFORE_F_YRA_0010,167,167,167,168,Geela,main,female,geela,assets/triangle-strategy/approved_voice_references/geela.wav,ข้าไม่รู้เลย... ไม่มีเคยเห็นพระองค์ตัวเป็นๆ มาก่อน,,,PENDING_MANUAL_GENERATION,,triangle-strategy
162,MS19B_X43_BATTLE_02_BEFORE_F_YRA_0020.wav,MS19B_X43_BATTLE_02_BEFORE_F_YRA_0020,168,168,168,169,Geela,main,female,geela,assets/triangle-strategy/approved_voice_references/geela.wav,ทั้งอานุภาพทำลายล้าง... และแสงนั่น... ราวกับว่าเป็นเอลฟริค...,,,PENDING_MANUAL_GENERATION,,triangle-strategy
163,MS19B_X43_BATTLE_02_BEFORE_F_YRA_0030.wav,MS19B_X43_BATTLE_02_BEFORE_F_YRA_0030,169,169,169,170,Geela,main,female,geela,assets/triangle-strategy/approved_voice_references/geela.wav,ลอร์ดเซเรโนอา ถึงแม้ข้าจะไม่รู้ว่ามันเกิดเรื่องเช่นนี้ได้ยังไง แต่นางดูดซับพลังคริสตัลเอลฟริคไปจนสิ้นแล้วเจ้าค่ะ!,,,PENDING_MANUAL_GENERATION,,triangle-strategy
164,MS19B_X43_BATTLE_02_BEFORE_F_YRA_0040.wav,MS19B_X43_BATTLE_02_BEFORE_F_YRA_0040,170,170,170,171,Geela,main,female,geela,assets/triangle-strategy/approved_voice_references/geela.wav,ไม่ใช่สำหรับมนุษย์เจ้าค่ะ,,,PENDING_MANUAL_GENERATION,,triangle-strategy
165,MS19B_X43_BATTLE_02_BEFORE_M_BND_0010.wav,MS19B_X43_BATTLE_02_BEFORE_M_BND_0010,171,171,171,172,Benedict,main,male,benedict,assets/triangle-strategy/approved_voice_references/benedict.wav,ท่านไม่มีปัญญาสังหารพวกเราทุกคนหรอก,,,PENDING_MANUAL_GENERATION,,triangle-strategy
166,MS19B_X43_BATTLE_02_BEFORE_M_BND_0020.wav,MS19B_X43_BATTLE_02_BEFORE_M_BND_0020,172,172,172,173,Benedict,main,male,benedict,assets/triangle-strategy/approved_voice_references/benedict.wav,หนีเร็ว!,,,PENDING_MANUAL_GENERATION,,triangle-strategy
167,MS19B_X43_BATTLE_02_BEFORE_M_BND_0030.wav,MS19B_X43_BATTLE_02_BEFORE_M_BND_0030,173,173,173,174,Benedict,main,male,benedict,assets/triangle-strategy/approved_voice_references/benedict.wav,ช้าก่อน ลอร์ดเซเรโนอา!,,,PENDING_MANUAL_GENERATION,,triangle-strategy
168,MS19B_X43_BATTLE_02_BEFORE_M_BND_0040.wav,MS19B_X43_BATTLE_02_BEFORE_M_BND_0040,174,174,174,175,Benedict,main,male,benedict,assets/triangle-strategy/approved_voice_references/benedict.wav,ข้าไม่ปฏิเสธว่าตอนนี้เรากำลังเผชิญหน้ากับศัตรูที่ไม่เคยพบเจอมาก่อน,,,PENDING_MANUAL_GENERATION,,triangle-strategy
169,MS19B_X43_BATTLE_02_BEFORE_M_BND_0050.wav,MS19B_X43_BATTLE_02_BEFORE_M_BND_0050,175,175,175,176,Benedict,main,male,benedict,assets/triangle-strategy/approved_voice_references/benedict.wav,แต่การถอยทัพ มีแต่จะทำให้ไฮแซนต์มีเวลาฟื้นฟูตัวเอง,,,PENDING_MANUAL_GENERATION,,triangle-strategy
170,MS19B_X43_BATTLE_02_BEFORE_M_BND_0060.wav,MS19B_X43_BATTLE_02_BEFORE_M_BND_0060,176,176,176,177,Benedict,main,male,benedict,assets/triangle-strategy/approved_voice_references/benedict.wav,ท่านเชื่อมั่นในพลังแห่งเกลือใช่ไหม? ท่านมุ่งมั่นจะพัฒนานอร์เซเลียให้ดีกว่าเดิมไม่ใช่เหรอ?,,,PENDING_MANUAL_GENERATION,,triangle-strategy
171,MS19B_X43_BATTLE_02_BEFORE_M_BND_0070.wav,MS19B_X43_BATTLE_02_BEFORE_M_BND_0070,177,177,177,178,Benedict,main,male,benedict,assets/triangle-strategy/approved_voice_references/benedict.wav,อนาคตช่างน่าพิศวงและน่ากลัวเช่นเดียวกับศัตรู หากท่านไม่กล้าเผชิญหน้าสู้... ผู้ใดเล่าจะเอาท่านเป็นเยี่ยงอย่างขอรับ?,,,PENDING_MANUAL_GENERATION,,triangle-strategy
172,MS19B_X43_BATTLE_02_BEFORE_M_BND_0080.wav,MS19B_X43_BATTLE_02_BEFORE_M_BND_0080,178,178,178,179,Benedict,main,male,benedict,assets/triangle-strategy/approved_voice_references/benedict.wav,จงอย่าหวั่นไหวในเส้นทางของตน ลอร์ดเซเรโนอา เพราะเราจะสู้เคียงข้างท่านเสมอในทุกย่างก้าว!,,,PENDING_MANUAL_GENERATION,,triangle-strategy
173,MS19B_X43_BATTLE_02_BEFORE_M_ENG_0010.wav,MS19B_X43_BATTLE_02_BEFORE_M_ENG_0010,179,179,179,180,เทเนบริส,npc,male,tenebris,assets/triangle-strategy/approved_voice_references/tenebris.wav,ฮ่าๆๆๆๆ... เซเรโนอา วูล์ฟฟอร์ต... มันเป็นความผิดของเจ้า...,,,PENDING_MANUAL_GENERATION,,triangle-strategy
174,MS19B_X43_BATTLE_02_BEFORE_M_ENG_0020.wav,MS19B_X43_BATTLE_02_BEFORE_M_ENG_0020,180,180,180,181,เทเนบริส,npc,male,tenebris,assets/triangle-strategy/approved_voice_references/tenebris.wav,ข้าต้องตกที่นั่งลำบาก เพราะเจ้ายุ่งไม่เข้าเรื่อง...,,,PENDING_MANUAL_GENERATION,,triangle-strategy
175,MS19B_X43_BATTLE_02_BEFORE_M_ENG_0030.wav,MS19B_X43_BATTLE_02_BEFORE_M_ENG_0030,181,181,181,182,เทเนบริส,npc,male,tenebris,assets/triangle-strategy/approved_voice_references/tenebris.wav,คิดว่าข้ามีทางเลือกมากนักเหรอ!?,,,PENDING_MANUAL_GENERATION,,triangle-strategy
176,MS19B_X43_BATTLE_02_BEFORE_M_ENG_0040.wav,MS19B_X43_BATTLE_02_BEFORE_M_ENG_0040,182,182,182,183,เทเนบริส,npc,male,tenebris,assets/triangle-strategy/approved_voice_references/tenebris.wav,หากกบฎไม่ถูกกำราบจนหมดสิ้น รัฐมนตรีจะกำจัดข้าทิ้ง,,,PENDING_MANUAL_GENERATION,,triangle-strategy
177,MS19B_X43_BATTLE_02_BEFORE_M_ENG_0050.wav,MS19B_X43_BATTLE_02_BEFORE_M_ENG_0050,183,183,183,184,เทเนบริส,npc,male,tenebris,assets/triangle-strategy/approved_voice_references/tenebris.wav,ฮ่าๆๆ! เขาไม่ได้สั่งให้ข้ามาประหารพวกเจ้าเสียหน่อย เรื่องนั้นพระองค์จะเป็นคนจัดการเอง ถึงต้องพานางมาส่งที่นี่ยังไงล่ะ,,,PENDING_MANUAL_GENERATION,,triangle-strategy
178,MS19B_X43_BATTLE_02_BEFORE_M_ENG_0060.wav,MS19B_X43_BATTLE_02_BEFORE_M_ENG_0060,184,184,184,185,เทเนบริส,npc,male,tenebris,assets/triangle-strategy/approved_voice_references/tenebris.wav,ฮ่าๆๆ เข้าใจหรือยังล่ะว่าเป็นเกียรติของข้าขนาดไหน! นอกจากจะได้ยลโฉมของนางแล้ว ข้ายังได้เห็นพลังอันแท้จริงของนางเป็นบุญตาอีกด้วย,,,PENDING_MANUAL_GENERATION,,triangle-strategy
179,MS19B_X43_BATTLE_02_BEFORE_M_ENG_0070.wav,MS19B_X43_BATTLE_02_BEFORE_M_ENG_0070,185,185,185,186,เทเนบริส,npc,male,tenebris,assets/triangle-strategy/approved_voice_references/tenebris.wav,จงรู้ซึ้งถึงความพิโรธแห่งเทพธิดา!,,,PENDING_MANUAL_GENERATION,,triangle-strategy
180,MS19B_X43_BATTLE_02_BEFORE_M_ENG_0080.wav,MS19B_X43_BATTLE_02_BEFORE_M_ENG_0080,186,186,186,187,เทเนบริส,npc,male,tenebris,assets/triangle-strategy/approved_voice_references/tenebris.wav,ทะ-ทำอะไรของท่าน!?,,,PENDING_MANUAL_GENERATION,,triangle-strategy
181,MS19B_X43_BATTLE_02_BEFORE_M_ENG_0100.wav,MS19B_X43_BATTLE_02_BEFORE_M_ENG_0100,188,188,188,190,เทเนบริส,npc,male,tenebris,assets/triangle-strategy/approved_voice_references/tenebris.wav,อ้ากกกกกกกก!,,,PENDING_MANUAL_GENERATION,,triangle-strategy
182,MS19B_X43_BATTLE_02_BEFORE_M_SEL_0010.wav,MS19B_X43_BATTLE_02_BEFORE_M_SEL_0010,189,189,189,191,Serenoa,main,male,serenoa,assets/triangle-strategy/approved_voice_references/serenoa.wav,รัฐมนตรีเทเนบริส!,,,PENDING_MANUAL_GENERATION,,triangle-strategy
183,MS19B_X43_BATTLE_02_BEFORE_M_SEL_0020.wav,MS19B_X43_BATTLE_02_BEFORE_M_SEL_0020,190,190,190,192,Serenoa,main,male,serenoa,assets/triangle-strategy/approved_voice_references/serenoa.wav,ค่อยๆคุยกันดีกว่า จะได้ไม่มีใครต้องเจ็บตัวขอรับ,,,PENDING_MANUAL_GENERATION,,triangle-strategy
184,MS19B_X43_BATTLE_02_BEFORE_M_SEL_0030.wav,MS19B_X43_BATTLE_02_BEFORE_M_SEL_0030,191,191,191,193,Serenoa,main,male,serenoa,assets/triangle-strategy/approved_voice_references/serenoa.wav,นี่มันพลังอะไรกัน!?,,,PENDING_MANUAL_GENERATION,,triangle-strategy
185,MS19B_X43_BATTLE_02_BEFORE_M_SEL_0040.wav,MS19B_X43_BATTLE_02_BEFORE_M_SEL_0040,192,192,192,194,Serenoa,main,male,serenoa,assets/triangle-strategy/approved_voice_references/serenoa.wav,เจ้าจะบอกว่าหัวหน้านักบวชไม่ใช่มนุษย์งั้นเหรอ!?,,,PENDING_MANUAL_GENERATION,,triangle-strategy
186,MS19B_X43_BATTLE_02_BEFORE_M_SEL_0050.wav,MS19B_X43_BATTLE_02_BEFORE_M_SEL_0050,193,193,193,195,Serenoa,main,male,serenoa,assets/triangle-strategy/approved_voice_references/serenoa.wav,เราต้องถอย-,,,PENDING_MANUAL_GENERATION,,triangle-strategy
187,MS19B_X43_BATTLE_02_BEFORE_M_SEL_0070.wav,MS19B_X43_BATTLE_02_BEFORE_M_SEL_0070,195,195,195,197,Serenoa,main,male,serenoa,assets/triangle-strategy/approved_voice_references/serenoa.wav,...ถูกของท่าน เบเนดิกต์,,,PENDING_MANUAL_GENERATION,,triangle-strategy
188,MS19B_X43_BATTLE_02_BEFORE_M_SEL_0080.wav,MS19B_X43_BATTLE_02_BEFORE_M_SEL_0080,196,196,196,198,Serenoa,main,male,serenoa,assets/triangle-strategy/approved_voice_references/serenoa.wav,สหายเอ๋ย ยกอาวุธขึ้นมาเถิด!,,,PENDING_MANUAL_GENERATION,,triangle-strategy
189,MS19B_X43_BATTLE_02_BEFORE_M_SEL_0090.wav,MS19B_X43_BATTLE_02_BEFORE_M_SEL_0090,197,197,197,199,Serenoa,main,male,serenoa,assets/triangle-strategy/approved_voice_references/serenoa.wav,เราจะโค่นล้มหัวหน้านักบวชและไฮแซนต์ไปพร้อมกับนาง!,,,PENDING_MANUAL_GENERATION,,triangle-strategy
190,MS19B_X43_BATTLE_02_BEFORE_N_M347_0010.wav,MS19B_X43_BATTLE_02_BEFORE_N_M347_0010,198,198,198,200,ชายชาวเมือง / ทหาร / ผู้ติดตาม,generic,male,MALE_ADULT_C,assets/triangle-strategy/approved_voice_references/MALE_ADULT_C.wav,อ้ากกก!,,,PENDING_MANUAL_GENERATION,,triangle-strategy
191,MS19B_X43_BATTLE_02_DRAMA_F_ANA_0010.wav,MS19B_X43_BATTLE_02_DRAMA_F_ANA_0010,199,199,199,201,Anna,main,female,anna,assets/triangle-strategy/approved_voice_references/anna.wav,นี่สินะ คือสิ่งมีชีวิตที่คอยขัดขวางเส้นทางของลอร์ดเซเรโนอาและเบเนดิกต์...,,,PENDING_MANUAL_GENERATION,,triangle-strategy
192,MS19B_X43_BATTLE_02_DRAMA_F_ANA_0020.wav,MS19B_X43_BATTLE_02_DRAMA_F_ANA_0020,200,200,200,202,Anna,main,female,anna,assets/triangle-strategy/approved_voice_references/anna.wav,ไม่ว่าข้าต้องเผชิญหน้าใคร ข้าก็จะทำหน้าที่ของตนให้ลุล่วง เจ้าเสร็จข้าแน่!,,,PENDING_MANUAL_GENERATION,,triangle-strategy
193,MS19B_X43_BATTLE_02_DRAMA_F_EZA_0010.wav,MS19B_X43_BATTLE_02_DRAMA_F_EZA_0010,201,201,201,203,เอซาน่า,npc,female,ezana,assets/triangle-strategy/approved_voice_references/ezana.wav,นอกจากจะท้าทายธรรมชาติ เจ้ายังสวมบทบาทพระเจ้าอีกเหรอ... ไฮแซนต์นี่มันอวดดีเหลือเกิน,,,PENDING_MANUAL_GENERATION,,triangle-strategy
194,MS19B_X43_BATTLE_02_DRAMA_F_EZA_0020.wav,MS19B_X43_BATTLE_02_DRAMA_F_EZA_0020,202,202,202,204,เอซาน่า,npc,female,ezana,assets/triangle-strategy/approved_voice_references/ezana.wav,หัวหน้านักบวชอย่างเจ้า ไม่สมควรจะมีชีวิตด้วยซ้ำ,,,PENDING_MANUAL_GENERATION,,triangle-strategy
195,MS19B_X43_BATTLE_02_DRAMA_F_FRE_0010.wav,MS19B_X43_BATTLE_02_DRAMA_F_FRE_0010,203,203,203,205,Frederica,main,female,frederica,assets/triangle-strategy/approved_voice_references/frederica.wav,นี่เหรอคือหัวหน้านักบวช? ชาวโรเซลล์ต้องทุกข์ทนเพราะมันเนี่ยนะ!?,,,PENDING_MANUAL_GENERATION,,triangle-strategy
196,MS19B_X43_BATTLE_02_DRAMA_F_FRE_0020.wav,MS19B_X43_BATTLE_02_DRAMA_F_FRE_0020,204,204,204,206,Frederica,main,female,frederica,assets/triangle-strategy/approved_voice_references/frederica.wav,ขอสาบานด้วยเกียรติของชาวโรเซลล์ ข้าจะทำลายศาสนาจอมปลอมของเจ้าให้สิ้นซาก!,,,PENDING_MANUAL_GENERATION,,triangle-strategy
197,MS19B_X43_BATTLE_02_DRAMA_F_MED_0010.wav,MS19B_X43_BATTLE_02_DRAMA_F_MED_0010,205,205,205,207,เมดิน่า,npc,female,medina,assets/triangle-strategy/approved_voice_references/medina.wav,งานวิจัยในกระทรวงก้าวหน้า จนถึงขั้นที่สร้างชีวิตขึ้นมาเองแล้วเหรอ?,,,PENDING_MANUAL_GENERATION,,triangle-strategy
198,MS19B_X43_BATTLE_02_DRAMA_F_MED_0020.wav,MS19B_X43_BATTLE_02_DRAMA_F_MED_0020,206,206,206,208,เมดิน่า,npc,female,medina,assets/triangle-strategy/approved_voice_references/medina.wav,ข้า...ข้ารับไม่ได้!,,,PENDING_MANUAL_GENERATION,,triangle-strategy
199,MS19B_X43_BATTLE_02_DRAMA_F_MIR_0010.wav,MS19B_X43_BATTLE_02_DRAMA_F_MIR_0010,207,207,207,209,ไมโล,npc,female,milo,assets/triangle-strategy/approved_voice_references/milo.wav,ไอ้แก่นั่นคิดอะไรอยู่ ถึงสร้างอะไรเช่นนี้ขึ้นมา?,,,PENDING_MANUAL_GENERATION,,triangle-strategy
200,MS19B_X43_BATTLE_02_DRAMA_F_MIR_0020.wav,MS19B_X43_BATTLE_02_DRAMA_F_MIR_0020,208,208,208,210,ไมโล,npc,female,milo,assets/triangle-strategy/approved_voice_references/milo.wav,มาเถิด ข้าจะทำให้เจ้าได้พ้นทุกข์,,,PENDING_MANUAL_GENERATION,,triangle-strategy
201,MS19B_X43_BATTLE_02_DRAMA_F_YRA_0010.wav,MS19B_X43_BATTLE_02_DRAMA_F_YRA_0010,214,214,214,216,Geela,main,female,geela,assets/triangle-strategy/approved_voice_references/geela.wav,แสดงว่ากระทรวงทำการวิจัยลับเพื่อสร้างมหันตภัยขึ้นมาสินะ...,,,PENDING_MANUAL_GENERATION,,triangle-strategy
202,MS19B_X43_BATTLE_02_DRAMA_F_YRA_0020.wav,MS19B_X43_BATTLE_02_DRAMA_F_YRA_0020,215,215,215,217,Geela,main,female,geela,assets/triangle-strategy/approved_voice_references/geela.wav,ปิศาจในคราบมนุษย์... ไฮแซนต์มันทำแบบนี้ไปเพื่ออะไรกัน?,,,PENDING_MANUAL_GENERATION,,triangle-strategy
203,MS19B_X43_BATTLE_02_DRAMA_M_BND_0010.wav,MS19B_X43_BATTLE_02_DRAMA_M_BND_0010,216,216,216,218,Benedict,main,male,benedict,assets/triangle-strategy/approved_voice_references/benedict.wav,ทางเดียวที่จะหยุดมันได้คือต้องโค่นหัวหน้านักบวช วางใจให้ข้าจัดการได้เลย!,,,PENDING_MANUAL_GENERATION,,triangle-strategy
204,MS19B_X43_BATTLE_02_DRAMA_M_BND_0020.wav,MS19B_X43_BATTLE_02_DRAMA_M_BND_0020,217,217,217,219,Benedict,main,male,benedict,assets/triangle-strategy/approved_voice_references/benedict.wav,นี่นอร์เซเลียกำลังคุกเข่าให้หุ่นมนุษย์จำแลงจริงๆ เหรอเนี่ย,,,PENDING_MANUAL_GENERATION,,triangle-strategy
205,MS19B_X43_BATTLE_02_DRAMA_M_BND_0030.wav,MS19B_X43_BATTLE_02_DRAMA_M_BND_0030,218,218,218,220,Benedict,main,male,benedict,assets/triangle-strategy/approved_voice_references/benedict.wav,ถ้าไม่ใช่คนก็ไม่ต้องปรานี รีบๆพังมันทิ้งไปพร้อมกับอำนาจกดขี่ของมันซะ,,,PENDING_MANUAL_GENERATION,,triangle-strategy
206,MS19B_X43_BATTLE_02_DRAMA_M_COR_0010.wav,MS19B_X43_BATTLE_02_DRAMA_M_COR_0010,219,219,219,221,คอเรนติน,npc,male,corentin,assets/triangle-strategy/approved_voice_references/corentin.wav,นอกจากเอลฟริคที่พวกเขาวิจัยอย่างลับๆ... นี่ก็เป็นอีกงานวิจัยแสนอัปรีย์ของพวกมันสินะ...,,,PENDING_MANUAL_GENERATION,,triangle-strategy
207,MS19B_X43_BATTLE_02_DRAMA_M_COR_0020.wav,MS19B_X43_BATTLE_02_DRAMA_M_COR_0020,220,220,220,222,คอเรนติน,npc,male,corentin,assets/triangle-strategy/approved_voice_references/corentin.wav,ข้าไม่ยอมนิ่งเฉยให้งานวิจัยของเราถูกนำไปใช้ในทางที่ผิดหรอก!,,,PENDING_MANUAL_GENERATION,,triangle-strategy
208,MS19B_X43_BATTLE_02_DRAMA_M_KOH_0010.wav,MS19B_X43_BATTLE_02_DRAMA_M_KOH_0010,221,221,221,223,โคฮัก,npc,male,quahaug,assets/triangle-strategy/approved_voice_references/quahaug.wav,ข้ารู้จักพวกเขา... ได้ยังไงกัน?,,,PENDING_MANUAL_GENERATION,,triangle-strategy
209,MS19B_X43_BATTLE_02_DRAMA_M_KOH_0020.wav,MS19B_X43_BATTLE_02_DRAMA_M_KOH_0020,222,222,222,224,โคฮัก,npc,male,quahaug,assets/triangle-strategy/approved_voice_references/quahaug.wav,ท่านแม่อยู่ใกล้มาก... ข้าสัมผัสได้...,,,PENDING_MANUAL_GENERATION,,triangle-strategy
210,MS19B_X43_BATTLE_02_DRAMA_M_SEL_0010.wav,MS19B_X43_BATTLE_02_DRAMA_M_SEL_0010,223,223,223,225,Serenoa,main,male,serenoa,assets/triangle-strategy/approved_voice_references/serenoa.wav,มิตรสหายทั้งหลายของข้า! ศึกครั้งสุดท้ายได้มาเยือนแล้ว! แม้เรากำลังเผชิญหน้าข้าศึกที่ไม่เคยพบเจอ แต่เราอย่าได้หวั่นไปเลย!,,,PENDING_MANUAL_GENERATION,,triangle-strategy
211,MS19B_X43_BATTLE_02_DRAMA_M_SEL_0020.wav,MS19B_X43_BATTLE_02_DRAMA_M_SEL_0020,224,224,224,226,Serenoa,main,male,serenoa,assets/triangle-strategy/approved_voice_references/serenoa.wav,พวกเราเป็นไฟประทีปนำทางนอร์เซเลียสู่รุ่งอรุณ!,,,PENDING_MANUAL_GENERATION,,triangle-strategy
212,MS19B_X43_BATTLE_02_DRAMA_M_SEL_0030.wav,MS19B_X43_BATTLE_02_DRAMA_M_SEL_0030,225,225,225,227,Serenoa,main,male,serenoa,assets/triangle-strategy/approved_voice_references/serenoa.wav,มาอีกแล้วเหรอ!? นางมีลูกสมุนเยอะแค่ไหนกันเชียว!?,,,PENDING_MANUAL_GENERATION,,triangle-strategy
213,MS19B_X43_BATTLE_02_DRAMA_M_SEL_0040.wav,MS19B_X43_BATTLE_02_DRAMA_M_SEL_0040,226,226,226,228,Serenoa,main,male,serenoa,assets/triangle-strategy/approved_voice_references/serenoa.wav,ข้าศึกถูกตัดทอนกำลังลงไปมาก เรากำลังถือไพ่เหนือกว่า! มาจบเรื่องนี้ไปด้วยกันเถอะ!,,,PENDING_MANUAL_GENERATION,,triangle-strategy
214,MS19B_X43_BATTLE_02_DRAMA_N_DEC_0010.wav,MS19B_X43_BATTLE_02_DRAMA_N_DEC_0010,227,227,227,229,เดซิมอล,npc,male,decimal,assets/triangle-strategy/approved_voice_references/decimal.wav,หัวหน้านักบวช... ท่านเองก็เป็นสิ่งประดิษฐ์เช่นเดียวกับข้า,,,PENDING_MANUAL_GENERATION,,triangle-strategy
215,MS19B_X43_BATTLE_02_DRAMA_N_DEC_0020.wav,MS19B_X43_BATTLE_02_DRAMA_N_DEC_0020,228,228,228,230,เดซิมอล,npc,male,decimal,assets/triangle-strategy/approved_voice_references/decimal.wav,ไม่สิ... เราทั้งสองไม่เหมือนกัน ข้ามาที่นี่ด้วยความสมัครใจ เพื่อสู้เคียงข้างพี่น้องวูล์ฟฟอร์ต,,,PENDING_MANUAL_GENERATION,,triangle-strategy
216,MS19B_X43_BATTLE_02_DRAMA_N_DEC_0030.wav,MS19B_X43_BATTLE_02_DRAMA_N_DEC_0030,229,229,229,231,เดซิมอล,npc,male,decimal,assets/triangle-strategy/approved_voice_references/decimal.wav,หมดเวลาของท่านแล้ว ข้าจะโค่นท่านเอง,,,PENDING_MANUAL_GENERATION,,triangle-strategy
217,MS19B_X43_BATTLE_02_DRAMA_N_MS19X43B02M01_0010.wav,MS19B_X43_BATTLE_02_DRAMA_N_MS19X43B02M01_0010,230,230,230,232,ชายชาวเมือง / ทหาร / ผู้ติดตาม,generic,male,MALE_ADULT_C,assets/triangle-strategy/approved_voice_references/MALE_ADULT_C.wav,โอ... อา... อา... อา... อา... อา... อา...,,,PENDING_MANUAL_GENERATION,,triangle-strategy
218,MS19B_X43_BATTLE_02_DRAMA_N_MS19X43B02M01_0020.wav,MS19B_X43_BATTLE_02_DRAMA_N_MS19X43B02M01_0020,231,231,231,233,ชายชาวเมือง / ทหาร / ผู้ติดตาม,generic,male,MALE_ADULT_C,assets/triangle-strategy/approved_voice_references/MALE_ADULT_C.wav,อา... อา... อา... อา...,,,PENDING_MANUAL_GENERATION,,triangle-strategy
219,MS19B_X43_BATTLE_02_DRAMA_N_MS19X43B02M01_0025.wav,MS19B_X43_BATTLE_02_DRAMA_N_MS19X43B02M01_0025,232,232,232,234,ชายชาวเมือง / ทหาร / ผู้ติดตาม,generic,male,MALE_ADULT_C,assets/triangle-strategy/approved_voice_references/MALE_ADULT_C.wav,อา... อา...,,,PENDING_MANUAL_GENERATION,อา อา,triangle-strategy
220,MS19B_X43_BATTLE_02_DRAMA_N_MS19X43B02M01_0030.wav,MS19B_X43_BATTLE_02_DRAMA_N_MS19X43B02M01_0030,233,233,233,235,ชายชาวเมือง / ทหาร / ผู้ติดตาม,generic,male,MALE_ADULT_C,assets/triangle-strategy/approved_voice_references/MALE_ADULT_C.wav,อา... อา... อา... อา... อา...,,,PENDING_MANUAL_GENERATION,,triangle-strategy
221,MS19B_X43_C0_0010_F_LYL_0010.wav,MS19B_X43_C0_0010_F_LYL_0010,234,234,234,236,Lyla,npc,female,lyla,assets/triangle-strategy/approved_voice_references/lyla.wav,ทั้งๆที่เขาไม่เคยแพ้ใครด้วยซ้ำ... ตระกูลวูล์ฟฟอร์ตมันน่าเกรงขามขนาดนี้เชียวหรือเจ้าคะ?,,,PENDING_MANUAL_GENERATION,,triangle-strategy
222,MS19B_X43_C0_0010_F_LYL_0020.wav,MS19B_X43_C0_0010_F_LYL_0020,235,235,235,237,Lyla,npc,female,lyla,assets/triangle-strategy/approved_voice_references/lyla.wav,อย่าเลยเจ้าค่ะ ทำเช่นนั้นจะเปิดช่องโหว่ให้เราโดยใช่เหตุ,,,PENDING_MANUAL_GENERATION,,triangle-strategy
223,MS19B_X43_C0_0010_F_LYL_0030.wav,MS19B_X43_C0_0010_F_LYL_0030,236,236,236,238,Lyla,npc,female,lyla,assets/triangle-strategy/approved_voice_references/lyla.wav,หมายถึงจะใช้งานจักรกลจริงๆ เหรอเจ้าคะ!?,,,PENDING_MANUAL_GENERATION,,triangle-strategy
224,MS19B_X43_C0_0010_M_ENG_0010.wav,MS19B_X43_C0_0010_M_ENG_0010,237,237,237,239,เทเนบริส,npc,male,tenebris,assets/triangle-strategy/approved_voice_references/tenebris.wav,โปรดเมตตาข้าด้วยขอรับ...,,,PENDING_MANUAL_GENERATION,,triangle-strategy
225,MS19B_X43_C0_0010_M_ENG_0020.wav,MS19B_X43_C0_0010_M_ENG_0020,238,238,238,240,เทเนบริส,npc,male,tenebris,assets/triangle-strategy/approved_voice_references/tenebris.wav,ขะ...ขอรับ,,,PENDING_MANUAL_GENERATION,,triangle-strategy
226,MS19B_X43_C0_0010_M_IDO_0010.wav,MS19B_X43_C0_0010_M_IDO_0010,239,239,239,241,อีดอร์,npc,male,idore,assets/triangle-strategy/approved_voice_references/idore.wav,วูล์ฟฟอร์ตซัดกองทัพเราร่วงไปแล้ว,,,PENDING_MANUAL_GENERATION,,triangle-strategy
227,MS19B_X43_C0_0010_M_IDO_0020.wav,MS19B_X43_C0_0010_M_IDO_0020,240,240,240,242,อีดอร์,npc,male,idore,assets/triangle-strategy/approved_voice_references/idore.wav,ท่านไม่รู้จักยั้งคิดเอาเสียเลย...รัฐมนตรีเทเนบริส วูล์ฟฟอร์ตใช่ว่าจะกำราบลงง่ายๆ หรอกนะ,,,PENDING_MANUAL_GENERATION,,triangle-strategy
228,MS19B_X43_C0_0010_M_IDO_0030.wav,MS19B_X43_C0_0010_M_IDO_0030,241,241,241,243,อีดอร์,npc,male,idore,assets/triangle-strategy/approved_voice_references/idore.wav,แม้ผู้ปรีชาสามารถเช่นรัฐมนตรีเอกซ์เฮม ยังเคยประสบปัญหาเช่นเดียวกับท่าน,,,PENDING_MANUAL_GENERATION,,triangle-strategy
229,MS19B_X43_C0_0010_M_IDO_0040.wav,MS19B_X43_C0_0010_M_IDO_0040,242,242,242,244,อีดอร์,npc,male,idore,assets/triangle-strategy/approved_voice_references/idore.wav,ถูกต้อง เป็นเพราะนักกลยุทธ์ฝีมือดีของพวกมันนั่นแหละ,,,PENDING_MANUAL_GENERATION,,triangle-strategy
230,MS19B_X43_C0_0010_M_IDO_0050.wav,MS19B_X43_C0_0010_M_IDO_0050,243,243,243,245,อีดอร์,npc,male,idore,assets/triangle-strategy/approved_voice_references/idore.wav,ข้าเห็นด้วยกับท่าน แต่ก็ไม่ควรสร้างช่องโหว่ให้ตัวเองเช่นกัน,,,PENDING_MANUAL_GENERATION,,triangle-strategy
231,MS19B_X43_C0_0010_M_IDO_0060.wav,MS19B_X43_C0_0010_M_IDO_0060,244,244,244,246,อีดอร์,npc,male,idore,assets/triangle-strategy/approved_voice_references/idore.wav,รัฐมนตรีไลล่า ท่านรู้งานใช่ไหม?,,,PENDING_MANUAL_GENERATION,,triangle-strategy
232,MS19B_X43_C0_0010_M_IDO_0070.wav,MS19B_X43_C0_0010_M_IDO_0070,245,245,245,247,อีดอร์,npc,male,idore,assets/triangle-strategy/approved_voice_references/idore.wav,หึๆๆ ถ้าจนตรอกก็ต้องใช้แล้วล่ะ,,,PENDING_MANUAL_GENERATION,,triangle-strategy
233,MS19B_X43_C0_0010_M_IDO_0080.wav,MS19B_X43_C0_0010_M_IDO_0080,246,246,246,248,อีดอร์,npc,male,idore,assets/triangle-strategy/approved_voice_references/idore.wav,แน่นอนว่ารัฐมนตรีเทเนบริสจะมาช่วยท่านด้วย,,,PENDING_MANUAL_GENERATION,,triangle-strategy
234,MS19B_X43_C0_0010_M_KNS_0010.wav,MS19B_X43_C0_0010_M_KNS_0010,247,247,247,249,แคมเซลล์,npc,male,kamsell,assets/triangle-strategy/approved_voice_references/kamsell.wav,สถานการณ์เป็นเช่นไรบ้างขอรับ รัฐมนตรีอีดอร์?,,,PENDING_MANUAL_GENERATION,,triangle-strategy
235,MS19B_X43_C0_0010_M_KNS_0020.wav,MS19B_X43_C0_0010_M_KNS_0020,248,248,248,250,แคมเซลล์,npc,male,kamsell,assets/triangle-strategy/approved_voice_references/kamsell.wav,ว่าแล้วเชียว รู้แบบนี้ข้าน่าจะออกโรง หรือไม่ก็ส่งรัฐมนตรีเอกซ์เฮมไปช่วยเสียดีกว่า,,,PENDING_MANUAL_GENERATION,,triangle-strategy
236,MS19B_X43_C0_0010_M_KNS_0030.wav,MS19B_X43_C0_0010_M_KNS_0030,249,249,249,251,แคมเซลล์,npc,male,kamsell,assets/triangle-strategy/approved_voice_references/kamsell.wav,เอาล่ะ... ข้าว่าเราควรส่งทหารเฝ้าเมืองไปช่วยเหลือรัฐมนตรีเอกซ์เฮมเสียหน่อย,,,PENDING_MANUAL_GENERATION,,triangle-strategy
237,MS19B_X43_C0_0010_M_KNS_0040.wav,MS19B_X43_C0_0010_M_KNS_0040,250,250,250,252,แคมเซลล์,npc,male,kamsell,assets/triangle-strategy/approved_voice_references/kamsell.wav,ข้าศึกของเรากำลังวางแผนทำลายโล่เทพธิดาเชียวนะ เป้าหมายสูงสุดของเราตอนนี้คือการกำราบวูล์ฟฟอร์ต,,,PENDING_MANUAL_GENERATION,,triangle-strategy
238,MS19B_X43_C0_0020_M_ENG_0010.wav,MS19B_X43_C0_0020_M_ENG_0010,251,251,251,253,เทเนบริส,npc,male,tenebris,assets/triangle-strategy/approved_voice_references/tenebris.wav,จบสิ้นไฮแซนต์แล้วสินะ... โล่เทพธิดาถูกทำลายแล้ว...,,,PENDING_MANUAL_GENERATION,,triangle-strategy
239,MS19B_X43_C0_0020_M_ENG_0020.wav,MS19B_X43_C0_0020_M_ENG_0020,252,252,252,254,เทเนบริส,npc,male,tenebris,assets/triangle-strategy/approved_voice_references/tenebris.wav,ไม่ใช่เลยนะขอรับ คือข้าหมายถึงว่า...,,,PENDING_MANUAL_GENERATION,,triangle-strategy
240,MS19B_X43_C0_0020_M_ENG_0030.wav,MS19B_X43_C0_0020_M_ENG_0030,253,253,253,255,เทเนบริส,npc,male,tenebris,assets/triangle-strategy/approved_voice_references/tenebris.wav,ยังไม่มีเลยขอรับ... ข้ายอมทำทุกอย่างเพื่อให้ได้รับการอภัยขอรับ,,,PENDING_MANUAL_GENERATION,,triangle-strategy
241,MS19B_X43_C0_0020_M_ENG_0040.wav,MS19B_X43_C0_0020_M_ENG_0040,254,254,254,256,เทเนบริส,npc,male,tenebris,assets/triangle-strategy/approved_voice_references/tenebris.wav,จะ-จากหัวหน้านักบวชเลยเหรอขอรับ!?,,,PENDING_MANUAL_GENERATION,,triangle-strategy
242,MS19B_X43_C0_0020_M_ENG_0050.wav,MS19B_X43_C0_0020_M_ENG_0050,255,255,255,257,เทเนบริส,npc,male,tenebris,assets/triangle-strategy/approved_voice_references/tenebris.wav,นี่ข้าสมควรได้รับเกียรติเช่นนี้จริงเหรอ?,,,PENDING_MANUAL_GENERATION,,triangle-strategy
243,MS19B_X43_C0_0020_M_ENG_0060.wav,MS19B_X43_C0_0020_M_ENG_0060,256,256,256,258,เทเนบริส,npc,male,tenebris,assets/triangle-strategy/approved_voice_references/tenebris.wav,ไปรบเหรอขอรับ!? ทำไมกันล่ะ?,,,PENDING_MANUAL_GENERATION,,triangle-strategy
244,MS19B_X43_C0_0020_M_ENG_0070.wav,MS19B_X43_C0_0020_M_ENG_0070,257,257,257,259,เทเนบริส,npc,male,tenebris,assets/triangle-strategy/approved_voice_references/tenebris.wav,นะ...นี่มันอะไรกัน!?,,,PENDING_MANUAL_GENERATION,,triangle-strategy
245,MS19B_X43_C0_0020_M_IDO_0010.wav,MS19B_X43_C0_0020_M_IDO_0010,258,258,258,260,อีดอร์,npc,male,idore,assets/triangle-strategy/approved_voice_references/idore.wav,ตั้งสติหน่อยสิรัฐมนตรีเทเนบริส ไม่ศรัทธาในเทพธิดาเลยหรือไง? ท่านไม่คิดว่านางจะคุ้มครองเราเลยเหรอ?,,,PENDING_MANUAL_GENERATION,,triangle-strategy
246,MS19B_X43_C0_0020_M_IDO_0020.wav,MS19B_X43_C0_0020_M_IDO_0020,259,259,259,261,อีดอร์,npc,male,idore,assets/triangle-strategy/approved_voice_references/idore.wav,ท่านมีโอกาสชดเชยบาปของตนหรือยังล่ะ?,,,PENDING_MANUAL_GENERATION,,triangle-strategy
247,MS19B_X43_C0_0020_M_IDO_0030.wav,MS19B_X43_C0_0020_M_IDO_0030,260,260,260,262,อีดอร์,npc,male,idore,assets/triangle-strategy/approved_voice_references/idore.wav,เช่นนั้นก็ถือเป็นโชคดีของท่าน ข้ามีหน้าที่สุดพิเศษให้ท่านทำ เป็นคำสั่งจากพระองค์โดยตรง,,,PENDING_MANUAL_GENERATION,,triangle-strategy
248,MS19B_X43_C0_0020_M_IDO_0040.wav,MS19B_X43_C0_0020_M_IDO_0040,261,261,261,263,อีดอร์,npc,male,idore,assets/triangle-strategy/approved_voice_references/idore.wav,มาเถิด รัฐมนตรีเทเนบริส,,,PENDING_MANUAL_GENERATION,,triangle-strategy
249,MS19B_X43_C0_0020_M_IDO_0050.wav,MS19B_X43_C0_0020_M_IDO_0050,262,262,262,264,อีดอร์,npc,male,idore,assets/triangle-strategy/approved_voice_references/idore.wav,ตอนนี้ท่านอย่าเพิ่งด่วนสรุปนักเลย หน้าที่ของท่านคือการพาหัวหน้านักบวชไปสู้รบศัตรู,,,PENDING_MANUAL_GENERATION,,triangle-strategy
250,MS19B_X43_C0_0020_M_IDO_0060.wav,MS19B_X43_C0_0020_M_IDO_0060,263,263,263,265,อีดอร์,npc,male,idore,assets/triangle-strategy/approved_voice_references/idore.wav,พวกมันจะได้ลิ้มรสโทสะแห่งเทพธิดา,,,PENDING_MANUAL_GENERATION,,triangle-strategy
251,MS19B_X43_C0_0020_M_IDO_0070.wav,MS19B_X43_C0_0020_M_IDO_0070,264,264,264,266,อีดอร์,npc,male,idore,assets/triangle-strategy/approved_voice_references/idore.wav,ท่านหัวหน้านักบวชเอ๋ย โปรดให้เราได้ยลโฉมท่านเถิด,,,PENDING_MANUAL_GENERATION,,triangle-strategy
252,MS19B_X43_C0_1010_M_GST_0010.wav,MS19B_X43_C0_1010_M_GST_0010,265,265,265,267,กุสตาดอล์ฟ,npc,male,gustadolph,assets/triangle-strategy/approved_voice_references/gustadolph.wav,ทำดีมาก ตอนนี้ศัตรูยังไม่สังเกตเห็นเราด้วยซ้ำ วูล์ฟฟอร์ตดึงความสนใจได้ดีจริงๆ,,,PENDING_MANUAL_GENERATION,,triangle-strategy
253,MS19B_X43_C0_1010_M_GST_0020.wav,MS19B_X43_C0_1010_M_GST_0020,266,266,266,268,กุสตาดอล์ฟ,npc,male,gustadolph,assets/triangle-strategy/approved_voice_references/gustadolph.wav,แต่ข้าไม่ยอมให้พวกเขาได้เฉิดฉายคนเดียวหรอก ถึงคราวที่เราต้องสำแดงฤทธิ์ให้เห็นแล้ว,,,PENDING_MANUAL_GENERATION,,triangle-strategy
254,MS19B_X43_C0_1010_M_GST_0030.wav,MS19B_X43_C0_1010_M_GST_0030,267,267,267,269,กุสตาดอล์ฟ,npc,male,gustadolph,assets/triangle-strategy/approved_voice_references/gustadolph.wav,จงเตรียมตั้งปืนใหญ่ทำลายโล่เทพธิดาเสียเถิด!,,,PENDING_MANUAL_GENERATION,,triangle-strategy
255,MS19B_X43_C0_1010_M_GST_0040.wav,MS19B_X43_C0_1010_M_GST_0040,268,268,268,270,กุสตาดอล์ฟ,npc,male,gustadolph,assets/triangle-strategy/approved_voice_references/gustadolph.wav,ยิง!,,,PENDING_MANUAL_GENERATION,,triangle-strategy
256,MS19B_X43_C0_1010_M_M346_0010.wav,MS19B_X43_C0_1010_M_M346_0010,269,269,269,271,ชายชาวเมือง / ทหาร / ผู้ติดตาม,generic,male,MALE_ADULT_B,assets/triangle-strategy/approved_voice_references/MALE_ADULT_B.wav,รับทราบ!,,,PENDING_MANUAL_GENERATION,,triangle-strategy
257,MS19B_X43_C0_1010_M_M346_0020.wav,MS19B_X43_C0_1010_M_M346_0020,270,270,270,272,ชายชาวเมือง / ทหาร / ผู้ติดตาม,generic,male,MALE_ADULT_B,assets/triangle-strategy/approved_voice_references/MALE_ADULT_B.wav,ประจำที่!,,,PENDING_MANUAL_GENERATION,,triangle-strategy
258,MS19B_X43_C0_1010_M_SVR_0010.wav,MS19B_X43_C0_1010_M_SVR_0010,271,271,271,273,สวาร็อค,npc,male,svarog,assets/triangle-strategy/approved_voice_references/svarog.wav,ตอนนี้ปืนใหญ่พร้อมแล้ว เหลือเพียงแค่รอคำสั่งจากนายท่านขอรับ,,,PENDING_MANUAL_GENERATION,,triangle-strategy
259,MS19B_X43_C0_1010_M_SVR_0020.wav,MS19B_X43_C0_1010_M_SVR_0020,272,272,272,274,สวาร็อค,npc,male,svarog,assets/triangle-strategy/approved_voice_references/svarog.wav,ช่างเป็นตระกูลมากความสามารถยิ่งนัก,,,PENDING_MANUAL_GENERATION,,triangle-strategy
260,MS19B_X43_C0_1010_M_SVR_0030.wav,MS19B_X43_C0_1010_M_SVR_0030,273,273,273,275,สวาร็อค,npc,male,svarog,assets/triangle-strategy/approved_voice_references/svarog.wav,ขอรับนายท่าน เล็งได้!,,,PENDING_MANUAL_GENERATION,,triangle-strategy
261,MS19B_X43_C0_1020_F_FRE_0010.wav,MS19B_X43_C0_1020_F_FRE_0010,274,274,274,276,Frederica,main,female,frederica,assets/triangle-strategy/approved_voice_references/frederica.wav,ยิงนัดเดียวกำแพงพังเลยสินะ ปืนใหญ่นี่มันน่ากลัวเหลือเกิน...,,,PENDING_MANUAL_GENERATION,,triangle-strategy
262,MS19B_X43_C0_1020_F_FRE_0020.wav,MS19B_X43_C0_1020_F_FRE_0020,275,275,275,277,Frederica,main,female,frederica,assets/triangle-strategy/approved_voice_references/frederica.wav,อนาคตก็ขอให้มันมีจุดประสงค์แค่อย่างเดียวก็แล้วกัน,,,PENDING_MANUAL_GENERATION,,triangle-strategy
263,MS19B_X43_C0_1020_F_LYL_0010.wav,MS19B_X43_C0_1020_F_LYL_0010,276,276,276,278,Lyla,npc,female,lyla,assets/triangle-strategy/approved_voice_references/lyla.wav,ตามไปซะ! อย่าให้พวกมันไปถึงตำหนัก!,,,PENDING_MANUAL_GENERATION,,triangle-strategy
264,MS19B_X43_C0_1020_M_BND_0010.wav,MS19B_X43_C0_1020_M_BND_0010,277,277,277,279,Benedict,main,male,benedict,assets/triangle-strategy/approved_voice_references/benedict.wav,ข้าศึกจะหนีกระเจิงเมื่อโล่เทพธิดาถูกทำลาย เรารีบไปที่ตำหนักกันดีกว่า,,,PENDING_MANUAL_GENERATION,,triangle-strategy
265,MS19B_X43_C0_1020_M_GST_0010.wav,MS19B_X43_C0_1020_M_GST_0010,278,278,278,280,กุสตาดอล์ฟ,npc,male,gustadolph,assets/triangle-strategy/approved_voice_references/gustadolph.wav,ฝ่าบาทเซเรโนอา เฟรเดอริก้า ตอนนี้เราฝ่าเข้าข้างในได้แล้ว...เป็นเพราะแผนการของท่าน,,,PENDING_MANUAL_GENERATION,,triangle-strategy
266,MS19B_X43_C0_1020_M_GST_0020.wav,MS19B_X43_C0_1020_M_GST_0020,279,279,279,281,กุสตาดอล์ฟ,npc,male,gustadolph,assets/triangle-strategy/approved_voice_references/gustadolph.wav,เราใช้ระเบิดที่ดราแกนคิดค้นขึ้นมาน่ะ เดิมทีพวกมันเอาไว้ใช้ในการขุดเหมือง,,,PENDING_MANUAL_GENERATION,,triangle-strategy
267,MS19B_X43_C0_1020_M_GST_0030.wav,MS19B_X43_C0_1020_M_GST_0030,280,280,280,282,กุสตาดอล์ฟ,npc,male,gustadolph,assets/triangle-strategy/approved_voice_references/gustadolph.wav,อืม ข้าไม่ต้องการจะใช้มันเป็นอาวุธสงครามอยู่แล้ว,,,PENDING_MANUAL_GENERATION,,triangle-strategy
268,MS19B_X43_C0_1020_M_GST_0040.wav,MS19B_X43_C0_1020_M_GST_0040,281,281,281,283,กุสตาดอล์ฟ,npc,male,gustadolph,assets/triangle-strategy/approved_voice_references/gustadolph.wav,ฝ่าบาทเซเรโนอา...ท่านรีบไปที่ตำหนักเถิด ทางนี้เดี๋ยวเราจัดการเอง,,,PENDING_MANUAL_GENERATION,,triangle-strategy
269,MS19B_X43_C0_1020_M_GST_0050.wav,MS19B_X43_C0_1020_M_GST_0050,282,282,282,284,กุสตาดอล์ฟ,npc,male,gustadolph,assets/triangle-strategy/approved_voice_references/gustadolph.wav,เช่นนั้นก็เตรียมตัวตายซะเถอะ,,,PENDING_MANUAL_GENERATION,,triangle-strategy
270,MS19B_X43_C0_1020_M_KNS_0010.wav,MS19B_X43_C0_1020_M_KNS_0010,283,283,283,285,แคมเซลล์,npc,male,kamsell,assets/triangle-strategy/approved_voice_references/kamsell.wav,อย่าแม้แต่จะขยับเชียว!,,,PENDING_MANUAL_GENERATION,,triangle-strategy
271,MS19B_X43_C0_1020_M_KNS_0020.wav,MS19B_X43_C0_1020_M_KNS_0020,284,284,284,286,แคมเซลล์,npc,male,kamsell,assets/triangle-strategy/approved_voice_references/kamsell.wav,อย่าให้พวกกบฎมันเหยียบย่ำตำหนัก!,,,PENDING_MANUAL_GENERATION,,triangle-strategy
272,MS19B_X43_C0_1020_M_SEL_0010.wav,MS19B_X43_C0_1020_M_SEL_0010,285,285,285,287,Serenoa,main,male,serenoa,assets/triangle-strategy/approved_voice_references/serenoa.wav,อาร์ชดยุกกุสตาดอล์ฟ!,,,PENDING_MANUAL_GENERATION,,triangle-strategy
273,MS19B_X43_C0_1020_M_SEL_0020.wav,MS19B_X43_C0_1020_M_SEL_0020,286,286,286,288,Serenoa,main,male,serenoa,assets/triangle-strategy/approved_voice_references/serenoa.wav,รัฐมนตรีแคมเซลล์ รัฐมนตรีไลล่า...,,,PENDING_MANUAL_GENERATION,,triangle-strategy
274,MS19B_X43_C0_1020_M_SEL_0030.wav,MS19B_X43_C0_1020_M_SEL_0030,287,287,287,289,Serenoa,main,male,serenoa,assets/triangle-strategy/approved_voice_references/serenoa.wav,ได้เลย,,,PENDING_MANUAL_GENERATION,,triangle-strategy
275,MS19B_X43_C0_1020_M_SVR_0010.wav,MS19B_X43_C0_1020_M_SVR_0010,288,288,288,290,สวาร็อค,npc,male,svarog,assets/triangle-strategy/approved_voice_references/svarog.wav,แปปเดียวก็ฝ่ามาถึงเราได้แล้วเหรอ เจ็ดผู้ศักดิ์สิทธิ์ช่างน่าเกรงขามยิ่งนัก,,,PENDING_MANUAL_GENERATION,,triangle-strategy
276,MS19B_X43_C0_1020_M_SVR_0020.wav,MS19B_X43_C0_1020_M_SVR_0020,289,289,289,291,สวาร็อค,npc,male,svarog,assets/triangle-strategy/approved_voice_references/svarog.wav,ผู้ใดคิดขัดขวางมันต้องตาย! ทหารเอสฟรอสต์ของข้า! บุก!,,,PENDING_MANUAL_GENERATION,,triangle-strategy
277,MS19B_X43_C0_1030_M_M391_0010.wav,MS19B_X43_C0_1030_M_M391_0010,290,290,290,292,ชายชาวเมือง / ทหาร / ผู้ติดตาม,generic,male,MALE_ADULT_B,assets/triangle-strategy/approved_voice_references/MALE_ADULT_B.wav,ทัพวูล์ฟฟอร์ตปราบทหารฝั่งตะวันตกจนเกลี่ยงเลย!,,,PENDING_MANUAL_GENERATION,,triangle-strategy
278,MS19B_X43_C0_1030_M_M391_0020.wav,MS19B_X43_C0_1030_M_M391_0020,291,291,291,293,ชายชาวเมือง / ทหาร / ผู้ติดตาม,generic,male,MALE_ADULT_B,assets/triangle-strategy/approved_voice_references/MALE_ADULT_B.wav,รัฐมนตรีเอกซ์เฮมกำลังนำกองทัพขนาดใหญ่มาเสริมแล้ว,,,PENDING_MANUAL_GENERATION,,triangle-strategy
279,MS19B_X43_C0_1030_M_M391_0030.wav,MS19B_X43_C0_1030_M_M391_0030,292,292,292,294,ชายชาวเมือง / ทหาร / ผู้ติดตาม,generic,male,MALE_ADULT_B,assets/triangle-strategy/approved_voice_references/MALE_ADULT_B.wav,ให้ทหารทุกคนไปรวมตัวกันที่ฝั่งตะวันตก เพื่อสนับสนุนรัฐมนตรีเอกซ์เฮม,,,PENDING_MANUAL_GENERATION,,triangle-strategy
280,MS19B_X43_C0_1030_M_M392_0010.wav,MS19B_X43_C0_1030_M_M392_0010,293,293,293,295,ชายชาวเมือง / ทหาร / ผู้ติดตาม,generic,male,MALE_ADULT_C,assets/triangle-strategy/approved_voice_references/MALE_ADULT_C.wav,ไม่จริง เป็นไปไม่ได้!,,,PENDING_MANUAL_GENERATION,,triangle-strategy
281,MS19B_X43_C0_1030_M_M393_0010.wav,MS19B_X43_C0_1030_M_M393_0010,294,294,294,296,ชายชาวเมือง / ทหาร / ผู้ติดตาม,generic,male,MALE_YOUNG_A,assets/triangle-strategy/approved_voice_references/MALE_YOUNG_A.wav,ใจเย็นก่อน! เรายังมีโล่เทพธิดาและเจ็ดผู้ศักดิ์สิทธิ์ที่คอยปกป้องเราอยู่นะ,,,PENDING_MANUAL_GENERATION,,triangle-strategy
282,MS19B_X43_C0_1030_M_M393_0020.wav,MS19B_X43_C0_1030_M_M393_0020,295,295,295,297,ชายชาวเมือง / ทหาร / ผู้ติดตาม,generic,male,MALE_YOUNG_A,assets/triangle-strategy/approved_voice_references/MALE_YOUNG_A.wav,รับทราบ,,,PENDING_MANUAL_GENERATION,,triangle-strategy
283,MS19B_X43_C0_1030_M_M393_0030.wav,MS19B_X43_C0_1030_M_M393_0030,296,296,296,298,ชายชาวเมือง / ทหาร / ผู้ติดตาม,generic,male,MALE_YOUNG_A,assets/triangle-strategy/approved_voice_references/MALE_YOUNG_A.wav,เร็วเข้า!,,,PENDING_MANUAL_GENERATION,,triangle-strategy
284,MS19B_X43_C0_1030_M_M394_0010.wav,MS19B_X43_C0_1030_M_M394_0010,297,297,297,299,ชายชาวเมือง / ทหาร / ผู้ติดตาม,generic,male,MALE_ADULT_A,assets/triangle-strategy/approved_voice_references/MALE_ADULT_A.wav,ยอดเยี่ยม คราวนี้พวกเราจะได้เตรียมปืนใหญ่โดยที่พวกมันไม่ทันตั้งตัว,,,PENDING_MANUAL_GENERATION,,triangle-strategy
285,MS19B_X43_C0_1030_M_M394_0020.wav,MS19B_X43_C0_1030_M_M394_0020,298,298,298,300,ชายชาวเมือง / ทหาร / ผู้ติดตาม,generic,male,MALE_ADULT_A,assets/triangle-strategy/approved_voice_references/MALE_ADULT_A.wav,ข้าต้องกลับไปรายงานอาร์ชดยุกและตระกูลวูล์ฟฟอร์ต,,,PENDING_MANUAL_GENERATION,,triangle-strategy
286,MS19B_X43_WD_0010_N_NNN_0010.wav,MS19B_X43_WD_0010_N_NNN_0010,299,299,299,301,Narrator,narrator,female,narrator,assets/triangle-strategy/approved_voice_references/narrator.wav,ปืนใหญ่เอสฟรอสต์ถูกประดิษฐ์คิดค้นขึ้นมาเพื่อทำลายโล่เทพธิดา ซึ่งเป็นกำแพงคุ้มกันอาณาจักรไฮแซนต์โดยเฉพาะ,,,PENDING_MANUAL_GENERATION,,triangle-strategy
287,MS19B_X43_WD_0010_N_NNN_0020.wav,MS19B_X43_WD_0010_N_NNN_0020,300,300,300,302,Narrator,narrator,female,narrator,assets/triangle-strategy/approved_voice_references/narrator.wav,ทว่าการเตรียมปืนใหญ่ต้องใช้เวลา ทางวูล์ฟฟอร์ตจึงอาสารับหน้าที่สุดอันตราย ดึงความสนใจไฮแซนต์เพื่อซื้อเวลาให้กับเอสฟรอสต์,,,PENDING_MANUAL_GENERATION,,triangle-strategy
288,MS19B_X43_WD_0010_N_NNN_0030.wav,MS19B_X43_WD_0010_N_NNN_0030,301,301,301,303,Narrator,narrator,female,narrator,assets/triangle-strategy/approved_voice_references/narrator.wav,เบเนดิกต์ได้ใช้เล่ห์กล เพื่อทำให้รัฐมนตรีเทเนบริสและพ่อค้าแคลรุสบาดหมางกันเอง ส่งผลสำเร็จในการล่อลวงข้าศึก,,,PENDING_MANUAL_GENERATION,,triangle-strategy
289,MS19B_X43_WD_0015_N_NNN_0010.wav,MS19B_X43_WD_0015_N_NNN_0010,302,302,302,304,Narrator,narrator,female,narrator,assets/triangle-strategy/approved_voice_references/narrator.wav,ปืนใหญ่ยิงทะลุโล่เทพธิดาอย่างง่ายดาย ราวกับเหล็กแหลมเสียบแทงเข้าเนื้อ,,,PENDING_MANUAL_GENERATION,,triangle-strategy
290,MS19B_X43_WD_0015_N_NNN_0020.wav,MS19B_X43_WD_0015_N_NNN_0020,303,303,303,305,Narrator,narrator,female,narrator,assets/triangle-strategy/approved_voice_references/narrator.wav,ตระกูลวูล์ฟฟอร์ตและทัพเอสฟรอสต์ได้รวมทัพกันในเมืองหลวง พร้อมตั้งเป้าไปที่ตำหนัก,,,PENDING_MANUAL_GENERATION,,triangle-strategy
291,MS19B_X43_WD_0015_N_NNN_0030.wav,MS19B_X43_WD_0015_N_NNN_0030,304,304,304,306,Narrator,narrator,female,narrator,assets/triangle-strategy/approved_voice_references/narrator.wav,ที่นั่นคือสมรภูมิสุดท้ายของพวกเขา,,,PENDING_MANUAL_GENERATION,,triangle-strategy
292,MS19B_X43_WD_0020_N_NNN_0010.wav,MS19B_X43_WD_0020_N_NNN_0010,305,305,305,307,Narrator,narrator,female,narrator,assets/triangle-strategy/approved_voice_references/narrator.wav,ทหารพันธมิตรเอาชนะศึกชิงเมืองหลวงไฮแซนต์ได้สำเร็จ,,,PENDING_MANUAL_GENERATION,,triangle-strategy
293,MS19B_X43_WD_0020_N_NNN_0020.wav,MS19B_X43_WD_0020_N_NNN_0020,306,306,306,308,Narrator,narrator,female,narrator,assets/triangle-strategy/approved_voice_references/narrator.wav,"รัฐมนตรีไลล่าแห่งเจ็ดผู้ศักดิ์สิทธิ์คนสุดท้าย ได้ลงนามในสัญญาสงบศึก
พร้อมยุติการผูกการเกลือ",,,PENDING_MANUAL_GENERATION,,triangle-strategy
294,MS19B_X43_WD_0020_N_NNN_0030.wav,MS19B_X43_WD_0020_N_NNN_0030,307,307,307,309,Narrator,narrator,female,narrator,assets/triangle-strategy/approved_voice_references/narrator.wav,เหตุการณ์นี้จะส่งผลกระทบต่อชาวนอร์เซเลียทุกคน,,,PENDING_MANUAL_GENERATION,,triangle-strategy
295,MS19B_X43_WD_0020_N_NNN_0040.wav,MS19B_X43_WD_0020_N_NNN_0040,308,308,308,310,Narrator,narrator,female,narrator,assets/triangle-strategy/approved_voice_references/narrator.wav,ชาวโรเซลล์ได้พบกับอิสรภาพ และอิทธิพลแห่งคำสอนเทพธิดากำลังเสื่อมถอย เมื่อทุกคนในเห็นตัวตนแท้จริงของหัวหน้านักบวช,,,PENDING_MANUAL_GENERATION,,triangle-strategy
296,MS19B_X43_WD_0020_N_NNN_0050.wav,MS19B_X43_WD_0020_N_NNN_0050,309,309,309,311,Narrator,narrator,female,narrator,assets/triangle-strategy/approved_voice_references/narrator.wav,"แต่การถูกข่มเหงและอคติที่ทุกคนมีต่อพวกเขามาช้านาน
ทำให้ไม่สามารถเริ่มต้นชีวิตใหม่ได้โดยปราศจากโซ่ตรวน
บัดนี้พวกเขาทั้งหลายได้แยกย้ายไปตามทางของตน...",,,PENDING_MANUAL_GENERATION,,triangle-strategy
297,MS19B_X43_WD_0020_N_NNN_0060.wav,MS19B_X43_WD_0020_N_NNN_0060,310,310,310,312,Narrator,narrator,female,narrator,assets/triangle-strategy/approved_voice_references/narrator.wav,ในขณะเดียวกัน เกลนบรู๊คและเอสฟรอสต์ได้ร่วมมือกันทำลายสมาคมและภาษีเกลือ อีกทั้งเปิดเหมืองให้สาธารณชนได้เข้าถึงคริสตัลเกลืออีกด้วย,,,PENDING_MANUAL_GENERATION,,triangle-strategy
298,MS19B_X43_WD_0020_N_NNN_0070.wav,MS19B_X43_WD_0020_N_NNN_0070,311,311,311,313,Narrator,narrator,female,narrator,assets/triangle-strategy/approved_voice_references/narrator.wav,มีการเผยแพร่วิธีใช้งานเกลือมากมาย และมีการออกกฎหมายเพื่อสนับสนุนการค้าเกลือ เมื่อผู้คนเล็งเห็นถึงโอกาสที่อยู่เบื้องหน้า...พวกเขาจึงรีบคว้ามันไว้,,,PENDING_MANUAL_GENERATION,,triangle-strategy
299,MS19B_X43_WD_0020_N_NNN_0080.wav,MS19B_X43_WD_0020_N_NNN_0080,312,312,312,314,Narrator,narrator,female,narrator,assets/triangle-strategy/approved_voice_references/narrator.wav,"จึงทำให้ประชาชนต่างขนานนามเขาว่า ""กษัตริย์เซเรโนอาผู้กอบกู้อิสรภาพ""",,,PENDING_MANUAL_GENERATION,,triangle-strategy
300,MS19B_X43_WD_0020_N_NNN_0090.wav,MS19B_X43_WD_0020_N_NNN_0090,313,313,313,315,Narrator,narrator,female,narrator,assets/triangle-strategy/approved_voice_references/narrator.wav,และแล้ว...ยุคแห่งสันติภาพก็มาถึง ทุกคนมีสิทธิใช้เกลือเพื่อยกระดับคุณภาพชีวิต การค้าขาย และอุตสาหกรรม บัดนี้นอร์เซเลียกลายเป็นทวีปที่ถูกปกครองโดยประชาชน,,,PENDING_MANUAL_GENERATION,,triangle-strategy
301,MS19B_X43_WD_0020_N_NNN_0100.wav,MS19B_X43_WD_0020_N_NNN_0100,314,314,314,316,Narrator,narrator,female,narrator,assets/triangle-strategy/approved_voice_references/narrator.wav,ความเหลื่อมล้ำได้ทวีคูณขึ้นเรื่อยๆในแต่ละวัน จนกลายเป็นยุคที่คนรวยกระจุก...คนจนกระจาย บางคนเจริญงอกงาม ในขณะที่อีกหลายคนทุกข์ทรมาน...,,,PENDING_MANUAL_GENERATION,,triangle-strategy
302,MS19F_X45_A1_0010_M_EGS_0010.wav,MS19F_X45_A1_0010_M_EGS_0010,0,0,0,1,Exharme,npc,male,exharme,assets/triangle-strategy/approved_voice_references/exharme.wav,หายหัวไปไหนกันหมด... หมายความว่าไงกัน!?,,,PENDING_MANUAL_GENERATION,,triangle-strategy
303,MS19F_X45_A1_0010_M_EGS_0020.wav,MS19F_X45_A1_0010_M_EGS_0020,1,1,1,2,Exharme,npc,male,exharme,assets/triangle-strategy/approved_voice_references/exharme.wav,พวกมันทิ้งปราสาทและบอกให้ชาวเมืองหนีไปสินะ...,,,PENDING_MANUAL_GENERATION,,triangle-strategy
304,MS19F_X45_A1_0010_M_EGS_0030.wav,MS19F_X45_A1_0010_M_EGS_0030,2,2,2,3,Exharme,npc,male,exharme,assets/triangle-strategy/approved_voice_references/exharme.wav,บ้าฉิบ! พวกมันอาศัยความระวังของเราเพื่อซื้อเวลาให้ตัวเอง!,,,PENDING_MANUAL_GENERATION,,triangle-strategy
305,MS19F_X45_A1_0010_M_EGS_0040.wav,MS19F_X45_A1_0010_M_EGS_0040,3,3,3,4,Exharme,npc,male,exharme,assets/triangle-strategy/approved_voice_references/exharme.wav,ข้าก็ไม่รู้เหมือนกัน... วางแผนอะไรอยู่กันนะ วูล์ฟฟอร์ต?,,,PENDING_MANUAL_GENERATION,,triangle-strategy
306,MS19F_X45_A1_0010_M_EGS_0050.wav,MS19F_X45_A1_0010_M_EGS_0050,4,4,4,5,Exharme,npc,male,exharme,assets/triangle-strategy/approved_voice_references/exharme.wav,อืม... งั้นข้าขอยึดปราสาทไว้เลยก็แล้วกัน เขตแดนนี้เป็นของไฮแซนต์แล้ว,,,PENDING_MANUAL_GENERATION,,triangle-strategy
307,MS19F_X45_A1_0010_M_M385_0010.wav,MS19F_X45_A1_0010_M_M385_0010,5,5,5,6,ชายชาวเมือง / ทหาร / ผู้ติดตาม,generic,male,MALE_ADULT_A,assets/triangle-strategy/approved_voice_references/MALE_ADULT_A.wav,หน่วยลาดตระเวนของเราไม่พบข้าศึกเลยขอรับ... เจอแต่หุ่นฟาง!,,,PENDING_MANUAL_GENERATION,,triangle-strategy
308,MS19F_X45_A1_0010_M_M385_0020.wav,MS19F_X45_A1_0010_M_M385_0020,6,6,6,7,ชายชาวเมือง / ทหาร / ผู้ติดตาม,generic,male,MALE_ADULT_A,assets/triangle-strategy/approved_voice_references/MALE_ADULT_A.wav,แล้วพวกมันจะไปไหนได้ล่ะท่าน?,,,PENDING_MANUAL_GENERATION,,triangle-strategy
309,MS19F_X45_A1_0010_M_M385_0030.wav,MS19F_X45_A1_0010_M_M385_0030,7,7,7,8,ชายชาวเมือง / ทหาร / ผู้ติดตาม,generic,male,MALE_ADULT_A,assets/triangle-strategy/approved_voice_references/MALE_ADULT_A.wav,ขอรับ!,,,PENDING_MANUAL_GENERATION,,triangle-strategy
310,MS19F_X45_A1_0010_M_M386_0010.wav,MS19F_X45_A1_0010_M_M386_0010,8,8,8,9,ชายชาวเมือง / ทหาร / ผู้ติดตาม,generic,male,MALE_ADULT_B,assets/triangle-strategy/approved_voice_references/MALE_ADULT_B.wav,ไม่มีใครอยู่ในปราสาทเลยขอรับ รัฐมนตรีเอกซ์เฮม !,,,PENDING_MANUAL_GENERATION,,triangle-strategy
311,MS19F_X45_A3_0010_F_FRE_0010.wav,MS19F_X45_A3_0010_F_FRE_0010,9,9,9,10,Frederica,main,female,frederica,assets/triangle-strategy/approved_voice_references/frederica.wav,เจอไหมเจ้าคะ?,,,PENDING_MANUAL_GENERATION,,triangle-strategy
312,MS19F_X45_A3_0010_F_FRE_0020.wav,MS19F_X45_A3_0010_F_FRE_0020,10,10,10,11,Frederica,main,female,frederica,assets/triangle-strategy/approved_voice_references/frederica.wav,ข้าขอร้องล่ะ... ขอเวลาอีกสักหน่อยเถอะ,,,PENDING_MANUAL_GENERATION,,triangle-strategy
313,MS19F_X45_A3_0010_F_FRE_0030.wav,MS19F_X45_A3_0010_F_FRE_0030,11,11,11,13,Frederica,main,female,frederica,assets/triangle-strategy/approved_voice_references/frederica.wav,...สร้อยของแม่ข้า!,,,PENDING_MANUAL_GENERATION,,triangle-strategy
314,MS19F_X45_A3_0010_F_FRE_0040.wav,MS19F_X45_A3_0010_F_FRE_0040,12,12,12,14,Frederica,main,female,frederica,assets/triangle-strategy/approved_voice_references/frederica.wav,(ร้องไห้),,,PENDING_MANUAL_GENERATION,,triangle-strategy
315,MS19F_X45_A3_0010_F_FRE_0050.wav,MS19F_X45_A3_0010_F_FRE_0050,13,13,13,15,Frederica,main,female,frederica,assets/triangle-strategy/approved_voice_references/frederica.wav,...เช่นกันนะที่รัก,,,PENDING_MANUAL_GENERATION,,triangle-strategy
316,MS19F_X45_A3_0010_F_FRE_0060.wav,MS19F_X45_A3_0010_F_FRE_0060,14,14,14,16,Frederica,main,female,frederica,assets/triangle-strategy/approved_voice_references/frederica.wav,ไม่ใช่ความผิดของใครทั้งนั้น ไม่มีใครบีบบังคับเรา...พวกเราเลือกเองทั้งสิ้น,,,PENDING_MANUAL_GENERATION,,triangle-strategy
317,MS19F_X45_A3_0010_F_FRE_0070.wav,MS19F_X45_A3_0010_F_FRE_0070,15,15,15,17,Frederica,main,female,frederica,assets/triangle-strategy/approved_voice_references/frederica.wav,การพูดด้วยใจ แสดงออกทางการกระทำ และยอมรับผลที่ตามมา... นั่นคือวิถีแห่งตระกูลเราไม่ใช่เหรอ เอราดอร์?,,,PENDING_MANUAL_GENERATION,,triangle-strategy
318,MS19F_X45_A3_0010_F_FRE_0080.wav,MS19F_X45_A3_0010_F_FRE_0080,16,16,16,18,Frederica,main,female,frederica,assets/triangle-strategy/approved_voice_references/frederica.wav,และนี่คือจุดเริ่มต้นของเราต่างหากล่ะ มาเถิดสหายข้า...หนทางอีกยาวไกล,,,PENDING_MANUAL_GENERATION,,triangle-strategy
319,MS19F_X45_A3_0010_F_FRE_0090.wav,MS19F_X45_A3_0010_F_FRE_0090,17,17,17,19,Frederica,main,female,frederica,assets/triangle-strategy/approved_voice_references/frederica.wav,ข้าจะทำตามสัญญาที่ให้ไว้ต่อพวกท่าน...และสามีของข้า,,,PENDING_MANUAL_GENERATION,,triangle-strategy
320,MS19F_X45_A3_0010_F_FRE_0100.wav,MS19F_X45_A3_0010_F_FRE_0100,18,18,18,20,Frederica,main,female,frederica,assets/triangle-strategy/approved_voice_references/frederica.wav,สู่เซนทราเลีย!,,,PENDING_MANUAL_GENERATION,,triangle-strategy
321,MS19F_X45_A3_0010_F_M432_0010.wav,MS19F_X45_A3_0010_F_M432_0010,19,19,19,21,หญิงชาวเมือง / ทหาร / ผู้ติดตาม,generic,female,FEMALE_ADULT_B,assets/triangle-strategy/approved_voice_references/FEMALE_ADULT_B.wav,เรื่องนี้คงไม่เกิดขึ้นหากท่านไม่ช่วยพวกเราไว้...,,,PENDING_MANUAL_GENERATION,,triangle-strategy
322,MS19F_X45_A3_0010_F_YRA_0010.wav,MS19F_X45_A3_0010_F_YRA_0010,20,20,20,22,Geela,main,female,geela,assets/triangle-strategy/approved_voice_references/geela.wav,ท่านหญิง คือข้าไม่อยากจะพูดเช่นนี้เลย... แต่เราจะหาเขาทั้งวันไม่ได้นะเจ้าคะ,,,PENDING_MANUAL_GENERATION,,triangle-strategy
323,MS19F_X45_A3_0010_M_ELA_0010.wav,MS19F_X45_A3_0010_M_ELA_0010,21,21,21,23,Erador,main,male,erador,assets/triangle-strategy/approved_voice_references/erador.wav,ข้า... ปกป้องเขาไม่ได้...,,,PENDING_MANUAL_GENERATION,,triangle-strategy
324,MS19F_X45_A3_0010_M_ELA_0020.wav,MS19F_X45_A3_0010_M_ELA_0020,22,22,22,24,Erador,main,male,erador,assets/triangle-strategy/approved_voice_references/erador.wav,...ถูกต้องขอรับท่านหญิง นั่นคือความหมายแห่งการเป็นวูล์ฟฟอร์ต!,,,PENDING_MANUAL_GENERATION,,triangle-strategy
325,MS19F_X45_A3_0010_M_JRM_0010.wav,MS19F_X45_A3_0010_M_JRM_0010,23,23,23,25,เจอร์รอม,npc,male,jerrom,assets/triangle-strategy/approved_voice_references/jerrom.wav,หากเราแข็งแกร่งกว่านี้ล่ะก็...,,,PENDING_MANUAL_GENERATION,,triangle-strategy
326,MS19F_X45_A3_0010_M_M431_0010.wav,MS19F_X45_A3_0010_M_M431_0010,24,24,24,26,ชายชาวเมือง / ทหาร / ผู้ติดตาม,generic,male,MALE_ADULT_A,assets/triangle-strategy/approved_voice_references/MALE_ADULT_A.wav,ข้าขอโทษด้วยขอรับ...,,,PENDING_MANUAL_GENERATION,,triangle-strategy
327,MS19F_X45_A3_0010_M_M431_0020.wav,MS19F_X45_A3_0010_M_M431_0020,25,25,25,27,ชายชาวเมือง / ทหาร / ผู้ติดตาม,generic,male,MALE_ADULT_A,assets/triangle-strategy/approved_voice_references/MALE_ADULT_A.wav,พวกเราขออยู่เคียงข้างท่านตราบจนชีพวาย!,,,PENDING_MANUAL_GENERATION,,triangle-strategy
328,MS19F_X45_A3_0010_M_MB536T01_0010.wav,MS19F_X45_A3_0010_M_MB536T01_0010,26,26,26,28,ชายชาวเมือง / ทหาร / ผู้ติดตาม,generic,male,MALE_ADULT_B,assets/triangle-strategy/approved_voice_references/MALE_ADULT_B.wav,ท่านหญิงเฟรเดอริก้า...,,,PENDING_MANUAL_GENERATION,,triangle-strategy
329,MS19F_X45_A3_0010_M_RLN_0010.wav,MS19F_X45_A3_0010_M_RLN_0010,27,27,27,29,Roland,main,male,roland,assets/triangle-strategy/approved_voice_references/roland.wav,ไม่เจอเลย,,,PENDING_MANUAL_GENERATION,,triangle-strategy
330,MS19F_X45_A3_0010_M_RLN_0020.wav,MS19F_X45_A3_0010_M_RLN_0020,28,28,28,30,Roland,main,male,roland,assets/triangle-strategy/approved_voice_references/roland.wav,เซเรโนอา...,,,PENDING_MANUAL_GENERATION,,triangle-strategy
331,MS19F_X45_A3_0010_M_RLN_0030.wav,MS19F_X45_A3_0010_M_RLN_0030,29,29,29,31,Roland,main,male,roland,assets/triangle-strategy/approved_voice_references/roland.wav,...ไปกันเถอะทุกคน,,,PENDING_MANUAL_GENERATION,,triangle-strategy
332,MS19F_X45_A3_0010_M_SEL_0010.wav,MS19F_X45_A3_0010_M_SEL_0010,30,30,30,32,Serenoa,main,male,serenoa,assets/triangle-strategy/approved_voice_references/serenoa.wav,ไม่ว่าจะเกิดอะไรขึ้น ข้าขอรับปากว่าจะไม่เสียใจที่เลือกเดินเส้นทางนี้,,,PENDING_MANUAL_GENERATION,,triangle-strategy
333,MS19F_X45_B0_0010_M_BND_0010.wav,MS19F_X45_B0_0010_M_BND_0010,31,31,31,33,Benedict,main,male,benedict,assets/triangle-strategy/approved_voice_references/benedict.wav,ขอรับ พวกเราจัดการกับขุนนางเกลนบรู๊ค ที่คอยหนุนหลังสวาร็อคเรียบร้อยแล้ว,,,PENDING_MANUAL_GENERATION,,triangle-strategy
334,MS19F_X45_B0_0010_M_BND_0020.wav,MS19F_X45_B0_0010_M_BND_0020,32,32,32,34,Benedict,main,male,benedict,assets/triangle-strategy/approved_voice_references/benedict.wav,อีกเดี๋ยวเขาก็จะโดนแทงข้างหลัง,,,PENDING_MANUAL_GENERATION,,triangle-strategy
335,MS19F_X45_B0_0010_M_BND_0030.wav,MS19F_X45_B0_0010_M_BND_0030,33,33,33,35,Benedict,main,male,benedict,assets/triangle-strategy/approved_voice_references/benedict.wav,เอกซ์เฮมเผลอหลุดงานวิจัยให้ข้ารู้ขอรับ,,,PENDING_MANUAL_GENERATION,,triangle-strategy
336,MS19F_X45_B0_0010_M_BND_0040.wav,MS19F_X45_B0_0010_M_BND_0040,34,34,34,36,Benedict,main,male,benedict,assets/triangle-strategy/approved_voice_references/benedict.wav,ด้วยเกลนบรู๊คที่ถูกทิ้งร้าง คงเป็นโอกาสอันเหมาะสมในการขจัดความเน่าเฟะออกไป,,,PENDING_MANUAL_GENERATION,,triangle-strategy
337,MS19F_X45_B0_0010_M_BND_0050.wav,MS19F_X45_B0_0010_M_BND_0050,35,35,35,37,Benedict,main,male,benedict,assets/triangle-strategy/approved_voice_references/benedict.wav,ขอรับ มาตรการทำลายเศษเหลือของไฮแซนต์ กำลังดำเนินไปด้วยดีเช่นกัน,,,PENDING_MANUAL_GENERATION,,triangle-strategy
338,MS19F_X45_B0_0010_M_BND_0060.wav,MS19F_X45_B0_0010_M_BND_0060,36,36,36,38,Benedict,main,male,benedict,assets/triangle-strategy/approved_voice_references/benedict.wav,แล้วก็ อย่าลืมสัญญา-,,,PENDING_MANUAL_GENERATION,,triangle-strategy
339,MS19F_X45_B0_0010_M_BND_0070.wav,MS19F_X45_B0_0010_M_BND_0070,37,37,37,39,Benedict,main,male,benedict,assets/triangle-strategy/approved_voice_references/benedict.wav,...หวังว่าท่านจะรักษาสัญญาขอรับ,,,PENDING_MANUAL_GENERATION,,triangle-strategy
340,MS19F_X45_B0_0010_M_GST_0010.wav,MS19F_X45_B0_0010_M_GST_0010,38,38,38,40,กุสตาดอล์ฟ,npc,male,gustadolph,assets/triangle-strategy/approved_voice_references/gustadolph.wav,สวาร็อคมันอยากชำระแค้นแทนลูกชายด้วยการโจมตีเมืองหลวงสินะ? สายสัมพันธ์ครอบครัวมันน่ากลัวเหลือเกิน...,,,PENDING_MANUAL_GENERATION,,triangle-strategy
341,MS19F_X45_B0_0010_M_GST_0020.wav,MS19F_X45_B0_0010_M_GST_0020,39,39,39,41,กุสตาดอล์ฟ,npc,male,gustadolph,assets/triangle-strategy/approved_voice_references/gustadolph.wav,อย่าใจร้อนนักสิ ปืนใหญ่ยังไม่สมบูรณ์เลย มันยิงไม่ค่อยโดนหรอก,,,PENDING_MANUAL_GENERATION,,triangle-strategy
342,MS19F_X45_B0_0010_M_GST_0030.wav,MS19F_X45_B0_0010_M_GST_0030,40,40,40,42,กุสตาดอล์ฟ,npc,male,gustadolph,assets/triangle-strategy/approved_voice_references/gustadolph.wav,ก็ทำแล้วนี่ไง,,,PENDING_MANUAL_GENERATION,,triangle-strategy
343,MS19F_X45_B0_0010_M_GST_0040.wav,MS19F_X45_B0_0010_M_GST_0040,41,41,41,43,กุสตาดอล์ฟ,npc,male,gustadolph,assets/triangle-strategy/approved_voice_references/gustadolph.wav,ใช่ไหมล่ะ เบเนดิกต์?,,,PENDING_MANUAL_GENERATION,,triangle-strategy
344,MS19F_X45_B0_0010_M_GST_0050.wav,MS19F_X45_B0_0010_M_GST_0050,42,42,42,44,กุสตาดอล์ฟ,npc,male,gustadolph,assets/triangle-strategy/approved_voice_references/gustadolph.wav,ยังไม่หมดสินะ,,,PENDING_MANUAL_GENERATION,,triangle-strategy
345,MS19F_X45_B0_0010_M_GST_0060.wav,MS19F_X45_B0_0010_M_GST_0060,43,43,43,45,กุสตาดอล์ฟ,npc,male,gustadolph,assets/triangle-strategy/approved_voice_references/gustadolph.wav,แสดงว่าเจ้าตั้งใจจะทำลายข้าศึกทุกฝ่ายของเราภายในครั้งเดียวสินะ,,,PENDING_MANUAL_GENERATION,,triangle-strategy
346,MS19F_X45_B0_0010_M_GST_0070.wav,MS19F_X45_B0_0010_M_GST_0070,44,44,44,46,กุสตาดอล์ฟ,npc,male,gustadolph,assets/triangle-strategy/approved_voice_references/gustadolph.wav,เหอะๆๆ มีประสิทธิภาพเหลือเกิน,,,PENDING_MANUAL_GENERATION,,triangle-strategy
347,MS19F_X45_B0_0010_M_GST_0080.wav,MS19F_X45_B0_0010_M_GST_0080,45,45,45,47,กุสตาดอล์ฟ,npc,male,gustadolph,assets/triangle-strategy/approved_voice_references/gustadolph.wav,ข้าไม่ลืมหรอก,,,PENDING_MANUAL_GENERATION,,triangle-strategy
348,MS19F_X45_B0_0010_M_GST_0090.wav,MS19F_X45_B0_0010_M_GST_0090,46,46,46,48,กุสตาดอล์ฟ,npc,male,gustadolph,assets/triangle-strategy/approved_voice_references/gustadolph.wav,เมื่อข้าครองนอร์เซเลียได้ แคว้นวูล์ฟฟอร์ตก็จะกลายเป็นของเจ้าอีกครั้ง,,,PENDING_MANUAL_GENERATION,,triangle-strategy
349,MS19F_X45_B0_0010_M_GST_0100.wav,MS19F_X45_B0_0010_M_GST_0100,47,47,47,49,กุสตาดอล์ฟ,npc,male,gustadolph,assets/triangle-strategy/approved_voice_references/gustadolph.wav,รวมถึงประชาชนที่เจ้าหวงแหนด้วย,,,PENDING_MANUAL_GENERATION,,triangle-strategy
350,MS19F_X45_B0_0010_M_GST_0110.wav,MS19F_X45_B0_0010_M_GST_0110,48,48,48,50,กุสตาดอล์ฟ,npc,male,gustadolph,assets/triangle-strategy/approved_voice_references/gustadolph.wav,ปลอดภัยสิ คำสาบานในอดีตคือความหมายแห่งชีวิตของเขา แค่นั้นเลย,,,PENDING_MANUAL_GENERATION,,triangle-strategy
351,MS19F_X45_B0_0010_M_GST_0120.wav,MS19F_X45_B0_0010_M_GST_0120,49,49,49,51,กุสตาดอล์ฟ,npc,male,gustadolph,assets/triangle-strategy/approved_voice_references/gustadolph.wav,เขาไม่มีเป้าหมายหรือความสามารถในการโค่นล้มข้าหรอก แต่คนฉลาดเช่นนี้...ปล่อยทิ้งไปคงสูญเปล่า...,,,PENDING_MANUAL_GENERATION,,triangle-strategy
352,MS19F_X45_B0_0010_M_GST_0130.wav,MS19F_X45_B0_0010_M_GST_0130,50,50,50,52,กุสตาดอล์ฟ,npc,male,gustadolph,assets/triangle-strategy/approved_voice_references/gustadolph.wav,เขาเป็นเครื่องมือที่เหมาะสม ที่ข้าแสวงผลประโยชน์ได้มหาศาล,,,PENDING_MANUAL_GENERATION,,triangle-strategy
353,MS19F_X45_B0_0010_M_GST_0140.wav,MS19F_X45_B0_0010_M_GST_0140,51,51,51,53,กุสตาดอล์ฟ,npc,male,gustadolph,assets/triangle-strategy/approved_voice_references/gustadolph.wav,เหอะๆๆ...,,,PENDING_MANUAL_GENERATION,,triangle-strategy
354,MS19F_X45_B0_0010_M_M389_0010.wav,MS19F_X45_B0_0010_M_M389_0010,52,52,52,54,ชายชาวเมือง / ทหาร / ผู้ติดตาม,generic,male,MALE_ADULT_A,assets/triangle-strategy/approved_voice_references/MALE_ADULT_A.wav,อาร์ชดยุก! พวกเราถูกปืนใหญ่ข้าศึกโจมตีขอรับ!,,,PENDING_MANUAL_GENERATION,,triangle-strategy
355,MS19F_X45_B0_0010_M_M389_0020.wav,MS19F_X45_B0_0010_M_M389_0020,53,53,53,55,ชายชาวเมือง / ทหาร / ผู้ติดตาม,generic,male,MALE_ADULT_A,assets/triangle-strategy/approved_voice_references/MALE_ADULT_A.wav,ตะ-แต่นายท่าน... ทัพของเราเสียขวัญกันหมดแล้วนะขอรับ เราต้องทำอะไรสักอย่าง-,,,PENDING_MANUAL_GENERATION,,triangle-strategy
356,MS19F_X45_B0_0010_M_M389_0030.wav,MS19F_X45_B0_0010_M_M389_0030,54,54,54,56,ชายชาวเมือง / ทหาร / ผู้ติดตาม,generic,male,MALE_ADULT_A,assets/triangle-strategy/approved_voice_references/MALE_ADULT_A.wav,ด้วยความเคารพนะขอรับนายท่าน แต่การมอบอาณาเขต...ให้ชายคนนั้น...มันปลอดภัยจริงเหรอ?,,,PENDING_MANUAL_GENERATION,,triangle-strategy
357,MS19F_X45_B0_0010_M_ROF_0010.wav,MS19F_X45_B0_0010_M_ROF_0010,55,55,55,57,รูฟัส,npc,male,rufus,assets/triangle-strategy/approved_voice_references/rufus.wav,ไอ้พวกเวรนี่...,,,PENDING_MANUAL_GENERATION,,triangle-strategy
358,MS19F_X45_B0_0010_M_ROF_0020.wav,MS19F_X45_B0_0010_M_ROF_0020,56,56,56,58,รูฟัส,npc,male,rufus,assets/triangle-strategy/approved_voice_references/rufus.wav,อาร์ชดยุก ข้าขอยืมทหารสักคนสองคนทีสิ รับรองปืนใหญ่ได้พังก่อนยิงอีกรอบแน่!,,,PENDING_MANUAL_GENERATION,,triangle-strategy
359,MS19F_X45_B0_0010_M_ROF_0030.wav,MS19F_X45_B0_0010_M_ROF_0030,57,57,57,59,รูฟัส,npc,male,rufus,assets/triangle-strategy/approved_voice_references/rufus.wav,เบเนดิกต์เป็นคนที่ไม่ควรมีเรื่องด้วยจริงๆ,,,PENDING_MANUAL_GENERATION,,triangle-strategy
360,MS19F_X45_BATTLE_01_AFTER_F_FRE_0010.wav,MS19F_X45_BATTLE_01_AFTER_F_FRE_0010,58,58,58,60,Frederica,main,female,frederica,assets/triangle-strategy/approved_voice_references/frederica.wav,ข้ามศพข้าไปให้ได้ก่อนเถอะ!,,,PENDING_MANUAL_GENERATION,,triangle-strategy
361,MS19F_X45_BATTLE_01_AFTER_F_FRE_0020.wav,MS19F_X45_BATTLE_01_AFTER_F_FRE_0020,59,59,59,61,Frederica,main,female,frederica,assets/triangle-strategy/approved_voice_references/frederica.wav,อ้าก!,,,PENDING_MANUAL_GENERATION,,triangle-strategy
362,MS19F_X45_BATTLE_01_AFTER_F_FRE_0030.wav,MS19F_X45_BATTLE_01_AFTER_F_FRE_0030,60,60,60,62,Frederica,main,female,frederica,assets/triangle-strategy/approved_voice_references/frederica.wav,ข้าไม่เป็นไร แค่ถลอกนิดหน่อยเท่านั้นเอง...,,,PENDING_MANUAL_GENERATION,,triangle-strategy
363,MS19F_X45_BATTLE_01_AFTER_F_FRE_0040.wav,MS19F_X45_BATTLE_01_AFTER_F_FRE_0040,61,61,61,63,Frederica,main,female,frederica,assets/triangle-strategy/approved_voice_references/frederica.wav,ระหว่างนี้เรามาติดตั้งระเบิดกันเถอะ,,,PENDING_MANUAL_GENERATION,,triangle-strategy
364,MS19F_X45_BATTLE_01_AFTER_F_FRE_0050.wav,MS19F_X45_BATTLE_01_AFTER_F_FRE_0050,62,62,62,64,Frederica,main,female,frederica,assets/triangle-strategy/approved_voice_references/frederica.wav,เพราะพวกท่านไม่สมควรถูกกระทำเช่นนี้ยังไงล่ะ,,,PENDING_MANUAL_GENERATION,,triangle-strategy
365,MS19F_X45_BATTLE_01_AFTER_F_FRE_0060.wav,MS19F_X45_BATTLE_01_AFTER_F_FRE_0060,63,63,63,65,Frederica,main,female,frederica,assets/triangle-strategy/approved_voice_references/frederica.wav,ผิดแล้ว นั่นมันเรื่องหลอกลวงที่คำสอนเทพธิดาปรุงแต่งขึ้นมาทั้งสิ้น! แม่ข้าทิ้งบันทึกความจริงไว้ให้ข้าอ่าน,,,PENDING_MANUAL_GENERATION,,triangle-strategy
366,MS19F_X45_BATTLE_01_AFTER_F_FRE_0070.wav,MS19F_X45_BATTLE_01_AFTER_F_FRE_0070,64,64,64,66,Frederica,main,female,frederica,assets/triangle-strategy/approved_voice_references/frederica.wav,บรรพบุรุษของเราเดินทางมาสู่นอร์เซเลียเพื่อยุติสงครามแย่งชิงนาเกลือต่างหาก เขามาเพื่อช่วยทุกคน!,,,PENDING_MANUAL_GENERATION,,triangle-strategy
367,MS19F_X45_BATTLE_01_AFTER_F_FRE_0080.wav,MS19F_X45_BATTLE_01_AFTER_F_FRE_0080,65,65,65,67,Frederica,main,female,frederica,assets/triangle-strategy/approved_voice_references/frederica.wav,พวกเขานำเสาเกลือใหญ่ขึ้นมาจากใต้ดิน เพื่อแบ่งปันให้ผู้อื่นอย่างเท่าเทียมด้วยความเต็มใจ,,,PENDING_MANUAL_GENERATION,,triangle-strategy
368,MS19F_X45_BATTLE_01_AFTER_F_FRE_0090.wav,MS19F_X45_BATTLE_01_AFTER_F_FRE_0090,66,66,66,68,Frederica,main,female,frederica,assets/triangle-strategy/approved_voice_references/frederica.wav,พวกเขามีปัญญา เห็นอกเห็นใจ ไม่เห็นแก่ตัว!,,,PENDING_MANUAL_GENERATION,,triangle-strategy
369,MS19F_X45_BATTLE_01_AFTER_F_FRE_0100.wav,MS19F_X45_BATTLE_01_AFTER_F_FRE_0100,67,67,67,69,Frederica,main,female,frederica,assets/triangle-strategy/approved_voice_references/frederica.wav,ไม่มีเลย พวกท่านปราศจากมลทินทุกคน พวกท่านเป็นอิสระ,,,PENDING_MANUAL_GENERATION,,triangle-strategy
370,MS19F_X45_BATTLE_01_AFTER_F_FRE_0110.wav,MS19F_X45_BATTLE_01_AFTER_F_FRE_0110,68,68,68,70,Frederica,main,female,frederica,assets/triangle-strategy/approved_voice_references/frederica.wav,ไม่มีอะไรต้องกลัว และข้าจะพิสูจน์ให้เห็นเอง!,,,PENDING_MANUAL_GENERATION,,triangle-strategy
371,MS19F_X45_BATTLE_01_AFTER_F_FRE_0120.wav,MS19F_X45_BATTLE_01_AFTER_F_FRE_0120,69,69,69,71,Frederica,main,female,frederica,assets/triangle-strategy/approved_voice_references/frederica.wav,จงดูเสียเถิด เทพธิดาที่ปกครองพวกท่านนั้นแหลกสลายไปแล้ว,,,PENDING_MANUAL_GENERATION,,triangle-strategy
372,MS19F_X45_BATTLE_01_AFTER_F_FRE_0130.wav,MS19F_X45_BATTLE_01_AFTER_F_FRE_0130,70,70,70,72,Frederica,main,female,frederica,assets/triangle-strategy/approved_voice_references/frederica.wav,ถึงแม้จะมีเทพธิดาอยู่จริง นางคงไม่มีวันบีบบังคับให้ประชาชนอาศัยเช่นนั้นหรอก!,,,PENDING_MANUAL_GENERATION,,triangle-strategy
373,MS19F_X45_BATTLE_01_AFTER_F_FRE_0140.wav,MS19F_X45_BATTLE_01_AFTER_F_FRE_0140,71,71,71,73,Frederica,main,female,frederica,assets/triangle-strategy/approved_voice_references/frederica.wav,ทุกคนมีสิทธิในการเลือกเดินในเส้นทาง...ตามความเชื่อมั่นของตน,,,PENDING_MANUAL_GENERATION,,triangle-strategy
374,MS19F_X45_BATTLE_01_AFTER_F_FRE_0150.wav,MS19F_X45_BATTLE_01_AFTER_F_FRE_0150,72,72,72,74,Frederica,main,female,frederica,assets/triangle-strategy/approved_voice_references/frederica.wav,นั่นคือความหมายของชีวิตและการเป็นมนุษย์!,,,PENDING_MANUAL_GENERATION,,triangle-strategy
375,MS19F_X45_BATTLE_01_AFTER_F_FRE_0160.wav,MS19F_X45_BATTLE_01_AFTER_F_FRE_0160,73,73,73,75,Frederica,main,female,frederica,assets/triangle-strategy/approved_voice_references/frederica.wav,จงลุกขึ้นสู้! จงมุ่งหน้าสู่เซนทราเลียกับพวกเราเสียเถิด!,,,PENDING_MANUAL_GENERATION,,triangle-strategy
376,MS19F_X45_BATTLE_01_AFTER_F_FRE_0170.wav,MS19F_X45_BATTLE_01_AFTER_F_FRE_0170,74,74,74,76,Frederica,main,female,frederica,assets/triangle-strategy/approved_voice_references/frederica.wav,เร็วเข้า...รีบไปที่ท่าเรือเสียเถิด! เราจะล่องเรือตามแม่น้ำไปยังทิศใต้!,,,PENDING_MANUAL_GENERATION,,triangle-strategy
377,MS19F_X45_BATTLE_01_AFTER_F_M428_0010.wav,MS19F_X45_BATTLE_01_AFTER_F_M428_0010,75,75,75,77,หญิงชาวเมือง / ทหาร / ผู้ติดตาม,generic,female,FEMALE_ADULT_A,assets/triangle-strategy/approved_voice_references/FEMALE_ADULT_A.wav,แต่พวกเราเป็นผู้มีมลทิน พวกเรายึดเกลือเป็นของตัวเอง ก่อให้เกิดสงครามโกลาหลในนอร์เซเลีย...,,,PENDING_MANUAL_GENERATION,,triangle-strategy
378,MS19F_X45_BATTLE_01_AFTER_F_M428_0020.wav,MS19F_X45_BATTLE_01_AFTER_F_M428_0020,76,76,76,78,หญิงชาวเมือง / ทหาร / ผู้ติดตาม,generic,female,FEMALE_ADULT_A,assets/triangle-strategy/approved_voice_references/FEMALE_ADULT_A.wav,แสดงว่า... เราไม่มีบาปให้ชดใช้สินะ... จริงเหรอขอรับ?,,,PENDING_MANUAL_GENERATION,,triangle-strategy
379,MS19F_X45_BATTLE_01_AFTER_F_M428_0030.wav,MS19F_X45_BATTLE_01_AFTER_F_M428_0030,77,77,77,79,หญิงชาวเมือง / ทหาร / ผู้ติดตาม,generic,female,FEMALE_ADULT_A,assets/triangle-strategy/approved_voice_references/FEMALE_ADULT_A.wav,ท่านระเบิดมันทิ้งแล้ว!,,,PENDING_MANUAL_GENERATION,,triangle-strategy
380,MS19F_X45_BATTLE_01_AFTER_F_M428_0040.wav,MS19F_X45_BATTLE_01_AFTER_F_M428_0040,78,78,78,80,หญิงชาวเมือง / ทหาร / ผู้ติดตาม,generic,female,FEMALE_ADULT_A,assets/triangle-strategy/approved_voice_references/FEMALE_ADULT_A.wav,ข้าไปด้วย! ข้าจะไปกับท่านหญิงเฟรเดอริก้าเจ้าค่ะ!,,,PENDING_MANUAL_GENERATION,,triangle-strategy
381,MS19F_X45_BATTLE_01_AFTER_M_JRM_0010.wav,MS19F_X45_BATTLE_01_AFTER_M_JRM_0010,79,79,79,81,เจอร์รอม,npc,male,jerrom,assets/triangle-strategy/approved_voice_references/jerrom.wav,ใช่แล้ว! สู่เซนทราเลีย!,,,PENDING_MANUAL_GENERATION,,triangle-strategy
382,MS19F_X45_BATTLE_01_AFTER_M_M388_0010.wav,MS19F_X45_BATTLE_01_AFTER_M_M388_0010,80,80,80,82,ชายชาวเมือง / ทหาร / ผู้ติดตาม,generic,male,MALE_YOUNG_A,assets/triangle-strategy/approved_voice_references/MALE_YOUNG_A.wav,จะไม่มีใครไปไหนทั้งนั้น! พวกแกต้องตายที่ขัดขืนเทพธิดา!,,,PENDING_MANUAL_GENERATION,,triangle-strategy
383,MS19F_X45_BATTLE_01_AFTER_M_M427_0010.wav,MS19F_X45_BATTLE_01_AFTER_M_M427_0010,81,81,81,83,ชายชาวเมือง / ทหาร / ผู้ติดตาม,generic,male,MALE_ADULT_B,assets/triangle-strategy/approved_voice_references/MALE_ADULT_B.wav,ทั้งหมดนี่... เพื่อปลดปล่อยเรางั้นเหรอ... เราเป็นอิสระแล้วจริงๆใช่ไหม?,,,PENDING_MANUAL_GENERATION,,triangle-strategy
384,MS19F_X45_BATTLE_01_AFTER_M_M427_0020.wav,MS19F_X45_BATTLE_01_AFTER_M_M427_0020,82,82,82,84,ชายชาวเมือง / ทหาร / ผู้ติดตาม,generic,male,MALE_ADULT_B,assets/triangle-strategy/approved_voice_references/MALE_ADULT_B.wav,อ้ากกก!,,,PENDING_MANUAL_GENERATION,,triangle-strategy
385,MS19F_X45_BATTLE_01_AFTER_M_M427_0030.wav,MS19F_X45_BATTLE_01_AFTER_M_M427_0030,83,83,83,85,ชายชาวเมือง / ทหาร / ผู้ติดตาม,generic,male,MALE_ADULT_B,assets/triangle-strategy/approved_voice_references/MALE_ADULT_B.wav,ท่านหญิงเฟรเดอริก้า... ทำไมถึงต้องทำเพื่อเราขนาดนี้ด้วย?,,,PENDING_MANUAL_GENERATION,,triangle-strategy
386,MS19F_X45_BATTLE_01_AFTER_M_M427_0040.wav,MS19F_X45_BATTLE_01_AFTER_M_M427_0040,84,84,84,86,ชายชาวเมือง / ทหาร / ผู้ติดตาม,generic,male,MALE_ADULT_B,assets/triangle-strategy/approved_voice_references/MALE_ADULT_B.wav,รูปปั้น!,,,PENDING_MANUAL_GENERATION,,triangle-strategy
387,MS19F_X45_BATTLE_01_AFTER_M_M427_0050.wav,MS19F_X45_BATTLE_01_AFTER_M_M427_0050,85,85,85,87,ชายชาวเมือง / ทหาร / ผู้ติดตาม,generic,male,MALE_ADULT_B,assets/triangle-strategy/approved_voice_references/MALE_ADULT_B.wav,การเป็น...มนุษย์...,,,PENDING_MANUAL_GENERATION,,triangle-strategy
388,MS19F_X45_BATTLE_01_AFTER_M_M427_0060.wav,MS19F_X45_BATTLE_01_AFTER_M_M427_0060,86,86,86,88,ชายชาวเมือง / ทหาร / ผู้ติดตาม,generic,male,MALE_ADULT_B,assets/triangle-strategy/approved_voice_references/MALE_ADULT_B.wav,ถูกต้อง! หากข้างนอกนั่นมีบ้านเกิดให้กลับไปอยู่อาศัย ที่ที่เราจะกลายเป็นอิสระ เราก็แค่ต้องหามันให้เจอ!,,,PENDING_MANUAL_GENERATION,,triangle-strategy
389,MS19F_X45_BATTLE_01_AFTER_M_M427_0070.wav,MS19F_X45_BATTLE_01_AFTER_M_M427_0070,87,87,87,89,ชายชาวเมือง / ทหาร / ผู้ติดตาม,generic,male,MALE_ADULT_B,assets/triangle-strategy/approved_voice_references/MALE_ADULT_B.wav,สู่มาตุภูมิของเรา!,,,PENDING_MANUAL_GENERATION,,triangle-strategy
390,MS19F_X45_BATTLE_01_AFTER_M_MB536T01_0010.wav,MS19F_X45_BATTLE_01_AFTER_M_MB536T01_0010,88,88,88,90,ชายชาวเมือง / ทหาร / ผู้ติดตาม,generic,male,MALE_ADULT_B,assets/triangle-strategy/approved_voice_references/MALE_ADULT_B.wav,พวกเขาปราบผู้ศักดิ์สิทธิ์ไปได้คนหนึ่งแล้ว!,,,PENDING_MANUAL_GENERATION,,triangle-strategy
391,MS19F_X45_BATTLE_01_AFTER_M_MB536T01_0020.wav,MS19F_X45_BATTLE_01_AFTER_M_MB536T01_0020,89,89,89,91,ชายชาวเมือง / ทหาร / ผู้ติดตาม,generic,male,MALE_ADULT_B,assets/triangle-strategy/approved_voice_references/MALE_ADULT_B.wav,แม่ของท่าน... เป็นผู้จดบันทึกประวัติศาสตร์ หากท่านยืนยันว่ามันเป็นความจริง...มันก็คงเป็นเช่นนั้น,,,PENDING_MANUAL_GENERATION,,triangle-strategy
392,MS19F_X45_BATTLE_01_AFTER_M_MB536T01_0030.wav,MS19F_X45_BATTLE_01_AFTER_M_MB536T01_0030,90,90,90,92,ชายชาวเมือง / ทหาร / ผู้ติดตาม,generic,male,MALE_ADULT_B,assets/triangle-strategy/approved_voice_references/MALE_ADULT_B.wav,แต่ไฮแซนต์เองคงไม่ปล่อยพวกเราไปหรอก,,,PENDING_MANUAL_GENERATION,,triangle-strategy
393,MS19F_X45_BATTLE_01_AFTER_M_MB536T01_0040.wav,MS19F_X45_BATTLE_01_AFTER_M_MB536T01_0040,91,91,91,93,ชายชาวเมือง / ทหาร / ผู้ติดตาม,generic,male,MALE_ADULT_B,assets/triangle-strategy/approved_voice_references/MALE_ADULT_B.wav,โอ้...ท่านหญิงออลายา... ฝันของท่านเป็นจริงแล้วนะขอรับ!,,,PENDING_MANUAL_GENERATION,,triangle-strategy
394,MS19F_X45_BATTLE_01_AFTER_M_MB536T01_0050.wav,MS19F_X45_BATTLE_01_AFTER_M_MB536T01_0050,92,92,92,94,ชายชาวเมือง / ทหาร / ผู้ติดตาม,generic,male,MALE_ADULT_B,assets/triangle-strategy/approved_voice_references/MALE_ADULT_B.wav,ข้าเหมือนกัน! ยังจะกลัวอะไรกันอีก?,,,PENDING_MANUAL_GENERATION,,triangle-strategy
395,MS19F_X45_BATTLE_01_AFTER_M_RLN_0010.wav,MS19F_X45_BATTLE_01_AFTER_M_RLN_0010,93,93,93,95,Roland,main,male,roland,assets/triangle-strategy/approved_voice_references/roland.wav,เดี๋ยวเราจัดการให้เอง,,,PENDING_MANUAL_GENERATION,,triangle-strategy
396,MS19F_X45_BATTLE_01_AFTER_M_RLN_0020.wav,MS19F_X45_BATTLE_01_AFTER_M_RLN_0020,94,94,94,96,Roland,main,male,roland,assets/triangle-strategy/approved_voice_references/roland.wav,ระเบิดพร้อมแล้ว!,,,PENDING_MANUAL_GENERATION,,triangle-strategy
397,MS19F_X45_BATTLE_01_AFTER_M_SEL_0010.wav,MS19F_X45_BATTLE_01_AFTER_M_SEL_0010,95,95,95,97,Serenoa,main,male,serenoa,assets/triangle-strategy/approved_voice_references/serenoa.wav,เฟรเดอริก้า!,,,PENDING_MANUAL_GENERATION,,triangle-strategy
398,MS19F_X45_BATTLE_01_AFTER_M_SEL_0020.wav,MS19F_X45_BATTLE_01_AFTER_M_SEL_0020,96,96,96,98,Serenoa,main,male,serenoa,assets/triangle-strategy/approved_voice_references/serenoa.wav,เป็นอะไรไหม?,,,PENDING_MANUAL_GENERATION,,triangle-strategy
399,MS19F_X45_BATTLE_01_AFTER_M_SEL_0030.wav,MS19F_X45_BATTLE_01_AFTER_M_SEL_0030,97,97,97,99,Serenoa,main,male,serenoa,assets/triangle-strategy/approved_voice_references/serenoa.wav,เรารู้ เพราะแบบนี้ถึงอยากพาพวกท่านไปที่อื่นยังไงล่ะ,,,PENDING_MANUAL_GENERATION,,triangle-strategy
400,MS19F_X45_BATTLE_01_AFTER_M_SEL_0040.wav,MS19F_X45_BATTLE_01_AFTER_M_SEL_0040,98,98,98,100,Serenoa,main,male,serenoa,assets/triangle-strategy/approved_voice_references/serenoa.wav,"สถานที่ที่ไฮแซนต์ไร้อำนาจใดๆ มันคือบ้านเกิดของพวกท่าน ""เซนทราเลีย""",,,PENDING_MANUAL_GENERATION,,triangle-strategy
401,MS19F_X45_BATTLE_01_AFTER_M_SEL_0050.wav,MS19F_X45_BATTLE_01_AFTER_M_SEL_0050,99,99,99,101,Serenoa,main,male,serenoa,assets/triangle-strategy/approved_voice_references/serenoa.wav,ข้าเชื่อว่าเราทุกคนจะไปถึงจุดหมายที่นั่น,,,PENDING_MANUAL_GENERATION,,triangle-strategy
402,MS19F_X45_BATTLE_01_AFTER_N_M410_0010.wav,MS19F_X45_BATTLE_01_AFTER_N_M410_0010,100,100,100,102,ชายชาวเมือง / ทหาร / ผู้ติดตาม,generic,male,MALE_ADULT_B,assets/triangle-strategy/approved_voice_references/MALE_ADULT_B.wav,สู่เซนทราเลีย!!!,,,PENDING_MANUAL_GENERATION,,triangle-strategy
403,MS19F_X45_BATTLE_01_BEFORE_F_FRE_0010.wav,MS19F_X45_BATTLE_01_BEFORE_F_FRE_0010,101,101,101,103,Frederica,main,female,frederica,assets/triangle-strategy/approved_voice_references/frederica.wav,ถูกแล้วล่ะ... พวกเรามาปลดปล่อยชาวโรเซลล์,,,PENDING_MANUAL_GENERATION,,triangle-strategy
404,MS19F_X45_BATTLE_01_BEFORE_F_FRE_0020.wav,MS19F_X45_BATTLE_01_BEFORE_F_FRE_0020,102,102,102,104,Frederica,main,female,frederica,assets/triangle-strategy/approved_voice_references/frederica.wav,ถ้างั้นก็เป็นแผนการที่ผิดมากๆ!,,,PENDING_MANUAL_GENERATION,,triangle-strategy
405,MS19F_X45_BATTLE_01_BEFORE_M_KNS_0010.wav,MS19F_X45_BATTLE_01_BEFORE_M_KNS_0010,103,103,103,105,แคมเซลล์,npc,male,kamsell,assets/triangle-strategy/approved_voice_references/kamsell.wav,มีทหารจำนวนมากถูกสังหารที่หน้าประตู และรัฐมนตรีไลล่า สิ้นใจด้วยพิษดาบในกระทรวง...,,,PENDING_MANUAL_GENERATION,,triangle-strategy
406,MS19F_X45_BATTLE_01_BEFORE_M_KNS_0020.wav,MS19F_X45_BATTLE_01_BEFORE_M_KNS_0020,104,104,104,106,แคมเซลล์,npc,male,kamsell,assets/triangle-strategy/approved_voice_references/kamsell.wav,เดาว่าเป็นฝีมือของท่านสินะ... รัฐมนตรีเซเรโนอา,,,PENDING_MANUAL_GENERATION,,triangle-strategy
407,MS19F_X45_BATTLE_01_BEFORE_M_KNS_0030.wav,MS19F_X45_BATTLE_01_BEFORE_M_KNS_0030,105,105,105,107,แคมเซลล์,npc,male,kamsell,assets/triangle-strategy/approved_voice_references/kamsell.wav,และบัดนี้ท่านอยู่ที่นาเกลือ ใครเขาก็ดูออกว่าท่านจงใจมาทำสิ่งใด,,,PENDING_MANUAL_GENERATION,,triangle-strategy
408,MS19F_X45_BATTLE_01_BEFORE_M_KNS_0040.wav,MS19F_X45_BATTLE_01_BEFORE_M_KNS_0040,106,106,106,108,แคมเซลล์,npc,male,kamsell,assets/triangle-strategy/approved_voice_references/kamsell.wav,เทพธิดาทรงมีคำสั่งให้ชาวโรเซลล์เป็นทาสรับใช้ที่นี่ นั่นคือแผนการของนาง,,,PENDING_MANUAL_GENERATION,,triangle-strategy
409,MS19F_X45_BATTLE_01_BEFORE_M_KNS_0050.wav,MS19F_X45_BATTLE_01_BEFORE_M_KNS_0050,107,107,107,109,แคมเซลล์,npc,male,kamsell,assets/triangle-strategy/approved_voice_references/kamsell.wav,เทพธิดาไม่เคยผิด! ผู้ที่กล้าขัดขืนนางต่างหากล่ะที่เรียกว่าผิด!,,,PENDING_MANUAL_GENERATION,,triangle-strategy
410,MS19F_X45_BATTLE_01_BEFORE_M_KNS_0060.wav,MS19F_X45_BATTLE_01_BEFORE_M_KNS_0060,108,108,108,110,แคมเซลล์,npc,male,kamsell,assets/triangle-strategy/approved_voice_references/kamsell.wav,ข้ามีหน้าที่ลงโทษมารศาสนา ไม่ใช่เมินเฉยต่อคำดูหมิ่นของพวกมัน,,,PENDING_MANUAL_GENERATION,,triangle-strategy
411,MS19F_X45_BATTLE_01_BEFORE_M_KNS_0070.wav,MS19F_X45_BATTLE_01_BEFORE_M_KNS_0070,109,109,109,111,แคมเซลล์,npc,male,kamsell,assets/triangle-strategy/approved_voice_references/kamsell.wav,เซเรโนอา วูล์ฟฟอร์ต... แกต้องชดใช้บาปมหันต์ของตนด้วยชีวิต!,,,PENDING_MANUAL_GENERATION,,triangle-strategy
412,MS19F_X45_BATTLE_01_BEFORE_M_SEL_0010.wav,MS19F_X45_BATTLE_01_BEFORE_M_SEL_0010,110,110,110,112,Serenoa,main,male,serenoa,assets/triangle-strategy/approved_voice_references/serenoa.wav,ข้าไม่ขอปฏิเสธ,,,PENDING_MANUAL_GENERATION,,triangle-strategy
413,MS19F_X45_BATTLE_01_BEFORE_M_SEL_0020.wav,MS19F_X45_BATTLE_01_BEFORE_M_SEL_0020,111,111,111,113,Serenoa,main,male,serenoa,assets/triangle-strategy/approved_voice_references/serenoa.wav,รัฐมนตรีแคมเซลล์ ท่านเป็นคนมีเหตุผลมิใช่หรือ,,,PENDING_MANUAL_GENERATION,,triangle-strategy
414,MS19F_X45_BATTLE_01_BEFORE_M_SEL_0030.wav,MS19F_X45_BATTLE_01_BEFORE_M_SEL_0030,112,112,112,114,Serenoa,main,male,serenoa,assets/triangle-strategy/approved_voice_references/serenoa.wav,ท่านเองก็รู้อยู่แก่ใจ ว่าไม่มีเหตุผลให้กักขังคนพวกนี้เลย,,,PENDING_MANUAL_GENERATION,,triangle-strategy
415,MS19F_X45_BATTLE_01_BEFORE_M_SEL_0040.wav,MS19F_X45_BATTLE_01_BEFORE_M_SEL_0040,113,113,113,115,Serenoa,main,male,serenoa,assets/triangle-strategy/approved_voice_references/serenoa.wav,ปล่อยพวกเราไปดีๆ เถอะ,,,PENDING_MANUAL_GENERATION,,triangle-strategy
416,MS19F_X45_BATTLE_01_DRAMA_F_FRE_0010.wav,MS19F_X45_BATTLE_01_DRAMA_F_FRE_0010,114,114,114,116,Frederica,main,female,frederica,assets/triangle-strategy/approved_voice_references/frederica.wav,รัฐมนตรีแคมเซลล์จะถูกกำจัด และรูปปั้นเทพธิดาจะเป็นรายต่อไป!,,,PENDING_MANUAL_GENERATION,,triangle-strategy
417,MS19F_X45_BATTLE_01_DRAMA_F_FRE_0020.wav,MS19F_X45_BATTLE_01_DRAMA_F_FRE_0020,115,115,115,117,Frederica,main,female,frederica,assets/triangle-strategy/approved_voice_references/frederica.wav,ท่านรู้จักชื่อแม่ของข้าได้ยังไง?,,,PENDING_MANUAL_GENERATION,,triangle-strategy
418,MS19F_X45_BATTLE_01_DRAMA_F_FRE_0030.wav,MS19F_X45_BATTLE_01_DRAMA_F_FRE_0030,116,116,116,118,Frederica,main,female,frederica,assets/triangle-strategy/approved_voice_references/frederica.wav,ไม่นะ... เกือบจะสำเร็จแล้วเชียว...!,,,PENDING_MANUAL_GENERATION,,triangle-strategy
419,MS19F_X45_BATTLE_01_DRAMA_F_FRE_0040.wav,MS19F_X45_BATTLE_01_DRAMA_F_FRE_0040,117,117,117,119,Frederica,main,female,frederica,assets/triangle-strategy/approved_voice_references/frederica.wav,เซเรโนอา ถอยไปก่อน ข้าจะสู้เพื่อเราเอง!,,,PENDING_MANUAL_GENERATION,,triangle-strategy
420,MS19F_X45_BATTLE_01_DRAMA_M_KNS_0010.wav,MS19F_X45_BATTLE_01_DRAMA_M_KNS_0010,118,118,118,120,แคมเซลล์,npc,male,kamsell,assets/triangle-strategy/approved_voice_references/kamsell.wav,รัฐมนตรีเซเรโนอาผู้หลงทางและหลงผิด ท่านทำให้เทพธิดาต้องร่ำไห้ ด้วยการละเลยในเส้นทางอันเที่ยงธรรมของนาง,,,PENDING_MANUAL_GENERATION,,triangle-strategy
421,MS19F_X45_BATTLE_01_DRAMA_M_KNS_0020.wav,MS19F_X45_BATTLE_01_DRAMA_M_KNS_0020,119,119,119,121,แคมเซลล์,npc,male,kamsell,assets/triangle-strategy/approved_voice_references/kamsell.wav,หากท่านยังดื้อด้านจะขัดขืน ท่านจะต้องชดใช้กรรมของตนด้วยชีวิต!,,,PENDING_MANUAL_GENERATION,,triangle-strategy
422,MS19F_X45_BATTLE_01_DRAMA_M_KNS_0030.wav,MS19F_X45_BATTLE_01_DRAMA_M_KNS_0030,120,120,120,122,แคมเซลล์,npc,male,kamsell,assets/triangle-strategy/approved_voice_references/kamsell.wav,ฝ่าบาทโรแลนด์... อ้า อย่างนี้เองสินะ เกลนบรู๊คมันจะวางแผนชิงชาวโรเซลล์ไปจากเรา!,,,PENDING_MANUAL_GENERATION,,triangle-strategy
423,MS19F_X45_BATTLE_01_DRAMA_M_KNS_0040.wav,MS19F_X45_BATTLE_01_DRAMA_M_KNS_0040,121,121,121,123,แคมเซลล์,npc,male,kamsell,assets/triangle-strategy/approved_voice_references/kamsell.wav,แล้วท่านจะมาทำไม?,,,PENDING_MANUAL_GENERATION,,triangle-strategy
424,MS19F_X45_BATTLE_01_DRAMA_M_KNS_0050.wav,MS19F_X45_BATTLE_01_DRAMA_M_KNS_0050,122,122,122,124,แคมเซลล์,npc,male,kamsell,assets/triangle-strategy/approved_voice_references/kamsell.wav,มันหมายความว่าอะไรสำหรับเกลนบรู๊คเหรอ?,,,PENDING_MANUAL_GENERATION,,triangle-strategy
425,MS19F_X45_BATTLE_01_DRAMA_M_KNS_0060.wav,MS19F_X45_BATTLE_01_DRAMA_M_KNS_0060,123,123,123,125,แคมเซลล์,npc,male,kamsell,assets/triangle-strategy/approved_voice_references/kamsell.wav,ท่านตัดสินใจเดินตามรอยออลายาสินะ เฟรเดอริก้า,,,PENDING_MANUAL_GENERATION,,triangle-strategy
426,MS19F_X45_BATTLE_01_DRAMA_M_KNS_0070.wav,MS19F_X45_BATTLE_01_DRAMA_M_KNS_0070,124,124,124,126,แคมเซลล์,npc,male,kamsell,assets/triangle-strategy/approved_voice_references/kamsell.wav,คิดว่าข้าจะลืมพวกนอกรีตที่กล่าวโทษคำสอนเทพธิดาได้ลงเหรอ?,,,PENDING_MANUAL_GENERATION,,triangle-strategy
427,MS19F_X45_BATTLE_01_DRAMA_M_KNS_0080.wav,MS19F_X45_BATTLE_01_DRAMA_M_KNS_0080,125,125,125,127,แคมเซลล์,npc,male,kamsell,assets/triangle-strategy/approved_voice_references/kamsell.wav,ท่านเองก็จะถูกลงโทษเช่นเดียวกับแม่ของท่านนั่นแหละ!,,,PENDING_MANUAL_GENERATION,,triangle-strategy
428,MS19F_X45_BATTLE_01_DRAMA_M_KNS_0090.wav,MS19F_X45_BATTLE_01_DRAMA_M_KNS_0090,126,126,126,128,แคมเซลล์,npc,male,kamsell,assets/triangle-strategy/approved_voice_references/kamsell.wav,อย่าคิดจะพูดแก้ตัวเชียว ในนามแห่งเจ็ดผู้ศักดิ์สิทธิ์ ข้าจะตัดสินโทษท่านเอง!,,,PENDING_MANUAL_GENERATION,,triangle-strategy
429,MS19F_X45_BATTLE_01_DRAMA_M_KNS_0100.wav,MS19F_X45_BATTLE_01_DRAMA_M_KNS_0100,127,127,127,129,แคมเซลล์,npc,male,kamsell,assets/triangle-strategy/approved_voice_references/kamsell.wav,ชาวโรเซลล์ตรากตรำลำบากเพื่อชดใช้บาปของบรรพบุรุษ! ตามความต้องการของพวกมันและองค์เทพธิดา!,,,PENDING_MANUAL_GENERATION,,triangle-strategy
430,MS19F_X45_BATTLE_01_DRAMA_M_KNS_0110.wav,MS19F_X45_BATTLE_01_DRAMA_M_KNS_0110,128,128,128,130,แคมเซลล์,npc,male,kamsell,assets/triangle-strategy/approved_voice_references/kamsell.wav,โอย... สู้กับแกมันยากเหลือเกิน วูล์ฟฟอร์ต...,,,PENDING_MANUAL_GENERATION,,triangle-strategy
431,MS19F_X45_BATTLE_01_DRAMA_M_KNS_0120.wav,MS19F_X45_BATTLE_01_DRAMA_M_KNS_0120,129,129,129,131,แคมเซลล์,npc,male,kamsell,assets/triangle-strategy/approved_voice_references/kamsell.wav,อ้ากกก! เป็นไปได้ยังไงวะ!?,,,PENDING_MANUAL_GENERATION,,triangle-strategy
432,MS19F_X45_BATTLE_01_DRAMA_M_KNS_0130.wav,MS19F_X45_BATTLE_01_DRAMA_M_KNS_0130,130,130,130,132,แคมเซลล์,npc,male,kamsell,assets/triangle-strategy/approved_voice_references/kamsell.wav,ท่านเทพธิดาเอ๋ย... ท่านประสงค์ให้ข้าตายงั้นหรือ?,,,PENDING_MANUAL_GENERATION,,triangle-strategy
433,MS19F_X45_BATTLE_01_DRAMA_M_MS19X45B01M01_0010.wav,MS19F_X45_BATTLE_01_DRAMA_M_MS19X45B01M01_0010,131,131,131,133,ชายชาวเมือง / ทหาร / ผู้ติดตาม,generic,male,MALE_YOUNG_A,assets/triangle-strategy/approved_voice_references/MALE_YOUNG_A.wav,ฆ่าพวกนอกรีตให้หมด!,,,PENDING_MANUAL_GENERATION,,triangle-strategy
434,MS19F_X45_BATTLE_01_DRAMA_M_RLN_0010.wav,MS19F_X45_BATTLE_01_DRAMA_M_RLN_0010,132,132,132,134,Roland,main,male,roland,assets/triangle-strategy/approved_voice_references/roland.wav,นี่เป็นการตัดสินใจของเซเรโนอากับเฟรเดอริก้า ไม่ใช่ของข้า,,,PENDING_MANUAL_GENERATION,,triangle-strategy
435,MS19F_X45_BATTLE_01_DRAMA_M_RLN_0020.wav,MS19F_X45_BATTLE_01_DRAMA_M_RLN_0020,133,133,133,135,Roland,main,male,roland,assets/triangle-strategy/approved_voice_references/roland.wav,ก็เพราะแผนการของข้ามันไม่ดียังไงล่ะ,,,PENDING_MANUAL_GENERATION,,triangle-strategy
436,MS19F_X45_BATTLE_01_DRAMA_M_RLN_0030.wav,MS19F_X45_BATTLE_01_DRAMA_M_RLN_0030,134,134,134,136,Roland,main,male,roland,assets/triangle-strategy/approved_voice_references/roland.wav,เกลนบรู๊คไม่จำเป็นต้องใช้ความภักดีเพื่อเดินหน้าหรอก สมมุติว่ามันจำเป็นจริงๆ ข้าก็ไม่เหมาะสมที่จะปกครองที่นั่นอยู่ดี,,,PENDING_MANUAL_GENERATION,,triangle-strategy
437,MS19F_X45_BATTLE_01_DRAMA_M_RLN_0040.wav,MS19F_X45_BATTLE_01_DRAMA_M_RLN_0040,135,135,135,137,Roland,main,male,roland,assets/triangle-strategy/approved_voice_references/roland.wav,ข้าคือหอกของเซเรโนอา ข้าจะกำจัดทุกคนที่ขัดขวางเขาให้สิ้นไป,,,PENDING_MANUAL_GENERATION,,triangle-strategy
438,MS19F_X45_BATTLE_01_DRAMA_M_SEL_0010.wav,MS19F_X45_BATTLE_01_DRAMA_M_SEL_0010,136,136,136,138,Serenoa,main,male,serenoa,assets/triangle-strategy/approved_voice_references/serenoa.wav,ถอยไม่ได้แล้ว เราจะช่วยปลดปล่อยชาวโรเซลล์อย่างสุดชีวิต!,,,PENDING_MANUAL_GENERATION,,triangle-strategy
439,MS19F_X45_BATTLE_01_DRAMA_M_SEL_0020.wav,MS19F_X45_BATTLE_01_DRAMA_M_SEL_0020,137,137,137,139,Serenoa,main,male,serenoa,assets/triangle-strategy/approved_voice_references/serenoa.wav,ถอนตัวก่อนเฟรเดอริก้า เดี๋ยวข้ารับช่วงต่อให้เอง!,,,PENDING_MANUAL_GENERATION,,triangle-strategy
440,MS19F_X45_BATTLE_01_DRAMA_M_SEL_0030.wav,MS19F_X45_BATTLE_01_DRAMA_M_SEL_0030,138,138,138,140,Serenoa,main,male,serenoa,assets/triangle-strategy/approved_voice_references/serenoa.wav,โอย... บ้าจริง!,,,PENDING_MANUAL_GENERATION,,triangle-strategy
441,MS19F_X45_BATTLE_02_AFTER_F_FRE_0010.wav,MS19F_X45_BATTLE_02_AFTER_F_FRE_0010,139,139,139,141,Frederica,main,female,frederica,assets/triangle-strategy/approved_voice_references/frederica.wav,เซเรโนอา! พวกเขาข้ามสะพานไปได้ทุกคนแล้ว!,,,PENDING_MANUAL_GENERATION,,triangle-strategy
442,MS19F_X45_BATTLE_02_AFTER_F_FRE_0020.wav,MS19F_X45_BATTLE_02_AFTER_F_FRE_0020,140,140,140,142,Frederica,main,female,frederica,assets/triangle-strategy/approved_voice_references/frederica.wav,เซเรโนอา!?,,,PENDING_MANUAL_GENERATION,,triangle-strategy
443,MS19F_X45_BATTLE_02_AFTER_F_FRE_0030.wav,MS19F_X45_BATTLE_02_AFTER_F_FRE_0030,141,141,141,143,Frederica,main,female,frederica,assets/triangle-strategy/approved_voice_references/frederica.wav,หยุดนะ... อย่าเชียว-!,,,PENDING_MANUAL_GENERATION,,triangle-strategy
444,MS19F_X45_BATTLE_02_AFTER_F_FRE_0040.wav,MS19F_X45_BATTLE_02_AFTER_F_FRE_0040,142,142,142,144,Frederica,main,female,frederica,assets/triangle-strategy/approved_voice_references/frederica.wav,ไม่... ไม่นะเซเรโนอา...,,,PENDING_MANUAL_GENERATION,,triangle-strategy
445,MS19F_X45_BATTLE_02_AFTER_F_FRE_0050.wav,MS19F_X45_BATTLE_02_AFTER_F_FRE_0050,143,143,143,145,Frederica,main,female,frederica,assets/triangle-strategy/approved_voice_references/frederica.wav,เซเรโนอาาาาาา!!!,,,PENDING_MANUAL_GENERATION,,triangle-strategy
446,MS19F_X45_BATTLE_02_AFTER_M_ELA_0010.wav,MS19F_X45_BATTLE_02_AFTER_M_ELA_0010,144,144,144,146,Erador,main,male,erador,assets/triangle-strategy/approved_voice_references/erador.wav,ท่านไปเสียเถอะ! ข้าจะรับระเบิดไว้เองขอรับ-,,,PENDING_MANUAL_GENERATION,,triangle-strategy
447,MS19F_X45_BATTLE_02_AFTER_M_IDO_0005.wav,MS19F_X45_BATTLE_02_AFTER_M_IDO_0005,145,145,145,147,อีดอร์,npc,male,idore,assets/triangle-strategy/approved_voice_references/idore.wav,อ้ากกกกก!,,,PENDING_MANUAL_GENERATION,,triangle-strategy
448,MS19F_X45_BATTLE_02_AFTER_M_IDO_0010.wav,MS19F_X45_BATTLE_02_AFTER_M_IDO_0010,146,146,146,148,อีดอร์,npc,male,idore,assets/triangle-strategy/approved_voice_references/idore.wav,แก...หนีไม่พ้น...หรอก...,,,PENDING_MANUAL_GENERATION,,triangle-strategy
449,MS19F_X45_BATTLE_02_AFTER_M_IDO_0020.wav,MS19F_X45_BATTLE_02_AFTER_M_IDO_0020,147,147,147,149,อีดอร์,npc,male,idore,assets/triangle-strategy/approved_voice_references/idore.wav,แกจะไม่มีวันหนีรอด...,,,PENDING_MANUAL_GENERATION,,triangle-strategy
450,MS19F_X45_BATTLE_02_AFTER_M_IDO_0030.wav,MS19F_X45_BATTLE_02_AFTER_M_IDO_0030,148,148,148,150,อีดอร์,npc,male,idore,assets/triangle-strategy/approved_voice_references/idore.wav,เทพธิดา... ต้องไร้ที่ติ... ประวัติศาสตร์ชาวโรเซลล์จะถูกฝังไว้และเลือนหายไป...,,,PENDING_MANUAL_GENERATION,,triangle-strategy
451,MS19F_X45_BATTLE_02_AFTER_M_IDO_0040.wav,MS19F_X45_BATTLE_02_AFTER_M_IDO_0040,149,149,149,151,อีดอร์,npc,male,idore,assets/triangle-strategy/approved_voice_references/idore.wav,ข้าอุตส่าห์ทุ่มเทสร้างหลักคำสอนและศาสนามาอย่างยาวนาน ข้าไม่ยอมให้มนุษย์ชั่วช้าเช่นเจ้ามาทำลายมันเด็ดขาด!,,,PENDING_MANUAL_GENERATION,,triangle-strategy
452,MS19F_X45_BATTLE_02_AFTER_M_IDO_0050.wav,MS19F_X45_BATTLE_02_AFTER_M_IDO_0050,150,150,150,152,อีดอร์,npc,male,idore,assets/triangle-strategy/approved_voice_references/idore.wav,มาตายไปด้วยกันเสียเถิด!,,,PENDING_MANUAL_GENERATION,,triangle-strategy
453,MS19F_X45_BATTLE_02_AFTER_M_IDO_0060.wav,MS19F_X45_BATTLE_02_AFTER_M_IDO_0060,151,151,151,153,อีดอร์,npc,male,idore,assets/triangle-strategy/approved_voice_references/idore.wav,หึๆๆ ฉลาดนักนะ... เอลฟริคเนี่ยแหละคือสิ่งที่มอบชีวิตให้แก่หัวหน้านักบวช,,,PENDING_MANUAL_GENERATION,,triangle-strategy
454,MS19F_X45_BATTLE_02_AFTER_M_IDO_0070.wav,MS19F_X45_BATTLE_02_AFTER_M_IDO_0070,152,152,152,154,อีดอร์,npc,male,idore,assets/triangle-strategy/approved_voice_references/idore.wav,และมันมีพลังมากพอที่จะทำลายสถานที่แห่งนี้ให้กลายเป็นผุยผง! เจ้าทำให้เทพธิดาพิโรธแล้ว จงมอดไหม้ไปซะ!,,,PENDING_MANUAL_GENERATION,,triangle-strategy
455,MS19F_X45_BATTLE_02_AFTER_M_IDO_0080.wav,MS19F_X45_BATTLE_02_AFTER_M_IDO_0080,153,153,153,155,อีดอร์,npc,male,idore,assets/triangle-strategy/approved_voice_references/idore.wav,ช่างโง่เขลาเสียจริง... คิดว่าสละชีพตัวเองแล้วจะได้อะไรขึ้นมา? เห็นหรือยัง แปปเดียวสหายของเจ้าก็ทิ้งกันไปหมดแล้ว!,,,PENDING_MANUAL_GENERATION,,triangle-strategy
456,MS19F_X45_BATTLE_02_AFTER_M_IDO_0090.wav,MS19F_X45_BATTLE_02_AFTER_M_IDO_0090,154,154,154,156,อีดอร์,npc,male,idore,assets/triangle-strategy/approved_voice_references/idore.wav,อ้ากกกก!!!,,,PENDING_MANUAL_GENERATION,,triangle-strategy
457,MS19F_X45_BATTLE_02_AFTER_M_RLN_0010.wav,MS19F_X45_BATTLE_02_AFTER_M_RLN_0010,155,155,155,157,Roland,main,male,roland,assets/triangle-strategy/approved_voice_references/roland.wav,ข้าจะช่วยเจ้าเอง!,,,PENDING_MANUAL_GENERATION,,triangle-strategy
458,MS19F_X45_BATTLE_02_AFTER_M_RLN_0020.wav,MS19F_X45_BATTLE_02_AFTER_M_RLN_0020,156,156,156,158,Roland,main,male,roland,assets/triangle-strategy/approved_voice_references/roland.wav,บ้าฉิบ...,,,PENDING_MANUAL_GENERATION,,triangle-strategy
459,MS19F_X45_BATTLE_02_AFTER_M_RLN_0030.wav,MS19F_X45_BATTLE_02_AFTER_M_RLN_0030,157,157,157,159,Roland,main,male,roland,assets/triangle-strategy/approved_voice_references/roland.wav,ได้ยินเขาแล้วนี่! หนีเร็วเข้า!,,,PENDING_MANUAL_GENERATION,,triangle-strategy
460,MS19F_X45_BATTLE_02_AFTER_M_SEL_0010.wav,MS19F_X45_BATTLE_02_AFTER_M_SEL_0010,158,158,158,160,Serenoa,main,male,serenoa,assets/triangle-strategy/approved_voice_references/serenoa.wav,เช่นนั้นเราตามพวกเขาไปกันเถอะ ลดสะพานเลย!,,,PENDING_MANUAL_GENERATION,,triangle-strategy
461,MS19F_X45_BATTLE_02_AFTER_M_SEL_0020.wav,MS19F_X45_BATTLE_02_AFTER_M_SEL_0020,159,159,159,161,Serenoa,main,male,serenoa,assets/triangle-strategy/approved_voice_references/serenoa.wav,เพลิงม่วงอะไรกัน? ไม่นะ!,,,PENDING_MANUAL_GENERATION,,triangle-strategy
462,MS19F_X45_BATTLE_02_AFTER_M_SEL_0030.wav,MS19F_X45_BATTLE_02_AFTER_M_SEL_0030,160,160,160,162,Serenoa,main,male,serenoa,assets/triangle-strategy/approved_voice_references/serenoa.wav,อ้ากกกก!,,,PENDING_MANUAL_GENERATION,,triangle-strategy
463,MS19F_X45_BATTLE_02_AFTER_M_SEL_0040.wav,MS19F_X45_BATTLE_02_AFTER_M_SEL_0040,161,161,161,163,Serenoa,main,male,serenoa,assets/triangle-strategy/approved_voice_references/serenoa.wav,ถอยไป!,,,PENDING_MANUAL_GENERATION,,triangle-strategy
464,MS19F_X45_BATTLE_02_AFTER_M_SEL_0050.wav,MS19F_X45_BATTLE_02_AFTER_M_SEL_0050,162,162,162,164,Serenoa,main,male,serenoa,assets/triangle-strategy/approved_voice_references/serenoa.wav,อีดอร์มีเอลฟริค! เดี๋ยวมันจะระเบิดแล้ว!,,,PENDING_MANUAL_GENERATION,,triangle-strategy
465,MS19F_X45_BATTLE_02_AFTER_M_SEL_0060.wav,MS19F_X45_BATTLE_02_AFTER_M_SEL_0060,163,163,163,165,Serenoa,main,male,serenoa,assets/triangle-strategy/approved_voice_references/serenoa.wav,อย่า!!!,,,PENDING_MANUAL_GENERATION,,triangle-strategy
466,MS19F_X45_BATTLE_02_AFTER_M_SEL_0070.wav,MS19F_X45_BATTLE_02_AFTER_M_SEL_0070,164,164,164,166,Serenoa,main,male,serenoa,assets/triangle-strategy/approved_voice_references/serenoa.wav,พวกเจ้าหนีไปให้หมด! ข้าจะคุมพลังมันเอง!,,,PENDING_MANUAL_GENERATION,,triangle-strategy
467,MS19F_X45_BATTLE_02_AFTER_M_SEL_0080.wav,MS19F_X45_BATTLE_02_AFTER_M_SEL_0080,165,165,165,167,Serenoa,main,male,serenoa,assets/triangle-strategy/approved_voice_references/serenoa.wav,"ข้าบอกให้ ""ถอย"" ยังไงเล่า! ไม่มีเวลาแล้วนะ!",,,PENDING_MANUAL_GENERATION,,triangle-strategy
468,MS19F_X45_BATTLE_02_AFTER_M_SEL_0090.wav,MS19F_X45_BATTLE_02_AFTER_M_SEL_0090,166,166,166,168,Serenoa,main,male,serenoa,assets/triangle-strategy/approved_voice_references/serenoa.wav,โรแลนด์ อพยพทุกคนไปให้ไกลจากที่นี่ซะ!,,,PENDING_MANUAL_GENERATION,,triangle-strategy
469,MS19F_X45_BATTLE_02_AFTER_M_SEL_0100.wav,MS19F_X45_BATTLE_02_AFTER_M_SEL_0100,167,167,167,169,Serenoa,main,male,serenoa,assets/triangle-strategy/approved_voice_references/serenoa.wav,คิดว่าพวกเขาทิ้งข้าจริงๆ เหรอ? ทั้งความรัก ความรู้สึก และทุกสิ่งของข้า... มันอยู่ในใจพวกเขาทั้งสิ้นแล้ว!,,,PENDING_MANUAL_GENERATION,,triangle-strategy
470,MS19F_X45_BATTLE_02_AFTER_M_SEL_0110.wav,MS19F_X45_BATTLE_02_AFTER_M_SEL_0110,168,168,168,170,Serenoa,main,male,serenoa,assets/triangle-strategy/approved_voice_references/serenoa.wav,"แต่เทพธิดาเผด็จการคงไม่เข้าใจความหมายของ ""ครอบครัว"" หรอก!",,,PENDING_MANUAL_GENERATION,,triangle-strategy
471,MS19F_X45_BATTLE_02_BEFORE_F_FRE_0010.wav,MS19F_X45_BATTLE_02_BEFORE_F_FRE_0010,169,169,169,171,Frederica,main,female,frederica,assets/triangle-strategy/approved_voice_references/frederica.wav,ขอบคุณนะเจอร์รอม,,,PENDING_MANUAL_GENERATION,,triangle-strategy
472,MS19F_X45_BATTLE_02_BEFORE_F_FRE_0020.wav,MS19F_X45_BATTLE_02_BEFORE_F_FRE_0020,170,170,170,172,Frederica,main,female,frederica,assets/triangle-strategy/approved_voice_references/frederica.wav,ไม่จริงน่า!,,,PENDING_MANUAL_GENERATION,,triangle-strategy
473,MS19F_X45_BATTLE_02_BEFORE_F_FRE_0030.wav,MS19F_X45_BATTLE_02_BEFORE_F_FRE_0030,171,171,171,173,Frederica,main,female,frederica,assets/triangle-strategy/approved_voice_references/frederica.wav,ก็ลองดูสิ! เราจะหนีไปสถานที่ที่เทพธิดาตามเรามาไม่ได้!,,,PENDING_MANUAL_GENERATION,,triangle-strategy
474,MS19F_X45_BATTLE_02_BEFORE_F_FRE_0040.wav,MS19F_X45_BATTLE_02_BEFORE_F_FRE_0040,172,172,172,174,Frederica,main,female,frederica,assets/triangle-strategy/approved_voice_references/frederica.wav,ข้า...,,,PENDING_MANUAL_GENERATION,,triangle-strategy
475,MS19F_X45_BATTLE_02_BEFORE_F_FRE_0050.wav,MS19F_X45_BATTLE_02_BEFORE_F_FRE_0050,173,173,173,175,Frederica,main,female,frederica,assets/triangle-strategy/approved_voice_references/frederica.wav,รู้คำตอบแล้วเนอะ อีดอร์,,,PENDING_MANUAL_GENERATION,,triangle-strategy
476,MS19F_X45_BATTLE_02_BEFORE_F_M429_0010.wav,MS19F_X45_BATTLE_02_BEFORE_F_M429_0010,174,174,174,176,หญิงชาวเมือง / ทหาร / ผู้ติดตาม,generic,female,FEMALE_ADULT_B,assets/triangle-strategy/approved_voice_references/FEMALE_ADULT_B.wav,ไปเมตตาให้พ้นหน้าเลย! ยังไงพวกเราก็จะไปกับท่านหญิงเฟรเดอริก้า แค่นี้แหละ!,,,PENDING_MANUAL_GENERATION,,triangle-strategy
477,MS19F_X45_BATTLE_02_BEFORE_M_ELD_0010.wav,MS19F_X45_BATTLE_02_BEFORE_M_ELD_0010,175,175,175,177,ชายสูงวัย / NPC,generic,male,MALE_OLD_A,assets/triangle-strategy/approved_voice_references/MALE_OLD_A.wav,เรานำชุดแต่งงานมาให้ด้วยขอรับท่านหญิงเฟรเดอริก้า ตอนนี้มันพร้อมแล้ว,,,PENDING_MANUAL_GENERATION,,triangle-strategy
478,MS19F_X45_BATTLE_02_BEFORE_M_IDO_0010.wav,MS19F_X45_BATTLE_02_BEFORE_M_IDO_0010,176,176,176,178,อีดอร์,npc,male,idore,assets/triangle-strategy/approved_voice_references/idore.wav,พวกเจ้าหนีไม่พ้นแล้ว,,,PENDING_MANUAL_GENERATION,,triangle-strategy
479,MS19F_X45_BATTLE_02_BEFORE_M_IDO_0020.wav,MS19F_X45_BATTLE_02_BEFORE_M_IDO_0020,177,177,177,179,อีดอร์,npc,male,idore,assets/triangle-strategy/approved_voice_references/idore.wav,หึหึหึ ผู้ได้รับพรจากองค์เทพธิดา...ย่อมบรรลุได้ทุกสิ่งต่างหากล่ะ,,,PENDING_MANUAL_GENERATION,,triangle-strategy
480,MS19F_X45_BATTLE_02_BEFORE_M_IDO_0030.wav,MS19F_X45_BATTLE_02_BEFORE_M_IDO_0030,178,178,178,180,อีดอร์,npc,male,idore,assets/triangle-strategy/approved_voice_references/idore.wav,ชิ ต้นแบบทดลองไม่เคยอยู่ได้นานเลย... แต่ก็เพียงพอต่อการกำจัดมารศาสนาเช่นพวกเจ้าแล้วทั้งมวล,,,PENDING_MANUAL_GENERATION,,triangle-strategy
481,MS19F_X45_BATTLE_02_BEFORE_M_IDO_0040.wav,MS19F_X45_BATTLE_02_BEFORE_M_IDO_0040,179,179,179,181,อีดอร์,npc,male,idore,assets/triangle-strategy/approved_voice_references/idore.wav,ยังดีที่ไลล่าทิ้งผลงานวิจัยไว้ให้ก่อนสิ้นลม,,,PENDING_MANUAL_GENERATION,,triangle-strategy
482,MS19F_X45_BATTLE_02_BEFORE_M_IDO_0050.wav,MS19F_X45_BATTLE_02_BEFORE_M_IDO_0050,180,180,180,182,อีดอร์,npc,male,idore,assets/triangle-strategy/approved_voice_references/idore.wav,อ้าว ท่านรู้เรื่องนี้อยู่แล้วงั้นรึ? แสดงว่าท่านเข้าใจแล้วสินะว่านี่คือพลังแห่งองค์เทพธิดา,,,PENDING_MANUAL_GENERATION,,triangle-strategy
483,MS19F_X45_BATTLE_02_BEFORE_M_IDO_0060.wav,MS19F_X45_BATTLE_02_BEFORE_M_IDO_0060,181,181,181,183,อีดอร์,npc,male,idore,assets/triangle-strategy/approved_voice_references/idore.wav,พลังอำนาจของนางอยู่เหนือสติปัญญาของมนุษย์ทั้งปวง ข้าแนะนำอย่าลองดีกับเทพจะดีกว่านะ,,,PENDING_MANUAL_GENERATION,,triangle-strategy
484,MS19F_X45_BATTLE_02_BEFORE_M_IDO_0070.wav,MS19F_X45_BATTLE_02_BEFORE_M_IDO_0070,182,182,182,184,อีดอร์,npc,male,idore,assets/triangle-strategy/approved_voice_references/idore.wav,เออ ข้าได้ยินแล้ว เจ้าแสวงหาดินแดนมาตุภูมิของชาวโรเซลล์สินะ?,,,PENDING_MANUAL_GENERATION,,triangle-strategy
485,MS19F_X45_BATTLE_02_BEFORE_M_IDO_0080.wav,MS19F_X45_BATTLE_02_BEFORE_M_IDO_0080,183,183,183,185,อีดอร์,npc,male,idore,assets/triangle-strategy/approved_voice_references/idore.wav,ช่างกล้าเหลือเกินที่คิดว่าสถานที่เช่นนั้นมีอยู่จริง ไม่มีผู้ใดคิดออกเดินทางข้ามน้ำตกแห่งนี้ไปหรอก,,,PENDING_MANUAL_GENERATION,,triangle-strategy
486,MS19F_X45_BATTLE_02_BEFORE_M_IDO_0090.wav,MS19F_X45_BATTLE_02_BEFORE_M_IDO_0090,184,184,184,186,อีดอร์,npc,male,idore,assets/triangle-strategy/approved_voice_references/idore.wav,เพราะผู้ที่เคยเสี่ยงชีวิต กลับไม่พบเจอสิ่งใดนอกจากความตายในแดนรกร้าง,,,PENDING_MANUAL_GENERATION,,triangle-strategy
487,MS19F_X45_BATTLE_02_BEFORE_M_IDO_0100.wav,MS19F_X45_BATTLE_02_BEFORE_M_IDO_0100,185,185,185,187,อีดอร์,npc,male,idore,assets/triangle-strategy/approved_voice_references/idore.wav,แม้จะมีสถานที่ซึ่งอยู่อาศัยได้จริงๆ ก็ไม่มีอะไรมารับประกันว่าเจ้าจะมีชีวิตอยู่จนพบเจอมัน,,,PENDING_MANUAL_GENERATION,,triangle-strategy
488,MS19F_X45_BATTLE_02_BEFORE_M_IDO_0110.wav,MS19F_X45_BATTLE_02_BEFORE_M_IDO_0110,186,186,186,188,อีดอร์,npc,male,idore,assets/triangle-strategy/approved_voice_references/idore.wav,ไม่ปฏิเสธงั้นรึ? เห็นหรือยังไอ้พวกโรเซลล์ พวกเจ้าโดนนางหลอกเข้าแล้ว!,,,PENDING_MANUAL_GENERATION,,triangle-strategy
489,MS19F_X45_BATTLE_02_BEFORE_M_IDO_0120.wav,MS19F_X45_BATTLE_02_BEFORE_M_IDO_0120,187,187,187,189,อีดอร์,npc,male,idore,assets/triangle-strategy/approved_voice_references/idore.wav,ฆ่าพวกมันแล้วกลับสู่เทพธิดาเสียเภิด... จงกลับตัวแล้วนางจะเมตตาพวกเจ้า,,,PENDING_MANUAL_GENERATION,,triangle-strategy
490,MS19F_X45_BATTLE_02_BEFORE_M_IDO_0130.wav,MS19F_X45_BATTLE_02_BEFORE_M_IDO_0130,188,188,188,190,อีดอร์,npc,male,idore,assets/triangle-strategy/approved_voice_references/idore.wav,...ก็ได้ หากพวกน้ำหน้าโง่ๆ อย่างเจ้าอยากจะตายกันมากนัก ข้าจะได้สนองให้เอง,,,PENDING_MANUAL_GENERATION,,triangle-strategy
491,MS19F_X45_BATTLE_02_BEFORE_M_JRM_0010.wav,MS19F_X45_BATTLE_02_BEFORE_M_JRM_0010,189,189,189,191,เจอร์รอม,npc,male,jerrom,assets/triangle-strategy/approved_voice_references/jerrom.wav,ลอร์ดเซเรโนอา! ท่านหญิงเฟรเดอริก้า!,,,PENDING_MANUAL_GENERATION,,triangle-strategy
492,MS19F_X45_BATTLE_02_BEFORE_M_JRM_0020.wav,MS19F_X45_BATTLE_02_BEFORE_M_JRM_0020,190,190,190,192,เจอร์รอม,npc,male,jerrom,assets/triangle-strategy/approved_voice_references/jerrom.wav,มันแน่อยู่แล้วขอรับ! เราอยากจะร่วมทางกับท่าน,,,PENDING_MANUAL_GENERATION,,triangle-strategy
493,MS19F_X45_BATTLE_02_BEFORE_M_JRM_0030.wav,MS19F_X45_BATTLE_02_BEFORE_M_JRM_0030,191,191,191,193,เจอร์รอม,npc,male,jerrom,assets/triangle-strategy/approved_voice_references/jerrom.wav,เพื่อรักษาอนาคตของเรา และทดแทนคุณตระกูลวูล์ฟฟอร์ต,,,PENDING_MANUAL_GENERATION,,triangle-strategy
494,MS19F_X45_BATTLE_02_BEFORE_M_JRM_0040.wav,MS19F_X45_BATTLE_02_BEFORE_M_JRM_0040,192,192,192,194,เจอร์รอม,npc,male,jerrom,assets/triangle-strategy/approved_voice_references/jerrom.wav,เอาล่ะ! ตามข้ามาเร็วทุกคน!,,,PENDING_MANUAL_GENERATION,,triangle-strategy
495,MS19F_X45_BATTLE_02_BEFORE_M_M430_0010.wav,MS19F_X45_BATTLE_02_BEFORE_M_M430_0010,193,193,193,195,ชายชาวเมือง / ทหาร / ผู้ติดตาม,generic,male,MALE_YOUNG_A,assets/triangle-strategy/approved_voice_references/MALE_YOUNG_A.wav,กลับนาเกลือก็เหมือนไปทุกข์ทรมานจนตายเสียเปล่า หากต้องเป็นเช่นนั้น ข้าขอไปตายที่บ้านเกิดดีกว่า!,,,PENDING_MANUAL_GENERATION,,triangle-strategy
496,MS19F_X45_BATTLE_02_BEFORE_M_MB536T01_0010.wav,MS19F_X45_BATTLE_02_BEFORE_M_MB536T01_0010,194,194,194,196,ชายชาวเมือง / ทหาร / ผู้ติดตาม,generic,male,MALE_ADULT_B,assets/triangle-strategy/approved_voice_references/MALE_ADULT_B.wav,เราปล่อยให้เทพธิดากดขี่ข่มเหงมานานมากแล้ว! ตอนนี้เราจะเลือกเส้นทางให้ตัวเอง นั่นคือสิ่งที่เราจะไม่นึกเสียใจภายหลัง!,,,PENDING_MANUAL_GENERATION,,triangle-strategy
497,MS19F_X45_BATTLE_02_BEFORE_M_RLN_0010.wav,MS19F_X45_BATTLE_02_BEFORE_M_RLN_0010,195,195,195,197,Roland,main,male,roland,assets/triangle-strategy/approved_voice_references/roland.wav,สุดแดนใต้นอร์เซเลียแล้วสินะ,,,PENDING_MANUAL_GENERATION,,triangle-strategy
498,MS19F_X45_BATTLE_02_BEFORE_M_RLN_0020.wav,MS19F_X45_BATTLE_02_BEFORE_M_RLN_0020,196,196,196,198,Roland,main,male,roland,assets/triangle-strategy/approved_voice_references/roland.wav,แต่หนทางของเรายังอีกยาวไกลกว่าจะถึงเซนทราเลีย หากเราผ่านน้ำตกนี่ไปได้ล่ะก็ ใครก็จะตามเรามาไม่ได้แล้ว,,,PENDING_MANUAL_GENERATION,,triangle-strategy
499,MS19F_X45_BATTLE_02_BEFORE_M_RLN_0030.wav,MS19F_X45_BATTLE_02_BEFORE_M_RLN_0030,197,197,197,199,Roland,main,male,roland,assets/triangle-strategy/approved_voice_references/roland.wav,ฮ่าๆๆ สุดยอดไปเลย! ไว้เรามาจัดงานแต่งสุดอลังในเซนทราเลียกันนะ,,,PENDING_MANUAL_GENERATION,,triangle-strategy
500,MS19F_X45_BATTLE_02_BEFORE_M_RLN_0040.wav,MS19F_X45_BATTLE_02_BEFORE_M_RLN_0040,198,198,198,200,Roland,main,male,roland,assets/triangle-strategy/approved_voice_references/roland.wav,อีดอร์!? เป็นไปไม่ได้ เจ้าตามทันได้ยังไง!?,,,PENDING_MANUAL_GENERATION,,triangle-strategy
501,MS19F_X45_BATTLE_02_BEFORE_M_SEL_0010.wav,MS19F_X45_BATTLE_02_BEFORE_M_SEL_0010,199,199,199,201,Serenoa,main,male,serenoa,assets/triangle-strategy/approved_voice_references/serenoa.wav,มหาน้ำตก...,,,PENDING_MANUAL_GENERATION,,triangle-strategy
502,MS19F_X45_BATTLE_02_BEFORE_M_SEL_0020.wav,MS19F_X45_BATTLE_02_BEFORE_M_SEL_0020,200,200,200,202,Serenoa,main,male,serenoa,assets/triangle-strategy/approved_voice_references/serenoa.wav,เจอร์รอม! มาแล้วเหรอ!,,,PENDING_MANUAL_GENERATION,,triangle-strategy
503,MS19F_X45_BATTLE_02_BEFORE_M_SEL_0030.wav,MS19F_X45_BATTLE_02_BEFORE_M_SEL_0030,201,201,201,203,Serenoa,main,male,serenoa,assets/triangle-strategy/approved_voice_references/serenoa.wav,ดูม้าสิ...!,,,PENDING_MANUAL_GENERATION,,triangle-strategy
504,MS19F_X45_BATTLE_02_BEFORE_M_SEL_0050.wav,MS19F_X45_BATTLE_02_BEFORE_M_SEL_0050,202,202,202,204,Serenoa,main,male,serenoa,assets/triangle-strategy/approved_voice_references/serenoa.wav,นั่นคือ...จักรกลที่นางสร้างขึ้นมาเหรอ?,,,PENDING_MANUAL_GENERATION,,triangle-strategy
505,MS19F_X45_BATTLE_02_BEFORE_M_SEL_0060.wav,MS19F_X45_BATTLE_02_BEFORE_M_SEL_0060,203,203,203,205,Serenoa,main,male,serenoa,assets/triangle-strategy/approved_voice_references/serenoa.wav,เจอร์รอม เราจะถ่วงพวกเขาไว้ให้! ระหว่างนี้รบกวนพาคนอื่นข้ามสะพานหนีไปก่อน!,,,PENDING_MANUAL_GENERATION,,triangle-strategy
506,MS19F_X45_BATTLE_02_DRAMA_F_EZA_0010.wav,MS19F_X45_BATTLE_02_DRAMA_F_EZA_0010,204,204,204,206,เอซาน่า,npc,female,ezana,assets/triangle-strategy/approved_voice_references/ezana.wav,ข้าจะใช้พลังที่สืบทอดมา เพื่อยับยั้งไม่ให้หลักคำสอนของเจ้าทำร้ายใครไปมากกว่านี้!,,,PENDING_MANUAL_GENERATION,,triangle-strategy
507,MS19F_X45_BATTLE_02_DRAMA_F_FRE_0010.wav,MS19F_X45_BATTLE_02_DRAMA_F_FRE_0010,205,205,205,207,Frederica,main,female,frederica,assets/triangle-strategy/approved_voice_references/frederica.wav,มันคือความหวังของพวกเขาต่างหาก! ความหวังที่จะหลุดพ้นจากความทรมาน ที่ต้องกลายเป็นแพะรับบาปของไฮแซนต์ยังไงล่ะ!,,,PENDING_MANUAL_GENERATION,,triangle-strategy
508,MS19F_X45_BATTLE_02_DRAMA_F_FRE_0020.wav,MS19F_X45_BATTLE_02_DRAMA_F_FRE_0020,206,206,206,208,Frederica,main,female,frederica,assets/triangle-strategy/approved_voice_references/frederica.wav,"กล้าพูดออกมาได้เนอะ สิ่งที่ยัดเยียดให้พวกเขามันเรียกว่า ""ความสุข"" งั้นเหรอ? ",,,PENDING_MANUAL_GENERATION,,triangle-strategy
509,MS19F_X45_BATTLE_02_DRAMA_F_FRE_0030.wav,MS19F_X45_BATTLE_02_DRAMA_F_FRE_0030,207,207,207,209,Frederica,main,female,frederica,assets/triangle-strategy/approved_voice_references/frederica.wav,พวกเราแฉคำสอนแหกตาของเจ้าไปหมดแล้ว! จงชดใช้ความผิดของเจ้าซะ อีดอร์!,,,PENDING_MANUAL_GENERATION,,triangle-strategy
510,MS19F_X45_BATTLE_02_DRAMA_F_FRE_0040.wav,MS19F_X45_BATTLE_02_DRAMA_F_FRE_0040,208,208,208,210,Frederica,main,female,frederica,assets/triangle-strategy/approved_voice_references/frederica.wav,"ข้า ""จงใจ"" จะสานต่อจากสิ่งที่ท่านแม่เคยทำไว้ และจะนำอิสรภาพมาสู่ชาวโรเซลล์ด้วยตนเอง!",,,PENDING_MANUAL_GENERATION,,triangle-strategy
511,MS19F_X45_BATTLE_02_DRAMA_F_FRE_0050.wav,MS19F_X45_BATTLE_02_DRAMA_F_FRE_0050,209,209,209,211,Frederica,main,female,frederica,assets/triangle-strategy/approved_voice_references/frederica.wav,ไม่ต้องห่วงนะเซเรโนอา ไม่ว่าจะเกิดอะไรขึ้น...ข้าจะปกป้องชาวโรเซลล์เอง!,,,PENDING_MANUAL_GENERATION,,triangle-strategy
512,MS19F_X45_BATTLE_02_DRAMA_F_FRE_0060.wav,MS19F_X45_BATTLE_02_DRAMA_F_FRE_0060,210,210,210,212,Frederica,main,female,frederica,assets/triangle-strategy/approved_voice_references/frederica.wav,ไม่นะ...ไม่จริง... ใกล้ถึงฝั่งฝันอยู่แล้วแท้ๆ...!,,,PENDING_MANUAL_GENERATION,,triangle-strategy
513,MS19F_X45_BATTLE_02_DRAMA_F_FRE_0070.wav,MS19F_X45_BATTLE_02_DRAMA_F_FRE_0070,211,211,211,213,Frederica,main,female,frederica,assets/triangle-strategy/approved_voice_references/frederica.wav,สำเร็จแล้ว... ทำได้แล้ว! เซนทราเลียรอเราอยู่!,,,PENDING_MANUAL_GENERATION,,triangle-strategy
514,MS19F_X45_BATTLE_02_DRAMA_F_HOS_0010.wav,MS19F_X45_BATTLE_02_DRAMA_F_HOS_0010,212,212,212,214,ฮอสซาบาร่า,npc,female,hossabara,assets/triangle-strategy/approved_voice_references/hossabara.wav,เจ้ากล้าสังหารม้าเพราะความผิดเล็กน้อย แล้วคิดว่าชาวโรเซลล์อยากจะกลับไปใช้ชีวิตร่วมกับคนแบบนี้ไหมล่ะ?,,,PENDING_MANUAL_GENERATION,,triangle-strategy
515,MS19F_X45_BATTLE_02_DRAMA_F_MIR_0010.wav,MS19F_X45_BATTLE_02_DRAMA_F_MIR_0010,213,213,213,215,ไมโล,npc,female,milo,assets/triangle-strategy/approved_voice_references/milo.wav,ข้าไม่เคยเป็นสิ่งใดนอกจากเครื่องมือเครื่องใช้ของท่าน แต่วูล์ฟฟอร์ตนั้น... เขาดูแลข้าดังเช่นสหายคนหนึ่งจริงๆ,,,PENDING_MANUAL_GENERATION,,triangle-strategy
516,MS19F_X45_BATTLE_02_DRAMA_F_MS19X45B02M02_0010.wav,MS19F_X45_BATTLE_02_DRAMA_F_MS19X45B02M02_0010,214,214,214,216,หญิงชาวเมือง / ทหาร / ผู้ติดตาม,generic,female,FEMALE_YOUNG_A,assets/triangle-strategy/approved_voice_references/FEMALE_YOUNG_A.wav,เราจะเป็นอิสระจากคำสอนแล้ว!,,,PENDING_MANUAL_GENERATION,,triangle-strategy
517,MS19F_X45_BATTLE_02_DRAMA_F_MS19X45B02M02_0020.wav,MS19F_X45_BATTLE_02_DRAMA_F_MS19X45B02M02_0020,215,215,215,217,หญิงชาวเมือง / ทหาร / ผู้ติดตาม,generic,female,FEMALE_YOUNG_A,assets/triangle-strategy/approved_voice_references/FEMALE_YOUNG_A.wav,พวกเราขอนำไปก่อนนะ!,,,PENDING_MANUAL_GENERATION,,triangle-strategy
518,MS19F_X45_BATTLE_02_DRAMA_F_MS19X45B02M02_0030.wav,MS19F_X45_BATTLE_02_DRAMA_F_MS19X45B02M02_0030,216,216,216,218,หญิงชาวเมือง / ทหาร / ผู้ติดตาม,generic,female,FEMALE_YOUNG_A,assets/triangle-strategy/approved_voice_references/FEMALE_YOUNG_A.wav,ทิ้งข้าเสีย... ไปเร็ว...,,,PENDING_MANUAL_GENERATION,,triangle-strategy
519,MS19F_X45_BATTLE_02_DRAMA_F_TRI_0010.wav,MS19F_X45_BATTLE_02_DRAMA_F_TRI_0010,217,217,217,219,Trish,npc,female,trish,assets/triangle-strategy/approved_voice_references/trish.wav,อีแก่ตอแหลชาติชั่ว! คิดจะเอาเปรียบคนอ่อนแอแล้วลอยนวลงั้นสิ?,,,PENDING_MANUAL_GENERATION,,triangle-strategy
520,MS19F_X45_BATTLE_02_DRAMA_F_TRI_0020.wav,MS19F_X45_BATTLE_02_DRAMA_F_TRI_0020,218,218,218,220,Trish,npc,female,trish,assets/triangle-strategy/approved_voice_references/trish.wav,ข้าจะให้คิดอีกรอบ! เพราะคราวนี้เจ้าโดนข้าแน่!,,,PENDING_MANUAL_GENERATION,,triangle-strategy
521,MS19F_X45_BATTLE_02_DRAMA_M_ARC_0010.wav,MS19F_X45_BATTLE_02_DRAMA_M_ARC_0010,219,219,219,221,อาร์ชิบัลด์,npc,male,archibald,assets/triangle-strategy/approved_voice_references/archibald.wav,ยอมแพ้เสียเถอะอีดอร์ สิ้นอนาคตของเทพธิดาและหลักคำสอนแล้ว,,,PENDING_MANUAL_GENERATION,,triangle-strategy
522,MS19F_X45_BATTLE_02_DRAMA_M_ARC_0020.wav,MS19F_X45_BATTLE_02_DRAMA_M_ARC_0020,220,220,220,222,อาร์ชิบัลด์,npc,male,archibald,assets/triangle-strategy/approved_voice_references/archibald.wav,ไม่มีสิ่งใดคงอยู่ตลอดไปหรอก และไม่ควรจะเป็นเช่นนั้นด้วย กาลเวลาย่อมพัดพาการเปลี่ยนแปลงมาสู่เราเสมอ,,,PENDING_MANUAL_GENERATION,,triangle-strategy
523,MS19F_X45_BATTLE_02_DRAMA_M_IDO_0010.wav,MS19F_X45_BATTLE_02_DRAMA_M_IDO_0010,221,221,221,223,อีดอร์,npc,male,idore,assets/triangle-strategy/approved_voice_references/idore.wav,ฟังข้าเสีย เหล่าสาวกผู้ศรัทธาทั้งหลาย! พวกเจ้าเป็นหนี้ชีวิตพระองค์,,,PENDING_MANUAL_GENERATION,,triangle-strategy
524,MS19F_X45_BATTLE_02_DRAMA_M_IDO_0020.wav,MS19F_X45_BATTLE_02_DRAMA_M_IDO_0020,222,222,222,224,อีดอร์,npc,male,idore,assets/triangle-strategy/approved_voice_references/idore.wav,จงทดแทนด้วยการสังเวยวูล์ฟฟอร์ตเสียเถิด ให้พวกมันได้เห็นว่าคนนอกรีตผู้หมิ่นศาสนาจักต้องพบชะตาเช่นไร!,,,PENDING_MANUAL_GENERATION,,triangle-strategy
525,MS19F_X45_BATTLE_02_DRAMA_M_IDO_0030.wav,MS19F_X45_BATTLE_02_DRAMA_M_IDO_0030,223,223,223,225,อีดอร์,npc,male,idore,assets/triangle-strategy/approved_voice_references/idore.wav,ละอายใจตัวเองซะบ้างนะเฟรเดอริก้า เจ้าไปชักจูงให้พวกเขาเดินทางไปสู่หายนะ...,,,PENDING_MANUAL_GENERATION,,triangle-strategy
526,MS19F_X45_BATTLE_02_DRAMA_M_IDO_0040.wav,MS19F_X45_BATTLE_02_DRAMA_M_IDO_0040,224,224,224,226,อีดอร์,npc,male,idore,assets/triangle-strategy/approved_voice_references/idore.wav,แค่เชื่อฟังเทพธิดาอย่างเคร่งครัด แค่นี้ก็ไม่ต้องไปหาความสุขอื่นใดแล้ว แต่เจ้าเลือกที่จะทำลายมันเอง,,,PENDING_MANUAL_GENERATION,,triangle-strategy
527,MS19F_X45_BATTLE_02_DRAMA_M_IDO_0050.wav,MS19F_X45_BATTLE_02_DRAMA_M_IDO_0050,225,225,225,227,อีดอร์,npc,male,idore,assets/triangle-strategy/approved_voice_references/idore.wav,ใช่สิ สุขใดเล่าจะสุขเท่าการรอดพ้นจากบาปกันล่ะ?,,,PENDING_MANUAL_GENERATION,,triangle-strategy
528,MS19F_X45_BATTLE_02_DRAMA_M_IDO_0060.wav,MS19F_X45_BATTLE_02_DRAMA_M_IDO_0060,226,226,226,228,อีดอร์,npc,male,idore,assets/triangle-strategy/approved_voice_references/idore.wav,นังลูกออลายา... ขวางทางข้าทั้งตระกูลจริงๆ!,,,PENDING_MANUAL_GENERATION,,triangle-strategy
529,MS19F_X45_BATTLE_02_DRAMA_M_IDO_0070.wav,MS19F_X45_BATTLE_02_DRAMA_M_IDO_0070,227,227,227,229,อีดอร์,npc,male,idore,assets/triangle-strategy/approved_voice_references/idore.wav,เจ้าคิดผิดมหันต์เลยอาร์ชิบัลด์ ตราบใดที่เรายังมีหัวหน้านักบวช อนาคตของเราจะรุ่งโรจน์และคงอยู่เป็นนิจ!,,,PENDING_MANUAL_GENERATION,,triangle-strategy
530,MS19F_X45_BATTLE_02_DRAMA_M_IDO_0080.wav,MS19F_X45_BATTLE_02_DRAMA_M_IDO_0080,228,228,228,230,อีดอร์,npc,male,idore,assets/triangle-strategy/approved_voice_references/idore.wav,ทำร้ายเหรอ? ไม่เห็นมีใครเดือดร้อนที่ไฮแซนต์เลย กล้าดียังไงถึงมาดูหมิ่นต่อหน้าข้าเช่นนี้!,,,PENDING_MANUAL_GENERATION,,triangle-strategy
531,MS19F_X45_BATTLE_02_DRAMA_M_IDO_0090.wav,MS19F_X45_BATTLE_02_DRAMA_M_IDO_0090,229,229,229,231,อีดอร์,npc,male,idore,assets/triangle-strategy/approved_voice_references/idore.wav,คิดให้ดีก่อนนะเจ้าหนู การทำร้ายข้านั้นเปรียบเสมือนทำร้ายเทพธิดาโดยตรง,,,PENDING_MANUAL_GENERATION,,triangle-strategy
532,MS19F_X45_BATTLE_02_DRAMA_M_IDO_0100.wav,MS19F_X45_BATTLE_02_DRAMA_M_IDO_0100,230,230,230,232,อีดอร์,npc,male,idore,assets/triangle-strategy/approved_voice_references/idore.wav,มันไม่มีสถานที่แบบนั้นหรอก ขุมทรัพย์เองก็เช่นกัน ช่างน่าสมเพชเหลือเกินที่ถูกล้างสมองเช่นนี้...,,,PENDING_MANUAL_GENERATION,,triangle-strategy
533,MS19F_X45_BATTLE_02_DRAMA_M_IDO_0110.wav,MS19F_X45_BATTLE_02_DRAMA_M_IDO_0110,231,231,231,233,อีดอร์,npc,male,idore,assets/triangle-strategy/approved_voice_references/idore.wav,นังโจรชั่ว เจ้าจะถูกพิพากษาและลงโทษ เทพธิดาไม่ชอบผู้ละโมบหรอกนะ,,,PENDING_MANUAL_GENERATION,,triangle-strategy
534,MS19F_X45_BATTLE_02_DRAMA_M_IDO_0120.wav,MS19F_X45_BATTLE_02_DRAMA_M_IDO_0120,232,232,232,234,อีดอร์,npc,male,idore,assets/triangle-strategy/approved_voice_references/idore.wav,น่าเสียดายเหลือเกิน หากเจ้าต้องการกำไร...แค่ขัดเกลาทักษะการค้าขาย แล้วเทพธิดาจะช่วยเหลือเจ้าเอง,,,PENDING_MANUAL_GENERATION,,triangle-strategy
535,MS19F_X45_BATTLE_02_DRAMA_M_IDO_0130.wav,MS19F_X45_BATTLE_02_DRAMA_M_IDO_0130,233,233,233,235,อีดอร์,npc,male,idore,assets/triangle-strategy/approved_voice_references/idore.wav,ไมโล... หลังจากทุกสิ่งที่ผ่านมา เจ้าตอบแทนข้าเช่นนี้เหรอ?,,,PENDING_MANUAL_GENERATION,,triangle-strategy
536,MS19F_X45_BATTLE_02_DRAMA_M_IDO_0140.wav,MS19F_X45_BATTLE_02_DRAMA_M_IDO_0140,234,234,234,236,อีดอร์,npc,male,idore,assets/triangle-strategy/approved_voice_references/idore.wav,ยุติธรรมเหรอ เป็นคำที่ไร้ความหมายมาก คนเรานั้นจะเจริญได้ก็ต่อเมื่อเชื่อฟังเทพธิดา และคำสอนต่างหากล่ะ,,,PENDING_MANUAL_GENERATION,,triangle-strategy
537,MS19F_X45_BATTLE_02_DRAMA_M_IDO_0150.wav,MS19F_X45_BATTLE_02_DRAMA_M_IDO_0150,235,235,235,237,อีดอร์,npc,male,idore,assets/triangle-strategy/approved_voice_references/idore.wav,ข้าจะไม่ให้ใครมาดูแคลนในประวัติศาสตร์และประเพณีของเรา,,,PENDING_MANUAL_GENERATION,,triangle-strategy
538,MS19F_X45_BATTLE_02_DRAMA_M_IDO_0160.wav,MS19F_X45_BATTLE_02_DRAMA_M_IDO_0160,236,236,236,238,อีดอร์,npc,male,idore,assets/triangle-strategy/approved_voice_references/idore.wav,ชาวโรเซลล์เริ่มชดใช้บาปต่อหน้าเทพธิดาได้เสียที,,,PENDING_MANUAL_GENERATION,,triangle-strategy
539,MS19F_X45_BATTLE_02_DRAMA_M_IDO_0170.wav,MS19F_X45_BATTLE_02_DRAMA_M_IDO_0170,237,237,237,239,อีดอร์,npc,male,idore,assets/triangle-strategy/approved_voice_references/idore.wav,ข้าไม่ต้องการให้ความสุขแห่งการไถ่บาปถูกพรากไปจากพวกเขา,,,PENDING_MANUAL_GENERATION,,triangle-strategy
540,MS19F_X45_BATTLE_02_DRAMA_M_IDO_0180.wav,MS19F_X45_BATTLE_02_DRAMA_M_IDO_0180,238,238,238,240,อีดอร์,npc,male,idore,assets/triangle-strategy/approved_voice_references/idore.wav,หากที่ต่อต้านข้าก็เหมือนต่อต้านเทพธิดาเช่นกัน เจ้าพร้อมรับมือนางแล้วเหรอ?,,,PENDING_MANUAL_GENERATION,,triangle-strategy
541,MS19F_X45_BATTLE_02_DRAMA_M_IDO_0190.wav,MS19F_X45_BATTLE_02_DRAMA_M_IDO_0190,239,239,239,241,อีดอร์,npc,male,idore,assets/triangle-strategy/approved_voice_references/idore.wav,คิดเสียว่าสวรรค์ลงโทษก็แล้วกัน,,,PENDING_MANUAL_GENERATION,,triangle-strategy
542,MS19F_X45_BATTLE_02_DRAMA_M_IDO_0200.wav,MS19F_X45_BATTLE_02_DRAMA_M_IDO_0200,240,240,240,242,อีดอร์,npc,male,idore,assets/triangle-strategy/approved_voice_references/idore.wav,ชิ... อย่าปล่อยให้ชาวโรเซลล์หลบหนีไปได้!,,,PENDING_MANUAL_GENERATION,,triangle-strategy
543,MS19F_X45_BATTLE_02_DRAMA_M_IDO_0210.wav,MS19F_X45_BATTLE_02_DRAMA_M_IDO_0210,241,241,241,243,อีดอร์,npc,male,idore,assets/triangle-strategy/approved_voice_references/idore.wav,...พวกเจ้าจักต้องพบกับความพิโรธแห่งเทพธิดา!,,,PENDING_MANUAL_GENERATION,,triangle-strategy
544,MS19F_X45_BATTLE_02_DRAMA_M_JUL_0010.wav,MS19F_X45_BATTLE_02_DRAMA_M_JUL_0010,242,242,242,244,ยูลิโอ้,npc,male,julio,assets/triangle-strategy/approved_voice_references/julio.wav,ความเฟื่องฟูของไฮแซนต์ถูกสร้างบนรากฐานแห่งคำหลอกลวง ท่านคิดว่านั่นยุติธรรมแล้วใช่ไหม?,,,PENDING_MANUAL_GENERATION,,triangle-strategy
545,MS19F_X45_BATTLE_02_DRAMA_M_LIO_0010.wav,MS19F_X45_BATTLE_02_DRAMA_M_LIO_0010,243,243,243,245,ไลโอเนล,npc,male,lionel,assets/triangle-strategy/approved_voice_references/lionel.wav,ตอนที่ข้าร่วมทางกับวูล์ฟฟอร์ต ข้าไม่นึกเลยว่าจะได้สู้กับรัฐมนตรีอีดอร์...,,,PENDING_MANUAL_GENERATION,,triangle-strategy
546,MS19F_X45_BATTLE_02_DRAMA_M_MB536T01_0010.wav,MS19F_X45_BATTLE_02_DRAMA_M_MB536T01_0010,244,244,244,246,ชายชาวเมือง / ทหาร / ผู้ติดตาม,generic,male,MALE_ADULT_B,assets/triangle-strategy/approved_voice_references/MALE_ADULT_B.wav,เร็วเข้า! เราจะรอดไปด้วยกัน!,,,PENDING_MANUAL_GENERATION,,triangle-strategy
547,MS19F_X45_BATTLE_02_DRAMA_M_MB536T01_0020.wav,MS19F_X45_BATTLE_02_DRAMA_M_MB536T01_0020,245,245,245,247,ชายชาวเมือง / ทหาร / ผู้ติดตาม,generic,male,MALE_ADULT_B,assets/triangle-strategy/approved_voice_references/MALE_ADULT_B.wav,เราเชื่อมั่นในตัวพวกท่าน!,,,PENDING_MANUAL_GENERATION,,triangle-strategy
548,MS19F_X45_BATTLE_02_DRAMA_M_MB536T01_0030.wav,MS19F_X45_BATTLE_02_DRAMA_M_MB536T01_0030,246,246,246,248,ชายชาวเมือง / ทหาร / ผู้ติดตาม,generic,male,MALE_ADULT_B,assets/triangle-strategy/approved_voice_references/MALE_ADULT_B.wav,อึก... ข้าไม่รอดแล้ว...,,,PENDING_MANUAL_GENERATION,,triangle-strategy
549,MS19F_X45_BATTLE_02_DRAMA_M_MS19X45B02M01_0005.wav,MS19F_X45_BATTLE_02_DRAMA_M_MS19X45B02M01_0005,247,247,247,249,ชายชาวเมือง / ทหาร / ผู้ติดตาม,generic,male,MALE_ADULT_A,assets/triangle-strategy/approved_voice_references/MALE_ADULT_A.wav,อีกนิดเดียวพวกเราจะได้กลับบ้านแล้วทุกคน เร็วเข้า!,,,PENDING_MANUAL_GENERATION,,triangle-strategy
550,MS19F_X45_BATTLE_02_DRAMA_M_MS19X45B02M01_0010.wav,MS19F_X45_BATTLE_02_DRAMA_M_MS19X45B02M01_0010,248,248,248,250,ชายชาวเมือง / ทหาร / ผู้ติดตาม,generic,male,MALE_ADULT_A,assets/triangle-strategy/approved_voice_references/MALE_ADULT_A.wav,ขอบคุณพวกท่านทุกคนมากๆ ขอรับ!,,,PENDING_MANUAL_GENERATION,,triangle-strategy
551,MS19F_X45_BATTLE_02_DRAMA_M_MS19X45B02M01_0020.wav,MS19F_X45_BATTLE_02_DRAMA_M_MS19X45B02M01_0020,249,249,249,251,ชายชาวเมือง / ทหาร / ผู้ติดตาม,generic,male,MALE_ADULT_A,assets/triangle-strategy/approved_voice_references/MALE_ADULT_A.wav,อ้าก! พวกเจ้าทุกคนหนีไปซะ...,,,PENDING_MANUAL_GENERATION,,triangle-strategy
552,MS19F_X45_BATTLE_02_DRAMA_M_MS19X45B02M03_0010.wav,MS19F_X45_BATTLE_02_DRAMA_M_MS19X45B02M03_0010,250,250,250,252,ชายชาวเมือง / ทหาร / ผู้ติดตาม,generic,male,MALE_ADULT_C,assets/triangle-strategy/approved_voice_references/MALE_ADULT_C.wav,ตัดหัวพวกมันซะ อย่าให้ชาวโรเซลล์หนีไปได้!,,,PENDING_MANUAL_GENERATION,,triangle-strategy
553,MS19F_X45_BATTLE_02_DRAMA_M_NAR_0010.wav,MS19F_X45_BATTLE_02_DRAMA_M_NAR_0010,251,251,251,253,นาร์ฟ,npc,male,narve,assets/triangle-strategy/approved_voice_references/narve.wav,ข้ารอโอกาสนี้มานานแล้ว... วันที่ข้าจะได้กำราบเจ้าด้วยเวทย์ของปู่ข้า!,,,PENDING_MANUAL_GENERATION,,triangle-strategy
554,MS19F_X45_BATTLE_02_DRAMA_M_NAR_0020.wav,MS19F_X45_BATTLE_02_DRAMA_M_NAR_0020,252,252,252,254,นาร์ฟ,npc,male,narve,assets/triangle-strategy/approved_voice_references/narve.wav,เจ้านั่นแหละที่ต้องคิดให้ดีก่อน! เจ้าต้องชดใช้ในสิ่งที่ทำลงไปกับมหาจอมเวทย์แกรนดันเต้!,,,PENDING_MANUAL_GENERATION,,triangle-strategy
555,MS19F_X45_BATTLE_02_DRAMA_M_SEL_0010.wav,MS19F_X45_BATTLE_02_DRAMA_M_SEL_0010,253,253,253,255,Serenoa,main,male,serenoa,assets/triangle-strategy/approved_voice_references/serenoa.wav,เร็วเข้า! รีบช่วยพวกเขาข้ามสะพานไปอีกฝั่งที!,,,PENDING_MANUAL_GENERATION,,triangle-strategy
556,MS19F_X45_BATTLE_02_DRAMA_M_SEL_0020.wav,MS19F_X45_BATTLE_02_DRAMA_M_SEL_0020,254,254,254,256,Serenoa,main,male,serenoa,assets/triangle-strategy/approved_voice_references/serenoa.wav,เหล่าวูล์ฟฟอร์ตเอ๋ย! จงเป็นโล่ให้พวกเขาเสียเถิด! อย่าให้พวกมันได้เปรียบเรา!,,,PENDING_MANUAL_GENERATION,,triangle-strategy
557,MS19F_X45_BATTLE_02_DRAMA_M_SEL_0030.wav,MS19F_X45_BATTLE_02_DRAMA_M_SEL_0030,255,255,255,257,Serenoa,main,male,serenoa,assets/triangle-strategy/approved_voice_references/serenoa.wav,บ้าจริง... พยายามเข้าสหายข้า...!,,,PENDING_MANUAL_GENERATION,,triangle-strategy
558,MS19F_X45_BATTLE_02_DRAMA_M_SEL_0040.wav,MS19F_X45_BATTLE_02_DRAMA_M_SEL_0040,256,256,256,258,Serenoa,main,male,serenoa,assets/triangle-strategy/approved_voice_references/serenoa.wav,พักก่อนนะเฟรเดอริก้า ข้าจะคุ้มกันชาวโรเซลล์เอง!,,,PENDING_MANUAL_GENERATION,,triangle-strategy
559,MS19F_X45_BATTLE_02_DRAMA_M_TRA_0010.wav,MS19F_X45_BATTLE_02_DRAMA_M_TRA_0010,257,257,257,259,Travis,npc,male,travis,assets/triangle-strategy/approved_voice_references/travis.wav,ข้าไม่สนเทพธิดาหรือการก่อกบฎบ้าบออะไรทั้งนั้น แต่ขุมทรัพย์ในเซนทราเลียงั้นเหรอ? นั่นสิค่อยคุ้มค่าเหนื่อยหน่อย!,,,PENDING_MANUAL_GENERATION,,triangle-strategy
560,MS19F_X45_C0_0010_F_FRE_0010.wav,MS19F_X45_C0_0010_F_FRE_0010,258,258,258,260,Frederica,main,female,frederica,assets/triangle-strategy/approved_voice_references/frederica.wav,ข้ามีนามว่า เฟรเดอริก้า เอสฟรอสต์,,,PENDING_MANUAL_GENERATION,,triangle-strategy
561,MS19F_X45_C0_0010_F_FRE_0020.wav,MS19F_X45_C0_0010_F_FRE_0020,259,259,259,261,Frederica,main,female,frederica,assets/triangle-strategy/approved_voice_references/frederica.wav,บุตรสาวแห่งออลายา...แกนนำหญิงผู้ก่อการปฏิวัติชาวโรเซลล์เมื่อสามสิบปีก่อน,,,PENDING_MANUAL_GENERATION,,triangle-strategy
562,MS19F_X45_C0_0010_F_FRE_0030.wav,MS19F_X45_C0_0010_F_FRE_0030,260,260,260,262,Frederica,main,female,frederica,assets/triangle-strategy/approved_voice_references/frederica.wav,ข้ามากับลอร์ดเซเรโนอาแห่งตระกูลวูล์ฟฟอร์ต ผู้เป็นสามีของข้า,,,PENDING_MANUAL_GENERATION,,triangle-strategy
563,MS19F_X45_C0_0010_F_FRE_0040.wav,MS19F_X45_C0_0010_F_FRE_0040,261,261,261,263,Frederica,main,female,frederica,assets/triangle-strategy/approved_voice_references/frederica.wav,พวกเรามาช่วยท่าน แต่เราต้องขอความร่วมมือจากพวกท่านด้วย วอนพวกท่านช่วยลุกขึ้นสู้เคียงข้างเราด้วยเถิด,,,PENDING_MANUAL_GENERATION,,triangle-strategy
564,MS19F_X45_C0_0010_F_FRE_0050.wav,MS19F_X45_C0_0010_F_FRE_0050,262,262,262,264,Frederica,main,female,frederica,assets/triangle-strategy/approved_voice_references/frederica.wav,มีสิ! ท่านแม่เคยเล่าเรื่องมาตุภูมิของชาวโรเซลล์ให้ฟัง,,,PENDING_MANUAL_GENERATION,,triangle-strategy
565,MS19F_X45_C0_0010_F_FRE_0060.wav,MS19F_X45_C0_0010_F_FRE_0060,263,263,263,265,Frederica,main,female,frederica,assets/triangle-strategy/approved_voice_references/frederica.wav,"ที่นั่นคือดินแดนฝั่งใต้ ล้อมรอบด้วยทะเลเกลือซึ่งมีนามว่า ""เซนทราเลีย""",,,PENDING_MANUAL_GENERATION,,triangle-strategy
566,MS19F_X45_C0_0010_F_FRE_0070.wav,MS19F_X45_C0_0010_F_FRE_0070,264,264,264,266,Frederica,main,female,frederica,assets/triangle-strategy/approved_voice_references/frederica.wav,ทางเราเตรียมแผนหลบหนีให้พวกท่านเรียบร้อยแล้ว เหลือแค่พวกท่านไว้ใจเราก็พอ!,,,PENDING_MANUAL_GENERATION,,triangle-strategy
567,MS19F_X45_C0_0010_F_FRE_0080.wav,MS19F_X45_C0_0010_F_FRE_0080,265,265,265,267,Frederica,main,female,frederica,assets/triangle-strategy/approved_voice_references/frederica.wav,ข้ารู้ว่าท่านแคลงใจ... แต่ถ้าเราไม่ลงมือก็จะไม่มีอะไรเปลี่ยนแปลงนะเจ้าคะ,,,PENDING_MANUAL_GENERATION,,triangle-strategy
568,MS19F_X45_C0_0010_F_FRE_0090.wav,MS19F_X45_C0_0010_F_FRE_0090,266,266,266,268,Frederica,main,female,frederica,assets/triangle-strategy/approved_voice_references/frederica.wav,ท่านอยากจะติดอยู่ที่นี่ตลอดไปเลยเหรอ?,,,PENDING_MANUAL_GENERATION,,triangle-strategy
569,MS19F_X45_C0_0010_F_FRE_0110.wav,MS19F_X45_C0_0010_F_FRE_0110,268,268,268,270,Frederica,main,female,frederica,assets/triangle-strategy/approved_voice_references/frederica.wav,"เช่นนั้นเราจะทำลายเครื่องหมายแห่งความกลัวของพวกเขา ""รูปปั้นเทพธิดา"" ให้มันรู้ซะบ้างว่านางก็ถูกกำราบได้เช่นกัน",,,PENDING_MANUAL_GENERATION,,triangle-strategy
570,MS19F_X45_C0_0010_F_M425_0010.wav,MS19F_X45_C0_0010_F_M425_0010,269,269,269,271,หญิงชาวเมือง / ทหาร / ผู้ติดตาม,generic,female,FEMALE_ADULT_A,assets/triangle-strategy/approved_voice_references/FEMALE_ADULT_A.wav,...สามีงั้นเหรอ? ที่ลือกันคงเป็นความจริงสินะ? ท่านต้อนรับชาวโรเซลล์เข้าสู่ครอบครัวของท่านใช่ไหม?,,,PENDING_MANUAL_GENERATION,,triangle-strategy
571,MS19F_X45_C0_0010_F_M425_0020.wav,MS19F_X45_C0_0010_F_M425_0020,270,270,270,272,หญิงชาวเมือง / ทหาร / ผู้ติดตาม,generic,female,FEMALE_ADULT_A,assets/triangle-strategy/approved_voice_references/FEMALE_ADULT_A.wav,ชาวเราล้วนมีมลทิน เพราะบรรพบุรุษคิดจะยึดเกลือไว้เป็นของตนเอง,,,PENDING_MANUAL_GENERATION,,triangle-strategy
572,MS19F_X45_C0_0010_F_M425_0030.wav,MS19F_X45_C0_0010_F_M425_0030,271,271,271,273,หญิงชาวเมือง / ทหาร / ผู้ติดตาม,generic,female,FEMALE_ADULT_A,assets/triangle-strategy/approved_voice_references/FEMALE_ADULT_A.wav,หากเราไม่อุทิศชีวิตเพื่อรับใช้นาง มีหวังเทพธิดาคงไม่ให้เราพ้นบาปเป็นแน่,,,PENDING_MANUAL_GENERATION,,triangle-strategy
573,MS19F_X45_C0_0010_F_M425_0040.wav,MS19F_X45_C0_0010_F_M425_0040,272,272,272,274,หญิงชาวเมือง / ทหาร / ผู้ติดตาม,generic,female,FEMALE_ADULT_A,assets/triangle-strategy/approved_voice_references/FEMALE_ADULT_A.wav,ให้พวกเราได้ไถ่บาปเถอะนะขอรับ...,,,PENDING_MANUAL_GENERATION,,triangle-strategy
574,MS19F_X45_C0_0010_F_M425_0050.wav,MS19F_X45_C0_0010_F_M425_0050,273,273,273,275,หญิงชาวเมือง / ทหาร / ผู้ติดตาม,generic,female,FEMALE_ADULT_A,assets/triangle-strategy/approved_voice_references/FEMALE_ADULT_A.wav,มัน...เรื่องแต่งไม่ใช่เหรอ? ท่านจะให้เราเชื่อได้ยังไง...,,,PENDING_MANUAL_GENERATION,,triangle-strategy
575,MS19F_X45_C0_0010_F_M425_0060.wav,MS19F_X45_C0_0010_F_M425_0060,274,274,274,276,หญิงชาวเมือง / ทหาร / ผู้ติดตาม,generic,female,FEMALE_ADULT_A,assets/triangle-strategy/approved_voice_references/FEMALE_ADULT_A.wav,ห้ามผู้ใดลองดีขัดขืนเทพธิดา พวกเราถูกสอนมาเช่นนั้นตลอด...,,,PENDING_MANUAL_GENERATION,,triangle-strategy
576,MS19F_X45_C0_0010_M_JRM_0010.wav,MS19F_X45_C0_0010_M_JRM_0010,275,275,275,277,เจอร์รอม,npc,male,jerrom,assets/triangle-strategy/approved_voice_references/jerrom.wav,ลอร์ดเซเรโนอา! ท่านหญิงเฟรเดอริก้า!,,,PENDING_MANUAL_GENERATION,,triangle-strategy
577,MS19F_X45_C0_0010_M_JRM_0020.wav,MS19F_X45_C0_0010_M_JRM_0020,276,276,276,278,เจอร์รอม,npc,male,jerrom,assets/triangle-strategy/approved_voice_references/jerrom.wav,ไม่เป็นไรขอรับนายท่าน ข้ารู้อยู่แล้วว่าท่านต้องกลับมาช่วยเรา,,,PENDING_MANUAL_GENERATION,,triangle-strategy
578,MS19F_X45_C0_0010_M_JRM_0030.wav,MS19F_X45_C0_0010_M_JRM_0030,277,277,277,279,เจอร์รอม,npc,male,jerrom,assets/triangle-strategy/approved_voice_references/jerrom.wav,ไม่รู้ว่าคนอื่นจะคิดเช่นนี้หรือเปล่า แต่จะโทษพวกเขาก็ไม่ได้หรอก,,,PENDING_MANUAL_GENERATION,,triangle-strategy
579,MS19F_X45_C0_0010_M_JRM_0040.wav,MS19F_X45_C0_0010_M_JRM_0040,278,278,278,280,เจอร์รอม,npc,male,jerrom,assets/triangle-strategy/approved_voice_references/jerrom.wav,ข้าเล่าเรื่องท่านให้พวกเขาฟังแล้ว แต่พวกเขาข่มใจขัดขืนเทพธิดาไม่ได้เลย...,,,PENDING_MANUAL_GENERATION,,triangle-strategy
580,MS19F_X45_C0_0010_M_KNS_0010.wav,MS19F_X45_C0_0010_M_KNS_0010,279,279,279,281,แคมเซลล์,npc,male,kamsell,assets/triangle-strategy/approved_voice_references/kamsell.wav,หยุดอยู่ตรงนั้นแหละ,,,PENDING_MANUAL_GENERATION,,triangle-strategy
581,MS19F_X45_C0_0010_M_M387_0010.wav,MS19F_X45_C0_0010_M_M387_0010,280,280,280,282,ชายชาวเมือง / ทหาร / ผู้ติดตาม,generic,male,MALE_ADULT_C,assets/triangle-strategy/approved_voice_references/MALE_ADULT_C.wav,หยุด! คิดจะทำอะไร-,,,PENDING_MANUAL_GENERATION,,triangle-strategy
582,MS19F_X45_C0_0010_M_M387_0020.wav,MS19F_X45_C0_0010_M_M387_0020,281,281,281,283,ชายชาวเมือง / ทหาร / ผู้ติดตาม,generic,male,MALE_ADULT_C,assets/triangle-strategy/approved_voice_references/MALE_ADULT_C.wav,อ้ากกกก!,,,PENDING_MANUAL_GENERATION,,triangle-strategy
583,MS19F_X45_C0_0010_M_M426_0010.wav,MS19F_X45_C0_0010_M_M426_0010,282,282,282,284,ชายชาวเมือง / ทหาร / ผู้ติดตาม,generic,male,MALE_ADULT_A,assets/triangle-strategy/approved_voice_references/MALE_ADULT_A.wav,...หนีจากไฮแซนต์เหรอขอรับ? ไม่ได้หรอก แบบนี้มันฆ่าตัวตายชัดๆ,,,PENDING_MANUAL_GENERATION,,triangle-strategy
584,MS19F_X45_C0_0010_M_M426_0020.wav,MS19F_X45_C0_0010_M_M426_0020,283,283,283,285,ชายชาวเมือง / ทหาร / ผู้ติดตาม,generic,male,MALE_ADULT_A,assets/triangle-strategy/approved_voice_references/MALE_ADULT_A.wav,หากหนีไป พวกเราก็ไม่มีที่ซุกหัวนอนอยู่ดี,,,PENDING_MANUAL_GENERATION,,triangle-strategy
585,MS19F_X45_C0_0010_M_M426_0030.wav,MS19F_X45_C0_0010_M_M426_0030,284,284,284,286,ชายชาวเมือง / ทหาร / ผู้ติดตาม,generic,male,MALE_ADULT_A,assets/triangle-strategy/approved_voice_references/MALE_ADULT_A.wav,เซนทราเลีย... ทะเลเกลือแผ่ไพศาล...,,,PENDING_MANUAL_GENERATION,,triangle-strategy
586,MS19F_X45_C0_0010_M_M426_0040.wav,MS19F_X45_C0_0010_M_M426_0040,285,285,285,287,ชายชาวเมือง / ทหาร / ผู้ติดตาม,generic,male,MALE_ADULT_A,assets/triangle-strategy/approved_voice_references/MALE_ADULT_A.wav,ตอนนั้นข้ายังเล็ก ข้าจำความไม่ค่อยได้แล้ว... แต่ข้าไม่คิดว่าพวกท่านจะสร้างวีรกรรมอันยิ่งใหญ่กว่านางได้หรอก,,,PENDING_MANUAL_GENERATION,,triangle-strategy
587,MS19F_X45_C0_0010_M_M426_0050.wav,MS19F_X45_C0_0010_M_M426_0050,286,286,286,288,ชายชาวเมือง / ทหาร / ผู้ติดตาม,generic,male,MALE_ADULT_A,assets/triangle-strategy/approved_voice_references/MALE_ADULT_A.wav,ใช่ซะที่ไหนเล่า! แต่ว่า...,,,PENDING_MANUAL_GENERATION,,triangle-strategy
588,MS19F_X45_C0_0010_M_MB536T01_0010.wav,MS19F_X45_C0_0010_M_MB536T01_0010,287,287,287,289,ชายชาวเมือง / ทหาร / ผู้ติดตาม,generic,male,MALE_ADULT_B,assets/triangle-strategy/approved_voice_references/MALE_ADULT_B.wav,ตายจริง... พวกเจ้าทำอะไร!? พวกเจ้า... เป็นใครกัน?,,,PENDING_MANUAL_GENERATION,,triangle-strategy
589,MS19F_X45_C0_0010_M_MB536T01_0020.wav,MS19F_X45_C0_0010_M_MB536T01_0020,288,288,288,290,ชายชาวเมือง / ทหาร / ผู้ติดตาม,generic,male,MALE_ADULT_B,assets/triangle-strategy/approved_voice_references/MALE_ADULT_B.wav,ข้ารู้จักท่านหญิงออลายา ท่าน...มีความคล้ายคลึงกับนาง,,,PENDING_MANUAL_GENERATION,,triangle-strategy
590,MS19F_X45_C0_0010_M_MB536T01_0030.wav,MS19F_X45_C0_0010_M_MB536T01_0030,289,289,289,291,ชายชาวเมือง / ทหาร / ผู้ติดตาม,generic,male,MALE_ADULT_B,assets/triangle-strategy/approved_voice_references/MALE_ADULT_B.wav,นางเคยพูดเช่นกันว่าคำสอนรัฐศักดิ์สิทธิ์มันลวงโลก เราต้องปลดปล่อยตัวเองจากพันธนาการที่เทพธิดาจอมปลอมรั้งเราไว้ และมุ่งหน้าสู่เซนทราเลีย,,,PENDING_MANUAL_GENERATION,,triangle-strategy
591,MS19F_X45_C0_0010_M_MB536T01_0040.wav,MS19F_X45_C0_0010_M_MB536T01_0040,290,290,290,292,ชายชาวเมือง / ทหาร / ผู้ติดตาม,generic,male,MALE_ADULT_B,assets/triangle-strategy/approved_voice_references/MALE_ADULT_B.wav,ถ้อยคำเหล่านั้นจุดประกายการปฏิวัติขึ้นมา,,,PENDING_MANUAL_GENERATION,,triangle-strategy
592,MS19F_X45_C0_0010_M_MB536T01_0050.wav,MS19F_X45_C0_0010_M_MB536T01_0050,291,291,291,293,ชายชาวเมือง / ทหาร / ผู้ติดตาม,generic,male,MALE_ADULT_B,assets/triangle-strategy/approved_voice_references/MALE_ADULT_B.wav,แต่ก็มีเพียงบางคนเท่านั้นที่รอดออกไปได้ พร้อมเศษรูปปั้นเทพธิดา,,,PENDING_MANUAL_GENERATION,,triangle-strategy
593,MS19F_X45_C0_0010_M_MB536T01_0060.wav,MS19F_X45_C0_0010_M_MB536T01_0060,292,292,292,294,ชายชาวเมือง / ทหาร / ผู้ติดตาม,generic,male,MALE_ADULT_B,assets/triangle-strategy/approved_voice_references/MALE_ADULT_B.wav,ข้าแค่กลัวไฮแซนต์จะเล่นงานเราเท่านั้นเอง...,,,PENDING_MANUAL_GENERATION,,triangle-strategy
594,MS19F_X45_C0_0010_M_RLN_0010.wav,MS19F_X45_C0_0010_M_RLN_0010,293,293,293,295,Roland,main,male,roland,assets/triangle-strategy/approved_voice_references/roland.wav,เร่งมือหน่อยก็ดีนะ อีกเดี๋ยวพวกไฮแซนต์ก็จะมาถึงนี่แล้ว,,,PENDING_MANUAL_GENERATION,,triangle-strategy
595,MS19F_X45_C0_0010_M_SEL_0010.wav,MS19F_X45_C0_0010_M_SEL_0010,294,294,294,296,Serenoa,main,male,serenoa,assets/triangle-strategy/approved_voice_references/serenoa.wav,ถูกแล้วล่ะ เฟรเดอริก้าคือภรรยาของข้าเอง,,,PENDING_MANUAL_GENERATION,,triangle-strategy
596,MS19F_X45_C0_0010_M_SEL_0020.wav,MS19F_X45_C0_0010_M_SEL_0020,295,295,295,297,Serenoa,main,male,serenoa,assets/triangle-strategy/approved_voice_references/serenoa.wav,ตระกูลวูล์ฟฟอร์ตสาบานจะคุ้มครองชาวโรเซลล์ ฉะนั้นหนีไปจากสถานที่ต่ำตมเช่นนี้กับเราเถอะนะ!,,,PENDING_MANUAL_GENERATION,,triangle-strategy
597,MS19F_X45_C0_0010_M_SEL_0030.wav,MS19F_X45_C0_0010_M_SEL_0030,296,296,296,298,Serenoa,main,male,serenoa,assets/triangle-strategy/approved_voice_references/serenoa.wav,เจอร์รอม! ดีใจที่เจ้าปลอดภัยนะ ขอโทษที่มาช้าด้วยนะ,,,PENDING_MANUAL_GENERATION,,triangle-strategy
598,MS19F_X45_C0_0010_M_SEL_0050.wav,MS19F_X45_C0_0010_M_SEL_0050,297,297,297,299,Serenoa,main,male,serenoa,assets/triangle-strategy/approved_voice_references/serenoa.wav,ข้าเข้าใจ การต่อต้านเผด็จการที่กดขี่มารุ่นสู่รุ่นมันไม่ใช่เรื่องง่ายนักหรอก,,,PENDING_MANUAL_GENERATION,,triangle-strategy
599,MS19F_X45_C0_0020_F_FRE_0010.wav,MS19F_X45_C0_0020_F_FRE_0010,298,298,298,300,Frederica,main,female,frederica,assets/triangle-strategy/approved_voice_references/frederica.wav,มันยังไม่จบหรอก จนกว่าเราจะถึงหาดเซนทราเลียอย่างปลอดภัยเสียก่อน,,,PENDING_MANUAL_GENERATION,,triangle-strategy
600,MS19F_X45_C0_0020_F_FRE_0020.wav,MS19F_X45_C0_0020_F_FRE_0020,299,299,299,301,Frederica,main,female,frederica,assets/triangle-strategy/approved_voice_references/frederica.wav,...ขอบคุณนะจีล่า,,,PENDING_MANUAL_GENERATION,,triangle-strategy
601,MS19F_X45_C0_0020_F_FRE_0030.wav,MS19F_X45_C0_0020_F_FRE_0030,300,300,300,302,Frederica,main,female,frederica,assets/triangle-strategy/approved_voice_references/frederica.wav,มันยังไม่จบหรอก จนกว่าเราจะถึงหาดเซนทราเลียอย่างปลอดภัยเสียก่อน,,,PENDING_MANUAL_GENERATION,,triangle-strategy
602,MS19F_X45_C0_0020_F_FRE_0040.wav,MS19F_X45_C0_0020_F_FRE_0040,301,301,301,303,Frederica,main,female,frederica,assets/triangle-strategy/approved_voice_references/frederica.wav,...ขอบคุณนะเจอร์รอม,,,PENDING_MANUAL_GENERATION,,triangle-strategy
603,MS19F_X45_C0_0020_F_FRE_0070.wav,MS19F_X45_C0_0020_F_FRE_0070,302,302,302,304,Frederica,main,female,frederica,assets/triangle-strategy/approved_voice_references/frederica.wav,หากไม่มีเจ้า...มันก็คงไม่สำเร็จหรอก ขอบคุณนะ,,,PENDING_MANUAL_GENERATION,,triangle-strategy
604,MS19F_X45_C0_0020_F_FRE_0080.wav,MS19F_X45_C0_0020_F_FRE_0080,303,303,303,305,Frederica,main,female,frederica,assets/triangle-strategy/approved_voice_references/frederica.wav,เซเรโนอา...,,,PENDING_MANUAL_GENERATION,,triangle-strategy
605,MS19F_X45_C0_0020_F_FRE_0090.wav,MS19F_X45_C0_0020_F_FRE_0090,304,304,304,306,Frederica,main,female,frederica,assets/triangle-strategy/approved_voice_references/frederica.wav,อภัยให้ข้าด้วยนะ,,,PENDING_MANUAL_GENERATION,,triangle-strategy
606,MS19F_X45_C0_0020_F_FRE_0100.wav,MS19F_X45_C0_0020_F_FRE_0100,305,305,305,307,Frederica,main,female,frederica,assets/triangle-strategy/approved_voice_references/frederica.wav,"ตอนนั้นข้าไม่ควรแทนเจ้าว่า ""สามี"" ทั้งๆ ที่ยังไม่ได้แต่งงานกัน แต่ข้า...แค่หวังว่ามันจะช่วยซื้อใจชาวโรเซลล์ได้น่ะ...",,,PENDING_MANUAL_GENERATION,,triangle-strategy
607,MS19F_X45_C0_0020_F_FRE_0110.wav,MS19F_X45_C0_0020_F_FRE_0110,306,306,306,308,Frederica,main,female,frederica,assets/triangle-strategy/approved_voice_references/frederica.wav,มันไม่จำเป็นกับข้าหรอก แต่ว่า...,,,PENDING_MANUAL_GENERATION,,triangle-strategy
608,MS19F_X45_C0_0020_F_FRE_0120.wav,MS19F_X45_C0_0020_F_FRE_0120,307,307,307,309,Frederica,main,female,frederica,assets/triangle-strategy/approved_voice_references/frederica.wav,มีบางสิ่งที่ข้าอยากมอบให้เจ้าน่ะ,,,PENDING_MANUAL_GENERATION,,triangle-strategy
609,MS19F_X45_C0_0020_F_FRE_0130.wav,MS19F_X45_C0_0020_F_FRE_0130,308,308,308,310,Frederica,main,female,frederica,assets/triangle-strategy/approved_voice_references/frederica.wav,ข้าถึงอยากให้เจ้าเก็บไว้ไง,,,PENDING_MANUAL_GENERATION,,triangle-strategy
610,MS19F_X45_C0_0020_F_FRE_0140.wav,MS19F_X45_C0_0020_F_FRE_0140,309,309,309,311,Frederica,main,female,frederica,assets/triangle-strategy/approved_voice_references/frederica.wav,...ข้าเองก็เช่นกันนะ ที่รัก,,,PENDING_MANUAL_GENERATION,,triangle-strategy
611,MS19F_X45_C0_0020_F_YRA_0010.wav,MS19F_X45_C0_0020_F_YRA_0010,310,310,310,312,Geela,main,female,geela,assets/triangle-strategy/approved_voice_references/geela.wav,ท่านหญิงเฟรเดอริก้า ทำดีมากเจ้าค่ะที่สามารถปลุกใจชาวโรเซลล์ขึ้นมาได้,,,PENDING_MANUAL_GENERATION,,triangle-strategy
612,MS19F_X45_C0_0020_F_YRA_0020.wav,MS19F_X45_C0_0020_F_YRA_0020,311,311,311,313,Geela,main,female,geela,assets/triangle-strategy/approved_voice_references/geela.wav,ถึงยังไงเราก็ผ่านพ้นช่วงลำบากมาแล้ว ท่านควรจะภูมิใจนะเจ้าคะ,,,PENDING_MANUAL_GENERATION,,triangle-strategy
613,MS19F_X45_C0_0020_F_YRA_0030.wav,MS19F_X45_C0_0020_F_YRA_0030,312,312,312,314,Geela,main,female,geela,assets/triangle-strategy/approved_voice_references/geela.wav,ข้ามั่นใจว่าแม่ของท่านคงพูดแบบนั้นเช่นกัน,,,PENDING_MANUAL_GENERATION,,triangle-strategy
614,MS19F_X45_C0_0020_M_ELA_0010.wav,MS19F_X45_C0_0020_M_ELA_0010,313,313,313,315,Erador,main,male,erador,assets/triangle-strategy/approved_voice_references/erador.wav,ก็ดีขอรับ ข้าอพยพชาวโรเซลล์ทุกคน พร้อมติดตั้งระเบิดเอลฟริคบนเรือข้าศึกทุกลำแล้วขอรับ,,,PENDING_MANUAL_GENERATION,,triangle-strategy
615,MS19F_X45_C0_0020_M_JRM_0010.wav,MS19F_X45_C0_0020_M_JRM_0010,314,314,314,316,เจอร์รอม,npc,male,jerrom,assets/triangle-strategy/approved_voice_references/jerrom.wav,ท่านหญิงเฟรเดอริก้า คำพูดของท่านกินใจมากเลยขอรับ ท่านเก่งมาก,,,PENDING_MANUAL_GENERATION,,triangle-strategy
616,MS19F_X45_C0_0020_M_JRM_0020.wav,MS19F_X45_C0_0020_M_JRM_0020,315,315,315,317,เจอร์รอม,npc,male,jerrom,assets/triangle-strategy/approved_voice_references/jerrom.wav,แต่ท่านมอบความกล้าหาญให้ผู้คน มันทำให้พวกเขามีความหวัง ซึ่งเราขาดแคลนสิ่งเหล่านั้นมานานมากแล้ว,,,PENDING_MANUAL_GENERATION,,triangle-strategy
617,MS19F_X45_C0_0020_M_JRM_0030.wav,MS19F_X45_C0_0020_M_JRM_0030,316,316,316,318,เจอร์รอม,npc,male,jerrom,assets/triangle-strategy/approved_voice_references/jerrom.wav,บัดนี้พวกเราได้สิ่งเหล่านั้นกลับคืนมา ไม่มีอะไรหยุดพวกเราได้ขอรับ,,,PENDING_MANUAL_GENERATION,,triangle-strategy
618,MS19F_X45_C0_0020_M_SEL_0010.wav,MS19F_X45_C0_0020_M_SEL_0010,317,317,317,319,Serenoa,main,male,serenoa,assets/triangle-strategy/approved_voice_references/serenoa.wav,ท่าเรือเป็นไงบ้าง เอราดอร์?,,,PENDING_MANUAL_GENERATION,,triangle-strategy
619,MS19F_X45_C0_0020_M_SEL_0020.wav,MS19F_X45_C0_0020_M_SEL_0020,318,318,318,320,Serenoa,main,male,serenoa,assets/triangle-strategy/approved_voice_references/serenoa.wav,เยี่ยมยอด,,,PENDING_MANUAL_GENERATION,,triangle-strategy
620,MS19F_X45_C0_0020_M_SEL_0030.wav,MS19F_X45_C0_0020_M_SEL_0030,319,319,319,321,Serenoa,main,male,serenoa,assets/triangle-strategy/approved_voice_references/serenoa.wav,คำพูดของเจ้าซึ้งใจมากเลยนะ,,,PENDING_MANUAL_GENERATION,,triangle-strategy
621,MS19F_X45_C0_0020_M_SEL_0040.wav,MS19F_X45_C0_0020_M_SEL_0040,320,320,320,322,Serenoa,main,male,serenoa,assets/triangle-strategy/approved_voice_references/serenoa.wav,ข้าภูมิใจที่ได้สู้เพื่ออิสรภาพและอนาคตของชาวโรเซลล์,,,PENDING_MANUAL_GENERATION,,triangle-strategy
622,MS19F_X45_C0_0020_M_SEL_0050.wav,MS19F_X45_C0_0020_M_SEL_0050,321,321,321,323,Serenoa,main,male,serenoa,assets/triangle-strategy/approved_voice_references/serenoa.wav,จะขอบคุณข้าทำไม หน้าที่ของสามีคือการสนับสนุนภรรยาสุดความสามารถไม่ใช่เหรอ?,,,PENDING_MANUAL_GENERATION,,triangle-strategy
623,MS19F_X45_C0_0020_M_SEL_0060.wav,MS19F_X45_C0_0020_M_SEL_0060,322,322,322,324,Serenoa,main,male,serenoa,assets/triangle-strategy/approved_voice_references/serenoa.wav,ไม่ต้องขอโทษหรอก ข้าชอบนะ,,,PENDING_MANUAL_GENERATION,,triangle-strategy
624,MS19F_X45_C0_0020_M_SEL_0070.wav,MS19F_X45_C0_0020_M_SEL_0070,323,323,323,325,Serenoa,main,male,serenoa,assets/triangle-strategy/approved_voice_references/serenoa.wav,ข้าต่างหากที่ควรขอโทษเจ้า แค่งานแต่งกับแหวนสักวงข้ายังให้เจ้าไม่ได้เลย,,,PENDING_MANUAL_GENERATION,,triangle-strategy
625,MS19F_X45_C0_0020_M_SEL_0080.wav,MS19F_X45_C0_0020_M_SEL_0080,324,324,324,326,Serenoa,main,male,serenoa,assets/triangle-strategy/approved_voice_references/serenoa.wav,นั่นสร้อยแม่เจ้าไม่ใช่เหรอ!? ของรักของหวงเจ้าเลยนะนั่น...,,,PENDING_MANUAL_GENERATION,,triangle-strategy
626,MS19F_X45_C0_0020_M_SEL_0090.wav,MS19F_X45_C0_0020_M_SEL_0090,325,325,325,327,Serenoa,main,male,serenoa,assets/triangle-strategy/approved_voice_references/serenoa.wav,...ข้าจะเก็บมันไว้ตลอดไปเลยล่ะ,,,PENDING_MANUAL_GENERATION,,triangle-strategy
627,MS19F_X45_C0_0020_M_SEL_0100.wav,MS19F_X45_C0_0020_M_SEL_0100,326,326,326,328,Serenoa,main,male,serenoa,assets/triangle-strategy/approved_voice_references/serenoa.wav,ไม่ว่าจะเกิดอะไรขึ้น ข้าขอรับปากว่าจะไม่เสียใจที่เลือกเดินเส้นทางนี้,,,PENDING_MANUAL_GENERATION,,triangle-strategy
628,MS19F_X45_C0_0020_M_SEL_0110.wav,MS19F_X45_C0_0020_M_SEL_0110,327,327,327,329,Serenoa,main,male,serenoa,assets/triangle-strategy/approved_voice_references/serenoa.wav,เร็วเข้า รีบไปที่ท่าเรือกันเถอะ,,,PENDING_MANUAL_GENERATION,,triangle-strategy
629,MS19F_X45_C0_0020_M_SEL_0120.wav,MS19F_X45_C0_0020_M_SEL_0120,328,328,328,330,Serenoa,main,male,serenoa,assets/triangle-strategy/approved_voice_references/serenoa.wav,เมื่อเราเดินทางถึงมหาน้ำตกฝั่งใต้นอร์เซเลีย... เราจะปลอดภัยที่นั่น,,,PENDING_MANUAL_GENERATION,,triangle-strategy
630,MS19F_X45_C0_1010_M_ENG_0010.wav,MS19F_X45_C0_1010_M_ENG_0010,329,329,329,331,เทเนบริส,npc,male,tenebris,assets/triangle-strategy/approved_voice_references/tenebris.wav,รัฐมนตรีอีดอร์! ชาวโรเซลล์มันก่อกบฎขอรับ!,,,PENDING_MANUAL_GENERATION,,triangle-strategy
631,MS19F_X45_C0_1010_M_ENG_0020.wav,MS19F_X45_C0_1010_M_ENG_0020,330,330,330,332,เทเนบริส,npc,male,tenebris,assets/triangle-strategy/approved_voice_references/tenebris.wav,ฝีมือวูล์ฟฟอร์ตขอรับ พวกมันชิงเรือและหนีไปจากเมืองหลวงเป็นที่เรียบร้อยแล้ว,,,PENDING_MANUAL_GENERATION,,triangle-strategy
632,MS19F_X45_C0_1010_M_ENG_0030.wav,MS19F_X45_C0_1010_M_ENG_0030,331,331,331,333,เทเนบริส,npc,male,tenebris,assets/triangle-strategy/approved_voice_references/tenebris.wav,รัฐมนตรีเอกซ์เฮมก็ทำสงครามกับเอสฟรอสต์ที่ชายแดนเกลนบรู๊ค...,,,PENDING_MANUAL_GENERATION,,triangle-strategy
633,MS19F_X45_C0_1010_M_ENG_0040.wav,MS19F_X45_C0_1010_M_ENG_0040,332,332,332,334,เทเนบริส,npc,male,tenebris,assets/triangle-strategy/approved_voice_references/tenebris.wav,แถมยังติดต่อรัฐมนตรีไลล่ากับแคมเซลล์ไม่ได้อีกต่างหาก มันไม่มีอะไรที่พวกเรา-,,,PENDING_MANUAL_GENERATION,,triangle-strategy
634,MS19F_X45_C0_1010_M_ENG_0050.wav,MS19F_X45_C0_1010_M_ENG_0050,333,333,333,335,เทเนบริส,npc,male,tenebris,assets/triangle-strategy/approved_voice_references/tenebris.wav,แต่พวกเราไม่มีเรือแล้วนะท่าน ขี่ม้าตามพวกมันไปไม่ทันหรอกขอรับ!,,,PENDING_MANUAL_GENERATION,,triangle-strategy
635,MS19F_X45_C0_1010_M_IDO_0010.wav,MS19F_X45_C0_1010_M_IDO_0010,334,334,334,336,อีดอร์,npc,male,idore,assets/triangle-strategy/approved_voice_references/idore.wav,ข้ารู้แล้ว ได้ยินพวกมันทำลายรูปปั้นเทพธิดาอยู่,,,PENDING_MANUAL_GENERATION,,triangle-strategy
636,MS19F_X45_C0_1010_M_IDO_0020.wav,MS19F_X45_C0_1010_M_IDO_0020,335,335,335,337,อีดอร์,npc,male,idore,assets/triangle-strategy/approved_voice_references/idore.wav,เดี๋ยวข้าจะตามพวกมันไปเอง,,,PENDING_MANUAL_GENERATION,,triangle-strategy
637,MS19F_X45_C0_1010_M_IDO_0030.wav,MS19F_X45_C0_1010_M_IDO_0030,336,336,336,338,อีดอร์,npc,male,idore,assets/triangle-strategy/approved_voice_references/idore.wav,ไอ้วูล์ฟฟอร์ตกับชาวโรเซลล์บังอาจท้าทายเทพธิดา การดูหมิ่นเช่นนี้มันปล่อยผ่านไม่ได้,,,PENDING_MANUAL_GENERATION,,triangle-strategy
638,MS19F_X45_C0_1010_M_IDO_0040.wav,MS19F_X45_C0_1010_M_IDO_0040,337,337,337,339,อีดอร์,npc,male,idore,assets/triangle-strategy/approved_voice_references/idore.wav,"ใช้ ""ม้าธรรมดา"" มันไม่ช่วยหรอก",,,PENDING_MANUAL_GENERATION,,triangle-strategy
639,MS19F_X45_C0_1010_M_IDO_0050.wav,MS19F_X45_C0_1010_M_IDO_0050,338,338,338,340,อีดอร์,npc,male,idore,assets/triangle-strategy/approved_voice_references/idore.wav,แต่พวกมันหนีไม่รอดแน่ เพราะพวกมันจะได้เจออำนาจเทพธิดาอันแท้จริง,,,PENDING_MANUAL_GENERATION,,triangle-strategy
640,MS19F_X45_WD_0010_N_NNN_0010.wav,MS19F_X45_WD_0010_N_NNN_0010,339,339,339,341,Narrator,narrator,female,narrator,assets/triangle-strategy/approved_voice_references/narrator.wav,"หลังจากที่ปราบไลล่าและได้รับเอลฟริคมาครอบครอง เซเรโนอากับมิตรสหาย
จึงมุ่งหน้าสู่นาเกลือเพื่อปลดปล่อยชาวโรเซลล์",,,PENDING_MANUAL_GENERATION,,triangle-strategy
641,MS19F_X45_WD_0010_N_NNN_0020.wav,MS19F_X45_WD_0010_N_NNN_0020,340,340,340,342,Narrator,narrator,female,narrator,assets/triangle-strategy/approved_voice_references/narrator.wav,ในขณะเดียวกัน ทัพทหารไฮแซนต์ของเอกซ์เฮมก็มาถึง ณ ประตูปราสาทวูล์ฟฟอร์ต โดยมีเป้าหมายที่จะยึดครองเหมืองเกลือเป็นของตนเอง,,,PENDING_MANUAL_GENERATION,,triangle-strategy
642,MS19F_X45_WD_0010_N_NNN_0030.wav,MS19F_X45_WD_0010_N_NNN_0030,341,341,341,343,Narrator,narrator,female,narrator,assets/triangle-strategy/approved_voice_references/narrator.wav,"วูล์ฟฟอร์ตปฏิเสธการมอบเกลือ
และปิดกั้นตัวเองไว้ข้างในกับทหารนับร้อย",,,PENDING_MANUAL_GENERATION,,triangle-strategy
643,MS19F_X45_WD_0010_N_NNN_0040.wav,MS19F_X45_WD_0010_N_NNN_0040,342,342,342,344,Narrator,narrator,female,narrator,assets/triangle-strategy/approved_voice_references/narrator.wav,การต่อต้านที่เห็นได้ชัดของพวกเขาทำให้เอกซ์เฮมต้องระวังตัวเผื่อว่ามันเป็นกับดัก เขาจึงตั้งใจล้อมโจมตีปราสาทต่อไป,,,PENDING_MANUAL_GENERATION,,triangle-strategy
644,MS19F_X45_WD_0010_N_NNN_0050.wav,MS19F_X45_WD_0010_N_NNN_0050,343,343,343,345,Narrator,narrator,female,narrator,assets/triangle-strategy/approved_voice_references/narrator.wav,แต่ทหารวูล์ฟฟอร์ตไม่ขยับเลยแม้แต่นิ้วเดียว เอกซ์เฮมจึงหมดความอดทน ก่อนจะสั่งบุกโจมตีเดินทัพเข้าประสาท,,,PENDING_MANUAL_GENERATION,,triangle-strategy
645,MS19F_X45_WD_0015_N_NNN_0010.wav,MS19F_X45_WD_0015_N_NNN_0010,344,344,344,346,Narrator,narrator,female,narrator,assets/triangle-strategy/approved_voice_references/narrator.wav,หลังจากที่กำราบทัพเอกซ์เฮมด้วยกลยุทธ์ประหลาด และอพยพชาวเมืองวูล์ฟฟอร์ตสู่นครหลวงเกลนบรู๊คได้อย่างปลอดภัย เบเนดิกต์กลับหายตัวไป,,,PENDING_MANUAL_GENERATION,,triangle-strategy
646,MS19F_X45_WD_0015_N_NNN_0020.wav,MS19F_X45_WD_0015_N_NNN_0020,345,345,345,347,Narrator,narrator,female,narrator,assets/triangle-strategy/approved_voice_references/narrator.wav,วีรกรรมของเขาดึงความสนใจของไฮแซนต์สู่ปราสาทได้เป็นอย่างดี เปิดโอกาสให้เซเรโนอากับมิตรสหายแฝงตัวเข้านาเกลืออย่างง่ายดาย,,,PENDING_MANUAL_GENERATION,,triangle-strategy
647,MS19F_X45_WD_0015_N_NNN_0030.wav,MS19F_X45_WD_0015_N_NNN_0030,346,346,346,348,Narrator,narrator,female,narrator,assets/triangle-strategy/approved_voice_references/narrator.wav,แต่พวกเขาจะโน้มน้าวชาวโรเซลล์ให้ก่อกบฎสำเร็จหรือไม่นั้น มันขึ้นอยู่กับเฟรเดอริก้าแล้ว ไม่มีใครล่วงรู้ได้ว่าโชคชะตาจะพัดพาไปในทิศใด...,,,PENDING_MANUAL_GENERATION,,triangle-strategy
648,MS19F_X45_WD_0020_N_NNN_0010.wav,MS19F_X45_WD_0020_N_NNN_0010,347,347,347,349,Narrator,narrator,female,narrator,assets/triangle-strategy/approved_voice_references/narrator.wav,เฟรเดอริก้า เซเรโนอา และมิตรสหาย ช่วยชาวโรเซลล์ออกจากนาเกลือและหลบหนีจากไฮแซนต์ผ่านทางเรือ,,,PENDING_MANUAL_GENERATION,,triangle-strategy
649,MS19F_X45_WD_0020_N_NNN_0020.wav,MS19F_X45_WD_0020_N_NNN_0020,348,348,348,350,Narrator,narrator,female,narrator,assets/triangle-strategy/approved_voice_references/narrator.wav,ท่าเรือนั้นลุกโชนไปด้วยเปลวเพลิงม่วงของระเบิดเอลฟริค ซึ่งทำลายเรือของไฮแซนต์ไปพร้อมกับโอกาสที่จะตามล่าเช่นกัน,,,PENDING_MANUAL_GENERATION,,triangle-strategy
650,MS19F_X45_WD_0020_N_NNN_0030.wav,MS19F_X45_WD_0020_N_NNN_0030,349,349,349,351,Narrator,narrator,female,narrator,assets/triangle-strategy/approved_voice_references/narrator.wav,พวกเขาเดินเรือผ่านแม่น้ำนอร์เซเลีย มุ่งหน้าสู่มหาน้ำตกในแคว้นฟ็อลคส์ และพวกเขาจะออกเดินทางสู่ฝั่งใต้ เพื่อตามหาเซนทราเลีย...ดินแดนมาตุภูมิของชาวโรเซลล์ต่อไป,,,PENDING_MANUAL_GENERATION,,triangle-strategy
651,MS19F_X45_WD_0030_N_NNN_0010.wav,MS19F_X45_WD_0030_N_NNN_0010,350,350,350,352,Narrator,narrator,female,narrator,assets/triangle-strategy/approved_voice_references/narrator.wav,และแล้ว ตระกูลวูล์ฟฟอร์ตและชาวโรเซลล์ ก็ได้หายไปจากทวีปนอร์เซเลียตลอดกาล,,,PENDING_MANUAL_GENERATION,,triangle-strategy
652,MS19F_X45_WD_0030_N_NNN_0020.wav,MS19F_X45_WD_0030_N_NNN_0020,351,351,351,353,Narrator,narrator,female,narrator,assets/triangle-strategy/approved_voice_references/narrator.wav,ดินแดนที่พวกเขาทิ้งไว้ โกลาหลวุ่นวายและแตกสลาย,,,PENDING_MANUAL_GENERATION,,triangle-strategy
653,MS19F_X45_WD_0030_N_NNN_0030.wav,MS19F_X45_WD_0030_N_NNN_0030,352,352,352,354,Narrator,narrator,female,narrator,assets/triangle-strategy/approved_voice_references/narrator.wav,หลังจากที่รูปปั้นเทพธิดาถูกทำลายไปพร้อมกับเจ็ดผู้ศักดิ์สิทธิ์เกือบทุกคน จึงเกิดการทะเลาะวิวาทขึ้นระหว่างกลุ่มสาวกและชาวไฮแซนต์คนอื่นๆ ในขณะที่กำลังเกิดสงครามชิงอำนาจในดินแดนที่ล่มสลาย,,,PENDING_MANUAL_GENERATION,,triangle-strategy
654,MS19F_X45_WD_0030_N_NNN_0040.wav,MS19F_X45_WD_0030_N_NNN_0040,353,353,353,355,Narrator,narrator,female,narrator,assets/triangle-strategy/approved_voice_references/narrator.wav,ส่วนลอร์ดสวาร็อคเองก็ร่วมมือกับขุนนางเกลนบรู๊คเพื่อทรยศกุสตาดอล์ฟ ก่อให้เกิดสงครามกลางเมืองในราชรัฐ,,,PENDING_MANUAL_GENERATION,,triangle-strategy
655,MS19F_X45_WD_0030_N_NNN_0050.wav,MS19F_X45_WD_0030_N_NNN_0050,354,354,354,356,Narrator,narrator,female,narrator,assets/triangle-strategy/approved_voice_references/narrator.wav,มันคือวัฏจักรแห่งการนองเลือด พันธมิตรที่เคยสร้างสมได้แตกสลายอีกครั้งด้วยการหักหลัง,,,PENDING_MANUAL_GENERATION,,triangle-strategy
656,MS19F_X45_WD_0030_N_NNN_0060.wav,MS19F_X45_WD_0030_N_NNN_0060,355,355,355,357,Narrator,narrator,female,narrator,assets/triangle-strategy/approved_voice_references/narrator.wav,เมื่อเวลาผ่านไป...ผู้มีอำนาจทั้งหลายได้ละทิ้งอุดมการณ์ของตน และต่อสู้เพียงเพื่อเอาชีวิตรอด นาเกลือและเหมืองเกลือถูกยึดครองไปนับครั้งไม่ถ้วน,,,PENDING_MANUAL_GENERATION,,triangle-strategy
657,MS19F_X45_WD_0030_N_NNN_0070.wav,MS19F_X45_WD_0030_N_NNN_0070,356,356,356,358,Narrator,narrator,female,narrator,assets/triangle-strategy/approved_voice_references/narrator.wav,"ประวัติศาสตร์บทใหม่อันแสนโหดร้ายของนอร์เซเลียครั้งนี้ จึงถูกเรียกขานว่า ""ยุคแห่งเกลือและโลหิต"" ในเวลาต่อมา",,,PENDING_MANUAL_GENERATION,,triangle-strategy
658,MS19F_X45_X0_0010_F_FRE_0010.wav,MS19F_X45_X0_0010_F_FRE_0010,357,357,357,359,Frederica,main,female,frederica,assets/triangle-strategy/approved_voice_references/frederica.wav,เป็นอีกวันหนึ่งที่ทะเลสงบสินะ,,,PENDING_MANUAL_GENERATION,,triangle-strategy
659,MS19F_X45_X0_0010_F_FRE_0020.wav,MS19F_X45_X0_0010_F_FRE_0020,358,358,358,360,Frederica,main,female,frederica,assets/triangle-strategy/approved_voice_references/frederica.wav,หืม? เรื่องอะไรเหรอ?,,,PENDING_MANUAL_GENERATION,,triangle-strategy
660,MS19F_X45_X0_0010_F_FRE_0030.wav,MS19F_X45_X0_0010_F_FRE_0030,359,359,359,361,Frederica,main,female,frederica,assets/triangle-strategy/approved_voice_references/frederica.wav,ด้วย...ความยินดีจ้ะ,,,PENDING_MANUAL_GENERATION,,triangle-strategy
661,MS19F_X45_X0_0010_F_FRE_0040.wav,MS19F_X45_X0_0010_F_FRE_0040,360,360,360,362,Frederica,main,female,frederica,assets/triangle-strategy/approved_voice_references/frederica.wav,ถูกต้องแล้ว มันเป็นของต่างหน้าของแม่ข้า ซึ่งมีความทรงจำของนางอยู่ภายใน...,,,PENDING_MANUAL_GENERATION,,triangle-strategy
662,MS19F_X45_X0_0010_F_FRE_0050.wav,MS19F_X45_X0_0010_F_FRE_0050,361,361,361,363,Frederica,main,female,frederica,assets/triangle-strategy/approved_voice_references/frederica.wav,...รวมถึงคนที่ข้าเคยได้รัก ...และรักมากด้วย,,,PENDING_MANUAL_GENERATION,,triangle-strategy
663,MS19F_X45_X0_0010_F_M390_0010.wav,MS19F_X45_X0_0010_F_M390_0010,362,362,362,364,เด็กหญิง / NPC,generic,female,FEMALE_CHILD_A,assets/triangle-strategy/approved_voice_references/FEMALE_CHILD_A.wav,ทะเลสวยจังเลยเจ้าค่ะ! เหมือนกระจกสะท้อนฟ้าบานใหญ่เลย!,,,PENDING_MANUAL_GENERATION,,triangle-strategy
664,MS19F_X45_X0_0010_F_M390_0020.wav,MS19F_X45_X0_0010_F_M390_0020,363,363,363,365,เด็กหญิง / NPC,generic,female,FEMALE_CHILD_A,assets/triangle-strategy/approved_voice_references/FEMALE_CHILD_A.wav,ท่านหญิงเฟรเดอริก้า ขอบคุณนะเจ้าคะ,,,PENDING_MANUAL_GENERATION,,triangle-strategy
665,MS19F_X45_X0_0010_F_M390_0030.wav,MS19F_X45_X0_0010_F_M390_0030,364,364,364,366,เด็กหญิง / NPC,generic,female,FEMALE_CHILD_A,assets/triangle-strategy/approved_voice_references/FEMALE_CHILD_A.wav,ข้าชอบทะเลนี้มากเลยล่ะ,,,PENDING_MANUAL_GENERATION,,triangle-strategy
666,MS19F_X45_X0_0010_F_M390_0040.wav,MS19F_X45_X0_0010_F_M390_0040,365,365,365,367,เด็กหญิง / NPC,generic,female,FEMALE_CHILD_A,assets/triangle-strategy/approved_voice_references/FEMALE_CHILD_A.wav,พอดีท่านแม่เล่าเรื่องสมัยที่ข้ายังเป็นทารกให้ฟัง,,,PENDING_MANUAL_GENERATION,,triangle-strategy
667,MS19F_X45_X0_0010_F_M390_0050.wav,MS19F_X45_X0_0010_F_M390_0050,366,366,366,368,เด็กหญิง / NPC,generic,female,FEMALE_CHILD_A,assets/triangle-strategy/approved_voice_references/FEMALE_CHILD_A.wav,นางบอกว่า พวกเราคงไม่มาอยู่ในเซนทราเลียหากไม่ได้ท่านช่วยไว้,,,PENDING_MANUAL_GENERATION,,triangle-strategy
668,MS19F_X45_X0_0010_F_M390_0060.wav,MS19F_X45_X0_0010_F_M390_0060,367,367,367,369,เด็กหญิง / NPC,generic,female,FEMALE_CHILD_A,assets/triangle-strategy/approved_voice_references/FEMALE_CHILD_A.wav,ขอบคุณนะเจ้าคะ! ขอบคุณที่พาข้ามาทะเลแห่งนี้,,,PENDING_MANUAL_GENERATION,,triangle-strategy
669,MS19F_X45_X0_0010_F_M390_0070.wav,MS19F_X45_X0_0010_F_M390_0070,368,368,368,370,เด็กหญิง / NPC,generic,female,FEMALE_CHILD_A,assets/triangle-strategy/approved_voice_references/FEMALE_CHILD_A.wav,อู้ว สร้อยสวยจังเลยเจ้าค่ะ เหมือนสมบัติเลยล่ะ!,,,PENDING_MANUAL_GENERATION,,triangle-strategy
670,MS19R_X44_A0_0010_F_M375_0010.wav,MS19R_X44_A0_0010_F_M375_0010,0,0,0,1,เด็กหญิง / NPC,generic,female,FEMALE_CHILD_A,assets/triangle-strategy/approved_voice_references/FEMALE_CHILD_A.wav,ขอบคุณนะเจ้าคะ!,,,PENDING_MANUAL_GENERATION,,triangle-strategy
671,MS19R_X44_A0_0010_F_M375_0020.wav,MS19R_X44_A0_0010_F_M375_0020,1,1,1,2,เด็กหญิง / NPC,generic,female,FEMALE_CHILD_A,assets/triangle-strategy/approved_voice_references/FEMALE_CHILD_A.wav,ท่านพ่อ ท่านแม่... พวกท่านได้ยินเราไหม? ตอนนี้เทพธิดานำพาความสุขมาให้เราแล้ว,,,PENDING_MANUAL_GENERATION,,triangle-strategy
672,MS19R_X44_A0_0010_F_M375_0030.wav,MS19R_X44_A0_0010_F_M375_0030,2,2,2,3,เด็กหญิง / NPC,generic,female,FEMALE_CHILD_A,assets/triangle-strategy/approved_voice_references/FEMALE_CHILD_A.wav,พวกท่านไม่ต้องเป็นห่วงเรานะเจ้าคะ แค่คอยสอดส่องดูแลเราเคียงข้างเทพธิดาก็พอ ตกลงไหม?,,,PENDING_MANUAL_GENERATION,,triangle-strategy
673,MS19R_X44_A0_0010_F_M375_0040.wav,MS19R_X44_A0_0010_F_M375_0040,3,3,3,4,เด็กหญิง / NPC,generic,female,FEMALE_CHILD_A,assets/triangle-strategy/approved_voice_references/FEMALE_CHILD_A.wav,ไปกันเถอะท่านพี่! ไปกัน!,,,PENDING_MANUAL_GENERATION,,triangle-strategy
674,MS19R_X44_A0_0010_M_M376_0010.wav,MS19R_X44_A0_0010_M_M376_0010,4,4,4,5,เด็กชาย / NPC,generic,male,MALE_CHILD_A,assets/triangle-strategy/approved_voice_references/MALE_CHILD_A.wav,ท่านเทพธิดา ขอบคุณที่ประทานพรให้ข้ากับน้องสาวอีกครั้งในวันนี้ขอรับ,,,PENDING_MANUAL_GENERATION,,triangle-strategy
675,MS19R_X44_A0_0010_M_M376_0020.wav,MS19R_X44_A0_0010_M_M376_0020,5,5,5,6,เด็กชาย / NPC,generic,male,MALE_CHILD_A,assets/triangle-strategy/approved_voice_references/MALE_CHILD_A.wav,ถูกต้อง! พวกเราอยู่ดีกินดี ได้พบสังคมที่ดี,,,PENDING_MANUAL_GENERATION,,triangle-strategy
676,MS19R_X44_A0_0010_M_RLN_0010.wav,MS19R_X44_A0_0010_M_RLN_0010,6,6,6,7,Roland,main,male,roland,assets/triangle-strategy/approved_voice_references/roland.wav,ข้าแทบจำที่นี่ไม่ได้เลย,,,PENDING_MANUAL_GENERATION,,triangle-strategy
677,MS19R_X44_A0_0010_M_RLN_0020.wav,MS19R_X44_A0_0010_M_RLN_0020,7,7,7,8,Roland,main,male,roland,assets/triangle-strategy/approved_voice_references/roland.wav,แทบไม่เหลือเค้าโครงเดิมของอาณาจักรเก่าเลยด้วยซ้ำ...,,,PENDING_MANUAL_GENERATION,,triangle-strategy
678,MS19R_X44_A0_0010_M_RLN_0030.wav,MS19R_X44_A0_0010_M_RLN_0030,8,8,8,9,Roland,main,male,roland,assets/triangle-strategy/approved_voice_references/roland.wav,...เจ้าไม่ต้องมาปลอบใจหรอก,,,PENDING_MANUAL_GENERATION,,triangle-strategy
679,MS19R_X44_A0_0010_M_RLN_0040.wav,MS19R_X44_A0_0010_M_RLN_0040,9,9,9,10,Roland,main,male,roland,assets/triangle-strategy/approved_voice_references/roland.wav,นี่คือหลักฐานแห่งยุคใหม่ของเรา บัดนี้เราอาศัยอยู่ในยุคแห่งสันติแล้ว ขอบคุณเทพธิดาเหลือเกิน...,,,PENDING_MANUAL_GENERATION,,triangle-strategy
680,MS19R_X44_A0_0010_M_RLN_0050.wav,MS19R_X44_A0_0010_M_RLN_0050,10,10,10,11,Roland,main,male,roland,assets/triangle-strategy/approved_voice_references/roland.wav,นี่คือโลกที่ข้าวาดฝันไว้,,,PENDING_MANUAL_GENERATION,,triangle-strategy
681,MS19R_X44_A0_0010_M_RLN_0060.wav,MS19R_X44_A0_0010_M_RLN_0060,11,11,11,12,Roland,main,male,roland,assets/triangle-strategy/approved_voice_references/roland.wav,ฮ่าๆ... ข้ารู้น่า เราต้องปกป้องโลกใบนี้ไว้ ในฐานะที่เราเป็นคนสร้างมันขึ้นมา,,,PENDING_MANUAL_GENERATION,,triangle-strategy
682,MS19R_X44_A0_0010_M_RLN_0070.wav,MS19R_X44_A0_0010_M_RLN_0070,12,12,12,13,Roland,main,male,roland,assets/triangle-strategy/approved_voice_references/roland.wav,หวังว่าเจ้าจะเป็นที่พึ่งให้ข้าได้เช่นเคยนะ สหายข้า,,,PENDING_MANUAL_GENERATION,,triangle-strategy
683,MS19R_X44_A0_0010_M_RLN_0080.wav,MS19R_X44_A0_0010_M_RLN_0080,13,13,13,14,Roland,main,male,roland,assets/triangle-strategy/approved_voice_references/roland.wav,เอาล่ะ ได้เวลากลับไฮแซนต์แล้ว,,,PENDING_MANUAL_GENERATION,,triangle-strategy
684,MS19R_X44_A0_0010_M_RLN_0090.wav,MS19R_X44_A0_0010_M_RLN_0090,14,14,14,15,Roland,main,male,roland,assets/triangle-strategy/approved_voice_references/roland.wav,ไม่ต้องห่วงข้า...เซเรโนอา ข้ารู้ว่าเจ้ามีงานต้องทำในปราสาทเช่นกัน,,,PENDING_MANUAL_GENERATION,,triangle-strategy
685,MS19R_X44_A0_0010_M_RLN_0100.wav,MS19R_X44_A0_0010_M_RLN_0100,15,15,15,16,Roland,main,male,roland,assets/triangle-strategy/approved_voice_references/roland.wav,...หืม?,,,PENDING_MANUAL_GENERATION,,triangle-strategy
686,MS19R_X44_A0_0010_M_RLN_0110.wav,MS19R_X44_A0_0010_M_RLN_0110,16,16,16,17,Roland,main,male,roland,assets/triangle-strategy/approved_voice_references/roland.wav,เด็กสองคนนั้นนี่น่า!,,,PENDING_MANUAL_GENERATION,,triangle-strategy
687,MS19R_X44_A0_0010_M_RLN_0120.wav,MS19R_X44_A0_0010_M_RLN_0120,17,17,17,18,Roland,main,male,roland,assets/triangle-strategy/approved_voice_references/roland.wav,เข้าใจแล้ว... ในที่สุดพวกเขาจะได้ใช้ชีวิตอย่างมีความสุข... เพราะเทพธิดาสินะ,,,PENDING_MANUAL_GENERATION,,triangle-strategy
688,MS19R_X44_A0_0010_M_RLN_0130.wav,MS19R_X44_A0_0010_M_RLN_0130,18,18,18,19,Roland,main,male,roland,assets/triangle-strategy/approved_voice_references/roland.wav,แม้พวกเขาจะกำพร้า...,,,PENDING_MANUAL_GENERATION,,triangle-strategy
689,MS19R_X44_A0_0010_M_RLN_0140.wav,MS19R_X44_A0_0010_M_RLN_0140,19,19,19,20,Roland,main,male,roland,assets/triangle-strategy/approved_voice_references/roland.wav,แต่พวกเขาก็มีชีวิตที่สงบสุข,,,PENDING_MANUAL_GENERATION,,triangle-strategy
690,MS19R_X44_A0_0010_M_RLN_0150.wav,MS19R_X44_A0_0010_M_RLN_0150,20,20,20,21,Roland,main,male,roland,assets/triangle-strategy/approved_voice_references/roland.wav,คิดถูกจริงๆ ที่เลือกเดินในเส้นทางนี้,,,PENDING_MANUAL_GENERATION,,triangle-strategy
691,MS19R_X44_A0_0010_M_RLN_0160.wav,MS19R_X44_A0_0010_M_RLN_0160,21,21,21,22,Roland,main,male,roland,assets/triangle-strategy/approved_voice_references/roland.wav,แม้จะสิ้นราชวงศ์เกลนบรู๊ค แต่ทุกคนก็ใช้ชีวิตอย่างมีความสุข,,,PENDING_MANUAL_GENERATION,,triangle-strategy
692,MS19R_X44_A0_0010_M_RLN_0170.wav,MS19R_X44_A0_0010_M_RLN_0170,22,22,22,23,Roland,main,male,roland,assets/triangle-strategy/approved_voice_references/roland.wav,แค่นั้นก็ดีเกินพอแล้วสำหรับข้า...,,,PENDING_MANUAL_GENERATION,,triangle-strategy
693,MS19R_X44_A0_0010_M_SEL_0010.wav,MS19R_X44_A0_0010_M_SEL_0010,23,23,23,24,Serenoa,main,male,serenoa,assets/triangle-strategy/approved_voice_references/serenoa.wav,เปลี่ยนไปเยอะเลยนะว่าไหมขอรับ? มีรูปปั้นเทพธิดาเต็มเมืองไปหมด,,,PENDING_MANUAL_GENERATION,,triangle-strategy
694,MS19R_X44_A0_0010_M_SEL_0020.wav,MS19R_X44_A0_0010_M_SEL_0020,24,24,24,25,Serenoa,main,male,serenoa,assets/triangle-strategy/approved_voice_references/serenoa.wav,ข้าเองก็คิดถึงมันเช่นกัน,,,PENDING_MANUAL_GENERATION,,triangle-strategy
695,MS19R_X44_A0_0010_M_SEL_0030.wav,MS19R_X44_A0_0010_M_SEL_0030,25,25,25,26,Serenoa,main,male,serenoa,assets/triangle-strategy/approved_voice_references/serenoa.wav,"โลกที่ ""เรา"" วาดฝันไว้ต่างหาก ท่านไม่ได้เดินบนเส้นทางนี้คนเดียวนะขอรับ",,,PENDING_MANUAL_GENERATION,,triangle-strategy
696,MS19R_X44_A0_0010_M_SEL_0040.wav,MS19R_X44_A0_0010_M_SEL_0040,26,26,26,27,Serenoa,main,male,serenoa,assets/triangle-strategy/approved_voice_references/serenoa.wav,เช่นกันขอรับ,,,PENDING_MANUAL_GENERATION,,triangle-strategy
697,MS19R_X44_A0_0010_M_SEL_0050.wav,MS19R_X44_A0_0010_M_SEL_0050,27,27,27,28,Serenoa,main,male,serenoa,assets/triangle-strategy/approved_voice_references/serenoa.wav,ให้ข้าไปส่งท่านเถอะนะ,,,PENDING_MANUAL_GENERATION,,triangle-strategy
698,MS19R_X44_A0_0010_M_SEL_0060.wav,MS19R_X44_A0_0010_M_SEL_0060,28,28,28,29,Serenoa,main,male,serenoa,assets/triangle-strategy/approved_voice_references/serenoa.wav,ก็ได้...ไว้เจอกันใหม่นะโรแลนด์,,,PENDING_MANUAL_GENERATION,,triangle-strategy
699,MS19R_X44_A1_0010_F_M377_0010.wav,MS19R_X44_A1_0010_F_M377_0010,29,29,29,30,หญิงชาวเมือง / ทหาร / ผู้ติดตาม,generic,female,FEMALE_ADULT_A,assets/triangle-strategy/approved_voice_references/FEMALE_ADULT_A.wav,อ้าว ท่านจีล่า!,,,PENDING_MANUAL_GENERATION,,triangle-strategy
700,MS19R_X44_A1_0010_F_M377_0020.wav,MS19R_X44_A1_0010_F_M377_0020,30,30,30,31,หญิงชาวเมือง / ทหาร / ผู้ติดตาม,generic,female,FEMALE_ADULT_A,assets/triangle-strategy/approved_voice_references/FEMALE_ADULT_A.wav,พวกเราสบายดีเจ้าค่ะ!,,,PENDING_MANUAL_GENERATION,,triangle-strategy
701,MS19R_X44_A1_0010_F_M377_0030.wav,MS19R_X44_A1_0010_F_M377_0030,31,31,31,32,หญิงชาวเมือง / ทหาร / ผู้ติดตาม,generic,female,FEMALE_ADULT_A,assets/triangle-strategy/approved_voice_references/FEMALE_ADULT_A.wav,เจ้าค่ะ,,,PENDING_MANUAL_GENERATION,,triangle-strategy
702,MS19R_X44_A1_0010_F_M377_0040.wav,MS19R_X44_A1_0010_F_M377_0040,32,32,32,33,หญิงชาวเมือง / ทหาร / ผู้ติดตาม,generic,female,FEMALE_ADULT_A,assets/triangle-strategy/approved_voice_references/FEMALE_ADULT_A.wav,...จะว่าไป เจ้าได้ข่าวลัทธิประหลาดหรือยัง?,,,PENDING_MANUAL_GENERATION,,triangle-strategy
703,MS19R_X44_A1_0010_F_M377_0050.wav,MS19R_X44_A1_0010_F_M377_0050,33,33,33,34,หญิงชาวเมือง / ทหาร / ผู้ติดตาม,generic,female,FEMALE_ADULT_A,assets/triangle-strategy/approved_voice_references/FEMALE_ADULT_A.wav,"เออนั่นแหละ! นางเอาแต่พูดถึงทะเลเกลือ บอกว่ามันเป็นส่วนหนึ่งของประวัติศาสตร์ ""แท้จริง"" แห่งนอร์เซเลีย",,,PENDING_MANUAL_GENERATION,,triangle-strategy
704,MS19R_X44_A1_0010_F_M377_0060.wav,MS19R_X44_A1_0010_F_M377_0060,34,34,34,35,หญิงชาวเมือง / ทหาร / ผู้ติดตาม,generic,female,FEMALE_ADULT_A,assets/triangle-strategy/approved_voice_references/FEMALE_ADULT_A.wav,จริงเหรอ? นางหน้าตาเป็นไง?,,,PENDING_MANUAL_GENERATION,,triangle-strategy
705,MS19R_X44_A1_0010_F_M377_0070.wav,MS19R_X44_A1_0010_F_M377_0070,35,35,35,36,หญิงชาวเมือง / ทหาร / ผู้ติดตาม,generic,female,FEMALE_ADULT_A,assets/triangle-strategy/approved_voice_references/FEMALE_ADULT_A.wav,หากนางสร้างศาสนาของตนเองขึ้นมา ไม่ได้แปลว่านางกำลังปฏิเสธคำสอนเทพธิดาหรอกเหรอ? ฟ้องตระกูลวูล์ฟฟอร์ตดีไหม?,,,PENDING_MANUAL_GENERATION,,triangle-strategy
706,MS19R_X44_A1_0010_F_M377_0080.wav,MS19R_X44_A1_0010_F_M377_0080,36,36,36,37,หญิงชาวเมือง / ทหาร / ผู้ติดตาม,generic,female,FEMALE_ADULT_A,assets/triangle-strategy/approved_voice_references/FEMALE_ADULT_A.wav,แต่เจ้าบอกว่านางมีผู้ติดตามไม่ใช่เหรอ แสดงว่ามีคนเชื่อว่ามันเป็นเรื่องจริงน่ะสิ...,,,PENDING_MANUAL_GENERATION,,triangle-strategy
707,MS19R_X44_A1_0010_F_YRA_0010.wav,MS19R_X44_A1_0010_F_YRA_0010,37,37,37,38,Geela,main,female,geela,assets/triangle-strategy/approved_voice_references/geela.wav,สวัสดีจ้ะ พวกท่านเป็นไงบ้าง?,,,PENDING_MANUAL_GENERATION,,triangle-strategy
708,MS19R_X44_A1_0010_F_YRA_0020.wav,MS19R_X44_A1_0010_F_YRA_0020,38,38,38,39,Geela,main,female,geela,assets/triangle-strategy/approved_voice_references/geela.wav,ได้ฟังก็ชื่นใจจ้ะ หากท่านต้องการสิ่งใดก็พูดออกมาได้เลยนะ,,,PENDING_MANUAL_GENERATION,,triangle-strategy
709,MS19R_X44_A1_0010_F_YRA_0030.wav,MS19R_X44_A1_0010_F_YRA_0030,39,39,39,40,Geela,main,female,geela,assets/triangle-strategy/approved_voice_references/geela.wav,...ท่านยังไม่ล้มเลิกความพยายาม ในการต่อสู้เพื่อชาวโรเซลล์สินะ,,,PENDING_MANUAL_GENERATION,,triangle-strategy
710,MS19R_X44_A1_0010_F_YRA_0040.wav,MS19R_X44_A1_0010_F_YRA_0040,40,40,40,41,Geela,main,female,geela,assets/triangle-strategy/approved_voice_references/geela.wav,ท่านซื่อตรงต่อตัวเอง และไม่เคยหยุดฟังเสียงหัวใจของตนจริงๆ ด้วย...,,,PENDING_MANUAL_GENERATION,,triangle-strategy
711,MS19R_X44_A1_0010_M_M378_0010.wav,MS19R_X44_A1_0010_M_M378_0010,41,41,41,42,ชายชาวเมือง / ทหาร / ผู้ติดตาม,generic,male,MALE_ADULT_C,assets/triangle-strategy/approved_voice_references/MALE_ADULT_C.wav,อือฮึ! พวกเรามีเกลือใช้เหลือเฟือ ชีวิตสุขสบายมากขอรับ!,,,PENDING_MANUAL_GENERATION,,triangle-strategy
712,MS19R_X44_A1_0010_M_M378_0020.wav,MS19R_X44_A1_0010_M_M378_0020,42,42,42,43,ชายชาวเมือง / ทหาร / ผู้ติดตาม,generic,male,MALE_ADULT_C,assets/triangle-strategy/approved_voice_references/MALE_ADULT_C.wav,เอาจริงๆ แล้ว พวกเรามีความสุขกับตระกูลวูล์ฟฟอร์ตมากเลยล่ะ,,,PENDING_MANUAL_GENERATION,,triangle-strategy
713,MS19R_X44_A1_0010_M_M378_0030.wav,MS19R_X44_A1_0010_M_M378_0030,43,43,43,44,ชายชาวเมือง / ทหาร / ผู้ติดตาม,generic,male,MALE_ADULT_C,assets/triangle-strategy/approved_voice_references/MALE_ADULT_C.wav,หมายถึงแม่ชีที่เผยแพร่คำสอนไร้สาระนั่นเหรอ?,,,PENDING_MANUAL_GENERATION,,triangle-strategy
714,MS19R_X44_A1_0010_M_M378_0040.wav,MS19R_X44_A1_0010_M_M378_0040,44,44,44,45,ชายชาวเมือง / ทหาร / ผู้ติดตาม,generic,male,MALE_ADULT_C,assets/triangle-strategy/approved_voice_references/MALE_ADULT_C.wav,เรื่องอะไรนะ? ใช่คำสอนแห่งเซนทราเลียหรือเปล่า?,,,PENDING_MANUAL_GENERATION,,triangle-strategy
715,MS19R_X44_A1_0010_M_M378_0050.wav,MS19R_X44_A1_0010_M_M378_0050,45,45,45,46,ชายชาวเมือง / ทหาร / ผู้ติดตาม,generic,male,MALE_ADULT_C,assets/triangle-strategy/approved_voice_references/MALE_ADULT_C.wav,ใครพร้อมฟังนางก็คุยหมดนั่นแหละนะ จะว่าไปวันก่อนข้าเห็นนางด้วยล่ะ,,,PENDING_MANUAL_GENERATION,,triangle-strategy
716,MS19R_X44_A1_0010_M_M378_0060.wav,MS19R_X44_A1_0010_M_M378_0060,46,46,46,47,ชายชาวเมือง / ทหาร / ผู้ติดตาม,generic,male,MALE_ADULT_C,assets/triangle-strategy/approved_voice_references/MALE_ADULT_C.wav,ก็... นางไม่มีผมบนหัว แต่หน้าตางดงามมากทีเดียว แถมนางมีผู้ติดตามจำนวนไม่น้อยเลยล่ะ,,,PENDING_MANUAL_GENERATION,,triangle-strategy
717,MS19R_X44_A1_0010_M_M378_0070.wav,MS19R_X44_A1_0010_M_M378_0070,47,47,47,48,ชายชาวเมือง / ทหาร / ผู้ติดตาม,generic,male,MALE_ADULT_C,assets/triangle-strategy/approved_voice_references/MALE_ADULT_C.wav,ไม่จำเป็นหรอกน่า ใครมันจะบ้าไปเชื่อเรื่องพรรคนี้กันเล่า,,,PENDING_MANUAL_GENERATION,,triangle-strategy
718,MS19R_X44_A1_0010_M_M378_0080.wav,MS19R_X44_A1_0010_M_M378_0080,48,48,48,49,ชายชาวเมือง / ทหาร / ผู้ติดตาม,generic,male,MALE_ADULT_C,assets/triangle-strategy/approved_voice_references/MALE_ADULT_C.wav,ตอนที่ข้าเดินผ่านนาง ข้าเห็นทุกคนกำลังเขวี้ยงหินไล่นางออกไป,,,PENDING_MANUAL_GENERATION,,triangle-strategy
719,MS19R_X44_A1_0010_M_M378_0090.wav,MS19R_X44_A1_0010_M_M378_0090,49,49,49,50,ชายชาวเมือง / ทหาร / ผู้ติดตาม,generic,male,MALE_ADULT_C,assets/triangle-strategy/approved_voice_references/MALE_ADULT_C.wav,ฮ่าๆ คิดมากน่า ไม่ว่าจะเกิดอะไรขึ้น...เทพธิดาจะคุ้มครองเราอยู่แล้ว,,,PENDING_MANUAL_GENERATION,,triangle-strategy
720,MS19R_X44_B0_0010_F_M370_0010.wav,MS19R_X44_B0_0010_F_M370_0010,50,50,50,51,หญิงชาวเมือง / ทหาร / ผู้ติดตาม,generic,female,FEMALE_YOUNG_A,assets/triangle-strategy/approved_voice_references/FEMALE_YOUNG_A.wav,เพื่ออิสรภาพ!,,,PENDING_MANUAL_GENERATION,,triangle-strategy
721,MS19R_X44_B0_0010_M_GST_0010.wav,MS19R_X44_B0_0010_M_GST_0010,51,51,51,52,กุสตาดอล์ฟ,npc,male,gustadolph,assets/triangle-strategy/approved_voice_references/gustadolph.wav,ปวงชนเอสฟรอสต์ของข้าเอ๋ย!,,,PENDING_MANUAL_GENERATION,,triangle-strategy
722,MS19R_X44_B0_0010_M_GST_0020.wav,MS19R_X44_B0_0010_M_GST_0020,52,52,52,53,กุสตาดอล์ฟ,npc,male,gustadolph,assets/triangle-strategy/approved_voice_references/gustadolph.wav,บัดนี้ไฮแซนต์ได้ทลายประตูแฝด และกำลังเคลื่อนทัพมาสู่เมืองของเรา,,,PENDING_MANUAL_GENERATION,,triangle-strategy
723,MS19R_X44_B0_0010_M_GST_0030.wav,MS19R_X44_B0_0010_M_GST_0030,53,53,53,54,กุสตาดอล์ฟ,npc,male,gustadolph,assets/triangle-strategy/approved_voice_references/gustadolph.wav,แต่เราจะไม่ยอมจำนน! นี่คือศึกแห่งความยุติธรรม เราต้องสู้เพื่ออิสรภาพของตน,,,PENDING_MANUAL_GENERATION,,triangle-strategy
724,MS19R_X44_B0_0010_M_GST_0040.wav,MS19R_X44_B0_0010_M_GST_0040,54,54,54,55,กุสตาดอล์ฟ,npc,male,gustadolph,assets/triangle-strategy/approved_voice_references/gustadolph.wav,พวกเราเดือดร้อนเพราะรัฐศักดิ์สิทธิ์และเกลือของพวกมันมานานเกินพอแล้ว!,,,PENDING_MANUAL_GENERATION,,triangle-strategy
725,MS19R_X44_B0_0010_M_GST_0050.wav,MS19R_X44_B0_0010_M_GST_0050,55,55,55,56,กุสตาดอล์ฟ,npc,male,gustadolph,assets/triangle-strategy/approved_voice_references/gustadolph.wav,เอสฟรอสต์ไม่ยอมก้มหัวให้ใคร!,,,PENDING_MANUAL_GENERATION,,triangle-strategy
726,MS19R_X44_B0_0010_M_GST_0060.wav,MS19R_X44_B0_0010_M_GST_0060,56,56,56,57,กุสตาดอล์ฟ,npc,male,gustadolph,assets/triangle-strategy/approved_voice_references/gustadolph.wav,พี่น้องทั้งหลาย เรามาร่วมสู้ด้วยกันเถิด! ถึงเวลาแสดงให้แผ่นดินได้เห็นแล้ว ว่าจิตใจของเรานั้นแข็งแกร่งดุจเหล็กกล้า!,,,PENDING_MANUAL_GENERATION,,triangle-strategy
727,MS19R_X44_B0_0010_M_GST_0070.wav,MS19R_X44_B0_0010_M_GST_0070,57,57,57,58,กุสตาดอล์ฟ,npc,male,gustadolph,assets/triangle-strategy/approved_voice_references/gustadolph.wav,เราต้องรักษาอิสรภาพจากเงื้อมมือของเทพธิดาจอมเผด็จการ!,,,PENDING_MANUAL_GENERATION,,triangle-strategy
728,MS19R_X44_B0_0010_M_GST_0080.wav,MS19R_X44_B0_0010_M_GST_0080,58,58,58,59,กุสตาดอล์ฟ,npc,male,gustadolph,assets/triangle-strategy/approved_voice_references/gustadolph.wav,แด่ความรุ่งโรจน์แห่งเอสฟรอสต์!,,,PENDING_MANUAL_GENERATION,,triangle-strategy
729,MS19R_X44_B0_0010_M_GST_0090.wav,MS19R_X44_B0_0010_M_GST_0090,59,59,59,60,กุสตาดอล์ฟ,npc,male,gustadolph,assets/triangle-strategy/approved_voice_references/gustadolph.wav,จงสวมอาวุธและชุดเกราะ พร้อมเข้าประจำที่ซะ!,,,PENDING_MANUAL_GENERATION,,triangle-strategy
730,MS19R_X44_B0_0010_M_GST_0100.wav,MS19R_X44_B0_0010_M_GST_0100,60,60,60,61,กุสตาดอล์ฟ,npc,male,gustadolph,assets/triangle-strategy/approved_voice_references/gustadolph.wav,ทหารของเราพร้อมรบแล้ว ไอ้พวกสารเลวไฮแซนต์มันสู้ฤทธิ์ปืนใหญ่เสียงสังเวยไม่ไหวหรอก,,,PENDING_MANUAL_GENERATION,,triangle-strategy
731,MS19R_X44_B0_0010_M_GST_0110.wav,MS19R_X44_B0_0010_M_GST_0110,61,61,61,62,กุสตาดอล์ฟ,npc,male,gustadolph,assets/triangle-strategy/approved_voice_references/gustadolph.wav,ขาดแค่สวาร็อคสินะ...,,,PENDING_MANUAL_GENERATION,,triangle-strategy
732,MS19R_X44_B0_0010_M_M369_0010.wav,MS19R_X44_B0_0010_M_M369_0010,62,62,62,63,ชายชาวเมือง / ทหาร / ผู้ติดตาม,generic,male,MALE_ADULT_C,assets/triangle-strategy/approved_voice_references/MALE_ADULT_C.wav,ถูกต้อง! พวกมันจะไม่มีสิทธิคุมเราอีก!,,,PENDING_MANUAL_GENERATION,,triangle-strategy
733,MS19R_X44_B0_0010_M_M369_0020.wav,MS19R_X44_B0_0010_M_M369_0020,63,63,63,64,ชายชาวเมือง / ทหาร / ผู้ติดตาม,generic,male,MALE_ADULT_C,assets/triangle-strategy/approved_voice_references/MALE_ADULT_C.wav,อย่าคิดจะชิงบ้านเมืองไปจากเราเชียว!,,,PENDING_MANUAL_GENERATION,,triangle-strategy
734,MS19R_X44_B0_0010_M_M369_0030.wav,MS19R_X44_B0_0010_M_M369_0030,64,64,64,65,ชายชาวเมือง / ทหาร / ผู้ติดตาม,generic,male,MALE_ADULT_C,assets/triangle-strategy/approved_voice_references/MALE_ADULT_C.wav,แด่ความรุ่งโรจน์แห่งเอสฟรอสต์!,,,PENDING_MANUAL_GENERATION,,triangle-strategy
735,MS19R_X44_B0_0010_N_M371_0010.wav,MS19R_X44_B0_0010_N_M371_0010,65,65,65,66,ชายชาวเมือง / ทหาร / ผู้ติดตาม,generic,male,MALE_YOUNG_A,assets/triangle-strategy/approved_voice_references/MALE_YOUNG_A.wav,ย้ากกก!,,,PENDING_MANUAL_GENERATION,,triangle-strategy
736,MS19R_X44_B0_0020_F_ANA_0010.wav,MS19R_X44_B0_0020_F_ANA_0010,66,66,66,67,Anna,main,female,anna,assets/triangle-strategy/approved_voice_references/anna.wav,เบเนดิกต์ หรือว่าเสียงนั่นจะเป็น...?,,,PENDING_MANUAL_GENERATION,,triangle-strategy
737,MS19R_X44_B0_0020_F_HEW_0010.wav,MS19R_X44_B0_0020_F_HEW_0010,67,67,67,68,Hughette,main,female,hughette,assets/triangle-strategy/approved_voice_references/hughette.wav,ดูนั่น มีคนอยู่บนปราสาทเจ้าค่ะ!,,,PENDING_MANUAL_GENERATION,,triangle-strategy
738,MS19R_X44_B0_0020_F_M374_0010.wav,MS19R_X44_B0_0020_F_M374_0010,68,68,68,69,หญิงชาวเมือง / ทหาร / ผู้ติดตาม,generic,female,FEMALE_ADULT_A,assets/triangle-strategy/approved_voice_references/FEMALE_ADULT_A.wav,เมืองของเรา...!,,,PENDING_MANUAL_GENERATION,,triangle-strategy
739,MS19R_X44_B0_0020_F_YRA_0010.wav,MS19R_X44_B0_0020_F_YRA_0010,69,69,69,70,Geela,main,female,geela,assets/triangle-strategy/approved_voice_references/geela.wav,โรงเหล็กและเตาหลอมที่ใหญ่ที่สุดแห่งนอร์เซเลียนั้นอยู่ในปราสาท,,,PENDING_MANUAL_GENERATION,,triangle-strategy
740,MS19R_X44_B0_0020_F_YRA_0020.wav,MS19R_X44_B0_0020_F_YRA_0020,70,70,70,71,Geela,main,female,geela,assets/triangle-strategy/approved_voice_references/geela.wav,เตาหลอมคงต้องเสียหายหนักเป็นแน่,,,PENDING_MANUAL_GENERATION,,triangle-strategy
741,MS19R_X44_B0_0020_M_BND_0010.wav,MS19R_X44_B0_0020_M_BND_0010,71,71,71,72,Benedict,main,male,benedict,assets/triangle-strategy/approved_voice_references/benedict.wav,ใช่แล้วล่ะ แรงระเบิดจากปืนใหญ่... มีใครบางคนที่พยายามใช้มันเพื่อทำลายเตาหลอม,,,PENDING_MANUAL_GENERATION,,triangle-strategy
742,MS19R_X44_B0_0020_M_BND_0020.wav,MS19R_X44_B0_0020_M_BND_0020,72,72,72,73,Benedict,main,male,benedict,assets/triangle-strategy/approved_voice_references/benedict.wav,หากเขาต้องการจะโค่นเรา...เมืองก็จะพังไปด้วย ต่อไปเขาอาจจะเล็งเราก็ได้ขอรับ,,,PENDING_MANUAL_GENERATION,,triangle-strategy
743,MS19R_X44_B0_0020_M_EGS_0010.wav,MS19R_X44_B0_0020_M_EGS_0010,73,73,73,74,Exharme,npc,male,exharme,assets/triangle-strategy/approved_voice_references/exharme.wav,รัฐมนตรีเซเรโนอา ข้าจะอพยพชาวเมืองก่อน ท่านกับตระกูลวูล์ฟฟอร์ตต้องจัดการกับสวาร็อคให้ได้,,,PENDING_MANUAL_GENERATION,,triangle-strategy
744,MS19R_X44_B0_0020_M_ELA_0010.wav,MS19R_X44_B0_0020_M_ELA_0010,74,74,74,75,Erador,main,male,erador,assets/triangle-strategy/approved_voice_references/erador.wav,เสียหายเหรอ? ได้ยังไงกัน?,,,PENDING_MANUAL_GENERATION,,triangle-strategy
745,MS19R_X44_B0_0020_M_M373_0010.wav,MS19R_X44_B0_0020_M_M373_0010,75,75,75,76,ชายชาวเมือง / ทหาร / ผู้ติดตาม,generic,male,MALE_ADULT_B,assets/triangle-strategy/approved_voice_references/MALE_ADULT_B.wav,หนีได้แล้ว! อยู่ไปก็อันตรายเปล่าๆ!,,,PENDING_MANUAL_GENERATION,,triangle-strategy
746,MS19R_X44_B0_0020_M_RLN_0010.wav,MS19R_X44_B0_0020_M_RLN_0010,76,76,76,77,Roland,main,male,roland,assets/triangle-strategy/approved_voice_references/roland.wav,มีอะไรงั้นเหรอ?,,,PENDING_MANUAL_GENERATION,,triangle-strategy
747,MS19R_X44_B0_0020_M_RLN_0020.wav,MS19R_X44_B0_0020_M_RLN_0020,77,77,77,78,Roland,main,male,roland,assets/triangle-strategy/approved_voice_references/roland.wav,แล้วเป็นฝีมือใครกัน? ทำไปเพื่ออะไร?,,,PENDING_MANUAL_GENERATION,,triangle-strategy
748,MS19R_X44_B0_0020_M_RLN_0030.wav,MS19R_X44_B0_0020_M_RLN_0030,78,78,78,79,Roland,main,male,roland,assets/triangle-strategy/approved_voice_references/roland.wav,สวาร็อคนี่! ฝีมือเขาหรือเปล่านะ?,,,PENDING_MANUAL_GENERATION,,triangle-strategy
749,MS19R_X44_B0_0020_M_RLN_0040.wav,MS19R_X44_B0_0020_M_RLN_0040,79,79,79,80,Roland,main,male,roland,assets/triangle-strategy/approved_voice_references/roland.wav,ไปที่ปราสาทกันเร็วทุกคน!,,,PENDING_MANUAL_GENERATION,,triangle-strategy
750,MS19R_X44_B0_0020_M_SEL_0010.wav,MS19R_X44_B0_0020_M_SEL_0010,80,80,80,81,Serenoa,main,male,serenoa,assets/triangle-strategy/approved_voice_references/serenoa.wav,เหล็กหลอม! มันกำลังไหลลงมาจากปราสาท!,,,PENDING_MANUAL_GENERATION,,triangle-strategy
751,MS19R_X44_B0_0020_M_SEL_0020.wav,MS19R_X44_B0_0020_M_SEL_0020,81,81,81,82,Serenoa,main,male,serenoa,assets/triangle-strategy/approved_voice_references/serenoa.wav,นี่ยอมสังเวยประชาชนเพื่อเอาชนะเลยงั้นเหรอ?,,,PENDING_MANUAL_GENERATION,,triangle-strategy
752,MS19R_X44_B0_0020_M_SEL_0030.wav,MS19R_X44_B0_0020_M_SEL_0030,82,82,82,83,Serenoa,main,male,serenoa,assets/triangle-strategy/approved_voice_references/serenoa.wav,ข้าฝากท่านดูแลประชาชนด้วยนะ,,,PENDING_MANUAL_GENERATION,,triangle-strategy
753,MS19R_X44_B0_0030_M_BND_0010.wav,MS19R_X44_B0_0030_M_BND_0010,83,83,83,84,Benedict,main,male,benedict,assets/triangle-strategy/approved_voice_references/benedict.wav,มันอาจจะแย่กว่านี้ก็ได้นะขอรับ หากสวาร็อคยิงปืนใหญ่เข้าที่เมืองตรงๆ,,,PENDING_MANUAL_GENERATION,,triangle-strategy
754,MS19R_X44_B0_0030_M_BND_0020.wav,MS19R_X44_B0_0030_M_BND_0020,84,84,84,85,Benedict,main,male,benedict,assets/triangle-strategy/approved_voice_references/benedict.wav,หอสมุดเปี่ยมล้นไปด้วยภูมิปัญญาของนอร์เซเลียมากมายขอรับ,,,PENDING_MANUAL_GENERATION,,triangle-strategy
755,MS19R_X44_B0_0030_M_EGS_0010.wav,MS19R_X44_B0_0030_M_EGS_0010,85,85,85,86,Exharme,npc,male,exharme,assets/triangle-strategy/approved_voice_references/exharme.wav,ท่านไม่บาดเจ็บใช่ไหม รัฐมนตรีเซเรโนอา?,,,PENDING_MANUAL_GENERATION,,triangle-strategy
756,MS19R_X44_B0_0030_M_EGS_0020.wav,MS19R_X44_B0_0030_M_EGS_0020,86,86,86,87,Exharme,npc,male,exharme,assets/triangle-strategy/approved_voice_references/exharme.wav,ข้าปลอดภัยดี ขณะนี้ชาวเมืองเอสฟรอสต์อยู่ในการดูแลของทหารไฮแซนต์แล้วขอรับ,,,PENDING_MANUAL_GENERATION,,triangle-strategy
757,MS19R_X44_B0_0030_M_EGS_0030.wav,MS19R_X44_B0_0030_M_EGS_0030,87,87,87,88,Exharme,npc,male,exharme,assets/triangle-strategy/approved_voice_references/exharme.wav,สวาร็อคล่ะ?,,,PENDING_MANUAL_GENERATION,,triangle-strategy
758,MS19R_X44_B0_0030_M_EGS_0040.wav,MS19R_X44_B0_0030_M_EGS_0040,88,88,88,89,Exharme,npc,male,exharme,assets/triangle-strategy/approved_voice_references/exharme.wav,เช่นนั้นคงห่างไกลจากคำว่าเลวร้ายแล้วล่ะ ขอพูดเลยว่ามันอาจจะดีที่สุดสำหรับเราแล้วก็ได้,,,PENDING_MANUAL_GENERATION,,triangle-strategy
759,MS19R_X44_B0_0030_M_EGS_0050.wav,MS19R_X44_B0_0030_M_EGS_0050,89,89,89,90,Exharme,npc,male,exharme,assets/triangle-strategy/approved_voice_references/exharme.wav,หากเราเปิดเผยแก่ชาวเมืองว่านี่เป็นฝีมือของสวาร็อค มันอาจทำให้ผู้คนเลิกสนับสนุนเขา,,,PENDING_MANUAL_GENERATION,,triangle-strategy
760,MS19R_X44_B0_0030_M_EGS_0055.wav,MS19R_X44_B0_0030_M_EGS_0055,90,90,90,91,Exharme,npc,male,exharme,assets/triangle-strategy/approved_voice_references/exharme.wav,นี่ยังไม่รวมที่หอสมุดถูกเผาทำลายอีกนะ โชคดีที่อย่างน้อยเราไม่ต้องจัดการด้วยตัวเอง,,,PENDING_MANUAL_GENERATION,,triangle-strategy
761,MS19R_X44_B0_0030_M_EGS_0060.wav,MS19R_X44_B0_0030_M_EGS_0060,91,91,91,92,Exharme,npc,male,exharme,assets/triangle-strategy/approved_voice_references/exharme.wav,ความจริงแล้วท่านหัวหน้านักบวชทรงมอบหมายภารกิจลับ ให้ข้ามาทำลายหอสมุดน่ะ,,,PENDING_MANUAL_GENERATION,,triangle-strategy
762,MS19R_X44_B0_0030_M_EGS_0070.wav,MS19R_X44_B0_0030_M_EGS_0070,92,92,92,93,Exharme,npc,male,exharme,assets/triangle-strategy/approved_voice_references/exharme.wav,ถูกต้อง,,,PENDING_MANUAL_GENERATION,,triangle-strategy
763,MS19R_X44_B0_0030_M_EGS_0080.wav,MS19R_X44_B0_0030_M_EGS_0080,93,93,93,94,Exharme,npc,male,exharme,assets/triangle-strategy/approved_voice_references/exharme.wav,ความรู้คือความโลภ และมันขัดต่อหลักคำสอนเทพธิดา,,,PENDING_MANUAL_GENERATION,,triangle-strategy
764,MS19R_X44_B0_0030_M_EGS_0090.wav,MS19R_X44_B0_0030_M_EGS_0090,94,94,94,95,Exharme,npc,male,exharme,assets/triangle-strategy/approved_voice_references/exharme.wav,จะพูดเช่นนั้นคงไม่ได้หรอก,,,PENDING_MANUAL_GENERATION,,triangle-strategy
765,MS19R_X44_B0_0030_M_EGS_0100.wav,MS19R_X44_B0_0030_M_EGS_0100,95,95,95,96,Exharme,npc,male,exharme,assets/triangle-strategy/approved_voice_references/exharme.wav,แต่ข้าได้ยินมาว่าปืนใหญ่เสียงสังเวยของเอสฟรอสต์นั้น ถูกสร้างขึ้นมาโดยใช้ความรู้จากในหอสมุดนั่น,,,PENDING_MANUAL_GENERATION,,triangle-strategy
766,MS19R_X44_B0_0030_M_EGS_0110.wav,MS19R_X44_B0_0030_M_EGS_0110,96,96,96,97,Exharme,npc,male,exharme,assets/triangle-strategy/approved_voice_references/exharme.wav,ข้าเชื่อว่าพระองค์ต้องการควบคุมความรู้เช่นนั้นไว้,,,PENDING_MANUAL_GENERATION,,triangle-strategy
767,MS19R_X44_B0_0030_M_EGS_0120.wav,MS19R_X44_B0_0030_M_EGS_0120,97,97,97,98,Exharme,npc,male,exharme,assets/triangle-strategy/approved_voice_references/exharme.wav,ใช่แล้วล่ะ ขืนเราเป็นฝ่ายวางเพลิงหอสมุดเสียเอง มีหวังโดนกระแสสังคมตีกลับมหาศาลแน่,,,PENDING_MANUAL_GENERATION,,triangle-strategy
768,MS19R_X44_B0_0030_M_EGS_0130.wav,MS19R_X44_B0_0030_M_EGS_0130,98,98,98,99,Exharme,npc,male,exharme,assets/triangle-strategy/approved_voice_references/exharme.wav,ซึ่งถือเป็นเรื่องโชคดีที่มันเป็นฝีมือของสวาร็อค ถึงแม้จะไม่ได้ตั้งใจก็ตามเถอะ คราวนี้การหลอมรวมเอสฟรอสต์เป็นหนึ่งเดียวกับเราอาจเป็นเรื่องง่ายกว่าที่คิด,,,PENDING_MANUAL_GENERATION,,triangle-strategy
769,MS19R_X44_B0_0030_M_EGS_0140.wav,MS19R_X44_B0_0030_M_EGS_0140,99,99,99,100,Exharme,npc,male,exharme,assets/triangle-strategy/approved_voice_references/exharme.wav,เมื่อพวกเรามีชื่อเสียงที่น่าเชื่อถือ เราจะได้นำพาสันติสุขและเสถียรภาพมาสู่นอร์เซเลีย,,,PENDING_MANUAL_GENERATION,,triangle-strategy
770,MS19R_X44_B0_0030_M_EGS_0150.wav,MS19R_X44_B0_0030_M_EGS_0150,100,100,100,101,Exharme,npc,male,exharme,assets/triangle-strategy/approved_voice_references/exharme.wav,อย่างที่เราวาดฝันไว้,,,PENDING_MANUAL_GENERATION,,triangle-strategy
771,MS19R_X44_B0_0030_M_RLN_0010.wav,MS19R_X44_B0_0030_M_RLN_0010,101,101,101,102,Roland,main,male,roland,assets/triangle-strategy/approved_voice_references/roland.wav,แน่นอนว่าในนั้นจะมีเอกสารอื่นๆ เช่นเดียวกับสมุดบันทึกของออลายา มันจะทำให้ผู้คนตั้งข้อสงสัยในคำสอนเทพธิดา,,,PENDING_MANUAL_GENERATION,,triangle-strategy
772,MS19R_X44_B0_0030_M_RLN_0020.wav,MS19R_X44_B0_0030_M_RLN_0020,102,102,102,103,Roland,main,male,roland,assets/triangle-strategy/approved_voice_references/roland.wav,...ใช่แล้วล่ะ นี่คือเส้นทางที่เราเลือกเดิน,,,PENDING_MANUAL_GENERATION,,triangle-strategy
773,MS19R_X44_B0_0030_M_SEL_0010.wav,MS19R_X44_B0_0030_M_SEL_0010,103,103,103,104,Serenoa,main,male,serenoa,assets/triangle-strategy/approved_voice_references/serenoa.wav,เหล็กหลอมเริ่มแข็งตัวแล้ว แต่ว่า...ตอนนี้เมืองโกลาหลไปหมด,,,PENDING_MANUAL_GENERATION,,triangle-strategy
774,MS19R_X44_B0_0030_M_SEL_0020.wav,MS19R_X44_B0_0030_M_SEL_0020,104,104,104,105,Serenoa,main,male,serenoa,assets/triangle-strategy/approved_voice_references/serenoa.wav,ข้าไม่เป็นไร แล้วท่านล่ะ?,,,PENDING_MANUAL_GENERATION,,triangle-strategy
775,MS19R_X44_B0_0030_M_SEL_0030.wav,MS19R_X44_B0_0030_M_SEL_0030,105,105,105,106,Serenoa,main,male,serenoa,assets/triangle-strategy/approved_voice_references/serenoa.wav,ขอบคุณท่านจริงๆ เหมือนว่าเราจะรอดพ้นจากสถานการณ์เลวร้ายที่สุดแล้ว...,,,PENDING_MANUAL_GENERATION,,triangle-strategy
776,MS19R_X44_B0_0030_M_SEL_0035.wav,MS19R_X44_B0_0030_M_SEL_0035,106,106,106,107,Serenoa,main,male,serenoa,assets/triangle-strategy/approved_voice_references/serenoa.wav,ถูกกำราบเรียบร้อยขอรับ,,,PENDING_MANUAL_GENERATION,,triangle-strategy
777,MS19R_X44_B0_0030_M_SEL_0040.wav,MS19R_X44_B0_0030_M_SEL_0040,107,107,107,108,Serenoa,main,male,serenoa,assets/triangle-strategy/approved_voice_references/serenoa.wav,หอสมุดเหรอ? หมายความว่ายังไงขอรับ?,,,PENDING_MANUAL_GENERATION,,triangle-strategy
778,MS19R_X44_B0_0030_M_SEL_0050.wav,MS19R_X44_B0_0030_M_SEL_0050,108,108,108,109,Serenoa,main,male,serenoa,assets/triangle-strategy/approved_voice_references/serenoa.wav,ทำไมกัน!?,,,PENDING_MANUAL_GENERATION,,triangle-strategy
779,MS19R_X44_B0_0030_M_SEL_0060.wav,MS19R_X44_B0_0030_M_SEL_0060,109,109,109,110,Serenoa,main,male,serenoa,assets/triangle-strategy/approved_voice_references/serenoa.wav,ท่านเลยอยากให้ความรู้ตกอยู่ในมือของผู้นำเท่านั้นเหรอ?,,,PENDING_MANUAL_GENERATION,,triangle-strategy
780,MS19R_X44_B0_0030_M_SEL_0080.wav,MS19R_X44_B0_0030_M_SEL_0080,111,111,111,112,Serenoa,main,male,serenoa,assets/triangle-strategy/approved_voice_references/serenoa.wav,ขอรับ เพื่อนำสันติสุขและความเท่าเทียมมาสู่ปวงชนนอร์เซเลีย,,,PENDING_MANUAL_GENERATION,,triangle-strategy
781,MS19R_X44_BATTLE_01_AFTER_F_MB152T02_0010.wav,MS19R_X44_BATTLE_01_AFTER_F_MB152T02_0010,112,112,112,113,หญิงชาวเมือง / ทหาร / ผู้ติดตาม,generic,female,FEMALE_YOUNG_A,assets/triangle-strategy/approved_voice_references/FEMALE_YOUNG_A.wav,ไม่นะ... อาร์ชดยุกกุสตาดอล์ฟ!,,,PENDING_MANUAL_GENERATION,,triangle-strategy
782,MS19R_X44_BATTLE_01_AFTER_M_BND_0010.wav,MS19R_X44_BATTLE_01_AFTER_M_BND_0010,113,113,113,114,Benedict,main,male,benedict,assets/triangle-strategy/approved_voice_references/benedict.wav,หยุดสู้รบและวางอาวุธลงซะ!,,,PENDING_MANUAL_GENERATION,,triangle-strategy
783,MS19R_X44_BATTLE_01_AFTER_M_BND_0020.wav,MS19R_X44_BATTLE_01_AFTER_M_BND_0020,114,114,114,115,Benedict,main,male,benedict,assets/triangle-strategy/approved_voice_references/benedict.wav,ตามบัญชาของรับ ไม่ว่าจะดีร้ายยังไง...เอสฟรอสต์นั้นถูกปกครองโดยกุสตาดอล์ฟ,,,PENDING_MANUAL_GENERATION,,triangle-strategy
784,MS19R_X44_BATTLE_01_AFTER_M_BND_0030.wav,MS19R_X44_BATTLE_01_AFTER_M_BND_0030,115,115,115,116,Benedict,main,male,benedict,assets/triangle-strategy/approved_voice_references/benedict.wav,หากประชาชนรับรู้ถึงการตายของเขา พวกเขาก็จะยอมจำนน,,,PENDING_MANUAL_GENERATION,,triangle-strategy
785,MS19R_X44_BATTLE_01_AFTER_M_GST_0010.wav,MS19R_X44_BATTLE_01_AFTER_M_GST_0010,116,116,116,117,กุสตาดอล์ฟ,npc,male,gustadolph,assets/triangle-strategy/approved_voice_references/gustadolph.wav,อึก...!,,,PENDING_MANUAL_GENERATION,,triangle-strategy
786,MS19R_X44_BATTLE_01_AFTER_M_GST_0020.wav,MS19R_X44_BATTLE_01_AFTER_M_GST_0020,117,117,117,118,กุสตาดอล์ฟ,npc,male,gustadolph,assets/triangle-strategy/approved_voice_references/gustadolph.wav,ฮ่าๆๆ... คิดว่ามันจะจบแค่ตรงนี้เหรอ? ใครๆก็อยากมีอิสระ...และเดินตามความฝันของตน...,,,PENDING_MANUAL_GENERATION,,triangle-strategy
787,MS19R_X44_BATTLE_01_AFTER_M_GST_0030.wav,MS19R_X44_BATTLE_01_AFTER_M_GST_0030,118,118,118,119,กุสตาดอล์ฟ,npc,male,gustadolph,assets/triangle-strategy/approved_voice_references/gustadolph.wav,เมื่อพวกเขามีความฝันที่ต่างกัน สุดท้ายก็เกิดการปะทะอย่างเลี่ยงไม่ได้... มนุษย์มันก็เป็นแบบนี้...,,,PENDING_MANUAL_GENERATION,,triangle-strategy
788,MS19R_X44_BATTLE_01_AFTER_M_GST_0040.wav,MS19R_X44_BATTLE_01_AFTER_M_GST_0040,119,119,119,120,กุสตาดอล์ฟ,npc,male,gustadolph,assets/triangle-strategy/approved_voice_references/gustadolph.wav,อุดมการณ์ห่วยๆ กับคำสอนหลอกลวง มันช่วยอะไรไม่ได้หรอก... สุดท้ายความแตกแยกก็จะเกิดขึ้นอยู่ดีเมื่อถึงเวลา...,,,PENDING_MANUAL_GENERATION,,triangle-strategy
789,MS19R_X44_BATTLE_01_AFTER_M_GST_0050.wav,MS19R_X44_BATTLE_01_AFTER_M_GST_0050,120,120,120,121,กุสตาดอล์ฟ,npc,male,gustadolph,assets/triangle-strategy/approved_voice_references/gustadolph.wav,อย่ามาหลอกกันเลย... ข้าเห็นความเกลียดชังในสายตาของเจ้าเมื่อมองมาที่ข้า...,,,PENDING_MANUAL_GENERATION,,triangle-strategy
790,MS19R_X44_BATTLE_01_AFTER_M_GST_0060.wav,MS19R_X44_BATTLE_01_AFTER_M_GST_0060,121,121,121,122,กุสตาดอล์ฟ,npc,male,gustadolph,assets/triangle-strategy/approved_voice_references/gustadolph.wav,อยากสังหารข้าไม่ใช่เหรอ...? จะข่มใจไว้ทำไมกัน...,,,PENDING_MANUAL_GENERATION,,triangle-strategy
791,MS19R_X44_BATTLE_01_AFTER_M_GST_0070.wav,MS19R_X44_BATTLE_01_AFTER_M_GST_0070,122,122,122,123,กุสตาดอล์ฟ,npc,male,gustadolph,assets/triangle-strategy/approved_voice_references/gustadolph.wav,เจ้าชนะแล้ว อยากทำอะไรก็เชิญ...!,,,PENDING_MANUAL_GENERATION,,triangle-strategy
792,MS19R_X44_BATTLE_01_AFTER_M_GST_0080.wav,MS19R_X44_BATTLE_01_AFTER_M_GST_0080,123,123,123,124,กุสตาดอล์ฟ,npc,male,gustadolph,assets/triangle-strategy/approved_voice_references/gustadolph.wav,ฆ่าข้าซะ โรแลนด์ เกลนบรู๊ค!,,,PENDING_MANUAL_GENERATION,,triangle-strategy
793,MS19R_X44_BATTLE_01_AFTER_M_GST_0090.wav,MS19R_X44_BATTLE_01_AFTER_M_GST_0090,124,124,124,125,กุสตาดอล์ฟ,npc,male,gustadolph,assets/triangle-strategy/approved_voice_references/gustadolph.wav,นี่คือจุดจบของข้า... นี่คือโอกาสที่เจ้าจะได้ทำตามเสียงหัวใจของตน...!,,,PENDING_MANUAL_GENERATION,,triangle-strategy
794,MS19R_X44_BATTLE_01_AFTER_M_GST_0100.wav,MS19R_X44_BATTLE_01_AFTER_M_GST_0100,125,125,125,126,กุสตาดอล์ฟ,npc,male,gustadolph,assets/triangle-strategy/approved_voice_references/gustadolph.wav,ฮ่า... ข้าจะถูกกำราบที่นี่สินะ... ก็จำไว้ด้วยแล้วกัน เมื่อความมุ่งมั่นของเจ้าเลือนหายไป...,,,PENDING_MANUAL_GENERATION,,triangle-strategy
795,MS19R_X44_BATTLE_01_AFTER_M_GST_0110.wav,MS19R_X44_BATTLE_01_AFTER_M_GST_0110,126,126,126,127,กุสตาดอล์ฟ,npc,male,gustadolph,assets/triangle-strategy/approved_voice_references/gustadolph.wav,เจ้าจะจดจำข้า รวมถึงช่วงเวลานี้ด้วย...,,,PENDING_MANUAL_GENERATION,,triangle-strategy
796,MS19R_X44_BATTLE_01_AFTER_M_MB011T02_0010.wav,MS19R_X44_BATTLE_01_AFTER_M_MB011T02_0010,127,127,127,128,ชายชาวเมือง / ทหาร / ผู้ติดตาม,generic,male,MALE_ADULT_C,assets/triangle-strategy/approved_voice_references/MALE_ADULT_C.wav,เราแพ้แล้ว...,,,PENDING_MANUAL_GENERATION,,triangle-strategy
797,MS19R_X44_BATTLE_01_AFTER_M_MB011T03_0010.wav,MS19R_X44_BATTLE_01_AFTER_M_MB011T03_0010,128,128,128,129,ชายชาวเมือง / ทหาร / ผู้ติดตาม,generic,male,MALE_YOUNG_A,assets/triangle-strategy/approved_voice_references/MALE_YOUNG_A.wav,เราจะทำตามคำขอของท่าน แต่เพื่อเป็นการแลกเปลี่ยน...,,,PENDING_MANUAL_GENERATION,,triangle-strategy
798,MS19R_X44_BATTLE_01_AFTER_M_RLN_0010.wav,MS19R_X44_BATTLE_01_AFTER_M_RLN_0010,129,129,129,130,Roland,main,male,roland,assets/triangle-strategy/approved_voice_references/roland.wav,ชาวเอสฟรอสต์เอ๋ย จงดูอาร์ชดยุกของพวกเจ้าเสียเถิด! เขาได้ถูกกำราบแล้ว! สิ้นสงครามเสียที!,,,PENDING_MANUAL_GENERATION,,triangle-strategy
799,MS19R_X44_BATTLE_01_AFTER_M_RLN_0020.wav,MS19R_X44_BATTLE_01_AFTER_M_RLN_0020,130,130,130,131,Roland,main,male,roland,assets/triangle-strategy/approved_voice_references/roland.wav,...นั่นไม่ใช่เรื่องที่เจ้าต้องตัดสินใจ คนเราเปลี่ยนแปลงกันได้,,,PENDING_MANUAL_GENERATION,,triangle-strategy
800,MS19R_X44_BATTLE_01_AFTER_M_RLN_0040.wav,MS19R_X44_BATTLE_01_AFTER_M_RLN_0040,132,132,132,133,Roland,main,male,roland,assets/triangle-strategy/approved_voice_references/roland.wav,ข้าไม่ได้มาชำระแค้น ข้ามาสร้างสันติสุขต่างหาก,,,PENDING_MANUAL_GENERATION,,triangle-strategy
801,MS19R_X44_BATTLE_01_AFTER_M_RLN_0050.wav,MS19R_X44_BATTLE_01_AFTER_M_RLN_0050,133,133,133,134,Roland,main,male,roland,assets/triangle-strategy/approved_voice_references/roland.wav,ลาก่อน กุสตาดอล์ฟ...,,,PENDING_MANUAL_GENERATION,,triangle-strategy
802,MS19R_X44_BATTLE_01_AFTER_M_SEL_0010.wav,MS19R_X44_BATTLE_01_AFTER_M_SEL_0010,134,134,134,135,Serenoa,main,male,serenoa,assets/triangle-strategy/approved_voice_references/serenoa.wav,ข้าสัญญาเลย เราไม่มีเจตนาจะใช้ความรุนแรงแน่นอน,,,PENDING_MANUAL_GENERATION,,triangle-strategy
803,MS19R_X44_BATTLE_01_AFTER_M_SEL_0020.wav,MS19R_X44_BATTLE_01_AFTER_M_SEL_0020,135,135,135,136,Serenoa,main,male,serenoa,assets/triangle-strategy/approved_voice_references/serenoa.wav,เพราะว่าเรามายุติสงครามอันไร้ค่านี้ต่างหาก,,,PENDING_MANUAL_GENERATION,,triangle-strategy
804,MS19R_X44_BATTLE_01_AFTER_M_SEL_0030.wav,MS19R_X44_BATTLE_01_AFTER_M_SEL_0030,136,136,136,137,Serenoa,main,male,serenoa,assets/triangle-strategy/approved_voice_references/serenoa.wav,เบเนดิกต์ ช่วยดูแลความเรียบร้อยของเมืองให้ด้วยนะ,,,PENDING_MANUAL_GENERATION,,triangle-strategy
805,MS19R_X44_BATTLE_01_AFTER_M_SEL_0040.wav,MS19R_X44_BATTLE_01_AFTER_M_SEL_0040,137,137,137,138,Serenoa,main,male,serenoa,assets/triangle-strategy/approved_voice_references/serenoa.wav,นั่นเสียงอะไรน่ะ!?,,,PENDING_MANUAL_GENERATION,,triangle-strategy
806,MS19R_X44_BATTLE_01_BEFORE_F_MB152T02_0010.wav,MS19R_X44_BATTLE_01_BEFORE_F_MB152T02_0010,138,138,138,139,หญิงชาวเมือง / ทหาร / ผู้ติดตาม,generic,female,FEMALE_YOUNG_A,assets/triangle-strategy/approved_voice_references/FEMALE_YOUNG_A.wav,ถูกต้อง! เราไม่ยอมก้มหัวให้เจ้าหรอก!,,,PENDING_MANUAL_GENERATION,,triangle-strategy
807,MS19R_X44_BATTLE_01_BEFORE_M_EGS_0010.wav,MS19R_X44_BATTLE_01_BEFORE_M_EGS_0010,139,139,139,140,Exharme,npc,male,exharme,assets/triangle-strategy/approved_voice_references/exharme.wav,รัฐมนตรีโรแลนด์ คุยไปก็คงไม่ได้ความหรอกขอรับ หากใช้เหตุผลไม่ได้...ก็ต้องใช้กำลังเพื่อควบคุมเอสฟรอสต์แล้วล่ะ,,,PENDING_MANUAL_GENERATION,,triangle-strategy
808,MS19R_X44_BATTLE_01_BEFORE_M_EGS_0020.wav,MS19R_X44_BATTLE_01_BEFORE_M_EGS_0020,140,140,140,141,Exharme,npc,male,exharme,assets/triangle-strategy/approved_voice_references/exharme.wav,เมื่อผู้นำของพวกเขาถูกกำราบ ประชาชนก็จะเปลี่ยนความคิดเอง,,,PENDING_MANUAL_GENERATION,,triangle-strategy
809,MS19R_X44_BATTLE_01_BEFORE_M_GST_0010.wav,MS19R_X44_BATTLE_01_BEFORE_M_GST_0010,141,141,141,142,กุสตาดอล์ฟ,npc,male,gustadolph,assets/triangle-strategy/approved_voice_references/gustadolph.wav,เจ้าสินะที่เป็นผู้นำทัพ วูล์ฟฟอร์ต,,,PENDING_MANUAL_GENERATION,,triangle-strategy
810,MS19R_X44_BATTLE_01_BEFORE_M_GST_0020.wav,MS19R_X44_BATTLE_01_BEFORE_M_GST_0020,142,142,142,143,กุสตาดอล์ฟ,npc,male,gustadolph,assets/triangle-strategy/approved_voice_references/gustadolph.wav,แล้วเฟรเดอริก้าน้องรักข้าไปไหนแล้วล่ะ?,,,PENDING_MANUAL_GENERATION,,triangle-strategy
811,MS19R_X44_BATTLE_01_BEFORE_M_GST_0030.wav,MS19R_X44_BATTLE_01_BEFORE_M_GST_0030,143,143,143,144,กุสตาดอล์ฟ,npc,male,gustadolph,assets/triangle-strategy/approved_voice_references/gustadolph.wav,สงสัยคงหัวรั้นเกินกว่าจะก้มหัวให้ไฮแซนต์สินะ,,,PENDING_MANUAL_GENERATION,,triangle-strategy
812,MS19R_X44_BATTLE_01_BEFORE_M_GST_0040.wav,MS19R_X44_BATTLE_01_BEFORE_M_GST_0040,144,144,144,145,กุสตาดอล์ฟ,npc,male,gustadolph,assets/triangle-strategy/approved_voice_references/gustadolph.wav,ให้ยอมแพ้เหรอ? ถามตรงๆนะโรแลนด์ ท่านอยากสังหารข้ามากเลยใช่ไหม?,,,PENDING_MANUAL_GENERATION,,triangle-strategy
813,MS19R_X44_BATTLE_01_BEFORE_M_GST_0050.wav,MS19R_X44_BATTLE_01_BEFORE_M_GST_0050,145,145,145,146,กุสตาดอล์ฟ,npc,male,gustadolph,assets/triangle-strategy/approved_voice_references/gustadolph.wav,ท่านอยากชำระแค้นให้พ่อและพี่ของท่าน,,,PENDING_MANUAL_GENERATION,,triangle-strategy
814,MS19R_X44_BATTLE_01_BEFORE_M_GST_0060.wav,MS19R_X44_BATTLE_01_BEFORE_M_GST_0060,146,146,146,147,กุสตาดอล์ฟ,npc,male,gustadolph,assets/triangle-strategy/approved_voice_references/gustadolph.wav,คนขี้ขลาดขายชาติและประชาชน ยังมีหน้ามาพูดเช่นนี้อีก,,,PENDING_MANUAL_GENERATION,,triangle-strategy
815,MS19R_X44_BATTLE_01_BEFORE_M_GST_0070.wav,MS19R_X44_BATTLE_01_BEFORE_M_GST_0070,147,147,147,148,กุสตาดอล์ฟ,npc,male,gustadolph,assets/triangle-strategy/approved_voice_references/gustadolph.wav,คิดจริงๆ เหรอ ว่าเทพธิดาจอมปลอมของท่านจะนำพาสันติสุขมาสู่เราได้!?,,,PENDING_MANUAL_GENERATION,,triangle-strategy
816,MS19R_X44_BATTLE_01_BEFORE_M_GST_0080.wav,MS19R_X44_BATTLE_01_BEFORE_M_GST_0080,148,148,148,149,กุสตาดอล์ฟ,npc,male,gustadolph,assets/triangle-strategy/approved_voice_references/gustadolph.wav,ท่านคงจะโง่น่าดู หากคิดว่าประชาชนจะมีความสุขไปกับสันติสุขจอมปลอม... แต่ที่รู้แน่ๆ คือคนของข้าคงไม่ชอบใจ,,,PENDING_MANUAL_GENERATION,,triangle-strategy
817,MS19R_X44_BATTLE_01_BEFORE_M_GST_0090.wav,MS19R_X44_BATTLE_01_BEFORE_M_GST_0090,149,149,149,150,กุสตาดอล์ฟ,npc,male,gustadolph,assets/triangle-strategy/approved_voice_references/gustadolph.wav,ได้ยินไหมโรแลนด์? เสียงแห่งประชาชน!,,,PENDING_MANUAL_GENERATION,,triangle-strategy
818,MS19R_X44_BATTLE_01_BEFORE_M_GST_0100.wav,MS19R_X44_BATTLE_01_BEFORE_M_GST_0100,150,150,150,151,กุสตาดอล์ฟ,npc,male,gustadolph,assets/triangle-strategy/approved_voice_references/gustadolph.wav,แล้วท่านล่ะ เคยได้ยินมันบ้างไหม?,,,PENDING_MANUAL_GENERATION,,triangle-strategy
819,MS19R_X44_BATTLE_01_BEFORE_M_GST_0110.wav,MS19R_X44_BATTLE_01_BEFORE_M_GST_0110,151,151,151,152,กุสตาดอล์ฟ,npc,male,gustadolph,assets/triangle-strategy/approved_voice_references/gustadolph.wav,เพราะท่านเลือกสละบัลลังก์ ถวายชีวิตให้เทพธิดายังไงล่ะ!,,,PENDING_MANUAL_GENERATION,,triangle-strategy
820,MS19R_X44_BATTLE_01_BEFORE_M_GST_0120.wav,MS19R_X44_BATTLE_01_BEFORE_M_GST_0120,152,152,152,153,กุสตาดอล์ฟ,npc,male,gustadolph,assets/triangle-strategy/approved_voice_references/gustadolph.wav,แล้วการก้มหัวต่อเทพธิดามันดีกว่ากันตรงไหนงั้นเหรอ?,,,PENDING_MANUAL_GENERATION,,triangle-strategy
821,MS19R_X44_BATTLE_01_BEFORE_M_GST_0130.wav,MS19R_X44_BATTLE_01_BEFORE_M_GST_0130,153,153,153,154,กุสตาดอล์ฟ,npc,male,gustadolph,assets/triangle-strategy/approved_voice_references/gustadolph.wav,จิตวิญญาณของชาวเอสฟรอสต์ถูกหลอมขึ้นด้วยเหล็กกล้า! ถ้าคิดจะทำให้มันหักงอ ก็ลองดูเลย!,,,PENDING_MANUAL_GENERATION,,triangle-strategy
822,MS19R_X44_BATTLE_01_BEFORE_M_MB011T02_0010.wav,MS19R_X44_BATTLE_01_BEFORE_M_MB011T02_0010,154,154,154,155,ชายชาวเมือง / ทหาร / ผู้ติดตาม,generic,male,MALE_ADULT_C,assets/triangle-strategy/approved_voice_references/MALE_ADULT_C.wav,หากอิสรภาพของเราต้องถูกเทพธิดาพรากไป ข้ายอมตายดีกว่า!,,,PENDING_MANUAL_GENERATION,,triangle-strategy
823,MS19R_X44_BATTLE_01_BEFORE_M_MB011T03_0010.wav,MS19R_X44_BATTLE_01_BEFORE_M_MB011T03_0010,155,155,155,156,ชายชาวเมือง / ทหาร / ผู้ติดตาม,generic,male,MALE_YOUNG_A,assets/triangle-strategy/approved_voice_references/MALE_YOUNG_A.wav,อย่ามาดูถูกชาวเอสฟรอสต์นะโว้ย ไอ้สุนัขไฮแซนต์!,,,PENDING_MANUAL_GENERATION,,triangle-strategy
824,MS19R_X44_BATTLE_01_BEFORE_M_RLN_0010.wav,MS19R_X44_BATTLE_01_BEFORE_M_RLN_0010,156,156,156,157,Roland,main,male,roland,assets/triangle-strategy/approved_voice_references/roland.wav,ยอมแพ้เสียเถอะกุสตาดอล์ฟ บัดนี้เราได้ล้อมเมืองไว้แล้ว,,,PENDING_MANUAL_GENERATION,,triangle-strategy
825,MS19R_X44_BATTLE_01_BEFORE_M_RLN_0020.wav,MS19R_X44_BATTLE_01_BEFORE_M_RLN_0020,157,157,157,158,Roland,main,male,roland,assets/triangle-strategy/approved_voice_references/roland.wav,...ไม่ แต่หากเจ้ายอมแพ้ เราจะไว้ชีวิตเจ้า,,,PENDING_MANUAL_GENERATION,,triangle-strategy
826,MS19R_X44_BATTLE_01_BEFORE_M_RLN_0030.wav,MS19R_X44_BATTLE_01_BEFORE_M_RLN_0030,158,158,158,159,Roland,main,male,roland,assets/triangle-strategy/approved_voice_references/roland.wav,เรามาที่นี่เพื่อนำสันติสุขมาสู่นอร์เซเลีย หากเราทำสำเร็จ...ข้าคงไม่จำเป็นต้องแค้นเคืองใครอีก,,,PENDING_MANUAL_GENERATION,,triangle-strategy
827,MS19R_X44_BATTLE_01_BEFORE_M_RLN_0040.wav,MS19R_X44_BATTLE_01_BEFORE_M_RLN_0040,159,159,159,160,Roland,main,male,roland,assets/triangle-strategy/approved_voice_references/roland.wav,ข้าคิดเช่นนั้น,,,PENDING_MANUAL_GENERATION,,triangle-strategy
828,MS19R_X44_BATTLE_01_BEFORE_M_RLN_0050.wav,MS19R_X44_BATTLE_01_BEFORE_M_RLN_0050,160,160,160,161,Roland,main,male,roland,assets/triangle-strategy/approved_voice_references/roland.wav,เส้นทางที่เราเลือกเดินนั้นเต็มไปด้วยเลือด วันนี้เรามาเพื่อยุติมัน,,,PENDING_MANUAL_GENERATION,,triangle-strategy
829,MS19R_X44_BATTLE_01_BEFORE_M_RLN_0060.wav,MS19R_X44_BATTLE_01_BEFORE_M_RLN_0060,161,161,161,162,Roland,main,male,roland,assets/triangle-strategy/approved_voice_references/roland.wav,หุบปาก! ข้ายอมสละบัลลังก์เพื่อประโยชน์สุข ของอาณาจักรและราษฎรต่างหาก!,,,PENDING_MANUAL_GENERATION,,triangle-strategy
830,MS19R_X44_BATTLE_01_BEFORE_M_RLN_0070.wav,MS19R_X44_BATTLE_01_BEFORE_M_RLN_0070,162,162,162,163,Roland,main,male,roland,assets/triangle-strategy/approved_voice_references/roland.wav,กุสตาดอล์ฟ มีเพียงผู้แข็งแกร่งเท่านั้น ที่อยู่รอดภายใต้แนวคิดเสรีภาพของเจ้า,,,PENDING_MANUAL_GENERATION,,triangle-strategy
831,MS19R_X44_BATTLE_01_BEFORE_M_RLN_0080.wav,MS19R_X44_BATTLE_01_BEFORE_M_RLN_0080,163,163,163,164,Roland,main,male,roland,assets/triangle-strategy/approved_voice_references/roland.wav,เส้นแบ่งแยกระหว่างผู้อ่อนแอและแข็งแกร่งนั้น เป็นชนวนแห่งปัญหาได้อย่างดี,,,PENDING_MANUAL_GENERATION,,triangle-strategy
832,MS19R_X44_BATTLE_01_BEFORE_M_RLN_0090.wav,MS19R_X44_BATTLE_01_BEFORE_M_RLN_0090,164,164,164,165,Roland,main,male,roland,assets/triangle-strategy/approved_voice_references/roland.wav,ยกอาวุธขึ้นมา เซเรโนอา!,,,PENDING_MANUAL_GENERATION,,triangle-strategy
833,MS19R_X44_BATTLE_01_BEFORE_M_SEL_0020.wav,MS19R_X44_BATTLE_01_BEFORE_M_SEL_0020,166,166,166,167,Serenoa,main,male,serenoa,assets/triangle-strategy/approved_voice_references/serenoa.wav,ครั้งนี้เราจะสู้สุดชีวิต!,,,PENDING_MANUAL_GENERATION,,triangle-strategy
834,MS19R_X44_BATTLE_01_DRAMA_F_ABR_0010.wav,MS19R_X44_BATTLE_01_DRAMA_F_ABR_0010,167,167,167,168,Avlora,npc,female,avlora,assets/triangle-strategy/approved_voice_references/avlora.wav,ท่านอาจจะคิดไปเอง หรือเป็นเพราะข้ากัดไม่ปล่อย...หรืออาจจะเป็นโชคชะตาก็ได้,,,PENDING_MANUAL_GENERATION,,triangle-strategy
835,MS19R_X44_BATTLE_01_DRAMA_F_ABR_0020.wav,MS19R_X44_BATTLE_01_DRAMA_F_ABR_0020,168,168,168,169,Avlora,npc,female,avlora,assets/triangle-strategy/approved_voice_references/avlora.wav,แต่นี่จะเป็นโอกาสที่ข้าจะได้ทำในสิ่งที่ถูกต้องเสียที!,,,PENDING_MANUAL_GENERATION,,triangle-strategy
836,MS19R_X44_BATTLE_01_DRAMA_F_CRD_0010.wav,MS19R_X44_BATTLE_01_DRAMA_F_CRD_0010,169,169,169,170,Cordelia,npc,female,cordelia,assets/triangle-strategy/approved_voice_references/cordelia.wav,กุสตาดอล์ฟ ข้ามาเพื่อยุติความวุ่นวายนี้...,,,PENDING_MANUAL_GENERATION,,triangle-strategy
837,MS19R_X44_BATTLE_01_DRAMA_F_CRD_0020.wav,MS19R_X44_BATTLE_01_DRAMA_F_CRD_0020,170,170,170,171,Cordelia,npc,female,cordelia,assets/triangle-strategy/approved_voice_references/cordelia.wav,ไม่มี ครั้งนี้ข้าเชื่อว่าตนกำลังเดินบนเส้นทางอันเที่ยงธรรม,,,PENDING_MANUAL_GENERATION,,triangle-strategy
838,MS19R_X44_BATTLE_01_DRAMA_F_CRD_0030.wav,MS19R_X44_BATTLE_01_DRAMA_F_CRD_0030,171,171,171,172,Cordelia,npc,female,cordelia,assets/triangle-strategy/approved_voice_references/cordelia.wav,ข้าพร้อมเดินเคียงข้างตระกูลวูล์ฟฟอร์ต! วันของแกมันจบแล้ว!,,,PENDING_MANUAL_GENERATION,,triangle-strategy
839,MS19R_X44_BATTLE_01_DRAMA_F_GUR_0010.wav,MS19R_X44_BATTLE_01_DRAMA_F_GUR_0010,172,172,172,173,โกรมา,npc,female,groma,assets/triangle-strategy/approved_voice_references/groma.wav,คนแก่คนเฒ่าอย่างพวกเราคิดผิดเสียจริง ที่ปล่อยผ่านความผิดของคนรุ่นหลัง แต่มันถึงเวลาที่เจ้าต้องชดใช้มันแล้วล่ะ,,,PENDING_MANUAL_GENERATION,,triangle-strategy
840,MS19R_X44_BATTLE_01_DRAMA_F_HEW_0010.wav,MS19R_X44_BATTLE_01_DRAMA_F_HEW_0010,173,173,173,174,Hughette,main,female,hughette,assets/triangle-strategy/approved_voice_references/hughette.wav,...กุสตาดอล์ฟ จงชดใช้ในสิ่งที่แกทำกับทหารองครักษ์ในวันนั้นเสียเถิด!,,,PENDING_MANUAL_GENERATION,,triangle-strategy
841,MS19R_X44_BATTLE_01_DRAMA_F_HEW_0020.wav,MS19R_X44_BATTLE_01_DRAMA_F_HEW_0020,174,174,174,175,Hughette,main,female,hughette,assets/triangle-strategy/approved_voice_references/hughette.wav,ไอ้เลว! แค้นนี้ต้องชำระ!,,,PENDING_MANUAL_GENERATION,,triangle-strategy
842,MS19R_X44_BATTLE_01_DRAMA_F_HOS_0010.wav,MS19R_X44_BATTLE_01_DRAMA_F_HOS_0010,175,175,175,176,ฮอสซาบาร่า,npc,female,hossabara,assets/triangle-strategy/approved_voice_references/hossabara.wav,"รู้ตัวบ้างไหมว่า ""เสรีภาพ"" ของเจ้ามันสร้างความทุกข์ร้อนให้ผู้อื่นมากแค่ไหน?",,,PENDING_MANUAL_GENERATION,,triangle-strategy
843,MS19R_X44_BATTLE_01_DRAMA_F_HOS_0020.wav,MS19R_X44_BATTLE_01_DRAMA_F_HOS_0020,176,176,176,177,ฮอสซาบาร่า,npc,female,hossabara,assets/triangle-strategy/approved_voice_references/hossabara.wav,รู้มากงั้นเหรอ? ก็ไม่แปลกใจหรอก...ที่โลกมันไม่น่าอยู่ก็เพราะเจ้ายังไงล่ะ!,,,PENDING_MANUAL_GENERATION,,triangle-strategy
844,MS19R_X44_BATTLE_01_DRAMA_F_YRA_0010.wav,MS19R_X44_BATTLE_01_DRAMA_F_YRA_0010,177,177,177,178,Geela,main,female,geela,assets/triangle-strategy/approved_voice_references/geela.wav,ท่านเห็นทุกคนเป็นเพียงแค่หมากสินะ...,,,PENDING_MANUAL_GENERATION,,triangle-strategy
845,MS19R_X44_BATTLE_01_DRAMA_F_YRA_0020.wav,MS19R_X44_BATTLE_01_DRAMA_F_YRA_0020,178,178,178,179,Geela,main,female,geela,assets/triangle-strategy/approved_voice_references/geela.wav,ท่านไม่รู้หรอกว่าเราผ่านอะไรมาบ้างกว่าจะถึงจุดนี้ได้,,,PENDING_MANUAL_GENERATION,,triangle-strategy
846,MS19R_X44_BATTLE_01_DRAMA_M_EGS_0010.wav,MS19R_X44_BATTLE_01_DRAMA_M_EGS_0010,179,179,179,180,Exharme,npc,male,exharme,assets/triangle-strategy/approved_voice_references/exharme.wav,ข้ายอมรับเลย...หากชายคนนี้เป็นนักการเมืองคงจะสอบผ่านฉลุย แต่พูดปลุกใจอย่างเดียวมันไม่ช่วยให้ชนะศึกครั้งนี้หรอก,,,PENDING_MANUAL_GENERATION,,triangle-strategy
847,MS19R_X44_BATTLE_01_DRAMA_M_EGS_0020.wav,MS19R_X44_BATTLE_01_DRAMA_M_EGS_0020,180,180,180,181,Exharme,npc,male,exharme,assets/triangle-strategy/approved_voice_references/exharme.wav,น่าเสียดายเหลือเกิน... ใกล้จะชนะแล้วเชียว...!,,,PENDING_MANUAL_GENERATION,,triangle-strategy
848,MS19R_X44_BATTLE_01_DRAMA_M_FLA_0010.wav,MS19R_X44_BATTLE_01_DRAMA_M_FLA_0010,181,181,181,182,แฟลนาแกน,npc,male,flanagan,assets/triangle-strategy/approved_voice_references/flanagan.wav,อุดมการณ์แห่งอิสรภาพของท่านนำพามาซึ่งความวุ่นวาย และข้ามีหน้าที่ปกป้องนอร์เซเลียจากความมักใหญ่ใฝ่สูงของท่าน,,,PENDING_MANUAL_GENERATION,,triangle-strategy
849,MS19R_X44_BATTLE_01_DRAMA_M_GST_0010.wav,MS19R_X44_BATTLE_01_DRAMA_M_GST_0010,182,182,182,183,กุสตาดอล์ฟ,npc,male,gustadolph,assets/triangle-strategy/approved_voice_references/gustadolph.wav,ศัตรูของเรามันเป็นเพียงแค่พวกใจเสาะ ที่รอการชี้นำจากเทพธิดาในการใช้ชีวิต,,,PENDING_MANUAL_GENERATION,,triangle-strategy
850,MS19R_X44_BATTLE_01_DRAMA_M_GST_0020.wav,MS19R_X44_BATTLE_01_DRAMA_M_GST_0020,183,183,183,184,กุสตาดอล์ฟ,npc,male,gustadolph,assets/triangle-strategy/approved_voice_references/gustadolph.wav,แต่พวกเรานั้นจิตใจแข็งแกร่งดุจเหล็กกล้า พวกเราสู้ทนมากพอที่จะแบกรับนอร์เซเลียทั้งทวีปไว้ได้,,,PENDING_MANUAL_GENERATION,,triangle-strategy
851,MS19R_X44_BATTLE_01_DRAMA_M_GST_0030.wav,MS19R_X44_BATTLE_01_DRAMA_M_GST_0030,184,184,184,185,กุสตาดอล์ฟ,npc,male,gustadolph,assets/triangle-strategy/approved_voice_references/gustadolph.wav,เมื่อเราลงสนาม เราจะบดขยี้เทพธิดาของพวกมันไว้ใต้บาทา! เพื่อความรุ่งโรจน์แห่งเอสฟรอสต์,,,PENDING_MANUAL_GENERATION,,triangle-strategy
852,MS19R_X44_BATTLE_01_DRAMA_M_GST_0040.wav,MS19R_X44_BATTLE_01_DRAMA_M_GST_0040,185,185,185,186,กุสตาดอล์ฟ,npc,male,gustadolph,assets/triangle-strategy/approved_voice_references/gustadolph.wav,อ้าว ว่าที่น้องเขย... น้องข้าหายไปไหนแล้วล่ะ?,,,PENDING_MANUAL_GENERATION,,triangle-strategy
853,MS19R_X44_BATTLE_01_DRAMA_M_GST_0050.wav,MS19R_X44_BATTLE_01_DRAMA_M_GST_0050,186,186,186,187,กุสตาดอล์ฟ,npc,male,gustadolph,assets/triangle-strategy/approved_voice_references/gustadolph.wav,ถึงจะพูดจาอ้อมค้อมแต่ก็ปิดบังความจริงไม่ได้หรอก นางปฏิเสธที่จะร่วมทางแล้วเจ้าก็ทิ้งนางเลยสินะ ใช่ไหมล่ะ?,,,PENDING_MANUAL_GENERATION,,triangle-strategy
854,MS19R_X44_BATTLE_01_DRAMA_M_GST_0060.wav,MS19R_X44_BATTLE_01_DRAMA_M_GST_0060,187,187,187,188,กุสตาดอล์ฟ,npc,male,gustadolph,assets/triangle-strategy/approved_voice_references/gustadolph.wav,ข้าคิดผิดที่ปล่อยให้เจ้าหลุดมือไปในวันนั้น,,,PENDING_MANUAL_GENERATION,,triangle-strategy
855,MS19R_X44_BATTLE_01_DRAMA_M_GST_0070.wav,MS19R_X44_BATTLE_01_DRAMA_M_GST_0070,188,188,188,189,กุสตาดอล์ฟ,npc,male,gustadolph,assets/triangle-strategy/approved_voice_references/gustadolph.wav,ไม่นึกเลยว่าองค์ชายคนรองจะพัฒนาจากไข่ในหิน...สู่ผู้แข็งแกร่งดุจหินผา,,,PENDING_MANUAL_GENERATION,,triangle-strategy
856,MS19R_X44_BATTLE_01_DRAMA_M_GST_0080.wav,MS19R_X44_BATTLE_01_DRAMA_M_GST_0080,189,189,189,190,กุสตาดอล์ฟ,npc,male,gustadolph,assets/triangle-strategy/approved_voice_references/gustadolph.wav,อ้าว จีล่า...เจ้าเลือกจะอยู่เคียงข้างตระกูลวูล์ฟฟอร์ต แล้วละทิ้งน้องของข้าสินะ,,,PENDING_MANUAL_GENERATION,,triangle-strategy
857,MS19R_X44_BATTLE_01_DRAMA_M_GST_0090.wav,MS19R_X44_BATTLE_01_DRAMA_M_GST_0090,190,190,190,191,กุสตาดอล์ฟ,npc,male,gustadolph,assets/triangle-strategy/approved_voice_references/gustadolph.wav,ไอ้กบฏมาแสดงตัวแล้วสินะ ไม่ละอายใจที่เข้ามาเหยียบแผ่นดินนี้บ้างเหรอ?,,,PENDING_MANUAL_GENERATION,,triangle-strategy
858,MS19R_X44_BATTLE_01_DRAMA_M_GST_0100.wav,MS19R_X44_BATTLE_01_DRAMA_M_GST_0100,191,191,191,192,กุสตาดอล์ฟ,npc,male,gustadolph,assets/triangle-strategy/approved_voice_references/gustadolph.wav,ยังเหลือรอดอยู่คนหนึ่งสินะ แต่เพื่อความสบายใจของเจ้า ข้าไม่ได้ทำให้พวกเขาตายอย่างทรมานก็แล้วกัน,,,PENDING_MANUAL_GENERATION,,triangle-strategy
859,MS19R_X44_BATTLE_01_DRAMA_M_GST_0110.wav,MS19R_X44_BATTLE_01_DRAMA_M_GST_0110,192,192,192,193,กุสตาดอล์ฟ,npc,male,gustadolph,assets/triangle-strategy/approved_voice_references/gustadolph.wav,ราชินีหุ่นเชิดหยิบอาวุธขึ้นสู้แล้วสินะ คราวนี้ใครเป็นคนชักใยเจ้าอีกล่ะ?,,,PENDING_MANUAL_GENERATION,,triangle-strategy
860,MS19R_X44_BATTLE_01_DRAMA_M_GST_0120.wav,MS19R_X44_BATTLE_01_DRAMA_M_GST_0120,193,193,193,194,กุสตาดอล์ฟ,npc,male,gustadolph,assets/triangle-strategy/approved_voice_references/gustadolph.wav,อย่าทำเป็นรู้มาก ข้าจะไปช่วยคนปวกเปียกไร้ประโยชน์ทำไม?,,,PENDING_MANUAL_GENERATION,,triangle-strategy
861,MS19R_X44_BATTLE_01_DRAMA_M_GST_0130.wav,MS19R_X44_BATTLE_01_DRAMA_M_GST_0130,194,194,194,195,กุสตาดอล์ฟ,npc,male,gustadolph,assets/triangle-strategy/approved_voice_references/gustadolph.wav,ไสหัวไปเถอะโกรมา สมรภูมินี้มันมีไว้สำหรับคนรุ่นใหม่ต่างหาก,,,PENDING_MANUAL_GENERATION,,triangle-strategy
862,MS19R_X44_BATTLE_01_DRAMA_M_GST_0140.wav,MS19R_X44_BATTLE_01_DRAMA_M_GST_0140,195,195,195,196,กุสตาดอล์ฟ,npc,male,gustadolph,assets/triangle-strategy/approved_voice_references/gustadolph.wav,...ยังไม่ตายสินะ ข้าจะขอย้ำเตือนหน่อยแล้วกัน ว่าใครจะเป็นผู้ชนะในศึกครั้งสุดท้ายนี้,,,PENDING_MANUAL_GENERATION,,triangle-strategy
863,MS19R_X44_BATTLE_01_DRAMA_M_GST_0150.wav,MS19R_X44_BATTLE_01_DRAMA_M_GST_0150,196,196,196,197,กุสตาดอล์ฟ,npc,male,gustadolph,assets/triangle-strategy/approved_voice_references/gustadolph.wav,อัฟโลร่า...! ได้ยังไงกัน? นึกว่าเจ้าตายไปแล้วเสียอีก!,,,PENDING_MANUAL_GENERATION,,triangle-strategy
864,MS19R_X44_BATTLE_01_DRAMA_M_GST_0160.wav,MS19R_X44_BATTLE_01_DRAMA_M_GST_0160,197,197,197,198,กุสตาดอล์ฟ,npc,male,gustadolph,assets/triangle-strategy/approved_voice_references/gustadolph.wav,ประชาชนของข้า ได้เวลาต่อสู้เพื่ออิสรภาพของพวกเจ้าแล้ว! ทำให้หุ่นเชิดไร้สมองพวกนี้ได้เห็น ว่าจิตใจของเราแข็งแกร่งดุจเหล็กกล้า!,,,PENDING_MANUAL_GENERATION,,triangle-strategy
865,MS19R_X44_BATTLE_01_DRAMA_M_GST_0170.wav,MS19R_X44_BATTLE_01_DRAMA_M_GST_0170,198,198,198,199,กุสตาดอล์ฟ,npc,male,gustadolph,assets/triangle-strategy/approved_voice_references/gustadolph.wav,ความพยายามของเจ้า ไม่มีวันทิ่มแทงจิตใจอันแข็งแกร่งของข้าได้หรอก!,,,PENDING_MANUAL_GENERATION,,triangle-strategy
866,MS19R_X44_BATTLE_01_DRAMA_M_GST_0180.wav,MS19R_X44_BATTLE_01_DRAMA_M_GST_0180,199,199,199,200,กุสตาดอล์ฟ,npc,male,gustadolph,assets/triangle-strategy/approved_voice_references/gustadolph.wav,ศัตรูที่พวกเจ้าเกลียดชังกำลังยืนอยู่ต่อหน้านี้แล้ว และอีกไม่นานพวกเจ้าก็จะถูกเขาบดขยี้เช่นกัน!,,,PENDING_MANUAL_GENERATION,,triangle-strategy
867,MS19R_X44_BATTLE_01_DRAMA_M_GST_0185.wav,MS19R_X44_BATTLE_01_DRAMA_M_GST_0185,200,200,200,201,กุสตาดอล์ฟ,npc,male,gustadolph,assets/triangle-strategy/approved_voice_references/gustadolph.wav,กองทัพของข้าไม่มีวันพ่ายแพ้ให้พวกกระจอกเช่นนี้หรอก!,,,PENDING_MANUAL_GENERATION,,triangle-strategy
868,MS19R_X44_BATTLE_01_DRAMA_M_GST_0190.wav,MS19R_X44_BATTLE_01_DRAMA_M_GST_0190,201,201,201,202,กุสตาดอล์ฟ,npc,male,gustadolph,assets/triangle-strategy/approved_voice_references/gustadolph.wav,ข้า...แพ้แล้ว... จบสิ้น...ความรุ่งโรจน์ของเอสฟรอสต์...,,,PENDING_MANUAL_GENERATION,,triangle-strategy
869,MS19R_X44_BATTLE_01_DRAMA_M_MAX_0010.wav,MS19R_X44_BATTLE_01_DRAMA_M_MAX_0010,202,202,202,203,Maxwell,npc,male,maxwell,assets/triangle-strategy/approved_voice_references/maxwell.wav,เจ้าทำให้ศิษย์ของข้าต้องหลงผิดบนเส้นทางอันแสนวินาศ เจ้าต้องชดใช้อย่างสาสม,,,PENDING_MANUAL_GENERATION,,triangle-strategy
870,MS19R_X44_BATTLE_01_DRAMA_M_MAX_0020.wav,MS19R_X44_BATTLE_01_DRAMA_M_MAX_0020,203,203,203,204,Maxwell,npc,male,maxwell,assets/triangle-strategy/approved_voice_references/maxwell.wav,ก็ลองดูสิ ไม่มีใครพิชิตหอกอรุณได้เป็นครั้งที่สองหรอก!,,,PENDING_MANUAL_GENERATION,,triangle-strategy
871,MS19R_X44_BATTLE_01_DRAMA_M_MS19X44B01M01_0010.wav,MS19R_X44_BATTLE_01_DRAMA_M_MS19X44B01M01_0010,204,204,204,205,ชายชาวเมือง / ทหาร / ผู้ติดตาม,generic,male,MALE_ADULT_C,assets/triangle-strategy/approved_voice_references/MALE_ADULT_C.wav,ย้ากกกกก!,,,PENDING_MANUAL_GENERATION,,triangle-strategy
872,MS19R_X44_BATTLE_01_DRAMA_M_RLN_0010.wav,MS19R_X44_BATTLE_01_DRAMA_M_RLN_0010,205,205,205,206,Roland,main,male,roland,assets/triangle-strategy/approved_voice_references/roland.wav,ท่านพ่อ ท่านพี่... ข้าสาบานว่าจะนำสันติสุขมาสู่ดินแดนนี้,,,PENDING_MANUAL_GENERATION,,triangle-strategy
873,MS19R_X44_BATTLE_01_DRAMA_M_RLN_0020.wav,MS19R_X44_BATTLE_01_DRAMA_M_RLN_0020,206,206,206,207,Roland,main,male,roland,assets/triangle-strategy/approved_voice_references/roland.wav,อาณาจักรของเราจะพบสันติสุขได้หากไม่มีเจ้า และข้าจะไม่ลดละความพยายามจนกว่าฝันจะเป็นจริง,,,PENDING_MANUAL_GENERATION,,triangle-strategy
874,MS19R_X44_BATTLE_01_DRAMA_M_RLN_0030.wav,MS19R_X44_BATTLE_01_DRAMA_M_RLN_0030,207,207,207,208,Roland,main,male,roland,assets/triangle-strategy/approved_voice_references/roland.wav,ข้าไม่ได้มาที่นี่ในฐานะกษัตริย์ แต่เป็นผู้ที่อยากยุติสงคราม และนำพาความสงบสุขมาสู่โลก ข้าไม่ยอมแพ้ที่นี่หรอก!,,,PENDING_MANUAL_GENERATION,,triangle-strategy
875,MS19R_X44_BATTLE_01_DRAMA_M_RLN_0040.wav,MS19R_X44_BATTLE_01_DRAMA_M_RLN_0040,208,208,208,209,Roland,main,male,roland,assets/triangle-strategy/approved_voice_references/roland.wav,อ้าก... เกือบแล้วเชียว...!,,,PENDING_MANUAL_GENERATION,,triangle-strategy
876,MS19R_X44_BATTLE_01_DRAMA_M_SEL_0010.wav,MS19R_X44_BATTLE_01_DRAMA_M_SEL_0010,209,209,209,210,Serenoa,main,male,serenoa,assets/triangle-strategy/approved_voice_references/serenoa.wav,พวกเรารู้ดี อย่าดูถูกหรือประมาทแก่ผู้ที่จนมุม,,,PENDING_MANUAL_GENERATION,,triangle-strategy
877,MS19R_X44_BATTLE_01_DRAMA_M_SEL_0020.wav,MS19R_X44_BATTLE_01_DRAMA_M_SEL_0020,210,210,210,211,Serenoa,main,male,serenoa,assets/triangle-strategy/approved_voice_references/serenoa.wav,เราจะทำลายวัฏจักรสงครามที่นี่ ณ บัดนี้! เตรียมใจไว้เสียเถอะ กุสตาดอล์ฟ!,,,PENDING_MANUAL_GENERATION,,triangle-strategy
878,MS19R_X44_BATTLE_01_DRAMA_M_SEL_0030.wav,MS19R_X44_BATTLE_01_DRAMA_M_SEL_0030,211,211,211,212,Serenoa,main,male,serenoa,assets/triangle-strategy/approved_voice_references/serenoa.wav,นางไปทำตามฝันของตน เช่นเดียวกันกับข้า,,,PENDING_MANUAL_GENERATION,,triangle-strategy
879,MS19R_X44_BATTLE_01_DRAMA_M_SEL_0040.wav,MS19R_X44_BATTLE_01_DRAMA_M_SEL_0040,212,212,212,213,Serenoa,main,male,serenoa,assets/triangle-strategy/approved_voice_references/serenoa.wav,เงียบไปเลยกุสตาดอล์ฟ! อย่าพูดในสิ่งที่ตัวเองไม่เข้าใจเลย!,,,PENDING_MANUAL_GENERATION,,triangle-strategy
880,MS19R_X44_BATTLE_02_AFTER_M_BND_0010.wav,MS19R_X44_BATTLE_02_AFTER_M_BND_0010,213,213,213,214,Benedict,main,male,benedict,assets/triangle-strategy/approved_voice_references/benedict.wav,นายท่าน...เราชนะศึกครั้งนี้แล้วขอรับ เราดูแลความเสียหายและชาวเมืองกันก่อนดีกว่า,,,PENDING_MANUAL_GENERATION,,triangle-strategy
881,MS19R_X44_BATTLE_02_AFTER_M_RLN_0010.wav,MS19R_X44_BATTLE_02_AFTER_M_RLN_0010,214,214,214,215,Roland,main,male,roland,assets/triangle-strategy/approved_voice_references/roland.wav,...สวาร็อค แผลของท่านฉกรรจ์มากเลย ฝืนไปมีแต่จะทำให้ตายนะขอรับ,,,PENDING_MANUAL_GENERATION,,triangle-strategy
882,MS19R_X44_BATTLE_02_AFTER_M_RLN_0020.wav,MS19R_X44_BATTLE_02_AFTER_M_RLN_0020,215,215,215,216,Roland,main,male,roland,assets/triangle-strategy/approved_voice_references/roland.wav,ทำไมท่านต้องทำถึงขนาดนี้?,,,PENDING_MANUAL_GENERATION,,triangle-strategy
883,MS19R_X44_BATTLE_02_AFTER_M_RLN_0030.wav,MS19R_X44_BATTLE_02_AFTER_M_RLN_0030,216,216,216,217,Roland,main,male,roland,assets/triangle-strategy/approved_voice_references/roland.wav,เขาคือชายผู้ทะเยอทะยาน เขาคงไม่อยากเห็นความพินาศเช่นนี้,,,PENDING_MANUAL_GENERATION,,triangle-strategy
884,MS19R_X44_BATTLE_02_AFTER_M_RLN_0040.wav,MS19R_X44_BATTLE_02_AFTER_M_RLN_0040,217,217,217,218,Roland,main,male,roland,assets/triangle-strategy/approved_voice_references/roland.wav,สิ่งที่สวาร็อคทำมันให้อภัยไม่ได้ แต่ว่า...,,,PENDING_MANUAL_GENERATION,,triangle-strategy
885,MS19R_X44_BATTLE_02_AFTER_M_RLN_0050.wav,MS19R_X44_BATTLE_02_AFTER_M_RLN_0050,218,218,218,219,Roland,main,male,roland,assets/triangle-strategy/approved_voice_references/roland.wav,เอาเข้าจริง ข้ารู้สึกอิจฉาลอร์ดดราแกนจังเลย,,,PENDING_MANUAL_GENERATION,,triangle-strategy
886,MS19R_X44_BATTLE_02_AFTER_M_RLN_0060.wav,MS19R_X44_BATTLE_02_AFTER_M_RLN_0060,219,219,219,220,Roland,main,male,roland,assets/triangle-strategy/approved_voice_references/roland.wav,...สวาร็อค หากท่านพบลอร์ดดราแกนแล้ว ฝากบอกเขาด้วยนะ,,,PENDING_MANUAL_GENERATION,,triangle-strategy
887,MS19R_X44_BATTLE_02_AFTER_M_RLN_0070.wav,MS19R_X44_BATTLE_02_AFTER_M_RLN_0070,220,220,220,221,Roland,main,male,roland,assets/triangle-strategy/approved_voice_references/roland.wav,บอกเขาว่า...ตอนนี้คริสตัลเกลือได้รับการดูแลอย่างดี เราได้สานต่อเจตนารมณ์ของเขาเรียบร้อยแล้ว,,,PENDING_MANUAL_GENERATION,,triangle-strategy
888,MS19R_X44_BATTLE_02_AFTER_M_SEL_0010.wav,MS19R_X44_BATTLE_02_AFTER_M_SEL_0010,221,221,221,222,Serenoa,main,male,serenoa,assets/triangle-strategy/approved_voice_references/serenoa.wav,อนาคตอยู่ในมือของคนหนุ่มสาวอย่างเรานะขอรับ,,,PENDING_MANUAL_GENERATION,,triangle-strategy
889,MS19R_X44_BATTLE_02_AFTER_M_SEL_0020.wav,MS19R_X44_BATTLE_02_AFTER_M_SEL_0020,222,222,222,223,Serenoa,main,male,serenoa,assets/triangle-strategy/approved_voice_references/serenoa.wav,มันเป็นของลอร์ดดราแกน และเขาก็เป็นเด็กหนุ่มรุ่นใหม่,,,PENDING_MANUAL_GENERATION,,triangle-strategy
890,MS19R_X44_BATTLE_02_AFTER_M_SEL_0030.wav,MS19R_X44_BATTLE_02_AFTER_M_SEL_0030,223,223,223,224,Serenoa,main,male,serenoa,assets/triangle-strategy/approved_voice_references/serenoa.wav,เขาไม่ได้วาดฝันให้เพียงเอสฟรอสต์ แต่เป็นนอร์เซเลียด้วยเช่นกัน,,,PENDING_MANUAL_GENERATION,,triangle-strategy
891,MS19R_X44_BATTLE_02_AFTER_M_SEL_0040.wav,MS19R_X44_BATTLE_02_AFTER_M_SEL_0040,224,224,224,225,Serenoa,main,male,serenoa,assets/triangle-strategy/approved_voice_references/serenoa.wav,ความรักของพ่อมันยิ่งใหญ่เช่นนี้สินะ...,,,PENDING_MANUAL_GENERATION,,triangle-strategy
892,MS19R_X44_BATTLE_02_AFTER_M_SEL_0050.wav,MS19R_X44_BATTLE_02_AFTER_M_SEL_0050,225,225,225,226,Serenoa,main,male,serenoa,assets/triangle-strategy/approved_voice_references/serenoa.wav,...เหมือนกัน,,,PENDING_MANUAL_GENERATION,,triangle-strategy
893,MS19R_X44_BATTLE_02_AFTER_M_SEL_0060.wav,MS19R_X44_BATTLE_02_AFTER_M_SEL_0060,226,226,226,227,Serenoa,main,male,serenoa,assets/triangle-strategy/approved_voice_references/serenoa.wav,ได้เลย แยกกันไปนะ จะได้ครอบคลุมพื้นที่...,,,PENDING_MANUAL_GENERATION,,triangle-strategy
894,MS19R_X44_BATTLE_02_AFTER_M_SVR_0010.wav,MS19R_X44_BATTLE_02_AFTER_M_SVR_0010,227,227,227,228,สวาร็อค,npc,male,svarog,assets/triangle-strategy/approved_voice_references/svarog.wav,ข้ายังไม่ถูกกำราบหรอก... ใจข้านั้นยังคงสู้ต่อ...,,,PENDING_MANUAL_GENERATION,,triangle-strategy
895,MS19R_X44_BATTLE_02_AFTER_M_SVR_0020.wav,MS19R_X44_BATTLE_02_AFTER_M_SVR_0020,228,228,228,229,สวาร็อค,npc,male,svarog,assets/triangle-strategy/approved_voice_references/svarog.wav,ดราแกนลูกข้า โปรดมอบพลังให้ข้าด้วย...!,,,PENDING_MANUAL_GENERATION,,triangle-strategy
896,MS19R_X44_BATTLE_02_AFTER_M_SVR_0030.wav,MS19R_X44_BATTLE_02_AFTER_M_SVR_0030,229,229,229,230,สวาร็อค,npc,male,svarog,assets/triangle-strategy/approved_voice_references/svarog.wav,ถ้อยคำนั้น...!,,,PENDING_MANUAL_GENERATION,,triangle-strategy
897,MS19R_X44_BATTLE_02_AFTER_M_SVR_0040.wav,MS19R_X44_BATTLE_02_AFTER_M_SVR_0040,230,230,230,231,สวาร็อค,npc,male,svarog,assets/triangle-strategy/approved_voice_references/svarog.wav,ข้ารู้ดีว่าดราแกนเป็นคนยังไง... เขาเป็นลูกคนเดียวของข้านี่นะ...,,,PENDING_MANUAL_GENERATION,,triangle-strategy
898,MS19R_X44_BATTLE_02_AFTER_M_SVR_0050.wav,MS19R_X44_BATTLE_02_AFTER_M_SVR_0050,231,231,231,232,สวาร็อค,npc,male,svarog,assets/triangle-strategy/approved_voice_references/svarog.wav,เขาเป็นเด็กที่หลักแหลม... เป็นความสุขและความภูมิใจของข้า... แต่สุดท้ายข้ากลับช่วยอะไรเขาไม่ได้เลย...,,,PENDING_MANUAL_GENERATION,,triangle-strategy
899,MS19R_X44_BATTLE_02_AFTER_M_SVR_0060.wav,MS19R_X44_BATTLE_02_AFTER_M_SVR_0060,232,232,232,233,สวาร็อค,npc,male,svarog,assets/triangle-strategy/approved_voice_references/svarog.wav,กุสตาดอล์ฟก็ตายไปแล้ว... ข้าชำระแค้นไม่ได้...,,,PENDING_MANUAL_GENERATION,,triangle-strategy
900,MS19R_X44_BATTLE_02_AFTER_M_SVR_0070.wav,MS19R_X44_BATTLE_02_AFTER_M_SVR_0070,233,233,233,234,สวาร็อค,npc,male,svarog,assets/triangle-strategy/approved_voice_references/svarog.wav,*ร้องไห้* พ่อขอโทษนะลูก... ดราแกนที่รักของพ่อ...!,,,PENDING_MANUAL_GENERATION,,triangle-strategy
901,MS19R_X44_BATTLE_02_AFTER_M_SVR_0080.wav,MS19R_X44_BATTLE_02_AFTER_M_SVR_0080,234,234,234,235,สวาร็อค,npc,male,svarog,assets/triangle-strategy/approved_voice_references/svarog.wav,โปรดอภัย... ให้พ่อด้วย...,,,PENDING_MANUAL_GENERATION,,triangle-strategy
902,MS19R_X44_BATTLE_02_BEFORE_M_RLN_0010.wav,MS19R_X44_BATTLE_02_BEFORE_M_RLN_0010,235,235,235,236,Roland,main,male,roland,assets/triangle-strategy/approved_voice_references/roland.wav,นี่ท่านจะเผาบ้านเผาเมืองตัวเองเนี่ยนะ!? ท่านเสียสติไปแล้วหรือไง สวาร็อค!?,,,PENDING_MANUAL_GENERATION,,triangle-strategy
903,MS19R_X44_BATTLE_02_BEFORE_M_RLN_0020.wav,MS19R_X44_BATTLE_02_BEFORE_M_RLN_0020,236,236,236,237,Roland,main,male,roland,assets/triangle-strategy/approved_voice_references/roland.wav,สวาร็อค...,,,PENDING_MANUAL_GENERATION,,triangle-strategy
904,MS19R_X44_BATTLE_02_BEFORE_M_RLN_0030.wav,MS19R_X44_BATTLE_02_BEFORE_M_RLN_0030,237,237,237,238,Roland,main,male,roland,assets/triangle-strategy/approved_voice_references/roland.wav,ท่านสิ้นหวังจนเป็นบ้าไปแล้ว สวาร็อค!,,,PENDING_MANUAL_GENERATION,,triangle-strategy
905,MS19R_X44_BATTLE_02_BEFORE_M_SEL_0010.wav,MS19R_X44_BATTLE_02_BEFORE_M_SEL_0010,238,238,238,239,Serenoa,main,male,serenoa,assets/triangle-strategy/approved_voice_references/serenoa.wav,ลอร์ดสวาร็อค! เกิดอะไรขึ้นขอรับ!?,,,PENDING_MANUAL_GENERATION,,triangle-strategy
906,MS19R_X44_BATTLE_02_BEFORE_M_SEL_0020.wav,MS19R_X44_BATTLE_02_BEFORE_M_SEL_0020,239,239,239,240,Serenoa,main,male,serenoa,assets/triangle-strategy/approved_voice_references/serenoa.wav,ทะ-ทำไมกัน?,,,PENDING_MANUAL_GENERATION,,triangle-strategy
907,MS19R_X44_BATTLE_02_BEFORE_M_SEL_0030.wav,MS19R_X44_BATTLE_02_BEFORE_M_SEL_0030,240,240,240,241,Serenoa,main,male,serenoa,assets/triangle-strategy/approved_voice_references/serenoa.wav,ท่านเข้าใจผิดแล้ว เราทำไปก็เพื่อปูทางให้ยุคใหม่-,,,PENDING_MANUAL_GENERATION,,triangle-strategy
908,MS19R_X44_BATTLE_02_BEFORE_M_SEL_0040.wav,MS19R_X44_BATTLE_02_BEFORE_M_SEL_0040,241,241,241,242,Serenoa,main,male,serenoa,assets/triangle-strategy/approved_voice_references/serenoa.wav,ข้าไม่ยอมให้ใครต้องมาเจ็บปวดทุกข์ร้อนอีกแล้ว ข้าจะโค่นท่านลงทีนี่เดี๋ยวนี้!,,,PENDING_MANUAL_GENERATION,,triangle-strategy
909,MS19R_X44_BATTLE_02_BEFORE_M_SVR_0020.wav,MS19R_X44_BATTLE_02_BEFORE_M_SVR_0020,243,243,243,244,สวาร็อค,npc,male,svarog,assets/triangle-strategy/approved_voice_references/svarog.wav,ข้าใช้ปืนใหญ่ทำลายเตาหลอมเหล็กไปแล้ว,,,PENDING_MANUAL_GENERATION,,triangle-strategy
910,MS19R_X44_BATTLE_02_BEFORE_M_SVR_0030.wav,MS19R_X44_BATTLE_02_BEFORE_M_SVR_0030,244,244,244,245,สวาร็อค,npc,male,svarog,assets/triangle-strategy/approved_voice_references/svarog.wav,คำตอบก็อยู่ตรงหน้าเจ้าแล้วไง ข้าทำเพื่อมอบจุดจบแก่เอสฟรอสต์!,,,PENDING_MANUAL_GENERATION,,triangle-strategy
911,MS19R_X44_BATTLE_02_BEFORE_M_SVR_0040.wav,MS19R_X44_BATTLE_02_BEFORE_M_SVR_0040,245,245,245,246,สวาร็อค,npc,male,svarog,assets/triangle-strategy/approved_voice_references/svarog.wav,ไม่มีจุดจบใดที่เหมาะสมไปกว่าการฝังกลบอาณาจักรมหาอำนาจของตน ไว้ใต้หิมะและเหล็กหลอมแล้วล่ะ!,,,PENDING_MANUAL_GENERATION,,triangle-strategy
912,MS19R_X44_BATTLE_02_BEFORE_M_SVR_0050.wav,MS19R_X44_BATTLE_02_BEFORE_M_SVR_0050,246,246,246,247,สวาร็อค,npc,male,svarog,assets/triangle-strategy/approved_voice_references/svarog.wav,ไม่ใกล้เคียงเลย,,,PENDING_MANUAL_GENERATION,,triangle-strategy
913,MS19R_X44_BATTLE_02_BEFORE_M_SVR_0060.wav,MS19R_X44_BATTLE_02_BEFORE_M_SVR_0060,247,247,247,248,สวาร็อค,npc,male,svarog,assets/triangle-strategy/approved_voice_references/svarog.wav,คนที่กล้าขายชาติให้เทพธิดาจอมปลอม นั่นเรียกเสียสติยิ่งกว่าข้าเสียอีก,,,PENDING_MANUAL_GENERATION,,triangle-strategy
914,MS19R_X44_BATTLE_02_BEFORE_M_SVR_0070.wav,MS19R_X44_BATTLE_02_BEFORE_M_SVR_0070,248,248,248,249,สวาร็อค,npc,male,svarog,assets/triangle-strategy/approved_voice_references/svarog.wav,เลิกพูดจาไร้สาระเสียที!,,,PENDING_MANUAL_GENERATION,,triangle-strategy
915,MS19R_X44_BATTLE_02_BEFORE_M_SVR_0080.wav,MS19R_X44_BATTLE_02_BEFORE_M_SVR_0080,249,249,249,250,สวาร็อค,npc,male,svarog,assets/triangle-strategy/approved_voice_references/svarog.wav,ข้าไม่สนเหตุผลของเจ้าหรอก! ทุกคนที่มีความฝันเขาตายกันหมดแล้ว,,,PENDING_MANUAL_GENERATION,,triangle-strategy
916,MS19R_X44_BATTLE_02_BEFORE_M_SVR_0090.wav,MS19R_X44_BATTLE_02_BEFORE_M_SVR_0090,250,250,250,251,สวาร็อค,npc,male,svarog,assets/triangle-strategy/approved_voice_references/svarog.wav,ทั้งดราแกน กุสตาดอล์ฟ ธาลาส เอริก้า...,,,PENDING_MANUAL_GENERATION,,triangle-strategy
917,MS19R_X44_BATTLE_02_BEFORE_M_SVR_0100.wav,MS19R_X44_BATTLE_02_BEFORE_M_SVR_0100,251,251,251,252,สวาร็อค,npc,male,svarog,assets/triangle-strategy/approved_voice_references/svarog.wav,...มีข้าเพียงคนเดียวที่เหลือรอด และข้าไม่มีแรงจะไปสานฝันเด็กพวกนั้นหรอก...,,,PENDING_MANUAL_GENERATION,,triangle-strategy
918,MS19R_X44_BATTLE_02_BEFORE_M_SVR_0110.wav,MS19R_X44_BATTLE_02_BEFORE_M_SVR_0110,252,252,252,253,สวาร็อค,npc,male,svarog,assets/triangle-strategy/approved_voice_references/svarog.wav,แต่ข้าจะทำสุดความสามารถ เพื่อผู้ที่จากไปโดยมีเรื่องค้างคา,,,PENDING_MANUAL_GENERATION,,triangle-strategy
919,MS19R_X44_BATTLE_02_BEFORE_M_SVR_0120.wav,MS19R_X44_BATTLE_02_BEFORE_M_SVR_0120,253,253,253,254,สวาร็อค,npc,male,svarog,assets/triangle-strategy/approved_voice_references/svarog.wav,ข้าจะปิดฉากเอสฟรอสต์ ลบเลือนหายจากประวัติศาสตร์!,,,PENDING_MANUAL_GENERATION,,triangle-strategy
920,MS19R_X44_BATTLE_02_BEFORE_M_SVR_0130.wav,MS19R_X44_BATTLE_02_BEFORE_M_SVR_0130,254,254,254,255,สวาร็อค,npc,male,svarog,assets/triangle-strategy/approved_voice_references/svarog.wav,เมืองนี้จะจมอยู่ใต้เหล็กหลอมและพังพินาศ! เจ้าจะไม่ได้อะไรจากข้าเลย!,,,PENDING_MANUAL_GENERATION,,triangle-strategy
921,MS19R_X44_BATTLE_02_BEFORE_M_SVR_0140.wav,MS19R_X44_BATTLE_02_BEFORE_M_SVR_0140,255,255,255,256,สวาร็อค,npc,male,svarog,assets/triangle-strategy/approved_voice_references/svarog.wav,นอร์เซเลียจะได้รู้ ว่าชาวเอสฟรอสต์นั้นแข็งแกร่งและไม่โค้งให้ใคร!,,,PENDING_MANUAL_GENERATION,,triangle-strategy
922,MS19R_X44_BATTLE_02_BEFORE_M_SVR_0150.wav,MS19R_X44_BATTLE_02_BEFORE_M_SVR_0150,256,256,256,257,สวาร็อค,npc,male,svarog,assets/triangle-strategy/approved_voice_references/svarog.wav,ไม่! ข้าไม่ยอมให้ความสิ้นหวังหรือเทพธิดาจอมปลอมของเจ้า มาครอบงำข้าหรอก!,,,PENDING_MANUAL_GENERATION,,triangle-strategy
923,MS19R_X44_BATTLE_02_BEFORE_M_SVR_0160.wav,MS19R_X44_BATTLE_02_BEFORE_M_SVR_0160,257,257,257,258,สวาร็อค,npc,male,svarog,assets/triangle-strategy/approved_voice_references/svarog.wav,ปืนใหญ่กำลังเล็งมาที่เมืองแล้วนะ! พวกเจ้าถอยห่างไปสักหน่อยก็ดี!,,,PENDING_MANUAL_GENERATION,,triangle-strategy
924,MS19R_X44_BATTLE_02_BEFORE_M_SVR_0170.wav,MS19R_X44_BATTLE_02_BEFORE_M_SVR_0170,258,258,258,259,สวาร็อค,npc,male,svarog,assets/triangle-strategy/approved_voice_references/svarog.wav,...ถ้าอยากจุ้นจ้านนัก ก็ตายไปพร้อมกับพวกเขาเลย!,,,PENDING_MANUAL_GENERATION,,triangle-strategy
925,MS19R_X44_BATTLE_02_DRAMA_F_GIB_0010.wav,MS19R_X44_BATTLE_02_DRAMA_F_GIB_0010,259,259,259,260,จีโอวานน่า,npc,female,giovanna,assets/triangle-strategy/approved_voice_references/giovanna.wav,ตอนนี้หนังสือกลายเป็นเถ้าถ่านไปหมดแล้ว... แบบนี้อภัยให้ไม่ได้นะเจ้าคะ ลอร์ดสวาร็อค!,,,PENDING_MANUAL_GENERATION,,triangle-strategy
926,MS19R_X44_BATTLE_02_DRAMA_F_GUR_0010.wav,MS19R_X44_BATTLE_02_DRAMA_F_GUR_0010,260,260,260,261,โกรมา,npc,female,groma,assets/triangle-strategy/approved_voice_references/groma.wav,สวาร็อค เจ้างั่ง! คนยิ่งใหญ่อย่างเจ้าหลงผิดเช่นนี้ได้ยังไง?,,,PENDING_MANUAL_GENERATION,,triangle-strategy
927,MS19R_X44_BATTLE_02_DRAMA_F_PIC_0010.wav,MS19R_X44_BATTLE_02_DRAMA_F_PIC_0010,261,261,261,262,พิคโคเล็ตต้า,npc,female,piccoletta,assets/triangle-strategy/approved_voice_references/piccoletta.wav,หากท่านยังทำเช่นนี้ ทุกคนคงเศร้าเสียใจเป็นแน่!,,,PENDING_MANUAL_GENERATION,,triangle-strategy
928,MS19R_X44_BATTLE_02_DRAMA_F_YRA_0010.wav,MS19R_X44_BATTLE_02_DRAMA_F_YRA_0010,262,262,262,263,Geela,main,female,geela,assets/triangle-strategy/approved_voice_references/geela.wav,จำเป็นต้องทำถึงขั้นนี้ด้วยเหรอ ลอร์ดสวาร็อค? ท่านเคยมีความทรงจำดีๆ กับลูกชายที่นี่นะเจ้าคะ...,,,PENDING_MANUAL_GENERATION,,triangle-strategy
929,MS19R_X44_BATTLE_02_DRAMA_F_YRA_0020.wav,MS19R_X44_BATTLE_02_DRAMA_F_YRA_0020,263,263,263,264,Geela,main,female,geela,assets/triangle-strategy/approved_voice_references/geela.wav,จะดีกว่านี้หากท่านเอาความมุ่งมั่นไปใช้กับเรื่องอื่นนะ...,,,PENDING_MANUAL_GENERATION,,triangle-strategy
930,MS19R_X44_BATTLE_02_DRAMA_M_BND_0010.wav,MS19R_X44_BATTLE_02_DRAMA_M_BND_0010,264,264,264,265,Benedict,main,male,benedict,assets/triangle-strategy/approved_voice_references/benedict.wav,ขอชื่นชมในศักดิ์ศรีของท่านจริงๆ แต่ท่านปล่อยให้มันครอบงำเสียได้...,,,PENDING_MANUAL_GENERATION,,triangle-strategy
931,MS19R_X44_BATTLE_02_DRAMA_M_BND_0020.wav,MS19R_X44_BATTLE_02_DRAMA_M_BND_0020,265,265,265,266,Benedict,main,male,benedict,assets/triangle-strategy/approved_voice_references/benedict.wav,ลอร์ดสวาร็อค ข้าสงสารท่านนะ มันไม่ควรลงเอยเช่นนี้เลย,,,PENDING_MANUAL_GENERATION,,triangle-strategy
932,MS19R_X44_BATTLE_02_DRAMA_M_ELA_0010.wav,MS19R_X44_BATTLE_02_DRAMA_M_ELA_0010,266,266,266,267,Erador,main,male,erador,assets/triangle-strategy/approved_voice_references/erador.wav,จำเป็นต้องทำเช่นนี้จริงๆเหรอ สวาร็อค?,,,PENDING_MANUAL_GENERATION,,triangle-strategy
933,MS19R_X44_BATTLE_02_DRAMA_M_ELA_0020.wav,MS19R_X44_BATTLE_02_DRAMA_M_ELA_0020,267,267,267,268,Erador,main,male,erador,assets/triangle-strategy/approved_voice_references/erador.wav,น่าเสียดายจริง หวังว่าเราคงได้พบกันใหม่อีกครั้งนะ,,,PENDING_MANUAL_GENERATION,,triangle-strategy
934,MS19R_X44_BATTLE_02_DRAMA_M_RDL_0010.wav,MS19R_X44_BATTLE_02_DRAMA_M_RDL_0010,268,268,268,269,รูดอล์ฟ,npc,male,rudolph,assets/triangle-strategy/approved_voice_references/rudolph.wav,เอาจนได้นะสวาร็อค เผาบ้านเมืองพินาศไปหมดแล้ว!,,,PENDING_MANUAL_GENERATION,,triangle-strategy
935,MS19R_X44_BATTLE_02_DRAMA_M_RLN_0010.wav,MS19R_X44_BATTLE_02_DRAMA_M_RLN_0010,269,269,269,270,Roland,main,male,roland,assets/triangle-strategy/approved_voice_references/roland.wav,ไม่จริง... ข้าพลาดแล้ว...,,,PENDING_MANUAL_GENERATION,,triangle-strategy
936,MS19R_X44_BATTLE_02_DRAMA_M_SEL_0010.wav,MS19R_X44_BATTLE_02_DRAMA_M_SEL_0010,270,270,270,271,Serenoa,main,male,serenoa,assets/triangle-strategy/approved_voice_references/serenoa.wav,ลอร์ดสวาร็อค...พวกเราร่วมมือกันก็ได้ไม่ใช่เหรอ?,,,PENDING_MANUAL_GENERATION,,triangle-strategy
937,MS19R_X44_BATTLE_02_DRAMA_M_SEL_0020.wav,MS19R_X44_BATTLE_02_DRAMA_M_SEL_0020,271,271,271,272,Serenoa,main,male,serenoa,assets/triangle-strategy/approved_voice_references/serenoa.wav,หากลอร์ดดราแกนยังมีชีวิตอยู่แล้วเขาจะคิดยังไง? ท่านจะพังชีวิตตัวเองแบบนี้ทำไมขอรับ?,,,PENDING_MANUAL_GENERATION,,triangle-strategy
938,MS19R_X44_BATTLE_02_DRAMA_M_SEL_0030.wav,MS19R_X44_BATTLE_02_DRAMA_M_SEL_0030,272,272,272,273,Serenoa,main,male,serenoa,assets/triangle-strategy/approved_voice_references/serenoa.wav,ท่านช่วยเข้าใจด้วยว่ามันเป็นจุดเริ่มต้น ไม่ใช่จุดจบนะขอรับ,,,PENDING_MANUAL_GENERATION,,triangle-strategy
939,MS19R_X44_BATTLE_02_DRAMA_M_SEL_0040.wav,MS19R_X44_BATTLE_02_DRAMA_M_SEL_0040,273,273,273,274,Serenoa,main,male,serenoa,assets/triangle-strategy/approved_voice_references/serenoa.wav,เราฝ่าฟันมาตั้งใกล้... อย่าเพิ่งมาล้มตอนนี้สิ...,,,PENDING_MANUAL_GENERATION,,triangle-strategy
940,MS19R_X44_BATTLE_02_DRAMA_M_SVR_0010.wav,MS19R_X44_BATTLE_02_DRAMA_M_SVR_0010,274,274,274,275,สวาร็อค,npc,male,svarog,assets/triangle-strategy/approved_voice_references/svarog.wav,ท่านคงไม่เข้าใจหรอก รัฐมนตรีเซเรโนอา... มีสิ่งหนึ่งที่ข้ารักเทิดทูนอย่างยิ่ง,,,PENDING_MANUAL_GENERATION,,triangle-strategy
941,MS19R_X44_BATTLE_02_DRAMA_M_SVR_0020.wav,MS19R_X44_BATTLE_02_DRAMA_M_SVR_0020,275,275,275,276,สวาร็อค,npc,male,svarog,assets/triangle-strategy/approved_voice_references/svarog.wav,มันคือศักดิ์ศรีของเอสฟรอสต์ที่ข้าต้องปกป้อง! ข้าจะจมมันลงไปพร้อมกับเหล็กหลอมนี่!,,,PENDING_MANUAL_GENERATION,,triangle-strategy
942,MS19R_X44_BATTLE_02_DRAMA_M_SVR_0030.wav,MS19R_X44_BATTLE_02_DRAMA_M_SVR_0030,276,276,276,277,สวาร็อค,npc,male,svarog,assets/triangle-strategy/approved_voice_references/svarog.wav,ผิดแล้ว ชีวิตของข้ามันควรลงเอยไปพร้อมกับบ้านเมือง,,,PENDING_MANUAL_GENERATION,,triangle-strategy
943,MS19R_X44_BATTLE_02_DRAMA_M_SVR_0040.wav,MS19R_X44_BATTLE_02_DRAMA_M_SVR_0040,277,277,277,278,สวาร็อค,npc,male,svarog,assets/triangle-strategy/approved_voice_references/svarog.wav,และข้าต้องจบมันด้วยศักดิ์ศรี,,,PENDING_MANUAL_GENERATION,,triangle-strategy
944,MS19R_X44_BATTLE_02_DRAMA_M_SVR_0050.wav,MS19R_X44_BATTLE_02_DRAMA_M_SVR_0050,278,278,278,279,สวาร็อค,npc,male,svarog,assets/triangle-strategy/approved_voice_references/svarog.wav,ข้าถึงไม่อยากให้เทพธิดามาแพร่งพรายความเท็จ ให้มันแปดเปื้อนยังไงล่ะ,,,PENDING_MANUAL_GENERATION,,triangle-strategy
945,MS19R_X44_BATTLE_02_DRAMA_M_SVR_0060.wav,MS19R_X44_BATTLE_02_DRAMA_M_SVR_0060,279,279,279,280,สวาร็อค,npc,male,svarog,assets/triangle-strategy/approved_voice_references/svarog.wav,ข้ายอมจบตรงนี้ ดีกว่าถูกพรากทุกสิ่งไป,,,PENDING_MANUAL_GENERATION,,triangle-strategy
946,MS19R_X44_BATTLE_02_DRAMA_M_SVR_0070.wav,MS19R_X44_BATTLE_02_DRAMA_M_SVR_0070,280,280,280,281,สวาร็อค,npc,male,svarog,assets/triangle-strategy/approved_voice_references/svarog.wav,เมื่อเจ้าเติบโตแล้วจะเข้าใจเอง จงใช้ชีวิตอย่างภาคภูมิเสียเถิดเจ้าหนู,,,PENDING_MANUAL_GENERATION,,triangle-strategy
947,MS19R_X44_BATTLE_02_DRAMA_M_SVR_0080.wav,MS19R_X44_BATTLE_02_DRAMA_M_SVR_0080,281,281,281,282,สวาร็อค,npc,male,svarog,assets/triangle-strategy/approved_voice_references/svarog.wav,ประวัติศาสตร์ของเราจะถูกลบหายไปจากตำนานเทพธิดา... นี่คือจุดจบแห่งภูมิปัญญาเหล็กกล้า,,,PENDING_MANUAL_GENERATION,,triangle-strategy
948,MS19R_X44_BATTLE_02_DRAMA_M_SVR_0090.wav,MS19R_X44_BATTLE_02_DRAMA_M_SVR_0090,282,282,282,283,สวาร็อค,npc,male,svarog,assets/triangle-strategy/approved_voice_references/svarog.wav,โกรมา นี่คงเป็นครั้งสุดท้ายที่ข้าจะได้สัมผัสรสหมัดเหล็กของเจ้า เรามาตายไปกับเอสฟรอสต์ด้วยกันเถอะ,,,PENDING_MANUAL_GENERATION,,triangle-strategy
949,MS19R_X44_BATTLE_02_DRAMA_M_SVR_0100.wav,MS19R_X44_BATTLE_02_DRAMA_M_SVR_0100,283,283,283,284,สวาร็อค,npc,male,svarog,assets/triangle-strategy/approved_voice_references/svarog.wav,ข้าจะไม่ทิ้งเศษซากเอสฟรอสต์ไว้...รวมถึงความรู้ของเจ้าด้วย...,,,PENDING_MANUAL_GENERATION,,triangle-strategy
950,MS19R_X44_BATTLE_02_DRAMA_M_SVR_0110.wav,MS19R_X44_BATTLE_02_DRAMA_M_SVR_0110,284,284,284,285,สวาร็อค,npc,male,svarog,assets/triangle-strategy/approved_voice_references/svarog.wav,เอสฟรอสต์เป็นชาติแห่งเสรีภาพและความแข็งแกร่ง พวกเรามีสิทธิด้วยจิตใจอันแข็งแกร่งดุจเหล็กกล้า!,,,PENDING_MANUAL_GENERATION,,triangle-strategy
951,MS19R_X44_BATTLE_02_DRAMA_M_SVR_0120.wav,MS19R_X44_BATTLE_02_DRAMA_M_SVR_0120,285,285,285,286,สวาร็อค,npc,male,svarog,assets/triangle-strategy/approved_voice_references/svarog.wav,รัฐมนตรีเซเรโนอา ข้าอิจฉาพ่อของท่านนะ... อุตส่าห์มีลูกชายมาสานต่อเจตนารมณ์ของเขา...,,,PENDING_MANUAL_GENERATION,,triangle-strategy
952,MS19R_X44_BATTLE_02_DRAMA_M_SVR_0130.wav,MS19R_X44_BATTLE_02_DRAMA_M_SVR_0130,286,286,286,287,สวาร็อค,npc,male,svarog,assets/triangle-strategy/approved_voice_references/svarog.wav,การปกครองของเทพธิดาคือการหยามเกียรติเอสฟรอสต์ และทำให้เส้นทางที่เราเลือกเดินแปดเปื้อน...,,,PENDING_MANUAL_GENERATION,,triangle-strategy
953,MS19R_X44_BATTLE_02_DRAMA_M_SVR_0140.wav,MS19R_X44_BATTLE_02_DRAMA_M_SVR_0140,287,287,287,288,สวาร็อค,npc,male,svarog,assets/triangle-strategy/approved_voice_references/svarog.wav,ข้ายอมทำลายเอสฟรอสต์ด้วยมือของตน ดีกว่าต้องทนอยู่กับคำลวงของนาง!,,,PENDING_MANUAL_GENERATION,,triangle-strategy
954,MS19R_X44_BATTLE_02_DRAMA_M_SVR_0150.wav,MS19R_X44_BATTLE_02_DRAMA_M_SVR_0150,288,288,288,289,สวาร็อค,npc,male,svarog,assets/triangle-strategy/approved_voice_references/svarog.wav,ไม่ว่าจะเป็นดาบหรือไฟก็ปราบข้าไม่ได้ หากท่านยังไม่ถูกสังหารเสียก่อน!,,,PENDING_MANUAL_GENERATION,,triangle-strategy
955,MS19R_X44_BATTLE_02_DRAMA_M_SVR_0160.wav,MS19R_X44_BATTLE_02_DRAMA_M_SVR_0160,289,289,289,290,สวาร็อค,npc,male,svarog,assets/triangle-strategy/approved_voice_references/svarog.wav,วันนี้ ท่านจะล่มสลายไปพร้อมกับเอสฟรอสต์!,,,PENDING_MANUAL_GENERATION,,triangle-strategy
956,MS19R_X44_BATTLE_02_DRAMA_M_SVR_0170.wav,MS19R_X44_BATTLE_02_DRAMA_M_SVR_0170,290,290,290,291,สวาร็อค,npc,male,svarog,assets/triangle-strategy/approved_voice_references/svarog.wav,โอย... จะจบที่นี่ไม่ได้นะ... ไม่ว่ายังไงข้าก็ต้องชนะ!,,,PENDING_MANUAL_GENERATION,,triangle-strategy
957,MS19R_X44_BATTLE_02_DRAMA_M_SVR_0180.wav,MS19R_X44_BATTLE_02_DRAMA_M_SVR_0180,291,291,291,292,สวาร็อค,npc,male,svarog,assets/triangle-strategy/approved_voice_references/svarog.wav,โอย... มันยังไม่จบ..,,,PENDING_MANUAL_GENERATION,,triangle-strategy
958,MS19R_X44_BATTLE_02_DRAMA_M_SVR_0190.wav,MS19R_X44_BATTLE_02_DRAMA_M_SVR_0190,292,292,292,293,สวาร็อค,npc,male,svarog,assets/triangle-strategy/approved_voice_references/svarog.wav,เจ้าเอาชนะข้าไม่ได้หรอก!,,,PENDING_MANUAL_GENERATION,,triangle-strategy
959,MS19R_X44_BATTLE_02_DRAMA_M_YEN_0010.wav,MS19R_X44_BATTLE_02_DRAMA_M_YEN_0010,293,293,293,294,เอียนส์,npc,male,jens,assets/triangle-strategy/approved_voice_references/jens.wav,ข้าเป็นช่างเหล็กผู้ชื่นชมในทักษะของเอสฟรอสต์ แต่พอเห็นเช่นนี้แล้ว...,,,PENDING_MANUAL_GENERATION,,triangle-strategy
960,MS19R_X44_C0_0010_F_LYL_0010.wav,MS19R_X44_C0_0010_F_LYL_0010,294,294,294,295,Lyla,npc,female,lyla,assets/triangle-strategy/approved_voice_references/lyla.wav,ใช่แล้วล่ะ ราวกับพวกท่านเกิดมาเพื่อเป็นผู้ศักดิ์สิทธิ์เลยเจ้าค่ะ,,,PENDING_MANUAL_GENERATION,,triangle-strategy
961,MS19R_X44_C0_0010_M_EGS_0010.wav,MS19R_X44_C0_0010_M_EGS_0010,295,295,295,296,Exharme,npc,male,exharme,assets/triangle-strategy/approved_voice_references/exharme.wav,ชุดคลุมนี้ช่างเหมาะกับพวกท่านทั้งสองเหลือเกิน,,,PENDING_MANUAL_GENERATION,,triangle-strategy
962,MS19R_X44_C0_0010_M_IDO_0010.wav,MS19R_X44_C0_0010_M_IDO_0010,296,296,296,297,อีดอร์,npc,male,idore,assets/triangle-strategy/approved_voice_references/idore.wav,ทางเรากำลังคอยท่านอยู่,,,PENDING_MANUAL_GENERATION,,triangle-strategy
963,MS19R_X44_C0_0010_M_IDO_0020.wav,MS19R_X44_C0_0010_M_IDO_0020,297,297,297,298,อีดอร์,npc,male,idore,assets/triangle-strategy/approved_voice_references/idore.wav,ท่านเสียสละในการต่อสู้มากมายเพื่อหลอมรวมนอร์เซเลียเป็นหนึ่งเดียวกัน พระองค์จึงปรารถนาจะมอบหมายตำแหน่งและหน้าที่เหมาะสม กับวีรกรรมอันยิ่งใหญ่ของท่าน,,,PENDING_MANUAL_GENERATION,,triangle-strategy
964,MS19R_X44_C0_0010_M_IDO_0030.wav,MS19R_X44_C0_0010_M_IDO_0030,298,298,298,299,อีดอร์,npc,male,idore,assets/triangle-strategy/approved_voice_references/idore.wav,เซเรโนอา วูล์ฟฟอร์ต ท่านจะเป็นที่ปรึกษาแห่งเกลนบรู๊ค,,,PENDING_MANUAL_GENERATION,,triangle-strategy
965,MS19R_X44_C0_0010_M_IDO_0040.wav,MS19R_X44_C0_0010_M_IDO_0040,299,299,299,300,อีดอร์,npc,male,idore,assets/triangle-strategy/approved_voice_references/idore.wav,และท่าน โรแลนด์เกลนบรู๊ค...,,,PENDING_MANUAL_GENERATION,,triangle-strategy
966,MS19R_X44_C0_0010_M_IDO_0050.wav,MS19R_X44_C0_0010_M_IDO_0050,300,300,300,301,อีดอร์,npc,male,idore,assets/triangle-strategy/approved_voice_references/idore.wav,ท่านจะได้เป็นรัฐมนตรีว่าการกระทรวงเกลือ คอยสอดส่องดูแลทั้งเหมืองและนาเกลือขอรับ,,,PENDING_MANUAL_GENERATION,,triangle-strategy
967,MS19R_X44_C0_0010_M_IDO_0060.wav,MS19R_X44_C0_0010_M_IDO_0060,301,301,301,302,อีดอร์,npc,male,idore,assets/triangle-strategy/approved_voice_references/idore.wav,อาณาจักรมหาอำนาจทั้งสามของเราจะกลายเป็นหนึ่งเดียวกัน ยุคแห่งความกลมเกลียวซึ่งถูกปกครองภายใต้เทพธิดา,,,PENDING_MANUAL_GENERATION,,triangle-strategy
968,MS19R_X44_C0_0010_M_IDO_0070.wav,MS19R_X44_C0_0010_M_IDO_0070,302,302,302,303,อีดอร์,npc,male,idore,assets/triangle-strategy/approved_voice_references/idore.wav,หน้าที่ของเราในฐานะเจ็ดผู้ศักดิ์สิทธิ์ คือการชี้นำและแสดงให้พวกเขาเห็นถึงความศรัทธาอันแรงกล้าที่เรามีต่อหัวหน้านักบวช เทพธิดา และหลักคำสอน,,,PENDING_MANUAL_GENERATION,,triangle-strategy
969,MS19R_X44_C0_0010_M_RLN_0010.wav,MS19R_X44_C0_0010_M_RLN_0010,303,303,303,304,Roland,main,male,roland,assets/triangle-strategy/approved_voice_references/roland.wav,โรแลนด์ เกลนบรู๊ค เข้ารายงานเช่นกันขอรับ,,,PENDING_MANUAL_GENERATION,,triangle-strategy
970,MS19R_X44_C0_0010_M_RLN_0020.wav,MS19R_X44_C0_0010_M_RLN_0020,304,304,304,305,Roland,main,male,roland,assets/triangle-strategy/approved_voice_references/roland.wav,เป็นเกียรติของข้ายิ่งนัก,,,PENDING_MANUAL_GENERATION,,triangle-strategy
971,MS19R_X44_C0_0010_M_RLN_0030.wav,MS19R_X44_C0_0010_M_RLN_0030,305,305,305,306,Roland,main,male,roland,assets/triangle-strategy/approved_voice_references/roland.wav,ขอเทพธิดาทรงอยู่เคียงข้างเรา,,,PENDING_MANUAL_GENERATION,,triangle-strategy
972,MS19R_X44_C0_0010_M_SEL_0010.wav,MS19R_X44_C0_0010_M_SEL_0010,306,306,306,307,Serenoa,main,male,serenoa,assets/triangle-strategy/approved_voice_references/serenoa.wav,เซเรโนอา วูล์ฟฟอร์ต รายงานขอรับ,,,PENDING_MANUAL_GENERATION,,triangle-strategy
973,MS19R_X44_C0_0010_M_SEL_0020.wav,MS19R_X44_C0_0010_M_SEL_0020,307,307,307,308,Serenoa,main,male,serenoa,assets/triangle-strategy/approved_voice_references/serenoa.wav,รับทราบขอรับ,,,PENDING_MANUAL_GENERATION,,triangle-strategy
974,MS19R_X44_C0_0010_M_SEL_0030.wav,MS19R_X44_C0_0010_M_SEL_0030,308,308,308,309,Serenoa,main,male,serenoa,assets/triangle-strategy/approved_voice_references/serenoa.wav,แน่นอนขอรับ เพื่อยุคใหม่แห่งนอร์เซเลีย,,,PENDING_MANUAL_GENERATION,,triangle-strategy
975,MS19R_X44_WD_0010_N_NNN_0010.wav,MS19R_X44_WD_0010_N_NNN_0010,309,309,309,310,Narrator,narrator,female,narrator,assets/triangle-strategy/approved_voice_references/narrator.wav,บัดนี้ประตูแฝดได้ล่มสลาย เมื่อประตูขวางราชรัฐถูกเปิดออก... เซเรโนอาจึงดำเนินแผนบุกโจมตีต่อไป,,,PENDING_MANUAL_GENERATION,,triangle-strategy
976,MS19R_X44_WD_0010_N_NNN_0020.wav,MS19R_X44_WD_0010_N_NNN_0020,310,310,310,311,Narrator,narrator,female,narrator,assets/triangle-strategy/approved_voice_references/narrator.wav,มีชาวเอสฟรอสต์จำนวนไม่น้อยที่ต่อต้านการปกครองของไฮแซนต์ พวกเขาเลือกที่จะสู้เพื่ออิสรภาพแม้ต้องตัวตาย,,,PENDING_MANUAL_GENERATION,,triangle-strategy
977,MS19R_X44_WD_0010_N_NNN_0030.wav,MS19R_X44_WD_0010_N_NNN_0030,311,311,311,312,Narrator,narrator,female,narrator,assets/triangle-strategy/approved_voice_references/narrator.wav,"ในขณะที่ศึกครั้งสุดท้ายกำลังใกล้เข้ามา กุสตาดอล์ฟได้พูดปลุกใจผู้คน
ให้ลุกขึ้นสู้และปกป้องบ้านเมืองของตน",,,PENDING_MANUAL_GENERATION,,triangle-strategy
978,MS19R_X44_WD_0020_N_NNN_0010.wav,MS19R_X44_WD_0020_N_NNN_0010,312,312,312,313,Narrator,narrator,female,narrator,assets/triangle-strategy/approved_voice_references/narrator.wav,และแล้วนอร์เซเลียจึงถูกหลอมรวมภายใต้การปกครองของรัฐศักดิ์สิทธิ์ไฮแซนต์ อีกไม่ช้าคำสอนเทพธิดาจะแพร่กระจายไปทั่วดินแดน,,,PENDING_MANUAL_GENERATION,,triangle-strategy
979,MS19R_X44_WD_0020_N_NNN_0020.wav,MS19R_X44_WD_0020_N_NNN_0020,313,313,313,314,Narrator,narrator,female,narrator,assets/triangle-strategy/approved_voice_references/narrator.wav,ผู้ใดที่กล้าต่อต้านขัดขืน จะถูกจับไปเป็นนักโทษและถูกบังคับให้ตรากตรำในนาเกลือหรือเหมืองแร่ ด้วยกันกับชาวโรเซลล์ผู้ทุกข์ทนมาอย่างยาวนาน,,,PENDING_MANUAL_GENERATION,,triangle-strategy
980,MS19R_X44_WD_0020_N_NNN_0030.wav,MS19R_X44_WD_0020_N_NNN_0030,314,314,314,315,Narrator,narrator,female,narrator,assets/triangle-strategy/approved_voice_references/narrator.wav,ผู้ที่ศรัทธาในตัวเทพธิดาจะได้รับเกลือและสันติสุขอย่างล้นหลาม โดยแลกกับอิสรภาพและความเชื่อมั่นของพวกเขา ผู้ที่เจริญรอยตามเส้นทางของนาง จะพบกับความสุขที่ไม่เคยสัมผัสมาก่อน,,,PENDING_MANUAL_GENERATION,,triangle-strategy
981,MS19R_X44_WD_0020_N_NNN_0040.wav,MS19R_X44_WD_0020_N_NNN_0040,315,315,315,316,Narrator,narrator,female,narrator,assets/triangle-strategy/approved_voice_references/narrator.wav,"พวกเขาสวดอธิษฐานขอให้นางคุ้มครองและเลี้ยงดูไม่ให้อดอยากในแต่ละวัน และแล้วพวกเขาก็พบกับความสงบสุข...ซึ่งมาจาก ""พรแห่งเทพธิดา""",,,PENDING_MANUAL_GENERATION,,triangle-strategy
982,MS19R_X44_WD_0030_N_NNN_0010.wav,MS19R_X44_WD_0030_N_NNN_0010,316,316,316,317,Narrator,narrator,female,narrator,assets/triangle-strategy/approved_voice_references/narrator.wav,ไม่นานนักหลังจากการเสียชีวิตของกุสตาดอล์ฟ มีเสียงกึกก้องราวกับฟ้าร้องดังสนั่นขึ้นมา เตาหลอมราชรัฐถูกทำลาย...เหล็กร้อนได้กระเซ็นทำลายบริเวณโดยรอบ...,,,PENDING_MANUAL_GENERATION,,triangle-strategy
983,MS19R_X44_WD_0030_N_NNN_0020.wav,MS19R_X44_WD_0030_N_NNN_0020,317,317,317,318,Narrator,narrator,female,narrator,assets/triangle-strategy/approved_voice_references/narrator.wav,"และแล้ว อาณาจักรเอสฟรอสต์อันเกรียงไกรจึงถูกกลืนกิน
ด้วยเหล็กหลอมและเพลิงอันรุ่งโรจน์ไปตลอดกาล...",,,PENDING_MANUAL_GENERATION,,triangle-strategy
984,MS19S_X46_A1_0010_F_M399_0010.wav,MS19S_X46_A1_0010_F_M399_0010,0,0,0,1,หญิงชาวเมือง / ทหาร / ผู้ติดตาม,generic,female,FEMALE_ADULT_B,assets/triangle-strategy/approved_voice_references/FEMALE_ADULT_B.wav,ทำยังไงดีขอรับนายท่าน? เตรียมตัวหนีกันไหม?,,,PENDING_MANUAL_GENERATION,,triangle-strategy
985,MS19S_X46_A1_0010_F_M399_0020.wav,MS19S_X46_A1_0010_F_M399_0020,1,1,1,2,หญิงชาวเมือง / ทหาร / ผู้ติดตาม,generic,female,FEMALE_ADULT_B,assets/triangle-strategy/approved_voice_references/FEMALE_ADULT_B.wav,พวกข้าจะดูแลหมู่บ้านแทนเจ้าเอง รับรองว่าปลอดภัยหายห่วง!,,,PENDING_MANUAL_GENERATION,,triangle-strategy
986,MS19S_X46_A1_0010_M_ELD_0010.wav,MS19S_X46_A1_0010_M_ELD_0010,2,2,2,3,ชายสูงวัย / NPC,generic,male,MALE_OLD_A,assets/triangle-strategy/approved_voice_references/MALE_OLD_A.wav,หญิงคนนี้กล้าหาญยิ่งนัก! ลูกไม้หล่นไม่ไกลต้นจริงๆเลยนะ...,,,PENDING_MANUAL_GENERATION,,triangle-strategy
987,MS19S_X46_A1_0010_M_ELD_0020.wav,MS19S_X46_A1_0010_M_ELD_0020,3,3,3,4,ชายสูงวัย / NPC,generic,male,MALE_OLD_A,assets/triangle-strategy/approved_voice_references/MALE_OLD_A.wav,หากจดหมายนี้ตกไปอยู่ในมือคนชั่ว รับรองว่าเป็นเรื่องแน่นอน... นางยอมเสี่ยงเพื่อเตือนพวกเรา,,,PENDING_MANUAL_GENERATION,,triangle-strategy
988,MS19S_X46_A1_0010_M_ELD_0030.wav,MS19S_X46_A1_0010_M_ELD_0030,4,4,4,5,ชายสูงวัย / NPC,generic,male,MALE_OLD_A,assets/triangle-strategy/approved_voice_references/MALE_OLD_A.wav,เจ้าจะพบเจอกับกองทัพไฮแซนต์มหึมา...คิดว่าพร้อมเผชิญหน้าแล้วใช่ไหม?,,,PENDING_MANUAL_GENERATION,,triangle-strategy
989,MS19S_X46_A1_0010_M_ELD_0040.wav,MS19S_X46_A1_0010_M_ELD_0040,5,5,5,6,ชายสูงวัย / NPC,generic,male,MALE_OLD_A,assets/triangle-strategy/approved_voice_references/MALE_OLD_A.wav,ถึงข้าจะแก่แต่ก็ยังเก๋านะโว้ย! ได้เวลาทดแทนบุญคุณวูล์ฟฟอร์ตแล้ว!,,,PENDING_MANUAL_GENERATION,,triangle-strategy
990,MS19S_X46_A1_0010_M_JRM_0010.wav,MS19S_X46_A1_0010_M_JRM_0010,6,6,6,7,เจอร์รอม,npc,male,jerrom,assets/triangle-strategy/approved_voice_references/jerrom.wav,ฟังให้ดีนะทุกคน มีจดหมายจากท่านหญิงเฟรเดอริก้ามาส่ง,,,PENDING_MANUAL_GENERATION,,triangle-strategy
991,MS19S_X46_A1_0010_M_JRM_0020.wav,MS19S_X46_A1_0010_M_JRM_0020,7,7,7,8,เจอร์รอม,npc,male,jerrom,assets/triangle-strategy/approved_voice_references/jerrom.wav,บัดนี้วูล์ฟฟอร์ตได้ทำตามสัญญา และดำเนินแผนการเพื่ออนาคตนอร์เซเลียเรียบร้อยแล้ว,,,PENDING_MANUAL_GENERATION,,triangle-strategy
992,MS19S_X46_A1_0010_M_JRM_0030.wav,MS19S_X46_A1_0010_M_JRM_0030,8,8,8,9,เจอร์รอม,npc,male,jerrom,assets/triangle-strategy/approved_voice_references/jerrom.wav,ขณะนี้ท่านหญิงเฟรเดอริก้ากำลังมุ่งหน้าสู่นาเกลือ นางตั้งใจจะมอบอิสรภาพแก่พี่น้องของนางที่ถูกขังไว้,,,PENDING_MANUAL_GENERATION,,triangle-strategy
993,MS19S_X46_A1_0010_M_JRM_0040.wav,MS19S_X46_A1_0010_M_JRM_0040,9,9,9,10,เจอร์รอม,npc,male,jerrom,assets/triangle-strategy/approved_voice_references/jerrom.wav,มีรายละเอียดแผนการในจดหมายของนาง แม้เส้นทางข้างหน้าจะอันตราย...แต่ก็ใช่ว่าจะเป็นไปไม่ได้,,,PENDING_MANUAL_GENERATION,,triangle-strategy
994,MS19S_X46_A1_0010_M_JRM_0050.wav,MS19S_X46_A1_0010_M_JRM_0050,10,10,10,11,เจอร์รอม,npc,male,jerrom,assets/triangle-strategy/approved_voice_references/jerrom.wav,นางขอให้เราหนีไปเพื่อความอยู่รอด เพราะมันอาจบันดาลโทสะแก่ไฮแซนต์,,,PENDING_MANUAL_GENERATION,,triangle-strategy
995,MS19S_X46_A1_0010_M_JRM_0060.wav,MS19S_X46_A1_0010_M_JRM_0060,11,11,11,12,เจอร์รอม,npc,male,jerrom,assets/triangle-strategy/approved_voice_references/jerrom.wav,แม้ในตอนนี้ นางยังคิดถึงพวกเราด้วยซ้ำ,,,PENDING_MANUAL_GENERATION,,triangle-strategy
996,MS19S_X46_A1_0010_M_JRM_0070.wav,MS19S_X46_A1_0010_M_JRM_0070,12,12,12,13,เจอร์รอม,npc,male,jerrom,assets/triangle-strategy/approved_voice_references/jerrom.wav,เอาเลย แต่ข้าไม่ได้ขอให้พวกเจ้าทุกคนหลบหนี,,,PENDING_MANUAL_GENERATION,,triangle-strategy
997,MS19S_X46_A1_0010_M_JRM_0080.wav,MS19S_X46_A1_0010_M_JRM_0080,13,13,13,14,เจอร์รอม,npc,male,jerrom,assets/triangle-strategy/approved_voice_references/jerrom.wav,ท่านหญิงเฟรเดอริก้ายอมเสี่ยงชีวิตเพื่อพวกเราทุกคน ข้าไม่ยอมให้นางต้องลำบากคนเดียวหรอก...,,,PENDING_MANUAL_GENERATION,,triangle-strategy
998,MS19S_X46_A1_0010_M_JRM_0090.wav,MS19S_X46_A1_0010_M_JRM_0090,14,14,14,15,เจอร์รอม,npc,male,jerrom,assets/triangle-strategy/approved_voice_references/jerrom.wav,ข้าจะไปหานาง! ไม่ว่านางจะพบเจออันตรายใดๆ เราจะสู้ไปด้วยกัน!,,,PENDING_MANUAL_GENERATION,,triangle-strategy
999,MS19S_X46_A1_0010_M_JRM_0100.wav,MS19S_X46_A1_0010_M_JRM_0100,15,15,15,16,เจอร์รอม,npc,male,jerrom,assets/triangle-strategy/approved_voice_references/jerrom.wav,ขอรับ ข้าพร้อมต้อนรับทุกคนที่มีอุดมการณ์เดียวกับข้า ส่วนผู้ที่ไม่ได้มาร่วมสู้ก็ฝากดูแลคนอื่นๆด้วย,,,PENDING_MANUAL_GENERATION,,triangle-strategy
1000,MS19S_X46_A1_0010_M_JRM_0110.wav,MS19S_X46_A1_0010_M_JRM_0110,16,16,16,17,เจอร์รอม,npc,male,jerrom,assets/triangle-strategy/approved_voice_references/jerrom.wav,หากพวกเราไม่กลับมา พวกเจ้าก็ช่วยมีชีวิตต่อไปด้วยนะ,,,PENDING_MANUAL_GENERATION,,triangle-strategy
1001,MS19S_X46_A1_0010_M_JRM_0120.wav,MS19S_X46_A1_0010_M_JRM_0120,17,17,17,18,เจอร์รอม,npc,male,jerrom,assets/triangle-strategy/approved_voice_references/jerrom.wav,ขอบคุณนะสหายข้า,,,PENDING_MANUAL_GENERATION,,triangle-strategy
1002,MS19S_X46_A1_0010_M_JRM_0130.wav,MS19S_X46_A1_0010_M_JRM_0130,18,18,18,19,เจอร์รอม,npc,male,jerrom,assets/triangle-strategy/approved_voice_references/jerrom.wav,ผู้ที่จะร่วมสู้...หยิบอาวุธและเคลื่อนพลเสียเถิด! เราจะมุ่งหน้าไปไฮแซนต์ ณ บัดนี้!,,,PENDING_MANUAL_GENERATION,,triangle-strategy
1003,MS19S_X46_A1_0010_M_M400_0010.wav,MS19S_X46_A1_0010_M_M400_0010,19,19,19,20,ชายชาวเมือง / ทหาร / ผู้ติดตาม,generic,male,MALE_ADULT_A,assets/triangle-strategy/approved_voice_references/MALE_ADULT_A.wav,ข้าเอาด้วยขอรับ! นอร์เซเลียจะรับรู้ถึงความกล้าหาญของชาวโรเซลล์!,,,PENDING_MANUAL_GENERATION,,triangle-strategy
1004,MS19S_X46_A1_0010_M_M401_0010.wav,MS19S_X46_A1_0010_M_M401_0010,20,20,20,21,ชายชาวเมือง / ทหาร / ผู้ติดตาม,generic,male,MALE_ADULT_B,assets/triangle-strategy/approved_voice_references/MALE_ADULT_B.wav,อย่าทำผลงานคนเดียวสิเจอร์รอม! แบ่งให้คนอื่นด้วย!,,,PENDING_MANUAL_GENERATION,,triangle-strategy
1005,MS19S_X46_A1_0010_N_M413_0010.wav,MS19S_X46_A1_0010_N_M413_0010,21,21,21,22,ชายชาวเมือง / ทหาร / ผู้ติดตาม,generic,male,MALE_ADULT_A,assets/triangle-strategy/approved_voice_references/MALE_ADULT_A.wav,ขอรับ!,,,PENDING_MANUAL_GENERATION,,triangle-strategy
1006,MS19S_X46_BATTLE_01_AFTER_F_FRE_0010.wav,MS19S_X46_BATTLE_01_AFTER_F_FRE_0010,22,22,22,23,Frederica,main,female,frederica,assets/triangle-strategy/approved_voice_references/frederica.wav,จะชดใช้บาปกันทำไม! พวกท่านไม่มีบาปให้ชดใช้อยู่แล้ว! มันก็แค่ถ้อยคำหลอกลวงเช่นเดียวกับคำสอนเทพธิดาทั้งสิ้น!,,,PENDING_MANUAL_GENERATION,,triangle-strategy
1007,MS19S_X46_BATTLE_01_AFTER_F_FRE_0020.wav,MS19S_X46_BATTLE_01_AFTER_F_FRE_0020,23,23,23,24,Frederica,main,female,frederica,assets/triangle-strategy/approved_voice_references/frederica.wav,ข้าได้อ่านตำนานที่แม่ข้าจดลงสมุดบันทึกแล้ว ชาวโรเซลล์ไม่เคยยึดครองเกลือเป็นของตัวเองเลย,,,PENDING_MANUAL_GENERATION,,triangle-strategy
1008,MS19S_X46_BATTLE_01_AFTER_F_FRE_0030.wav,MS19S_X46_BATTLE_01_AFTER_F_FRE_0030,24,24,24,25,Frederica,main,female,frederica,assets/triangle-strategy/approved_voice_references/frederica.wav,พวกเขาต้องการแบ่งปันคริสตัลเกลือแก่ทุกคน เพื่อประโยชน์ส่วนรวม,,,PENDING_MANUAL_GENERATION,,triangle-strategy
1009,MS19S_X46_BATTLE_01_AFTER_F_FRE_0040.wav,MS19S_X46_BATTLE_01_AFTER_F_FRE_0040,25,25,25,26,Frederica,main,female,frederica,assets/triangle-strategy/approved_voice_references/frederica.wav,ไฮแซนต์ต่างหากที่คิดจะซ่อนคริสตัลเกลือจากทุกคน! พวกมันเนี่ยแหละคือคนบาปกระหายอำนาจ!,,,PENDING_MANUAL_GENERATION,,triangle-strategy
1010,MS19S_X46_BATTLE_01_AFTER_F_FRE_0050.wav,MS19S_X46_BATTLE_01_AFTER_F_FRE_0050,26,26,26,27,Frederica,main,female,frederica,assets/triangle-strategy/approved_voice_references/frederica.wav,หลักฐานมันอยู่ที่นี่ตั้งนานแล้ว,,,PENDING_MANUAL_GENERATION,,triangle-strategy
1011,MS19S_X46_BATTLE_01_AFTER_F_FRE_0060.wav,MS19S_X46_BATTLE_01_AFTER_F_FRE_0060,27,27,27,28,Frederica,main,female,frederica,assets/triangle-strategy/approved_voice_references/frederica.wav,เตรียมระเบิดให้พร้อม เราจะพังรูปปั้นนี้กัน,,,PENDING_MANUAL_GENERATION,,triangle-strategy
1012,MS19S_X46_BATTLE_01_AFTER_F_FRE_0070.wav,MS19S_X46_BATTLE_01_AFTER_F_FRE_0070,28,28,28,29,Frederica,main,female,frederica,assets/triangle-strategy/approved_voice_references/frederica.wav,จงดูให้ดี ชาวโรเซลล์เอ๋ย,,,PENDING_MANUAL_GENERATION,,triangle-strategy
1013,MS19S_X46_BATTLE_01_AFTER_F_FRE_0080.wav,MS19S_X46_BATTLE_01_AFTER_F_FRE_0080,29,29,29,30,Frederica,main,female,frederica,assets/triangle-strategy/approved_voice_references/frederica.wav,จงดูความจริงแห่งคำสอนเทพธิดาแสนหลอกลวงเสียเถิด!,,,PENDING_MANUAL_GENERATION,,triangle-strategy
1014,MS19S_X46_BATTLE_01_AFTER_F_FRE_0090.wav,MS19S_X46_BATTLE_01_AFTER_F_FRE_0090,30,30,30,31,Frederica,main,female,frederica,assets/triangle-strategy/approved_voice_references/frederica.wav,พวกท่านเห็นหรือยัง? บรรพบุรุษได้ค้นพบสิ่งนี้และหวังจะแบ่งปันให้ทุกคนบนโลก! นี่คือเสาเกลือในตำนาน!,,,PENDING_MANUAL_GENERATION,,triangle-strategy
1015,MS19S_X46_BATTLE_01_AFTER_F_FRE_0100.wav,MS19S_X46_BATTLE_01_AFTER_F_FRE_0100,31,31,31,32,Frederica,main,female,frederica,assets/triangle-strategy/approved_voice_references/frederica.wav,ถูกต้องแล้ว รูปปั้นนี้มันปลอมเปลือกเช่นเดียวกับเทพธิดา เป็นเพียงแค่หน้ากากบดบังความบาปอันเลวทราม,,,PENDING_MANUAL_GENERATION,,triangle-strategy
1016,MS19S_X46_BATTLE_01_AFTER_F_FRE_0110.wav,MS19S_X46_BATTLE_01_AFTER_F_FRE_0110,32,32,32,33,Frederica,main,female,frederica,assets/triangle-strategy/approved_voice_references/frederica.wav,เป็นความบาปที่ไฮแซนต์มันต้องชดใช้! เป็นความบาปที่หัวหน้านักบวชต้องสำนึก!,,,PENDING_MANUAL_GENERATION,,triangle-strategy
1017,MS19S_X46_BATTLE_01_AFTER_F_FRE_0120.wav,MS19S_X46_BATTLE_01_AFTER_F_FRE_0120,33,33,33,34,Frederica,main,female,frederica,assets/triangle-strategy/approved_voice_references/frederica.wav,ไม่มีทาง!,,,PENDING_MANUAL_GENERATION,,triangle-strategy
1018,MS19S_X46_BATTLE_01_AFTER_F_FRE_0130.wav,MS19S_X46_BATTLE_01_AFTER_F_FRE_0130,34,34,34,35,Frederica,main,female,frederica,assets/triangle-strategy/approved_voice_references/frederica.wav,พวกเรามาไกลเกินกว่าจะยอมแพ้แล้ว ข้าจะไม่ทอดทิ้งพวกเขา,,,PENDING_MANUAL_GENERATION,,triangle-strategy
1019,MS19S_X46_BATTLE_01_AFTER_F_FRE_0140.wav,MS19S_X46_BATTLE_01_AFTER_F_FRE_0140,35,35,35,36,Frederica,main,female,frederica,assets/triangle-strategy/approved_voice_references/frederica.wav,นั่นเขา! เจอร์รอมมาแล้ว!,,,PENDING_MANUAL_GENERATION,,triangle-strategy
1020,MS19S_X46_BATTLE_01_AFTER_F_FRE_0150.wav,MS19S_X46_BATTLE_01_AFTER_F_FRE_0150,36,36,36,37,Frederica,main,female,frederica,assets/triangle-strategy/approved_voice_references/frederica.wav,ทุกคน มุ่งหน้าสู่ประตูเหนือ! เราจะร่วมทัพกับเจอร์รอมและหนีจากเมืองไปด้วยกัน!,,,PENDING_MANUAL_GENERATION,,triangle-strategy
1021,MS19S_X46_BATTLE_01_AFTER_F_M436_0010.wav,MS19S_X46_BATTLE_01_AFTER_F_M436_0010,37,37,37,38,หญิงชาวเมือง / ทหาร / ผู้ติดตาม,generic,female,FEMALE_YOUNG_A,assets/triangle-strategy/approved_voice_references/FEMALE_YOUNG_A.wav,แต่หากเราหนีออกไป...เทพธิดาจะไม่ยกบาปแก่ชาวเราแน่นอน พวกเราจะถูกตราหน้าว่าเป็นโจรชั่วกลุ่มหนึ่ง...,,,PENDING_MANUAL_GENERATION,,triangle-strategy
1022,MS19S_X46_BATTLE_01_AFTER_F_M436_0020.wav,MS19S_X46_BATTLE_01_AFTER_F_M436_0020,38,38,38,39,หญิงชาวเมือง / ทหาร / ผู้ติดตาม,generic,female,FEMALE_YOUNG_A,assets/triangle-strategy/approved_voice_references/FEMALE_YOUNG_A.wav,แต่มันเป็นเพียงตำนานไม่ใช่เหรอ? เรื่องเล่าเช่นนั้นหักล้างคำสอนของเทพธิดาไม่ได้หรอก,,,PENDING_MANUAL_GENERATION,,triangle-strategy
1023,MS19S_X46_BATTLE_01_AFTER_F_M436_0030.wav,MS19S_X46_BATTLE_01_AFTER_F_M436_0030,39,39,39,40,หญิงชาวเมือง / ทหาร / ผู้ติดตาม,generic,female,FEMALE_YOUNG_A,assets/triangle-strategy/approved_voice_references/FEMALE_YOUNG_A.wav,มีอะไรข้างในด้วย มันคือเสาเหรอ?,,,PENDING_MANUAL_GENERATION,,triangle-strategy
1024,MS19S_X46_BATTLE_01_AFTER_F_M436_0040.wav,MS19S_X46_BATTLE_01_AFTER_F_M436_0040,40,40,40,41,หญิงชาวเมือง / ทหาร / ผู้ติดตาม,generic,female,FEMALE_YOUNG_A,assets/triangle-strategy/approved_voice_references/FEMALE_YOUNG_A.wav,คริสตัลนี้สมควรจะแบ่งปันให้ทุกคน... แต่พวกไฮแซนต์ขโมยและซ่อนมันไว้...,,,PENDING_MANUAL_GENERATION,,triangle-strategy
1025,MS19S_X46_BATTLE_01_AFTER_F_M436_0050.wav,MS19S_X46_BATTLE_01_AFTER_F_M436_0050,41,41,41,42,หญิงชาวเมือง / ทหาร / ผู้ติดตาม,generic,female,FEMALE_YOUNG_A,assets/triangle-strategy/approved_voice_references/FEMALE_YOUNG_A.wav,ท่านหญิงเฟรเดอริก้าต่อสู้เพื่อเรา ตอนนี้ถึงเวลาสู้เพื่อนางแล้ว!,,,PENDING_MANUAL_GENERATION,,triangle-strategy
1026,MS19S_X46_BATTLE_01_AFTER_M_CLR_0010.wav,MS19S_X46_BATTLE_01_AFTER_M_CLR_0010,42,42,42,43,แคลรุส,npc,male,clarus,assets/triangle-strategy/approved_voice_references/clarus.wav,พร้อมแล้วขอรับ ให้สัญญาณได้เลย,,,PENDING_MANUAL_GENERATION,,triangle-strategy
1027,MS19S_X46_BATTLE_01_AFTER_M_CLR_0020.wav,MS19S_X46_BATTLE_01_AFTER_M_CLR_0020,43,43,43,44,แคลรุส,npc,male,clarus,assets/triangle-strategy/approved_voice_references/clarus.wav,พวกมันมากันเยอะขอรับนายท่าน อีกไม่นานเราจะถูกล้อม,,,PENDING_MANUAL_GENERATION,,triangle-strategy
1028,MS19S_X46_BATTLE_01_AFTER_M_CLR_0030.wav,MS19S_X46_BATTLE_01_AFTER_M_CLR_0030,44,44,44,45,แคลรุส,npc,male,clarus,assets/triangle-strategy/approved_voice_references/clarus.wav,เคราะห์ดีของเราขอรับท่านหญิง จากที่พวกมันเคยล้อมเรา...ตอนนี้กลายเป็นโดนล้อมเสียเอง นี่คือโอกาสของพวกเราขอรับ!,,,PENDING_MANUAL_GENERATION,,triangle-strategy
1029,MS19S_X46_BATTLE_01_AFTER_M_ENG_0010.wav,MS19S_X46_BATTLE_01_AFTER_M_ENG_0010,45,45,45,46,เทเนบริส,npc,male,tenebris,assets/triangle-strategy/approved_voice_references/tenebris.wav,นี่มันบ้าอะไรกัน!?,,,PENDING_MANUAL_GENERATION,,triangle-strategy
1030,MS19S_X46_BATTLE_01_AFTER_M_ENG_0020.wav,MS19S_X46_BATTLE_01_AFTER_M_ENG_0020,46,46,46,47,เทเนบริส,npc,male,tenebris,assets/triangle-strategy/approved_voice_references/tenebris.wav,รูปปั้น!? ท่านทำอะไรลงไป?,,,PENDING_MANUAL_GENERATION,,triangle-strategy
1031,MS19S_X46_BATTLE_01_AFTER_M_ENG_0030.wav,MS19S_X46_BATTLE_01_AFTER_M_ENG_0030,47,47,47,48,เทเนบริส,npc,male,tenebris,assets/triangle-strategy/approved_voice_references/tenebris.wav,ไอ้คนนอกศาสนาทั้งหลาย! พวกแกต้องชดใช้! ฆ่ามันให้หมด!,,,PENDING_MANUAL_GENERATION,,triangle-strategy
1032,MS19S_X46_BATTLE_01_AFTER_M_ENG_0040.wav,MS19S_X46_BATTLE_01_AFTER_M_ENG_0040,48,48,48,49,เทเนบริส,npc,male,tenebris,assets/triangle-strategy/approved_voice_references/tenebris.wav,หา!? ข้าศึกของพวกเราอยู่ฝ่ายไหนกัน?,,,PENDING_MANUAL_GENERATION,,triangle-strategy
1033,MS19S_X46_BATTLE_01_AFTER_M_ENG_0050.wav,MS19S_X46_BATTLE_01_AFTER_M_ENG_0050,49,49,49,50,เทเนบริส,npc,male,tenebris,assets/triangle-strategy/approved_voice_references/tenebris.wav,ท่านเทพธิดา...โปรดคุ้มครองข้าด้วยเทอญ,,,PENDING_MANUAL_GENERATION,,triangle-strategy
1034,MS19S_X46_BATTLE_01_AFTER_M_ENG_0060.wav,MS19S_X46_BATTLE_01_AFTER_M_ENG_0060,50,50,50,51,เทเนบริส,npc,male,tenebris,assets/triangle-strategy/approved_voice_references/tenebris.wav,อ้ากกกก!,,,PENDING_MANUAL_GENERATION,,triangle-strategy
1035,MS19S_X46_BATTLE_01_AFTER_M_M361_0010.wav,MS19S_X46_BATTLE_01_AFTER_M_M361_0010,51,51,51,52,ชายชาวเมือง / ทหาร / ผู้ติดตาม,generic,male,MALE_ADULT_C,assets/triangle-strategy/approved_voice_references/MALE_ADULT_C.wav,พวกนอกรีตกำลังทำลายดินแดนศักดิ์สิทธิ์ของเรา!,,,PENDING_MANUAL_GENERATION,,triangle-strategy
1036,MS19S_X46_BATTLE_01_AFTER_M_M362_0010.wav,MS19S_X46_BATTLE_01_AFTER_M_M362_0010,52,52,52,53,ชายชาวเมือง / ทหาร / ผู้ติดตาม,generic,male,MALE_YOUNG_A,assets/triangle-strategy/approved_voice_references/MALE_YOUNG_A.wav,นายท่าน! ประตูเหนือกำลังถูกโจมตีขอรับ!,,,PENDING_MANUAL_GENERATION,,triangle-strategy
1037,MS19S_X46_BATTLE_01_AFTER_M_M362_0020.wav,MS19S_X46_BATTLE_01_AFTER_M_M362_0020,53,53,53,54,ชายชาวเมือง / ทหาร / ผู้ติดตาม,generic,male,MALE_YOUNG_A,assets/triangle-strategy/approved_voice_references/MALE_YOUNG_A.wav,ทหารของเราต้านไม่ไหวแล้ว! พวกเขาต้องการกำลังเสริม!,,,PENDING_MANUAL_GENERATION,,triangle-strategy
1038,MS19S_X46_BATTLE_01_AFTER_M_M362_0030.wav,MS19S_X46_BATTLE_01_AFTER_M_M362_0030,54,54,54,55,ชายชาวเมือง / ทหาร / ผู้ติดตาม,generic,male,MALE_YOUNG_A,assets/triangle-strategy/approved_voice_references/MALE_YOUNG_A.wav,ไม่มีฝ่ายขอรับ พวกมันคือกองทัพโรเซลล์!,,,PENDING_MANUAL_GENERATION,,triangle-strategy
1039,MS19S_X46_BATTLE_01_AFTER_M_M362_0040.wav,MS19S_X46_BATTLE_01_AFTER_M_M362_0040,55,55,55,56,ชายชาวเมือง / ทหาร / ผู้ติดตาม,generic,male,MALE_YOUNG_A,assets/triangle-strategy/approved_voice_references/MALE_YOUNG_A.wav,นำทัพโดยเด็กหนุ่มชื่อเจอร์รอม เขาบอกว่าจะมากอบกู้อิสรภาพให้พี่น้องของตน,,,PENDING_MANUAL_GENERATION,,triangle-strategy
1040,MS19S_X46_BATTLE_01_AFTER_M_M435_0010.wav,MS19S_X46_BATTLE_01_AFTER_M_M435_0010,56,56,56,57,ชายชาวเมือง / ทหาร / ผู้ติดตาม,generic,male,MALE_ADULT_A,assets/triangle-strategy/approved_voice_references/MALE_ADULT_A.wav,แสดงว่าพวกเรา...ชนะแล้วเหรอ? เราเป็นอิสระแล้วใช่ไหม?,,,PENDING_MANUAL_GENERATION,,triangle-strategy
1041,MS19S_X46_BATTLE_01_AFTER_M_M435_0020.wav,MS19S_X46_BATTLE_01_AFTER_M_M435_0020,57,57,57,58,ชายชาวเมือง / ทหาร / ผู้ติดตาม,generic,male,MALE_ADULT_A,assets/triangle-strategy/approved_voice_references/MALE_ADULT_A.wav,ต้องมีหลักฐานก่อนสินะ,,,PENDING_MANUAL_GENERATION,,triangle-strategy
1042,MS19S_X46_BATTLE_01_AFTER_M_M435_0030.wav,MS19S_X46_BATTLE_01_AFTER_M_M435_0030,58,58,58,59,ชายชาวเมือง / ทหาร / ผู้ติดตาม,generic,male,MALE_ADULT_A,assets/triangle-strategy/approved_voice_references/MALE_ADULT_A.wav,รูปปั้น! เดี๋ยวนะ...นั่นคืออะไร?,,,PENDING_MANUAL_GENERATION,,triangle-strategy
1043,MS19S_X46_BATTLE_01_AFTER_M_M435_0040.wav,MS19S_X46_BATTLE_01_AFTER_M_M435_0040,59,59,59,60,ชายชาวเมือง / ทหาร / ผู้ติดตาม,generic,male,MALE_ADULT_A,assets/triangle-strategy/approved_voice_references/MALE_ADULT_A.wav,พวกมันกล่าวหาว่าเราเป็นคนโลภ! ที่ผ่านมาเรากำลังชดใช้บาปแทนคนอื่นอยู่!,,,PENDING_MANUAL_GENERATION,,triangle-strategy
1044,MS19S_X46_BATTLE_01_AFTER_M_M435_0050.wav,MS19S_X46_BATTLE_01_AFTER_M_M435_0050,60,60,60,61,ชายชาวเมือง / ทหาร / ผู้ติดตาม,generic,male,MALE_ADULT_A,assets/triangle-strategy/approved_voice_references/MALE_ADULT_A.wav,ความจริงของศาสนามันเป็นเพียงแค่ถ้อยคำบิดเบือนงั้นรึ,,,PENDING_MANUAL_GENERATION,,triangle-strategy
1045,MS19S_X46_BATTLE_01_AFTER_M_M435_0060.wav,MS19S_X46_BATTLE_01_AFTER_M_M435_0060,61,61,61,62,ชายชาวเมือง / ทหาร / ผู้ติดตาม,generic,male,MALE_ADULT_A,assets/triangle-strategy/approved_voice_references/MALE_ADULT_A.wav,ทุกคน ยกอาวุธขึ้นมา! มีของใกล้ตัวก็หยิบมาใช้กันก่อน! วันนี้พวกเราจะบอกลานาเกลือแห่งนี้!,,,PENDING_MANUAL_GENERATION,,triangle-strategy
1046,MS19S_X46_BATTLE_01_AFTER_M_MB536T01_0010.wav,MS19S_X46_BATTLE_01_AFTER_M_MB536T01_0010,62,62,62,63,ชายชาวเมือง / ทหาร / ผู้ติดตาม,generic,male,MALE_ADULT_B,assets/triangle-strategy/approved_voice_references/MALE_ADULT_B.wav,พวกเขา...ปราบผู้ศักดิ์สิทธิ์ได้แล้ว!,,,PENDING_MANUAL_GENERATION,,triangle-strategy
1047,MS19S_X46_BATTLE_01_AFTER_M_MB536T01_0020.wav,MS19S_X46_BATTLE_01_AFTER_M_MB536T01_0020,63,63,63,64,ชายชาวเมือง / ทหาร / ผู้ติดตาม,generic,male,MALE_ADULT_B,assets/triangle-strategy/approved_voice_references/MALE_ADULT_B.wav,ข้าเคยได้ยินเรื่องนี้มาก่อน... จากปากของท่านหญิงออลายา!,,,PENDING_MANUAL_GENERATION,,triangle-strategy
1048,MS19S_X46_BATTLE_01_AFTER_M_MB536T01_0030.wav,MS19S_X46_BATTLE_01_AFTER_M_MB536T01_0030,64,64,64,65,ชายชาวเมือง / ทหาร / ผู้ติดตาม,generic,male,MALE_ADULT_B,assets/triangle-strategy/approved_voice_references/MALE_ADULT_B.wav,มันคริสตัลเกลือ! ใหญ่มาก!,,,PENDING_MANUAL_GENERATION,,triangle-strategy
1049,MS19S_X46_BATTLE_01_AFTER_M_MB536T01_0040.wav,MS19S_X46_BATTLE_01_AFTER_M_MB536T01_0040,65,65,65,66,ชายชาวเมือง / ทหาร / ผู้ติดตาม,generic,male,MALE_ADULT_B,assets/triangle-strategy/approved_voice_references/MALE_ADULT_B.wav,"""ถึงชาวนอร์เซเลียทุกคน พวกเราขอยกเสาเกลือใหญ่นี้ให้พวกท่าน...""",,,PENDING_MANUAL_GENERATION,,triangle-strategy
1050,MS19S_X46_BATTLE_01_AFTER_M_MB536T01_0050.wav,MS19S_X46_BATTLE_01_AFTER_M_MB536T01_0050,66,66,66,67,ชายชาวเมือง / ทหาร / ผู้ติดตาม,generic,male,MALE_ADULT_B,assets/triangle-strategy/approved_voice_references/MALE_ADULT_B.wav,เหมือนที่บรรพบุรุษของเราเคยกล่าวไว้จริงๆ ด้วย! มันถูกสลักไว้บนคริสตัล!,,,PENDING_MANUAL_GENERATION,,triangle-strategy
1051,MS19S_X46_BATTLE_01_AFTER_M_MB536T01_0060.wav,MS19S_X46_BATTLE_01_AFTER_M_MB536T01_0060,67,67,67,68,ชายชาวเมือง / ทหาร / ผู้ติดตาม,generic,male,MALE_ADULT_B,assets/triangle-strategy/approved_voice_references/MALE_ADULT_B.wav,นางต้องการมอบอิสรภาพให้แก่เรา และคราวนี้เราต้องปลดปล่อยตัวเองแล้ว! เรามาฝ่าออกไปด้วยกันเถอะ!,,,PENDING_MANUAL_GENERATION,,triangle-strategy
1052,MS19S_X46_BATTLE_01_AFTER_M_SEL_0010.wav,MS19S_X46_BATTLE_01_AFTER_M_SEL_0010,68,68,68,69,Serenoa,main,male,serenoa,assets/triangle-strategy/approved_voice_references/serenoa.wav,ด้วยเกียรติของวูล์ฟฟอร์ต คมดาบนี้จะเบิกเส้นทางแห่งอิสรภาพให้พวกเรา! ตามข้ามา!,,,PENDING_MANUAL_GENERATION,,triangle-strategy
1053,MS19S_X46_BATTLE_01_AFTER_N_M414_0010.wav,MS19S_X46_BATTLE_01_AFTER_N_M414_0010,69,69,69,70,ชายชาวเมือง / ทหาร / ผู้ติดตาม,generic,male,MALE_ADULT_B,assets/triangle-strategy/approved_voice_references/MALE_ADULT_B.wav,ขอรับ!,,,PENDING_MANUAL_GENERATION,,triangle-strategy
1054,MS19S_X46_BATTLE_01_AFTER_N_M414_0020.wav,MS19S_X46_BATTLE_01_AFTER_N_M414_0020,70,70,70,71,ชายชาวเมือง / ทหาร / ผู้ติดตาม,generic,male,MALE_ADULT_B,assets/triangle-strategy/approved_voice_references/MALE_ADULT_B.wav,ขอรับ!,,,PENDING_MANUAL_GENERATION,,triangle-strategy
1055,MS19S_X46_BATTLE_01_BEFORE_F_FRE_0010.wav,MS19S_X46_BATTLE_01_BEFORE_F_FRE_0010,71,71,71,72,Frederica,main,female,frederica,assets/triangle-strategy/approved_voice_references/frederica.wav,เซเรโนอา ให้ข้าได้อ้อนวอนพวกเขาหน่อยนะ,,,PENDING_MANUAL_GENERATION,,triangle-strategy
1056,MS19S_X46_BATTLE_01_BEFORE_F_FRE_0020.wav,MS19S_X46_BATTLE_01_BEFORE_F_FRE_0020,72,72,72,73,Frederica,main,female,frederica,assets/triangle-strategy/approved_voice_references/frederica.wav,ข้าจำเป็นต้องรับช่วงต่อจากท่านแม่,,,PENDING_MANUAL_GENERATION,,triangle-strategy
1057,MS19S_X46_BATTLE_01_BEFORE_F_FRE_0030.wav,MS19S_X46_BATTLE_01_BEFORE_F_FRE_0030,73,73,73,74,Frederica,main,female,frederica,assets/triangle-strategy/approved_voice_references/frederica.wav,สหายโรเซลล์เอ๋ย! ข้าคือเฟรเดอริก้า เอสฟรอสต์,,,PENDING_MANUAL_GENERATION,,triangle-strategy
1058,MS19S_X46_BATTLE_01_BEFORE_F_FRE_0040.wav,MS19S_X46_BATTLE_01_BEFORE_F_FRE_0040,74,74,74,75,Frederica,main,female,frederica,assets/triangle-strategy/approved_voice_references/frederica.wav,ข้าคือบุตรสาวแห่งออลายา ผู้ปลดพันธนาการของพวกเจ้าเมื่อสามสิบปีก่อน!,,,PENDING_MANUAL_GENERATION,,triangle-strategy
1059,MS19S_X46_BATTLE_01_BEFORE_F_FRE_0050.wav,MS19S_X46_BATTLE_01_BEFORE_F_FRE_0050,75,75,75,76,Frederica,main,female,frederica,assets/triangle-strategy/approved_voice_references/frederica.wav,ข้ามาช่วยพวกท่านจากที่นี่ยังไงล่ะ,,,PENDING_MANUAL_GENERATION,,triangle-strategy
1060,MS19S_X46_BATTLE_01_BEFORE_F_FRE_0060.wav,MS19S_X46_BATTLE_01_BEFORE_F_FRE_0060,76,76,76,77,Frederica,main,female,frederica,assets/triangle-strategy/approved_voice_references/frederica.wav,ข้าจะโค่นล้มเผด็จการไฮแซนต์ เคียงข้างลอร์ดวูล์ฟฟอร์ตคู่หมั้นของข้า!,,,PENDING_MANUAL_GENERATION,,triangle-strategy
1061,MS19S_X46_BATTLE_01_BEFORE_F_FRE_0070.wav,MS19S_X46_BATTLE_01_BEFORE_F_FRE_0070,77,77,77,78,Frederica,main,female,frederica,assets/triangle-strategy/approved_voice_references/frederica.wav,จงลุกขึ้นมาร่วมสู้กับเราเสียเถิด! ตอนนี้ไฮแซนต์กำลังเสียศูนย์ ชาวโรเซลล์อย่างเราเนี่ยแหละคือผู้ที่จะทำลายอำนาจอันสูงส่งของพวกเขา!,,,PENDING_MANUAL_GENERATION,,triangle-strategy
1062,MS19S_X46_BATTLE_01_BEFORE_F_FRE_0080.wav,MS19S_X46_BATTLE_01_BEFORE_F_FRE_0080,78,78,78,79,Frederica,main,female,frederica,assets/triangle-strategy/approved_voice_references/frederica.wav,ฝืนทนเหรอ!? หยุดเลย! อย่าไปหลงเชื่อคำลวงเหล่านั้น!,,,PENDING_MANUAL_GENERATION,,triangle-strategy
1063,MS19S_X46_BATTLE_01_BEFORE_F_FRE_0090.wav,MS19S_X46_BATTLE_01_BEFORE_F_FRE_0090,79,79,79,80,Frederica,main,female,frederica,assets/triangle-strategy/approved_voice_references/frederica.wav,รัฐมนตรีแคมเซลล์!? แคลรุส นี่ท่าน...?,,,PENDING_MANUAL_GENERATION,,triangle-strategy
1064,MS19S_X46_BATTLE_01_BEFORE_F_FRE_0100.wav,MS19S_X46_BATTLE_01_BEFORE_F_FRE_0100,80,80,80,81,Frederica,main,female,frederica,assets/triangle-strategy/approved_voice_references/frederica.wav,ถูกต้อง! พวกท่านไม่เคยเป็นคนบาปแต่แรกแล้ว!,,,PENDING_MANUAL_GENERATION,,triangle-strategy
1065,MS19S_X46_BATTLE_01_BEFORE_F_FRE_0110.wav,MS19S_X46_BATTLE_01_BEFORE_F_FRE_0110,81,81,81,82,Frederica,main,female,frederica,assets/triangle-strategy/approved_voice_references/frederica.wav,ชาวโรเซลล์ที่ปราศจากความผิด พวกเขาต้องการอิสรภาพเหมือนผู้อื่นเช่นกัน! พวกท่านถูกคำสอนเทพธิดาล้างสมองแล้ว!,,,PENDING_MANUAL_GENERATION,,triangle-strategy
1066,MS19S_X46_BATTLE_01_BEFORE_F_FRE_0120.wav,MS19S_X46_BATTLE_01_BEFORE_F_FRE_0120,82,82,82,83,Frederica,main,female,frederica,assets/triangle-strategy/approved_voice_references/frederica.wav,หากคำพูดของข้ามันยังไม่ชัดแจ้ง เช่นนั้นให้การกระทำเป็นที่ประจักษ์เถิด!,,,PENDING_MANUAL_GENERATION,,triangle-strategy
1067,MS19S_X46_BATTLE_01_BEFORE_F_M434_0010.wav,MS19S_X46_BATTLE_01_BEFORE_F_M434_0010,83,83,83,84,หญิงชาวเมือง / ทหาร / ผู้ติดตาม,generic,female,FEMALE_ADULT_A,assets/triangle-strategy/approved_voice_references/FEMALE_ADULT_A.wav,พวกเราต้องชดใช้บาปที่คิดจะยึดครองเกลือไว้คนเดียว,,,PENDING_MANUAL_GENERATION,,triangle-strategy
1068,MS19S_X46_BATTLE_01_BEFORE_F_M434_0020.wav,MS19S_X46_BATTLE_01_BEFORE_F_M434_0020,84,84,84,85,หญิงชาวเมือง / ทหาร / ผู้ติดตาม,generic,female,FEMALE_ADULT_A,assets/triangle-strategy/approved_voice_references/FEMALE_ADULT_A.wav,ไม่นานนักเทพธิดาจะให้อภัยพวกเราเอง ขอเพียงแค่ต้องฝืนทนอีกสักหน่อย,,,PENDING_MANUAL_GENERATION,,triangle-strategy
1069,MS19S_X46_BATTLE_01_BEFORE_F_M434_0030.wav,MS19S_X46_BATTLE_01_BEFORE_F_M434_0030,85,85,85,86,หญิงชาวเมือง / ทหาร / ผู้ติดตาม,generic,female,FEMALE_ADULT_A,assets/triangle-strategy/approved_voice_references/FEMALE_ADULT_A.wav,ท่านเทพธิดา...อภัยให้เราด้วย! พวกเราไม่ใช่คนบาป!,,,PENDING_MANUAL_GENERATION,,triangle-strategy
1070,MS19S_X46_BATTLE_01_BEFORE_M_CLR_0010.wav,MS19S_X46_BATTLE_01_BEFORE_M_CLR_0010,86,86,86,87,แคลรุส,npc,male,clarus,assets/triangle-strategy/approved_voice_references/clarus.wav,ข้าหนีไม่พ้นขอรับ ขออภัยด้วย...,,,PENDING_MANUAL_GENERATION,,triangle-strategy
1071,MS19S_X46_BATTLE_01_BEFORE_M_KNS_0010.wav,MS19S_X46_BATTLE_01_BEFORE_M_KNS_0010,87,87,87,88,แคมเซลล์,npc,male,kamsell,assets/triangle-strategy/approved_voice_references/kamsell.wav,พอได้แล้ว!,,,PENDING_MANUAL_GENERATION,,triangle-strategy
1072,MS19S_X46_BATTLE_01_BEFORE_M_KNS_0020.wav,MS19S_X46_BATTLE_01_BEFORE_M_KNS_0020,88,88,88,89,แคมเซลล์,npc,male,kamsell,assets/triangle-strategy/approved_voice_references/kamsell.wav,เขามีความมุ่งมั่นมากกว่าพ่อค้าคนใดเสียอีก คนส่วนใหญ่โดนไต่สวนเพียงครู่เดียวก็ทนไม่ไหวแล้วด้วยซ้ำ,,,PENDING_MANUAL_GENERATION,,triangle-strategy
1073,MS19S_X46_BATTLE_01_BEFORE_M_KNS_0030.wav,MS19S_X46_BATTLE_01_BEFORE_M_KNS_0030,89,89,89,90,แคมเซลล์,npc,male,kamsell,assets/triangle-strategy/approved_voice_references/kamsell.wav,ยังไงก็ตาม...ข้าได้กลิ่นหนูโสโครก ไม่นานนักข้าก็สัมผัสได้ถึงกลิ่นคาวกบฏ,,,PENDING_MANUAL_GENERATION,,triangle-strategy
1074,MS19S_X46_BATTLE_01_BEFORE_M_KNS_0040.wav,MS19S_X46_BATTLE_01_BEFORE_M_KNS_0040,90,90,90,91,แคมเซลล์,npc,male,kamsell,assets/triangle-strategy/approved_voice_references/kamsell.wav,ซึ่งมีแกนนำเป็นท่านหญิงเฟรเดอริก้า,,,PENDING_MANUAL_GENERATION,,triangle-strategy
1075,MS19S_X46_BATTLE_01_BEFORE_M_KNS_0050.wav,MS19S_X46_BATTLE_01_BEFORE_M_KNS_0050,91,91,91,92,แคมเซลล์,npc,male,kamsell,assets/triangle-strategy/approved_voice_references/kamsell.wav,สันดานของท่านมันเปลี่ยนไม่ได้สินะ เพราะฉะนั้นข้าจะลงโทษท่านเป็นตัวอย่างให้กับคนบาปทุกคนเช่นเดียวกับที่แม่ของท่านเคยโดน,,,PENDING_MANUAL_GENERATION,,triangle-strategy
1076,MS19S_X46_BATTLE_01_BEFORE_M_KNS_0060.wav,MS19S_X46_BATTLE_01_BEFORE_M_KNS_0060,92,92,92,93,แคมเซลล์,npc,male,kamsell,assets/triangle-strategy/approved_voice_references/kamsell.wav,นอกรีตทั้งกายใจเสียจริง ให้พวกมันได้เห็นถึงอำนาจแห่งเทพธิดาซะ!,,,PENDING_MANUAL_GENERATION,,triangle-strategy
1077,MS19S_X46_BATTLE_01_BEFORE_M_M433_0010.wav,MS19S_X46_BATTLE_01_BEFORE_M_M433_0010,93,93,93,94,ชายชาวเมือง / ทหาร / ผู้ติดตาม,generic,male,MALE_ADULT_C,assets/triangle-strategy/approved_voice_references/MALE_ADULT_C.wav,พวกเราโชคดีมากพอที่ได้รับการไว้ชีวิต ข้าคิดว่ามันคงไม่มีครั้งที่สองสำหรับพวกเขาหรอกนะ...,,,PENDING_MANUAL_GENERATION,,triangle-strategy
1078,MS19S_X46_BATTLE_01_BEFORE_M_MB536T01_0010.wav,MS19S_X46_BATTLE_01_BEFORE_M_MB536T01_0010,94,94,94,95,ชายชาวเมือง / ทหาร / ผู้ติดตาม,generic,male,MALE_ADULT_B,assets/triangle-strategy/approved_voice_references/MALE_ADULT_B.wav,ถึงว่าทำไมหน้าคุ้นๆ! ท่านหน้าเหมือนนางมากเลย...,,,PENDING_MANUAL_GENERATION,,triangle-strategy
1079,MS19S_X46_BATTLE_01_BEFORE_M_MB536T01_0020.wav,MS19S_X46_BATTLE_01_BEFORE_M_MB536T01_0020,95,95,95,96,ชายชาวเมือง / ทหาร / ผู้ติดตาม,generic,male,MALE_ADULT_B,assets/triangle-strategy/approved_voice_references/MALE_ADULT_B.wav,ว่าแต่...ลูกของท่านหญิงออลายามาทำอะไรในคุกของเทพธิดางั้นเหรอ?,,,PENDING_MANUAL_GENERATION,,triangle-strategy
1080,MS19S_X46_BATTLE_01_BEFORE_M_MB536T01_0030.wav,MS19S_X46_BATTLE_01_BEFORE_M_MB536T01_0030,96,96,96,97,ชายชาวเมือง / ทหาร / ผู้ติดตาม,generic,male,MALE_ADULT_B,assets/triangle-strategy/approved_voice_references/MALE_ADULT_B.wav,ถ้อยคำของท่านช่างกินใจเหมือนนางเลย แต่ท่านดูสิว่าเราต้องพบเจอกับอะไร...,,,PENDING_MANUAL_GENERATION,,triangle-strategy
1081,MS19S_X46_BATTLE_01_BEFORE_M_MB536T01_0040.wav,MS19S_X46_BATTLE_01_BEFORE_M_MB536T01_0040,97,97,97,98,ชายชาวเมือง / ทหาร / ผู้ติดตาม,generic,male,MALE_ADULT_B,assets/triangle-strategy/approved_voice_references/MALE_ADULT_B.wav,ข้าน่าจะรู้ดีว่าการขัดขืนมันไม่เกิดประโยชน์หรอก...,,,PENDING_MANUAL_GENERATION,,triangle-strategy
1082,MS19S_X46_BATTLE_01_BEFORE_M_SEL_0010.wav,MS19S_X46_BATTLE_01_BEFORE_M_SEL_0010,98,98,98,99,Serenoa,main,male,serenoa,assets/triangle-strategy/approved_voice_references/serenoa.wav,ได้สิ เชิญเลย,,,PENDING_MANUAL_GENERATION,,triangle-strategy
1083,MS19S_X46_BATTLE_01_DRAMA_F_FRE_0010.wav,MS19S_X46_BATTLE_01_DRAMA_F_FRE_0010,99,99,99,100,Frederica,main,female,frederica,assets/triangle-strategy/approved_voice_references/frederica.wav,ความโหดร้ายของท่านทำให้ชาวโรเซลล์ต้องฟกช้ำดำเขียว พวกเขาต้องทนกับความไม่ยุติธรรมเพราะสูญเสียเจตจำนงในการแสดงออกไปทั้งสิ้น,,,PENDING_MANUAL_GENERATION,,triangle-strategy
1084,MS19S_X46_BATTLE_01_DRAMA_F_FRE_0020.wav,MS19S_X46_BATTLE_01_DRAMA_F_FRE_0020,100,100,100,101,Frederica,main,female,frederica,assets/triangle-strategy/approved_voice_references/frederica.wav,แต่ในวันนี้ ข้ามาเพื่อเตือนสติพวกเขา... ข้าจะทำให้พวกเขาฉุกคิดว่าตนนั้นก็มีคุณค่าและความกล้าหาญลึกๆ ในใจเช่นกัน!,,,PENDING_MANUAL_GENERATION,,triangle-strategy
1085,MS19S_X46_BATTLE_01_DRAMA_F_FRE_0030.wav,MS19S_X46_BATTLE_01_DRAMA_F_FRE_0030,101,101,101,102,Frederica,main,female,frederica,assets/triangle-strategy/approved_voice_references/frederica.wav,มาร่วมสู้กับข้าเสียเถิดสหายเอ๋ย! มาสู้เพื่ออิสรภาพเสียเถิด!,,,PENDING_MANUAL_GENERATION,,triangle-strategy
1086,MS19S_X46_BATTLE_01_DRAMA_F_FRE_0040.wav,MS19S_X46_BATTLE_01_DRAMA_F_FRE_0040,102,102,102,103,Frederica,main,female,frederica,assets/triangle-strategy/approved_voice_references/frederica.wav,ไม่เลย ข้าจะทำให้อนาคตที่ท่านแม่วาดฝันเป็นจริงต่างหาก ชาวโรเซลล์จะเป็นอิสระ,,,PENDING_MANUAL_GENERATION,,triangle-strategy
1087,MS19S_X46_BATTLE_01_DRAMA_F_FRE_0050.wav,MS19S_X46_BATTLE_01_DRAMA_F_FRE_0050,103,103,103,104,Frederica,main,female,frederica,assets/triangle-strategy/approved_voice_references/frederica.wav,โอย... ไม่จริง... เราจะพลาดไม่ได้นะ...,,,PENDING_MANUAL_GENERATION,,triangle-strategy
1088,MS19S_X46_BATTLE_01_DRAMA_F_MIR_0010.wav,MS19S_X46_BATTLE_01_DRAMA_F_MIR_0010,104,104,104,105,ไมโล,npc,female,milo,assets/triangle-strategy/approved_voice_references/milo.wav,ข้าไม่ใช่ทาสเทพธิดาเจ้าค่ะ มนุษย์ก็สามารถชี้นำได้อย่างเที่ยงตรงเช่นกัน...ตราบใดที่พวกเขามีจุดยืนของตน,,,PENDING_MANUAL_GENERATION,,triangle-strategy
1089,MS19S_X46_BATTLE_01_DRAMA_M_ARC_0010.wav,MS19S_X46_BATTLE_01_DRAMA_M_ARC_0010,105,105,105,106,อาร์ชิบัลด์,npc,male,archibald,assets/triangle-strategy/approved_voice_references/archibald.wav,ข้าเคยชื่นชมในความศรัทธาของเจ้านะแคมเซลล์ แต่ตอนนี้ข้าเห็นธาตุแท้ของเจ้าแล้ว,,,PENDING_MANUAL_GENERATION,,triangle-strategy
1090,MS19S_X46_BATTLE_01_DRAMA_M_ARC_0020.wav,MS19S_X46_BATTLE_01_DRAMA_M_ARC_0020,106,106,106,107,อาร์ชิบัลด์,npc,male,archibald,assets/triangle-strategy/approved_voice_references/archibald.wav,ข้าไม่ขอตอบก็แล้วกัน เจ้าอาจเข้าใจเมื่อศึกครั้งนี้จบลง,,,PENDING_MANUAL_GENERATION,,triangle-strategy
1091,MS19S_X46_BATTLE_01_DRAMA_M_ELA_0010.wav,MS19S_X46_BATTLE_01_DRAMA_M_ELA_0010,107,107,107,108,Erador,main,male,erador,assets/triangle-strategy/approved_voice_references/erador.wav,วางอาวุธลงเสียเถอะแคมเซลล์! ข้าไม่ออมมือให้คนที่เอาชีวิตตัวเองมาทิ้งแน่นอน!,,,PENDING_MANUAL_GENERATION,,triangle-strategy
1092,MS19S_X46_BATTLE_01_DRAMA_M_ELA_0020.wav,MS19S_X46_BATTLE_01_DRAMA_M_ELA_0020,108,108,108,109,Erador,main,male,erador,assets/triangle-strategy/approved_voice_references/erador.wav,เอราดอร์ บาลเลนไทน์ ผู้ถือโล่แห่งตระกูลวูล์ฟฟอร์ต,,,PENDING_MANUAL_GENERATION,,triangle-strategy
1093,MS19S_X46_BATTLE_01_DRAMA_M_KNS_0010.wav,MS19S_X46_BATTLE_01_DRAMA_M_KNS_0010,109,109,109,110,แคมเซลล์,npc,male,kamsell,assets/triangle-strategy/approved_voice_references/kamsell.wav,ด้วยนามแห่งเทพธิดา ข้าไม่มีวันให้คนนอกรีตสร้างมลทินต่อดินแดนศักดิ์สิทธิ์นี้แน่,,,PENDING_MANUAL_GENERATION,,triangle-strategy
1094,MS19S_X46_BATTLE_01_DRAMA_M_KNS_0020.wav,MS19S_X46_BATTLE_01_DRAMA_M_KNS_0020,110,110,110,111,แคมเซลล์,npc,male,kamsell,assets/triangle-strategy/approved_voice_references/kamsell.wav,เตรียมตัวให้พร้อม จงขจัดโรคร้ายออกไปจากบ้านของเราในวันนี้เสียเถิด!,,,PENDING_MANUAL_GENERATION,,triangle-strategy
1095,MS19S_X46_BATTLE_01_DRAMA_M_KNS_0030.wav,MS19S_X46_BATTLE_01_DRAMA_M_KNS_0030,111,111,111,112,แคมเซลล์,npc,male,kamsell,assets/triangle-strategy/approved_voice_references/kamsell.wav,ท่านโดนชาวโรเซลล์ตบตาแล้ว รัฐมนตรีเซเรโนอา... เป็นผู้ศักดิ์สิทธิ์ก็ช่วยทำตัวให้เหมาะสมกว่านี้หน่อยสิ,,,PENDING_MANUAL_GENERATION,,triangle-strategy
1096,MS19S_X46_BATTLE_01_DRAMA_M_KNS_0040.wav,MS19S_X46_BATTLE_01_DRAMA_M_KNS_0040,112,112,112,113,แคมเซลล์,npc,male,kamsell,assets/triangle-strategy/approved_voice_references/kamsell.wav,เงียบเสีย! คำสอนของนางถือเป็นคำขาด ชาวโซเซลล์จะต้องชดใช้กรรมไปจนตาย!,,,PENDING_MANUAL_GENERATION,,triangle-strategy
1097,MS19S_X46_BATTLE_01_DRAMA_M_KNS_0050.wav,MS19S_X46_BATTLE_01_DRAMA_M_KNS_0050,113,113,113,114,แคมเซลล์,npc,male,kamsell,assets/triangle-strategy/approved_voice_references/kamsell.wav,ท่านอยากลงหลุมไปตามแม่ของท่านสินะ? สงสัยคงถูกชะตาลิขิตไว้ตั้งแต่เกิด,,,PENDING_MANUAL_GENERATION,,triangle-strategy
1098,MS19S_X46_BATTLE_01_DRAMA_M_KNS_0060.wav,MS19S_X46_BATTLE_01_DRAMA_M_KNS_0060,114,114,114,115,แคมเซลล์,npc,male,kamsell,assets/triangle-strategy/approved_voice_references/kamsell.wav,อิสระงั้นเหรอ? ทำไมถึงพูดเหมือนพวกเขาถูกบีบบังคับให้อยู่ที่นี่ล่ะ?,,,PENDING_MANUAL_GENERATION,,triangle-strategy
1099,MS19S_X46_BATTLE_01_DRAMA_M_KNS_0070.wav,MS19S_X46_BATTLE_01_DRAMA_M_KNS_0070,115,115,115,116,แคมเซลล์,npc,male,kamsell,assets/triangle-strategy/approved_voice_references/kamsell.wav,พวกเขามาไถ่บาปตามพระประสงค์ของเทพธิดาต่างหาก จงฟังให้ดี! พวกเขาจงใจจะอยู่ที่นี่เพราะต้องการชำระมลทิน!,,,PENDING_MANUAL_GENERATION,,triangle-strategy
1100,MS19S_X46_BATTLE_01_DRAMA_M_KNS_0080.wav,MS19S_X46_BATTLE_01_DRAMA_M_KNS_0080,116,116,116,117,แคมเซลล์,npc,male,kamsell,assets/triangle-strategy/approved_voice_references/kamsell.wav,บาดแผลเท่านี้มันเรื่องเล็กน้อย หากเทียบกับสิ่งที่เจ้าทำกับเทพธิดา,,,PENDING_MANUAL_GENERATION,,triangle-strategy
1101,MS19S_X46_BATTLE_01_DRAMA_M_KNS_0090.wav,MS19S_X46_BATTLE_01_DRAMA_M_KNS_0090,117,117,117,118,แคมเซลล์,npc,male,kamsell,assets/triangle-strategy/approved_voice_references/kamsell.wav,ข้า แคมเซลล์ แฟแรนต์ จะพิพากษาพวกเจ้าในนามของนาง! ข้าจะชำระล้างพวกนอกรีตออกไปจากดินแดนของเรา!,,,PENDING_MANUAL_GENERATION,,triangle-strategy
1102,MS19S_X46_BATTLE_01_DRAMA_M_KNS_0100.wav,MS19S_X46_BATTLE_01_DRAMA_M_KNS_0100,118,118,118,119,แคมเซลล์,npc,male,kamsell,assets/triangle-strategy/approved_voice_references/kamsell.wav,เจ้าเป็นคู่ต่อสู้ที่สมน้ำสมเนื้อจริงๆ ก่อนจะโดนข้าเสียบ...เจ้ามีนามว่าอันใดเหรอ?,,,PENDING_MANUAL_GENERATION,,triangle-strategy
1103,MS19S_X46_BATTLE_01_DRAMA_M_KNS_0110.wav,MS19S_X46_BATTLE_01_DRAMA_M_KNS_0110,119,119,119,120,แคมเซลล์,npc,male,kamsell,assets/triangle-strategy/approved_voice_references/kamsell.wav,เอราดอร์ บาลเลนไทน์ หากถูกส่งตัวไปเข้าพบเทพธิดา...อย่าลืมโค้งคำนับให้นางด้วยล่ะ,,,PENDING_MANUAL_GENERATION,,triangle-strategy
1104,MS19S_X46_BATTLE_01_DRAMA_M_KNS_0120.wav,MS19S_X46_BATTLE_01_DRAMA_M_KNS_0120,120,120,120,121,แคมเซลล์,npc,male,kamsell,assets/triangle-strategy/approved_voice_references/kamsell.wav,อาร์ชิบัลด์... ข้าปวดใจเหลือเกินที่เห็นเจ้าหันหลังให้เทพธิดา ทำไมกัน?,,,PENDING_MANUAL_GENERATION,,triangle-strategy
1105,MS19S_X46_BATTLE_01_DRAMA_M_KNS_0130.wav,MS19S_X46_BATTLE_01_DRAMA_M_KNS_0130,121,121,121,122,แคมเซลล์,npc,male,kamsell,assets/triangle-strategy/approved_voice_references/kamsell.wav,ไมโล เจ้าเองก็ทรยศกับเขาด้วยเหรอ?,,,PENDING_MANUAL_GENERATION,,triangle-strategy
1106,MS19S_X46_BATTLE_01_DRAMA_M_KNS_0140.wav,MS19S_X46_BATTLE_01_DRAMA_M_KNS_0140,122,122,122,123,แคมเซลล์,npc,male,kamsell,assets/triangle-strategy/approved_voice_references/kamsell.wav,อย่างที่ข้านึกไว้เลย ย่อมได้...ถึงจะเป็นผู้ศรัทธาแต่เทพธิดาก็ลงทัณฑ์ได้เช่นกัน,,,PENDING_MANUAL_GENERATION,,triangle-strategy
1107,MS19S_X46_BATTLE_01_DRAMA_M_KNS_0150.wav,MS19S_X46_BATTLE_01_DRAMA_M_KNS_0150,123,123,123,124,แคมเซลล์,npc,male,kamsell,assets/triangle-strategy/approved_voice_references/kamsell.wav,โอย... ท่านเทพธิดา โปรดมอบพละกำลังให้ข้าพิชิตศัตรูด้วยเทอญ,,,PENDING_MANUAL_GENERATION,,triangle-strategy
1108,MS19S_X46_BATTLE_01_DRAMA_M_KNS_0160.wav,MS19S_X46_BATTLE_01_DRAMA_M_KNS_0160,124,124,124,125,แคมเซลล์,npc,male,kamsell,assets/triangle-strategy/approved_voice_references/kamsell.wav,ไม่จริง... ทำไมท่านจึงมอบพละกำลังแก่พวกเขาแต่ไม่ใช่ข้า? ท่านต้องการจะสั่งสอนสิ่งใดกับข้าหรือ?,,,PENDING_MANUAL_GENERATION,,triangle-strategy
1109,MS19S_X46_BATTLE_01_DRAMA_M_MS19X46B01M01_0010.wav,MS19S_X46_BATTLE_01_DRAMA_M_MS19X46B01M01_0010,125,125,125,126,ชายชาวเมือง / ทหาร / ผู้ติดตาม,generic,male,MALE_ADULT_A,assets/triangle-strategy/approved_voice_references/MALE_ADULT_A.wav,ชำระล้างคนนอกรีต!,,,PENDING_MANUAL_GENERATION,,triangle-strategy
1110,MS19S_X46_BATTLE_01_DRAMA_M_SEL_0010.wav,MS19S_X46_BATTLE_01_DRAMA_M_SEL_0010,126,126,126,127,Serenoa,main,male,serenoa,assets/triangle-strategy/approved_voice_references/serenoa.wav,คนที่ตบตามันเทพธิดาต่างหาก นางกล่าวหาชาวโรเซลล์ที่ขโมยเกลือ ทั้งๆ ที่มันไม่ใช่เรื่องจริง,,,PENDING_MANUAL_GENERATION,,triangle-strategy
1111,MS19S_X46_BATTLE_01_DRAMA_M_SEL_0020.wav,MS19S_X46_BATTLE_01_DRAMA_M_SEL_0020,127,127,127,128,Serenoa,main,male,serenoa,assets/triangle-strategy/approved_voice_references/serenoa.wav,ไฮแซนต์บิดเบือนประวัติศาสตร์เพื่อประโยชน์ส่วนตน และเราจะเป็นคนซ่อมแซมมัน ท่านรู้อยู่แก่ใจว่าพวกเรานั้นอยู่เคียงข้างความจริง!,,,PENDING_MANUAL_GENERATION,,triangle-strategy
1112,MS19S_X46_C0_2010_F_LYL_0010.wav,MS19S_X46_C0_2010_F_LYL_0010,128,128,128,129,Lyla,npc,female,lyla,assets/triangle-strategy/approved_voice_references/lyla.wav,ข้าคิดว่าอีกเดี๋ยวนกส่งสารของเอกซ์เฮมจะนำข่าวดีมาให้พวกเราแล้วล่ะ,,,PENDING_MANUAL_GENERATION,,triangle-strategy
1113,MS19S_X46_C0_2010_F_LYL_0020.wav,MS19S_X46_C0_2010_F_LYL_0020,129,129,129,130,Lyla,npc,female,lyla,assets/triangle-strategy/approved_voice_references/lyla.wav,ข้าไม่ห่วงเรื่องนั้นหรอก วูล์ฟฟอร์ตมันจะเชื่อฟังพวกเราหรือเปล่าล่ะ?,,,PENDING_MANUAL_GENERATION,,triangle-strategy
1114,MS19S_X46_C0_2010_F_LYL_0030.wav,MS19S_X46_C0_2010_F_LYL_0030,130,130,130,131,Lyla,npc,female,lyla,assets/triangle-strategy/approved_voice_references/lyla.wav,พวกมันไม่ได้เคารพรักอาณาจักรเรา... พวกมันกล่าวหาอดีตที่พวกเราเคยทำ... ท่านแน่ใจเหรอว่าพวกมันจะไม่กล้า?,,,PENDING_MANUAL_GENERATION,,triangle-strategy
1115,MS19S_X46_C0_2010_F_LYL_0040.wav,MS19S_X46_C0_2010_F_LYL_0040,131,131,131,132,Lyla,npc,female,lyla,assets/triangle-strategy/approved_voice_references/lyla.wav,...ขออภัยเจ้าค่ะ โปรดลืมความโง่เง่าของข้าไปเสียเถิด,,,PENDING_MANUAL_GENERATION,,triangle-strategy
1116,MS19S_X46_C0_2010_F_LYL_0050.wav,MS19S_X46_C0_2010_F_LYL_0050,132,132,132,133,Lyla,npc,female,lyla,assets/triangle-strategy/approved_voice_references/lyla.wav,ท่านจะไปไหน?,,,PENDING_MANUAL_GENERATION,,triangle-strategy
1117,MS19S_X46_C0_2010_M_KNS_0010.wav,MS19S_X46_C0_2010_M_KNS_0010,133,133,133,134,แคมเซลล์,npc,male,kamsell,assets/triangle-strategy/approved_voice_references/kamsell.wav,อีกไม่นาน...เหมืองนั่นจะตกอยู่ในกำมือของเรา,,,PENDING_MANUAL_GENERATION,,triangle-strategy
1118,MS19S_X46_C0_2010_M_KNS_0020.wav,MS19S_X46_C0_2010_M_KNS_0020,134,134,134,135,แคมเซลล์,npc,male,kamsell,assets/triangle-strategy/approved_voice_references/kamsell.wav,ติดหนี้ชีวิตและบุญคุณมากมายขนาดนั้น พวกมันไม่กล้าหยามหน้าพระองค์หรอก,,,PENDING_MANUAL_GENERATION,,triangle-strategy
1119,MS19S_X46_C0_2010_M_KNS_0030.wav,MS19S_X46_C0_2010_M_KNS_0030,135,135,135,136,แคมเซลล์,npc,male,kamsell,assets/triangle-strategy/approved_voice_references/kamsell.wav,ท่านระวังคำพูดหน่อยก็ดีนะ สิ่งที่เจ้ากล่าวมามันเข้าข่ายคนนอกรีตเหลือเกิน,,,PENDING_MANUAL_GENERATION,,triangle-strategy
1120,MS19S_X46_C0_2010_M_KNS_0040.wav,MS19S_X46_C0_2010_M_KNS_0040,136,136,136,137,แคมเซลล์,npc,male,kamsell,assets/triangle-strategy/approved_voice_references/kamsell.wav,รู้ใช่ไหมว่าเจ็ดผู้ศักดิ์สิทธิ์สามารถโดนเทพธิดาลงทัณฑ์ได้เช่นกัน,,,PENDING_MANUAL_GENERATION,,triangle-strategy
1121,MS19S_X46_C0_2010_M_KNS_0050.wav,MS19S_X46_C0_2010_M_KNS_0050,137,137,137,138,แคมเซลล์,npc,male,kamsell,assets/triangle-strategy/approved_voice_references/kamsell.wav,เข้าใจก็ดีแล้ว,,,PENDING_MANUAL_GENERATION,,triangle-strategy
1122,MS19S_X46_C0_2010_M_KNS_0060.wav,MS19S_X46_C0_2010_M_KNS_0060,138,138,138,139,แคมเซลล์,npc,male,kamsell,assets/triangle-strategy/approved_voice_references/kamsell.wav,ถึงอย่างนั้นก็เถอะ วูล์ฟฟอร์ตเองก็เพิ่งได้รับตำแหน่ง,,,PENDING_MANUAL_GENERATION,,triangle-strategy
1123,MS19S_X46_C0_2010_M_KNS_0070.wav,MS19S_X46_C0_2010_M_KNS_0070,139,139,139,140,แคมเซลล์,npc,male,kamsell,assets/triangle-strategy/approved_voice_references/kamsell.wav,คนไร้ประสบการณ์มันชอบทำอะไรเกินตัวอยู่แล้ว,,,PENDING_MANUAL_GENERATION,,triangle-strategy
1124,MS19S_X46_C0_2010_M_KNS_0080.wav,MS19S_X46_C0_2010_M_KNS_0080,140,140,140,141,แคมเซลล์,npc,male,kamsell,assets/triangle-strategy/approved_voice_references/kamsell.wav,ไปดูแลความเรียบร้อยของเมืองน่ะ พอดีข้าสังหรณ์ว่ามีเรืองไม่ชอบมาพากล,,,PENDING_MANUAL_GENERATION,,triangle-strategy
1125,MS19S_X46_C0_2010_M_KNS_0090.wav,MS19S_X46_C0_2010_M_KNS_0090,141,141,141,142,แคมเซลล์,npc,male,kamsell,assets/triangle-strategy/approved_voice_references/kamsell.wav,ข้าอุทิศตนให้เทพธิดามานานจนสามารถสัมผัสได้ถึงนาง... นั่นคือสาเหตุที่ข้ารู้ว่าเกิดเรื่องขึ้น,,,PENDING_MANUAL_GENERATION,,triangle-strategy
1126,MS19S_X46_RESEARCH_01_BEFORE_F_FRE_0010.wav,MS19S_X46_RESEARCH_01_BEFORE_F_FRE_0010,142,142,142,143,Frederica,main,female,frederica,assets/triangle-strategy/approved_voice_references/frederica.wav,ท่านจะไปคนเดียวเหรอ? เสี่ยงเกินไปแล้วเจ้าค่ะ!,,,PENDING_MANUAL_GENERATION,,triangle-strategy
1127,MS19S_X46_RESEARCH_01_BEFORE_F_FRE_0020.wav,MS19S_X46_RESEARCH_01_BEFORE_F_FRE_0020,143,143,143,144,Frederica,main,female,frederica,assets/triangle-strategy/approved_voice_references/frederica.wav,ขอบคุณนะแคลรุส ข้ารับปากว่าความช่วยเหลือของท่านจะส่งผลให้เราได้เฉลิมฉลองแน่นอน,,,PENDING_MANUAL_GENERATION,,triangle-strategy
1128,MS19S_X46_RESEARCH_01_BEFORE_M_CLR_0010.wav,MS19S_X46_RESEARCH_01_BEFORE_M_CLR_0010,144,144,144,145,แคลรุส,npc,male,clarus,assets/triangle-strategy/approved_voice_references/clarus.wav,ข้าจะดึงความสนใจกองทัพพวกมันเอง ใช้โอกาสนี้เพื่อแทรกซึมเข้านาเกลือได้เลยขอรับท่านหญิง,,,PENDING_MANUAL_GENERATION,,triangle-strategy
1129,MS19S_X46_RESEARCH_01_BEFORE_M_CLR_0020.wav,MS19S_X46_RESEARCH_01_BEFORE_M_CLR_0020,145,145,145,146,แคลรุส,npc,male,clarus,assets/triangle-strategy/approved_voice_references/clarus.wav,แล้วก็อย่าลืมหยิบระเบิดไปด้วยล่ะ ไม่งั้นคงจะเสียหน้าแย่,,,PENDING_MANUAL_GENERATION,,triangle-strategy
1130,MS19S_X46_RESEARCH_01_BEFORE_M_CLR_0030.wav,MS19S_X46_RESEARCH_01_BEFORE_M_CLR_0030,146,146,146,147,แคลรุส,npc,male,clarus,assets/triangle-strategy/approved_voice_references/clarus.wav,โถ...ท่านหญิง เป็นพ่อค้าก็ต้องกล้าเสี่ยงหน่อยสิถึงจะประสบความสำเร็จ ท่านเป็นห่วงตัวเองเถอะ,,,PENDING_MANUAL_GENERATION,,triangle-strategy
1131,MS19S_X46_RESEARCH_01_BEFORE_M_CLR_0040.wav,MS19S_X46_RESEARCH_01_BEFORE_M_CLR_0040,147,147,147,148,แคลรุส,npc,male,clarus,assets/triangle-strategy/approved_voice_references/clarus.wav,ข้าเดิมพันข้างท่านไว้สูง และข้าก็ไม่อยากจะขาดทุนซะด้วย,,,PENDING_MANUAL_GENERATION,,triangle-strategy
1132,MS19S_X46_RESEARCH_01_BEFORE_M_SEL_0010.wav,MS19S_X46_RESEARCH_01_BEFORE_M_SEL_0010,148,148,148,149,Serenoa,main,male,serenoa,assets/triangle-strategy/approved_voice_references/serenoa.wav,รีบหน่อยเถอะ เดี๋ยวความพยายามของแคลรุสได้สูญเปล่ากันพอดี,,,PENDING_MANUAL_GENERATION,,triangle-strategy
1133,MS19S_X46_WD_0010_N_NNN_0010.wav,MS19S_X46_WD_0010_N_NNN_0010,149,149,149,150,Narrator,narrator,female,narrator,assets/triangle-strategy/approved_voice_references/narrator.wav,ระหว่างที่เบเนดิกต์เผชิญหน้ารัฐมนตรีเอกซ์เฮมที่ปราสาทวูล์ฟฟอร์ต และโรแลนด์ที่กำลังท้าทายอำนาจอาร์ชดยุกที่ประตูแฝด... เฟรเดอริก้าเองก็มุ่งหน้าเพื่อทำภารกิจของตนเช่นกัน,,,PENDING_MANUAL_GENERATION,,triangle-strategy
1134,MS19S_X46_WD_0010_N_NNN_0020.wav,MS19S_X46_WD_0010_N_NNN_0020,150,150,150,151,Narrator,narrator,female,narrator,assets/triangle-strategy/approved_voice_references/narrator.wav,นางแฝงตัวอยู่ภายในแผนการแห่งสมาคม มุ่งหน้าสู่รัฐศักดิ์สิทธิ์ไฮแซนต์อย่างช้าๆ,,,PENDING_MANUAL_GENERATION,,triangle-strategy
1135,MS19S_X46_WD_0010_N_NNN_0030.wav,MS19S_X46_WD_0010_N_NNN_0030,151,151,151,152,Narrator,narrator,female,narrator,assets/triangle-strategy/approved_voice_references/narrator.wav,"ด้วยความช่วยเหลือของแคลรุส ส่งผลให้นางเข้าไปยังนาเกลือได้สำเร็จ
โดยหวังที่จะนำคนของนางออกมาจากคุกแห่งนี้",,,PENDING_MANUAL_GENERATION,,triangle-strategy
1136,MS19S_X46_WD_0010_N_NNN_0040.wav,MS19S_X46_WD_0010_N_NNN_0040,152,152,152,153,Narrator,narrator,female,narrator,assets/triangle-strategy/approved_voice_references/narrator.wav,"ในขณะที่เจอร์รอมกำลังระดมทัพในหมู่บ้านโรเซลล์
เพื่อบอกแผนการของท่านหญิงเฟรเดอริก้า...",,,PENDING_MANUAL_GENERATION,,triangle-strategy
