line_no,file_name,self_id,cue,sequence,waveform,awb_stream,character_name,role,gender,voice_target,reference_audio,thai_text,pronunciation_note,prosody_note,status,tts_text,voice_project
1,MS14_F01_A0_0010_F_FRE_0010.wav,MS14_F01_A0_0010_F_FRE_0010,0,0,0,1,Frederica,main,female,frederica,assets/triangle-strategy/approved_voice_references/frederica.wav,ก็เหมือนที่พวกมันทำกับชาวโรเซลล์ไงเจ้าคะ,,,PENDING_MANUAL_GENERATION,,triangle-strategy
2,MS14_F01_A0_0010_F_FRE_0020.wav,MS14_F01_A0_0010_F_FRE_0020,1,1,1,2,Frederica,main,female,frederica,assets/triangle-strategy/approved_voice_references/frederica.wav,ภาพติดตาแห่งการกดขี่ในนาเกลือ ไม่ใช่สิ่งลืมได้ง่ายสำหรับข้าเลย,,,PENDING_MANUAL_GENERATION,,triangle-strategy
3,MS14_F01_A0_0010_F_FRE_0030.wav,MS14_F01_A0_0010_F_FRE_0030,2,2,2,3,Frederica,main,female,frederica,assets/triangle-strategy/approved_voice_references/frederica.wav,อย่าลืมเจ้าค่ะ ว่านิสัยที่แท้จริงของไฮแซนต์นั้นเป็นเช่นไร,,,PENDING_MANUAL_GENERATION,,triangle-strategy
4,MS14_F01_A0_0010_F_HEW_0010.wav,MS14_F01_A0_0010_F_HEW_0010,3,3,3,4,Hughette,main,female,hughette,assets/triangle-strategy/approved_voice_references/hughette.wav,ฝ่าบาทเจ้าคะ ผู้แทนจากไฮแซนต์มาถึงแล้วเจ้าค่ะ,,,PENDING_MANUAL_GENERATION,,triangle-strategy
5,MS14_F01_A0_0010_F_LYL_0010.wav,MS14_F01_A0_0010_F_LYL_0010,4,4,4,5,Lyla,npc,female,lyla,assets/triangle-strategy/approved_voice_references/lyla.wav,ท่านไม่ได้ติดค้างอะไรเลยเจ้าค่ะ เพราะท่านแสดงศักยภาพของเอลฟริคที่เราพัฒนาให้เห็นด้วยตัวเองแล้ว,,,PENDING_MANUAL_GENERATION,,triangle-strategy
6,MS14_F01_A0_0010_F_LYL_0020.wav,MS14_F01_A0_0010_F_LYL_0020,5,5,5,6,Lyla,npc,female,lyla,assets/triangle-strategy/approved_voice_references/lyla.wav,แล้วลอร์ดของท่านคิดเห็นอย่างไรกับตำแหน่งใหม่ของเขากันล่ะ?,,,PENDING_MANUAL_GENERATION,,triangle-strategy
7,MS14_F01_A0_0010_F_LYL_0030.wav,MS14_F01_A0_0010_F_LYL_0030,6,6,6,7,Lyla,npc,female,lyla,assets/triangle-strategy/approved_voice_references/lyla.wav,ระหว่างนี้ข้าจะให้ไมโลอยู่อาศัยในเกลนบรู๊ค หากมีสิ่งใดที่นางช่วยได้ก็อย่าลังเลที่จะเรียกนางนะเจ้าคะ,,,PENDING_MANUAL_GENERATION,,triangle-strategy
8,MS14_F01_A0_0010_F_LYL_0040.wav,MS14_F01_A0_0010_F_LYL_0040,7,7,7,8,Lyla,npc,female,lyla,assets/triangle-strategy/approved_voice_references/lyla.wav,อย่าลืมนะไมโล เจ้าคือเครื่องหมายแห่งมิตรภาพระหว่างอาณาจักรทั้งสองของเรา,,,PENDING_MANUAL_GENERATION,,triangle-strategy
9,MS14_F01_A0_0010_F_MIR_0010.wav,MS14_F01_A0_0010_F_MIR_0010,8,8,8,9,ไมโล,npc,female,milo,assets/triangle-strategy/approved_voice_references/milo.wav,มันเกินความคาดหมายของข้าจริงๆเจ้าค่ะ ท่านหัวหน้านักบวชคงต้องปลื้มกับผลลัพธ์เป็นแน่,,,PENDING_MANUAL_GENERATION,,triangle-strategy
10,MS14_F01_A0_0010_F_MIR_0020.wav,MS14_F01_A0_0010_F_MIR_0020,9,9,9,10,ไมโล,npc,female,milo,assets/triangle-strategy/approved_voice_references/milo.wav,ท่านรัฐมนตรี ข้าพร้อมรับใช้เจ้าค่ะ,,,PENDING_MANUAL_GENERATION,,triangle-strategy
11,MS14_F01_A0_0010_M_BND_0010.wav,MS14_F01_A0_0010_M_BND_0010,10,10,10,11,Benedict,main,male,benedict,assets/triangle-strategy/approved_voice_references/benedict.wav,อาณาจักรทั้งสองอย่างเกลนบรู๊คและไฮแซนต์ควรเป็นชาติที่มีเป้าหมายร่วมกัน... มันก็สมควรแล้วที่ลอร์ดเซเรโนอาจะรับใช้พวกท่านทั้งคู่ไม่ใช่เหรอขอรับ?,,,PENDING_MANUAL_GENERATION,,triangle-strategy
12,MS14_F01_A0_0010_M_BND_0020.wav,MS14_F01_A0_0010_M_BND_0020,11,11,11,12,Benedict,main,male,benedict,assets/triangle-strategy/approved_voice_references/benedict.wav,ข้าคิดว่าฝ่าบาทกับหัวหน้านักบวชควรปรึกษาหารือกันในเรื่องนี้นะ,,,PENDING_MANUAL_GENERATION,,triangle-strategy
13,MS14_F01_A0_0010_M_BND_0030.wav,MS14_F01_A0_0010_M_BND_0030,12,12,12,13,Benedict,main,male,benedict,assets/triangle-strategy/approved_voice_references/benedict.wav,อุตส่าห์ทิ้งสายลับไว้ที่นี่ซะด้วย แสดงว่าพวกเขายังไม่เชื่อใจเราสินะ,,,PENDING_MANUAL_GENERATION,,triangle-strategy
14,MS14_F01_A0_0010_M_BND_0040.wav,MS14_F01_A0_0010_M_BND_0040,13,13,13,14,Benedict,main,male,benedict,assets/triangle-strategy/approved_voice_references/benedict.wav,ถึงอย่างไร มันก็เห็นชัดเจนแล้วว่าพวกเขาไม่ได้ช่วยเหลือเราเป็นการกุศลขอรับ,,,PENDING_MANUAL_GENERATION,,triangle-strategy
15,MS14_F01_A0_0010_M_BND_0050.wav,MS14_F01_A0_0010_M_BND_0050,14,14,14,15,Benedict,main,male,benedict,assets/triangle-strategy/approved_voice_references/benedict.wav,ตอนนี้พวกเขากำลังทำให้ลอร์ดเซเรโนอากลายเป็นหุ่นเชิดสินะ,,,PENDING_MANUAL_GENERATION,,triangle-strategy
16,MS14_F01_A0_0010_M_BND_0060.wav,MS14_F01_A0_0010_M_BND_0060,15,15,15,16,Benedict,main,male,benedict,assets/triangle-strategy/approved_voice_references/benedict.wav,ในทำนองเดียวกัน เราไม่สามารถต่อกรกับไฮแซนต์โดยปราศจากเอสฟรอสต์ขอรับ,,,PENDING_MANUAL_GENERATION,,triangle-strategy
17,MS14_F01_A0_0010_M_BND_0070.wav,MS14_F01_A0_0010_M_BND_0070,16,16,16,17,Benedict,main,male,benedict,assets/triangle-strategy/approved_voice_references/benedict.wav,เมื่อเอสฟรอสต์ถูกกำราบก็ถือว่าหมดหน้าที่ของเรา แล้วมีเหตุอันใดที่ไฮแซนต์ต้องกระชับอำนาจตัวเองด้วยล่ะ?,,,PENDING_MANUAL_GENERATION,,triangle-strategy
18,MS14_F01_A0_0010_M_EGS_0010.wav,MS14_F01_A0_0010_M_EGS_0010,17,17,17,18,Exharme,npc,male,exharme,assets/triangle-strategy/approved_voice_references/exharme.wav,ฝ่าบาทโรแลนด์ พวกเรามากล่าวอำลาท่านขอรับ หวังว่าคงไม่ได้รบกวนเวลามากนัก,,,PENDING_MANUAL_GENERATION,,triangle-strategy
19,MS14_F01_A0_0010_M_EGS_0020.wav,MS14_F01_A0_0010_M_EGS_0020,18,18,18,19,Exharme,npc,male,exharme,assets/triangle-strategy/approved_voice_references/exharme.wav,ฝ่าบาท เผื่อว่าท่านกำลังเข้าใจผิดเรื่องตำแหน่งของสหายท่าน...ข้าจึงขอชี้แจงแถลงไข ตอนนี้รัฐมนตรีเซเรโนอาคือเจ็ดผู้ศักดิ์สิทธิ์ขอรับ,,,PENDING_MANUAL_GENERATION,,triangle-strategy
20,MS14_F01_A0_0010_M_EGS_0030.wav,MS14_F01_A0_0010_M_EGS_0030,19,19,19,20,Exharme,npc,male,exharme,assets/triangle-strategy/approved_voice_references/exharme.wav,หน้าที่ของเขาคือการรับใช้หัวหน้านักบวช หาใช่ท่านไม่ขอรับ,,,PENDING_MANUAL_GENERATION,,triangle-strategy
21,MS14_F01_A0_0010_M_EGS_0040.wav,MS14_F01_A0_0010_M_EGS_0040,20,20,20,21,Exharme,npc,male,exharme,assets/triangle-strategy/approved_voice_references/exharme.wav,ฝ่าบาท...แม้ว่ามิตรภาพของท่านจะแน่นแฟ้นเพียงใด แต่ระบบการเมืองของเราไม่ใช่สิ่งที่เปลี่ยนแปลงได้ง่ายๆนะขอรับ,,,PENDING_MANUAL_GENERATION,,triangle-strategy
22,MS14_F01_A0_0010_M_EGS_0050.wav,MS14_F01_A0_0010_M_EGS_0050,21,21,21,22,Exharme,npc,male,exharme,assets/triangle-strategy/approved_voice_references/exharme.wav,ซึ่งหมายความว่า ท่านไม่ได้จงรักภักดีต่อหัวหน้านักบวชเพียงผู้เดียวงั้นรึ?,,,PENDING_MANUAL_GENERATION,,triangle-strategy
23,MS14_F01_A0_0010_M_EGS_0060.wav,MS14_F01_A0_0010_M_EGS_0060,22,22,22,23,Exharme,npc,male,exharme,assets/triangle-strategy/approved_voice_references/exharme.wav,เช่นนั้น พวกเราขอตัวก่อนนะขอรับ,,,PENDING_MANUAL_GENERATION,,triangle-strategy
24,MS14_F01_A0_0010_M_KNS_0010.wav,MS14_F01_A0_0010_M_KNS_0010,23,23,23,24,แคมเซลล์,npc,male,kamsell,assets/triangle-strategy/approved_voice_references/kamsell.wav,ฝ่าบาทขอรับ รบกวนท่านช่วยยุติการคว่ำบาตร และดูแลให้เอสฟรอสต์อยู่ในความสงบได้ไหม?,,,PENDING_MANUAL_GENERATION,,triangle-strategy
25,MS14_F01_A0_0010_M_KNS_0020.wav,MS14_F01_A0_0010_M_KNS_0020,24,24,24,25,แคมเซลล์,npc,male,kamsell,assets/triangle-strategy/approved_voice_references/kamsell.wav,ถูกของเจ้า พวกเราไม่มีสิทธิไปคิดแทนท่านเทพธิดาหรอก,,,PENDING_MANUAL_GENERATION,,triangle-strategy
26,MS14_F01_A0_0010_M_RLN_0010.wav,MS14_F01_A0_0010_M_RLN_0010,25,25,25,26,Roland,main,male,roland,assets/triangle-strategy/approved_voice_references/roland.wav,อ๊ะ กลับมาแล้วเหรอ,,,PENDING_MANUAL_GENERATION,,triangle-strategy
27,MS14_F01_A0_0010_M_RLN_0020.wav,MS14_F01_A0_0010_M_RLN_0020,26,26,26,27,Roland,main,male,roland,assets/triangle-strategy/approved_voice_references/roland.wav,สหายข้า ขอคุยด้วยหน่อยสิ,,,PENDING_MANUAL_GENERATION,,triangle-strategy
28,MS14_F01_A0_0010_M_RLN_0030.wav,MS14_F01_A0_0010_M_RLN_0030,27,27,27,28,Roland,main,male,roland,assets/triangle-strategy/approved_voice_references/roland.wav,ช่างเป็นเกียรติของข้าเสียจริงที่มีเจ้าอยู่ข้างกายตลอดการเดินทาง โชคดีของข้าเหลือเกินที่มีสหายเช่นเจ้า,,,PENDING_MANUAL_GENERATION,,triangle-strategy
29,MS14_F01_A0_0010_M_RLN_0040.wav,MS14_F01_A0_0010_M_RLN_0040,28,28,28,29,Roland,main,male,roland,assets/triangle-strategy/approved_voice_references/roland.wav,หากไม่ได้พวกท่านช่วยไว้ คนของข้าคงทุกข์ทรมานภายใต้ระบอบเอสฟรอสต์เป็นแน่ เกลนบรู๊คเป็นหนี้บุญคุณพวกท่านจริงๆ,,,PENDING_MANUAL_GENERATION,,triangle-strategy
30,MS14_F01_A0_0010_M_RLN_0050.wav,MS14_F01_A0_0010_M_RLN_0050,29,29,29,30,Roland,main,male,roland,assets/triangle-strategy/approved_voice_references/roland.wav,ได้สิ ลอร์ดวูล์ฟฟอร์ตตกลงรับปากเรื่องนี้เรียบร้อยแล้ว,,,PENDING_MANUAL_GENERATION,,triangle-strategy
31,MS14_F01_A0_0010_M_RLN_0060.wav,MS14_F01_A0_0010_M_RLN_0060,30,30,30,31,Roland,main,male,roland,assets/triangle-strategy/approved_voice_references/roland.wav,ข้าเข้าใจ แต่เขาเองก็เป็นลอร์ดแห่งเกลนบรู๊คเช่นกันนะ,,,PENDING_MANUAL_GENERATION,,triangle-strategy
32,MS14_F01_A0_0010_M_RLN_0070.wav,MS14_F01_A0_0010_M_RLN_0070,31,31,31,32,Roland,main,male,roland,assets/triangle-strategy/approved_voice_references/roland.wav,เหนือสิ่งอื่นใด...เขาคือสหายข้า ดังนั้นข้าจึงต้องการให้เขาสนับสนุนเช่นเดิม เหมือนในอดีตที่ผ่านมา,,,PENDING_MANUAL_GENERATION,,triangle-strategy
33,MS14_F01_A0_0010_M_RLN_0080.wav,MS14_F01_A0_0010_M_RLN_0080,32,32,32,33,Roland,main,male,roland,assets/triangle-strategy/approved_voice_references/roland.wav,ได้เลย ข้าหวังจะได้พบพระองค์เมื่อมีโอกาสนะ,,,PENDING_MANUAL_GENERATION,,triangle-strategy
34,MS14_F01_A0_0010_M_RLN_0090.wav,MS14_F01_A0_0010_M_RLN_0090,33,33,33,34,Roland,main,male,roland,assets/triangle-strategy/approved_voice_references/roland.wav,อนาคตของเจ้าวุ่นวายแน่นอนเซเรโนอา เตรียมใจไว้ด้วยล่ะ,,,PENDING_MANUAL_GENERATION,,triangle-strategy
35,MS14_F01_A0_0010_M_RLN_0100.wav,MS14_F01_A0_0010_M_RLN_0100,34,34,34,35,Roland,main,male,roland,assets/triangle-strategy/approved_voice_references/roland.wav,แล้วเจอกันนะ,,,PENDING_MANUAL_GENERATION,,triangle-strategy
36,MS14_F01_A0_0010_M_RLN_0110.wav,MS14_F01_A0_0010_M_RLN_0110,35,35,35,36,Roland,main,male,roland,assets/triangle-strategy/approved_voice_references/roland.wav,ข้าเชื่อว่าพวกเขาจะไม่เจอความลับใดๆ นอกเหนือจากความจริงใจในมิตรภาพระหว่างเรา,,,PENDING_MANUAL_GENERATION,,triangle-strategy
37,MS14_F01_A0_0010_M_RLN_0120.wav,MS14_F01_A0_0010_M_RLN_0120,36,36,36,37,Roland,main,male,roland,assets/triangle-strategy/approved_voice_references/roland.wav,แต่เราต้องการไฮแซนต์เพื่อบดขยี้เอสฟรอสต์ด้วยน่ะสิ,,,PENDING_MANUAL_GENERATION,,triangle-strategy
38,MS14_F01_A0_0010_M_RLN_0130.wav,MS14_F01_A0_0010_M_RLN_0130,37,37,37,38,Roland,main,male,roland,assets/triangle-strategy/approved_voice_references/roland.wav,รู้แล้วน่า! รู้แล้ว...,,,PENDING_MANUAL_GENERATION,,triangle-strategy
39,MS14_F01_A0_0010_M_RLN_0140.wav,MS14_F01_A0_0010_M_RLN_0140,38,38,38,39,Roland,main,male,roland,assets/triangle-strategy/approved_voice_references/roland.wav,อาณาจักรแห่งนี้คือบ้านของข้า ซึ่งท่านพ่อและกษัตริย์รุ่นก่อนสร้างขึ้นมาให้น้องของข้าและคนรุ่นหลังปกป้องมันสืบไป,,,PENDING_MANUAL_GENERATION,,triangle-strategy
40,MS14_F01_A0_0010_M_RLN_0150.wav,MS14_F01_A0_0010_M_RLN_0150,39,39,39,40,Roland,main,male,roland,assets/triangle-strategy/approved_voice_references/roland.wav,ข้าจะสร้างอาณาจักรแห่งนี้ขึ้นใหม่...ข้าจะกอบกู้ชื่อเสียงและศักดิ์ศรี พวกเราไม่ใช่สุนัขรับใช้ของใครทั้งนั้น,,,PENDING_MANUAL_GENERATION,,triangle-strategy
41,MS14_F01_A0_0010_M_SEL_0010.wav,MS14_F01_A0_0010_M_SEL_0010,40,40,40,41,Serenoa,main,male,serenoa,assets/triangle-strategy/approved_voice_references/serenoa.wav,ยินดีด้วยนะขอรับฝ่าบาทโรแลนด์ ที่ได้กลับสู่บัลลังก์อันชอบธรรมของท่าน,,,PENDING_MANUAL_GENERATION,,triangle-strategy
42,MS14_F01_A0_0010_M_SEL_0020.wav,MS14_F01_A0_0010_M_SEL_0020,41,41,41,42,Serenoa,main,male,serenoa,assets/triangle-strategy/approved_voice_references/serenoa.wav,ขอรับ?,,,PENDING_MANUAL_GENERATION,,triangle-strategy
43,MS14_F01_A0_0010_M_SEL_0030.wav,MS14_F01_A0_0010_M_SEL_0030,42,42,42,43,Serenoa,main,male,serenoa,assets/triangle-strategy/approved_voice_references/serenoa.wav,เช่นกันนะ โรแลนด์,,,PENDING_MANUAL_GENERATION,,triangle-strategy
44,MS14_F01_A0_0010_M_SEL_0040.wav,MS14_F01_A0_0010_M_SEL_0040,43,43,43,44,Serenoa,main,male,serenoa,assets/triangle-strategy/approved_voice_references/serenoa.wav,แน่นอน ข้ารู้สึกซาบซึ้งที่ได้รับโอกาสจากไฮแซนต์ขอรับ,,,PENDING_MANUAL_GENERATION,,triangle-strategy
45,MS14_F01_A0_0010_M_SEL_0050.wav,MS14_F01_A0_0010_M_SEL_0050,44,44,44,45,Serenoa,main,male,serenoa,assets/triangle-strategy/approved_voice_references/serenoa.wav,และข้าจะรับใช้หัวหน้านักบวชและฝ่าบาทโรแลนด์อย่างสัตย์จริง,,,PENDING_MANUAL_GENERATION,,triangle-strategy
46,MS14_F01_A0_0010_M_SEL_0060.wav,MS14_F01_A0_0010_M_SEL_0060,45,45,45,46,Serenoa,main,male,serenoa,assets/triangle-strategy/approved_voice_references/serenoa.wav,คือ ข้า...,,,PENDING_MANUAL_GENERATION,,triangle-strategy
47,MS14_F01_A0_0010_M_SEL_0070.wav,MS14_F01_A0_0010_M_SEL_0070,46,46,46,47,Serenoa,main,male,serenoa,assets/triangle-strategy/approved_voice_references/serenoa.wav,ขอรับฝ่าบาท,,,PENDING_MANUAL_GENERATION,,triangle-strategy
48,MS14_F01_A0_0010_M_SEL_0080.wav,MS14_F01_A0_0010_M_SEL_0080,47,47,47,48,Serenoa,main,male,serenoa,assets/triangle-strategy/approved_voice_references/serenoa.wav,ตอนนี้พวกเราจัดการตัวเองก่อนจัดการปัญหาภายนอกดีกว่าขอรับ,,,PENDING_MANUAL_GENERATION,,triangle-strategy
49,MS14_F01_A0_0020_F_CRD_0010.wav,MS14_F01_A0_0020_F_CRD_0010,48,48,48,49,Cordelia,npc,female,cordelia,assets/triangle-strategy/approved_voice_references/cordelia.wav,...อ้าว ท่านพี่,,,PENDING_MANUAL_GENERATION,,triangle-strategy
50,MS14_F01_A0_0020_F_CRD_0020.wav,MS14_F01_A0_0020_F_CRD_0020,49,49,49,50,Cordelia,npc,female,cordelia,assets/triangle-strategy/approved_voice_references/cordelia.wav,...ได้สิเจ้าคะ,,,PENDING_MANUAL_GENERATION,,triangle-strategy
51,MS14_F01_A0_0020_F_CRD_0030.wav,MS14_F01_A0_0020_F_CRD_0030,50,50,50,51,Cordelia,npc,female,cordelia,assets/triangle-strategy/approved_voice_references/cordelia.wav,ข้า...ขอโทษจริงๆนะ ดีใจเหลือเกินที่ท่านพี่ปลอดภัยดี ข้านึกว่า...ท่านพี่จากเราไปตั้งนานแล้วเสียอีก...,,,PENDING_MANUAL_GENERATION,,triangle-strategy
52,MS14_F01_A0_0020_F_CRD_0040.wav,MS14_F01_A0_0020_F_CRD_0040,51,51,51,52,Cordelia,npc,female,cordelia,assets/triangle-strategy/approved_voice_references/cordelia.wav,ข้าไม่ได้โทษท่านพี่เลยนะ ไม่ต้องอธิบายหรอกเจ้าค่ะ,,,PENDING_MANUAL_GENERATION,,triangle-strategy
53,MS14_F01_A0_0020_F_CRD_0050.wav,MS14_F01_A0_0020_F_CRD_0050,52,52,52,53,Cordelia,npc,female,cordelia,assets/triangle-strategy/approved_voice_references/cordelia.wav,อัฟโลร่า... นาง...,,,PENDING_MANUAL_GENERATION,,triangle-strategy
54,MS14_F01_A0_0020_F_CRD_0060.wav,MS14_F01_A0_0020_F_CRD_0060,53,53,53,54,Cordelia,npc,female,cordelia,assets/triangle-strategy/approved_voice_references/cordelia.wav,เจ้าค่ะ...,,,PENDING_MANUAL_GENERATION,,triangle-strategy
55,MS14_F01_A0_0020_F_CRD_0070.wav,MS14_F01_A0_0020_F_CRD_0070,54,54,54,55,Cordelia,npc,female,cordelia,assets/triangle-strategy/approved_voice_references/cordelia.wav,ใช่แล้วล่ะ ถึงนางเป็นคนรุนแรง แต่ก็ใจดีเสมอมา,,,PENDING_MANUAL_GENERATION,,triangle-strategy
56,MS14_F01_A0_0020_F_CRD_0075.wav,MS14_F01_A0_0020_F_CRD_0075,429,429,429,56,Cordelia,npc,female,cordelia,assets/triangle-strategy/approved_voice_references/cordelia.wav,อ๊ะ...,,,PENDING_MANUAL_GENERATION,,triangle-strategy
57,MS14_F01_A0_0020_F_CRD_0080.wav,MS14_F01_A0_0020_F_CRD_0080,55,55,55,57,Cordelia,npc,female,cordelia,assets/triangle-strategy/approved_voice_references/cordelia.wav,เปล่า...เปล่าเจ้าค่ะ แค่ต้องการพักผ่อนน่ะ,,,PENDING_MANUAL_GENERATION,,triangle-strategy
58,MS14_F01_A0_0020_F_CRD_0090.wav,MS14_F01_A0_0020_F_CRD_0090,56,56,56,58,Cordelia,npc,female,cordelia,assets/triangle-strategy/approved_voice_references/cordelia.wav,ไม่ต้องหรอก ข้าแค่...พยายามเข้มแข็งมาโดยตลอด จนมันเริ่มส่งผลเสียกับข้าเจ้าค่ะ,,,PENDING_MANUAL_GENERATION,,triangle-strategy
59,MS14_F01_A0_0020_F_CRD_0100.wav,MS14_F01_A0_0020_F_CRD_0100,57,57,57,59,Cordelia,npc,female,cordelia,assets/triangle-strategy/approved_voice_references/cordelia.wav,ขอบคุณมากเลยนะเจ้าคะ ความลำบากที่ฝ่าฟันไม่ได้ทำให้ความใจดีของท่านพี่เลือนหายไปเลย,,,PENDING_MANUAL_GENERATION,,triangle-strategy
60,MS14_F01_A0_0020_F_CRD_0110.wav,MS14_F01_A0_0020_F_CRD_0110,58,58,58,60,Cordelia,npc,female,cordelia,assets/triangle-strategy/approved_voice_references/cordelia.wav,ยินดีต้อนรับกลับบ้านเจ้าค่ะ ท่านพี่,,,PENDING_MANUAL_GENERATION,,triangle-strategy
61,MS14_F01_A0_0020_M_RLN_0010.wav,MS14_F01_A0_0020_M_RLN_0010,59,59,59,61,Roland,main,male,roland,assets/triangle-strategy/approved_voice_references/roland.wav,ข้าขอคุยอะไรหน่อยได้ไหม?,,,PENDING_MANUAL_GENERATION,,triangle-strategy
62,MS14_F01_A0_0020_M_RLN_0020.wav,MS14_F01_A0_0020_M_RLN_0020,60,60,60,62,Roland,main,male,roland,assets/triangle-strategy/approved_voice_references/roland.wav,ข้าเข้าใจ,,,PENDING_MANUAL_GENERATION,,triangle-strategy
63,MS14_F01_A0_0020_M_RLN_0030.wav,MS14_F01_A0_0020_M_RLN_0030,61,61,61,63,Roland,main,male,roland,assets/triangle-strategy/approved_voice_references/roland.wav,ข้าทำได้เพียงหลบซ่อนไปวันๆก็เท่านั้น...,,,PENDING_MANUAL_GENERATION,,triangle-strategy
64,MS14_F01_A0_0020_M_RLN_0040.wav,MS14_F01_A0_0020_M_RLN_0040,62,62,62,64,Roland,main,male,roland,assets/triangle-strategy/approved_voice_references/roland.wav,ขอบคุณนะ ส่วนเรื่องอัฟโลร่า...,,,PENDING_MANUAL_GENERATION,,triangle-strategy
65,MS14_F01_A0_0020_M_RLN_0050.wav,MS14_F01_A0_0020_M_RLN_0050,63,63,63,65,Roland,main,male,roland,assets/triangle-strategy/approved_voice_references/roland.wav,นางรับใช้เอสฟรอสต์ ผู้เป็นศัตรูของเรา,,,PENDING_MANUAL_GENERATION,,triangle-strategy
66,MS14_F01_A0_0020_M_RLN_0060.wav,MS14_F01_A0_0020_M_RLN_0060,64,64,64,66,Roland,main,male,roland,assets/triangle-strategy/approved_voice_references/roland.wav,หากเจ้าต้องการชิงเกลนบรู๊คคืน และอยากให้ข้าช่วยเจ้าหลุดพ้นจากเงื้อมมือของเอสฟรอสต์,,,PENDING_MANUAL_GENERATION,,triangle-strategy
67,MS14_F01_A0_0020_M_RLN_0070.wav,MS14_F01_A0_0020_M_RLN_0070,65,65,65,67,Roland,main,male,roland,assets/triangle-strategy/approved_voice_references/roland.wav,ซึ่งเจ้าเองก็ไม่ควรปรานีใครเช่นกัน,,,PENDING_MANUAL_GENERATION,,triangle-strategy
68,MS14_F01_A0_0020_M_RLN_0080.wav,MS14_F01_A0_0020_M_RLN_0080,66,66,66,68,Roland,main,male,roland,assets/triangle-strategy/approved_voice_references/roland.wav,ถึงยังไงนางก็ได้สั่งเสียกับข้า... เจ้าเองก็สมควรได้รับรู้สิ่งนี้ด้วย,,,PENDING_MANUAL_GENERATION,,triangle-strategy
69,MS14_F01_A0_0020_M_RLN_0090.wav,MS14_F01_A0_0020_M_RLN_0090,67,67,67,69,Roland,main,male,roland,assets/triangle-strategy/approved_voice_references/roland.wav,นางขอให้ข้าดูแลเจ้าแทนนาง,,,PENDING_MANUAL_GENERATION,,triangle-strategy
70,MS14_F01_A0_0020_M_RLN_0100.wav,MS14_F01_A0_0020_M_RLN_0100,68,68,68,70,Roland,main,male,roland,assets/triangle-strategy/approved_voice_references/roland.wav,เหมือนว่านางเป็นห่วงเจ้า ในแบบของนางเอง,,,PENDING_MANUAL_GENERATION,,triangle-strategy
71,MS14_F01_A0_0020_M_RLN_0110.wav,MS14_F01_A0_0020_M_RLN_0110,69,69,69,71,Roland,main,male,roland,assets/triangle-strategy/approved_voice_references/roland.wav,หน่วยสำรวจของเรายังตามหาร่างของนางอยู่ แต่แผลของนางสาหัสมาก,,,PENDING_MANUAL_GENERATION,,triangle-strategy
72,MS14_F01_A0_0020_M_RLN_0120.wav,MS14_F01_A0_0020_M_RLN_0120,70,70,70,72,Roland,main,male,roland,assets/triangle-strategy/approved_voice_references/roland.wav,เกรงว่าตอนที่เราเจอนาง นางจะ...,,,PENDING_MANUAL_GENERATION,,triangle-strategy
73,MS14_F01_A0_0020_M_RLN_0130.wav,MS14_F01_A0_0020_M_RLN_0130,71,71,71,73,Roland,main,male,roland,assets/triangle-strategy/approved_voice_references/roland.wav,คอร์เดเลีย? เป็นอะไรหรือเปล่า?,,,PENDING_MANUAL_GENERATION,,triangle-strategy
74,MS14_F01_A0_0020_M_RLN_0140.wav,MS14_F01_A0_0020_M_RLN_0140,72,72,72,74,Roland,main,male,roland,assets/triangle-strategy/approved_voice_references/roland.wav,งั้นเหรอ? ข้าว่าไม่ใช่แล้วมั้ง เดี๋ยวจะตามตัวผู้รักษามาให้นะ,,,PENDING_MANUAL_GENERATION,,triangle-strategy
75,MS14_F01_A0_0020_M_RLN_0150.wav,MS14_F01_A0_0020_M_RLN_0150,73,73,73,75,Roland,main,male,roland,assets/triangle-strategy/approved_voice_references/roland.wav,เจ้าทำดีแล้วน้องรัก ให้ข้าช่วยแบ่งเบาภาระเถอะนะ,,,PENDING_MANUAL_GENERATION,,triangle-strategy
76,MS14_F01_A0_0020_M_RLN_0160.wav,MS14_F01_A0_0020_M_RLN_0160,74,74,74,76,Roland,main,male,roland,assets/triangle-strategy/approved_voice_references/roland.wav,ข้าอยู่นี่แล้ว ข้าจะไม่ทิ้งเจ้าไปไหนอีก...แต่ข้าขอให้เจ้าไปรักษาตัวก่อนได้ไหม เอนตัวนอนผ่อนคลายสักหน่อยก็ยังดี,,,PENDING_MANUAL_GENERATION,,triangle-strategy
77,MS14_F01_B0_0010_M_GST_0010.wav,MS14_F01_B0_0010_M_GST_0010,75,75,75,77,กุสตาดอล์ฟ,npc,male,gustadolph,assets/triangle-strategy/approved_voice_references/gustadolph.wav,นครหลวงแตกพ่ายแล้วสินะ,,,PENDING_MANUAL_GENERATION,,triangle-strategy
78,MS14_F01_B0_0010_M_GST_0020.wav,MS14_F01_B0_0010_M_GST_0020,76,76,76,78,กุสตาดอล์ฟ,npc,male,gustadolph,assets/triangle-strategy/approved_voice_references/gustadolph.wav,แล้วแม่ทัพอัฟโลร่าล่ะ?,,,PENDING_MANUAL_GENERATION,,triangle-strategy
79,MS14_F01_B0_0010_M_GST_0030.wav,MS14_F01_B0_0010_M_GST_0030,77,77,77,79,กุสตาดอล์ฟ,npc,male,gustadolph,assets/triangle-strategy/approved_voice_references/gustadolph.wav,แล้วน้องของข้า ธาลาสกับเอริก้าล่ะ?,,,PENDING_MANUAL_GENERATION,,triangle-strategy
80,MS14_F01_B0_0010_M_GST_0040.wav,MS14_F01_B0_0010_M_GST_0040,78,78,78,80,กุสตาดอล์ฟ,npc,male,gustadolph,assets/triangle-strategy/approved_voice_references/gustadolph.wav,...เข้าใจแล้ว แสดงว่าข้าเหลือหมากในกระดานไม่มากแล้วสินะ,,,PENDING_MANUAL_GENERATION,,triangle-strategy
81,MS14_F01_B0_0010_M_GST_0050.wav,MS14_F01_B0_0010_M_GST_0050,79,79,79,81,กุสตาดอล์ฟ,npc,male,gustadolph,assets/triangle-strategy/approved_voice_references/gustadolph.wav,เหมือนว่าข้าคิดผิดที่ไฮแซนต์จะนิ่งเฉย หรือจริงๆแล้วข้าผิดที่เชื่อละครตบตาของโรแลนด์กันแน่?,,,PENDING_MANUAL_GENERATION,,triangle-strategy
82,MS14_F01_B0_0010_M_GST_0060.wav,MS14_F01_B0_0010_M_GST_0060,80,80,80,82,กุสตาดอล์ฟ,npc,male,gustadolph,assets/triangle-strategy/approved_voice_references/gustadolph.wav,แต่ก็ช่างเถอะ ข้าผิดเองที่เมตตาวูล์ฟฟอร์ต,,,PENDING_MANUAL_GENERATION,,triangle-strategy
83,MS14_F01_B0_0010_M_GST_0070.wav,MS14_F01_B0_0010_M_GST_0070,81,81,81,83,กุสตาดอล์ฟ,npc,male,gustadolph,assets/triangle-strategy/approved_voice_references/gustadolph.wav,เหรอ? ว่ามาสิ,,,PENDING_MANUAL_GENERATION,,triangle-strategy
84,MS14_F01_B0_0010_M_GST_0080.wav,MS14_F01_B0_0010_M_GST_0080,82,82,82,84,กุสตาดอล์ฟ,npc,male,gustadolph,assets/triangle-strategy/approved_voice_references/gustadolph.wav,พวกมันมีอาวุธควบคุมกระแสน้ำด้วยเหรอ?,,,PENDING_MANUAL_GENERATION,,triangle-strategy
85,MS14_F01_B0_0010_M_GST_0090.wav,MS14_F01_B0_0010_M_GST_0090,83,83,83,85,กุสตาดอล์ฟ,npc,male,gustadolph,assets/triangle-strategy/approved_voice_references/gustadolph.wav,อืม เรือเหล็กอันภาคภูมิของเรานั้น ถูกระเบิดฉีกขาดเฉกเช่นกระดาษหนัง...ท่ามกลางสงคราม,,,PENDING_MANUAL_GENERATION,,triangle-strategy
86,MS14_F01_B0_0010_M_GST_0100.wav,MS14_F01_B0_0010_M_GST_0100,84,84,84,86,กุสตาดอล์ฟ,npc,male,gustadolph,assets/triangle-strategy/approved_voice_references/gustadolph.wav,สะพานนั่น ทนแดดทนฝนมาหลายชั่วอายุคน...,,,PENDING_MANUAL_GENERATION,,triangle-strategy
87,MS14_F01_B0_0010_M_GST_0110.wav,MS14_F01_B0_0010_M_GST_0110,85,85,85,87,กุสตาดอล์ฟ,npc,male,gustadolph,assets/triangle-strategy/approved_voice_references/gustadolph.wav,แสดงว่าอาวุธตามรายงานของอัฟโลร่า พัฒนาไปมากกว่าที่เราคิดสินะ,,,PENDING_MANUAL_GENERATION,,triangle-strategy
88,MS14_F01_B0_0010_M_GST_0120.wav,MS14_F01_B0_0010_M_GST_0120,86,86,86,88,กุสตาดอล์ฟ,npc,male,gustadolph,assets/triangle-strategy/approved_voice_references/gustadolph.wav,ข้าไม่ยอมให้พวกมันเหลิงหรอก,,,PENDING_MANUAL_GENERATION,,triangle-strategy
89,MS14_F01_B0_0010_M_GST_0130.wav,MS14_F01_B0_0010_M_GST_0130,87,87,87,89,กุสตาดอล์ฟ,npc,male,gustadolph,assets/triangle-strategy/approved_voice_references/gustadolph.wav,พวกเราจะสนองคืนไฮแซนต์ด้วยอาวุธของข้าเอง,,,PENDING_MANUAL_GENERATION,,triangle-strategy
90,MS14_F01_B0_0010_M_M215_0010.wav,MS14_F01_B0_0010_M_M215_0010,88,88,88,90,ชายชาวเมือง/ทหาร/ผู้ติดตาม,generic,male,MALE_ADULT_A,assets/triangle-strategy/approved_voice_references/MALE_ADULT_A.wav,นางสูญหายไปพร้อมกับกองทัพของนางแล้วขอรับ,,,PENDING_MANUAL_GENERATION,,triangle-strategy
91,MS14_F01_B0_0010_M_M215_0020.wav,MS14_F01_B0_0010_M_M215_0020,89,89,89,91,ชายชาวเมือง/ทหาร/ผู้ติดตาม,generic,male,MALE_ADULT_A,assets/triangle-strategy/approved_voice_references/MALE_ADULT_A.wav,นางตกลงไปในแม่น้ำนอร์เซเลียและสูญหายไปเลยขอรับ,,,PENDING_MANUAL_GENERATION,,triangle-strategy
92,MS14_F01_B0_0010_M_M215_0030.wav,MS14_F01_B0_0010_M_M215_0030,90,90,90,92,ชายชาวเมือง/ทหาร/ผู้ติดตาม,generic,male,MALE_ADULT_A,assets/triangle-strategy/approved_voice_references/MALE_ADULT_A.wav,เรื่องนั้น...เสียใจด้วยนะขอรับนายท่าน พวกเขาสละชีพอย่างกล้าหาญในสมรภูมินี้,,,PENDING_MANUAL_GENERATION,,triangle-strategy
93,MS14_F01_B0_0010_M_M215_0035.wav,MS14_F01_B0_0010_M_M215_0035,91,91,91,93,ชายชาวเมือง/ทหาร/ผู้ติดตาม,generic,male,MALE_ADULT_A,assets/triangle-strategy/approved_voice_references/MALE_ADULT_A.wav,หมากงั้นเหรอ...? นิสัยเช่นนี้สินะ ที่ใครเขาก็ต่างร่ำลือกัน...,,,PENDING_MANUAL_GENERATION,,triangle-strategy
94,MS14_F01_B0_0010_M_M215_0040.wav,MS14_F01_B0_0010_M_M215_0040,92,92,92,94,ชายชาวเมือง/ทหาร/ผู้ติดตาม,generic,male,MALE_ADULT_A,assets/triangle-strategy/approved_voice_references/MALE_ADULT_A.wav,นายท่าน พวกเราพบอาวุธไม่ทราบชนิดบนสมรภูมิขอรับ,,,PENDING_MANUAL_GENERATION,,triangle-strategy
95,MS14_F01_B0_0010_M_M215_0050.wav,MS14_F01_B0_0010_M_M215_0050,93,93,93,95,ชายชาวเมือง/ทหาร/ผู้ติดตาม,generic,male,MALE_ADULT_A,assets/triangle-strategy/approved_voice_references/MALE_ADULT_A.wav,ทหารของเราพบเห็นแสงระเบิดม่วงจากเขตเทลลิออร์ ก่อนเขื่อนถล่มท่วมหุบเขาขอรับ,,,PENDING_MANUAL_GENERATION,,triangle-strategy
96,MS14_F01_B0_0010_M_M215_0060.wav,MS14_F01_B0_0010_M_M215_0060,94,94,94,96,ชายชาวเมือง/ทหาร/ผู้ติดตาม,generic,male,MALE_ADULT_A,assets/triangle-strategy/approved_voice_references/MALE_ADULT_A.wav,เห็นว่าพวกเขาทำลายเรือรบของเราด้วยระเบิดม่วงเช่นกันขอรับ,,,PENDING_MANUAL_GENERATION,,triangle-strategy
97,MS14_F01_B0_0010_M_M215_0070.wav,MS14_F01_B0_0010_M_M215_0070,95,95,95,97,ชายชาวเมือง/ทหาร/ผู้ติดตาม,generic,male,MALE_ADULT_A,assets/triangle-strategy/approved_voice_references/MALE_ADULT_A.wav,สะพานเชื่อมปราสาทไวท์โฮล์มโดนแรงระเบิดม่วงทำลายทิ้งแล้วขอรับ,,,PENDING_MANUAL_GENERATION,,triangle-strategy
98,MS14_F01_WD_0010_N_NNN_0010.wav,MS14_F01_WD_0010_N_NNN_0010,96,96,96,98,Narrator,narrator,female,narrator,assets/triangle-strategy/approved_voice_references/narrator.wav,เมื่อวูล์ฟฟอร์ตคว้าชัย ทัพเอสฟรอสต์เร่งถอนกำลังจากนครหลวง มอบอิสระแก่เกลนบรู๊ค,,,PENDING_MANUAL_GENERATION,,triangle-strategy
99,MS14_F01_WD_0010_N_NNN_0020.wav,MS14_F01_WD_0010_N_NNN_0020,97,97,97,99,Narrator,narrator,female,narrator,assets/triangle-strategy/approved_voice_references/narrator.wav,หลังจากศึกสงบลงเป็นเวลาหลายวัน องค์ราชินีคอร์เดเลียได้สละบัลลังก์มอบให้แก่ผู้ที่คู่ควร,,,PENDING_MANUAL_GENERATION,,triangle-strategy
100,MS14_F01_WD_0010_N_NNN_0030.wav,MS14_F01_WD_0010_N_NNN_0030,98,98,98,100,Narrator,narrator,female,narrator,assets/triangle-strategy/approved_voice_references/narrator.wav,โรแลนด์จึงเปิดเผยตัวตน และสืบทอดบัลลังก์อันชอบธรรม,,,PENDING_MANUAL_GENERATION,,triangle-strategy
101,MS14_F01_WD_0010_N_NNN_0040.wav,MS14_F01_WD_0010_N_NNN_0040,99,99,99,101,Narrator,narrator,female,narrator,assets/triangle-strategy/approved_voice_references/narrator.wav,ด้วยการที่มิตรสหายขององค์ชายเพิ่งเสร็จสิ้นการไว้อาลัยต่อการจากไปของเขา และศัตรูของเขาเพิ่งฉลองให้กับการเสียชีวิต ข่าวนี้จึงสั่นสะเทือนรากฐานไม่เพียงแค่ในเกลนบรู๊คเท่านั้น แต่ยังรวมถึงทั่วทั้งนอเซเลียด้วย,,,PENDING_MANUAL_GENERATION,,triangle-strategy
102,MS14_F01_WD_0010_N_NNN_0050.wav,MS14_F01_WD_0010_N_NNN_0050,100,100,100,102,Narrator,narrator,female,narrator,assets/triangle-strategy/approved_voice_references/narrator.wav,กลยุทธ์สุดท้าทายของเบเนดิกต์ได้สร้างแผลฉกรรจ์ไปทั่วนครหลวง ซึ่งเป็นข้อความส่งไปถึงเอสฟรอสต์ว่าศัตรูของพวกเขาพร้อมทำทุกหนทางเพื่อพิชิตพวกเขา,,,PENDING_MANUAL_GENERATION,,triangle-strategy
103,MS14_F01_WD_0010_N_NNN_0060.wav,MS14_F01_WD_0010_N_NNN_0060,101,101,101,103,Narrator,narrator,female,narrator,assets/triangle-strategy/approved_voice_references/narrator.wav,องค์ชายโรแลนด์ผู้มีเชื้อสายกษัตริย์จริงแท้ ทำการบุกเข้าปราสาทไวท์โฮล์ม พร้อมกำจัดศัตรูและช่วยน้องสาวของตนออกมาได้อย่างปลอดภัย,,,PENDING_MANUAL_GENERATION,,triangle-strategy
104,MS14_F01_WD_0010_N_NNN_0070.wav,MS14_F01_WD_0010_N_NNN_0070,102,102,102,104,Narrator,narrator,female,narrator,assets/triangle-strategy/approved_voice_references/narrator.wav,ตระกูลวูล์ฟฟอร์ตสำแดงพละกำลังและความภักดีต่อราชวงศ์ให้เห็น ผ่านการโค่นศัตรูและเลี่ยงความเสียหายภายในนครหลวง,,,PENDING_MANUAL_GENERATION,,triangle-strategy
105,MS14_F01_WD_0010_N_NNN_0080.wav,MS14_F01_WD_0010_N_NNN_0080,103,103,103,105,Narrator,narrator,female,narrator,assets/triangle-strategy/approved_voice_references/narrator.wav,องค์ชายผู้ครองบัลลังก์กษัตริย์จึงประณามแผนการล้มเจ้าของกุสตาดอล์ฟ แต่ทว่าประชาชนกลับเสียงแตกและเห็นต่าง,,,PENDING_MANUAL_GENERATION,,triangle-strategy
106,MS14_F01_WD_0010_N_NNN_0090.wav,MS14_F01_WD_0010_N_NNN_0090,104,104,104,106,Narrator,narrator,female,narrator,assets/triangle-strategy/approved_voice_references/narrator.wav,พิษสงครามและความอัปยศนั้นแปดเปื้อนประชาชนและอาณาจักรซึ่งเคยเฟื่องฟูอย่างเห็นได้ชัด,,,PENDING_MANUAL_GENERATION,,triangle-strategy
107,MS14_F01_WD_0010_N_NNN_0100.wav,MS14_F01_WD_0010_N_NNN_0100,105,105,105,107,Narrator,narrator,female,narrator,assets/triangle-strategy/approved_voice_references/narrator.wav,แม้สงครามเพื่อเกลนบรู๊คจะสิ้นสุดลง แต่เซเรโนอาและผู้กอบกู้เอกราชทั้งหลาย ต้องเตรียมพร้อมรับมือปัญหาอื่นในภายหลังเช่นกัน,,,PENDING_MANUAL_GENERATION,,triangle-strategy
108,MS14_X27_A0_0020_F_FRE_0010.wav,MS14_X27_A0_0020_F_FRE_0010,106,106,106,108,Frederica,main,female,frederica,assets/triangle-strategy/approved_voice_references/frederica.wav,ขอบคุณมากเลยนะเจ้าคะ,,,PENDING_MANUAL_GENERATION,,triangle-strategy
109,MS14_X27_A0_0020_M_BND_0010.wav,MS14_X27_A0_0020_M_BND_0010,107,107,107,109,Benedict,main,male,benedict,assets/triangle-strategy/approved_voice_references/benedict.wav,ขอพูดแทรกนะขอรับนายท่าน องค์ชายขอรับ...การต่อสู้ของเรามันยังไม่จบ,,,PENDING_MANUAL_GENERATION,,triangle-strategy
110,MS14_X27_A0_0020_M_BND_0020.wav,MS14_X27_A0_0020_M_BND_0020,108,108,108,110,Benedict,main,male,benedict,assets/triangle-strategy/approved_voice_references/benedict.wav,...เหรอขอรับ,,,PENDING_MANUAL_GENERATION,,triangle-strategy
111,MS14_X27_A0_0020_M_EGS_0010.wav,MS14_X27_A0_0020_M_EGS_0010,109,109,109,111,Exharme,npc,male,exharme,assets/triangle-strategy/approved_voice_references/exharme.wav,แหม เป็นชัยชนะที่ดีเกินคาดจริงๆเลยนะขอรับ,,,PENDING_MANUAL_GENERATION,,triangle-strategy
112,MS14_X27_A0_0020_M_EGS_0020.wav,MS14_X27_A0_0020_M_EGS_0020,110,110,110,112,Exharme,npc,male,exharme,assets/triangle-strategy/approved_voice_references/exharme.wav,ทำไมน้ำเสียงท่านดูย้อนแย้งจัง นี่ไม่ใช่สิ่งที่ท่านต้องการเหรอ?,,,PENDING_MANUAL_GENERATION,,triangle-strategy
113,MS14_X27_A0_0020_M_EGS_0030.wav,MS14_X27_A0_0020_M_EGS_0030,111,111,111,113,Exharme,npc,male,exharme,assets/triangle-strategy/approved_voice_references/exharme.wav,และข่าวดีก็คือ รัฐมนตรีแคมเซลล์จะดูแลผู้ลี้ภัยให้เองขอรับ,,,PENDING_MANUAL_GENERATION,,triangle-strategy
114,MS14_X27_A0_0020_M_EGS_0040.wav,MS14_X27_A0_0020_M_EGS_0040,112,112,112,114,Exharme,npc,male,exharme,assets/triangle-strategy/approved_voice_references/exharme.wav,ไม่หรอก มันคือมาตรการรับมือของเราหลังจบสงครามน่ะ,,,PENDING_MANUAL_GENERATION,,triangle-strategy
115,MS14_X27_A0_0020_M_EGS_0050.wav,MS14_X27_A0_0020_M_EGS_0050,113,113,113,115,Exharme,npc,male,exharme,assets/triangle-strategy/approved_voice_references/exharme.wav,เออ แม่ทัพอัฟโลร่าถูกกระแสน้ำพัดหายไปเลยนี่ ป่านนี้คงไม่รอดแล้วมั้ง,,,PENDING_MANUAL_GENERATION,,triangle-strategy
116,MS14_X27_A0_0020_M_EGS_0060.wav,MS14_X27_A0_0020_M_EGS_0060,114,114,114,116,Exharme,npc,male,exharme,assets/triangle-strategy/approved_voice_references/exharme.wav,ท่านดูเสียใจขนาดนี้ สงสัยคงอยากลงมือสังหารนางด้วยตัวเองสินะขอรับ,,,PENDING_MANUAL_GENERATION,,triangle-strategy
117,MS14_X27_A0_0020_M_EGS_0070.wav,MS14_X27_A0_0020_M_EGS_0070,115,115,115,117,Exharme,npc,male,exharme,assets/triangle-strategy/approved_voice_references/exharme.wav,เอาโทสะและความเกลียดชังของท่านไปลงกับการกอบกู้ปราสาทไวท์โฮล์มดีกว่า,,,PENDING_MANUAL_GENERATION,,triangle-strategy
118,MS14_X27_A0_0020_M_EGS_0080.wav,MS14_X27_A0_0020_M_EGS_0080,116,116,116,118,Exharme,npc,male,exharme,assets/triangle-strategy/approved_voice_references/exharme.wav,ทหารที่เราจับมาเป็นเชลยบอกพวกเราว่า ธาลาสกับเอริก้ายังคุมทัพอยู่ข้างในนั้น,,,PENDING_MANUAL_GENERATION,,triangle-strategy
119,MS14_X27_A0_0020_M_EGS_0090.wav,MS14_X27_A0_0020_M_EGS_0090,117,117,117,119,Exharme,npc,male,exharme,assets/triangle-strategy/approved_voice_references/exharme.wav,ด้วยกันกับองค์ราชินีแห่งเกลนบรู๊คขอรับ,,,PENDING_MANUAL_GENERATION,,triangle-strategy
120,MS14_X27_A0_0020_M_RLN_0010.wav,MS14_X27_A0_0020_M_RLN_0010,118,118,118,120,Roland,main,male,roland,assets/triangle-strategy/approved_voice_references/roland.wav,นครหลวงไม่เสียหายหนักเท่าใดนัก,,,PENDING_MANUAL_GENERATION,,triangle-strategy
121,MS14_X27_A0_0020_M_RLN_0020.wav,MS14_X27_A0_0020_M_RLN_0020,119,119,119,121,Roland,main,male,roland,assets/triangle-strategy/approved_voice_references/roland.wav,ว่าไงนะ?,,,PENDING_MANUAL_GENERATION,,triangle-strategy
122,MS14_X27_A0_0020_M_RLN_0030.wav,MS14_X27_A0_0020_M_RLN_0030,120,120,120,122,Roland,main,male,roland,assets/triangle-strategy/approved_voice_references/roland.wav,ก็ใช่น่ะสิ! นางพรากทุกอย่างไปจากข้า...,,,PENDING_MANUAL_GENERATION,,triangle-strategy
123,MS14_X27_A0_0020_M_RLN_0040.wav,MS14_X27_A0_0020_M_RLN_0040,121,121,121,123,Roland,main,male,roland,assets/triangle-strategy/approved_voice_references/roland.wav,คอร์เดเลีย...!,,,PENDING_MANUAL_GENERATION,,triangle-strategy
124,MS14_X27_A0_0020_M_RLN_0050.wav,MS14_X27_A0_0020_M_RLN_0050,122,122,122,124,Roland,main,male,roland,assets/triangle-strategy/approved_voice_references/roland.wav,ด่วนเลย!,,,PENDING_MANUAL_GENERATION,,triangle-strategy
125,MS14_X27_A0_0020_M_SEL_0020.wav,MS14_X27_A0_0020_M_SEL_0020,124,124,124,126,Serenoa,main,male,serenoa,assets/triangle-strategy/approved_voice_references/serenoa.wav,คงเป็นทางออกที่ดีที่สุดแล้วสินะ...,,,PENDING_MANUAL_GENERATION,,triangle-strategy
126,MS14_X27_A0_0020_M_SEL_0030.wav,MS14_X27_A0_0020_M_SEL_0030,125,125,125,127,Serenoa,main,male,serenoa,assets/triangle-strategy/approved_voice_references/serenoa.wav,...จริงด้วย พวกเราต้องร่วมด้วยช่วยกันสร้างนครหลวงขึ้นใหม่,,,PENDING_MANUAL_GENERATION,,triangle-strategy
127,MS14_X27_A0_0020_M_SEL_0040.wav,MS14_X27_A0_0020_M_SEL_0040,126,126,126,128,Serenoa,main,male,serenoa,assets/triangle-strategy/approved_voice_references/serenoa.wav,เราไปที่ปราสาทกันเถอะ,,,PENDING_MANUAL_GENERATION,,triangle-strategy
128,MS14_X27_A0_1010_F_CRD_0010.wav,MS14_X27_A0_1010_F_CRD_0010,127,127,127,129,Cordelia,npc,female,cordelia,assets/triangle-strategy/approved_voice_references/cordelia.wav,เมืองเราเสียหายขนาดไหนเหรอ? ให้ข้าคุยกับแม่ทัพอัฟโลร่าเดี๋ยวนี้!,,,PENDING_MANUAL_GENERATION,,triangle-strategy
129,MS14_X27_A0_1010_F_CRD_0020.wav,MS14_X27_A0_1010_F_CRD_0020,128,128,128,130,Cordelia,npc,female,cordelia,assets/triangle-strategy/approved_voice_references/cordelia.wav,หา!? ไม่จริง!,,,PENDING_MANUAL_GENERATION,,triangle-strategy
130,MS14_X27_A0_1010_F_CRD_0030.wav,MS14_X27_A0_1010_F_CRD_0030,129,129,129,131,Cordelia,npc,female,cordelia,assets/triangle-strategy/approved_voice_references/cordelia.wav,...ไม่จริง ไม่มีราชินีที่ไหนเขาหนีกันหรอก,,,PENDING_MANUAL_GENERATION,,triangle-strategy
131,MS14_X27_A0_1010_F_ERK_0010.wav,MS14_X27_A0_1010_F_ERK_0010,130,130,130,132,Erika,npc,female,erika,assets/triangle-strategy/approved_voice_references/erika.wav,อัฟโลร่าล่ะ!?,,,PENDING_MANUAL_GENERATION,,triangle-strategy
132,MS14_X27_A0_1010_F_ERK_0020.wav,MS14_X27_A0_1010_F_ERK_0020,131,131,131,133,Erika,npc,female,erika,assets/triangle-strategy/approved_voice_references/erika.wav,ชิ นังหญิงไร้ประโยชน์นั่นไม่เคยอยู่ช่วยเหลือเราในยามต้องการสักครั้ง,,,PENDING_MANUAL_GENERATION,,triangle-strategy
133,MS14_X27_A0_1010_F_ERK_0030.wav,MS14_X27_A0_1010_F_ERK_0030,132,132,132,134,Erika,npc,female,erika,assets/triangle-strategy/approved_voice_references/erika.wav,แหม ป่านนี้คงเสร็จไปนานแล้วจ้ะถ้าเจ้าไม่สังหารดราแกนทิ้งเสียก่อน คนนั้นเขาเซียนระเบิดเลยนะ,,,PENDING_MANUAL_GENERATION,,triangle-strategy
134,MS14_X27_A0_1010_F_ERK_0040.wav,MS14_X27_A0_1010_F_ERK_0040,133,133,133,135,Erika,npc,female,erika,assets/triangle-strategy/approved_voice_references/erika.wav,รู้งี้จับเขามาขืนใจให้คายทุกอย่างออกมาแต่แรกก็สิ้นเรื่อง,,,PENDING_MANUAL_GENERATION,,triangle-strategy
135,MS14_X27_A0_1010_F_ERK_0050.wav,MS14_X27_A0_1010_F_ERK_0050,134,134,134,136,Erika,npc,female,erika,assets/triangle-strategy/approved_voice_references/erika.wav,หมายถึงนังลูกกษัตริย์คนนั้นใช่ไหม?,,,PENDING_MANUAL_GENERATION,,triangle-strategy
136,MS14_X27_A0_1010_F_ERK_0060.wav,MS14_X27_A0_1010_F_ERK_0060,135,135,135,137,Erika,npc,female,erika,assets/triangle-strategy/approved_voice_references/erika.wav,ไม่ได้หรอก นางปลิวหายไปกับกระแสน้ำแล้ว,,,PENDING_MANUAL_GENERATION,,triangle-strategy
137,MS14_X27_A0_1010_F_ERK_0070.wav,MS14_X27_A0_1010_F_ERK_0070,136,136,136,138,Erika,npc,female,erika,assets/triangle-strategy/approved_voice_references/erika.wav,หรืออยากจะวิ่งหนีจุกตูดเหมือนพี่ชายใจเสาะของเจ้ากันล่ะ? การละทิ้งอาณาจักรมันอยู่ในสันดานของราชวงศ์หรือเปล่า?,,,PENDING_MANUAL_GENERATION,,triangle-strategy
138,MS14_X27_A0_1010_M_M213_0010.wav,MS14_X27_A0_1010_M_M213_0010,137,137,137,139,ชายชาวเมือง/ทหาร/ผู้ติดตาม,generic,male,MALE_ADULT_C,assets/triangle-strategy/approved_voice_references/MALE_ADULT_C.wav,นางถูกกระแสน้ำพัดพาสูญหายไปพร้อมกองทัพของเราแล้วขอรับ!,,,PENDING_MANUAL_GENERATION,,triangle-strategy
139,MS14_X27_A0_1010_M_M213_0020.wav,MS14_X27_A0_1010_M_M213_0020,138,138,138,140,ชายชาวเมือง/ทหาร/ผู้ติดตาม,generic,male,MALE_ADULT_C,assets/triangle-strategy/approved_voice_references/MALE_ADULT_C.wav,ข้าศึกของเรากำลังฉวยโอกาสบุกตีปราสาทขอรับ!,,,PENDING_MANUAL_GENERATION,,triangle-strategy
140,MS14_X27_A0_1010_M_TRS_0010.wav,MS14_X27_A0_1010_M_TRS_0010,139,139,139,141,Thalas,npc,male,thalas,assets/triangle-strategy/approved_voice_references/thalas.wav,เกิดอะไรขึ้นเนี่ย? ทำไมแม่น้ำนอร์เซเลียถึงได้เอ่อล้นขนาดนี้!?,,,PENDING_MANUAL_GENERATION,,triangle-strategy
141,MS14_X27_A0_1010_M_TRS_0020.wav,MS14_X27_A0_1010_M_TRS_0020,140,140,140,142,Thalas,npc,male,thalas,assets/triangle-strategy/approved_voice_references/thalas.wav,ก็ได้... ข้าจะบัญชาเอง จงไปรวบรวมทหารที่เหลือมาซะ!,,,PENDING_MANUAL_GENERATION,,triangle-strategy
142,MS14_X27_A0_1010_M_TRS_0030.wav,MS14_X27_A0_1010_M_TRS_0030,141,141,141,143,Thalas,npc,male,thalas,assets/triangle-strategy/approved_voice_references/thalas.wav,เราคงไม่ต้องลำบากขนาดนี้ หากปืนใหญ่นั่นถูกสร้างจนเสร็จ...,,,PENDING_MANUAL_GENERATION,,triangle-strategy
143,MS14_X27_A0_1010_M_TRS_0040.wav,MS14_X27_A0_1010_M_TRS_0040,142,142,142,144,Thalas,npc,male,thalas,assets/triangle-strategy/approved_voice_references/thalas.wav,ก็นั่น- กุสตาดอล์ฟสั่งข้านี่หน่า!,,,PENDING_MANUAL_GENERATION,,triangle-strategy
144,MS14_X27_A0_1010_M_TRS_0050.wav,MS14_X27_A0_1010_M_TRS_0050,143,143,143,145,Thalas,npc,male,thalas,assets/triangle-strategy/approved_voice_references/thalas.wav,แต่หากเป้าหมายของศัตรูคือการกอบกู้เกลนบรู๊ค... เราน่าจะมีหนทางตอบโต้พวกเขาอยู่นะ,,,PENDING_MANUAL_GENERATION,,triangle-strategy
145,MS14_X27_A0_1010_M_TRS_0060.wav,MS14_X27_A0_1010_M_TRS_0060,144,144,144,146,Thalas,npc,male,thalas,assets/triangle-strategy/approved_voice_references/thalas.wav,ก็ฝีมือศัตรูของเราไง เร็วเข้า เราจะไปรบกัน,,,PENDING_MANUAL_GENERATION,,triangle-strategy
146,MS14_X27_A0_1010_M_TRS_0070.wav,MS14_X27_A0_1010_M_TRS_0070,145,145,145,147,Thalas,npc,male,thalas,assets/triangle-strategy/approved_voice_references/thalas.wav,คราวนี้เจ้ามีประโยชน์แน่ คอร์เดเลียเอ๋ย,,,PENDING_MANUAL_GENERATION,,triangle-strategy
147,MS14_X27_A0_1020_F_FRE_0010.wav,MS14_X27_A0_1020_F_FRE_0010,146,146,146,148,Frederica,main,female,frederica,assets/triangle-strategy/approved_voice_references/frederica.wav,ไม่อยู่เป็นเพื่อนนางเหรอเจ้าคะ องค์ชายโรแลนด์?,,,PENDING_MANUAL_GENERATION,,triangle-strategy
148,MS14_X27_A0_1020_F_FRE_0020.wav,MS14_X27_A0_1020_F_FRE_0020,147,147,147,149,Frederica,main,female,frederica,assets/triangle-strategy/approved_voice_references/frederica.wav,แต่ก็ยังมีการสูญเสียอยู่ดี ประชาชนคงต้องโกรธเราเรื่องนั้นแน่...,,,PENDING_MANUAL_GENERATION,,triangle-strategy
149,MS14_X27_A0_1020_F_YRA_0010.wav,MS14_X27_A0_1020_F_YRA_0010,148,148,148,150,Geela,main,female,geela,assets/triangle-strategy/approved_voice_references/geela.wav,องค์ราชินีพ้นขีดอันตรายแล้วเจ้าค่ะ,,,PENDING_MANUAL_GENERATION,,triangle-strategy
150,MS14_X27_A0_1020_M_BND_0010.wav,MS14_X27_A0_1020_M_BND_0010,149,149,149,151,Benedict,main,male,benedict,assets/triangle-strategy/approved_voice_references/benedict.wav,มีผู้เสียชีวิตน้อยมากๆขอรับ เป็นเพราะรัฐมนตรีแคมเซลล์ช่วยเราไว้,,,PENDING_MANUAL_GENERATION,,triangle-strategy
151,MS14_X27_A0_1020_M_BND_0020.wav,MS14_X27_A0_1020_M_BND_0020,150,150,150,152,Benedict,main,male,benedict,assets/triangle-strategy/approved_voice_references/benedict.wav,ช้าก่อนขอรับองค์ชาย เราไม่ควรพึ่งพาไฮแซนต์มากเกินความจำเป็นนะขอรับ,,,PENDING_MANUAL_GENERATION,,triangle-strategy
152,MS14_X27_A0_1020_M_BND_0030.wav,MS14_X27_A0_1020_M_BND_0030,151,151,151,153,Benedict,main,male,benedict,assets/triangle-strategy/approved_voice_references/benedict.wav,พวกเขาจะทวงบุญคุณเรา เหมือนกับที่ซอสเลย์เคยทำ,,,PENDING_MANUAL_GENERATION,,triangle-strategy
153,MS14_X27_A0_1020_M_BND_0040.wav,MS14_X27_A0_1020_M_BND_0040,152,152,152,154,Benedict,main,male,benedict,assets/triangle-strategy/approved_voice_references/benedict.wav,หากท่านต้องการเงิน ข้ามีแผนขอรับ ตอนนี้พวกเรามีทหารเอสฟรอสต์เป็นเชลยจำนวนมหาศาล,,,PENDING_MANUAL_GENERATION,,triangle-strategy
154,MS14_X27_A0_1020_M_BND_0050.wav,MS14_X27_A0_1020_M_BND_0050,153,153,153,155,Benedict,main,male,benedict,assets/triangle-strategy/approved_voice_references/benedict.wav,เราควรเรียกค่าไถ่ให้ราชรัฐซื้อพวกเขากลับไปด้วยเงินก้อนโต,,,PENDING_MANUAL_GENERATION,,triangle-strategy
155,MS14_X27_A0_1020_M_BND_0060.wav,MS14_X27_A0_1020_M_BND_0060,154,154,154,156,Benedict,main,male,benedict,assets/triangle-strategy/approved_voice_references/benedict.wav,กุสตาดอล์ฟจะไถ่พวกเขากลับคืนอาณาจักรอย่างเลี่ยงไม่ได้ เพราะเขาเสียกำลังพลไปมาก,,,PENDING_MANUAL_GENERATION,,triangle-strategy
156,MS14_X27_A0_1020_M_BND_0070.wav,MS14_X27_A0_1020_M_BND_0070,155,155,155,157,Benedict,main,male,benedict,assets/triangle-strategy/approved_voice_references/benedict.wav,พวกเราชิงเกลนบรู๊คกลับมาได้แล้ว เอสฟรอสต์คงไม่มีปัญญารุกรานพวกเราไปอีกสักพัก,,,PENDING_MANUAL_GENERATION,,triangle-strategy
157,MS14_X27_A0_1020_M_BND_0080.wav,MS14_X27_A0_1020_M_BND_0080,156,156,156,158,Benedict,main,male,benedict,assets/triangle-strategy/approved_voice_references/benedict.wav,ข้าจึงอยากให้ท่านพิจารณาดีๆ เพื่อไม่ให้ตกอยู่ใต้อำนาจไฮแซนต์ขอรับ,,,PENDING_MANUAL_GENERATION,,triangle-strategy
158,MS14_X27_A0_1020_M_BND_0090.wav,MS14_X27_A0_1020_M_BND_0090,157,157,157,159,Benedict,main,male,benedict,assets/triangle-strategy/approved_voice_references/benedict.wav,ขอบคุณขอรับ องค์ชาย,,,PENDING_MANUAL_GENERATION,,triangle-strategy
159,MS14_X27_A0_1020_M_RLN_0010.wav,MS14_X27_A0_1020_M_RLN_0010,159,159,159,161,Roland,main,male,roland,assets/triangle-strategy/approved_voice_references/roland.wav,ขอโทษที่ทำให้เป็นห่วงนะ ตอนนี้ทุกอย่างเรียบร้อยแล้ว,,,PENDING_MANUAL_GENERATION,,triangle-strategy
160,MS14_X27_A0_1020_M_RLN_0020.wav,MS14_X27_A0_1020_M_RLN_0020,160,160,160,162,Roland,main,male,roland,assets/triangle-strategy/approved_voice_references/roland.wav,ข้าก็อยากอยู่หรอก...แต่คงจะเกะกะหมอหลวงเสียเปล่า ข้าให้พวกเขาดูแลนางแทนข้าก็แล้วกัน,,,PENDING_MANUAL_GENERATION,,triangle-strategy
161,MS14_X27_A0_1020_M_RLN_0030.wav,MS14_X27_A0_1020_M_RLN_0030,161,161,161,163,Roland,main,male,roland,assets/triangle-strategy/approved_voice_references/roland.wav,แล้วตอนนี้นครหลวงเป็นอย่างไรบ้างล่ะ?,,,PENDING_MANUAL_GENERATION,,triangle-strategy
162,MS14_X27_A0_1020_M_RLN_0040.wav,MS14_X27_A0_1020_M_RLN_0040,162,162,162,164,Roland,main,male,roland,assets/triangle-strategy/approved_voice_references/roland.wav,มันก็สมควรแล้วล่ะ สิ่งที่เราเลือกทำนั้นย่อมมีผลกระทบที่ตามมาอยู่แล้ว เราต้องรับมันให้ได้,,,PENDING_MANUAL_GENERATION,,triangle-strategy
163,MS14_X27_A0_1020_M_RLN_0050.wav,MS14_X27_A0_1020_M_RLN_0050,163,163,163,165,Roland,main,male,roland,assets/triangle-strategy/approved_voice_references/roland.wav,ข้าจะทำทุกอย่างเพื่อสร้างนครหลวงกลับคืนมา พร้อมกับความศรัทธาของผู้คนอีกครั้ง,,,PENDING_MANUAL_GENERATION,,triangle-strategy
164,MS14_X27_A0_1020_M_RLN_0060.wav,MS14_X27_A0_1020_M_RLN_0060,164,164,164,166,Roland,main,male,roland,assets/triangle-strategy/approved_voice_references/roland.wav,ขอบคุณนะ โชคดีของข้าเหลือเกินที่ไฮแซนต์จะร่วมสร้างอาณาจักรกับข้าเช่นกัน,,,PENDING_MANUAL_GENERATION,,triangle-strategy
165,MS14_X27_A0_1020_M_RLN_0070.wav,MS14_X27_A0_1020_M_RLN_0070,165,165,165,167,Roland,main,male,roland,assets/triangle-strategy/approved_voice_references/roland.wav,ในระยะเวลาอันสั้น ข้ามั่นใจว่าพวกเราจะสามารถกอบกู้อาณาจักรกลับสู่ความรุ่งโรจน์ดังเดิมอีกครั้ง,,,PENDING_MANUAL_GENERATION,,triangle-strategy
166,MS14_X27_A0_1020_M_RLN_0080.wav,MS14_X27_A0_1020_M_RLN_0080,166,166,166,168,Roland,main,male,roland,assets/triangle-strategy/approved_voice_references/roland.wav,แต่ข้าต้องการทรัพยากรและเงินทุนเพื่อสร้างอาณาจักรขึ้นใหม่นี่น่า...,,,PENDING_MANUAL_GENERATION,,triangle-strategy
167,MS14_X27_A0_1020_M_RLN_0090.wav,MS14_X27_A0_1020_M_RLN_0090,167,167,167,169,Roland,main,male,roland,assets/triangle-strategy/approved_voice_references/roland.wav,นี่ท่านจะส่งกองทัพกลับไปทั้งหมดเลยงั้นเหรอ!?,,,PENDING_MANUAL_GENERATION,,triangle-strategy
168,MS14_X27_A0_1020_M_RLN_0100.wav,MS14_X27_A0_1020_M_RLN_0100,168,168,168,170,Roland,main,male,roland,assets/triangle-strategy/approved_voice_references/roland.wav,แต่เอสฟรอสต์มันสังหารครอบครัวของข้า!,,,PENDING_MANUAL_GENERATION,,triangle-strategy
169,MS14_X27_A0_1020_M_RLN_0110.wav,MS14_X27_A0_1020_M_RLN_0110,169,169,169,171,Roland,main,male,roland,assets/triangle-strategy/approved_voice_references/roland.wav,...ก็ได้ ข้าจะเจรจากับฆาตกรพวกนั้น,,,PENDING_MANUAL_GENERATION,,triangle-strategy
170,MS14_X27_A0_1020_M_RLN_0120.wav,MS14_X27_A0_1020_M_RLN_0120,170,170,170,172,Roland,main,male,roland,assets/triangle-strategy/approved_voice_references/roland.wav,แต่ข้าจะยอมรับการช่วยเหลือจากไฮแซนต์เช่นกัน นั่นคือคำตัดสินของข้าในฐานะกษัตริย์แห่งเกลนบรู๊ค,,,PENDING_MANUAL_GENERATION,,triangle-strategy
171,MS14_X27_A0_1020_M_RLN_0130.wav,MS14_X27_A0_1020_M_RLN_0130,171,171,171,173,Roland,main,male,roland,assets/triangle-strategy/approved_voice_references/roland.wav,พวกเราต้องร่วมมือกับไฮแซนต์เพื่อล้างบางเอสฟรอสต์ให้สิ้นไป,,,PENDING_MANUAL_GENERATION,,triangle-strategy
172,MS14_X27_A0_1020_M_SEL_0010.wav,MS14_X27_A0_1020_M_SEL_0010,172,172,172,174,Serenoa,main,male,serenoa,assets/triangle-strategy/approved_voice_references/serenoa.wav,ค่อยยังชั่ว,,,PENDING_MANUAL_GENERATION,,triangle-strategy
173,MS14_X27_A0_1020_M_SEL_0020.wav,MS14_X27_A0_1020_M_SEL_0020,173,173,173,175,Serenoa,main,male,serenoa,assets/triangle-strategy/approved_voice_references/serenoa.wav,พวกเราจะช่วยท่านเต็มที่ขอรับ,,,PENDING_MANUAL_GENERATION,,triangle-strategy
174,MS14_X27_A0_1020_M_SEL_0030.wav,MS14_X27_A0_1020_M_SEL_0030,174,174,174,176,Serenoa,main,male,serenoa,assets/triangle-strategy/approved_voice_references/serenoa.wav,ใจเย็นๆ โรแลนด์ สวัสดิภาพของประชาชนต้องมาก่อนขอรับ,,,PENDING_MANUAL_GENERATION,,triangle-strategy
175,MS14_X27_A0_1020_M_SEL_0040.wav,MS14_X27_A0_1020_M_SEL_0040,175,175,175,177,Serenoa,main,male,serenoa,assets/triangle-strategy/approved_voice_references/serenoa.wav,ตามประสงค์ขอรับ ข้าจะวิงวอนร้องขอความช่วยเหลือจากหัวหน้านักบวชในฐานะเจ็ดผู้ศักดิ์สิทธิ์เช่นกัน,,,PENDING_MANUAL_GENERATION,,triangle-strategy
176,MS14_X27_BATTLE_01_AFTER_F_CRD_0010.wav,MS14_X27_BATTLE_01_AFTER_F_CRD_0010,176,176,176,178,Cordelia,npc,female,cordelia,assets/triangle-strategy/approved_voice_references/cordelia.wav,ทะ...ท่านพี่... เป็นอะไร...ไหมเจ้าคะ?,,,PENDING_MANUAL_GENERATION,,triangle-strategy
177,MS14_X27_BATTLE_01_AFTER_F_FRE_0010.wav,MS14_X27_BATTLE_01_AFTER_F_FRE_0010,177,177,177,179,Frederica,main,female,frederica,assets/triangle-strategy/approved_voice_references/frederica.wav,จีล่า ร่ายเวทย์ฟื้นฟูเดี๋ยวนี้!,,,PENDING_MANUAL_GENERATION,,triangle-strategy
178,MS14_X27_BATTLE_01_AFTER_F_YRA_0010.wav,MS14_X27_BATTLE_01_AFTER_F_YRA_0010,178,178,178,180,Geela,main,female,geela,assets/triangle-strategy/approved_voice_references/geela.wav,ไม่ต้องห่วง ไม่โดนอวัยวะสำคัญเจ้าค่ะ นางจะปลอดภัย,,,PENDING_MANUAL_GENERATION,,triangle-strategy
179,MS14_X27_BATTLE_01_AFTER_M_BND_0010.wav,MS14_X27_BATTLE_01_AFTER_M_BND_0010,179,179,179,181,Benedict,main,male,benedict,assets/triangle-strategy/approved_voice_references/benedict.wav,หากธาลาสและเอริก้าถูกสังหาร ก็จะไม่มีใครคอยนำทัพ ปราสาทเป็นของเราแล้วขอรับ,,,PENDING_MANUAL_GENERATION,,triangle-strategy
180,MS14_X27_BATTLE_01_AFTER_M_BND_0015.wav,MS14_X27_BATTLE_01_AFTER_M_BND_0015,180,180,180,182,Benedict,main,male,benedict,assets/triangle-strategy/approved_voice_references/benedict.wav,เราได้ชัยชนะแล้ว,,,PENDING_MANUAL_GENERATION,,triangle-strategy
181,MS14_X27_BATTLE_01_AFTER_M_BND_0020.wav,MS14_X27_BATTLE_01_AFTER_M_BND_0020,181,181,181,183,Benedict,main,male,benedict,assets/triangle-strategy/approved_voice_references/benedict.wav,...นั่นสินะ,,,PENDING_MANUAL_GENERATION,,triangle-strategy
182,MS14_X27_BATTLE_01_AFTER_M_RLN_0010.wav,MS14_X27_BATTLE_01_AFTER_M_RLN_0010,182,182,182,184,Roland,main,male,roland,assets/triangle-strategy/approved_voice_references/roland.wav,คอร์เดเลีย!,,,PENDING_MANUAL_GENERATION,,triangle-strategy
183,MS14_X27_BATTLE_01_AFTER_M_RLN_0020.wav,MS14_X27_BATTLE_01_AFTER_M_RLN_0020,183,183,183,185,Roland,main,male,roland,assets/triangle-strategy/approved_voice_references/roland.wav,ห่วงตัวเองบ้างเถอะ ยัยบื้อเอ๊ย...,,,PENDING_MANUAL_GENERATION,,triangle-strategy
184,MS14_X27_BATTLE_01_AFTER_M_RLN_0030.wav,MS14_X27_BATTLE_01_AFTER_M_RLN_0030,184,184,184,186,Roland,main,male,roland,assets/triangle-strategy/approved_voice_references/roland.wav,หากข้าเสียเจ้าไป ข้า...คงใช้ชีวิตต่อไม่ไหวเหมือนกัน...,,,PENDING_MANUAL_GENERATION,,triangle-strategy
185,MS14_X27_BATTLE_01_AFTER_M_RLN_0040.wav,MS14_X27_BATTLE_01_AFTER_M_RLN_0040,185,185,185,187,Roland,main,male,roland,assets/triangle-strategy/approved_voice_references/roland.wav,ขอบคุณนะ...,,,PENDING_MANUAL_GENERATION,,triangle-strategy
186,MS14_X27_BATTLE_01_AFTER_M_SEL_0010.wav,MS14_X27_BATTLE_01_AFTER_M_SEL_0010,186,186,186,188,Serenoa,main,male,serenoa,assets/triangle-strategy/approved_voice_references/serenoa.wav,แต่ก็เสียหายหนักอยู่นะขอรับ...,,,PENDING_MANUAL_GENERATION,,triangle-strategy
187,MS14_X27_BATTLE_01_BEFORE_F_CRD_0010.wav,MS14_X27_BATTLE_01_BEFORE_F_CRD_0010,187,187,187,189,Cordelia,npc,female,cordelia,assets/triangle-strategy/approved_voice_references/cordelia.wav,ว่าแล้วเชียว ต้องสู้กับวูล์ฟฟอร์ตสินะ...,,,PENDING_MANUAL_GENERATION,,triangle-strategy
188,MS14_X27_BATTLE_01_BEFORE_F_CRD_0020.wav,MS14_X27_BATTLE_01_BEFORE_F_CRD_0020,188,188,188,190,Cordelia,npc,female,cordelia,assets/triangle-strategy/approved_voice_references/cordelia.wav,ลอร์ดวูล์ฟฟอร์ต ท่านช่วยหยุดเสียทีเถอะ,,,PENDING_MANUAL_GENERATION,,triangle-strategy
189,MS14_X27_BATTLE_01_BEFORE_F_CRD_0030.wav,MS14_X27_BATTLE_01_BEFORE_F_CRD_0030,189,189,189,191,Cordelia,npc,female,cordelia,assets/triangle-strategy/approved_voice_references/cordelia.wav,ข้าไม่ต้องการให้อาณาจักรพินาศไปมากกว่านี้แล้ว,,,PENDING_MANUAL_GENERATION,,triangle-strategy
190,MS14_X27_BATTLE_01_BEFORE_F_CRD_0040.wav,MS14_X27_BATTLE_01_BEFORE_F_CRD_0040,190,190,190,192,Cordelia,npc,female,cordelia,assets/triangle-strategy/approved_voice_references/cordelia.wav,ในฐานะราชินีคนสุดท้ายผู้เหลือรอดแห่งราชวงศ์ โปรดฟังข้าเถิด,,,PENDING_MANUAL_GENERATION,,triangle-strategy
191,MS14_X27_BATTLE_01_BEFORE_F_CRD_0050.wav,MS14_X27_BATTLE_01_BEFORE_F_CRD_0050,191,191,191,193,Cordelia,npc,female,cordelia,assets/triangle-strategy/approved_voice_references/cordelia.wav,เซอร์แม็กซ์เวลล์!? ที่ผ่านมา ท่านยังมีชีวิตอยู่เหรอเจ้าคะ?,,,PENDING_MANUAL_GENERATION,,triangle-strategy
192,MS14_X27_BATTLE_01_BEFORE_F_CRD_0060.wav,MS14_X27_BATTLE_01_BEFORE_F_CRD_0060,192,192,192,194,Cordelia,npc,female,cordelia,assets/triangle-strategy/approved_voice_references/cordelia.wav,ท่านพี่เจ้าคะ!,,,PENDING_MANUAL_GENERATION,,triangle-strategy
193,MS14_X27_BATTLE_01_BEFORE_F_CRD_0070.wav,MS14_X27_BATTLE_01_BEFORE_F_CRD_0070,193,193,193,195,Cordelia,npc,female,cordelia,assets/triangle-strategy/approved_voice_references/cordelia.wav,ดีใจเหลือเกินที่ได้เจอท่าน...,,,PENDING_MANUAL_GENERATION,,triangle-strategy
194,MS14_X27_BATTLE_01_BEFORE_F_CRD_0080.wav,MS14_X27_BATTLE_01_BEFORE_F_CRD_0080,194,194,194,196,Cordelia,npc,female,cordelia,assets/triangle-strategy/approved_voice_references/cordelia.wav,ท่านพี่- ระวัง!,,,PENDING_MANUAL_GENERATION,,triangle-strategy
195,MS14_X27_BATTLE_01_BEFORE_F_CRD_0090.wav,MS14_X27_BATTLE_01_BEFORE_F_CRD_0090,195,195,195,197,Cordelia,npc,female,cordelia,assets/triangle-strategy/approved_voice_references/cordelia.wav,อ้ากกก!,,,PENDING_MANUAL_GENERATION,,triangle-strategy
196,MS14_X27_BATTLE_01_BEFORE_F_ERK_0010.wav,MS14_X27_BATTLE_01_BEFORE_F_ERK_0010,196,196,196,198,Erika,npc,female,erika,assets/triangle-strategy/approved_voice_references/erika.wav,แกสินะที่ปลุกระดมความเดือดดาลของไฮแซนต์ขนาดนี้ พวกแกต้องชดใช้ที่พังแผนการถ่วงเวลาของเราจนพินาศ,,,PENDING_MANUAL_GENERATION,,triangle-strategy
197,MS14_X27_BATTLE_01_BEFORE_F_ERK_0020.wav,MS14_X27_BATTLE_01_BEFORE_F_ERK_0020,197,197,197,199,Erika,npc,female,erika,assets/triangle-strategy/approved_voice_references/erika.wav,...อาณาจักรของพวกเจ้าจะเหลือเพียงเถ้าธุลี,,,PENDING_MANUAL_GENERATION,,triangle-strategy
198,MS14_X27_BATTLE_01_BEFORE_F_ERK_0030.wav,MS14_X27_BATTLE_01_BEFORE_F_ERK_0030,198,198,198,200,Erika,npc,female,erika,assets/triangle-strategy/approved_voice_references/erika.wav,เวรแล้วไง... นักธนู! ฆ่ามันซะ!,,,PENDING_MANUAL_GENERATION,,triangle-strategy
199,MS14_X27_BATTLE_01_BEFORE_M_RLN_0010.wav,MS14_X27_BATTLE_01_BEFORE_M_RLN_0010,199,199,199,201,Roland,main,male,roland,assets/triangle-strategy/approved_voice_references/roland.wav,คอร์เดเลีย...,,,PENDING_MANUAL_GENERATION,,triangle-strategy
200,MS14_X27_BATTLE_01_BEFORE_M_RLN_0020.wav,MS14_X27_BATTLE_01_BEFORE_M_RLN_0020,200,200,200,202,Roland,main,male,roland,assets/triangle-strategy/approved_voice_references/roland.wav,พอสักที!,,,PENDING_MANUAL_GENERATION,,triangle-strategy
201,MS14_X27_BATTLE_01_BEFORE_M_RLN_0030.wav,MS14_X27_BATTLE_01_BEFORE_M_RLN_0030,201,201,201,203,Roland,main,male,roland,assets/triangle-strategy/approved_voice_references/roland.wav,ไม่เป็นไรนะคอร์เดเลีย ทุกอย่างจะเรียบร้อย...,,,PENDING_MANUAL_GENERATION,,triangle-strategy
202,MS14_X27_BATTLE_01_BEFORE_M_RLN_0040.wav,MS14_X27_BATTLE_01_BEFORE_M_RLN_0040,202,202,202,204,Roland,main,male,roland,assets/triangle-strategy/approved_voice_references/roland.wav,เพราะข้า โรแลนด์ เกลนบรู๊ค จะจัดการให้เอง!,,,PENDING_MANUAL_GENERATION,,triangle-strategy
203,MS14_X27_BATTLE_01_BEFORE_M_RLN_0050.wav,MS14_X27_BATTLE_01_BEFORE_M_RLN_0050,203,203,203,205,Roland,main,male,roland,assets/triangle-strategy/approved_voice_references/roland.wav,ข้าขอโทษที่ปล่อยให้เจ้าต้องอยู่คนเดียวมาตลอด แต่ไม่ใช่อีกต่อไปแล้ว!,,,PENDING_MANUAL_GENERATION,,triangle-strategy
204,MS14_X27_BATTLE_01_BEFORE_M_RLN_0060.wav,MS14_X27_BATTLE_01_BEFORE_M_RLN_0060,204,204,204,206,Roland,main,male,roland,assets/triangle-strategy/approved_voice_references/roland.wav,คอร์เดเลีย!!!,,,PENDING_MANUAL_GENERATION,,triangle-strategy
205,MS14_X27_BATTLE_01_BEFORE_M_SEL_0010.wav,MS14_X27_BATTLE_01_BEFORE_M_SEL_0010,205,205,205,207,Serenoa,main,male,serenoa,assets/triangle-strategy/approved_voice_references/serenoa.wav,พวกเราทำเพื่อกอบกู้เกลนบรู๊คต่างหาก,,,PENDING_MANUAL_GENERATION,,triangle-strategy
206,MS14_X27_BATTLE_01_BEFORE_M_SEL_0020.wav,MS14_X27_BATTLE_01_BEFORE_M_SEL_0020,206,206,206,208,Serenoa,main,male,serenoa,assets/triangle-strategy/approved_voice_references/serenoa.wav,แก...,,,PENDING_MANUAL_GENERATION,,triangle-strategy
207,MS14_X27_BATTLE_01_BEFORE_M_SEL_0030.wav,MS14_X27_BATTLE_01_BEFORE_M_SEL_0030,207,207,207,209,Serenoa,main,male,serenoa,assets/triangle-strategy/approved_voice_references/serenoa.wav,พวกแกต้องชดใช้!,,,PENDING_MANUAL_GENERATION,,triangle-strategy
208,MS14_X27_BATTLE_01_BEFORE_M_TRS_0010.wav,MS14_X27_BATTLE_01_BEFORE_M_TRS_0010,208,208,208,210,Thalas,npc,male,thalas,assets/triangle-strategy/approved_voice_references/thalas.wav,ไอ้สุนัขวูล์ฟฟอร์ต! กล้าดียังไง!,,,PENDING_MANUAL_GENERATION,,triangle-strategy
209,MS14_X27_BATTLE_01_BEFORE_M_TRS_0020.wav,MS14_X27_BATTLE_01_BEFORE_M_TRS_0020,209,209,209,211,Thalas,npc,male,thalas,assets/triangle-strategy/approved_voice_references/thalas.wav,ฮ่าๆๆๆ! ได้ยินเปล่า? แกมันพวกล้มเจ้า!,,,PENDING_MANUAL_GENERATION,,triangle-strategy
210,MS14_X27_BATTLE_01_BEFORE_M_TRS_0030.wav,MS14_X27_BATTLE_01_BEFORE_M_TRS_0030,210,210,210,212,Thalas,npc,male,thalas,assets/triangle-strategy/approved_voice_references/thalas.wav,ถอนกำลังของพวกเจ้าซะ! ไม่งั้น...,,,PENDING_MANUAL_GENERATION,,triangle-strategy
211,MS14_X27_BATTLE_01_BEFORE_M_TRS_0040.wav,MS14_X27_BATTLE_01_BEFORE_M_TRS_0040,211,211,211,213,Thalas,npc,male,thalas,assets/triangle-strategy/approved_voice_references/thalas.wav,อะไรนะ!? องค์ชายยังอยู่อีกเหรอ!?,,,PENDING_MANUAL_GENERATION,,triangle-strategy
212,MS14_X27_BATTLE_01_DRAMA_F_ERK_0010.wav,MS14_X27_BATTLE_01_DRAMA_F_ERK_0010,212,212,212,214,Erika,npc,female,erika,assets/triangle-strategy/approved_voice_references/erika.wav,ชดใช้กรรมเหรอ? อันธพาลระเบิดเขื่อนอย่างพวกเจ้าต่างหากที่ต้องชดใช้!,,,PENDING_MANUAL_GENERATION,,triangle-strategy
213,MS14_X27_BATTLE_01_DRAMA_F_ERK_0020.wav,MS14_X27_BATTLE_01_DRAMA_F_ERK_0020,213,213,213,215,Erika,npc,female,erika,assets/triangle-strategy/approved_voice_references/erika.wav,แหม องค์ชายเจ้าคะ อุตส่าห์ใจเสาะหลบหลังหน้ากากมาตั้งนาน,,,PENDING_MANUAL_GENERATION,,triangle-strategy
214,MS14_X27_BATTLE_01_DRAMA_F_ERK_0030.wav,MS14_X27_BATTLE_01_DRAMA_F_ERK_0030,214,214,214,216,Erika,npc,female,erika,assets/triangle-strategy/approved_voice_references/erika.wav,แต่ก็น่าสมเพชกันทั้งตระกูลนั่นแหละ สิ้นราชวงศ์ไป...อาณาจักรคงก้าวไกลกว่านี้,,,PENDING_MANUAL_GENERATION,,triangle-strategy
215,MS14_X27_BATTLE_01_DRAMA_F_ERK_0040.wav,MS14_X27_BATTLE_01_DRAMA_F_ERK_0040,215,215,215,217,Erika,npc,female,erika,assets/triangle-strategy/approved_voice_references/erika.wav,ไม่จริง...,,,PENDING_MANUAL_GENERATION,,triangle-strategy
216,MS14_X27_BATTLE_01_DRAMA_F_ERK_0050.wav,MS14_X27_BATTLE_01_DRAMA_F_ERK_0050,216,216,216,218,Erika,npc,female,erika,assets/triangle-strategy/approved_voice_references/erika.wav,ข้า...ข้าไม่อยากตาย... ไม่เอาแล้ว... ไม่ใช่ตอนนี้...,,,PENDING_MANUAL_GENERATION,,triangle-strategy
217,MS14_X27_BATTLE_01_DRAMA_F_ERK_0060.wav,MS14_X27_BATTLE_01_DRAMA_F_ERK_0060,217,217,217,219,Erika,npc,female,erika,assets/triangle-strategy/approved_voice_references/erika.wav,ตายแล้วเหรอธาลาส? เอาจริงๆนะ เจ้าเป็นน้องที่ไร้ประโยชน์เสียเหลือเกิน,,,PENDING_MANUAL_GENERATION,,triangle-strategy
218,MS14_X27_BATTLE_01_DRAMA_M_RLN_0010.wav,MS14_X27_BATTLE_01_DRAMA_M_RLN_0010,218,218,218,220,Roland,main,male,roland,assets/triangle-strategy/approved_voice_references/roland.wav,ไอ้พวกเวร! เตรียมชดใช้กรรมซะเถอะ!,,,PENDING_MANUAL_GENERATION,,triangle-strategy
219,MS14_X27_BATTLE_01_DRAMA_M_RLN_0020.wav,MS14_X27_BATTLE_01_DRAMA_M_RLN_0020,219,219,219,221,Roland,main,male,roland,assets/triangle-strategy/approved_voice_references/roland.wav,ข้าจะตอบ...เมื่อพวกเจ้าถูกฝังกลบดินจนเน่าสลาย!,,,PENDING_MANUAL_GENERATION,,triangle-strategy
220,MS14_X27_BATTLE_01_DRAMA_M_RLN_0030.wav,MS14_X27_BATTLE_01_DRAMA_M_RLN_0030,220,220,220,222,Roland,main,male,roland,assets/triangle-strategy/approved_voice_references/roland.wav,หุบปากไปเลย! เจ้าทำลายบ้านเมืองของข้ามานานเกินพอแล้ว!,,,PENDING_MANUAL_GENERATION,,triangle-strategy
221,MS14_X27_BATTLE_01_DRAMA_M_RLN_0040.wav,MS14_X27_BATTLE_01_DRAMA_M_RLN_0040,221,221,221,223,Roland,main,male,roland,assets/triangle-strategy/approved_voice_references/roland.wav,ข้าทำทุกหนทางเพื่อโค่นพวกเจ้าทิ้ง และกอบกู้อาณาจักรของตนกลับมา!,,,PENDING_MANUAL_GENERATION,,triangle-strategy
222,MS14_X27_BATTLE_01_DRAMA_M_SEL_0010.wav,MS14_X27_BATTLE_01_DRAMA_M_SEL_0010,222,222,222,224,Serenoa,main,male,serenoa,assets/triangle-strategy/approved_voice_references/serenoa.wav,นครหลวงนี้เป็นของเราเท่านั้น! เราจะสู้และคว้าชัยให้ได้!,,,PENDING_MANUAL_GENERATION,,triangle-strategy
223,MS14_X27_BATTLE_01_DRAMA_M_TRS_0010.wav,MS14_X27_BATTLE_01_DRAMA_M_TRS_0010,223,223,223,225,Thalas,npc,male,thalas,assets/triangle-strategy/approved_voice_references/thalas.wav,รู้บ้างไหมว่าชาวบ้านเขาเดือดร้อนกันขนาดไหน?,,,PENDING_MANUAL_GENERATION,,triangle-strategy
224,MS14_X27_BATTLE_01_DRAMA_M_TRS_0020.wav,MS14_X27_BATTLE_01_DRAMA_M_TRS_0020,224,224,224,226,Thalas,npc,male,thalas,assets/triangle-strategy/approved_voice_references/thalas.wav,ห่างจากบ้านไปนานเลยนะองค์ชาย! มัวแต่หลบอยู่หลังหน้ากากทั้งวันแบบนี้ มีศักดิ์ศรีบ้างไหมนะ?,,,PENDING_MANUAL_GENERATION,,triangle-strategy
225,MS14_X27_BATTLE_01_DRAMA_M_TRS_0030.wav,MS14_X27_BATTLE_01_DRAMA_M_TRS_0030,225,225,225,227,Thalas,npc,male,thalas,assets/triangle-strategy/approved_voice_references/thalas.wav,ก็เลยเปลี่ยนนครหลวงเป็นสนามรบเพื่อสนองความแค้นของตนงั้นเหรอ? เป็นข้ออ้างที่ฟังไม่ขึ้นเลยนะองค์ชาย,,,PENDING_MANUAL_GENERATION,,triangle-strategy
226,MS14_X27_BATTLE_01_DRAMA_M_TRS_0040.wav,MS14_X27_BATTLE_01_DRAMA_M_TRS_0040,226,226,226,228,Thalas,npc,male,thalas,assets/triangle-strategy/approved_voice_references/thalas.wav,รับรองประชาชนคงอยากประหารเจ้าแน่ หากรู้ว่าเจ้าทำอะไรลงไปบ้าง!,,,PENDING_MANUAL_GENERATION,,triangle-strategy
227,MS14_X27_BATTLE_01_DRAMA_M_TRS_0050.wav,MS14_X27_BATTLE_01_DRAMA_M_TRS_0050,227,227,227,229,Thalas,npc,male,thalas,assets/triangle-strategy/approved_voice_references/thalas.wav,เอริก้า...ตายแล้วเหรอ? แล้วใครจะปกป้องข้าล่ะ!?,,,PENDING_MANUAL_GENERATION,,triangle-strategy
228,MS14_X27_BATTLE_01_DRAMA_M_TRS_0060.wav,MS14_X27_BATTLE_01_DRAMA_M_TRS_0060,228,228,228,230,Thalas,npc,male,thalas,assets/triangle-strategy/approved_voice_references/thalas.wav,อ้ากก! คะ-ใครก็ได้ช่วยข้าที... ใครก็ได้...,,,PENDING_MANUAL_GENERATION,,triangle-strategy
229,MS14_X27_BATTLE_01_DRAMA_M_TRS_0070.wav,MS14_X27_BATTLE_01_DRAMA_M_TRS_0070,229,229,229,231,Thalas,npc,male,thalas,assets/triangle-strategy/approved_voice_references/thalas.wav,ท่านพี่... อภัยให้ข้าด้วยขอรับ...,,,PENDING_MANUAL_GENERATION,,triangle-strategy
230,MS14_X27_WD_0010_N_NNN_0010.wav,MS14_X27_WD_0010_N_NNN_0010,230,230,230,232,Narrator,narrator,female,narrator,assets/triangle-strategy/approved_voice_references/narrator.wav,กระแสน้ำรุนแรงที่เกิดขึ้นจากระเบิดเอลฟริคนั้น พัดหทารเอสฟรอสต์ในนครหลวงกระเซ็นสูญหายไปกว่าครึ่ง,,,PENDING_MANUAL_GENERATION,,triangle-strategy
231,MS14_X27_WD_0010_N_NNN_0020.wav,MS14_X27_WD_0010_N_NNN_0020,231,231,231,233,Narrator,narrator,female,narrator,assets/triangle-strategy/approved_voice_references/narrator.wav,สงครามจึงจบลงพร้อมทหารที่เหลือรอดผู้หนีตายไปตามๆกัน และเหล่าวูล์ฟฟอร์ตได้เดินทางจากทะเลสาบ กลับสู่เมืองอันพินาศในเวลาต่อมา,,,PENDING_MANUAL_GENERATION,,triangle-strategy
232,MS14_X28_A0_0025_F_ABR_0010.wav,MS14_X28_A0_0025_F_ABR_0010,232,232,232,234,Avlora,npc,female,avlora,assets/triangle-strategy/approved_voice_references/avlora.wav,ข้าเคยพิชิตแม็กซ์เวลล์ที่นี่... สงสัยท่านคงอยากให้กรรมตามสนองสินะ,,,PENDING_MANUAL_GENERATION,,triangle-strategy
233,MS14_X28_A0_0025_F_ABR_0020.wav,MS14_X28_A0_0025_F_ABR_0020,233,233,233,235,Avlora,npc,female,avlora,assets/triangle-strategy/approved_voice_references/avlora.wav,ไม่ใช่ ข้าไม่ได้กำลังเหยียดหยามท่าน,,,PENDING_MANUAL_GENERATION,,triangle-strategy
234,MS14_X28_A0_0025_F_ABR_0030.wav,MS14_X28_A0_0025_F_ABR_0030,234,234,234,236,Avlora,npc,female,avlora,assets/triangle-strategy/approved_voice_references/avlora.wav,แต่ความอ่อนไหวมันไม่ช่วยให้เลี่ยงชะตาเช่นเดียวกับอาจารย์ของท่านได้หรอกนะ,,,PENDING_MANUAL_GENERATION,,triangle-strategy
235,MS14_X28_A0_0025_F_ABR_0040.wav,MS14_X28_A0_0025_F_ABR_0040,235,235,235,237,Avlora,npc,female,avlora,assets/triangle-strategy/approved_voice_references/avlora.wav,ฮ่าา!,,,PENDING_MANUAL_GENERATION,,triangle-strategy
236,MS14_X28_A0_0025_F_ABR_0050.wav,MS14_X28_A0_0025_F_ABR_0050,236,236,236,238,Avlora,npc,female,avlora,assets/triangle-strategy/approved_voice_references/avlora.wav,อึกกก!,,,PENDING_MANUAL_GENERATION,,triangle-strategy
237,MS14_X28_A0_0025_F_ABR_0060.wav,MS14_X28_A0_0025_F_ABR_0060,237,237,237,239,Avlora,npc,female,avlora,assets/triangle-strategy/approved_voice_references/avlora.wav,เก่งมากเจ้าค่ะ...,,,PENDING_MANUAL_GENERATION,,triangle-strategy
238,MS14_X28_A0_0025_F_ABR_0070.wav,MS14_X28_A0_0025_F_ABR_0070,238,238,238,240,Avlora,npc,female,avlora,assets/triangle-strategy/approved_voice_references/avlora.wav,ท่านมีฝีมือมากพอที่จะปกป้องนาง... ช่วยปกป้องคอร์เดเลียแทนข้าด้วย...,,,PENDING_MANUAL_GENERATION,,triangle-strategy
239,MS14_X28_A0_0025_F_CRD_0010.wav,MS14_X28_A0_0025_F_CRD_0010,239,239,239,241,Cordelia,npc,female,cordelia,assets/triangle-strategy/approved_voice_references/cordelia.wav,แม่ทัพอัฟโลร่า!,,,PENDING_MANUAL_GENERATION,,triangle-strategy
240,MS14_X28_A0_0025_M_RLN_0010.wav,MS14_X28_A0_0025_M_RLN_0010,240,240,240,242,Roland,main,male,roland,assets/triangle-strategy/approved_voice_references/roland.wav,อยากจะแซวที่ข้าอ่อนไหวก็ตามใจ ข้าไม่สนหรอก,,,PENDING_MANUAL_GENERATION,,triangle-strategy
241,MS14_X28_A0_0025_M_RLN_0020.wav,MS14_X28_A0_0025_M_RLN_0020,241,241,241,243,Roland,main,male,roland,assets/triangle-strategy/approved_voice_references/roland.wav,ย้าาากกกกก!,,,PENDING_MANUAL_GENERATION,,triangle-strategy
242,MS14_X28_A0_0025_M_RLN_0030.wav,MS14_X28_A0_0025_M_RLN_0030,242,242,242,244,Roland,main,male,roland,assets/triangle-strategy/approved_voice_references/roland.wav,ข้าชนะแล้ว,,,PENDING_MANUAL_GENERATION,,triangle-strategy
243,MS14_X28_A0_0030_F_FRE_0010.wav,MS14_X28_A0_0030_F_FRE_0010,244,244,244,246,Frederica,main,female,frederica,assets/triangle-strategy/approved_voice_references/frederica.wav,เส้นทางข้างหน้าช่างอันตรายและยาวไกล เกลนบรู๊คของเรากำลังสาหัส...,,,PENDING_MANUAL_GENERATION,,triangle-strategy
244,MS14_X28_A0_0030_M_BND_0010.wav,MS14_X28_A0_0030_M_BND_0010,245,245,245,247,Benedict,main,male,benedict,assets/triangle-strategy/approved_voice_references/benedict.wav,มันจบแล้ว,,,PENDING_MANUAL_GENERATION,,triangle-strategy
245,MS14_X28_A0_0030_M_RLN_0010.wav,MS14_X28_A0_0030_M_RLN_0010,246,246,246,248,Roland,main,male,roland,assets/triangle-strategy/approved_voice_references/roland.wav,สาหัสจนไม่รู้ว่าอาณาจักรจะคืนสภาพเดิมเมื่อไหร่,,,PENDING_MANUAL_GENERATION,,triangle-strategy
246,MS14_X28_A0_0030_M_RLN_0020.wav,MS14_X28_A0_0030_M_RLN_0020,247,247,247,249,Roland,main,male,roland,assets/triangle-strategy/approved_voice_references/roland.wav,ถูกต้องแล้ว! ดีใจมากเลยนะที่มีเจ้าอยู่ข้างกาย สหายข้า,,,PENDING_MANUAL_GENERATION,,triangle-strategy
247,MS14_X28_A0_0030_M_SEL_0010.wav,MS14_X28_A0_0030_M_SEL_0010,248,248,248,250,Serenoa,main,male,serenoa,assets/triangle-strategy/approved_voice_references/serenoa.wav,พวกเราจะช่วยกันขอรับ,,,PENDING_MANUAL_GENERATION,,triangle-strategy
248,MS14_X28_A0_0030_M_SEL_0020.wav,MS14_X28_A0_0030_M_SEL_0020,249,249,249,251,Serenoa,main,male,serenoa,assets/triangle-strategy/approved_voice_references/serenoa.wav,หากพวกเราชาววูล์ฟฟอร์ตและราชวงศ์เกลนบรู๊คร่วมมือกัน พวกเราต้องทำสำเร็จแน่นอน,,,PENDING_MANUAL_GENERATION,,triangle-strategy
249,MS14_X28_BATTLE_01_AFTER_F_ABR_0010.wav,MS14_X28_BATTLE_01_AFTER_F_ABR_0010,250,250,250,252,Avlora,npc,female,avlora,assets/triangle-strategy/approved_voice_references/avlora.wav,ข้าแพ้ได้ยังไง!?,,,PENDING_MANUAL_GENERATION,,triangle-strategy
250,MS14_X28_BATTLE_01_AFTER_F_ABR_0020.wav,MS14_X28_BATTLE_01_AFTER_F_ABR_0020,251,251,251,253,Avlora,npc,female,avlora,assets/triangle-strategy/approved_voice_references/avlora.wav,สงครามก็เป็นแบบนี้เจ้าค่ะองค์ราชินี ช่วยเป็นสักขีพยานต่อการตายของข้าด้วย,,,PENDING_MANUAL_GENERATION,,triangle-strategy
251,MS14_X28_BATTLE_01_AFTER_F_ABR_0030.wav,MS14_X28_BATTLE_01_AFTER_F_ABR_0030,252,252,252,254,Avlora,npc,female,avlora,assets/triangle-strategy/approved_voice_references/avlora.wav,โรแลนด์ เกลนบรู๊ค ผู้ฟื้นจากความตายสินะ...,,,PENDING_MANUAL_GENERATION,,triangle-strategy
252,MS14_X28_BATTLE_01_AFTER_F_ABR_0040.wav,MS14_X28_BATTLE_01_AFTER_F_ABR_0040,253,253,253,255,Avlora,npc,female,avlora,assets/triangle-strategy/approved_voice_references/avlora.wav,ฮ่าๆๆ อยากประชันดาบกับข้าหน้าบัลลังก์สินะ?,,,PENDING_MANUAL_GENERATION,,triangle-strategy
253,MS14_X28_BATTLE_01_AFTER_F_ABR_0050.wav,MS14_X28_BATTLE_01_AFTER_F_ABR_0050,254,254,254,256,Avlora,npc,female,avlora,assets/triangle-strategy/approved_voice_references/avlora.wav,ก็ได้ ข้ารับคำท้าของท่านเจ้าค่ะ,,,PENDING_MANUAL_GENERATION,,triangle-strategy
254,MS14_X28_BATTLE_01_AFTER_F_CRD_0010.wav,MS14_X28_BATTLE_01_AFTER_F_CRD_0010,255,255,255,257,Cordelia,npc,female,cordelia,assets/triangle-strategy/approved_voice_references/cordelia.wav,พอเสียที!,,,PENDING_MANUAL_GENERATION,,triangle-strategy
255,MS14_X28_BATTLE_01_AFTER_F_CRD_0015.wav,MS14_X28_BATTLE_01_AFTER_F_CRD_0015,256,256,256,258,Cordelia,npc,female,cordelia,assets/triangle-strategy/approved_voice_references/cordelia.wav,ขอเถอะ พวกท่านชนะแล้วไม่ใช่หรือไง!?,,,PENDING_MANUAL_GENERATION,,triangle-strategy
256,MS14_X28_BATTLE_01_AFTER_F_CRD_0020.wav,MS14_X28_BATTLE_01_AFTER_F_CRD_0020,257,257,257,259,Cordelia,npc,female,cordelia,assets/triangle-strategy/approved_voice_references/cordelia.wav,ท่านแม่ทัพ!,,,PENDING_MANUAL_GENERATION,,triangle-strategy
257,MS14_X28_BATTLE_01_AFTER_F_CRD_0030.wav,MS14_X28_BATTLE_01_AFTER_F_CRD_0030,258,258,258,260,Cordelia,npc,female,cordelia,assets/triangle-strategy/approved_voice_references/cordelia.wav,ข้ากำลังขอร้องพวกท่านในฐานะราชินีแห่งเกลนบรู๊ค! หยุดเรื่องพวกนี้ได้แล้ว!,,,PENDING_MANUAL_GENERATION,,triangle-strategy
258,MS14_X28_BATTLE_01_AFTER_F_CRD_0040.wav,MS14_X28_BATTLE_01_AFTER_F_CRD_0040,259,259,259,261,Cordelia,npc,female,cordelia,assets/triangle-strategy/approved_voice_references/cordelia.wav,ไว้ชีวิตนางเถอะนะ... ข้า... รับไม่ได้จริงๆ...,,,PENDING_MANUAL_GENERATION,,triangle-strategy
259,MS14_X28_BATTLE_01_AFTER_F_CRD_0050.wav,MS14_X28_BATTLE_01_AFTER_F_CRD_0050,260,260,260,262,Cordelia,npc,female,cordelia,assets/triangle-strategy/approved_voice_references/cordelia.wav,เดี๋ยว... อย่าบอกนะว่า...,,,PENDING_MANUAL_GENERATION,,triangle-strategy
260,MS14_X28_BATTLE_01_AFTER_F_CRD_0060.wav,MS14_X28_BATTLE_01_AFTER_F_CRD_0060,261,261,261,263,Cordelia,npc,female,cordelia,assets/triangle-strategy/approved_voice_references/cordelia.wav,โรแลนด์ ท่านพี่เองเหรอ!?,,,PENDING_MANUAL_GENERATION,,triangle-strategy
261,MS14_X28_BATTLE_01_AFTER_M_BND_0010.wav,MS14_X28_BATTLE_01_AFTER_M_BND_0010,262,262,262,264,Benedict,main,male,benedict,assets/triangle-strategy/approved_voice_references/benedict.wav,ยังไม่ชนะขอรับ ถ้าศัตรูยังไม่ถูกสังหารก็คงประกาศชัยชนะไม่ได้หรอก,,,PENDING_MANUAL_GENERATION,,triangle-strategy
262,MS14_X28_BATTLE_01_AFTER_M_BND_0020.wav,MS14_X28_BATTLE_01_AFTER_M_BND_0020,263,263,263,265,Benedict,main,male,benedict,assets/triangle-strategy/approved_voice_references/benedict.wav,เกลนบรู๊คต้องการความเป็นธรรม ถอยไปขอรับ องค์ราชินี,,,PENDING_MANUAL_GENERATION,,triangle-strategy
263,MS14_X28_BATTLE_01_AFTER_M_BND_0030.wav,MS14_X28_BATTLE_01_AFTER_M_BND_0030,264,264,264,266,Benedict,main,male,benedict,assets/triangle-strategy/approved_voice_references/benedict.wav,ไม่จำเป็นก็อย่าเสี่ยงเลยขอรับ,,,PENDING_MANUAL_GENERATION,,triangle-strategy
264,MS14_X28_BATTLE_01_AFTER_M_RLN_0010.wav,MS14_X28_BATTLE_01_AFTER_M_RLN_0010,265,265,265,267,Roland,main,male,roland,assets/triangle-strategy/approved_voice_references/roland.wav,เราชนะแล้ว,,,PENDING_MANUAL_GENERATION,,triangle-strategy
265,MS14_X28_BATTLE_01_AFTER_M_RLN_0020.wav,MS14_X28_BATTLE_01_AFTER_M_RLN_0020,266,266,266,268,Roland,main,male,roland,assets/triangle-strategy/approved_voice_references/roland.wav,...ได้เลย เราจะจบสงครามโดยไม่ต้องฆ่าฟันกันอีกในนามของเกลนบรู๊ค,,,PENDING_MANUAL_GENERATION,,triangle-strategy
266,MS14_X28_BATTLE_01_AFTER_M_RLN_0030.wav,MS14_X28_BATTLE_01_AFTER_M_RLN_0030,267,267,267,269,Roland,main,male,roland,assets/triangle-strategy/approved_voice_references/roland.wav,แต่ข้าจะล้างแค้นให้ทุกคนที่ถูกสังหารในนามแห่งราชวงศ์ ข้าจะโค่นนางเอง!,,,PENDING_MANUAL_GENERATION,,triangle-strategy
267,MS14_X28_BATTLE_01_AFTER_M_RLN_0040.wav,MS14_X28_BATTLE_01_AFTER_M_RLN_0040,268,268,268,270,Roland,main,male,roland,assets/triangle-strategy/approved_voice_references/roland.wav,เรามาจบเรื่องนี้กันเถอะ อัฟโลร่า,,,PENDING_MANUAL_GENERATION,,triangle-strategy
268,MS14_X28_BATTLE_01_AFTER_M_RLN_0050.wav,MS14_X28_BATTLE_01_AFTER_M_RLN_0050,269,269,269,271,Roland,main,male,roland,assets/triangle-strategy/approved_voice_references/roland.wav,ช่วยสนองข้าทีเถอะ ครั้งสุดท้ายแล้ว,,,PENDING_MANUAL_GENERATION,,triangle-strategy
269,MS14_X28_BATTLE_01_AFTER_M_RLN_0060.wav,MS14_X28_BATTLE_01_AFTER_M_RLN_0060,270,270,270,272,Roland,main,male,roland,assets/triangle-strategy/approved_voice_references/roland.wav,ข้าขอจบมันลงด้วยตัวของข้าเอง,,,PENDING_MANUAL_GENERATION,,triangle-strategy
270,MS14_X28_BATTLE_01_AFTER_M_RLN_0070.wav,MS14_X28_BATTLE_01_AFTER_M_RLN_0070,271,271,271,273,Roland,main,male,roland,assets/triangle-strategy/approved_voice_references/roland.wav,ไม่ใช่ที่นี่ ตามข้ามา,,,PENDING_MANUAL_GENERATION,,triangle-strategy
271,MS14_X28_BATTLE_01_AFTER_M_SEL_0010.wav,MS14_X28_BATTLE_01_AFTER_M_SEL_0010,272,272,272,274,Serenoa,main,male,serenoa,assets/triangle-strategy/approved_voice_references/serenoa.wav,มันจบแล้ว แม่ทัพอัฟโลร่า,,,PENDING_MANUAL_GENERATION,,triangle-strategy
272,MS14_X28_BATTLE_01_AFTER_M_SEL_0020.wav,MS14_X28_BATTLE_01_AFTER_M_SEL_0020,273,273,273,275,Serenoa,main,male,serenoa,assets/triangle-strategy/approved_voice_references/serenoa.wav,พูดอะไรของท่านเนี่ย องค์ชาย!?,,,PENDING_MANUAL_GENERATION,,triangle-strategy
273,MS14_X28_BATTLE_01_AFTER_M_SEL_0030.wav,MS14_X28_BATTLE_01_AFTER_M_SEL_0030,274,274,274,276,Serenoa,main,male,serenoa,assets/triangle-strategy/approved_voice_references/serenoa.wav,...ก็ได้ขอรับ,,,PENDING_MANUAL_GENERATION,,triangle-strategy
274,MS14_X28_BATTLE_01_BEFORE_F_ABR_0010.wav,MS14_X28_BATTLE_01_BEFORE_F_ABR_0010,275,275,275,277,Avlora,npc,female,avlora,assets/triangle-strategy/approved_voice_references/avlora.wav,ตระกูลวูล์ฟฟอร์ต! กะแล้วว่าต้องมา,,,PENDING_MANUAL_GENERATION,,triangle-strategy
275,MS14_X28_BATTLE_01_BEFORE_F_ABR_0020.wav,MS14_X28_BATTLE_01_BEFORE_F_ABR_0020,276,276,276,278,Avlora,npc,female,avlora,assets/triangle-strategy/approved_voice_references/avlora.wav,ไม่มีทหารที่ไหนจะยอมแพ้โดยไม่สู้สุดใจหรอกนะ!,,,PENDING_MANUAL_GENERATION,,triangle-strategy
276,MS14_X28_BATTLE_01_BEFORE_F_ABR_0030.wav,MS14_X28_BATTLE_01_BEFORE_F_ABR_0030,277,277,277,279,Avlora,npc,female,avlora,assets/triangle-strategy/approved_voice_references/avlora.wav,ถึงแม้ธาลาสจะเป็นรัฐมนตรีที่โง่เง่า แต่ข้าตั้งใจจะล้างแค้นให้เขาเช่นกัน,,,PENDING_MANUAL_GENERATION,,triangle-strategy
277,MS14_X28_BATTLE_01_BEFORE_F_ABR_0040.wav,MS14_X28_BATTLE_01_BEFORE_F_ABR_0040,278,278,278,280,Avlora,npc,female,avlora,assets/triangle-strategy/approved_voice_references/avlora.wav,องค์ราชินีเจ้าคะ...,,,PENDING_MANUAL_GENERATION,,triangle-strategy
278,MS14_X28_BATTLE_01_BEFORE_F_ABR_0050.wav,MS14_X28_BATTLE_01_BEFORE_F_ABR_0050,279,279,279,281,Avlora,npc,female,avlora,assets/triangle-strategy/approved_voice_references/avlora.wav,พวกเราเอสฟรอสต์เอง,,,PENDING_MANUAL_GENERATION,,triangle-strategy
279,MS14_X28_BATTLE_01_BEFORE_F_ABR_0060.wav,MS14_X28_BATTLE_01_BEFORE_F_ABR_0060,280,280,280,282,Avlora,npc,female,avlora,assets/triangle-strategy/approved_voice_references/avlora.wav,แล้วการแฝงตัวเข้านครหลวง โจมตีแบบเล่นทีเผลอเช่นนี้มันถูกต้องแล้วเหรอ?,,,PENDING_MANUAL_GENERATION,,triangle-strategy
280,MS14_X28_BATTLE_01_BEFORE_F_ABR_0070.wav,MS14_X28_BATTLE_01_BEFORE_F_ABR_0070,281,281,281,283,Avlora,npc,female,avlora,assets/triangle-strategy/approved_voice_references/avlora.wav,พูดได้ดีจริงๆ,,,PENDING_MANUAL_GENERATION,,triangle-strategy
281,MS14_X28_BATTLE_01_BEFORE_F_ABR_0080.wav,MS14_X28_BATTLE_01_BEFORE_F_ABR_0080,282,282,282,284,Avlora,npc,female,avlora,assets/triangle-strategy/approved_voice_references/avlora.wav,ผู้ชนะจะได้ทุกสิ่งไป ทั้งปราสาท ราชินี...และความเป็นธรรม ท่านต้องการเช่นนั้นใช่ไหม?,,,PENDING_MANUAL_GENERATION,,triangle-strategy
282,MS14_X28_BATTLE_01_BEFORE_F_CRD_0010.wav,MS14_X28_BATTLE_01_BEFORE_F_CRD_0010,283,283,283,285,Cordelia,npc,female,cordelia,assets/triangle-strategy/approved_voice_references/cordelia.wav,แม็กซ์เวลล์!? นึกอยู่แล้วเชียวว่าท่านยังมีชีวิตอยู่!,,,PENDING_MANUAL_GENERATION,,triangle-strategy
283,MS14_X28_BATTLE_01_BEFORE_F_CRD_0020.wav,MS14_X28_BATTLE_01_BEFORE_F_CRD_0020,284,284,284,286,Cordelia,npc,female,cordelia,assets/triangle-strategy/approved_voice_references/cordelia.wav,ช้าก่อน! อัฟโลร่าไม่ใช่ศัตรูของเรานะ!,,,PENDING_MANUAL_GENERATION,,triangle-strategy
284,MS14_X28_BATTLE_01_BEFORE_F_CRD_0030.wav,MS14_X28_BATTLE_01_BEFORE_F_CRD_0030,285,285,285,287,Cordelia,npc,female,cordelia,assets/triangle-strategy/approved_voice_references/cordelia.wav,นางสาบานจะรับใช้ข้า และปกป้องอาณาจักรเกลนบรู๊ค!,,,PENDING_MANUAL_GENERATION,,triangle-strategy
285,MS14_X28_BATTLE_01_BEFORE_F_CRD_0040.wav,MS14_X28_BATTLE_01_BEFORE_F_CRD_0040,286,286,286,288,Cordelia,npc,female,cordelia,assets/triangle-strategy/approved_voice_references/cordelia.wav,ผิดแล้ว! นางสาบานเช่นนั้นจริงๆ!,,,PENDING_MANUAL_GENERATION,,triangle-strategy
286,MS14_X28_BATTLE_01_BEFORE_F_CRD_0050.wav,MS14_X28_BATTLE_01_BEFORE_F_CRD_0050,287,287,287,289,Cordelia,npc,female,cordelia,assets/triangle-strategy/approved_voice_references/cordelia.wav,พวกท่านลดอาวุธลงก่อนเถอะ,,,PENDING_MANUAL_GENERATION,,triangle-strategy
287,MS14_X28_BATTLE_01_BEFORE_M_BND_0010.wav,MS14_X28_BATTLE_01_BEFORE_M_BND_0010,288,288,288,290,Benedict,main,male,benedict,assets/triangle-strategy/approved_voice_references/benedict.wav,พวกเขาอยู่นั่น!,,,PENDING_MANUAL_GENERATION,,triangle-strategy
288,MS14_X28_BATTLE_01_BEFORE_M_RLN_0010.wav,MS14_X28_BATTLE_01_BEFORE_M_RLN_0010,289,289,289,291,Roland,main,male,roland,assets/triangle-strategy/approved_voice_references/roland.wav,คอร์เดเลีย!,,,PENDING_MANUAL_GENERATION,,triangle-strategy
289,MS14_X28_BATTLE_01_BEFORE_M_RLN_0020.wav,MS14_X28_BATTLE_01_BEFORE_M_RLN_0020,290,290,290,292,Roland,main,male,roland,assets/triangle-strategy/approved_voice_references/roland.wav,ธาลาสกับเอริก้าตายไปพร้อมกับเรือรบของเจ้าแล้ว ตอนนี้เจ้าหมดหนทางหนี ไม่มีใครมาช่วยเจ้าหรอก,,,PENDING_MANUAL_GENERATION,,triangle-strategy
290,MS14_X28_BATTLE_01_BEFORE_M_RLN_0040.wav,MS14_X28_BATTLE_01_BEFORE_M_RLN_0040,292,292,292,294,Roland,main,male,roland,assets/triangle-strategy/approved_voice_references/roland.wav,ถ้างั้นก็หยิบอาวุธของเจ้าขึ้นมาเสียเถิด,,,PENDING_MANUAL_GENERATION,,triangle-strategy
291,MS14_X28_BATTLE_01_BEFORE_M_RLN_0050.wav,MS14_X28_BATTLE_01_BEFORE_M_RLN_0050,293,293,293,295,Roland,main,male,roland,assets/triangle-strategy/approved_voice_references/roland.wav,ก็เพราะนางกำลังชักใยท่านเพื่อผลประโยชน์ยังไงล่ะ,,,PENDING_MANUAL_GENERATION,,triangle-strategy
292,MS14_X28_BATTLE_01_BEFORE_M_RLN_0060.wav,MS14_X28_BATTLE_01_BEFORE_M_RLN_0060,294,294,294,296,Roland,main,male,roland,assets/triangle-strategy/approved_voice_references/roland.wav,ไม่มีวันเสียหรอก ท่านลืมไปแล้วเหรอ...เดิมทีหน้าที่ปกป้องอาณาจักรและราชวงศ์เป็นของใคร?,,,PENDING_MANUAL_GENERATION,,triangle-strategy
293,MS14_X28_BATTLE_01_BEFORE_M_RLN_0070.wav,MS14_X28_BATTLE_01_BEFORE_M_RLN_0070,295,295,295,297,Roland,main,male,roland,assets/triangle-strategy/approved_voice_references/roland.wav,ใครกันที่บุกนครหลวงสังหารกษัตริย์กับแฟรนี่? ใครกันที่หากินกับเกลนบรู๊คโดยไม่เห็นหัวประชาชน!?,,,PENDING_MANUAL_GENERATION,,triangle-strategy
294,MS14_X28_BATTLE_01_BEFORE_M_RLN_0080.wav,MS14_X28_BATTLE_01_BEFORE_M_RLN_0080,296,296,296,298,Roland,main,male,roland,assets/triangle-strategy/approved_voice_references/roland.wav,ถ้าไม่เรียกระยำ แล้วจะให้เรียกว่าอะไร!?,,,PENDING_MANUAL_GENERATION,,triangle-strategy
295,MS14_X28_BATTLE_01_BEFORE_M_RLN_0090.wav,MS14_X28_BATTLE_01_BEFORE_M_RLN_0090,297,297,297,299,Roland,main,male,roland,assets/triangle-strategy/approved_voice_references/roland.wav,ข้าไม่มีสิทธิพูดเสียหน่อย,,,PENDING_MANUAL_GENERATION,,triangle-strategy
296,MS14_X28_BATTLE_01_BEFORE_M_RLN_0100.wav,MS14_X28_BATTLE_01_BEFORE_M_RLN_0100,298,298,298,300,Roland,main,male,roland,assets/triangle-strategy/approved_voice_references/roland.wav,จนกว่าจะตัดสินผลแพ้ชนะ,,,PENDING_MANUAL_GENERATION,,triangle-strategy
297,MS14_X28_BATTLE_01_BEFORE_M_RLN_0110.wav,MS14_X28_BATTLE_01_BEFORE_M_RLN_0110,299,299,299,301,Roland,main,male,roland,assets/triangle-strategy/approved_voice_references/roland.wav,ก็นั่นแหละที่ข้าต้องการ!,,,PENDING_MANUAL_GENERATION,,triangle-strategy
298,MS14_X28_BATTLE_01_BEFORE_M_SEL_0010.wav,MS14_X28_BATTLE_01_BEFORE_M_SEL_0010,300,300,300,302,Serenoa,main,male,serenoa,assets/triangle-strategy/approved_voice_references/serenoa.wav,ผู้บัญชาการอัฟโลร่า ปล่อยองค์ราชินีแล้วยอมจำนนเสียเถอะ,,,PENDING_MANUAL_GENERATION,,triangle-strategy
299,MS14_X28_BATTLE_01_DRAMA_F_ABR_0010.wav,MS14_X28_BATTLE_01_DRAMA_F_ABR_0010,301,301,301,303,Avlora,npc,female,avlora,assets/triangle-strategy/approved_voice_references/avlora.wav,หอกอรุณ ท่านรอดมาได้งั้นเหรอ? แต่ก็ไม่สำคัญหรอก ข้าจะเป็นคนล้มท่านอีกรอบเอง,,,PENDING_MANUAL_GENERATION,,triangle-strategy
300,MS14_X28_BATTLE_01_DRAMA_F_ABR_0020.wav,MS14_X28_BATTLE_01_DRAMA_F_ABR_0020,302,302,302,304,Avlora,npc,female,avlora,assets/triangle-strategy/approved_voice_references/avlora.wav,คมดาบข้ามันกระหายเลือดท่าน,,,PENDING_MANUAL_GENERATION,,triangle-strategy
301,MS14_X28_BATTLE_01_DRAMA_F_ABR_0030.wav,MS14_X28_BATTLE_01_DRAMA_F_ABR_0030,303,303,303,305,Avlora,npc,female,avlora,assets/triangle-strategy/approved_voice_references/avlora.wav,ทั้งที่ลงมือฟันท่านด้วยตัวเองแท้ๆ... สรุปแล้วท่านเป็นใครกันแน่?,,,PENDING_MANUAL_GENERATION,,triangle-strategy
302,MS14_X28_BATTLE_01_DRAMA_F_ABR_0040.wav,MS14_X28_BATTLE_01_DRAMA_F_ABR_0040,304,304,304,306,Avlora,npc,female,avlora,assets/triangle-strategy/approved_voice_references/avlora.wav,หรือไม่ข้าคงต้องสังหารและกระชากหน้ากากท่านออกมาเอง,,,PENDING_MANUAL_GENERATION,,triangle-strategy
303,MS14_X28_BATTLE_01_DRAMA_F_ABR_0050.wav,MS14_X28_BATTLE_01_DRAMA_F_ABR_0050,305,305,305,307,Avlora,npc,female,avlora,assets/triangle-strategy/approved_voice_references/avlora.wav,เล่นเป็นเด็กไปได้ ไม่เห็นจะเก่งเหมือนแม็กซ์เวลล์ที่ข้ารู้จักเลย,,,PENDING_MANUAL_GENERATION,,triangle-strategy
304,MS14_X28_BATTLE_01_DRAMA_F_ABR_0060.wav,MS14_X28_BATTLE_01_DRAMA_F_ABR_0060,306,306,306,308,Avlora,npc,female,avlora,assets/triangle-strategy/approved_voice_references/avlora.wav,ถ้าไม่อยากตายก็หนีไปเสียเถอะ ข้าไม่ปรานีหรอกนะ,,,PENDING_MANUAL_GENERATION,,triangle-strategy
305,MS14_X28_BATTLE_01_DRAMA_F_ABR_0070.wav,MS14_X28_BATTLE_01_DRAMA_F_ABR_0070,307,307,307,309,Avlora,npc,female,avlora,assets/triangle-strategy/approved_voice_references/avlora.wav,ข้า... มาไกลได้เท่านี้เองเหรอ...,,,PENDING_MANUAL_GENERATION,,triangle-strategy
306,MS14_X28_BATTLE_01_DRAMA_M_RLN_0010.wav,MS14_X28_BATTLE_01_DRAMA_M_RLN_0010,308,308,308,310,Roland,main,male,roland,assets/triangle-strategy/approved_voice_references/roland.wav,เซเรโนอา ศึกครั้งนี้จะตัดสินทุกอย่าง เราต้องทำทุกหนทางเพื่อคว้าชัยให้ได้,,,PENDING_MANUAL_GENERATION,,triangle-strategy
307,MS14_X28_BATTLE_01_DRAMA_M_RLN_0020.wav,MS14_X28_BATTLE_01_DRAMA_M_RLN_0020,309,309,309,311,Roland,main,male,roland,assets/triangle-strategy/approved_voice_references/roland.wav,ถูกต้อง... แต่นางลงมือสังหารอาจารย์ของข้า การกำจัดนางคือสิ่งที่ยุติธรรมสำหรับเรา,,,PENDING_MANUAL_GENERATION,,triangle-strategy
308,MS14_X28_BATTLE_01_DRAMA_M_RLN_0030.wav,MS14_X28_BATTLE_01_DRAMA_M_RLN_0030,310,310,310,312,Roland,main,male,roland,assets/triangle-strategy/approved_voice_references/roland.wav,เร็วเข้า มาล้างบางสารเลวเอสฟรอสต์พวกนี้ให้หมด!,,,PENDING_MANUAL_GENERATION,,triangle-strategy
309,MS14_X28_BATTLE_01_DRAMA_M_RLN_0040.wav,MS14_X28_BATTLE_01_DRAMA_M_RLN_0040,311,311,311,313,Roland,main,male,roland,assets/triangle-strategy/approved_voice_references/roland.wav,เมื่อก่อนข้านั้นอ่อนแอ... แต่ไม่ใช่อีกต่อไปแล้ว ข้าจะพิชิตนางและแสดงให้อาจารย์เห็นเองว่าข้ามาไกลแค่ไหนแล้ว,,,PENDING_MANUAL_GENERATION,,triangle-strategy
310,MS14_X28_BATTLE_01_DRAMA_M_RLN_0050.wav,MS14_X28_BATTLE_01_DRAMA_M_RLN_0050,312,312,312,314,Roland,main,male,roland,assets/triangle-strategy/approved_voice_references/roland.wav,ข้าคือผู้พิชิตเอสฟรอสต์,,,PENDING_MANUAL_GENERATION,,triangle-strategy
311,MS14_X28_BATTLE_01_DRAMA_M_RLN_0060.wav,MS14_X28_BATTLE_01_DRAMA_M_RLN_0060,313,313,313,315,Roland,main,male,roland,assets/triangle-strategy/approved_voice_references/roland.wav,ข้าจะไม่ยอมถอดหน้ากาก จนกว่าเจ้าจะถูกฝังกลบดิน,,,PENDING_MANUAL_GENERATION,,triangle-strategy
312,MS14_X28_BATTLE_01_DRAMA_M_RLN_0070.wav,MS14_X28_BATTLE_01_DRAMA_M_RLN_0070,314,314,314,316,Roland,main,male,roland,assets/triangle-strategy/approved_voice_references/roland.wav,ข้าจะไม่ยอมแพ้... ตราบเท่าที่ยังมีลมหายใจ!,,,PENDING_MANUAL_GENERATION,,triangle-strategy
313,MS14_X28_BATTLE_01_DRAMA_M_RLN_0080.wav,MS14_X28_BATTLE_01_DRAMA_M_RLN_0080,315,315,315,317,Roland,main,male,roland,assets/triangle-strategy/approved_voice_references/roland.wav,โอย... อาจารย์... คอร์เดเลีย... อภัยให้ข้าด้วย...,,,PENDING_MANUAL_GENERATION,,triangle-strategy
314,MS14_X28_BATTLE_01_DRAMA_M_SEL_0010.wav,MS14_X28_BATTLE_01_DRAMA_M_SEL_0010,316,316,316,318,Serenoa,main,male,serenoa,assets/triangle-strategy/approved_voice_references/serenoa.wav,รู้แล้วขอรับ อัฟโลร่าเป็นคู่ต่อสู้ที่แข็งแกร่งที่สุดเท่าที่เราเคยเจอมาเลย,,,PENDING_MANUAL_GENERATION,,triangle-strategy
315,MS14_X28_WD_0010_N_NNN_0010.wav,MS14_X28_WD_0010_N_NNN_0010,317,317,317,319,Narrator,narrator,female,narrator,assets/triangle-strategy/approved_voice_references/narrator.wav,หลังโรแลนด์นำเหล่าสหายแทรกซึมเข้าปราสาทไวท์โฮล์ม วูล์ฟฟอร์ตจึงลงมือโค่นเอริก้าและธาลาส พร้อมระเบิดเรือรบซึ่งเป็นหนทางหนีของพวกเขา,,,PENDING_MANUAL_GENERATION,,triangle-strategy
316,MS14_X28_WD_0010_N_NNN_0020.wav,MS14_X28_WD_0010_N_NNN_0020,318,318,318,320,Narrator,narrator,female,narrator,assets/triangle-strategy/approved_voice_references/narrator.wav,อุปสรรคหนึ่งเดียวที่ขวางเส้นทางสู่การกอบกู้นครหลวงคือแม่ทัพอัฟโลร่า เซเรโนอาและผองเพื่อนจึงมุ่งหน้าตามหานางในปราสาท,,,PENDING_MANUAL_GENERATION,,triangle-strategy
317,MS14_X28_WD_0020_N_NNN_0010.wav,MS14_X28_WD_0020_N_NNN_0010,319,319,319,321,Narrator,narrator,female,narrator,assets/triangle-strategy/approved_voice_references/narrator.wav,"โรแลนด์ทิ้งหน้ากากของตน พร้อมโค่นอัฟโลร่าในการดวล
แต่ร่างของนางนั้นร่วงลงสู่แม่น้ำและสูญหายไป",,,PENDING_MANUAL_GENERATION,,triangle-strategy
318,MS14_X28_WD_0020_N_NNN_0020.wav,MS14_X28_WD_0020_N_NNN_0020,320,320,320,322,Narrator,narrator,female,narrator,assets/triangle-strategy/approved_voice_references/narrator.wav,เมื่อข่าวการเสียชีวิตของแม่ทัพอัฟโลร่าถึงหูพวกเขา ไฮแซนต์จึงได้โจมตีนครหลวงอย่างต่อเนื่อง ทำให้กองกำลังเอสฟรอสต์ซึ่งไร้ผู้นำแตกพ่ายอย่างรวดเร็ว,,,PENDING_MANUAL_GENERATION,,triangle-strategy
319,MS14_X28_WD_0020_N_NNN_0030.wav,MS14_X28_WD_0020_N_NNN_0030,321,321,321,323,Narrator,narrator,female,narrator,assets/triangle-strategy/approved_voice_references/narrator.wav,เหล่าวูล์ฟฟอร์ตจึงกำจัดทหารที่เหลือ และยึดปราสาทคืนในเวลาต่อมา,,,PENDING_MANUAL_GENERATION,,triangle-strategy
320,MS14_X28_WD_0020_N_NNN_0040.wav,MS14_X28_WD_0020_N_NNN_0040,322,322,322,324,Narrator,narrator,female,narrator,assets/triangle-strategy/approved_voice_references/narrator.wav,"แม้ว่าศึกครั้งนี้จะสร้างบาดแผลให้อาณาจักรและประชาชน
แต่เมื่อยามตะวันทอแสง...พวกเขาสามารถชิงนครหลวงกลับมาอย่างสำเร็จ",,,PENDING_MANUAL_GENERATION,,triangle-strategy
321,MS14_X29_A0_0010_F_FRE_0010.wav,MS14_X29_A0_0010_F_FRE_0010,323,323,323,325,Frederica,main,female,frederica,assets/triangle-strategy/approved_voice_references/frederica.wav,ตามเรือนั่นไปเถอะ,,,PENDING_MANUAL_GENERATION,,triangle-strategy
322,MS14_X29_A0_0010_F_FRE_0020.wav,MS14_X29_A0_0010_F_FRE_0020,324,324,324,326,Frederica,main,female,frederica,assets/triangle-strategy/approved_voice_references/frederica.wav,เรือรบเหล็กเอสฟรอสต์นั้นเชื่องช้า หากเราออกเรือตอนนี้คงตามทันเจ้าค่ะ,,,PENDING_MANUAL_GENERATION,,triangle-strategy
323,MS14_X29_A0_0010_F_FRE_0030.wav,MS14_X29_A0_0010_F_FRE_0030,325,325,325,327,Frederica,main,female,frederica,assets/triangle-strategy/approved_voice_references/frederica.wav,ราชินีคอร์เดเลียก็เป็นเหยื่อของกุสตาดอล์ฟเช่นกัน เราต้องช่วยนางนะเจ้าคะ,,,PENDING_MANUAL_GENERATION,,triangle-strategy
324,MS14_X29_A0_0010_F_FRE_0040.wav,MS14_X29_A0_0010_F_FRE_0040,326,326,326,328,Frederica,main,female,frederica,assets/triangle-strategy/approved_voice_references/frederica.wav,...เพราะข้าไม่อยากนึกเสียใจทีหลังที่ไม่ได้ตามไปช่วยนาง,,,PENDING_MANUAL_GENERATION,,triangle-strategy
325,MS14_X29_A0_0010_F_HEW_0010.wav,MS14_X29_A0_0010_F_HEW_0010,327,327,327,329,Hughette,main,female,hughette,assets/triangle-strategy/approved_voice_references/hughette.wav,เจ้าค่ะ ข้าเห็นพวกเขาขึ้นเรือรบลำหนึ่งบนท่าเรือ,,,PENDING_MANUAL_GENERATION,,triangle-strategy
326,MS14_X29_A0_0010_F_HEW_0020.wav,MS14_X29_A0_0010_F_HEW_0020,328,328,328,330,Hughette,main,female,hughette,assets/triangle-strategy/approved_voice_references/hughette.wav,เรือของเขาถูกศัตรูล้อมเจ้าค่ะ แม่ทัพจึงใช้ช่องโหว่นั้นเพื่อหลบหนี,,,PENDING_MANUAL_GENERATION,,triangle-strategy
327,MS14_X29_A0_0010_M_BND_0010.wav,MS14_X29_A0_0010_M_BND_0010,329,329,329,331,Benedict,main,male,benedict,assets/triangle-strategy/approved_voice_references/benedict.wav,เอสฟรอสต์ชำนาญเรือมากกว่าพวกเราจริงๆ นางรู้จุดอ่อนในแผนของเรา...,,,PENDING_MANUAL_GENERATION,,triangle-strategy
328,MS14_X29_A0_0010_M_BND_0020.wav,MS14_X29_A0_0010_M_BND_0020,330,330,330,332,Benedict,main,male,benedict,assets/triangle-strategy/approved_voice_references/benedict.wav,ช้าก่อนขอรับ เป้าหมายของเราคือการชิงเกลนบรู๊คกลับคืนมา,,,PENDING_MANUAL_GENERATION,,triangle-strategy
329,MS14_X29_A0_0010_M_BND_0030.wav,MS14_X29_A0_0010_M_BND_0030,331,331,331,333,Benedict,main,male,benedict,assets/triangle-strategy/approved_voice_references/benedict.wav,หากไม่มีแม่ทัพอัฟโลร่าแล้ว เราสามารถยึดครองปราสาทไวท์โฮล์มได้อย่างง่ายดาย,,,PENDING_MANUAL_GENERATION,,triangle-strategy
330,MS14_X29_A0_0010_M_BND_0040.wav,MS14_X29_A0_0010_M_BND_0040,332,332,332,334,Benedict,main,male,benedict,assets/triangle-strategy/approved_voice_references/benedict.wav,ใจเย็นขอรับ ทุกสิ่งล้วนมีหนทางแก้ไขเสมอ,,,PENDING_MANUAL_GENERATION,,triangle-strategy
331,MS14_X29_A0_0010_M_BND_0050.wav,MS14_X29_A0_0010_M_BND_0050,333,333,333,335,Benedict,main,male,benedict,assets/triangle-strategy/approved_voice_references/benedict.wav,ไม่ได้ขอรับ การต่อสู้ทั้งหมดของเราจะสูญเปล่าหากเราเสียท่านไป,,,PENDING_MANUAL_GENERATION,,triangle-strategy
332,MS14_X29_A0_0010_M_BND_0060.wav,MS14_X29_A0_0010_M_BND_0060,334,334,334,336,Benedict,main,male,benedict,assets/triangle-strategy/approved_voice_references/benedict.wav,ใจเย็นขอรับ องค์ชาย,,,PENDING_MANUAL_GENERATION,,triangle-strategy
333,MS14_X29_A0_0010_M_BND_0070.wav,MS14_X29_A0_0010_M_BND_0070,335,335,335,337,Benedict,main,male,benedict,assets/triangle-strategy/approved_voice_references/benedict.wav,อย่าเพิ่งด่วนตัดสินใจนักเลย,,,PENDING_MANUAL_GENERATION,,triangle-strategy
334,MS14_X29_A0_0010_M_BND_0080.wav,MS14_X29_A0_0010_M_BND_0080,336,336,336,338,Benedict,main,male,benedict,assets/triangle-strategy/approved_voice_references/benedict.wav,เช่นนั้น เอาเลยไหมขอรับ?,,,PENDING_MANUAL_GENERATION,,triangle-strategy
335,MS14_X29_A0_0010_M_BND_0090.wav,MS14_X29_A0_0010_M_BND_0090,337,337,337,339,Benedict,main,male,benedict,assets/triangle-strategy/approved_voice_references/benedict.wav,...ก็ได้,,,PENDING_MANUAL_GENERATION,,triangle-strategy
336,MS14_X29_A0_0010_M_ELA_0010.wav,MS14_X29_A0_0010_M_ELA_0010,338,338,338,340,Erador,main,male,erador,assets/triangle-strategy/approved_voice_references/erador.wav,แต่ข้านับถือนางจริงๆที่รู้จักถอยโดยไม่ลังเล,,,PENDING_MANUAL_GENERATION,,triangle-strategy
337,MS14_X29_A0_0010_M_ELA_0020.wav,MS14_X29_A0_0010_M_ELA_0020,339,339,339,341,Erador,main,male,erador,assets/triangle-strategy/approved_voice_references/erador.wav,ลอร์ดของเราเติบโตเป็นคนดีจริงๆนะเบเนดิกต์ เราตามใจเขาเถอะ,,,PENDING_MANUAL_GENERATION,,triangle-strategy
338,MS14_X29_A0_0010_M_RLN_0010.wav,MS14_X29_A0_0010_M_RLN_0010,340,340,340,342,Roland,main,male,roland,assets/triangle-strategy/approved_voice_references/roland.wav,รัฐมนตรีแคมเซลล์ไม่ได้ปิดกั้นเส้นทางไว้เหรอ!?,,,PENDING_MANUAL_GENERATION,,triangle-strategy
339,MS14_X29_A0_0010_M_RLN_0020.wav,MS14_X29_A0_0010_M_RLN_0020,341,341,341,343,Roland,main,male,roland,assets/triangle-strategy/approved_voice_references/roland.wav,นี่ไม่ใช่เวลามาชื่นชมใครนะท่าน! ตามพวกเขาไป เตรียมเรือเดี๋ยวนี้!,,,PENDING_MANUAL_GENERATION,,triangle-strategy
340,MS14_X29_A0_0010_M_RLN_0030.wav,MS14_X29_A0_0010_M_RLN_0030,342,342,342,344,Roland,main,male,roland,assets/triangle-strategy/approved_voice_references/roland.wav,ก็คือท่านต้องการทิ้งคอร์เดเลียไว้แบบนั้นเหรอ?,,,PENDING_MANUAL_GENERATION,,triangle-strategy
341,MS14_X29_A0_0010_M_RLN_0040.wav,MS14_X29_A0_0010_M_RLN_0040,343,343,343,345,Roland,main,male,roland,assets/triangle-strategy/approved_voice_references/roland.wav,หนอย... ข้าไปเองก็ได้,,,PENDING_MANUAL_GENERATION,,triangle-strategy
342,MS14_X29_A0_0010_M_RLN_0050.wav,MS14_X29_A0_0010_M_RLN_0050,344,344,344,346,Roland,main,male,roland,assets/triangle-strategy/approved_voice_references/roland.wav,น้องของข้าถูกลักพาตัวไปทั้งคนนะ! อัฟโลร่ามันทำลายครอบครัวของข้า!,,,PENDING_MANUAL_GENERATION,,triangle-strategy
343,MS14_X29_A0_0010_M_RLN_0060.wav,MS14_X29_A0_0010_M_RLN_0060,345,345,345,347,Roland,main,male,roland,assets/triangle-strategy/approved_voice_references/roland.wav,...เซเรโนอา อย่ามาห้ามข้า,,,PENDING_MANUAL_GENERATION,,triangle-strategy
344,MS14_X29_A0_0010_M_RLN_0070.wav,MS14_X29_A0_0010_M_RLN_0070,346,346,346,348,Roland,main,male,roland,assets/triangle-strategy/approved_voice_references/roland.wav,เฟรเดอริก้า...,,,PENDING_MANUAL_GENERATION,,triangle-strategy
345,MS14_X29_A0_0010_M_RLN_0080.wav,MS14_X29_A0_0010_M_RLN_0080,347,347,347,349,Roland,main,male,roland,assets/triangle-strategy/approved_voice_references/roland.wav,ขอบคุณพวกเจ้าจริงๆ,,,PENDING_MANUAL_GENERATION,,triangle-strategy
346,MS14_X29_A0_0010_M_SEL_0010.wav,MS14_X29_A0_0010_M_SEL_0010,348,348,348,350,Serenoa,main,male,serenoa,assets/triangle-strategy/approved_voice_references/serenoa.wav,แม่ทัพอัฟโลร่ากับราชินีคอร์เดเลีย หนีไปด้วยกันเหรอ?,,,PENDING_MANUAL_GENERATION,,triangle-strategy
347,MS14_X29_A0_0010_M_SEL_0020.wav,MS14_X29_A0_0010_M_SEL_0020,349,349,349,351,Serenoa,main,male,serenoa,assets/triangle-strategy/approved_voice_references/serenoa.wav,เบเนดิกต์ โรแลนด์คือสาเหตุที่เราต้องทำสงครามนะท่าน,,,PENDING_MANUAL_GENERATION,,triangle-strategy
348,MS14_X29_A0_0010_M_SEL_0030.wav,MS14_X29_A0_0010_M_SEL_0030,350,350,350,352,Serenoa,main,male,serenoa,assets/triangle-strategy/approved_voice_references/serenoa.wav,เมื่อสงครามนี้จบลง...และประชาชนพบว่าเราละทิ้งองค์ราชินี รับรองว่าพวกเขาสิ้นศรัทธาในตัวเราแน่นอน,,,PENDING_MANUAL_GENERATION,,triangle-strategy
349,MS14_X29_A0_0010_M_SEL_0040.wav,MS14_X29_A0_0010_M_SEL_0040,351,351,351,353,Serenoa,main,male,serenoa,assets/triangle-strategy/approved_voice_references/serenoa.wav,เราไปช่วยองค์ราชินีกันเถอะ มันเป็นหน้าที่ของเราเช่นกันนะ,,,PENDING_MANUAL_GENERATION,,triangle-strategy
350,MS14_X29_A0_2010_F_LYL_0010.wav,MS14_X29_A0_2010_F_LYL_0010,352,352,352,354,Lyla,npc,female,lyla,assets/triangle-strategy/approved_voice_references/lyla.wav,...เหมือนว่านางจะพ้นขีดอันตรายแล้วนะเจ้าคะ นางจะตื่นมาอย่างปลอดภัย,,,PENDING_MANUAL_GENERATION,,triangle-strategy
351,MS14_X29_A0_2010_F_LYL_0020.wav,MS14_X29_A0_2010_F_LYL_0020,353,353,353,355,Lyla,npc,female,lyla,assets/triangle-strategy/approved_voice_references/lyla.wav,เกลนบรู๊คนั้นเป็นพันธมิตรของเราตั้งแต่สมัยสงคราม ท่านไม่จำเป็นต้องขอบคุณข้าก็ได้เจ้าค่ะ องค์ชาย-,,,PENDING_MANUAL_GENERATION,,triangle-strategy
352,MS14_X29_A0_2010_F_LYL_0030.wav,MS14_X29_A0_2010_F_LYL_0030,354,354,354,356,Lyla,npc,female,lyla,assets/triangle-strategy/approved_voice_references/lyla.wav,ไม่สิ ข้าควรเรียกท่านว่าฝ่าบาทโรแลนด์แล้วสินะ,,,PENDING_MANUAL_GENERATION,,triangle-strategy
353,MS14_X29_A0_2010_F_LYL_0040.wav,MS14_X29_A0_2010_F_LYL_0040,355,355,355,357,Lyla,npc,female,lyla,assets/triangle-strategy/approved_voice_references/lyla.wav,ถ้างั้น ข้าขอตัวก่อนนะเจ้าคะ,,,PENDING_MANUAL_GENERATION,,triangle-strategy
354,MS14_X29_A0_2010_M_RLN_0010.wav,MS14_X29_A0_2010_M_RLN_0010,356,356,356,358,Roland,main,male,roland,assets/triangle-strategy/approved_voice_references/roland.wav,ขอบคุณมากเลยนะ รัฐมนตรีไลล่า น้องของข้าคงไม่ฟื้นขึ้นมาหากไม่ได้การช่วยเหลือของท่าน,,,PENDING_MANUAL_GENERATION,,triangle-strategy
355,MS14_X29_A0_2010_M_RLN_0020.wav,MS14_X29_A0_2010_M_RLN_0020,357,357,357,359,Roland,main,male,roland,assets/triangle-strategy/approved_voice_references/roland.wav,ข้ายังไม่ทันได้ขึ้นครองราชย์เลย,,,PENDING_MANUAL_GENERATION,,triangle-strategy
356,MS14_X29_A0_2010_M_RLN_0030.wav,MS14_X29_A0_2010_M_RLN_0030,358,358,358,360,Roland,main,male,roland,assets/triangle-strategy/approved_voice_references/roland.wav,โล่งอกไปที...,,,PENDING_MANUAL_GENERATION,,triangle-strategy
357,MS14_X29_A0_2010_M_RLN_0040.wav,MS14_X29_A0_2010_M_RLN_0040,359,359,359,361,Roland,main,male,roland,assets/triangle-strategy/approved_voice_references/roland.wav,แต่ทำไมล่ะ คอร์เดเลีย?,,,PENDING_MANUAL_GENERATION,,triangle-strategy
358,MS14_X29_A0_2010_M_RLN_0050.wav,MS14_X29_A0_2010_M_RLN_0050,360,360,360,362,Roland,main,male,roland,assets/triangle-strategy/approved_voice_references/roland.wav,ทำไมต้องปกป้องศัตรูของเราด้วย?,,,PENDING_MANUAL_GENERATION,,triangle-strategy
359,MS14_X29_BATTLE_01_AFTER_F_ABR_0010.wav,MS14_X29_BATTLE_01_AFTER_F_ABR_0010,361,361,361,363,Avlora,npc,female,avlora,assets/triangle-strategy/approved_voice_references/avlora.wav,แฮ่ก แฮ่ก...,,,PENDING_MANUAL_GENERATION,แฮ่ก แฮ่ก,triangle-strategy
360,MS14_X29_BATTLE_01_AFTER_F_ABR_0020.wav,MS14_X29_BATTLE_01_AFTER_F_ABR_0020,362,362,362,364,Avlora,npc,female,avlora,assets/triangle-strategy/approved_voice_references/avlora.wav,องค์ราชินี ขอโทษนะเจ้าคะ,,,PENDING_MANUAL_GENERATION,,triangle-strategy
361,MS14_X29_BATTLE_01_AFTER_F_ABR_0030.wav,MS14_X29_BATTLE_01_AFTER_F_ABR_0030,363,363,363,365,Avlora,npc,female,avlora,assets/triangle-strategy/approved_voice_references/avlora.wav,ข้าโดนคนทรยศเหล่านี้กำราบ ข้านั้นผิดมหันต์ที่ไม่สามารถปกป้องท่านจากพวกเขาได้,,,PENDING_MANUAL_GENERATION,,triangle-strategy
362,MS14_X29_BATTLE_01_AFTER_F_ABR_0040.wav,MS14_X29_BATTLE_01_AFTER_F_ABR_0040,364,364,364,366,Avlora,npc,female,avlora,assets/triangle-strategy/approved_voice_references/avlora.wav,หากไม่ใช่คนทรยศ แล้วพวกสุนัขไฮแซนต์คืออะไรเจ้าคะ!?,,,PENDING_MANUAL_GENERATION,,triangle-strategy
363,MS14_X29_BATTLE_01_AFTER_F_ABR_0050.wav,MS14_X29_BATTLE_01_AFTER_F_ABR_0050,365,365,365,367,Avlora,npc,female,avlora,assets/triangle-strategy/approved_voice_references/avlora.wav,หา!?,,,PENDING_MANUAL_GENERATION,,triangle-strategy
364,MS14_X29_BATTLE_01_AFTER_F_ABR_0060.wav,MS14_X29_BATTLE_01_AFTER_F_ABR_0060,366,366,366,368,Avlora,npc,female,avlora,assets/triangle-strategy/approved_voice_references/avlora.wav,ฮ่าๆๆ... ฮ่าๆๆๆๆ!,,,PENDING_MANUAL_GENERATION,,triangle-strategy
365,MS14_X29_BATTLE_01_AFTER_F_ABR_0070.wav,MS14_X29_BATTLE_01_AFTER_F_ABR_0070,367,367,367,369,Avlora,npc,female,avlora,assets/triangle-strategy/approved_voice_references/avlora.wav,แบบนี้เองสินะ... อยากกลับไปบอกกุสตาดอล์ฟเสียจริง...,,,PENDING_MANUAL_GENERATION,,triangle-strategy
366,MS14_X29_BATTLE_01_AFTER_F_ABR_0080.wav,MS14_X29_BATTLE_01_AFTER_F_ABR_0080,368,368,368,370,Avlora,npc,female,avlora,assets/triangle-strategy/approved_voice_references/avlora.wav,องค์ราชินี!,,,PENDING_MANUAL_GENERATION,,triangle-strategy
367,MS14_X29_BATTLE_01_AFTER_F_ABR_0090.wav,MS14_X29_BATTLE_01_AFTER_F_ABR_0090,369,369,369,371,Avlora,npc,female,avlora,assets/triangle-strategy/approved_voice_references/avlora.wav,องค์ราชินี... อภัยให้ข้าด้วยนะเจ้าคะ...,,,PENDING_MANUAL_GENERATION,,triangle-strategy
368,MS14_X29_BATTLE_01_AFTER_F_CRD_0010.wav,MS14_X29_BATTLE_01_AFTER_F_CRD_0010,370,370,370,372,Cordelia,npc,female,cordelia,assets/triangle-strategy/approved_voice_references/cordelia.wav,แม่ทัพอัฟโลร่า...,,,PENDING_MANUAL_GENERATION,,triangle-strategy
369,MS14_X29_BATTLE_01_AFTER_F_CRD_0020.wav,MS14_X29_BATTLE_01_AFTER_F_CRD_0020,371,371,371,373,Cordelia,npc,female,cordelia,assets/triangle-strategy/approved_voice_references/cordelia.wav,เซอร์แม็กซ์เวลล์ หยุดเถอะเจ้าค่ะ!,,,PENDING_MANUAL_GENERATION,,triangle-strategy
370,MS14_X29_BATTLE_01_AFTER_F_CRD_0030.wav,MS14_X29_BATTLE_01_AFTER_F_CRD_0030,372,372,372,374,Cordelia,npc,female,cordelia,assets/triangle-strategy/approved_voice_references/cordelia.wav,ท่านไม่ใช่แม็กซ์เวลล์นี่!,,,PENDING_MANUAL_GENERATION,,triangle-strategy
371,MS14_X29_BATTLE_01_AFTER_F_CRD_0040.wav,MS14_X29_BATTLE_01_AFTER_F_CRD_0040,373,373,373,375,Cordelia,npc,female,cordelia,assets/triangle-strategy/approved_voice_references/cordelia.wav,ต้องไม่ผิดแน่...,,,PENDING_MANUAL_GENERATION,,triangle-strategy
372,MS14_X29_BATTLE_01_AFTER_F_CRD_0050.wav,MS14_X29_BATTLE_01_AFTER_F_CRD_0050,374,374,374,376,Cordelia,npc,female,cordelia,assets/triangle-strategy/approved_voice_references/cordelia.wav,โรแลนด์!,,,PENDING_MANUAL_GENERATION,,triangle-strategy
373,MS14_X29_BATTLE_01_AFTER_F_CRD_0060.wav,MS14_X29_BATTLE_01_AFTER_F_CRD_0060,375,375,375,377,Cordelia,npc,female,cordelia,assets/triangle-strategy/approved_voice_references/cordelia.wav,ท่านพี่ หยุดนะ!,,,PENDING_MANUAL_GENERATION,,triangle-strategy
374,MS14_X29_BATTLE_01_AFTER_F_CRD_0070.wav,MS14_X29_BATTLE_01_AFTER_F_CRD_0070,376,376,376,378,Cordelia,npc,female,cordelia,assets/triangle-strategy/approved_voice_references/cordelia.wav,อย่านะโรแลนด์! ท่านแม่ทัพเขา-,,,PENDING_MANUAL_GENERATION,,triangle-strategy
375,MS14_X29_BATTLE_01_AFTER_F_CRD_0080.wav,MS14_X29_BATTLE_01_AFTER_F_CRD_0080,377,377,377,379,Cordelia,npc,female,cordelia,assets/triangle-strategy/approved_voice_references/cordelia.wav,แม่ทัพอัฟโลร่า... ปกป้องข้า...,,,PENDING_MANUAL_GENERATION,,triangle-strategy
376,MS14_X29_BATTLE_01_AFTER_F_CRD_0090.wav,MS14_X29_BATTLE_01_AFTER_F_CRD_0090,378,378,378,380,Cordelia,npc,female,cordelia,assets/triangle-strategy/approved_voice_references/cordelia.wav,หนีไปซะ... อัฟโลร่า...,,,PENDING_MANUAL_GENERATION,,triangle-strategy
377,MS14_X29_BATTLE_01_AFTER_F_FRE_0010.wav,MS14_X29_BATTLE_01_AFTER_F_FRE_0010,379,379,379,381,Frederica,main,female,frederica,assets/triangle-strategy/approved_voice_references/frederica.wav,องค์ราชินีเจ้าคะ! จีล่า ไปตามคนมารักษาเดี๋ยวนี้!,,,PENDING_MANUAL_GENERATION,,triangle-strategy
378,MS14_X29_BATTLE_01_AFTER_M_BND_0010.wav,MS14_X29_BATTLE_01_AFTER_M_BND_0010,380,380,380,382,Benedict,main,male,benedict,assets/triangle-strategy/approved_voice_references/benedict.wav,ตามนางไปซะ! บาดเจ็บเช่นนี้คงหนีได้ไม่ไกลหรอก,,,PENDING_MANUAL_GENERATION,,triangle-strategy
379,MS14_X29_BATTLE_01_AFTER_M_RLN_0010.wav,MS14_X29_BATTLE_01_AFTER_M_RLN_0010,381,381,381,383,Roland,main,male,roland,assets/triangle-strategy/approved_voice_references/roland.wav,จบตรงนี้ล่ะ อัฟโลร่า,,,PENDING_MANUAL_GENERATION,,triangle-strategy
380,MS14_X29_BATTLE_01_AFTER_M_RLN_0020.wav,MS14_X29_BATTLE_01_AFTER_M_RLN_0020,382,382,382,384,Roland,main,male,roland,assets/triangle-strategy/approved_voice_references/roland.wav,คนที่รุกรานและทำลายความสงบสุขในเกลนบรู๊คเช่นเจ้า! ยังมีหน้ามาเรียกเราว่าคนทรยศอีกเหรอ!?,,,PENDING_MANUAL_GENERATION,,triangle-strategy
381,MS14_X29_BATTLE_01_AFTER_M_RLN_0030.wav,MS14_X29_BATTLE_01_AFTER_M_RLN_0030,383,383,383,385,Roland,main,male,roland,assets/triangle-strategy/approved_voice_references/roland.wav,สุนัขทุกตัวย่อมมีวันของมัน และวันนี้คือวันของข้า!,,,PENDING_MANUAL_GENERATION,,triangle-strategy
382,MS14_X29_BATTLE_01_AFTER_M_RLN_0040.wav,MS14_X29_BATTLE_01_AFTER_M_RLN_0040,384,384,384,386,Roland,main,male,roland,assets/triangle-strategy/approved_voice_references/roland.wav,คอร์เดเลีย ถอยไป!,,,PENDING_MANUAL_GENERATION,,triangle-strategy
383,MS14_X29_BATTLE_01_AFTER_M_RLN_0050.wav,MS14_X29_BATTLE_01_AFTER_M_RLN_0050,385,385,385,387,Roland,main,male,roland,assets/triangle-strategy/approved_voice_references/roland.wav,ข้าขอโทษที่ทิ้งให้เจ้าทุกข์ทรมานมาตลอดนะคอร์เดเลีย... ข้าจะปลดปล่อยเจ้าจากเงื้อมมือสกปรกของนางเอง!,,,PENDING_MANUAL_GENERATION,,triangle-strategy
384,MS14_X29_BATTLE_01_AFTER_M_RLN_0060.wav,MS14_X29_BATTLE_01_AFTER_M_RLN_0060,386,386,386,388,Roland,main,male,roland,assets/triangle-strategy/approved_voice_references/roland.wav,ย้ากกกกก!,,,PENDING_MANUAL_GENERATION,,triangle-strategy
385,MS14_X29_BATTLE_01_AFTER_M_RLN_0070.wav,MS14_X29_BATTLE_01_AFTER_M_RLN_0070,387,387,387,389,Roland,main,male,roland,assets/triangle-strategy/approved_voice_references/roland.wav,คะ-คอร์เดเลีย... ทำไมกันล่ะ!?,,,PENDING_MANUAL_GENERATION,,triangle-strategy
386,MS14_X29_BATTLE_01_AFTER_M_RLN_0080.wav,MS14_X29_BATTLE_01_AFTER_M_RLN_0080,388,388,388,390,Roland,main,male,roland,assets/triangle-strategy/approved_voice_references/roland.wav,คะ-คอร์เดเลีย...?,,,PENDING_MANUAL_GENERATION,,triangle-strategy
387,MS14_X29_BATTLE_01_AFTER_M_RLN_0090.wav,MS14_X29_BATTLE_01_AFTER_M_RLN_0090,389,389,389,391,Roland,main,male,roland,assets/triangle-strategy/approved_voice_references/roland.wav,คอร์เดเลีย!!!,,,PENDING_MANUAL_GENERATION,,triangle-strategy
388,MS14_X29_BATTLE_01_AFTER_M_SEL_0010.wav,MS14_X29_BATTLE_01_AFTER_M_SEL_0010,390,390,390,392,Serenoa,main,male,serenoa,assets/triangle-strategy/approved_voice_references/serenoa.wav,เรายึดเรือของท่านแล้ว,,,PENDING_MANUAL_GENERATION,,triangle-strategy
389,MS14_X29_BATTLE_01_BEFORE_F_ABR_0010.wav,MS14_X29_BATTLE_01_BEFORE_F_ABR_0010,391,391,391,393,Avlora,npc,female,avlora,assets/triangle-strategy/approved_voice_references/avlora.wav,ตามทันแล้วสินะ เตรียมอาวุธให้พร้อม!,,,PENDING_MANUAL_GENERATION,,triangle-strategy
390,MS14_X29_BATTLE_01_BEFORE_M_BND_0010.wav,MS14_X29_BATTLE_01_BEFORE_M_BND_0010,392,392,392,394,Benedict,main,male,benedict,assets/triangle-strategy/approved_voice_references/benedict.wav,เราต้องดูให้แน่ใจก่อนจะข้ามฝั่งไป ด้วยความที่เรือของเราความสูงต่างกัน จึงไม่สามารถใช้ลูกรอกกลับไปได้,,,PENDING_MANUAL_GENERATION,,triangle-strategy
391,MS14_X29_BATTLE_01_BEFORE_M_ELA_0010.wav,MS14_X29_BATTLE_01_BEFORE_M_ELA_0010,393,393,393,395,Erador,main,male,erador,assets/triangle-strategy/approved_voice_references/erador.wav,นายท่านขอรับ เราสามารถใช้ลูกรอกตรงนั้นเพื่อข้ามไปยังเรือรบของพวกเขาได้,,,PENDING_MANUAL_GENERATION,,triangle-strategy
392,MS14_X29_BATTLE_01_BEFORE_M_ELA_0020.wav,MS14_X29_BATTLE_01_BEFORE_M_ELA_0020,394,394,394,396,Erador,main,male,erador,assets/triangle-strategy/approved_voice_references/erador.wav,แต่เราข้ามได้ทีละคนเท่านั้น ระวังอย่าไปติดบนเรือข้าศึกคนเดียวล่ะ,,,PENDING_MANUAL_GENERATION,,triangle-strategy
393,MS14_X29_BATTLE_01_BEFORE_M_RLN_0010.wav,MS14_X29_BATTLE_01_BEFORE_M_RLN_0010,395,395,395,397,Roland,main,male,roland,assets/triangle-strategy/approved_voice_references/roland.wav,เสร็จข้าล่ะไอ้สารเลวเอสฟรอสต์ คืนคอร์เดเลียมาให้เราเดี๋ยวนี้...,,,PENDING_MANUAL_GENERATION,,triangle-strategy
394,MS14_X29_BATTLE_01_BEFORE_M_SEL_0010.wav,MS14_X29_BATTLE_01_BEFORE_M_SEL_0010,396,396,396,398,Serenoa,main,male,serenoa,assets/triangle-strategy/approved_voice_references/serenoa.wav,รับทราบขอรับ,,,PENDING_MANUAL_GENERATION,,triangle-strategy
395,MS14_X29_BATTLE_01_BEFORE_M_SEL_0020.wav,MS14_X29_BATTLE_01_BEFORE_M_SEL_0020,397,397,397,399,Serenoa,main,male,serenoa,assets/triangle-strategy/approved_voice_references/serenoa.wav,เราต้องช่วยองค์ราชินี! เราต้องทำให้ได้!,,,PENDING_MANUAL_GENERATION,,triangle-strategy
396,MS14_X29_BATTLE_01_DRAMA_F_ABR_0010.wav,MS14_X29_BATTLE_01_DRAMA_F_ABR_0010,398,398,398,400,Avlora,npc,female,avlora,assets/triangle-strategy/approved_voice_references/avlora.wav,หน่วยทหารเหยี่ยว กำจัดทุกคนที่เข้าใกล้! อย่าให้พวกมันขึ้นเรือเราได้,,,PENDING_MANUAL_GENERATION,,triangle-strategy
397,MS14_X29_BATTLE_01_DRAMA_F_ABR_0020.wav,MS14_X29_BATTLE_01_DRAMA_F_ABR_0020,399,399,399,401,Avlora,npc,female,avlora,assets/triangle-strategy/approved_voice_references/avlora.wav,หอกอรุณยังมีชีวิตอยู่สินะ... แต่คงอีกไม่นานหรอก!,,,PENDING_MANUAL_GENERATION,,triangle-strategy
398,MS14_X29_BATTLE_01_DRAMA_F_ABR_0030.wav,MS14_X29_BATTLE_01_DRAMA_F_ABR_0030,400,400,400,402,Avlora,npc,female,avlora,assets/triangle-strategy/approved_voice_references/avlora.wav,ฆ่ามันซะ! อย่าปล่อยให้วูล์ฟฟอร์ตเล็ดรอด,,,PENDING_MANUAL_GENERATION,,triangle-strategy
399,MS14_X29_BATTLE_01_DRAMA_F_ABR_0040.wav,MS14_X29_BATTLE_01_DRAMA_F_ABR_0040,401,401,401,403,Avlora,npc,female,avlora,assets/triangle-strategy/approved_voice_references/avlora.wav,ไม่มีวันเสียหรอก,,,PENDING_MANUAL_GENERATION,,triangle-strategy
400,MS14_X29_BATTLE_01_DRAMA_F_ABR_0050.wav,MS14_X29_BATTLE_01_DRAMA_F_ABR_0050,402,402,402,404,Avlora,npc,female,avlora,assets/triangle-strategy/approved_voice_references/avlora.wav,เพราะวูล์ฟฟอร์ตคงปฏิบัติกับนางไม่ต่างกันกับอาร์ชดยุก,,,PENDING_MANUAL_GENERATION,,triangle-strategy
401,MS14_X29_BATTLE_01_DRAMA_F_ABR_0060.wav,MS14_X29_BATTLE_01_DRAMA_F_ABR_0060,403,403,403,405,Avlora,npc,female,avlora,assets/triangle-strategy/approved_voice_references/avlora.wav,ท่านเป็นพวกเดียวกับมันแล้วเฟรเดอริก้า อย่าคิดว่าข้าจะยอมท่านนะ!,,,PENDING_MANUAL_GENERATION,,triangle-strategy
402,MS14_X29_BATTLE_01_DRAMA_F_ABR_0070.wav,MS14_X29_BATTLE_01_DRAMA_F_ABR_0070,404,404,404,406,Avlora,npc,female,avlora,assets/triangle-strategy/approved_voice_references/avlora.wav,แล้วก็ส่งให้นางกลายเป็นหุ่นเชิดของพวกท่านเหรอ? ท่านก็ไม่ได้ต่างอะไรจากอาร์ชดยุกหรอก!,,,PENDING_MANUAL_GENERATION,,triangle-strategy
403,MS14_X29_BATTLE_01_DRAMA_F_ABR_0080.wav,MS14_X29_BATTLE_01_DRAMA_F_ABR_0080,405,405,405,407,Avlora,npc,female,avlora,assets/triangle-strategy/approved_voice_references/avlora.wav,ข้าคือแม่ทัพแห่งเอสฟรอสต์ และดาบแห่งราชินีคอร์เดเลีย,,,PENDING_MANUAL_GENERATION,,triangle-strategy
404,MS14_X29_BATTLE_01_DRAMA_F_ABR_0090.wav,MS14_X29_BATTLE_01_DRAMA_F_ABR_0090,406,406,406,408,Avlora,npc,female,avlora,assets/triangle-strategy/approved_voice_references/avlora.wav,ข้าจะไม่ถูกกำราบที่นี่!,,,PENDING_MANUAL_GENERATION,,triangle-strategy
405,MS14_X29_BATTLE_01_DRAMA_F_ABR_0100.wav,MS14_X29_BATTLE_01_DRAMA_F_ABR_0100,407,407,407,409,Avlora,npc,female,avlora,assets/triangle-strategy/approved_voice_references/avlora.wav,เข้ามาเลยวูล์ฟฟอร์ต! ข้าจะกำจัดพวกท่านในพริบตาเดียว!,,,PENDING_MANUAL_GENERATION,,triangle-strategy
406,MS14_X29_BATTLE_01_DRAMA_F_ABR_0110.wav,MS14_X29_BATTLE_01_DRAMA_F_ABR_0110,408,408,408,410,Avlora,npc,female,avlora,assets/triangle-strategy/approved_voice_references/avlora.wav,อยากลองดีก็เอาเลย แต่พวกท่านไม่มีวันพรากราชินีคอร์เดเลียไปจากข้าได้หรอก!,,,PENDING_MANUAL_GENERATION,,triangle-strategy
407,MS14_X29_BATTLE_01_DRAMA_F_ABR_0120.wav,MS14_X29_BATTLE_01_DRAMA_F_ABR_0120,409,409,409,411,Avlora,npc,female,avlora,assets/triangle-strategy/approved_voice_references/avlora.wav,ข้า... ขอโทษที่ทำให้ผิดหวังเจ้าค่ะ...,,,PENDING_MANUAL_GENERATION,,triangle-strategy
408,MS14_X29_BATTLE_01_DRAMA_F_FRE_0010.wav,MS14_X29_BATTLE_01_DRAMA_F_FRE_0010,410,410,410,412,Frederica,main,female,frederica,assets/triangle-strategy/approved_voice_references/frederica.wav,แม่ทัพอัฟโลร่า ปล่อยตัวราชินีคอร์เดเลียเถอะ,,,PENDING_MANUAL_GENERATION,,triangle-strategy
409,MS14_X29_BATTLE_01_DRAMA_F_FRE_0020.wav,MS14_X29_BATTLE_01_DRAMA_F_FRE_0020,411,411,411,413,Frederica,main,female,frederica,assets/triangle-strategy/approved_voice_references/frederica.wav,ท่านเองก็รู้ดี ตอนนี้นางไม่ต่างอะไรจากเบี้ยของกุสตาดอล์ฟ,,,PENDING_MANUAL_GENERATION,,triangle-strategy
410,MS14_X29_BATTLE_01_DRAMA_F_FRE_0030.wav,MS14_X29_BATTLE_01_DRAMA_F_FRE_0030,412,412,412,414,Frederica,main,female,frederica,assets/triangle-strategy/approved_voice_references/frederica.wav,ข้าสาบานเลย มันไม่ใช่แบบนั้นแน่,,,PENDING_MANUAL_GENERATION,,triangle-strategy
411,MS14_X29_BATTLE_01_DRAMA_F_FRE_0040.wav,MS14_X29_BATTLE_01_DRAMA_F_FRE_0040,413,413,413,415,Frederica,main,female,frederica,assets/triangle-strategy/approved_voice_references/frederica.wav,แม่ทัพอัฟโลร่า...,,,PENDING_MANUAL_GENERATION,,triangle-strategy
412,MS14_X29_BATTLE_01_DRAMA_M_RLN_0010.wav,MS14_X29_BATTLE_01_DRAMA_M_RLN_0010,414,414,414,416,Roland,main,male,roland,assets/triangle-strategy/approved_voice_references/roland.wav,เลิกดิ้นรนได้แล้วอัฟโลร่า เจ้าต้องตายที่นี่,,,PENDING_MANUAL_GENERATION,,triangle-strategy
413,MS14_X29_BATTLE_01_DRAMA_M_RLN_0020.wav,MS14_X29_BATTLE_01_DRAMA_M_RLN_0020,415,415,415,417,Roland,main,male,roland,assets/triangle-strategy/approved_voice_references/roland.wav,อัฟโลร่า! ตายเสียเถอะ!,,,PENDING_MANUAL_GENERATION,,triangle-strategy
414,MS14_X29_BATTLE_01_DRAMA_M_RLN_0030.wav,MS14_X29_BATTLE_01_DRAMA_M_RLN_0030,416,416,416,418,Roland,main,male,roland,assets/triangle-strategy/approved_voice_references/roland.wav,อัฟโลร่า มาจบเรื่องนี้ซะ!,,,PENDING_MANUAL_GENERATION,,triangle-strategy
415,MS14_X29_BATTLE_01_DRAMA_M_SEL_0010.wav,MS14_X29_BATTLE_01_DRAMA_M_SEL_0010,417,417,417,419,Serenoa,main,male,serenoa,assets/triangle-strategy/approved_voice_references/serenoa.wav,พวกเขาว่ายน้ำหนีเราไม่ได้ เราจะใช้เชือกรอกข้ามไปยังเรือรบและกำจัดแม่ทัพอัฟโลร่า!,,,PENDING_MANUAL_GENERATION,,triangle-strategy
416,MS14_X29_BATTLE_01_DRAMA_M_SEL_0020.wav,MS14_X29_BATTLE_01_DRAMA_M_SEL_0020,418,418,418,420,Serenoa,main,male,serenoa,assets/triangle-strategy/approved_voice_references/serenoa.wav,บ้าจริง.... ยังมีหลบซ่อนอยู่อีกเหรอ!,,,PENDING_MANUAL_GENERATION,,triangle-strategy
417,MS14_X29_BATTLE_01_DRAMA_M_SEL_0030.wav,MS14_X29_BATTLE_01_DRAMA_M_SEL_0030,419,419,419,421,Serenoa,main,male,serenoa,assets/triangle-strategy/approved_voice_references/serenoa.wav,แม่ทัพอัฟโลร่า! ส่งองค์ราชินีมาเถอะ! อย่าบังอาจมาจับนางเป็นนักโทษ!,,,PENDING_MANUAL_GENERATION,,triangle-strategy
418,MS14_X29_BATTLE_01_DRAMA_M_SEL_0040.wav,MS14_X29_BATTLE_01_DRAMA_M_SEL_0040,420,420,420,422,Serenoa,main,male,serenoa,assets/triangle-strategy/approved_voice_references/serenoa.wav,เล่นงานแม่ทัพซะ! อย่าออมมือ!,,,PENDING_MANUAL_GENERATION,,triangle-strategy
419,MS14_X29_BATTLE_01_DRAMA_M_SEL_0050.wav,MS14_X29_BATTLE_01_DRAMA_M_SEL_0050,421,421,421,423,Serenoa,main,male,serenoa,assets/triangle-strategy/approved_voice_references/serenoa.wav,อย่าไปยอม! นี่เป็นโอกาสเดียวในการกำจัดแม่ทัพของพวกมัน!,,,PENDING_MANUAL_GENERATION,,triangle-strategy
420,MS14_X29_WD_0010_N_NNN_0010.wav,MS14_X29_WD_0010_N_NNN_0010,422,422,422,424,Narrator,narrator,female,narrator,assets/triangle-strategy/approved_voice_references/narrator.wav,"เซเรโนอาเผชิญหน้ากองทัพเอสฟรอสต์ซึ่งนำทัพโดยธาลาสและเอริก้า
บนสะพานไวท์โฮล์ม และคว้าชัยชนะกลับไป",,,PENDING_MANUAL_GENERATION,,triangle-strategy
421,MS14_X29_WD_0010_N_NNN_0020.wav,MS14_X29_WD_0010_N_NNN_0020,423,423,423,425,Narrator,narrator,female,narrator,assets/triangle-strategy/approved_voice_references/narrator.wav,"พวกเขาใช้เอลฟริคเพื่อทำลายสะพาน
แยกศัตรูภายในปราสาท ตัดขาดจากนครหลวง",,,PENDING_MANUAL_GENERATION,,triangle-strategy
422,MS14_X29_WD_0010_N_NNN_0030.wav,MS14_X29_WD_0010_N_NNN_0030,424,424,424,426,Narrator,narrator,female,narrator,assets/triangle-strategy/approved_voice_references/narrator.wav,ในขณะเดียวกัน กองทัพซึ่งนำโดยรัฐมนตรีเอกซ์เฮมนั้นได้เดินทางมาถึงนครหลวง เพื่อควบคุมชาวเกลนบรู๊คให้ออกห่างจากเอสฟรอสต์พร้อมอารักขาพวกเขา,,,PENDING_MANUAL_GENERATION,,triangle-strategy
423,MS14_X29_WD_0010_N_NNN_0040.wav,MS14_X29_WD_0010_N_NNN_0040,425,425,425,427,Narrator,narrator,female,narrator,assets/triangle-strategy/approved_voice_references/narrator.wav,ทุกสิ่งล้วนเป็นไปตามแผนของวูล์ฟฟอร์ต เหลือเพียงการเจรจากับแม่ทัพอัฟโลร่าเท่านั้น,,,PENDING_MANUAL_GENERATION,,triangle-strategy
424,MS14_X29_WD_0020_N_NNN_0010.wav,MS14_X29_WD_0020_N_NNN_0010,426,426,426,428,Narrator,narrator,female,narrator,assets/triangle-strategy/approved_voice_references/narrator.wav,แม่ทัพเอสฟรอสต์คว้าตัวคอร์เดเลียหนีไปพร้อมเรือรบ แต่วูล์ฟฟอร์ตไล่สกัดจนอัฟโลร่ากระโดดลงแม่น้ำนอร์เซเลีย,,,PENDING_MANUAL_GENERATION,,triangle-strategy
425,MS14_X29_WD_0020_N_NNN_0020.wav,MS14_X29_WD_0020_N_NNN_0020,427,427,427,429,Narrator,narrator,female,narrator,assets/triangle-strategy/approved_voice_references/narrator.wav,เอสฟรอสต์บางส่วนยังกัดฟันสู้เพื่อฐานที่มั่นของตนในนครหลวง แต่ก็ถูกกำราบโดยทหารไฮแซนต์ในท้ายที่สุด,,,PENDING_MANUAL_GENERATION,,triangle-strategy
426,MS14_X29_WD_0020_N_NNN_0030.wav,MS14_X29_WD_0020_N_NNN_0030,428,428,428,430,Narrator,narrator,female,narrator,assets/triangle-strategy/approved_voice_references/narrator.wav,แม้เกลนบรู๊คจะเสียหายกว่าที่คิด แต่ประชาชนนั้นปลอดภัยดี เหล่าวูล์ฟฟอร์ตจึงโล่งใจที่ได้เห็นแผนของตนสำเร็จลุล่วง,,,PENDING_MANUAL_GENERATION,,triangle-strategy
