line_no,file_name,self_id,cue,sequence,waveform,awb_stream,character_name,role,gender,voice_target,reference_audio,thai_text,pronunciation_note,prosody_note,status,tts_text,voice_project
1,MS03_H01_A0_0010_F_ABR_0010.wav,MS03_H01_A0_0010_F_ABR_0010,0,0,0,1,อัฟโลร่า,npc,female,avlora,assets/triangle-strategy/approved_voice_references/avlora.wav,ข้าขอโทษแทนพวกเขาทั้งสองด้วยนะ วันนี้เป็นวันที่ดีของทุกคนจริงๆ,,,PENDING_MANUAL_GENERATION,,triangle-strategy
2,MS03_H01_A0_0010_F_ERK_0010.wav,MS03_H01_A0_0010_F_ERK_0010,1,1,1,2,เอริก้า,npc,female,erika,assets/triangle-strategy/approved_voice_references/erika.wav,ลาก่อน เฟรเดอริก้า ขออย่าให้เจอกันอีก,,,PENDING_MANUAL_GENERATION,,triangle-strategy
3,MS03_H01_A0_0010_F_LYL_0010.wav,MS03_H01_A0_0010_F_LYL_0010,3,3,3,4,ไลล่า,npc,female,lyla,assets/triangle-strategy/approved_voice_references/lyla.wav,ขอบคุณที่ต้อนรับเราอย่างดี ฝากความคิดถึงให้ลอร์ดซีมอนด้วยนะ,,,PENDING_MANUAL_GENERATION,,triangle-strategy
4,MS03_H01_A0_0010_M_BND_0010.wav,MS03_H01_A0_0010_M_BND_0010,4,4,4,5,เบเนดิกต์,main,male,benedict,assets/triangle-strategy/approved_voice_references/benedict.wav,หน้าที่สุดท้ายของท่านในวันนี้คือการส่งแขกกลับบ้านขอรับ ข้าขอเตือนท่านไว้ก่อนว่า...,,,PENDING_MANUAL_GENERATION,,triangle-strategy
5,MS03_H01_A0_0010_M_BND_0020.wav,MS03_H01_A0_0010_M_BND_0020,5,5,5,6,เบเนดิกต์,main,male,benedict,assets/triangle-strategy/approved_voice_references/benedict.wav,ถือเป็นเกียรติมากเลยนะขอรับ ท่านจะได้เป็นตัวแทนของอาณาจักร และจะได้พูดแทนพระองค์ด้วย,,,PENDING_MANUAL_GENERATION,,triangle-strategy
6,MS03_H01_A0_0010_M_BND_0030.wav,MS03_H01_A0_0010_M_BND_0030,6,6,6,7,เบเนดิกต์,main,male,benedict,assets/triangle-strategy/approved_voice_references/benedict.wav,ฝ่าบาททรงมอบหมายการตัดสินใจนี้แก่ท่านขอรับ ท่านน่าจะรู้ใช่ไหมว่าทำไม?,,,PENDING_MANUAL_GENERATION,,triangle-strategy
7,MS03_H01_A0_0010_M_BND_0040.wav,MS03_H01_A0_0010_M_BND_0040,7,7,7,8,เบเนดิกต์,main,male,benedict,assets/triangle-strategy/approved_voice_references/benedict.wav,ถูกต้องขอรับ พวกเราเป็นพันธมิตรกันแล้ว ไม่ว่าจะเลือกอาณาจักรใด เขาก็ไม่ขุ่นเคืองหรอก,,,PENDING_MANUAL_GENERATION,,triangle-strategy
8,MS03_H01_A0_0010_M_BND_0042.wav,MS03_H01_A0_0010_M_BND_0042,8,8,8,9,เบเนดิกต์,main,male,benedict,assets/triangle-strategy/approved_voice_references/benedict.wav,ถึงจะพูดเช่นนั้น แต่ก็คงบอกไม่ได้ว่ามันจะกระทบความสัมพันธ์ในอนาคตรึเปล่า,,,PENDING_MANUAL_GENERATION,,triangle-strategy
9,MS03_H01_A0_0010_M_BND_0047.wav,MS03_H01_A0_0010_M_BND_0047,9,9,9,10,เบเนดิกต์,main,male,benedict,assets/triangle-strategy/approved_voice_references/benedict.wav,แน่นอนว่าสิ่งที่ท่านเลือกจะส่งผลต่อความสัมพันธ์ระหว่างอาณาจักรกับตระกูลของเรา,,,PENDING_MANUAL_GENERATION,,triangle-strategy
10,MS03_H01_A0_0010_M_BND_0050.wav,MS03_H01_A0_0010_M_BND_0050,10,10,10,11,เบเนดิกต์,main,male,benedict,assets/triangle-strategy/approved_voice_references/benedict.wav,ขอรับ นายท่าน,,,PENDING_MANUAL_GENERATION,,triangle-strategy
11,MS03_H01_A0_0010_M_DRG_0010.wav,MS03_H01_A0_0010_M_DRG_0010,11,11,11,12,ดราแกน,npc,male,dragan,assets/triangle-strategy/approved_voice_references/dragan.wav,ท่านทำหน้าที่ได้สมบทบาทจริงๆ ลอร์ดเซเรโนอา,,,PENDING_MANUAL_GENERATION,,triangle-strategy
12,MS03_H01_A0_0010_M_DRG_0020.wav,MS03_H01_A0_0010_M_DRG_0020,12,12,12,13,ดราแกน,npc,male,dragan,assets/triangle-strategy/approved_voice_references/dragan.wav,ซึ่งข้าเองก็ต้องทำให้ได้เช่นกัน หากท่านมีเวลาก็มาเยี่ยมข้าในเหมืองได้นะ,,,PENDING_MANUAL_GENERATION,,triangle-strategy
13,MS03_H01_A0_0010_M_DRG_0030.wav,MS03_H01_A0_0010_M_DRG_0030,13,13,13,14,ดราแกน,npc,male,dragan,assets/triangle-strategy/approved_voice_references/dragan.wav,อย่าไปใส่ใจพวกเขาเลย พวกเรามีหน้าที่สำคัญต้องทำ ซึ่งมันสำคัญเกินกว่าจะมอบหมายให้ใครได้,,,PENDING_MANUAL_GENERATION,,triangle-strategy
14,MS03_H01_A0_0010_M_EGS_0010.wav,MS03_H01_A0_0010_M_EGS_0010,14,14,14,15,เอกซ์เฮม,npc,male,exharme,assets/triangle-strategy/approved_voice_references/exharme.wav,คู่ต่อสู้ของเราแข็งแกร่งเหมือนกัน หากได้ประชันหน้ากันอีกคงถือเป็นเกียรติอย่างมาก,,,PENDING_MANUAL_GENERATION,,triangle-strategy
15,MS03_H01_A0_0010_M_EGS_0020.wav,MS03_H01_A0_0010_M_EGS_0020,15,15,15,16,เอกซ์เฮม,npc,male,exharme,assets/triangle-strategy/approved_voice_references/exharme.wav,ฝ่าบาทของท่านทรงดูแลเราอย่างดีจริงๆ พวกเราจะนำมันไปถวายเทพธิดาเกลือ ซึ่งหัวหน้านักบวชคงจะปลื้มไม่น้อย,,,PENDING_MANUAL_GENERATION,,triangle-strategy
16,MS03_H01_A0_0010_M_LND_0010.wav,MS03_H01_A0_0010_M_LND_0010,16,16,16,17,แลนดรอย,npc,male,landroi,,ที่ท่านกล้าพูดมาขนาดนี้ก็คงเห็นคำตอบชัดแล้วล่ะ,,,BLOCKED_PENDING_REFERENCE_AUDIO,,triangle-strategy
17,MS03_H01_A0_0010_M_LND_0020.wav,MS03_H01_A0_0010_M_LND_0020,17,17,17,18,แลนดรอย,npc,male,landroi,,ท่านแสดงฝีมือในงานประลองได้ดีทีเดียว ลอร์ดเซเรโนอา ลูกไม้หล่นไม่ไกลต้นจริงๆ,,,BLOCKED_PENDING_REFERENCE_AUDIO,,triangle-strategy
18,MS03_H01_A0_0010_M_LND_0030.wav,MS03_H01_A0_0010_M_LND_0030,18,18,18,19,แลนดรอย,npc,male,landroi,,ฝ่าบาททรงเห็นสมควรที่มอบการตัดสินใจแก่ท่าน และข้าไม่ขอล่วงเกินเขา,,,BLOCKED_PENDING_REFERENCE_AUDIO,,triangle-strategy
19,MS03_H01_A0_0010_M_MAX_0010.wav,MS03_H01_A0_0010_M_MAX_0010,19,19,19,20,แม็กซ์เวลล์,npc,male,maxwell,assets/triangle-strategy/approved_voice_references/maxwell.wav,ส่วนลอร์ดฟ็อลคส์ ผู้เป็นตัวแทนแห่งตระกูลส่งของเกลนบรู๊ค จะลงเรืออีกลำที่ท่านไม่ได้ไปด้วย,,,PENDING_MANUAL_GENERATION,,triangle-strategy
20,MS03_H01_A0_0010_M_MAX_0020.wav,MS03_H01_A0_0010_M_MAX_0020,20,20,20,21,แม็กซ์เวลล์,npc,male,maxwell,assets/triangle-strategy/approved_voice_references/maxwell.wav,การเป็นลอร์ดต้องมีสติปัญญารอบรู้ ข้าเชื่อว่าท่านจะเลือกในสิ่งที่ลอร์ดแห่งตระกูลสูงศักดิ์สมควรทำ,,,PENDING_MANUAL_GENERATION,,triangle-strategy
21,MS03_H01_A0_0010_M_PTR_0010.wav,MS03_H01_A0_0010_M_PTR_0010,21,21,21,22,พาทริเอ็ทท์,npc,male,patriatte,,...เหมือนว่าทุกคนมารวมตัวกันแล้วสินะ,,,BLOCKED_PENDING_REFERENCE_AUDIO,,triangle-strategy
22,MS03_H01_A0_0010_M_PTR_0020.wav,MS03_H01_A0_0010_M_PTR_0020,22,22,22,23,พาทริเอ็ทท์,npc,male,patriatte,,ตอนนี้เรือของท่านมีเสบียงและของดีต่างๆ มากมายจากเกลนบรู๊ค,,,BLOCKED_PENDING_REFERENCE_AUDIO,,triangle-strategy
23,MS03_H01_A0_0010_M_PTR_0030.wav,MS03_H01_A0_0010_M_PTR_0030,23,23,23,24,พาทริเอ็ทท์,npc,male,patriatte,,ฝ่าบาทเร็กน่าขอให้ท่านนำไปดื่มกินอย่างเต็มที่ และฉลองแด่มิตรภาพแห่งอาณาจักรทั้งสามของเราขอรับ,,,BLOCKED_PENDING_REFERENCE_AUDIO,,triangle-strategy
24,MS03_H01_A0_0010_M_PTR_0040.wav,MS03_H01_A0_0010_M_PTR_0040,24,24,24,25,พาทริเอ็ทท์,npc,male,patriatte,,...ลอร์ดวูล์ฟฟอร์ต มีสารจากฝ่าบาทเร็กน่าขอรับ,,,BLOCKED_PENDING_REFERENCE_AUDIO,,triangle-strategy
25,MS03_H01_A0_0010_M_PTR_0050.wav,MS03_H01_A0_0010_M_PTR_0050,25,25,25,26,พาทริเอ็ทท์,npc,male,patriatte,,เขาอยากให้ท่านเป็นตัวแทนไปส่งแขกของเรา,,,BLOCKED_PENDING_REFERENCE_AUDIO,,triangle-strategy
26,MS03_H01_A0_0010_M_PTR_0060.wav,MS03_H01_A0_0010_M_PTR_0060,26,26,26,27,พาทริเอ็ทท์,npc,male,patriatte,,เขาให้ท่านเลือกขอรับ...ลอร์ดวูล์ฟฟอร์ต,,,BLOCKED_PENDING_REFERENCE_AUDIO,,triangle-strategy
27,MS03_H01_A0_0010_M_SEL_0010.wav,MS03_H01_A0_0010_M_SEL_0010,27,27,27,28,เซเรโนอา,main,male,serenoa,assets/triangle-strategy/approved_voice_references/serenoa.wav,...มันไม่ใช่เรื่องเล่น แต่ไม่ต้องกังวลนะเบเนดิกต์ พวกเขาจะกลับไปด้วยพิธีอันยิ่งใหญ่แน่นอน,,,PENDING_MANUAL_GENERATION,,triangle-strategy
28,MS03_H01_A0_0010_M_SEL_0020.wav,MS03_H01_A0_0010_M_SEL_0020,28,28,28,29,เซเรโนอา,main,male,serenoa,assets/triangle-strategy/approved_voice_references/serenoa.wav,ดีใจที่ได้ยินท่านพูดเช่นนั้นขอรับ แม่ทัพอัฟโลร่า,,,PENDING_MANUAL_GENERATION,,triangle-strategy
29,MS03_H01_A0_0010_M_SEL_0030.wav,MS03_H01_A0_0010_M_SEL_0030,29,29,29,30,เซเรโนอา,main,male,serenoa,assets/triangle-strategy/approved_voice_references/serenoa.wav,ขอรับ ท่านรัฐมนตรี,,,PENDING_MANUAL_GENERATION,,triangle-strategy
30,MS03_H01_A0_0010_M_SEL_0040.wav,MS03_H01_A0_0010_M_SEL_0040,30,30,30,31,เซเรโนอา,main,male,serenoa,assets/triangle-strategy/approved_voice_references/serenoa.wav,หากนั่นเป็นสิ่งที่ฝ่าบาทต้องการ ข้าก็ยินดีจะทำหน้าที่นั้น,,,PENDING_MANUAL_GENERATION,,triangle-strategy
31,MS03_H01_A0_0010_M_SEL_0050.wav,MS03_H01_A0_0010_M_SEL_0050,31,31,31,32,เซเรโนอา,main,male,serenoa,assets/triangle-strategy/approved_voice_references/serenoa.wav,แต่มันมีเรือแค่สองลำ กับตัวข้าเพียงคนเดียว ฝ่าบาทได้พูดไว้หรือเปล่าว่าข้าต้องไปกับใคร?,,,PENDING_MANUAL_GENERATION,,triangle-strategy
32,MS03_H01_A0_0010_M_SEL_0060.wav,MS03_H01_A0_0010_M_SEL_0060,32,32,32,33,เซเรโนอา,main,male,serenoa,assets/triangle-strategy/approved_voice_references/serenoa.wav,ขอบคุณขอรับ เซอร์แม็กซ์เวลล์ ลอร์ดฟ็อลคส์,,,PENDING_MANUAL_GENERATION,,triangle-strategy
33,MS03_H01_A0_0010_M_SEL_0065.wav,MS03_H01_A0_0010_M_SEL_0065,33,33,33,34,เซเรโนอา,main,male,serenoa,assets/triangle-strategy/approved_voice_references/serenoa.wav,เขาอยากทดสอบการตัดสินใจของข้า เขารอดูอยู่ว่าข้าจะเลือกที่ไหน ด้วยเหตุผลอะไร,,,PENDING_MANUAL_GENERATION,,triangle-strategy
34,MS03_H01_A0_0010_M_SEL_0070.wav,MS03_H01_A0_0010_M_SEL_0070,34,34,34,35,เซเรโนอา,main,male,serenoa,assets/triangle-strategy/approved_voice_references/serenoa.wav,ข้าเข้าใจแล้ว จะไตร่ตรองให้ดีก่อนนะ,,,PENDING_MANUAL_GENERATION,,triangle-strategy
35,MS03_H01_A0_0010_M_SEL_0080.wav,MS03_H01_A0_0010_M_SEL_0080,35,35,35,36,เซเรโนอา,main,male,serenoa,assets/triangle-strategy/approved_voice_references/serenoa.wav,เบเนดิกต์ ท่านช่วยตามคนอื่นมาให้หน่อยสิ,,,PENDING_MANUAL_GENERATION,,triangle-strategy
36,MS03_H01_A0_0010_M_SEL_0090.wav,MS03_H01_A0_0010_M_SEL_0090,36,36,36,37,เซเรโนอา,main,male,serenoa,assets/triangle-strategy/approved_voice_references/serenoa.wav,ข้าเองก็อยากฟังความเห็นจากทุกคนเช่นกัน เรามาหารือด้วยตาชั่งแห่งความเชื่อกันเถอะ,,,PENDING_MANUAL_GENERATION,,triangle-strategy
37,MS03_H01_A0_0010_M_SLS_0010.wav,MS03_H01_A0_0010_M_SLS_0010,37,37,37,38,ซอสเลย์,npc,male,sorsley,assets/triangle-strategy/approved_voice_references/sorsley.wav,ไม่อยากจะเชื่อเลยว่าเราแพ้ เจ้าเป็นนักรบที่แข็งแกร่งที่สุดในไฮแซนต์ไม่ใช่เหรอ?,,,PENDING_MANUAL_GENERATION,,triangle-strategy
38,MS03_H01_A0_0010_M_SLV_0010.wav,MS03_H01_A0_0010_M_SLV_0010,38,38,38,39,ซิลวิโอ้,npc,male,silvio,,แล้วทำไมตระกูลเทลลิออร์ถึงไม่ได้ไปส่งบ้างล่ะ? หากจำไม่ผิด อาณาจักรของเรามีสามตระกูลนี่ ไม่ใช่สอง,,,BLOCKED_PENDING_REFERENCE_AUDIO,,triangle-strategy
39,MS03_H01_A0_0010_M_SLV_0020.wav,MS03_H01_A0_0010_M_SLV_0020,39,39,39,40,ซิลวิโอ้,npc,male,silvio,,หนอย...,,,BLOCKED_PENDING_REFERENCE_AUDIO,,triangle-strategy
40,MS03_H01_A0_0010_M_TRS_0010.wav,MS03_H01_A0_0010_M_TRS_0010,40,40,40,41,ธาลาส,npc,male,thalas,assets/triangle-strategy/approved_voice_references/thalas.wav,ขอบคุณที่ไม่ทำให้เวลาอันมีค่าของเราต้องสูญเปล่า,,,PENDING_MANUAL_GENERATION,,triangle-strategy
41,MS03_H01_A0_0010_M_TRS_0020.wav,MS03_H01_A0_0010_M_TRS_0020,41,41,41,42,ธาลาส,npc,male,thalas,assets/triangle-strategy/approved_voice_references/thalas.wav,แถมยังมีสุนทรพจน์ยืดยาวกับพวกป่าเถื่อนแย่งชิงความเป็นใหญ่กันอีก ทุกคนคงเห็นจิตวิญญาณแห่งเกลนบรู๊คกันหมดแล้วล่ะนะ,,,PENDING_MANUAL_GENERATION,,triangle-strategy
42,MS03_H01_A0_0010_M_TRS_0030.wav,MS03_H01_A0_0010_M_TRS_0030,42,42,42,43,ธาลาส,npc,male,thalas,assets/triangle-strategy/approved_voice_references/thalas.wav,อุ้ย สงสัยต้องระวังปากหน่อยแล้ว ไม่งั้นเดี๋ยวนางคงไปงอแงกับพี่อีก,,,PENDING_MANUAL_GENERATION,,triangle-strategy
43,MS03_H01_A0_0010_M_TRS_0040.wav,MS03_H01_A0_0010_M_TRS_0040,43,43,43,44,ธาลาส,npc,male,thalas,assets/triangle-strategy/approved_voice_references/thalas.wav,ยังมีไวน์มาเพิ่มอีกเหรอ? หวังว่าข้าจะมีโอกาสได้ดื่มอีกนะ...,,,PENDING_MANUAL_GENERATION,,triangle-strategy
44,MS03_H01_VOTE_110_F_ABR_0010.wav,MS03_H01_VOTE_110_F_ABR_0010,44,44,44,45,อัฟโลร่า,npc,female,avlora,assets/triangle-strategy/approved_voice_references/avlora.wav,อาร์ชดยุกกุสตาดอล์ฟคงจะปลื้มแน่ๆ ที่ท่านมาเยือนอาณาจักรของเรา,,,PENDING_MANUAL_GENERATION,,triangle-strategy
45,MS03_H01_VOTE_110_F_ABR_0020.wav,MS03_H01_VOTE_110_F_ABR_0020,45,45,45,46,อัฟโลร่า,npc,female,avlora,assets/triangle-strategy/approved_voice_references/avlora.wav,และข้ามั่นใจว่าเขาอยากทำความรู้จักกับน้องเขยตัวเองเช่นกัน,,,PENDING_MANUAL_GENERATION,,triangle-strategy
46,MS03_H01_VOTE_110_F_ERK_0010.wav,MS03_H01_VOTE_110_F_ERK_0010,46,46,46,47,เอริก้า,npc,female,erika,assets/triangle-strategy/approved_voice_references/erika.wav,แปลว่านางจะกลับมาเหรอ? รู้สึกไม่สบายแล้วสิ...,,,PENDING_MANUAL_GENERATION,,triangle-strategy
47,MS03_H01_VOTE_110_F_FRE_0020.wav,MS03_H01_VOTE_110_F_FRE_0020,48,48,48,49,เฟรเดอริก้า,main,female,frederica,assets/triangle-strategy/approved_voice_references/frederica.wav,เหลวไหล ข้าไปกับเจ้าเนี่ยแหละ,,,PENDING_MANUAL_GENERATION,,triangle-strategy
48,MS03_H01_VOTE_110_M_BND_0010.wav,MS03_H01_VOTE_110_M_BND_0010,49,49,49,50,เบเนดิกต์,main,male,benedict,assets/triangle-strategy/approved_voice_references/benedict.wav,พวกเราพร้อมออกเรือแล้วขอรับ ท่านพาทริเอ็ทท์,,,PENDING_MANUAL_GENERATION,,triangle-strategy
49,MS03_H01_VOTE_110_M_PTR_0010.wav,MS03_H01_VOTE_110_M_PTR_0010,50,50,50,51,พาทริเอ็ทท์,npc,male,patriatte,,ขอรับนายท่าน,,,BLOCKED_PENDING_REFERENCE_AUDIO,,triangle-strategy
50,MS03_H01_VOTE_110_M_PTR_0020.wav,MS03_H01_VOTE_110_M_PTR_0020,51,51,51,52,พาทริเอ็ทท์,npc,male,patriatte,,เมื่อท่านไปเยี่ยมท่านอาร์ชดยุก โปรดอย่าลืมว่าท่านไปเยี่ยมในนามของฝ่าบาทนะขอรับ,,,BLOCKED_PENDING_REFERENCE_AUDIO,,triangle-strategy
51,MS03_H01_VOTE_110_M_SEL_0010.wav,MS03_H01_VOTE_110_M_SEL_0010,52,52,52,53,เซเรโนอา,main,male,serenoa,assets/triangle-strategy/approved_voice_references/serenoa.wav,พวกเราตัดสินใจแล้วว่าจะล่องเรือไปเอสฟรอสต์,,,PENDING_MANUAL_GENERATION,,triangle-strategy
52,MS03_H01_VOTE_110_M_SEL_0020.wav,MS03_H01_VOTE_110_M_SEL_0020,53,53,53,54,เซเรโนอา,main,male,serenoa,assets/triangle-strategy/approved_voice_references/serenoa.wav,มันจะเป็นทางเลือกที่ถูกหรือไม่ ก็ขึ้นอยู่กับการกระทำของเรา ข้าเชื่อใจพวกเจ้าทุกคนนะ,,,PENDING_MANUAL_GENERATION,,triangle-strategy
53,MS03_H01_VOTE_110_M_SEL_0030.wav,MS03_H01_VOTE_110_M_SEL_0030,54,54,54,55,เซเรโนอา,main,male,serenoa,assets/triangle-strategy/approved_voice_references/serenoa.wav,ข้าเองก็รู้สึกเหมือนกับเขานะ,,,PENDING_MANUAL_GENERATION,,triangle-strategy
54,MS03_H01_VOTE_110_M_SEL_0040.wav,MS03_H01_VOTE_110_M_SEL_0040,55,55,55,56,เซเรโนอา,main,male,serenoa,assets/triangle-strategy/approved_voice_references/serenoa.wav,เฟรเดอริก้า เจ้าไม่อยากอยู่ที่ปราสาทวูล์ฟฟอร์ตจริงๆเหรอ?,,,PENDING_MANUAL_GENERATION,,triangle-strategy
55,MS03_H01_VOTE_110_M_TRS_0010.wav,MS03_H01_VOTE_110_M_TRS_0010,56,56,56,57,ธาลาส,npc,male,thalas,assets/triangle-strategy/approved_voice_references/thalas.wav,มีหวังไวน์เลิศรสของพวกเขาคงหมดรสเลิศเป็นแน่,,,PENDING_MANUAL_GENERATION,,triangle-strategy
57,MS03_H01_VOTE_120_F_FRE_0020.wav,MS03_H01_VOTE_120_F_FRE_0020,58,58,58,59,เฟรเดอริก้า,main,female,frederica,assets/triangle-strategy/approved_voice_references/frederica.wav,สีผมของแม่ข้า... สีชมพูของชาวโรเซลล์,,,PENDING_MANUAL_GENERATION,,triangle-strategy
58,MS03_H01_VOTE_120_F_FRE_0030.wav,MS03_H01_VOTE_120_F_FRE_0030,59,59,59,60,เฟรเดอริก้า,main,female,frederica,assets/triangle-strategy/approved_voice_references/frederica.wav,แม่ของข้าเคยเล่าให้ฟัง ว่าคนของนางหนีออกมาจากไฮแซนต์ยังไง,,,PENDING_MANUAL_GENERATION,,triangle-strategy
59,MS03_H01_VOTE_120_F_FRE_0040.wav,MS03_H01_VOTE_120_F_FRE_0040,60,60,60,61,เฟรเดอริก้า,main,female,frederica,assets/triangle-strategy/approved_voice_references/frederica.wav,...ข้ารู้เจ้าค่ะ,,,PENDING_MANUAL_GENERATION,,triangle-strategy
60,MS03_H01_VOTE_120_F_FRE_0050.wav,MS03_H01_VOTE_120_F_FRE_0050,61,61,61,62,เฟรเดอริก้า,main,female,frederica,assets/triangle-strategy/approved_voice_references/frederica.wav,แต่ข้ามาจากเอสฟรอสต์ และท่านสบายใจได้ ข้าไม่เคยทำบาปใดๆเลย,,,PENDING_MANUAL_GENERATION,,triangle-strategy
61,MS03_H01_VOTE_120_F_FRE_0060.wav,MS03_H01_VOTE_120_F_FRE_0060,62,62,62,63,เฟรเดอริก้า,main,female,frederica,assets/triangle-strategy/approved_voice_references/frederica.wav,ขอบคุณนะเจ้าคะ ข้าขออภัยที่เดือดดาลไปด้วย,,,PENDING_MANUAL_GENERATION,,triangle-strategy
62,MS03_H01_VOTE_120_F_FRE_0070.wav,MS03_H01_VOTE_120_F_FRE_0070,63,63,63,64,เฟรเดอริก้า,main,female,frederica,assets/triangle-strategy/approved_voice_references/frederica.wav,ข้าต้องไปน่ะ ข้าอยากไปเห็นด้วยตาตัวเอง,,,PENDING_MANUAL_GENERATION,,triangle-strategy
63,MS03_H01_VOTE_120_F_FRE_0080.wav,MS03_H01_VOTE_120_F_FRE_0080,64,64,64,65,เฟรเดอริก้า,main,female,frederica,assets/triangle-strategy/approved_voice_references/frederica.wav,ข้าอยากเห็นว่าท่านแม่กับคนของข้า ต้องทนทุกข์แบบไหน,,,PENDING_MANUAL_GENERATION,,triangle-strategy
64,MS03_H01_VOTE_120_F_LYL_0010.wav,MS03_H01_VOTE_120_F_LYL_0010,65,65,65,66,ไลล่า,npc,female,lyla,assets/triangle-strategy/approved_voice_references/lyla.wav,ลอร์ดเซเรโนอา ช่างเป็นเกียรติจริงๆที่ท่านเลือกมาอาณาจักรของเรา,,,PENDING_MANUAL_GENERATION,,triangle-strategy
65,MS03_H01_VOTE_120_F_LYL_0020.wav,MS03_H01_VOTE_120_F_LYL_0020,66,66,66,67,ไลล่า,npc,female,lyla,assets/triangle-strategy/approved_voice_references/lyla.wav,ซึ่งข้าขอเตือนท่านอย่างหนึ่ง,,,PENDING_MANUAL_GENERATION,,triangle-strategy
66,MS03_H01_VOTE_120_F_LYL_0030.wav,MS03_H01_VOTE_120_F_LYL_0030,67,67,67,68,ไลล่า,npc,female,lyla,assets/triangle-strategy/approved_voice_references/lyla.wav,แสดงว่าท่านก็รู้สถานะของชาวโรเซลล์ในอาณาจักรของเราแล้วสินะ ท่านเทพธิดาทรงมองพวกเขาเป็นเหล่าผู้มีมลทิน,,,PENDING_MANUAL_GENERATION,,triangle-strategy
67,MS03_H01_VOTE_120_F_LYL_0040.wav,MS03_H01_VOTE_120_F_LYL_0040,68,68,68,69,ไลล่า,npc,female,lyla,assets/triangle-strategy/approved_voice_references/lyla.wav,แน่นอนเจ้าค่ะ ท่านหญิง,,,PENDING_MANUAL_GENERATION,,triangle-strategy
68,MS03_H01_VOTE_120_F_LYL_0050.wav,MS03_H01_VOTE_120_F_LYL_0050,69,69,69,70,ไลล่า,npc,female,lyla,assets/triangle-strategy/approved_voice_references/lyla.wav,เช่นนั้น ข้าจะทำสุดความสามารถเพื่อให้การมาเยือนของท่านราบรื่นที่สุด,,,PENDING_MANUAL_GENERATION,,triangle-strategy
69,MS03_H01_VOTE_120_M_BND_0010.wav,MS03_H01_VOTE_120_M_BND_0010,70,70,70,71,เบเนดิกต์,main,male,benedict,assets/triangle-strategy/approved_voice_references/benedict.wav,พวกเราพร้อมออกเรือแล้วขอรับ ท่านพาทริเอ็ทท์,,,PENDING_MANUAL_GENERATION,,triangle-strategy
70,MS03_H01_VOTE_120_M_EGS_0010.wav,MS03_H01_VOTE_120_M_EGS_0010,71,71,71,72,เอกซ์เฮม,npc,male,exharme,assets/triangle-strategy/approved_voice_references/exharme.wav,ข้าคิดว่าท่านหญิงเฟรเดอริก้าควรจะอยู่ที่เกลนบรู๊คขอรับ,,,PENDING_MANUAL_GENERATION,,triangle-strategy
71,MS03_H01_VOTE_120_M_EGS_0020.wav,MS03_H01_VOTE_120_M_EGS_0020,72,72,72,73,เอกซ์เฮม,npc,male,exharme,assets/triangle-strategy/approved_voice_references/exharme.wav,ข้าเกรงว่านาง...อาจสร้างความวุ่นวาย...หากนางมาที่ไฮแซนต์,,,PENDING_MANUAL_GENERATION,,triangle-strategy
72,MS03_H01_VOTE_120_M_EGS_0030.wav,MS03_H01_VOTE_120_M_EGS_0030,73,73,73,74,เอกซ์เฮม,npc,male,exharme,assets/triangle-strategy/approved_voice_references/exharme.wav,ถ้าเป็นข้ามันก็คงไม่มีปัญหาหรอก แต่ปัญหานี้มัน...ละเอียดอ่อนกว่านั้นน่ะ,,,PENDING_MANUAL_GENERATION,,triangle-strategy
73,MS03_H01_VOTE_120_M_PTR_0010.wav,MS03_H01_VOTE_120_M_PTR_0010,74,74,74,75,พาทริเอ็ทท์,npc,male,patriatte,,ขอรับนายท่าน,,,BLOCKED_PENDING_REFERENCE_AUDIO,,triangle-strategy
74,MS03_H01_VOTE_120_M_PTR_0020.wav,MS03_H01_VOTE_120_M_PTR_0020,75,75,75,76,พาทริเอ็ทท์,npc,male,patriatte,,เมื่อท่านไปเยี่ยมหัวหน้านักบวชกับเจ็ดผู้ศักดิ์สิทธิ์ โปรดอย่าลืมว่าท่านไปเยี่ยมในนามของฝ่าบาทนะขอรับ,,,BLOCKED_PENDING_REFERENCE_AUDIO,,triangle-strategy
75,MS03_H01_VOTE_120_M_SEL_0010.wav,MS03_H01_VOTE_120_M_SEL_0010,76,76,76,77,เซเรโนอา,main,male,serenoa,assets/triangle-strategy/approved_voice_references/serenoa.wav,พวกเราตัดสินใจแล้วว่าจะล่องเรือไปรัฐศักดิ์สิทธิ์ไฮแซนต์,,,PENDING_MANUAL_GENERATION,,triangle-strategy
76,MS03_H01_VOTE_120_M_SEL_0020.wav,MS03_H01_VOTE_120_M_SEL_0020,77,77,77,78,เซเรโนอา,main,male,serenoa,assets/triangle-strategy/approved_voice_references/serenoa.wav,มันจะเป็นทางเลือกที่ถูกหรือไม่ ก็ขึ้นอยู่กับการกระทำของเรา ข้าเชื่อใจพวกเจ้าทุกคนนะ,,,PENDING_MANUAL_GENERATION,,triangle-strategy
77,MS03_H01_VOTE_120_M_SEL_0030.wav,MS03_H01_VOTE_120_M_SEL_0030,78,78,78,79,เซเรโนอา,main,male,serenoa,assets/triangle-strategy/approved_voice_references/serenoa.wav,นางเป็นถึงน้องสาวอาร์ชดยุก แถมเป็นคู่หมั้นของข้าอีกด้วย นางจะไปสร้างปัญหาอะไรที่นั่นเหรอขอรับ?,,,PENDING_MANUAL_GENERATION,,triangle-strategy
78,MS03_H01_VOTE_120_M_SEL_0040.wav,MS03_H01_VOTE_120_M_SEL_0040,79,79,79,80,เซเรโนอา,main,male,serenoa,assets/triangle-strategy/approved_voice_references/serenoa.wav,ไม่ต้องขอโทษหรอกท่าน แต่ข้าขอถามอีกครั้ง ท่านแน่ใจใช่ไหม?,,,PENDING_MANUAL_GENERATION,,triangle-strategy
79,MS03_H01_VOTE_120_M_SLS_0010.wav,MS03_H01_VOTE_120_M_SLS_0010,80,80,80,81,ซอสเลย์,npc,male,sorsley,assets/triangle-strategy/approved_voice_references/sorsley.wav,สีผมคู่หมั้นของท่านจะเป็นจุดสังเกต โชคร้ายที่คนแถวนั้นไม่โปรดปรานกัน,,,PENDING_MANUAL_GENERATION,,triangle-strategy
80,MS03_H01_VOTE_START_F_ANA_0010.wav,MS03_H01_VOTE_START_F_ANA_0010,81,81,81,82,แอนนา,main,female,anna,assets/triangle-strategy/approved_voice_references/anna.wav,น่าแปลกจริงๆ,,,PENDING_MANUAL_GENERATION,,triangle-strategy
81,MS03_H01_VOTE_START_F_FRE_0010.wav,MS03_H01_VOTE_START_F_FRE_0010,82,82,82,83,เฟรเดอริก้า,main,female,frederica,assets/triangle-strategy/approved_voice_references/frederica.wav,พวกเราแต่ละคนมีเหรียญอยู่หนึ่งเหรียญ,,,PENDING_MANUAL_GENERATION,,triangle-strategy
82,MS03_H01_VOTE_START_F_HEW_0010.wav,MS03_H01_VOTE_START_F_HEW_0010,83,83,83,84,ฮิวเอทท์,main,female,hughette,assets/triangle-strategy/approved_voice_references/hughette.wav,แต่องค์ชาย นี่ท่านจะ-,,,PENDING_MANUAL_GENERATION,,triangle-strategy
83,MS03_H01_VOTE_START_F_HEW_0020.wav,MS03_H01_VOTE_START_F_HEW_0020,84,84,84,85,ฮิวเอทท์,main,female,hughette,assets/triangle-strategy/approved_voice_references/hughette.wav,ท่านก็รู้ว่าข้าทำไม่ได้อยู่แล้ว หากท่านยังดื้อด้านจะไป ข้าก็ขอไปกับท่านด้วยเจ้าค่ะ,,,PENDING_MANUAL_GENERATION,,triangle-strategy
84,MS03_H01_VOTE_START_F_YRA_0010.wav,MS03_H01_VOTE_START_F_YRA_0010,85,85,85,86,จีล่า,main,female,geela,assets/triangle-strategy/approved_voice_references/geela.wav,เหมือนว่าโชคชะตานำพาความยุติธรรมมาสู่พวกเราด้วยสินะ,,,PENDING_MANUAL_GENERATION,,triangle-strategy
85,MS03_H01_VOTE_START_M_BND_0010.wav,MS03_H01_VOTE_START_M_BND_0010,86,86,86,87,เบเนดิกต์,main,male,benedict,assets/triangle-strategy/approved_voice_references/benedict.wav,บททดสอบแรกของท่านในฐานะลอร์ดมาถึงแล้ว เรื่องนี้สำคัญนะขอรับ,,,PENDING_MANUAL_GENERATION,,triangle-strategy
86,MS03_H01_VOTE_START_M_BND_0020.wav,MS03_H01_VOTE_START_M_BND_0020,87,87,87,88,เบเนดิกต์,main,male,benedict,assets/triangle-strategy/approved_voice_references/benedict.wav,เพราะเขาเข้าใจหน้าที่แห่งลอร์ดอย่างดีขอรับ,,,PENDING_MANUAL_GENERATION,,triangle-strategy
87,MS03_H01_VOTE_START_M_BND_0030.wav,MS03_H01_VOTE_START_M_BND_0030,88,88,88,89,เบเนดิกต์,main,male,benedict,assets/triangle-strategy/approved_voice_references/benedict.wav,เอาเลยมั้ยขอรับ นายท่าน? หนึ่งเหรียญต่อหนึ่งคะแนนเสียง,,,PENDING_MANUAL_GENERATION,,triangle-strategy
88,MS03_H01_VOTE_START_M_RLN_0010.wav,MS03_H01_VOTE_START_M_RLN_0010,89,89,89,90,โรแลนด์,main,male,roland,assets/triangle-strategy/approved_voice_references/roland.wav,เราลงคะแนนกัน และให้เสียงข้างมากกำหนดทิศทางให้เรา แค่นั้นเลยเหรอ?,,,PENDING_MANUAL_GENERATION,,triangle-strategy
89,MS03_H01_VOTE_START_M_RLN_0020.wav,MS03_H01_VOTE_START_M_RLN_0020,90,90,90,91,โรแลนด์,main,male,roland,assets/triangle-strategy/approved_voice_references/roland.wav,เจ้า...จริงจังกว่าที่เคยนะเนี่ย สหายข้า,,,PENDING_MANUAL_GENERATION,,triangle-strategy
90,MS03_H01_VOTE_START_M_RLN_0030.wav,MS03_H01_VOTE_START_M_RLN_0030,91,91,91,92,โรแลนด์,main,male,roland,assets/triangle-strategy/approved_voice_references/roland.wav,หวังว่าเจ้าจะมีที่ว่างเหลือให้ข้านะ เพราะข้าจะไปกับเจ้าด้วย,,,PENDING_MANUAL_GENERATION,,triangle-strategy
91,MS03_H01_VOTE_START_M_RLN_0040.wav,MS03_H01_VOTE_START_M_RLN_0040,92,92,92,93,โรแลนด์,main,male,roland,assets/triangle-strategy/approved_voice_references/roland.wav,แต่ขอแอบไปอย่างลับๆนะ ข้าเชื่อว่าลอร์ดคนใหม่ของพวกเรามีทักษะการฑูตและการเจรจาอย่างสง่างาม,,,PENDING_MANUAL_GENERATION,,triangle-strategy
92,MS03_H01_VOTE_START_M_RLN_0050.wav,MS03_H01_VOTE_START_M_RLN_0050,93,93,93,94,โรแลนด์,main,male,roland,assets/triangle-strategy/approved_voice_references/roland.wav,ส่วนเจ้าจะอยู่ที่นี่ก็ได้นะ ฮิวเอทท์,,,PENDING_MANUAL_GENERATION,,triangle-strategy
93,MS03_H01_VOTE_START_M_RLN_0060.wav,MS03_H01_VOTE_START_M_RLN_0060,94,94,94,95,โรแลนด์,main,male,roland,assets/triangle-strategy/approved_voice_references/roland.wav,น่าแปลกเหรอ? สำหรับข้ามันก็เหมือนกับพระเจ้าทรงโปรดให้ข้ามาร่วมกับพวกเจ้านั่นแหละ,,,PENDING_MANUAL_GENERATION,,triangle-strategy
94,MS03_H01_VOTE_START_M_SEL_0010.wav,MS03_H01_VOTE_START_M_SEL_0010,95,95,95,96,เซเรโนอา,main,male,serenoa,assets/triangle-strategy/approved_voice_references/serenoa.wav,ถูกแล้วล่ะ แต่ข้าไม่จำเป็นต้องเผชิญหน้าคนเดียว ข้าจะขอถามพวกท่านทุกคนว่าเราควรไปที่ไหน พร้อมบอกเหตุผลด้วย,,,PENDING_MANUAL_GENERATION,,triangle-strategy
95,MS03_H01_VOTE_START_M_SEL_0020.wav,MS03_H01_VOTE_START_M_SEL_0020,96,96,96,97,เซเรโนอา,main,male,serenoa,assets/triangle-strategy/approved_voice_references/serenoa.wav,จงบอกเหตุผลของพวกท่านต่อหน้าตาชั่งแห่งความเชื่อ และพวกเราจะเป็นผู้เลือกจุดหมายปลายทาง,,,PENDING_MANUAL_GENERATION,,triangle-strategy
96,MS03_H01_VOTE_START_M_SEL_0030.wav,MS03_H01_VOTE_START_M_SEL_0030,97,97,97,98,เซเรโนอา,main,male,serenoa,assets/triangle-strategy/approved_voice_references/serenoa.wav,ถูกต้องขอรับ ตราบใดที่ยังมีมิตรสหายเคียงข้างข้า ความเห็นของพวกเขาก็มีมูลเทียบเท่าของข้าด้วย,,,PENDING_MANUAL_GENERATION,,triangle-strategy
97,MS03_H01_VOTE_START_M_SEL_0040.wav,MS03_H01_VOTE_START_M_SEL_0040,98,98,98,99,เซเรโนอา,main,male,serenoa,assets/triangle-strategy/approved_voice_references/serenoa.wav,ดั่งวิถีแห่งตระกูลวูล์ฟฟอร์ต,,,PENDING_MANUAL_GENERATION,,triangle-strategy
98,MS03_H01_VOTE_START_M_SEL_0050.wav,MS03_H01_VOTE_START_M_SEL_0050,99,99,99,100,เซเรโนอา,main,male,serenoa,assets/triangle-strategy/approved_voice_references/serenoa.wav,ในฐานะลอร์ด ไม่ว่าจะเกิดอะไรขึ้นก็ตาม ข้าจะน้อมรับผลตัดสินของตาชั่งไว้เอง,,,PENDING_MANUAL_GENERATION,,triangle-strategy
99,MS03_H01_VOTE_START_M_SEL_0060.wav,MS03_H01_VOTE_START_M_SEL_0060,100,100,100,101,เซเรโนอา,main,male,serenoa,assets/triangle-strategy/approved_voice_references/serenoa.wav,เอาล่ะ ถ้างั้นก็ตามนี้แล้วกัน,,,PENDING_MANUAL_GENERATION,,triangle-strategy
100,MS03_H01_VOTE_START_M_SEL_0070.wav,MS03_H01_VOTE_START_M_SEL_0070,101,101,101,102,เซเรโนอา,main,male,serenoa,assets/triangle-strategy/approved_voice_references/serenoa.wav,มองโลกในแง่ดีตลอดเลยนะ สหายข้า,,,PENDING_MANUAL_GENERATION,,triangle-strategy
101,MS03_H01_VOTE_START_M_SEL_0080.wav,MS03_H01_VOTE_START_M_SEL_0080,102,102,102,103,เซเรโนอา,main,male,serenoa,assets/triangle-strategy/approved_voice_references/serenoa.wav,ได้เลย ข้าอยากฟังความเห็นของพวกท่านก่อน,,,PENDING_MANUAL_GENERATION,,triangle-strategy
102,MS03_H01_VOTE_START_M_SEL_0090.wav,MS03_H01_VOTE_START_M_SEL_0090,103,103,103,104,เซเรโนอา,main,male,serenoa,assets/triangle-strategy/approved_voice_references/serenoa.wav,แล้วพวกท่านค่อยวางเหรียญลงบนตาชั่งแห่งความเชื่อ มันจะส่องสว่างนำทางเราเอง,,,PENDING_MANUAL_GENERATION,,triangle-strategy
103,MS03_H01_WD_0010_N_NNN_0010.wav,MS03_H01_WD_0010_N_NNN_0010,104,104,104,105,Narrator,narrator,female,narrator,assets/triangle-strategy/approved_voice_references/narrator.wav,เซเรโนอากับมิตรสหายผู้แข็งแกร่งได้ประลองฝีมือกับเหล่านักสู้ผู้ดุดัน ก่อนเผชิญหน้ากับเซอร์แม็กซ์เวลล์ ผู้ชนะการประลองครั้งก่อน หลังจากที่สู้กันอย่างดุเดือด หอกอรุณได้คว้าชัยอีกครั้ง,,,PENDING_MANUAL_GENERATION,,triangle-strategy
104,MS03_H01_WD_0010_N_NNN_0020.wav,MS03_H01_WD_0010_N_NNN_0020,105,105,105,106,Narrator,narrator,female,narrator,assets/triangle-strategy/approved_voice_references/narrator.wav,ความกล้าหาญของเซเรโนอาต่างทำให้ผู้ชมประทับใจ พร้อมไขข้อสงสัยในฝีมือการต่อสู้แห่งตระกูลวูล์ฟฟอร์ตลง แม้ว่าเขาจะพ่ายแพ้ในตอนจบก็ตาม,,,PENDING_MANUAL_GENERATION,,triangle-strategy
105,MS03_H01_WD_0010_N_NNN_0050.wav,MS03_H01_WD_0010_N_NNN_0050,108,108,108,109,Narrator,narrator,female,narrator,assets/triangle-strategy/approved_voice_references/narrator.wav,บัดนี้ จึงสิ้นสุดการประลองและงานเลี้ยงซึ่งหล่อหลอมพวกเขาให้เป็นหนึ่งเดียวกัน เหล่าตัวแทนแห่งอาณาจักรเตรียมพร้อมเดินทางกลับด้วยใจที่กลมเกลียว,,,PENDING_MANUAL_GENERATION,,triangle-strategy
106,MS03_X03_A0_0010_F_CRD_0010.wav,MS03_X03_A0_0010_F_CRD_0010,109,109,109,110,คอร์เดเลีย,npc,female,cordelia,assets/triangle-strategy/approved_voice_references/cordelia.wav,ท่านพี่เจ้าคะ โรแลนด์อยู่ไหนเหรอ? ข้ายังไม่เห็นเขาเลย,,,PENDING_MANUAL_GENERATION,,triangle-strategy
107,MS03_X03_A0_0010_F_CRD_0020.wav,MS03_X03_A0_0010_F_CRD_0020,110,110,110,111,คอร์เดเลีย,npc,female,cordelia,assets/triangle-strategy/approved_voice_references/cordelia.wav,เหรอเจ้าคะ!? อย่างงี้นี่เอง...,,,PENDING_MANUAL_GENERATION,,triangle-strategy
108,MS03_X03_A0_0010_F_CRD_0030.wav,MS03_X03_A0_0010_F_CRD_0030,111,111,111,112,คอร์เดเลีย,npc,female,cordelia,assets/triangle-strategy/approved_voice_references/cordelia.wav,ท่านพี่ไม่รักน้องตัวเองเลยเหรอเจ้าคะ?,,,PENDING_MANUAL_GENERATION,,triangle-strategy
109,MS03_X03_A0_0010_F_CRD_0040.wav,MS03_X03_A0_0010_F_CRD_0040,112,112,112,113,คอร์เดเลีย,npc,female,cordelia,assets/triangle-strategy/approved_voice_references/cordelia.wav,ท่านพี่พูดออกมาได้ยังไงเนี่ย? เขาเป็นครอบครัว-,,,PENDING_MANUAL_GENERATION,,triangle-strategy
110,MS03_X03_A0_0010_M_FRN_0010.wav,MS03_X03_A0_0010_M_FRN_0010,114,114,114,115,แฟรนี่,npc,male,frani,assets/triangle-strategy/approved_voice_references/frani.wav,จะเห็นได้ยังไงล่ะ ก็เขาสะเออะไปทำภารกิจแดนไกลนี่หน่า,,,PENDING_MANUAL_GENERATION,,triangle-strategy
111,MS03_X03_A0_0010_M_FRN_0020.wav,MS03_X03_A0_0010_M_FRN_0020,115,115,115,116,แฟรนี่,npc,male,frani,assets/triangle-strategy/approved_voice_references/frani.wav,ทำตัวเอาแต่ใจไม่สมฐานะอีกแล้ว! มันจะเห็นแก่ตัวไปถึงไหนเนี่ย!?,,,PENDING_MANUAL_GENERATION,,triangle-strategy
112,MS03_X03_A0_0010_M_FRN_0030.wav,MS03_X03_A0_0010_M_FRN_0030,116,116,116,117,แฟรนี่,npc,male,frani,assets/triangle-strategy/approved_voice_references/frani.wav,รักเหรอ? ข้าจะคิดถึงเขาให้น้อยที่สุดก็แล้วกัน,,,PENDING_MANUAL_GENERATION,,triangle-strategy
113,MS03_X03_A0_0010_M_FRN_0040.wav,MS03_X03_A0_0010_M_FRN_0040,117,117,117,118,แฟรนี่,npc,male,frani,assets/triangle-strategy/approved_voice_references/frani.wav,เขาเป็นเชื้อพระวงศ์ และหน้าที่ของเราเหนือสิ่งอื่นใดคือการรับใช้กษัตริย์,,,PENDING_MANUAL_GENERATION,,triangle-strategy
114,MS03_X03_A0_0010_M_FRN_0050.wav,MS03_X03_A0_0010_M_FRN_0050,118,118,118,119,แฟรนี่,npc,male,frani,assets/triangle-strategy/approved_voice_references/frani.wav,หากเจ้ายังอยากทำตัวสมฐานะก็อย่าเอาโรแลนด์เป็นเยี่ยงอย่างเลย คอร์เดเลียน้องรัก,,,PENDING_MANUAL_GENERATION,,triangle-strategy
115,MS03_X03_B0_0010_F_ABR_0010.wav,MS03_X03_B0_0010_F_ABR_0010,119,119,119,120,อัฟโลร่า,npc,female,avlora,assets/triangle-strategy/approved_voice_references/avlora.wav,...ลอร์ดสวาร็อค ข้าขอแนะนำลอร์ดเซเรโนอาให้ท่านรู้จัก เขามาในนามของกษัตริย์เร็กน่าขอรับ,,,PENDING_MANUAL_GENERATION,,triangle-strategy
116,MS03_X03_B0_0010_F_ERK_0010.wav,MS03_X03_B0_0010_F_ERK_0010,120,120,120,121,เอริก้า,npc,female,erika,assets/triangle-strategy/approved_voice_references/erika.wav,ขอบคุณที่ต้อนรับพวกเราเจ้าค่ะท่านลุง หินผาบ้านท่านสวยงามจริงๆ,,,PENDING_MANUAL_GENERATION,,triangle-strategy
117,MS03_X03_B0_0010_F_FRE_0010.wav,MS03_X03_B0_0010_F_FRE_0010,121,121,121,122,เฟรเดอริก้า,main,female,frederica,assets/triangle-strategy/approved_voice_references/frederica.wav,ลอร์ดสวาร็อคเป็นพ่อของดราแกน แล้วก็เป็นอาของข้ากับอาร์ชดยุกด้วย,,,PENDING_MANUAL_GENERATION,,triangle-strategy
118,MS03_X03_B0_0010_F_FRE_0020.wav,MS03_X03_B0_0010_F_FRE_0020,122,122,122,123,เฟรเดอริก้า,main,female,frederica,assets/triangle-strategy/approved_voice_references/frederica.wav,ท่านอา! ข้าอายไปหมดแล้วเนี่ย!,,,PENDING_MANUAL_GENERATION,,triangle-strategy
119,MS03_X03_B0_0010_M_RLN_0010.wav,MS03_X03_B0_0010_M_RLN_0010,123,123,123,124,โรแลนด์,main,male,roland,assets/triangle-strategy/approved_voice_references/roland.wav,ฟังดูเป็นภาระที่หนักเอาเรื่องเลยนะ สหายข้า,,,PENDING_MANUAL_GENERATION,,triangle-strategy
120,MS03_X03_B0_0010_M_RLN_0020.wav,MS03_X03_B0_0010_M_RLN_0020,124,124,124,125,โรแลนด์,main,male,roland,assets/triangle-strategy/approved_voice_references/roland.wav,ไม่ได้เจอกันนานเลยนะ ลอร์ดสวาร็อค แต่วันนี้ข้ามาในฐานะผู้รับใช้ตระกูลวูล์ฟฟอร์ตขอรับ,,,PENDING_MANUAL_GENERATION,,triangle-strategy
121,MS03_X03_B0_0010_M_RLN_0030.wav,MS03_X03_B0_0010_M_RLN_0030,125,125,125,126,โรแลนด์,main,male,roland,assets/triangle-strategy/approved_voice_references/roland.wav,แสดงว่าท่านคาดหวังในตัวเขามากเลยสินะ?,,,PENDING_MANUAL_GENERATION,,triangle-strategy
122,MS03_X03_B0_0010_M_SEL_0010.wav,MS03_X03_B0_0010_M_SEL_0010,127,127,127,128,เซเรโนอา,main,male,serenoa,assets/triangle-strategy/approved_voice_references/serenoa.wav,ขอรับนายท่าน ขอบคุณที่ต้อนรับอย่างอบอุ่นขอรับ,,,PENDING_MANUAL_GENERATION,,triangle-strategy
123,MS03_X03_B0_0010_M_SEL_0020.wav,MS03_X03_B0_0010_M_SEL_0020,128,128,128,129,เซเรโนอา,main,male,serenoa,assets/triangle-strategy/approved_voice_references/serenoa.wav,ข้าจะจำไว้ขอรับ,,,PENDING_MANUAL_GENERATION,,triangle-strategy
124,MS03_X03_B0_0010_M_SEL_0030.wav,MS03_X03_B0_0010_M_SEL_0030,129,129,129,130,เซเรโนอา,main,male,serenoa,assets/triangle-strategy/approved_voice_references/serenoa.wav,ฝ่าบาทฝากขอบคุณลอร์ดดราแกนที่ช่วยเหลือในกิจการเหมืองแร่ขอรับ ทักษะด้านวิศวะของเขาเป็นสิ่งที่ขาดไม่ได้จริงๆ,,,PENDING_MANUAL_GENERATION,,triangle-strategy
125,MS03_X03_B0_0010_M_SEL_0040.wav,MS03_X03_B0_0010_M_SEL_0040,130,130,130,131,เซเรโนอา,main,male,serenoa,assets/triangle-strategy/approved_voice_references/serenoa.wav,ได้ขอรับ,,,PENDING_MANUAL_GENERATION,,triangle-strategy
126,MS03_X03_B0_0010_M_SEL_0050.wav,MS03_X03_B0_0010_M_SEL_0050,131,131,131,132,เซเรโนอา,main,male,serenoa,assets/triangle-strategy/approved_voice_references/serenoa.wav,เช่นนั้นพวกเราต้องขอตัวก่อน ขอบคุณมากขอรับ ลอร์ดสวาร็อค,,,PENDING_MANUAL_GENERATION,,triangle-strategy
127,MS03_X03_B0_0010_M_SVR_0010.wav,MS03_X03_B0_0010_M_SVR_0010,132,132,132,133,สวาร็อค,npc,male,svarog,,อัฟโลร่า! เอริก้า! ...ธาลาส ยินดีต้อนรับกลับบ้าน พิธีฉลองเกิดผลบ้างไหม?,,,BLOCKED_PENDING_REFERENCE_AUDIO,,triangle-strategy
128,MS03_X03_B0_0010_M_SVR_0030.wav,MS03_X03_B0_0010_M_SVR_0030,134,134,134,135,สวาร็อค,npc,male,svarog,,อ้าว พ่อหนุ่มวูล์ฟฟอร์ต! คู่หมั้นเฟรเดอริก้าสินะ?,,,BLOCKED_PENDING_REFERENCE_AUDIO,,triangle-strategy
129,MS03_X03_B0_0010_M_SVR_0040.wav,MS03_X03_B0_0010_M_SVR_0040,135,135,135,136,สวาร็อค,npc,male,svarog,,ด้วยความยินดี ลอร์ดเซเรโนอา,,,BLOCKED_PENDING_REFERENCE_AUDIO,,triangle-strategy
130,MS03_X03_B0_0010_M_SVR_0050.wav,MS03_X03_B0_0010_M_SVR_0050,136,136,136,137,สวาร็อค,npc,male,svarog,,ข้ามีนามว่า สวาร็อค เอสฟรอสต์ ข้าคือผู้เฝ้าประตูแฝดซึ่งเป็นด่านหน้าของราชรัฐ,,,BLOCKED_PENDING_REFERENCE_AUDIO,,triangle-strategy
131,MS03_X03_B0_0010_M_SVR_0060.wav,MS03_X03_B0_0010_M_SVR_0060,137,137,137,138,สวาร็อค,npc,male,svarog,,ไม่นึกว่าจะได้เจอกันเร็วขนาดนี้นะ เฟรเดอริก้า! แต่ข้าก็เข้าใจแหละนะ มีของดีก็ต้องเอามาอวดให้ดูซะหน่อย,,,BLOCKED_PENDING_REFERENCE_AUDIO,,triangle-strategy
132,MS03_X03_B0_0010_M_SVR_0070.wav,MS03_X03_B0_0010_M_SVR_0070,138,138,138,139,สวาร็อค,npc,male,svarog,,ฮ่าๆๆ! ดีใจที่ได้เห็นเจ้าพูดออกมาตรงๆนะ,,,BLOCKED_PENDING_REFERENCE_AUDIO,,triangle-strategy
133,MS03_X03_B0_0010_M_SVR_0080.wav,MS03_X03_B0_0010_M_SVR_0080,139,139,139,140,สวาร็อค,npc,male,svarog,,ข้าขอเตือนไว้ก่อนนะพ่อหนุ่ม อย่าทำให้นางโมโหเชียว,,,BLOCKED_PENDING_REFERENCE_AUDIO,,triangle-strategy
134,MS03_X03_B0_0010_M_SVR_0090.wav,MS03_X03_B0_0010_M_SVR_0090,140,140,140,141,สวาร็อค,npc,male,svarog,,องค์ชายโรแลนด์! ข้าไม่นึกว่าท่านจะมาด้วยนะเนี่ย,,,BLOCKED_PENDING_REFERENCE_AUDIO,,triangle-strategy
135,MS03_X03_B0_0010_M_SVR_0100.wav,MS03_X03_B0_0010_M_SVR_0100,141,141,141,142,สวาร็อค,npc,male,svarog,,แอบหนีเที่ยวสินะ จัดไป!,,,BLOCKED_PENDING_REFERENCE_AUDIO,,triangle-strategy
136,MS03_X03_B0_0010_M_SVR_0110.wav,MS03_X03_B0_0010_M_SVR_0110,142,142,142,143,สวาร็อค,npc,male,svarog,,...แถมเขาคุยโม้โอ้อวดจนเหลือทนสินะ เรื่องนั้นให้อภัยลูกข้าด้วย,,,BLOCKED_PENDING_REFERENCE_AUDIO,,triangle-strategy
137,MS03_X03_B0_0010_M_SVR_0120.wav,MS03_X03_B0_0010_M_SVR_0120,143,143,143,144,สวาร็อค,npc,male,svarog,,ยังไงซะ เขาก็แน่วแน่ในเป้าหมายของตนอย่างมาก เขาต้องการนำพาเราไปสู่ยุคใหม่จริงๆ,,,BLOCKED_PENDING_REFERENCE_AUDIO,,triangle-strategy
138,MS03_X03_B0_0010_M_SVR_0130.wav,MS03_X03_B0_0010_M_SVR_0130,144,144,144,145,สวาร็อค,npc,male,svarog,,ท่านเองก็ช่วยทำให้ฝันของเขาเป็นจริงด้วยนะ,,,BLOCKED_PENDING_REFERENCE_AUDIO,,triangle-strategy
139,MS03_X03_B0_0010_M_SVR_0140.wav,MS03_X03_B0_0010_M_SVR_0140,145,145,145,146,สวาร็อค,npc,male,svarog,,ก็ไม่ได้อยากคาดหวังหรอกขอรับ แต่ข้าเป็นพ่อของเขานี่หน่า,,,BLOCKED_PENDING_REFERENCE_AUDIO,,triangle-strategy
140,MS03_X03_B0_0010_M_SVR_0150.wav,MS03_X03_B0_0010_M_SVR_0150,146,146,146,147,สวาร็อค,npc,male,svarog,,ขออภัยด้วย พวกท่านคงเหนื่อยล้าจากการเดินทางสินะ ข้าไม่รั้งพวกท่านไว้แล้วล่ะ,,,BLOCKED_PENDING_REFERENCE_AUDIO,,triangle-strategy
141,MS03_X03_B0_0010_M_SVR_0160.wav,MS03_X03_B0_0010_M_SVR_0160,147,147,147,148,สวาร็อค,npc,male,svarog,,อาร์ชดยุกกุสตาดอล์ฟ กำลังรอพวกท่านอยู่ที่ไอรอนสโตน,,,BLOCKED_PENDING_REFERENCE_AUDIO,,triangle-strategy
142,MS03_X03_B0_0010_M_TRS_0010.wav,MS03_X03_B0_0010_M_TRS_0010,148,148,148,149,ธาลาส,npc,male,thalas,assets/triangle-strategy/approved_voice_references/thalas.wav,มันเป็นหน้าที่รัฐมนตรีของข้าที่ต้องไปอยู่แล้วขอรับ,,,PENDING_MANUAL_GENERATION,,triangle-strategy
143,MS03_X03_B0_1010_F_FRE_0010.wav,MS03_X03_B0_1010_F_FRE_0010,149,149,149,150,เฟรเดอริก้า,main,female,frederica,assets/triangle-strategy/approved_voice_references/frederica.wav,เจ้าค่ะ ท่านพี่,,,PENDING_MANUAL_GENERATION,,triangle-strategy
144,MS03_X03_B0_1010_F_FRE_0020.wav,MS03_X03_B0_1010_F_FRE_0020,150,150,150,151,เฟรเดอริก้า,main,female,frederica,assets/triangle-strategy/approved_voice_references/frederica.wav,ที่นั่นมีตำรามากมายนับไม่ถ้วน ตั้งแต่สมัยโบราณจนถึงสมัยใหม่ ข้ากล้าพูดเลยว่าสู้ของกระทรวงโอสถไฮแซนต์ได้แน่นอน,,,PENDING_MANUAL_GENERATION,,triangle-strategy
145,MS03_X03_B0_1010_M_BND_0010.wav,MS03_X03_B0_1010_M_BND_0010,151,151,151,152,เบเนดิกต์,main,male,benedict,assets/triangle-strategy/approved_voice_references/benedict.wav,จริงเหรอขอรับ นายท่าน?,,,PENDING_MANUAL_GENERATION,,triangle-strategy
146,MS03_X03_B0_1010_M_BND_0020.wav,MS03_X03_B0_1010_M_BND_0020,152,152,152,153,เบเนดิกต์,main,male,benedict,assets/triangle-strategy/approved_voice_references/benedict.wav,ข้าคิดว่าในหอสมุดจะมีความลับที่ต้องถูกปกปิดไว้เสียอีก,,,PENDING_MANUAL_GENERATION,,triangle-strategy
147,MS03_X03_B0_1010_M_GST_0010.wav,MS03_X03_B0_1010_M_GST_0010,153,153,153,154,กุสตาดอล์ฟ,npc,male,gustadolph,,ข้าคือกุสตาดอล์ฟ อาร์ชดยุกแห่งเอสฟรอสต์ ข้าขอต้อนรับพวกเจ้าสู่อาณาจักรเป็นการส่วนตัว,,,BLOCKED_PENDING_REFERENCE_AUDIO,,triangle-strategy
148,MS03_X03_B0_1010_M_GST_0020.wav,MS03_X03_B0_1010_M_GST_0020,154,154,154,155,กุสตาดอล์ฟ,npc,male,gustadolph,,ข้ากำลังพูดคุยกับลอร์ดคนใหม่แห่งตระกูลวูล์ฟฟอร์ตสินะ?,,,BLOCKED_PENDING_REFERENCE_AUDIO,,triangle-strategy
149,MS03_X03_B0_1010_M_GST_0030.wav,MS03_X03_B0_1010_M_GST_0030,155,155,155,156,กุสตาดอล์ฟ,npc,male,gustadolph,,ไม่มีปัญหาหรอก,,,BLOCKED_PENDING_REFERENCE_AUDIO,,triangle-strategy
150,MS03_X03_B0_1010_M_GST_0040.wav,MS03_X03_B0_1010_M_GST_0040,156,156,156,157,กุสตาดอล์ฟ,npc,male,gustadolph,,อัฟโลร่าบอกข้าว่า เจ้าแสดงฝีมือในงานประลองได้ดีทีเดียว,,,BLOCKED_PENDING_REFERENCE_AUDIO,,triangle-strategy
151,MS03_X03_B0_1010_M_GST_0050.wav,MS03_X03_B0_1010_M_GST_0050,157,157,157,158,กุสตาดอล์ฟ,npc,male,gustadolph,,ข้าอยากเห็นเหลือเกินว่าบุตรชายของวีรบุรุษในตำนาน พึ่งพาตัวเองอย่างไรในการต่อสู้,,,BLOCKED_PENDING_REFERENCE_AUDIO,,triangle-strategy
152,MS03_X03_B0_1010_M_GST_0060.wav,MS03_X03_B0_1010_M_GST_0060,158,158,158,159,กุสตาดอล์ฟ,npc,male,gustadolph,,ความพยายามของเจ้าเป็นสิ่งที่ดี สมกับว่าที่น้องเขยข้าจริงๆ,,,BLOCKED_PENDING_REFERENCE_AUDIO,,triangle-strategy
153,MS03_X03_B0_1010_M_GST_0070.wav,MS03_X03_B0_1010_M_GST_0070,159,159,159,160,กุสตาดอล์ฟ,npc,male,gustadolph,,นอร์เซเลียกำลังเปลี่ยนไป มันคือยุคที่เราจะไม่ยุติปัญหาด้วยคมดาบ,,,BLOCKED_PENDING_REFERENCE_AUDIO,,triangle-strategy
154,MS03_X03_B0_1010_M_GST_0080.wav,MS03_X03_B0_1010_M_GST_0080,160,160,160,161,กุสตาดอล์ฟ,npc,male,gustadolph,,ยุคนี้คือยุคแห่งการเจรจา ข้าอยากฟังความเห็นของเจ้าเรื่องสนธิสัญญาเหมืองแร่อย่างตรงไปตรงมา,,,BLOCKED_PENDING_REFERENCE_AUDIO,,triangle-strategy
155,MS03_X03_B0_1010_M_GST_0090.wav,MS03_X03_B0_1010_M_GST_0090,161,161,161,162,กุสตาดอล์ฟ,npc,male,gustadolph,,อืม เป็นคำตอบที่น่าเบื่อจริงๆ แถมดูอ่อนประสบการณ์ด้วยซ้ำ,,,BLOCKED_PENDING_REFERENCE_AUDIO,,triangle-strategy
156,MS03_X03_B0_1010_M_GST_0100.wav,MS03_X03_B0_1010_M_GST_0100,162,162,162,163,กุสตาดอล์ฟ,npc,male,gustadolph,,เจ้าเชื่อจริงๆเหรอ ว่าแต่ละอาณาจักรปรารถนาความกลมเกลียวเหมือนกัน?,,,BLOCKED_PENDING_REFERENCE_AUDIO,,triangle-strategy
157,MS03_X03_B0_1010_M_GST_0110.wav,MS03_X03_B0_1010_M_GST_0110,163,163,163,164,กุสตาดอล์ฟ,npc,male,gustadolph,,ก็ สันติสุขแห่งนอร์เซเลียไงล่ะ,,,BLOCKED_PENDING_REFERENCE_AUDIO,,triangle-strategy
158,MS03_X03_B0_1010_M_GST_0120.wav,MS03_X03_B0_1010_M_GST_0120,164,164,164,165,กุสตาดอล์ฟ,npc,male,gustadolph,,สันติสุข...และเสรีภาพสำหรับทุกคน ให้พวกเขาได้ใช้ชีวิตตามแบบฉบับของตนเอง,,,BLOCKED_PENDING_REFERENCE_AUDIO,,triangle-strategy
159,MS03_X03_B0_1010_M_GST_0130.wav,MS03_X03_B0_1010_M_GST_0130,165,165,165,166,กุสตาดอล์ฟ,npc,male,gustadolph,,เจ้าเชื่อว่าการแบ่งปันทรัพย์สมบัติให้ทุกคนเท่าๆกัน จะนำสันติสุขมาให้งั้นเหรอ...,,,BLOCKED_PENDING_REFERENCE_AUDIO,,triangle-strategy
160,MS03_X03_B0_1010_M_GST_0140.wav,MS03_X03_B0_1010_M_GST_0140,166,166,166,167,กุสตาดอล์ฟ,npc,male,gustadolph,,คนเราพอใจกับการที่มีความเท่าเทียมกับคนอื่นตั้งแต่เมื่อไหร่กัน?,,,BLOCKED_PENDING_REFERENCE_AUDIO,,triangle-strategy
161,MS03_X03_B0_1010_M_GST_0150.wav,MS03_X03_B0_1010_M_GST_0150,167,167,167,168,กุสตาดอล์ฟ,npc,male,gustadolph,,ให้ข้าพูดแบบนี้ดีกว่า ข้าไม่ชอบผู้ที่ยัดเยียดความเท่าเทียมให้ใครหรอกนะ,,,BLOCKED_PENDING_REFERENCE_AUDIO,,triangle-strategy
162,MS03_X03_B0_1010_M_GST_0160.wav,MS03_X03_B0_1010_M_GST_0160,168,168,168,169,กุสตาดอล์ฟ,npc,male,gustadolph,,ทุกคนสมควรได้รับเสรีภาพในการไขว่คว้าความสุขในแบบของตน ตามที่ตัวเองเห็นสมควร,,,BLOCKED_PENDING_REFERENCE_AUDIO,,triangle-strategy
163,MS03_X03_B0_1010_M_GST_0170.wav,MS03_X03_B0_1010_M_GST_0170,169,169,169,170,กุสตาดอล์ฟ,npc,male,gustadolph,,...โอโห คำตอบของลอร์ดหนุ่มผู้นี้ทำเอาข้าตกใจไม่เบา แถมเป็นการเดินทางนอกประเทศครั้งแรกซะด้วย,,,BLOCKED_PENDING_REFERENCE_AUDIO,,triangle-strategy
164,MS03_X03_B0_1010_M_GST_0175.wav,MS03_X03_B0_1010_M_GST_0175,170,170,170,171,กุสตาดอล์ฟ,npc,male,gustadolph,,...แต่ฟังดูน่าสนใจอยู่นะ พูดต่อสิ,,,BLOCKED_PENDING_REFERENCE_AUDIO,,triangle-strategy
165,MS03_X03_B0_1010_M_GST_0180.wav,MS03_X03_B0_1010_M_GST_0180,171,171,171,172,กุสตาดอล์ฟ,npc,male,gustadolph,,ถูกต้อง ไม่มีใครปกครองอาณาจักรได้ด้วยฝันเพ้อเจ้อกับคำพูดจำเจหรอก,,,BLOCKED_PENDING_REFERENCE_AUDIO,,triangle-strategy
166,MS03_X03_B0_1010_M_GST_0190.wav,MS03_X03_B0_1010_M_GST_0190,172,172,172,173,กุสตาดอล์ฟ,npc,male,gustadolph,,ข้าเองก็เชื่อว่า การแข่งขันมีความสำคัญในการรักษาความรุ่งเรืองของตนเอาไว้,,,BLOCKED_PENDING_REFERENCE_AUDIO,,triangle-strategy
167,MS03_X03_B0_1010_M_GST_0200.wav,MS03_X03_B0_1010_M_GST_0200,173,173,173,174,กุสตาดอล์ฟ,npc,male,gustadolph,,...และเจ้าไว้ใจได้เลยว่าข้าก็เป็นคู่แข่งที่น่าเกรงขามไม่เบา,,,BLOCKED_PENDING_REFERENCE_AUDIO,,triangle-strategy
168,MS03_X03_B0_1010_M_GST_0210.wav,MS03_X03_B0_1010_M_GST_0210,174,174,174,175,กุสตาดอล์ฟ,npc,male,gustadolph,,เฟรเดอริก้า เจ้าอย่าหลงผิดในหน้าที่ของตนด้วยเรื่องพวกนี้นะ,,,BLOCKED_PENDING_REFERENCE_AUDIO,,triangle-strategy
169,MS03_X03_B0_1010_M_GST_0220.wav,MS03_X03_B0_1010_M_GST_0220,175,175,175,176,กุสตาดอล์ฟ,npc,male,gustadolph,,จงอยู่เคียงข้างเซเรโนอาเสมอ และเป็นตัวแทนของเอสฟรอสต์ ด้วยความสง่าและภาคภูมิเสียเถิด,,,BLOCKED_PENDING_REFERENCE_AUDIO,,triangle-strategy
170,MS03_X03_B0_1010_M_GST_0230.wav,MS03_X03_B0_1010_M_GST_0230,176,176,176,177,กุสตาดอล์ฟ,npc,male,gustadolph,,องค์ชายโรแลนด์ เนื่องจากท่านมาอย่างลับๆ ข้าไม่ขอมีพิธีรีตองอะไรแล้วกัน,,,BLOCKED_PENDING_REFERENCE_AUDIO,,triangle-strategy
171,MS03_X03_B0_1010_M_GST_0240.wav,MS03_X03_B0_1010_M_GST_0240,177,177,177,178,กุสตาดอล์ฟ,npc,male,gustadolph,,จะว่าไป ฝ่าบาทเร็กน่าไม่เป็นห่วงหน่อยเหรอ ที่ลูกคนเล็กมาเยือนถิ่นคนอื่นแบบนี้น่ะ?,,,BLOCKED_PENDING_REFERENCE_AUDIO,,triangle-strategy
172,MS03_X03_B0_1010_M_GST_0250.wav,MS03_X03_B0_1010_M_GST_0250,178,178,178,179,กุสตาดอล์ฟ,npc,male,gustadolph,,เป็นทัศนคติที่ดีเลยนะ เช่นนั้นข้าขอพาท่านไปที่หอสมุดแล้วกัน,,,BLOCKED_PENDING_REFERENCE_AUDIO,,triangle-strategy
173,MS03_X03_B0_1010_M_GST_0260.wav,MS03_X03_B0_1010_M_GST_0260,179,179,179,180,กุสตาดอล์ฟ,npc,male,gustadolph,,ลอร์ดวูล์ฟฟอร์ต...ทั้งเจ้ากับมิตรสหายก็มาร่วมกับเราได้เช่นกันนะ,,,BLOCKED_PENDING_REFERENCE_AUDIO,,triangle-strategy
174,MS03_X03_B0_1010_M_GST_0270.wav,MS03_X03_B0_1010_M_GST_0270,180,180,180,181,กุสตาดอล์ฟ,npc,male,gustadolph,,...สบายใจได้เลย ข้าไม่แบ่งปันสิ่งเหล่านั้นกับพวกเจ้าหรอก,,,BLOCKED_PENDING_REFERENCE_AUDIO,,triangle-strategy
175,MS03_X03_B0_1010_M_GST_0280.wav,MS03_X03_B0_1010_M_GST_0280,181,181,181,182,กุสตาดอล์ฟ,npc,male,gustadolph,,แต่เนื่องจากเราเป็นพันธมิตรกันแล้ว ทั้งด้านเหมืองแร่และการสมรส ข้าจะพาพวกเจ้าเดินชมหอสมุดเอง,,,BLOCKED_PENDING_REFERENCE_AUDIO,,triangle-strategy
176,MS03_X03_B0_1010_M_RLN_0010.wav,MS03_X03_B0_1010_M_RLN_0010,182,182,182,183,โรแลนด์,main,male,roland,assets/triangle-strategy/approved_voice_references/roland.wav,ขอบคุณที่ตัดสินใจเช่นนั้นขอรับ นายท่าน,,,PENDING_MANUAL_GENERATION,,triangle-strategy
177,MS03_X03_B0_1010_M_RLN_0020.wav,MS03_X03_B0_1010_M_RLN_0020,183,183,183,184,โรแลนด์,main,male,roland,assets/triangle-strategy/approved_voice_references/roland.wav,ข้าโตแล้วขอรับ และมันเป็นหน้าที่ขององค์ชายด้วยที่ต้องรู้ทันโลก,,,PENDING_MANUAL_GENERATION,,triangle-strategy
178,MS03_X03_B0_1010_M_RLN_0030.wav,MS03_X03_B0_1010_M_RLN_0030,184,184,184,185,โรแลนด์,main,male,roland,assets/triangle-strategy/approved_voice_references/roland.wav,เป็นข้อเสนอที่น่าสนใจ และข้ายินดีรับมันขอรับ,,,PENDING_MANUAL_GENERATION,,triangle-strategy
179,MS03_X03_B0_1010_M_SEL_0010.wav,MS03_X03_B0_1010_M_SEL_0010,185,185,185,186,เซเรโนอา,main,male,serenoa,assets/triangle-strategy/approved_voice_references/serenoa.wav,เซเรโนอา วูล์ฟฟอร์ต ขอรับนายท่าน เป็นเกียรติของข้ายิ่งนักที่ได้เข้าพบท่าน,,,PENDING_MANUAL_GENERATION,,triangle-strategy
180,MS03_X03_B0_1010_M_SEL_0020.wav,MS03_X03_B0_1010_M_SEL_0020,186,186,186,187,เซเรโนอา,main,male,serenoa,assets/triangle-strategy/approved_voice_references/serenoa.wav,ในนามของฝ่าบาทเร็กน่าและราษฎรแห่งเกลนบรู๊คทุกคน พวกเราขอขอบคุณท่านอย่างสูงที่ช่วยเหลือกิจการเหมืองแร่ขอรับ,,,PENDING_MANUAL_GENERATION,,triangle-strategy
181,MS03_X03_B0_1010_M_SEL_0030.wav,MS03_X03_B0_1010_M_SEL_0030,187,187,187,188,เซเรโนอา,main,male,serenoa,assets/triangle-strategy/approved_voice_references/serenoa.wav,ข้าฝึกหนักเป็นเท่าตัว แต่ก็ยังไม่ได้ครึ่งของเขาเลยขอรับ,,,PENDING_MANUAL_GENERATION,,triangle-strategy
182,MS03_X03_B0_1010_M_SEL_0050.wav,MS03_X03_B0_1010_M_SEL_0050,188,188,188,189,เซเรโนอา,main,male,serenoa,assets/triangle-strategy/approved_voice_references/serenoa.wav,ข้าเชื่อว่ามันเป็นพันธไมตรีอันสำคัญ ที่ทำให้อาณาจักรสามสามัคคีปรองดองกันขอรับ,,,PENDING_MANUAL_GENERATION,,triangle-strategy
183,MS03_X03_B0_1010_M_SEL_0060.wav,MS03_X03_B0_1010_M_SEL_0060,189,189,189,190,เซเรโนอา,main,male,serenoa,assets/triangle-strategy/approved_voice_references/serenoa.wav,แล้วท่านปรารถนาสิ่งใดขอรับ?,,,PENDING_MANUAL_GENERATION,,triangle-strategy
184,MS03_X03_B0_1010_M_SEL_0070.wav,MS03_X03_B0_1010_M_SEL_0070,190,190,190,191,เซเรโนอา,main,male,serenoa,assets/triangle-strategy/approved_voice_references/serenoa.wav,มันคือกิจการอันเฟื่องฟูที่ส่งผลประโยชน์ต่ออาณาจักรทั้งสามอย่างเท่าเทียมกันขอรับ,,,PENDING_MANUAL_GENERATION,,triangle-strategy
185,MS03_X03_B0_1010_M_SEL_0080.wav,MS03_X03_B0_1010_M_SEL_0080,191,191,191,192,เซเรโนอา,main,male,serenoa,assets/triangle-strategy/approved_voice_references/serenoa.wav,ท่านไม่เชื่อแบบนั้นเหรอขอรับ?,,,PENDING_MANUAL_GENERATION,,triangle-strategy
186,MS03_X03_B0_1010_M_SEL_0090.wav,MS03_X03_B0_1010_M_SEL_0090,192,192,192,193,เซเรโนอา,main,male,serenoa,assets/triangle-strategy/approved_voice_references/serenoa.wav,ข้าเกรงว่าวิสัยทัศน์ของพวกเราจะไม่ตรงกัน และความสัมพันธ์อันเปราะบางนี้จะพังทลายขอรับ,,,PENDING_MANUAL_GENERATION,,triangle-strategy
187,MS03_X03_B0_1010_M_SEL_0100.wav,MS03_X03_B0_1010_M_SEL_0100,193,193,193,194,เซเรโนอา,main,male,serenoa,assets/triangle-strategy/approved_voice_references/serenoa.wav,ขะ-ขอรับนายท่าน มันก็ไม่ใช่ว่าสนธิสัญญาครั้งนี้จะล้มไม่เป็นท่า,,,PENDING_MANUAL_GENERATION,,triangle-strategy
188,MS03_X03_B0_1010_M_SEL_0110.wav,MS03_X03_B0_1010_M_SEL_0110,194,194,194,195,เซเรโนอา,main,male,serenoa,assets/triangle-strategy/approved_voice_references/serenoa.wav,แต่พวกเราต้องยอมรับความแตกต่าง และใช้มันเพื่อผลักดันทุกคนไปข้างหน้าขอรับ,,,PENDING_MANUAL_GENERATION,,triangle-strategy
189,MS03_X03_B0_1020_F_ERK_0010.wav,MS03_X03_B0_1020_F_ERK_0010,195,195,195,196,เอริก้า,npc,female,erika,assets/triangle-strategy/approved_voice_references/erika.wav,ท่านพี่เจ้าคะ อยากจะทำอะไรกับธาลาสก็เชิญ แต่ระวังดราแกนกับสวาร็อคหน่อยก็ดี,,,PENDING_MANUAL_GENERATION,,triangle-strategy
190,MS03_X03_B0_1020_F_ERK_0020.wav,MS03_X03_B0_1020_F_ERK_0020,196,196,196,197,เอริก้า,npc,female,erika,assets/triangle-strategy/approved_voice_references/erika.wav,ข้าคิดว่าพวกเขาต้องการ...ชิงตำแหน่งที่สูงกว่า,,,PENDING_MANUAL_GENERATION,,triangle-strategy
191,MS03_X03_B0_1020_M_GST_0010.wav,MS03_X03_B0_1020_M_GST_0010,197,197,197,198,กุสตาดอล์ฟ,npc,male,gustadolph,,...ธาลาส ดราแกนเป็นไงบ้าง?,,,BLOCKED_PENDING_REFERENCE_AUDIO,,triangle-strategy
192,MS03_X03_B0_1020_M_GST_0020.wav,MS03_X03_B0_1020_M_GST_0020,198,198,198,199,กุสตาดอล์ฟ,npc,male,gustadolph,,เขาก็ประสบความสำเร็จอยู่เหมือนกันนะ ข้าคงดูถูกเขาเกินไปหน่อย,,,BLOCKED_PENDING_REFERENCE_AUDIO,,triangle-strategy
193,MS03_X03_B0_1020_M_GST_0030.wav,MS03_X03_B0_1020_M_GST_0030,199,199,199,200,กุสตาดอล์ฟ,npc,male,gustadolph,,ธาลาส พวกเราไม่ใช่เกลนบรู๊คหรือไฮแซนต์นะ ที่นี่เอสฟรอสต์ พวกเราตัดสินคนจากการกระทำ ไม่ใช่สายเลือด,,,BLOCKED_PENDING_REFERENCE_AUDIO,,triangle-strategy
194,MS03_X03_B0_1020_M_GST_0040.wav,MS03_X03_B0_1020_M_GST_0040,200,200,200,201,กุสตาดอล์ฟ,npc,male,gustadolph,,ข้ามอบโอกาสให้เจ้าต่างหากล่ะน้องข้า อย่าเข้าใจผิดไป,,,BLOCKED_PENDING_REFERENCE_AUDIO,,triangle-strategy
195,MS03_X03_B0_1020_M_GST_0050.wav,MS03_X03_B0_1020_M_GST_0050,201,201,201,202,กุสตาดอล์ฟ,npc,male,gustadolph,,หากเจ้าไม่อยากหลุดจากตำแหน่ง ก็ช่วยพิสูจน์ให้เห็นด้วยว่าคู่ควรกับมัน,,,BLOCKED_PENDING_REFERENCE_AUDIO,,triangle-strategy
196,MS03_X03_B0_1020_M_GST_0060.wav,MS03_X03_B0_1020_M_GST_0060,202,202,202,203,กุสตาดอล์ฟ,npc,male,gustadolph,,ถ้าคิดว่าโค่นข้าได้ก็ลองดู,,,BLOCKED_PENDING_REFERENCE_AUDIO,,triangle-strategy
197,MS03_X03_B0_1020_M_GST_0070.wav,MS03_X03_B0_1020_M_GST_0070,203,203,203,204,กุสตาดอล์ฟ,npc,male,gustadolph,,ข้าจะรอโอกาสบดขยี้พวกมัน,,,BLOCKED_PENDING_REFERENCE_AUDIO,,triangle-strategy
198,MS03_X03_B0_1020_M_TRS_0010.wav,MS03_X03_B0_1020_M_TRS_0010,204,204,204,205,ธาลาส,npc,male,thalas,assets/triangle-strategy/approved_voice_references/thalas.wav,ขี้โม้โอ้อวดเหมือนเดิมขอรับท่านพี่,,,PENDING_MANUAL_GENERATION,,triangle-strategy
199,MS03_X03_B0_1020_M_TRS_0020.wav,MS03_X03_B0_1020_M_TRS_0020,205,205,205,206,ธาลาส,npc,male,thalas,assets/triangle-strategy/approved_voice_references/thalas.wav,เขาตื่นเต้นมากที่การสนับสนุนของเขาในกิจการเหมืองแร่เป็นที่ยอมรับ,,,PENDING_MANUAL_GENERATION,,triangle-strategy
200,MS03_X03_B0_1020_M_TRS_0030.wav,MS03_X03_B0_1020_M_TRS_0030,206,206,206,207,ธาลาส,npc,male,thalas,assets/triangle-strategy/approved_voice_references/thalas.wav,จะไปสนมันทำไมล่ะท่านพี่? มันเป็นลูกสวาร็อค ไอ้เด็กเลือดผสม,,,PENDING_MANUAL_GENERATION,,triangle-strategy
201,MS03_X03_B0_1020_M_TRS_0040.wav,MS03_X03_B0_1020_M_TRS_0040,207,207,207,208,ธาลาส,npc,male,thalas,assets/triangle-strategy/approved_voice_references/thalas.wav,แต่ท่านพี่ก็แต่งตั้งให้ข้าเป็นนายกรัฐมนตรีไม่ใช่เหรอ?,,,PENDING_MANUAL_GENERATION,,triangle-strategy
202,MS03_X03_B0_1020_M_TRS_0050.wav,MS03_X03_B0_1020_M_TRS_0050,208,208,208,209,ธาลาส,npc,male,thalas,assets/triangle-strategy/approved_voice_references/thalas.wav,เข้าใจแล้วขอรับ,,,PENDING_MANUAL_GENERATION,,triangle-strategy
203,MS03_X03_B0_2010_F_FRE_0010.wav,MS03_X03_B0_2010_F_FRE_0010,209,209,209,210,เฟรเดอริก้า,main,female,frederica,assets/triangle-strategy/approved_voice_references/frederica.wav,ตอนที่คัดคนเข้า ท่านพี่ไม่สนเพศ ภูมิหลัง หรือสถานะทางสังคมหรอก,,,PENDING_MANUAL_GENERATION,,triangle-strategy
204,MS03_X03_B0_2010_F_FRE_0020.wav,MS03_X03_B0_2010_F_FRE_0020,210,210,210,211,เฟรเดอริก้า,main,female,frederica,assets/triangle-strategy/approved_voice_references/frederica.wav,ชาวเอสฟรอสต์ทุกคนได้รับโอกาสเท่าเทียม ขอแค่พวกเขาแสดงความต้องการหรือความถนัดของตนออกมา,,,PENDING_MANUAL_GENERATION,,triangle-strategy
205,MS03_X03_B0_2010_F_FRE_0030.wav,MS03_X03_B0_2010_F_FRE_0030,211,211,211,212,เฟรเดอริก้า,main,female,frederica,assets/triangle-strategy/approved_voice_references/frederica.wav,ถูกแล้วล่ะ...,,,PENDING_MANUAL_GENERATION,,triangle-strategy
206,MS03_X03_B0_2010_F_HEW_0010.wav,MS03_X03_B0_2010_F_HEW_0010,212,212,212,213,ฮิวเอทท์,main,female,hughette,assets/triangle-strategy/approved_voice_references/hughette.wav,ไม่คิดว่าจะมีคนอยู่ในสถานที่สำคัญเยอะขนาดนี้นะเนี่ย,,,PENDING_MANUAL_GENERATION,,triangle-strategy
207,MS03_X03_B0_2010_F_HEW_0020.wav,MS03_X03_B0_2010_F_HEW_0020,213,213,213,214,ฮิวเอทท์,main,female,hughette,assets/triangle-strategy/approved_voice_references/hughette.wav,นักวิชาการเหรอ? ทั้งหมดเลยเนี่ยนะ?,,,PENDING_MANUAL_GENERATION,,triangle-strategy
208,MS03_X03_B0_2010_F_YRA_0010.wav,MS03_X03_B0_2010_F_YRA_0010,214,214,214,215,จีล่า,main,female,geela,assets/triangle-strategy/approved_voice_references/geela.wav,ทุกคนคือนักวิชาการผู้ทำงานวิจัยสำคัญในขอบเขตที่ตนถนัดจ้ะ,,,PENDING_MANUAL_GENERATION,,triangle-strategy
209,MS03_X03_B0_2010_F_YRA_0020.wav,MS03_X03_B0_2010_F_YRA_0020,215,215,215,216,จีล่า,main,female,geela,assets/triangle-strategy/approved_voice_references/geela.wav,ใช่แล้วล่ะ พวกเราให้ค่ากับความสามารถเหนือสิ่งอื่นใด ตราบใดที่การวิจัยยังเห็นผล พวกเขาก็มีอิสระในการศึกษาต่อ,,,PENDING_MANUAL_GENERATION,,triangle-strategy
210,MS03_X03_B0_2010_M_BND_0010.wav,MS03_X03_B0_2010_M_BND_0010,216,216,216,217,เบเนดิกต์,main,male,benedict,assets/triangle-strategy/approved_voice_references/benedict.wav,เพราะงี้นี่เอง เอสฟรอสต์ถึงอยู่จุดสูงสุดในด้านวิศวกรรม,,,PENDING_MANUAL_GENERATION,,triangle-strategy
211,MS03_X03_B0_2010_M_BND_0020.wav,MS03_X03_B0_2010_M_BND_0020,217,217,217,218,เบเนดิกต์,main,male,benedict,assets/triangle-strategy/approved_voice_references/benedict.wav,ลอร์ดเซเรโนอา เรื่องของเกลือมันอันตรายนะขอรับ ข้าไม่แนะนำให้ท่านเผชิญหน้าพวกเขาโดยขาดกลยุทธ์,,,PENDING_MANUAL_GENERATION,,triangle-strategy
212,MS03_X03_B0_2010_M_ELA_0010.wav,MS03_X03_B0_2010_M_ELA_0010,218,218,218,219,เอราดอร์,main,male,erador,assets/triangle-strategy/approved_voice_references/erador.wav,เรื่องง่ายๆแค่นี้เอง! แค่ให้อาชญากรลิ้มรสความยุติธรรมสินะ? ข้าเอาด้วยขอรับ!,,,PENDING_MANUAL_GENERATION,,triangle-strategy
213,MS03_X03_B0_2010_M_GST_0010.wav,MS03_X03_B0_2010_M_GST_0010,219,219,219,220,กุสตาดอล์ฟ,npc,male,gustadolph,,ที่นี่มีความรู้ของนอร์เซเลียทั้งหมด รวมถึงหนังสือที่คิดว่าสาบสูญและต้องห้ามจากชาติอื่นด้วย,,,BLOCKED_PENDING_REFERENCE_AUDIO,,triangle-strategy
214,MS03_X03_B0_2010_M_GST_0020.wav,MS03_X03_B0_2010_M_GST_0020,220,220,220,221,กุสตาดอล์ฟ,npc,male,gustadolph,,ชั้นหนังสือส่วนนี้คือตำราโลหะวิทยา กับหนังสือประวัติศาสตร์เหล็กแห่งอาณาจักรของเรา,,,BLOCKED_PENDING_REFERENCE_AUDIO,,triangle-strategy
215,MS03_X03_B0_2010_M_GST_0030.wav,MS03_X03_B0_2010_M_GST_0030,221,221,221,222,กุสตาดอล์ฟ,npc,male,gustadolph,,แต่ก่อนบรรพบุรุษของเรานั้นเป็นเพียงนักล่าผู้ยากไร้ จนกระทั่งชายคนหนึ่งผู้เป็นอาร์ชดยุกในภายหลัง ได้ค้นพบแร่เหล็ก,,,BLOCKED_PENDING_REFERENCE_AUDIO,,triangle-strategy
216,MS03_X03_B0_2010_M_GST_0040.wav,MS03_X03_B0_2010_M_GST_0040,222,222,222,223,กุสตาดอล์ฟ,npc,male,gustadolph,,แร่นั้นเปลี่ยนชีวิตเรา มันเปลี่ยนวิถีชีวิต การทำงาน ทำนา ก่อสร้าง รวมถึงการต่อสู้,,,BLOCKED_PENDING_REFERENCE_AUDIO,,triangle-strategy
217,MS03_X03_B0_2010_M_GST_0050.wav,MS03_X03_B0_2010_M_GST_0050,223,223,223,224,กุสตาดอล์ฟ,npc,male,gustadolph,,ประวัติศาสตร์เหล็ก ก็คือประวัติศาสตร์ของเอสฟรอสต์ มันคือความภาคภูมิและความสุข และเป็นเครื่องจักรที่ขับเคลื่อนพวกเรา,,,BLOCKED_PENDING_REFERENCE_AUDIO,,triangle-strategy
218,MS03_X03_B0_2010_M_GST_0060.wav,MS03_X03_B0_2010_M_GST_0060,224,224,224,225,กุสตาดอล์ฟ,npc,male,gustadolph,,อะฮะฮ่า! ถูกแล้วล่ะ องค์ชายโรแลนด์,,,BLOCKED_PENDING_REFERENCE_AUDIO,,triangle-strategy
219,MS03_X03_B0_2010_M_GST_0070.wav,MS03_X03_B0_2010_M_GST_0070,225,225,225,226,กุสตาดอล์ฟ,npc,male,gustadolph,,จะเอากำลังเสริมเหรอ จัดไป,,,BLOCKED_PENDING_REFERENCE_AUDIO,,triangle-strategy
220,MS03_X03_B0_2010_M_GST_0080.wav,MS03_X03_B0_2010_M_GST_0080,226,226,226,227,กุสตาดอล์ฟ,npc,male,gustadolph,,...ซึ่งข้าไม่เปลี่ยนใจหรอกนะ ไม่ต้องพูดถึงมันแล้ว,,,BLOCKED_PENDING_REFERENCE_AUDIO,,triangle-strategy
221,MS03_X03_B0_2010_M_GST_0090.wav,MS03_X03_B0_2010_M_GST_0090,227,227,227,228,กุสตาดอล์ฟ,npc,male,gustadolph,,แขกผู้มีเกียรติทั้งหลาย ข้าอยากจะปรึกษาปัญหาใหญ่หลวงกับพวกท่าน,,,BLOCKED_PENDING_REFERENCE_AUDIO,,triangle-strategy
222,MS03_X03_B0_2010_M_GST_0100.wav,MS03_X03_B0_2010_M_GST_0100,228,228,228,229,กุสตาดอล์ฟ,npc,male,gustadolph,,นี่คือซิคราส ผู้บัญชาการกรมอัศวินเอสฟรอสต์,,,BLOCKED_PENDING_REFERENCE_AUDIO,,triangle-strategy
223,MS03_X03_B0_2010_M_GST_0110.wav,MS03_X03_B0_2010_M_GST_0110,229,229,229,230,กุสตาดอล์ฟ,npc,male,gustadolph,,มีการลอบค้าเกลือที่ชายแดนของเราน่ะ,,,BLOCKED_PENDING_REFERENCE_AUDIO,,triangle-strategy
224,MS03_X03_B0_2010_M_GST_0120.wav,MS03_X03_B0_2010_M_GST_0120,230,230,230,231,กุสตาดอล์ฟ,npc,male,gustadolph,,ตอนนี้เรามีกำลังพลไม่พอ เลยอยากจะขอให้เจ้าช่วยไปจับพวกท้ากฎหมายสักหน่อยได้ไหม?,,,BLOCKED_PENDING_REFERENCE_AUDIO,,triangle-strategy
225,MS03_X03_B0_2010_M_GST_0130.wav,MS03_X03_B0_2010_M_GST_0130,231,231,231,232,กุสตาดอล์ฟ,npc,male,gustadolph,,ข้าเข้าใจว่ามันเป็นปัญหาที่ซับซ้อน ซึ่งข้าไม่ได้บังคับพวกเจ้านะ,,,BLOCKED_PENDING_REFERENCE_AUDIO,,triangle-strategy
226,MS03_X03_B0_2010_M_GST_0140.wav,MS03_X03_B0_2010_M_GST_0140,232,232,232,233,กุสตาดอล์ฟ,npc,male,gustadolph,,ขอบคุณพวกเจ้าจริงๆนะ ซิคราส อธิบายสถานการณ์คร่าวๆให้พวกเขาฟังหน่อยสิ,,,BLOCKED_PENDING_REFERENCE_AUDIO,,triangle-strategy
227,MS03_X03_B0_2010_M_RLN_0010.wav,MS03_X03_B0_2010_M_RLN_0010,233,233,233,234,โรแลนด์,main,male,roland,assets/triangle-strategy/approved_voice_references/roland.wav,ตำราเยอะจนน่าตกใจจริงๆ...,,,PENDING_MANUAL_GENERATION,,triangle-strategy
228,MS03_X03_B0_2010_M_RLN_0020.wav,MS03_X03_B0_2010_M_RLN_0020,234,234,234,235,โรแลนด์,main,male,roland,assets/triangle-strategy/approved_voice_references/roland.wav,เป็นวิธีการที่เปิดกว้างเสียจริง,,,PENDING_MANUAL_GENERATION,,triangle-strategy
229,MS03_X03_B0_2010_M_RLN_0030.wav,MS03_X03_B0_2010_M_RLN_0030,235,235,235,236,โรแลนด์,main,male,roland,assets/triangle-strategy/approved_voice_references/roland.wav,พ่อของข้าเคยเล่าให้ฟังว่าเอสฟรอสต์กำเนิดขึ้นจากเหล็ก ทั้งประชาชนกับอาวุธของพวกเขาจึงไม่บิดเบี้ยวโค้งงอแม้แต่น้อย,,,PENDING_MANUAL_GENERATION,,triangle-strategy
230,MS03_X03_B0_2010_M_RLN_0040.wav,MS03_X03_B0_2010_M_RLN_0040,236,236,236,237,โรแลนด์,main,male,roland,assets/triangle-strategy/approved_voice_references/roland.wav,เกิดอะไรขึ้นขอรับ?,,,PENDING_MANUAL_GENERATION,,triangle-strategy
231,MS03_X03_B0_2010_M_RLN_0050.wav,MS03_X03_B0_2010_M_RLN_0050,237,237,237,238,โรแลนด์,main,male,roland,assets/triangle-strategy/approved_voice_references/roland.wav,ข้าเห็นด้วย ถือเป็นการขอบคุณที่ท่านอาร์ชดยุกพาเราชมหอสมุดยังไงล่ะ,,,PENDING_MANUAL_GENERATION,,triangle-strategy
232,MS03_X03_B0_2010_M_SEC_0010.wav,MS03_X03_B0_2010_M_SEC_0010,238,238,238,239,ซิคราส,npc,male,sycras,,ท่านอาร์ชดยุกขอรับ!,,,BLOCKED_PENDING_REFERENCE_AUDIO,,triangle-strategy
233,MS03_X03_B0_2010_M_SEC_0020.wav,MS03_X03_B0_2010_M_SEC_0020,239,239,239,240,ซิคราส,npc,male,sycras,,ขออภัยที่ขัดจังหวะ แต่ข้ามีข่าวร้ายในเรื่องนั้นมาแจ้งให้ทราบขอรับ,,,BLOCKED_PENDING_REFERENCE_AUDIO,,triangle-strategy
234,MS03_X03_B0_2010_M_SEC_0030.wav,MS03_X03_B0_2010_M_SEC_0030,240,240,240,241,ซิคราส,npc,male,sycras,,แล้วก็ยังมีเรื่องของการอภั-,,,BLOCKED_PENDING_REFERENCE_AUDIO,,triangle-strategy
235,MS03_X03_B0_2010_M_SEC_0040.wav,MS03_X03_B0_2010_M_SEC_0040,241,241,241,242,ซิคราส,npc,male,sycras,,...เข้าใจแล้วขอรับ,,,BLOCKED_PENDING_REFERENCE_AUDIO,,triangle-strategy
236,MS03_X03_B0_2010_M_SEC_0050.wav,MS03_X03_B0_2010_M_SEC_0050,242,242,242,243,ซิคราส,npc,male,sycras,,ขอรับนายท่าน ตามข้ามาเลย ข้าจะพาพวกท่านไปยังกองทหารรักษาการณ์,,,BLOCKED_PENDING_REFERENCE_AUDIO,,triangle-strategy
237,MS03_X03_B0_2010_M_SEL_0010.wav,MS03_X03_B0_2010_M_SEL_0010,243,243,243,244,เซเรโนอา,main,male,serenoa,assets/triangle-strategy/approved_voice_references/serenoa.wav,แหม แน่นอนสิขอรั-,,,PENDING_MANUAL_GENERATION,,triangle-strategy
238,MS03_X03_B0_2010_M_SEL_0030.wav,MS03_X03_B0_2010_M_SEL_0030,245,245,245,246,เซเรโนอา,main,male,serenoa,assets/triangle-strategy/approved_voice_references/serenoa.wav,ถ้างั้นก็ตามนี้ พวกเราจะช่วยท่านขอรับ,,,PENDING_MANUAL_GENERATION,,triangle-strategy
239,MS03_X03_B0_2020_M_M206_0010.wav,MS03_X03_B0_2020_M_M206_0010,246,246,246,247,พ่อค้าตลาดมืด,generic,male,MALE_ADULT_B,assets/triangle-strategy/approved_voice_references/MALE_ADULT_B.wav,มาผิดที่แล้ว ไสหัวไป!,,,PENDING_MANUAL_GENERATION,,triangle-strategy
240,MS03_X03_B0_2020_M_M206_0020.wav,MS03_X03_B0_2020_M_M206_0020,247,247,247,248,พ่อค้าตลาดมืด,generic,male,MALE_ADULT_B,assets/triangle-strategy/approved_voice_references/MALE_ADULT_B.wav,...เจ้าต้องการเท่าไร?,,,PENDING_MANUAL_GENERATION,,triangle-strategy
241,MS03_X03_B0_2020_M_M206_0030.wav,MS03_X03_B0_2020_M_M206_0030,248,248,248,249,พ่อค้าตลาดมืด,generic,male,MALE_ADULT_B,assets/triangle-strategy/approved_voice_references/MALE_ADULT_B.wav,ข้าจำหน้าเจ้าได้นะ อย่าคิดจะทำอะไรโง่ๆเชียว,,,PENDING_MANUAL_GENERATION,,triangle-strategy
242,MS03_X03_B0_2020_M_M207_0010.wav,MS03_X03_B0_2020_M_M207_0010,249,249,249,250,พ่อค้าตลาดมืด,generic,male,MALE_ADULT_C,assets/triangle-strategy/approved_voice_references/MALE_ADULT_C.wav,ตอนนี้ยังไม่มีของมาขาย คืนนี้เจ้าค่อยกลับมาพร้อมเงินสด ตามสัญลักษณ์บนแผนที่เลย,,,PENDING_MANUAL_GENERATION,,triangle-strategy
243,MS03_X03_B0_2020_M_RDL_0010.wav,MS03_X03_B0_2020_M_RDL_0010,250,250,250,251,รูดอล์ฟ,main,male,rudolph,,ขออภัยขอรับ ได้ยินมาว่าเกลือที่นี่ขายถูกใช่ไหม แบบ...,,,BLOCKED_PENDING_REFERENCE_AUDIO,,triangle-strategy
244,MS03_X03_B0_2020_M_RDL_0020.wav,MS03_X03_B0_2020_M_RDL_0020,251,251,251,252,รูดอล์ฟ,main,male,rudolph,,ข้าไม่ได้มาถามเรื่องสุขภาพซะหน่อย อันนี้เงินมัดจำขอรับ,,,BLOCKED_PENDING_REFERENCE_AUDIO,,triangle-strategy
245,MS03_X03_B0_2020_M_RDL_0030.wav,MS03_X03_B0_2020_M_RDL_0030,252,252,252,253,รูดอล์ฟ,main,male,rudolph,,เท่าที่ท่านมีเลย จะให้จ่ายสิบเท่าก็ยังไหว,,,BLOCKED_PENDING_REFERENCE_AUDIO,,triangle-strategy
246,MS03_X03_B0_2020_M_RDL_0040.wav,MS03_X03_B0_2020_M_RDL_0040,253,253,253,254,รูดอล์ฟ,main,male,rudolph,,รับปากขอรับ,,,BLOCKED_PENDING_REFERENCE_AUDIO,,triangle-strategy
247,MS03_X03_B0_2020_M_RDL_0050.wav,MS03_X03_B0_2020_M_RDL_0050,254,254,254,255,รูดอล์ฟ,main,male,rudolph,,ดูเหมือนกับสัญลักษณ์ในแผนที่เลย ตรงนั้นน่ะ,,,BLOCKED_PENDING_REFERENCE_AUDIO,,triangle-strategy
248,MS03_X03_B0_2020_M_RDL_0055.wav,MS03_X03_B0_2020_M_RDL_0055,255,255,255,256,รูดอล์ฟ,main,male,rudolph,,เอาล่ะซิคราส ข้าไปสืบหาตำแหน่งให้ท่านแล้วนะ พวกเขาลอบค้ากันที่นี่,,,BLOCKED_PENDING_REFERENCE_AUDIO,,triangle-strategy
249,MS03_X03_B0_2020_M_RDL_0060.wav,MS03_X03_B0_2020_M_RDL_0060,256,256,256,257,รูดอล์ฟ,main,male,rudolph,,แสดงว่าข้าพ้นความผิดแล้วสิ? ข้าจะได้รับการอภัยโทษใช่ไหมขอรับ?,,,BLOCKED_PENDING_REFERENCE_AUDIO,,triangle-strategy
250,MS03_X03_B0_2020_M_RDL_0070.wav,MS03_X03_B0_2020_M_RDL_0070,257,257,257,258,รูดอล์ฟ,main,male,rudolph,,ให้ข้าไปเสี่ยงชีวิตแลกกับการอภัยโทษเหรอ!? ท่านบ้าไปแล้ว!,,,BLOCKED_PENDING_REFERENCE_AUDIO,,triangle-strategy
251,MS03_X03_B0_2020_M_RDL_0080.wav,MS03_X03_B0_2020_M_RDL_0080,258,258,258,259,รูดอล์ฟ,main,male,rudolph,,ก็ได้ ข้าจะช่วยท่านเอง,,,BLOCKED_PENDING_REFERENCE_AUDIO,,triangle-strategy
252,MS03_X03_B0_2020_M_RDL_0090.wav,MS03_X03_B0_2020_M_RDL_0090,259,259,259,260,รูดอล์ฟ,main,male,rudolph,,ยังจะมาประจบอะไรของท่านอีกเนี่ย,,,BLOCKED_PENDING_REFERENCE_AUDIO,,triangle-strategy
253,MS03_X03_B0_2020_M_RDL_0100.wav,MS03_X03_B0_2020_M_RDL_0100,260,260,260,261,รูดอล์ฟ,main,male,rudolph,,ท่านก็เห็นพวกเขาแล้วใช่ไหม? พวกเขาอยู่กันเป็นหมู่คณะ,,,BLOCKED_PENDING_REFERENCE_AUDIO,,triangle-strategy
254,MS03_X03_B0_2020_M_RDL_0110.wav,MS03_X03_B0_2020_M_RDL_0110,261,261,261,262,รูดอล์ฟ,main,male,rudolph,,ส่วนปฏิบัติการไล่ล่าของท่าน ทำคนเดียวไม่ไหวหรอก ล่าสุดข้าเห็นมีพวกเราแค่สองคนเองนี่,,,BLOCKED_PENDING_REFERENCE_AUDIO,,triangle-strategy
255,MS03_X03_B0_2020_M_SEC_0010.wav,MS03_X03_B0_2020_M_SEC_0010,262,262,262,263,ซิคราส,npc,male,sycras,,กะไว้แล้วว่าต้องฝากถูกคน ทำดีมากรูดอล์ฟ,,,BLOCKED_PENDING_REFERENCE_AUDIO,,triangle-strategy
256,MS03_X03_B0_2020_M_SEC_0020.wav,MS03_X03_B0_2020_M_SEC_0020,263,263,263,264,ซิคราส,npc,male,sycras,,ก็ตามที่ข้ารับปากไว้นั่นแหละ จะว่าไป กำลังพลของเราจะขาดแคลนในช่วงเย็น,,,BLOCKED_PENDING_REFERENCE_AUDIO,,triangle-strategy
257,MS03_X03_B0_2020_M_SEC_0030.wav,MS03_X03_B0_2020_M_SEC_0030,264,264,264,265,ซิคราส,npc,male,sycras,,พวกเราต้องให้เจ้าช่วยตามจับพวกเขาเหมือนกัน,,,BLOCKED_PENDING_REFERENCE_AUDIO,,triangle-strategy
258,MS03_X03_B0_2020_M_SEC_0040.wav,MS03_X03_B0_2020_M_SEC_0040,265,265,265,266,ซิคราส,npc,male,sycras,,ก็เราต้องการตัวเจ้าจริงๆนี่! ไอ้ชั่วพวกนี้มันหลอกคนจนเชียวนะ มันขายเกลือผสมอะไรก็ไม่รู้ให้พวกเขากิน!,,,BLOCKED_PENDING_REFERENCE_AUDIO,,triangle-strategy
259,MS03_X03_B0_2020_M_SEC_0050.wav,MS03_X03_B0_2020_M_SEC_0050,266,266,266,267,ซิคราส,npc,male,sycras,,แบบนี้มันต้องโยนเข้าคุกให้หมด,,,BLOCKED_PENDING_REFERENCE_AUDIO,,triangle-strategy
260,MS03_X03_B0_2020_M_SEC_0060.wav,MS03_X03_B0_2020_M_SEC_0060,267,267,267,268,ซิคราส,npc,male,sycras,,ได้ยินแล้วชื่นใจจริงๆ คนดีอย่างเจ้าไม่ควรถูกตราหน้าเป็นอาชญากรเลย,,,BLOCKED_PENDING_REFERENCE_AUDIO,,triangle-strategy
261,MS03_X03_B0_2020_M_SEC_0070.wav,MS03_X03_B0_2020_M_SEC_0070,268,268,268,269,ซิคราส,npc,male,sycras,,งั้นเรียกกำลังเสริมก็ได้,,,BLOCKED_PENDING_REFERENCE_AUDIO,,triangle-strategy
262,MS03_X03_B0_2030_F_FRE_0010.wav,MS03_X03_B0_2030_F_FRE_0010,269,269,269,270,เฟรเดอริก้า,main,female,frederica,assets/triangle-strategy/approved_voice_references/frederica.wav,ข้าเปล่านะ แต่ข้าซื้อของฝากกลับบ้านมาชิ้นสองชิ้นด้วยล่ะ,,,PENDING_MANUAL_GENERATION,,triangle-strategy
263,MS03_X03_B0_2030_F_FRE_0020.wav,MS03_X03_B0_2030_F_FRE_0020,270,270,270,271,เฟรเดอริก้า,main,female,frederica,assets/triangle-strategy/approved_voice_references/frederica.wav,ใช่แล้วล่ะ พิธีสมรสของข้าใกล้เข้ามาทุกที เอาจริงๆก็แอบกังวลนิดหน่อยนะเนี่ย,,,PENDING_MANUAL_GENERATION,,triangle-strategy
264,MS03_X03_B0_2030_F_YRA_0010.wav,MS03_X03_B0_2030_F_YRA_0010,271,271,271,272,จีล่า,main,female,geela,assets/triangle-strategy/approved_voice_references/geela.wav,ตายแล้ว...จริงเหรอเจ้าคะ?,,,PENDING_MANUAL_GENERATION,,triangle-strategy
265,MS03_X03_B0_2030_F_YRA_0015.wav,MS03_X03_B0_2030_F_YRA_0015,272,272,272,273,จีล่า,main,female,geela,assets/triangle-strategy/approved_voice_references/geela.wav,แล้วท่านล่ะ รู้สึกยังไงบ้าง ลอร์ดเซเรโนอา?,,,PENDING_MANUAL_GENERATION,,triangle-strategy
266,MS03_X03_B0_2030_M_BND_0010.wav,MS03_X03_B0_2030_M_BND_0010,273,273,273,274,เบเนดิกต์,main,male,benedict,assets/triangle-strategy/approved_voice_references/benedict.wav,เอ่อ ขอรับ ใช่แล้ว,,,PENDING_MANUAL_GENERATION,,triangle-strategy
267,MS03_X03_B0_2030_M_BND_0020.wav,MS03_X03_B0_2030_M_BND_0020,274,274,274,275,เบเนดิกต์,main,male,benedict,assets/triangle-strategy/approved_voice_references/benedict.wav,ไม่เกี่ยวกับพิธีสมรสขอรับ วางใจได้เลย,,,PENDING_MANUAL_GENERATION,,triangle-strategy
268,MS03_X03_B0_2030_M_BND_0030.wav,MS03_X03_B0_2030_M_BND_0030,275,275,275,276,เบเนดิกต์,main,male,benedict,assets/triangle-strategy/approved_voice_references/benedict.wav,การเดินทางครั้งนี้พิสูจน์ให้เห็นแล้วว่า เกลือนั้นยังคงเป็นปัญหาที่ซับซ้อนในแผ่นดินของเรา,,,PENDING_MANUAL_GENERATION,,triangle-strategy
269,MS03_X03_B0_2030_M_BND_0040.wav,MS03_X03_B0_2030_M_BND_0040,276,276,276,277,เบเนดิกต์,main,male,benedict,assets/triangle-strategy/approved_voice_references/benedict.wav,เป็นหน้าที่ที่ต้องคอยระมัดระวังอยู่เสมอขอรับ...,,,PENDING_MANUAL_GENERATION,,triangle-strategy
270,MS03_X03_B0_2030_M_ELA_0010.wav,MS03_X03_B0_2030_M_ELA_0010,277,277,277,278,เอราดอร์,main,male,erador,assets/triangle-strategy/approved_voice_references/erador.wav,ไม่มีใครลืมของใช่ไหม?,,,PENDING_MANUAL_GENERATION,,triangle-strategy
271,MS03_X03_B0_2030_M_ELA_0020.wav,MS03_X03_B0_2030_M_ELA_0020,278,278,278,279,เอราดอร์,main,male,erador,assets/triangle-strategy/approved_voice_references/erador.wav,ดีแล้วท่าน แต่ถึงบ้านเมื่อไหร่ ต้องเตรียมงานสมรสแล้วนะ!,,,PENDING_MANUAL_GENERATION,,triangle-strategy
272,MS03_X03_B0_2030_M_RDL_0010.wav,MS03_X03_B0_2030_M_RDL_0010,279,279,279,280,รูดอล์ฟ,main,male,rudolph,,ทำตัวเหมือนข้าเป็นเด็กไปได้ เอาให้สุดจริงๆ...,,,BLOCKED_PENDING_REFERENCE_AUDIO,,triangle-strategy
273,MS03_X03_B0_2030_M_RDL_0020.wav,MS03_X03_B0_2030_M_RDL_0020,280,280,280,281,รูดอล์ฟ,main,male,rudolph,,แต่ท่านก็ดูแลตัวเองด้วยนะ ซิคราส,,,BLOCKED_PENDING_REFERENCE_AUDIO,,triangle-strategy
274,MS03_X03_B0_2030_M_RLN_0010.wav,MS03_X03_B0_2030_M_RLN_0010,281,281,281,282,โรแลนด์,main,male,roland,assets/triangle-strategy/approved_voice_references/roland.wav,ฮ่าๆๆ! ก็สมควรอยู่หรอก! นานๆทีได้ฉลองแบบนี้สักครั้งเชียวนะ!,,,PENDING_MANUAL_GENERATION,,triangle-strategy
275,MS03_X03_B0_2030_M_RLN_0020.wav,MS03_X03_B0_2030_M_RLN_0020,282,282,282,283,โรแลนด์,main,male,roland,assets/triangle-strategy/approved_voice_references/roland.wav,ใช่มั้ยล่ะ เบเนดิกต์?,,,PENDING_MANUAL_GENERATION,,triangle-strategy
276,MS03_X03_B0_2030_M_RLN_0030.wav,MS03_X03_B0_2030_M_RLN_0030,283,283,283,284,โรแลนด์,main,male,roland,assets/triangle-strategy/approved_voice_references/roland.wav,ถึงยังไง พวกเราก็ยังคงก้าวเดินต่อไปในสันติ สนธิสัญญาเหมืองแร่ก็ชี้ชัดแล้วล่ะ,,,PENDING_MANUAL_GENERATION,,triangle-strategy
277,MS03_X03_B0_2030_M_SEC_0010.wav,MS03_X03_B0_2030_M_SEC_0010,284,284,284,285,ซิคราส,npc,male,sycras,,เดินทางปลอดภัยนะขอรับ ลอร์ดวูล์ฟฟอร์ต,,,BLOCKED_PENDING_REFERENCE_AUDIO,,triangle-strategy
278,MS03_X03_B0_2030_M_SEC_0020.wav,MS03_X03_B0_2030_M_SEC_0020,285,285,285,286,ซิคราส,npc,male,sycras,,ได้ขอรับ ท่านเองก็ดูแลรูดอล์ฟให้ข้าหน่อยนะ,,,BLOCKED_PENDING_REFERENCE_AUDIO,,triangle-strategy
279,MS03_X03_B0_2030_M_SEC_0030.wav,MS03_X03_B0_2030_M_SEC_0030,286,286,286,287,ซิคราส,npc,male,sycras,,...ข้าฝากเจ้าไว้กับพวกเขาแล้ว รับรองว่าสบายใจหายห่วง!,,,BLOCKED_PENDING_REFERENCE_AUDIO,,triangle-strategy
280,MS03_X03_B0_2030_M_SEC_0040.wav,MS03_X03_B0_2030_M_SEC_0040,287,287,287,288,ซิคราส,npc,male,sycras,,ข้าต้องไปแล้ว ไว้เจอกัน!,,,BLOCKED_PENDING_REFERENCE_AUDIO,,triangle-strategy
281,MS03_X03_B0_2030_M_SEL_0010.wav,MS03_X03_B0_2030_M_SEL_0010,288,288,288,289,เซเรโนอา,main,male,serenoa,assets/triangle-strategy/approved_voice_references/serenoa.wav,ขอบคุณที่มาส่งนะ ฝากขอบคุณท่านอาร์ชดยุกด้วย,,,PENDING_MANUAL_GENERATION,,triangle-strategy
282,MS03_X03_B0_2030_M_SEL_0020.wav,MS03_X03_B0_2030_M_SEL_0020,289,289,289,290,เซเรโนอา,main,male,serenoa,assets/triangle-strategy/approved_voice_references/serenoa.wav,เราก็ควรต้องไปแล้วเหมือนกัน,,,PENDING_MANUAL_GENERATION,,triangle-strategy
283,MS03_X03_B0_2030_M_SEL_0030.wav,MS03_X03_B0_2030_M_SEL_0030,290,290,290,291,เซเรโนอา,main,male,serenoa,assets/triangle-strategy/approved_voice_references/serenoa.wav,ข้าก็แอบกังวลเหมือนกัน แต่พอข้าตื่นเต้นเดี๋ยวมันก็หายแล้วล่ะ,,,PENDING_MANUAL_GENERATION,,triangle-strategy
284,MS03_X03_B0_2030_M_SEL_0040.wav,MS03_X03_B0_2030_M_SEL_0040,291,291,291,292,เซเรโนอา,main,male,serenoa,assets/triangle-strategy/approved_voice_references/serenoa.wav,ท่านมีอะไรรึเปล่า? ดูท่านกังวลแปลกๆนะ,,,PENDING_MANUAL_GENERATION,,triangle-strategy
285,MS03_X03_B0_2030_M_SEL_0050.wav,MS03_X03_B0_2030_M_SEL_0050,292,292,292,293,เซเรโนอา,main,male,serenoa,assets/triangle-strategy/approved_voice_references/serenoa.wav,โรแลนด์พูดถูก พวกเราก็คงทำเท่าที่ได้ เพื่อลดความตึงเครียดและหาทางออกอย่างสงบสุข,,,PENDING_MANUAL_GENERATION,,triangle-strategy
286,MS03_X03_BATTLE_01_AFTER_M_RDL_0010.wav,MS03_X03_BATTLE_01_AFTER_M_RDL_0010,293,293,293,294,รูดอล์ฟ,main,male,rudolph,,ขอรับ หมดกังวลไปอีกเรื่อง ซึ่งข้าก็พ้นโทษแล้วเหมือนกันใช่ไหม?,,,BLOCKED_PENDING_REFERENCE_AUDIO,,triangle-strategy
287,MS03_X03_BATTLE_01_AFTER_M_RDL_0020.wav,MS03_X03_BATTLE_01_AFTER_M_RDL_0020,294,294,294,295,รูดอล์ฟ,main,male,rudolph,,หากขังคุกข้าไม่ได้ ก็คงอยากให้พ้นเอสฟรอสต์สินะ?,,,BLOCKED_PENDING_REFERENCE_AUDIO,,triangle-strategy
288,MS03_X03_BATTLE_01_AFTER_M_RDL_0030.wav,MS03_X03_BATTLE_01_AFTER_M_RDL_0030,295,295,295,296,รูดอล์ฟ,main,male,rudolph,,ไม่ต้องห่วงหรอก... ข้าก็รู้สึกไม่ต่างกัน ข้าไม่เคยรักที่นี่อยู่แล้ว แม้ว่ามันเป็นสถานที่เดียวที่ข้ารู้จักก็ตามเถอะ,,,BLOCKED_PENDING_REFERENCE_AUDIO,,triangle-strategy
289,MS03_X03_BATTLE_01_AFTER_M_RDL_0040.wav,MS03_X03_BATTLE_01_AFTER_M_RDL_0040,296,296,296,297,รูดอล์ฟ,main,male,rudolph,,ยังไงข้าก็ไม่มีที่ไปอยู่แล้ว... แต่เดี๋ยวก็คงหาเจอเองแหละนะ,,,BLOCKED_PENDING_REFERENCE_AUDIO,,triangle-strategy
290,MS03_X03_BATTLE_01_AFTER_M_RDL_0050.wav,MS03_X03_BATTLE_01_AFTER_M_RDL_0050,297,297,297,298,รูดอล์ฟ,main,male,rudolph,,หือ? ท่านคือลอร์ดของตระกูลนี้สินะ?,,,BLOCKED_PENDING_REFERENCE_AUDIO,,triangle-strategy
291,MS03_X03_BATTLE_01_AFTER_M_RDL_0060.wav,MS03_X03_BATTLE_01_AFTER_M_RDL_0060,298,298,298,299,รูดอล์ฟ,main,male,rudolph,,ท่านต้อนรับอาชญากรอย่างข้าเข้าทัพจริงๆเหรอ?,,,BLOCKED_PENDING_REFERENCE_AUDIO,,triangle-strategy
292,MS03_X03_BATTLE_01_AFTER_M_RDL_0070.wav,MS03_X03_BATTLE_01_AFTER_M_RDL_0070,299,299,299,300,รูดอล์ฟ,main,male,rudolph,,แน่นอนอยู่แล้ว ถ้างั้นข้าก็ขอบคุณที่เมตตาด้วยนะ ลอร์ดเซเรโนอา,,,BLOCKED_PENDING_REFERENCE_AUDIO,,triangle-strategy
293,MS03_X03_BATTLE_01_AFTER_M_SEC_0010.wav,MS03_X03_BATTLE_01_AFTER_M_SEC_0010,300,300,300,301,ซิคราส,npc,male,sycras,,พวกเราเป็นหนี้เจ้านะ หากไม่ได้เจ้าก็คงจับคนลอบค้าไม่ได้หรอก,,,BLOCKED_PENDING_REFERENCE_AUDIO,,triangle-strategy
294,MS03_X03_BATTLE_01_AFTER_M_SEC_0020.wav,MS03_X03_BATTLE_01_AFTER_M_SEC_0020,301,301,301,302,ซิคราส,npc,male,sycras,,ท่านอาร์ชดยุกอภัยโทษให้เจ้าแล้ว...แต่เจ้าต้องถูกเนรเทศ,,,BLOCKED_PENDING_REFERENCE_AUDIO,,triangle-strategy
295,MS03_X03_BATTLE_01_AFTER_M_SEC_0030.wav,MS03_X03_BATTLE_01_AFTER_M_SEC_0030,302,302,302,303,ซิคราส,npc,male,sycras,,ยกโทษให้ข้าด้วยเถอะ! ข้าไม่ได้อยากทำแบบนี้กับเจ้าสักหน่อย ท่านอาร์ชดยุกก็ดันหัวดื้อซะด้วย,,,BLOCKED_PENDING_REFERENCE_AUDIO,,triangle-strategy
296,MS03_X03_BATTLE_01_AFTER_M_SEC_0040.wav,MS03_X03_BATTLE_01_AFTER_M_SEC_0040,303,303,303,304,ซิคราส,npc,male,sycras,,จะรออะไรอีกล่ะ รูดอล์ฟ!?,,,BLOCKED_PENDING_REFERENCE_AUDIO,,triangle-strategy
297,MS03_X03_BATTLE_01_AFTER_M_SEC_0050.wav,MS03_X03_BATTLE_01_AFTER_M_SEC_0050,304,304,304,305,ซิคราส,npc,male,sycras,,เจ้าสร้างชีวิตใหม่ในตระกูลวูล์ฟฟอร์ตได้นะ ข้ามั่นใจ!,,,BLOCKED_PENDING_REFERENCE_AUDIO,,triangle-strategy
298,MS03_X03_BATTLE_01_AFTER_M_SEL_0010.wav,MS03_X03_BATTLE_01_AFTER_M_SEL_0010,305,305,305,306,เซเรโนอา,main,male,serenoa,assets/triangle-strategy/approved_voice_references/serenoa.wav,อ้าว ถ้าเจ้าไม่มีที่ให้ไป... งั้นมารับใช้ตระกูลวูล์ฟฟอร์ตแทนไหมล่ะ?,,,PENDING_MANUAL_GENERATION,,triangle-strategy
299,MS03_X03_BATTLE_01_AFTER_M_SEL_0020.wav,MS03_X03_BATTLE_01_AFTER_M_SEL_0020,306,306,306,307,เซเรโนอา,main,male,serenoa,assets/triangle-strategy/approved_voice_references/serenoa.wav,ก็เจ้าได้รับอภัยโทษแล้วนี่ คราวนี้ก็เท่าเทียมเหมือนทุกคนแล้ว,,,PENDING_MANUAL_GENERATION,,triangle-strategy
300,MS03_X03_BATTLE_01_AFTER_M_SEL_0030.wav,MS03_X03_BATTLE_01_AFTER_M_SEL_0030,307,307,307,308,เซเรโนอา,main,male,serenoa,assets/triangle-strategy/approved_voice_references/serenoa.wav,สติปัญญาและพละกำลังของเจ้าคงสร้างประโยชน์ต่อเราได้แน่ และข้าคงรู้สึกขอบคุณอย่างมากหากได้เจ้ามาช่วย,,,PENDING_MANUAL_GENERATION,,triangle-strategy
301,MS03_X03_BATTLE_01_AFTER_M_SEL_0040.wav,MS03_X03_BATTLE_01_AFTER_M_SEL_0040,308,308,308,309,เซเรโนอา,main,male,serenoa,assets/triangle-strategy/approved_voice_references/serenoa.wav,ยินดีต้อนรับสู่ตระกูลของเรา รูดอล์ฟ,,,PENDING_MANUAL_GENERATION,,triangle-strategy
302,MS03_X03_BATTLE_01_BEFORE_F_ANA_0010.wav,MS03_X03_BATTLE_01_BEFORE_F_ANA_0010,309,309,309,310,แอนนา,main,female,anna,assets/triangle-strategy/approved_voice_references/anna.wav,นักลอบค้ามาแล้ว มากันเยอะซะด้วย,,,PENDING_MANUAL_GENERATION,,triangle-strategy
303,MS03_X03_BATTLE_01_BEFORE_F_HEW_0010.wav,MS03_X03_BATTLE_01_BEFORE_F_HEW_0010,310,310,310,311,ฮิวเอทท์,main,female,hughette,assets/triangle-strategy/approved_voice_references/hughette.wav,ซึ่งตอนนี้กลายเป็นสายสืบสินะ,,,PENDING_MANUAL_GENERATION,,triangle-strategy
304,MS03_X03_BATTLE_01_BEFORE_F_HEW_0020.wav,MS03_X03_BATTLE_01_BEFORE_F_HEW_0020,311,311,311,312,ฮิวเอทท์,main,female,hughette,assets/triangle-strategy/approved_voice_references/hughette.wav,ทหารเอสฟรอสต์เหรอ!? มาทำบ้าอะไรที่นี่เนี่ย?,,,PENDING_MANUAL_GENERATION,,triangle-strategy
305,MS03_X03_BATTLE_01_BEFORE_M_BND_0010.wav,MS03_X03_BATTLE_01_BEFORE_M_BND_0010,312,312,312,313,เบเนดิกต์,main,male,benedict,assets/triangle-strategy/approved_voice_references/benedict.wav,ไม่มีใครจะชำนาญพื้นที่ไปมากกว่าคนที่อยู่วงในแล้วล่ะ ฉลาดจริงๆ,,,PENDING_MANUAL_GENERATION,,triangle-strategy
306,MS03_X03_BATTLE_01_BEFORE_M_BND_0020.wav,MS03_X03_BATTLE_01_BEFORE_M_BND_0020,313,313,313,314,เบเนดิกต์,main,male,benedict,assets/triangle-strategy/approved_voice_references/benedict.wav,กลิ่นเงินแห่งเกลือจากตลาดมืดมันเย้ายวนจนเสียคนยังไงล่ะ,,,PENDING_MANUAL_GENERATION,,triangle-strategy
307,MS03_X03_BATTLE_01_BEFORE_M_M208_0010.wav,MS03_X03_BATTLE_01_BEFORE_M_M208_0010,314,314,314,315,ผู้ร้าย,generic,male,MALE_YOUNG_A,assets/triangle-strategy/approved_voice_references/MALE_YOUNG_A.wav,พวกแกเป็นใคร!?,,,PENDING_MANUAL_GENERATION,,triangle-strategy
308,MS03_X03_BATTLE_01_BEFORE_M_M209_0010.wav,MS03_X03_BATTLE_01_BEFORE_M_M209_0010,315,315,315,316,หัวหน้าผู้ร้าย,generic,male,MALE_ANGER_STRONG_01,assets/triangle-strategy/approved_voice_references/MALE_ANGER_STRONG_01.wav,กับดักงั้นเหรอ!? ฆ่ามันให้หมด!,,,PENDING_MANUAL_GENERATION,,triangle-strategy
309,MS03_X03_BATTLE_01_BEFORE_M_RDL_0010.wav,MS03_X03_BATTLE_01_BEFORE_M_RDL_0010,316,316,316,317,รูดอล์ฟ,main,male,rudolph,,สรุปแล้วเขาเป็นใครเนี่ย?,,,BLOCKED_PENDING_REFERENCE_AUDIO,,triangle-strategy
310,MS03_X03_BATTLE_01_BEFORE_M_RDL_0020.wav,MS03_X03_BATTLE_01_BEFORE_M_RDL_0020,317,317,317,318,รูดอล์ฟ,main,male,rudolph,,หา!? ผู้นำตระกูลวูล์ฟฟอร์ตเหรอ!?,,,BLOCKED_PENDING_REFERENCE_AUDIO,,triangle-strategy
311,MS03_X03_BATTLE_01_BEFORE_M_RDL_0030.wav,MS03_X03_BATTLE_01_BEFORE_M_RDL_0030,318,318,318,319,รูดอล์ฟ,main,male,rudolph,,ฟังนะขอรับ ข้าขอบคุณที่มาช่วย แต่ก็อย่าทำพังแล้วกัน ตอนนี้ชื่อเสียงของข้ากำลังแขวนอยู่บนเส้นด้าย!,,,BLOCKED_PENDING_REFERENCE_AUDIO,,triangle-strategy
312,MS03_X03_BATTLE_01_BEFORE_M_SEC_0010.wav,MS03_X03_BATTLE_01_BEFORE_M_SEC_0010,319,319,319,320,ซิคราส,npc,male,sycras,,เสียงระฆังแห่งไอรอนสโตน เที่ยงคืนแล้วสินะ,,,BLOCKED_PENDING_REFERENCE_AUDIO,,triangle-strategy
313,MS03_X03_BATTLE_01_BEFORE_M_SEC_0020.wav,MS03_X03_BATTLE_01_BEFORE_M_SEC_0020,320,320,320,321,ซิคราส,npc,male,sycras,,พวกเขากำลังจะซื้อขายกันแล้ว ไว้เราค่อยออกไปจับพวกเขาตอนที่มารวมตัวกันหมด,,,BLOCKED_PENDING_REFERENCE_AUDIO,,triangle-strategy
314,MS03_X03_BATTLE_01_BEFORE_M_SEC_0030.wav,MS03_X03_BATTLE_01_BEFORE_M_SEC_0030,321,321,321,322,ซิคราส,npc,male,sycras,,เปล่า รูดอล์ฟเอง สายสืบของเราน่ะ เขาช่วยเราเปิดโปงขบวนการลับนี้,,,BLOCKED_PENDING_REFERENCE_AUDIO,,triangle-strategy
315,MS03_X03_BATTLE_01_BEFORE_M_SEC_0040.wav,MS03_X03_BATTLE_01_BEFORE_M_SEC_0040,322,322,322,323,ซิคราส,npc,male,sycras,,นักลอบค้าเกลือผู้กลับตัวกลับใจของเรา,,,BLOCKED_PENDING_REFERENCE_AUDIO,,triangle-strategy
316,MS03_X03_BATTLE_01_BEFORE_M_SEC_0050.wav,MS03_X03_BATTLE_01_BEFORE_M_SEC_0050,323,323,323,324,ซิคราส,npc,male,sycras,,นั่นเป็น...แผนของข้าเอง,,,BLOCKED_PENDING_REFERENCE_AUDIO,,triangle-strategy
317,MS03_X03_BATTLE_01_BEFORE_M_SEC_0060.wav,MS03_X03_BATTLE_01_BEFORE_M_SEC_0060,324,324,324,325,ซิคราส,npc,male,sycras,,จริงๆแล้วเบื้องหลังมีมากกว่านั้น เขามีความตั้งใจที่ดี แม้ว่าการกระทำของเขาจะแหกกฎก็ตาม,,,BLOCKED_PENDING_REFERENCE_AUDIO,,triangle-strategy
318,MS03_X03_BATTLE_01_BEFORE_M_SEC_0070.wav,MS03_X03_BATTLE_01_BEFORE_M_SEC_0070,325,325,325,326,ซิคราส,npc,male,sycras,,ใจจริงของเขาไม่ใช่คนเลวหรอก ข้าพูดจากสัญชาตญาณของอัศวินที่ไล่จับผู้ร้ายมาหลายคนแล้ว,,,BLOCKED_PENDING_REFERENCE_AUDIO,,triangle-strategy
319,MS03_X03_BATTLE_01_BEFORE_M_SEC_0080.wav,MS03_X03_BATTLE_01_BEFORE_M_SEC_0080,326,326,326,327,ซิคราส,npc,male,sycras,,จึงเป็นเหตุผลที่ข้าเลือกเขามาเป็นหูเป็นตาด้วยตัวเอง,,,BLOCKED_PENDING_REFERENCE_AUDIO,,triangle-strategy
320,MS03_X03_BATTLE_01_BEFORE_M_SEC_0090.wav,MS03_X03_BATTLE_01_BEFORE_M_SEC_0090,327,327,327,328,ซิคราส,npc,male,sycras,,ไม่อยากให้เป็นแบบนั้นเลย...แต่สายตาคงหลอกกันไม่ได้,,,BLOCKED_PENDING_REFERENCE_AUDIO,,triangle-strategy
321,MS03_X03_BATTLE_01_BEFORE_M_SEC_0100.wav,MS03_X03_BATTLE_01_BEFORE_M_SEC_0100,328,328,328,329,ซิคราส,npc,male,sycras,,ปล่อยให้เป็นแบบนี้ต่อไปไม่ได้หรอกนะ ถ้าจะฆ่าฟันก็คงต้องยอมแล้วล่ะ,,,BLOCKED_PENDING_REFERENCE_AUDIO,,triangle-strategy
322,MS03_X03_BATTLE_01_BEFORE_M_SEC_0110.wav,MS03_X03_BATTLE_01_BEFORE_M_SEC_0110,329,329,329,330,ซิคราส,npc,male,sycras,,พวกเราคือกรมอัศวิน! ยกมือขึ้นแล้วมาอย่างเงียบๆซะ ถ้ายังไม่อยากตาย!,,,BLOCKED_PENDING_REFERENCE_AUDIO,,triangle-strategy
323,MS03_X03_BATTLE_01_BEFORE_M_SEC_0120.wav,MS03_X03_BATTLE_01_BEFORE_M_SEC_0120,330,330,330,331,ซิคราส,npc,male,sycras,,รูดอล์ฟ! ทำตามเขาซะ!,,,BLOCKED_PENDING_REFERENCE_AUDIO,,triangle-strategy
324,MS03_X03_BATTLE_01_BEFORE_M_SEL_0010.wav,MS03_X03_BATTLE_01_BEFORE_M_SEL_0010,331,331,331,332,เซเรโนอา,main,male,serenoa,assets/triangle-strategy/approved_voice_references/serenoa.wav,นั่นใช่นักลอบค้ารึเปล่านะ?,,,PENDING_MANUAL_GENERATION,,triangle-strategy
325,MS03_X03_BATTLE_01_BEFORE_M_SEL_0030.wav,MS03_X03_BATTLE_01_BEFORE_M_SEL_0030,333,333,333,334,เซเรโนอา,main,male,serenoa,assets/triangle-strategy/approved_voice_references/serenoa.wav,สู้ครั้งนี้ไม่ง่ายแน่ เอายังไงดี?,,,PENDING_MANUAL_GENERATION,,triangle-strategy
326,MS03_X03_BATTLE_01_BEFORE_M_SEL_0040.wav,MS03_X03_BATTLE_01_BEFORE_M_SEL_0040,334,334,334,335,เซเรโนอา,main,male,serenoa,assets/triangle-strategy/approved_voice_references/serenoa.wav,เข้าใจแล้ว งั้นลุยกันเลย!,,,PENDING_MANUAL_GENERATION,,triangle-strategy
327,MS03_X03_BATTLE_01_BEFORE_M_SEL_0050.wav,MS03_X03_BATTLE_01_BEFORE_M_SEL_0050,335,335,335,336,เซเรโนอา,main,male,serenoa,assets/triangle-strategy/approved_voice_references/serenoa.wav,โค่นทหารนี่แล้วตามจับพวกมัน! อย่าให้หนีรอดไปได้!,,,PENDING_MANUAL_GENERATION,,triangle-strategy
328,MS03_X03_BATTLE_01_BEFORE_M_SEL_0060.wav,MS03_X03_BATTLE_01_BEFORE_M_SEL_0060,336,336,336,337,เซเรโนอา,main,male,serenoa,assets/triangle-strategy/approved_voice_references/serenoa.wav,ข้าคือ เซเรโนอา วูล์ฟฟอร์ต แห่งเกลนบรู๊ค ซึ่งอาร์ชดยุกได้ขอความช่วยเหลือจากข้าเป็นการส่วนตัว,,,PENDING_MANUAL_GENERATION,,triangle-strategy
329,MS03_X03_BATTLE_01_DRAMA_F_ANA_0010.wav,MS03_X03_BATTLE_01_DRAMA_F_ANA_0010,337,337,337,338,แอนนา,main,female,anna,assets/triangle-strategy/approved_voice_references/anna.wav,ข้าไม่ใช่อาชญากร ระวังปากหน่อย,,,PENDING_MANUAL_GENERATION,,triangle-strategy
330,MS03_X03_BATTLE_01_DRAMA_F_HEW_0010.wav,MS03_X03_BATTLE_01_DRAMA_F_HEW_0010,338,338,338,339,ฮิวเอทท์,main,female,hughette,assets/triangle-strategy/approved_voice_references/hughette.wav,เงียบปากแล้วไปสู้เถอะ,,,PENDING_MANUAL_GENERATION,,triangle-strategy
331,MS03_X03_BATTLE_01_DRAMA_M_RDL_0010.wav,MS03_X03_BATTLE_01_DRAMA_M_RDL_0010,339,339,339,340,รูดอล์ฟ,main,male,rudolph,,ราชรัฐมันเกินเยียวยาแล้ว ถ้าทหารก้มหัวให้การลอบค้า...แสดงว่าอาณาจักรมันเน่าเฟะเกินทน,,,BLOCKED_PENDING_REFERENCE_AUDIO,,triangle-strategy
332,MS03_X03_BATTLE_01_DRAMA_M_RDL_0020.wav,MS03_X03_BATTLE_01_DRAMA_M_RDL_0020,340,340,340,341,รูดอล์ฟ,main,male,rudolph,,เชื่อมือคนถือธนูได้ใช่ไหม?,,,BLOCKED_PENDING_REFERENCE_AUDIO,,triangle-strategy
333,MS03_X03_BATTLE_01_DRAMA_M_RDL_0030.wav,MS03_X03_BATTLE_01_DRAMA_M_RDL_0030,341,341,341,342,รูดอล์ฟ,main,male,rudolph,,ท่านเองก็มีอดีตอันดำมืดเช่นกันสินะ มาอยู่กับคนพวกนี้ได้ไงเนี่ย?,,,BLOCKED_PENDING_REFERENCE_AUDIO,,triangle-strategy
334,MS03_X03_BATTLE_01_DRAMA_M_RDL_0040.wav,MS03_X03_BATTLE_01_DRAMA_M_RDL_0040,342,342,342,343,รูดอล์ฟ,main,male,rudolph,,สอยไปครึ่งนึงแล้ว ช่วยรักษาคำพูดที่จะอภัยโทษให้ข้าด้วยนะ,,,BLOCKED_PENDING_REFERENCE_AUDIO,,triangle-strategy
335,MS03_X03_BATTLE_01_DRAMA_M_RDL_0050.wav,MS03_X03_BATTLE_01_DRAMA_M_RDL_0050,343,343,343,344,รูดอล์ฟ,main,male,rudolph,,ไอ้พวกเวร... บังอาจมาขัดขวางอิสรภาพของข้า!,,,BLOCKED_PENDING_REFERENCE_AUDIO,,triangle-strategy
336,MS03_X03_BATTLE_01_DRAMA_M_RDL_0060.wav,MS03_X03_BATTLE_01_DRAMA_M_RDL_0060,344,344,344,345,รูดอล์ฟ,main,male,rudolph,,ไปเน่าตายในคุกซะเถอะ พวกทรยศทั้งหลาย!,,,BLOCKED_PENDING_REFERENCE_AUDIO,,triangle-strategy
337,MS03_X03_BATTLE_01_DRAMA_M_SEC_0010.wav,MS03_X03_BATTLE_01_DRAMA_M_SEC_0010,345,345,345,346,ซิคราส,npc,male,sycras,,ข้าไม่อยากจะปกป้องพวกเขาหรอกนะ แต่ความยากจนทำให้คนเราไม่มีทางเลือก พวกเขาก็เป็นมนุษย์เหมือนเรานั่นแหละ,,,BLOCKED_PENDING_REFERENCE_AUDIO,,triangle-strategy
338,MS03_X03_BATTLE_01_DRAMA_M_SEC_0020.wav,MS03_X03_BATTLE_01_DRAMA_M_SEC_0020,346,346,346,347,ซิคราส,npc,male,sycras,,...เพื่อราชรัฐสินะ ใครที่ขัดขืนมันต้องโดนคมดาบของข้า!,,,BLOCKED_PENDING_REFERENCE_AUDIO,,triangle-strategy
339,MS03_X03_BATTLE_01_DRAMA_M_SEC_0030.wav,MS03_X03_BATTLE_01_DRAMA_M_SEC_0030,347,347,347,348,ซิคราส,npc,male,sycras,,ไว้เสร็จแล้วค่อยคุย!,,,BLOCKED_PENDING_REFERENCE_AUDIO,,triangle-strategy
340,MS03_X03_BATTLE_01_DRAMA_M_SEC_0040.wav,MS03_X03_BATTLE_01_DRAMA_M_SEC_0040,348,348,348,349,ซิคราส,npc,male,sycras,,ต้องมาพ่ายแพ้ให้กับนักเลงแถวนี้เหรอเนี่ย... ขายขี้หน้าจริงๆ...,,,BLOCKED_PENDING_REFERENCE_AUDIO,,triangle-strategy
341,MS03_X03_BATTLE_01_DRAMA_M_SEL_0010.wav,MS03_X03_BATTLE_01_DRAMA_M_SEL_0010,349,349,349,350,เซเรโนอา,main,male,serenoa,assets/triangle-strategy/approved_voice_references/serenoa.wav,หากเป็นการต่อสู้ล่ะก็ ท่านอย่าเห็นใจพวกเขาเลย,,,PENDING_MANUAL_GENERATION,,triangle-strategy
342,MS03_X03_BATTLE_01_DRAMA_M_SEL_0020.wav,MS03_X03_BATTLE_01_DRAMA_M_SEL_0020,350,350,350,351,เซเรโนอา,main,male,serenoa,assets/triangle-strategy/approved_voice_references/serenoa.wav,เกือบครบทุกคนแล้ว! ระวังตัวด้วย เรากำลังสู้กับทหารที่ถูกฝึกมานะ!,,,PENDING_MANUAL_GENERATION,,triangle-strategy
343,MS03_X03_BATTLE_01_DRAMA_M_SEL_0030.wav,MS03_X03_BATTLE_01_DRAMA_M_SEL_0030,351,351,351,352,เซเรโนอา,main,male,serenoa,assets/triangle-strategy/approved_voice_references/serenoa.wav,แม้เป็นเพียงนักลอบค้าชั่วๆ แต่พวกเขาก็สู้เยี่ยงทหาร ถึงยังไงเราก็ไม่มีวันยอมพวกมันหรอก!,,,PENDING_MANUAL_GENERATION,,triangle-strategy
344,MS03_X03_RESEARCH_01_BEFORE_F_FRE_0010.wav,MS03_X03_RESEARCH_01_BEFORE_F_FRE_0010,352,352,352,353,เฟรเดอริก้า,main,female,frederica,assets/triangle-strategy/approved_voice_references/frederica.wav,พี่ข้าอาจดูเหมือนใจบุญและเปิดกว้าง แต่ก็อย่าไปวางใจเขานักเลย...,,,PENDING_MANUAL_GENERATION,,triangle-strategy
345,MS03_X03_RESEARCH_01_BEFORE_F_YRA_0010.wav,MS03_X03_RESEARCH_01_BEFORE_F_YRA_0010,353,353,353,354,จีล่า,main,female,geela,assets/triangle-strategy/approved_voice_references/geela.wav,การลอบค้าจะส่งผลต่อรายได้เกลือที่หล่อเลี้ยงเหล่าขุนนางไว้,,,PENDING_MANUAL_GENERATION,,triangle-strategy
346,MS03_X03_RESEARCH_01_BEFORE_F_YRA_0020.wav,MS03_X03_RESEARCH_01_BEFORE_F_YRA_0020,354,354,354,355,จีล่า,main,female,geela,assets/triangle-strategy/approved_voice_references/geela.wav,พวกเขาจึงต้องเข้ามาแทรกแซงสินะ?,,,PENDING_MANUAL_GENERATION,,triangle-strategy
347,MS03_X03_RESEARCH_01_BEFORE_M_BND_0010.wav,MS03_X03_RESEARCH_01_BEFORE_M_BND_0010,355,355,355,356,เบเนดิกต์,main,male,benedict,assets/triangle-strategy/approved_voice_references/benedict.wav,จึงเป็นสาเหตุของอาชญากรรม ยอมเป็นคนชั่วเพื่อคนจนสินะ...กฎระเบียบมันเข้มงวดจนพวกเขาเดือดดาล,,,PENDING_MANUAL_GENERATION,,triangle-strategy
348,MS03_X03_RESEARCH_01_BEFORE_M_BND_0020.wav,MS03_X03_RESEARCH_01_BEFORE_M_BND_0020,356,356,356,357,เบเนดิกต์,main,male,benedict,assets/triangle-strategy/approved_voice_references/benedict.wav,ใช่แล้วล่ะ อาร์ชดยุกเป็นผู้หลักแหลมและช่างพูดซะด้วย,,,PENDING_MANUAL_GENERATION,,triangle-strategy
349,MS03_X03_RESEARCH_01_BEFORE_M_ELA_0010.wav,MS03_X03_RESEARCH_01_BEFORE_M_ELA_0010,357,357,357,358,เอราดอร์,main,male,erador,assets/triangle-strategy/approved_voice_references/erador.wav,ตอนนั้นข้าแค่อยากรู้เฉยๆขอรับ โปรดอภัยให้ข้าด้วย,,,PENDING_MANUAL_GENERATION,,triangle-strategy
350,MS03_X03_RESEARCH_01_BEFORE_M_RLN_0010.wav,MS03_X03_RESEARCH_01_BEFORE_M_RLN_0010,358,358,358,359,โรแลนด์,main,male,roland,assets/triangle-strategy/approved_voice_references/roland.wav,ข้าเคยได้ยินอยู่ว่าภาษีมันสูงลิ่ว แต่ไม่เคยรู้รายละเอียดเลย,,,PENDING_MANUAL_GENERATION,,triangle-strategy
351,MS03_X03_RESEARCH_01_BEFORE_M_RLN_0020.wav,MS03_X03_RESEARCH_01_BEFORE_M_RLN_0020,359,359,359,360,โรแลนด์,main,male,roland,assets/triangle-strategy/approved_voice_references/roland.wav,คุณพระคุณเจ้า!,,,PENDING_MANUAL_GENERATION,,triangle-strategy
352,MS03_X03_RESEARCH_01_BEFORE_M_RLN_0030.wav,MS03_X03_RESEARCH_01_BEFORE_M_RLN_0030,360,360,360,361,โรแลนด์,main,male,roland,assets/triangle-strategy/approved_voice_references/roland.wav,พวกเราไม่น่ารีบตัดสินใจช่วยเลย...,,,PENDING_MANUAL_GENERATION,,triangle-strategy
353,MS03_X03_RESEARCH_01_BEFORE_M_SEC_0010.wav,MS03_X03_RESEARCH_01_BEFORE_M_SEC_0010,361,361,361,362,ซิคราส,npc,male,sycras,,เป็นเกียรติยิ่งนักที่ได้ตระกูลวูล์ฟฟอร์ตมาร่วมสู้ขอรับ,,,BLOCKED_PENDING_REFERENCE_AUDIO,,triangle-strategy
354,MS03_X03_RESEARCH_01_BEFORE_M_SEC_0020.wav,MS03_X03_RESEARCH_01_BEFORE_M_SEC_0020,362,362,362,363,ซิคราส,npc,male,sycras,,ภาษีเกลือหนักอึ้งของไฮแซนต์ ทำให้เกิดการลอบค้าผิดกฎหมายที่สร้างมลทินแก่อาณาจักรของเรา,,,BLOCKED_PENDING_REFERENCE_AUDIO,,triangle-strategy
355,MS03_X03_RESEARCH_01_BEFORE_M_SEC_0030.wav,MS03_X03_RESEARCH_01_BEFORE_M_SEC_0030,363,363,363,364,ซิคราส,npc,male,sycras,,ถ้าจะให้พูด เกลือหนึ่งหยิบมือมีราคาสูงจนหาเลี้ยงครอบครัวได้เป็นเดือนเลยล่ะ,,,BLOCKED_PENDING_REFERENCE_AUDIO,,triangle-strategy
356,MS03_X03_RESEARCH_01_BEFORE_M_SEC_0040.wav,MS03_X03_RESEARCH_01_BEFORE_M_SEC_0040,364,364,364,365,ซิคราส,npc,male,sycras,,ถึงยังไง ไม่ว่าจะเป็นเกลือปลอมหรือถูกขโมยมา อุปสงค์ของมันก็สูงลิ่วจนแทบไม่สิ้นสุด,,,BLOCKED_PENDING_REFERENCE_AUDIO,,triangle-strategy
357,MS03_X03_RESEARCH_01_BEFORE_M_SEC_0050.wav,MS03_X03_RESEARCH_01_BEFORE_M_SEC_0050,365,365,365,366,ซิคราส,npc,male,sycras,,ถูกต้องขอรับ พวกเราเข้าใจสถานการณ์ของคนเหล่านี้ดีเลยล่ะ,,,BLOCKED_PENDING_REFERENCE_AUDIO,,triangle-strategy
358,MS03_X03_RESEARCH_01_BEFORE_M_SEC_0060.wav,MS03_X03_RESEARCH_01_BEFORE_M_SEC_0060,366,366,366,367,ซิคราส,npc,male,sycras,,หากเป็นเรื่องการรักษาระเบียบ ถึงแม้ว่ามันจะทำให้ความมั่นคงทางสังคมต้องสั่นคลอน...พวกเราคงไม่อาจลังเลได้,,,BLOCKED_PENDING_REFERENCE_AUDIO,,triangle-strategy
359,MS03_X03_RESEARCH_01_BEFORE_M_SEC_0070.wav,MS03_X03_RESEARCH_01_BEFORE_M_SEC_0070,367,367,367,368,ซิคราส,npc,male,sycras,,สายสืบของเราพบสถานที่ที่นักลอบค้าจะมาซื้อขายแล้ว,,,BLOCKED_PENDING_REFERENCE_AUDIO,,triangle-strategy
360,MS03_X03_RESEARCH_01_BEFORE_M_SEC_0080.wav,MS03_X03_RESEARCH_01_BEFORE_M_SEC_0080,368,368,368,369,ซิคราส,npc,male,sycras,,จะมีการซื้อขายเกิดขึ้นในคืนนี้ และเราจะลงมือในทันทีที่สายสืบของเราหลอกล่อนักลอบค้าออกมาในที่โล่งแจ้ง,,,BLOCKED_PENDING_REFERENCE_AUDIO,,triangle-strategy
361,MS03_X03_RESEARCH_01_BEFORE_M_SEL_0010.wav,MS03_X03_RESEARCH_01_BEFORE_M_SEL_0010,369,369,369,370,เซเรโนอา,main,male,serenoa,assets/triangle-strategy/approved_voice_references/serenoa.wav,ด้วยความยินดีอย่างยิ่งเลยล่ะ สรุปแล้วสถานการณ์มันเป็นยังไงเหรอ?,,,PENDING_MANUAL_GENERATION,,triangle-strategy
362,MS03_X03_RESEARCH_01_BEFORE_M_SEL_0020.wav,MS03_X03_RESEARCH_01_BEFORE_M_SEL_0020,370,370,370,371,เซเรโนอา,main,male,serenoa,assets/triangle-strategy/approved_voice_references/serenoa.wav,ข้าต่างหากที่เป็นคนตัดสินใจช่วย แม้ว่ามันจะอันตราย แต่ข้าไม่กล้าปฏิเสธต่อหน้าอาร์ชดยุกหรอก,,,PENDING_MANUAL_GENERATION,,triangle-strategy
363,MS03_X03_RESEARCH_01_BEFORE_M_SEL_0030.wav,MS03_X03_RESEARCH_01_BEFORE_M_SEL_0030,371,371,371,372,เซเรโนอา,main,male,serenoa,assets/triangle-strategy/approved_voice_references/serenoa.wav,ข้าเข้าใจสถานการณ์นะ และข้าขอย้ำว่าท่านมีพวกเราคอยสนับสนุนอยู่ขอรับ,,,PENDING_MANUAL_GENERATION,,triangle-strategy
364,MS03_X03_RESEARCH_01_BEFORE_M_SEL_0040.wav,MS03_X03_RESEARCH_01_BEFORE_M_SEL_0040,372,372,372,373,เซเรโนอา,main,male,serenoa,assets/triangle-strategy/approved_voice_references/serenoa.wav,ว่าแต่ท่านจะใช้พวกเรายังไงเหรอ?,,,PENDING_MANUAL_GENERATION,,triangle-strategy
365,MS03_X03_RESEARCH_01_BEFORE_M_SEL_0050.wav,MS03_X03_RESEARCH_01_BEFORE_M_SEL_0050,373,373,373,374,เซเรโนอา,main,male,serenoa,assets/triangle-strategy/approved_voice_references/serenoa.wav,เข้าใจแล้ว ระหว่างนี้เราก็ทำความคุ้นชินกับเมืองก่อนจะถึงค่ำแล้วกัน,,,PENDING_MANUAL_GENERATION,,triangle-strategy
366,MS03_X03_WD_0010_N_NNN_0010.wav,MS03_X03_WD_0010_N_NNN_0010,374,374,374,375,Narrator,narrator,female,narrator,assets/triangle-strategy/approved_voice_references/narrator.wav,"เซเรโนอา ผู้แทนของกษัตริย์เร็กน่า
เดินเรือข้ามแม่น้ำนอร์เซเลียสู่ราชรัฐเอสฟรอสต์",,,PENDING_MANUAL_GENERATION,,triangle-strategy
367,MS03_X03_WD_0010_N_NNN_0020.wav,MS03_X03_WD_0010_N_NNN_0020,375,375,375,376,Narrator,narrator,female,narrator,assets/triangle-strategy/approved_voice_references/narrator.wav,ไม่ช้าเซเรโนอาก็มาถึงที่ประตูใหญ่ ซึ่งถูกล้อมรอบด้วยเทือกเขาหิมะเบื้องหลัง,,,PENDING_MANUAL_GENERATION,,triangle-strategy
368,MS03_X03_WD_0010_N_NNN_0025.wav,MS03_X03_WD_0010_N_NNN_0025,376,376,376,377,Narrator,narrator,female,narrator,assets/triangle-strategy/approved_voice_references/narrator.wav,สวาร็อคกำลังรอคอยเขาอยู่ที่ประตูแฝด ผู้มีอำนาจและอิทธิพลเป็นรองจากอาร์ชดยุก,,,PENDING_MANUAL_GENERATION,,triangle-strategy
369,MS03_X04_BATTLE_01_AFTER_F_LYL_0010.wav,MS03_X04_BATTLE_01_AFTER_F_LYL_0010,377,377,377,378,ไลล่า,npc,female,lyla,assets/triangle-strategy/approved_voice_references/lyla.wav,เจ้าทำได้ดีมาก คอเรนติน เจ้าสมควรได้รับรางวัลจากความพยายาม,,,PENDING_MANUAL_GENERATION,,triangle-strategy
370,MS03_X04_BATTLE_01_AFTER_F_LYL_0020.wav,MS03_X04_BATTLE_01_AFTER_F_LYL_0020,378,378,378,379,ไลล่า,npc,female,lyla,assets/triangle-strategy/approved_voice_references/lyla.wav,ความรู้ด้านยารักษาที่เพิ่มพูน จะเป็นประโยชน์ต่อการศึกษาด้านชีวิตของเรา... ข้าจะเก็บไปพิจารณานะ,,,PENDING_MANUAL_GENERATION,,triangle-strategy
371,MS03_X04_BATTLE_01_AFTER_M_BND_0010.wav,MS03_X04_BATTLE_01_AFTER_M_BND_0010,379,379,379,380,เบเนดิกต์,main,male,benedict,assets/triangle-strategy/approved_voice_references/benedict.wav,ข้าเข้าใจแล้ว ความเท่าเทียมของที่นี่เกิดจากการขุดรากถอนโคนพวกนอกรีตสินะ...,,,PENDING_MANUAL_GENERATION,,triangle-strategy
372,MS03_X04_BATTLE_01_AFTER_M_COR_0020.wav,MS03_X04_BATTLE_01_AFTER_M_COR_0020,381,381,381,382,คอเรนติน,main,male,corentin,,...หากเป็นเช่นนั้น ข้ามีสิ่งที่จะขอท่านขอรับ,,,BLOCKED_PENDING_REFERENCE_AUDIO,,triangle-strategy
373,MS03_X04_BATTLE_01_AFTER_M_COR_0030.wav,MS03_X04_BATTLE_01_AFTER_M_COR_0030,382,382,382,383,คอเรนติน,main,male,corentin,,ข้าขออนุญาตออกเดินทาง เพื่อเรียนรู้เกี่ยวกับยารักษาในต่างแดน,,,BLOCKED_PENDING_REFERENCE_AUDIO,,triangle-strategy
374,MS03_X04_BATTLE_01_AFTER_M_COR_0040.wav,MS03_X04_BATTLE_01_AFTER_M_COR_0040,383,383,383,384,คอเรนติน,main,male,corentin,,...มีบางสิ่งที่ข้าอยากจะพูดกับท่าน พอจะมีเวลาว่างสักครู่ไหมขอรับ?,,,BLOCKED_PENDING_REFERENCE_AUDIO,,triangle-strategy
375,MS03_X04_BATTLE_01_AFTER_M_COR_0050.wav,MS03_X04_BATTLE_01_AFTER_M_COR_0050,384,384,384,385,คอเรนติน,main,male,corentin,,ที่นี่โจ่งแจ้งเกินไป เราหาที่อื่นคุยกันดีกว่า...,,,BLOCKED_PENDING_REFERENCE_AUDIO,,triangle-strategy
376,MS03_X04_BATTLE_01_AFTER_M_EGS_0010.wav,MS03_X04_BATTLE_01_AFTER_M_EGS_0010,385,385,385,386,เอกซ์เฮม,npc,male,exharme,assets/triangle-strategy/approved_voice_references/exharme.wav,เจ้าจะเอาความลับของเราไปทำอะไร? ขายเอารวยเหรอ?,,,PENDING_MANUAL_GENERATION,,triangle-strategy
377,MS03_X04_BATTLE_01_AFTER_M_EGS_0020.wav,MS03_X04_BATTLE_01_AFTER_M_EGS_0020,386,386,386,387,เอกซ์เฮม,npc,male,exharme,assets/triangle-strategy/approved_voice_references/exharme.wav,อ๋อเหรอ... เจ้าฝ่าฝืนหลักคำสอนของเทพธิดาอย่างที่ข้าคิดไว้เลย,,,PENDING_MANUAL_GENERATION,,triangle-strategy
378,MS03_X04_BATTLE_01_AFTER_M_EGS_0030.wav,MS03_X04_BATTLE_01_AFTER_M_EGS_0030,387,387,387,388,เอกซ์เฮม,npc,male,exharme,assets/triangle-strategy/approved_voice_references/exharme.wav,จับกุมเขาซะ,,,PENDING_MANUAL_GENERATION,,triangle-strategy
379,MS03_X04_BATTLE_01_AFTER_M_EGS_0040.wav,MS03_X04_BATTLE_01_AFTER_M_EGS_0040,388,388,388,389,เอกซ์เฮม,npc,male,exharme,assets/triangle-strategy/approved_voice_references/exharme.wav,ขอบคุณมากเลยนะ ลอร์ดเซเรโนอา หากไม่ได้ความช่วยเหลือของท่าน เราคงจับกุมเขาไม่ได้หรอก,,,PENDING_MANUAL_GENERATION,,triangle-strategy
380,MS03_X04_BATTLE_01_AFTER_M_EGS_0050.wav,MS03_X04_BATTLE_01_AFTER_M_EGS_0050,389,389,389,390,เอกซ์เฮม,npc,male,exharme,assets/triangle-strategy/approved_voice_references/exharme.wav,ก็เอาไปลงโทษข้อหากระทำผิดน่ะสิ,,,PENDING_MANUAL_GENERATION,,triangle-strategy
381,MS03_X04_BATTLE_01_AFTER_M_EGS_0060.wav,MS03_X04_BATTLE_01_AFTER_M_EGS_0060,390,390,390,391,เอกซ์เฮม,npc,male,exharme,assets/triangle-strategy/approved_voice_references/exharme.wav,การท้าทายหลักคำสอนของเทพธิดา ถือเป็นความผิดมหันต์ที่สุดในไฮแซนต์,,,PENDING_MANUAL_GENERATION,,triangle-strategy
382,MS03_X04_BATTLE_01_AFTER_M_EGS_0070.wav,MS03_X04_BATTLE_01_AFTER_M_EGS_0070,391,391,391,392,เอกซ์เฮม,npc,male,exharme,assets/triangle-strategy/approved_voice_references/exharme.wav,ตอนนี้พวกเราขอตัวก่อน,,,PENDING_MANUAL_GENERATION,,triangle-strategy
383,MS03_X04_BATTLE_01_AFTER_M_MB103_0010.wav,MS03_X04_BATTLE_01_AFTER_M_MB103_0010,392,392,392,393,นักวิจัยไฮแซนต์,generic,male,MALE_ADULT_C,assets/triangle-strategy/approved_voice_references/MALE_ADULT_C.wav,ผิดแล้ว! พวกเราแค่ต้องการเสรีภาพในการศึกษาวิจัยต่างหาก,,,PENDING_MANUAL_GENERATION,,triangle-strategy
384,MS03_X04_BATTLE_01_AFTER_M_MB103_0020.wav,MS03_X04_BATTLE_01_AFTER_M_MB103_0020,393,393,393,394,นักวิจัยไฮแซนต์,generic,male,MALE_ADULT_C,assets/triangle-strategy/approved_voice_references/MALE_ADULT_C.wav,เพราะพวกเราไม่มีเสรีภาพที่นี่ ก็เลยมีทางเลือกไม่มากนักหรอก,,,PENDING_MANUAL_GENERATION,,triangle-strategy
385,MS03_X04_BATTLE_01_AFTER_M_SEL_0010.wav,MS03_X04_BATTLE_01_AFTER_M_SEL_0010,394,394,394,395,เซเรโนอา,main,male,serenoa,assets/triangle-strategy/approved_voice_references/serenoa.wav,แล้วท่านจะเอาไงกับเขาเหรอ?,,,PENDING_MANUAL_GENERATION,,triangle-strategy
386,MS03_X04_BATTLE_01_AFTER_M_SEL_0020.wav,MS03_X04_BATTLE_01_AFTER_M_SEL_0020,395,395,395,396,เซเรโนอา,main,male,serenoa,assets/triangle-strategy/approved_voice_references/serenoa.wav,ท่านคอเรนติน ขอบคุณที่ช่วยเราในวันนี้,,,PENDING_MANUAL_GENERATION,,triangle-strategy
387,MS03_X04_BATTLE_01_BEFORE_F_ANA_0010.wav,MS03_X04_BATTLE_01_BEFORE_F_ANA_0010,396,396,396,397,แอนนา,main,female,anna,assets/triangle-strategy/approved_voice_references/anna.wav,มีกลุ่มนักวิจัยหลบหนีไปพร้อมกับเอกสารลับจากกระทรวงเจ้าค่ะ,,,PENDING_MANUAL_GENERATION,,triangle-strategy
388,MS03_X04_BATTLE_01_BEFORE_F_LYL_0010.wav,MS03_X04_BATTLE_01_BEFORE_F_LYL_0010,397,397,397,398,ไลล่า,npc,female,lyla,assets/triangle-strategy/approved_voice_references/lyla.wav,ชิ... ไม่อยากเชื่อว่ามีผู้ไม่ศรัทธาแฝงตัวอยู่ในกระทรวงด้วย!,,,PENDING_MANUAL_GENERATION,,triangle-strategy
389,MS03_X04_BATTLE_01_BEFORE_F_LYL_0020.wav,MS03_X04_BATTLE_01_BEFORE_F_LYL_0020,398,398,398,399,ไลล่า,npc,female,lyla,assets/triangle-strategy/approved_voice_references/lyla.wav,แกนนำสำคัญของพวกมันคือพลิเนียส ผู้หลบหนีไปพร้อมกับความลับกระทรวง,,,PENDING_MANUAL_GENERATION,,triangle-strategy
390,MS03_X04_BATTLE_01_BEFORE_F_LYL_0025.wav,MS03_X04_BATTLE_01_BEFORE_F_LYL_0025,399,399,399,400,ไลล่า,npc,female,lyla,assets/triangle-strategy/approved_voice_references/lyla.wav,ท่านต้องชิงเอกสารพวกนั้นกลับมานะ เอกซ์เฮม!,,,PENDING_MANUAL_GENERATION,,triangle-strategy
391,MS03_X04_BATTLE_01_BEFORE_F_LYL_0030.wav,MS03_X04_BATTLE_01_BEFORE_F_LYL_0030,400,400,400,401,ไลล่า,npc,female,lyla,assets/triangle-strategy/approved_voice_references/lyla.wav,ส่วนข้าจะอยู่ดูแลกระทรวงเอง อาจมีสายสืบแฝงตัวอยู่,,,PENDING_MANUAL_GENERATION,,triangle-strategy
392,MS03_X04_BATTLE_01_BEFORE_F_LYL_0040.wav,MS03_X04_BATTLE_01_BEFORE_F_LYL_0040,401,401,401,402,ไลล่า,npc,female,lyla,assets/triangle-strategy/approved_voice_references/lyla.wav,เอาคอเรนตินไปด้วยสิ สุดยอดนักวิจัยแนวหน้าของข้าเลย,,,PENDING_MANUAL_GENERATION,,triangle-strategy
393,MS03_X04_BATTLE_01_BEFORE_F_LYL_0050.wav,MS03_X04_BATTLE_01_BEFORE_F_LYL_0050,402,402,402,403,ไลล่า,npc,female,lyla,assets/triangle-strategy/approved_voice_references/lyla.wav,...คอเรนติน จงไปกับตระกูลวูล์ฟฟอร์ต และช่วยพวกเขาเก็บกู้เอกสารวิจัยจากพลิเนียสเสียเถิด,,,PENDING_MANUAL_GENERATION,,triangle-strategy
394,MS03_X04_BATTLE_01_BEFORE_M_BND_0010.wav,MS03_X04_BATTLE_01_BEFORE_M_BND_0010,403,403,403,404,เบเนดิกต์,main,male,benedict,assets/triangle-strategy/approved_voice_references/benedict.wav,คนที่เราตามจับกุมเป็นนักวิจัยผู้ช่ำชองเวทมนตร์ หากเรามีผู้ที่รอบรู้เวทมนตร์เช่นพวกเขาก็คงจะมีประโยชน์ไม่น้อยขอรับ...,,,PENDING_MANUAL_GENERATION,,triangle-strategy
395,MS03_X04_BATTLE_01_BEFORE_M_COR_0010.wav,MS03_X04_BATTLE_01_BEFORE_M_COR_0010,404,404,404,405,คอเรนติน,main,male,corentin,,...ตามบัญชาขอรับ ท่านรัฐมนตรี,,,BLOCKED_PENDING_REFERENCE_AUDIO,,triangle-strategy
396,MS03_X04_BATTLE_01_BEFORE_M_EGS_0010.wav,MS03_X04_BATTLE_01_BEFORE_M_EGS_0010,405,405,405,406,เอกซ์เฮม,npc,male,exharme,assets/triangle-strategy/approved_voice_references/exharme.wav,เป็นพวกนอกรีตที่ปฏิเสธหลักคำสอนน่ะ,,,PENDING_MANUAL_GENERATION,,triangle-strategy
397,MS03_X04_BATTLE_01_BEFORE_M_EGS_0020.wav,MS03_X04_BATTLE_01_BEFORE_M_EGS_0020,406,406,406,407,เอกซ์เฮม,npc,male,exharme,assets/triangle-strategy/approved_voice_references/exharme.wav,ได้เลย,,,PENDING_MANUAL_GENERATION,,triangle-strategy
398,MS03_X04_BATTLE_01_BEFORE_M_EGS_0030.wav,MS03_X04_BATTLE_01_BEFORE_M_EGS_0030,407,407,407,408,เอกซ์เฮม,npc,male,exharme,assets/triangle-strategy/approved_voice_references/exharme.wav,...แต่ป่านนี้ไม่รู้ว่าไปหลบอยู่ที่ไหนของเมืองแล้วล่ะ ข้าจะบอกให้ทุกคนคอยเฝ้าสังเกตการณ์แล้วกัน,,,PENDING_MANUAL_GENERATION,,triangle-strategy
399,MS03_X04_BATTLE_01_BEFORE_M_EGS_0040.wav,MS03_X04_BATTLE_01_BEFORE_M_EGS_0040,408,408,408,409,เอกซ์เฮม,npc,male,exharme,assets/triangle-strategy/approved_voice_references/exharme.wav,...สงสัยคงติดหนี้ท่านแล้ว ลอร์ดเซเรโนอา,,,PENDING_MANUAL_GENERATION,,triangle-strategy
400,MS03_X04_BATTLE_01_BEFORE_M_RLN_0010.wav,MS03_X04_BATTLE_01_BEFORE_M_RLN_0010,409,409,409,410,โรแลนด์,main,male,roland,assets/triangle-strategy/approved_voice_references/roland.wav,ผู้ไม่ศรัทธาเหรอ?,,,PENDING_MANUAL_GENERATION,,triangle-strategy
401,MS03_X04_BATTLE_01_BEFORE_M_SEL_0010.wav,MS03_X04_BATTLE_01_BEFORE_M_SEL_0010,410,410,410,411,เซเรโนอา,main,male,serenoa,assets/triangle-strategy/approved_voice_references/serenoa.wav,แอนนา เกิดอะไรขึ้น?,,,PENDING_MANUAL_GENERATION,,triangle-strategy
402,MS03_X04_BATTLE_01_BEFORE_M_SEL_0020.wav,MS03_X04_BATTLE_01_BEFORE_M_SEL_0020,411,411,411,412,เซเรโนอา,main,male,serenoa,assets/triangle-strategy/approved_voice_references/serenoa.wav,รัฐมนตรีเอกซ์เฮม พวกเรายินดีจะช่วยท่านขอรับ,,,PENDING_MANUAL_GENERATION,,triangle-strategy
403,MS03_X04_BATTLE_01_BEFORE_M_SEL_0030.wav,MS03_X04_BATTLE_01_BEFORE_M_SEL_0030,412,412,412,413,เซเรโนอา,main,male,serenoa,assets/triangle-strategy/approved_voice_references/serenoa.wav,เอาล่ะสหายข้า...การไล่ล่าเริ่มขึ้นแล้ว!,,,PENDING_MANUAL_GENERATION,,triangle-strategy
404,MS03_X04_BATTLE_01_DRAMA_F_YRA_0010.wav,MS03_X04_BATTLE_01_DRAMA_F_YRA_0010,413,413,413,414,จีล่า,main,female,geela,assets/triangle-strategy/approved_voice_references/geela.wav,เข้าใจแล้ว เจ้าควบคุมน้ำแข็งได้สินะ,,,PENDING_MANUAL_GENERATION,,triangle-strategy
405,MS03_X04_BATTLE_01_DRAMA_F_YRA_0020.wav,MS03_X04_BATTLE_01_DRAMA_F_YRA_0020,414,414,414,415,จีล่า,main,female,geela,assets/triangle-strategy/approved_voice_references/geela.wav,ข้าไม่ใช่คนสำคัญหรอก น่าจะจำผิดคนแล้วล่ะ,,,PENDING_MANUAL_GENERATION,,triangle-strategy
406,MS03_X04_BATTLE_01_DRAMA_M_COR_0010.wav,MS03_X04_BATTLE_01_DRAMA_M_COR_0010,415,415,415,416,คอเรนติน,main,male,corentin,,พลิเนียส... เจ้าอยู่ที่นี่ไม่รอดด้วยความใฝ่รู้อย่างเดียวหรอก,,,BLOCKED_PENDING_REFERENCE_AUDIO,,triangle-strategy
407,MS03_X04_BATTLE_01_DRAMA_M_COR_0020.wav,MS03_X04_BATTLE_01_DRAMA_M_COR_0020,416,416,416,417,คอเรนติน,main,male,corentin,,ในฐานะที่เป็นนักวิจัย ข้าเข้าใจสถานการณ์ของเจ้าดี แต่มันยกโทษให้ไม่ได้หรอก...,,,BLOCKED_PENDING_REFERENCE_AUDIO,,triangle-strategy
408,MS03_X04_BATTLE_01_DRAMA_M_COR_0030.wav,MS03_X04_BATTLE_01_DRAMA_M_COR_0030,417,417,417,418,คอเรนติน,main,male,corentin,,หืม? เราเคยเจอกันมาก่อนรึเปล่า? เจ้าชื่ออะไรนะ?,,,BLOCKED_PENDING_REFERENCE_AUDIO,,triangle-strategy
409,MS03_X04_BATTLE_01_DRAMA_M_EGS_0010.wav,MS03_X04_BATTLE_01_DRAMA_M_EGS_0010,418,418,418,419,เอกซ์เฮม,npc,male,exharme,assets/triangle-strategy/approved_voice_references/exharme.wav,พลิเนียส ยอมจำนนซะ! คนนอกรีตอย่างเจ้าหมดหนทางหนีแล้ว!,,,PENDING_MANUAL_GENERATION,,triangle-strategy
410,MS03_X04_BATTLE_01_DRAMA_M_EGS_0020.wav,MS03_X04_BATTLE_01_DRAMA_M_EGS_0020,419,419,419,420,เอกซ์เฮม,npc,male,exharme,assets/triangle-strategy/approved_voice_references/exharme.wav,การขโมยเอกสารสำคัญของชาติถือเป็นคดีร้ายแรง เจ้าเองก็รู้อยู่แก่ใจนี่!,,,PENDING_MANUAL_GENERATION,,triangle-strategy
411,MS03_X04_BATTLE_01_DRAMA_M_MB103_0010.wav,MS03_X04_BATTLE_01_DRAMA_M_MB103_0010,420,420,420,421,นักวิจัยไฮแซนต์,generic,male,MALE_ADULT_C,assets/triangle-strategy/approved_voice_references/MALE_ADULT_C.wav,งานวิจัยนี้เป็นผลงานทั้งชีวิตของข้า! ข้าทุ่มเทกับมันด้วยน้ำพักน้ำแรง! แล้วมันผิดตรงไหนที่ข้าจะเอาไปเป็นของตัวเอง!?,,,PENDING_MANUAL_GENERATION,,triangle-strategy
412,MS03_X04_BATTLE_01_DRAMA_M_MB103_0020.wav,MS03_X04_BATTLE_01_DRAMA_M_MB103_0020,421,421,421,422,นักวิจัยไฮแซนต์,generic,male,MALE_ADULT_C,assets/triangle-strategy/approved_voice_references/MALE_ADULT_C.wav,เจ้าเข้าใจข้าใช่ไหม คอเรนติน? ปล่อยข้าไปเถอะ!,,,PENDING_MANUAL_GENERATION,,triangle-strategy
413,MS03_X04_BATTLE_01_DRAMA_M_MB103_0030.wav,MS03_X04_BATTLE_01_DRAMA_M_MB103_0030,422,422,422,423,นักวิจัยไฮแซนต์,generic,male,MALE_ADULT_C,assets/triangle-strategy/approved_voice_references/MALE_ADULT_C.wav,หลีกทางซะ! งานวิจัยนี้เป็นของข้า! จะไม่มีใครได้แตะต้องมันทั้งนั้น!,,,PENDING_MANUAL_GENERATION,,triangle-strategy
414,MS03_X04_BATTLE_01_DRAMA_M_MB103_0040.wav,MS03_X04_BATTLE_01_DRAMA_M_MB103_0040,423,423,423,424,นักวิจัยไฮแซนต์,generic,male,MALE_ADULT_C,assets/triangle-strategy/approved_voice_references/MALE_ADULT_C.wav,แล้วพวกเจ้าจะเสียใจที่มาล้อเล่นกับข้า! เจ้าต้องชดใช้ความอวดดีด้วยชีวิต!,,,PENDING_MANUAL_GENERATION,,triangle-strategy
415,MS03_X04_BATTLE_01_DRAMA_M_MB103_0050.wav,MS03_X04_BATTLE_01_DRAMA_M_MB103_0050,424,424,424,425,นักวิจัยไฮแซนต์,generic,male,MALE_ADULT_C,assets/triangle-strategy/approved_voice_references/MALE_ADULT_C.wav,เพราะอะไร ท่านเทพธิดา? ข้าไม่ใช่หมากของท่านนะ... ข้าเป็น...,,,PENDING_MANUAL_GENERATION,,triangle-strategy
416,MS03_X04_BATTLE_01_DRAMA_M_MB103_0060.wav,MS03_X04_BATTLE_01_DRAMA_M_MB103_0060,425,425,425,426,นักวิจัยไฮแซนต์,generic,male,MALE_ADULT_C,assets/triangle-strategy/approved_voice_references/MALE_ADULT_C.wav,ข้าได้รับอิสรภาพแล้ว ข้าไม่ใช่นักโทษของเทพธิดาอีกต่อไป!,,,PENDING_MANUAL_GENERATION,,triangle-strategy
417,MS03_X04_BATTLE_01_DRAMA_M_SEL_0010.wav,MS03_X04_BATTLE_01_DRAMA_M_SEL_0010,426,426,426,427,เซเรโนอา,main,male,serenoa,assets/triangle-strategy/approved_voice_references/serenoa.wav,ที่ข้าเคยได้ยินว่าไฮแซนต์คือดินแดนที่ไม่มีใครต้องดิ้นรน สงสัยมันคงจะดีเกินจริงสินะ...,,,PENDING_MANUAL_GENERATION,,triangle-strategy
418,MS03_X04_BATTLE_01_DRAMA_M_SEL_0020.wav,MS03_X04_BATTLE_01_DRAMA_M_SEL_0020,427,427,427,428,เซเรโนอา,main,male,serenoa,assets/triangle-strategy/approved_voice_references/serenoa.wav,อย่าปล่อยให้พลิเนียสกับลูกน้องหนีไปได้ ตามพวกเขาไป!,,,PENDING_MANUAL_GENERATION,,triangle-strategy
419,MS03_X04_C0_0010_F_LYL_0010.wav,MS03_X04_C0_0010_F_LYL_0010,429,429,429,430,ไลล่า,npc,female,lyla,assets/triangle-strategy/approved_voice_references/lyla.wav,หัวหน้านักบวชอาศัยอยู่ที่นี่,,,PENDING_MANUAL_GENERATION,,triangle-strategy
420,MS03_X04_C0_0010_M_EGS_0010.wav,MS03_X04_C0_0010_M_EGS_0010,433,433,433,434,เอกซ์เฮม,npc,male,exharme,assets/triangle-strategy/approved_voice_references/exharme.wav,ขออภัยที่ขัดจังหวะ ลอร์ดเซเรโนอา วูล์ฟฟอร์ต ได้มาส่งพวกเราในนามของฝ่าบาทเร็กน่าขอรับ,,,PENDING_MANUAL_GENERATION,,triangle-strategy
421,MS03_X04_C0_0010_M_EGS_0020.wav,MS03_X04_C0_0010_M_EGS_0020,434,434,434,435,เอกซ์เฮม,npc,male,exharme,assets/triangle-strategy/approved_voice_references/exharme.wav,ตอบเลี่ยงปัญหาได้ดีนี่...ลอร์ดเซเรโนอา,,,PENDING_MANUAL_GENERATION,,triangle-strategy
422,MS03_X04_C0_0010_M_IDO_0010.wav,MS03_X04_C0_0010_M_IDO_0010,435,435,435,436,อีดอร์,npc,male,idore,,หัวหน้านักบวชพูดกับท่านน่ะ,,,BLOCKED_PENDING_REFERENCE_AUDIO,,triangle-strategy
423,MS03_X04_C0_0010_M_IDO_0020.wav,MS03_X04_C0_0010_M_IDO_0020,436,436,436,437,อีดอร์,npc,male,idore,,"""เซเรโนอา วูล์ฟฟอร์ต ขอบคุณที่มาเยี่ยมเรานะ""",,,BLOCKED_PENDING_REFERENCE_AUDIO,,triangle-strategy
424,MS03_X04_C0_0010_M_IDO_0030.wav,MS03_X04_C0_0010_M_IDO_0030,437,437,437,438,อีดอร์,npc,male,idore,,"""พวกเราดีใจเป็นอย่างยิ่งที่ท่านมาแสดงตัวในอาณาจักรของเรา""",,,BLOCKED_PENDING_REFERENCE_AUDIO,,triangle-strategy
425,MS03_X04_C0_0010_M_IDO_0040.wav,MS03_X04_C0_0010_M_IDO_0040,438,438,438,439,อีดอร์,npc,male,idore,,ตระกูลวูล์ฟฟอร์ตกับไฮแซนต์ผูกสัมพันธ์อย่างแน่นแฟ้นตั้งแต่สงครามซอลท์ไอรอน,,,BLOCKED_PENDING_REFERENCE_AUDIO,,triangle-strategy
426,MS03_X04_C0_0010_M_IDO_0050.wav,MS03_X04_C0_0010_M_IDO_0050,439,439,439,440,อีดอร์,npc,male,idore,,ข้าขอพูดแทนในนามของเจ็ดผู้ศักดิ์สิทธิ์ ข้าหวังให้มิตรภาพของเราแน่นแฟ้นเช่นเดียวกันกับพ่อของท่าน,,,BLOCKED_PENDING_REFERENCE_AUDIO,,triangle-strategy
427,MS03_X04_C0_0010_M_IDO_0060.wav,MS03_X04_C0_0010_M_IDO_0060,440,440,440,441,อีดอร์,npc,male,idore,,อีกไม่นานหรอก ได้ยินว่าท่านจะมาแทนที่ลอร์ดซีมอนในกิจการเหมืองแร่สินะ,,,BLOCKED_PENDING_REFERENCE_AUDIO,,triangle-strategy
428,MS03_X04_C0_0010_M_IDO_0070.wav,MS03_X04_C0_0010_M_IDO_0070,441,441,441,442,อีดอร์,npc,male,idore,,หัวหน้านักบวชอยากจะฟังความคิดเห็นของเจ้าในปฏิบัติการนี้,,,BLOCKED_PENDING_REFERENCE_AUDIO,,triangle-strategy
429,MS03_X04_C0_0010_M_IDO_0090.wav,MS03_X04_C0_0010_M_IDO_0090,442,442,442,443,อีดอร์,npc,male,idore,,"""ข้าปรารถนาจะแบ่งปันพรของเทพธิดากับชาวนอร์เซเลียทุกคน""",,,BLOCKED_PENDING_REFERENCE_AUDIO,,triangle-strategy
430,MS03_X04_C0_0010_M_IDO_0100.wav,MS03_X04_C0_0010_M_IDO_0100,443,443,443,444,อีดอร์,npc,male,idore,,พระองค์ทรงต้องการให้โลกนี้มีความเท่าเทียมกันทุกคนน่ะ,,,BLOCKED_PENDING_REFERENCE_AUDIO,,triangle-strategy
431,MS03_X04_C0_0010_M_IDO_0110.wav,MS03_X04_C0_0010_M_IDO_0110,444,444,444,445,อีดอร์,npc,male,idore,,แน่นอน พระองค์เองก็คิดเหมือนท่าน,,,BLOCKED_PENDING_REFERENCE_AUDIO,,triangle-strategy
432,MS03_X04_C0_0010_M_IDO_0120.wav,MS03_X04_C0_0010_M_IDO_0120,445,445,445,446,อีดอร์,npc,male,idore,,หากทุกคนได้รับผลประโยชน์ถ้วนหน้ากัน สันติภาพและความสุขก็คงตามมา,,,BLOCKED_PENDING_REFERENCE_AUDIO,,triangle-strategy
433,MS03_X04_C0_0010_M_IDO_0130.wav,MS03_X04_C0_0010_M_IDO_0130,446,446,446,447,อีดอร์,npc,male,idore,,เพราะมันยากจึงควรค่าแก่การลองยังไงล่ะ พวกเราจะนำสันติสุขอันแท้จริงมาสู่นอร์เซเลียเอง,,,BLOCKED_PENDING_REFERENCE_AUDIO,,triangle-strategy
434,MS03_X04_C0_0010_M_IDO_0135.wav,MS03_X04_C0_0010_M_IDO_0135,447,447,447,448,อีดอร์,npc,male,idore,,แต่ก็ปฏิเสธไม่ได้ที่ข้าสงสัย ท่านช่วยพูดต่อด้วย,,,BLOCKED_PENDING_REFERENCE_AUDIO,,triangle-strategy
435,MS03_X04_C0_0010_M_IDO_0140.wav,MS03_X04_C0_0010_M_IDO_0140,448,448,448,449,อีดอร์,npc,male,idore,,...เข้าใจแล้ว ท่านเชื่อในเสรีภาพและการแข่งขันสินะ,,,BLOCKED_PENDING_REFERENCE_AUDIO,,triangle-strategy
436,MS03_X04_C0_0010_M_IDO_0150.wav,MS03_X04_C0_0010_M_IDO_0150,449,449,449,450,อีดอร์,npc,male,idore,,แต่ในโลกแบบนั้น... ผู้แข็งแกร่งจะเจริญ ส่วนผู้อ่อนแอจะนั่งจมกองน้ำตา,,,BLOCKED_PENDING_REFERENCE_AUDIO,,triangle-strategy
437,MS03_X04_C0_0010_M_IDO_0160.wav,MS03_X04_C0_0010_M_IDO_0160,450,450,450,451,อีดอร์,npc,male,idore,,...ลอร์ดเซเรโนอา พระองค์ต้องการให้นอร์เซเลียมีสันติภาพและความเท่าเทียมเสมอกัน,,,BLOCKED_PENDING_REFERENCE_AUDIO,,triangle-strategy
438,MS03_X04_C0_0010_M_IDO_0170.wav,MS03_X04_C0_0010_M_IDO_0170,451,451,451,452,อีดอร์,npc,male,idore,,เราหวังให้ท่านเข้าใจในเจตนาอันดีของเราด้วย,,,BLOCKED_PENDING_REFERENCE_AUDIO,,triangle-strategy
439,MS03_X04_C0_0010_M_IDO_0180.wav,MS03_X04_C0_0010_M_IDO_0180,452,452,452,453,อีดอร์,npc,male,idore,,เทพธิดาทรงดูแลเหล่าผู้ศรัทธาของนางเสมอ ขอให้นางคุ้มครองพวกท่านด้วย,,,BLOCKED_PENDING_REFERENCE_AUDIO,,triangle-strategy
440,MS03_X04_C0_0010_M_IDO_0190.wav,MS03_X04_C0_0010_M_IDO_0190,453,453,453,454,อีดอร์,npc,male,idore,,โฮะๆๆ... ท่านช่างใฝ่รู้จริงๆ องค์ชายโรแลนด์ สมแล้วที่ฝ่าบาทเลี้ยงดูท่านอย่างดี,,,BLOCKED_PENDING_REFERENCE_AUDIO,,triangle-strategy
441,MS03_X04_C0_0010_M_IDO_0200.wav,MS03_X04_C0_0010_M_IDO_0200,454,454,454,455,อีดอร์,npc,male,idore,,แน่นอนว่าหลักคำสอนของเทพธิดาถือเป็นแก่นแท้แห่งความเท่าเทียมที่ประชาชนของเราได้รับ,,,BLOCKED_PENDING_REFERENCE_AUDIO,,triangle-strategy
442,MS03_X04_C0_0010_M_IDO_0210.wav,MS03_X04_C0_0010_M_IDO_0210,455,455,455,456,อีดอร์,npc,male,idore,,แต่รัฐศักดิ์สิทธิ์ก็มีมาตรการอื่นๆ เพื่อรับประกันความสุขของประชาชนเช่นกันขอรับ,,,BLOCKED_PENDING_REFERENCE_AUDIO,,triangle-strategy
443,MS03_X04_C0_0010_M_IDO_0220.wav,MS03_X04_C0_0010_M_IDO_0220,456,456,456,457,อีดอร์,npc,male,idore,,พวกเราทำให้ท่านสนใจได้แล้วสินะ รัฐมนตรีไลล่า ช่วยดูแลแขกของเราต่อด้วย,,,BLOCKED_PENDING_REFERENCE_AUDIO,,triangle-strategy
444,MS03_X04_C0_0010_M_IDO_0230.wav,MS03_X04_C0_0010_M_IDO_0230,457,457,457,458,อีดอร์,npc,male,idore,,ช่วยพาพวกเขาเดินชมรอบกระทรวง ให้พวกเขาได้เห็นการศึกษาวิจัยด้านชีวิตและเวทมนตร์เสียเถิด,,,BLOCKED_PENDING_REFERENCE_AUDIO,,triangle-strategy
445,MS03_X04_C0_0010_M_KNS_0010.wav,MS03_X04_C0_0010_M_KNS_0010,458,458,458,459,แคมเซลล์,npc,male,kamsell,,ท่านมีหน้าที่ในการนำสารของเทพธิดามาสู่เรา,,,BLOCKED_PENDING_REFERENCE_AUDIO,,triangle-strategy
446,MS03_X04_C0_0010_M_KNS_0020.wav,MS03_X04_C0_0010_M_KNS_0020,459,459,459,460,แคมเซลล์,npc,male,kamsell,,ไม่มีใครมีสิทธิสบตากับพระองค์ รวมถึงรัฐมนตรีอีดอร์ผู้นำสารจากพระองค์มาสู่เราอีกทีด้วย,,,BLOCKED_PENDING_REFERENCE_AUDIO,,triangle-strategy
447,MS03_X04_C0_0010_M_KNS_0030.wav,MS03_X04_C0_0010_M_KNS_0030,460,460,460,461,แคมเซลล์,npc,male,kamsell,,มันคืออุดมการณ์ที่ข้าอยากให้ทุกคนที่มีส่วนเกี่ยวข้องคิดแบบนี้เช่นกัน...,,,BLOCKED_PENDING_REFERENCE_AUDIO,,triangle-strategy
448,MS03_X04_C0_0010_M_KNS_0040.wav,MS03_X04_C0_0010_M_KNS_0040,461,461,461,462,แคมเซลล์,npc,male,kamsell,,กระทรวงโอสถของรัฐมนตรีไลล่า ซึ่งทุ่มเทกับการถนอมชีวิต ก็เป็นอีกตัวอย่างหนึ่งเช่นกัน,,,BLOCKED_PENDING_REFERENCE_AUDIO,,triangle-strategy
449,MS03_X04_C0_0010_M_KNS_0050.wav,MS03_X04_C0_0010_M_KNS_0050,462,462,462,463,แคมเซลล์,npc,male,kamsell,,ผลการวิจัยของพวกเขา ช่วยชีวิตผู้เจ็บป่วยนับไม่ถ้วนให้มีสุขภาพดีและอายุยืนยาวขอรับ,,,BLOCKED_PENDING_REFERENCE_AUDIO,,triangle-strategy
450,MS03_X04_C0_0010_M_RLN_0010.wav,MS03_X04_C0_0010_M_RLN_0010,463,463,463,464,โรแลนด์,main,male,roland,assets/triangle-strategy/approved_voice_references/roland.wav,ขออภัยที่แอบมาเยี่ยมท่านอย่างลับๆนะขอรับ แต่ข้ามีบางสิ่งที่อยากจะถาม,,,PENDING_MANUAL_GENERATION,,triangle-strategy
451,MS03_X04_C0_0010_M_RLN_0020.wav,MS03_X04_C0_0010_M_RLN_0020,464,464,464,465,โรแลนด์,main,male,roland,assets/triangle-strategy/approved_voice_references/roland.wav,ได้ยินมาว่า ชาวไฮแซนต์อยู่อาศัยอย่างเท่าเทียมกัน,,,PENDING_MANUAL_GENERATION,,triangle-strategy
452,MS03_X04_C0_0010_M_RLN_0030.wav,MS03_X04_C0_0010_M_RLN_0030,465,465,465,466,โรแลนด์,main,male,roland,assets/triangle-strategy/approved_voice_references/roland.wav,เขาบอกกันว่า เทพธิดาจะอวยพรทุกคนที่ปฏิบัติตามคำสอนของนาง เหตุผลมีแค่นั้นจริงๆเหรอขอรับ?,,,PENDING_MANUAL_GENERATION,,triangle-strategy
453,MS03_X04_C0_0010_M_SEL_0010.wav,MS03_X04_C0_0010_M_SEL_0010,466,466,466,467,เซเรโนอา,main,male,serenoa,assets/triangle-strategy/approved_voice_references/serenoa.wav,ถือเป็นเกียรติอย่างยิ่งขอรับ แต่ข้าไม่คู่ควรกับคำสรรเสริญเช่นนั้นเลย,,,PENDING_MANUAL_GENERATION,,triangle-strategy
454,MS03_X04_C0_0010_M_SEL_0020.wav,MS03_X04_C0_0010_M_SEL_0020,467,467,467,468,เซเรโนอา,main,male,serenoa,assets/triangle-strategy/approved_voice_references/serenoa.wav,แน่นอนขอรับ ข้าจะพยายามและเก่งกาจให้ได้เช่นเดียวกับเขา,,,PENDING_MANUAL_GENERATION,,triangle-strategy
455,MS03_X04_C0_0010_M_SEL_0040.wav,MS03_X04_C0_0010_M_SEL_0040,468,468,468,469,เซเรโนอา,main,male,serenoa,assets/triangle-strategy/approved_voice_references/serenoa.wav,ข้าคิดว่ามันเป็นก้าวสำคัญสู่สันติระหว่างอาณาจักรทั้งสามขอรับ,,,PENDING_MANUAL_GENERATION,,triangle-strategy
456,MS03_X04_C0_0010_M_SEL_0050.wav,MS03_X04_C0_0010_M_SEL_0050,469,469,469,470,เซเรโนอา,main,male,serenoa,assets/triangle-strategy/approved_voice_references/serenoa.wav,ข้าขออนุญาตถาม...อุดมการณ์ของพระองค์คืออะไรเหรอขอรับ?,,,PENDING_MANUAL_GENERATION,,triangle-strategy
457,MS03_X04_C0_0010_M_SEL_0060.wav,MS03_X04_C0_0010_M_SEL_0060,470,470,470,471,เซเรโนอา,main,male,serenoa,assets/triangle-strategy/approved_voice_references/serenoa.wav,ข้าคิดว่ามันเป็นปฏิบัติการที่ส่งผลประโยชน์ต่อทุกคนอย่างเท่าเทียมกันขอรับ,,,PENDING_MANUAL_GENERATION,,triangle-strategy
458,MS03_X04_C0_0010_M_SEL_0070.wav,MS03_X04_C0_0010_M_SEL_0070,471,471,471,472,เซเรโนอา,main,male,serenoa,assets/triangle-strategy/approved_voice_references/serenoa.wav,แต่การสร้างสังคมเท่าเทียมที่ทุกคนยอมรับมันไม่ใช่เรื่องง่ายเลย,,,PENDING_MANUAL_GENERATION,,triangle-strategy
459,MS03_X04_C0_0010_M_SEL_0080.wav,MS03_X04_C0_0010_M_SEL_0080,472,472,472,473,เซเรโนอา,main,male,serenoa,assets/triangle-strategy/approved_voice_references/serenoa.wav,ข้ากลัวว่าเจตนารมณ์ของอาณาจักรทั้งสามจะไม่ตรงกัน และมันจะก่อให้เกิดปัญหาในอนาคตขอรับ,,,PENDING_MANUAL_GENERATION,,triangle-strategy
460,MS03_X04_C0_0010_M_SEL_0090.wav,MS03_X04_C0_0010_M_SEL_0090,473,473,473,474,เซเรโนอา,main,male,serenoa,assets/triangle-strategy/approved_voice_references/serenoa.wav,แม้ว่าเราจะทำงานร่วมกัน แต่เจตนาของเรานั้นต่างกัน ข้าไม่ขอแย้ง,,,PENDING_MANUAL_GENERATION,,triangle-strategy
461,MS03_X04_C0_0010_M_SEL_0100.wav,MS03_X04_C0_0010_M_SEL_0100,474,474,474,475,เซเรโนอา,main,male,serenoa,assets/triangle-strategy/approved_voice_references/serenoa.wav,แต่เราต้องยอมรับความจริงถ้าต้องการเจริญไปด้วยกัน,,,PENDING_MANUAL_GENERATION,,triangle-strategy
462,MS03_X04_C0_0010_M_SEL_0110.wav,MS03_X04_C0_0010_M_SEL_0110,475,475,475,476,เซเรโนอา,main,male,serenoa,assets/triangle-strategy/approved_voice_references/serenoa.wav,ถึงจะเป็นแบบนั้นก็เถอะ...,,,PENDING_MANUAL_GENERATION,,triangle-strategy
463,MS03_X04_C0_0010_M_SEL_0120.wav,MS03_X04_C0_0010_M_SEL_0120,476,476,476,477,เซเรโนอา,main,male,serenoa,assets/triangle-strategy/approved_voice_references/serenoa.wav,...ขอรับ,,,PENDING_MANUAL_GENERATION,,triangle-strategy
464,MS03_X04_C0_0010_M_SEL_0130.wav,MS03_X04_C0_0010_M_SEL_0130,477,477,477,478,เซเรโนอา,main,male,serenoa,assets/triangle-strategy/approved_voice_references/serenoa.wav,น่าสนใจ... ชักอยากรู้เรื่องการค้นพบด้านการแพทย์ของไฮแซนต์ซะแล้วสิ,,,PENDING_MANUAL_GENERATION,,triangle-strategy
465,MS03_X04_C0_0010_M_SLS_0010.wav,MS03_X04_C0_0010_M_SLS_0010,478,478,478,479,ซอสเลย์,npc,male,sorsley,assets/triangle-strategy/approved_voice_references/sorsley.wav,ลอร์ดเซเรโนอา...นั่นมันขัดต่อความทุ่มเทของเราในปฏิบัติการนี้เลยไม่ใช่เหรอ?,,,PENDING_MANUAL_GENERATION,,triangle-strategy
466,MS03_X04_C0_2010_F_FRE_0010.wav,MS03_X04_C0_2010_F_FRE_0010,479,479,479,480,เฟรเดอริก้า,main,female,frederica,assets/triangle-strategy/approved_voice_references/frederica.wav,เสียงอะไรน่ะ?,,,PENDING_MANUAL_GENERATION,,triangle-strategy
467,MS03_X04_C0_2010_F_FRE_0020.wav,MS03_X04_C0_2010_F_FRE_0020,480,480,480,481,เฟรเดอริก้า,main,female,frederica,assets/triangle-strategy/approved_voice_references/frederica.wav,องค์ชายโรแลนด์ ท่านมาที่นี่อย่างลับๆ ท่านไม่ควรคัดค้านหลักความเชื่อแห่งอาณาจักรอื่นนะเจ้าคะ,,,PENDING_MANUAL_GENERATION,,triangle-strategy
468,MS03_X04_C0_2010_F_FRE_0030.wav,MS03_X04_C0_2010_F_FRE_0030,481,481,481,482,เฟรเดอริก้า,main,female,frederica,assets/triangle-strategy/approved_voice_references/frederica.wav,ข้าไม่ติดขัดอะไรเจ้าค่ะ,,,PENDING_MANUAL_GENERATION,,triangle-strategy
469,MS03_X04_C0_2010_F_FRE_0040.wav,MS03_X04_C0_2010_F_FRE_0040,482,482,482,483,เฟรเดอริก้า,main,female,frederica,assets/triangle-strategy/approved_voice_references/frederica.wav,ไม่ต้องขอโทษหรอก ทำตามหน้าที่ของเรากันเถอะ,,,PENDING_MANUAL_GENERATION,,triangle-strategy
470,MS03_X04_C0_2010_F_LYL_0010.wav,MS03_X04_C0_2010_F_LYL_0010,483,483,483,484,ไลล่า,npc,female,lyla,assets/triangle-strategy/approved_voice_references/lyla.wav,ถูกแล้วล่ะ ชาวไฮแซนต์สวดอธิษฐานต่อหน้ารูปปั้นเทพธิดาทุกวัน,,,PENDING_MANUAL_GENERATION,,triangle-strategy
471,MS03_X04_C0_2010_F_LYL_0020.wav,MS03_X04_C0_2010_F_LYL_0020,484,484,484,485,ไลล่า,npc,female,lyla,assets/triangle-strategy/approved_voice_references/lyla.wav,พวกเขาขอบคุณสำหรับของขวัญที่นางมอบให้ ซึ่งก็คือนาเกลือที่เก็บเกี่ยวทรัพยากรเกลือของนอร์เซเลียเอาไว้,,,PENDING_MANUAL_GENERATION,,triangle-strategy
472,MS03_X04_C0_2010_F_LYL_0030.wav,MS03_X04_C0_2010_F_LYL_0030,485,485,485,486,ไลล่า,npc,female,lyla,assets/triangle-strategy/approved_voice_references/lyla.wav,ชาวไฮแซนต์ทุกคนมีอาหาร เสื้อผ้า และที่อยู่อาศัย รัฐศักดิ์สิทธิ์ของเราทำทุกหนทางเพื่อขจัดความยากจนออกไปและทำให้ทุกคนเท่าเทียมกัน,,,PENDING_MANUAL_GENERATION,,triangle-strategy
473,MS03_X04_C0_2010_F_LYL_0040.wav,MS03_X04_C0_2010_F_LYL_0040,486,486,486,487,ไลล่า,npc,female,lyla,assets/triangle-strategy/approved_voice_references/lyla.wav,จึงเป็นผลให้ผู้คนไร้ซึ่งความอิจฉา ไม่อยากร่ำรวยอย่างเห็นแก่ตัว,,,PENDING_MANUAL_GENERATION,,triangle-strategy
474,MS03_X04_C0_2010_F_LYL_0050.wav,MS03_X04_C0_2010_F_LYL_0050,487,487,487,488,ไลล่า,npc,female,lyla,assets/triangle-strategy/approved_voice_references/lyla.wav,ก่อนที่เราจะไปเยี่ยมหัวหน้านักบวช ข้าขอเตือนอย่างหนึ่ง เรื่องท่านหญิงเฟรเดอริก้า,,,PENDING_MANUAL_GENERATION,,triangle-strategy
475,MS03_X04_C0_2010_M_BND_0010.wav,MS03_X04_C0_2010_M_BND_0010,488,488,488,489,เบเนดิกต์,main,male,benedict,assets/triangle-strategy/approved_voice_references/benedict.wav,ช่วงเวลาแห่งการสักการะที่ข้าได้ยินมาบ่อยครั้งสินะ?,,,PENDING_MANUAL_GENERATION,,triangle-strategy
476,MS03_X04_C0_2010_M_BND_0020.wav,MS03_X04_C0_2010_M_BND_0020,489,489,489,490,เบเนดิกต์,main,male,benedict,assets/triangle-strategy/approved_voice_references/benedict.wav,แต่การจะทำให้เท่าเทียมกันอย่างแท้จริง มันเป็นไปไม่ได้หรอก,,,PENDING_MANUAL_GENERATION,,triangle-strategy
477,MS03_X04_C0_2010_M_EGS_0030.wav,MS03_X04_C0_2010_M_EGS_0030,491,491,491,492,เอกซ์เฮม,npc,male,exharme,assets/triangle-strategy/approved_voice_references/exharme.wav,โดยปกติแล้ว ผู้ปกครองอาณาจักรของเราไม่อนุญาตให้ชาวโรเซลล์เข้าพบ,,,PENDING_MANUAL_GENERATION,,triangle-strategy
478,MS03_X04_C0_2010_M_EGS_0040.wav,MS03_X04_C0_2010_M_EGS_0040,492,492,492,493,เอกซ์เฮม,npc,male,exharme,assets/triangle-strategy/approved_voice_references/exharme.wav,ซึ่งเราอธิบายสถานการณ์ไปแล้ว และนางก็ได้รับอนุญาตให้เข้าเฝ้าในฐานะผู้แทน,,,PENDING_MANUAL_GENERATION,,triangle-strategy
479,MS03_X04_C0_2010_M_EGS_0050.wav,MS03_X04_C0_2010_M_EGS_0050,493,493,493,494,เอกซ์เฮม,npc,male,exharme,assets/triangle-strategy/approved_voice_references/exharme.wav,ขอบคุณที่เข้าใจขอรับ ข้าจะพาพวกท่านไปที่ตำหนักเอง,,,PENDING_MANUAL_GENERATION,,triangle-strategy
480,MS03_X04_C0_2010_M_ELA_0010.wav,MS03_X04_C0_2010_M_ELA_0010,494,494,494,495,เอราดอร์,main,male,erador,assets/triangle-strategy/approved_voice_references/erador.wav,ว่าแต่ ไม่มีใครอาศัยจังหวะนี้ในการปล้นชาวบ้านบ้างเลยเหรอ?,,,PENDING_MANUAL_GENERATION,,triangle-strategy
481,MS03_X04_C0_2010_M_RLN_0010.wav,MS03_X04_C0_2010_M_RLN_0010,495,495,495,496,โรแลนด์,main,male,roland,assets/triangle-strategy/approved_voice_references/roland.wav,หรือว่านี่จะเป็น...?,,,PENDING_MANUAL_GENERATION,,triangle-strategy
482,MS03_X04_C0_2010_M_RLN_0020.wav,MS03_X04_C0_2010_M_RLN_0020,496,496,496,497,โรแลนด์,main,male,roland,assets/triangle-strategy/approved_voice_references/roland.wav,การเห็นทุกคนสักการะพร้อมกัน...ช่างน่าทึ่งเสียจริง,,,PENDING_MANUAL_GENERATION,,triangle-strategy
483,MS03_X04_C0_2010_M_RLN_0030.wav,MS03_X04_C0_2010_M_RLN_0030,497,497,497,498,โรแลนด์,main,male,roland,assets/triangle-strategy/approved_voice_references/roland.wav,หากทุกคนเท่าเทียม ก็คงไม่มีเหตุผลที่ต้องสู้กันสินะ...,,,PENDING_MANUAL_GENERATION,,triangle-strategy
484,MS03_X04_C0_2010_M_RLN_0040.wav,MS03_X04_C0_2010_M_RLN_0040,498,498,498,499,โรแลนด์,main,male,roland,assets/triangle-strategy/approved_voice_references/roland.wav,นี่พวกท่านจะปฏิบัติกับผู้แทนแห่งเกลนบรู๊คราวกับว่านางไม่มีตัวตนอยู่ที่นี่เหรอ?,,,PENDING_MANUAL_GENERATION,,triangle-strategy
485,MS03_X04_C0_2010_M_SEL_0025.wav,MS03_X04_C0_2010_M_SEL_0025,500,500,500,501,เซเรโนอา,main,male,serenoa,assets/triangle-strategy/approved_voice_references/serenoa.wav,เทพธิดาคือศูนย์กลางของชาวไฮแซนต์ ตามที่เล่าขานกันเลย,,,PENDING_MANUAL_GENERATION,,triangle-strategy
486,MS03_X04_C0_2010_M_SEL_0030.wav,MS03_X04_C0_2010_M_SEL_0030,501,501,501,502,เซเรโนอา,main,male,serenoa,assets/triangle-strategy/approved_voice_references/serenoa.wav,เงียบเหรอ? ทำไมล่ะขอรับ?,,,PENDING_MANUAL_GENERATION,,triangle-strategy
487,MS03_X04_C0_2010_M_SEL_0040.wav,MS03_X04_C0_2010_M_SEL_0040,502,502,502,503,เซเรโนอา,main,male,serenoa,assets/triangle-strategy/approved_voice_references/serenoa.wav,...ขอโทษทีนะ,,,PENDING_MANUAL_GENERATION,,triangle-strategy
488,MS03_X04_C0_2010_M_SLS_0010.wav,MS03_X04_C0_2010_M_SLS_0010,503,503,503,504,ซอสเลย์,npc,male,sorsley,assets/triangle-strategy/approved_voice_references/sorsley.wav,...ผู้ศรัทธาในเทพธิดา ไม่มีผู้หลงผิดหรอก,,,PENDING_MANUAL_GENERATION,,triangle-strategy
489,MS03_X04_C0_2010_M_SLS_0020.wav,MS03_X04_C0_2010_M_SLS_0020,504,504,504,505,ซอสเลย์,npc,male,sorsley,assets/triangle-strategy/approved_voice_references/sorsley.wav,...คำพูดคำจาช่างสิ้นศรัทธาเสียจริง เทพธิดาทรงมอบของขวัญแก่ทุกๆคนที่ปฏิบัติตามคำสอนของนางต่างหากล่ะ,,,PENDING_MANUAL_GENERATION,,triangle-strategy
490,MS03_X04_C0_2010_M_SLS_0030.wav,MS03_X04_C0_2010_M_SLS_0030,505,505,505,506,ซอสเลย์,npc,male,sorsley,assets/triangle-strategy/approved_voice_references/sorsley.wav,ถึงอย่างนั้น เราขอให้ท่านหญิงเฟรเดอริก้า เงียบต่อหน้าพระองค์ด้วย,,,PENDING_MANUAL_GENERATION,,triangle-strategy
491,MS03_X04_C0_2010_M_SLS_0040.wav,MS03_X04_C0_2010_M_SLS_0040,506,506,506,507,ซอสเลย์,npc,male,sorsley,assets/triangle-strategy/approved_voice_references/sorsley.wav,ข้าขอย้ำอีกครั้ง โดยทั่วไปแล้วนางไม่มีสิทธิจะได้เข้าเฝ้า ขอให้ท่านเข้าใจหลักคติของเราด้วย,,,PENDING_MANUAL_GENERATION,,triangle-strategy
492,MS03_X04_C0_2020_F_FRE_0010.wav,MS03_X04_C0_2020_F_FRE_0010,507,507,507,508,เฟรเดอริก้า,main,female,frederica,assets/triangle-strategy/approved_voice_references/frederica.wav,อ้าว แต่เมื่อกี้ท่านบอกว่าจะไปศึกษาเรื่องยาในต่างแดนไม่ใช่เหรอ...,,,PENDING_MANUAL_GENERATION,,triangle-strategy
493,MS03_X04_C0_2020_F_FRE_0020.wav,MS03_X04_C0_2020_F_FRE_0020,508,508,508,509,เฟรเดอริก้า,main,female,frederica,assets/triangle-strategy/approved_voice_references/frederica.wav,ดะ-ได้สิ...,,,PENDING_MANUAL_GENERATION,,triangle-strategy
494,MS03_X04_C0_2020_M_BND_0010.wav,MS03_X04_C0_2020_M_BND_0010,509,509,509,510,เบเนดิกต์,main,male,benedict,assets/triangle-strategy/approved_voice_references/benedict.wav,นายท่านขอรับ แม้ว่าเขาจะ...ไม่เหมือนใคร แต่เขามีความเข้าใจในเวทมนตร์อย่างถ่องแท้,,,PENDING_MANUAL_GENERATION,,triangle-strategy
495,MS03_X04_C0_2020_M_COR_0010.wav,MS03_X04_C0_2020_M_COR_0010,510,510,510,511,คอเรนติน,main,male,corentin,,ขอรับ ข้าจะไปศึกษาเวทมนตร์ ไม่ใช่ยารักษา,,,BLOCKED_PENDING_REFERENCE_AUDIO,,triangle-strategy
496,MS03_X04_C0_2020_M_COR_0020.wav,MS03_X04_C0_2020_M_COR_0020,511,511,511,512,คอเรนติน,main,male,corentin,,อันนั้นข้ออ้างเฉยๆขอรับ,,,BLOCKED_PENDING_REFERENCE_AUDIO,,triangle-strategy
497,MS03_X04_C0_2020_M_COR_0030.wav,MS03_X04_C0_2020_M_COR_0030,512,512,512,513,คอเรนติน,main,male,corentin,,ขืนอยู่ในไฮแซนต์ต่อไปก็ศึกษาอย่างเสรีไม่ได้ พวกเราจะถูกมอบหมายให้ศึกษาในเรื่องที่กำหนดเท่านั้น,,,BLOCKED_PENDING_REFERENCE_AUDIO,,triangle-strategy
498,MS03_X04_C0_2020_M_COR_0040.wav,MS03_X04_C0_2020_M_COR_0040,513,513,513,514,คอเรนติน,main,male,corentin,,แถมอีกอย่าง ไม่ว่าการค้นพบของเราจะปฏิวัติวงการขนาดไหน สุดท้ายโลกก็ไม่มีวันรู้อยู่ดี,,,BLOCKED_PENDING_REFERENCE_AUDIO,,triangle-strategy
499,MS03_X04_C0_2020_M_COR_0050.wav,MS03_X04_C0_2020_M_COR_0050,514,514,514,515,คอเรนติน,main,male,corentin,,เอาจริงๆแล้ว...ข้ารู้แผนการของพลิเนียสมาโดยตลอดขอรับ,,,BLOCKED_PENDING_REFERENCE_AUDIO,,triangle-strategy
500,MS03_X04_C0_2020_M_COR_0060.wav,MS03_X04_C0_2020_M_COR_0060,515,515,515,516,คอเรนติน,main,male,corentin,,แต่ข้ามันขี้ขลาด ข้าไม่สามารถหยุดหรือเข้าร่วมกับพวกเขาได้เลย,,,BLOCKED_PENDING_REFERENCE_AUDIO,,triangle-strategy
501,MS03_X04_C0_2020_M_COR_0070.wav,MS03_X04_C0_2020_M_COR_0070,516,516,516,517,คอเรนติน,main,male,corentin,,เพราะแบบนี้ ข้าจึงลงเอยด้วยการตามจับพวกเขากับคนที่ข้าเข้าข้าง,,,BLOCKED_PENDING_REFERENCE_AUDIO,,triangle-strategy
502,MS03_X04_C0_2020_M_COR_0080.wav,MS03_X04_C0_2020_M_COR_0080,517,517,517,518,คอเรนติน,main,male,corentin,,...ข้าไม่อยากรู้สึกเช่นนี้อีกแล้ว,,,BLOCKED_PENDING_REFERENCE_AUDIO,,triangle-strategy
503,MS03_X04_C0_2020_M_COR_0090.wav,MS03_X04_C0_2020_M_COR_0090,518,518,518,519,คอเรนติน,main,male,corentin,,ขอรับ ข้าไม่อยากกลับไปที่กระทรวงแล้ว,,,BLOCKED_PENDING_REFERENCE_AUDIO,,triangle-strategy
504,MS03_X04_C0_2020_M_COR_0100.wav,MS03_X04_C0_2020_M_COR_0100,519,519,519,520,คอเรนติน,main,male,corentin,,ซึ่งเป็นเหตุผลที่ข้าต้องขออนุญาตให้ท่านรับข้ามาร่วมทางด้วย ในฐานะสมาชิกตระกูลวูล์ฟฟอร์ต,,,BLOCKED_PENDING_REFERENCE_AUDIO,,triangle-strategy
505,MS03_X04_C0_2020_M_COR_0110.wav,MS03_X04_C0_2020_M_COR_0110,520,520,520,521,คอเรนติน,main,male,corentin,,ไม่เลยขอรับ ข้าละทิ้งทั้งไฮแซนต์กับหลักคำสอนของเทพธิดาเรียบร้อยแล้ว,,,BLOCKED_PENDING_REFERENCE_AUDIO,,triangle-strategy
506,MS03_X04_C0_2020_M_COR_0120.wav,MS03_X04_C0_2020_M_COR_0120,521,521,521,522,คอเรนติน,main,male,corentin,,ในทางกลับกัน เวทมนตร์ของท่านหญิงเฟรเดอริก้าทำให้ข้ารู้สึกสนใจจริงๆ! ข้าอยากจะศึกษามันเพิ่มเติมขอรับ,,,BLOCKED_PENDING_REFERENCE_AUDIO,,triangle-strategy
507,MS03_X04_C0_2020_M_COR_0130.wav,MS03_X04_C0_2020_M_COR_0130,522,522,522,523,คอเรนติน,main,male,corentin,,แน่นอน ขอบคุณมากขอรับ ลอร์ดเซเรโนอา,,,BLOCKED_PENDING_REFERENCE_AUDIO,,triangle-strategy
508,MS03_X04_C0_2020_M_ELA_0010.wav,MS03_X04_C0_2020_M_ELA_0010,523,523,523,524,เอราดอร์,main,male,erador,assets/triangle-strategy/approved_voice_references/erador.wav,เจ้าเองก็ไม่ได้ต่างจากพวกนอกรีตเลยนี่หน่า หรือว่าเจ้าเข้าใจความรู้สึกพวกเขาเหรอ?,,,PENDING_MANUAL_GENERATION,,triangle-strategy
509,MS03_X04_C0_2020_M_RLN_0010.wav,MS03_X04_C0_2020_M_RLN_0010,524,524,524,525,โรแลนด์,main,male,roland,assets/triangle-strategy/approved_voice_references/roland.wav,แสดงว่าเจ้าเหนื่อยกับการปกปิดของที่นี่แล้วสินะ?,,,PENDING_MANUAL_GENERATION,,triangle-strategy
510,MS03_X04_C0_2020_M_SEL_0010.wav,MS03_X04_C0_2020_M_SEL_0010,525,525,525,526,เซเรโนอา,main,male,serenoa,assets/triangle-strategy/approved_voice_references/serenoa.wav,...ท่านจะไปจากไฮแซนต์จริงๆเหรอ?,,,PENDING_MANUAL_GENERATION,,triangle-strategy
511,MS03_X04_C0_2020_M_SEL_0020.wav,MS03_X04_C0_2020_M_SEL_0020,526,526,526,527,เซเรโนอา,main,male,serenoa,assets/triangle-strategy/approved_voice_references/serenoa.wav,แสดงว่าท่านตั้งใจจะเดินทางออกจากรัฐศักดิ์สิทธิ์ตลอดกาลเลยเหรอ?,,,PENDING_MANUAL_GENERATION,,triangle-strategy
512,MS03_X04_C0_2020_M_SEL_0030.wav,MS03_X04_C0_2020_M_SEL_0030,527,527,527,528,เซเรโนอา,main,male,serenoa,assets/triangle-strategy/approved_voice_references/serenoa.wav,...เช่นนั้นข้าขอถามท่านหน่อย รู้สึกอึดอัดที่ได้ร่วมทางกับคู่หมั้นของข้าที่มีสายเลือดโรเซลล์ไหม?,,,PENDING_MANUAL_GENERATION,,triangle-strategy
513,MS03_X04_C0_2020_M_SEL_0040.wav,MS03_X04_C0_2020_M_SEL_0040,528,528,528,529,เซเรโนอา,main,male,serenoa,assets/triangle-strategy/approved_voice_references/serenoa.wav,เอาล่ะ ยินดีต้อนรับเข้าสู่ทัพของเรานะ คอเรนติน,,,PENDING_MANUAL_GENERATION,,triangle-strategy
514,MS03_X04_C0_2020_M_SEL_0050.wav,MS03_X04_C0_2020_M_SEL_0050,529,529,529,530,เซเรโนอา,main,male,serenoa,assets/triangle-strategy/approved_voice_references/serenoa.wav,ศึกษาเล่าเรียนตามใจชอบเลย ขอแค่ให้มันเป็นประโยชน์ต่อตระกูลของเราก็พอ,,,PENDING_MANUAL_GENERATION,,triangle-strategy
515,MS03_X04_C0_2030_F_FRE_0010.wav,MS03_X04_C0_2030_F_FRE_0010,530,530,530,531,เฟรเดอริก้า,main,female,frederica,assets/triangle-strategy/approved_voice_references/frederica.wav,ใช่ไหมล่ะ ข้าไม่เคยเห็นครอบครัวใหญ่ที่มีความสุขขนาดนี้มาก่อน,,,PENDING_MANUAL_GENERATION,,triangle-strategy
516,MS03_X04_C0_2030_F_FRE_0020.wav,MS03_X04_C0_2030_F_FRE_0020,531,531,531,532,เฟรเดอริก้า,main,female,frederica,assets/triangle-strategy/approved_voice_references/frederica.wav,อืม...,,,PENDING_MANUAL_GENERATION,,triangle-strategy
517,MS03_X04_C0_2030_F_FRE_0030.wav,MS03_X04_C0_2030_F_FRE_0030,532,532,532,533,เฟรเดอริก้า,main,female,frederica,assets/triangle-strategy/approved_voice_references/frederica.wav,บ่อยครั้งที่เราได้ยินว่าไฮแซนต์นั้นโชคดีที่มีหลักคำสอนของเทพธิดา...,,,PENDING_MANUAL_GENERATION,,triangle-strategy
518,MS03_X04_C0_2030_F_FRE_0040.wav,MS03_X04_C0_2030_F_FRE_0040,533,533,533,534,เฟรเดอริก้า,main,female,frederica,assets/triangle-strategy/approved_voice_references/frederica.wav,แต่พวกเขาแทบไม่พูดถึงชาวโรเซลล์เลย...,,,PENDING_MANUAL_GENERATION,,triangle-strategy
519,MS03_X04_C0_2030_F_FRE_0050.wav,MS03_X04_C0_2030_F_FRE_0050,534,534,534,535,เฟรเดอริก้า,main,female,frederica,assets/triangle-strategy/approved_voice_references/frederica.wav,สรุปแล้วพวกเขาใช้ชีวิตยังไงกันแน่เนี่ย? ท่านแม่มีชีวิตแบบไหนกันนะ?,,,PENDING_MANUAL_GENERATION,,triangle-strategy
520,MS03_X04_C0_2030_F_FRE_0060.wav,MS03_X04_C0_2030_F_FRE_0060,535,535,535,536,เฟรเดอริก้า,main,female,frederica,assets/triangle-strategy/approved_voice_references/frederica.wav,ขออภัยด้วย พอดีข้า...ใจลอยไปหน่อยน่ะ,,,PENDING_MANUAL_GENERATION,,triangle-strategy
521,MS03_X04_C0_2030_F_FRE_0070.wav,MS03_X04_C0_2030_F_FRE_0070,536,536,536,537,เฟรเดอริก้า,main,female,frederica,assets/triangle-strategy/approved_voice_references/frederica.wav,...อืม ข้าอยากรู้ว่ามันจะส่งผลยังไงกับความสัมพันธ์ระหว่างเรากับไฮแซนต์ เพราะเรากำลังจะแต่งงานกันแล้ว,,,PENDING_MANUAL_GENERATION,,triangle-strategy
522,MS03_X04_C0_2030_F_FRE_0080.wav,MS03_X04_C0_2030_F_FRE_0080,537,537,537,538,เฟรเดอริก้า,main,female,frederica,assets/triangle-strategy/approved_voice_references/frederica.wav,ขอบคุณมากเลย เซเรโนอา,,,PENDING_MANUAL_GENERATION,,triangle-strategy
523,MS03_X04_C0_2030_F_HEW_0010.wav,MS03_X04_C0_2030_F_HEW_0010,538,538,538,539,ฮิวเอทท์,main,female,hughette,assets/triangle-strategy/approved_voice_references/hughette.wav,เจ้าค่ะ องค์ชาย!,,,PENDING_MANUAL_GENERATION,,triangle-strategy
524,MS03_X04_C0_2030_F_YRA_0010.wav,MS03_X04_C0_2030_F_YRA_0010,539,539,539,540,จีล่า,main,female,geela,assets/triangle-strategy/approved_voice_references/geela.wav,ดีใจที่พวกเขาให้ท่านร่วมทางกับเรานะ,,,PENDING_MANUAL_GENERATION,,triangle-strategy
525,MS03_X04_C0_2030_F_YRA_0020.wav,MS03_X04_C0_2030_F_YRA_0020,540,540,540,541,จีล่า,main,female,geela,assets/triangle-strategy/approved_voice_references/geela.wav,ดีมากเลย แต่เรายังเหลืองานสมรสที่ต้องเตรียมการนะ,,,PENDING_MANUAL_GENERATION,,triangle-strategy
526,MS03_X04_C0_2030_F_YRA_0030.wav,MS03_X04_C0_2030_F_YRA_0030,541,541,541,542,จีล่า,main,female,geela,assets/triangle-strategy/approved_voice_references/geela.wav,เรื่องวุ่นวายรอท่านอยู่ เฟรเดอริก้า,,,PENDING_MANUAL_GENERATION,,triangle-strategy
527,MS03_X04_C0_2030_M_BND_0010.wav,MS03_X04_C0_2030_M_BND_0010,542,542,542,543,เบเนดิกต์,main,male,benedict,assets/triangle-strategy/approved_voice_references/benedict.wav,เจ้าเบาเสียงไม่เป็นเหรอ? รบกวนชาวบ้านชาวช่องกันหมดแล้ว,,,PENDING_MANUAL_GENERATION,,triangle-strategy
528,MS03_X04_C0_2030_M_COR_0010.wav,MS03_X04_C0_2030_M_COR_0010,543,543,543,544,คอเรนติน,main,male,corentin,,ตระกูลวูล์ฟฟอร์ต...ครื้นเครงจริงๆ,,,BLOCKED_PENDING_REFERENCE_AUDIO,,triangle-strategy
529,MS03_X04_C0_2030_M_COR_0020.wav,MS03_X04_C0_2030_M_COR_0020,544,544,544,545,คอเรนติน,main,male,corentin,,...ข้าก็เหมือนกัน ข้าจะปฏิวัติโลกทั้งใบด้วยงานวิจัยของข้าเอง!,,,BLOCKED_PENDING_REFERENCE_AUDIO,,triangle-strategy
530,MS03_X04_C0_2030_M_EGS_0010.wav,MS03_X04_C0_2030_M_EGS_0010,545,545,545,546,เอกซ์เฮม,npc,male,exharme,assets/triangle-strategy/approved_voice_references/exharme.wav,เหมือนจะทันเวลาพอดี,,,PENDING_MANUAL_GENERATION,,triangle-strategy
531,MS03_X04_C0_2030_M_EGS_0020.wav,MS03_X04_C0_2030_M_EGS_0020,546,546,546,547,เอกซ์เฮม,npc,male,exharme,assets/triangle-strategy/approved_voice_references/exharme.wav,ข้ามาขอบคุณและมาส่งพวกท่านในนามของพระองค์น่ะ,,,PENDING_MANUAL_GENERATION,,triangle-strategy
532,MS03_X04_C0_2030_M_EGS_0030.wav,MS03_X04_C0_2030_M_EGS_0030,547,547,547,548,เอกซ์เฮม,npc,male,exharme,assets/triangle-strategy/approved_voice_references/exharme.wav,องค์ชายโรแลนด์ ลอร์ดเซเรโนอา อนาคตของนอร์เซเลียอยู่ในกำมือของคนหนุ่มสาวอย่างพวกเราแล้ว,,,PENDING_MANUAL_GENERATION,,triangle-strategy
533,MS03_X04_C0_2030_M_EGS_0040.wav,MS03_X04_C0_2030_M_EGS_0040,548,548,548,549,เอกซ์เฮม,npc,male,exharme,assets/triangle-strategy/approved_voice_references/exharme.wav,ข้าจะรอโอกาสที่ได้พบกัน,,,PENDING_MANUAL_GENERATION,,triangle-strategy
534,MS03_X04_C0_2030_M_ELA_0010.wav,MS03_X04_C0_2030_M_ELA_0010,549,549,549,550,เอราดอร์,main,male,erador,assets/triangle-strategy/approved_voice_references/erador.wav,ถึงเวลากลับบ้านกันแล้ว ท่านไม่ได้ลืมของใช่ไหมขอรับ?,,,PENDING_MANUAL_GENERATION,,triangle-strategy
535,MS03_X04_C0_2030_M_ELA_0020.wav,MS03_X04_C0_2030_M_ELA_0020,550,550,550,551,เอราดอร์,main,male,erador,assets/triangle-strategy/approved_voice_references/erador.wav,ขออภัยขอรับนายท่าน! เห็นหน้าท่านทีไร ก็นึกถึงหนุ่มน้อยสมัยก่อนทุกที...,,,PENDING_MANUAL_GENERATION,,triangle-strategy
536,MS03_X04_C0_2030_M_RLN_0010.wav,MS03_X04_C0_2030_M_RLN_0010,551,551,551,552,โรแลนด์,main,male,roland,assets/triangle-strategy/approved_voice_references/roland.wav,เรามาทำให้เป็นพิธีสมรสอันยิ่งใหญ่กันดีกว่า! ฮิวเอทท์ เตรียมของขวัญสุดพิเศษให้เพื่อนรักของข้าด้วย,,,PENDING_MANUAL_GENERATION,,triangle-strategy
537,MS03_X04_C0_2030_M_RLN_0020.wav,MS03_X04_C0_2030_M_RLN_0020,552,552,552,553,โรแลนด์,main,male,roland,assets/triangle-strategy/approved_voice_references/roland.wav,ดีใจที่ได้เห็นไฮแซนต์ด้วยตาตัวเองนะ ไว้เจอกันใหม่ขอรับ,,,PENDING_MANUAL_GENERATION,,triangle-strategy
538,MS03_X04_C0_2030_M_SEL_0010.wav,MS03_X04_C0_2030_M_SEL_0010,553,553,553,554,เซเรโนอา,main,male,serenoa,assets/triangle-strategy/approved_voice_references/serenoa.wav,เอราดอร์ บอกแล้วไงว่าข้าโตแล้ว,,,PENDING_MANUAL_GENERATION,,triangle-strategy
539,MS03_X04_C0_2030_M_SEL_0020.wav,MS03_X04_C0_2030_M_SEL_0020,554,554,554,555,เซเรโนอา,main,male,serenoa,assets/triangle-strategy/approved_voice_references/serenoa.wav,พวกเราต่างหากที่ควรขอบคุณ เกลนบรู๊คและตระกูลวูล์ฟฟอร์ตจะไม่ลืมความเมตตาของท่านเลย,,,PENDING_MANUAL_GENERATION,,triangle-strategy
540,MS03_X04_C0_2030_M_SEL_0030.wav,MS03_X04_C0_2030_M_SEL_0030,555,555,555,556,เซเรโนอา,main,male,serenoa,assets/triangle-strategy/approved_voice_references/serenoa.wav,เป็นอะไรรึเปล่า เฟรเดอริก้า?,,,PENDING_MANUAL_GENERATION,,triangle-strategy
541,MS03_X04_C0_2030_M_SEL_0040.wav,MS03_X04_C0_2030_M_SEL_0040,556,556,556,557,เซเรโนอา,main,male,serenoa,assets/triangle-strategy/approved_voice_references/serenoa.wav,เรื่องชาวโรเซลล์ล่ะสิ,,,PENDING_MANUAL_GENERATION,,triangle-strategy
542,MS03_X04_C0_2030_M_SEL_0050.wav,MS03_X04_C0_2030_M_SEL_0050,557,557,557,558,เซเรโนอา,main,male,serenoa,assets/triangle-strategy/approved_voice_references/serenoa.wav,ตอนนี้อาณาจักรทั้งสามยังปรองดองกันอยู่ แต่อนาคตเราคงบอกไม่ได้หรอกว่าจะเกิดอะไรขึ้น,,,PENDING_MANUAL_GENERATION,,triangle-strategy
543,MS03_X04_C0_2030_M_SEL_0060.wav,MS03_X04_C0_2030_M_SEL_0060,558,558,558,559,เซเรโนอา,main,male,serenoa,assets/triangle-strategy/approved_voice_references/serenoa.wav,ไม่ว่ายังไง ขอให้ีรู้ไว้ว่าเจ้าไม่ต้องแบกรับมันคนเดียวนะ,,,PENDING_MANUAL_GENERATION,,triangle-strategy
544,MS03_X04_C0_2030_M_SEL_0070.wav,MS03_X04_C0_2030_M_SEL_0070,559,559,559,560,เซเรโนอา,main,male,serenoa,assets/triangle-strategy/approved_voice_references/serenoa.wav,มันคือภาระที่ตระกูลวูล์ฟฟอร์ตต้องแบกรับด้วยกัน,,,PENDING_MANUAL_GENERATION,,triangle-strategy
545,MS03_X04_C0_3010_M_EGS_0010.wav,MS03_X04_C0_3010_M_EGS_0010,560,560,560,561,เอกซ์เฮม,npc,male,exharme,assets/triangle-strategy/approved_voice_references/exharme.wav,มันคุ้มกันรัฐศักดิ์สิทธิ์จากเกลนบรู๊คและเอสฟรอสต์ระหว่างช่วงสงครามน่ะ,,,PENDING_MANUAL_GENERATION,,triangle-strategy
546,MS03_X04_C0_3010_M_EGS_0020.wav,MS03_X04_C0_3010_M_EGS_0020,561,561,561,562,เอกซ์เฮม,npc,male,exharme,assets/triangle-strategy/approved_voice_references/exharme.wav,ไม่มีใครเคยทลายมันลงได้เลย คิดว่าท่านทำได้ไหมล่ะ ลอร์ดเซเรโนอา?,,,PENDING_MANUAL_GENERATION,,triangle-strategy
547,MS03_X04_C0_3010_M_EGS_0030.wav,MS03_X04_C0_3010_M_EGS_0030,562,562,562,563,เอกซ์เฮม,npc,male,exharme,assets/triangle-strategy/approved_voice_references/exharme.wav,ฮ่าๆ! ตอบเอาใจกันสุดๆ ก็นึกไว้อยู่แล้วล่ะ,,,PENDING_MANUAL_GENERATION,,triangle-strategy
548,MS03_X04_C0_3010_M_SEL_0010.wav,MS03_X04_C0_3010_M_SEL_0010,563,563,563,564,เซเรโนอา,main,male,serenoa,assets/triangle-strategy/approved_voice_references/serenoa.wav,ข้าเคยได้ยินเรื่องของโล่แห่งเทพธิดาอยู่นะ แต่มันอลังการเกินคาดไปเยอะเลย,,,PENDING_MANUAL_GENERATION,,triangle-strategy
549,MS03_X04_C0_3010_M_SEL_0020.wav,MS03_X04_C0_3010_M_SEL_0020,564,564,564,565,เซเรโนอา,main,male,serenoa,assets/triangle-strategy/approved_voice_references/serenoa.wav,...ข้าคิดว่าการทะลวงกำแพงเหล่านี้คงแทบเป็นไปไม่ได้,,,PENDING_MANUAL_GENERATION,,triangle-strategy
550,MS03_X04_RESEARCH_01_AFTER_F_ANA_0010.wav,MS03_X04_RESEARCH_01_AFTER_F_ANA_0010,565,565,565,566,แอนนา,main,female,anna,assets/triangle-strategy/approved_voice_references/anna.wav,เราถามรัฐมนตรีไลล่าเรื่องอาการป่วยของลอร์ดซีมอนดีไหมเจ้าคะ?,,,PENDING_MANUAL_GENERATION,,triangle-strategy
551,MS03_X04_RESEARCH_01_AFTER_F_ANA_0020.wav,MS03_X04_RESEARCH_01_AFTER_F_ANA_0020,566,566,566,567,แอนนา,main,female,anna,assets/triangle-strategy/approved_voice_references/anna.wav,เข้าใจแล้วเจ้าค่ะ แม้แต่มิตรสหายเองก็ห้ามรู้จุดอ่อนของเรา ไม่งั้นพวกเขาอาจแข็งข้อกับเราได้,,,PENDING_MANUAL_GENERATION,,triangle-strategy
552,MS03_X04_RESEARCH_01_AFTER_F_ANA_0030.wav,MS03_X04_RESEARCH_01_AFTER_F_ANA_0030,567,567,567,568,แอนนา,main,female,anna,assets/triangle-strategy/approved_voice_references/anna.wav,เดี๋ยวข้าดูให้เอง,,,PENDING_MANUAL_GENERATION,,triangle-strategy
553,MS03_X04_RESEARCH_01_AFTER_F_FRE_0010.wav,MS03_X04_RESEARCH_01_AFTER_F_FRE_0010,568,568,568,569,เฟรเดอริก้า,main,female,frederica,assets/triangle-strategy/approved_voice_references/frederica.wav,ด้วยความยินดีจ้ะ,,,PENDING_MANUAL_GENERATION,,triangle-strategy
554,MS03_X04_RESEARCH_01_AFTER_F_M379_0010.wav,MS03_X04_RESEARCH_01_AFTER_F_M379_0010,569,569,569,570,หญิงชาวไฮแซนต์,generic,female,FEMALE_YOUNG_A,assets/triangle-strategy/approved_voice_references/FEMALE_YOUNG_A.wav,ว้ายยย!,,,PENDING_MANUAL_GENERATION,,triangle-strategy
555,MS03_X04_RESEARCH_01_AFTER_M_BND_0010.wav,MS03_X04_RESEARCH_01_AFTER_M_BND_0010,570,570,570,571,เบเนดิกต์,main,male,benedict,assets/triangle-strategy/approved_voice_references/benedict.wav,...ไม่ได้ จนตอนนี้ลอร์ดซีมอนยังถือเป็นผู้ทรงอิทธิพลคนนึงอยู่ จะให้คนอื่นรู้เรื่องเขาไม่ได้นะ,,,PENDING_MANUAL_GENERATION,,triangle-strategy
556,MS03_X04_RESEARCH_01_AFTER_M_BND_0020.wav,MS03_X04_RESEARCH_01_AFTER_M_BND_0020,571,571,571,572,เบเนดิกต์,main,male,benedict,assets/triangle-strategy/approved_voice_references/benedict.wav,ถูกต้องแล้วล่ะ เราไปเสี่ยงกับอันตรายเช่นนั้นไม่ได้หรอก เพื่อตัวท่านลอร์ดเองด้วย...,,,PENDING_MANUAL_GENERATION,,triangle-strategy
557,MS03_X04_RESEARCH_01_AFTER_M_BND_0030.wav,MS03_X04_RESEARCH_01_AFTER_M_BND_0030,572,572,572,573,เบเนดิกต์,main,male,benedict,assets/triangle-strategy/approved_voice_references/benedict.wav,เหมือนจะมีปัญหาในกระทรวงนะเนี่ย,,,PENDING_MANUAL_GENERATION,,triangle-strategy
558,MS03_X04_RESEARCH_01_AFTER_M_ELA_0010.wav,MS03_X04_RESEARCH_01_AFTER_M_ELA_0010,573,573,573,574,เอราดอร์,main,male,erador,assets/triangle-strategy/approved_voice_references/erador.wav,ได้ของฝากดีๆติดไม้ติดมือมาด้วย เพราะท่านหญิงเฟรเดอริก้าแท้ๆ,,,PENDING_MANUAL_GENERATION,,triangle-strategy
559,MS03_X04_RESEARCH_01_AFTER_M_RLN_0010.wav,MS03_X04_RESEARCH_01_AFTER_M_RLN_0010,574,574,574,575,โรแลนด์,main,male,roland,assets/triangle-strategy/approved_voice_references/roland.wav,น่าชื่นชมสุดๆ! เพราะรสนิยมการเลือกของขวัญของเซเรโนอาห่วยแตกมาก,,,PENDING_MANUAL_GENERATION,,triangle-strategy
560,MS03_X04_RESEARCH_01_AFTER_M_SEL_0010.wav,MS03_X04_RESEARCH_01_AFTER_M_SEL_0010,575,575,575,576,เซเรโนอา,main,male,serenoa,assets/triangle-strategy/approved_voice_references/serenoa.wav,ขอบคุณนะ เฟรเดอริก้า,,,PENDING_MANUAL_GENERATION,,triangle-strategy
561,MS03_X04_RESEARCH_01_AFTER_M_SEL_0020.wav,MS03_X04_RESEARCH_01_AFTER_M_SEL_0020,576,576,576,577,เซเรโนอา,main,male,serenoa,assets/triangle-strategy/approved_voice_references/serenoa.wav,มีอะไรกัน?,,,PENDING_MANUAL_GENERATION,,triangle-strategy
562,MS03_X04_RESEARCH_01_BEFORE_F_FRE_0020.wav,MS03_X04_RESEARCH_01_BEFORE_F_FRE_0020,578,578,578,579,เฟรเดอริก้า,main,female,frederica,assets/triangle-strategy/approved_voice_references/frederica.wav,เซเรโนอา หากเจ้าไม่ถือสา ข้าขอออกไปสูดอากาศสักหน่อย...,,,PENDING_MANUAL_GENERATION,,triangle-strategy
563,MS03_X04_RESEARCH_01_BEFORE_F_LYL_0010.wav,MS03_X04_RESEARCH_01_BEFORE_F_LYL_0010,579,579,579,580,ไลล่า,npc,female,lyla,assets/triangle-strategy/approved_voice_references/lyla.wav,โดยทั่วไปแล้วจะมีแค่เจ้าหน้าที่กระทรวงเท่านั้นที่เข้ามาได้ พวกเราไม่เคยให้คนนอกเข้ามาดูเราทำงานนะ,,,PENDING_MANUAL_GENERATION,,triangle-strategy
564,MS03_X04_RESEARCH_01_BEFORE_F_LYL_0020.wav,MS03_X04_RESEARCH_01_BEFORE_F_LYL_0020,580,580,580,581,ไลล่า,npc,female,lyla,assets/triangle-strategy/approved_voice_references/lyla.wav,ใช่แล้วล่ะ เพื่อรักษาโรคร้ายและการบาดเจ็บ เราต้องตั้งเป้าให้สูง,,,PENDING_MANUAL_GENERATION,,triangle-strategy
565,MS03_X04_RESEARCH_01_BEFORE_F_LYL_0030.wav,MS03_X04_RESEARCH_01_BEFORE_F_LYL_0030,581,581,581,582,ไลล่า,npc,female,lyla,assets/triangle-strategy/approved_voice_references/lyla.wav,แม้ว่าโลกนี้จะไม่มียาครอบจักรวาล แต่พวกเราคิดเสมอว่าทุกสิ่งย่อมเป็นไปได้,,,PENDING_MANUAL_GENERATION,,triangle-strategy
566,MS03_X04_RESEARCH_01_BEFORE_F_LYL_0040.wav,MS03_X04_RESEARCH_01_BEFORE_F_LYL_0040,582,582,582,583,ไลล่า,npc,female,lyla,assets/triangle-strategy/approved_voice_references/lyla.wav,แน่นอน หากเจ้าเชื่อมั่นในหลักคำสอนของเทพธิดา ...อย่างน้อยข้าก็อยากให้พระองค์พูดเช่นนั้นแหละนะ,,,PENDING_MANUAL_GENERATION,,triangle-strategy
567,MS03_X04_RESEARCH_01_BEFORE_F_LYL_0050.wav,MS03_X04_RESEARCH_01_BEFORE_F_LYL_0050,583,583,583,584,ไลล่า,npc,female,lyla,assets/triangle-strategy/approved_voice_references/lyla.wav,ขออภัยด้วย ข้าต้องกลับไปทำงานแล้วล่ะ,,,PENDING_MANUAL_GENERATION,,triangle-strategy
568,MS03_X04_RESEARCH_01_BEFORE_F_LYL_0060.wav,MS03_X04_RESEARCH_01_BEFORE_F_LYL_0060,584,584,584,585,ไลล่า,npc,female,lyla,assets/triangle-strategy/approved_voice_references/lyla.wav,พวกท่านเดินชมตามอัธยาศัยได้เลย แต่อย่าเข้าไปในเขตหวงห้ามนะ,,,PENDING_MANUAL_GENERATION,,triangle-strategy
569,MS03_X04_RESEARCH_01_BEFORE_M_BND_0010.wav,MS03_X04_RESEARCH_01_BEFORE_M_BND_0010,585,585,585,586,เบเนดิกต์,main,male,benedict,assets/triangle-strategy/approved_voice_references/benedict.wav,หากข้าได้ยินไม่ผิด ท่านกำลังวิจัยด้านชีวิตด้วยใช่ไหม,,,PENDING_MANUAL_GENERATION,,triangle-strategy
570,MS03_X04_RESEARCH_01_BEFORE_M_BND_0020.wav,MS03_X04_RESEARCH_01_BEFORE_M_BND_0020,586,586,586,587,เบเนดิกต์,main,male,benedict,assets/triangle-strategy/approved_voice_references/benedict.wav,รวมถึงโรคร้ายที่รักษาไม่หายในอาณาจักรอื่นด้วยเหรอขอรับ?,,,PENDING_MANUAL_GENERATION,,triangle-strategy
571,MS03_X04_RESEARCH_01_BEFORE_M_BND_0030.wav,MS03_X04_RESEARCH_01_BEFORE_M_BND_0030,587,587,587,588,เบเนดิกต์,main,male,benedict,assets/triangle-strategy/approved_voice_references/benedict.wav,...สุดยอดจริงๆ ถ้าเกิดท่านประสบความสำเร็จ ท่านจะนำมาแบ่งปันกับผู้อื่นไหมขอรับ?,,,PENDING_MANUAL_GENERATION,,triangle-strategy
572,MS03_X04_RESEARCH_01_BEFORE_M_COR_0010.wav,MS03_X04_RESEARCH_01_BEFORE_M_COR_0010,588,588,588,589,คอเรนติน,main,male,corentin,,รัฐมนตรีไลล่า เตรียมการทดลองเสร็จสิ้นแล้วขอรับ,,,BLOCKED_PENDING_REFERENCE_AUDIO,,triangle-strategy
573,MS03_X04_RESEARCH_01_BEFORE_M_COR_0020.wav,MS03_X04_RESEARCH_01_BEFORE_M_COR_0020,589,589,589,590,คอเรนติน,main,male,corentin,,"แน่นอนอยู่แล้ว...ไม่มีสิ่งใด ""ฟรี"" ในกระทรวงหรือไฮแซนต์หรอก",,,BLOCKED_PENDING_REFERENCE_AUDIO,,triangle-strategy
574,MS03_X04_RESEARCH_01_BEFORE_M_COR_0030.wav,MS03_X04_RESEARCH_01_BEFORE_M_COR_0030,590,590,590,591,คอเรนติน,main,male,corentin,,เมื่อผู้คนถูกบังคับให้ปฏิบัติตามหลักคำสอน...ก็จะมีคนที่ต่อต้านเช่นกัน,,,BLOCKED_PENDING_REFERENCE_AUDIO,,triangle-strategy
575,MS03_X04_RESEARCH_01_BEFORE_M_COR_0040.wav,MS03_X04_RESEARCH_01_BEFORE_M_COR_0040,591,591,591,592,คอเรนติน,main,male,corentin,,...ข้าก็แค่นักวิจัยคนหนึ่งขอรับ,,,BLOCKED_PENDING_REFERENCE_AUDIO,,triangle-strategy
576,MS03_X04_RESEARCH_01_BEFORE_M_M217_0010.wav,MS03_X04_RESEARCH_01_BEFORE_M_M217_0010,592,592,592,593,ชาวไฮแซนต์,generic,male,MALE_ADULT_A,assets/triangle-strategy/approved_voice_references/MALE_ADULT_A.wav,...ดูนั่น! ชาวโรเซลล์นี่! ได้ยินว่านางเป็นผู้แทนจากเกลนบรู๊คสินะ,,,PENDING_MANUAL_GENERATION,,triangle-strategy
577,MS03_X04_RESEARCH_01_BEFORE_M_M217_0020.wav,MS03_X04_RESEARCH_01_BEFORE_M_M217_0020,593,593,593,594,ชาวไฮแซนต์,generic,male,MALE_ADULT_A,assets/triangle-strategy/approved_voice_references/MALE_ADULT_A.wav,สงสัยคงได้รับสิทธิพิเศษล่ะมั้ง เพราะรัฐมนตรีไลล่าพานางเดินชมเองเลย,,,PENDING_MANUAL_GENERATION,,triangle-strategy
578,MS03_X04_RESEARCH_01_BEFORE_M_MB103_0010.wav,MS03_X04_RESEARCH_01_BEFORE_M_MB103_0010,594,594,594,595,นักวิจัยไฮแซนต์,generic,male,MALE_ADULT_C,assets/triangle-strategy/approved_voice_references/MALE_ADULT_C.wav,ถึงอย่างนั้นก็เถอะ นี่นางได้รับอนุญาตให้เข้ามาได้ด้วยเหรอ?,,,PENDING_MANUAL_GENERATION,,triangle-strategy
579,MS03_X04_RESEARCH_01_BEFORE_M_MB103_0020.wav,MS03_X04_RESEARCH_01_BEFORE_M_MB103_0020,595,595,595,596,นักวิจัยไฮแซนต์,generic,male,MALE_ADULT_C,assets/triangle-strategy/approved_voice_references/MALE_ADULT_C.wav,อืม แปลกดีแท้ นักวิจัยอย่างเราขออะไรก็ไม่เห็นจะมีคนอนุญาตเลย...,,,PENDING_MANUAL_GENERATION,,triangle-strategy
580,MS03_X04_RESEARCH_01_BEFORE_M_RLN_0010.wav,MS03_X04_RESEARCH_01_BEFORE_M_RLN_0010,596,596,596,597,โรแลนด์,main,male,roland,assets/triangle-strategy/approved_voice_references/roland.wav,ที่นี่สุดยอดจริงๆ ไม่แปลกใจเลยที่อาณาจักรของท่านเชี่ยวชาญยาขนาดนี้,,,PENDING_MANUAL_GENERATION,,triangle-strategy
581,MS03_X04_RESEARCH_01_BEFORE_M_RLN_0020.wav,MS03_X04_RESEARCH_01_BEFORE_M_RLN_0020,597,597,597,598,โรแลนด์,main,male,roland,assets/triangle-strategy/approved_voice_references/roland.wav,แล้วเจ้าเป็นใครเนี่ย?,,,PENDING_MANUAL_GENERATION,,triangle-strategy
582,MS03_X04_RESEARCH_01_BEFORE_M_RLN_0030.wav,MS03_X04_RESEARCH_01_BEFORE_M_RLN_0030,598,598,598,599,โรแลนด์,main,male,roland,assets/triangle-strategy/approved_voice_references/roland.wav,เป็นอะไรของเขานะ?,,,PENDING_MANUAL_GENERATION,,triangle-strategy
583,MS03_X04_RESEARCH_01_BEFORE_M_SEL_0010.wav,MS03_X04_RESEARCH_01_BEFORE_M_SEL_0010,599,599,599,600,เซเรโนอา,main,male,serenoa,assets/triangle-strategy/approved_voice_references/serenoa.wav,ขอบคุณสำหรับความใจกว้างของท่านด้วยขอรับ,,,PENDING_MANUAL_GENERATION,,triangle-strategy
584,MS03_X04_RESEARCH_01_BEFORE_M_SEL_0020.wav,MS03_X04_RESEARCH_01_BEFORE_M_SEL_0020,600,600,600,601,เซเรโนอา,main,male,serenoa,assets/triangle-strategy/approved_voice_references/serenoa.wav,ได้เลย ไปพักข้างนอกกันเถอะ,,,PENDING_MANUAL_GENERATION,,triangle-strategy
585,MS03_X04_WD_0010_N_NNN_0010.wav,MS03_X04_WD_0010_N_NNN_0010,601,601,601,602,Narrator,narrator,female,narrator,assets/triangle-strategy/approved_voice_references/narrator.wav,เซเรโนอาส่งแขกกลับบ้านตามคำสั่งของกษัตริย์เร็กน่า ข้ามป่าและภูเขามาสู่ผืนทรายอันกว้างใหญ่,,,PENDING_MANUAL_GENERATION,,triangle-strategy
586,MS03_X04_WD_0010_N_NNN_0020.wav,MS03_X04_WD_0010_N_NNN_0020,602,602,602,603,Narrator,narrator,female,narrator,assets/triangle-strategy/approved_voice_references/narrator.wav,ไม่นานนัก กำแพงหินใหญ่ได้ปรากฎต่อหน้าพวกเขา ซึ่งเป็นที่รู้จักกันในชื่อของโล่แห่งเทพธิดา และมีนาเกลืออันเป็นแหล่งทรัพยากรเกลือแห่งเดียวของนอร์เซเลียอยู่เบื้องหลัง,,,PENDING_MANUAL_GENERATION,,triangle-strategy
587,MS03_X04_WD_0010_N_NNN_0030.wav,MS03_X04_WD_0010_N_NNN_0030,603,603,603,604,Narrator,narrator,female,narrator,assets/triangle-strategy/approved_voice_references/narrator.wav,มีรูปปั้นเทพธิดามหึมาตั้งอยู่ใจกลางนาเกลือ คอยเฝ้ามองนครที่เฟื่องฟูและตำหนักเบื้องล่าง... ที่แห่งนี้คือ รัฐศักดิ์สิทธิ์ไฮแซนต์,,,PENDING_MANUAL_GENERATION,,triangle-strategy
