line_no,file_name,self_id,cue,sequence,waveform,awb_stream,character_name,role,gender,voice_target,reference_audio,thai_text,pronunciation_note,prosody_note,status,tts_text,voice_project
1,MS10A_F01_C0_0010_F_FRE_0010.wav,MS10A_F01_C0_0010_F_FRE_0010,0,0,0,1,Frederica,main,female,frederica,assets/triangle-strategy/approved_voice_references/frederica.wav,ข้าจะไปที่นาเกลือ,,,PENDING_MANUAL_GENERATION,,triangle-strategy
2,MS10A_F01_C0_0010_M_BND_0010.wav,MS10A_F01_C0_0010_M_BND_0010,1,1,1,2,Benedict,main,male,benedict,assets/triangle-strategy/approved_voice_references/benedict.wav,ข้ารู้สึกว่าประชาชนที่นี่สัมผัสถึงเจตนารมณ์เทพธิดาไม่ได้ด้วยซ้ำ,,,PENDING_MANUAL_GENERATION,,triangle-strategy
3,MS10A_F01_C0_0010_M_BND_0020.wav,MS10A_F01_C0_0010_M_BND_0020,2,2,2,3,Benedict,main,male,benedict,assets/triangle-strategy/approved_voice_references/benedict.wav,ข้าเห็นด้วย เช่นนั้นเราแยกกันไปสำรวจพื้นที่ให้ได้มากที่สุดกันดีไหม?,,,PENDING_MANUAL_GENERATION,,triangle-strategy
4,MS10A_F01_C0_0010_M_M077_0010.wav,MS10A_F01_C0_0010_M_M077_0010,3,3,3,4,เจ้าหน้าที่ไฮแซนต์,generic,male,MALE_ADULT_A,assets/triangle-strategy/approved_voice_references/MALE_ADULT_A.wav,ลอร์ดเซเรโนอา วูล์ฟฟอร์ต พวกเราดีใจที่ท่านมาเยือนที่นี่ขอรับ,,,PENDING_MANUAL_GENERATION,,triangle-strategy
5,MS10A_F01_C0_0010_M_M077_0020.wav,MS10A_F01_C0_0010_M_M077_0020,4,4,4,5,เจ้าหน้าที่ไฮแซนต์,generic,male,MALE_ADULT_A,assets/triangle-strategy/approved_voice_references/MALE_ADULT_A.wav,ใช่แล้วล่ะ เป็นเกียรติของข้าจริงๆขอรับ แต่เกรงว่าพวกเขากำลังเตรียมตัวสำหรับการเข้าเฝ้าของท่านอยู่ ท่านช่วยรออีกสักพักเถอะนะขอรับ,,,PENDING_MANUAL_GENERATION,,triangle-strategy
6,MS10A_F01_C0_0010_M_M077_0030.wav,MS10A_F01_C0_0010_M_M077_0030,5,5,5,6,เจ้าหน้าที่ไฮแซนต์,generic,male,MALE_ADULT_A,assets/triangle-strategy/approved_voice_references/MALE_ADULT_A.wav,ขอบคุณที่เข้าใจขอรับ เราจะออกมาตามท่านทันทีเมื่อพวกเราพร้อม,,,PENDING_MANUAL_GENERATION,,triangle-strategy
7,MS10A_F01_C0_0010_M_RLN_0010.wav,MS10A_F01_C0_0010_M_RLN_0010,6,6,6,7,Roland,main,male,roland,assets/triangle-strategy/approved_voice_references/roland.wav,แต่การทำความรู้จักกับประชาชนนั้นถือเป็นประโยชน์อย่างหนึ่ง อย่างน้อยก็เพื่อความสัมพันธ์ระหว่างเราที่กำลังเบ่งบานกับไฮแซนต์,,,PENDING_MANUAL_GENERATION,,triangle-strategy
8,MS10A_F01_C0_0010_M_SEL_0010.wav,MS10A_F01_C0_0010_M_SEL_0010,7,7,7,8,Serenoa,main,male,serenoa,assets/triangle-strategy/approved_voice_references/serenoa.wav,ยินดีที่ได้พบเช่นกัน เจ้ากำลังจะไปเข้าเฝ้าหัวหน้านักบวชเหรอ?,,,PENDING_MANUAL_GENERATION,,triangle-strategy
9,MS10A_F01_C0_0010_M_SEL_0020.wav,MS10A_F01_C0_0010_M_SEL_0020,8,8,8,9,Serenoa,main,male,serenoa,assets/triangle-strategy/approved_voice_references/serenoa.wav,เข้าใจแล้ว ไม่จำเป็นต้องรีบร้อนหรอก,,,PENDING_MANUAL_GENERATION,,triangle-strategy
10,MS10A_F01_C0_0010_M_SEL_0030.wav,MS10A_F01_C0_0010_M_SEL_0030,9,9,9,10,Serenoa,main,male,serenoa,assets/triangle-strategy/approved_voice_references/serenoa.wav,ระหว่างนี้เราไปสำรวจเมืองกันดีกว่า,,,PENDING_MANUAL_GENERATION,,triangle-strategy
11,MS10A_F01_C0_0010_M_SEL_0040.wav,MS10A_F01_C0_0010_M_SEL_0040,10,10,10,11,Serenoa,main,male,serenoa,assets/triangle-strategy/approved_voice_references/serenoa.wav,ไม่รู้ว่าเราจะถูกเรียกเมื่อไหร่ แม้ว่าข่าวลือจะเป็นเรื่องเล็กน้อยเพียงใด แต่มันจะทำให้เราพร้อมเตรียมใจรับมือกับสิ่งที่รอเราอยู่,,,PENDING_MANUAL_GENERATION,,triangle-strategy
12,MS10A_F01_C0_0010_M_SEL_0050.wav,MS10A_F01_C0_0010_M_SEL_0050,11,11,11,12,Serenoa,main,male,serenoa,assets/triangle-strategy/approved_voice_references/serenoa.wav,ตามใจเจ้าเลย เสร็จธุระเมื่อไหร่ก็กลับมารายงานในสิ่งที่ตัวเองรู้มาก็แล้วกันนะ,,,PENDING_MANUAL_GENERATION,,triangle-strategy
13,MS10A_F01_C0_0020_F_ANA_0010.wav,MS10A_F01_C0_0020_F_ANA_0010,12,12,12,13,Anna,main,female,anna,assets/triangle-strategy/approved_voice_references/anna.wav,ขอพูดตรงๆนะเจ้าคะ ข้ารู้สึก...ไม่ชอบมาพากล,,,PENDING_MANUAL_GENERATION,,triangle-strategy
14,MS10A_F01_C0_0020_F_ANA_0020.wav,MS10A_F01_C0_0020_F_ANA_0020,13,13,13,14,Anna,main,female,anna,assets/triangle-strategy/approved_voice_references/anna.wav,รอบยิ้มไม่ได้สื่อถึงความสุขเสมอไป,,,PENDING_MANUAL_GENERATION,,triangle-strategy
15,MS10A_F01_C0_0020_F_ANA_0030.wav,MS10A_F01_C0_0020_F_ANA_0030,14,14,14,15,Anna,main,female,anna,assets/triangle-strategy/approved_voice_references/anna.wav,มันเป็นไปได้เหรอ ที่เราจะสนองความต้องการของทุกคนได้จริงๆ?,,,PENDING_MANUAL_GENERATION,,triangle-strategy
16,MS10A_F01_C0_0020_F_ANA_0040.wav,MS10A_F01_C0_0020_F_ANA_0040,15,15,15,16,Anna,main,female,anna,assets/triangle-strategy/approved_voice_references/anna.wav,ไม่เสมอไปหรอก พอดีข้าถูกสอนมาว่า ที่ใดมีเสียงหัวเราะ ที่นั่นย่อมมีทุกข์,,,PENDING_MANUAL_GENERATION,,triangle-strategy
17,MS10A_F01_C0_0020_F_ANA_0050.wav,MS10A_F01_C0_0020_F_ANA_0050,16,16,16,17,Anna,main,female,anna,assets/triangle-strategy/approved_voice_references/anna.wav,อาณาจักรแห่งนี้ถูกสร้างขึ้นจากความเสียสละแน่นอน ข้ามั่นใจ,,,PENDING_MANUAL_GENERATION,,triangle-strategy
18,MS10A_F01_C0_0020_F_HEW_0010.wav,MS10A_F01_C0_0020_F_HEW_0010,17,17,17,18,Hughette,main,female,hughette,assets/triangle-strategy/approved_voice_references/hughette.wav,ว่ากันว่าประชาชนที่ได้รับการดูแลอย่างเหมาะสม คือประชาชนที่มีความสุขเจ้าค่ะ,,,PENDING_MANUAL_GENERATION,,triangle-strategy
19,MS10A_F01_C0_0020_F_HEW_0020.wav,MS10A_F01_C0_0020_F_HEW_0020,18,18,18,19,Hughette,main,female,hughette,assets/triangle-strategy/approved_voice_references/hughette.wav,นี่เจ้าจะสื่อว่ามีบางสิ่งชั่วร้ายอยู่เบื้องหลังงั้นเหรอ?,,,PENDING_MANUAL_GENERATION,,triangle-strategy
20,MS10A_F01_C0_0020_M_BND_0010.wav,MS10A_F01_C0_0020_M_BND_0010,19,19,19,20,Benedict,main,male,benedict,assets/triangle-strategy/approved_voice_references/benedict.wav,หากเป็นเช่นนั้น อีกไม่นานก็คงจะถึงเวลาตัดสินแล้ว ว่าเราจะภักดีต่อไฮแซนต์หรือไม่...,,,PENDING_MANUAL_GENERATION,,triangle-strategy
21,MS10A_F01_C0_0020_M_RLN_0010.wav,MS10A_F01_C0_0020_M_RLN_0010,20,20,20,21,Roland,main,male,roland,assets/triangle-strategy/approved_voice_references/roland.wav,อาณาจักรนี้...ก็อบอุ่นดีนี่ ไม่ใช่เหรอ?,,,PENDING_MANUAL_GENERATION,,triangle-strategy
22,MS10A_F01_C0_0020_M_RLN_0020.wav,MS10A_F01_C0_0020_M_RLN_0020,21,21,21,22,Roland,main,male,roland,assets/triangle-strategy/approved_voice_references/roland.wav,ทุกคนยิ้มแย้มแจ่มใส ไม่มีใครเศร้าหมองกันเลย,,,PENDING_MANUAL_GENERATION,,triangle-strategy
23,MS10A_F01_C0_0020_M_RLN_0030.wav,MS10A_F01_C0_0020_M_RLN_0030,22,22,22,23,Roland,main,male,roland,assets/triangle-strategy/approved_voice_references/roland.wav,จนข้าคิดว่าความริษยาและความเหลื่อมล้ำ น่าจะเป็นเพียงเรื่องเพ้อฝันของที่นี่,,,PENDING_MANUAL_GENERATION,,triangle-strategy
24,MS10A_F01_C0_0020_M_RLN_0040.wav,MS10A_F01_C0_0020_M_RLN_0040,23,23,23,24,Roland,main,male,roland,assets/triangle-strategy/approved_voice_references/roland.wav,ข้าควรเอาเป็นเยี่ยงอย่างสินะ,,,PENDING_MANUAL_GENERATION,,triangle-strategy
25,MS10A_F01_C0_0020_M_RLN_0050.wav,MS10A_F01_C0_0020_M_RLN_0050,24,24,24,25,Roland,main,male,roland,assets/triangle-strategy/approved_voice_references/roland.wav,ไม่ชอบมาพากลเหรอ? ยังไงล่ะ?,,,PENDING_MANUAL_GENERATION,,triangle-strategy
26,MS10A_F01_C0_0020_M_RLN_0060.wav,MS10A_F01_C0_0020_M_RLN_0060,25,25,25,26,Roland,main,male,roland,assets/triangle-strategy/approved_voice_references/roland.wav,ข้ารู้ว่าเจ้าลังเล...แต่ข้าคิดว่ามันโคมลอยไปหน่อย,,,PENDING_MANUAL_GENERATION,,triangle-strategy
27,MS10A_F01_C0_0020_M_RLN_0070.wav,MS10A_F01_C0_0020_M_RLN_0070,26,26,26,27,Roland,main,male,roland,assets/triangle-strategy/approved_voice_references/roland.wav,อาณาจักรที่ดูแลประชาชน ย่อมได้รับการดูแลจากประชาชนกลับมาเช่นกัน ไม่เห็นต้องทำให้มันซับซ้อนไปกว่านี้เลย,,,PENDING_MANUAL_GENERATION,,triangle-strategy
28,MS10A_F01_C0_0020_M_RLN_0080.wav,MS10A_F01_C0_0020_M_RLN_0080,27,27,27,28,Roland,main,male,roland,assets/triangle-strategy/approved_voice_references/roland.wav,อืม ทุกคนลือกันหมดว่ารัฐมนตรีซอสเลย์พยายามทำให้ตระกูลวูล์ฟฟอร์ตเชื่อฟังเขา,,,PENDING_MANUAL_GENERATION,,triangle-strategy
29,MS10A_F01_C0_0020_M_RLN_0090.wav,MS10A_F01_C0_0020_M_RLN_0090,28,28,28,29,Roland,main,male,roland,assets/triangle-strategy/approved_voice_references/roland.wav,ข้าขอเดินชมเมืองอีกสักหน่อยแล้วกัน เดี๋ยวกลับมานะ,,,PENDING_MANUAL_GENERATION,,triangle-strategy
30,MS10A_F01_C0_0020_M_SEL_0010.wav,MS10A_F01_C0_0020_M_SEL_0010,29,29,29,30,Serenoa,main,male,serenoa,assets/triangle-strategy/approved_voice_references/serenoa.wav,แล้ว ท่านพบอะไรที่มีประโยชน์ต่อเราบ้างไหม?,,,PENDING_MANUAL_GENERATION,,triangle-strategy
31,MS10A_F01_C0_0020_M_SEL_0020.wav,MS10A_F01_C0_0020_M_SEL_0020,30,30,30,31,Serenoa,main,male,serenoa,assets/triangle-strategy/approved_voice_references/serenoa.wav,ข่าวกระจายเร็วกว่าที่คิดนะเนี่ย นี่อาจจะเป็นเหตุผลที่เราถูกเรียกไปพบก็ได้,,,PENDING_MANUAL_GENERATION,,triangle-strategy
32,MS10A_F01_C0_0030_F_FRE_0010.wav,MS10A_F01_C0_0030_F_FRE_0010,31,31,31,32,Frederica,main,female,frederica,assets/triangle-strategy/approved_voice_references/frederica.wav,เซเรโนอา...เจ้าจะส่งชาวโรเซลล์ให้กับไฮแซนต์จริงๆเหรอ?,,,PENDING_MANUAL_GENERATION,,triangle-strategy
33,MS10A_F01_C0_0030_F_FRE_0020.wav,MS10A_F01_C0_0030_F_FRE_0020,32,32,32,33,Frederica,main,female,frederica,assets/triangle-strategy/approved_voice_references/frederica.wav,เป็นแผนของท่านมาตั้งแต่ต้นเลยไม่ใช่เหรอ?,,,PENDING_MANUAL_GENERATION,,triangle-strategy
34,MS10A_F01_C0_0030_F_FRE_0030.wav,MS10A_F01_C0_0030_F_FRE_0030,33,33,33,34,Frederica,main,female,frederica,assets/triangle-strategy/approved_voice_references/frederica.wav,เราทำตามที่ท่านขอ และเปิดโปงความผิดของซอสเลย์ไปแล้ว ท่านรู้มาตลอดเลยสินะว่ามันจะไม่จบแค่นั้น,,,PENDING_MANUAL_GENERATION,,triangle-strategy
35,MS10A_F01_C0_0030_M_BND_0010.wav,MS10A_F01_C0_0030_M_BND_0010,34,34,34,35,Benedict,main,male,benedict,assets/triangle-strategy/approved_voice_references/benedict.wav,ท่านหญิงเฟรเดอริก้า ท่านคงทราบเรื่องที่ลอร์ดซีมอนสาบานจะปกป้องพวกเขาใช่ไหมขอรับ,,,PENDING_MANUAL_GENERATION,,triangle-strategy
36,MS10A_F01_C0_0030_M_BND_0020.wav,MS10A_F01_C0_0030_M_BND_0020,35,35,35,36,Benedict,main,male,benedict,assets/triangle-strategy/approved_voice_references/benedict.wav,แต่น่าเสียดายที่ตอนนี้ตระกูลของเราไม่เป็นเช่นเดิมอีกต่อไปแล้ว...,,,PENDING_MANUAL_GENERATION,,triangle-strategy
37,MS10A_F01_C0_0030_M_BND_0030.wav,MS10A_F01_C0_0030_M_BND_0030,36,36,36,37,Benedict,main,male,benedict,assets/triangle-strategy/approved_voice_references/benedict.wav,ยังไม่ได้เลยขอรับ แต่ข้ารับปากว่าท่านจะได้คำตอบแน่นอน,,,PENDING_MANUAL_GENERATION,,triangle-strategy
38,MS10A_F01_C0_0030_M_EGS_0010.wav,MS10A_F01_C0_0030_M_EGS_0010,37,37,37,38,Exharme,npc,male,exharme,assets/triangle-strategy/approved_voice_references/exharme.wav,อ้าวสหายข้า ขออภัยที่ต้องมาพบกันด้วยสถานการณ์เลวร้ายเช่นนี้นะ,,,PENDING_MANUAL_GENERATION,,triangle-strategy
39,MS10A_F01_C0_0030_M_EGS_0020.wav,MS10A_F01_C0_0030_M_EGS_0020,38,38,38,39,Exharme,npc,male,exharme,assets/triangle-strategy/approved_voice_references/exharme.wav,เลือกลำบากเลยล่ะสิท่า ข้าไม่อยากให้เกิดขึ้นกับตัวเองเลย ตอนนี้ตัดสินใจได้หรือยังล่ะ?,,,PENDING_MANUAL_GENERATION,,triangle-strategy
40,MS10A_F01_C0_0030_M_EGS_0030.wav,MS10A_F01_C0_0030_M_EGS_0030,39,39,39,40,Exharme,npc,male,exharme,assets/triangle-strategy/approved_voice_references/exharme.wav,แผนอะไร?,,,PENDING_MANUAL_GENERATION,,triangle-strategy
41,MS10A_F01_C0_0030_M_EGS_0040.wav,MS10A_F01_C0_0030_M_EGS_0040,40,40,40,41,Exharme,npc,male,exharme,assets/triangle-strategy/approved_voice_references/exharme.wav,ถ้าพวกท่านกำลังเข้าใจผิด ข้าจะขอชี้แนะพวกท่านสักหน่อยแล้วกัน,,,PENDING_MANUAL_GENERATION,,triangle-strategy
42,MS10A_F01_C0_0030_M_EGS_0050.wav,MS10A_F01_C0_0030_M_EGS_0050,41,41,41,42,Exharme,npc,male,exharme,assets/triangle-strategy/approved_voice_references/exharme.wav,ตอนนี้พวกท่านไม่ใช่เหยี่ยวสูงส่งเหมือนแต่ก่อนแล้ว พวกท่านคือแร้งที่คอยจิกกินซากศพของซอสเลย์ต่างหาก,,,PENDING_MANUAL_GENERATION,,triangle-strategy
43,MS10A_F01_C0_0030_M_EGS_0060.wav,MS10A_F01_C0_0030_M_EGS_0060,42,42,42,43,Exharme,npc,male,exharme,assets/triangle-strategy/approved_voice_references/exharme.wav,ข้าพูดจากประสบการณ์ ที่ข้าบอกว่าตำแหน่งผู้ศักดิ์สิทธิ์นั้นสำคัญยิ่ง ท่านเตรียมพร้อมหรือยังล่ะ?,,,PENDING_MANUAL_GENERATION,,triangle-strategy
44,MS10A_F01_C0_0030_M_EGS_0070.wav,MS10A_F01_C0_0030_M_EGS_0070,43,43,43,44,Exharme,npc,male,exharme,assets/triangle-strategy/approved_voice_references/exharme.wav,แน่นอนว่าท่านคงต้องการจะหลุดพ้นจากโซ่ที่ตรวนท่านไว้ และสยายปีกบินอย่างอิสระเสรี,,,PENDING_MANUAL_GENERATION,,triangle-strategy
45,MS10A_F01_C0_0030_M_EGS_0080.wav,MS10A_F01_C0_0030_M_EGS_0080,44,44,44,45,Exharme,npc,male,exharme,assets/triangle-strategy/approved_voice_references/exharme.wav,ท่านจำเป็นต้องหลั่งเลือดเนื้อของศัตรู มิตรสหาย และตัวท่านเอง อิสรภาพของท่านกำลังรออยู่บนสุดทางเดินแห่งความตาย,,,PENDING_MANUAL_GENERATION,,triangle-strategy
46,MS10A_F01_C0_0030_M_EGS_0090.wav,MS10A_F01_C0_0030_M_EGS_0090,45,45,45,46,Exharme,npc,male,exharme,assets/triangle-strategy/approved_voice_references/exharme.wav,หากท่านไม่พร้อมทำใจเสียสละบนเส้นทางนั้น...ก็เลิกเสแสร้งแล้วคุกเข่าขอร้องพวกเราซะ,,,PENDING_MANUAL_GENERATION,,triangle-strategy
47,MS10A_F01_C0_0030_M_ELA_0010.wav,MS10A_F01_C0_0030_M_ELA_0010,46,46,46,47,Erador,main,male,erador,assets/triangle-strategy/approved_voice_references/erador.wav,พวกเขารู้จุดอ่อนของเรา พวกเขารู้ความเป็นมาของพวกเราทั้งหมดก่อนที่จะลงมือเล่นงาน,,,PENDING_MANUAL_GENERATION,,triangle-strategy
48,MS10A_F01_C0_0030_M_ELA_0020.wav,MS10A_F01_C0_0030_M_ELA_0020,47,47,47,48,Erador,main,male,erador,assets/triangle-strategy/approved_voice_references/erador.wav,ดูพูดจาเข้าสิ!,,,PENDING_MANUAL_GENERATION,,triangle-strategy
49,MS10A_F01_C0_0030_M_RLN_0010.wav,MS10A_F01_C0_0030_M_RLN_0010,48,48,48,49,Roland,main,male,roland,assets/triangle-strategy/approved_voice_references/roland.wav,แล้วนั่นคือเหตุผลที่เราต้องทิ้งศักดิ์ศรีของตัวเองไปด้วยเหรอ? พ่อของข้าก็ปกป้องพวกเขาด้วยเช่นกันนะ,,,PENDING_MANUAL_GENERATION,,triangle-strategy
50,MS10A_F01_C0_0030_M_RLN_0020.wav,MS10A_F01_C0_0030_M_RLN_0020,49,49,49,50,Roland,main,male,roland,assets/triangle-strategy/approved_voice_references/roland.wav,เตรียมพร้อม? เรื่องอะไรอีก?,,,PENDING_MANUAL_GENERATION,,triangle-strategy
51,MS10A_F01_C0_0030_M_RLN_0030.wav,MS10A_F01_C0_0030_M_RLN_0030,50,50,50,51,Roland,main,male,roland,assets/triangle-strategy/approved_voice_references/roland.wav,ขอร้องหรือนองเลือด... แย่ทั้งคู่เลย,,,PENDING_MANUAL_GENERATION,,triangle-strategy
52,MS10A_F01_C0_0030_M_SEL_0010.wav,MS10A_F01_C0_0030_M_SEL_0010,51,51,51,52,Serenoa,main,male,serenoa,assets/triangle-strategy/approved_voice_references/serenoa.wav,ข้าไม่รู้เหมือนกัน...,,,PENDING_MANUAL_GENERATION,,triangle-strategy
53,MS10A_F01_C0_1010_M_BND_0010.wav,MS10A_F01_C0_1010_M_BND_0010,55,55,55,56,Benedict,main,male,benedict,assets/triangle-strategy/approved_voice_references/benedict.wav,เรื่องนั้นพวกเราผิดเองขอรับ...แต่มันก็เป็นเรื่องยากต่อการตัดสินใจเช่นกัน,,,PENDING_MANUAL_GENERATION,,triangle-strategy
54,MS10A_F01_C0_1010_M_BND_0020.wav,MS10A_F01_C0_1010_M_BND_0020,56,56,56,57,Benedict,main,male,benedict,assets/triangle-strategy/approved_voice_references/benedict.wav,นายท่านขอรับ แบบนี้มัน-!,,,PENDING_MANUAL_GENERATION,,triangle-strategy
55,MS10A_F01_C0_1010_M_EGS_0010.wav,MS10A_F01_C0_1010_M_EGS_0010,57,57,57,58,Exharme,npc,male,exharme,assets/triangle-strategy/approved_voice_references/exharme.wav,รัฐมนตรีซอสเลย์ ช่วยระวังคำพูดของท่านต่อหน้าพระองค์ด้วยนะ,,,PENDING_MANUAL_GENERATION,,triangle-strategy
56,MS10A_F01_C0_1010_M_EGS_0020.wav,MS10A_F01_C0_1010_M_EGS_0020,58,58,58,59,Exharme,npc,male,exharme,assets/triangle-strategy/approved_voice_references/exharme.wav,ข้าขอขอบคุณท่านแทนชาวไฮแซนต์ทุกคน ที่ช่วยขจัดความทุจริตออกไปจากอาณาจักรของเรา,,,PENDING_MANUAL_GENERATION,,triangle-strategy
57,MS10A_F01_C0_1010_M_IDO_0010.wav,MS10A_F01_C0_1010_M_IDO_0010,59,59,59,60,อีดอร์,npc,male,idore,,ดีมาก เช่นนั้นเราเริ่มกันเลยดีกว่า...,,,BLOCKED_PENDING_REFERENCE_AUDIO,,triangle-strategy
58,MS10A_F01_C0_1010_M_IDO_0020.wav,MS10A_F01_C0_1010_M_IDO_0020,60,60,60,61,อีดอร์,npc,male,idore,,ในนามแห่งหัวหน้านักบวชและเทพธิดา ข้าขอเริ่มดำเนินการไต่สวน เรื่องการใช้เกลือแห่งอาณาจักรในทางที่ผิด,,,BLOCKED_PENDING_REFERENCE_AUDIO,,triangle-strategy
59,MS10A_F01_C0_1010_M_IDO_0030.wav,MS10A_F01_C0_1010_M_IDO_0030,61,61,61,62,อีดอร์,npc,male,idore,,เราจะเริ่มจาก เซเรโนอา วูล์ฟฟอร์ต เป็นคนแรก,,,BLOCKED_PENDING_REFERENCE_AUDIO,,triangle-strategy
60,MS10A_F01_C0_1010_M_IDO_0040.wav,MS10A_F01_C0_1010_M_IDO_0040,62,62,62,63,อีดอร์,npc,male,idore,,ซอสเลย์ เอนด์ ท่านถูกกล่าวหาว่าละเลยพรแห่งเทพธิดา และใช้อำนาจเพื่อสนองสุขมิรู้สิ้นของตน,,,BLOCKED_PENDING_REFERENCE_AUDIO,,triangle-strategy
61,MS10A_F01_C0_1010_M_IDO_0050.wav,MS10A_F01_C0_1010_M_IDO_0050,63,63,63,64,อีดอร์,npc,male,idore,,เซเรโนอา วูล์ฟฟอร์ต ท่านถูกกล่าวหาว่าเป็นผู้สมรู้ร่วมคิดในแผนการของเขา และทำให้มือของตนแปดเปื้อนจากการขนส่งสินค้าที่ได้รับมาอย่างผิดกฎหมาย,,,BLOCKED_PENDING_REFERENCE_AUDIO,,triangle-strategy
62,MS10A_F01_C0_1010_M_IDO_0060.wav,MS10A_F01_C0_1010_M_IDO_0060,64,64,64,65,อีดอร์,npc,male,idore,,หากพวกท่านพูดคุยกันจบแล้ว เรามาไต่สวนกันต่อ...ลอร์ดเซเรโนอา ท่านมีส่วนร่วมในการกระทำผิดของซอสเลย์ด้วยหรือไม่?,,,BLOCKED_PENDING_REFERENCE_AUDIO,,triangle-strategy
63,MS10A_F01_C0_1010_M_IDO_0070.wav,MS10A_F01_C0_1010_M_IDO_0070,65,65,65,66,อีดอร์,npc,male,idore,,โปรดเข้าใจด้วยว่าการพูดเท็จถือเป็นการดูหมิ่นเทพธิดาผู้ทรงเมตตา ด้วยเหตุนั้นท่านจะถูกลงโทษเช่นกัน,,,BLOCKED_PENDING_REFERENCE_AUDIO,,triangle-strategy
64,MS10A_F01_C0_1010_M_IDO_0080.wav,MS10A_F01_C0_1010_M_IDO_0080,66,66,66,67,อีดอร์,npc,male,idore,,แต่สุดท้ายพวกท่านก็มีส่วนร่วมในการทุจริตอยู่ดี ซึ่งพวกท่านต้องรับผิดชอบในความผิดนี้ด้วย,,,BLOCKED_PENDING_REFERENCE_AUDIO,,triangle-strategy
65,MS10A_F01_C0_1010_M_IDO_0090.wav,MS10A_F01_C0_1010_M_IDO_0090,67,67,67,68,อีดอร์,npc,male,idore,,เห็นได้ชัดว่าท่านรักประชาชนจากใจจริง,,,BLOCKED_PENDING_REFERENCE_AUDIO,,triangle-strategy
66,MS10A_F01_C0_1010_M_IDO_0100.wav,MS10A_F01_C0_1010_M_IDO_0100,68,68,68,69,อีดอร์,npc,male,idore,,เอาล่ะ ข้าจะลองเจรจากับหัวหน้านักบวชแทนท่านเอง,,,BLOCKED_PENDING_REFERENCE_AUDIO,,triangle-strategy
67,MS10A_F01_C0_1010_M_IDO_0110.wav,MS10A_F01_C0_1010_M_IDO_0110,69,69,69,70,อีดอร์,npc,male,idore,,เซเรโนอา วูล์ฟฟอร์ต จงสดับฟังถ้อยคำของพระองค์เสียเถิด,,,BLOCKED_PENDING_REFERENCE_AUDIO,,triangle-strategy
68,MS10A_F01_C0_1010_M_IDO_0120.wav,MS10A_F01_C0_1010_M_IDO_0120,70,70,70,71,อีดอร์,npc,male,idore,,ตระกูลของท่านปกป้องใจกลางนอร์เซเลีย ความเคร่งครัดในหน้าที่ของท่านเป็นที่รู้จักกันทั่วหล้าฟ้าเขียว,,,BLOCKED_PENDING_REFERENCE_AUDIO,,triangle-strategy
69,MS10A_F01_C0_1010_M_IDO_0130.wav,MS10A_F01_C0_1010_M_IDO_0130,71,71,71,72,อีดอร์,npc,male,idore,,พระองค์ทรงเชื่อว่าการสูญเสียบ้านเมืองให้กับเอสฟรอสต์ถือเป็นเรื่องใหญ่หลวง,,,BLOCKED_PENDING_REFERENCE_AUDIO,,triangle-strategy
70,MS10A_F01_C0_1010_M_IDO_0140.wav,MS10A_F01_C0_1010_M_IDO_0140,72,72,72,73,อีดอร์,npc,male,idore,,และตอนนี้ตำแหน่งเจ็ดผู้ศักดิ์สิทธิ์ยังว่างอยู่ ท่านสามารถรับช่วงต่อจากเขาได้หากต้องการ,,,BLOCKED_PENDING_REFERENCE_AUDIO,,triangle-strategy
71,MS10A_F01_C0_1010_M_IDO_0150.wav,MS10A_F01_C0_1010_M_IDO_0150,73,73,73,74,อีดอร์,npc,male,idore,,อย่างไรก็ตาม,,,BLOCKED_PENDING_REFERENCE_AUDIO,,triangle-strategy
72,MS10A_F01_C0_1010_M_IDO_0160.wav,MS10A_F01_C0_1010_M_IDO_0160,74,74,74,75,อีดอร์,npc,male,idore,,เรื่องชาวโรเซลล์ในเขตแดนของท่านน่ะ...,,,BLOCKED_PENDING_REFERENCE_AUDIO,,triangle-strategy
73,MS10A_F01_C0_1010_M_IDO_0170.wav,MS10A_F01_C0_1010_M_IDO_0170,75,75,75,76,อีดอร์,npc,male,idore,,พระองค์ต้องการให้พวกเขากลับมาในสถานที่ที่พวกเขาควรอยู่,,,BLOCKED_PENDING_REFERENCE_AUDIO,,triangle-strategy
74,MS10A_F01_C0_1010_M_IDO_0180.wav,MS10A_F01_C0_1010_M_IDO_0180,76,76,76,77,อีดอร์,npc,male,idore,,ในแดนศักดิ์สิทธิ์ของเรา นาเกลือคือบ้านของพวกเขาผู้เป็นลูกหลานบรรพบุรุษชั่วช้าสามานย์,,,BLOCKED_PENDING_REFERENCE_AUDIO,,triangle-strategy
75,MS10A_F01_C0_1010_M_IDO_0190.wav,MS10A_F01_C0_1010_M_IDO_0190,77,77,77,78,อีดอร์,npc,male,idore,,หน้าที่ของพวกเขาคือการอุทิศตนแด่เทพธิดา เพื่อชำระบาปของบรรพบุรุษให้หมดสิ้นไป,,,BLOCKED_PENDING_REFERENCE_AUDIO,,triangle-strategy
76,MS10A_F01_C0_1010_M_IDO_0200.wav,MS10A_F01_C0_1010_M_IDO_0200,78,78,78,79,อีดอร์,npc,male,idore,,พระองค์ต้องการให้ชาวโรเซลล์ทุกคนรับใช้และสำนึกผิด ตามเจตจำนงของนาง,,,BLOCKED_PENDING_REFERENCE_AUDIO,,triangle-strategy
77,MS10A_F01_C0_1010_M_IDO_0210.wav,MS10A_F01_C0_1010_M_IDO_0210,79,79,79,80,อีดอร์,npc,male,idore,,พวกเรามนุษย์นั้นไม่มีอำนาจเหนือเทพธิดา วาจาของนางถือเป็นคำขาด,,,BLOCKED_PENDING_REFERENCE_AUDIO,,triangle-strategy
78,MS10A_F01_C0_1010_M_KNS_0010.wav,MS10A_F01_C0_1010_M_KNS_0010,80,80,80,81,แคมเซลล์,npc,male,kamsell,,เหรอ? ข้าไม่อยากจะนึกสภาพของท่านตอนกำลังเขียนบัญชีเหล่านี้เลย พอดีข้าได้มันมาจากทหารที่นาเกลือน่ะ,,,BLOCKED_PENDING_REFERENCE_AUDIO,,triangle-strategy
79,MS10A_F01_C0_1010_M_KNS_0020.wav,MS10A_F01_C0_1010_M_KNS_0020,81,81,81,82,แคมเซลล์,npc,male,kamsell,,ตอนที่ท่านรู้เจตนาที่แท้จริงของเขา ท่านน่าจะมาบอกพวกเราก่อนนะ มีโอกาสตั้งเยอะแยะ,,,BLOCKED_PENDING_REFERENCE_AUDIO,,triangle-strategy
80,MS10A_F01_C0_1010_M_KNS_0030.wav,MS10A_F01_C0_1010_M_KNS_0030,82,82,82,83,แคมเซลล์,npc,male,kamsell,,พวกเราก็ไม่ได้ทำหูทวนลมใส่ท่านเสียหน่อย แต่การก่อคดีเพราะถูกข่มขู่นั้นถือเป็นการกระทำผิดอยู่ดี,,,BLOCKED_PENDING_REFERENCE_AUDIO,,triangle-strategy
81,MS10A_F01_C0_1010_M_M078_0010.wav,MS10A_F01_C0_1010_M_M078_0010,83,83,83,84,เจ้าหน้าที่บัญชี,generic,male,MALE_ADULT_B,assets/triangle-strategy/approved_voice_references/MALE_ADULT_B.wav,ตอนแรกข้าคิดว่าตัวเลขในบัญชีค่อนข้างแปลก เมื่อนำมาเทียบกับบัญชีที่สำนักงานใหญ่ ตอนนี้ข้าเข้าใจเหตุผลแล้วขอรับ,,,PENDING_MANUAL_GENERATION,,triangle-strategy
82,MS10A_F01_C0_1010_M_M078_0020.wav,MS10A_F01_C0_1010_M_M078_0020,84,84,84,85,เจ้าหน้าที่บัญชี,generic,male,MALE_ADULT_B,assets/triangle-strategy/approved_voice_references/MALE_ADULT_B.wav,รัฐมนตรีซอสเลย์ อภัยให้ข้าด้วยเถิด! หากข้าปิดปากเงียบไว้คงถูกประหารแน่...,,,PENDING_MANUAL_GENERATION,,triangle-strategy
83,MS10A_F01_C0_1010_M_SEL_0020.wav,MS10A_F01_C0_1010_M_SEL_0020,86,86,86,87,Serenoa,main,male,serenoa,assets/triangle-strategy/approved_voice_references/serenoa.wav,ข้าเข้าใจขอรับ ที่ท่านพูดเป็นความจริง พวกเราช่วยซอสเลย์ขายเกลือ,,,PENDING_MANUAL_GENERATION,,triangle-strategy
84,MS10A_F01_C0_1010_M_SEL_0030.wav,MS10A_F01_C0_1010_M_SEL_0030,87,87,87,88,Serenoa,main,male,serenoa,assets/triangle-strategy/approved_voice_references/serenoa.wav,ที่ทำไปก็เพื่อปกป้องบ้านเมืองและประชาชนของเรา มันเป็นทางเดียวที่จะป้องกันการสูญเสียขอรับ,,,PENDING_MANUAL_GENERATION,,triangle-strategy
85,MS10A_F01_C0_1010_M_SEL_0040.wav,MS10A_F01_C0_1010_M_SEL_0040,88,88,88,89,Serenoa,main,male,serenoa,assets/triangle-strategy/approved_voice_references/serenoa.wav,เรื่องนั้นข้าไม่ขอแย้ง พวกเราหวังเพียงแค่ความเมตตาจากท่านเท่านั้น,,,PENDING_MANUAL_GENERATION,,triangle-strategy
86,MS10A_F01_C0_1010_M_SEL_0050.wav,MS10A_F01_C0_1010_M_SEL_0050,89,89,89,90,Serenoa,main,male,serenoa,assets/triangle-strategy/approved_voice_references/serenoa.wav,ข้าขอร้อง เห็นแก่ประชาชนของข้าด้วย...ขอให้พระองค์ทรงปกป้องตระกูลของเราขอรับ,,,PENDING_MANUAL_GENERATION,,triangle-strategy
87,MS10A_F01_C0_1010_M_SEL_0060.wav,MS10A_F01_C0_1010_M_SEL_0060,90,90,90,91,Serenoa,main,male,serenoa,assets/triangle-strategy/approved_voice_references/serenoa.wav,ท่านต้องการให้เราทรยศชาวโรเซลล์ที่เราปกป้องงั้นเหรอ?,,,PENDING_MANUAL_GENERATION,,triangle-strategy
88,MS10A_F01_C0_1010_M_SLS_0010.wav,MS10A_F01_C0_1010_M_SLS_0010,91,91,91,92,Sorsley,npc,male,sorsley,assets/triangle-strategy/approved_voice_references/sorsley.wav,ข้า ซอสเลย์ เอนด์ นำตัวเซเรโนอา วูล์ฟฟอร์ต มาเข้าพบตามคำเรียกของพระองค์ขอรับ,,,PENDING_MANUAL_GENERATION,,triangle-strategy
89,MS10A_F01_C0_1010_M_SLS_0020.wav,MS10A_F01_C0_1010_M_SLS_0020,92,92,92,93,Sorsley,npc,male,sorsley,assets/triangle-strategy/approved_voice_references/sorsley.wav,การไต่สวนเหรอ!?,,,PENDING_MANUAL_GENERATION,,triangle-strategy
90,MS10A_F01_C0_1010_M_SLS_0030.wav,MS10A_F01_C0_1010_M_SLS_0030,93,93,93,94,Sorsley,npc,male,sorsley,assets/triangle-strategy/approved_voice_references/sorsley.wav,ข้าถูกกล่าวหางั้นเหรอ!? ด้วยเหตุผลอะไรล่ะ อีดอร์!?,,,PENDING_MANUAL_GENERATION,,triangle-strategy
91,MS10A_F01_C0_1010_M_SLS_0040.wav,MS10A_F01_C0_1010_M_SLS_0040,94,94,94,95,Sorsley,npc,male,sorsley,assets/triangle-strategy/approved_voice_references/sorsley.wav,นี่ท่านกล้าสั่งสอนข้างั้นรึ!?,,,PENDING_MANUAL_GENERATION,,triangle-strategy
92,MS10A_F01_C0_1010_M_SLS_0050.wav,MS10A_F01_C0_1010_M_SLS_0050,95,95,95,96,Sorsley,npc,male,sorsley,assets/triangle-strategy/approved_voice_references/sorsley.wav,ท่านเทพธิดาทรงฝากฝังตระกูลเอนด์ให้ดูแลเกลือของนางซึ่งหล่อเลี้ยงอาณาจักรมารุ่นสู่รุ่น,,,PENDING_MANUAL_GENERATION,,triangle-strategy
93,MS10A_F01_C0_1010_M_SLS_0060.wav,MS10A_F01_C0_1010_M_SLS_0060,96,96,96,97,Sorsley,npc,male,sorsley,assets/triangle-strategy/approved_voice_references/sorsley.wav,ข้าอุทิศในหน้าที่อย่างสัตย์จริง ยิ่งได้ยินข้อกล่าวหาบ้าบอเช่นนี้มันทำให้ข้าคลื่นไส้!,,,PENDING_MANUAL_GENERATION,,triangle-strategy
94,MS10A_F01_C0_1010_M_SLS_0070.wav,MS10A_F01_C0_1010_M_SLS_0070,97,97,97,98,Sorsley,npc,male,sorsley,assets/triangle-strategy/approved_voice_references/sorsley.wav,อ๊ะ...!?,,,PENDING_MANUAL_GENERATION,,triangle-strategy
95,MS10A_F01_C0_1010_M_SLS_0080.wav,MS10A_F01_C0_1010_M_SLS_0080,98,98,98,99,Sorsley,npc,male,sorsley,assets/triangle-strategy/approved_voice_references/sorsley.wav,ประหารเหรอ!? ขี้ข้าอย่างเจ้า โดนกดดันแค่นี้ก็ใจฝ่อแล้วหักหลังเลยหรือไงกัน...,,,PENDING_MANUAL_GENERATION,,triangle-strategy
96,MS10A_F01_C0_1010_M_SLS_0090.wav,MS10A_F01_C0_1010_M_SLS_0090,99,99,99,100,Sorsley,npc,male,sorsley,assets/triangle-strategy/approved_voice_references/sorsley.wav,เซเรโนอา ไอ้ชาติชั่ว!,,,PENDING_MANUAL_GENERATION,,triangle-strategy
97,MS10A_F01_C0_1010_M_SLS_0100.wav,MS10A_F01_C0_1010_M_SLS_0100,100,100,100,101,Sorsley,npc,male,sorsley,assets/triangle-strategy/approved_voice_references/sorsley.wav,เอื้อก!?,,,PENDING_MANUAL_GENERATION,,triangle-strategy
98,MS10A_F01_C0_2010_F_FRE_0010.wav,MS10A_F01_C0_2010_F_FRE_0010,101,101,101,102,Frederica,main,female,frederica,assets/triangle-strategy/approved_voice_references/frederica.wav,อ้าวเหรอ ข้าแค่อยากเห็นว่าท่านแม่เติบโตมาในสถานที่แบบไหน และใช้ชีวิตบั้นปลายของนางยังไงเท่านั้นเอง,,,PENDING_MANUAL_GENERATION,,triangle-strategy
99,MS10A_F01_C0_2010_F_FRE_0020.wav,MS10A_F01_C0_2010_F_FRE_0020,102,102,102,103,Frederica,main,female,frederica,assets/triangle-strategy/approved_voice_references/frederica.wav,ก็หลายปีแล้วล่ะ ข้าแค่ไม่รู้ว่าเกิดอะไรขึ้นกับท่านแม่เท่านั้นเอง,,,PENDING_MANUAL_GENERATION,,triangle-strategy
100,MS10A_F01_C0_2010_F_FRE_0030.wav,MS10A_F01_C0_2010_F_FRE_0030,103,103,103,104,Frederica,main,female,frederica,assets/triangle-strategy/approved_voice_references/frederica.wav,ใช่แล้ว นางอาศัยช่วงชุลมุนหลบหนีออกมาระหว่างการก่อกบฎโรเซลล์ในสงครามซอลท์ไอรอน,,,PENDING_MANUAL_GENERATION,,triangle-strategy
101,MS10A_F01_C0_2010_F_FRE_0040.wav,MS10A_F01_C0_2010_F_FRE_0040,104,104,104,105,Frederica,main,female,frederica,assets/triangle-strategy/approved_voice_references/frederica.wav,ซึ่งนางได้พบกับพ่อของข้าผู้เป็นอดีตอาร์ชดยุกในตอนนั้นเอง...,,,PENDING_MANUAL_GENERATION,,triangle-strategy
102,MS10A_F01_C0_2010_F_FRE_0050.wav,MS10A_F01_C0_2010_F_FRE_0050,105,105,105,106,Frederica,main,female,frederica,assets/triangle-strategy/approved_voice_references/frederica.wav,...หลังจากที่แต่งงานกัน ท่านแม่ให้กำเนิดข้าผู้เป็นบุตรีแห่งเอสฟรอสต์,,,PENDING_MANUAL_GENERATION,,triangle-strategy
103,MS10A_F01_C0_2010_F_FRE_0060.wav,MS10A_F01_C0_2010_F_FRE_0060,106,106,106,107,Frederica,main,female,frederica,assets/triangle-strategy/approved_voice_references/frederica.wav,ทำนองนั้นเจ้าคะ เอสฟรอสต์ถูกบีบบังคับให้มอบตัวนาง มิฉะนั้นพวกเขาจะต้องรับผิดชอบที่ก่อสงคราม,,,PENDING_MANUAL_GENERATION,,triangle-strategy
104,MS10A_F01_C0_2010_F_FRE_0070.wav,MS10A_F01_C0_2010_F_FRE_0070,107,107,107,108,Frederica,main,female,frederica,assets/triangle-strategy/approved_voice_references/frederica.wav,จากนั้น พวกเขาก็เลย...,,,PENDING_MANUAL_GENERATION,,triangle-strategy
105,MS10A_F01_C0_2010_F_FRE_0080.wav,MS10A_F01_C0_2010_F_FRE_0080,108,108,108,109,Frederica,main,female,frederica,assets/triangle-strategy/approved_voice_references/frederica.wav,ข้าทั้งใจสลายและโดดเดี่ยว มีเพียงแค่สร้อยคอต่างหน้าของท่านแม่เท่านั้น ที่ส่องสว่างในยามมืดมนของข้า,,,PENDING_MANUAL_GENERATION,,triangle-strategy
106,MS10A_F01_C0_2010_F_FRE_0090.wav,MS10A_F01_C0_2010_F_FRE_0090,109,109,109,110,Frederica,main,female,frederica,assets/triangle-strategy/approved_voice_references/frederica.wav,ท่านชมข้าเกินไปแล้ว จีล่า,,,PENDING_MANUAL_GENERATION,,triangle-strategy
107,MS10A_F01_C0_2010_F_FRE_0100.wav,MS10A_F01_C0_2010_F_FRE_0100,110,110,110,111,Frederica,main,female,frederica,assets/triangle-strategy/approved_voice_references/frederica.wav,เหมือนว่าสมาชิกเจ็ดผู้ศักดิ์สิทธิ์ทุกคนมารวมตัวที่ตำหนักกันหมดเลยนะ,,,PENDING_MANUAL_GENERATION,,triangle-strategy
108,MS10A_F01_C0_2010_F_YRA_0010.wav,MS10A_F01_C0_2010_F_YRA_0010,111,111,111,112,Geela,main,female,geela,assets/triangle-strategy/approved_voice_references/geela.wav,เอสฟรอสต์คือบ้านของนาง และคนที่นั่นก็เลือกปฏิบัติกับนางเพียงเพราะสายเลือด,,,PENDING_MANUAL_GENERATION,,triangle-strategy
109,MS10A_F01_C0_2010_F_YRA_0020.wav,MS10A_F01_C0_2010_F_YRA_0020,112,112,112,113,Geela,main,female,geela,assets/triangle-strategy/approved_voice_references/geela.wav,แต่นางเลือกจะไม่สนใจคำพูดว่าร้ายของพวกเขา และตั้งใจเรียนจนชาญฉลาดมากกว่าใคร,,,PENDING_MANUAL_GENERATION,,triangle-strategy
110,MS10A_F01_C0_2010_F_YRA_0030.wav,MS10A_F01_C0_2010_F_YRA_0030,113,113,113,114,Geela,main,female,geela,assets/triangle-strategy/approved_voice_references/geela.wav,ขนาดข้ายังไม่กล้าทำเช่นนั้นเลย,,,PENDING_MANUAL_GENERATION,,triangle-strategy
111,MS10A_F01_C0_2010_F_YRA_0040.wav,MS10A_F01_C0_2010_F_YRA_0040,114,114,114,115,Geela,main,female,geela,assets/triangle-strategy/approved_voice_references/geela.wav,เช่นนั้นเราควรกลับไป ก่อนที่ผู้รับใช้คนนั้นจะออกมาตามหาเรา,,,PENDING_MANUAL_GENERATION,,triangle-strategy
112,MS10A_F01_C0_2010_M_BND_0010.wav,MS10A_F01_C0_2010_M_BND_0010,115,115,115,116,Benedict,main,male,benedict,assets/triangle-strategy/approved_voice_references/benedict.wav,ไม่น่าใช่เรื่องดีแน่นอน ถึงยังไงพวกเราก็ได้รับเกียรติให้ไปเข้าพบหัวหน้านักบวชขอรับ,,,PENDING_MANUAL_GENERATION,,triangle-strategy
113,MS10A_F01_C0_2010_M_ELA_0010.wav,MS10A_F01_C0_2010_M_ELA_0010,116,116,116,117,Erador,main,male,erador,assets/triangle-strategy/approved_voice_references/erador.wav,...ตามคาดขอรับท่านหญิง มีเพียงชาวไฮแซนต์เท่านั้นที่สามารถเข้านาเกลือได้,,,PENDING_MANUAL_GENERATION,,triangle-strategy
114,MS10A_F01_C0_2010_M_ELA_0020.wav,MS10A_F01_C0_2010_M_ELA_0020,117,117,117,118,Erador,main,male,erador,assets/triangle-strategy/approved_voice_references/erador.wav,บั้นปลาย? แม่ท่านเสียชีวิตที่นี่เหรอ?,,,PENDING_MANUAL_GENERATION,,triangle-strategy
115,MS10A_F01_C0_2010_M_ELA_0030.wav,MS10A_F01_C0_2010_M_ELA_0030,118,118,118,119,Erador,main,male,erador,assets/triangle-strategy/approved_voice_references/erador.wav,ข้านึกว่านางหลบหนีจากสถานที่บ้าๆเช่นนี้ได้เสียอีก,,,PENDING_MANUAL_GENERATION,,triangle-strategy
116,MS10A_F01_C0_2010_M_ELA_0040.wav,MS10A_F01_C0_2010_M_ELA_0040,119,119,119,120,Erador,main,male,erador,assets/triangle-strategy/approved_voice_references/erador.wav,แล้วสรุปนาง- ไม่สิ... จากนั้นนางถูกจับเหรอขอรับ?,,,PENDING_MANUAL_GENERATION,,triangle-strategy
117,MS10A_F01_C0_2010_M_ELA_0050.wav,MS10A_F01_C0_2010_M_ELA_0050,120,120,120,121,Erador,main,male,erador,assets/triangle-strategy/approved_voice_references/erador.wav,ต้องล้อกันเล่นแน่ๆ...,,,PENDING_MANUAL_GENERATION,,triangle-strategy
118,MS10A_F01_C0_2010_M_ELA_0060.wav,MS10A_F01_C0_2010_M_ELA_0060,121,121,121,122,Erador,main,male,erador,assets/triangle-strategy/approved_voice_references/erador.wav,เสียใจด้วยจริงๆขอรับ...,,,PENDING_MANUAL_GENERATION,,triangle-strategy
119,MS10A_F01_C0_2010_M_ELA_0070.wav,MS10A_F01_C0_2010_M_ELA_0070,122,122,122,123,Erador,main,male,erador,assets/triangle-strategy/approved_voice_references/erador.wav,นายท่าน ข้าจะปกป้องคู่ครองของท่านเองขอรับ,,,PENDING_MANUAL_GENERATION,,triangle-strategy
120,MS10A_F01_C0_2010_M_SEL_0010.wav,MS10A_F01_C0_2010_M_SEL_0010,123,123,123,124,Serenoa,main,male,serenoa,assets/triangle-strategy/approved_voice_references/serenoa.wav,ขอบคุณนะเอราดอร์ สรุปแล้วพวกท่านรู้อะไรมาบ้างไหม?,,,PENDING_MANUAL_GENERATION,,triangle-strategy
121,MS10A_F01_C0_2010_M_SEL_0020.wav,MS10A_F01_C0_2010_M_SEL_0020,124,124,124,125,Serenoa,main,male,serenoa,assets/triangle-strategy/approved_voice_references/serenoa.wav,ทุกคนเลยเหรอ? เกี่ยวกับเรารึเปล่านะ?,,,PENDING_MANUAL_GENERATION,,triangle-strategy
122,MS10A_F01_C0_2010_M_SEL_0030.wav,MS10A_F01_C0_2010_M_SEL_0030,125,125,125,126,Serenoa,main,male,serenoa,assets/triangle-strategy/approved_voice_references/serenoa.wav,"น่าจะใช้คำว่า ""บังคับ"" มากกว่านะท่าน...",,,PENDING_MANUAL_GENERATION,,triangle-strategy
123,MS10A_F01_C1_0010_M_ENG_0010.wav,MS10A_F01_C1_0010_M_ENG_0010,126,126,126,127,เทเนบริส,npc,male,tenebris,,แล้วมันเดือดร้อนอะไรท่านล่ะ นึกว่าท่านได้รับการสรรเสริญเสียอีก,,,BLOCKED_PENDING_REFERENCE_AUDIO,,triangle-strategy
124,MS10A_F01_C1_0010_M_ENG_0020.wav,MS10A_F01_C1_0010_M_ENG_0020,127,127,127,128,เทเนบริส,npc,male,tenebris,,ท่านเป็นคนพาพันธมิตรผู้เกรงขามมาร่วมกับเราไม่ใช่เหรอ,,,BLOCKED_PENDING_REFERENCE_AUDIO,,triangle-strategy
125,MS10A_F01_C1_0010_M_ENG_0025.wav,MS10A_F01_C1_0010_M_ENG_0025,482,482,482,129,เทเนบริส,npc,male,tenebris,,ฮ่าๆๆๆ...,,,BLOCKED_PENDING_REFERENCE_AUDIO,,triangle-strategy
126,MS10A_F01_C1_0010_M_ENG_0030.wav,MS10A_F01_C1_0010_M_ENG_0030,128,128,128,130,เทเนบริส,npc,male,tenebris,,ผู้ศักดิ์สิทธิ์ท่านอื่นต่างตกตะลึงในความสำเร็จของท่าน พวกเขาเอาแต่พูดถึงเรื่องนี้ตั้งแต่ได้ข่าวเชียวล่ะ,,,BLOCKED_PENDING_REFERENCE_AUDIO,,triangle-strategy
127,MS10A_F01_C1_0010_M_ENG_0040.wav,MS10A_F01_C1_0010_M_ENG_0040,129,129,129,131,เทเนบริส,npc,male,tenebris,,อีกไม่ช้าท่านจะได้อยู่ใกล้ชิดเทพธิดา และเป็นที่อิจฉาของชาวไฮแซนต์ทั้งปวง,,,BLOCKED_PENDING_REFERENCE_AUDIO,,triangle-strategy
128,MS10A_F01_C1_0010_M_ENG_0050.wav,MS10A_F01_C1_0010_M_ENG_0050,130,130,130,132,เทเนบริส,npc,male,tenebris,,อนาคตเป็นของตระกูลเอนด์ขอรับ,,,BLOCKED_PENDING_REFERENCE_AUDIO,,triangle-strategy
129,MS10A_F01_C1_0010_M_ENG_0060.wav,MS10A_F01_C1_0010_M_ENG_0060,131,131,131,133,เทเนบริส,npc,male,tenebris,,...ไอ้โง่นี่ใจง่ายเหลือเกิน,,,BLOCKED_PENDING_REFERENCE_AUDIO,,triangle-strategy
130,MS10A_F01_C1_0010_M_SLS_0010.wav,MS10A_F01_C1_0010_M_SLS_0010,132,132,132,134,Sorsley,npc,male,sorsley,assets/triangle-strategy/approved_voice_references/sorsley.wav,ชิ ตระกูลวูล์ฟฟอร์ตไม่เคยเห็นจะทำคุณความดีสักครั้ง แล้วหัวหน้านักบวชยังจะอนุญาตให้พวกมันเข้าพบอีกเหรอ?,,,PENDING_MANUAL_GENERATION,,triangle-strategy
131,MS10A_F01_C1_0010_M_SLS_0020.wav,MS10A_F01_C1_0010_M_SLS_0020,133,133,133,135,Sorsley,npc,male,sorsley,assets/triangle-strategy/approved_voice_references/sorsley.wav,พวกมันสมควรจะยืนเคียงคู่กับข้าต่อหน้าพระองค์หรือไงกัน ชักจะบ้ากันไปใหญ่แล้ว!,,,PENDING_MANUAL_GENERATION,,triangle-strategy
132,MS10A_F01_C1_0010_M_SLS_0030.wav,MS10A_F01_C1_0010_M_SLS_0030,134,134,134,136,Sorsley,npc,male,sorsley,assets/triangle-strategy/approved_voice_references/sorsley.wav,ฟังดู...น่าสนใจดีนี่,,,PENDING_MANUAL_GENERATION,,triangle-strategy
133,MS10A_F01_C1_0010_M_SLS_0035.wav,MS10A_F01_C1_0010_M_SLS_0035,483,483,483,137,Sorsley,npc,male,sorsley,assets/triangle-strategy/approved_voice_references/sorsley.wav,หึหึ... ฮ่าๆๆๆ!,,,PENDING_MANUAL_GENERATION,,triangle-strategy
134,MS10A_F01_C1_0010_M_SLS_0040.wav,MS10A_F01_C1_0010_M_SLS_0040,135,135,135,138,Sorsley,npc,male,sorsley,assets/triangle-strategy/approved_voice_references/sorsley.wav,ก็ไม่ขนาดนั้น ตอนนี้เหล่าวูล์ฟฟอร์ตกำลังกระเสือกกระสนตามหาคนช่วย พวกเขาไม่จำเป็นต้องรู้เรื่องนี้หรอก,,,PENDING_MANUAL_GENERATION,,triangle-strategy
135,MS10A_F01_C1_0010_M_SLS_0050.wav,MS10A_F01_C1_0010_M_SLS_0050,136,136,136,139,Sorsley,npc,male,sorsley,assets/triangle-strategy/approved_voice_references/sorsley.wav,มันถึงเวลาที่ไอ้เฒ่าอีดอร์ต้องสละตำแหน่งแล้ว,,,PENDING_MANUAL_GENERATION,,triangle-strategy
136,MS10A_F01_C1_0010_M_SLS_0060.wav,MS10A_F01_C1_0010_M_SLS_0060,137,137,137,140,Sorsley,npc,male,sorsley,assets/triangle-strategy/approved_voice_references/sorsley.wav,และข้าจะเหลือที่ว่างตรงนั้นให้เจ้าด้วย เทเนบริส,,,PENDING_MANUAL_GENERATION,,triangle-strategy
137,MS10A_H01_B0_0010_F_FRE_0010.wav,MS10A_H01_B0_0010_F_FRE_0010,138,138,138,141,Frederica,main,female,frederica,assets/triangle-strategy/approved_voice_references/frederica.wav,น่าตกใจจริง ท่านอากำลังซื้อเกลือนอกสมาคมนอร์เซเลีย,,,PENDING_MANUAL_GENERATION,,triangle-strategy
138,MS10A_H01_B0_0010_F_FRE_0020.wav,MS10A_H01_B0_0010_F_FRE_0020,139,139,139,142,Frederica,main,female,frederica,assets/triangle-strategy/approved_voice_references/frederica.wav,แล้วเส้นทางใดที่พาท่านอามาสู่จุดนี้เหรอเจ้าคะ? กุสตาดอล์ฟไม่น่าจะอนุญาตให้ท่านมาที่นี่นะ,,,PENDING_MANUAL_GENERATION,,triangle-strategy
139,MS10A_H01_B0_0010_F_FRE_0030.wav,MS10A_H01_B0_0010_F_FRE_0030,140,140,140,143,Frederica,main,female,frederica,assets/triangle-strategy/approved_voice_references/frederica.wav,เป็นไปไม่ได้เจ้าค่ะ,,,PENDING_MANUAL_GENERATION,,triangle-strategy
140,MS10A_H01_B0_0010_M_BND_0010.wav,MS10A_H01_B0_0010_M_BND_0010,141,141,141,144,Benedict,main,male,benedict,assets/triangle-strategy/approved_voice_references/benedict.wav,วันนั้นพวกเราไปที่เหมืองในฐานะตัวแทนแห่งเกลนบรู๊คขอรับ,,,PENDING_MANUAL_GENERATION,,triangle-strategy
141,MS10A_H01_B0_0010_M_BND_0020.wav,MS10A_H01_B0_0010_M_BND_0020,142,142,142,145,Benedict,main,male,benedict,assets/triangle-strategy/approved_voice_references/benedict.wav,ลูกธนูที่สังหารลูกชายของท่าน เป็นฝีมือของทหารเอสฟรอสต์,,,PENDING_MANUAL_GENERATION,,triangle-strategy
142,MS10A_H01_B0_0010_M_MB102_0010.wav,MS10A_H01_B0_0010_M_MB102_0010,143,143,143,146,ทหาร,generic,male,MALE_ADULT_A,assets/triangle-strategy/approved_voice_references/MALE_ADULT_A.wav,เอาล่ะ ตามข้ามาขอรับ,,,PENDING_MANUAL_GENERATION,,triangle-strategy
143,MS10A_H01_B0_0010_M_SEL_0010.wav,MS10A_H01_B0_0010_M_SEL_0010,145,145,145,148,Serenoa,main,male,serenoa,assets/triangle-strategy/approved_voice_references/serenoa.wav,สถานการณ์ทำให้เราต้องทิ้งศักดิ์ศรีเพื่อความอยู่รอดขอรับ,,,PENDING_MANUAL_GENERATION,,triangle-strategy
144,MS10A_H01_B0_0010_M_SEL_0020.wav,MS10A_H01_B0_0010_M_SEL_0020,146,146,146,149,Serenoa,main,male,serenoa,assets/triangle-strategy/approved_voice_references/serenoa.wav,...พวกเราไม่รู้เลยขอรับ ขออภัยด้วย,,,PENDING_MANUAL_GENERATION,,triangle-strategy
145,MS10A_H01_B0_0010_M_SEL_0030.wav,MS10A_H01_B0_0010_M_SEL_0030,147,147,147,150,Serenoa,main,male,serenoa,assets/triangle-strategy/approved_voice_references/serenoa.wav,ข้าเองก็อยู่ที่นั่นเช่นกันขอรับ พวกเราอยู่กับดราแกนจนกระทั่ง...วาระสุดท้ายของเขา,,,PENDING_MANUAL_GENERATION,,triangle-strategy
146,MS10A_H01_B0_0010_M_SEL_0040.wav,MS10A_H01_B0_0010_M_SEL_0040,148,148,148,151,Serenoa,main,male,serenoa,assets/triangle-strategy/approved_voice_references/serenoa.wav,พวกเราถูกโจมตีและเราก็โต้กลับ แต่... พวกเขาหนีไปโดยที่สร้างผลงานไว้ด้วย,,,PENDING_MANUAL_GENERATION,,triangle-strategy
147,MS10A_H01_B0_0010_M_SEL_0060.wav,MS10A_H01_B0_0010_M_SEL_0060,149,149,149,152,Serenoa,main,male,serenoa,assets/triangle-strategy/approved_voice_references/serenoa.wav,ท่านเชื่อเราเหรอขอรับ?,,,PENDING_MANUAL_GENERATION,,triangle-strategy
148,MS10A_H01_B0_0010_M_SVR_0010.wav,MS10A_H01_B0_0010_M_SVR_0010,150,150,150,153,สวาร็อค,npc,male,svarog,,ข้าเองก็ตกใจเหมือนกัน นี่ข้ากำลังซื้อเกลือผิดกฎหมายจากวูล์ฟฟอร์ตผู้สูงส่งเหรอเนี่ย,,,BLOCKED_PENDING_REFERENCE_AUDIO,,triangle-strategy
149,MS10A_H01_B0_0010_M_SVR_0020.wav,MS10A_H01_B0_0010_M_SVR_0020,151,151,151,154,สวาร็อค,npc,male,svarog,,ข้าเข้าใจพวกท่านนะ บ่อยครั้งที่เราจำใจต้องเดินบนเส้นทางที่เลือกไม่ได้,,,BLOCKED_PENDING_REFERENCE_AUDIO,,triangle-strategy
150,MS10A_H01_B0_0010_M_SVR_0030.wav,MS10A_H01_B0_0010_M_SVR_0030,152,152,152,155,สวาร็อค,npc,male,svarog,,เส้นทางใดน่ะเหรอ... สถานการณ์ของข้าตอนนี้ทำให้ข้าต้องการทรัพยากร...มากกว่าที่เคยยังไงล่ะ,,,BLOCKED_PENDING_REFERENCE_AUDIO,,triangle-strategy
151,MS10A_H01_B0_0010_M_SVR_0040.wav,MS10A_H01_B0_0010_M_SVR_0040,153,153,153,156,สวาร็อค,npc,male,svarog,,วันล้างแค้นใกล้มาถึงแล้ว ข้าต้องเตรียมตัวให้พร้อม,,,BLOCKED_PENDING_REFERENCE_AUDIO,,triangle-strategy
152,MS10A_H01_B0_0010_M_SVR_0050.wav,MS10A_H01_B0_0010_M_SVR_0050,154,154,154,157,สวาร็อค,npc,male,svarog,,ข้าจึงอยากถามพวกท่าน...,,,BLOCKED_PENDING_REFERENCE_AUDIO,,triangle-strategy
153,MS10A_H01_B0_0010_M_SVR_0060.wav,MS10A_H01_B0_0010_M_SVR_0060,155,155,155,158,สวาร็อค,npc,male,svarog,,และช่วยอย่าโกหกกันด้วย พวกท่านรู้ไหมว่าใครเป็นคนสังหารลูกชายข้า?,,,BLOCKED_PENDING_REFERENCE_AUDIO,,triangle-strategy
154,MS10A_H01_B0_0010_M_SVR_0070.wav,MS10A_H01_B0_0010_M_SVR_0070,156,156,156,159,สวาร็อค,npc,male,svarog,,งั้นเหรอ แสดงว่ากุสตาดอล์ฟต้องการให้ข้าเชื่อว่าพวกเกลนบรู๊คเป็นคนสังหารสินะ,,,BLOCKED_PENDING_REFERENCE_AUDIO,,triangle-strategy
155,MS10A_H01_B0_0010_M_SVR_0080.wav,MS10A_H01_B0_0010_M_SVR_0080,157,157,157,160,สวาร็อค,npc,male,svarog,,เหรอ? เจ้าพูดราวกับว่าตัวเองอยู่ที่นั่นเลยนะ เฟรเดอริก้า,,,BLOCKED_PENDING_REFERENCE_AUDIO,,triangle-strategy
156,MS10A_H01_B0_0010_M_SVR_0090.wav,MS10A_H01_B0_0010_M_SVR_0090,158,158,158,161,สวาร็อค,npc,male,svarog,,ท่านอยู่ด้วยเหรอ? แต่สรุป...ก็ไม่รู้อยู่ดีว่าใครเป็นคนสังหารสินะ?,,,BLOCKED_PENDING_REFERENCE_AUDIO,,triangle-strategy
157,MS10A_H01_B0_0010_M_SVR_0100.wav,MS10A_H01_B0_0010_M_SVR_0100,159,159,159,162,สวาร็อค,npc,male,svarog,,ข้าจะถามอีกครั้ง แค่ครั้งเดียวเท่านั้น,,,BLOCKED_PENDING_REFERENCE_AUDIO,,triangle-strategy
158,MS10A_H01_B0_0010_M_SVR_0105.wav,MS10A_H01_B0_0010_M_SVR_0105,160,160,160,163,สวาร็อค,npc,male,svarog,,ใคร สังหาร ลูก ข้า?,,,BLOCKED_PENDING_REFERENCE_AUDIO,,triangle-strategy
159,MS10A_H01_B0_0010_M_SVR_0110.wav,MS10A_H01_B0_0010_M_SVR_0110,161,161,161,164,สวาร็อค,npc,male,svarog,,ฮึ่ม เรื่องของท่านมันดูบังเอิญไปหน่อย แต่มันก็มีสิทธิที่จะเกิดขึ้นจริง แถมมันทำให้ข้าได้เห็นมุมมองที่น่าสนใจอีกด้วย,,,BLOCKED_PENDING_REFERENCE_AUDIO,,triangle-strategy
160,MS10A_H01_B0_0010_M_SVR_0120.wav,MS10A_H01_B0_0010_M_SVR_0120,162,162,162,165,สวาร็อค,npc,male,svarog,,หากเรื่องที่ท่านเล่ามาเป็นความจริง แสดงว่า...,,,BLOCKED_PENDING_REFERENCE_AUDIO,,triangle-strategy
161,MS10A_H01_B0_0010_M_SVR_0130.wav,MS10A_H01_B0_0010_M_SVR_0130,163,163,163,166,สวาร็อค,npc,male,svarog,,...กุสตาดอล์ฟโกหกหน้าด้านๆเลยสินะ ใครรู้เข้าคงตะลึงน่าดู,,,BLOCKED_PENDING_REFERENCE_AUDIO,,triangle-strategy
162,MS10A_H01_B0_0010_M_SVR_0140.wav,MS10A_H01_B0_0010_M_SVR_0140,164,164,164,167,สวาร็อค,npc,male,svarog,,ยังไงก็ตาม ตอนนี้เริ่มมืดแล้ว มาพักในประตูแฝดกันก่อนเถอะนะ,,,BLOCKED_PENDING_REFERENCE_AUDIO,,triangle-strategy
163,MS10A_H01_B0_0010_M_SVR_0160.wav,MS10A_H01_B0_0010_M_SVR_0160,165,165,165,168,สวาร็อค,npc,male,svarog,,เชื่ออะไรล่ะ? ครั้งนี้ถือว่าเราไม่เคยพบกัน,,,BLOCKED_PENDING_REFERENCE_AUDIO,,triangle-strategy
164,MS10A_H01_VOTE_110_M_BND_0010.wav,MS10A_H01_VOTE_110_M_BND_0010,166,166,166,169,Benedict,main,male,benedict,assets/triangle-strategy/approved_voice_references/benedict.wav,ขอรับ นายท่าน,,,PENDING_MANUAL_GENERATION,,triangle-strategy
165,MS10A_H01_VOTE_110_M_SEL_0010.wav,MS10A_H01_VOTE_110_M_SEL_0010,167,167,167,170,Serenoa,main,male,serenoa,assets/triangle-strategy/approved_voice_references/serenoa.wav,บัดนี้ เราจะเผยตัวตนที่แท้จริงของโรแลนด์ให้สวาร็อคทราบ,,,PENDING_MANUAL_GENERATION,,triangle-strategy
166,MS10A_H01_VOTE_110_M_SEL_0020.wav,MS10A_H01_VOTE_110_M_SEL_0020,168,168,168,171,Serenoa,main,male,serenoa,assets/triangle-strategy/approved_voice_references/serenoa.wav,เบเนดิกต์ รบกวนท่านช่วยเตรียมการเข้าพบให้เร็วที่สุดด้วย,,,PENDING_MANUAL_GENERATION,,triangle-strategy
167,MS10A_H01_VOTE_120_M_BND_0010.wav,MS10A_H01_VOTE_120_M_BND_0010,169,169,169,172,Benedict,main,male,benedict,assets/triangle-strategy/approved_voice_references/benedict.wav,เช่นนั้นข้าจะเตรียมการเข้าพบให้ท่านขอรับ ระหว่างนี้เรามาคิดกันดีกว่า ว่าจะโน้มน้าวให้เขาเชื่อเราอย่างไรดี,,,PENDING_MANUAL_GENERATION,,triangle-strategy
168,MS10A_H01_VOTE_120_M_SEL_0010.wav,MS10A_H01_VOTE_120_M_SEL_0010,170,170,170,173,Serenoa,main,male,serenoa,assets/triangle-strategy/approved_voice_references/serenoa.wav,เอาล่ะ ความลับของโรแลนด์จะอยู่กับเราเพียงกลุ่มเดียวเท่านั้น,,,PENDING_MANUAL_GENERATION,,triangle-strategy
169,MS10A_H01_VOTE_120_M_SEL_0020.wav,MS10A_H01_VOTE_120_M_SEL_0020,171,171,171,174,Serenoa,main,male,serenoa,assets/triangle-strategy/approved_voice_references/serenoa.wav,ถึงอย่างไร ข้าคิดว่าเราควรจะร้องขอกับสวาร็อคอยู่ดี พรุ่งนี้ข้าขอคุยกับเขาหน่อยนะ,,,PENDING_MANUAL_GENERATION,,triangle-strategy
170,MS10A_H01_VOTE_START_F_FRE_0010.wav,MS10A_H01_VOTE_START_F_FRE_0010,172,172,172,175,Frederica,main,female,frederica,assets/triangle-strategy/approved_voice_references/frederica.wav,ต้องมีอะไรสักอย่างที่สามารถเปลี่ยนใจเขาได้,,,PENDING_MANUAL_GENERATION,,triangle-strategy
171,MS10A_H01_VOTE_START_F_FRE_0020.wav,MS10A_H01_VOTE_START_F_FRE_0020,173,173,173,176,Frederica,main,female,frederica,assets/triangle-strategy/approved_voice_references/frederica.wav,เมื่อความลับถูกเปิดเผย เราจะหันกลับไม่ได้แล้ว,,,PENDING_MANUAL_GENERATION,,triangle-strategy
172,MS10A_H01_VOTE_START_F_HEW_0010.wav,MS10A_H01_VOTE_START_F_HEW_0010,174,174,174,177,Hughette,main,female,hughette,assets/triangle-strategy/approved_voice_references/hughette.wav,ถึงยังไง การไขข้อสงสัยให้เขาคงเป็นเรื่องยาก,,,PENDING_MANUAL_GENERATION,,triangle-strategy
173,MS10A_H01_VOTE_START_F_HEW_0020.wav,MS10A_H01_VOTE_START_F_HEW_0020,175,175,175,178,Hughette,main,female,hughette,assets/triangle-strategy/approved_voice_references/hughette.wav,เกรงว่าอีกไม่นานเขาได้ลงมือแก้แค้นโดยไม่สนความชอบธรรมแน่นอน,,,PENDING_MANUAL_GENERATION,,triangle-strategy
174,MS10A_H01_VOTE_START_F_YRA_0010.wav,MS10A_H01_VOTE_START_F_YRA_0010,176,176,176,179,Geela,main,female,geela,assets/triangle-strategy/approved_voice_references/geela.wav,ความลับไงล่ะ ตอนนี้เราก็มีคนที่เหมาะสมอยู่แล้วนี่,,,PENDING_MANUAL_GENERATION,,triangle-strategy
175,MS10A_H01_VOTE_START_M_BND_0010.wav,MS10A_H01_VOTE_START_M_BND_0010,177,177,177,180,Benedict,main,male,benedict,assets/triangle-strategy/approved_voice_references/benedict.wav,ถ้าเราสามารถพิสูจน์ในสิ่งที่กล่าวมาได้ ข้าเองก็คิดเช่นนั้นขอรับ,,,PENDING_MANUAL_GENERATION,,triangle-strategy
176,MS10A_H01_VOTE_START_M_BND_0020.wav,MS10A_H01_VOTE_START_M_BND_0020,178,178,178,181,Benedict,main,male,benedict,assets/triangle-strategy/approved_voice_references/benedict.wav,มันคือการเดิมพันขอรับ ยังไงซะ นี่อาจจะเป็นทางเลือกเดียวที่จะได้รับการสนับสนุนจากเอสฟรอสต์,,,PENDING_MANUAL_GENERATION,,triangle-strategy
177,MS10A_H01_VOTE_START_M_ELA_0010.wav,MS10A_H01_VOTE_START_M_ELA_0010,179,179,179,182,Erador,main,male,erador,assets/triangle-strategy/approved_voice_references/erador.wav,สรุปแล้วเป็นอย่างนี้เองเหรอเนี่ย? ดีใจจริงๆที่หัวท่านยังไม่หลุดจากบ่า,,,PENDING_MANUAL_GENERATION,,triangle-strategy
178,MS10A_H01_VOTE_START_M_ELA_0020.wav,MS10A_H01_VOTE_START_M_ELA_0020,180,180,180,183,Erador,main,male,erador,assets/triangle-strategy/approved_voice_references/erador.wav,ดูจากข่าวเท็จที่ถูกป้อนไปมากมายขนาดนั้น มีหวังสวาร็อคได้สติแตกแน่,,,PENDING_MANUAL_GENERATION,,triangle-strategy
179,MS10A_H01_VOTE_START_M_ELA_0030.wav,MS10A_H01_VOTE_START_M_ELA_0030,181,181,181,184,Erador,main,male,erador,assets/triangle-strategy/approved_voice_references/erador.wav,เอ๊ะ? พูดอะไรของเจ้า?,,,PENDING_MANUAL_GENERATION,,triangle-strategy
180,MS10A_H01_VOTE_START_M_ELA_0040.wav,MS10A_H01_VOTE_START_M_ELA_0040,182,182,182,185,Erador,main,male,erador,assets/triangle-strategy/approved_voice_references/erador.wav,อย่า... อย่าบอกนะว่า...,,,PENDING_MANUAL_GENERATION,,triangle-strategy
181,MS10A_H01_VOTE_START_M_ELA_0050.wav,MS10A_H01_VOTE_START_M_ELA_0050,183,183,183,186,Erador,main,male,erador,assets/triangle-strategy/approved_voice_references/erador.wav,ศัตรูของศัตรูสินะขอรับ? หวังว่าเราจะมีเหตุผลมากกว่าการใช้อารมณ์นะ,,,PENDING_MANUAL_GENERATION,,triangle-strategy
182,MS10A_H01_VOTE_START_M_RLN_0010.wav,MS10A_H01_VOTE_START_M_RLN_0010,184,184,184,187,Roland,main,male,roland,assets/triangle-strategy/approved_voice_references/roland.wav,ก็อาจจะ...แต่ข้าไม่คิดว่าเขาจะชอบขี้หน้ากุสตาดอล์ฟซะด้วยสิ,,,PENDING_MANUAL_GENERATION,,triangle-strategy
183,MS10A_H01_VOTE_START_M_RLN_0020.wav,MS10A_H01_VOTE_START_M_RLN_0020,185,185,185,188,Roland,main,male,roland,assets/triangle-strategy/approved_voice_references/roland.wav,ตราบใดที่เรายังมีศัตรูร่วมกัน ก็มีโอกาสที่เราจะสร้างความเชื่อใจด้วยกันได้,,,PENDING_MANUAL_GENERATION,,triangle-strategy
184,MS10A_H01_VOTE_START_M_RLN_0030.wav,MS10A_H01_VOTE_START_M_RLN_0030,186,186,186,189,Roland,main,male,roland,assets/triangle-strategy/approved_voice_references/roland.wav,ไม่มีใครอยากจะโค่นอาร์ชดยุกเท่ากับข้าแล้วล่ะ หากสวาร็อครู้ว่าข้ายังมีชีวิตอยู่ เราคงมีเป้าหมายเดียวกัน,,,PENDING_MANUAL_GENERATION,,triangle-strategy
185,MS10A_H01_VOTE_START_M_RLN_0040.wav,MS10A_H01_VOTE_START_M_RLN_0040,187,187,187,190,Roland,main,male,roland,assets/triangle-strategy/approved_voice_references/roland.wav,เขาจะได้ต่อสู้อย่างมีเหตุสมควร โดยมีองค์ชายแห่งเกลนบรู๊คคอยหนุนหลัง,,,PENDING_MANUAL_GENERATION,,triangle-strategy
186,MS10A_H01_VOTE_START_M_SEL_0010.wav,MS10A_H01_VOTE_START_M_SEL_0010,188,188,188,191,Serenoa,main,male,serenoa,assets/triangle-strategy/approved_voice_references/serenoa.wav,มีเรื่องให้คิดเยอะแยะเลย ข้าอยากรู้จังว่าคนอื่นคิดอย่างไรบ้าง,,,PENDING_MANUAL_GENERATION,,triangle-strategy
187,MS10A_H01_VOTE_START_M_SEL_0020.wav,MS10A_H01_VOTE_START_M_SEL_0020,189,189,189,192,Serenoa,main,male,serenoa,assets/triangle-strategy/approved_voice_references/serenoa.wav,เราควรปกปิดความลับขององค์ชายดีไหม? หรือจะเอาไปแลกกับพันธมิตรดีล่ะ?,,,PENDING_MANUAL_GENERATION,,triangle-strategy
188,MS10A_H01_WD_0010_N_NNN_0010.wav,MS10A_H01_WD_0010_N_NNN_0010,190,190,190,193,Narrator,narrator,female,narrator,assets/triangle-strategy/approved_voice_references/narrator.wav,ตระกูลวูล์ฟฟอร์ตไร้ทางเลือกนอกเสียจากต้องร่วมมือกับซอสเลย์ ขนเกลือผิดกฎหมายขึ้นรถม้าและสวมรอยนักค้าขายเดินทางข้ามบ้านเกิดของตน,,,PENDING_MANUAL_GENERATION,,triangle-strategy
189,MS10A_H01_WD_0010_N_NNN_0020.wav,MS10A_H01_WD_0010_N_NNN_0020,191,191,191,194,Narrator,narrator,female,narrator,assets/triangle-strategy/approved_voice_references/narrator.wav,พวกเขามุ่งหน้าสู่พงไพรมืดมิดและหุบเขารกร้าง ขับไล่เหล่าโจรพร้อมถึงเอสฟรอสต์ซึ่งเป็นจุดหมาย และถูกรายล้อมโดยเหล่าทหารทมิฬเมื่อข้ามเขตแดน,,,PENDING_MANUAL_GENERATION,,triangle-strategy
190,MS10A_H01_WD_0010_N_NNN_0030.wav,MS10A_H01_WD_0010_N_NNN_0030,192,192,192,195,Narrator,narrator,female,narrator,assets/triangle-strategy/approved_voice_references/narrator.wav,เมื่อเหล่าวูล์ฟฟอร์ตเตรียมใจกัดฟันสู้ เหล่าทหารกลับวางอาวุธ ทันใดนั้น สวาร็อค เอสฟรอสต์ ลอร์ดแห่งประตูแฝดและผู้พิทักษ์ชายแดนจึงปรากฎกาย,,,PENDING_MANUAL_GENERATION,,triangle-strategy
191,MS10A_X16_B0_0010_M_BND_0010.wav,MS10A_X16_B0_0010_M_BND_0010,193,193,193,196,Benedict,main,male,benedict,assets/triangle-strategy/approved_voice_references/benedict.wav,ท่านทราบความหมายของการเผยตัวตนครั้งนี้ใช่ไหมขอรับ,,,PENDING_MANUAL_GENERATION,,triangle-strategy
192,MS10A_X16_B0_0010_M_RLN_0020.wav,MS10A_X16_B0_0010_M_RLN_0020,196,196,196,199,Roland,main,male,roland,assets/triangle-strategy/approved_voice_references/roland.wav,ใช่แล้วล่ะ,,,PENDING_MANUAL_GENERATION,,triangle-strategy
193,MS10A_X16_B0_0010_M_RLN_0030.wav,MS10A_X16_B0_0010_M_RLN_0030,197,197,197,200,Roland,main,male,roland,assets/triangle-strategy/approved_voice_references/roland.wav,และมันจะเป็นข่าวลือต่อไป ตราบเท่าที่กุสตาดอล์ฟยังหายใจอยู่,,,PENDING_MANUAL_GENERATION,,triangle-strategy
194,MS10A_X16_B0_0010_M_SEL_0010.wav,MS10A_X16_B0_0010_M_SEL_0010,198,198,198,201,Serenoa,main,male,serenoa,assets/triangle-strategy/approved_voice_references/serenoa.wav,มีบางสิ่งที่เราอยากให้ท่านเห็นขอรับ ลอร์ดสวาร็อค เราอยากจะซื้อใจท่าน,,,PENDING_MANUAL_GENERATION,,triangle-strategy
195,MS10A_X16_B0_0010_M_SVR_0010.wav,MS10A_X16_B0_0010_M_SVR_0010,199,199,199,202,สวาร็อค,npc,male,svarog,,ท่านมีเรื่องสำคัญจะชี้แจงข้าสินะ โปรดรู้ไว้ด้วยว่าข้าจะรอบคอบเช่นเดิม,,,BLOCKED_PENDING_REFERENCE_AUDIO,,triangle-strategy
196,MS10A_X16_B0_0010_M_SVR_0020.wav,MS10A_X16_B0_0010_M_SVR_0020,200,200,200,203,สวาร็อค,npc,male,svarog,,องค์ชายโรแลนด์!,,,BLOCKED_PENDING_REFERENCE_AUDIO,,triangle-strategy
197,MS10A_X16_B0_0010_M_SVR_0030.wav,MS10A_X16_B0_0010_M_SVR_0030,201,201,201,204,สวาร็อค,npc,male,svarog,,ไหนบอกว่าท่านถูกสังหารไง!,,,BLOCKED_PENDING_REFERENCE_AUDIO,,triangle-strategy
198,MS10A_X16_B0_0010_M_SVR_0040.wav,MS10A_X16_B0_0010_M_SVR_0040,202,202,202,205,สวาร็อค,npc,male,svarog,,...ข้าเข้าใจ แต่ให้เวลาข้าคิดก่อนนะ,,,BLOCKED_PENDING_REFERENCE_AUDIO,,triangle-strategy
199,MS10A_X16_B0_0020_F_HEW_0010.wav,MS10A_X16_B0_0020_F_HEW_0010,203,203,203,206,Hughette,main,female,hughette,assets/triangle-strategy/approved_voice_references/hughette.wav,ตรงนั้นน่ะ! ทำอะไรของเจ้า!,,,PENDING_MANUAL_GENERATION,,triangle-strategy
200,MS10A_X16_B0_0020_F_HEW_0020.wav,MS10A_X16_B0_0020_F_HEW_0020,204,204,204,207,Hughette,main,female,hughette,assets/triangle-strategy/approved_voice_references/hughette.wav,ชายผู้นี้กำลังแอบฟังพวกท่านเจ้าค่ะ!,,,PENDING_MANUAL_GENERATION,,triangle-strategy
201,MS10A_X16_B0_0020_M_BND_0010.wav,MS10A_X16_B0_0020_M_BND_0010,205,205,205,208,Benedict,main,male,benedict,assets/triangle-strategy/approved_voice_references/benedict.wav,เข้าใจแล้วขอรับ ลอร์ดดราแกนจึงทุ่มเทให้ปฏิบัติการเหมืองแร่ขนาดนี้สินะ,,,PENDING_MANUAL_GENERATION,,triangle-strategy
202,MS10A_X16_B0_0020_M_BND_0020.wav,MS10A_X16_B0_0020_M_BND_0020,206,206,206,209,Benedict,main,male,benedict,assets/triangle-strategy/approved_voice_references/benedict.wav,สมมุติว่าพวกเราได้รับผลประโยชน์ พวกเราคงไม่ลงมือโดยปราศจากแผนตอบโต้อยู่ดี,,,PENDING_MANUAL_GENERATION,,triangle-strategy
203,MS10A_X16_B0_0020_M_BND_0030.wav,MS10A_X16_B0_0020_M_BND_0030,207,207,207,210,Benedict,main,male,benedict,assets/triangle-strategy/approved_voice_references/benedict.wav,แต่ดูจากสภาพของเกลนบรู๊คตอนนี้แล้ว...,,,PENDING_MANUAL_GENERATION,,triangle-strategy
204,MS10A_X16_B0_0020_M_MB102_0010.wav,MS10A_X16_B0_0020_M_MB102_0010,208,208,208,211,ทหาร,generic,male,MALE_ADULT_A,assets/triangle-strategy/approved_voice_references/MALE_ADULT_A.wav,...ขอรับ,,,PENDING_MANUAL_GENERATION,,triangle-strategy
205,MS10A_X16_B0_0020_M_MB102_0020.wav,MS10A_X16_B0_0020_M_MB102_0020,209,209,209,212,ทหาร,generic,male,MALE_ADULT_A,assets/triangle-strategy/approved_voice_references/MALE_ADULT_A.wav,ชิ...,,,PENDING_MANUAL_GENERATION,,triangle-strategy
206,MS10A_X16_B0_0020_M_RLN_0010.wav,MS10A_X16_B0_0020_M_RLN_0010,210,210,210,213,Roland,main,male,roland,assets/triangle-strategy/approved_voice_references/roland.wav,แล้วถ้าเกิดมีใครสักคนพยายามจะครองบัลลังก์ โดยเอาการตายของลูกท่านมาบังหน้าล่ะ?,,,PENDING_MANUAL_GENERATION,,triangle-strategy
207,MS10A_X16_B0_0020_M_RLN_0020.wav,MS10A_X16_B0_0020_M_RLN_0020,211,211,211,214,Roland,main,male,roland,assets/triangle-strategy/approved_voice_references/roland.wav,และเขารู้แล้วว่าข้าเป็นใคร,,,PENDING_MANUAL_GENERATION,,triangle-strategy
208,MS10A_X16_B0_0020_M_SEL_0010.wav,MS10A_X16_B0_0020_M_SEL_0010,212,212,212,215,Serenoa,main,male,serenoa,assets/triangle-strategy/approved_voice_references/serenoa.wav,พวกเราตัดสินใจตั้งตนเป็นปรปักษ์กับกุสตาดอล์ฟขอรับ,,,PENDING_MANUAL_GENERATION,,triangle-strategy
209,MS10A_X16_B0_0020_M_SEL_0020.wav,MS10A_X16_B0_0020_M_SEL_0020,213,213,213,216,Serenoa,main,male,serenoa,assets/triangle-strategy/approved_voice_references/serenoa.wav,เช่นเดียวกันกับท่าน,,,PENDING_MANUAL_GENERATION,,triangle-strategy
210,MS10A_X16_B0_0020_M_SEL_0030.wav,MS10A_X16_B0_0020_M_SEL_0030,214,214,214,217,Serenoa,main,male,serenoa,assets/triangle-strategy/approved_voice_references/serenoa.wav,ข้ายังจำคำพูดของลอร์ดดราแกนได้ดี,,,PENDING_MANUAL_GENERATION,,triangle-strategy
211,MS10A_X16_B0_0020_M_SEL_0040.wav,MS10A_X16_B0_0020_M_SEL_0040,215,215,215,218,Serenoa,main,male,serenoa,assets/triangle-strategy/approved_voice_references/serenoa.wav,อนาคตนั้นอยู่ในมือของคนหนุ่มสาวอย่างเรา,,,PENDING_MANUAL_GENERATION,,triangle-strategy
212,MS10A_X16_B0_0020_M_SEL_0050.wav,MS10A_X16_B0_0020_M_SEL_0050,216,216,216,219,Serenoa,main,male,serenoa,assets/triangle-strategy/approved_voice_references/serenoa.wav,อย่างที่พูดขอรับ โชคร้ายที่เราไม่รู้ว่าเป็นฝีมือใคร,,,PENDING_MANUAL_GENERATION,,triangle-strategy
213,MS10A_X16_B0_0020_M_SEL_0060.wav,MS10A_X16_B0_0020_M_SEL_0060,217,217,217,220,Serenoa,main,male,serenoa,assets/triangle-strategy/approved_voice_references/serenoa.wav,แต่เกลนบรู๊คกับวูล์ฟฟอร์ตไม่ได้ผลประโยชน์จากการตายของเขาแน่นอน,,,PENDING_MANUAL_GENERATION,,triangle-strategy
214,MS10A_X16_B0_0020_M_SEL_0070.wav,MS10A_X16_B0_0020_M_SEL_0070,218,218,218,221,Serenoa,main,male,serenoa,assets/triangle-strategy/approved_voice_references/serenoa.wav,เจ้าคือทหารคนก่อนหน้าไม่ใช่เหรอ,,,PENDING_MANUAL_GENERATION,,triangle-strategy
215,MS10A_X16_B0_0020_M_SEL_0080.wav,MS10A_X16_B0_0020_M_SEL_0080,219,219,219,222,Serenoa,main,male,serenoa,assets/triangle-strategy/approved_voice_references/serenoa.wav,ตามไปเร็ว! ฮิวเอทท์ เตือนคนอื่นด้วย!,,,PENDING_MANUAL_GENERATION,,triangle-strategy
216,MS10A_X16_B0_0020_M_SVR_0010.wav,MS10A_X16_B0_0020_M_SVR_0010,220,220,220,223,สวาร็อค,npc,male,svarog,,ออกไปก่อน,,,BLOCKED_PENDING_REFERENCE_AUDIO,,triangle-strategy
217,MS10A_X16_B0_0020_M_SVR_0020.wav,MS10A_X16_B0_0020_M_SVR_0020,221,221,221,224,สวาร็อค,npc,male,svarog,,ขอโทษที่เรียกท่านมาดึกดื่นป่านนี้ แต่ข้าเห็นความมุ่งมั่นของตระกูลวูล์ฟฟอร์ตแล้ว,,,BLOCKED_PENDING_REFERENCE_AUDIO,,triangle-strategy
218,MS10A_X16_B0_0020_M_SVR_0030.wav,MS10A_X16_B0_0020_M_SVR_0030,222,222,222,225,สวาร็อค,npc,male,svarog,,ข้าว่าเราคุยเปิดอกกันเถอะ,,,BLOCKED_PENDING_REFERENCE_AUDIO,,triangle-strategy
219,MS10A_X16_B0_0020_M_SVR_0040.wav,MS10A_X16_B0_0020_M_SVR_0040,223,223,223,226,สวาร็อค,npc,male,svarog,,อืม เหตุที่ข้าต้องซื้อเกลือผิดกฎหมาย เพื่อรวบรวมอำนาจในการต่อกรกับอาร์ชดยุกเนี่ยแหละ,,,BLOCKED_PENDING_REFERENCE_AUDIO,,triangle-strategy
220,MS10A_X16_B0_0020_M_SVR_0050.wav,MS10A_X16_B0_0020_M_SVR_0050,224,224,224,227,สวาร็อค,npc,male,svarog,,กุสตาดอล์ฟเอาแต่ไล่ตามฝันของตน จนถึงขั้นพยายามบ่อนทำลายอำนาจตระกูลข้า แม้ว่าจะเป็นครอบครัวเดียวกันก็ตาม,,,BLOCKED_PENDING_REFERENCE_AUDIO,,triangle-strategy
221,MS10A_X16_B0_0020_M_SVR_0060.wav,MS10A_X16_B0_0020_M_SVR_0060,225,225,225,228,สวาร็อค,npc,male,svarog,,...อืม เขามักพูดเช่นนั้นเสมอ,,,BLOCKED_PENDING_REFERENCE_AUDIO,,triangle-strategy
222,MS10A_X16_B0_0020_M_SVR_0070.wav,MS10A_X16_B0_0020_M_SVR_0070,226,226,226,229,สวาร็อค,npc,male,svarog,,เขาถามข้าซ้ำแล้วซ้ำเล่า ว่าจะปล่อยให้กุสตาดอล์ฟทำตามอำเภอใจไปถึงไหน...,,,BLOCKED_PENDING_REFERENCE_AUDIO,,triangle-strategy
223,MS10A_X16_B0_0020_M_SVR_0080.wav,MS10A_X16_B0_0020_M_SVR_0080,227,227,227,230,สวาร็อค,npc,male,svarog,,สรุปแล้ว ใครมันสังหารลูกข้ากัน? ทำไปเพื่ออะไร?,,,BLOCKED_PENDING_REFERENCE_AUDIO,,triangle-strategy
224,MS10A_X16_B0_0020_M_SVR_0090.wav,MS10A_X16_B0_0020_M_SVR_0090,228,228,228,231,สวาร็อค,npc,male,svarog,,ฟังดูมีเหตุผล นครหลวงถูกยึดครองอย่างง่ายดาย ในขณะที่ทุกคนกำลังเฉลิมฉลองในปฏิบัติการเหมืองแร่,,,BLOCKED_PENDING_REFERENCE_AUDIO,,triangle-strategy
225,MS10A_X16_B0_0020_M_SVR_0100.wav,MS10A_X16_B0_0020_M_SVR_0100,229,229,229,232,สวาร็อค,npc,male,svarog,,...กุสตาดอล์ฟ,,,BLOCKED_PENDING_REFERENCE_AUDIO,,triangle-strategy
226,MS10A_X16_B0_0020_M_SVR_0110.wav,MS10A_X16_B0_0020_M_SVR_0110,230,230,230,233,สวาร็อค,npc,male,svarog,,สายลับ!,,,BLOCKED_PENDING_REFERENCE_AUDIO,,triangle-strategy
227,MS10A_X16_B0_0030_F_FRE_0010.wav,MS10A_X16_B0_0030_F_FRE_0010,231,231,231,234,Frederica,main,female,frederica,assets/triangle-strategy/approved_voice_references/frederica.wav,ใช่แล้วเจ้าค่ะ...,,,PENDING_MANUAL_GENERATION,,triangle-strategy
228,MS10A_X16_B0_0030_F_FRE_0020.wav,MS10A_X16_B0_0030_F_FRE_0020,232,232,232,235,Frederica,main,female,frederica,assets/triangle-strategy/approved_voice_references/frederica.wav,ท่านอา...,,,PENDING_MANUAL_GENERATION,,triangle-strategy
229,MS10A_X16_B0_0030_M_BND_0010.wav,MS10A_X16_B0_0030_M_BND_0010,233,233,233,236,Benedict,main,male,benedict,assets/triangle-strategy/approved_voice_references/benedict.wav,และกองกำลังของเขาอยู่ภายใต้การควบคุมของอาร์ชดยุก แสดงว่าคนที่บงการเรื่องนี้ทั้งหมดต้องเป็นกุสตาดอล์ฟแน่นอน,,,PENDING_MANUAL_GENERATION,,triangle-strategy
230,MS10A_X16_B0_0030_M_BND_0020.wav,MS10A_X16_B0_0030_M_BND_0020,234,234,234,237,Benedict,main,male,benedict,assets/triangle-strategy/approved_voice_references/benedict.wav,ถูกต้องขอรับ แต่ถ้าเรารู้ทันแผนของเขา เราอาจพอมีโอกาสอยู่บ้าง,,,PENDING_MANUAL_GENERATION,,triangle-strategy
231,MS10A_X16_B0_0030_M_RLN_0010.wav,MS10A_X16_B0_0030_M_RLN_0010,235,235,235,238,Roland,main,male,roland,assets/triangle-strategy/approved_voice_references/roland.wav,เห็นด้วย ข้าจะโค่นกุสตาดอล์ฟให้ครอบครัวของข้าเอง,,,PENDING_MANUAL_GENERATION,,triangle-strategy
232,MS10A_X16_B0_0030_M_SEL_0010.wav,MS10A_X16_B0_0030_M_SEL_0010,236,236,236,239,Serenoa,main,male,serenoa,assets/triangle-strategy/approved_voice_references/serenoa.wav,ก่อนหน้านี้ ขอบคุณที่ช่วยข้าขอรับ,,,PENDING_MANUAL_GENERATION,,triangle-strategy
233,MS10A_X16_B0_0030_M_SEL_0020.wav,MS10A_X16_B0_0030_M_SEL_0020,237,237,237,240,Serenoa,main,male,serenoa,assets/triangle-strategy/approved_voice_references/serenoa.wav,เหมือนว่าเราจะไขข้อสงสัยที่ท่านมีต่อเราสำเร็จแล้วสินะ,,,PENDING_MANUAL_GENERATION,,triangle-strategy
234,MS10A_X16_B0_0030_M_SEL_0030.wav,MS10A_X16_B0_0030_M_SEL_0030,238,238,238,241,Serenoa,main,male,serenoa,assets/triangle-strategy/approved_voice_references/serenoa.wav,ลอร์ดดราแกนมีบทบาทสำคัญในการสงบศึกของเรา,,,PENDING_MANUAL_GENERATION,,triangle-strategy
235,MS10A_X16_B0_0030_M_SEL_0040.wav,MS10A_X16_B0_0030_M_SEL_0040,239,239,239,242,Serenoa,main,male,serenoa,assets/triangle-strategy/approved_voice_references/serenoa.wav,แบบนี้มันมากไปขอรับ ลอร์ดสวาร็อค,,,PENDING_MANUAL_GENERATION,,triangle-strategy
236,MS10A_X16_B0_0030_M_SEL_0050.wav,MS10A_X16_B0_0030_M_SEL_0050,240,240,240,243,Serenoa,main,male,serenoa,assets/triangle-strategy/approved_voice_references/serenoa.wav,ขอบคุณมากขอรับ,,,PENDING_MANUAL_GENERATION,,triangle-strategy
237,MS10A_X16_B0_0030_M_SVR_0010.wav,MS10A_X16_B0_0030_M_SVR_0010,241,241,241,244,สวาร็อค,npc,male,svarog,,ไม่เป็นไรหรอกน่า ตอนนี้เราลงเรือลำเดียวกันแล้ว,,,BLOCKED_PENDING_REFERENCE_AUDIO,,triangle-strategy
238,MS10A_X16_B0_0030_M_SVR_0020.wav,MS10A_X16_B0_0030_M_SVR_0020,242,242,242,245,สวาร็อค,npc,male,svarog,,และเราจะโค่นกุสตาดอล์ฟด้วยกัน,,,BLOCKED_PENDING_REFERENCE_AUDIO,,triangle-strategy
239,MS10A_X16_B0_0030_M_SVR_0030.wav,MS10A_X16_B0_0030_M_SVR_0030,243,243,243,246,สวาร็อค,npc,male,svarog,,ในวันนั้น ข้าไม่รู้ว่าเกิดอะไรขึ้นที่เหมือง...,,,BLOCKED_PENDING_REFERENCE_AUDIO,,triangle-strategy
240,MS10A_X16_B0_0030_M_SVR_0040.wav,MS10A_X16_B0_0030_M_SVR_0040,244,244,244,247,สวาร็อค,npc,male,svarog,,แต่คำพูดของท่านกับกุสตาดอล์ฟไม่ตรงกัน,,,BLOCKED_PENDING_REFERENCE_AUDIO,,triangle-strategy
241,MS10A_X16_B0_0030_M_SVR_0050.wav,MS10A_X16_B0_0030_M_SVR_0050,245,245,245,248,สวาร็อค,npc,male,svarog,,และข้าคิดว่ากุสตาดอล์ฟมีส่วนร่วมในการตายของดราแกน,,,BLOCKED_PENDING_REFERENCE_AUDIO,,triangle-strategy
242,MS10A_X16_B0_0030_M_SVR_0060.wav,MS10A_X16_B0_0030_M_SVR_0060,246,246,246,249,สวาร็อค,npc,male,svarog,,เขาจะพยายามทุกหนทาง เพื่อให้เป้าหมายของตนสำเร็จเสมอ,,,BLOCKED_PENDING_REFERENCE_AUDIO,,triangle-strategy
243,MS10A_X16_B0_0030_M_SVR_0070.wav,MS10A_X16_B0_0030_M_SVR_0070,247,247,247,250,สวาร็อค,npc,male,svarog,,เราไปสอบสวนที่บ้านพักสายลับมาแล้ว เหมือนว่าเขาจะทำงานให้ซิคราส,,,BLOCKED_PENDING_REFERENCE_AUDIO,,triangle-strategy
244,MS10A_X16_B0_0030_M_SVR_0080.wav,MS10A_X16_B0_0030_M_SVR_0080,248,248,248,251,สวาร็อค,npc,male,svarog,,นี่คงเป็นอีกหนึ่งอุบายในการทำลายข้า เช่นเดียวกับลูกชายของข้าที่ถูกฆาตกรรม,,,BLOCKED_PENDING_REFERENCE_AUDIO,,triangle-strategy
245,MS10A_X16_B0_0030_M_SVR_0090.wav,MS10A_X16_B0_0030_M_SVR_0090,249,249,249,252,สวาร็อค,npc,male,svarog,,แต่เขาไม่คิดจะปิดบังความปรารถนาของตนต่อหน้ากุสตาดอล์ฟสักนิดเดียว สงสัยคงได้เชื้อพ่อมาแน่ๆ บุตรแห่งนางสนม...,,,BLOCKED_PENDING_REFERENCE_AUDIO,,triangle-strategy
246,MS10A_X16_B0_0030_M_SVR_0100.wav,MS10A_X16_B0_0030_M_SVR_0100,250,250,250,253,สวาร็อค,npc,male,svarog,,ข้ามันโง่จริงๆ ที่ทำให้ลูกตัวเองต้องตาย...,,,BLOCKED_PENDING_REFERENCE_AUDIO,,triangle-strategy
247,MS10A_X16_B0_0030_M_SVR_0110.wav,MS10A_X16_B0_0030_M_SVR_0110,251,251,251,254,สวาร็อค,npc,male,svarog,,ต่อให้หมดอาลัยตายอยากเพียงไหน ลูกข้าก็ไม่กลับมาอยู่ดี ข้าจึงต้องรับช่วงต่อจากเขาให้สำเร็จ,,,BLOCKED_PENDING_REFERENCE_AUDIO,,triangle-strategy
248,MS10A_X16_B0_0030_M_SVR_0120.wav,MS10A_X16_B0_0030_M_SVR_0120,252,252,252,255,สวาร็อค,npc,male,svarog,,ข้าจะร่วมสู้กับท่านด้วย,,,BLOCKED_PENDING_REFERENCE_AUDIO,,triangle-strategy
249,MS10A_X16_B0_0030_M_SVR_0130.wav,MS10A_X16_B0_0030_M_SVR_0130,253,253,253,256,สวาร็อค,npc,male,svarog,,รับไว้สิ ค่าตอบแทนสำหรับสินค้าของท่าน,,,BLOCKED_PENDING_REFERENCE_AUDIO,,triangle-strategy
250,MS10A_X16_B0_0030_M_SVR_0140.wav,MS10A_X16_B0_0030_M_SVR_0140,254,254,254,257,สวาร็อค,npc,male,svarog,,ที่เหลือก็สำหรับกองทัพของท่านนะ จงใช้มันในยามที่ควร,,,BLOCKED_PENDING_REFERENCE_AUDIO,,triangle-strategy
251,MS10A_X16_B0_0030_M_SVR_0150.wav,MS10A_X16_B0_0030_M_SVR_0150,255,255,255,258,สวาร็อค,npc,male,svarog,,ช่วงเวลาอันแสนลำบากนี้ยังไม่จบสิ้น หากเราต่อกรกุสตาดอล์ฟในตอนนี้ พวกเราไม่มีทางเอาชนะเขาได้แน่นอน,,,BLOCKED_PENDING_REFERENCE_AUDIO,,triangle-strategy
252,MS10A_X16_B0_0030_M_SVR_0160.wav,MS10A_X16_B0_0030_M_SVR_0160,256,256,256,259,สวาร็อค,npc,male,svarog,,ข้าจะคอยระวังตลอดเวลา ขอให้ตระกูลเราเข้มแข็งยิ่งขึ้น,,,BLOCKED_PENDING_REFERENCE_AUDIO,,triangle-strategy
253,MS10A_X16_B0_1010_M_M072_0010.wav,MS10A_X16_B0_1010_M_M072_0010,257,257,257,260,ผู้ใต้บังคับบัญชา,generic,male,MALE_ADULT_A,assets/triangle-strategy/approved_voice_references/MALE_ADULT_A.wav,ท่านนายพล มีสารส่งมาถึงท่านจากสายลับที่ประตูแฝดขอรับ,,,PENDING_MANUAL_GENERATION,,triangle-strategy
254,MS10A_X16_B0_1010_M_M072_0020.wav,MS10A_X16_B0_1010_M_M072_0020,258,258,258,261,ผู้ใต้บังคับบัญชา,generic,male,MALE_ADULT_A,assets/triangle-strategy/approved_voice_references/MALE_ADULT_A.wav,ตอนนี้เรายืนยันเรื่องนั้นไม่ได้นะขอรับ พวกเราอาจต้องรอรายงานครั้งถัดไป,,,PENDING_MANUAL_GENERATION,,triangle-strategy
255,MS10A_X16_B0_1010_M_M072_0030.wav,MS10A_X16_B0_1010_M_M072_0030,259,259,259,262,ผู้ใต้บังคับบัญชา,generic,male,MALE_ADULT_A,assets/triangle-strategy/approved_voice_references/MALE_ADULT_A.wav,แต่ลอร์ดสวาร็อคเป็นผู้มีอิทธิพลนะขอรับ กองกำลังอันแข็งแกร่งของเราจะพลาดไม่ได้เลย...,,,PENDING_MANUAL_GENERATION,,triangle-strategy
256,MS10A_X16_B0_1010_M_M072_0040.wav,MS10A_X16_B0_1010_M_M072_0040,260,260,260,263,ผู้ใต้บังคับบัญชา,generic,male,MALE_ADULT_A,assets/triangle-strategy/approved_voice_references/MALE_ADULT_A.wav,ขะ-ขอรับท่าน!,,,PENDING_MANUAL_GENERATION,,triangle-strategy
257,MS10A_X16_B0_1010_M_SEC_0010.wav,MS10A_X16_B0_1010_M_SEC_0010,261,261,261,264,ซิคราส,npc,male,sycras,,"""ข้าพบบัญชีลับในห้องพักของสวาร็อค""",,,BLOCKED_PENDING_REFERENCE_AUDIO,,triangle-strategy
258,MS10A_X16_B0_1010_M_SEC_0020.wav,MS10A_X16_B0_1010_M_SEC_0020,262,262,262,265,ซิคราส,npc,male,sycras,,มีนักค้าขายมาเยือนนอกรอบพร้อมสินค้าปริศนา ข้าจะทำการสืบสวนต่อไป,,,BLOCKED_PENDING_REFERENCE_AUDIO,,triangle-strategy
259,MS10A_X16_B0_1010_M_SEC_0030.wav,MS10A_X16_B0_1010_M_SEC_0030,263,263,263,266,ซิคราส,npc,male,sycras,,อาจจะเป็นเกลือผิดกฎหมายก็ได้ เราจะเปิดโปงพวกเขาทันทีที่ได้หลักฐานทั้งบัญชีและเกลือ,,,BLOCKED_PENDING_REFERENCE_AUDIO,,triangle-strategy
260,MS10A_X16_B0_1010_M_SEC_0040.wav,MS10A_X16_B0_1010_M_SEC_0040,264,264,264,267,ซิคราส,npc,male,sycras,,...ไม่ได้ ถ้านิ่งนอนใจก็เหมือนพลาดโอกาสคว้าหลักฐานชิ้นสำคัญ,,,BLOCKED_PENDING_REFERENCE_AUDIO,,triangle-strategy
261,MS10A_X16_B0_1010_M_SEC_0050.wav,MS10A_X16_B0_1010_M_SEC_0050,265,265,265,268,ซิคราส,npc,male,sycras,,ก็เพราะเขามีอิทธิพลไง ถึงปล่อยผ่านความผิดเหล่านี้ไม่ได้!,,,BLOCKED_PENDING_REFERENCE_AUDIO,,triangle-strategy
262,MS10A_X16_B0_1010_M_SEC_0060.wav,MS10A_X16_B0_1010_M_SEC_0060,266,266,266,269,ซิคราส,npc,male,sycras,,ข้าจะรับผิดชอบเรื่องทั้งหมดเอง บัดนี้ไปที่ประตูแฝดได้แล้ว!,,,BLOCKED_PENDING_REFERENCE_AUDIO,,triangle-strategy
263,MS10A_X16_BATTLE_01_AFTER_M_SEC_0010.wav,MS10A_X16_BATTLE_01_AFTER_M_SEC_0010,267,267,267,270,ซิคราส,npc,male,sycras,,ท่านคิดว่าศพจะบอกอะไรข้าได้งั้นเหรอ?,,,BLOCKED_PENDING_REFERENCE_AUDIO,,triangle-strategy
264,MS10A_X16_BATTLE_01_AFTER_M_SEC_0030.wav,MS10A_X16_BATTLE_01_AFTER_M_SEC_0030,269,269,269,272,ซิคราส,npc,male,sycras,,...ขอรับ,,,BLOCKED_PENDING_REFERENCE_AUDIO,,triangle-strategy
265,MS10A_X16_BATTLE_01_AFTER_M_SEC_0040.wav,MS10A_X16_BATTLE_01_AFTER_M_SEC_0040,270,270,270,273,ซิคราส,npc,male,sycras,,หนอย...!,,,BLOCKED_PENDING_REFERENCE_AUDIO,,triangle-strategy
266,MS10A_X16_BATTLE_01_AFTER_M_SVR_0010.wav,MS10A_X16_BATTLE_01_AFTER_M_SVR_0010,271,271,271,274,สวาร็อค,npc,male,svarog,,ซิคราส ข้า...พึ่งทราบข่าวร้ายมา,,,BLOCKED_PENDING_REFERENCE_AUDIO,,triangle-strategy
267,MS10A_X16_BATTLE_01_AFTER_M_SVR_0020.wav,MS10A_X16_BATTLE_01_AFTER_M_SVR_0020,272,272,272,275,สวาร็อค,npc,male,svarog,,เหมือนว่าทหารคนนั้นจะขายทรัพยากรจากปราการของเราโดยผิดกฎหมาย,,,BLOCKED_PENDING_REFERENCE_AUDIO,,triangle-strategy
268,MS10A_X16_BATTLE_01_AFTER_M_SVR_0030.wav,MS10A_X16_BATTLE_01_AFTER_M_SVR_0030,273,273,273,276,สวาร็อค,npc,male,svarog,,เขาอาจเป็นคนที่เจ้าตามหาอยู่ นำเขาไปสอบสวนได้เลย,,,BLOCKED_PENDING_REFERENCE_AUDIO,,triangle-strategy
269,MS10A_X16_BATTLE_01_AFTER_M_SVR_0040.wav,MS10A_X16_BATTLE_01_AFTER_M_SVR_0040,274,274,274,277,สวาร็อค,npc,male,svarog,,มากกว่าที่เจ้าคิดแล้วกัน ดูดราแกนเป็นตัวอย่างสิ,,,BLOCKED_PENDING_REFERENCE_AUDIO,,triangle-strategy
270,MS10A_X16_BATTLE_01_AFTER_M_SVR_0050.wav,MS10A_X16_BATTLE_01_AFTER_M_SVR_0050,275,275,275,278,สวาร็อค,npc,male,svarog,,ผิดเองที่ข้าละเลยทหารของตน ฝากขอโทษอาร์ชดยุกด้วยนะ,,,BLOCKED_PENDING_REFERENCE_AUDIO,,triangle-strategy
271,MS10A_X16_BATTLE_01_AFTER_M_SVR_0060.wav,MS10A_X16_BATTLE_01_AFTER_M_SVR_0060,276,276,276,279,สวาร็อค,npc,male,svarog,,เข้าใจไหม ซิคราส?,,,BLOCKED_PENDING_REFERENCE_AUDIO,,triangle-strategy
272,MS10A_X16_BATTLE_01_AFTER_M_SVR_0070.wav,MS10A_X16_BATTLE_01_AFTER_M_SVR_0070,277,277,277,280,สวาร็อค,npc,male,svarog,,ข้าจะทำให้มั่นใจ เรื่องแบบนั้นจะไม่เกิดขึ้นอีก,,,BLOCKED_PENDING_REFERENCE_AUDIO,,triangle-strategy
273,MS10A_X16_BATTLE_01_BEFORE_M_M074_0010.wav,MS10A_X16_BATTLE_01_BEFORE_M_M074_0010,278,278,278,281,ทหาร,generic,male,MALE_ADULT_B,assets/triangle-strategy/approved_voice_references/MALE_ADULT_B.wav,ท่านนายพล! มีคนพบศพทหารของเราขอรับ!,,,PENDING_MANUAL_GENERATION,,triangle-strategy
274,MS10A_X16_BATTLE_01_BEFORE_M_M074_0020.wav,MS10A_X16_BATTLE_01_BEFORE_M_M074_0020,279,279,279,282,ทหาร,generic,male,MALE_ADULT_B,assets/triangle-strategy/approved_voice_references/MALE_ADULT_B.wav,ทิ้งอาวุธลงซะ! ส่วนเจ้า ถอดหน้ากากเดี๋ยวนี้!,,,PENDING_MANUAL_GENERATION,,triangle-strategy
275,MS10A_X16_BATTLE_01_BEFORE_M_M074_0030.wav,MS10A_X16_BATTLE_01_BEFORE_M_M074_0030,280,280,280,283,ทหาร,generic,male,MALE_ADULT_B,assets/triangle-strategy/approved_voice_references/MALE_ADULT_B.wav,ทะ-ท่านนายพล!,,,PENDING_MANUAL_GENERATION,,triangle-strategy
276,MS10A_X16_BATTLE_01_BEFORE_M_SEC_0010.wav,MS10A_X16_BATTLE_01_BEFORE_M_SEC_0010,282,282,282,285,ซิคราส,npc,male,sycras,,หยุด! อย่าขยับ!,,,BLOCKED_PENDING_REFERENCE_AUDIO,,triangle-strategy
277,MS10A_X16_BATTLE_01_BEFORE_M_SEC_0020.wav,MS10A_X16_BATTLE_01_BEFORE_M_SEC_0020,283,283,283,286,ซิคราส,npc,male,sycras,,ลอร์ดเซเรโนอา!? มาทำอะไรของท่านที่นี่ขอรับ?,,,BLOCKED_PENDING_REFERENCE_AUDIO,,triangle-strategy
278,MS10A_X16_BATTLE_01_BEFORE_M_SEC_0030.wav,MS10A_X16_BATTLE_01_BEFORE_M_SEC_0030,284,284,284,287,ซิคราส,npc,male,sycras,,ท่านไม่ใช่คนของเอสฟรอสต์ สรุปท่านมาทำอะไรในยามนี้ขอรับ?,,,BLOCKED_PENDING_REFERENCE_AUDIO,,triangle-strategy
279,MS10A_X16_BATTLE_01_BEFORE_M_SEC_0040.wav,MS10A_X16_BATTLE_01_BEFORE_M_SEC_0040,285,285,285,288,ซิคราส,npc,male,sycras,,...โชคไม่ดีเลย ข้าจะไต่สวนพวกเจ้าให้หมด,,,BLOCKED_PENDING_REFERENCE_AUDIO,,triangle-strategy
280,MS10A_X16_BATTLE_01_BEFORE_M_SEC_0050.wav,MS10A_X16_BATTLE_01_BEFORE_M_SEC_0050,286,286,286,289,ซิคราส,npc,male,sycras,,ถ้างั้นข้าไม่มีทางเลือกนอกเสียจากต้องจับพวกท่านแล้วสินะ,,,BLOCKED_PENDING_REFERENCE_AUDIO,,triangle-strategy
281,MS10A_X16_BATTLE_01_BEFORE_M_SEC_0060.wav,MS10A_X16_BATTLE_01_BEFORE_M_SEC_0060,287,287,287,290,ซิคราส,npc,male,sycras,,มีรายงานว่าพบการเคลื่อนไหวที่น่าสงสัยในละแวกนี้ ดูเหมือนจะเป็นเรื่องจริงสินะ,,,BLOCKED_PENDING_REFERENCE_AUDIO,,triangle-strategy
282,MS10A_X16_BATTLE_01_BEFORE_M_SEC_0070.wav,MS10A_X16_BATTLE_01_BEFORE_M_SEC_0070,288,288,288,291,ซิคราส,npc,male,sycras,,ข้าจะไปสำรวจประตูแฝด ทุกซอกมุม,,,BLOCKED_PENDING_REFERENCE_AUDIO,,triangle-strategy
283,MS10A_X16_BATTLE_01_BEFORE_M_SEC_0080.wav,MS10A_X16_BATTLE_01_BEFORE_M_SEC_0080,289,289,289,292,ซิคราส,npc,male,sycras,,ข้าให้ท่านทำเช่นนั้นไม่ได้จริงๆขอรับ เพราะอาร์ชดยุกเป็นผู้มอบหมายให้ข้าทำหน้าที่นี้!,,,BLOCKED_PENDING_REFERENCE_AUDIO,,triangle-strategy
284,MS10A_X16_BATTLE_01_BEFORE_M_SEC_0090.wav,MS10A_X16_BATTLE_01_BEFORE_M_SEC_0090,290,290,290,293,ซิคราส,npc,male,sycras,,ทหาร อย่าลังเล! พวกเราจะฝ่าเข้าประตูแฝดหากจำเป็น!,,,BLOCKED_PENDING_REFERENCE_AUDIO,,triangle-strategy
285,MS10A_X16_BATTLE_01_BEFORE_M_SEL_0010.wav,MS10A_X16_BATTLE_01_BEFORE_M_SEL_0010,291,291,291,294,Serenoa,main,male,serenoa,assets/triangle-strategy/approved_voice_references/serenoa.wav,...เซอร์ซิคราส,,,PENDING_MANUAL_GENERATION,,triangle-strategy
286,MS10A_X16_BATTLE_01_BEFORE_M_SEL_0020.wav,MS10A_X16_BATTLE_01_BEFORE_M_SEL_0020,292,292,292,295,Serenoa,main,male,serenoa,assets/triangle-strategy/approved_voice_references/serenoa.wav,คือว่า...,,,PENDING_MANUAL_GENERATION,,triangle-strategy
287,MS10A_X16_BATTLE_01_BEFORE_M_SEL_0030.wav,MS10A_X16_BATTLE_01_BEFORE_M_SEL_0030,293,293,293,296,Serenoa,main,male,serenoa,assets/triangle-strategy/approved_voice_references/serenoa.wav,ขออภัยด้วย แต่เราทำไม่ได้จริงๆ,,,PENDING_MANUAL_GENERATION,,triangle-strategy
288,MS10A_X16_BATTLE_01_BEFORE_M_SVR_0010.wav,MS10A_X16_BATTLE_01_BEFORE_M_SVR_0010,294,294,294,297,สวาร็อค,npc,male,svarog,,พวกเขาเป็นแขกของข้า! อย่ามาเสียมารยาทแถวนี้ เจ้าเองก็ด้วยซิคราส!,,,BLOCKED_PENDING_REFERENCE_AUDIO,,triangle-strategy
289,MS10A_X16_BATTLE_01_BEFORE_M_SVR_0020.wav,MS10A_X16_BATTLE_01_BEFORE_M_SVR_0020,295,295,295,298,สวาร็อค,npc,male,svarog,,ไม่รู้หรอกนะว่าใครเป็นคนสั่ง แต่เหมือนว่าเป็นเรื่องสำคัญยิ่ง ฉะนั้นข้าขอทำการสืบสวนเองจะดีกว่า,,,BLOCKED_PENDING_REFERENCE_AUDIO,,triangle-strategy
290,MS10A_X16_BATTLE_01_BEFORE_M_SVR_0030.wav,MS10A_X16_BATTLE_01_BEFORE_M_SVR_0030,296,296,296,299,สวาร็อค,npc,male,svarog,,ไอ้คนทรยศ! นี่อาร์ชดยุกคิดว่าข้าเชื่อใจไม่ได้งั้นเหรอ!?,,,BLOCKED_PENDING_REFERENCE_AUDIO,,triangle-strategy
291,MS10A_X16_BATTLE_01_DRAMA_F_FRE_0010.wav,MS10A_X16_BATTLE_01_DRAMA_F_FRE_0010,297,297,297,300,Frederica,main,female,frederica,assets/triangle-strategy/approved_voice_references/frederica.wav,หากเราถูกแฉเรื่องการค้าผิดกฎหมาย ทุกสิ่งที่ทำมาจะสูญเปล่าทันที ตอนนี้ท่านอาช่วยตั้งใจสู้เถอะเจ้าค่ะ,,,PENDING_MANUAL_GENERATION,,triangle-strategy
292,MS10A_X16_BATTLE_01_DRAMA_F_YRA_0010.wav,MS10A_X16_BATTLE_01_DRAMA_F_YRA_0010,298,298,298,301,Geela,main,female,geela,assets/triangle-strategy/approved_voice_references/geela.wav,ลอร์ดสวาร็อค โปรดให้ข้าได้ตอบแทนบุญคุณของท่านนะเจ้าคะ,,,PENDING_MANUAL_GENERATION,,triangle-strategy
293,MS10A_X16_BATTLE_01_DRAMA_M_MS10X16B01M01_0010.wav,MS10A_X16_BATTLE_01_DRAMA_M_MS10X16B01M01_0010,299,299,299,302,ทหาร,generic,male,MALE_ADULT_B,assets/triangle-strategy/approved_voice_references/MALE_ADULT_B.wav,ทหารส่วนล่วงหน้าทำอะไรกันอยู่!? หยุดสวาร็อคให้ได้สิ!,,,PENDING_MANUAL_GENERATION,,triangle-strategy
294,MS10A_X16_BATTLE_01_DRAMA_M_RDL_0010.wav,MS10A_X16_BATTLE_01_DRAMA_M_RDL_0010,300,300,300,303,รูดอล์ฟ,npc,male,rudolph,,หลักแหลมเช่นเคยนะขอรับซิคราส ข้าไม่อยากจะสู้กับท่านเช่นนี้เลย...,,,BLOCKED_PENDING_REFERENCE_AUDIO,,triangle-strategy
295,MS10A_X16_BATTLE_01_DRAMA_M_RDL_0020.wav,MS10A_X16_BATTLE_01_DRAMA_M_RDL_0020,301,301,301,304,รูดอล์ฟ,npc,male,rudolph,,พบกันอีกแล้วนะขอรับซิคราส ครั้งนี้ข้าไม่รู้สึกยินดีเลย,,,BLOCKED_PENDING_REFERENCE_AUDIO,,triangle-strategy
296,MS10A_X16_BATTLE_01_DRAMA_M_RDL_0030.wav,MS10A_X16_BATTLE_01_DRAMA_M_RDL_0030,302,302,302,305,รูดอล์ฟ,npc,male,rudolph,,พวกเราต่างมีเหตุผลทั้งนั้น คนเจ้าระเบียบอย่างท่านคงไม่เข้าใจหรอก,,,BLOCKED_PENDING_REFERENCE_AUDIO,,triangle-strategy
297,MS10A_X16_BATTLE_01_DRAMA_M_RLN_0010.wav,MS10A_X16_BATTLE_01_DRAMA_M_RLN_0010,303,303,303,306,Roland,main,male,roland,assets/triangle-strategy/approved_voice_references/roland.wav,สวาร็อค...?,,,PENDING_MANUAL_GENERATION,,triangle-strategy
298,MS10A_X16_BATTLE_01_DRAMA_M_RLN_0020.wav,MS10A_X16_BATTLE_01_DRAMA_M_RLN_0020,304,304,304,307,Roland,main,male,roland,assets/triangle-strategy/approved_voice_references/roland.wav,...รับทราบ แต่ตอนนี้กำจัดกองทหารซิคราสกันก่อนเถอะ,,,PENDING_MANUAL_GENERATION,,triangle-strategy
299,MS10A_X16_BATTLE_01_DRAMA_M_SEC_0010.wav,MS10A_X16_BATTLE_01_DRAMA_M_SEC_0010,305,305,305,308,ซิคราส,npc,male,sycras,,ทหาร บุก! พวกเรามีสิทธิที่จะรู้ความจริง!,,,BLOCKED_PENDING_REFERENCE_AUDIO,,triangle-strategy
300,MS10A_X16_BATTLE_01_DRAMA_M_SEC_0020.wav,MS10A_X16_BATTLE_01_DRAMA_M_SEC_0020,306,306,306,309,ซิคราส,npc,male,sycras,,ไม่คิดเลยนะว่าท่านจะมีส่วนร่วมในแผนของสวาร็อคด้วย,,,BLOCKED_PENDING_REFERENCE_AUDIO,,triangle-strategy
301,MS10A_X16_BATTLE_01_DRAMA_M_SEC_0030.wav,MS10A_X16_BATTLE_01_DRAMA_M_SEC_0030,307,307,307,310,ซิคราส,npc,male,sycras,,ถ้าอยากอธิบายให้ฟังก็วางอาวุธลงซะ มิเช่นนั้นท่านก็คือผู้สมรู้ร่วมคิด,,,BLOCKED_PENDING_REFERENCE_AUDIO,,triangle-strategy
302,MS10A_X16_BATTLE_01_DRAMA_M_SEC_0040.wav,MS10A_X16_BATTLE_01_DRAMA_M_SEC_0040,308,308,308,311,ซิคราส,npc,male,sycras,,เห็นด้วย ข้านึกว่าเจ้าจะปรับปรุงตัวเป็นคนสุจริตเสียอีก รูดอล์ฟ,,,BLOCKED_PENDING_REFERENCE_AUDIO,,triangle-strategy
303,MS10A_X16_BATTLE_01_DRAMA_M_SEC_0050.wav,MS10A_X16_BATTLE_01_DRAMA_M_SEC_0050,309,309,309,312,ซิคราส,npc,male,sycras,,อึก... ไม่ยักรู้ว่าตระกูลวูล์ฟฟอร์ตจะมาร่วมสู้ด้วย...,,,BLOCKED_PENDING_REFERENCE_AUDIO,,triangle-strategy
304,MS10A_X16_BATTLE_01_DRAMA_M_SEC_0060.wav,MS10A_X16_BATTLE_01_DRAMA_M_SEC_0060,310,310,310,313,ซิคราส,npc,male,sycras,,สุดท้ายถึงจะเป็นตระกูลวูล์ฟฟอร์ตแต่ก็อยู่ใต้กฎหมาย ท่านต้องบอกความจริงเบื้องหลังการมาเยือนของท่านที่นี่ จับพวกเขาให้หมด!,,,BLOCKED_PENDING_REFERENCE_AUDIO,,triangle-strategy
305,MS10A_X16_BATTLE_01_DRAMA_M_SEC_0070.wav,MS10A_X16_BATTLE_01_DRAMA_M_SEC_0070,311,311,311,314,ซิคราส,npc,male,sycras,,เวรจริง! พวกเรา...ถอยก่อน,,,BLOCKED_PENDING_REFERENCE_AUDIO,,triangle-strategy
306,MS10A_X16_BATTLE_01_DRAMA_M_SEL_0010.wav,MS10A_X16_BATTLE_01_DRAMA_M_SEL_0010,312,312,312,315,Serenoa,main,male,serenoa,assets/triangle-strategy/approved_voice_references/serenoa.wav,ตระกูลวูล์ฟฟอร์ตจบเห่แน่ พวกเขาไม่เหลือทางเลือกให้เรานอกจากสู้เลยสินะ,,,PENDING_MANUAL_GENERATION,,triangle-strategy
307,MS10A_X16_BATTLE_01_DRAMA_M_SEL_0020.wav,MS10A_X16_BATTLE_01_DRAMA_M_SEL_0020,313,313,313,316,Serenoa,main,male,serenoa,assets/triangle-strategy/approved_voice_references/serenoa.wav,ร่วมมือกับลอร์ดสวาร็อค! อย่าให้ใครฝ่าไปได้!,,,PENDING_MANUAL_GENERATION,,triangle-strategy
308,MS10A_X16_BATTLE_01_DRAMA_M_SEL_0030.wav,MS10A_X16_BATTLE_01_DRAMA_M_SEL_0030,314,314,314,317,Serenoa,main,male,serenoa,assets/triangle-strategy/approved_voice_references/serenoa.wav,ถึงข้าจะบอกว่าท่านเข้าใจผิด ท่านคงไม่เชื่อหรอก,,,PENDING_MANUAL_GENERATION,,triangle-strategy
309,MS10A_X16_BATTLE_01_DRAMA_M_SVR_0010.wav,MS10A_X16_BATTLE_01_DRAMA_M_SVR_0010,315,315,315,318,สวาร็อค,npc,male,svarog,,ข้าไม่รับคำสั่งจากใครทั้งนั้น! ยอมแพ้ซะ!,,,BLOCKED_PENDING_REFERENCE_AUDIO,,triangle-strategy
310,MS10A_X16_BATTLE_01_DRAMA_M_SVR_0020.wav,MS10A_X16_BATTLE_01_DRAMA_M_SVR_0020,316,316,316,319,สวาร็อค,npc,male,svarog,,...ถ้ามีอะไรเลวร้ายเกิดขึ้น ขอให้ท่านหนีไปซะ เราจะให้มันจบลงที่นี่ไม่ได้,,,BLOCKED_PENDING_REFERENCE_AUDIO,,triangle-strategy
311,MS10A_X16_BATTLE_01_DRAMA_M_SVR_0030.wav,MS10A_X16_BATTLE_01_DRAMA_M_SVR_0030,317,317,317,320,สวาร็อค,npc,male,svarog,,กุสตาดอล์ฟกำลังวางแผนบางอย่างอยู่แน่นอน อย่าปล่อยให้เขาทำตามอำเภอใจ,,,BLOCKED_PENDING_REFERENCE_AUDIO,,triangle-strategy
312,MS10A_X16_BATTLE_01_DRAMA_M_SVR_0040.wav,MS10A_X16_BATTLE_01_DRAMA_M_SVR_0040,318,318,318,321,สวาร็อค,npc,male,svarog,,ขออภัยด้วยนะเฟรเดอรก้า ไม่นึกเลยว่าจะมีสายลับแฝงตัวอยู่ในหมู่เรา...,,,BLOCKED_PENDING_REFERENCE_AUDIO,,triangle-strategy
313,MS10A_X16_BATTLE_01_DRAMA_M_SVR_0050.wav,MS10A_X16_BATTLE_01_DRAMA_M_SVR_0050,319,319,319,322,สวาร็อค,npc,male,svarog,,เฟรเดอริก้า...กำลังดุข้าอยู่เหรอเนี่ย เจ้าโตเป็นผู้ใหญ่แล้วจริงๆ,,,BLOCKED_PENDING_REFERENCE_AUDIO,,triangle-strategy
314,MS10A_X16_BATTLE_01_DRAMA_M_SVR_0060.wav,MS10A_X16_BATTLE_01_DRAMA_M_SVR_0060,320,320,320,323,สวาร็อค,npc,male,svarog,,ไม่คิดไม่ฝันเลยว่าจะได้เห็นภาพพวกเราสู้เคียงบ่าเคียงไหล่กันเช่นนี้,,,BLOCKED_PENDING_REFERENCE_AUDIO,,triangle-strategy
315,MS10A_X16_BATTLE_01_DRAMA_M_SVR_0070.wav,MS10A_X16_BATTLE_01_DRAMA_M_SVR_0070,321,321,321,324,สวาร็อค,npc,male,svarog,,ชักอยากเห็นความแข็งแกร่งของพวกท่านในศึกนี้เสียแล้ว,,,BLOCKED_PENDING_REFERENCE_AUDIO,,triangle-strategy
316,MS10A_X16_BATTLE_01_DRAMA_M_SVR_0080.wav,MS10A_X16_BATTLE_01_DRAMA_M_SVR_0080,322,322,322,325,สวาร็อค,npc,male,svarog,,ข้าถูกนายพลกับทหารของเขากำราบหรือนี่...,,,BLOCKED_PENDING_REFERENCE_AUDIO,,triangle-strategy
317,MS10A_X16_BATTLE_01_DRAMA_M_SVR_0090.wav,MS10A_X16_BATTLE_01_DRAMA_M_SVR_0090,323,323,323,326,สวาร็อค,npc,male,svarog,,ช่างอัปยศอดสู...เหลือเกิน...,,,BLOCKED_PENDING_REFERENCE_AUDIO,,triangle-strategy
318,MS10A_X16_RESEARCH_01_BEFORE_F_HEW_0010.wav,MS10A_X16_RESEARCH_01_BEFORE_F_HEW_0010,324,324,324,327,Hughette,main,female,hughette,assets/triangle-strategy/approved_voice_references/hughette.wav,แกหนีไม่พ้นหรอก!,,,PENDING_MANUAL_GENERATION,,triangle-strategy
319,MS10A_X16_RESEARCH_01_BEFORE_F_HEW_0020.wav,MS10A_X16_RESEARCH_01_BEFORE_F_HEW_0020,325,325,325,328,Hughette,main,female,hughette,assets/triangle-strategy/approved_voice_references/hughette.wav,ขออภัยเจ้าค่ะ มันคือทางเดียวที่จะหยุดเขาได้...,,,PENDING_MANUAL_GENERATION,,triangle-strategy
320,MS10A_X16_RESEARCH_01_BEFORE_M_BND_0010.wav,MS10A_X16_RESEARCH_01_BEFORE_M_BND_0010,326,326,326,329,Benedict,main,male,benedict,assets/triangle-strategy/approved_voice_references/benedict.wav,...เขาตายแล้ว อยากรู้เหลือเกินว่าทำงานให้ใคร,,,PENDING_MANUAL_GENERATION,,triangle-strategy
321,MS10A_X16_RESEARCH_01_BEFORE_M_MB102_0010.wav,MS10A_X16_RESEARCH_01_BEFORE_M_MB102_0010,327,327,327,330,ทหาร,generic,male,MALE_ADULT_A,assets/triangle-strategy/approved_voice_references/MALE_ADULT_A.wav,อ้ากกกก!,,,PENDING_MANUAL_GENERATION,,triangle-strategy
322,MS10A_X16_RESEARCH_01_BEFORE_M_RLN_0010.wav,MS10A_X16_RESEARCH_01_BEFORE_M_RLN_0010,328,328,328,331,Roland,main,male,roland,assets/triangle-strategy/approved_voice_references/roland.wav,ไม่ต้องขอโทษหรอก ฮิวเอทท์,,,PENDING_MANUAL_GENERATION,,triangle-strategy
323,MS10A_X16_RESEARCH_01_BEFORE_M_SEL_0010.wav,MS10A_X16_RESEARCH_01_BEFORE_M_SEL_0010,329,329,329,332,Serenoa,main,male,serenoa,assets/triangle-strategy/approved_voice_references/serenoa.wav,เขาอยู่นั่น!,,,PENDING_MANUAL_GENERATION,,triangle-strategy
324,MS10A_X16_WD_0005_N_NNN_0010.wav,MS10A_X16_WD_0005_N_NNN_0010,330,330,330,333,Narrator,narrator,female,narrator,assets/triangle-strategy/approved_voice_references/narrator.wav,ชีวิตขององค์ชายโรแลนด์นั้นคือความลับอันทรงพลัง ซึ่งสามารถเปลี่ยนทิศทางการตัดสินใจของอาณาจักร,,,PENDING_MANUAL_GENERATION,,triangle-strategy
325,MS10A_X16_WD_0005_N_NNN_0020.wav,MS10A_X16_WD_0005_N_NNN_0020,331,331,331,334,Narrator,narrator,female,narrator,assets/triangle-strategy/approved_voice_references/narrator.wav,ด้วยเหตุนี้ ตระกูลวูล์ฟฟอร์ตจึงขอพบสวาร็อคเพื่อเผยความลับแลกกับความเชื่อใจของเขา,,,PENDING_MANUAL_GENERATION,,triangle-strategy
326,MS10A_X16_WD_0010_N_NNN_0010.wav,MS10A_X16_WD_0010_N_NNN_0010,332,332,332,335,Narrator,narrator,female,narrator,assets/triangle-strategy/approved_voice_references/narrator.wav,เซเรโนอานำเกลือไปส่งให้สวาร็อค รัฐมนตรีทรงอำนาจแห่งเอสฟรอสต์ ผู้ต้องการทำลายกุสตาดอล์ฟอย่างลับๆ,,,PENDING_MANUAL_GENERATION,,triangle-strategy
327,MS10A_X16_WD_0010_N_NNN_0020.wav,MS10A_X16_WD_0010_N_NNN_0020,333,333,333,336,Narrator,narrator,female,narrator,assets/triangle-strategy/approved_voice_references/narrator.wav,หลังจากที่รู้ตัวตนของโรแลนด์ สวาร็อคจึงรับปากต่อสู้เคียงข้างวูล์ฟฟอร์ต เพื่อทำลายศัตรูที่พวกเขามีร่วมกัน,,,PENDING_MANUAL_GENERATION,,triangle-strategy
328,MS10A_X16_WD_0010_N_NNN_0030.wav,MS10A_X16_WD_0010_N_NNN_0030,334,334,334,337,Narrator,narrator,female,narrator,assets/triangle-strategy/approved_voice_references/narrator.wav,อำนาจของกุสตาดอล์ฟนานวันยิ่งทวีคูณขึ้น แต่วูล์ฟฟอร์ตไม่นิ่งนอนใจ พร้อมตามหาพันธมิตรเสริมทัพอย่างมั่นคง,,,PENDING_MANUAL_GENERATION,,triangle-strategy
329,MS10A_X16_WD_0010_N_NNN_0040.wav,MS10A_X16_WD_0010_N_NNN_0040,335,335,335,338,Narrator,narrator,female,narrator,assets/triangle-strategy/approved_voice_references/narrator.wav,หลังขนส่งเกลือผิดกฎหมายสู่เอสฟรอสต์ เซเรโนอาจึงเร่งรุดไปที่ไฮแซนต์,,,PENDING_MANUAL_GENERATION,,triangle-strategy
330,MS10A_X16_WD_0010_N_NNN_0050.wav,MS10A_X16_WD_0010_N_NNN_0050,336,336,336,339,Narrator,narrator,female,narrator,assets/triangle-strategy/approved_voice_references/narrator.wav,ซึ่งหัวหน้านักบวชเชิญชวนพวกเขาทั้งสองและ ซอสเลย์ เอนด์ ไปยังตำหนักของตน,,,PENDING_MANUAL_GENERATION,,triangle-strategy
331,MS10A_X17_B0_0010_F_FRE_0010.wav,MS10A_X17_B0_0010_F_FRE_0010,337,337,337,340,Frederica,main,female,frederica,assets/triangle-strategy/approved_voice_references/frederica.wav,แต่...ข้ามีเรื่องสงสัยเจ้าค่ะท่านอา,,,PENDING_MANUAL_GENERATION,,triangle-strategy
332,MS10A_X17_B0_0010_F_FRE_0020.wav,MS10A_X17_B0_0010_F_FRE_0020,338,338,338,341,Frederica,main,female,frederica,assets/triangle-strategy/approved_voice_references/frederica.wav,การซื้อเกลือผิดกฎหมายของท่าน คือการรวบรวมอำนาจใช่ไหม?,,,PENDING_MANUAL_GENERATION,,triangle-strategy
333,MS10A_X17_B0_0010_F_FRE_0030.wav,MS10A_X17_B0_0010_F_FRE_0030,339,339,339,342,Frederica,main,female,frederica,assets/triangle-strategy/approved_voice_references/frederica.wav,อำนาจในการโค่น... อาร์ชดยุกน่ะ,,,PENDING_MANUAL_GENERATION,,triangle-strategy
334,MS10A_X17_B0_0010_F_FRE_0040.wav,MS10A_X17_B0_0010_F_FRE_0040,340,340,340,343,Frederica,main,female,frederica,assets/triangle-strategy/approved_voice_references/frederica.wav,เพราะกุสตาดอล์ฟจะทำทุกหนทาง เพื่อบรรลุเป้าหมายของตนเจ้าค่ะ,,,PENDING_MANUAL_GENERATION,,triangle-strategy
335,MS10A_X17_B0_0010_F_FRE_0050.wav,MS10A_X17_B0_0010_F_FRE_0050,341,341,341,344,Frederica,main,female,frederica,assets/triangle-strategy/approved_voice_references/frederica.wav,หากท่านไม่สู้กลับ ตระกูลของท่านถูกทำลายแน่นอน,,,PENDING_MANUAL_GENERATION,,triangle-strategy
336,MS10A_X17_B0_0010_F_FRE_0060.wav,MS10A_X17_B0_0010_F_FRE_0060,342,342,342,345,Frederica,main,female,frederica,assets/triangle-strategy/approved_voice_references/frederica.wav,โปรดให้วูล์ฟฟอร์ตได้สู้เคียงข้างท่าน เราร่วมมือกันหยุดกุสตาดอล์ฟได้นะเจ้าคะ,,,PENDING_MANUAL_GENERATION,,triangle-strategy
337,MS10A_X17_B0_0010_F_FRE_0080.wav,MS10A_X17_B0_0010_F_FRE_0080,344,344,344,347,Frederica,main,female,frederica,assets/triangle-strategy/approved_voice_references/frederica.wav,...ไม่เจ้าค่ะ ท่านอา ตอนนี้ข้าเป็นหนึ่งเดียวกับวูล์ฟฟอร์ตแล้ว,,,PENDING_MANUAL_GENERATION,,triangle-strategy
338,MS10A_X17_B0_0010_M_BND_0010.wav,MS10A_X17_B0_0010_M_BND_0010,345,345,345,348,Benedict,main,male,benedict,assets/triangle-strategy/approved_voice_references/benedict.wav,พวกเราผ่านสงครามซอลท์ไอรอนมาได้ด้วยวิธีนี้ ท่านคงรู้ดีอยู่แล้ว,,,PENDING_MANUAL_GENERATION,,triangle-strategy
339,MS10A_X17_B0_0010_M_BND_0020.wav,MS10A_X17_B0_0010_M_BND_0020,346,346,346,349,Benedict,main,male,benedict,assets/triangle-strategy/approved_voice_references/benedict.wav,ตระกูลวูล์ฟฟอร์ตนั้นเอนลู่ไปตามลมเสมอ,,,PENDING_MANUAL_GENERATION,,triangle-strategy
340,MS10A_X17_B0_0010_M_MB011T01_0010.wav,MS10A_X17_B0_0010_M_MB011T01_0010,347,347,347,350,ผู้ติดตามสวาร็อค,generic,male,MALE_ADULT_B,assets/triangle-strategy/approved_voice_references/MALE_ADULT_B.wav,ท่านจะปล่อยพวกเขาไปจริงๆเหรอขอรับ นายท่าน?,,,PENDING_MANUAL_GENERATION,,triangle-strategy
341,MS10A_X17_B0_0010_M_SEL_0010.wav,MS10A_X17_B0_0010_M_SEL_0010,348,348,348,351,Serenoa,main,male,serenoa,assets/triangle-strategy/approved_voice_references/serenoa.wav,มันก็เพื่อความอยู่รอดของเราขอรับ และเราพร้อมจะทำอีกเพื่อต่อกรกุสตาดอล์ฟ,,,PENDING_MANUAL_GENERATION,,triangle-strategy
342,MS10A_X17_B0_0010_M_SEL_0020.wav,MS10A_X17_B0_0010_M_SEL_0020,349,349,349,352,Serenoa,main,male,serenoa,assets/triangle-strategy/approved_voice_references/serenoa.wav,รับทราบขอรับ,,,PENDING_MANUAL_GENERATION,,triangle-strategy
343,MS10A_X17_B0_0010_M_SVR_0010.wav,MS10A_X17_B0_0010_M_SVR_0010,350,350,350,353,สวาร็อค,npc,male,svarog,,พวกเจ้ากลับมาทำไม? ตกลงกันแล้วไม่ใช่เหรอว่าจะไม่กลับมาที่นี่อีก,,,BLOCKED_PENDING_REFERENCE_AUDIO,,triangle-strategy
344,MS10A_X17_B0_0010_M_SVR_0020.wav,MS10A_X17_B0_0010_M_SVR_0020,351,351,351,354,สวาร็อค,npc,male,svarog,,...กล่าวหาได้รุนแรงเหลือเกินนะ ทำไมเจ้าถึงคิดเช่นนั้นล่ะหลานข้า?,,,BLOCKED_PENDING_REFERENCE_AUDIO,,triangle-strategy
345,MS10A_X17_B0_0010_M_SVR_0030.wav,MS10A_X17_B0_0010_M_SVR_0030,352,352,352,355,สวาร็อค,npc,male,svarog,,แล้วยังไง...?,,,BLOCKED_PENDING_REFERENCE_AUDIO,,triangle-strategy
346,MS10A_X17_B0_0010_M_SVR_0040.wav,MS10A_X17_B0_0010_M_SVR_0040,353,353,353,356,สวาร็อค,npc,male,svarog,,...ท่านอยากให้ข้าพึ่งพาคนที่ลดตัวไปเป็นขี้ข้าไฮแซนต์งั้นเหรอ?,,,BLOCKED_PENDING_REFERENCE_AUDIO,,triangle-strategy
347,MS10A_X17_B0_0010_M_SVR_0050.wav,MS10A_X17_B0_0010_M_SVR_0050,354,354,354,357,สวาร็อค,npc,male,svarog,,นักค้าเกลือผิดกฎหมายของเรา พูดได้น่าประทับใจยิ่งนัก,,,BLOCKED_PENDING_REFERENCE_AUDIO,,triangle-strategy
348,MS10A_X17_B0_0010_M_SVR_0060.wav,MS10A_X17_B0_0010_M_SVR_0060,355,355,355,358,สวาร็อค,npc,male,svarog,,ข้าไม่อยากฟังแล้วล่ะ ถึงเวลาที่พวกท่านต้องไปต่อแล้ว,,,BLOCKED_PENDING_REFERENCE_AUDIO,,triangle-strategy
349,MS10A_X17_B0_0010_M_SVR_0070.wav,MS10A_X17_B0_0010_M_SVR_0070,356,356,356,359,สวาร็อค,npc,male,svarog,,แต่ทิ้งเกลือไว้ที่นี่ก่อน แลกกับการที่ข้าไว้ชีวิตพวกท่าน,,,BLOCKED_PENDING_REFERENCE_AUDIO,,triangle-strategy
350,MS10A_X17_B0_0010_M_SVR_0080.wav,MS10A_X17_B0_0010_M_SVR_0080,357,357,357,360,สวาร็อค,npc,male,svarog,,เฟรเดอริก้า มาอยู่กับข้าได้นะ,,,BLOCKED_PENDING_REFERENCE_AUDIO,,triangle-strategy
351,MS10A_X17_B0_0010_M_SVR_0090.wav,MS10A_X17_B0_0010_M_SVR_0090,358,358,358,361,สวาร็อค,npc,male,svarog,,ไม่ว่าผลลัพธ์จะเป็นอย่างไร หากต้องต่อกรกับอาร์ชดยุก พวกเขามีประโยชน์แน่นอน,,,BLOCKED_PENDING_REFERENCE_AUDIO,,triangle-strategy
352,MS10A_X17_B0_0010_M_SVR_0100.wav,MS10A_X17_B0_0010_M_SVR_0100,359,359,359,362,สวาร็อค,npc,male,svarog,,หลานข้าเติบโตอย่างแข็งแกร่งเสียจริง สายเลือดตระกูลเรามันแรงสินะ,,,BLOCKED_PENDING_REFERENCE_AUDIO,,triangle-strategy
353,MS10A_X17_B0_0010_M_SVR_0110.wav,MS10A_X17_B0_0010_M_SVR_0110,360,360,360,363,สวาร็อค,npc,male,svarog,,...ไม่สิ เพราะนางเป็นคนไฟแรงตั้งแต่เด็ก หากดราแกนยังมีชีวิตอยู่ เขาคงเป็นแบบนางเช่นเดียวกัน...,,,BLOCKED_PENDING_REFERENCE_AUDIO,,triangle-strategy
354,MS10A_X17_B0_0020_F_ANA_0010.wav,MS10A_X17_B0_0020_F_ANA_0010,361,361,361,364,Anna,main,female,anna,assets/triangle-strategy/approved_voice_references/anna.wav,หมายถึงไปเจรจากับแคลรุสเหรอเจ้าคะ?,,,PENDING_MANUAL_GENERATION,,triangle-strategy
355,MS10A_X17_B0_0020_F_FRE_0010.wav,MS10A_X17_B0_0020_F_FRE_0010,362,362,362,365,Frederica,main,female,frederica,assets/triangle-strategy/approved_voice_references/frederica.wav,เมื่อกี้ขอโทษด้วยนะที่พูดไม่คิด,,,PENDING_MANUAL_GENERATION,,triangle-strategy
356,MS10A_X17_B0_0020_F_FRE_0020.wav,MS10A_X17_B0_0020_F_FRE_0020,363,363,363,366,Frederica,main,female,frederica,assets/triangle-strategy/approved_voice_references/frederica.wav,ไม่เลย ข้าดีใจที่ได้อยู่กับเจ้านะ,,,PENDING_MANUAL_GENERATION,,triangle-strategy
357,MS10A_X17_B0_0020_F_HEW_0010.wav,MS10A_X17_B0_0020_F_HEW_0010,364,364,364,367,Hughette,main,female,hughette,assets/triangle-strategy/approved_voice_references/hughette.wav,สรุปสวาร็อคได้เกลือไป แล้วเราจะหาเงินที่ไหนมาให้ซอสเลย์ล่ะเจ้าคะ?,,,PENDING_MANUAL_GENERATION,,triangle-strategy
358,MS10A_X17_B0_0020_F_HEW_0020.wav,MS10A_X17_B0_0020_F_HEW_0020,365,365,365,368,Hughette,main,female,hughette,assets/triangle-strategy/approved_voice_references/hughette.wav,ว่าแต่เราจะหาเงินมาจากไหนล่ะ?,,,PENDING_MANUAL_GENERATION,,triangle-strategy
359,MS10A_X17_B0_0020_F_YRA_0010.wav,MS10A_X17_B0_0020_F_YRA_0010,366,366,366,369,Geela,main,female,geela,assets/triangle-strategy/approved_voice_references/geela.wav,ท่านหญิงเป็นกังวลเอาเสียมาก แต่ท่านมีความกล้าหาญยิ่งกว่าใคร,,,PENDING_MANUAL_GENERATION,,triangle-strategy
360,MS10A_X17_B0_0020_F_YRA_0020.wav,MS10A_X17_B0_0020_F_YRA_0020,367,367,367,370,Geela,main,female,geela,assets/triangle-strategy/approved_voice_references/geela.wav,เดาว่าแผนนี้เป็นส่วนหนึ่งของการค้าผิดกฎหมาย หากไม่มีใครเสียผลประโยชน์ ก็ไม่มีใครมาเดือดร้อนอะไร,,,PENDING_MANUAL_GENERATION,,triangle-strategy
361,MS10A_X17_B0_0020_M_BND_0010.wav,MS10A_X17_B0_0020_M_BND_0010,368,368,368,371,Benedict,main,male,benedict,assets/triangle-strategy/approved_voice_references/benedict.wav,พวกเขาตัดสินใจไม่สู้กับเรา เพราะท่านหญิงเฟรเดอริก้าช่วยเจรจาให้,,,PENDING_MANUAL_GENERATION,,triangle-strategy
362,MS10A_X17_B0_0020_M_BND_0020.wav,MS10A_X17_B0_0020_M_BND_0020,369,369,369,372,Benedict,main,male,benedict,assets/triangle-strategy/approved_voice_references/benedict.wav,ยังมีทางหาเงินเข้ากระเป๋าอีกเยอะขอรับ สวาร็อคตั้งใจจะเอาเกลือแต่แรกอยู่แล้ว,,,PENDING_MANUAL_GENERATION,,triangle-strategy
363,MS10A_X17_B0_0020_M_BND_0030.wav,MS10A_X17_B0_0020_M_BND_0030,370,370,370,373,Benedict,main,male,benedict,assets/triangle-strategy/approved_voice_references/benedict.wav,จริงด้วย แต่ถ้าเรามีเงินพอจ่ายชดเชย ก็เท่ากับการซื้อขายนั้นสำเร็จ,,,PENDING_MANUAL_GENERATION,,triangle-strategy
364,MS10A_X17_B0_0020_M_BND_0040.wav,MS10A_X17_B0_0020_M_BND_0040,371,371,371,374,Benedict,main,male,benedict,assets/triangle-strategy/approved_voice_references/benedict.wav,ทางที่ดีที่สุด เราควรไปเจรจากับสมาคมนอร์เซเลีย,,,PENDING_MANUAL_GENERATION,,triangle-strategy
365,MS10A_X17_B0_0020_M_BND_0050.wav,MS10A_X17_B0_0020_M_BND_0050,372,372,372,375,Benedict,main,male,benedict,assets/triangle-strategy/approved_voice_references/benedict.wav,ถูกต้อง ถึงเขาจะโลภ แต่ถ้าต้องการเงินล่ะก็ เขาช่วยเราได้แน่นอน,,,PENDING_MANUAL_GENERATION,,triangle-strategy
366,MS10A_X17_B0_0020_M_BND_0060.wav,MS10A_X17_B0_0020_M_BND_0060,373,373,373,376,Benedict,main,male,benedict,assets/triangle-strategy/approved_voice_references/benedict.wav,ข้าไม่ได้จะบอกเหตุผลที่ต้องการเงินอยู่แล้วนี่,,,PENDING_MANUAL_GENERATION,,triangle-strategy
367,MS10A_X17_B0_0020_M_BND_0070.wav,MS10A_X17_B0_0020_M_BND_0070,374,374,374,377,Benedict,main,male,benedict,assets/triangle-strategy/approved_voice_references/benedict.wav,แต่การซื้อขายของเขาเป็นเรื่องซับซ้อนกว่าที่คิด ลองคุยกับเขาดูก็ไม่เสียหายนะ,,,PENDING_MANUAL_GENERATION,,triangle-strategy
368,MS10A_X17_B0_0020_M_ELA_0010.wav,MS10A_X17_B0_0020_M_ELA_0010,375,375,375,378,Erador,main,male,erador,assets/triangle-strategy/approved_voice_references/erador.wav,เกิดอะไรขึ้นเหรอ?,,,PENDING_MANUAL_GENERATION,,triangle-strategy
369,MS10A_X17_B0_0020_M_ELA_0020.wav,MS10A_X17_B0_0020_M_ELA_0020,376,376,376,379,Erador,main,male,erador,assets/triangle-strategy/approved_voice_references/erador.wav,โฮ่! วางแผนอีกแล้วเหรอเนี่ย!,,,PENDING_MANUAL_GENERATION,,triangle-strategy
370,MS10A_X17_B0_0020_M_ELA_0030.wav,MS10A_X17_B0_0020_M_ELA_0030,377,377,377,380,Erador,main,male,erador,assets/triangle-strategy/approved_voice_references/erador.wav,นี่เจ้าจะขอวิธีหาเงินจากสมาคม มาจ่ายชดใช้สินค้าผิดกฎหมายเนี่ยนะ? บ้าไปแล้วเหรอ!?,,,PENDING_MANUAL_GENERATION,,triangle-strategy
371,MS10A_X17_B0_0020_M_RLN_0010.wav,MS10A_X17_B0_0020_M_RLN_0010,378,378,378,381,Roland,main,male,roland,assets/triangle-strategy/approved_voice_references/roland.wav,รู้งี้น่าจะบอกว่าข้าเป็นใครเสียดีกว่า...,,,PENDING_MANUAL_GENERATION,,triangle-strategy
372,MS10A_X17_B0_0020_M_SEL_0010.wav,MS10A_X17_B0_0020_M_SEL_0010,379,379,379,382,Serenoa,main,male,serenoa,assets/triangle-strategy/approved_voice_references/serenoa.wav,ไม่ต้องขอโทษหรอก ดีที่เจ้าช่วยพูดให้ไม่มีปัญหากัน,,,PENDING_MANUAL_GENERATION,,triangle-strategy
373,MS10A_X17_B0_0020_M_SEL_0020.wav,MS10A_X17_B0_0020_M_SEL_0020,380,380,380,383,Serenoa,main,male,serenoa,assets/triangle-strategy/approved_voice_references/serenoa.wav,ข้าสิควรขอโทษที่พาเจ้ามาที่นี่...,,,PENDING_MANUAL_GENERATION,,triangle-strategy
374,MS10A_X17_B0_0020_M_SEL_0030.wav,MS10A_X17_B0_0020_M_SEL_0030,381,381,381,384,Serenoa,main,male,serenoa,assets/triangle-strategy/approved_voice_references/serenoa.wav,สวาร็อคไว้ชีวิตเราแลกกับเกลือ ทำให้ตอนนี้เราไม่ได้เงินตอบแทนน่ะ,,,PENDING_MANUAL_GENERATION,,triangle-strategy
375,MS10A_X17_B0_0020_M_SEL_0040.wav,MS10A_X17_B0_0020_M_SEL_0040,382,382,382,385,Serenoa,main,male,serenoa,assets/triangle-strategy/approved_voice_references/serenoa.wav,ถ้างั้นเราไปคุยกับเขากันเถอะ แอนนา รบกวนด้วยนะ,,,PENDING_MANUAL_GENERATION,,triangle-strategy
376,MS10A_X17_B0_1010_M_BND_0010.wav,MS10A_X17_B0_1010_M_BND_0010,383,383,383,386,Benedict,main,male,benedict,assets/triangle-strategy/approved_voice_references/benedict.wav,คนเรามักแสวงหาความสุขเข้าตัวในยามมืดมนเช่นนี้อยู่แล้ว,,,PENDING_MANUAL_GENERATION,,triangle-strategy
377,MS10A_X17_B0_1010_M_BND_0020.wav,MS10A_X17_B0_1010_M_BND_0020,384,384,384,387,Benedict,main,male,benedict,assets/triangle-strategy/approved_voice_references/benedict.wav,รวมถึงเรื่องที่เซอร์แม็กซ์เวลล์ยังมีชีวิตอยู่ด้วย,,,PENDING_MANUAL_GENERATION,,triangle-strategy
378,MS10A_X17_B0_1010_M_CLR_0010.wav,MS10A_X17_B0_1010_M_CLR_0010,385,385,385,388,แคลรุส,npc,male,clarus,,โฮะๆ! ได้เห็นพวกท่านสู้กัน มันช่างสุขใจเหลือเกิน สหายเอ๋ย!,,,BLOCKED_PENDING_REFERENCE_AUDIO,,triangle-strategy
379,MS10A_X17_B0_1010_M_CLR_0020.wav,MS10A_X17_B0_1010_M_CLR_0020,386,386,386,389,แคลรุส,npc,male,clarus,,ถูกต้อง! ก็เพราะคนเรามันเป็นแบบนี้ ข้าจึงขอมอบรางวัลอย่างงามให้พวกท่านในการประลองเช่นกัน,,,BLOCKED_PENDING_REFERENCE_AUDIO,,triangle-strategy
380,MS10A_X17_B0_1010_M_CLR_0030.wav,MS10A_X17_B0_1010_M_CLR_0030,387,387,387,390,แคลรุส,npc,male,clarus,,มันก็ใช่ขอรับ แต่นี่มันลานประลองเถื่อน ข้าไม่อยากให้ใครมารู้เรื่องนี้เข้า...,,,BLOCKED_PENDING_REFERENCE_AUDIO,,triangle-strategy
381,MS10A_X17_B0_1010_M_CLR_0040.wav,MS10A_X17_B0_1010_M_CLR_0040,388,388,388,391,แคลรุส,npc,male,clarus,,ดีใจจริงๆที่ได้เห็นความกล้าแกร่งของวูล์ฟฟอร์ต หวังว่าอนาคตพวกท่านจะมาใช้บริการอีกนะ,,,BLOCKED_PENDING_REFERENCE_AUDIO,,triangle-strategy
382,MS10A_X17_B0_1010_M_ELA_0010.wav,MS10A_X17_B0_1010_M_ELA_0010,389,389,389,392,Erador,main,male,erador,assets/triangle-strategy/approved_voice_references/erador.wav,สงสัยบรรยากาศที่นี่ไม่ได้ทำให้ท่านรู้สึกว่าเกลนบรู๊คถูกยึดครองไปแล้วสินะ,,,PENDING_MANUAL_GENERATION,,triangle-strategy
383,MS10A_X17_B0_1010_M_ELA_0020.wav,MS10A_X17_B0_1010_M_ELA_0020,390,390,390,393,Erador,main,male,erador,assets/triangle-strategy/approved_voice_references/erador.wav,ตอนนี้เรากลับไปรายงานรัฐมนตรีซอสเลย์พร้อมเงินรางวัลกันเถอะ,,,PENDING_MANUAL_GENERATION,,triangle-strategy
384,MS10A_X17_B0_1010_M_RLN_0010.wav,MS10A_X17_B0_1010_M_RLN_0010,391,391,391,394,Roland,main,male,roland,assets/triangle-strategy/approved_voice_references/roland.wav,นี่มันเยอะกว่าที่ตกลงกันไว้อีกนะ,,,PENDING_MANUAL_GENERATION,,triangle-strategy
385,MS10A_X17_B0_1010_M_SEL_0010.wav,MS10A_X17_B0_1010_M_SEL_0010,392,392,392,395,Serenoa,main,male,serenoa,assets/triangle-strategy/approved_voice_references/serenoa.wav,อย่างนี้นี่เอง งั้นข้าจะขอรับเงินนี้ไว้เป็นค่าปิดปากก็แล้วกันนะ,,,PENDING_MANUAL_GENERATION,,triangle-strategy
386,MS10A_X17_B0_1010_M_SEL_0020.wav,MS10A_X17_B0_1010_M_SEL_0020,393,393,393,396,Serenoa,main,male,serenoa,assets/triangle-strategy/approved_voice_references/serenoa.wav,...แน่นอน หากมีโอกาส,,,PENDING_MANUAL_GENERATION,,triangle-strategy
387,MS10A_X17_B0_1010_M_SEL_0030.wav,MS10A_X17_B0_1010_M_SEL_0030,394,394,394,397,Serenoa,main,male,serenoa,assets/triangle-strategy/approved_voice_references/serenoa.wav,กลับไปที่คฤหาสน์เอนด์กัน,,,PENDING_MANUAL_GENERATION,,triangle-strategy
388,MS10A_X17_B0_2010_F_FRE_0010.wav,MS10A_X17_B0_2010_F_FRE_0010,395,395,395,398,Frederica,main,female,frederica,assets/triangle-strategy/approved_voice_references/frederica.wav,การประลอง? เหมือนที่เกลนบรู๊คน่ะเหรอ?,,,PENDING_MANUAL_GENERATION,,triangle-strategy
389,MS10A_X17_B0_2010_M_BND_0010.wav,MS10A_X17_B0_2010_M_BND_0010,396,396,396,399,Benedict,main,male,benedict,assets/triangle-strategy/approved_voice_references/benedict.wav,ขออภัยที่เรียกท่านมาอย่างกะทันหัน แคลรุส,,,PENDING_MANUAL_GENERATION,,triangle-strategy
390,MS10A_X17_B0_2010_M_BND_0020.wav,MS10A_X17_B0_2010_M_BND_0020,397,397,397,400,Benedict,main,male,benedict,assets/triangle-strategy/approved_voice_references/benedict.wav,ถ้ามีเงินเยอะขนาดนี้ สงสัยคงเป็นการประลองผิดกฎหมาย,,,PENDING_MANUAL_GENERATION,,triangle-strategy
391,MS10A_X17_B0_2010_M_BND_0030.wav,MS10A_X17_B0_2010_M_BND_0030,398,398,398,401,Benedict,main,male,benedict,assets/triangle-strategy/approved_voice_references/benedict.wav,นอกจากที่มันผิดกฎหมายแล้ว มีอะไรที่ท่านยังไม่ได้บอกเราอีกไหม?,,,PENDING_MANUAL_GENERATION,,triangle-strategy
392,MS10A_X17_B0_2010_M_CLR_0010.wav,MS10A_X17_B0_2010_M_CLR_0010,399,399,399,402,แคลรุส,npc,male,clarus,,ไม่เป็นไรขอรับ ข้ายินดีช่วยเหลือวูล์ฟฟอร์ตผู้เลื่องชื่ออยู่แล้ว,,,BLOCKED_PENDING_REFERENCE_AUDIO,,triangle-strategy
393,MS10A_X17_B0_2010_M_CLR_0020.wav,MS10A_X17_B0_2010_M_CLR_0020,400,400,400,403,แคลรุส,npc,male,clarus,,หน้ากากนั้น! อย่าบอกนะว่า...!?,,,BLOCKED_PENDING_REFERENCE_AUDIO,,triangle-strategy
394,MS10A_X17_B0_2010_M_CLR_0030.wav,MS10A_X17_B0_2010_M_CLR_0030,401,401,401,404,แคลรุส,npc,male,clarus,,...เข้าใจแล้ว แสดงว่าพวกท่านต้องการเงินเพื่อฟื้นฟูตระกูลของท่านที่ตกอับไปสินะ,,,BLOCKED_PENDING_REFERENCE_AUDIO,,triangle-strategy
395,MS10A_X17_B0_2010_M_CLR_0040.wav,MS10A_X17_B0_2010_M_CLR_0040,402,402,402,405,แคลรุส,npc,male,clarus,,ข้าจะแนะนำพวกท่านเอง อยากลองสู้ในการประลองสักหน่อยไหมขอรับ?,,,BLOCKED_PENDING_REFERENCE_AUDIO,,triangle-strategy
396,MS10A_X17_B0_2010_M_CLR_0050.wav,MS10A_X17_B0_2010_M_CLR_0050,403,403,403,406,แคลรุส,npc,male,clarus,,...ทำนองนั้นขอรับ,,,BLOCKED_PENDING_REFERENCE_AUDIO,,triangle-strategy
397,MS10A_X17_B0_2010_M_CLR_0060.wav,MS10A_X17_B0_2010_M_CLR_0060,404,404,404,407,แคลรุส,npc,male,clarus,,แต่ว่าการประลองที่นี่ไม่ค่อยมีคนรู้จักมากนัก,,,BLOCKED_PENDING_REFERENCE_AUDIO,,triangle-strategy
398,MS10A_X17_B0_2010_M_CLR_0070.wav,MS10A_X17_B0_2010_M_CLR_0070,405,405,405,408,แคลรุส,npc,male,clarus,,เหล่าขุนนาง นักค้าขาย และผู้ทรงอำนาจจากทุกอาณาจักร ต่างรวมตัวเพื่อดูยอดนักสู้ประชันหน้ากัน,,,BLOCKED_PENDING_REFERENCE_AUDIO,,triangle-strategy
399,MS10A_X17_B0_2010_M_CLR_0080.wav,MS10A_X17_B0_2010_M_CLR_0080,406,406,406,409,แคลรุส,npc,male,clarus,,ใช่แล้วขอรับ โชคไม่ดีที่หนึ่งในผู้เข้าแข่งขันของเราได้ถอนตัวไป,,,BLOCKED_PENDING_REFERENCE_AUDIO,,triangle-strategy
400,MS10A_X17_B0_2010_M_CLR_0090.wav,MS10A_X17_B0_2010_M_CLR_0090,407,407,407,410,แคลรุส,npc,male,clarus,,อย่าถือสาขาเลยนะ แต่หน้ากากนั่น...ใช่เซอร์แม็กซ์เวลล์ผู้เป็นที่เคารพนับถือหรือเปล่าขอรับ?,,,BLOCKED_PENDING_REFERENCE_AUDIO,,triangle-strategy
401,MS10A_X17_B0_2010_M_CLR_0100.wav,MS10A_X17_B0_2010_M_CLR_0100,408,408,408,411,แคลรุส,npc,male,clarus,,อ๊ะ ว่าแล้วเชียว!,,,BLOCKED_PENDING_REFERENCE_AUDIO,,triangle-strategy
402,MS10A_X17_B0_2010_M_CLR_0110.wav,MS10A_X17_B0_2010_M_CLR_0110,409,409,409,412,แคลรุส,npc,male,clarus,,ท่านสร้างชื่อไว้ในการประลองแห่งเกลนบรู๊คอยู่พอสมควรเลยนะ ข้ามั่นใจว่าผู้ชมคงดีใจที่ได้เห็นวีรบุรุษตัวจริงในลานประลอง!,,,BLOCKED_PENDING_REFERENCE_AUDIO,,triangle-strategy
403,MS10A_X17_B0_2010_M_CLR_0120.wav,MS10A_X17_B0_2010_M_CLR_0120,410,410,410,413,แคลรุส,npc,male,clarus,,วางใจได้เลย พวกท่านจะได้รางวัลอย่างงามแน่นอน ว่ายังไงขอรับ?,,,BLOCKED_PENDING_REFERENCE_AUDIO,,triangle-strategy
404,MS10A_X17_B0_2010_M_CLR_0130.wav,MS10A_X17_B0_2010_M_CLR_0130,411,411,411,414,แคลรุส,npc,male,clarus,,...ไหวพริบดีเหลือเกินนะท่าน,,,BLOCKED_PENDING_REFERENCE_AUDIO,,triangle-strategy
405,MS10A_X17_B0_2010_M_CLR_0140.wav,MS10A_X17_B0_2010_M_CLR_0140,412,412,412,415,แคลรุส,npc,male,clarus,,ที่นี่เราจะต่อสู้กันจริงๆ ไม่เหมือนการจำลองศึกในเกลนบรู๊คขอรับ อะไรก็เกิดขึ้นได้,,,BLOCKED_PENDING_REFERENCE_AUDIO,,triangle-strategy
406,MS10A_X17_B0_2010_M_CLR_0150.wav,MS10A_X17_B0_2010_M_CLR_0150,413,413,413,416,แคลรุส,npc,male,clarus,,ตกลงตามนี้! รับรองว่าผู้ชมจะโห่ร้องยินดีที่ตระกูลวูล์ฟฟอร์ตมาลงแข่งแน่นอน,,,BLOCKED_PENDING_REFERENCE_AUDIO,,triangle-strategy
407,MS10A_X17_B0_2010_M_RLN_0010.wav,MS10A_X17_B0_2010_M_RLN_0010,414,414,414,417,Roland,main,male,roland,assets/triangle-strategy/approved_voice_references/roland.wav,...ถูกต้อง,,,PENDING_MANUAL_GENERATION,,triangle-strategy
408,MS10A_X17_B0_2010_M_RLN_0020.wav,MS10A_X17_B0_2010_M_RLN_0020,415,415,415,418,Roland,main,male,roland,assets/triangle-strategy/approved_voice_references/roland.wav,ยังไงข้าก็จะสู้อยู่ดี,,,PENDING_MANUAL_GENERATION,,triangle-strategy
409,MS10A_X17_B0_2010_M_RLN_0030.wav,MS10A_X17_B0_2010_M_RLN_0030,416,416,416,419,Roland,main,male,roland,assets/triangle-strategy/approved_voice_references/roland.wav,ข้าผิดเอง ข้าต้องสู้,,,PENDING_MANUAL_GENERATION,,triangle-strategy
410,MS10A_X17_B0_2010_M_SEL_0010.wav,MS10A_X17_B0_2010_M_SEL_0010,417,417,417,420,Serenoa,main,male,serenoa,assets/triangle-strategy/approved_voice_references/serenoa.wav,ใช่แล้วล่ะ พวกเราเลยอยากขอคำแนะนำจากท่านหน่อย,,,PENDING_MANUAL_GENERATION,,triangle-strategy
411,MS10A_X17_B0_2010_M_SEL_0020.wav,MS10A_X17_B0_2010_M_SEL_0020,418,418,418,421,Serenoa,main,male,serenoa,assets/triangle-strategy/approved_voice_references/serenoa.wav,ดังนั้นผู้เข้าแข่งขันทุกคน นำชีวิตมาเดิมพันในลานประลองแห่งนี้,,,PENDING_MANUAL_GENERATION,,triangle-strategy
412,MS10A_X17_B0_2010_M_SEL_0030.wav,MS10A_X17_B0_2010_M_SEL_0030,419,419,419,422,Serenoa,main,male,serenoa,assets/triangle-strategy/approved_voice_references/serenoa.wav,...เข้าใจแล้วขอรับ พวกเราจะสู้เคียงข้างท่านด้วย,,,PENDING_MANUAL_GENERATION,,triangle-strategy
413,MS10A_X17_B0_3010_F_ABR_0010.wav,MS10A_X17_B0_3010_F_ABR_0010,420,420,420,423,Avlora,npc,female,avlora,assets/triangle-strategy/approved_voice_references/avlora.wav,ขอบใจที่มารายงานนะ,,,PENDING_MANUAL_GENERATION,,triangle-strategy
414,MS10A_X17_B0_3010_F_ABR_0020.wav,MS10A_X17_B0_3010_F_ABR_0020,421,421,421,424,Avlora,npc,female,avlora,assets/triangle-strategy/approved_voice_references/avlora.wav,แล้วพบลอร์ดสวาร็อคระหว่างทางบ้างไหม?,,,PENDING_MANUAL_GENERATION,,triangle-strategy
415,MS10A_X17_B0_3010_F_ABR_0030.wav,MS10A_X17_B0_3010_F_ABR_0030,422,422,422,425,Avlora,npc,female,avlora,assets/triangle-strategy/approved_voice_references/avlora.wav,เกษียณตัวเองได้แล้วมั้ง อายุปูนนี้ไม่เรียกว่าหนุ่มแล้วนะ...,,,PENDING_MANUAL_GENERATION,,triangle-strategy
416,MS10A_X17_B0_3010_F_ABR_0040.wav,MS10A_X17_B0_3010_F_ABR_0040,423,423,423,426,Avlora,npc,female,avlora,assets/triangle-strategy/approved_voice_references/avlora.wav,วูล์ฟฟอร์ตเหรอ? ทำไมกันล่ะ?,,,PENDING_MANUAL_GENERATION,,triangle-strategy
417,MS10A_X17_B0_3010_F_ABR_0050.wav,MS10A_X17_B0_3010_F_ABR_0050,424,424,424,427,Avlora,npc,female,avlora,assets/triangle-strategy/approved_voice_references/avlora.wav,แม็กซ์เวลล์...,,,PENDING_MANUAL_GENERATION,,triangle-strategy
418,MS10A_X17_B0_3010_F_ABR_0060.wav,MS10A_X17_B0_3010_F_ABR_0060,425,425,425,428,Avlora,npc,female,avlora,assets/triangle-strategy/approved_voice_references/avlora.wav,ข้ามั่นใจว่าสังหารเขาไปเรียบร้อยแล้ว... สรุปเขาเป็นใครกันแน่?,,,PENDING_MANUAL_GENERATION,,triangle-strategy
419,MS10A_X17_B0_3010_F_CRD_0010.wav,MS10A_X17_B0_3010_F_CRD_0010,426,426,426,429,Cordelia,npc,female,cordelia,assets/triangle-strategy/approved_voice_references/cordelia.wav,อย่าบอกนะว่า...,,,PENDING_MANUAL_GENERATION,,triangle-strategy
420,MS10A_X17_B0_3010_M_M076_0010.wav,MS10A_X17_B0_3010_M_M076_0010,427,427,427,430,ผู้ให้ข่าว,generic,male,MALE_ADULT_C,assets/triangle-strategy/approved_voice_references/MALE_ADULT_C.wav,ข้าพบขอรับ จนถึงตอนนี้เขายังโอดครวญที่สูญเสียลูกชายอยู่เลย,,,PENDING_MANUAL_GENERATION,,triangle-strategy
421,MS10A_X17_B0_3010_M_M076_0020.wav,MS10A_X17_B0_3010_M_M076_0020,428,428,428,431,ผู้ให้ข่าว,generic,male,MALE_ADULT_C,assets/triangle-strategy/approved_voice_references/MALE_ADULT_C.wav,แต่ข้าได้ยินข่าวลือน่าสนใจมาเช่นกันขอรับ,,,PENDING_MANUAL_GENERATION,,triangle-strategy
422,MS10A_X17_B0_3010_M_M076_0030.wav,MS10A_X17_B0_3010_M_M076_0030,429,429,429,432,ผู้ให้ข่าว,generic,male,MALE_ADULT_C,assets/triangle-strategy/approved_voice_references/MALE_ADULT_C.wav,พวกเขาบอกว่า พบเห็นตระกูลวูล์ฟฟอร์ตมาเยือนที่ประตูแฝด,,,PENDING_MANUAL_GENERATION,,triangle-strategy
423,MS10A_X17_B0_3010_M_M076_0040.wav,MS10A_X17_B0_3010_M_M076_0040,430,430,430,433,ผู้ให้ข่าว,generic,male,MALE_ADULT_C,assets/triangle-strategy/approved_voice_references/MALE_ADULT_C.wav,ข้าเองก็ไม่แน่ใจขอรับ แต่เหมือนจะมีปากเสียงกับลอร์ดสวาร็อคแล้วถูกไล่ออกมา,,,PENDING_MANUAL_GENERATION,,triangle-strategy
424,MS10A_X17_B0_3010_M_M076_0050.wav,MS10A_X17_B0_3010_M_M076_0050,431,431,431,434,ผู้ให้ข่าว,generic,male,MALE_ADULT_C,assets/triangle-strategy/approved_voice_references/MALE_ADULT_C.wav,แต่ที่น่าสนใจกว่านั้น ลือกันว่าพบเห็นพลหอกสวมหน้ากากอยู่กับพวกเขาด้วย,,,PENDING_MANUAL_GENERATION,,triangle-strategy
425,MS10A_X17_BATTLE_01_AFTER_M_CLR_0010.wav,MS10A_X17_BATTLE_01_AFTER_M_CLR_0010,432,432,432,435,แคลรุส,npc,male,clarus,,และผู้ชนะคือ... ฝ่ายแม็กซ์เวลล์!,,,BLOCKED_PENDING_REFERENCE_AUDIO,,triangle-strategy
426,MS10A_X17_BATTLE_01_AFTER_M_CLR_0020.wav,MS10A_X17_BATTLE_01_AFTER_M_CLR_0020,433,433,433,436,แคลรุส,npc,male,clarus,,สมคำร่ำลือแห่งหอกอรุณเสียจริง! ขอเสียงปรบมือให้ผู้ชนะของเราด้วยขอรับ!,,,BLOCKED_PENDING_REFERENCE_AUDIO,,triangle-strategy
427,MS10A_X17_BATTLE_01_AFTER_M_RLN_0010.wav,MS10A_X17_BATTLE_01_AFTER_M_RLN_0010,434,434,434,437,Roland,main,male,roland,assets/triangle-strategy/approved_voice_references/roland.wav,ข้าทำสำเร็จแล้ว ท่านอาจารย์...,,,PENDING_MANUAL_GENERATION,,triangle-strategy
428,MS10A_X17_BATTLE_01_BEFORE_M_CLR_0010.wav,MS10A_X17_BATTLE_01_BEFORE_M_CLR_0010,435,435,435,438,แคลรุส,npc,male,clarus,,ข้ายินดียิ่ง ที่จะประกาศศึกการประลองครั้งสำคัญในรอบหน้า ซึ่งข้าไม่คิดไม่ฝันว่าจะได้พบเห็น!,,,BLOCKED_PENDING_REFERENCE_AUDIO,,triangle-strategy
429,MS10A_X17_BATTLE_01_BEFORE_M_CLR_0020.wav,MS10A_X17_BATTLE_01_BEFORE_M_CLR_0020,436,436,436,439,แคลรุส,npc,male,clarus,,ฝั่งขวา เหล่านักรบในตำนานผู้เป็นที่รู้จักทั้งแผ่นดินทั่วหล้า!,,,BLOCKED_PENDING_REFERENCE_AUDIO,,triangle-strategy
430,MS10A_X17_BATTLE_01_BEFORE_M_CLR_0030.wav,MS10A_X17_BATTLE_01_BEFORE_M_CLR_0030,437,437,437,440,แคลรุส,npc,male,clarus,,ขอเสียงให้แม็กซ์เวลล์หอกอรุณด้วย!,,,BLOCKED_PENDING_REFERENCE_AUDIO,,triangle-strategy
431,MS10A_X17_BATTLE_01_BEFORE_M_CLR_0040.wav,MS10A_X17_BATTLE_01_BEFORE_M_CLR_0040,438,438,438,441,แคลรุส,npc,male,clarus,,ฝั่งซ้าย ผู้ชนะคนปัจจุบันของเรา เขาคือนักล่าค่าหัวผู้มีสมญานามว่าผู้พิชิตวีรชน รูฟัสผู้เลื่องชื่อ!,,,BLOCKED_PENDING_REFERENCE_AUDIO,,triangle-strategy
432,MS10A_X17_BATTLE_01_BEFORE_M_CLR_0050.wav,MS10A_X17_BATTLE_01_BEFORE_M_CLR_0050,439,439,439,442,แคลรุส,npc,male,clarus,,ศึกที่โลกต้องจำ ได้เริ่มขึ้นแล้ว!,,,BLOCKED_PENDING_REFERENCE_AUDIO,,triangle-strategy
433,MS10A_X17_BATTLE_01_BEFORE_M_ROF_0010.wav,MS10A_X17_BATTLE_01_BEFORE_M_ROF_0010,440,440,440,443,รูฟัส,npc,male,rufus,,โฮะโฮ่ ได้ยินว่าข้าต้องสู้กับแม็กซ์เวลล์สินะ แต่ไม่คิดว่าจะพาคนคุ้นหน้ามาด้วย,,,BLOCKED_PENDING_REFERENCE_AUDIO,,triangle-strategy
434,MS10A_X17_BATTLE_01_BEFORE_M_ROF_0020.wav,MS10A_X17_BATTLE_01_BEFORE_M_ROF_0020,441,441,441,444,รูฟัส,npc,male,rufus,,ศึกล้างตาครั้งนี้ หวังว่าสุนัขอย่างพวกแกจะเตรียมพร้อม!,,,BLOCKED_PENDING_REFERENCE_AUDIO,,triangle-strategy
435,MS10A_X17_BATTLE_01_BEFORE_M_ROF_0030.wav,MS10A_X17_BATTLE_01_BEFORE_M_ROF_0030,442,442,442,445,รูฟัส,npc,male,rufus,,วันนี้เป็นวันดีของข้าเหลือเกิน ที่จะได้ประชันกับหอกอรุณ,,,BLOCKED_PENDING_REFERENCE_AUDIO,,triangle-strategy
436,MS10A_X17_BATTLE_01_BEFORE_M_ROF_0040.wav,MS10A_X17_BATTLE_01_BEFORE_M_ROF_0040,443,443,443,446,รูฟัส,npc,male,rufus,,"ข้าสังหารเจ้าได้เมื่อไหร่ ทุกคนก็จะจดจำข้าในฐานะ ""รูฟัส ผู้พิชิตวีรชน""!",,,BLOCKED_PENDING_REFERENCE_AUDIO,,triangle-strategy
437,MS10A_X17_BATTLE_01_BEFORE_N_M438_0010.wav,MS10A_X17_BATTLE_01_BEFORE_N_M438_0010,484,484,484,447,เสียงโห่ร้อง,generic,male,MALE_YOUNG_A,assets/triangle-strategy/approved_voice_references/MALE_YOUNG_A.wav,วู้ววว! เยส!,,,PENDING_MANUAL_GENERATION,,triangle-strategy
438,MS10A_X17_BATTLE_01_DRAMA_M_BND_0010.wav,MS10A_X17_BATTLE_01_DRAMA_M_BND_0010,444,444,444,448,Benedict,main,male,benedict,assets/triangle-strategy/approved_voice_references/benedict.wav,นี่ไม่ใช่การประลองทั่วไป เราต้องระวังทิศทางการโจมตีของศัตรูให้มาก,,,PENDING_MANUAL_GENERATION,,triangle-strategy
439,MS10A_X17_BATTLE_01_DRAMA_M_ELA_0010.wav,MS10A_X17_BATTLE_01_DRAMA_M_ELA_0010,445,445,445,449,Erador,main,male,erador,assets/triangle-strategy/approved_voice_references/erador.wav,ถูกต้องขอรับ!,,,PENDING_MANUAL_GENERATION,,triangle-strategy
440,MS10A_X17_BATTLE_01_DRAMA_M_RLN_0030.wav,MS10A_X17_BATTLE_01_DRAMA_M_RLN_0030,448,448,448,452,Roland,main,male,roland,assets/triangle-strategy/approved_voice_references/roland.wav,อาจารย์ขอรับ... โปรดอภัยให้ข้าผู้ทำให้ท่านเสื่อมเสียชื่อเสียง...,,,PENDING_MANUAL_GENERATION,,triangle-strategy
441,MS10A_X17_BATTLE_01_DRAMA_M_ROF_0010.wav,MS10A_X17_BATTLE_01_DRAMA_M_ROF_0010,449,449,449,453,รูฟัส,npc,male,rufus,,หอกอรุณมีดีขนาดไหนกันเชียว? ชักอยากเห็นฝีมือของเจ้าซะแล้วสิ,,,BLOCKED_PENDING_REFERENCE_AUDIO,,triangle-strategy
442,MS10A_X17_BATTLE_01_DRAMA_M_ROF_0020.wav,MS10A_X17_BATTLE_01_DRAMA_M_ROF_0020,450,450,450,454,รูฟัส,npc,male,rufus,,ถ้างั้นก็เงียบไปเถอะ จะได้เก็บเสียงไว้แหกปากร้องขอชีวิตบนปลายดาบของข้า,,,BLOCKED_PENDING_REFERENCE_AUDIO,,triangle-strategy
443,MS10A_X17_BATTLE_01_DRAMA_M_ROF_0030.wav,MS10A_X17_BATTLE_01_DRAMA_M_ROF_0030,451,451,451,455,รูฟัส,npc,male,rufus,,หือ? นี่เจ้าคือแม็กซ์เวลล์จริงๆเหรอ?,,,BLOCKED_PENDING_REFERENCE_AUDIO,,triangle-strategy
444,MS10A_X17_BATTLE_01_DRAMA_M_ROF_0040.wav,MS10A_X17_BATTLE_01_DRAMA_M_ROF_0040,452,452,452,456,รูฟัส,npc,male,rufus,,ไม่สำคัญหรอก เจ้าตายเมื่อไหร่ ข้าก็ได้ทั้งชื่อเสียงเงินทอง,,,BLOCKED_PENDING_REFERENCE_AUDIO,,triangle-strategy
445,MS10A_X17_BATTLE_01_DRAMA_M_ROF_0050.wav,MS10A_X17_BATTLE_01_DRAMA_M_ROF_0050,453,453,453,457,รูฟัส,npc,male,rufus,,มีดีแค่นี้หรือไง? ถ้าจะทำให้ผู้ชมกับผู้เข้าแข่งขันสนุกได้ ก็ต้องพยายามให้มากกว่านี้!,,,BLOCKED_PENDING_REFERENCE_AUDIO,,triangle-strategy
446,MS10A_X17_BATTLE_01_DRAMA_M_ROF_0060.wav,MS10A_X17_BATTLE_01_DRAMA_M_ROF_0060,454,454,454,458,รูฟัส,npc,male,rufus,,ถึงคราวของข้าแล้ว,,,BLOCKED_PENDING_REFERENCE_AUDIO,,triangle-strategy
447,MS10A_X17_BATTLE_01_DRAMA_M_ROF_0070.wav,MS10A_X17_BATTLE_01_DRAMA_M_ROF_0070,455,455,455,459,รูฟัส,npc,male,rufus,,หนอย... ตายไปก็ใช้เงินไม่ได้ซะด้วย ข้ายอมแล้ว,,,BLOCKED_PENDING_REFERENCE_AUDIO,,triangle-strategy
448,MS10A_X17_BATTLE_01_DRAMA_M_ROF_0080.wav,MS10A_X17_BATTLE_01_DRAMA_M_ROF_0080,456,456,456,460,รูฟัส,npc,male,rufus,,บ้าจริง! นี่ข้าแพ้วูล์ฟฟอร์ตสองหนแล้วนะ!,,,BLOCKED_PENDING_REFERENCE_AUDIO,,triangle-strategy
449,MS10A_X17_BATTLE_01_DRAMA_M_SEL_0010.wav,MS10A_X17_BATTLE_01_DRAMA_M_SEL_0010,457,457,457,461,Serenoa,main,male,serenoa,assets/triangle-strategy/approved_voice_references/serenoa.wav,พวกเราห้ามแพ้เด็ดขาด!,,,PENDING_MANUAL_GENERATION,,triangle-strategy
450,MS10A_X17_BATTLE_01_DRAMA_M_SEL_0020.wav,MS10A_X17_BATTLE_01_DRAMA_M_SEL_0020,458,458,458,462,Serenoa,main,male,serenoa,assets/triangle-strategy/approved_voice_references/serenoa.wav,ลุยกันเลย!,,,PENDING_MANUAL_GENERATION,,triangle-strategy
451,MS10A_X17_BATTLE_01_DRAMA_M_SEL_0030.wav,MS10A_X17_BATTLE_01_DRAMA_M_SEL_0030,459,459,459,463,Serenoa,main,male,serenoa,assets/triangle-strategy/approved_voice_references/serenoa.wav,ขอโทษด้วยนะทุกคน... ที่เหลือฝากด้วยนะ,,,PENDING_MANUAL_GENERATION,,triangle-strategy
452,MS10A_X17_C1_0010_M_ENG_0010.wav,MS10A_X17_C1_0010_M_ENG_0010,460,460,460,464,เทเนบริส,npc,male,tenebris,,...รัฐมนตรีซอสเลย์ วันนี้ดูมีความสุขเหลือเกินนะขอรับ,,,BLOCKED_PENDING_REFERENCE_AUDIO,,triangle-strategy
453,MS10A_X17_C1_0010_M_ENG_0020.wav,MS10A_X17_C1_0010_M_ENG_0020,461,461,461,465,เทเนบริส,npc,male,tenebris,,พวกเขาไม่รู้สถานการณ์ในตอนนี้ด้วยซ้ำ มันจะสำเร็จจริงๆเหรอท่าน?,,,BLOCKED_PENDING_REFERENCE_AUDIO,,triangle-strategy
454,MS10A_X17_C1_0010_M_ENG_0030.wav,MS10A_X17_C1_0010_M_ENG_0030,462,462,462,466,เทเนบริส,npc,male,tenebris,,มองโลกในแง่ดีไม่สมกับท่านเลย ลืมไปแล้วเหรอขอรับว่ายังมีเอกซ์เฮมกับแคมแซลล์ที่ยังสงสัยเราอยู่?,,,BLOCKED_PENDING_REFERENCE_AUDIO,,triangle-strategy
455,MS10A_X17_C1_0010_M_ENG_0040.wav,MS10A_X17_C1_0010_M_ENG_0040,463,463,463,467,เทเนบริส,npc,male,tenebris,,อย่าเพิ่งเข้าใจผิดขอรับ ที่ข้ามาเตือนเพราะเราลงเรือลำเดียวกันต่างหาก,,,BLOCKED_PENDING_REFERENCE_AUDIO,,triangle-strategy
456,MS10A_X17_C1_0010_M_ENG_0050.wav,MS10A_X17_C1_0010_M_ENG_0050,464,464,464,468,เทเนบริส,npc,male,tenebris,,ช่วงนี้กิจการของท่านเฟื่องฟูเกินหน้าเกินตา หากผู้ศักดิ์สิทธิ์ท่านอื่นรู้เข้า เดี๋ยวจะโดนหมายหัวเอานะขอรับ,,,BLOCKED_PENDING_REFERENCE_AUDIO,,triangle-strategy
457,MS10A_X17_C1_0010_M_ENG_0060.wav,MS10A_X17_C1_0010_M_ENG_0060,465,465,465,469,เทเนบริส,npc,male,tenebris,,มะ-ไม่อยู่แล้วขอรับ พวกเรามีชะตาร่วมกัน,,,BLOCKED_PENDING_REFERENCE_AUDIO,,triangle-strategy
458,MS10A_X17_C1_0010_M_ENG_0070.wav,MS10A_X17_C1_0010_M_ENG_0070,466,466,466,470,เทเนบริส,npc,male,tenebris,,ระวังตัวด้วยนะ ท่านรัฐมนตรี...,,,BLOCKED_PENDING_REFERENCE_AUDIO,,triangle-strategy
459,MS10A_X17_C1_0010_M_SLS_0010.wav,MS10A_X17_C1_0010_M_SLS_0010,467,467,467,471,Sorsley,npc,male,sorsley,assets/triangle-strategy/approved_voice_references/sorsley.wav,แหม เทเรบริสเองเหรอ ทำสีหน้ามืดมนตลอดเวลาเลยนะเนี่ย,,,PENDING_MANUAL_GENERATION,,triangle-strategy
460,MS10A_X17_C1_0010_M_SLS_0020.wav,MS10A_X17_C1_0010_M_SLS_0020,468,468,468,472,Sorsley,npc,male,sorsley,assets/triangle-strategy/approved_voice_references/sorsley.wav,ในเมื่อตอนนี้วูล์ฟฟอร์ตกำลังขนส่งเกลือให้เรา จะไม่ให้ข้ามีความสุขได้ยังไงล่ะ?,,,PENDING_MANUAL_GENERATION,,triangle-strategy
461,MS10A_X17_C1_0010_M_SLS_0030.wav,MS10A_X17_C1_0010_M_SLS_0030,469,469,469,473,Sorsley,npc,male,sorsley,assets/triangle-strategy/approved_voice_references/sorsley.wav,ตระกูลอันเลื่องลือแห่งสงครามซอลท์ไอรอนกำลังประจบประแจงข้าอยู่! น่าขันเสียจริง!,,,PENDING_MANUAL_GENERATION,,triangle-strategy
462,MS10A_X17_C1_0010_M_SLS_0040.wav,MS10A_X17_C1_0010_M_SLS_0040,470,470,470,474,Sorsley,npc,male,sorsley,assets/triangle-strategy/approved_voice_references/sorsley.wav,ถ้าพลาดก็แค่โบ้ยความผิดแล้วลงโทษพวกมัน ส่วนข้าก็จะรับเงินไปเต็มๆ,,,PENDING_MANUAL_GENERATION,,triangle-strategy
463,MS10A_X17_C1_0010_M_SLS_0050.wav,MS10A_X17_C1_0010_M_SLS_0050,471,471,471,475,Sorsley,npc,male,sorsley,assets/triangle-strategy/approved_voice_references/sorsley.wav,พูดจาราวกับเป็นปัญหาของข้าคนเดียวเลยนะ เทเนบริสเอ๋ย,,,PENDING_MANUAL_GENERATION,,triangle-strategy
464,MS10A_X17_C1_0010_M_SLS_0060.wav,MS10A_X17_C1_0010_M_SLS_0060,472,472,472,476,Sorsley,npc,male,sorsley,assets/triangle-strategy/approved_voice_references/sorsley.wav,แล้วเจ้าล่ะเทเนบริซ จะหมายหัวข้าด้วยไหม?,,,PENDING_MANUAL_GENERATION,,triangle-strategy
465,MS10A_X17_C1_0010_M_SLS_0070.wav,MS10A_X17_C1_0010_M_SLS_0070,473,473,473,477,Sorsley,npc,male,sorsley,assets/triangle-strategy/approved_voice_references/sorsley.wav,ดี ไปได้แล้ว,,,PENDING_MANUAL_GENERATION,,triangle-strategy
466,MS10A_X17_C1_0010_M_SLS_0080.wav,MS10A_X17_C1_0010_M_SLS_0080,474,474,474,478,Sorsley,npc,male,sorsley,assets/triangle-strategy/approved_voice_references/sorsley.wav,จะระวังทำไม? ข้าไม่เคยพลาด และจะไม่มีวันพลาด...,,,PENDING_MANUAL_GENERATION,,triangle-strategy
467,MS10A_X17_WD_0005_N_NNN_0010.wav,MS10A_X17_WD_0005_N_NNN_0010,475,475,475,479,Narrator,narrator,female,narrator,assets/triangle-strategy/approved_voice_references/narrator.wav,ชีวิตขององค์ชายโรแลนด์นั้นคือความลับอันทรงพลัง ซึ่งสามารถเปลี่ยนทิศทางการตัดสินใจของอาณาจักร แต่พวกเขาตัดสินใจที่จะปิดบังความลับเอาไว้อย่างระมัดระวัง,,,PENDING_MANUAL_GENERATION,,triangle-strategy
468,MS10A_X17_WD_0005_N_NNN_0020.wav,MS10A_X17_WD_0005_N_NNN_0020,476,476,476,480,Narrator,narrator,female,narrator,assets/triangle-strategy/approved_voice_references/narrator.wav,เซเรโนอากับมิตรสหายกลับไปเจรจากับสวาร็อคอีกสักครั้ง ทั้งๆ ที่ถูกหมายหัวว่าเป็นผู้ลงมือสังหารดราแกนก็ตาม,,,PENDING_MANUAL_GENERATION,,triangle-strategy
469,MS10A_X17_WD_0010_N_NNN_0010.wav,MS10A_X17_WD_0010_N_NNN_0010,477,477,477,481,Narrator,narrator,female,narrator,assets/triangle-strategy/approved_voice_references/narrator.wav,เซเรโนอานำส่งเกลือให้รัฐมนตรีสวาร็อคผู้ทรงอิทธิพลและร้องขอความช่วยเหลือจากเขา แต่สวาร็อคตอบปฏิเสธและไว้ชีวิตพวกเขาโดยมีเกลือเป็นราคาที่ต้องจ่าย,,,PENDING_MANUAL_GENERATION,,triangle-strategy
470,MS10A_X17_WD_0010_N_NNN_0020.wav,MS10A_X17_WD_0010_N_NNN_0020,478,478,478,482,Narrator,narrator,female,narrator,assets/triangle-strategy/approved_voice_references/narrator.wav,การซื้อขายที่ล้มเหลวทำให้พวกเขาสิ้นหวังและเป็นกังวล จนกระทั่งแคลรุสแห่งสมาคมนอร์เซเลียมอบความหวังให้พวกเขา ด้วยความเก่งกาจในสนามประลอง พวกเขาได้รับเงินมากกว่าที่ต้องการเพื่อชดใช้เกลือที่เสียไป,,,PENDING_MANUAL_GENERATION,,triangle-strategy
471,MS10A_X17_WD_0010_N_NNN_0030.wav,MS10A_X17_WD_0010_N_NNN_0030,479,479,479,483,Narrator,narrator,female,narrator,assets/triangle-strategy/approved_voice_references/narrator.wav,อำนาจของกุสตาดอล์ฟนานวันยิ่งทวีคูณขึ้น แต่วูล์ฟฟอร์ตไม่นิ่งนอนใจ พร้อมตามหาพันธมิตรเสริมทัพอย่างมั่นคง,,,PENDING_MANUAL_GENERATION,,triangle-strategy
472,MS10A_X17_WD_0010_N_NNN_0040.wav,MS10A_X17_WD_0010_N_NNN_0040,480,480,480,484,Narrator,narrator,female,narrator,assets/triangle-strategy/approved_voice_references/narrator.wav,หลังขนส่งเกลือผิดกฎหมายสู่เอสฟรอสต์ เซเรโนอาจึงเร่งรุดไปที่ไฮแซนต์,,,PENDING_MANUAL_GENERATION,,triangle-strategy
473,MS10A_X17_WD_0010_N_NNN_0050.wav,MS10A_X17_WD_0010_N_NNN_0050,481,481,481,485,Narrator,narrator,female,narrator,assets/triangle-strategy/approved_voice_references/narrator.wav,ซึ่งหัวหน้านักบวชเชิญชวนพวกเขาทั้งสองและ ซอสเลย์ เอนด์ ไปยังตำหนักของตน,,,PENDING_MANUAL_GENERATION,,triangle-strategy
474,MS10B_F01_C0_0010_M_EGS_0010.wav,MS10B_F01_C0_0010_M_EGS_0010,1,1,1,2,Exharme,npc,male,exharme,assets/triangle-strategy/approved_voice_references/exharme.wav,หากเอสฟรอสต์ทำลายเขตแดนของท่าน คงนับเป็นความเสียหายใหญ่หลวงเลยทีเดียว,,,PENDING_MANUAL_GENERATION,,triangle-strategy
475,MS10B_F01_C0_0010_M_IDO_0010.wav,MS10B_F01_C0_0010_M_IDO_0010,2,2,2,3,อีดอร์,npc,male,idore,,ลอร์ดเซเรโนอา ท่านว่าอย่างไรล่ะ?,,,BLOCKED_PENDING_REFERENCE_AUDIO,,triangle-strategy
476,MS10B_F01_C0_0010_M_IDO_0020.wav,MS10B_F01_C0_0010_M_IDO_0020,3,3,3,4,อีดอร์,npc,male,idore,,ข้าจะพูดตรงๆนะ พระองค์ประสงค์จะช่วยเหลือตระกูลวูล์ฟฟอร์ต,,,BLOCKED_PENDING_REFERENCE_AUDIO,,triangle-strategy
477,MS10B_F01_C0_0010_M_IDO_0030.wav,MS10B_F01_C0_0010_M_IDO_0030,4,4,4,5,อีดอร์,npc,male,idore,,พระองค์บอกข้าว่า ตำแหน่งเจ็ดผู้ศักดิ์สิทธิ์จะเป็นของท่านหากต้องการ,,,BLOCKED_PENDING_REFERENCE_AUDIO,,triangle-strategy
478,MS10B_F01_C0_0010_M_IDO_0040.wav,MS10B_F01_C0_0010_M_IDO_0040,5,5,5,6,อีดอร์,npc,male,idore,,แสดงว่าเรามีความเห็นตรงกันสินะ,,,BLOCKED_PENDING_REFERENCE_AUDIO,,triangle-strategy
479,MS10B_F01_C0_0010_M_IDO_0050.wav,MS10B_F01_C0_0010_M_IDO_0050,6,6,6,7,อีดอร์,npc,male,idore,,แต่พระองค์ มีเรื่องกังวลใจ,,,BLOCKED_PENDING_REFERENCE_AUDIO,,triangle-strategy
480,MS10B_F01_C0_0010_M_IDO_0060.wav,MS10B_F01_C0_0010_M_IDO_0060,7,7,7,8,อีดอร์,npc,male,idore,,ชาวโรเซลล์ในเขตแดนของท่านน่ะ...,,,BLOCKED_PENDING_REFERENCE_AUDIO,,triangle-strategy
481,MS10B_F01_C0_0010_M_IDO_0070.wav,MS10B_F01_C0_0010_M_IDO_0070,8,8,8,9,อีดอร์,npc,male,idore,,พวกเขาคือลูกหลานของเหล่าคนบาปผู้ดำรงอยู่ในนาเกลือ,,,BLOCKED_PENDING_REFERENCE_AUDIO,,triangle-strategy
482,MS10B_F01_C0_0010_M_IDO_0080.wav,MS10B_F01_C0_0010_M_IDO_0080,9,9,9,10,อีดอร์,npc,male,idore,,นั่นคือสถานที่ของพวกเขา หน้าที่ของพวกเขาคือการอุทิศตนแด่เทพธิดา เพื่อชำระบาปให้หมดสิ้นไป,,,BLOCKED_PENDING_REFERENCE_AUDIO,,triangle-strategy
483,MS10B_F01_C0_0010_M_IDO_0090.wav,MS10B_F01_C0_0010_M_IDO_0090,10,10,10,11,อีดอร์,npc,male,idore,,พระองค์ต้องการให้พวกเขากลับมาในสถานที่ที่พวกเขาควรอยู่,,,BLOCKED_PENDING_REFERENCE_AUDIO,,triangle-strategy
484,MS10B_F01_C0_0010_M_IDO_0100.wav,MS10B_F01_C0_0010_M_IDO_0100,11,11,11,12,อีดอร์,npc,male,idore,,มันไม่ใช่การตัดสินใจของข้า แต่เป็นเพียงคำพูดของพระองค์ที่ข้าเป็นสื่อกลางให้พวกท่านต่างหาก,,,BLOCKED_PENDING_REFERENCE_AUDIO,,triangle-strategy
485,MS10B_F01_C0_0010_M_KNS_0010.wav,MS10B_F01_C0_0010_M_KNS_0010,12,12,12,13,แคมเซลล์,npc,male,kamsell,,ตระกูลของท่านเป็นที่รู้จักกว้างขวางในนอร์เซเลีย และมีเขตปกครองที่สำคัญ,,,BLOCKED_PENDING_REFERENCE_AUDIO,,triangle-strategy
486,MS10B_F01_C0_0010_M_SEL_0010.wav,MS10B_F01_C0_0010_M_SEL_0010,13,13,13,14,Serenoa,main,male,serenoa,assets/triangle-strategy/approved_voice_references/serenoa.wav,คือ...,,,PENDING_MANUAL_GENERATION,,triangle-strategy
487,MS10B_F01_C0_0010_M_SEL_0020.wav,MS10B_F01_C0_0010_M_SEL_0020,14,14,14,15,Serenoa,main,male,serenoa,assets/triangle-strategy/approved_voice_references/serenoa.wav,ขอบคุณมากขอรับ ท่านหัวหน้านักบวช,,,PENDING_MANUAL_GENERATION,,triangle-strategy
488,MS10B_F01_C0_0010_M_SEL_0030.wav,MS10B_F01_C0_0010_M_SEL_0030,15,15,15,16,Serenoa,main,male,serenoa,assets/triangle-strategy/approved_voice_references/serenoa.wav,ถ้ามันทำให้บ้านเมืองของข้าสงบสุข ข้าจะขอน้อมรับมันไว้ขอรับ,,,PENDING_MANUAL_GENERATION,,triangle-strategy
489,MS10B_F01_C0_0010_M_SEL_0040.wav,MS10B_F01_C0_0010_M_SEL_0040,16,16,16,17,Serenoa,main,male,serenoa,assets/triangle-strategy/approved_voice_references/serenoa.wav,เรื่องใดขอรับ,,,PENDING_MANUAL_GENERATION,,triangle-strategy
490,MS10B_F01_C0_0010_M_SEL_0050.wav,MS10B_F01_C0_0010_M_SEL_0050,17,17,17,18,Serenoa,main,male,serenoa,assets/triangle-strategy/approved_voice_references/serenoa.wav,ท่านต้องการให้เราทรยศชาวโรเซลล์ที่เราปกป้องงั้นเหรอ?,,,PENDING_MANUAL_GENERATION,,triangle-strategy
491,MS10B_F01_C0_1010_F_LYL_0010.wav,MS10B_F01_C0_1010_F_LYL_0010,18,18,18,19,Lyla,npc,female,lyla,assets/triangle-strategy/approved_voice_references/lyla.wav,น่าสงสารจริง ซอสเลย์คงไปอยู่กับเทพธิดาแล้วสินะ,,,PENDING_MANUAL_GENERATION,,triangle-strategy
492,MS10B_F01_C0_1010_F_LYL_0020.wav,MS10B_F01_C0_1010_F_LYL_0020,19,19,19,20,Lyla,npc,female,lyla,assets/triangle-strategy/approved_voice_references/lyla.wav,ถ้ายังจะแพร่งพรายเรื่องโกหกเช่นนี้อยู่ ก็ระวังกรรมตามสนองแล้วกัน,,,PENDING_MANUAL_GENERATION,,triangle-strategy
493,MS10B_F01_C0_1010_F_LYL_0030.wav,MS10B_F01_C0_1010_F_LYL_0030,20,20,20,21,Lyla,npc,female,lyla,assets/triangle-strategy/approved_voice_references/lyla.wav,พูดตามตรงนะ ข้าประหลาดใจมากที่กรรมยังไม่สนองเจ้าเลยสักครั้ง,,,PENDING_MANUAL_GENERATION,,triangle-strategy
494,MS10B_F01_C0_1010_F_LYL_0040.wav,MS10B_F01_C0_1010_F_LYL_0040,21,21,21,22,Lyla,npc,female,lyla,assets/triangle-strategy/approved_voice_references/lyla.wav,เชิญเลยจ้ะ,,,PENDING_MANUAL_GENERATION,,triangle-strategy
495,MS10B_F01_C0_1010_F_LYL_0050.wav,MS10B_F01_C0_1010_F_LYL_0050,22,22,22,23,Lyla,npc,female,lyla,assets/triangle-strategy/approved_voice_references/lyla.wav,หากไม่มีข้า การวิจัยทั้งหมดก็เดินต่อไม่ได้ เพราะข้าฉลาดที่สุดแล้ว,,,PENDING_MANUAL_GENERATION,,triangle-strategy
496,MS10B_F01_C0_1010_F_LYL_0060.wav,MS10B_F01_C0_1010_F_LYL_0060,23,23,23,24,Lyla,npc,female,lyla,assets/triangle-strategy/approved_voice_references/lyla.wav,ระวังปากไว้เสียก็ดี อย่าลืมว่าเจ้าเป็นแค่เบี้ยของอีดอร์,,,PENDING_MANUAL_GENERATION,,triangle-strategy
497,MS10B_F01_C0_1010_F_LYL_0070.wav,MS10B_F01_C0_1010_F_LYL_0070,24,24,24,25,Lyla,npc,female,lyla,assets/triangle-strategy/approved_voice_references/lyla.wav,หึ สุดท้ายใครได้ผลประโยชน์กันล่ะ พวกเราล้วนเป็นเบี้ยเหมือนกันหมดนั่นแหละ,,,PENDING_MANUAL_GENERATION,,triangle-strategy
498,MS10B_F01_C0_1010_F_MIR_0010.wav,MS10B_F01_C0_1010_F_MIR_0010,25,25,25,26,ไมโล,npc,female,milo,,เขาได้รับการยืนยันว่าเสียชีวิตจากอุบัติเหตุเจ้าค่ะ,,,BLOCKED_PENDING_REFERENCE_AUDIO,,triangle-strategy
499,MS10B_F01_C0_1010_F_MIR_0020.wav,MS10B_F01_C0_1010_F_MIR_0020,26,26,26,27,ไมโล,npc,female,milo,,แล้วไม่ดีใจเหรอเจ้าคะ นายท่าน? ให้ข้าฟ้องอีดอร์เลยไหม?,,,BLOCKED_PENDING_REFERENCE_AUDIO,,triangle-strategy
500,MS10B_F01_C0_1010_F_MIR_0030.wav,MS10B_F01_C0_1010_F_MIR_0030,27,27,27,28,ไมโล,npc,female,milo,,จริงที่สุดเจ้าค่ะท่านรัฐมนตรี เมื่อกี้ข้าล้อเล่นเฉยๆ ท่านยิ้มสักหน่อยไม่ได้เลยเหรอเจ้าคะ?,,,BLOCKED_PENDING_REFERENCE_AUDIO,,triangle-strategy
501,MS10B_F01_C0_1010_F_MIR_0040.wav,MS10B_F01_C0_1010_F_MIR_0040,28,28,28,29,ไมโล,npc,female,milo,,ขออภัยที่เสียมารยาทเจ้าค่ะ,,,BLOCKED_PENDING_REFERENCE_AUDIO,,triangle-strategy
502,MS10B_F01_C0_1010_F_MIR_0050.wav,MS10B_F01_C0_1010_F_MIR_0050,29,29,29,30,ไมโล,npc,female,milo,,"ข้าจะไม่รบกวนเวลาทำงานวิจัยของท่านแล้ว ช่วยทำให้สำเร็จเพื่อ ""คนๆนั้น"" ด้วยนะเจ้าคะ",,,BLOCKED_PENDING_REFERENCE_AUDIO,,triangle-strategy
503,MS10B_F01_WD_0010_N_NNN_0010.wav,MS10B_F01_WD_0010_N_NNN_0010,30,30,30,31,Narrator,narrator,female,narrator,assets/triangle-strategy/approved_voice_references/narrator.wav,ในวันเดียวกัน ข่าวการเสียชีวิตของซอสเลย์ได้ประกาศก้องไปทั่วไฮแซนต์ รวมถึงจุดจบแห่งตระกูลเอนด์ด้วยเช่นกัน,,,PENDING_MANUAL_GENERATION,,triangle-strategy
504,MS10B_H01_C0_1010_M_EGS_0010.wav,MS10B_H01_C0_1010_M_EGS_0010,31,31,31,32,Exharme,npc,male,exharme,assets/triangle-strategy/approved_voice_references/exharme.wav,มีคนกำลังรับมือกับปัญหาเกลืออยู่สินะ,,,PENDING_MANUAL_GENERATION,,triangle-strategy
505,MS10B_H01_C0_1010_M_EGS_0020.wav,MS10B_H01_C0_1010_M_EGS_0020,32,32,32,33,Exharme,npc,male,exharme,assets/triangle-strategy/approved_voice_references/exharme.wav,พวกเขาแข็งแกร่ง ปรารถนาจะทำสิ่งถูกต้องเสมอ,,,PENDING_MANUAL_GENERATION,,triangle-strategy
506,MS10B_H01_C0_1010_M_EGS_0030.wav,MS10B_H01_C0_1010_M_EGS_0030,33,33,33,34,Exharme,npc,male,exharme,assets/triangle-strategy/approved_voice_references/exharme.wav,ซึ่งทำให้พวกเขาถูกควบคุมง่ายเช่นกัน,,,PENDING_MANUAL_GENERATION,,triangle-strategy
507,MS10B_H01_C0_1010_M_EGS_0040.wav,MS10B_H01_C0_1010_M_EGS_0040,34,34,34,35,Exharme,npc,male,exharme,assets/triangle-strategy/approved_voice_references/exharme.wav,วางแผนเหรอ? พูดซะข้าดูเสียเลย ข้าแค่กำลังทำเพื่อไฮแซนต์ที่ข้าหวงแหนต่างหาก,,,PENDING_MANUAL_GENERATION,,triangle-strategy
508,MS10B_H01_C0_1010_M_EGS_0050.wav,MS10B_H01_C0_1010_M_EGS_0050,35,35,35,36,Exharme,npc,male,exharme,assets/triangle-strategy/approved_voice_references/exharme.wav,อ้าว ทำไมงั้นล่ะท่าน?,,,PENDING_MANUAL_GENERATION,,triangle-strategy
509,MS10B_H01_C0_1010_M_EGS_0060.wav,MS10B_H01_C0_1010_M_EGS_0060,36,36,36,37,Exharme,npc,male,exharme,assets/triangle-strategy/approved_voice_references/exharme.wav,ถ้างั้นเรามารอดูการตัดสินใจครั้งถัดไปของวูล์ฟฟอร์ตอย่างสบายใจกันดีกว่า,,,PENDING_MANUAL_GENERATION,,triangle-strategy
510,MS10B_H01_C0_1010_M_KNS_0010.wav,MS10B_H01_C0_1010_M_KNS_0010,37,37,37,38,แคมเซลล์,npc,male,kamsell,,ตามที่ท่านคาดเลย! ไม่คิดนะเนี่ยว่าจะเป็นฝีมือวูล์ฟฟอร์ต,,,BLOCKED_PENDING_REFERENCE_AUDIO,,triangle-strategy
511,MS10B_H01_C0_1010_M_KNS_0020.wav,MS10B_H01_C0_1010_M_KNS_0020,38,38,38,39,แคมเซลล์,npc,male,kamsell,,วางแผนอะไรอีกล่ะคราวนี้?,,,BLOCKED_PENDING_REFERENCE_AUDIO,,triangle-strategy
512,MS10B_H01_C0_1010_M_KNS_0030.wav,MS10B_H01_C0_1010_M_KNS_0030,39,39,39,40,แคมเซลล์,npc,male,kamsell,,อย่าแกล้งโง่นักเลย ข้ารู้ว่ารัฐมนตรีอีดอร์กำลังจับตาดูท่านอยู่,,,BLOCKED_PENDING_REFERENCE_AUDIO,,triangle-strategy
513,MS10B_H01_C0_1010_M_KNS_0040.wav,MS10B_H01_C0_1010_M_KNS_0040,40,40,40,41,แคมเซลล์,npc,male,kamsell,,ท่านก็อย่าเหลิงไปหน่อยเลยดีกว่า ข้าไม่อยากเคารพนับถือคนเช่นนั้น,,,BLOCKED_PENDING_REFERENCE_AUDIO,,triangle-strategy
514,MS10B_H01_C0_1010_M_KNS_0050.wav,MS10B_H01_C0_1010_M_KNS_0050,41,41,41,42,แคมเซลล์,npc,male,kamsell,,ข้าไม่ขอพูดแล้วกัน,,,BLOCKED_PENDING_REFERENCE_AUDIO,,triangle-strategy
515,MS10B_H01_C0_1010_M_KNS_0060.wav,MS10B_H01_C0_1010_M_KNS_0060,42,42,42,43,แคมเซลล์,npc,male,kamsell,,เอาเป็นว่า หากเขาถูกเปิดโปงความผิดขึ้นมา...ข้าจะไม่รู้สึกเสียใจแม้แต่น้อย,,,BLOCKED_PENDING_REFERENCE_AUDIO,,triangle-strategy
516,MS10B_H01_RESEARCH_01_AFTER_F_ANA_0010.wav,MS10B_H01_RESEARCH_01_AFTER_F_ANA_0010,43,43,43,44,Anna,main,female,anna,assets/triangle-strategy/approved_voice_references/anna.wav,ซอสเลย์มันแสนรู้ มันไม่ยอมเผยธาตุแท้ให้เห็นง่ายๆหรอก,,,PENDING_MANUAL_GENERATION,,triangle-strategy
517,MS10B_H01_RESEARCH_01_AFTER_F_ANA_0020.wav,MS10B_H01_RESEARCH_01_AFTER_F_ANA_0020,44,44,44,45,Anna,main,female,anna,assets/triangle-strategy/approved_voice_references/anna.wav,ถ้างั้นก็เตรียมรับโทษข้อหาใส่ร้ายผู้อื่นได้เลยเจ้าค่ะ,,,PENDING_MANUAL_GENERATION,,triangle-strategy
518,MS10B_H01_RESEARCH_01_AFTER_F_ANA_0030.wav,MS10B_H01_RESEARCH_01_AFTER_F_ANA_0030,45,45,45,46,Anna,main,female,anna,assets/triangle-strategy/approved_voice_references/anna.wav,ข้ารู้ตำแหน่งเจ้าค่ะ,,,PENDING_MANUAL_GENERATION,,triangle-strategy
519,MS10B_H01_RESEARCH_01_AFTER_F_ANA_0040.wav,MS10B_H01_RESEARCH_01_AFTER_F_ANA_0040,46,46,46,47,Anna,main,female,anna,assets/triangle-strategy/approved_voice_references/anna.wav,เราไม่ควรไปตรวจค้นตำหนักเจ้าค่ะ,,,PENDING_MANUAL_GENERATION,,triangle-strategy
520,MS10B_H01_RESEARCH_01_AFTER_F_FRE_0010.wav,MS10B_H01_RESEARCH_01_AFTER_F_FRE_0010,47,47,47,48,Frederica,main,female,frederica,assets/triangle-strategy/approved_voice_references/frederica.wav,เบเนดิกต์พูดถูก เรามาทบทวนหาความจริงกันเถอะ,,,PENDING_MANUAL_GENERATION,,triangle-strategy
521,MS10B_H01_RESEARCH_01_AFTER_F_FRE_0020.wav,MS10B_H01_RESEARCH_01_AFTER_F_FRE_0020,48,48,48,49,Frederica,main,female,frederica,assets/triangle-strategy/approved_voice_references/frederica.wav,แน่นอนอยู่แล้วล่ะ มีผู้ทรยศอยู่ท่ามกลางเจ็ดผู้ศักดิ์สิทธิ์แห่งไฮแซนต์เสียเอง,,,PENDING_MANUAL_GENERATION,,triangle-strategy
522,MS10B_H01_RESEARCH_01_AFTER_F_FRE_0030.wav,MS10B_H01_RESEARCH_01_AFTER_F_FRE_0030,49,49,49,50,Frederica,main,female,frederica,assets/triangle-strategy/approved_voice_references/frederica.wav,แบบนั้นพระองค์ต้องให้อนุญาตเราก่อน ซึ่งเป็นไปไม่ได้หรอกเพราะข้าเป็นชาวโรเซลล์,,,PENDING_MANUAL_GENERATION,,triangle-strategy
523,MS10B_H01_RESEARCH_01_AFTER_F_FRE_0040.wav,MS10B_H01_RESEARCH_01_AFTER_F_FRE_0040,50,50,50,51,Frederica,main,female,frederica,assets/triangle-strategy/approved_voice_references/frederica.wav,ว่ากันว่าบัญชีนั้นถูกเก็บไว้ที่ค่ายพักเอนด์ ละแวกนาเกลือ,,,PENDING_MANUAL_GENERATION,,triangle-strategy
524,MS10B_H01_RESEARCH_01_AFTER_F_FRE_0050.wav,MS10B_H01_RESEARCH_01_AFTER_F_FRE_0050,51,51,51,52,Frederica,main,female,frederica,assets/triangle-strategy/approved_voice_references/frederica.wav,พวกเรารู้ว่ามีการขนส่งเกลือต้องสงสัย แต่นั่นไม่ถือว่าเป็นความผิดอยู่ดี เพราะเราตรวจสอบไม่ได้ว่านั่นเป็นเกลือผิดกฎหมายหรือเปล่า,,,PENDING_MANUAL_GENERATION,,triangle-strategy
525,MS10B_H01_RESEARCH_01_AFTER_F_FRE_0060.wav,MS10B_H01_RESEARCH_01_AFTER_F_FRE_0060,52,52,52,53,Frederica,main,female,frederica,assets/triangle-strategy/approved_voice_references/frederica.wav,เวลาจวนจะหมดแล้ว เราควรทำยังไงต่อดีล่ะ?,,,PENDING_MANUAL_GENERATION,,triangle-strategy
526,MS10B_H01_RESEARCH_01_AFTER_F_HEW_0010.wav,MS10B_H01_RESEARCH_01_AFTER_F_HEW_0010,53,53,53,54,Hughette,main,female,hughette,assets/triangle-strategy/approved_voice_references/hughette.wav,ท่านจะตามหาเรือที่หายไปอย่างไร้ร่องรอยยังไงเจ้าคะ? ถึงมันจะน่าสงสัย...แต่ข้าคิดว่าเราไปตามหาที่อื่นกันดีกว่า,,,PENDING_MANUAL_GENERATION,,triangle-strategy
527,MS10B_H01_RESEARCH_01_AFTER_F_HEW_0020.wav,MS10B_H01_RESEARCH_01_AFTER_F_HEW_0020,54,54,54,55,Hughette,main,female,hughette,assets/triangle-strategy/approved_voice_references/hughette.wav,ถ้างั้นค่ายพักเอนด์จะเป็นเป้าหมายหลักของเรานะเจ้าคะ แต่ว่ามันอันตรายเกินไป เราจะแอบเข้าค่ายยังไงดีล่ะ,,,PENDING_MANUAL_GENERATION,,triangle-strategy
528,MS10B_H01_RESEARCH_01_AFTER_F_YRA_0010.wav,MS10B_H01_RESEARCH_01_AFTER_F_YRA_0010,55,55,55,56,Geela,main,female,geela,assets/triangle-strategy/approved_voice_references/geela.wav,แม้จะเป็นเรื่องจริง แต่ข้าไม่คิดว่ามันเป็นข้อพิสูจน์ชัดเจนในเมื่อเอสฟรอสต์กำลังปกครองนครหลวงอยู่เจ้าค่ะ,,,PENDING_MANUAL_GENERATION,,triangle-strategy
529,MS10B_H01_RESEARCH_01_AFTER_F_YRA_0020.wav,MS10B_H01_RESEARCH_01_AFTER_F_YRA_0020,56,56,56,57,Geela,main,female,geela,assets/triangle-strategy/approved_voice_references/geela.wav,สมมุติถ้าเราแอบเข้าไปแล้วได้หลักฐานมา ไฮแซนต์ก็จะมองว่าเราเป็นศัตรู,,,PENDING_MANUAL_GENERATION,,triangle-strategy
530,MS10B_H01_RESEARCH_01_AFTER_F_YRA_0030.wav,MS10B_H01_RESEARCH_01_AFTER_F_YRA_0030,57,57,57,58,Geela,main,female,geela,assets/triangle-strategy/approved_voice_references/geela.wav,เหล่าขุนนางเกลนบรู๊คที่รับสินบนจากซอสเลย์ มีส่วนเกี่ยวข้องกับการค้าขายผิดกฎหมายหรือเปล่านะ?,,,PENDING_MANUAL_GENERATION,,triangle-strategy
531,MS10B_H01_RESEARCH_01_AFTER_F_YRA_0040.wav,MS10B_H01_RESEARCH_01_AFTER_F_YRA_0040,58,58,58,59,Geela,main,female,geela,assets/triangle-strategy/approved_voice_references/geela.wav,เรือสินค้าที่หายไปน่าสงสัยก็จริง แต่เราคงตามหามันไม่เจอหรอก,,,PENDING_MANUAL_GENERATION,,triangle-strategy
532,MS10B_H01_RESEARCH_01_AFTER_M_BND_0010.wav,MS10B_H01_RESEARCH_01_AFTER_M_BND_0010,59,59,59,60,Benedict,main,male,benedict,assets/triangle-strategy/approved_voice_references/benedict.wav,สุดท้ายความลับต้องถูกเปิดเผยในสักวัน เรามาตามหาความจริงจากหลักฐานที่เรามีกันดีกว่า,,,PENDING_MANUAL_GENERATION,,triangle-strategy
533,MS10B_H01_RESEARCH_01_AFTER_M_BND_0020.wav,MS10B_H01_RESEARCH_01_AFTER_M_BND_0020,60,60,60,61,Benedict,main,male,benedict,assets/triangle-strategy/approved_voice_references/benedict.wav,ลอร์ดเซเรโนอา หลักฐานที่เรามีตอนนี้ บ่งชี้ถึงสิ่งใดขอรับ?,,,PENDING_MANUAL_GENERATION,,triangle-strategy
534,MS10B_H01_RESEARCH_01_AFTER_M_BND_0030.wav,MS10B_H01_RESEARCH_01_AFTER_M_BND_0030,61,61,61,62,Benedict,main,male,benedict,assets/triangle-strategy/approved_voice_references/benedict.wav,เริ่มจากซอสเลย์กันก่อนดีกว่า เขามีความผิดอะไรขอรับ?,,,PENDING_MANUAL_GENERATION,,triangle-strategy
535,MS10B_H01_RESEARCH_01_AFTER_M_BND_0040.wav,MS10B_H01_RESEARCH_01_AFTER_M_BND_0040,62,62,62,63,Benedict,main,male,benedict,assets/triangle-strategy/approved_voice_references/benedict.wav,หากเราขอความช่วยเหลือจากผู้ศักดิ์สิทธิ์ทั้งหลายไม่สำเร็จ ข้าคิดว่าเราต้องร้องเรียนหัวหน้านักบวชโดยตรงแล้วล่ะ,,,PENDING_MANUAL_GENERATION,,triangle-strategy
536,MS10B_H01_RESEARCH_01_AFTER_M_BND_0050.wav,MS10B_H01_RESEARCH_01_AFTER_M_BND_0050,63,63,63,64,Benedict,main,male,benedict,assets/triangle-strategy/approved_voice_references/benedict.wav,เพื่อการนั้น พวกเราต้องหาหลักฐานมัดตัวซอสเลย์ให้ได้,,,PENDING_MANUAL_GENERATION,,triangle-strategy
537,MS10B_H01_RESEARCH_01_AFTER_M_BND_0060.wav,MS10B_H01_RESEARCH_01_AFTER_M_BND_0060,64,64,64,65,Benedict,main,male,benedict,assets/triangle-strategy/approved_voice_references/benedict.wav,การทำข้อมูลอย่างละเอียดเป็นสิ่งจำเป็น ข้าคิดว่ามีบัญชีนี้อยู่จริงแน่นอน,,,PENDING_MANUAL_GENERATION,,triangle-strategy
538,MS10B_H01_RESEARCH_01_AFTER_M_BND_0070.wav,MS10B_H01_RESEARCH_01_AFTER_M_BND_0070,65,65,65,66,Benedict,main,male,benedict,assets/triangle-strategy/approved_voice_references/benedict.wav,ถ้างั้นมาช่วยคิดกันหน่อย ว่าจะหาหลักฐานที่เราต้องการได้จากที่ไหน,,,PENDING_MANUAL_GENERATION,,triangle-strategy
539,MS10B_H01_RESEARCH_01_AFTER_M_BND_0080.wav,MS10B_H01_RESEARCH_01_AFTER_M_BND_0080,66,66,66,67,Benedict,main,male,benedict,assets/triangle-strategy/approved_voice_references/benedict.wav,ถูกต้องขอรับ ข้าหมายถึงค่ายพักในเมืองหลวงนะ ไม่ใช่แถวปราการแห่งผืนทราย,,,PENDING_MANUAL_GENERATION,,triangle-strategy
540,MS10B_H01_RESEARCH_01_AFTER_M_BND_0090.wav,MS10B_H01_RESEARCH_01_AFTER_M_BND_0090,67,67,67,68,Benedict,main,male,benedict,assets/triangle-strategy/approved_voice_references/benedict.wav,ซึ่งหมายความว่ามีบัญชีแยกประเภทสองเล่ม หลักฐานมัดตัวสำคัญที่เราต้องการ,,,PENDING_MANUAL_GENERATION,,triangle-strategy
541,MS10B_H01_RESEARCH_01_AFTER_M_BND_0100.wav,MS10B_H01_RESEARCH_01_AFTER_M_BND_0100,68,68,68,69,Benedict,main,male,benedict,assets/triangle-strategy/approved_voice_references/benedict.wav,อย่าลืมนะขอรับว่าเราตัดสินใจด้วยเหตุผลและการคาดเดา หากเราคิดผิด เราโดนตัดสินโทษแน่นอน,,,PENDING_MANUAL_GENERATION,,triangle-strategy
542,MS10B_H01_RESEARCH_01_AFTER_M_BND_0110.wav,MS10B_H01_RESEARCH_01_AFTER_M_BND_0110,69,69,69,70,Benedict,main,male,benedict,assets/triangle-strategy/approved_voice_references/benedict.wav,ข้าเชื่อว่าซอสเลย์ค้าเกลือผิดกฎหมายแน่นอน,,,PENDING_MANUAL_GENERATION,,triangle-strategy
543,MS10B_H01_RESEARCH_01_AFTER_M_BND_0120.wav,MS10B_H01_RESEARCH_01_AFTER_M_BND_0120,70,70,70,71,Benedict,main,male,benedict,assets/triangle-strategy/approved_voice_references/benedict.wav,แม้ว่าจะพยายามขนาดไหน แต่ข้าเกรงว่าเราไม่มีหลักฐานมากพอจะไปกล่าวหาเขาได้,,,PENDING_MANUAL_GENERATION,,triangle-strategy
544,MS10B_H01_RESEARCH_01_AFTER_M_ELA_0010.wav,MS10B_H01_RESEARCH_01_AFTER_M_ELA_0010,71,71,71,72,Erador,main,male,erador,assets/triangle-strategy/approved_voice_references/erador.wav,การขนส่งมันน่าสงสัย แล้วตัวสินค้าข้างในล่ะ? ท่านดูออกด้วยเหรอว่าเกลืออันไหนผิดกฎหมาย แค่นี้พิสูจน์อะไรไม่ได้หรอกขอรับ,,,PENDING_MANUAL_GENERATION,,triangle-strategy
545,MS10B_H01_RESEARCH_01_AFTER_M_ELA_0020.wav,MS10B_H01_RESEARCH_01_AFTER_M_ELA_0020,72,72,72,73,Erador,main,male,erador,assets/triangle-strategy/approved_voice_references/erador.wav,ปัญหาคือเราไม่มีหลักฐานพิสูจน์อะไรเลยน่ะสิ,,,PENDING_MANUAL_GENERATION,,triangle-strategy
546,MS10B_H01_RESEARCH_01_AFTER_M_RLN_0010.wav,MS10B_H01_RESEARCH_01_AFTER_M_RLN_0010,73,73,73,74,Roland,main,male,roland,assets/triangle-strategy/approved_voice_references/roland.wav,เป็นไงบ้าง? ได้ข่าวคราวอะไรมาบ้างไหม?,,,PENDING_MANUAL_GENERATION,,triangle-strategy
547,MS10B_H01_RESEARCH_01_AFTER_M_RLN_0020.wav,MS10B_H01_RESEARCH_01_AFTER_M_RLN_0020,74,74,74,75,Roland,main,male,roland,assets/triangle-strategy/approved_voice_references/roland.wav,นี่ข้าไม่รู้เรื่องขุนนางพวกนี้ในอาณาจักรตัวเองได้ยังไงกัน?,,,PENDING_MANUAL_GENERATION,,triangle-strategy
548,MS10B_H01_RESEARCH_01_AFTER_M_RLN_0030.wav,MS10B_H01_RESEARCH_01_AFTER_M_RLN_0030,75,75,75,76,Roland,main,male,roland,assets/triangle-strategy/approved_voice_references/roland.wav,ก็แน่สิ เขาต้องจัดการบัญชีอย่างรอบคอบอยู่แล้ว เพื่อไม่ให้ผู้อื่นสงสัย,,,PENDING_MANUAL_GENERATION,,triangle-strategy
549,MS10B_H01_RESEARCH_01_AFTER_M_RLN_0040.wav,MS10B_H01_RESEARCH_01_AFTER_M_RLN_0040,76,76,76,77,Roland,main,male,roland,assets/triangle-strategy/approved_voice_references/roland.wav,ถ้างั้นเราก็แอบไปเอามาสิ!,,,PENDING_MANUAL_GENERATION,,triangle-strategy
550,MS10B_H01_RESEARCH_01_AFTER_M_RLN_0050.wav,MS10B_H01_RESEARCH_01_AFTER_M_RLN_0050,77,77,77,78,Roland,main,male,roland,assets/triangle-strategy/approved_voice_references/roland.wav,พวกเรารู้ว่าบัญชีแยกประเภทนั่น บันทึกประวัติการซื้อขายเกลือผิดกฎหมายไว้,,,PENDING_MANUAL_GENERATION,,triangle-strategy
551,MS10B_H01_RESEARCH_01_AFTER_M_RLN_0060.wav,MS10B_H01_RESEARCH_01_AFTER_M_RLN_0060,78,78,78,79,Roland,main,male,roland,assets/triangle-strategy/approved_voice_references/roland.wav,และซอสเลย์ก็จะรู้เรื่องของเราในอีกไม่ช้า,,,PENDING_MANUAL_GENERATION,,triangle-strategy
552,MS10B_H01_RESEARCH_01_AFTER_M_SEL_0020.wav,MS10B_H01_RESEARCH_01_AFTER_M_SEL_0020,79,79,79,80,Serenoa,main,male,serenoa,assets/triangle-strategy/approved_voice_references/serenoa.wav,เขาขายเกลือผิดกฎหมาย,,,PENDING_MANUAL_GENERATION,,triangle-strategy
553,MS10B_H01_RESEARCH_01_AFTER_M_SEL_0030.wav,MS10B_H01_RESEARCH_01_AFTER_M_SEL_0030,80,80,80,81,Serenoa,main,male,serenoa,assets/triangle-strategy/approved_voice_references/serenoa.wav,เขาติดสินบนเหล่าขุนนางในเกลนบรู๊คโดยที่เราไม่รู้ตัว,,,PENDING_MANUAL_GENERATION,,triangle-strategy
554,MS10B_H01_RESEARCH_01_AFTER_M_SEL_0050.wav,MS10B_H01_RESEARCH_01_AFTER_M_SEL_0050,81,81,81,82,Serenoa,main,male,serenoa,assets/triangle-strategy/approved_voice_references/serenoa.wav,น่าเสียดายที่เราไม่มีหลักฐานมัดตัวเขาเลย,,,PENDING_MANUAL_GENERATION,,triangle-strategy
555,MS10B_H01_RESEARCH_01_AFTER_M_SEL_0060.wav,MS10B_H01_RESEARCH_01_AFTER_M_SEL_0060,82,82,82,83,Serenoa,main,male,serenoa,assets/triangle-strategy/approved_voice_references/serenoa.wav,แคลรุสบอกว่าเขามีสมุดบัญชีลับน่ะ,,,PENDING_MANUAL_GENERATION,,triangle-strategy
556,MS10B_H01_RESEARCH_01_AFTER_M_SEL_0070.wav,MS10B_H01_RESEARCH_01_AFTER_M_SEL_0070,83,83,83,84,Serenoa,main,male,serenoa,assets/triangle-strategy/approved_voice_references/serenoa.wav,มีการขนส่งเกลือที่น่าสงสัยอยู่ขอรับ ถ้าเราจี้ประเด็นนี้ล่ะก็-,,,PENDING_MANUAL_GENERATION,,triangle-strategy
557,MS10B_H01_RESEARCH_01_AFTER_M_SEL_0090.wav,MS10B_H01_RESEARCH_01_AFTER_M_SEL_0090,84,84,84,85,Serenoa,main,male,serenoa,assets/triangle-strategy/approved_voice_references/serenoa.wav,เราไปตรวจค้นตำหนักหัวหน้านักบวชกันเถอะ,,,PENDING_MANUAL_GENERATION,,triangle-strategy
558,MS10B_H01_RESEARCH_01_AFTER_M_SEL_0100.wav,MS10B_H01_RESEARCH_01_AFTER_M_SEL_0100,85,85,85,86,Serenoa,main,male,serenoa,assets/triangle-strategy/approved_voice_references/serenoa.wav,เรามาตามหาเรือสินค้าที่หายไปกันเถอะ,,,PENDING_MANUAL_GENERATION,,triangle-strategy
559,MS10B_H01_RESEARCH_01_AFTER_M_SEL_0110.wav,MS10B_H01_RESEARCH_01_AFTER_M_SEL_0110,86,86,86,87,Serenoa,main,male,serenoa,assets/triangle-strategy/approved_voice_references/serenoa.wav,ซึ่งเจ้าหมายถึงที่ค่ายพักซอสเลย์เหรอ?,,,PENDING_MANUAL_GENERATION,,triangle-strategy
560,MS10B_H01_RESEARCH_01_AFTER_M_SEL_0120.wav,MS10B_H01_RESEARCH_01_AFTER_M_SEL_0120,87,87,87,88,Serenoa,main,male,serenoa,assets/triangle-strategy/approved_voice_references/serenoa.wav,สรุปสั้นๆก็คือ...,,,PENDING_MANUAL_GENERATION,,triangle-strategy
561,MS10B_H01_RESEARCH_01_AFTER_M_SEL_0130.wav,MS10B_H01_RESEARCH_01_AFTER_M_SEL_0130,88,88,88,89,Serenoa,main,male,serenoa,assets/triangle-strategy/approved_voice_references/serenoa.wav,ซอสเลย์ค้าเกลือผิดกฎหมาย ทำลายความเชื่อใจของหัวหน้านักบวช,,,PENDING_MANUAL_GENERATION,,triangle-strategy
562,MS10B_H01_RESEARCH_01_AFTER_M_SEL_0135.wav,MS10B_H01_RESEARCH_01_AFTER_M_SEL_0135,89,89,89,90,Serenoa,main,male,serenoa,assets/triangle-strategy/approved_voice_references/serenoa.wav,ตระกูลเอนด์ดูแลการซื้อขายอย่างใกล้ชิด และสั่งให้ปิดไว้เป็นความลับ,,,PENDING_MANUAL_GENERATION,,triangle-strategy
563,MS10B_H01_RESEARCH_01_AFTER_M_SEL_0140.wav,MS10B_H01_RESEARCH_01_AFTER_M_SEL_0140,90,90,90,91,Serenoa,main,male,serenoa,assets/triangle-strategy/approved_voice_references/serenoa.wav,ข้าเข้าใจ,,,PENDING_MANUAL_GENERATION,,triangle-strategy
564,MS10B_H01_RESEARCH_01_AFTER_M_SEL_0150.wav,MS10B_H01_RESEARCH_01_AFTER_M_SEL_0150,91,91,91,92,Serenoa,main,male,serenoa,assets/triangle-strategy/approved_voice_references/serenoa.wav,แต่ตอนนี้วูล์ฟฟอร์ตกำลังเสี่ยงตาย และข้าไม่ยอมให้ตระกูลเราล่มสลายด้วยการนิ่งเฉยหรอกนะ,,,PENDING_MANUAL_GENERATION,,triangle-strategy
565,MS10B_H01_RESEARCH_01_AFTER_M_SEL_0160.wav,MS10B_H01_RESEARCH_01_AFTER_M_SEL_0160,92,92,92,93,Serenoa,main,male,serenoa,assets/triangle-strategy/approved_voice_references/serenoa.wav,ถึงเราจะไม่มีหลักฐาน แต่ข้าคิดว่าเราควรไปคุยเรื่องนี้กับแคมเซลล์อีกสักครั้ง,,,PENDING_MANUAL_GENERATION,,triangle-strategy
566,MS10B_H01_RESEARCH_01_BEFORE_F_HEW_0010.wav,MS10B_H01_RESEARCH_01_BEFORE_F_HEW_0010,93,93,93,94,Hughette,main,female,hughette,assets/triangle-strategy/approved_voice_references/hughette.wav,ยังเลยเจ้าค่ะ,,,PENDING_MANUAL_GENERATION,,triangle-strategy
567,MS10B_H01_RESEARCH_01_BEFORE_F_YRA_0010.wav,MS10B_H01_RESEARCH_01_BEFORE_F_YRA_0010,94,94,94,95,Geela,main,female,geela,assets/triangle-strategy/approved_voice_references/geela.wav,ข้านี่อยากจะเป็นอาร์ชดยุกเสียจริง เขารู้ตัวบ้างไหมว่ากำลังขออะไรจากเราอยู่? พวกเราไม่มีเบาะแสซะหน่อย!,,,PENDING_MANUAL_GENERATION,,triangle-strategy
568,MS10B_H01_RESEARCH_01_BEFORE_M_BND_0010.wav,MS10B_H01_RESEARCH_01_BEFORE_M_BND_0010,95,95,95,96,Benedict,main,male,benedict,assets/triangle-strategy/approved_voice_references/benedict.wav,ซอสเลย์ฆ่าพวกเราแน่ ถ้ารู้ว่าตัวเองกำลังถูกกล่าวหา,,,PENDING_MANUAL_GENERATION,,triangle-strategy
569,MS10B_H01_RESEARCH_01_BEFORE_M_BND_0020.wav,MS10B_H01_RESEARCH_01_BEFORE_M_BND_0020,96,96,96,97,Benedict,main,male,benedict,assets/triangle-strategy/approved_voice_references/benedict.wav,ถอยกลับไม่ได้แล้วขอรับ ต้องรีบแล้ว,,,PENDING_MANUAL_GENERATION,,triangle-strategy
570,MS10B_H01_RESEARCH_01_BEFORE_M_BND_0030.wav,MS10B_H01_RESEARCH_01_BEFORE_M_BND_0030,97,97,97,98,Benedict,main,male,benedict,assets/triangle-strategy/approved_voice_references/benedict.wav,พวกเราต้องหาหลักฐานมัดตัว ตามที่รัฐมนตรีแคมเซลล์ขอไว้,,,PENDING_MANUAL_GENERATION,,triangle-strategy
571,MS10B_H01_RESEARCH_01_BEFORE_M_BND_0040.wav,MS10B_H01_RESEARCH_01_BEFORE_M_BND_0040,98,98,98,99,Benedict,main,male,benedict,assets/triangle-strategy/approved_voice_references/benedict.wav,ข้าอยากให้เขาอยู่เคียงข้างเรานะ แต่ตอนนี้เวลาไม่เหลือแล้ว เราต้องตามหาหลักฐานและพิสูจน์ด้วยตัวเอง,,,PENDING_MANUAL_GENERATION,,triangle-strategy
572,MS10B_H01_RESEARCH_01_BEFORE_M_BND_0050.wav,MS10B_H01_RESEARCH_01_BEFORE_M_BND_0050,99,99,99,100,Benedict,main,male,benedict,assets/triangle-strategy/approved_voice_references/benedict.wav,การขนส่งเกลือถูกควบคุมอย่างเคร่งครัด ข้อมูลการซื้อขายนั้นเป็นจริงเสมอ,,,PENDING_MANUAL_GENERATION,,triangle-strategy
573,MS10B_H01_RESEARCH_01_BEFORE_M_BND_0060.wav,MS10B_H01_RESEARCH_01_BEFORE_M_BND_0060,100,100,100,101,Benedict,main,male,benedict,assets/triangle-strategy/approved_voice_references/benedict.wav,หากการค้าผิดกฎหมายเกิดขึ้นจริง ต้องมีคนแก้ข้อมูลในบัญชีเป็นแน่,,,PENDING_MANUAL_GENERATION,,triangle-strategy
574,MS10B_H01_RESEARCH_01_BEFORE_M_BND_0070.wav,MS10B_H01_RESEARCH_01_BEFORE_M_BND_0070,101,101,101,102,Benedict,main,male,benedict,assets/triangle-strategy/approved_voice_references/benedict.wav,เห็นด้วยขอรับ เราแยกกันหาเบาะแสดีกว่า,,,PENDING_MANUAL_GENERATION,,triangle-strategy
575,MS10B_H01_RESEARCH_01_BEFORE_M_SEL_0010.wav,MS10B_H01_RESEARCH_01_BEFORE_M_SEL_0010,102,102,102,103,Serenoa,main,male,serenoa,assets/triangle-strategy/approved_voice_references/serenoa.wav,เราจะทำยังไงกันดี?,,,PENDING_MANUAL_GENERATION,,triangle-strategy
576,MS10B_H01_RESEARCH_01_BEFORE_M_SEL_0020.wav,MS10B_H01_RESEARCH_01_BEFORE_M_SEL_0020,103,103,103,104,Serenoa,main,male,serenoa,assets/triangle-strategy/approved_voice_references/serenoa.wav,แล้วเจ้าติดต่อรัฐมนตรีเอกซ์เฮมหรือยัง?,,,PENDING_MANUAL_GENERATION,,triangle-strategy
577,MS10B_H01_RESEARCH_01_BEFORE_M_SEL_0030.wav,MS10B_H01_RESEARCH_01_BEFORE_M_SEL_0030,104,104,104,105,Serenoa,main,male,serenoa,assets/triangle-strategy/approved_voice_references/serenoa.wav,พวกเราจะรวบรวมข้อมูลของซอสเลย์ จนกว่าจะพบหลักฐานที่เราต้องการ,,,PENDING_MANUAL_GENERATION,,triangle-strategy
578,MS10B_H01_RESEARCH_01_BEFORE_M_SEL_0040.wav,MS10B_H01_RESEARCH_01_BEFORE_M_SEL_0040,105,105,105,106,Serenoa,main,male,serenoa,assets/triangle-strategy/approved_voice_references/serenoa.wav,เรามาสำรวจเมืองหาหลักฐานกันเถอะ,,,PENDING_MANUAL_GENERATION,,triangle-strategy
579,MS10B_H01_WD_0010_N_NNN_0010.wav,MS10B_H01_WD_0010_N_NNN_0010,106,106,106,107,Narrator,narrator,female,narrator,assets/triangle-strategy/approved_voice_references/narrator.wav,ตระกูลวูล์ฟฟอร์ตผู้ต้องการเปิดโปงการค้าผิดกฎหมายแห่งตระกูลเอนด์ ได้ตอบโต้การจู่โจมของบุ๊กเกอร์และเข้าเมืองได้สำเร็จ,,,PENDING_MANUAL_GENERATION,,triangle-strategy
580,MS10B_H01_WD_0010_N_NNN_0020.wav,MS10B_H01_WD_0010_N_NNN_0020,107,107,107,108,Narrator,narrator,female,narrator,assets/triangle-strategy/approved_voice_references/narrator.wav,น่าเสียดายที่แคมเซลล์ หนึ่งในเจ็ดผู้ศักดิ์สิทธิ์ ชี้แจงว่าเราไม่สามารถร้องเรียนเขาได้หากไม่มีหลักฐานมัดตัวซอสเลย์,,,PENDING_MANUAL_GENERATION,,triangle-strategy
581,MS10B_X18_BATTLE_01_AFTER_M_BND_0010.wav,MS10B_X18_BATTLE_01_AFTER_M_BND_0010,108,108,108,109,Benedict,main,male,benedict,assets/triangle-strategy/approved_voice_references/benedict.wav,จริงขอรับ ตอนนี้พวกเรารอฟังคำตัดสินจากหัวหน้านักบวชกันดีกว่า,,,PENDING_MANUAL_GENERATION,,triangle-strategy
582,MS10B_X18_BATTLE_01_AFTER_M_EGS_0010.wav,MS10B_X18_BATTLE_01_AFTER_M_EGS_0010,109,109,109,110,Exharme,npc,male,exharme,assets/triangle-strategy/approved_voice_references/exharme.wav,ทำตัวมีพิรุธเหลือเกิน รัฐมนตรีซอสเลย์,,,PENDING_MANUAL_GENERATION,,triangle-strategy
583,MS10B_X18_BATTLE_01_AFTER_M_EGS_0020.wav,MS10B_X18_BATTLE_01_AFTER_M_EGS_0020,110,110,110,111,Exharme,npc,male,exharme,assets/triangle-strategy/approved_voice_references/exharme.wav,แต่สายไปแล้วล่ะ มีใครบางคนฮุบสมบัติของท่านไปหมดแล้ว,,,PENDING_MANUAL_GENERATION,,triangle-strategy
584,MS10B_X18_BATTLE_01_AFTER_M_EGS_0030.wav,MS10B_X18_BATTLE_01_AFTER_M_EGS_0030,111,111,111,112,Exharme,npc,male,exharme,assets/triangle-strategy/approved_voice_references/exharme.wav,มันจำเป็นต่อการปกป้องไฮแซนต์น่ะ แต่ขอยกความดีความชอบให้ท่านเลยนะ รัฐมนตรีแคมเซลล์,,,PENDING_MANUAL_GENERATION,,triangle-strategy
585,MS10B_X18_BATTLE_01_AFTER_M_EGS_0040.wav,MS10B_X18_BATTLE_01_AFTER_M_EGS_0040,112,112,112,113,Exharme,npc,male,exharme,assets/triangle-strategy/approved_voice_references/exharme.wav,พวกท่านเองก็ทำดีมากเช่นกัน คุ้มค่ายารักษาที่ข้าเคยมอบให้ท่านจริงๆ,,,PENDING_MANUAL_GENERATION,,triangle-strategy
586,MS10B_X18_BATTLE_01_AFTER_M_ELA_0010.wav,MS10B_X18_BATTLE_01_AFTER_M_ELA_0010,113,113,113,114,Erador,main,male,erador,assets/triangle-strategy/approved_voice_references/erador.wav,นี่เราตกอยู่ในเงื้อมมือของเขาแล้วเหรอเนี่ย?,,,PENDING_MANUAL_GENERATION,,triangle-strategy
587,MS10B_X18_BATTLE_01_AFTER_M_KNS_0010.wav,MS10B_X18_BATTLE_01_AFTER_M_KNS_0010,114,114,114,115,แคมเซลล์,npc,male,kamsell,,ที่โวยวายกันเพราะบัญชีเจ้าปัญหาเล่มนี้เองเหรอเนี่ย,,,BLOCKED_PENDING_REFERENCE_AUDIO,,triangle-strategy
588,MS10B_X18_BATTLE_01_AFTER_M_KNS_0020.wav,MS10B_X18_BATTLE_01_AFTER_M_KNS_0020,115,115,115,116,แคมเซลล์,npc,male,kamsell,,ถูกของท่าน แต่การผดุงธรรมก็เป็นหน้าที่ของข้าเช่นกัน,,,BLOCKED_PENDING_REFERENCE_AUDIO,,triangle-strategy
589,MS10B_X18_BATTLE_01_AFTER_M_KNS_0030.wav,MS10B_X18_BATTLE_01_AFTER_M_KNS_0030,116,116,116,117,แคมเซลล์,npc,male,kamsell,,งั้นเหรอ? ขอเก็บไปดูอีกทีก็แล้วกันนะ,,,BLOCKED_PENDING_REFERENCE_AUDIO,,triangle-strategy
590,MS10B_X18_BATTLE_01_AFTER_M_KNS_0040.wav,MS10B_X18_BATTLE_01_AFTER_M_KNS_0040,117,117,117,118,แคมเซลล์,npc,male,kamsell,,ท่านเป็นคนส่งข่าวให้ข้าเองเหรอ?,,,BLOCKED_PENDING_REFERENCE_AUDIO,,triangle-strategy
591,MS10B_X18_BATTLE_01_AFTER_M_KNS_0050.wav,MS10B_X18_BATTLE_01_AFTER_M_KNS_0050,118,118,118,119,แคมเซลล์,npc,male,kamsell,,ฮึ่ม ถ้างั้น...ขอเอากลับไปด้วยก็แล้วกัน,,,BLOCKED_PENDING_REFERENCE_AUDIO,,triangle-strategy
592,MS10B_X18_BATTLE_01_AFTER_M_SEL_0010.wav,MS10B_X18_BATTLE_01_AFTER_M_SEL_0010,119,119,119,120,Serenoa,main,male,serenoa,assets/triangle-strategy/approved_voice_references/serenoa.wav,เรามีหลักฐานครบแล้ว รีบไปหารัฐมนตรีแคมเซลล์กันเถอะ,,,PENDING_MANUAL_GENERATION,,triangle-strategy
593,MS10B_X18_BATTLE_01_AFTER_M_SEL_0020.wav,MS10B_X18_BATTLE_01_AFTER_M_SEL_0020,120,120,120,121,Serenoa,main,male,serenoa,assets/triangle-strategy/approved_voice_references/serenoa.wav,แล้วข้าเป็นลูกน้องของท่านตั้งแต่เมื่อไหร่กัน?,,,PENDING_MANUAL_GENERATION,,triangle-strategy
594,MS10B_X18_BATTLE_01_AFTER_M_SEL_0030.wav,MS10B_X18_BATTLE_01_AFTER_M_SEL_0030,121,121,121,122,Serenoa,main,male,serenoa,assets/triangle-strategy/approved_voice_references/serenoa.wav,นี่ขอรับ ท่านรัฐมนตรี,,,PENDING_MANUAL_GENERATION,,triangle-strategy
595,MS10B_X18_BATTLE_01_AFTER_M_SEL_0040.wav,MS10B_X18_BATTLE_01_AFTER_M_SEL_0040,122,122,122,123,Serenoa,main,male,serenoa,assets/triangle-strategy/approved_voice_references/serenoa.wav,ข้อมูลบัญชีข้างใน จะทำให้ท่านได้รู้แจ้งแน่นอน,,,PENDING_MANUAL_GENERATION,,triangle-strategy
596,MS10B_X18_BATTLE_01_AFTER_M_SEL_0050.wav,MS10B_X18_BATTLE_01_AFTER_M_SEL_0050,123,123,123,124,Serenoa,main,male,serenoa,assets/triangle-strategy/approved_voice_references/serenoa.wav,ก็อาจจะ แต่สุดท้ายก็ซื้อใจไฮแซนต์ได้นะท่าน,,,PENDING_MANUAL_GENERATION,,triangle-strategy
597,MS10B_X18_BATTLE_01_AFTER_M_SEL_0060.wav,MS10B_X18_BATTLE_01_AFTER_M_SEL_0060,124,124,124,125,Serenoa,main,male,serenoa,assets/triangle-strategy/approved_voice_references/serenoa.wav,ซึ่งข้าคิดว่ามันล้ำค่ายิ่งกว่าทองคำเสียอีก,,,PENDING_MANUAL_GENERATION,,triangle-strategy
598,MS10B_X18_BATTLE_01_AFTER_M_SLS_0010.wav,MS10B_X18_BATTLE_01_AFTER_M_SLS_0010,125,125,125,126,Sorsley,npc,male,sorsley,assets/triangle-strategy/approved_voice_references/sorsley.wav,จะไปไหนล่ะวูล์ฟฟอร์ต? เจ้านายอย่างข้าไม่ปล่อยคนทรยศให้ลอยนวลหรอกนะ!,,,PENDING_MANUAL_GENERATION,,triangle-strategy
599,MS10B_X18_BATTLE_01_AFTER_M_SLS_0020.wav,MS10B_X18_BATTLE_01_AFTER_M_SLS_0020,126,126,126,127,Sorsley,npc,male,sorsley,assets/triangle-strategy/approved_voice_references/sorsley.wav,ไอ้สารเลว! จะส่งบัญชีให้ข้าดีๆ หรือจะส่งด้วยน้ำตา!,,,PENDING_MANUAL_GENERATION,,triangle-strategy
600,MS10B_X18_BATTLE_01_AFTER_M_SLS_0030.wav,MS10B_X18_BATTLE_01_AFTER_M_SLS_0030,127,127,127,128,Sorsley,npc,male,sorsley,assets/triangle-strategy/approved_voice_references/sorsley.wav,แคมเซลล์! ท่านมาทำอะไรที่นี่เนี่ย!? ค่ายทหารนี้เป็นของข้านะ!,,,PENDING_MANUAL_GENERATION,,triangle-strategy
601,MS10B_X18_BATTLE_01_AFTER_M_SLS_0040.wav,MS10B_X18_BATTLE_01_AFTER_M_SLS_0040,128,128,128,129,Sorsley,npc,male,sorsley,assets/triangle-strategy/approved_voice_references/sorsley.wav,หยุด! ปิดบัญชีนั่นซะ! มีสิทธิอะไรมายุ่งเรื่องของข้า!?,,,PENDING_MANUAL_GENERATION,,triangle-strategy
602,MS10B_X18_BATTLE_01_AFTER_M_SLS_0050.wav,MS10B_X18_BATTLE_01_AFTER_M_SLS_0050,129,129,129,130,Sorsley,npc,male,sorsley,assets/triangle-strategy/approved_voice_references/sorsley.wav,เอกซ์เฮม! ฝีมือแกเองเหรอ!?,,,PENDING_MANUAL_GENERATION,,triangle-strategy
603,MS10B_X18_BATTLE_01_AFTER_M_SLS_0060.wav,MS10B_X18_BATTLE_01_AFTER_M_SLS_0060,130,130,130,131,Sorsley,npc,male,sorsley,assets/triangle-strategy/approved_voice_references/sorsley.wav,ไอ้...ไอ้นกสองหัว!,,,PENDING_MANUAL_GENERATION,,triangle-strategy
604,MS10B_X18_BATTLE_01_BEFORE_M_BND_0020.wav,MS10B_X18_BATTLE_01_BEFORE_M_BND_0020,131,131,131,132,Benedict,main,male,benedict,assets/triangle-strategy/approved_voice_references/benedict.wav,มันถูกประทับไว้ด้วยตราแห่งตระกูลเอนด์อย่างชัดเจน คนเจ้าสำนวนเช่นเขาคงหาข้อแก้ตัวไม่ได้แน่นอน,,,PENDING_MANUAL_GENERATION,,triangle-strategy
605,MS10B_X18_BATTLE_01_BEFORE_M_BND_0030.wav,MS10B_X18_BATTLE_01_BEFORE_M_BND_0030,132,132,132,133,Benedict,main,male,benedict,assets/triangle-strategy/approved_voice_references/benedict.wav,คนหลอกมักถูกหลอกเสียเองขอรับนายท่าน,,,PENDING_MANUAL_GENERATION,,triangle-strategy
606,MS10B_X18_BATTLE_01_BEFORE_M_BND_0040.wav,MS10B_X18_BATTLE_01_BEFORE_M_BND_0040,133,133,133,134,Benedict,main,male,benedict,assets/triangle-strategy/approved_voice_references/benedict.wav,นึกอยู่แล้วว่าเขาจะเก็บบัญชีเหล่านี้ไว้เอง สงสัยไม่อยากจะแบ่งเงินให้ใครสินะ,,,PENDING_MANUAL_GENERATION,,triangle-strategy
607,MS10B_X18_BATTLE_01_BEFORE_M_MB101_0010.wav,MS10B_X18_BATTLE_01_BEFORE_M_MB101_0010,134,134,134,135,คนของซอสเลย์,generic,male,MALE_ADULT_C,assets/triangle-strategy/approved_voice_references/MALE_ADULT_C.wav,หยุดเดี๋ยวนี้! ผู้บุกรุก!,,,PENDING_MANUAL_GENERATION,,triangle-strategy
608,MS10B_X18_BATTLE_01_BEFORE_M_MB101_0020.wav,MS10B_X18_BATTLE_01_BEFORE_M_MB101_0020,135,135,135,136,คนของซอสเลย์,generic,male,MALE_ADULT_C,assets/triangle-strategy/approved_voice_references/MALE_ADULT_C.wav,ห้ามผู้ใดแตะต้องบัญชีนั่น ยกเว้นรัฐมนตรีซอสเลย์เพียงผู้เดียว!,,,PENDING_MANUAL_GENERATION,,triangle-strategy
609,MS10B_X18_BATTLE_01_BEFORE_M_SEL_0005.wav,MS10B_X18_BATTLE_01_BEFORE_M_SEL_0005,136,136,136,137,Serenoa,main,male,serenoa,assets/triangle-strategy/approved_voice_references/serenoa.wav,การเข้ามาข้างในไม่ใช่ปัญหา แต่ของจริงมันหลังจากนี้ต่างหาก,,,PENDING_MANUAL_GENERATION,,triangle-strategy
610,MS10B_X18_BATTLE_01_BEFORE_M_SEL_0010.wav,MS10B_X18_BATTLE_01_BEFORE_M_SEL_0010,137,137,137,138,Serenoa,main,male,serenoa,assets/triangle-strategy/approved_voice_references/serenoa.wav,แยกกันตามหาบัญชีนั่นกันเถอะทุกคน,,,PENDING_MANUAL_GENERATION,,triangle-strategy
611,MS10B_X18_BATTLE_01_BEFORE_M_SEL_0020.wav,MS10B_X18_BATTLE_01_BEFORE_M_SEL_0020,138,138,138,139,Serenoa,main,male,serenoa,assets/triangle-strategy/approved_voice_references/serenoa.wav,ใช่สิ่งนี้หรือเปล่านะ?,,,PENDING_MANUAL_GENERATION,,triangle-strategy
612,MS10B_X18_BATTLE_01_BEFORE_M_SEL_0030.wav,MS10B_X18_BATTLE_01_BEFORE_M_SEL_0030,139,139,139,140,Serenoa,main,male,serenoa,assets/triangle-strategy/approved_voice_references/serenoa.wav,นี่คงเป็นวันที่ที่แอนนาไปหาข้อมูลมา ส่วนนี่เป็นจำนวนเกลือที่ผลิต แล้วก็จำนวนที่ส่งให้กับสมาคม...,,,PENDING_MANUAL_GENERATION,,triangle-strategy
613,MS10B_X18_BATTLE_01_BEFORE_M_SEL_0040.wav,MS10B_X18_BATTLE_01_BEFORE_M_SEL_0040,140,140,140,141,Serenoa,main,male,serenoa,assets/triangle-strategy/approved_voice_references/serenoa.wav,...และความแตกต่างของจำนวนทั้งสอง ถูกจดบันทึกไว้ที่นี่!,,,PENDING_MANUAL_GENERATION,,triangle-strategy
614,MS10B_X18_BATTLE_01_BEFORE_M_SEL_0050.wav,MS10B_X18_BATTLE_01_BEFORE_M_SEL_0050,141,141,141,142,Serenoa,main,male,serenoa,assets/triangle-strategy/approved_voice_references/serenoa.wav,ต้องไม่ผิดแน่ บัญชีลับของซอสเลย์,,,PENDING_MANUAL_GENERATION,,triangle-strategy
615,MS10B_X18_BATTLE_01_BEFORE_M_SEL_0060.wav,MS10B_X18_BATTLE_01_BEFORE_M_SEL_0060,142,142,142,143,Serenoa,main,male,serenoa,assets/triangle-strategy/approved_voice_references/serenoa.wav,โชคดีของเราที่เขารอบคอบทั้งเรื่องทุจริตและสุจริต,,,PENDING_MANUAL_GENERATION,,triangle-strategy
616,MS10B_X18_BATTLE_01_BEFORE_M_SEL_0070.wav,MS10B_X18_BATTLE_01_BEFORE_M_SEL_0070,143,143,143,144,Serenoa,main,male,serenoa,assets/triangle-strategy/approved_voice_references/serenoa.wav,ช่างน่าขันที่เขาต้องมาตกม้าตาย,,,PENDING_MANUAL_GENERATION,,triangle-strategy
617,MS10B_X18_BATTLE_01_DRAMA_F_ANA_0010.wav,MS10B_X18_BATTLE_01_DRAMA_F_ANA_0010,144,144,144,145,Anna,main,female,anna,assets/triangle-strategy/approved_voice_references/anna.wav,พวกเขาไม่ควรอยู่ที่นี่สิ... ซอสเลย์คงรู้ทันเราสินะ,,,PENDING_MANUAL_GENERATION,,triangle-strategy
618,MS10B_X18_BATTLE_01_DRAMA_F_YRA_0010.wav,MS10B_X18_BATTLE_01_DRAMA_F_YRA_0010,145,145,145,146,Geela,main,female,geela,assets/triangle-strategy/approved_voice_references/geela.wav,กำจัดพวกเขาไปได้ครึ่งนึงแล้ว,,,PENDING_MANUAL_GENERATION,,triangle-strategy
619,MS10B_X18_BATTLE_01_DRAMA_F_YRA_0020.wav,MS10B_X18_BATTLE_01_DRAMA_F_YRA_0020,146,146,146,147,Geela,main,female,geela,assets/triangle-strategy/approved_voice_references/geela.wav,บัญชีนั่นคือหลักฐานพิสูจน์ความผิดเป็นแน่ ซอสเลย์ถึงส่งทหารมาเฝ้าระวังรอบค่ายเยอะขนาดนี้,,,PENDING_MANUAL_GENERATION,,triangle-strategy
620,MS10B_X18_BATTLE_01_DRAMA_M_BND_0010.wav,MS10B_X18_BATTLE_01_DRAMA_M_BND_0010,147,147,147,148,Benedict,main,male,benedict,assets/triangle-strategy/approved_voice_references/benedict.wav,พวกมันจะขังเราไว้ที่นี่งั้นเหรอ? เราต้องหาทางฝ่าออกไปขอรับ,,,PENDING_MANUAL_GENERATION,,triangle-strategy
621,MS10B_X18_BATTLE_01_DRAMA_M_BND_0020.wav,MS10B_X18_BATTLE_01_DRAMA_M_BND_0020,148,148,148,149,Benedict,main,male,benedict,assets/triangle-strategy/approved_voice_references/benedict.wav,ระวังตัวด้วยขอรับนายท่าน ความอลหม่านเช่นนี้จะทำให้พวกเราถูกล้อมโดยง่าย,,,PENDING_MANUAL_GENERATION,,triangle-strategy
622,MS10B_X18_BATTLE_01_DRAMA_M_BND_0030.wav,MS10B_X18_BATTLE_01_DRAMA_M_BND_0030,149,149,149,150,Benedict,main,male,benedict,assets/triangle-strategy/approved_voice_references/benedict.wav,ไม่นะ... พวกเราถ่อมาตั้งไกล จะมาพลาดตอนนี้ไม่ได้...,,,PENDING_MANUAL_GENERATION,,triangle-strategy
623,MS10B_X18_BATTLE_01_DRAMA_M_MB101_0010.wav,MS10B_X18_BATTLE_01_DRAMA_M_MB101_0010,150,150,150,151,คนของซอสเลย์,generic,male,MALE_ADULT_C,assets/triangle-strategy/approved_voice_references/MALE_ADULT_C.wav,อย่าให้พวกมันหนีไปได้แม้แต่ตัวเดียว! จับพวกมันทุกตัวให้รัฐมนตรีซอสเลย์ซะ!,,,PENDING_MANUAL_GENERATION,,triangle-strategy
624,MS10B_X18_BATTLE_01_DRAMA_M_MB101_0020.wav,MS10B_X18_BATTLE_01_DRAMA_M_MB101_0020,151,151,151,152,คนของซอสเลย์,generic,male,MALE_ADULT_C,assets/triangle-strategy/approved_voice_references/MALE_ADULT_C.wav,อ้ากกก! ยะ-อย่าปล่อยให้พวกมันหนีไปได้เชียวนะ! บัญชีนั่นหลุดไปเมื่อไหร่ รัฐมนตรีซอสเลย์จบเห่แน่!,,,PENDING_MANUAL_GENERATION,,triangle-strategy
625,MS10B_X18_BATTLE_01_DRAMA_M_MB101_0030.wav,MS10B_X18_BATTLE_01_DRAMA_M_MB101_0030,152,152,152,153,คนของซอสเลย์,generic,male,MALE_ADULT_C,assets/triangle-strategy/approved_voice_references/MALE_ADULT_C.wav,ตั้งสติหน่อย! รัฐมนตรีซอสเลย์จบเห่แน่ถ้าพวกมันหนีออกไปได้!,,,PENDING_MANUAL_GENERATION,,triangle-strategy
626,MS10B_X18_BATTLE_01_DRAMA_M_MS10X18B01M01_0010.wav,MS10B_X18_BATTLE_01_DRAMA_M_MS10X18B01M01_0010,153,153,153,154,ทหาร,generic,male,MALE_YOUNG_B,assets/triangle-strategy/approved_voice_references/MALE_YOUNG_B.wav,ขอรับ!,,,PENDING_MANUAL_GENERATION,,triangle-strategy
627,MS10B_X18_BATTLE_01_DRAMA_M_SEL_0010.wav,MS10B_X18_BATTLE_01_DRAMA_M_SEL_0010,154,154,154,155,Serenoa,main,male,serenoa,assets/triangle-strategy/approved_voice_references/serenoa.wav,เข้าใจแล้ว ยังไงซะข้าก็จะเอาบัญชีนี้ออกไปด้วย,,,PENDING_MANUAL_GENERATION,,triangle-strategy
628,MS10B_X18_BATTLE_01_DRAMA_M_SEL_0020.wav,MS10B_X18_BATTLE_01_DRAMA_M_SEL_0020,155,155,155,156,Serenoa,main,male,serenoa,assets/triangle-strategy/approved_voice_references/serenoa.wav,โอย... ข้าไม่ไหวแล้ว... ฝากพวกเจ้าด้วยนะ...,,,PENDING_MANUAL_GENERATION,,triangle-strategy
629,MS10B_X18_C0_0010_F_ANA_0010.wav,MS10B_X18_C0_0010_F_ANA_0010,156,156,156,157,Anna,main,female,anna,assets/triangle-strategy/approved_voice_references/anna.wav,ใช่แล้ว แถมข้อมูลการผลิตและข้อมูลของสมาคมเป็นสิ่งที่เข้าถึงได้ง่าย,,,PENDING_MANUAL_GENERATION,,triangle-strategy
630,MS10B_X18_C0_0010_F_FRE_0010.wav,MS10B_X18_C0_0010_F_FRE_0010,157,157,157,158,Frederica,main,female,frederica,assets/triangle-strategy/approved_voice_references/frederica.wav,ถึงต้องแอบเข้าไปในค่ายของเขา แล้วหามันให้เจอยังไงล่ะ,,,PENDING_MANUAL_GENERATION,,triangle-strategy
631,MS10B_X18_C0_0010_F_FRE_0020.wav,MS10B_X18_C0_0010_F_FRE_0020,158,158,158,159,Frederica,main,female,frederica,assets/triangle-strategy/approved_voice_references/frederica.wav,มันคือหนทางเดียวที่จะยืนยันความผิดของเขาได้,,,PENDING_MANUAL_GENERATION,,triangle-strategy
632,MS10B_X18_C0_0010_F_FRE_0030.wav,MS10B_X18_C0_0010_F_FRE_0030,159,159,159,160,Frederica,main,female,frederica,assets/triangle-strategy/approved_voice_references/frederica.wav,ข้าคงพูดไม่คิดสินะ ขออภัยด้วย,,,PENDING_MANUAL_GENERATION,,triangle-strategy
633,MS10B_X18_C0_0010_F_YRA_0010.wav,MS10B_X18_C0_0010_F_YRA_0010,160,160,160,161,Geela,main,female,geela,assets/triangle-strategy/approved_voice_references/geela.wav,ทางสมาคมก็จะจัดการกับเกลือเหล่านี้ต่อไปสินะ,,,PENDING_MANUAL_GENERATION,,triangle-strategy
634,MS10B_X18_C0_0010_M_BND_0010.wav,MS10B_X18_C0_0010_M_BND_0010,161,161,161,162,Benedict,main,male,benedict,assets/triangle-strategy/approved_voice_references/benedict.wav,เพื่อความแน่ใจ เราจะทบทวนเส้นทางการค้าเกลือกันอีกครั้ง,,,PENDING_MANUAL_GENERATION,,triangle-strategy
635,MS10B_X18_C0_0010_M_BND_0020.wav,MS10B_X18_C0_0010_M_BND_0020,162,162,162,163,Benedict,main,male,benedict,assets/triangle-strategy/approved_voice_references/benedict.wav,เท่าที่เรารู้เกี่ยวกับไฮแซนต์ มันเริ่มจากเทพธิดาผู้ประทานพรให้เกลือทั้งมวล ก่อนหัวหน้านักบวชจะตัดสินใจ ว่าจะผลิตออกมาเท่าใด,,,PENDING_MANUAL_GENERATION,,triangle-strategy
636,MS10B_X18_C0_0010_M_BND_0030.wav,MS10B_X18_C0_0010_M_BND_0030,163,163,163,164,Benedict,main,male,benedict,assets/triangle-strategy/approved_voice_references/benedict.wav,โดยมีตระกูลเอนด์คอยควบคุมการผลิต และจัดส่งเกลือสู่สมาคมนอร์เซเลีย,,,PENDING_MANUAL_GENERATION,,triangle-strategy
637,MS10B_X18_C0_0010_M_BND_0040.wav,MS10B_X18_C0_0010_M_BND_0040,164,164,164,165,Benedict,main,male,benedict,assets/triangle-strategy/approved_voice_references/benedict.wav,การค้าเกลือผิดกฎหมายชี้ให้เห็นถึงความคลาดเคลื่อนระหว่างบันทึกข้อมูลทั้งสอง,,,PENDING_MANUAL_GENERATION,,triangle-strategy
638,MS10B_X18_C0_0010_M_BND_0050.wav,MS10B_X18_C0_0010_M_BND_0050,165,165,165,166,Benedict,main,male,benedict,assets/triangle-strategy/approved_voice_references/benedict.wav,ข้าขอเดาว่าตระกูลเอนด์บันทึกข้อมูลที่คลาดเคลื่อนไว้ในบัญชีแยกประเภทลับ...,,,PENDING_MANUAL_GENERATION,,triangle-strategy
639,MS10B_X18_C0_0010_M_BND_0060.wav,MS10B_X18_C0_0010_M_BND_0060,166,166,166,167,Benedict,main,male,benedict,assets/triangle-strategy/approved_voice_references/benedict.wav,ข้าเห็นด้วยขอรับ แต่ว่า...,,,PENDING_MANUAL_GENERATION,,triangle-strategy
640,MS10B_X18_C0_0010_M_ELA_0010.wav,MS10B_X18_C0_0010_M_ELA_0010,167,167,167,168,Erador,main,male,erador,assets/triangle-strategy/approved_voice_references/erador.wav,ฮ่าๆๆ! ท่านหญิงของเราพูดจาโผงผางยิ่งนัก,,,PENDING_MANUAL_GENERATION,,triangle-strategy
641,MS10B_X18_C0_0010_M_RLN_0010.wav,MS10B_X18_C0_0010_M_RLN_0010,168,168,168,169,Roland,main,male,roland,assets/triangle-strategy/approved_voice_references/roland.wav,ข้าเอาด้วย พวกเราต้องทำทุกหนทางเพื่อชิงบัญชีนั้นมา,,,PENDING_MANUAL_GENERATION,,triangle-strategy
642,MS10B_X18_C0_0010_M_SEL_0010.wav,MS10B_X18_C0_0010_M_SEL_0010,169,169,169,170,Serenoa,main,male,serenoa,assets/triangle-strategy/approved_voice_references/serenoa.wav,นั่นคือหลักฐานมัดตัวสำคัญว่าตระกูลเอนด์กำลังยักยอกเกลือสินะ,,,PENDING_MANUAL_GENERATION,,triangle-strategy
643,MS10B_X18_C0_0010_M_SEL_0020.wav,MS10B_X18_C0_0010_M_SEL_0020,170,170,170,171,Serenoa,main,male,serenoa,assets/triangle-strategy/approved_voice_references/serenoa.wav,แต่สันนิษฐานไปก็ไม่มีประโยชน์นักหรอก,,,PENDING_MANUAL_GENERATION,,triangle-strategy
644,MS10B_X18_C0_0010_M_SEL_0030.wav,MS10B_X18_C0_0010_M_SEL_0030,171,171,171,172,Serenoa,main,male,serenoa,assets/triangle-strategy/approved_voice_references/serenoa.wav,ไม่เลย! ข้าดีใจด้วยซ้ำที่เจ้าเสนอให้เราทำเช่นนี้,,,PENDING_MANUAL_GENERATION,,triangle-strategy
645,MS10B_X18_C0_0020_M_M312_0010.wav,MS10B_X18_C0_0020_M_M312_0010,172,172,172,173,ยาม,generic,male,MALE_ADULT_A,assets/triangle-strategy/approved_voice_references/MALE_ADULT_A.wav,ใครน่ะ?,,,PENDING_MANUAL_GENERATION,,triangle-strategy
646,MS10B_X18_C0_0020_M_M312_0020.wav,MS10B_X18_C0_0020_M_M312_0020,173,173,173,174,ยาม,generic,male,MALE_ADULT_A,assets/triangle-strategy/approved_voice_references/MALE_ADULT_A.wav,อ้ากกกกก!,,,PENDING_MANUAL_GENERATION,,triangle-strategy
647,MS10B_X18_C0_1010_M_IDO_0010.wav,MS10B_X18_C0_1010_M_IDO_0010,175,175,175,176,อีดอร์,npc,male,idore,,ซอสเลย์ เอนด์ จงสดับฟังคำตัดสินแห่งหัวหน้านักบวชเสียเถิด,,,BLOCKED_PENDING_REFERENCE_AUDIO,,triangle-strategy
648,MS10B_X18_C0_1010_M_IDO_0020.wav,MS10B_X18_C0_1010_M_IDO_0020,176,176,176,177,อีดอร์,npc,male,idore,,การแสวงหากำไรเข้าตัวโดยใช้เกลืออันศักดิ์สิทธิ์แห่งเทพธิดานั้น ถือเป็นการลบหลู่ศาสนา,,,BLOCKED_PENDING_REFERENCE_AUDIO,,triangle-strategy
649,MS10B_X18_C0_1010_M_IDO_0030.wav,MS10B_X18_C0_1010_M_IDO_0030,177,177,177,178,อีดอร์,npc,male,idore,,ดังนั้น ท่านต้องสำนึกบาปด้วยการละทิ้งสองสิ่งต่อไปนี้,,,BLOCKED_PENDING_REFERENCE_AUDIO,,triangle-strategy
650,MS10B_X18_C0_1010_M_IDO_0040.wav,MS10B_X18_C0_1010_M_IDO_0040,178,178,178,179,อีดอร์,npc,male,idore,,สิ่งแรกนั้นคือตำแหน่งในฐานะเจ็ดผู้ศักดิ์สิทธิ์,,,BLOCKED_PENDING_REFERENCE_AUDIO,,triangle-strategy
651,MS10B_X18_C0_1010_M_IDO_0050.wav,MS10B_X18_C0_1010_M_IDO_0050,179,179,179,180,อีดอร์,npc,male,idore,,และสิ่งที่สองคือชีวิตของท่าน,,,BLOCKED_PENDING_REFERENCE_AUDIO,,triangle-strategy
652,MS10B_X18_C0_1010_M_IDO_0060.wav,MS10B_X18_C0_1010_M_IDO_0060,180,180,180,181,อีดอร์,npc,male,idore,,ความผิดถูกลบล้างด้วยการเสียสละของท่านแล้ว ขอให้เทพธิดาทรงพอพระทัยด้วยเทอญ,,,BLOCKED_PENDING_REFERENCE_AUDIO,,triangle-strategy
653,MS10B_X18_C0_1010_M_IDO_0070.wav,MS10B_X18_C0_1010_M_IDO_0070,181,181,181,182,อีดอร์,npc,male,idore,,พวกเราขอบคุณท่านอย่างสุดซึ้ง,,,BLOCKED_PENDING_REFERENCE_AUDIO,,triangle-strategy
654,MS10B_X18_C0_1010_M_SLS_0010.wav,MS10B_X18_C0_1010_M_SLS_0010,182,182,182,183,Sorsley,npc,male,sorsley,assets/triangle-strategy/approved_voice_references/sorsley.wav,ชะ-ช้าก่อนขอรับ!,,,PENDING_MANUAL_GENERATION,,triangle-strategy
655,MS10B_X18_C0_1010_M_SLS_0020.wav,MS10B_X18_C0_1010_M_SLS_0020,183,183,183,184,Sorsley,npc,male,sorsley,assets/triangle-strategy/approved_voice_references/sorsley.wav,เรื่องนี้ข้าอธิบายได้! ข้าผิดไปแล้ว! เมตตาข้าด้ว-,,,PENDING_MANUAL_GENERATION,,triangle-strategy
656,MS10B_X18_C0_1010_M_SLS_0030.wav,MS10B_X18_C0_1010_M_SLS_0030,184,184,184,185,Sorsley,npc,male,sorsley,assets/triangle-strategy/approved_voice_references/sorsley.wav,อ้ากกกกก!,,,PENDING_MANUAL_GENERATION,,triangle-strategy
657,MS10B_X18_C0_2010_M_KNS_0010.wav,MS10B_X18_C0_2010_M_KNS_0010,185,185,185,186,แคมเซลล์,npc,male,kamsell,,วูล์ฟฟอร์ตเริ่มลงมือแล้วสินะ,,,BLOCKED_PENDING_REFERENCE_AUDIO,,triangle-strategy
658,MS10B_X18_C0_2010_M_KNS_0020.wav,MS10B_X18_C0_2010_M_KNS_0020,186,186,186,187,แคมเซลล์,npc,male,kamsell,,ตอนนี้ปล่อยพวกเขาไปก่อนเถอะ โอกาสดีเช่นนี้เปรียบเสมือนการชำระสิ่งเจือปนให้เกลือของเราบริสุทธิ์ผุดผ่อง,,,BLOCKED_PENDING_REFERENCE_AUDIO,,triangle-strategy
659,MS10B_X18_C0_2010_M_KNS_0030.wav,MS10B_X18_C0_2010_M_KNS_0030,187,187,187,188,แคมเซลล์,npc,male,kamsell,,อย่างไรเสีย เราต้องเตรียมพร้อมลงมือเสมอ ข้าฝากด้วยนะ,,,BLOCKED_PENDING_REFERENCE_AUDIO,,triangle-strategy
660,MS10B_X18_C0_2010_M_KNS_0040.wav,MS10B_X18_C0_2010_M_KNS_0040,188,188,188,189,แคมเซลล์,npc,male,kamsell,,ตระกูลเอนด์มันแค่จุดเริ่มต้น ข้าจะไม่หยุดพักจนกว่าภัยสังคมในไฮแซนต์ทั้งมวลจะหมดสิ้นไป,,,BLOCKED_PENDING_REFERENCE_AUDIO,,triangle-strategy
661,MS10B_X18_C0_2010_M_M079_0010.wav,MS10B_X18_C0_2010_M_M079_0010,189,189,189,190,ผู้ใต้บังคับบัญชาซอสเลย์,generic,male,MALE_ADULT_C,assets/triangle-strategy/approved_voice_references/MALE_ADULT_C.wav,ขอรับท่านรัฐมนตรี ขณะนี้พวกเขากำลังตามหาเบาะแสกันอยู่,,,PENDING_MANUAL_GENERATION,,triangle-strategy
662,MS10B_X18_C0_2010_M_M079_0020.wav,MS10B_X18_C0_2010_M_M079_0020,190,190,190,191,ผู้ใต้บังคับบัญชาซอสเลย์,generic,male,MALE_ADULT_C,assets/triangle-strategy/approved_voice_references/MALE_ADULT_C.wav,เราต้องห้ามพวกเขาไหมขอรับ? พวกเขากำลังยุ่งไม่เข้าเรื่อง ความลับที่เรานั้น...,,,PENDING_MANUAL_GENERATION,,triangle-strategy
663,MS10B_X18_C0_2010_M_M079_0030.wav,MS10B_X18_C0_2010_M_M079_0030,191,191,191,192,ผู้ใต้บังคับบัญชาซอสเลย์,generic,male,MALE_ADULT_C,assets/triangle-strategy/approved_voice_references/MALE_ADULT_C.wav,ขอรับท่านรัฐมนตรี ในที่สุดตระกูลเอนด์จะถูกดำเนินคดีแล้วสินะ!,,,PENDING_MANUAL_GENERATION,,triangle-strategy
664,MS10B_X18_C1_0010_M_MB101_0010.wav,MS10B_X18_C1_0010_M_MB101_0010,192,192,192,193,คนของซอสเลย์,generic,male,MALE_ADULT_C,assets/triangle-strategy/approved_voice_references/MALE_ADULT_C.wav,รัฐมนตรีซอสเลย์ มีจดหมายนิรนามส่งมาถึงท่านขอรับ,,,PENDING_MANUAL_GENERATION,,triangle-strategy
665,MS10B_X18_C1_0010_M_MB101_0020.wav,MS10B_X18_C1_0010_M_MB101_0020,193,193,193,194,คนของซอสเลย์,generic,male,MALE_ADULT_C,assets/triangle-strategy/approved_voice_references/MALE_ADULT_C.wav,ขะ-ขออภัยขอรับท่าน แต่...เนื้อความในจดหมายดูเหมือนเป็นการข่มขู่ขอรับ...,,,PENDING_MANUAL_GENERATION,,triangle-strategy
666,MS10B_X18_C1_0010_M_MB101_0030.wav,MS10B_X18_C1_0010_M_MB101_0030,194,194,194,195,คนของซอสเลย์,generic,male,MALE_ADULT_C,assets/triangle-strategy/approved_voice_references/MALE_ADULT_C.wav,หมายความว่าอะไรเหรอขอรับ?,,,PENDING_MANUAL_GENERATION,,triangle-strategy
667,MS10B_X18_C1_0010_M_MB101_0040.wav,MS10B_X18_C1_0010_M_MB101_0040,195,195,195,196,คนของซอสเลย์,generic,male,MALE_ADULT_C,assets/triangle-strategy/approved_voice_references/MALE_ADULT_C.wav,ลอร์ดบุ๊กเกอร์...ยังไม่กลับมาเลยขอรับ,,,PENDING_MANUAL_GENERATION,,triangle-strategy
668,MS10B_X18_C1_0010_M_SLS_0010.wav,MS10B_X18_C1_0010_M_SLS_0010,196,196,196,197,Sorsley,npc,male,sorsley,assets/triangle-strategy/approved_voice_references/sorsley.wav,ไอ้วูล์ฟฟอร์ตนี่ ทำไมยังไม่กลับมาสักทีวะ! ไร้ประโยชน์กว่าที่คิดเสียอีก,,,PENDING_MANUAL_GENERATION,,triangle-strategy
669,MS10B_X18_C1_0010_M_SLS_0020.wav,MS10B_X18_C1_0010_M_SLS_0020,197,197,197,198,Sorsley,npc,male,sorsley,assets/triangle-strategy/approved_voice_references/sorsley.wav,แล้วจะส่งจดหมายนิรนามมาให้ข้าทำไมเล่า!,,,PENDING_MANUAL_GENERATION,,triangle-strategy
670,MS10B_X18_C1_0010_M_SLS_0030.wav,MS10B_X18_C1_0010_M_SLS_0030,198,198,198,199,Sorsley,npc,male,sorsley,assets/triangle-strategy/approved_voice_references/sorsley.wav,เหรอ เอามานี่ซิ,,,PENDING_MANUAL_GENERATION,,triangle-strategy
671,MS10B_X18_C1_0010_M_SLS_0040.wav,MS10B_X18_C1_0010_M_SLS_0040,199,199,199,200,Sorsley,npc,male,sorsley,assets/triangle-strategy/approved_voice_references/sorsley.wav,สัตว์เลี้ยงใหม่ของเจ้า ไม่ต่างอะไรจากอสูรล่าเหยื่อ,,,PENDING_MANUAL_GENERATION,,triangle-strategy
672,MS10B_X18_C1_0010_M_SLS_0050.wav,MS10B_X18_C1_0010_M_SLS_0050,200,200,200,201,Sorsley,npc,male,sorsley,assets/triangle-strategy/approved_voice_references/sorsley.wav,จงพึงระวังไว้ก่อนจะสายเกินแก้ สุนัขรับใช้ผู้ซื่อสัตย์ของเจ้าถูกสังหารไปแล้ว ตอนนี้มันกำลังตามล่าสมบัติที่เจ้าหวงแหน,,,PENDING_MANUAL_GENERATION,,triangle-strategy
673,MS10B_X18_C1_0010_M_SLS_0060.wav,MS10B_X18_C1_0010_M_SLS_0060,201,201,201,202,Sorsley,npc,male,sorsley,assets/triangle-strategy/approved_voice_references/sorsley.wav,สัตว์เลี้ยงใหม่ของข้า... วูล์ฟฟอร์ต...,,,PENDING_MANUAL_GENERATION,,triangle-strategy
674,MS10B_X18_C1_0010_M_SLS_0070.wav,MS10B_X18_C1_0010_M_SLS_0070,202,202,202,203,Sorsley,npc,male,sorsley,assets/triangle-strategy/approved_voice_references/sorsley.wav,น่าจะขู่ให้ข้ากลัวเฉยๆล่ะมั้ง,,,PENDING_MANUAL_GENERATION,,triangle-strategy
675,MS10B_X18_C1_0010_M_SLS_0080.wav,MS10B_X18_C1_0010_M_SLS_0080,203,203,203,204,Sorsley,npc,male,sorsley,assets/triangle-strategy/approved_voice_references/sorsley.wav,แต่...เพื่อความแน่ใจ ช่วยตามตัวบุ๊กเกอร์มาให้ข้าที,,,PENDING_MANUAL_GENERATION,,triangle-strategy
676,MS10B_X18_C1_0010_M_SLS_0090.wav,MS10B_X18_C1_0010_M_SLS_0090,204,204,204,205,Sorsley,npc,male,sorsley,assets/triangle-strategy/approved_voice_references/sorsley.wav,หา!?,,,PENDING_MANUAL_GENERATION,,triangle-strategy
677,MS10B_X18_C1_0010_M_SLS_0100.wav,MS10B_X18_C1_0010_M_SLS_0100,205,205,205,206,Sorsley,npc,male,sorsley,assets/triangle-strategy/approved_voice_references/sorsley.wav,"""สุนัขรับใช้ผู้ซื่อสัตย์"" ของข้า... อย่าบอกนะว่า...",,,PENDING_MANUAL_GENERATION,,triangle-strategy
678,MS10B_X18_C1_0010_M_SLS_0110.wav,MS10B_X18_C1_0010_M_SLS_0110,206,206,206,207,Sorsley,npc,male,sorsley,assets/triangle-strategy/approved_voice_references/sorsley.wav,กลับเมืองหลวงแล้วสืบค้นทันทีว่าเกิดอะไรขึ้น เดี๋ยวข้าจะตามไปทีหลัง,,,PENDING_MANUAL_GENERATION,,triangle-strategy
679,MS10B_X18_WD_0010_N_NNN_0010.wav,MS10B_X18_WD_0010_N_NNN_0010,207,207,207,208,Narrator,narrator,female,narrator,assets/triangle-strategy/approved_voice_references/narrator.wav,ทันทีที่รู้ว่าจะหาหลักฐานมัดตัวซอสเลย์ได้จากที่ใด เหล่าวูล์ฟฟอร์ตจึงตัดสินใจเร่งรุดไปคว้ามันมา เพื่อพิสูจน์ความผิดโทษฐานค้าเกลือผิดกฎหมายของเขา,,,PENDING_MANUAL_GENERATION,,triangle-strategy
680,MS10B_X19_BATTLE_01_AFTER_M_BND_0010.wav,MS10B_X19_BATTLE_01_AFTER_M_BND_0010,208,208,208,209,Benedict,main,male,benedict,assets/triangle-strategy/approved_voice_references/benedict.wav,คำพิพากษาของหัวหน้านักบวช คือสิ่งที่มิอาจคัดค้านได้ขอรับ,,,PENDING_MANUAL_GENERATION,,triangle-strategy
681,MS10B_X19_BATTLE_01_AFTER_M_ELA_0010.wav,MS10B_X19_BATTLE_01_AFTER_M_ELA_0010,209,209,209,210,Erador,main,male,erador,assets/triangle-strategy/approved_voice_references/erador.wav,ไม่เห็นจะต้องอายเลยขอรับ,,,PENDING_MANUAL_GENERATION,,triangle-strategy
682,MS10B_X19_BATTLE_01_AFTER_M_ELA_0020.wav,MS10B_X19_BATTLE_01_AFTER_M_ELA_0020,210,210,210,211,Erador,main,male,erador,assets/triangle-strategy/approved_voice_references/erador.wav,สุดท้ายถ้าแพ้ก็คงตายอยู่ดี,,,PENDING_MANUAL_GENERATION,,triangle-strategy
683,MS10B_X19_BATTLE_01_AFTER_M_IDO_0010.wav,MS10B_X19_BATTLE_01_AFTER_M_IDO_0010,211,211,211,212,อีดอร์,npc,male,idore,,ชัยชนะเป็นของวูล์ฟฟอร์ต จงซาบซึ้งในเทพธิดาผู้ประทานพรแก่พวกท่านเสียเถิด,,,BLOCKED_PENDING_REFERENCE_AUDIO,,triangle-strategy
684,MS10B_X19_BATTLE_01_AFTER_M_IDO_0020.wav,MS10B_X19_BATTLE_01_AFTER_M_IDO_0020,212,212,212,213,อีดอร์,npc,male,idore,,การพิพากษาสิ้นสุดแล้ว พวกท่านทุกคนสู้ได้ดีมาก,,,BLOCKED_PENDING_REFERENCE_AUDIO,,triangle-strategy
685,MS10B_X19_BATTLE_01_AFTER_M_SEL_0010.wav,MS10B_X19_BATTLE_01_AFTER_M_SEL_0010,213,213,213,214,Serenoa,main,male,serenoa,assets/triangle-strategy/approved_voice_references/serenoa.wav,ทำไมเราต้องพิสูจน์ตนเองด้วยพละกำลังด้วยล่ะเนี่ย...,,,PENDING_MANUAL_GENERATION,,triangle-strategy
686,MS10B_X19_BATTLE_01_AFTER_M_SEL_0020.wav,MS10B_X19_BATTLE_01_AFTER_M_SEL_0020,214,214,214,215,Serenoa,main,male,serenoa,assets/triangle-strategy/approved_voice_references/serenoa.wav,...ก็ถูกของท่าน,,,PENDING_MANUAL_GENERATION,,triangle-strategy
687,MS10B_X19_BATTLE_01_BEFORE_F_HEW_0010.wav,MS10B_X19_BATTLE_01_BEFORE_F_HEW_0010,215,215,215,216,Hughette,main,female,hughette,assets/triangle-strategy/approved_voice_references/hughette.wav,พวกเราจำเป็นต้องปฏิบัติตามเจ้าค่ะ มันคือคำสอนแห่งเทพธิดา,,,PENDING_MANUAL_GENERATION,,triangle-strategy
688,MS10B_X19_BATTLE_01_BEFORE_M_BND_0010.wav,MS10B_X19_BATTLE_01_BEFORE_M_BND_0010,216,216,216,217,Benedict,main,male,benedict,assets/triangle-strategy/approved_voice_references/benedict.wav,ผลจะเป็นอย่างไร ก็ขึ้นอยู่กับคนที่ตั้งตนเป็นปรปักษ์ต่อซอสเลย์สินะ,,,PENDING_MANUAL_GENERATION,,triangle-strategy
689,MS10B_X19_BATTLE_01_BEFORE_M_ELA_0010.wav,MS10B_X19_BATTLE_01_BEFORE_M_ELA_0010,217,217,217,218,Erador,main,male,erador,assets/triangle-strategy/approved_voice_references/erador.wav,ข้าฟังไม่ผิดใช่ไหม? สรุปถ้าคนผิดเป็นฝ่ายชนะ ก็คือลอยนวลหน้าตาเฉยเลยงั้นเหรอ?,,,PENDING_MANUAL_GENERATION,,triangle-strategy
690,MS10B_X19_BATTLE_01_BEFORE_M_IDO_0010.wav,MS10B_X19_BATTLE_01_BEFORE_M_IDO_0010,218,218,218,219,อีดอร์,npc,male,idore,,ตามคำตัดสินของพระองค์ท่าน,,,BLOCKED_PENDING_REFERENCE_AUDIO,,triangle-strategy
691,MS10B_X19_BATTLE_01_BEFORE_M_IDO_0020.wav,MS10B_X19_BATTLE_01_BEFORE_M_IDO_0020,219,219,219,220,อีดอร์,npc,male,idore,,ตระกูลเอนด์กับวูล์ฟฟอร์ตจะประลองกันด้วยชีวิต,,,BLOCKED_PENDING_REFERENCE_AUDIO,,triangle-strategy
692,MS10B_X19_BATTLE_01_BEFORE_M_IDO_0030.wav,MS10B_X19_BATTLE_01_BEFORE_M_IDO_0030,220,220,220,221,อีดอร์,npc,male,idore,,ขอให้เทพธิดาแห่งเกลือ ประทานความเมตตานิรันดร์แก่ผู้มีชัยด้วยเทอญ!,,,BLOCKED_PENDING_REFERENCE_AUDIO,,triangle-strategy
693,MS10B_X19_BATTLE_01_BEFORE_M_SEL_0010.wav,MS10B_X19_BATTLE_01_BEFORE_M_SEL_0010,221,221,221,222,Serenoa,main,male,serenoa,assets/triangle-strategy/approved_voice_references/serenoa.wav,ไม่ว่ายังไงเราก็ต้องสู้ และคว้าชัยมาให้ได้,,,PENDING_MANUAL_GENERATION,,triangle-strategy
694,MS10B_X19_BATTLE_01_BEFORE_M_SLS_0010.wav,MS10B_X19_BATTLE_01_BEFORE_M_SLS_0010,222,222,222,223,Sorsley,npc,male,sorsley,assets/triangle-strategy/approved_voice_references/sorsley.wav,พวกมันรวมหัวกันทำลายข้า...,,,PENDING_MANUAL_GENERATION,,triangle-strategy
695,MS10B_X19_BATTLE_01_BEFORE_M_SLS_0020.wav,MS10B_X19_BATTLE_01_BEFORE_M_SLS_0020,223,223,223,224,Sorsley,npc,male,sorsley,assets/triangle-strategy/approved_voice_references/sorsley.wav,มันเป็นความผิดของแกคนเดียว! แกจะต้องชดใช้ ไอ้วูล์ฟฟอร์ต!,,,PENDING_MANUAL_GENERATION,,triangle-strategy
696,MS10B_X19_BATTLE_01_DRAMA_F_FRE_0010.wav,MS10B_X19_BATTLE_01_DRAMA_F_FRE_0010,224,224,224,225,Frederica,main,female,frederica,assets/triangle-strategy/approved_voice_references/frederica.wav,ชาวโรเซลล์เดือดร้อนเพราะความทารุณของเจ้ามานานเกินทนแล้ว จำคำข้าไว้นะซอสเลย์ วันนี้เจ้าจะต้องชดใช้ในสิ่งที่ทำลงไป!,,,PENDING_MANUAL_GENERATION,,triangle-strategy
697,MS10B_X19_BATTLE_01_DRAMA_M_BND_0010.wav,MS10B_X19_BATTLE_01_DRAMA_M_BND_0010,225,225,225,226,Benedict,main,male,benedict,assets/triangle-strategy/approved_voice_references/benedict.wav,ระวังด้วยนะขอรับนายท่าน ศัตรูที่เข้าตาจนนั้นอันตราย พวกเขาจะสู้โดยไม่คิดชีวิต,,,PENDING_MANUAL_GENERATION,,triangle-strategy
698,MS10B_X19_BATTLE_01_DRAMA_M_ELA_0010.wav,MS10B_X19_BATTLE_01_DRAMA_M_ELA_0010,226,226,226,227,Erador,main,male,erador,assets/triangle-strategy/approved_voice_references/erador.wav,หมาจนตรอกจะมีพละกำลังเหลือล้นจนน่าตกใจ อย่าพึ่งประมาทเพราะซอสเลย์กำลังพ่ายแพ้ขอรับ,,,PENDING_MANUAL_GENERATION,,triangle-strategy
699,MS10B_X19_BATTLE_01_DRAMA_M_SEL_0010.wav,MS10B_X19_BATTLE_01_DRAMA_M_SEL_0010,227,227,227,228,Serenoa,main,male,serenoa,assets/triangle-strategy/approved_voice_references/serenoa.wav,อย่ามากลบเกลื่อนความผิดด้วยการเปลี่ยนเรื่องเลย!,,,PENDING_MANUAL_GENERATION,,triangle-strategy
700,MS10B_X19_BATTLE_01_DRAMA_M_SEL_0020.wav,MS10B_X19_BATTLE_01_DRAMA_M_SEL_0020,228,228,228,229,Serenoa,main,male,serenoa,assets/triangle-strategy/approved_voice_references/serenoa.wav,เข้ามาเลย มาสะสางอย่างยุติธรรมให้รู้แล้วรู้รอดไป!,,,PENDING_MANUAL_GENERATION,,triangle-strategy
701,MS10B_X19_BATTLE_01_DRAMA_M_SEL_0030.wav,MS10B_X19_BATTLE_01_DRAMA_M_SEL_0030,229,229,229,230,Serenoa,main,male,serenoa,assets/triangle-strategy/approved_voice_references/serenoa.wav,แม้ว่าเขาไม่มีอะไรให้เสีย แต่ก็ไม่ต่างอะไรจากเราอยู่ดี,,,PENDING_MANUAL_GENERATION,,triangle-strategy
702,MS10B_X19_BATTLE_01_DRAMA_M_SEL_0040.wav,MS10B_X19_BATTLE_01_DRAMA_M_SEL_0040,230,230,230,231,Serenoa,main,male,serenoa,assets/triangle-strategy/approved_voice_references/serenoa.wav,พวกเราจะฝ่าฟันไปจนจบ ชัยชนะต้องเป็นของเรา,,,PENDING_MANUAL_GENERATION,,triangle-strategy
703,MS10B_X19_BATTLE_01_DRAMA_M_SEL_0050.wav,MS10B_X19_BATTLE_01_DRAMA_M_SEL_0050,231,231,231,232,Serenoa,main,male,serenoa,assets/triangle-strategy/approved_voice_references/serenoa.wav,เรา...เราแพ้ได้ยังไงกัน!?,,,PENDING_MANUAL_GENERATION,,triangle-strategy
704,MS10B_X19_BATTLE_01_DRAMA_M_SLS_0010.wav,MS10B_X19_BATTLE_01_DRAMA_M_SLS_0010,232,232,232,233,Sorsley,npc,male,sorsley,assets/triangle-strategy/approved_voice_references/sorsley.wav,เจ้าอยากเห็นจุดจบของข้า... ผู้ดูแลนาเกลือที่นำความเจริญรุ่งเรืองมาสู่ดินแดนแห่งนี้งั้นเหรอ!?,,,PENDING_MANUAL_GENERATION,,triangle-strategy
705,MS10B_X19_BATTLE_01_DRAMA_M_SLS_0020.wav,MS10B_X19_BATTLE_01_DRAMA_M_SLS_0020,233,233,233,234,Sorsley,npc,male,sorsley,assets/triangle-strategy/approved_voice_references/sorsley.wav,แกคงลืมเจตจำนงแห่งเทพธิดาไปแล้วสินะ สงสัยต้องให้ข้าเตือนสติสักหน่อยแล้ว!,,,PENDING_MANUAL_GENERATION,,triangle-strategy
706,MS10B_X19_BATTLE_01_DRAMA_M_SLS_0030.wav,MS10B_X19_BATTLE_01_DRAMA_M_SLS_0030,234,234,234,235,Sorsley,npc,male,sorsley,assets/triangle-strategy/approved_voice_references/sorsley.wav,ตอนนี้เชิญสำราญใจในอิสรภาพของพวกเจ้าให้เต็มที่ หากข้าชนะเมื่อไหร่ ข้าจะทิ้งพวกเจ้าไว้ในนาเกลือแล้วปล่อยให้เน่าตายไปเลย!,,,PENDING_MANUAL_GENERATION,,triangle-strategy
707,MS10B_X19_BATTLE_01_DRAMA_M_SLS_0040.wav,MS10B_X19_BATTLE_01_DRAMA_M_SLS_0040,235,235,235,236,Sorsley,npc,male,sorsley,assets/triangle-strategy/approved_voice_references/sorsley.wav,(หอบ) (หอบ)... พวกเรากำลังถูกล้อม...,,,PENDING_MANUAL_GENERATION,,triangle-strategy
708,MS10B_X19_BATTLE_01_DRAMA_M_SLS_0050.wav,MS10B_X19_BATTLE_01_DRAMA_M_SLS_0050,236,236,236,237,Sorsley,npc,male,sorsley,assets/triangle-strategy/approved_voice_references/sorsley.wav,การพิพากษาจอมปลอมมันเอาข้าไม่ลงหรอก!,,,PENDING_MANUAL_GENERATION,,triangle-strategy
709,MS10B_X19_BATTLE_01_DRAMA_M_SLS_0060.wav,MS10B_X19_BATTLE_01_DRAMA_M_SLS_0060,237,237,237,238,Sorsley,npc,male,sorsley,assets/triangle-strategy/approved_voice_references/sorsley.wav,พวกแกต้องชดใช้... พวกแกจะต้องชดใช้!,,,PENDING_MANUAL_GENERATION,,triangle-strategy
710,MS10B_X19_BATTLE_01_DRAMA_M_SLS_0070.wav,MS10B_X19_BATTLE_01_DRAMA_M_SLS_0070,238,238,238,239,Sorsley,npc,male,sorsley,assets/triangle-strategy/approved_voice_references/sorsley.wav,แล้วพวกเจ้าจะเสียใจที่ทำให้ข้าต้องเจ็บช้ำ!,,,PENDING_MANUAL_GENERATION,,triangle-strategy
711,MS10B_X19_BATTLE_01_DRAMA_M_SLS_0080.wav,MS10B_X19_BATTLE_01_DRAMA_M_SLS_0080,239,239,239,240,Sorsley,npc,male,sorsley,assets/triangle-strategy/approved_voice_references/sorsley.wav,ข้าขอสาบานด้วยเกียรติแห่งตระกูลเอนด์แห่งเจ็ดผู้ศักดิ์สิทธิ์ ข้าจะชนะ ข้าต้องชนะ!,,,PENDING_MANUAL_GENERATION,,triangle-strategy
712,MS10B_X19_BATTLE_01_DRAMA_M_SLS_0090.wav,MS10B_X19_BATTLE_01_DRAMA_M_SLS_0090,240,240,240,241,Sorsley,npc,male,sorsley,assets/triangle-strategy/approved_voice_references/sorsley.wav,ไม่นะ... จะลงเอยแบบนี้ไม่ได้... ข้าไม่ยอม!,,,PENDING_MANUAL_GENERATION,,triangle-strategy
713,MS10B_X19_C0_0010_F_FRE_0010.wav,MS10B_X19_C0_0010_F_FRE_0010,241,241,241,242,Frederica,main,female,frederica,assets/triangle-strategy/approved_voice_references/frederica.wav,ยังไม่แน่ใจเลย แต่เราต้องเชื่อมั่นและพยายามกันต่อไป พวกเราทำได้แค่นี้จริงๆ,,,PENDING_MANUAL_GENERATION,,triangle-strategy
714,MS10B_X19_C0_0010_F_FRE_0020.wav,MS10B_X19_C0_0010_F_FRE_0020,242,242,242,243,Frederica,main,female,frederica,assets/triangle-strategy/approved_voice_references/frederica.wav,เซเรโนอาผิดตรงไหน ตระกูลเอนด์สิผิด!,,,PENDING_MANUAL_GENERATION,,triangle-strategy
715,MS10B_X19_C0_0010_M_BND_0010.wav,MS10B_X19_C0_0010_M_BND_0010,243,243,243,244,Benedict,main,male,benedict,assets/triangle-strategy/approved_voice_references/benedict.wav,นายท่าน ถือเป็นโอกาสดีที่เราจะยื่นคำฟ้องต่อหัวหน้านักบวชและผู้ทรงอำนาจทั้งหลายแห่งไฮแซนต์โดยตรง,,,PENDING_MANUAL_GENERATION,,triangle-strategy
716,MS10B_X19_C0_0010_M_BND_0020.wav,MS10B_X19_C0_0010_M_BND_0020,244,244,244,245,Benedict,main,male,benedict,assets/triangle-strategy/approved_voice_references/benedict.wav,ข้าหวังให้เจ็ดผู้ศักดิ์สิทธิ์แสดงความเห็นต่างบ้าง,,,PENDING_MANUAL_GENERATION,,triangle-strategy
717,MS10B_X19_C0_0010_M_BND_0030.wav,MS10B_X19_C0_0010_M_BND_0030,245,245,245,246,Benedict,main,male,benedict,assets/triangle-strategy/approved_voice_references/benedict.wav,หากเราโน้มน้าวรัฐมนตรีสักคนให้อยู่ข้างเรา ซอสเลย์คงจะหนีไม่พ้น,,,PENDING_MANUAL_GENERATION,,triangle-strategy
718,MS10B_X19_C0_0010_M_M083_0010.wav,MS10B_X19_C0_0010_M_M083_0010,246,246,246,247,ผู้ส่งสารจากวัง,generic,male,MALE_ADULT_A,assets/triangle-strategy/approved_voice_references/MALE_ADULT_A.wav,ข้าคือผู้ส่งสารจากตำหนักขอรับ ข้ากำลังตามหาลอร์ดเซเรโนอา วูล์ฟฟอร์ต,,,PENDING_MANUAL_GENERATION,,triangle-strategy
719,MS10B_X19_C0_0010_M_M083_0020.wav,MS10B_X19_C0_0010_M_M083_0020,247,247,247,248,ผู้ส่งสารจากวัง,generic,male,MALE_ADULT_A,assets/triangle-strategy/approved_voice_references/MALE_ADULT_A.wav,ลอร์ดวูล์ฟฟอร์ต ท่านถูกฟ้องร้องข้อหาขู่เข็ญรัฐมนตรีซอสเลย์ให้กระทำความผิด,,,PENDING_MANUAL_GENERATION,,triangle-strategy
720,MS10B_X19_C0_0010_M_M083_0030.wav,MS10B_X19_C0_0010_M_M083_0030,248,248,248,249,ผู้ส่งสารจากวัง,generic,male,MALE_ADULT_A,assets/triangle-strategy/approved_voice_references/MALE_ADULT_A.wav,ขอเชิญท่านไปสู่ตำหนัก เพื่อให้พระองค์ได้ทำการไต่สวนด้วยเถิด,,,PENDING_MANUAL_GENERATION,,triangle-strategy
721,MS10B_X19_C0_0010_M_M083_0040.wav,MS10B_X19_C0_0010_M_M083_0040,249,249,249,250,ผู้ส่งสารจากวัง,generic,male,MALE_ADULT_A,assets/triangle-strategy/approved_voice_references/MALE_ADULT_A.wav,หากท่านมีพยานหลักฐาน เชิญมาให้การที่คอกพยานได้เลยขอรับ,,,PENDING_MANUAL_GENERATION,,triangle-strategy
722,MS10B_X19_C0_0010_M_RLN_0010.wav,MS10B_X19_C0_0010_M_RLN_0010,250,250,250,251,Roland,main,male,roland,assets/triangle-strategy/approved_voice_references/roland.wav,รัฐมนตรีแคมเซลล์จะร่วมมือกับเรา...ใช่ไหม?,,,PENDING_MANUAL_GENERATION,,triangle-strategy
723,MS10B_X19_C0_0010_M_RLN_0020.wav,MS10B_X19_C0_0010_M_RLN_0020,251,251,251,252,Roland,main,male,roland,assets/triangle-strategy/approved_voice_references/roland.wav,เจ้า... สุนัขของซอสเลย์งั้นรึ!?,,,PENDING_MANUAL_GENERATION,,triangle-strategy
724,MS10B_X19_C0_0010_M_RLN_0030.wav,MS10B_X19_C0_0010_M_RLN_0030,252,252,252,253,Roland,main,male,roland,assets/triangle-strategy/approved_voice_references/roland.wav,หรือไม่หัวของเจ้าอาจหลุดออกจากบ่าเสียเอง เซเรโนอา,,,PENDING_MANUAL_GENERATION,,triangle-strategy
725,MS10B_X19_C0_0010_M_SEL_0010.wav,MS10B_X19_C0_0010_M_SEL_0010,253,253,253,254,Serenoa,main,male,serenoa,assets/triangle-strategy/approved_voice_references/serenoa.wav,เจ้าก็พบแล้วนี่,,,PENDING_MANUAL_GENERATION,,triangle-strategy
726,MS10B_X19_C0_0010_M_SEL_0020.wav,MS10B_X19_C0_0010_M_SEL_0020,254,254,254,255,Serenoa,main,male,serenoa,assets/triangle-strategy/approved_voice_references/serenoa.wav,ยังไงเราก็อย่าไปสร้างศัตรูกับไฮแซนต์เลย ไม่งั้นได้ตัวคนเดียวจริงๆแน่,,,PENDING_MANUAL_GENERATION,,triangle-strategy
727,MS10B_X19_C0_0010_M_SEL_0030.wav,MS10B_X19_C0_0010_M_SEL_0030,255,255,255,256,Serenoa,main,male,serenoa,assets/triangle-strategy/approved_voice_references/serenoa.wav,ข้าจะสู้คดีต่อหน้าหัวหน้านักบวชและเจ็ดผู้ศักดิ์สิทธิ์ หวังว่าพวกเขาจะเชื่อข้า,,,PENDING_MANUAL_GENERATION,,triangle-strategy
728,MS10B_X19_C0_0020_M_KNS_0010.wav,MS10B_X19_C0_0020_M_KNS_0010,256,256,256,257,แคมเซลล์,npc,male,kamsell,,ได้สิ,,,BLOCKED_PENDING_REFERENCE_AUDIO,,triangle-strategy
729,MS10B_X19_C0_0020_M_KNS_0020.wav,MS10B_X19_C0_0020_M_KNS_0020,257,257,257,258,แคมเซลล์,npc,male,kamsell,,ซอสเลย์เริ่มลงมือแล้วสินะ เซเรโนอาไม่น่าจะมีหลักฐานเพียงพอมาโต้แย้ง,,,BLOCKED_PENDING_REFERENCE_AUDIO,,triangle-strategy
730,MS10B_X19_C0_0020_M_KNS_0030.wav,MS10B_X19_C0_0020_M_KNS_0030,258,258,258,259,แคมเซลล์,npc,male,kamsell,,แต่เราไม่สามารถฟื้นฟูกฎระเบียบได้ด้วยการตัดสินโทษวูล์ฟฟอร์ต,,,BLOCKED_PENDING_REFERENCE_AUDIO,,triangle-strategy
731,MS10B_X19_C0_0020_M_KNS_0040.wav,MS10B_X19_C0_0020_M_KNS_0040,259,259,259,260,แคมเซลล์,npc,male,kamsell,,ข้าจะใช้โอกาสนี้ให้คุ้มค่า...,,,BLOCKED_PENDING_REFERENCE_AUDIO,,triangle-strategy
732,MS10B_X19_C0_0020_M_M084_0010.wav,MS10B_X19_C0_0020_M_M084_0010,260,260,260,261,ผู้ส่งสารจากวัง,generic,male,MALE_ADULT_B,assets/triangle-strategy/approved_voice_references/MALE_ADULT_B.wav,ท่านถูกเชิญไปที่ตำหนักขอรับ รัฐมนตรีแคมเซลล์,,,PENDING_MANUAL_GENERATION,,triangle-strategy
733,MS10B_X19_C0_0020_M_M084_0020.wav,MS10B_X19_C0_0020_M_M084_0020,261,261,261,262,ผู้ส่งสารจากวัง,generic,male,MALE_ADULT_B,assets/triangle-strategy/approved_voice_references/MALE_ADULT_B.wav,พระองค์ท่านจะรับฟังข้อกล่าวหาต่อรัฐมนตรีเอนด์ และซักถามตระกูลวูล์ฟฟอร์ต,,,PENDING_MANUAL_GENERATION,,triangle-strategy
734,MS10B_X19_C0_0030_M_EGS_0010.wav,MS10B_X19_C0_0030_M_EGS_0010,262,262,262,263,Exharme,npc,male,exharme,assets/triangle-strategy/approved_voice_references/exharme.wav,จะมีการพิจารณาคดีเกิดขึ้นเหรอ? แบบนี้เองสินะ...,,,PENDING_MANUAL_GENERATION,,triangle-strategy
735,MS10B_X19_C0_0030_M_EGS_0020.wav,MS10B_X19_C0_0030_M_EGS_0020,263,263,263,264,Exharme,npc,male,exharme,assets/triangle-strategy/approved_voice_references/exharme.wav,ข้าก็นึกว่าพวกเจ้าเอาเขาอยู่เสียอีก วูล์ฟฟอร์ต... ข้าประเมินพวกเจ้าสูงไปเหรอ?,,,PENDING_MANUAL_GENERATION,,triangle-strategy
736,MS10B_X19_C0_0030_M_EGS_0030.wav,MS10B_X19_C0_0030_M_EGS_0030,264,264,264,265,Exharme,npc,male,exharme,assets/triangle-strategy/approved_voice_references/exharme.wav,ไม่สำคัญหรอก มีวิธีรับมือกับคนโลภมากผู้นั้นอีกเยอะ,,,PENDING_MANUAL_GENERATION,,triangle-strategy
737,MS10B_X19_C0_0030_M_EGS_0040.wav,MS10B_X19_C0_0030_M_EGS_0040,265,265,265,266,Exharme,npc,male,exharme,assets/triangle-strategy/approved_voice_references/exharme.wav,ว่าแต่ใครกันล่ะ ที่เหมาะสม?,,,PENDING_MANUAL_GENERATION,,triangle-strategy
738,MS10B_X19_C0_0030_M_M085_0010.wav,MS10B_X19_C0_0030_M_M085_0010,266,266,266,267,ผู้ส่งสารจากวัง,generic,male,MALE_ADULT_C,assets/triangle-strategy/approved_voice_references/MALE_ADULT_C.wav,พระองค์ต้องการให้เหล่าเจ็ดผู้ศักดิ์สิทธิ์ปรากฎตัวโดยทันทีขอรับ,,,PENDING_MANUAL_GENERATION,,triangle-strategy
739,MS10B_X19_C0_1010_F_LYL_0010.wav,MS10B_X19_C0_1010_F_LYL_0010,267,267,267,268,Lyla,npc,female,lyla,assets/triangle-strategy/approved_voice_references/lyla.wav,ทั้งข้ากับเลขามีความน่าเชื่อถือพอๆกัน เขาเข้าใจเจตจำนงของนาง ไม่มีใครอุทิศตนเพื่อเทพธิดาเท่าเขาแล้ว,,,PENDING_MANUAL_GENERATION,,triangle-strategy
740,MS10B_X19_C0_1010_F_LYL_0020.wav,MS10B_X19_C0_1010_F_LYL_0020,268,268,268,269,Lyla,npc,female,lyla,assets/triangle-strategy/approved_voice_references/lyla.wav,ชัดเจนว่าซอสเลย์ได้กระทำผิด โดยเฉพาะการติดสินบน,,,PENDING_MANUAL_GENERATION,,triangle-strategy
741,MS10B_X19_C0_1010_F_LYL_0030.wav,MS10B_X19_C0_1010_F_LYL_0030,269,269,269,270,Lyla,npc,female,lyla,assets/triangle-strategy/approved_voice_references/lyla.wav,ข้าไม่สงสัยเรื่องที่ไปติดสินบนขุนนางเกลนบรู๊ค ข้าอยากรู้ว่าเขาไปติดสินบนด้วยเหตุใด,,,PENDING_MANUAL_GENERATION,,triangle-strategy
742,MS10B_X19_C0_1010_F_LYL_0040.wav,MS10B_X19_C0_1010_F_LYL_0040,270,270,270,271,Lyla,npc,female,lyla,assets/triangle-strategy/approved_voice_references/lyla.wav,ท่านพอจะชี้แจงแถลงไขได้หรือไม่ ลอร์ดเซเรโนอา?,,,PENDING_MANUAL_GENERATION,,triangle-strategy
743,MS10B_X19_C0_1010_F_LYL_0050.wav,MS10B_X19_C0_1010_F_LYL_0050,271,271,271,272,Lyla,npc,female,lyla,assets/triangle-strategy/approved_voice_references/lyla.wav,ฟังดูไม่ขึ้นเลย ใครๆ ก็ดูออกถ้ามีสิ่งเจือปนมากขนาดนั้นผสมอยู่กับเกลือผิดกฎหมาย,,,PENDING_MANUAL_GENERATION,,triangle-strategy
744,MS10B_X19_C0_1010_F_LYL_0060.wav,MS10B_X19_C0_1010_F_LYL_0060,272,272,272,273,Lyla,npc,female,lyla,assets/triangle-strategy/approved_voice_references/lyla.wav,การปิดปากใครสักคนในเรื่องนั้นมันเปล่าประโยชน์เอาเสียมาก,,,PENDING_MANUAL_GENERATION,,triangle-strategy
745,MS10B_X19_C0_1010_F_LYL_0070.wav,MS10B_X19_C0_1010_F_LYL_0070,273,273,273,274,Lyla,npc,female,lyla,assets/triangle-strategy/approved_voice_references/lyla.wav,เหมือนว่าท่านจะไม่รู้เจตนาที่แท้จริงของซอสเลย์สินะ ถ้างั้นคงต้องเดาไปเรื่อยงั้นเหรอ,,,PENDING_MANUAL_GENERATION,,triangle-strategy
746,MS10B_X19_C0_1010_F_LYL_0080.wav,MS10B_X19_C0_1010_F_LYL_0080,274,274,274,275,Lyla,npc,female,lyla,assets/triangle-strategy/approved_voice_references/lyla.wav,แสดงว่าขุนนางทรงอำนาจแห่งเกลนบรู๊คทั้งหลายมีส่วนร่วมกับการค้าผิดกฎหมายนี้เช่นกันสินะ,,,PENDING_MANUAL_GENERATION,,triangle-strategy
747,MS10B_X19_C0_1010_F_LYL_0090.wav,MS10B_X19_C0_1010_F_LYL_0090,275,275,275,276,Lyla,npc,female,lyla,assets/triangle-strategy/approved_voice_references/lyla.wav,อืม... ถ้าใครสักคนสามารถส่งสินค้าไปที่เกลนบรู๊ค ก็เป็นไปได้ที่จะขายเกลือผิดกฎหมายทั่วนอร์เซเลียเช่นกัน,,,PENDING_MANUAL_GENERATION,,triangle-strategy
748,MS10B_X19_C0_1010_F_LYL_0100.wav,MS10B_X19_C0_1010_F_LYL_0100,276,276,276,277,Lyla,npc,female,lyla,assets/triangle-strategy/approved_voice_references/lyla.wav,ความลับนี้มีค่าราวกับทองคำทีเดียว,,,PENDING_MANUAL_GENERATION,,triangle-strategy
749,MS10B_X19_C0_1010_F_LYL_0110.wav,MS10B_X19_C0_1010_F_LYL_0110,277,277,277,278,Lyla,npc,female,lyla,assets/triangle-strategy/approved_voice_references/lyla.wav,ข่าวลือนี้ก็ถึงหูข้าเหมือนกัน,,,PENDING_MANUAL_GENERATION,,triangle-strategy
750,MS10B_X19_C0_1010_F_LYL_0120.wav,MS10B_X19_C0_1010_F_LYL_0120,278,278,278,279,Lyla,npc,female,lyla,assets/triangle-strategy/approved_voice_references/lyla.wav,แล้วจะปิดปากทำไม ในเมื่อทุกคนก็ได้ยินข่าวลือกันหมดแล้ว?,,,PENDING_MANUAL_GENERATION,,triangle-strategy
751,MS10B_X19_C0_1010_F_LYL_0130.wav,MS10B_X19_C0_1010_F_LYL_0130,279,279,279,280,Lyla,npc,female,lyla,assets/triangle-strategy/approved_voice_references/lyla.wav,ข้าหมดคำถามแล้ว,,,PENDING_MANUAL_GENERATION,,triangle-strategy
752,MS10B_X19_C0_1010_M_EGS_0010.wav,MS10B_X19_C0_1010_M_EGS_0010,280,280,280,281,Exharme,npc,male,exharme,assets/triangle-strategy/approved_voice_references/exharme.wav,พวกเรารู้จักรัฐมนตรีซอสเลย์เป็นอย่างดี เพราะเราร่วมมือกันเป็นเวลานานมากแล้ว,,,PENDING_MANUAL_GENERATION,,triangle-strategy
753,MS10B_X19_C0_1010_M_EGS_0020.wav,MS10B_X19_C0_1010_M_EGS_0020,281,281,281,282,Exharme,npc,male,exharme,assets/triangle-strategy/approved_voice_references/exharme.wav,แต่พวกเรายังไม่รู้จักท่านเท่าใดนัก ลอร์ดเซเรโนอา,,,PENDING_MANUAL_GENERATION,,triangle-strategy
754,MS10B_X19_C0_1010_M_EGS_0030.wav,MS10B_X19_C0_1010_M_EGS_0030,282,282,282,283,Exharme,npc,male,exharme,assets/triangle-strategy/approved_voice_references/exharme.wav,ดังนั้น ท่านต้องทำให้เราเชื่อใจ,,,PENDING_MANUAL_GENERATION,,triangle-strategy
755,MS10B_X19_C0_1010_M_EGS_0040.wav,MS10B_X19_C0_1010_M_EGS_0040,283,283,283,284,Exharme,npc,male,exharme,assets/triangle-strategy/approved_voice_references/exharme.wav,ท่านไม่ได้ลืมใช่ไหม ว่าเขาดำรงตำแหน่งเจ็ดผู้ศักดิ์สิทธิ์แห่งรัฐศักดิ์สิทธิ์ไฮแซนต์ ?,,,PENDING_MANUAL_GENERATION,,triangle-strategy
756,MS10B_X19_C0_1010_M_EGS_0050.wav,MS10B_X19_C0_1010_M_EGS_0050,284,284,284,285,Exharme,npc,male,exharme,assets/triangle-strategy/approved_voice_references/exharme.wav,แล้วเหตุใดท่านจึงกล่าวหาซอสเลย์? เขาคือผู้ปฏิบัติตามวาจาของนาง ในฐานะเจ็ดผู้ศักดิ์สิทธิ์มิใช่หรือ,,,PENDING_MANUAL_GENERATION,,triangle-strategy
757,MS10B_X19_C0_1010_M_EGS_0060.wav,MS10B_X19_C0_1010_M_EGS_0060,285,285,285,286,Exharme,npc,male,exharme,assets/triangle-strategy/approved_voice_references/exharme.wav,การกระทำของท่านนั้นบ่อนทำลายบัญญัติศักดิ์สิทธิ์แห่งเทพธิดา,,,PENDING_MANUAL_GENERATION,,triangle-strategy
758,MS10B_X19_C0_1010_M_EGS_0070.wav,MS10B_X19_C0_1010_M_EGS_0070,286,286,286,287,Exharme,npc,male,exharme,assets/triangle-strategy/approved_voice_references/exharme.wav,การพิจารณาคดีครั้งนี้มิได้ต้องการคำพิพากษาจากท่าน พวกเรานั้นคือผู้ตัดสิน,,,PENDING_MANUAL_GENERATION,,triangle-strategy
759,MS10B_X19_C0_1010_M_EGS_0080.wav,MS10B_X19_C0_1010_M_EGS_0080,287,287,287,288,Exharme,npc,male,exharme,assets/triangle-strategy/approved_voice_references/exharme.wav,ท่านทึกทักมากไปโดยไม่ยั้งคิดเสียเลย,,,PENDING_MANUAL_GENERATION,,triangle-strategy
760,MS10B_X19_C0_1010_M_EGS_0090.wav,MS10B_X19_C0_1010_M_EGS_0090,288,288,288,289,Exharme,npc,male,exharme,assets/triangle-strategy/approved_voice_references/exharme.wav,อืม พวกเราได้อ่านเอกสารของท่านแล้ว มันบ่งบอกถึงความจริงใจของท่านที่ปฏิบัติตามธรรมเนียมของเรา,,,PENDING_MANUAL_GENERATION,,triangle-strategy
761,MS10B_X19_C0_1010_M_EGS_0100.wav,MS10B_X19_C0_1010_M_EGS_0100,289,289,289,290,Exharme,npc,male,exharme,assets/triangle-strategy/approved_voice_references/exharme.wav,ข้าขอยืนยันว่าท่านคือผู้มีศักดิ์ศรีและความจริงใจ,,,PENDING_MANUAL_GENERATION,,triangle-strategy
762,MS10B_X19_C0_1010_M_EGS_0110.wav,MS10B_X19_C0_1010_M_EGS_0110,290,290,290,291,Exharme,npc,male,exharme,assets/triangle-strategy/approved_voice_references/exharme.wav,พวกเราจะทำการตัดสิน เมื่อประธานในศาลทุกคนได้แสดงความคิดเห็นต่อรายงานของท่าน,,,PENDING_MANUAL_GENERATION,,triangle-strategy
763,MS10B_X19_C0_1010_M_EGS_0120.wav,MS10B_X19_C0_1010_M_EGS_0120,291,291,291,292,Exharme,npc,male,exharme,assets/triangle-strategy/approved_voice_references/exharme.wav,ข้าไม่มีสิ่งใดจะถามแล้ว,,,PENDING_MANUAL_GENERATION,,triangle-strategy
764,MS10B_X19_C0_1010_M_ENG_0010.wav,MS10B_X19_C0_1010_M_ENG_0010,292,292,292,293,เทเนบริส,npc,male,tenebris,,ไม่แปลกที่สามัญชนจะเข้าไม่ถึงคำสอนเทพธิดา,,,BLOCKED_PENDING_REFERENCE_AUDIO,,triangle-strategy
765,MS10B_X19_C0_1010_M_ENG_0020.wav,MS10B_X19_C0_1010_M_ENG_0020,293,293,293,294,เทเนบริส,npc,male,tenebris,,แต่เจ็ดผู้ศักดิ์สิทธิ์อย่างเราเข้าใจเจตจำนงของนางอย่างแท้จริง ดังนั้นคำสอนจึงจำเป็นต่อการดำเนินชีวิตตามแบบแผนของนางเยี่ยงสามัญชน,,,BLOCKED_PENDING_REFERENCE_AUDIO,,triangle-strategy
766,MS10B_X19_C0_1010_M_ENG_0030.wav,MS10B_X19_C0_1010_M_ENG_0030,294,294,294,295,เทเนบริส,npc,male,tenebris,,การกล่าวหาซอสเลย์ผู้ศักดิ์สิทธิ์ของเราโดยอิงจากหลักฐานของสามัญชนจึงไม่น่าเชื่อถือ,,,BLOCKED_PENDING_REFERENCE_AUDIO,,triangle-strategy
767,MS10B_X19_C0_1010_M_ENG_0040.wav,MS10B_X19_C0_1010_M_ENG_0040,295,295,295,296,เทเนบริส,npc,male,tenebris,,เว้นเสียแต่ท่านจะมีพยานผู้เข้าใจในเจตจำนงของนาง พวกเราจึงจะรับฟัง,,,BLOCKED_PENDING_REFERENCE_AUDIO,,triangle-strategy
768,MS10B_X19_C0_1010_M_ENG_0050.wav,MS10B_X19_C0_1010_M_ENG_0050,296,296,296,297,เทเนบริส,npc,male,tenebris,,แล้วเราจะมาพิจารณาคดีกันทำไม ท่านไม่เข้าใจอะไรหรือเปล่า?,,,BLOCKED_PENDING_REFERENCE_AUDIO,,triangle-strategy
769,MS10B_X19_C0_1010_M_ENG_0060.wav,MS10B_X19_C0_1010_M_ENG_0060,297,297,297,298,เทเนบริส,npc,male,tenebris,,โอ้? เลขาของผู้ศักดิ์สิทธิ์งั้นเหรอ...,,,BLOCKED_PENDING_REFERENCE_AUDIO,,triangle-strategy
770,MS10B_X19_C0_1010_M_ENG_0070.wav,MS10B_X19_C0_1010_M_ENG_0070,298,298,298,299,เทเนบริส,npc,male,tenebris,,จริงสินะ ข้าเองก็คงเถียงไม่ได้,,,BLOCKED_PENDING_REFERENCE_AUDIO,,triangle-strategy
771,MS10B_X19_C0_1010_M_ENG_0080.wav,MS10B_X19_C0_1010_M_ENG_0080,299,299,299,300,เทเนบริส,npc,male,tenebris,,ลอร์ดแคลรุสเป็นคนที่ยอดเยี่ยม แต่สุดท้ายก็เป็นพ่อค้าอยู่ดี,,,BLOCKED_PENDING_REFERENCE_AUDIO,,triangle-strategy
772,MS10B_X19_C0_1010_M_ENG_0090.wav,MS10B_X19_C0_1010_M_ENG_0090,300,300,300,301,เทเนบริส,npc,male,tenebris,,ผู้ที่มีเงินทองคอยชี้นำทาง มิอาจเข้าใจเจตจำนงแห่งเทพธิดาได้หรอก,,,BLOCKED_PENDING_REFERENCE_AUDIO,,triangle-strategy
773,MS10B_X19_C0_1010_M_ENG_0100.wav,MS10B_X19_C0_1010_M_ENG_0100,301,301,301,302,เทเนบริส,npc,male,tenebris,,ข้าหมดคำถามแล้ว,,,BLOCKED_PENDING_REFERENCE_AUDIO,,triangle-strategy
774,MS10B_X19_C0_1010_M_IDO_0010.wav,MS10B_X19_C0_1010_M_IDO_0010,302,302,302,303,อีดอร์,npc,male,idore,,การไต่สวนตระกูลวูล์ฟฟอร์ตผู้ถูกฟ้องร้องโดย รัฐมนตรีซอสเลย์ เอนด์ จะเริ่มขึ้น ณ บัดนี้,,,BLOCKED_PENDING_REFERENCE_AUDIO,,triangle-strategy
775,MS10B_X19_C0_1010_M_IDO_0020.wav,MS10B_X19_C0_1010_M_IDO_0020,303,303,303,304,อีดอร์,npc,male,idore,,พวกเราเจ็ดผู้ศักดิ์สิทธิ์ จะเป็นคนควบคุมการพิจารณาคดี,,,BLOCKED_PENDING_REFERENCE_AUDIO,,triangle-strategy
776,MS10B_X19_C0_1010_M_IDO_0030.wav,MS10B_X19_C0_1010_M_IDO_0030,304,304,304,305,อีดอร์,npc,male,idore,,เซเรโนอา วูล์ฟฟอร์ต ผู้ยืนอยู่ต่อหน้าพระองค์ ท่านสาบานต่อเทพธิดาว่าจะพูดความจริงหรือไม่?,,,BLOCKED_PENDING_REFERENCE_AUDIO,,triangle-strategy
777,MS10B_X19_C0_1010_M_IDO_0040.wav,MS10B_X19_C0_1010_M_IDO_0040,305,305,305,306,อีดอร์,npc,male,idore,,รัฐมนตรี เอกซ์เฮม มาเชียล เชิญท่านไต่สวนก่อน,,,BLOCKED_PENDING_REFERENCE_AUDIO,,triangle-strategy
778,MS10B_X19_C0_1010_M_IDO_0050.wav,MS10B_X19_C0_1010_M_IDO_0050,306,306,306,307,อีดอร์,npc,male,idore,,ต่อไป ขอเชิญรัฐมนตรีแคมเซลล์ แฟแรนต์ ทำการไต่สวน,,,BLOCKED_PENDING_REFERENCE_AUDIO,,triangle-strategy
779,MS10B_X19_C0_1010_M_IDO_0060.wav,MS10B_X19_C0_1010_M_IDO_0060,307,307,307,308,อีดอร์,npc,male,idore,,รัฐมนตรีเทเนบริส เชิญท่านต่อได้เลย,,,BLOCKED_PENDING_REFERENCE_AUDIO,,triangle-strategy
780,MS10B_X19_C0_1010_M_IDO_0070.wav,MS10B_X19_C0_1010_M_IDO_0070,308,308,308,309,อีดอร์,npc,male,idore,,รัฐมนตรีไลล่า วิสคราฟต์ เชิญท่านต่อ,,,BLOCKED_PENDING_REFERENCE_AUDIO,,triangle-strategy
781,MS10B_X19_C0_1010_M_IDO_0080.wav,MS10B_X19_C0_1010_M_IDO_0080,309,309,309,310,อีดอร์,npc,male,idore,,ข้า อีดอร์ เดลมิร่า จะขอถามคำถามสุดท้าย,,,BLOCKED_PENDING_REFERENCE_AUDIO,,triangle-strategy
782,MS10B_X19_C0_1010_M_IDO_0090.wav,MS10B_X19_C0_1010_M_IDO_0090,310,310,310,311,อีดอร์,npc,male,idore,,ลอร์ดเซเรโนอา ข้าไม่ขอปฏิเสธว่าบางครั้งซอสเลย์...จะโง่เขลาไปหน่อย,,,BLOCKED_PENDING_REFERENCE_AUDIO,,triangle-strategy
783,MS10B_X19_C0_1010_M_IDO_0100.wav,MS10B_X19_C0_1010_M_IDO_0100,311,311,311,312,อีดอร์,npc,male,idore,,ถึงอย่างไรเขาก็อุทิศตนแด่เทพธิดา และทำงานหนักพอกันกับผู้ศักดิ์สิทธิ์ทั้งหลาย,,,BLOCKED_PENDING_REFERENCE_AUDIO,,triangle-strategy
784,MS10B_X19_C0_1010_M_IDO_0110.wav,MS10B_X19_C0_1010_M_IDO_0110,312,312,312,313,อีดอร์,npc,male,idore,,แม้ว่าเขาจะมีความผิด แต่ข้าเชื่อว่าเทพธิดาจะสนับสนุนเขาอยู่ดี,,,BLOCKED_PENDING_REFERENCE_AUDIO,,triangle-strategy
785,MS10B_X19_C0_1010_M_IDO_0120.wav,MS10B_X19_C0_1010_M_IDO_0120,313,313,313,314,อีดอร์,npc,male,idore,,หากพวกเราจะตัดสินคนเช่นนี้ เราต้องพิสูจน์ความผิดของเขาต่อเทพธิดาเสียเอง,,,BLOCKED_PENDING_REFERENCE_AUDIO,,triangle-strategy
786,MS10B_X19_C0_1010_M_IDO_0130.wav,MS10B_X19_C0_1010_M_IDO_0130,314,314,314,315,อีดอร์,npc,male,idore,,เซเรโนอา วูล์ฟฟอร์ต ข้าขอถามท่าน,,,BLOCKED_PENDING_REFERENCE_AUDIO,,triangle-strategy
787,MS10B_X19_C0_1010_M_IDO_0140.wav,MS10B_X19_C0_1010_M_IDO_0140,315,315,315,316,อีดอร์,npc,male,idore,,เราจะหาหลักฐานมัดตัวซอสเลย์ได้จากที่ใด?,,,BLOCKED_PENDING_REFERENCE_AUDIO,,triangle-strategy
788,MS10B_X19_C0_1010_M_IDO_0150.wav,MS10B_X19_C0_1010_M_IDO_0150,316,316,316,317,อีดอร์,npc,male,idore,,ในตำหนักแห่งนี้เหรอ? สถานที่ที่เราอาศัยและทำงานภายใต้การดูแลของเทพธิดาอย่างนั้นเหรอ?,,,BLOCKED_PENDING_REFERENCE_AUDIO,,triangle-strategy
789,MS10B_X19_C0_1010_M_IDO_0160.wav,MS10B_X19_C0_1010_M_IDO_0160,317,317,317,318,อีดอร์,npc,male,idore,,ช่างน่าผิดหวังเสียจริง เซเรโนอา วูล์ฟฟอร์ต ที่ท่านไม่สามารถเข้าใจได้ถึงอำนาจอันศักดิ์สิทธิ์แห่งเทพธิดา,,,BLOCKED_PENDING_REFERENCE_AUDIO,,triangle-strategy
790,MS10B_X19_C0_1010_M_IDO_0170.wav,MS10B_X19_C0_1010_M_IDO_0170,318,318,318,319,อีดอร์,npc,male,idore,,อ้า... จริงสิ เทพธิดาไม่เพ่งเล็งสถานที่ซึ่งเต็มไปด้วยผู้ศรัทธา,,,BLOCKED_PENDING_REFERENCE_AUDIO,,triangle-strategy
791,MS10B_X19_C0_1010_M_IDO_0180.wav,MS10B_X19_C0_1010_M_IDO_0180,319,319,319,320,อีดอร์,npc,male,idore,,ข้าคิดว่าเราควรไปตรวจค้นค่ายของเขาในนามของนาง,,,BLOCKED_PENDING_REFERENCE_AUDIO,,triangle-strategy
792,MS10B_X19_C0_1010_M_IDO_0190.wav,MS10B_X19_C0_1010_M_IDO_0190,320,320,320,321,อีดอร์,npc,male,idore,,บัญชีแยกประเภทลับงั้นเหรอ? ถึงมันจะเป็นเรื่องจริง แต่จะให้เราพลิกแผ่นดินหาก็ไม่ได้หรอกนะ,,,BLOCKED_PENDING_REFERENCE_AUDIO,,triangle-strategy
793,MS10B_X19_C0_1010_M_IDO_0200.wav,MS10B_X19_C0_1010_M_IDO_0200,321,321,321,322,อีดอร์,npc,male,idore,,หากเทพธิดาไม่เห็นความผิดของเขาด้วยตัวเอง พวกเราคงตัดสินเขาไม่ได้หรอก,,,BLOCKED_PENDING_REFERENCE_AUDIO,,triangle-strategy
794,MS10B_X19_C0_1010_M_IDO_0210.wav,MS10B_X19_C0_1010_M_IDO_0210,322,322,322,323,อีดอร์,npc,male,idore,,ข้าหมดคำถามแล้ว พวกเราขอปรึกษากันก่อน,,,BLOCKED_PENDING_REFERENCE_AUDIO,,triangle-strategy
795,MS10B_X19_C0_1010_M_IDO_0220.wav,MS10B_X19_C0_1010_M_IDO_0220,323,323,323,324,อีดอร์,npc,male,idore,,หัวหน้านักบวชจะตัดสินคดี หลังจากที่พวกเราหารือกันเรียบร้อย,,,BLOCKED_PENDING_REFERENCE_AUDIO,,triangle-strategy
796,MS10B_X19_C0_1010_M_IDO_0230.wav,MS10B_X19_C0_1010_M_IDO_0230,324,324,324,325,อีดอร์,npc,male,idore,,เซเรโนอา วูล์ฟฟอร์ต พระองค์ทรงตัดสินแล้ว,,,BLOCKED_PENDING_REFERENCE_AUDIO,,triangle-strategy
797,MS10B_X19_C0_1010_M_IDO_0240.wav,MS10B_X19_C0_1010_M_IDO_0240,325,325,325,326,อีดอร์,npc,male,idore,,ตระกูลวูล์ฟฟอร์ตนั้นพูดความจริง,,,BLOCKED_PENDING_REFERENCE_AUDIO,,triangle-strategy
798,MS10B_X19_C0_1010_M_IDO_0250.wav,MS10B_X19_C0_1010_M_IDO_0250,326,326,326,327,อีดอร์,npc,male,idore,,ดังนั้น ข้าขอประกาศว่าตระกูลวูล์ฟฟอร์ตเป็นผู้บริสุทธิ์ และซอสเลย์เป็นกบฎ,,,BLOCKED_PENDING_REFERENCE_AUDIO,,triangle-strategy
799,MS10B_X19_C0_1010_M_IDO_0260.wav,MS10B_X19_C0_1010_M_IDO_0260,327,327,327,328,อีดอร์,npc,male,idore,,ใจเย็นๆก่อน เทพธิดายังเมตตาท่านอยู่,,,BLOCKED_PENDING_REFERENCE_AUDIO,,triangle-strategy
800,MS10B_X19_C0_1010_M_IDO_0270.wav,MS10B_X19_C0_1010_M_IDO_0270,328,328,328,329,อีดอร์,npc,male,idore,,ท่านจะประชันหน้ากับตระกูลวูล์ฟฟอร์ต ผู้คว้าชัยจะถูกชำระบาปมลทินทั้งปวง,,,BLOCKED_PENDING_REFERENCE_AUDIO,,triangle-strategy
801,MS10B_X19_C0_1010_M_IDO_0280.wav,MS10B_X19_C0_1010_M_IDO_0280,329,329,329,330,อีดอร์,npc,male,idore,,บาปของท่านนั้นสาหัสซอสเลย์ ดังนั้นเราจึงขอมอบสิ่งนี้ให้ตระกูลวูล์ฟฟอร์ต,,,BLOCKED_PENDING_REFERENCE_AUDIO,,triangle-strategy
802,MS10B_X19_C0_1010_M_IDO_0290.wav,MS10B_X19_C0_1010_M_IDO_0290,330,330,330,331,อีดอร์,npc,male,idore,,พวกเราพบว่า ตระกูลวูล์ฟฟอร์ตเบิกความเท็จ,,,BLOCKED_PENDING_REFERENCE_AUDIO,,triangle-strategy
803,MS10B_X19_C0_1010_M_IDO_0300.wav,MS10B_X19_C0_1010_M_IDO_0300,331,331,331,332,อีดอร์,npc,male,idore,,ท่านกล่าวหาซอสเลย์ผู้น่ายกย่องแห่งเจ็ดผู้ศักดิ์สิทธิ์โดยไร้หลักฐาน ทำให้เขาเสื่อมเสียชื่อเสียง,,,BLOCKED_PENDING_REFERENCE_AUDIO,,triangle-strategy
804,MS10B_X19_C0_1010_M_IDO_0310.wav,MS10B_X19_C0_1010_M_IDO_0310,332,332,332,333,อีดอร์,npc,male,idore,,พวกเราไม่ปล่อยผ่านการกระทำอวดดีเช่นนี้หรอกนะ,,,BLOCKED_PENDING_REFERENCE_AUDIO,,triangle-strategy
805,MS10B_X19_C0_1010_M_IDO_0320.wav,MS10B_X19_C0_1010_M_IDO_0320,333,333,333,334,อีดอร์,npc,male,idore,,โชคดีที่นางยังมีเมตตาแก่คนนอกรีตเช่นท่าน และท่านมีโอกาสสำนึกผิดเพียงครั้งนี้เท่านั้น,,,BLOCKED_PENDING_REFERENCE_AUDIO,,triangle-strategy
806,MS10B_X19_C0_1010_M_IDO_0330.wav,MS10B_X19_C0_1010_M_IDO_0330,334,334,334,335,อีดอร์,npc,male,idore,,จงเป็นผู้ชนะในศึกประชันหน้าต่อสู้ทัพทหารซอสเลย์,,,BLOCKED_PENDING_REFERENCE_AUDIO,,triangle-strategy
807,MS10B_X19_C0_1010_M_IDO_0340.wav,MS10B_X19_C0_1010_M_IDO_0340,335,335,335,336,อีดอร์,npc,male,idore,,ผู้ที่ทำให้เทพธิดาประทับใจ จะได้รับการชำระมลทิน,,,BLOCKED_PENDING_REFERENCE_AUDIO,,triangle-strategy
808,MS10B_X19_C0_1010_M_KNS_0010.wav,MS10B_X19_C0_1010_M_KNS_0010,336,336,336,337,แคมเซลล์,npc,male,kamsell,,ท่านก้าวเข้ามาในเขตแดนของเรา กล่าวหาพวกเราและทำให้ตกอยู่ในสถานการณ์ลำบาก,,,BLOCKED_PENDING_REFERENCE_AUDIO,,triangle-strategy
809,MS10B_X19_C0_1010_M_KNS_0020.wav,MS10B_X19_C0_1010_M_KNS_0020,337,337,337,338,แคมเซลล์,npc,male,kamsell,,แม้ว่าเราจะต้อนรับทุกคน แต่พวกเราก็ต้องระวังคนที่ฉวยโอกาสจากความใจกว้างของเราเช่นกัน,,,BLOCKED_PENDING_REFERENCE_AUDIO,,triangle-strategy
810,MS10B_X19_C0_1010_M_KNS_0030.wav,MS10B_X19_C0_1010_M_KNS_0030,338,338,338,339,แคมเซลล์,npc,male,kamsell,,ถ้าจู่ๆ มีคนแปลกหน้ามากล่าวคนของท่าน แล้วท่านจะปักหลักเชื่อเขาไหม?,,,BLOCKED_PENDING_REFERENCE_AUDIO,,triangle-strategy
811,MS10B_X19_C0_1010_M_KNS_0040.wav,MS10B_X19_C0_1010_M_KNS_0040,339,339,339,340,แคมเซลล์,npc,male,kamsell,,ท่านมีหลักฐานยืนยันความผิดที่เกิดขึ้นในอาณาจักรเราจริงๆหรือ?,,,BLOCKED_PENDING_REFERENCE_AUDIO,,triangle-strategy
812,MS10B_X19_C0_1010_M_KNS_0050.wav,MS10B_X19_C0_1010_M_KNS_0050,340,340,340,341,แคมเซลล์,npc,male,kamsell,,น่าเสียดายจริงๆนะ ลอร์ดเซเรโนอา มีแค่ข่าวลือคงดำเนินคดีใครไม่ได้หรอก,,,BLOCKED_PENDING_REFERENCE_AUDIO,,triangle-strategy
813,MS10B_X19_C0_1010_M_KNS_0060.wav,MS10B_X19_C0_1010_M_KNS_0060,341,341,341,342,แคมเซลล์,npc,male,kamsell,,หลักฐานของท่านก็คือข่าวลืออีกเรื่องงั้นเหรอ? ไม่รู้ว่าเอามาจากไหนด้วยซ้ำ,,,BLOCKED_PENDING_REFERENCE_AUDIO,,triangle-strategy
814,MS10B_X19_C0_1010_M_KNS_0070.wav,MS10B_X19_C0_1010_M_KNS_0070,342,342,342,343,แคมเซลล์,npc,male,kamsell,,บ้านเกิดของท่านใส่ร้ายผู้คนจากข่าวลือสินะ? ไม่น่าใช่มั้งท่าน,,,BLOCKED_PENDING_REFERENCE_AUDIO,,triangle-strategy
815,MS10B_X19_C0_1010_M_KNS_0080.wav,MS10B_X19_C0_1010_M_KNS_0080,343,343,343,344,แคมเซลล์,npc,male,kamsell,,โอ้? ประชาชนของเราเองเหรอเนี่ย?,,,BLOCKED_PENDING_REFERENCE_AUDIO,,triangle-strategy
816,MS10B_X19_C0_1010_M_KNS_0090.wav,MS10B_X19_C0_1010_M_KNS_0090,344,344,344,345,แคมเซลล์,npc,male,kamsell,,ผู้ที่ถูกมอบหมายให้ปกป้องนาเกลือ ต้องสาบานต่อหน้าเทพธิดาว่าจะทำหน้าที่อย่างสัตย์จริง...,,,BLOCKED_PENDING_REFERENCE_AUDIO,,triangle-strategy
817,MS10B_X19_C0_1010_M_KNS_0100.wav,MS10B_X19_C0_1010_M_KNS_0100,345,345,345,346,แคมเซลล์,npc,male,kamsell,,เอาล่ะ เหมือนว่าเราจะต้องพิจารณาเรื่องนี้อีกสักหน่อย,,,BLOCKED_PENDING_REFERENCE_AUDIO,,triangle-strategy
818,MS10B_X19_C0_1010_M_KNS_0110.wav,MS10B_X19_C0_1010_M_KNS_0110,346,346,346,347,แคมเซลล์,npc,male,kamsell,,ข้าหมดเรื่องถามแล้ว,,,BLOCKED_PENDING_REFERENCE_AUDIO,,triangle-strategy
819,MS10B_X19_C0_1010_M_SEL_0010.wav,MS10B_X19_C0_1010_M_SEL_0010,347,347,347,348,Serenoa,main,male,serenoa,assets/triangle-strategy/approved_voice_references/serenoa.wav,ข้าสาบานขอรับ,,,PENDING_MANUAL_GENERATION,,triangle-strategy
820,MS10B_X19_C0_1010_M_SEL_0030.wav,MS10B_X19_C0_1010_M_SEL_0030,348,348,348,349,Serenoa,main,male,serenoa,assets/triangle-strategy/approved_voice_references/serenoa.wav,ข้าไม่มีทางลืมแน่นอน แต่ว่า-,,,PENDING_MANUAL_GENERATION,,triangle-strategy
821,MS10B_X19_C0_1010_M_SEL_0040.wav,MS10B_X19_C0_1010_M_SEL_0040,349,349,349,350,Serenoa,main,male,serenoa,assets/triangle-strategy/approved_voice_references/serenoa.wav,ก็เพราะซอสเลย์คือผู้ปฏิบัติตามวาจาของนางในฐานะเจ็ดผู้ศักดิ์สิทธิ์ เขาจึงต้องยอมรับผิดขอรับ,,,PENDING_MANUAL_GENERATION,,triangle-strategy
822,MS10B_X19_C0_1010_M_SEL_0050.wav,MS10B_X19_C0_1010_M_SEL_0050,350,350,350,351,Serenoa,main,male,serenoa,assets/triangle-strategy/approved_voice_references/serenoa.wav,ข้าเขียนทุกอย่างลงรายงานทั้งหมด ตามธรรมเนียมของพวกท่านแล้ว,,,PENDING_MANUAL_GENERATION,,triangle-strategy
823,MS10B_X19_C0_1010_M_SEL_0070.wav,MS10B_X19_C0_1010_M_SEL_0070,351,351,351,352,Serenoa,main,male,serenoa,assets/triangle-strategy/approved_voice_references/serenoa.wav,เกรงว่าพวกเราไม่มีหลักฐานชัดเจนขอรับ,,,PENDING_MANUAL_GENERATION,,triangle-strategy
824,MS10B_X19_C0_1010_M_SEL_0080.wav,MS10B_X19_C0_1010_M_SEL_0080,352,352,352,353,Serenoa,main,male,serenoa,assets/triangle-strategy/approved_voice_references/serenoa.wav,ได้ยินว่ามีเรือสินค้าที่หายไปจากท่าในยามค่ำคืน เรือลำนั้นอาจบรรทุกเกลือผิดกฎหมายขอรับ,,,PENDING_MANUAL_GENERATION,,triangle-strategy
825,MS10B_X19_C0_1010_M_SEL_0090.wav,MS10B_X19_C0_1010_M_SEL_0090,353,353,353,354,Serenoa,main,male,serenoa,assets/triangle-strategy/approved_voice_references/serenoa.wav,ข้ามีพยานผู้เห็นเหตุการณ์ เป็นทหารเฝ้านาเกลือขอรับ,,,PENDING_MANUAL_GENERATION,,triangle-strategy
826,MS10B_X19_C0_1010_M_SEL_0110.wav,MS10B_X19_C0_1010_M_SEL_0110,354,354,354,355,Serenoa,main,male,serenoa,assets/triangle-strategy/approved_voice_references/serenoa.wav,แม้ข้าจะไม่เข้าใจในเจตจำนง แต่ขอให้ท่านเชื่อใจข้าเถิด,,,PENDING_MANUAL_GENERATION,,triangle-strategy
827,MS10B_X19_C0_1010_M_SEL_0120.wav,MS10B_X19_C0_1010_M_SEL_0120,355,355,355,356,Serenoa,main,male,serenoa,assets/triangle-strategy/approved_voice_references/serenoa.wav,ซอสเลย์แอบพบกับขุนนางเกลนบรู๊คระดับสูงเป็นการส่วนตัว และติดสินบนเขา,,,PENDING_MANUAL_GENERATION,,triangle-strategy
828,MS10B_X19_C0_1010_M_SEL_0130.wav,MS10B_X19_C0_1010_M_SEL_0130,356,356,356,357,Serenoa,main,male,serenoa,assets/triangle-strategy/approved_voice_references/serenoa.wav,เลขาของรัฐมนตรีไลล่าช่วยยืนยันได้ขอรับ,,,PENDING_MANUAL_GENERATION,,triangle-strategy
829,MS10B_X19_C0_1010_M_SEL_0140.wav,MS10B_X19_C0_1010_M_SEL_0140,357,357,357,358,Serenoa,main,male,serenoa,assets/triangle-strategy/approved_voice_references/serenoa.wav,ลอร์ดแคลรุสแห่งสมาคมเป็นคนแจ้งเรื่องบัญชีลับของซอสเลย์กับข้า หากท่านไม่เชื่อข้า อย่างน้อยท่านก็ต้องเชื่อเขา,,,PENDING_MANUAL_GENERATION,,triangle-strategy
830,MS10B_X19_C0_1010_M_SEL_0160.wav,MS10B_X19_C0_1010_M_SEL_0160,358,358,358,359,Serenoa,main,male,serenoa,assets/triangle-strategy/approved_voice_references/serenoa.wav,เกลือผิดกฎหมายคือเกลือไร้คุณภาพ ผสมกับสารเสพติดนานาชนิด ซอสเลย์จึงปิดปากขุนนางด้วยเงินขอรับ,,,PENDING_MANUAL_GENERATION,,triangle-strategy
831,MS10B_X19_C0_1010_M_SEL_0170.wav,MS10B_X19_C0_1010_M_SEL_0170,359,359,359,360,Serenoa,main,male,serenoa,assets/triangle-strategy/approved_voice_references/serenoa.wav,ข้าเชื่อว่าเขาต้องการปิดปากเรื่องจุดหมายปลายทางของเกลือผิดกฎหมายแน่นอน,,,PENDING_MANUAL_GENERATION,,triangle-strategy
832,MS10B_X19_C0_1010_M_SEL_0180.wav,MS10B_X19_C0_1010_M_SEL_0180,360,360,360,361,Serenoa,main,male,serenoa,assets/triangle-strategy/approved_voice_references/serenoa.wav,เรือที่หายไปในคืนนั้นคงมีเกลือผิดกฎหมายอยู่ เขาจึงอยากปิดปากเงียบขอรับ,,,PENDING_MANUAL_GENERATION,,triangle-strategy
833,MS10B_X19_C0_1010_M_SEL_0200.wav,MS10B_X19_C0_1010_M_SEL_0200,361,361,361,362,Serenoa,main,male,serenoa,assets/triangle-strategy/approved_voice_references/serenoa.wav,พวกเราตรวจค้นเมืองแล้วไม่พบอะไร ข้าจึงคิดว่ามีบางสิ่งซ่อนอยู่ในตำหนักอย่างแน่นอน,,,PENDING_MANUAL_GENERATION,,triangle-strategy
834,MS10B_X19_C0_1010_M_SEL_0210.wav,MS10B_X19_C0_1010_M_SEL_0210,362,362,362,363,Serenoa,main,male,serenoa,assets/triangle-strategy/approved_voice_references/serenoa.wav,ต้องมีหลักฐานในค่ายเอนด์แน่นอนขอรับ,,,PENDING_MANUAL_GENERATION,,triangle-strategy
835,MS10B_X19_C0_1010_M_SEL_0220.wav,MS10B_X19_C0_1010_M_SEL_0220,363,363,363,364,Serenoa,main,male,serenoa,assets/triangle-strategy/approved_voice_references/serenoa.wav,เขาจดบันทึกข้อมูลการซื้อขายต่างๆไว้ในบัญชีแยกประเภทลับ มันน่าจะอยู่ที่ใดสักแห่งในไฮแซนต์ขอรับ,,,PENDING_MANUAL_GENERATION,,triangle-strategy
836,MS10B_X19_C0_1010_M_SEL_0230.wav,MS10B_X19_C0_1010_M_SEL_0230,364,364,364,365,Serenoa,main,male,serenoa,assets/triangle-strategy/approved_voice_references/serenoa.wav,ประชันหน้ากันเหรอ!?,,,PENDING_MANUAL_GENERATION,,triangle-strategy
837,MS10B_X19_C0_1010_M_SEL_0240.wav,MS10B_X19_C0_1010_M_SEL_0240,365,365,365,366,Serenoa,main,male,serenoa,assets/triangle-strategy/approved_voice_references/serenoa.wav,เดี๋ยวสิขอรับ! พวกเราไม่ได้ตั้งใจจะเหยียดหยามเทพธิดาเลยนะ!,,,PENDING_MANUAL_GENERATION,,triangle-strategy
838,MS10B_X19_C0_1010_M_SLS_0010.wav,MS10B_X19_C0_1010_M_SLS_0010,366,366,366,367,Sorsley,npc,male,sorsley,assets/triangle-strategy/approved_voice_references/sorsley.wav,หะ-หา!?,,,PENDING_MANUAL_GENERATION,,triangle-strategy
839,MS10B_X19_C0_1010_M_SLS_0020.wav,MS10B_X19_C0_1010_M_SLS_0020,367,367,367,368,Sorsley,npc,male,sorsley,assets/triangle-strategy/approved_voice_references/sorsley.wav,ขอบคุณที่เข้าใจขอรับ! ความเมตตาของนางคือสิ่งใดเหรอ!?,,,PENDING_MANUAL_GENERATION,,triangle-strategy
840,MS10B_X19_C0_1010_M_SLS_0030.wav,MS10B_X19_C0_1010_M_SLS_0030,368,368,368,369,Sorsley,npc,male,sorsley,assets/triangle-strategy/approved_voice_references/sorsley.wav,หะ-หา!?,,,PENDING_MANUAL_GENERATION,,triangle-strategy
841,MS10B_X19_WD_0010_N_NNN_0010.wav,MS10B_X19_WD_0010_N_NNN_0010,369,369,369,370,Narrator,narrator,female,narrator,assets/triangle-strategy/approved_voice_references/narrator.wav,เซเรโนอาและผองเพื่อนล่วงรู้แผนการค้าเกลือผิดกฎหมายแห่งตระกูลเอนด์ แต่กลับหาหลักฐานมัดตัวไม่ได้,,,PENDING_MANUAL_GENERATION,,triangle-strategy
842,MS10B_X19_WD_0010_N_NNN_0020.wav,MS10B_X19_WD_0010_N_NNN_0020,370,370,370,371,Narrator,narrator,female,narrator,assets/triangle-strategy/approved_voice_references/narrator.wav,พวกเขากำลังสั่นคลอนและดิ้นรนเจรจากับแคมเซลล์ รัฐมนตรีกิจการภายในประเทศ เพื่อฟ้องร้องดำเนินคดี,,,PENDING_MANUAL_GENERATION,,triangle-strategy
