line_no,file_name,self_id,cue,sequence,waveform,awb_stream,character_name,role,gender,voice_target,reference_audio,thai_text,pronunciation_note,prosody_note,status,tts_text,voice_project
1,MS18B_X39_A0_0010_M_BND_0010.wav,MS18B_X39_A0_0010_M_BND_0010,0,0,0,1,Benedict,main,male,benedict,assets/triangle-strategy/approved_voice_references/benedict.wav,เช่นนั้นเรามาเริ่มเจรจากันเลยขอรับ,,,PENDING_MANUAL_GENERATION,,triangle-strategy
2,MS18B_X39_A0_0010_M_BND_0020.wav,MS18B_X39_A0_0010_M_BND_0020,1,1,1,2,Benedict,main,male,benedict,assets/triangle-strategy/approved_voice_references/benedict.wav,แบบนั้นคงไม่ได้ขอรับ,,,PENDING_MANUAL_GENERATION,,triangle-strategy
3,MS18B_X39_A0_0010_M_BND_0030.wav,MS18B_X39_A0_0010_M_BND_0030,2,2,2,3,Benedict,main,male,benedict,assets/triangle-strategy/approved_voice_references/benedict.wav,อาร์ชดยุก วอนท่านช่วยตอบคำถามข้าด้วย... ท่านจะเอาเกลือไปทำอะไรขอรับ?,,,PENDING_MANUAL_GENERATION,,triangle-strategy
4,MS18B_X39_A0_0010_M_BND_0040.wav,MS18B_X39_A0_0010_M_BND_0040,3,3,3,4,Benedict,main,male,benedict,assets/triangle-strategy/approved_voice_references/benedict.wav,ทำเช่นนั้นก็ไม่ต่างจากพวกไฮแซนต์ที่ผูกขาดเกลือหรอกขอรับ,,,PENDING_MANUAL_GENERATION,,triangle-strategy
5,MS18B_X39_A0_0010_M_BND_0050.wav,MS18B_X39_A0_0010_M_BND_0050,4,4,4,5,Benedict,main,male,benedict,assets/triangle-strategy/approved_voice_references/benedict.wav,ข้าขอแย้งท่านหน่อย พวกเราตั้งใจจะทำให้เกลือจับต้องได้สำหรับทุกคนต่างหาก,,,PENDING_MANUAL_GENERATION,,triangle-strategy
6,MS18B_X39_A0_0010_M_BND_0060.wav,MS18B_X39_A0_0010_M_BND_0060,5,5,5,6,Benedict,main,male,benedict,assets/triangle-strategy/approved_voice_references/benedict.wav,ใครๆ ก็สามารถซื้อเกลือได้ตามต้องการ ด้วยราคาอันน้อยนิด,,,PENDING_MANUAL_GENERATION,,triangle-strategy
7,MS18B_X39_A0_0010_M_BND_0070.wav,MS18B_X39_A0_0010_M_BND_0070,6,6,6,7,Benedict,main,male,benedict,assets/triangle-strategy/approved_voice_references/benedict.wav,เพื่อสร้างโลกที่เต็มไปด้วยโอกาสโดยใช้เกลือขอรับ อย่างเช่น...,,,PENDING_MANUAL_GENERATION,,triangle-strategy
8,MS18B_X39_A0_0010_M_BND_0080.wav,MS18B_X39_A0_0010_M_BND_0080,7,7,7,8,Benedict,main,male,benedict,assets/triangle-strategy/approved_voice_references/benedict.wav,การถนอมอาหารด้วยเกลือ จะทำให้ชีวิตและการค้าขายเฟื่องฟูกว่าเก่า,,,PENDING_MANUAL_GENERATION,,triangle-strategy
9,MS18B_X39_A0_0010_M_BND_0090.wav,MS18B_X39_A0_0010_M_BND_0090,8,8,8,9,Benedict,main,male,benedict,assets/triangle-strategy/approved_voice_references/benedict.wav,การนำเกลือมาช่วยผลิตหนังและแก้ว จะทำให้เราได้สินค้าคุณภาพสูงกว่าเดิม,,,PENDING_MANUAL_GENERATION,,triangle-strategy
10,MS18B_X39_A0_0010_M_BND_0100.wav,MS18B_X39_A0_0010_M_BND_0100,9,9,9,10,Benedict,main,male,benedict,assets/triangle-strategy/approved_voice_references/benedict.wav,ชาวนาอาจนำเกลือไปใช้กับปศุสัตว์ หรือจะนำไปทำเป็นยาสารพัด...,,,PENDING_MANUAL_GENERATION,,triangle-strategy
11,MS18B_X39_A0_0010_M_BND_0110.wav,MS18B_X39_A0_0010_M_BND_0110,10,10,10,11,Benedict,main,male,benedict,assets/triangle-strategy/approved_voice_references/benedict.wav,นำไปสร้างระเบิดก็ยังได้ขอรับ,,,PENDING_MANUAL_GENERATION,,triangle-strategy
12,MS18B_X39_A0_0010_M_BND_0120.wav,MS18B_X39_A0_0010_M_BND_0120,11,11,11,12,Benedict,main,male,benedict,assets/triangle-strategy/approved_voice_references/benedict.wav,นี่เป็นเพียงตัวอย่างบางส่วนเท่านั้น หากเรามอบเกลือให้ประชาชนควบคุม...พวกเขาอาจจะค้นพบประโยชน์ของมันนอกเหนือจากนี้ก็เป็นได้,,,PENDING_MANUAL_GENERATION,,triangle-strategy
13,MS18B_X39_A0_0010_M_BND_0130.wav,MS18B_X39_A0_0010_M_BND_0130,12,12,12,13,Benedict,main,male,benedict,assets/triangle-strategy/approved_voice_references/benedict.wav,ยุคทองแห่งนอร์เซเลียที่ทุกคนเจริญรุ่งเรืองอยู่ไม่ไกลแล้วขอรับ,,,PENDING_MANUAL_GENERATION,,triangle-strategy
14,MS18B_X39_A0_0010_M_BND_0140.wav,MS18B_X39_A0_0010_M_BND_0140,13,13,13,14,Benedict,main,male,benedict,assets/triangle-strategy/approved_voice_references/benedict.wav,เพราะพวกเขาไม่ได้รับโอกาสขอรับ แต่หากเราวางระบบไว้ดีพอ...ยังไงพวกเขาก็เรียนรู้ได้,,,PENDING_MANUAL_GENERATION,,triangle-strategy
15,MS18B_X39_A0_0010_M_BND_0150.wav,MS18B_X39_A0_0010_M_BND_0150,14,14,14,15,Benedict,main,male,benedict,assets/triangle-strategy/approved_voice_references/benedict.wav,ข้าได้วางแผนแจกจ่ายเกลือให้ทุกคนมานานหลายปีแล้วขอรับ,,,PENDING_MANUAL_GENERATION,,triangle-strategy
16,MS18B_X39_A0_0010_M_BND_0160.wav,MS18B_X39_A0_0010_M_BND_0160,15,15,15,16,Benedict,main,male,benedict,assets/triangle-strategy/approved_voice_references/benedict.wav,และอาณาจักรที่ท่านอยากโค่นล้มก็คิดเช่นเดียวกัน...พวกเขาจึงต้องหาทางควบคุมเกลือผ่านอำนาจเทพธิดายังไงล่ะ,,,PENDING_MANUAL_GENERATION,,triangle-strategy
17,MS18B_X39_A0_0010_M_BND_0170.wav,MS18B_X39_A0_0010_M_BND_0170,16,16,16,17,Benedict,main,male,benedict,assets/triangle-strategy/approved_voice_references/benedict.wav,เช่นนั้นข้าขอถามกลับ ท่านไม่รู้เรื่องนี้จริงเหรอขอรับ?,,,PENDING_MANUAL_GENERATION,,triangle-strategy
18,MS18B_X39_A0_0010_M_BND_0180.wav,MS18B_X39_A0_0010_M_BND_0180,17,17,17,18,Benedict,main,male,benedict,assets/triangle-strategy/approved_voice_references/benedict.wav,มันเขียนอยู่ในหนังสือที่ดราแกนมอบให้เราแท้ๆ,,,PENDING_MANUAL_GENERATION,,triangle-strategy
19,MS18B_X39_A0_0010_M_BND_0190.wav,MS18B_X39_A0_0010_M_BND_0190,18,18,18,19,Benedict,main,male,benedict,assets/triangle-strategy/approved_voice_references/benedict.wav,อีกเดี๋ยวไฮแซนต์ก็รู้ทันแผนพวกเราแล้ว รีบประชุมสภาสงครามกันดีกว่าขอรับ,,,PENDING_MANUAL_GENERATION,,triangle-strategy
20,MS18B_X39_A0_0010_M_GST_0010.wav,MS18B_X39_A0_0010_M_GST_0010,19,19,19,20,กุสตาดอล์ฟ,npc,male,gustadolph,assets/triangle-strategy/approved_voice_references/gustadolph.wav,น่าสนใจดีนี่,,,PENDING_MANUAL_GENERATION,,triangle-strategy
21,MS18B_X39_A0_0010_M_GST_0020.wav,MS18B_X39_A0_0010_M_GST_0020,20,20,20,21,กุสตาดอล์ฟ,npc,male,gustadolph,assets/triangle-strategy/approved_voice_references/gustadolph.wav,ท่านเคยขัดขืนข้าที่นี่มาก่อน แต่ตอนนี้กลับวอนขอความช่วยเหลือในฐานะกษัตริย์เกลนบรู๊คงั้นเหรอ,,,PENDING_MANUAL_GENERATION,,triangle-strategy
22,MS18B_X39_A0_0010_M_GST_0030.wav,MS18B_X39_A0_0010_M_GST_0030,21,21,21,22,กุสตาดอล์ฟ,npc,male,gustadolph,assets/triangle-strategy/approved_voice_references/gustadolph.wav,นี่ไม่ได้ต้องการคำขอโทษอยู่ใช่ไหม ข้าคิดว่าพวกเรากำลังแย่งชิงอำนาจกันเองอยู่นะ,,,PENDING_MANUAL_GENERATION,,triangle-strategy
23,MS18B_X39_A0_0010_M_GST_0040.wav,MS18B_X39_A0_0010_M_GST_0040,22,22,22,23,กุสตาดอล์ฟ,npc,male,gustadolph,assets/triangle-strategy/approved_voice_references/gustadolph.wav,แล้วจะให้ข้าเชื่อว่าผู้ศักดิ์สิทธิ์เช่นท่าน ต้องการโค่นล้มรัฐศักดิ์สิทธิ์เสียเองงั้นเหรอ?,,,PENDING_MANUAL_GENERATION,,triangle-strategy
24,MS18B_X39_A0_0010_M_GST_0050.wav,MS18B_X39_A0_0010_M_GST_0050,23,23,23,24,กุสตาดอล์ฟ,npc,male,gustadolph,assets/triangle-strategy/approved_voice_references/gustadolph.wav,อืม ยังไงข้าก็จะโค่นไฮแซนต์อยู่แล้ว,,,PENDING_MANUAL_GENERATION,,triangle-strategy
25,MS18B_X39_A0_0010_M_GST_0060.wav,MS18B_X39_A0_0010_M_GST_0060,24,24,24,25,กุสตาดอล์ฟ,npc,male,gustadolph,assets/triangle-strategy/approved_voice_references/gustadolph.wav,...เงียบเสีย! ข้ามาเพื่อเจรจากับฝ่าบาทเซเรโนอา ไม่ใช่บริวารของเขา,,,PENDING_MANUAL_GENERATION,,triangle-strategy
26,MS18B_X39_A0_0010_M_GST_0070.wav,MS18B_X39_A0_0010_M_GST_0070,25,25,25,26,กุสตาดอล์ฟ,npc,male,gustadolph,assets/triangle-strategy/approved_voice_references/gustadolph.wav,อืม สรุปแล้วเหยี่ยวตัวนี้ไม่ได้แหกกรง แต่บริวารเป็นผู้เปิดประตูให้สินะ...,,,PENDING_MANUAL_GENERATION,,triangle-strategy
27,MS18B_X39_A0_0010_M_GST_0080.wav,MS18B_X39_A0_0010_M_GST_0080,26,26,26,27,กุสตาดอล์ฟ,npc,male,gustadolph,assets/triangle-strategy/approved_voice_references/gustadolph.wav,ก่อนอื่นเลย ข้าต้องขอพูดให้ชัดเจน,,,PENDING_MANUAL_GENERATION,,triangle-strategy
28,MS18B_X39_A0_0010_M_GST_0090.wav,MS18B_X39_A0_0010_M_GST_0090,27,27,27,28,กุสตาดอล์ฟ,npc,male,gustadolph,assets/triangle-strategy/approved_voice_references/gustadolph.wav,หากต้องการให้ร่วมมือ...เจ้าต้องยกเหมืองคริสตัลเกลือแก่ข้า มันเป็นของเอสฟรอสต์เพราะเราเป็นฝ่ายพบมันก่อน,,,PENDING_MANUAL_GENERATION,,triangle-strategy
29,MS18B_X39_A0_0010_M_GST_0100.wav,MS18B_X39_A0_0010_M_GST_0100,28,28,28,29,กุสตาดอล์ฟ,npc,male,gustadolph,assets/triangle-strategy/approved_voice_references/gustadolph.wav,งั้นเราก็คงหมดเรื่องคุยแล้ว,,,PENDING_MANUAL_GENERATION,,triangle-strategy
30,MS18B_X39_A0_0010_M_GST_0110.wav,MS18B_X39_A0_0010_M_GST_0110,29,29,29,30,กุสตาดอล์ฟ,npc,male,gustadolph,assets/triangle-strategy/approved_voice_references/gustadolph.wav,ประชาชนต้องใช้เกลือเพื่อดำรงชีวิต,,,PENDING_MANUAL_GENERATION,,triangle-strategy
31,MS18B_X39_A0_0010_M_GST_0120.wav,MS18B_X39_A0_0010_M_GST_0120,30,30,30,31,กุสตาดอล์ฟ,npc,male,gustadolph,assets/triangle-strategy/approved_voice_references/gustadolph.wav,แต่ไฮแซนต์กับสมาคมมันควบคุมเกลือในนอร์เซเลียทั้งหมด ที่ภาษีสูงลิ่วจนแทบไม่มีปัญญาซื้อเกลือก็เป็นเพราะพวกมัน,,,PENDING_MANUAL_GENERATION,,triangle-strategy
32,MS18B_X39_A0_0010_M_GST_0130.wav,MS18B_X39_A0_0010_M_GST_0130,31,31,31,32,กุสตาดอล์ฟ,npc,male,gustadolph,assets/triangle-strategy/approved_voice_references/gustadolph.wav,หากกำจัดไฮแซนต์ได้เมื่อไหร่ ข้าจะทำลายสมาคม ยกเลิกภาษีเกลือของพวกมันและจัดตั้งการค้าเสรี,,,PENDING_MANUAL_GENERATION,,triangle-strategy
33,MS18B_X39_A0_0010_M_GST_0135.wav,MS18B_X39_A0_0010_M_GST_0135,32,32,32,33,กุสตาดอล์ฟ,npc,male,gustadolph,assets/triangle-strategy/approved_voice_references/gustadolph.wav,ข้าจะทำให้ทุกคนได้รับเกลืออย่างเท่าเทียม,,,PENDING_MANUAL_GENERATION,,triangle-strategy
34,MS18B_X39_A0_0010_M_GST_0140.wav,MS18B_X39_A0_0010_M_GST_0140,33,33,33,34,กุสตาดอล์ฟ,npc,male,gustadolph,assets/triangle-strategy/approved_voice_references/gustadolph.wav,ข้าไม่ได้โลภมากเหมือนพวกมัน! ทุกคนที่อยู่ภายใต้การปกครองของข้า จะมีเกลือไว้ใช้สอยอย่างเท่าเทียม พวกเขาจะได้มีอิสระเสียที!,,,PENDING_MANUAL_GENERATION,,triangle-strategy
35,MS18B_X39_A0_0010_M_GST_0150.wav,MS18B_X39_A0_0010_M_GST_0150,34,34,34,35,กุสตาดอล์ฟ,npc,male,gustadolph,assets/triangle-strategy/approved_voice_references/gustadolph.wav,นี่คือหนทางเดียวของเรา,,,PENDING_MANUAL_GENERATION,,triangle-strategy
36,MS18B_X39_A0_0010_M_GST_0160.wav,MS18B_X39_A0_0010_M_GST_0160,35,35,35,36,กุสตาดอล์ฟ,npc,male,gustadolph,assets/triangle-strategy/approved_voice_references/gustadolph.wav,นี่เจ้าจะให้ประชาชนบริหารเกลือกันเองเนี่ยนะ!?,,,PENDING_MANUAL_GENERATION,,triangle-strategy
37,MS18B_X39_A0_0010_M_GST_0170.wav,MS18B_X39_A0_0010_M_GST_0170,36,36,36,37,กุสตาดอล์ฟ,npc,male,gustadolph,assets/triangle-strategy/approved_voice_references/gustadolph.wav,เพื่ออะไร!?,,,PENDING_MANUAL_GENERATION,,triangle-strategy
38,MS18B_X39_A0_0010_M_GST_0180.wav,MS18B_X39_A0_0010_M_GST_0180,37,37,37,38,กุสตาดอล์ฟ,npc,male,gustadolph,assets/triangle-strategy/approved_voice_references/gustadolph.wav,เจ้ารู้เรื่องพวกนี้ได้ยังไง!?,,,PENDING_MANUAL_GENERATION,,triangle-strategy
39,MS18B_X39_A0_0010_M_GST_0190.wav,MS18B_X39_A0_0010_M_GST_0190,38,38,38,39,กุสตาดอล์ฟ,npc,male,gustadolph,assets/triangle-strategy/approved_voice_references/gustadolph.wav,...ไม่คิดว่าเจ้าจะเป็นคนช่างฝันขนาดนี้ พวกเราต่างรู้ดีว่าประชาชนไม่มีปัญญาทำการวิจัยคิดค้น,,,PENDING_MANUAL_GENERATION,,triangle-strategy
40,MS18B_X39_A0_0010_M_GST_0200.wav,MS18B_X39_A0_0010_M_GST_0200,39,39,39,40,กุสตาดอล์ฟ,npc,male,gustadolph,assets/triangle-strategy/approved_voice_references/gustadolph.wav,คนโลภมันน่ากลัว อีกไม่ช้าพวกเขาก็จะทรยศผู้นำ...หลงระเริงไปกับอำนาจเกลือ,,,PENDING_MANUAL_GENERATION,,triangle-strategy
41,MS18B_X39_A0_0010_M_GST_0210.wav,MS18B_X39_A0_0010_M_GST_0210,40,40,40,41,กุสตาดอล์ฟ,npc,male,gustadolph,assets/triangle-strategy/approved_voice_references/gustadolph.wav,อืม...,,,PENDING_MANUAL_GENERATION,,triangle-strategy
42,MS18B_X39_A0_0010_M_GST_0220.wav,MS18B_X39_A0_0010_M_GST_0220,41,41,41,42,กุสตาดอล์ฟ,npc,male,gustadolph,assets/triangle-strategy/approved_voice_references/gustadolph.wav,...ขอถามหน่อยสิ เจ้าไปรู้เรื่องสรรพคุณเกลือเช่นนี้มาจากไหน?,,,PENDING_MANUAL_GENERATION,,triangle-strategy
43,MS18B_X39_A0_0010_M_GST_0230.wav,MS18B_X39_A0_0010_M_GST_0230,42,42,42,43,กุสตาดอล์ฟ,npc,male,gustadolph,assets/triangle-strategy/approved_voice_references/gustadolph.wav,ดราแกน... เจ้าจะสื่อว่านี่เป็นความรู้จากพรรคพวกของข้างั้นรึ?,,,PENDING_MANUAL_GENERATION,,triangle-strategy
44,MS18B_X39_A0_0010_M_GST_0240.wav,MS18B_X39_A0_0010_M_GST_0240,43,43,43,44,กุสตาดอล์ฟ,npc,male,gustadolph,assets/triangle-strategy/approved_voice_references/gustadolph.wav,หากข้าแต่งตั้งเขาเป็นนายกรัฐมนตรีแต่แรก เราคงไม่ตกที่นั่งลำบากเช่นนี้...,,,PENDING_MANUAL_GENERATION,,triangle-strategy
45,MS18B_X39_A0_0010_M_GST_0250.wav,MS18B_X39_A0_0010_M_GST_0250,44,44,44,45,กุสตาดอล์ฟ,npc,male,gustadolph,assets/triangle-strategy/approved_voice_references/gustadolph.wav,...กรรมสนองข้าที่สังหารเขาแล้วสินะ,,,PENDING_MANUAL_GENERATION,,triangle-strategy
46,MS18B_X39_A0_0010_M_GST_0260.wav,MS18B_X39_A0_0010_M_GST_0260,45,45,45,46,กุสตาดอล์ฟ,npc,male,gustadolph,assets/triangle-strategy/approved_voice_references/gustadolph.wav,ก็ได้ ข้าจะเป็นสหายร่วมอุดมการณ์วูล์ฟฟอร์ต เราจะพลิกโฉมโลกไปด้วยกัน,,,PENDING_MANUAL_GENERATION,,triangle-strategy
47,MS18B_X39_A0_0010_M_GST_0270.wav,MS18B_X39_A0_0010_M_GST_0270,46,46,46,47,กุสตาดอล์ฟ,npc,male,gustadolph,assets/triangle-strategy/approved_voice_references/gustadolph.wav,ตัวข้า...อาร์ชดยุกแห่งเอสฟรอสต์ ขอปฏิญาณความภักดีต่อท่าน,,,PENDING_MANUAL_GENERATION,,triangle-strategy
48,MS18B_X39_A0_0010_M_GST_0280.wav,MS18B_X39_A0_0010_M_GST_0280,47,47,47,48,กุสตาดอล์ฟ,npc,male,gustadolph,assets/triangle-strategy/approved_voice_references/gustadolph.wav,นำข้าไปเลย,,,PENDING_MANUAL_GENERATION,,triangle-strategy
49,MS18B_X39_A0_0010_M_SEL_0010.wav,MS18B_X39_A0_0010_M_SEL_0010,48,48,48,49,Serenoa,main,male,serenoa,assets/triangle-strategy/approved_voice_references/serenoa.wav,ตอนนั้นข้าไม่คิดว่ามันจะเกิดเรื่องเช่นนี้,,,PENDING_MANUAL_GENERATION,,triangle-strategy
50,MS18B_X39_A0_0010_M_SEL_0020.wav,MS18B_X39_A0_0010_M_SEL_0020,49,49,49,50,Serenoa,main,male,serenoa,assets/triangle-strategy/approved_voice_references/serenoa.wav,ท่านเองก็คงไม่สั่งเก็บน้องตัวเอง หลังจากที่เขาค้นพบคริสตัลเกลือหรอก,,,PENDING_MANUAL_GENERATION,,triangle-strategy
51,MS18B_X39_A0_0010_M_SEL_0030.wav,MS18B_X39_A0_0010_M_SEL_0030,50,50,50,51,Serenoa,main,male,serenoa,assets/triangle-strategy/approved_voice_references/serenoa.wav,ข้าไม่ได้ขอให้ท่านมาย้อนความ ช่วยตั้งเป้าหมายในอนาคตด้วย,,,PENDING_MANUAL_GENERATION,,triangle-strategy
52,MS18B_X39_A0_0010_M_SEL_0040.wav,MS18B_X39_A0_0010_M_SEL_0040,51,51,51,52,Serenoa,main,male,serenoa,assets/triangle-strategy/approved_voice_references/serenoa.wav,ท่านคงรู้ดีว่าการกำจัดไฮแซนต์คนเดียวมันเป็นไปไม่ได้ เราต้องสามัคคีกันขอรับ,,,PENDING_MANUAL_GENERATION,,triangle-strategy
53,MS18B_X39_A0_0010_M_SEL_0050.wav,MS18B_X39_A0_0010_M_SEL_0050,52,52,52,53,Serenoa,main,male,serenoa,assets/triangle-strategy/approved_voice_references/serenoa.wav,ข้าจะไม่ปล่อยให้ไฮแซนต์คุมอำนาจเกลือและนอร์เซเลียเด็ดขาด ข้ายอมทิ้งสหายของตนเพื่อการนี้ด้วยซ้ำ,,,PENDING_MANUAL_GENERATION,,triangle-strategy
54,MS18B_X39_A0_0010_M_SEL_0060.wav,MS18B_X39_A0_0010_M_SEL_0060,53,53,53,54,Serenoa,main,male,serenoa,assets/triangle-strategy/approved_voice_references/serenoa.wav,ข้าให้สิทธิเบเนดิกต์อย่างเต็มที่ วาจาของเขาถือเป็นของข้าเช่นกัน,,,PENDING_MANUAL_GENERATION,,triangle-strategy
55,MS18B_X39_A0_0010_M_SEL_0070.wav,MS18B_X39_A0_0010_M_SEL_0070,54,54,54,55,Serenoa,main,male,serenoa,assets/triangle-strategy/approved_voice_references/serenoa.wav,อาร์ชดยุกกุสตาดอล์ฟ ข้าไม่ได้กลัวอิสรภาพของผู้คน...ข้าอยากจะชี้นำ และจะสู้เพื่อพวกเขาหากจำเป็น,,,PENDING_MANUAL_GENERATION,,triangle-strategy
56,MS18B_X39_A0_0010_M_SEL_0080.wav,MS18B_X39_A0_0010_M_SEL_0080,55,55,55,56,Serenoa,main,male,serenoa,assets/triangle-strategy/approved_voice_references/serenoa.wav,นั่นคือสาเหตุที่ข้าขึ้นครองบัลลังก์แห่งนี้,,,PENDING_MANUAL_GENERATION,,triangle-strategy
57,MS18B_X39_A0_0010_M_SEL_0090.wav,MS18B_X39_A0_0010_M_SEL_0090,56,56,56,57,Serenoa,main,male,serenoa,assets/triangle-strategy/approved_voice_references/serenoa.wav,ข้าเชื่อว่าทุกคนที่ตั้งใจจะปกครองนอร์เซเลีย คงเตรียมตัวเช่นเดียวกับข้าเหมือนกัน,,,PENDING_MANUAL_GENERATION,,triangle-strategy
58,MS18B_X39_A0_0010_M_SEL_0100.wav,MS18B_X39_A0_0010_M_SEL_0100,57,57,57,58,Serenoa,main,male,serenoa,assets/triangle-strategy/approved_voice_references/serenoa.wav,นี่คือผลแห่งความพากเพียรของเขาในหอสมุดเอสฟรอสต์,,,PENDING_MANUAL_GENERATION,,triangle-strategy
59,MS18B_X39_A0_0010_M_SEL_0110.wav,MS18B_X39_A0_0010_M_SEL_0110,58,58,58,59,Serenoa,main,male,serenoa,assets/triangle-strategy/approved_voice_references/serenoa.wav,ขอบคุณมากขอรับ อาร์ชดยุกกุสตาดอล์ฟ,,,PENDING_MANUAL_GENERATION,,triangle-strategy
60,MS18B_X39_A0_0020_F_ANA_0010.wav,MS18B_X39_A0_0020_F_ANA_0010,59,59,59,60,Anna,main,female,anna,assets/triangle-strategy/approved_voice_references/anna.wav,ไปยั่วโมโหเขาแบบนั้นจะดีเหรอเจ้าคะ?,,,PENDING_MANUAL_GENERATION,,triangle-strategy
61,MS18B_X39_A0_0020_F_ANA_0020.wav,MS18B_X39_A0_0020_F_ANA_0020,60,60,60,61,Anna,main,female,anna,assets/triangle-strategy/approved_voice_references/anna.wav,ระวังแคลรุสจะใช้อำนาจมืดเล่นงานเรานะเจ้าคะ,,,PENDING_MANUAL_GENERATION,,triangle-strategy
62,MS18B_X39_A0_0020_F_ANA_0030.wav,MS18B_X39_A0_0020_F_ANA_0030,61,61,61,62,Anna,main,female,anna,assets/triangle-strategy/approved_voice_references/anna.wav,นอร์เซเลียใหม่สินะ...,,,PENDING_MANUAL_GENERATION,,triangle-strategy
63,MS18B_X39_A0_0020_M_BND_0010.wav,MS18B_X39_A0_0020_M_BND_0010,62,62,62,63,Benedict,main,male,benedict,assets/triangle-strategy/approved_voice_references/benedict.wav,ก็อย่างที่พูดนั่นแหละ อาณาจักรเกลนบรู๊คจะเลิกค้าขายกับสมาคมนอร์เซเลียทุกช่องทาง,,,PENDING_MANUAL_GENERATION,,triangle-strategy
64,MS18B_X39_A0_0020_M_BND_0020.wav,MS18B_X39_A0_0020_M_BND_0020,63,63,63,64,Benedict,main,male,benedict,assets/triangle-strategy/approved_voice_references/benedict.wav,ทางเราขอสั่งให้ผู้ที่ข้องเกี่ยว หอบข้าวของออกจากเกลนบรู๊คทันที หากมีสิ่งใดตกหล่น...ทางอาณาจักรจะขอยึดไว้เป็นสมบัติของตน,,,PENDING_MANUAL_GENERATION,,triangle-strategy
65,MS18B_X39_A0_0020_M_BND_0030.wav,MS18B_X39_A0_0020_M_BND_0030,64,64,64,65,Benedict,main,male,benedict,assets/triangle-strategy/approved_voice_references/benedict.wav,เรื่องนั้นไม่ต้องกังวลหรอก,,,PENDING_MANUAL_GENERATION,,triangle-strategy
66,MS18B_X39_A0_0020_M_BND_0040.wav,MS18B_X39_A0_0020_M_BND_0040,65,65,65,66,Benedict,main,male,benedict,assets/triangle-strategy/approved_voice_references/benedict.wav,นี่ไม่ใช่เรื่องของสมาคมแม้แต่น้อย,,,PENDING_MANUAL_GENERATION,,triangle-strategy
67,MS18B_X39_A0_0020_M_BND_0050.wav,MS18B_X39_A0_0020_M_BND_0050,66,66,66,67,Benedict,main,male,benedict,assets/triangle-strategy/approved_voice_references/benedict.wav,และพวกเราก็ขอบคุณสำหรับความพยายามของท่านด้วย,,,PENDING_MANUAL_GENERATION,,triangle-strategy
68,MS18B_X39_A0_0020_M_BND_0060.wav,MS18B_X39_A0_0020_M_BND_0060,67,67,67,68,Benedict,main,male,benedict,assets/triangle-strategy/approved_voice_references/benedict.wav,แต่ถึงอย่างไร ฝ่าบาทเซเรโนอาไม่จำเป็นต้องพึ่งพาสมาคมในเกลนบรู๊คหรอก,,,PENDING_MANUAL_GENERATION,,triangle-strategy
69,MS18B_X39_A0_0020_M_BND_0070.wav,MS18B_X39_A0_0020_M_BND_0070,68,68,68,69,Benedict,main,male,benedict,assets/triangle-strategy/approved_voice_references/benedict.wav,เก็บน้ำตาไว้ซับระหว่างกลับบ้านเถอะ สุดท้ายสมาคมมันก็กอบโกยกำไรเข้าตัวอยู่แล้ว,,,PENDING_MANUAL_GENERATION,,triangle-strategy
70,MS18B_X39_A0_0020_M_BND_0075.wav,MS18B_X39_A0_0020_M_BND_0075,69,69,69,70,Benedict,main,male,benedict,assets/triangle-strategy/approved_voice_references/benedict.wav,"ซึ่งมันไม่ใกล้เคียงกับคำว่า ""ยุติธรรม"" สำหรับข้าเลย",,,PENDING_MANUAL_GENERATION,,triangle-strategy
71,MS18B_X39_A0_0020_M_BND_0080.wav,MS18B_X39_A0_0020_M_BND_0080,70,70,70,71,Benedict,main,male,benedict,assets/triangle-strategy/approved_voice_references/benedict.wav,นั่นคือเป้าหมายของข้า เพราะเขาจะทำให้ไฮแซนต์แตกแยกกันเอง,,,PENDING_MANUAL_GENERATION,,triangle-strategy
72,MS18B_X39_A0_0020_M_BND_0090.wav,MS18B_X39_A0_0020_M_BND_0090,71,71,71,72,Benedict,main,male,benedict,assets/triangle-strategy/approved_voice_references/benedict.wav,เหนือสิ่งอื่นใด นอร์เซเลียใหม่ของเราไม่จำเป็นต้องมีสมาคม... รวมถึงการแจกจ่ายเกลือของพวกเขา,,,PENDING_MANUAL_GENERATION,,triangle-strategy
73,MS18B_X39_A0_0020_M_BND_0100.wav,MS18B_X39_A0_0020_M_BND_0100,72,72,72,73,Benedict,main,male,benedict,assets/triangle-strategy/approved_voice_references/benedict.wav,ยุคใหม่ที่ลอร์ดเซเรโนอาจะได้ปกครอง... ข้าได้เตรียมแผนการให้เขาเรียบร้อยแล้ว,,,PENDING_MANUAL_GENERATION,,triangle-strategy
74,MS18B_X39_A0_0020_M_BND_0110.wav,MS18B_X39_A0_0020_M_BND_0110,73,73,73,74,Benedict,main,male,benedict,assets/triangle-strategy/approved_voice_references/benedict.wav,แต่ก่อนอื่น เราต้องเจรจากับกุสตาดอล์ฟให้สำเร็จเสียก่อน,,,PENDING_MANUAL_GENERATION,,triangle-strategy
75,MS18B_X39_A0_0020_M_BND_0120.wav,MS18B_X39_A0_0020_M_BND_0120,74,74,74,75,Benedict,main,male,benedict,assets/triangle-strategy/approved_voice_references/benedict.wav,ขอบใจมาก,,,PENDING_MANUAL_GENERATION,,triangle-strategy
76,MS18B_X39_A0_0020_M_BND_0130.wav,MS18B_X39_A0_0020_M_BND_0130,75,75,75,76,Benedict,main,male,benedict,assets/triangle-strategy/approved_voice_references/benedict.wav,ผลการเจรจาครั้งนี้ ขึ้นอยู่กับการตัดสินใจของลอร์ดเซเรโนอา,,,PENDING_MANUAL_GENERATION,,triangle-strategy
77,MS18B_X39_A0_0020_M_BND_0140.wav,MS18B_X39_A0_0020_M_BND_0140,76,76,76,77,Benedict,main,male,benedict,assets/triangle-strategy/approved_voice_references/benedict.wav,ข้าจะคุยกับเขาเป็นการส่วนตัว,,,PENDING_MANUAL_GENERATION,,triangle-strategy
78,MS18B_X39_A0_0020_M_CLR_0010.wav,MS18B_X39_A0_0020_M_CLR_0010,77,77,77,78,แคลรุส,npc,male,clarus,assets/triangle-strategy/approved_voice_references/clarus.wav,หมายความว่ายังไงกันขอรับ ลอร์ดเบเนดิกต์!?,,,PENDING_MANUAL_GENERATION,,triangle-strategy
79,MS18B_X39_A0_0020_M_CLR_0020.wav,MS18B_X39_A0_0020_M_CLR_0020,78,78,78,79,แคลรุส,npc,male,clarus,assets/triangle-strategy/approved_voice_references/clarus.wav,นี่มันบ้าไปแล้ว! นอกจากจะคว่ำบาตรไฮแซนต์ ท่านยังเหมารวมสมาคมเข้าไปด้วยเนี่ยนะ?,,,PENDING_MANUAL_GENERATION,,triangle-strategy
80,MS18B_X39_A0_0020_M_CLR_0030.wav,MS18B_X39_A0_0020_M_CLR_0030,79,79,79,80,แคลรุส,npc,male,clarus,assets/triangle-strategy/approved_voice_references/clarus.wav,แล้วท่านจะหาเกลือมาจากไหนขอรับ?,,,PENDING_MANUAL_GENERATION,,triangle-strategy
81,MS18B_X39_A0_0020_M_CLR_0040.wav,MS18B_X39_A0_0020_M_CLR_0040,80,80,80,81,แคลรุส,npc,male,clarus,assets/triangle-strategy/approved_voice_references/clarus.wav,...เป็นเรื่องจริงสินะ,,,PENDING_MANUAL_GENERATION,,triangle-strategy
82,MS18B_X39_A0_0020_M_CLR_0050.wav,MS18B_X39_A0_0020_M_CLR_0050,81,81,81,82,แคลรุส,npc,male,clarus,assets/triangle-strategy/approved_voice_references/clarus.wav,เกลนบรู๊คขุดพบคริสตัลเกลือใต้พิภพ,,,PENDING_MANUAL_GENERATION,,triangle-strategy
83,MS18B_X39_A0_0020_M_CLR_0060.wav,MS18B_X39_A0_0020_M_CLR_0060,82,82,82,83,แคลรุส,npc,male,clarus,assets/triangle-strategy/approved_voice_references/clarus.wav,พวกเราอุทิศตนเพื่อนอร์เซเลียขนาดนี้...ท่านกล้าดียังไงถึงมาหยามพวกเรา!? ข้อตกลงหลังสงครามชี้ชัดว่าเราต้องแบ่งเกลือให้ทุกคนอย่างเท่าเทียม ซึ่งพวกเราก็ทำนะขอรับ!,,,PENDING_MANUAL_GENERATION,,triangle-strategy
84,MS18B_X39_A0_0020_M_CLR_0070.wav,MS18B_X39_A0_0020_M_CLR_0070,83,83,83,84,แคลรุส,npc,male,clarus,assets/triangle-strategy/approved_voice_references/clarus.wav,ช่างกล้านักนะ! ไฮแซนต์จะไม่มีวันอภัยในความอวดดีของท่านแน่!,,,PENDING_MANUAL_GENERATION,,triangle-strategy
85,MS18B_X39_A0_0020_M_CLR_0080.wav,MS18B_X39_A0_0020_M_CLR_0080,84,84,84,85,แคลรุส,npc,male,clarus,assets/triangle-strategy/approved_voice_references/clarus.wav,...เข้าใจแล้ว ตระกูลวูล์ฟฟอร์ตต้องการกำจัดสมาคมให้สิ้นซากเลยสินะ,,,PENDING_MANUAL_GENERATION,,triangle-strategy
86,MS18B_X39_A0_0020_M_CLR_0090.wav,MS18B_X39_A0_0020_M_CLR_0090,85,85,85,86,แคลรุส,npc,male,clarus,assets/triangle-strategy/approved_voice_references/clarus.wav,เช่นนั้น ข้าจะกลับไฮแซนต์ตามที่ท่านพูด และฟ้องเรื่องบ้านี่ให้พวกเขาได้รับรู้,,,PENDING_MANUAL_GENERATION,,triangle-strategy
87,MS18B_X39_A0_0020_M_M437_0010.wav,MS18B_X39_A0_0020_M_M437_0010,86,86,86,87,ชายชาวเมือง / ทหาร / ผู้ติดตาม,generic,male,MALE_ADULT_C,assets/triangle-strategy/approved_voice_references/MALE_ADULT_C.wav,ท่านขอรับ เรือของอาร์ชดยุก กุสตาดอล์ฟ กำลังเข้าเทียบท่าแล้วขอรับ,,,PENDING_MANUAL_GENERATION,,triangle-strategy
88,MS18B_X39_A0_0030_M_BND_0010.wav,MS18B_X39_A0_0030_M_BND_0010,87,87,87,88,Benedict,main,male,benedict,assets/triangle-strategy/approved_voice_references/benedict.wav,อีกไม่นานอาร์ชดยุกจะมาถึงที่นี่แล้วขอรับ,,,PENDING_MANUAL_GENERATION,,triangle-strategy
89,MS18B_X39_A0_0030_M_BND_0020.wav,MS18B_X39_A0_0030_M_BND_0020,88,88,88,89,Benedict,main,male,benedict,assets/triangle-strategy/approved_voice_references/benedict.wav,"ท่านได้อ่านหนังสือ ""อำนาจแห่งเกลือ"" แล้วหรือยังขอรับ?",,,PENDING_MANUAL_GENERATION,,triangle-strategy
90,MS18B_X39_A0_0030_M_BND_0030.wav,MS18B_X39_A0_0030_M_BND_0030,89,89,89,90,Benedict,main,male,benedict,assets/triangle-strategy/approved_voice_references/benedict.wav,ถูกต้องขอรับ มันไม่ได้มีไว้ปรุงรสอาหารเท่านั้น,,,PENDING_MANUAL_GENERATION,,triangle-strategy
91,MS18B_X39_A0_0030_M_BND_0040.wav,MS18B_X39_A0_0030_M_BND_0040,90,90,90,91,Benedict,main,male,benedict,assets/triangle-strategy/approved_voice_references/benedict.wav,ตอนนี้เหมืองคริสตัลเกลือเป็นของเราแล้ว เราสามารถใช้เป็นเหตุผลเพื่อต่อรองกับเขาได้,,,PENDING_MANUAL_GENERATION,,triangle-strategy
92,MS18B_X39_A0_0030_M_BND_0050.wav,MS18B_X39_A0_0030_M_BND_0050,91,91,91,92,Benedict,main,male,benedict,assets/triangle-strategy/approved_voice_references/benedict.wav,...ก่อนที่ข้าจะตอบ ข้าอยากรู้สิ่งหนึ่งก่อน,,,PENDING_MANUAL_GENERATION,,triangle-strategy
93,MS18B_X39_A0_0030_M_BND_0060.wav,MS18B_X39_A0_0030_M_BND_0060,92,92,92,93,Benedict,main,male,benedict,assets/triangle-strategy/approved_voice_references/benedict.wav,ท่านต้องการจะผูกขาดคริสตัลเกลือหรือเปล่าขอรับ ฝ่าบาท?,,,PENDING_MANUAL_GENERATION,,triangle-strategy
94,MS18B_X39_A0_0030_M_BND_0070.wav,MS18B_X39_A0_0030_M_BND_0070,93,93,93,94,Benedict,main,male,benedict,assets/triangle-strategy/approved_voice_references/benedict.wav,แบบนี้เราก็ไม่ต่างจากไฮแซนต์สิขอรับ,,,PENDING_MANUAL_GENERATION,,triangle-strategy
95,MS18B_X39_A0_0030_M_BND_0080.wav,MS18B_X39_A0_0030_M_BND_0080,94,94,94,95,Benedict,main,male,benedict,assets/triangle-strategy/approved_voice_references/benedict.wav,กุสตาดอล์ฟทำสงครามเพื่อทำลายการผูกขาดเกลือ,,,PENDING_MANUAL_GENERATION,,triangle-strategy
96,MS18B_X39_A0_0030_M_BND_0090.wav,MS18B_X39_A0_0030_M_BND_0090,95,95,95,96,Benedict,main,male,benedict,assets/triangle-strategy/approved_voice_references/benedict.wav,หากเราทำแบบนั้นด้วย มีหวังกุสตาดอล์ฟจะตามมาล้างผลาญเราแน่,,,PENDING_MANUAL_GENERATION,,triangle-strategy
97,MS18B_X39_A0_0030_M_BND_0100.wav,MS18B_X39_A0_0030_M_BND_0100,96,96,96,97,Benedict,main,male,benedict,assets/triangle-strategy/approved_voice_references/benedict.wav,เปล่าขอรับ หากเป็นเช่นนั้นเราก็ไม่ต่างจากหมากตัวหนึ่ง,,,PENDING_MANUAL_GENERATION,,triangle-strategy
98,MS18B_X39_A0_0030_M_BND_0110.wav,MS18B_X39_A0_0030_M_BND_0110,97,97,97,98,Benedict,main,male,benedict,assets/triangle-strategy/approved_voice_references/benedict.wav,แต่ลอร์ดดราแกนได้มอบคำตอบให้เราแล้ว,,,PENDING_MANUAL_GENERATION,,triangle-strategy
99,MS18B_X39_A0_0030_M_BND_0120.wav,MS18B_X39_A0_0030_M_BND_0120,98,98,98,99,Benedict,main,male,benedict,assets/triangle-strategy/approved_voice_references/benedict.wav,เราจะใช้เกลือเพื่อนำพาอิสรภาพและความเจริญรุ่งเรืองมาสู่นอร์เซเลีย เป็นภาพที่ยิ่งใหญ่กว่าที่กุสตาดอล์ฟเคยวาดฝันไว้เสียอีก,,,PENDING_MANUAL_GENERATION,,triangle-strategy
100,MS18B_X39_A0_0030_M_BND_0130.wav,MS18B_X39_A0_0030_M_BND_0130,99,99,99,100,Benedict,main,male,benedict,assets/triangle-strategy/approved_voice_references/benedict.wav,หากเราพิสูจน์ให้อาร์ชดยุกเห็นได้ เอสฟรอสต์จะยอมตกลงเป็นพันธมิตรกับเราแน่นอน,,,PENDING_MANUAL_GENERATION,,triangle-strategy
101,MS18B_X39_A0_0030_M_BND_0140.wav,MS18B_X39_A0_0030_M_BND_0140,100,100,100,101,Benedict,main,male,benedict,assets/triangle-strategy/approved_voice_references/benedict.wav,ถูกต้องขอรับ,,,PENDING_MANUAL_GENERATION,,triangle-strategy
102,MS18B_X39_A0_0030_M_BND_0150.wav,MS18B_X39_A0_0030_M_BND_0150,101,101,101,102,Benedict,main,male,benedict,assets/triangle-strategy/approved_voice_references/benedict.wav,ขืนยกคริสตัลเกลือให้พวกเขา เราได้กลายเป็นหมากแน่นอนขอรับ,,,PENDING_MANUAL_GENERATION,,triangle-strategy
103,MS18B_X39_A0_0030_M_BND_0160.wav,MS18B_X39_A0_0030_M_BND_0160,102,102,102,103,Benedict,main,male,benedict,assets/triangle-strategy/approved_voice_references/benedict.wav,ถูกต้องขอรับ ท่านทำให้เราเห็นอีกแล้ว... ว่าท่านคู่ควรกับการปกครองนอร์เซเลียอย่างแท้จริง,,,PENDING_MANUAL_GENERATION,,triangle-strategy
104,MS18B_X39_A0_0030_M_BND_0170.wav,MS18B_X39_A0_0030_M_BND_0170,103,103,103,104,Benedict,main,male,benedict,assets/triangle-strategy/approved_voice_references/benedict.wav,ตอนนี้ข้ามีแผนการที่เหมาะสมในหัวแล้วล่ะ,,,PENDING_MANUAL_GENERATION,,triangle-strategy
105,MS18B_X39_A0_0030_M_BND_0180.wav,MS18B_X39_A0_0030_M_BND_0180,104,104,104,105,Benedict,main,male,benedict,assets/triangle-strategy/approved_voice_references/benedict.wav,ลอร์ดเซเรโนอา ข้าขออนุญาตเจรจากับอาร์ชดยุกด้วยตนเองได้ไหมขอรับ?,,,PENDING_MANUAL_GENERATION,,triangle-strategy
106,MS18B_X39_A0_0030_M_BND_0190.wav,MS18B_X39_A0_0030_M_BND_0190,105,105,105,106,Benedict,main,male,benedict,assets/triangle-strategy/approved_voice_references/benedict.wav,เราทำได้แน่นอน,,,PENDING_MANUAL_GENERATION,,triangle-strategy
107,MS18B_X39_A0_0030_M_SEL_0010.wav,MS18B_X39_A0_0030_M_SEL_0010,106,106,106,107,Serenoa,main,male,serenoa,assets/triangle-strategy/approved_voice_references/serenoa.wav,ขอบคุณมากนะท่าน อนาคตของเราขึ้นอยู่กับการเจรจาครั้งนี้แล้วใช่ไหม?,,,PENDING_MANUAL_GENERATION,,triangle-strategy
108,MS18B_X39_A0_0030_M_SEL_0020.wav,MS18B_X39_A0_0030_M_SEL_0020,107,107,107,108,Serenoa,main,male,serenoa,assets/triangle-strategy/approved_voice_references/serenoa.wav,ข้าอ่านไปแล้ว ลอร์ดดราแกนส่งมอบให้เราก่อนจะสิ้นลม ความรู้การวิจัยทั้งหมดของเขาอยู่ในหนังสือเล่มนั้น,,,PENDING_MANUAL_GENERATION,,triangle-strategy
109,MS18B_X39_A0_0030_M_SEL_0030.wav,MS18B_X39_A0_0030_M_SEL_0030,108,108,108,109,Serenoa,main,male,serenoa,assets/triangle-strategy/approved_voice_references/serenoa.wav,ซึ่งมันอาจพอช่วยโน้มน้าวอาร์ชดยุกให้สนับสนุนเราได้,,,PENDING_MANUAL_GENERATION,,triangle-strategy
110,MS18B_X39_A0_0030_M_SEL_0040.wav,MS18B_X39_A0_0030_M_SEL_0040,109,109,109,110,Serenoa,main,male,serenoa,assets/triangle-strategy/approved_voice_references/serenoa.wav,ข้าเพิ่งมารู้เอาวันนี้ ว่าเกลือมีทรงอำนาจมากเพียงใด,,,PENDING_MANUAL_GENERATION,,triangle-strategy
111,MS18B_X39_A0_0030_M_SEL_0050.wav,MS18B_X39_A0_0030_M_SEL_0050,110,110,110,111,Serenoa,main,male,serenoa,assets/triangle-strategy/approved_voice_references/serenoa.wav,แต่เรากำลังเผชิญหน้ากับกุสตาดอล์ฟเชียวนะท่าน ต่อให้กดดันหรือขมขู่ไปมีแต่จะทำให้เขาแยกเขี้ยวใส่เรา,,,PENDING_MANUAL_GENERATION,,triangle-strategy
112,MS18B_X39_A0_0030_M_SEL_0060.wav,MS18B_X39_A0_0030_M_SEL_0060,111,111,111,112,Serenoa,main,male,serenoa,assets/triangle-strategy/approved_voice_references/serenoa.wav,"หากเราเจรจาล้มเหลว เราจะถูกราชรัฐกลืนกินโดยใช้ ""เสรีภาพ"" ของกุสตาดอล์ฟเป็นข้ออ้าง...",,,PENDING_MANUAL_GENERATION,,triangle-strategy
113,MS18B_X39_A0_0030_M_SEL_0070.wav,MS18B_X39_A0_0030_M_SEL_0070,112,112,112,113,Serenoa,main,male,serenoa,assets/triangle-strategy/approved_voice_references/serenoa.wav,เราควรทำเช่นไรขอรับ เบเนดิกต์?,,,PENDING_MANUAL_GENERATION,,triangle-strategy
114,MS18B_X39_A0_0030_M_SEL_0090.wav,MS18B_X39_A0_0030_M_SEL_0090,113,113,113,114,Serenoa,main,male,serenoa,assets/triangle-strategy/approved_voice_references/serenoa.wav,ใช่แล้วล่ะ แหล่งคริสตัลเกลือของเราอยู่ในอาณาเขตเกลนบรู๊ค,,,PENDING_MANUAL_GENERATION,,triangle-strategy
115,MS18B_X39_A0_0030_M_SEL_0100.wav,MS18B_X39_A0_0030_M_SEL_0100,114,114,114,115,Serenoa,main,male,serenoa,assets/triangle-strategy/approved_voice_references/serenoa.wav,คือท่านจะยกคริสตัลเกลือให้พวกเขาเหรอ?,,,PENDING_MANUAL_GENERATION,,triangle-strategy
116,MS18B_X39_A0_0030_M_SEL_0110.wav,MS18B_X39_A0_0030_M_SEL_0110,115,115,115,116,Serenoa,main,male,serenoa,assets/triangle-strategy/approved_voice_references/serenoa.wav,แสดงว่าท่านมีแผนในหัวแล้วงั้นเหรอ?,,,PENDING_MANUAL_GENERATION,,triangle-strategy
117,MS18B_X39_A0_0030_M_SEL_0120.wav,MS18B_X39_A0_0030_M_SEL_0120,116,116,116,117,Serenoa,main,male,serenoa,assets/triangle-strategy/approved_voice_references/serenoa.wav,ข้าไม่ต้องการทำเช่นนั้นหรอก,,,PENDING_MANUAL_GENERATION,,triangle-strategy
118,MS18B_X39_A0_0030_M_SEL_0130.wav,MS18B_X39_A0_0030_M_SEL_0130,117,117,117,118,Serenoa,main,male,serenoa,assets/triangle-strategy/approved_voice_references/serenoa.wav,แบบนี้เราคงไม่ต่างอะไรจากไฮแซนต์,,,PENDING_MANUAL_GENERATION,,triangle-strategy
119,MS18B_X39_A0_0030_M_SEL_0140.wav,MS18B_X39_A0_0030_M_SEL_0140,118,118,118,119,Serenoa,main,male,serenoa,assets/triangle-strategy/approved_voice_references/serenoa.wav,ตัวกุสตาดอล์ฟเองก็อยากยุติการผูกขาดเกลือของรัฐศักดิ์สิทธิ์เต็มทน แบบนั้นเขาคงไม่อยากร่วมมือกับเราแน่,,,PENDING_MANUAL_GENERATION,,triangle-strategy
120,MS18B_X39_A0_0030_M_SEL_0150.wav,MS18B_X39_A0_0030_M_SEL_0150,119,119,119,120,Serenoa,main,male,serenoa,assets/triangle-strategy/approved_voice_references/serenoa.wav,ข้าเองก็ไม่ได้จะทำเช่นนั้นเหมือนกัน คำตอบของลอร์ดดราแกนต่างหากที่จะชี้นำเรา,,,PENDING_MANUAL_GENERATION,,triangle-strategy
121,MS18B_X39_A0_0030_M_SEL_0160.wav,MS18B_X39_A0_0030_M_SEL_0160,120,120,120,121,Serenoa,main,male,serenoa,assets/triangle-strategy/approved_voice_references/serenoa.wav,ข้าจะใช้เกลือเพื่อนำพาอิสรภาพและความเจริญรุ่งเรืองมาสู่นอร์เซเลีย เป็นภาพที่ยิ่งใหญ่กว่าที่กุสตาดอล์ฟเคยวาดฝันไว้เสียอีก,,,PENDING_MANUAL_GENERATION,,triangle-strategy
122,MS18B_X39_A0_0030_M_SEL_0170.wav,MS18B_X39_A0_0030_M_SEL_0170,121,121,121,122,Serenoa,main,male,serenoa,assets/triangle-strategy/approved_voice_references/serenoa.wav,หากเราพิสูจน์ให้เขาเห็น เอสฟรอสต์จะยอมตกลงเป็นพันธมิตรกับเราแน่นอน,,,PENDING_MANUAL_GENERATION,,triangle-strategy
123,MS18B_X39_A0_0030_M_SEL_0190.wav,MS18B_X39_A0_0030_M_SEL_0190,123,123,123,124,Serenoa,main,male,serenoa,assets/triangle-strategy/approved_voice_references/serenoa.wav,ได้สิ เราต้องการเขาขอรับ,,,PENDING_MANUAL_GENERATION,,triangle-strategy
124,MS18B_X39_A0_0040_F_ANA_0010.wav,MS18B_X39_A0_0040_F_ANA_0010,124,124,124,125,Anna,main,female,anna,assets/triangle-strategy/approved_voice_references/anna.wav,...เบเนดิกต์ ท่านสรุปแผนการโจมตีไฮแซนต์ของเราได้หรือยังเจ้าคะ?,,,PENDING_MANUAL_GENERATION,,triangle-strategy
125,MS18B_X39_A0_0040_F_ANA_0020.wav,MS18B_X39_A0_0040_F_ANA_0020,125,125,125,126,Anna,main,female,anna,assets/triangle-strategy/approved_voice_references/anna.wav,แต่พวกมันอาจเก็บตัวอยู่ในปราสาทแทนที่จะออกมาสู้เรานะเจ้าคะ,,,PENDING_MANUAL_GENERATION,,triangle-strategy
126,MS18B_X39_A0_0040_F_ANA_0030.wav,MS18B_X39_A0_0040_F_ANA_0030,126,126,126,127,Anna,main,female,anna,assets/triangle-strategy/approved_voice_references/anna.wav,การยื้อเวลาระหว่างปะทะกับทัพของรัฐมนตรีเอกซ์เฮม ไม่ใช่เรื่องง่ายนะเจ้าคะ,,,PENDING_MANUAL_GENERATION,,triangle-strategy
127,MS18B_X39_A0_0040_F_ANA_0040.wav,MS18B_X39_A0_0040_F_ANA_0040,127,127,127,128,Anna,main,female,anna,assets/triangle-strategy/approved_voice_references/anna.wav,แม้ว่ามันจะได้ผล...แต่เราจะเสียหายหนักเกินไป เอสฟรอสต์คนเดียวเอาชนะไม่ได้แน่,,,PENDING_MANUAL_GENERATION,,triangle-strategy
128,MS18B_X39_A0_0040_F_ANA_0050.wav,MS18B_X39_A0_0040_F_ANA_0050,128,128,128,129,Anna,main,female,anna,assets/triangle-strategy/approved_voice_references/anna.wav,เจ้าค่ะ ข้าส่งจดหมายนิรนามไปหารัฐมนตรีเทเนบริสแล้ว,,,PENDING_MANUAL_GENERATION,,triangle-strategy
129,MS18B_X39_A0_0040_F_ANA_0060.wav,MS18B_X39_A0_0040_F_ANA_0060,129,129,129,130,Anna,main,female,anna,assets/triangle-strategy/approved_voice_references/anna.wav,เนื้อความมีรายละเอียดการค้าเกลือผิดกฎหมายของซอสเลย์ รวมถึงลานประลองใต้ดินเรียกทรัพย์ของพวกเขา,,,PENDING_MANUAL_GENERATION,,triangle-strategy
130,MS18B_X39_A0_0040_F_ANA_0070.wav,MS18B_X39_A0_0040_F_ANA_0070,130,130,130,131,Anna,main,female,anna,assets/triangle-strategy/approved_voice_references/anna.wav,แล้วก็ขู่ว่าจะรายงานหัวหน้านักบวช พร้อมแนบสำเนาหลักฐานที่ข้ารวบรวมมาอีกด้วย,,,PENDING_MANUAL_GENERATION,,triangle-strategy
131,MS18B_X39_A0_0040_F_ANA_0080.wav,MS18B_X39_A0_0040_F_ANA_0080,131,131,131,132,Anna,main,female,anna,assets/triangle-strategy/approved_voice_references/anna.wav,ตามคาดเจ้าค่ะ เขากลับไฮแซนต์ไปแล้ว,,,PENDING_MANUAL_GENERATION,,triangle-strategy
132,MS18B_X39_A0_0040_F_ANA_0090.wav,MS18B_X39_A0_0040_F_ANA_0090,132,132,132,133,Anna,main,female,anna,assets/triangle-strategy/approved_voice_references/anna.wav,อย่างนี้นี่เอง ถือเป็นการซื้อเวลาด้วยทัพของพวกนั้นสินะ,,,PENDING_MANUAL_GENERATION,,triangle-strategy
133,MS18B_X39_A0_0040_F_ANA_0100.wav,MS18B_X39_A0_0040_F_ANA_0100,133,133,133,134,Anna,main,female,anna,assets/triangle-strategy/approved_voice_references/anna.wav,แต่จะได้ผลหรือเปล่ายังไม่รู้เลย,,,PENDING_MANUAL_GENERATION,,triangle-strategy
134,MS18B_X39_A0_0040_F_ANA_0110.wav,MS18B_X39_A0_0040_F_ANA_0110,134,134,134,135,Anna,main,female,anna,assets/triangle-strategy/approved_voice_references/anna.wav,ยังมีอีกเหรอเจ้าคะ?,,,PENDING_MANUAL_GENERATION,,triangle-strategy
135,MS18B_X39_A0_0040_F_ANA_0120.wav,MS18B_X39_A0_0040_F_ANA_0120,135,135,135,136,Anna,main,female,anna,assets/triangle-strategy/approved_voice_references/anna.wav,ว่ายังไงนะเจ้าคะ!?,,,PENDING_MANUAL_GENERATION,,triangle-strategy
136,MS18B_X39_A0_0040_F_ANA_0130.wav,MS18B_X39_A0_0040_F_ANA_0130,136,136,136,137,Anna,main,female,anna,assets/triangle-strategy/approved_voice_references/anna.wav,ทำได้ยังไงเจ้าคะ...?,,,PENDING_MANUAL_GENERATION,,triangle-strategy
137,MS18B_X39_A0_0040_F_ANA_0140.wav,MS18B_X39_A0_0040_F_ANA_0140,137,137,137,138,Anna,main,female,anna,assets/triangle-strategy/approved_voice_references/anna.wav,เบเนดิกต์...,,,PENDING_MANUAL_GENERATION,,triangle-strategy
138,MS18B_X39_A0_0040_F_ANA_0150.wav,MS18B_X39_A0_0040_F_ANA_0150,138,138,138,139,Anna,main,female,anna,assets/triangle-strategy/approved_voice_references/anna.wav,รับทราบเจ้าค่ะ ว่าแต่ฝ่าบาทเซเรโนอารู้เรื่องนี้ไหม?,,,PENDING_MANUAL_GENERATION,,triangle-strategy
139,MS18B_X39_A0_0040_F_ANA_0160.wav,MS18B_X39_A0_0040_F_ANA_0160,139,139,139,140,Anna,main,female,anna,assets/triangle-strategy/approved_voice_references/anna.wav,ฝ่าบาทเจ้าคะ!?,,,PENDING_MANUAL_GENERATION,,triangle-strategy
140,MS18B_X39_A0_0040_M_BND_0010.wav,MS18B_X39_A0_0040_M_BND_0010,140,140,140,141,Benedict,main,male,benedict,assets/triangle-strategy/approved_voice_references/benedict.wav,ข้าสรุปแผนแล้ว เราจะทำลายโล่เทพธิดา ด้วยปืนใหญ่เสียงสังเวยของเอสฟรอสต์,,,PENDING_MANUAL_GENERATION,,triangle-strategy
141,MS18B_X39_A0_0040_M_BND_0020.wav,MS18B_X39_A0_0040_M_BND_0020,141,141,141,142,Benedict,main,male,benedict,assets/triangle-strategy/approved_voice_references/benedict.wav,แล้วเราจะบุกเข้าเมืองหลวงเพื่อยึดไฮแซนต์ แต่ก็เหลือปัญหาอยู่อย่างหนึ่ง...,,,PENDING_MANUAL_GENERATION,,triangle-strategy
142,MS18B_X39_A0_0040_M_BND_0030.wav,MS18B_X39_A0_0040_M_BND_0030,142,142,142,143,Benedict,main,male,benedict,assets/triangle-strategy/approved_voice_references/benedict.wav,การเคลื่อนย้าย จัดวาง และยิงปืนใหญ่นั้นใช้เวลามหาศาลทีเดียว,,,PENDING_MANUAL_GENERATION,,triangle-strategy
143,MS18B_X39_A0_0040_M_BND_0040.wav,MS18B_X39_A0_0040_M_BND_0040,143,143,143,144,Benedict,main,male,benedict,assets/triangle-strategy/approved_voice_references/benedict.wav,ดังนั้นเราต้องดึงความสนใจของทัพไฮแซนต์ จนกว่าปืนใหญ่จะพร้อม,,,PENDING_MANUAL_GENERATION,,triangle-strategy
144,MS18B_X39_A0_0040_M_BND_0050.wav,MS18B_X39_A0_0040_M_BND_0050,144,144,144,145,Benedict,main,male,benedict,assets/triangle-strategy/approved_voice_references/benedict.wav,ก็ต้องล่อให้พวกมันออกมา อย่าปล่อยโอกาสให้หลุดลอยไปง่ายๆ สิ,,,PENDING_MANUAL_GENERATION,,triangle-strategy
145,MS18B_X39_A0_0040_M_BND_0060.wav,MS18B_X39_A0_0040_M_BND_0060,145,145,145,146,Benedict,main,male,benedict,assets/triangle-strategy/approved_voice_references/benedict.wav,นั่นคือเหตุผลที่ข้ามีแผนรับประกันชัยชนะของเราไว้แล้ว,,,PENDING_MANUAL_GENERATION,,triangle-strategy
146,MS18B_X39_A0_0040_M_BND_0070.wav,MS18B_X39_A0_0040_M_BND_0070,146,146,146,147,Benedict,main,male,benedict,assets/triangle-strategy/approved_voice_references/benedict.wav,แอนนา เจ้าส่งจดหมายที่ข้าเคยไหว้วานไปหรือยัง?,,,PENDING_MANUAL_GENERATION,,triangle-strategy
147,MS18B_X39_A0_0040_M_BND_0080.wav,MS18B_X39_A0_0040_M_BND_0080,147,147,147,148,Benedict,main,male,benedict,assets/triangle-strategy/approved_voice_references/benedict.wav,ดีมาก เทเนบริสจะได้หวาดระแวง และดิ้นรนหาทางพิสูจน์ความคู่ควรในตำแหน่งของตน,,,PENDING_MANUAL_GENERATION,,triangle-strategy
148,MS18B_X39_A0_0040_M_BND_0090.wav,MS18B_X39_A0_0040_M_BND_0090,148,148,148,149,Benedict,main,male,benedict,assets/triangle-strategy/approved_voice_references/benedict.wav,แล้วแคลรุสล่ะ?,,,PENDING_MANUAL_GENERATION,,triangle-strategy
149,MS18B_X39_A0_0040_M_BND_0100.wav,MS18B_X39_A0_0040_M_BND_0100,149,149,149,150,Benedict,main,male,benedict,assets/triangle-strategy/approved_voice_references/benedict.wav,แคลรุสเป็นผู้คุมลานประลองใต้ดิน และเทเนบริสเป็นผู้รับแทงของเขา,,,PENDING_MANUAL_GENERATION,,triangle-strategy
150,MS18B_X39_A0_0040_M_BND_0110.wav,MS18B_X39_A0_0040_M_BND_0110,150,150,150,151,Benedict,main,male,benedict,assets/triangle-strategy/approved_voice_references/benedict.wav,บัดนี้พ่อค้าสมาคมต้องการคนหนุนหลัง ผู้ศักดิ์สิทธิ์เองก็ต้องการหมากเช่นกัน...,,,PENDING_MANUAL_GENERATION,,triangle-strategy
151,MS18B_X39_A0_0040_M_BND_0120.wav,MS18B_X39_A0_0040_M_BND_0120,151,151,151,152,Benedict,main,male,benedict,assets/triangle-strategy/approved_voice_references/benedict.wav,เมื่อพวกเขาจนมุม ทั้งสองจะสู้กันเองและทำให้ไฮแซนต์วุ่นวายพังพินาศ,,,PENDING_MANUAL_GENERATION,,triangle-strategy
152,MS18B_X39_A0_0040_M_BND_0130.wav,MS18B_X39_A0_0040_M_BND_0130,152,152,152,153,Benedict,main,male,benedict,assets/triangle-strategy/approved_voice_references/benedict.wav,พวกเขาจะทำทุกหนทางเพื่อกำจัดตระกูลวูล์ฟฟอร์ต,,,PENDING_MANUAL_GENERATION,,triangle-strategy
153,MS18B_X39_A0_0040_M_BND_0140.wav,MS18B_X39_A0_0040_M_BND_0140,153,153,153,154,Benedict,main,male,benedict,assets/triangle-strategy/approved_voice_references/benedict.wav,จึงต้องมีจดหมายอีกฉบับ เพื่อทำให้เทเนบริสหลงเชื่อยังไงล่ะ,,,PENDING_MANUAL_GENERATION,,triangle-strategy
154,MS18B_X39_A0_0040_M_BND_0150.wav,MS18B_X39_A0_0040_M_BND_0150,154,154,154,155,Benedict,main,male,benedict,assets/triangle-strategy/approved_voice_references/benedict.wav,เป็นจดหมายที่เซ็นโดยองค์ชายโรแลนด์ ร้องขอให้ช่วยทำลายตระกูลวูล์ฟฟอร์ตผู้แย่งบัลลังก์ของเขาไป,,,PENDING_MANUAL_GENERATION,,triangle-strategy
155,MS18B_X39_A0_0040_M_BND_0160.wav,MS18B_X39_A0_0040_M_BND_0160,155,155,155,156,Benedict,main,male,benedict,assets/triangle-strategy/approved_voice_references/benedict.wav,ข้างในระบุว่าองค์ชายโรแลนด์จะโจมตีเราจากเบื้องหลัง และทัพของเทเนบริสจากเบื้องหน้า,,,PENDING_MANUAL_GENERATION,,triangle-strategy
156,MS18B_X39_A0_0040_M_BND_0170.wav,MS18B_X39_A0_0040_M_BND_0170,156,156,156,157,Benedict,main,male,benedict,assets/triangle-strategy/approved_voice_references/benedict.wav,รับรองว่าเขาเชื่อสนิทใจ เพราะข้าลอกลายมือของเขาและประทับตราราชวงศ์ไว้,,,PENDING_MANUAL_GENERATION,,triangle-strategy
157,MS18B_X39_A0_0040_M_BND_0180.wav,MS18B_X39_A0_0040_M_BND_0180,157,157,157,158,Benedict,main,male,benedict,assets/triangle-strategy/approved_voice_references/benedict.wav,ตอนที่หลอกให้ทุกคนเชื่อว่าเขาตาย ข้าแอบนำแหวนของเขามาปลอมแปลงน่ะ,,,PENDING_MANUAL_GENERATION,,triangle-strategy
158,MS18B_X39_A0_0040_M_BND_0190.wav,MS18B_X39_A0_0040_M_BND_0190,158,158,158,159,Benedict,main,male,benedict,assets/triangle-strategy/approved_voice_references/benedict.wav,เพราะคิดว่ามันอาจเป็นประโยชน์ในภายภาคหน้า,,,PENDING_MANUAL_GENERATION,,triangle-strategy
159,MS18B_X39_A0_0040_M_BND_0200.wav,MS18B_X39_A0_0040_M_BND_0200,159,159,159,160,Benedict,main,male,benedict,assets/triangle-strategy/approved_voice_references/benedict.wav,ป่านนี้ทุกคนคงรู้กันหมดแล้ว ว่าองค์ชายโรแลนด์กับฝ่าบาทเซเรโนอามีปัญหากัน หากเทเนบริสคิดว่าตนมีโอกาสชนะ...เขาก็คงคว้ามันไว้,,,PENDING_MANUAL_GENERATION,,triangle-strategy
160,MS18B_X39_A0_0040_M_BND_0210.wav,MS18B_X39_A0_0040_M_BND_0210,160,160,160,161,Benedict,main,male,benedict,assets/triangle-strategy/approved_voice_references/benedict.wav,แม้ว่าจะมีเพียงน้อยนิดก็ตาม,,,PENDING_MANUAL_GENERATION,,triangle-strategy
161,MS18B_X39_A0_0040_M_BND_0220.wav,MS18B_X39_A0_0040_M_BND_0220,161,161,161,162,Benedict,main,male,benedict,assets/triangle-strategy/approved_voice_references/benedict.wav,ขืนรู้เข้า ข้าคิดว่าเขาคงไม่ให้อภัยที่เอาองค์ชายโรแลนด์มาแอบอ้างเช่นนั้น...,,,PENDING_MANUAL_GENERATION,,triangle-strategy
162,MS18B_X39_A0_0040_M_BND_0230.wav,MS18B_X39_A0_0040_M_BND_0230,162,162,162,163,Benedict,main,male,benedict,assets/triangle-strategy/approved_voice_references/benedict.wav,ทั้งหมดเป็นแผนการของข้าล้วนๆ,,,PENDING_MANUAL_GENERATION,,triangle-strategy
163,MS18B_X39_A0_0040_M_BND_0240.wav,MS18B_X39_A0_0040_M_BND_0240,163,163,163,164,Benedict,main,male,benedict,assets/triangle-strategy/approved_voice_references/benedict.wav,แน่ใจใช่ไหมขอรับ?,,,PENDING_MANUAL_GENERATION,,triangle-strategy
164,MS18B_X39_A0_0040_M_BND_0250.wav,MS18B_X39_A0_0040_M_BND_0250,164,164,164,165,Benedict,main,male,benedict,assets/triangle-strategy/approved_voice_references/benedict.wav,...ตามบัญชาขอรับ,,,PENDING_MANUAL_GENERATION,,triangle-strategy
165,MS18B_X39_A0_0040_M_SEL_0010.wav,MS18B_X39_A0_0040_M_SEL_0010,165,165,165,166,Serenoa,main,male,serenoa,assets/triangle-strategy/approved_voice_references/serenoa.wav,...ข้าได้ยินหมดแล้ว,,,PENDING_MANUAL_GENERATION,,triangle-strategy
166,MS18B_X39_A0_0040_M_SEL_0020.wav,MS18B_X39_A0_0040_M_SEL_0020,166,166,166,167,Serenoa,main,male,serenoa,assets/triangle-strategy/approved_voice_references/serenoa.wav,แผนของท่านมีโอกาสสำเร็จสูงที่สุด ข้าจึงขอสั่งให้ท่านดำเนินแผนการให้ลุล่วงด้วย,,,PENDING_MANUAL_GENERATION,,triangle-strategy
167,MS18B_X39_A0_0040_M_SEL_0030.wav,MS18B_X39_A0_0040_M_SEL_0030,167,167,167,168,Serenoa,main,male,serenoa,assets/triangle-strategy/approved_voice_references/serenoa.wav,ตอนนี้เราถอยหนีไม่ได้แล้ว ต้องเดินหน้าเท่านั้น,,,PENDING_MANUAL_GENERATION,,triangle-strategy
168,MS18B_X39_A0_0050_F_FRE_0010.wav,MS18B_X39_A0_0050_F_FRE_0010,168,168,168,169,Frederica,main,female,frederica,assets/triangle-strategy/approved_voice_references/frederica.wav,ดีใจที่ได้ยินเช่นนั้นเจ้าค่ะ ขอบคุณที่มาร่วมสู้กับเรานะท่านพี่,,,PENDING_MANUAL_GENERATION,,triangle-strategy
169,MS18B_X39_A0_0050_F_FRE_0020.wav,MS18B_X39_A0_0050_F_FRE_0020,169,169,169,170,Frederica,main,female,frederica,assets/triangle-strategy/approved_voice_references/frederica.wav,...ใช่แล้วล่ะ,,,PENDING_MANUAL_GENERATION,,triangle-strategy
170,MS18B_X39_A0_0050_F_FRE_0030.wav,MS18B_X39_A0_0050_F_FRE_0030,170,170,170,171,Frederica,main,female,frederica,assets/triangle-strategy/approved_voice_references/frederica.wav,ก็พอเข้าใจแล้วล่ะ ว่าท่านต้องการอะไร,,,PENDING_MANUAL_GENERATION,,triangle-strategy
171,MS18B_X39_A0_0050_F_FRE_0040.wav,MS18B_X39_A0_0050_F_FRE_0040,171,171,171,172,Frederica,main,female,frederica,assets/triangle-strategy/approved_voice_references/frederica.wav,หน้าที่ของท่าน สำคัญกว่าความปรารถนาส่วนตัว,,,PENDING_MANUAL_GENERATION,,triangle-strategy
172,MS18B_X39_A0_0050_F_FRE_0050.wav,MS18B_X39_A0_0050_F_FRE_0050,172,172,172,173,Frederica,main,female,frederica,assets/triangle-strategy/approved_voice_references/frederica.wav,ข้าเองก็ไม่เสียใจที่เคยขัดขืนท่าน หรือสังหารเอริก้ากับธาลาสเช่นกัน,,,PENDING_MANUAL_GENERATION,,triangle-strategy
173,MS18B_X39_A0_0050_F_FRE_0060.wav,MS18B_X39_A0_0050_F_FRE_0060,173,173,173,174,Frederica,main,female,frederica,assets/triangle-strategy/approved_voice_references/frederica.wav,ไม่ใช่เพราะข้าคิดแค้นท่านหรอกนะ,,,PENDING_MANUAL_GENERATION,,triangle-strategy
174,MS18B_X39_A0_0050_F_FRE_0070.wav,MS18B_X39_A0_0050_F_FRE_0070,174,174,174,175,Frederica,main,female,frederica,assets/triangle-strategy/approved_voice_references/frederica.wav,แต่เพราะข้าไม่จมปลักกับอดีต และตั้งเป้าหมายเสมอยังไงล่ะ,,,PENDING_MANUAL_GENERATION,,triangle-strategy
175,MS18B_X39_A0_0050_F_FRE_0080.wav,MS18B_X39_A0_0050_F_FRE_0080,175,175,175,176,Frederica,main,female,frederica,assets/triangle-strategy/approved_voice_references/frederica.wav,ไม่ใช่เรื่องน่าแปลก อาร์ชดยุกกุสตาดอล์ฟ,,,PENDING_MANUAL_GENERATION,,triangle-strategy
176,MS18B_X39_A0_0050_F_FRE_0090.wav,MS18B_X39_A0_0050_F_FRE_0090,176,176,176,177,Frederica,main,female,frederica,assets/triangle-strategy/approved_voice_references/frederica.wav,เพราะข้าและเขาจับมือเดินไปด้วยกันเจ้าค่ะ,,,PENDING_MANUAL_GENERATION,,triangle-strategy
177,MS18B_X39_A0_0050_M_GST_0010.wav,MS18B_X39_A0_0050_M_GST_0010,177,177,177,178,กุสตาดอล์ฟ,npc,male,gustadolph,assets/triangle-strategy/approved_voice_references/gustadolph.wav,...เกลนบรู๊คและเอสฟรอสต์ได้เป็นพันธมิตรกันแล้ว เจ้ากับข้าไม่ใช่ศัตรูกันอีกต่อไป,,,PENDING_MANUAL_GENERATION,,triangle-strategy
178,MS18B_X39_A0_0050_M_GST_0020.wav,MS18B_X39_A0_0050_M_GST_0020,178,178,178,179,กุสตาดอล์ฟ,npc,male,gustadolph,assets/triangle-strategy/approved_voice_references/gustadolph.wav,เราจะร่วมมือกันกำจัดไฮแซนต์ เพื่อชาวโรเซลล์ด้วยเช่นกัน,,,PENDING_MANUAL_GENERATION,,triangle-strategy
179,MS18B_X39_A0_0050_M_GST_0030.wav,MS18B_X39_A0_0050_M_GST_0030,179,179,179,180,กุสตาดอล์ฟ,npc,male,gustadolph,assets/triangle-strategy/approved_voice_references/gustadolph.wav,ข้าเชื่อว่าแม่ของเจ้าคงสุขใจที่ได้ยินเช่นนั้น,,,PENDING_MANUAL_GENERATION,,triangle-strategy
180,MS18B_X39_A0_0050_M_GST_0040.wav,MS18B_X39_A0_0050_M_GST_0040,180,180,180,181,กุสตาดอล์ฟ,npc,male,gustadolph,assets/triangle-strategy/approved_voice_references/gustadolph.wav,เฟรเดอริก้า เจ้าโกรธที่ข้าทำร้ายตระกูลวูล์ฟฟอร์ตไหม?,,,PENDING_MANUAL_GENERATION,,triangle-strategy
181,MS18B_X39_A0_0050_M_GST_0050.wav,MS18B_X39_A0_0050_M_GST_0050,181,181,181,182,กุสตาดอล์ฟ,npc,male,gustadolph,assets/triangle-strategy/approved_voice_references/gustadolph.wav,ถูกต้อง และข้าไม่เสียใจในสิ่งที่ทำลงไปแน่นอน,,,PENDING_MANUAL_GENERATION,,triangle-strategy
182,MS18B_X39_A0_0050_M_GST_0060.wav,MS18B_X39_A0_0050_M_GST_0060,182,182,182,183,กุสตาดอล์ฟ,npc,male,gustadolph,assets/triangle-strategy/approved_voice_references/gustadolph.wav,ก่อนหน้านี้ฝ่าบาทก็พูดเช่นเดียวกัน,,,PENDING_MANUAL_GENERATION,,triangle-strategy
183,MS18B_X39_A0_0050_M_GST_0070.wav,MS18B_X39_A0_0050_M_GST_0070,183,183,183,184,กุสตาดอล์ฟ,npc,male,gustadolph,assets/triangle-strategy/approved_voice_references/gustadolph.wav,...เจ้าแข็งแกร่งแล้วนะ เฟรเดอริก้า,,,PENDING_MANUAL_GENERATION,,triangle-strategy
184,MS18B_X39_BATTLE_01_AFTER_F_ANA_0010.wav,MS18B_X39_BATTLE_01_AFTER_F_ANA_0010,184,184,184,185,Anna,main,female,anna,assets/triangle-strategy/approved_voice_references/anna.wav,ทัพของแคลรุสถูกทำลายแล้วเจ้าค่ะ,,,PENDING_MANUAL_GENERATION,,triangle-strategy
185,MS18B_X39_BATTLE_01_AFTER_F_ANA_0020.wav,MS18B_X39_BATTLE_01_AFTER_F_ANA_0020,185,185,185,186,Anna,main,female,anna,assets/triangle-strategy/approved_voice_references/anna.wav,เบเนดิกต์ ท่านพักก่อนเถอะ,,,PENDING_MANUAL_GENERATION,,triangle-strategy
186,MS18B_X39_BATTLE_01_AFTER_F_ANA_0030.wav,MS18B_X39_BATTLE_01_AFTER_F_ANA_0030,186,186,186,187,Anna,main,female,anna,assets/triangle-strategy/approved_voice_references/anna.wav,ยังไม่มีศัตรูแถวนี้เจ้าค่ะ พวกมันกำลังสอดส่องเราอยู่ไกลๆ,,,PENDING_MANUAL_GENERATION,,triangle-strategy
187,MS18B_X39_BATTLE_01_AFTER_F_ANA_0040.wav,MS18B_X39_BATTLE_01_AFTER_F_ANA_0040,187,187,187,188,Anna,main,female,anna,assets/triangle-strategy/approved_voice_references/anna.wav,ช้าก่อนเจ้าค่ะ ฝ่าบาท,,,PENDING_MANUAL_GENERATION,,triangle-strategy
188,MS18B_X39_BATTLE_01_AFTER_F_ANA_0050.wav,MS18B_X39_BATTLE_01_AFTER_F_ANA_0050,188,188,188,189,Anna,main,female,anna,assets/triangle-strategy/approved_voice_references/anna.wav,เบเนดิกต์ยังไม่ได้พักผ่อนตั้งแต่ที่โรแลนด์จากเราไป ให้เขาพักสักหน่อยได้ไหมเจ้าคะ...,,,PENDING_MANUAL_GENERATION,,triangle-strategy
189,MS18B_X39_BATTLE_01_AFTER_F_ANA_0060.wav,MS18B_X39_BATTLE_01_AFTER_F_ANA_0060,189,189,189,190,Anna,main,female,anna,assets/triangle-strategy/approved_voice_references/anna.wav,...เจ้าค่ะ,,,PENDING_MANUAL_GENERATION,,triangle-strategy
190,MS18B_X39_BATTLE_01_AFTER_M_BND_0010.wav,MS18B_X39_BATTLE_01_AFTER_M_BND_0010,190,190,190,191,Benedict,main,male,benedict,assets/triangle-strategy/approved_voice_references/benedict.wav,ดี... ข้าศึกทั้งหมดจะได้หมายหัวเรา...,,,PENDING_MANUAL_GENERATION,,triangle-strategy
191,MS18B_X39_BATTLE_01_AFTER_M_BND_0020.wav,MS18B_X39_BATTLE_01_AFTER_M_BND_0020,191,191,191,192,Benedict,main,male,benedict,assets/triangle-strategy/approved_voice_references/benedict.wav,ไม่มีเวลาให้พักหรอก,,,PENDING_MANUAL_GENERATION,,triangle-strategy
192,MS18B_X39_BATTLE_01_AFTER_M_BND_0030.wav,MS18B_X39_BATTLE_01_AFTER_M_BND_0030,192,192,192,193,Benedict,main,male,benedict,assets/triangle-strategy/approved_voice_references/benedict.wav,แอนนา ภารกิจของเรายังไม่จบ เราจะพักไม่ได้หรอกนะ,,,PENDING_MANUAL_GENERATION,,triangle-strategy
193,MS18B_X39_BATTLE_01_AFTER_M_BND_0040.wav,MS18B_X39_BATTLE_01_AFTER_M_BND_0040,193,193,193,194,Benedict,main,male,benedict,assets/triangle-strategy/approved_voice_references/benedict.wav,ข้าขอเวลาเตรียมตัวสักครู่,,,PENDING_MANUAL_GENERATION,,triangle-strategy
194,MS18B_X39_BATTLE_01_AFTER_M_SEL_0010.wav,MS18B_X39_BATTLE_01_AFTER_M_SEL_0010,194,194,194,195,Serenoa,main,male,serenoa,assets/triangle-strategy/approved_voice_references/serenoa.wav,ข้าเห็นด้วยนะ ศึกครั้งหน้าเราคงต้องเผชิญกับรัฐมนตรีเอกซ์เฮม,,,PENDING_MANUAL_GENERATION,,triangle-strategy
195,MS18B_X39_BATTLE_01_AFTER_M_SEL_0020.wav,MS18B_X39_BATTLE_01_AFTER_M_SEL_0020,195,195,195,196,Serenoa,main,male,serenoa,assets/triangle-strategy/approved_voice_references/serenoa.wav,เราต้องเตรียมแผนรับมือเขา,,,PENDING_MANUAL_GENERATION,,triangle-strategy
196,MS18B_X39_BATTLE_01_AFTER_M_SEL_0030.wav,MS18B_X39_BATTLE_01_AFTER_M_SEL_0030,196,196,196,197,Serenoa,main,male,serenoa,assets/triangle-strategy/approved_voice_references/serenoa.wav,...ขอรับ แอนนา ไปช่วยเบเนดิกต์,,,PENDING_MANUAL_GENERATION,,triangle-strategy
197,MS18B_X39_BATTLE_01_BEFORE_F_HEW_0010.wav,MS18B_X39_BATTLE_01_BEFORE_F_HEW_0010,197,197,197,198,Hughette,main,female,hughette,assets/triangle-strategy/approved_voice_references/hughette.wav,แคลรุสแห่งสมาคม เป็นผู้นำทัพหน้าสินะเจ้าคะ,,,PENDING_MANUAL_GENERATION,,triangle-strategy
198,MS18B_X39_BATTLE_01_BEFORE_M_BND_0010.wav,MS18B_X39_BATTLE_01_BEFORE_M_BND_0010,198,198,198,199,Benedict,main,male,benedict,assets/triangle-strategy/approved_voice_references/benedict.wav,ขอรับ แต่จำนวนพวกเขาไม่ใช่น้อยๆ เลยนะ,,,PENDING_MANUAL_GENERATION,,triangle-strategy
199,MS18B_X39_BATTLE_01_BEFORE_M_BND_0020.wav,MS18B_X39_BATTLE_01_BEFORE_M_BND_0020,199,199,199,200,Benedict,main,male,benedict,assets/triangle-strategy/approved_voice_references/benedict.wav,ด้วยความเคารพนะขอรับฝ่าบาท คือ...,,,PENDING_MANUAL_GENERATION,,triangle-strategy
200,MS18B_X39_BATTLE_01_BEFORE_M_BND_0030.wav,MS18B_X39_BATTLE_01_BEFORE_M_BND_0030,200,200,200,201,Benedict,main,male,benedict,assets/triangle-strategy/approved_voice_references/benedict.wav,ขอรับ,,,PENDING_MANUAL_GENERATION,,triangle-strategy
201,MS18B_X39_BATTLE_01_BEFORE_M_BND_0040.wav,MS18B_X39_BATTLE_01_BEFORE_M_BND_0040,201,201,201,202,Benedict,main,male,benedict,assets/triangle-strategy/approved_voice_references/benedict.wav,นักรบแห่งวูล์ฟฟอร์ตเอ๋ย จงฟังให้ดี! นี่ไม่ใช่เพียงการสู้รบกับรัฐศักดิ์สิทธิ์ไฮแซนต์เพียงอย่างเดียว,,,PENDING_MANUAL_GENERATION,,triangle-strategy
202,MS18B_X39_BATTLE_01_BEFORE_M_BND_0050.wav,MS18B_X39_BATTLE_01_BEFORE_M_BND_0050,202,202,202,203,Benedict,main,male,benedict,assets/triangle-strategy/approved_voice_references/benedict.wav,นี่คือศึกโค่นล้มอำนาจผูกขาดเกลือ หลักคำสอน และสมาคมของพวกเขาอีกด้วย! สงครามครั้งนี้จะเปลี่ยนแปลงนอร์เซเลียให้ก้าวหน้าขึ้นไป,,,PENDING_MANUAL_GENERATION,,triangle-strategy
203,MS18B_X39_BATTLE_01_BEFORE_M_BND_0060.wav,MS18B_X39_BATTLE_01_BEFORE_M_BND_0060,203,203,203,204,Benedict,main,male,benedict,assets/triangle-strategy/approved_voice_references/benedict.wav,มันจะนำพายุคใหม่มาสู่เรา พวกเราจะมีเกลือไว้ใช้สอยโดยไม่เสียเงินด้วยซ้ำ,,,PENDING_MANUAL_GENERATION,,triangle-strategy
204,MS18B_X39_BATTLE_01_BEFORE_M_BND_0070.wav,MS18B_X39_BATTLE_01_BEFORE_M_BND_0070,204,204,204,205,Benedict,main,male,benedict,assets/triangle-strategy/approved_voice_references/benedict.wav,และผู้นำในยุคใหม่ของเรานั้น จะเป็นใครไปไม่ได้นอกจากฝ่าบาทเซเรโนอา! บัดนี้จงยกดาบขึ้นมาเถิด!,,,PENDING_MANUAL_GENERATION,,triangle-strategy
205,MS18B_X39_BATTLE_01_BEFORE_M_BND_0080.wav,MS18B_X39_BATTLE_01_BEFORE_M_BND_0080,205,205,205,206,Benedict,main,male,benedict,assets/triangle-strategy/approved_voice_references/benedict.wav,เพื่อนอร์เซเลีย! เพื่อฝ่าบาทเซเรโนอา!,,,PENDING_MANUAL_GENERATION,,triangle-strategy
206,MS18B_X39_BATTLE_01_BEFORE_M_CLR_0010.wav,MS18B_X39_BATTLE_01_BEFORE_M_CLR_0010,206,206,206,207,แคลรุส,npc,male,clarus,assets/triangle-strategy/approved_voice_references/clarus.wav,ไอ้ตระกูลวูล์ฟฟอร์ต อีกเดี๋ยวพวกแกจะรู้ซึ้งที่มาดูถูกข้า!,,,PENDING_MANUAL_GENERATION,,triangle-strategy
207,MS18B_X39_BATTLE_01_BEFORE_M_CLR_0020.wav,MS18B_X39_BATTLE_01_BEFORE_M_CLR_0020,207,207,207,208,แคลรุส,npc,male,clarus,assets/triangle-strategy/approved_voice_references/clarus.wav,เหล่าทหารม้าเอ๋ย เตรียมบุกได้!,,,PENDING_MANUAL_GENERATION,,triangle-strategy
208,MS18B_X39_BATTLE_01_BEFORE_M_SEL_0010.wav,MS18B_X39_BATTLE_01_BEFORE_M_SEL_0010,208,208,208,209,Serenoa,main,male,serenoa,assets/triangle-strategy/approved_voice_references/serenoa.wav,เราเลี่ยงการปะทะจากทัพหลักได้อย่างที่คาดเลย,,,PENDING_MANUAL_GENERATION,,triangle-strategy
209,MS18B_X39_BATTLE_01_BEFORE_M_SEL_0020.wav,MS18B_X39_BATTLE_01_BEFORE_M_SEL_0020,209,209,209,210,Serenoa,main,male,serenoa,assets/triangle-strategy/approved_voice_references/serenoa.wav,แม้จะเป็นโชคร้ายของเรา แต่ตอนนี้แคลรุสกำลังนิ่งนอนใจ เพราะคิดว่าโรแลนด์จะมาช่วยรบเช่นกัน,,,PENDING_MANUAL_GENERATION,,triangle-strategy
210,MS18B_X39_BATTLE_01_BEFORE_M_SEL_0030.wav,MS18B_X39_BATTLE_01_BEFORE_M_SEL_0030,210,210,210,211,Serenoa,main,male,serenoa,assets/triangle-strategy/approved_voice_references/serenoa.wav,เป็นโอกาสที่ดีในการลดจำนวนทหารไฮแซนต์ลง,,,PENDING_MANUAL_GENERATION,,triangle-strategy
211,MS18B_X39_BATTLE_01_BEFORE_M_SEL_0040.wav,MS18B_X39_BATTLE_01_BEFORE_M_SEL_0040,211,211,211,212,Serenoa,main,male,serenoa,assets/triangle-strategy/approved_voice_references/serenoa.wav,ข้ารู้แล้วน่า ข้าก็ระวังตัวเช่นกัน,,,PENDING_MANUAL_GENERATION,,triangle-strategy
212,MS18B_X39_BATTLE_01_BEFORE_M_SEL_0050.wav,MS18B_X39_BATTLE_01_BEFORE_M_SEL_0050,212,212,212,213,Serenoa,main,male,serenoa,assets/triangle-strategy/approved_voice_references/serenoa.wav,นี่เป็นศึกครั้งแรกในสงครามของเรา แสดงให้ไฮแซนต์และเอสฟรอสต์ได้รับรู้ถึงอิทธิฤทธิ์ของพวกเราซะ,,,PENDING_MANUAL_GENERATION,,triangle-strategy
213,MS18B_X39_BATTLE_01_BEFORE_M_SEL_0060.wav,MS18B_X39_BATTLE_01_BEFORE_M_SEL_0060,213,213,213,214,Serenoa,main,male,serenoa,assets/triangle-strategy/approved_voice_references/serenoa.wav,เบเนดิกต์ ช่วยปลุกใจทหารด้วยนะ,,,PENDING_MANUAL_GENERATION,,triangle-strategy
214,MS18B_X39_BATTLE_01_BEFORE_M_SEL_0070.wav,MS18B_X39_BATTLE_01_BEFORE_M_SEL_0070,214,214,214,215,Serenoa,main,male,serenoa,assets/triangle-strategy/approved_voice_references/serenoa.wav,ทหาร...บุก! ทำลายทัพหน้าซะ!,,,PENDING_MANUAL_GENERATION,,triangle-strategy
215,MS18B_X39_BATTLE_01_BEFORE_N_M345_0010.wav,MS18B_X39_BATTLE_01_BEFORE_N_M345_0010,215,215,215,216,ชายชาวเมือง / ทหาร / ผู้ติดตาม,generic,male,MALE_ADULT_A,assets/triangle-strategy/approved_voice_references/MALE_ADULT_A.wav,เพื่อนอร์เซเลีย!,,,PENDING_MANUAL_GENERATION,,triangle-strategy
216,MS18B_X39_BATTLE_01_DRAMA_M_BND_0010.wav,MS18B_X39_BATTLE_01_DRAMA_M_BND_0010,216,216,216,217,Benedict,main,male,benedict,assets/triangle-strategy/approved_voice_references/benedict.wav,อืม...แคลรุสดูลนๆ นะ,,,PENDING_MANUAL_GENERATION,,triangle-strategy
217,MS18B_X39_BATTLE_01_DRAMA_M_BND_0020.wav,MS18B_X39_BATTLE_01_DRAMA_M_BND_0020,217,217,217,218,Benedict,main,male,benedict,assets/triangle-strategy/approved_voice_references/benedict.wav,แคลรุสเตรียมตัวมาดี อย่าประมาทนะท่าน,,,PENDING_MANUAL_GENERATION,,triangle-strategy
218,MS18B_X39_BATTLE_01_DRAMA_M_BND_0030.wav,MS18B_X39_BATTLE_01_DRAMA_M_BND_0030,218,218,218,219,Benedict,main,male,benedict,assets/triangle-strategy/approved_voice_references/benedict.wav,แคลรุส นึกอยู่แล้วว่าท่านจะร่วมมือกับไฮแซนต์,,,PENDING_MANUAL_GENERATION,,triangle-strategy
219,MS18B_X39_BATTLE_01_DRAMA_M_BND_0040.wav,MS18B_X39_BATTLE_01_DRAMA_M_BND_0040,219,219,219,220,Benedict,main,male,benedict,assets/triangle-strategy/approved_voice_references/benedict.wav,...ยังไม่รู้ตัวอีกเหรอว่ากำลังโดนชักใย ท่านช่างเขลาเหลือเกิน,,,PENDING_MANUAL_GENERATION,,triangle-strategy
220,MS18B_X39_BATTLE_01_DRAMA_M_BND_0050.wav,MS18B_X39_BATTLE_01_DRAMA_M_BND_0050,220,220,220,221,Benedict,main,male,benedict,assets/triangle-strategy/approved_voice_references/benedict.wav,แผนที่ดีที่สุดของข้า...ก็มีโอกาสล้มเหลวเหมือนกันสินะ...,,,PENDING_MANUAL_GENERATION,,triangle-strategy
221,MS18B_X39_BATTLE_01_DRAMA_M_CLR_0010.wav,MS18B_X39_BATTLE_01_DRAMA_M_CLR_0010,221,221,221,222,แคลรุส,npc,male,clarus,assets/triangle-strategy/approved_voice_references/clarus.wav,วันนี้ข้าจะยุติความอวดดีของวูล์ฟฟอร์ตด้วยตัวเอง,,,PENDING_MANUAL_GENERATION,,triangle-strategy
222,MS18B_X39_BATTLE_01_DRAMA_M_CLR_0020.wav,MS18B_X39_BATTLE_01_DRAMA_M_CLR_0020,222,222,222,223,แคลรุส,npc,male,clarus,assets/triangle-strategy/approved_voice_references/clarus.wav,พวกมันจะต้องชดใช้ที่แย่งชิงบัลลังก์ไป,,,PENDING_MANUAL_GENERATION,,triangle-strategy
223,MS18B_X39_BATTLE_01_DRAMA_M_CLR_0030.wav,MS18B_X39_BATTLE_01_DRAMA_M_CLR_0030,223,223,223,224,แคลรุส,npc,male,clarus,assets/triangle-strategy/approved_voice_references/clarus.wav,ไอ้พวกโง่นั่นคงตะลึงแน่ หากได้เห็นว่าใครจะมาเป็นกองหนุนของข้า ฮ่าๆๆ...,,,PENDING_MANUAL_GENERATION,,triangle-strategy
224,MS18B_X39_BATTLE_01_DRAMA_M_CLR_0040.wav,MS18B_X39_BATTLE_01_DRAMA_M_CLR_0040,224,224,224,225,แคลรุส,npc,male,clarus,assets/triangle-strategy/approved_voice_references/clarus.wav,ฝ่าบาทโรแลนด์และกองทัพน่าจะมาถึงแล้วสิ...,,,PENDING_MANUAL_GENERATION,,triangle-strategy
225,MS18B_X39_BATTLE_01_DRAMA_M_CLR_0050.wav,MS18B_X39_BATTLE_01_DRAMA_M_CLR_0050,225,225,225,226,แคลรุส,npc,male,clarus,assets/triangle-strategy/approved_voice_references/clarus.wav,...ทำไมฝ่าบาทโรแลนด์ถึงชักช้าขนาดนี้!?,,,PENDING_MANUAL_GENERATION,,triangle-strategy
226,MS18B_X39_BATTLE_01_DRAMA_M_CLR_0060.wav,MS18B_X39_BATTLE_01_DRAMA_M_CLR_0060,226,226,226,227,แคลรุส,npc,male,clarus,assets/triangle-strategy/approved_voice_references/clarus.wav,เกิดอะไรขึ้นกับเขาหรือเปล่า? หายไปไหนของเขา!?,,,PENDING_MANUAL_GENERATION,,triangle-strategy
227,MS18B_X39_BATTLE_01_DRAMA_M_CLR_0070.wav,MS18B_X39_BATTLE_01_DRAMA_M_CLR_0070,227,227,227,228,แคลรุส,npc,male,clarus,assets/triangle-strategy/approved_voice_references/clarus.wav,หรือว่า... นี่จะเป็นอุบายของวูล์ฟฟอร์ตทั้งหมดเลยงั้นรึ?,,,PENDING_MANUAL_GENERATION,,triangle-strategy
228,MS18B_X39_BATTLE_01_DRAMA_M_CLR_0080.wav,MS18B_X39_BATTLE_01_DRAMA_M_CLR_0080,228,228,228,229,แคลรุส,npc,male,clarus,assets/triangle-strategy/approved_voice_references/clarus.wav,ข้ากำราบลอร์ดของเจ้าได้เมื่อไร ตำแหน่งผู้ศักดิ์สิทธิ์ก็จะเป็นของข้า,,,PENDING_MANUAL_GENERATION,,triangle-strategy
229,MS18B_X39_BATTLE_01_DRAMA_M_CLR_0090.wav,MS18B_X39_BATTLE_01_DRAMA_M_CLR_0090,229,229,229,230,แคลรุส,npc,male,clarus,assets/triangle-strategy/approved_voice_references/clarus.wav,หุบปาก! คนชนะคือข้า ไม่ใช่เจ้าโว้ย!,,,PENDING_MANUAL_GENERATION,,triangle-strategy
230,MS18B_X39_BATTLE_01_DRAMA_M_CLR_0100.wav,MS18B_X39_BATTLE_01_DRAMA_M_CLR_0100,230,230,230,231,แคลรุส,npc,male,clarus,assets/triangle-strategy/approved_voice_references/clarus.wav,หนอย... ข้าไม่ยอมแพ้กบฎชิงบัลลังก์ที่อยากทำลายรากฐานสมาคมหรอกนะ!,,,PENDING_MANUAL_GENERATION,,triangle-strategy
231,MS18B_X39_BATTLE_01_DRAMA_M_CLR_0110.wav,MS18B_X39_BATTLE_01_DRAMA_M_CLR_0110,231,231,231,232,แคลรุส,npc,male,clarus,assets/triangle-strategy/approved_voice_references/clarus.wav,เซเรโนอา วูล์ฟฟอร์ต ไอ้คนทรยศ! เจ้าตายเมื่อไหร่...ข้าจะชิงตำแหน่งผู้ศักดิ์สิทธิ์ต่อจากเจ้า!,,,PENDING_MANUAL_GENERATION,,triangle-strategy
232,MS18B_X39_BATTLE_01_DRAMA_M_CLR_0120.wav,MS18B_X39_BATTLE_01_DRAMA_M_CLR_0120,232,232,232,233,แคลรุส,npc,male,clarus,assets/triangle-strategy/approved_voice_references/clarus.wav,โอย... ไม่นึกเลยว่าข้าจะต้องลดตัวมาร่วมทัพกับรัฐมนตรีเทเนบริส...,,,PENDING_MANUAL_GENERATION,,triangle-strategy
233,MS18B_X39_BATTLE_01_DRAMA_M_CLR_0130.wav,MS18B_X39_BATTLE_01_DRAMA_M_CLR_0130,233,233,233,234,แคลรุส,npc,male,clarus,assets/triangle-strategy/approved_voice_references/clarus.wav,"ข้าโดนหลอกและขาดสติ... ข้าไม่สมควรจะเป็น ""พ่อค้า"" อีกต่อไปแล้ว...",,,PENDING_MANUAL_GENERATION,,triangle-strategy
234,MS18B_X39_BATTLE_01_DRAMA_M_CLR_0140.wav,MS18B_X39_BATTLE_01_DRAMA_M_CLR_0140,234,234,234,235,แคลรุส,npc,male,clarus,assets/triangle-strategy/approved_voice_references/clarus.wav,จบสิ้นยุคของเราแล้วสินะ...,,,PENDING_MANUAL_GENERATION,,triangle-strategy
235,MS18B_X39_BATTLE_01_DRAMA_M_SEL_0010.wav,MS18B_X39_BATTLE_01_DRAMA_M_SEL_0010,235,235,235,236,Serenoa,main,male,serenoa,assets/triangle-strategy/approved_voice_references/serenoa.wav,...แคลรุสดูมั่นใจขนาดนี้ แสดงว่าตกหลุมพรางเบเนดิกต์แน่นอน,,,PENDING_MANUAL_GENERATION,,triangle-strategy
236,MS18B_X39_BATTLE_01_DRAMA_M_SEL_0020.wav,MS18B_X39_BATTLE_01_DRAMA_M_SEL_0020,236,236,236,237,Serenoa,main,male,serenoa,assets/triangle-strategy/approved_voice_references/serenoa.wav,แต่เราก็อย่าเพิ่งเหลิงไปหน่อยเลย ตอนนี้เรามาจัดการทหารม้าไฮแซนต์กันเถอะ บุกได้!,,,PENDING_MANUAL_GENERATION,,triangle-strategy
237,MS18B_X39_BATTLE_01_DRAMA_M_SEL_0030.wav,MS18B_X39_BATTLE_01_DRAMA_M_SEL_0030,237,237,237,238,Serenoa,main,male,serenoa,assets/triangle-strategy/approved_voice_references/serenoa.wav,กำลังเสริม... อย่าไปออมมือให้พวกมัน!,,,PENDING_MANUAL_GENERATION,,triangle-strategy
238,MS18B_X39_C0_0010_M_CLR_0010.wav,MS18B_X39_C0_0010_M_CLR_0010,238,238,238,239,แคลรุส,npc,male,clarus,assets/triangle-strategy/approved_voice_references/clarus.wav,ขอรับ พวกมันจะทำลายกฎระเบียบนอร์เซเลียที่เราตรากตรำสร้างมันขึ้นมา,,,PENDING_MANUAL_GENERATION,,triangle-strategy
239,MS18B_X39_C0_0010_M_CLR_0020.wav,MS18B_X39_C0_0010_M_CLR_0020,239,239,239,240,แคลรุส,npc,male,clarus,assets/triangle-strategy/approved_voice_references/clarus.wav,รัฐมนตรีเทเนบริส ท่านต้องร้องขอให้พระองค์กำจัดพวกมันนะขอรับ!,,,PENDING_MANUAL_GENERATION,,triangle-strategy
240,MS18B_X39_C0_0010_M_CLR_0030.wav,MS18B_X39_C0_0010_M_CLR_0030,240,240,240,241,แคลรุส,npc,male,clarus,assets/triangle-strategy/approved_voice_references/clarus.wav,เป็นธรรมดาที่พ่อค้าควรจะเรียนรู้สู้ศึก เพื่อป้องกันตัวจากอันตรายขอรับ,,,PENDING_MANUAL_GENERATION,,triangle-strategy
241,MS18B_X39_C0_0010_M_CLR_0040.wav,MS18B_X39_C0_0010_M_CLR_0040,241,241,241,242,แคลรุส,npc,male,clarus,assets/triangle-strategy/approved_voice_references/clarus.wav,ท่านจะให้ข้าเป็นผู้บัญชาการเนี่ยนะ!?,,,PENDING_MANUAL_GENERATION,,triangle-strategy
242,MS18B_X39_C0_0010_M_CLR_0050.wav,MS18B_X39_C0_0010_M_CLR_0050,242,242,242,243,แคลรุส,npc,male,clarus,assets/triangle-strategy/approved_voice_references/clarus.wav,ฝ่าบาทโรแลนด์จริงๆ เหรอ?,,,PENDING_MANUAL_GENERATION,,triangle-strategy
243,MS18B_X39_C0_0010_M_CLR_0060.wav,MS18B_X39_C0_0010_M_CLR_0060,243,243,243,244,แคลรุส,npc,male,clarus,assets/triangle-strategy/approved_voice_references/clarus.wav,แสดงว่าฝ่าบาทถูกชิงบัลลังก์จริงๆ ด้วยสินะ หากข้าเป็นเขาล่ะก็...ข้าคงอยากชำระแค้นพวกมันเช่นกัน,,,PENDING_MANUAL_GENERATION,,triangle-strategy
244,MS18B_X39_C0_0010_M_CLR_0070.wav,MS18B_X39_C0_0010_M_CLR_0070,244,244,244,245,แคลรุส,npc,male,clarus,assets/triangle-strategy/approved_voice_references/clarus.wav,โฮะโฮ่! หากมีฝ่าบาทโรแลนด์อยู่ข้างกาย ตระกูลวูล์ฟฟอร์ตคงมิอาจต้านทานเราได้แน่นอน!,,,PENDING_MANUAL_GENERATION,,triangle-strategy
245,MS18B_X39_C0_0010_M_CLR_0080.wav,MS18B_X39_C0_0010_M_CLR_0080,245,245,245,246,แคลรุส,npc,male,clarus,assets/triangle-strategy/approved_voice_references/clarus.wav,...แล้วท่านเอาเรื่องนี้ไปเล่าให้ใครฟังหรือยังขอรับ รัฐมนตรีเทเนบริส?,,,PENDING_MANUAL_GENERATION,,triangle-strategy
246,MS18B_X39_C0_0010_M_CLR_0090.wav,MS18B_X39_C0_0010_M_CLR_0090,246,246,246,247,แคลรุส,npc,male,clarus,assets/triangle-strategy/approved_voice_references/clarus.wav,ดีใจที่ได้ยินเช่นนั้นขอรับ ข้าจะพยายามช่วยท่านอย่างสุดความสามารถ,,,PENDING_MANUAL_GENERATION,,triangle-strategy
247,MS18B_X39_C0_0010_M_ENG_0010.wav,MS18B_X39_C0_0010_M_ENG_0010,247,247,247,248,เทเนบริส,npc,male,tenebris,assets/triangle-strategy/approved_voice_references/tenebris.wav,...งั้นเหรอ นอกจากไฮแซนต์ที่วูล์ฟฟอร์ตหวังทำลาย สมาคมก็ตกเป็นเป้าด้วยเช่นกันสินะ,,,PENDING_MANUAL_GENERATION,,triangle-strategy
248,MS18B_X39_C0_0010_M_ENG_0020.wav,MS18B_X39_C0_0010_M_ENG_0020,248,248,248,249,เทเนบริส,npc,male,tenebris,assets/triangle-strategy/approved_voice_references/tenebris.wav,แน่นอน วูล์ฟฟอร์ตจะโดนลงโทษที่ลบหลู่เทพธิดา,,,PENDING_MANUAL_GENERATION,,triangle-strategy
249,MS18B_X39_C0_0010_M_ENG_0030.wav,MS18B_X39_C0_0010_M_ENG_0030,249,249,249,250,เทเนบริส,npc,male,tenebris,assets/triangle-strategy/approved_voice_references/tenebris.wav,เสียดายที่ข้าลงมือตามพลการไม่ได้...,,,PENDING_MANUAL_GENERATION,,triangle-strategy
250,MS18B_X39_C0_0010_M_ENG_0040.wav,MS18B_X39_C0_0010_M_ENG_0040,250,250,250,251,เทเนบริส,npc,male,tenebris,assets/triangle-strategy/approved_voice_references/tenebris.wav,แต่ท่านตามหาทหารรับจ้างและอันธพาลมาสู้ในสนามรบใต้ดินได้สินะ,,,PENDING_MANUAL_GENERATION,,triangle-strategy
251,MS18B_X39_C0_0010_M_ENG_0050.wav,MS18B_X39_C0_0010_M_ENG_0050,251,251,251,252,เทเนบริส,npc,male,tenebris,assets/triangle-strategy/approved_voice_references/tenebris.wav,พอได้ยินเช่นนี้ก็ชื่นใจ! เพราะข้าเชื่อว่าท่านสามารถทำในสิ่งที่ข้าต้องการได้...,,,PENDING_MANUAL_GENERATION,,triangle-strategy
252,MS18B_X39_C0_0010_M_ENG_0060.wav,MS18B_X39_C0_0010_M_ENG_0060,252,252,252,253,เทเนบริส,npc,male,tenebris,assets/triangle-strategy/approved_voice_references/tenebris.wav,ลอร์ดแคลรุส ข้าต้องการให้ท่านช่วยนำทัพไปกำจัดวูล์ฟฟอร์ต ส่วนเรื่องทหารข้าขอจัดการเอง,,,PENDING_MANUAL_GENERATION,,triangle-strategy
253,MS18B_X39_C0_0010_M_ENG_0070.wav,MS18B_X39_C0_0010_M_ENG_0070,253,253,253,254,เทเนบริส,npc,male,tenebris,assets/triangle-strategy/approved_voice_references/tenebris.wav,คือว่าข้าได้รับจดหมายฉบับหนึ่งมาไม่นานนัก เรามีโอกาสชนะมากกว่าที่คิด,,,PENDING_MANUAL_GENERATION,,triangle-strategy
254,MS18B_X39_C0_0010_M_ENG_0080.wav,MS18B_X39_C0_0010_M_ENG_0080,254,254,254,255,เทเนบริส,npc,male,tenebris,assets/triangle-strategy/approved_voice_references/tenebris.wav,"""เรามาโค่นกบฎวูล์ฟฟอร์ตด้วยกันเถิด"" ฝ่าบาทโรแลนด์เขียนจดหมายฉบับนี้กับมือ",,,PENDING_MANUAL_GENERATION,,triangle-strategy
255,MS18B_X39_C0_0010_M_ENG_0090.wav,MS18B_X39_C0_0010_M_ENG_0090,255,255,255,256,เทเนบริส,npc,male,tenebris,assets/triangle-strategy/approved_voice_references/tenebris.wav,มันมีตราราชวงศ์อยู่ด้วย ข้ายืนยันแล้วว่ามันเป็นของจริง,,,PENDING_MANUAL_GENERATION,,triangle-strategy
256,MS18B_X39_C0_0010_M_ENG_0100.wav,MS18B_X39_C0_0010_M_ENG_0100,256,256,256,257,เทเนบริส,npc,male,tenebris,assets/triangle-strategy/approved_voice_references/tenebris.wav,เขาบอกว่าจะลอบโจมตีจากข้างหลังระหว่างที่เราทำศึก,,,PENDING_MANUAL_GENERATION,,triangle-strategy
257,MS18B_X39_C0_0010_M_ENG_0110.wav,MS18B_X39_C0_0010_M_ENG_0110,257,257,257,258,เทเนบริส,npc,male,tenebris,assets/triangle-strategy/approved_voice_references/tenebris.wav,ยังเลย เพราะข้าอยากชนะร่วมกับท่านเพียงผู้เดียว,,,PENDING_MANUAL_GENERATION,,triangle-strategy
258,MS18B_X39_C0_0015_M_CLR_0010.wav,MS18B_X39_C0_0015_M_CLR_0010,258,258,258,259,แคลรุส,npc,male,clarus,assets/triangle-strategy/approved_voice_references/clarus.wav,รัฐมนตรีเทเนบริส ที่ท่านบอกให้ข้ารวบรวมทัพ ข้าไม่นึกว่าจะมีทหารม้ามาด้วย,,,PENDING_MANUAL_GENERATION,,triangle-strategy
259,MS18B_X39_C0_0015_M_CLR_0020.wav,MS18B_X39_C0_0015_M_CLR_0020,259,259,259,260,แคลรุส,npc,male,clarus,assets/triangle-strategy/approved_voice_references/clarus.wav,รัฐมนตรีเทเนบริส ท่านก็พูดเกินไป วีรกรรมในวันนี้อาจทำให้ท่านได้ดำรงตำแหน่งแทนรัฐมนตรีอีดอร์ก็ได้นะ...,,,PENDING_MANUAL_GENERATION,,triangle-strategy
260,MS18B_X39_C0_0015_M_CLR_0030.wav,MS18B_X39_C0_0015_M_CLR_0030,260,260,260,261,แคลรุส,npc,male,clarus,assets/triangle-strategy/approved_voice_references/clarus.wav,ถูกต้องขอรับ สบายใจได้,,,PENDING_MANUAL_GENERATION,,triangle-strategy
261,MS18B_X39_C0_0015_M_EGS_0010.wav,MS18B_X39_C0_0015_M_EGS_0010,261,261,261,262,Exharme,npc,male,exharme,assets/triangle-strategy/approved_voice_references/exharme.wav,ตระกูลวูล์ฟฟอร์ตกำลังมาแล้ว,,,PENDING_MANUAL_GENERATION,,triangle-strategy
262,MS18B_X39_C0_0015_M_EGS_0020.wav,MS18B_X39_C0_0015_M_EGS_0020,262,262,262,263,Exharme,npc,male,exharme,assets/triangle-strategy/approved_voice_references/exharme.wav,ท่านจะไม่เอากำลังเสริมจริงๆเหรอ รัฐมนตรีเทเนบริส?,,,PENDING_MANUAL_GENERATION,,triangle-strategy
263,MS18B_X39_C0_0015_M_EGS_0030.wav,MS18B_X39_C0_0015_M_EGS_0030,263,263,263,264,Exharme,npc,male,exharme,assets/triangle-strategy/approved_voice_references/exharme.wav,ข้ารู้ว่าท่านอยากนำทัพ แต่อย่าประมาทตระกูลวูล์ฟฟอร์ตจะดีกว่า,,,PENDING_MANUAL_GENERATION,,triangle-strategy
264,MS18B_X39_C0_0015_M_EGS_0040.wav,MS18B_X39_C0_0015_M_EGS_0040,264,264,264,265,Exharme,npc,male,exharme,assets/triangle-strategy/approved_voice_references/exharme.wav,...อืม เช่นนั้นก็ฝากท่านจัดการด้วย,,,PENDING_MANUAL_GENERATION,,triangle-strategy
265,MS18B_X39_C0_0015_M_EGS_0050.wav,MS18B_X39_C0_0015_M_EGS_0050,265,265,265,266,Exharme,npc,male,exharme,assets/triangle-strategy/approved_voice_references/exharme.wav,ข้าขอให้ท่านพิชิตวูล์ฟฟอร์ตสำเร็จ แม้ท่านแพ้...โล่เทพธิดาก็จะปกป้องเราเสมอ,,,PENDING_MANUAL_GENERATION,,triangle-strategy
266,MS18B_X39_C0_0015_M_ENG_0010.wav,MS18B_X39_C0_0015_M_ENG_0010,266,266,266,267,เทเนบริส,npc,male,tenebris,assets/triangle-strategy/approved_voice_references/tenebris.wav,อย่างน้อยข้าก็ช่วยท่านได้เท่านี้ ที่เหลือข้าฝากท่านด้วยนะลอร์ดแคลรุส,,,PENDING_MANUAL_GENERATION,,triangle-strategy
267,MS18B_X39_C0_0015_M_ENG_0020.wav,MS18B_X39_C0_0015_M_ENG_0020,267,267,267,268,เทเนบริส,npc,male,tenebris,assets/triangle-strategy/approved_voice_references/tenebris.wav,เมื่อวูล์ฟฟอร์ตถูกกำราบ บัลลังก์แห่งเจ็ดผู้ศักดิ์สิทธิ์จะต้องการผู้สืบทอด,,,PENDING_MANUAL_GENERATION,,triangle-strategy
268,MS18B_X39_C0_0015_M_ENG_0030.wav,MS18B_X39_C0_0015_M_ENG_0030,268,268,268,269,เทเนบริส,npc,male,tenebris,assets/triangle-strategy/approved_voice_references/tenebris.wav,และไม่มีใครที่เหมาะสมกับตำแหน่งรัฐมนตรีว่าการกระทรวงเกลือไปมากกว่าท่านแล้ว ลอร์ดแคลรุส,,,PENDING_MANUAL_GENERATION,,triangle-strategy
269,MS18B_X39_C0_0015_M_ENG_0040.wav,MS18B_X39_C0_0015_M_ENG_0040,269,269,269,270,เทเนบริส,npc,male,tenebris,assets/triangle-strategy/approved_voice_references/tenebris.wav,ฮ่าๆๆ...,,,PENDING_MANUAL_GENERATION,,triangle-strategy
270,MS18B_X39_C0_0015_M_ENG_0050.wav,MS18B_X39_C0_0015_M_ENG_0050,270,270,270,271,เทเนบริส,npc,male,tenebris,assets/triangle-strategy/approved_voice_references/tenebris.wav,ชัยชนะในครั้งนี้จะลบล้างมลทินในอดีตของข้า...,,,PENDING_MANUAL_GENERATION,,triangle-strategy
271,MS18B_X39_C0_0015_M_ENG_0060.wav,MS18B_X39_C0_0015_M_ENG_0060,271,271,271,272,เทเนบริส,npc,male,tenebris,assets/triangle-strategy/approved_voice_references/tenebris.wav,ไม่ต้องห่วง รัฐมนตรีเอกซ์เฮม ข้ารับประกันได้ว่าลอร์ดแคลรุสจะคว้าชัยกลับมา,,,PENDING_MANUAL_GENERATION,,triangle-strategy
272,MS18B_X39_C0_0015_M_ENG_0070.wav,MS18B_X39_C0_0015_M_ENG_0070,272,272,272,273,เทเนบริส,npc,male,tenebris,assets/triangle-strategy/approved_voice_references/tenebris.wav,เรามาดูความสำเร็จของลอร์ดแคลรุสด้วยกันเถอะ,,,PENDING_MANUAL_GENERATION,,triangle-strategy
273,MS18B_X39_C0_0020_M_EGS_0010.wav,MS18B_X39_C0_0020_M_EGS_0010,273,273,273,274,Exharme,npc,male,exharme,assets/triangle-strategy/approved_voice_references/exharme.wav,เหมือนว่าภารกิจนี้จะเกินมือแคลรุสไปหน่อยนะ,,,PENDING_MANUAL_GENERATION,,triangle-strategy
274,MS18B_X39_C0_0020_M_EGS_0020.wav,MS18B_X39_C0_0020_M_EGS_0020,274,274,274,275,Exharme,npc,male,exharme,assets/triangle-strategy/approved_voice_references/exharme.wav,ฝ่าบาทโรแลนด์? พูดเรื่องอะไรของท่านเนี่ย?,,,PENDING_MANUAL_GENERATION,,triangle-strategy
275,MS18B_X39_C0_0020_M_EGS_0030.wav,MS18B_X39_C0_0020_M_EGS_0030,275,275,275,276,Exharme,npc,male,exharme,assets/triangle-strategy/approved_voice_references/exharme.wav,จดหมายปลอมน่ะสิ เบเนดิกต์คงส่งมาล่ะมั้ง,,,PENDING_MANUAL_GENERATION,,triangle-strategy
276,MS18B_X39_C0_0020_M_EGS_0040.wav,MS18B_X39_C0_0020_M_EGS_0040,276,276,276,277,Exharme,npc,male,exharme,assets/triangle-strategy/approved_voice_references/exharme.wav,นักกลยุทธ์มันรังสรรค์ได้ทุกอย่าง รวมถึงตราราชวงศ์นั่นแหละ,,,PENDING_MANUAL_GENERATION,,triangle-strategy
277,MS18B_X39_C0_0020_M_EGS_0050.wav,MS18B_X39_C0_0020_M_EGS_0050,277,277,277,278,Exharme,npc,male,exharme,assets/triangle-strategy/approved_voice_references/exharme.wav,ถ้าเขาอยากโค่นวูล์ฟฟอร์ตจริงๆ เขาคงไม่ขอความช่วยเหลือจากคนอ่อนหัดเช่นท่านหรอก,,,PENDING_MANUAL_GENERATION,,triangle-strategy
278,MS18B_X39_C0_0020_M_EGS_0060.wav,MS18B_X39_C0_0020_M_EGS_0060,278,278,278,279,Exharme,npc,male,exharme,assets/triangle-strategy/approved_voice_references/exharme.wav,แคลรุสจะไปตายที่ไหนข้าไม่สนหรอก แต่ตอนนี้เราเสียทหารไปเยอะมาก,,,PENDING_MANUAL_GENERATION,,triangle-strategy
279,MS18B_X39_C0_0020_M_EGS_0070.wav,MS18B_X39_C0_0020_M_EGS_0070,279,279,279,280,Exharme,npc,male,exharme,assets/triangle-strategy/approved_voice_references/exharme.wav,ท่านพลาดไปแล้ว คิดว่าตัวเองควรได้รับโอกาสอีกครั้งด้วยเหรอ?,,,PENDING_MANUAL_GENERATION,,triangle-strategy
280,MS18B_X39_C0_0020_M_EGS_0080.wav,MS18B_X39_C0_0020_M_EGS_0080,280,280,280,281,Exharme,npc,male,exharme,assets/triangle-strategy/approved_voice_references/exharme.wav,ขอรับท่าน ข้าจะบดขยี้ตระกูลวูล์ฟฟอร์ตให้ได้,,,PENDING_MANUAL_GENERATION,,triangle-strategy
281,MS18B_X39_C0_0020_M_ENG_0010.wav,MS18B_X39_C0_0020_M_ENG_0010,281,281,281,282,เทเนบริส,npc,male,tenebris,assets/triangle-strategy/approved_voice_references/tenebris.wav,มันไม่ควรลงเอยเช่นนี้สิ... ฝ่าบาทโรแลนด์ตั้งใจจะลอบโจมตีไม่ใช่เหรอ...,,,PENDING_MANUAL_GENERATION,,triangle-strategy
282,MS18B_X39_C0_0020_M_ENG_0020.wav,MS18B_X39_C0_0020_M_ENG_0020,282,282,282,283,เทเนบริส,npc,male,tenebris,assets/triangle-strategy/approved_voice_references/tenebris.wav,เขาส่งจดหมายร้องขอให้เราจู่โจมวูล์ฟฟอร์ตด้วยกันขอรับ!,,,PENDING_MANUAL_GENERATION,,triangle-strategy
283,MS18B_X39_C0_0020_M_ENG_0030.wav,MS18B_X39_C0_0020_M_ENG_0030,283,283,283,284,เทเนบริส,npc,male,tenebris,assets/triangle-strategy/approved_voice_references/tenebris.wav,เป็นไปไม่ได้หรอก มันถูกผนึกด้วยตราราชวงศ์เชียวนะ,,,PENDING_MANUAL_GENERATION,,triangle-strategy
284,MS18B_X39_C0_0020_M_ENG_0040.wav,MS18B_X39_C0_0020_M_ENG_0040,284,284,284,285,เทเนบริส,npc,male,tenebris,assets/triangle-strategy/approved_voice_references/tenebris.wav,ตะ-แต่ข้า...,,,PENDING_MANUAL_GENERATION,,triangle-strategy
285,MS18B_X39_C0_0020_M_ENG_0050.wav,MS18B_X39_C0_0020_M_ENG_0050,285,285,285,286,เทเนบริส,npc,male,tenebris,assets/triangle-strategy/approved_voice_references/tenebris.wav,รัฐมนตรีอีดอร์ ข้าขอร้องล่ะ...ให้โอกาสข้าแก้ตัวเถอะนะขอรับ!,,,PENDING_MANUAL_GENERATION,,triangle-strategy
286,MS18B_X39_C0_0020_M_ENG_0060.wav,MS18B_X39_C0_0020_M_ENG_0060,286,286,286,287,เทเนบริส,npc,male,tenebris,assets/triangle-strategy/approved_voice_references/tenebris.wav,อะ-อ๊ะ... โปรดอภัยให้ข้าด้วยขอรับ...,,,PENDING_MANUAL_GENERATION,,triangle-strategy
287,MS18B_X39_C0_0020_M_IDO_0010.wav,MS18B_X39_C0_0020_M_IDO_0010,287,287,287,288,อีดอร์,npc,male,idore,assets/triangle-strategy/approved_voice_references/idore.wav,แต่ท่านกลับเชื่อสนิทใจโดยไม่คิดไตร่ตรองก่อนด้วยซ้ำ,,,PENDING_MANUAL_GENERATION,,triangle-strategy
288,MS18B_X39_C0_0020_M_IDO_0020.wav,MS18B_X39_C0_0020_M_IDO_0020,288,288,288,289,อีดอร์,npc,male,idore,assets/triangle-strategy/approved_voice_references/idore.wav,คราวนี้เกลนบรู๊คมันถือไพ่เหนือกว่าเราแล้ว,,,PENDING_MANUAL_GENERATION,,triangle-strategy
289,MS18B_X39_C0_0020_M_IDO_0030.wav,MS18B_X39_C0_0020_M_IDO_0030,289,289,289,290,อีดอร์,npc,male,idore,assets/triangle-strategy/approved_voice_references/idore.wav,รัฐมนตรีเทเนบริส ข้าเองก็ได้รับจดหมายเช่นกัน,,,PENDING_MANUAL_GENERATION,,triangle-strategy
290,MS18B_X39_C0_0020_M_IDO_0040.wav,MS18B_X39_C0_0020_M_IDO_0040,290,290,290,291,อีดอร์,npc,male,idore,assets/triangle-strategy/approved_voice_references/idore.wav,แต่เป็นอีกฉบับหนึ่งที่อ้างว่าท่านได้ทำการค้าเกลือผิดกฎหมาย และแสวงหากำไรจากลานประลองใต้ดิน,,,PENDING_MANUAL_GENERATION,,triangle-strategy
291,MS18B_X39_C0_0020_M_IDO_0050.wav,MS18B_X39_C0_0020_M_IDO_0050,291,291,291,292,อีดอร์,npc,male,idore,assets/triangle-strategy/approved_voice_references/idore.wav,ให้พระองค์ตัดสินก็แล้วกัน,,,PENDING_MANUAL_GENERATION,,triangle-strategy
292,MS18B_X39_C0_0020_M_IDO_0060.wav,MS18B_X39_C0_0020_M_IDO_0060,292,292,292,293,อีดอร์,npc,male,idore,assets/triangle-strategy/approved_voice_references/idore.wav,ท่านหัวหน้านักบวชต้องรู้เรื่องนี้ เรากลับไปรายงานที่ตำหนักด้วยกันดีกว่า,,,PENDING_MANUAL_GENERATION,,triangle-strategy
293,MS18B_X39_C0_0020_M_IDO_0070.wav,MS18B_X39_C0_0020_M_IDO_0070,293,293,293,294,อีดอร์,npc,male,idore,assets/triangle-strategy/approved_voice_references/idore.wav,รัฐมนตรีเอกซ์เฮม ฝากดูแลเมืองให้ด้วยนะ,,,PENDING_MANUAL_GENERATION,,triangle-strategy
294,MS18B_X39_C0_0020_M_IDO_0080.wav,MS18B_X39_C0_0020_M_IDO_0080,294,294,294,295,อีดอร์,npc,male,idore,assets/triangle-strategy/approved_voice_references/idore.wav,ขอให้เทพธิดาอวยพร,,,PENDING_MANUAL_GENERATION,,triangle-strategy
295,MS18B_X39_RESEARCH_01_BEFORE_M_BND_0010.wav,MS18B_X39_RESEARCH_01_BEFORE_M_BND_0010,295,295,295,296,Benedict,main,male,benedict,assets/triangle-strategy/approved_voice_references/benedict.wav,อาร์ชดยุกกุสตาดอล์ฟ และทัพของสวาร็อคออกเดินทางไปพร้อมปืนใหญ่,,,PENDING_MANUAL_GENERATION,,triangle-strategy
296,MS18B_X39_RESEARCH_01_BEFORE_M_BND_0020.wav,MS18B_X39_RESEARCH_01_BEFORE_M_BND_0020,296,296,296,297,Benedict,main,male,benedict,assets/triangle-strategy/approved_voice_references/benedict.wav,พวกเขาจะลอบเร้นไปที่เมืองฝั่งใต้ และเตรียมแผนการที่จำเป็น,,,PENDING_MANUAL_GENERATION,,triangle-strategy
297,MS18B_X39_RESEARCH_01_BEFORE_M_BND_0030.wav,MS18B_X39_RESEARCH_01_BEFORE_M_BND_0030,297,297,297,298,Benedict,main,male,benedict,assets/triangle-strategy/approved_voice_references/benedict.wav,จงอย่าลืมว่าเป้าหมายของเราคือการดึงความสนใจศัตรูเพื่อซื้อเวลา,,,PENDING_MANUAL_GENERATION,,triangle-strategy
298,MS18B_X39_RESEARCH_01_BEFORE_M_BND_0040.wav,MS18B_X39_RESEARCH_01_BEFORE_M_BND_0040,298,298,298,299,Benedict,main,male,benedict,assets/triangle-strategy/approved_voice_references/benedict.wav,ถูกต้อง ครั้งนี้ห้ามสะเพรา,,,PENDING_MANUAL_GENERATION,,triangle-strategy
299,MS18B_X39_RESEARCH_01_BEFORE_M_BND_0050.wav,MS18B_X39_RESEARCH_01_BEFORE_M_BND_0050,299,299,299,300,Benedict,main,male,benedict,assets/triangle-strategy/approved_voice_references/benedict.wav,ฝ่าบาทขอรับ วอนท่านช่วยไปปลุกใจทหารก่อนออกเดินทางด้วย,,,PENDING_MANUAL_GENERATION,,triangle-strategy
300,MS18B_X39_RESEARCH_01_BEFORE_M_BND_0060.wav,MS18B_X39_RESEARCH_01_BEFORE_M_BND_0060,300,300,300,301,Benedict,main,male,benedict,assets/triangle-strategy/approved_voice_references/benedict.wav,พวกเขาจะได้มีกำลังใจในการสู้รบขอรับ,,,PENDING_MANUAL_GENERATION,,triangle-strategy
301,MS18B_X39_RESEARCH_01_BEFORE_M_ELA_0010.wav,MS18B_X39_RESEARCH_01_BEFORE_M_ELA_0010,301,301,301,302,Erador,main,male,erador,assets/triangle-strategy/approved_voice_references/erador.wav,สักทีสินะ ข้าพร้อมสู้แล้ว!,,,PENDING_MANUAL_GENERATION,,triangle-strategy
302,MS18B_X39_RESEARCH_01_BEFORE_M_ELA_0020.wav,MS18B_X39_RESEARCH_01_BEFORE_M_ELA_0020,302,302,302,303,Erador,main,male,erador,assets/triangle-strategy/approved_voice_references/erador.wav,เออๆ รู้แล้วน่า,,,PENDING_MANUAL_GENERATION,,triangle-strategy
303,MS18B_X39_RESEARCH_01_BEFORE_M_ELA_0030.wav,MS18B_X39_RESEARCH_01_BEFORE_M_ELA_0030,303,303,303,304,Erador,main,male,erador,assets/triangle-strategy/approved_voice_references/erador.wav,เราจะดึงความสนใจข้าศึกไปยังโล่ฝั่งตะวันตก ในขณะที่เอสฟรอสต์เตรียมปืนใหญ่ในฝั่งใต้,,,PENDING_MANUAL_GENERATION,,triangle-strategy
304,MS18B_X39_RESEARCH_01_BEFORE_M_ELA_0040.wav,MS18B_X39_RESEARCH_01_BEFORE_M_ELA_0040,304,304,304,305,Erador,main,male,erador,assets/triangle-strategy/approved_voice_references/erador.wav,และเราจะบุกเข้ายึดตำหนัก หลังจากที่โล่พังทลาย!,,,PENDING_MANUAL_GENERATION,,triangle-strategy
305,MS18B_X39_RESEARCH_01_BEFORE_M_ELA_0050.wav,MS18B_X39_RESEARCH_01_BEFORE_M_ELA_0050,305,305,305,306,Erador,main,male,erador,assets/triangle-strategy/approved_voice_references/erador.wav,...ใช่ไหมนะ?,,,PENDING_MANUAL_GENERATION,,triangle-strategy
306,MS18B_X39_RESEARCH_01_BEFORE_M_SEL_0010.wav,MS18B_X39_RESEARCH_01_BEFORE_M_SEL_0010,306,306,306,307,Serenoa,main,male,serenoa,assets/triangle-strategy/approved_voice_references/serenoa.wav,เราเองก็ควรลงมือด้วยเช่นกันขอรับ,,,PENDING_MANUAL_GENERATION,,triangle-strategy
307,MS18B_X39_RESEARCH_01_BEFORE_M_SEL_0020.wav,MS18B_X39_RESEARCH_01_BEFORE_M_SEL_0020,307,307,307,308,Serenoa,main,male,serenoa,assets/triangle-strategy/approved_voice_references/serenoa.wav,ได้สิ,,,PENDING_MANUAL_GENERATION,,triangle-strategy
308,MS18B_X39_WD_0010_N_NNN_0010.wav,MS18B_X39_WD_0010_N_NNN_0010,308,308,308,309,Narrator,narrator,female,narrator,assets/triangle-strategy/approved_voice_references/narrator.wav,"กษัตริย์เซเรโนอาเชื้อเชิญอาร์ชดยุกกุสตาดอล์ฟมาที่เกลนบรู๊ค
โดยหวัังว่าจะสานสัมพันธ์กับราชรัฐได้สำเร็จ",,,PENDING_MANUAL_GENERATION,,triangle-strategy
309,MS18B_X39_WD_0010_N_NNN_0020.wav,MS18B_X39_WD_0010_N_NNN_0020,309,309,309,310,Narrator,narrator,female,narrator,assets/triangle-strategy/approved_voice_references/narrator.wav,กุสตาดอล์ฟตอบรับคำเชิญส่วนตัวของเขา และออกเดินทางสู่ปราสาทไวท์โฮล์ม,,,PENDING_MANUAL_GENERATION,,triangle-strategy
310,MS18B_X39_WD_0010_N_NNN_0030.wav,MS18B_X39_WD_0010_N_NNN_0030,310,310,310,311,Narrator,narrator,female,narrator,assets/triangle-strategy/approved_voice_references/narrator.wav,"ถึงอย่างไร แหล่งคริสตัลเกลือที่พบเจอในเหมืองนอร์เซเลีย
ยังตกอยู่ในมือของเซเรโนอา",,,PENDING_MANUAL_GENERATION,,triangle-strategy
311,MS18B_X39_WD_0010_N_NNN_0040.wav,MS18B_X39_WD_0010_N_NNN_0040,311,311,311,312,Narrator,narrator,female,narrator,assets/triangle-strategy/approved_voice_references/narrator.wav,การพบเจอของผู้นำยิ่งใหญ่ทั้งสอง นำมาซึ่งความเสี่ยงอันใหญ่ยิ่ง,,,PENDING_MANUAL_GENERATION,,triangle-strategy
312,MS18B_X39_WD_0020_N_NNN_0010.wav,MS18B_X39_WD_0020_N_NNN_0010,312,312,312,313,Narrator,narrator,female,narrator,assets/triangle-strategy/approved_voice_references/narrator.wav,อาณาจักรเกลนบรู๊คและราชรัฐเอสฟรอสต์ได้ตกลงเป็นพันธมิตรกัน...พร้อมนำทัพโดยเซเรโนอา พวกเขาออกเดินทางเพื่อไปโค่นล้มรัฐศักดิ์สิทธิ์ไฮแซนต์ด้วยกัน,,,PENDING_MANUAL_GENERATION,,triangle-strategy
313,MS18B_X39_WD_0020_N_NNN_0020.wav,MS18B_X39_WD_0020_N_NNN_0020,313,313,313,314,Narrator,narrator,female,narrator,assets/triangle-strategy/approved_voice_references/narrator.wav,ทว่าไฮแซนต์นั้นรู้ทัน อาณาจักรแห่งผืนทรายนั้นจึงสั่งให้ทัพของเอกซ์เฮม ถอนกำลังจากเหมืองนอร์เซเลีย กลับมาสู่รับมือข้าศึกในบ้านของตน,,,PENDING_MANUAL_GENERATION,,triangle-strategy
314,MS18B_X39_WD_0020_N_NNN_0030.wav,MS18B_X39_WD_0020_N_NNN_0030,314,314,314,315,Narrator,narrator,female,narrator,assets/triangle-strategy/approved_voice_references/narrator.wav,แม้โล่เทพธิดาจะปกป้องรัฐศักดิ์สิทธิ์มาโดยตลอดหลายปี แต่เหมือนว่าเบเนดิกต์ได้ค้นพบหนทางทำลายโล่เทพธิดาเข้าแล้ว,,,PENDING_MANUAL_GENERATION,,triangle-strategy
315,MS18B_X39_WD_0030_N_NNN_0010.wav,MS18B_X39_WD_0030_N_NNN_0010,315,315,315,316,Narrator,narrator,female,narrator,assets/triangle-strategy/approved_voice_references/narrator.wav,เซเรโนอาตัดสินใจเดินทัพสู่ไฮแซนต์ ต่อให้ต้องเล่นสกปรกเพียงใด...แต่ชัยชนะในครั้งนี้จะลบล้างมลทินให้แก่เขา,,,PENDING_MANUAL_GENERATION,,triangle-strategy
316,MS18B_X39_WD_0030_N_NNN_0020.wav,MS18B_X39_WD_0030_N_NNN_0020,316,316,316,317,Narrator,narrator,female,narrator,assets/triangle-strategy/approved_voice_references/narrator.wav,จดหมายปลอมของสหายเก่าได้ส่งถึงรัฐศักดิ์สิทธิ์เป็นที่เรียบร้อย และแผนของเบเนดิกต์ก็ดำเนินไปอย่างราบรื่น,,,PENDING_MANUAL_GENERATION,,triangle-strategy
317,MS18F_X41_BATTLE_01_AFTER_F_ANA_0010.wav,MS18F_X41_BATTLE_01_AFTER_F_ANA_0010,0,0,0,1,Anna,main,female,anna,assets/triangle-strategy/approved_voice_references/anna.wav,รัฐมนตรีไลล่ามีกุญแจห้องวิจัย ที่นั่นมีเอลฟริคเก็บไว้อยู่,,,PENDING_MANUAL_GENERATION,,triangle-strategy
318,MS18F_X41_BATTLE_01_AFTER_F_FRE_0010.wav,MS18F_X41_BATTLE_01_AFTER_F_FRE_0010,1,1,1,2,Frederica,main,female,frederica,assets/triangle-strategy/approved_voice_references/frederica.wav,คนของข้าต้องเดือดร้อนเพื่อให้เอลฟริคถูกสร้างขึ้นมาแท้ๆ แผนของเราต้องสำเร็จเพื่อพวกเขา,,,PENDING_MANUAL_GENERATION,,triangle-strategy
319,MS18F_X41_BATTLE_01_AFTER_F_FRE_0020.wav,MS18F_X41_BATTLE_01_AFTER_F_FRE_0020,2,2,2,3,Frederica,main,female,frederica,assets/triangle-strategy/approved_voice_references/frederica.wav,ถูกต้อง ศาสนาที่คุมความตายของผู้อื่น... แบบนี้มันเรียกว่าชอบธรรมไม่ได้หรอก,,,PENDING_MANUAL_GENERATION,,triangle-strategy
320,MS18F_X41_BATTLE_01_AFTER_F_FRE_0030.wav,MS18F_X41_BATTLE_01_AFTER_F_FRE_0030,3,3,3,4,Frederica,main,female,frederica,assets/triangle-strategy/approved_voice_references/frederica.wav,ไปนาเกลือกันเถอะ เทพธิดากดขี่ผู้อื่นมานานเกินพอแล้ว,,,PENDING_MANUAL_GENERATION,,triangle-strategy
321,MS18F_X41_BATTLE_01_AFTER_F_YRA_0010.wav,MS18F_X41_BATTLE_01_AFTER_F_YRA_0010,4,4,4,5,Geela,main,female,geela,assets/triangle-strategy/approved_voice_references/geela.wav,รวมถึงเอกสารคู่มือด้วยสินะ คราวนี้ก็รู้วิธีใช้งานแล้ว,,,PENDING_MANUAL_GENERATION,,triangle-strategy
322,MS18F_X41_BATTLE_01_AFTER_M_ELA_0010.wav,MS18F_X41_BATTLE_01_AFTER_M_ELA_0010,5,5,5,6,Erador,main,male,erador,assets/triangle-strategy/approved_voice_references/erador.wav,เราจะได้ทำลายรูปปั้นเทพธิดาและเรือข้าศึกไปพร้อมกัน,,,PENDING_MANUAL_GENERATION,,triangle-strategy
323,MS18F_X41_BATTLE_01_AFTER_M_RLN_0010.wav,MS18F_X41_BATTLE_01_AFTER_M_RLN_0010,6,6,6,7,Roland,main,male,roland,assets/triangle-strategy/approved_voice_references/roland.wav,แสดงว่านางรู้ผิดชอบชั่วดีและต้องการจะช่วยเราสินะ? ทำไมจึงคิดเช่นนั้นล่ะ?,,,PENDING_MANUAL_GENERATION,,triangle-strategy
324,MS18F_X41_BATTLE_01_AFTER_M_RLN_0020.wav,MS18F_X41_BATTLE_01_AFTER_M_RLN_0020,7,7,7,8,Roland,main,male,roland,assets/triangle-strategy/approved_voice_references/roland.wav,เจ็ดผู้ศักดิ์สิทธิ์คงไม่มีอิสระในการทำตามหัวใจตัวเองสินะ...,,,PENDING_MANUAL_GENERATION,,triangle-strategy
325,MS18F_X41_BATTLE_01_AFTER_M_RLN_0030.wav,MS18F_X41_BATTLE_01_AFTER_M_RLN_0030,8,8,8,9,Roland,main,male,roland,assets/triangle-strategy/approved_voice_references/roland.wav,"แสดงว่า ""ความเท่าเทียม"" ภายใต้การปกครองของเทพธิดาที่ชาวไฮแซนต์เทิดทูน... เป็นเพียงแค่เรื่องหลอกตาน่ะสิ",,,PENDING_MANUAL_GENERATION,,triangle-strategy
326,MS18F_X41_BATTLE_01_AFTER_M_SEL_0010.wav,MS18F_X41_BATTLE_01_AFTER_M_SEL_0010,9,9,9,10,Serenoa,main,male,serenoa,assets/triangle-strategy/approved_voice_references/serenoa.wav,แน่นอน ข้าคิดว่าลึกๆ แล้ว...รัฐมนตรีไลล่าคงภาวนาให้เราสำเร็จอยู่เช่นกัน,,,PENDING_MANUAL_GENERATION,,triangle-strategy
327,MS18F_X41_BATTLE_01_AFTER_M_SEL_0020.wav,MS18F_X41_BATTLE_01_AFTER_M_SEL_0020,10,10,10,11,Serenoa,main,male,serenoa,assets/triangle-strategy/approved_voice_references/serenoa.wav,ข้าคิดว่าสถานการณ์บีบบังคับให้นางไม่สามารถขัดขืนได้,,,PENDING_MANUAL_GENERATION,,triangle-strategy
328,MS18F_X41_BATTLE_01_BEFORE_F_FRE_0010.wav,MS18F_X41_BATTLE_01_BEFORE_F_FRE_0010,11,11,11,12,Frederica,main,female,frederica,assets/triangle-strategy/approved_voice_references/frederica.wav,ท่านช่วงชิงอิสรภาพไปจากชีวิตพวกเขา!,,,PENDING_MANUAL_GENERATION,,triangle-strategy
329,MS18F_X41_BATTLE_01_BEFORE_F_FRE_0020.wav,MS18F_X41_BATTLE_01_BEFORE_F_FRE_0020,12,12,12,13,Frederica,main,female,frederica,assets/triangle-strategy/approved_voice_references/frederica.wav,"...แล้วยังมีหน้ามาเรียกว่า ""การรักษา"" อีกเหรอ!?",,,PENDING_MANUAL_GENERATION,,triangle-strategy
330,MS18F_X41_BATTLE_01_BEFORE_F_FRE_0030.wav,MS18F_X41_BATTLE_01_BEFORE_F_FRE_0030,13,13,13,14,Frederica,main,female,frederica,assets/triangle-strategy/approved_voice_references/frederica.wav,ตระกูลวูล์ฟฟอร์ตต้องการมอบอิสรภาพ แก่ชาวโรเซลล์ผู้ถูกเทพธิดากดขี่ต่างหาก,,,PENDING_MANUAL_GENERATION,,triangle-strategy
331,MS18F_X41_BATTLE_01_BEFORE_F_LYL_0010.wav,MS18F_X41_BATTLE_01_BEFORE_F_LYL_0010,14,14,14,15,Lyla,npc,female,lyla,assets/triangle-strategy/approved_voice_references/lyla.wav,ระวังปากหน่อยก็ดีนะเจ้าคะ...รัฐมนตรีเซเรโนอา ท่านคือผู้ศักดิ์สิทธิ์,,,PENDING_MANUAL_GENERATION,,triangle-strategy
332,MS18F_X41_BATTLE_01_BEFORE_F_LYL_0020.wav,MS18F_X41_BATTLE_01_BEFORE_F_LYL_0020,15,15,15,16,Lyla,npc,female,lyla,assets/triangle-strategy/approved_voice_references/lyla.wav,หน้าที่ของท่านคือการปกปิดความลับไฮแซนต์,,,PENDING_MANUAL_GENERATION,,triangle-strategy
333,MS18F_X41_BATTLE_01_BEFORE_F_LYL_0030.wav,MS18F_X41_BATTLE_01_BEFORE_F_LYL_0030,16,16,16,17,Lyla,npc,female,lyla,assets/triangle-strategy/approved_voice_references/lyla.wav,ทุกสิ่งที่ข้าทำล้วนแล้วแต่เป็นเจตจำนงของเทพธิดา และข้าก็เป็นผู้รับใช้ซื่อสัตย์ของนาง,,,PENDING_MANUAL_GENERATION,,triangle-strategy
334,MS18F_X41_BATTLE_01_BEFORE_F_LYL_0040.wav,MS18F_X41_BATTLE_01_BEFORE_F_LYL_0040,17,17,17,18,Lyla,npc,female,lyla,assets/triangle-strategy/approved_voice_references/lyla.wav,พวกเราทั้งปวง อยู่ภายใต้บัญชาของนาง,,,PENDING_MANUAL_GENERATION,,triangle-strategy
335,MS18F_X41_BATTLE_01_BEFORE_F_LYL_0050.wav,MS18F_X41_BATTLE_01_BEFORE_F_LYL_0050,18,18,18,19,Lyla,npc,female,lyla,assets/triangle-strategy/approved_voice_references/lyla.wav,อย่างนั้นเหรอ?,,,PENDING_MANUAL_GENERATION,,triangle-strategy
336,MS18F_X41_BATTLE_01_BEFORE_F_LYL_0060.wav,MS18F_X41_BATTLE_01_BEFORE_F_LYL_0060,19,19,19,20,Lyla,npc,female,lyla,assets/triangle-strategy/approved_voice_references/lyla.wav,อยากให้ข้าเปลี่ยนแปลงไฮแซนต์งั้นเหรอ? มันจะวิเศษสักแค่ไหนกันเชียว...,,,PENDING_MANUAL_GENERATION,,triangle-strategy
337,MS18F_X41_BATTLE_01_BEFORE_F_LYL_0070.wav,MS18F_X41_BATTLE_01_BEFORE_F_LYL_0070,20,20,20,21,Lyla,npc,female,lyla,assets/triangle-strategy/approved_voice_references/lyla.wav,อย่าเลย... ข้าคงช่วยท่านไม่ได้หรอก หัวหน้านักบวชจะลงทัณฑ์ข้าโทษฐานก่อกบฎ,,,PENDING_MANUAL_GENERATION,,triangle-strategy
338,MS18F_X41_BATTLE_01_BEFORE_F_LYL_0080.wav,MS18F_X41_BATTLE_01_BEFORE_F_LYL_0080,21,21,21,22,Lyla,npc,female,lyla,assets/triangle-strategy/approved_voice_references/lyla.wav,อีกอย่าง...มือข้าคงเปื้อนเลือดเกินชำระแล้วเจ้าค่ะ,,,PENDING_MANUAL_GENERATION,,triangle-strategy
339,MS18F_X41_BATTLE_01_BEFORE_M_SEL_0010.wav,MS18F_X41_BATTLE_01_BEFORE_M_SEL_0010,22,22,22,23,Serenoa,main,male,serenoa,assets/triangle-strategy/approved_voice_references/serenoa.wav,รัฐมนตรีไลล่า... ท่านใช้ศพชาวโรเซลล์เพื่อสร้างเอลฟริคจริงเหรอ?,,,PENDING_MANUAL_GENERATION,,triangle-strategy
340,MS18F_X41_BATTLE_01_BEFORE_M_SEL_0020.wav,MS18F_X41_BATTLE_01_BEFORE_M_SEL_0020,23,23,23,24,Serenoa,main,male,serenoa,assets/triangle-strategy/approved_voice_references/serenoa.wav,แสดงว่าจริงสินะ,,,PENDING_MANUAL_GENERATION,,triangle-strategy
341,MS18F_X41_BATTLE_01_BEFORE_M_SEL_0030.wav,MS18F_X41_BATTLE_01_BEFORE_M_SEL_0030,24,24,24,25,Serenoa,main,male,serenoa,assets/triangle-strategy/approved_voice_references/serenoa.wav,ไม่ใช่พวกเราทุกคนหรอก,,,PENDING_MANUAL_GENERATION,,triangle-strategy
342,MS18F_X41_BATTLE_01_BEFORE_M_SEL_0040.wav,MS18F_X41_BATTLE_01_BEFORE_M_SEL_0040,25,25,25,26,Serenoa,main,male,serenoa,assets/triangle-strategy/approved_voice_references/serenoa.wav,"""ในฐานะที่ข้าดูแลเกี่ยวกับการถนอมชีวิต ข้าคิดว่าเกลือควรจะถูกแบ่งปันให้ทุกคนโดยไม่สนฐานะ..."" ท่านเคยพูดเช่นนั้นกับข้าไม่ใช่หรือไง?",,,PENDING_MANUAL_GENERATION,,triangle-strategy
343,MS18F_X41_BATTLE_01_BEFORE_M_SEL_0050.wav,MS18F_X41_BATTLE_01_BEFORE_M_SEL_0050,26,26,26,27,Serenoa,main,male,serenoa,assets/triangle-strategy/approved_voice_references/serenoa.wav,ช่วยพวกเราเถอะนะ หากท่านไม่คิดถึงชาวโรเซลล์...อย่างน้อยคิดถึงอนาคตไฮแซนต์หน่อยก็ดี,,,PENDING_MANUAL_GENERATION,,triangle-strategy
344,MS18F_X41_BATTLE_01_BEFORE_M_SEL_0060.wav,MS18F_X41_BATTLE_01_BEFORE_M_SEL_0060,27,27,27,28,Serenoa,main,male,serenoa,assets/triangle-strategy/approved_voice_references/serenoa.wav,ถ้างั้น...,,,PENDING_MANUAL_GENERATION,,triangle-strategy
345,MS18F_X41_BATTLE_01_DRAMA_F_FRE_0010.wav,MS18F_X41_BATTLE_01_DRAMA_F_FRE_0010,28,28,28,29,Frederica,main,female,frederica,assets/triangle-strategy/approved_voice_references/frederica.wav,ไลล่า วิสคราฟต์... ท่านสร้างความทุกข์ร้อนแก่ชาวโรเซลล์อย่างโหดร้ายมามากเกินพอแล้ว หยุดเสียทีเถอะ!,,,PENDING_MANUAL_GENERATION,,triangle-strategy
346,MS18F_X41_BATTLE_01_DRAMA_F_FRE_0020.wav,MS18F_X41_BATTLE_01_DRAMA_F_FRE_0020,29,29,29,30,Frederica,main,female,frederica,assets/triangle-strategy/approved_voice_references/frederica.wav,แต่ท่านรู้อยู่แก่ใจว่ามันผิด ท่านอยากจะหยุดเรื่องนี้... ลึกๆในใจท่านยังเป็นมนุษย์อยู่ไม่ใช่เหรอ?,,,PENDING_MANUAL_GENERATION,,triangle-strategy
347,MS18F_X41_BATTLE_01_DRAMA_F_LYL_0010.wav,MS18F_X41_BATTLE_01_DRAMA_F_LYL_0010,30,30,30,31,Lyla,npc,female,lyla,assets/triangle-strategy/approved_voice_references/lyla.wav,มารศาสนาเหล่านี้กล้าหยามเกียรติเทพธิดา! พวกมันทั้งหมดสมควรตาย!,,,PENDING_MANUAL_GENERATION,,triangle-strategy
348,MS18F_X41_BATTLE_01_DRAMA_F_LYL_0020.wav,MS18F_X41_BATTLE_01_DRAMA_F_LYL_0020,31,31,31,32,Lyla,npc,female,lyla,assets/triangle-strategy/approved_voice_references/lyla.wav,ข้าถอยกลับไม่ได้แล้ว...,,,PENDING_MANUAL_GENERATION,,triangle-strategy
349,MS18F_X41_BATTLE_01_DRAMA_F_LYL_0030.wav,MS18F_X41_BATTLE_01_DRAMA_F_LYL_0030,32,32,32,33,Lyla,npc,female,lyla,assets/triangle-strategy/approved_voice_references/lyla.wav,ข้าคือ ไลล่า วิสคราฟต์ แห่งเจ็ดผู้ศักดิ์สิทธิ์ไฮแซนต์ ข้าขอจบชีวิตพวกเจ้าในนามแห่งเทพธิดา!,,,PENDING_MANUAL_GENERATION,,triangle-strategy
350,MS18F_X41_BATTLE_01_DRAMA_F_LYL_0040.wav,MS18F_X41_BATTLE_01_DRAMA_F_LYL_0040,33,33,33,34,Lyla,npc,female,lyla,assets/triangle-strategy/approved_voice_references/lyla.wav,มันคือหน้าที่ของเจ็ดผู้ศักดิ์สิทธิ์ผู้ได้รับพรจากพระองค์และเทพธิดา!,,,PENDING_MANUAL_GENERATION,,triangle-strategy
351,MS18F_X41_BATTLE_01_DRAMA_F_LYL_0050.wav,MS18F_X41_BATTLE_01_DRAMA_F_LYL_0050,34,34,34,35,Lyla,npc,female,lyla,assets/triangle-strategy/approved_voice_references/lyla.wav,เงียบเสีย! มีสิทธิอะไรมาพูดแทนข้า!?,,,PENDING_MANUAL_GENERATION,,triangle-strategy
352,MS18F_X41_BATTLE_01_DRAMA_F_LYL_0060.wav,MS18F_X41_BATTLE_01_DRAMA_F_LYL_0060,35,35,35,36,Lyla,npc,female,lyla,assets/triangle-strategy/approved_voice_references/lyla.wav,เจ้ายังเด็กเกินกว่าจะเข้าใจ... แต่เจ้าจะยอมให้มือของตนแปดเปื้อนแน่นอน หากสิ่งนั้นสำคัญมากพอสำหรับเจ้า!,,,PENDING_MANUAL_GENERATION,,triangle-strategy
353,MS18F_X41_BATTLE_01_DRAMA_F_LYL_0070.wav,MS18F_X41_BATTLE_01_DRAMA_F_LYL_0070,36,36,36,37,Lyla,npc,female,lyla,assets/triangle-strategy/approved_voice_references/lyla.wav,ชิ... พวกเจ้าขัดขืนเทพธิดาไม่ได้หรอก... มันสายเกินจะกลับตัวแล้ว!,,,PENDING_MANUAL_GENERATION,,triangle-strategy
354,MS18F_X41_BATTLE_01_DRAMA_F_LYL_0080.wav,MS18F_X41_BATTLE_01_DRAMA_F_LYL_0080,37,37,37,38,Lyla,npc,female,lyla,assets/triangle-strategy/approved_voice_references/lyla.wav,พวกเจ้าต้องชดใช้บาปที่ลบหลู่เทพธิดา!,,,PENDING_MANUAL_GENERATION,,triangle-strategy
355,MS18F_X41_BATTLE_01_DRAMA_F_LYL_0090.wav,MS18F_X41_BATTLE_01_DRAMA_F_LYL_0090,38,38,38,39,Lyla,npc,female,lyla,assets/triangle-strategy/approved_voice_references/lyla.wav,นี่หรือคือชะตา... หรือฟ้าแค่ลงโทษข้ากันแน่นะ...,,,PENDING_MANUAL_GENERATION,,triangle-strategy
356,MS18F_X41_BATTLE_01_DRAMA_F_LYL_0100.wav,MS18F_X41_BATTLE_01_DRAMA_F_LYL_0100,39,39,39,40,Lyla,npc,female,lyla,assets/triangle-strategy/approved_voice_references/lyla.wav,ท่านเทพธิดาเจ้าขา ท่านไม่เคยคุ้มครองข้าเลย...,,,PENDING_MANUAL_GENERATION,,triangle-strategy
357,MS18F_X41_BATTLE_01_DRAMA_F_LYL_0110.wav,MS18F_X41_BATTLE_01_DRAMA_F_LYL_0110,40,40,40,41,Lyla,npc,female,lyla,assets/triangle-strategy/approved_voice_references/lyla.wav,ข้าก็แค่อยากเจอเขา... อีกสักครั้ง...,,,PENDING_MANUAL_GENERATION,,triangle-strategy
358,MS18F_X41_BATTLE_01_DRAMA_M_KOH_0010.wav,MS18F_X41_BATTLE_01_DRAMA_M_KOH_0010,41,41,41,42,โคฮัก,npc,male,quahaug,assets/triangle-strategy/approved_voice_references/quahaug.wav,ต้องเป็นคนยังไงถึงย่ำยีศพเช่นนี้!? ท่านทำไปเพื่ออะไร!?,,,PENDING_MANUAL_GENERATION,,triangle-strategy
359,MS18F_X41_BATTLE_01_DRAMA_M_SEL_0010.wav,MS18F_X41_BATTLE_01_DRAMA_M_SEL_0010,42,42,42,43,Serenoa,main,male,serenoa,assets/triangle-strategy/approved_voice_references/serenoa.wav,รัฐมนตรีไลล่า! ทั้งที่ท่านรู้ความจริงแท้ๆ แล้วจะแสร้งทำเป็นศรัทธาเพื่ออะไรกัน!?,,,PENDING_MANUAL_GENERATION,,triangle-strategy
360,MS18F_X41_C0_0010_F_ANA_0010.wav,MS18F_X41_C0_0010_F_ANA_0010,43,43,43,44,Anna,main,female,anna,assets/triangle-strategy/approved_voice_references/anna.wav,เบเนดิกต์คงต้องเจอศึกหนักเป็นแน่...,,,PENDING_MANUAL_GENERATION,,triangle-strategy
361,MS18F_X41_C0_0010_F_ANA_0020.wav,MS18F_X41_C0_0010_F_ANA_0020,44,44,44,45,Anna,main,female,anna,assets/triangle-strategy/approved_voice_references/anna.wav,...เจ้าค่ะ,,,PENDING_MANUAL_GENERATION,,triangle-strategy
362,MS18F_X41_C0_0010_F_ANA_0030.wav,MS18F_X41_C0_0010_F_ANA_0030,45,45,45,46,Anna,main,female,anna,assets/triangle-strategy/approved_voice_references/anna.wav,ข้าไม่ห่วงเรื่องการเข้าเมืองหรอก,,,PENDING_MANUAL_GENERATION,,triangle-strategy
363,MS18F_X41_C0_0010_F_ANA_0040.wav,MS18F_X41_C0_0010_F_ANA_0040,46,46,46,47,Anna,main,female,anna,assets/triangle-strategy/approved_voice_references/anna.wav,อาจจะพอมีเอลฟริคหลงเหลืออยู่บ้างในกระทรวงโอสถ เพราะรัฐมนตรีไลล่าเป็นผู้พัฒนามันขึ้นมา,,,PENDING_MANUAL_GENERATION,,triangle-strategy
364,MS18F_X41_C0_0010_F_ANA_0050.wav,MS18F_X41_C0_0010_F_ANA_0050,47,47,47,48,Anna,main,female,anna,assets/triangle-strategy/approved_voice_references/anna.wav,แต่ไมโลเป็นคนเดียวที่จุดระเบิดเอลฟริคเป็นไม่ใช่เหรอ?,,,PENDING_MANUAL_GENERATION,,triangle-strategy
365,MS18F_X41_C0_0010_F_FRE_0010.wav,MS18F_X41_C0_0010_F_FRE_0010,48,48,48,49,Frederica,main,female,frederica,assets/triangle-strategy/approved_voice_references/frederica.wav,...เราต้องแน่วแน่ในการตัดสินใจของเรา,,,PENDING_MANUAL_GENERATION,,triangle-strategy
366,MS18F_X41_C0_0010_F_FRE_0020.wav,MS18F_X41_C0_0010_F_FRE_0020,49,49,49,50,Frederica,main,female,frederica,assets/triangle-strategy/approved_voice_references/frederica.wav,แม่ข้าเคยเป็นแกนนำปฏิวัติเมื่อสามสิบปีก่อน,,,PENDING_MANUAL_GENERATION,,triangle-strategy
367,MS18F_X41_C0_0010_F_FRE_0030.wav,MS18F_X41_C0_0010_F_FRE_0030,50,50,50,51,Frederica,main,female,frederica,assets/triangle-strategy/approved_voice_references/frederica.wav,"ข้ารู้ การปลดปล่อยพวกเขา ""ทุกคน"" แสดงให้เห็นว่าเรากล้าหาญกว่าท่านแม่เสียอีก",,,PENDING_MANUAL_GENERATION,,triangle-strategy
368,MS18F_X41_C0_0010_F_FRE_0040.wav,MS18F_X41_C0_0010_F_FRE_0040,51,51,51,52,Frederica,main,female,frederica,assets/triangle-strategy/approved_voice_references/frederica.wav,ข้าคิดไว้แล้วล่ะ ข้า...,,,PENDING_MANUAL_GENERATION,,triangle-strategy
369,MS18F_X41_C0_0010_F_FRE_0050.wav,MS18F_X41_C0_0010_F_FRE_0050,52,52,52,53,Frederica,main,female,frederica,assets/triangle-strategy/approved_voice_references/frederica.wav,ข้าจะทำลายรูปปั้นเทพธิดาให้ไม่เหลือชิ้นดี!,,,PENDING_MANUAL_GENERATION,,triangle-strategy
370,MS18F_X41_C0_0010_F_FRE_0060.wav,MS18F_X41_C0_0010_F_FRE_0060,53,53,53,54,Frederica,main,female,frederica,assets/triangle-strategy/approved_voice_references/frederica.wav,เมื่อรูปปั้นพังพินาศ ความกลัวที่คอยเหนี่ยวรั้งชาวโรเซลล์จะเลือนหายไป,,,PENDING_MANUAL_GENERATION,,triangle-strategy
371,MS18F_X41_C0_0010_F_FRE_0070.wav,MS18F_X41_C0_0010_F_FRE_0070,54,54,54,55,Frederica,main,female,frederica,assets/triangle-strategy/approved_voice_references/frederica.wav,การปฏิวัติครั้งนี้จะยิ่งใหญ่กว่าสามสิบปีก่อน เพราะพวกเขาจะไม่เกรงกลัวสิ่งใดอีก,,,PENDING_MANUAL_GENERATION,,triangle-strategy
372,MS18F_X41_C0_0010_F_FRE_0080.wav,MS18F_X41_C0_0010_F_FRE_0080,55,55,55,56,Frederica,main,female,frederica,assets/triangle-strategy/approved_voice_references/frederica.wav,ระเบิดทิ้งเจ้าค่ะ,,,PENDING_MANUAL_GENERATION,,triangle-strategy
373,MS18F_X41_C0_0010_F_FRE_0090.wav,MS18F_X41_C0_0010_F_FRE_0090,56,56,56,57,Frederica,main,female,frederica,assets/triangle-strategy/approved_voice_references/frederica.wav,ถูกต้องเจ้าค่ะ ข้าจึงอยากเสนอให้ใช้เอลฟริคระเบิดเรือแทน,,,PENDING_MANUAL_GENERATION,,triangle-strategy
374,MS18F_X41_C0_0010_F_FRE_0100.wav,MS18F_X41_C0_0010_F_FRE_0100,57,57,57,58,Frederica,main,female,frederica,assets/triangle-strategy/approved_voice_references/frederica.wav,สหายของข้า... ขอบคุณมากเลยนะ,,,PENDING_MANUAL_GENERATION,,triangle-strategy
375,MS18F_X41_C0_0010_F_HEW_0010.wav,MS18F_X41_C0_0010_F_HEW_0010,58,58,58,59,Hughette,main,female,hughette,assets/triangle-strategy/approved_voice_references/hughette.wav,สายสืบของเรารายงานว่า ทัพไฮแซนต์ได้ข้ามชายแดนวูล์ฟฟอร์ตเป็นที่เรียบร้อยแล้วเจ้าค่ะ,,,PENDING_MANUAL_GENERATION,,triangle-strategy
376,MS18F_X41_C0_0010_F_HEW_0020.wav,MS18F_X41_C0_0010_F_HEW_0020,59,59,59,60,Hughette,main,female,hughette,assets/triangle-strategy/approved_voice_references/hughette.wav,รัฐมนตรีเอกซ์เฮมเป็นผู้นำทัพ ซึ่งกองกำลังมีขนาดใหญ่กว่าศึกชิงนครหลวงอย่างมาก,,,PENDING_MANUAL_GENERATION,,triangle-strategy
377,MS18F_X41_C0_0010_F_HEW_0030.wav,MS18F_X41_C0_0010_F_HEW_0030,60,60,60,61,Hughette,main,female,hughette,assets/triangle-strategy/approved_voice_references/hughette.wav,และเหมาะกับการพังเรือที่สุด,,,PENDING_MANUAL_GENERATION,,triangle-strategy
378,MS18F_X41_C0_0010_F_YRA_0010.wav,MS18F_X41_C0_0010_F_YRA_0010,61,61,61,62,Geela,main,female,geela,assets/triangle-strategy/approved_voice_references/geela.wav,คิดเสียว่าเราไม่มีบ้านให้กลับก็แล้วกันเจ้าค่ะ...,,,PENDING_MANUAL_GENERATION,,triangle-strategy
379,MS18F_X41_C0_0010_F_YRA_0020.wav,MS18F_X41_C0_0010_F_YRA_0020,62,62,62,63,Geela,main,female,geela,assets/triangle-strategy/approved_voice_references/geela.wav,ใช่แล้วเจ้าค่ะ ปัญหาใหญ่ของเราคือการดลใจ ให้ชาวโรเซลล์ตามพวกเรามาต่างหาก,,,PENDING_MANUAL_GENERATION,,triangle-strategy
380,MS18F_X41_C0_0010_F_YRA_0030.wav,MS18F_X41_C0_0010_F_YRA_0030,63,63,63,64,Geela,main,female,geela,assets/triangle-strategy/approved_voice_references/geela.wav,"พวกเขาตกเป็นเหยื่อคำสอนมานานเกินพอแล้ว จนพวกเขาเชื่อว่าตัวเอง ""ผิดบาป"" จริงๆ",,,PENDING_MANUAL_GENERATION,,triangle-strategy
381,MS18F_X41_C0_0010_F_YRA_0040.wav,MS18F_X41_C0_0010_F_YRA_0040,64,64,64,65,Geela,main,female,geela,assets/triangle-strategy/approved_voice_references/geela.wav,ซึ่งมันอาจทำให้พวกเขากลัวที่จะขัดขืนเทพธิดา จนไม่กล้าปฏิวัติก็ได้...,,,PENDING_MANUAL_GENERATION,,triangle-strategy
382,MS18F_X41_C0_0010_F_YRA_0050.wav,MS18F_X41_C0_0010_F_YRA_0050,65,65,65,66,Geela,main,female,geela,assets/triangle-strategy/approved_voice_references/geela.wav,ถูกเจ้าค่ะ แต่ก็หนีออกมาได้ไม่กี่คนเท่านั้นเอง,,,PENDING_MANUAL_GENERATION,,triangle-strategy
383,MS18F_X41_C0_0010_F_YRA_0060.wav,MS18F_X41_C0_0010_F_YRA_0060,66,66,66,67,Geela,main,female,geela,assets/triangle-strategy/approved_voice_references/geela.wav,ท่านคิดไว้หรือยัง ว่าจะปลุกใจพวกเขายังไง?,,,PENDING_MANUAL_GENERATION,,triangle-strategy
384,MS18F_X41_C0_0010_F_YRA_0070.wav,MS18F_X41_C0_0010_F_YRA_0070,67,67,67,68,Geela,main,female,geela,assets/triangle-strategy/approved_voice_references/geela.wav,เอลฟริค... มันรุนแรงกว่าระเบิด...,,,PENDING_MANUAL_GENERATION,,triangle-strategy
385,MS18F_X41_C0_0010_F_YRA_0080.wav,MS18F_X41_C0_0010_F_YRA_0080,68,68,68,69,Geela,main,female,geela,assets/triangle-strategy/approved_voice_references/geela.wav,ดูจากงานวิจัยทั้งหมดที่ผ่านมา ข้าเชื่อว่ามีคู่มือการใช้แน่นอน,,,PENDING_MANUAL_GENERATION,,triangle-strategy
386,MS18F_X41_C0_0010_M_CLR_0010.wav,MS18F_X41_C0_0010_M_CLR_0010,69,69,69,70,แคลรุส,npc,male,clarus,assets/triangle-strategy/approved_voice_references/clarus.wav,รถสินค้าจะต้องผ่านการตรวจสอบที่ด่านโล่เทพธิดาก่อนเข้าเมือง,,,PENDING_MANUAL_GENERATION,,triangle-strategy
387,MS18F_X41_C0_0010_M_CLR_0020.wav,MS18F_X41_C0_0010_M_CLR_0020,70,70,70,71,แคลรุส,npc,male,clarus,assets/triangle-strategy/approved_voice_references/clarus.wav,ข้าจะใช้อำนาจแห่งสมาคมเพื่อช่วยให้พวกท่านผ่านทางเข้าไป ข้าทำได้เท่านี้จริงๆ,,,PENDING_MANUAL_GENERATION,,triangle-strategy
388,MS18F_X41_C0_0010_M_ELA_0010.wav,MS18F_X41_C0_0010_M_ELA_0010,71,71,71,72,Erador,main,male,erador,assets/triangle-strategy/approved_voice_references/erador.wav,ใหญ่มากพอที่จะทำลายปราสาทวูล์ฟฟอร์ตพร้อมกับที่อื่นด้วยสินะ แสดงว่าพวกเขาไม่ได้จะมาขู่แล้วล่ะ,,,PENDING_MANUAL_GENERATION,,triangle-strategy
389,MS18F_X41_C0_0010_M_ELA_0020.wav,MS18F_X41_C0_0010_M_ELA_0020,72,72,72,73,Erador,main,male,erador,assets/triangle-strategy/approved_voice_references/erador.wav,พวกเราพร้อมติดตามท่านไปทุกที่ขอรับ,,,PENDING_MANUAL_GENERATION,,triangle-strategy
390,MS18F_X41_C0_0010_M_ELA_0030.wav,MS18F_X41_C0_0010_M_ELA_0030,73,73,73,74,Erador,main,male,erador,assets/triangle-strategy/approved_voice_references/erador.wav,แต่รูปปั้นมันใหญ่มากเลยนะ ท่านจะทำลายมันยังไงเหรอ?,,,PENDING_MANUAL_GENERATION,,triangle-strategy
391,MS18F_X41_C0_0010_M_ELA_0040.wav,MS18F_X41_C0_0010_M_ELA_0040,74,74,74,75,Erador,main,male,erador,assets/triangle-strategy/approved_voice_references/erador.wav,มัวรออะไรอยู่ล่ะ? รีบไปหากันเร็ว แผนของท่านหญิงจะได้สำเร็จสักที!,,,PENDING_MANUAL_GENERATION,,triangle-strategy
392,MS18F_X41_C0_0010_M_RLN_0010.wav,MS18F_X41_C0_0010_M_RLN_0010,75,75,75,76,Roland,main,male,roland,assets/triangle-strategy/approved_voice_references/roland.wav,หึ ข้าคิดว่าเรามาไกลเกินจะลังเลแล้วล่ะนะ,,,PENDING_MANUAL_GENERATION,,triangle-strategy
393,MS18F_X41_C0_0010_M_RLN_0020.wav,MS18F_X41_C0_0010_M_RLN_0020,76,76,76,77,Roland,main,male,roland,assets/triangle-strategy/approved_voice_references/roland.wav,เช่นนั้นเรารีบมุ่งหน้าสู่นาเกลือกันเถอะ พวกทหารคงไม่ทันรับมือการโจมตีจากภายนอก,,,PENDING_MANUAL_GENERATION,,triangle-strategy
394,MS18F_X41_C0_0010_M_RLN_0030.wav,MS18F_X41_C0_0010_M_RLN_0030,77,77,77,78,Roland,main,male,roland,assets/triangle-strategy/approved_voice_references/roland.wav,อ้อ... จริงด้วยสินะ หากเราใช้ระเบิดทั้งหมดที่มี รับรองว่ารูปปั้นถล่มแน่นอน,,,PENDING_MANUAL_GENERATION,,triangle-strategy
395,MS18F_X41_C0_0010_M_RLN_0040.wav,MS18F_X41_C0_0010_M_RLN_0040,78,78,78,79,Roland,main,male,roland,assets/triangle-strategy/approved_voice_references/roland.wav,แต่เราจะไม่มีระเบิดไว้พังเรือของศัตรูที่ตามล่าเราน่ะสิ,,,PENDING_MANUAL_GENERATION,,triangle-strategy
396,MS18F_X41_C0_0010_M_SEL_0010.wav,MS18F_X41_C0_0010_M_SEL_0010,79,79,79,80,Serenoa,main,male,serenoa,assets/triangle-strategy/approved_voice_references/serenoa.wav,"แอนนา...จงเชื่อมั่นในตัวเขาเสียเถิด เบเนดิกต์จะ ""ปกป้อง"" ชาวเมืองเหมือนทุกครั้งที่ผ่านมานั่นแหละ",,,PENDING_MANUAL_GENERATION,,triangle-strategy
397,MS18F_X41_C0_0010_M_SEL_0020.wav,MS18F_X41_C0_0010_M_SEL_0020,80,80,80,81,Serenoa,main,male,serenoa,assets/triangle-strategy/approved_voice_references/serenoa.wav,ถึงจะว่างั้นก็เถอะ เราคงรักษาเขตแดนไม่ได้หรอก...,,,PENDING_MANUAL_GENERATION,,triangle-strategy
398,MS18F_X41_C0_0010_M_SEL_0030.wav,MS18F_X41_C0_0010_M_SEL_0030,81,81,81,82,Serenoa,main,male,serenoa,assets/triangle-strategy/approved_voice_references/serenoa.wav,สุดท้ายเราคงสูญเสียดินแดนและปราสาทให้กองทัพเอกซ์เฮมอยู่ดี,,,PENDING_MANUAL_GENERATION,,triangle-strategy
399,MS18F_X41_C0_0010_M_SEL_0040.wav,MS18F_X41_C0_0010_M_SEL_0040,82,82,82,83,Serenoa,main,male,serenoa,assets/triangle-strategy/approved_voice_references/serenoa.wav,ถูกแล้วล่ะ ไม่มีเวลาให้ลังเลแล้ว,,,PENDING_MANUAL_GENERATION,,triangle-strategy
400,MS18F_X41_C0_0010_M_SEL_0050.wav,MS18F_X41_C0_0010_M_SEL_0050,83,83,83,84,Serenoa,main,male,serenoa,assets/triangle-strategy/approved_voice_references/serenoa.wav,ทุกคนจงฟังให้ดี หลังจากที่เราปลดปล่อยชาวโรเซลล์จากนาเกลือแล้ว...,,,PENDING_MANUAL_GENERATION,,triangle-strategy
401,MS18F_X41_C0_0010_M_SEL_0060.wav,MS18F_X41_C0_0010_M_SEL_0060,84,84,84,85,Serenoa,main,male,serenoa,assets/triangle-strategy/approved_voice_references/serenoa.wav,...เราจะมุ่งหน้าสู่บ้านเกิดของพวกเขา ณ ฝั่งใต้ ที่เซนทราเลีย,,,PENDING_MANUAL_GENERATION,,triangle-strategy
402,MS18F_X41_C0_0010_M_SEL_0070.wav,MS18F_X41_C0_0010_M_SEL_0070,85,85,85,86,Serenoa,main,male,serenoa,assets/triangle-strategy/approved_voice_references/serenoa.wav,เราจะพบกับทะเลเกลืออันกว้างใหญ่ และสร้างดินแดนที่ทุกคนอยู่ด้วยกันอย่างมีความสุข,,,PENDING_MANUAL_GENERATION,,triangle-strategy
403,MS18F_X41_C0_0010_M_SEL_0080.wav,MS18F_X41_C0_0010_M_SEL_0080,86,86,86,87,Serenoa,main,male,serenoa,assets/triangle-strategy/approved_voice_references/serenoa.wav,ข้ารู้ว่ามันอาจจะเป็นฝันที่เกินเอื้อม ข้าเข้าใจหากพวกเจ้าไม่อยากมาด้วย,,,PENDING_MANUAL_GENERATION,,triangle-strategy
404,MS18F_X41_C0_0010_M_SEL_0090.wav,MS18F_X41_C0_0010_M_SEL_0090,87,87,87,88,Serenoa,main,male,serenoa,assets/triangle-strategy/approved_voice_references/serenoa.wav,ถ้างั้นก็ตามนี้,,,PENDING_MANUAL_GENERATION,,triangle-strategy
405,MS18F_X41_C0_0010_M_SEL_0100.wav,MS18F_X41_C0_0010_M_SEL_0100,88,88,88,89,Serenoa,main,male,serenoa,assets/triangle-strategy/approved_voice_references/serenoa.wav,เราต้องลงรายละเอียดในแผนการก่อน แคลรุส...ข้ารบกวนท่านด้วย,,,PENDING_MANUAL_GENERATION,,triangle-strategy
406,MS18F_X41_C0_0010_M_SEL_0110.wav,MS18F_X41_C0_0010_M_SEL_0110,89,89,89,90,Serenoa,main,male,serenoa,assets/triangle-strategy/approved_voice_references/serenoa.wav,เท่านี้ก็มากเกินพอแล้วขอรับ ขอบคุณนะท่าน,,,PENDING_MANUAL_GENERATION,,triangle-strategy
407,MS18F_X41_C0_0010_M_SEL_0120.wav,MS18F_X41_C0_0010_M_SEL_0120,90,90,90,91,Serenoa,main,male,serenoa,assets/triangle-strategy/approved_voice_references/serenoa.wav,เอาล่ะ ถ้างั้นก็ตามนี้!,,,PENDING_MANUAL_GENERATION,,triangle-strategy
408,MS18F_X41_C0_0020_F_ANA_0010.wav,MS18F_X41_C0_0020_F_ANA_0010,91,91,91,92,Anna,main,female,anna,assets/triangle-strategy/approved_voice_references/anna.wav,ไม่ได้ มีทหารคุมนาเกลือแน่นหนาเกินไป,,,PENDING_MANUAL_GENERATION,,triangle-strategy
409,MS18F_X41_C0_0020_F_ANA_0020.wav,MS18F_X41_C0_0020_F_ANA_0020,92,92,92,93,Anna,main,female,anna,assets/triangle-strategy/approved_voice_references/anna.wav,คงแอบไปก่อกบฎลับๆ เช่นนี้ไม่ได้หรอก,,,PENDING_MANUAL_GENERATION,,triangle-strategy
410,MS18F_X41_C0_0020_F_ANA_0030.wav,MS18F_X41_C0_0020_F_ANA_0030,93,93,93,94,Anna,main,female,anna,assets/triangle-strategy/approved_voice_references/anna.wav,เราต้องจัดการทหารเฝ้ายาม และปลุกปั่นชาวโรเซลล์ในระยะเวลาอันสั้น,,,PENDING_MANUAL_GENERATION,,triangle-strategy
411,MS18F_X41_C0_0020_F_FRE_0020.wav,MS18F_X41_C0_0020_F_FRE_0020,95,95,95,96,Frederica,main,female,frederica,assets/triangle-strategy/approved_voice_references/frederica.wav,ข้ารู้ว่าดีว่าต้องลงมือหรือพูดเช่นไร แต่ข้าไม่รู้หรอก...ว่ามันจะสำเร็จหรือเปล่า ซึ่งมันทำให้ข้ากลัวน่ะ,,,PENDING_MANUAL_GENERATION,,triangle-strategy
412,MS18F_X41_C0_0020_F_FRE_0030.wav,MS18F_X41_C0_0020_F_FRE_0030,96,96,96,97,Frederica,main,female,frederica,assets/triangle-strategy/approved_voice_references/frederica.wav,ข้าไม่ชอบที่ตัวเองขี้ขลาด ทั้งที่ท่านแม่เป็นคนกล้าหาญ...,,,PENDING_MANUAL_GENERATION,,triangle-strategy
413,MS18F_X41_C0_0020_F_FRE_0040.wav,MS18F_X41_C0_0020_F_FRE_0040,97,97,97,98,Frederica,main,female,frederica,assets/triangle-strategy/approved_voice_references/frederica.wav,...ขอบคุณมากเลยนะจีล่า,,,PENDING_MANUAL_GENERATION,,triangle-strategy
414,MS18F_X41_C0_0020_F_FRE_0045.wav,MS18F_X41_C0_0020_F_FRE_0045,98,98,98,99,Frederica,main,female,frederica,assets/triangle-strategy/approved_voice_references/frederica.wav,ท่านแม่... โปรดชี้นำเรา... และตัวข้าด้วยนะเจ้าคะ...,,,PENDING_MANUAL_GENERATION,,triangle-strategy
415,MS18F_X41_C0_0020_F_FRE_0050.wav,MS18F_X41_C0_0020_F_FRE_0050,99,99,99,100,Frederica,main,female,frederica,assets/triangle-strategy/approved_voice_references/frederica.wav,เซเรโนอา ข้าพร้อมแล้ว ข้าทำได้!,,,PENDING_MANUAL_GENERATION,,triangle-strategy
416,MS18F_X41_C0_0020_F_YRA_0010.wav,MS18F_X41_C0_0020_F_YRA_0010,100,100,100,101,Geela,main,female,geela,assets/triangle-strategy/approved_voice_references/geela.wav,ท่านหญิงทำไมถึงตัวสั่นขนาดนั้นเจ้าคะ...,,,PENDING_MANUAL_GENERATION,,triangle-strategy
417,MS18F_X41_C0_0020_F_YRA_0012.wav,MS18F_X41_C0_0020_F_YRA_0012,101,101,101,102,Geela,main,female,geela,assets/triangle-strategy/approved_voice_references/geela.wav,ใครๆ ย่อมกลัวอนาคตทั้งนั้นเจ้าค่ะ ไม่ว่าจะเป็นตัวข้า ชาวโรเซลล์ หรือแม่ของท่านก็ตาม...,,,PENDING_MANUAL_GENERATION,,triangle-strategy
418,MS18F_X41_C0_0020_F_YRA_0017.wav,MS18F_X41_C0_0020_F_YRA_0017,102,102,102,103,Geela,main,female,geela,assets/triangle-strategy/approved_voice_references/geela.wav,การที่ท่านกล้าหาญ...มันไม่ได้แปลว่าท่านไม่กลัว แต่มันคือการแสดงออกโดยไม่สนว่าท่านจะกลัวเพียงใดต่างหาก เรามาที่นี่เพราะต้องการพิชิตความกลัวเจ้าค่ะ,,,PENDING_MANUAL_GENERATION,,triangle-strategy
419,MS18F_X41_C0_0020_F_YRA_0020.wav,MS18F_X41_C0_0020_F_YRA_0020,103,103,103,104,Geela,main,female,geela,assets/triangle-strategy/approved_voice_references/geela.wav,จำไว้นะเฟรเดอริก้า... ท่านไม่ได้ตัวคนเดียว เราจะผ่านพ้นเรื่องนี้ไปด้วยกัน,,,PENDING_MANUAL_GENERATION,,triangle-strategy
420,MS18F_X41_C0_0020_M_ELA_0010.wav,MS18F_X41_C0_0020_M_ELA_0010,104,104,104,105,Erador,main,male,erador,assets/triangle-strategy/approved_voice_references/erador.wav,แคลรุสดึงความสนใจได้ดีเยี่ยมทีเดียว แต่ข้าไม่คิดว่าเราจะหลบซ่อนได้นานนักหรอก,,,PENDING_MANUAL_GENERATION,,triangle-strategy
421,MS18F_X41_C0_0020_M_SEL_0010.wav,MS18F_X41_C0_0020_M_SEL_0010,105,105,105,106,Serenoa,main,male,serenoa,assets/triangle-strategy/approved_voice_references/serenoa.wav,พวกเขายังไม่เสริมการป้องกันที่แนวกำแพงอีกเหรอ... สงสัยยังไม่สังเกตเห็นพวกเราสินะ,,,PENDING_MANUAL_GENERATION,,triangle-strategy
422,MS18F_X41_C0_0020_M_SEL_0020.wav,MS18F_X41_C0_0020_M_SEL_0020,106,106,106,107,Serenoa,main,male,serenoa,assets/triangle-strategy/approved_voice_references/serenoa.wav,ก่อนที่กำลังเสริมจะมาสยบพวกเราสินะ,,,PENDING_MANUAL_GENERATION,,triangle-strategy
423,MS18F_X41_C0_0020_M_SEL_0030.wav,MS18F_X41_C0_0020_M_SEL_0030,107,107,107,108,Serenoa,main,male,serenoa,assets/triangle-strategy/approved_voice_references/serenoa.wav,เฟรเดอริก้า ตอนนี้ทุกสิ่งขึ้นอยู่กับทักษะการเจรจาของเจ้าแล้วล่ะ,,,PENDING_MANUAL_GENERATION,,triangle-strategy
424,MS18F_X41_C0_0020_M_SEL_0040.wav,MS18F_X41_C0_0020_M_SEL_0040,108,108,108,109,Serenoa,main,male,serenoa,assets/triangle-strategy/approved_voice_references/serenoa.wav,เรื่องนั้นข้ารู้อยู่แล้ว เอาล่ะ...ไปนาเกลือกันเลย!,,,PENDING_MANUAL_GENERATION,,triangle-strategy
425,MS18F_X41_C0_1010_F_FRE_0010.wav,MS18F_X41_C0_1010_F_FRE_0010,109,109,109,110,Frederica,main,female,frederica,assets/triangle-strategy/approved_voice_references/frederica.wav,แคลรุส! ท่านเป็นอะไรไหม!?,,,PENDING_MANUAL_GENERATION,,triangle-strategy
426,MS18F_X41_C0_1010_F_FRE_0020.wav,MS18F_X41_C0_1010_F_FRE_0020,110,110,110,111,Frederica,main,female,frederica,assets/triangle-strategy/approved_voice_references/frederica.wav,ไปกระทรวงโอสถกันเถอะ!,,,PENDING_MANUAL_GENERATION,,triangle-strategy
427,MS18F_X41_C0_1010_M_CLR_0010.wav,MS18F_X41_C0_1010_M_CLR_0010,111,111,111,112,แคลรุส,npc,male,clarus,assets/triangle-strategy/approved_voice_references/clarus.wav,ข้าจัดการทหารเอง พวกท่านทั้งหลายจงอยู่นิ่งเสีย อย่าคิดแม้แต่จะหายใจ,,,PENDING_MANUAL_GENERATION,,triangle-strategy
428,MS18F_X41_C0_1010_M_CLR_0020.wav,MS18F_X41_C0_1010_M_CLR_0020,112,112,112,113,แคลรุส,npc,male,clarus,assets/triangle-strategy/approved_voice_references/clarus.wav,สวัสดี! ข้าคือแคลรุสแห่งสมาคม,,,PENDING_MANUAL_GENERATION,,triangle-strategy
429,MS18F_X41_C0_1010_M_CLR_0030.wav,MS18F_X41_C0_1010_M_CLR_0030,113,113,113,114,แคลรุส,npc,male,clarus,assets/triangle-strategy/approved_voice_references/clarus.wav,ข้านำสินค้ามาขายในเมือง รบกวนช่วยให้ข้าผ่านเข้าไปด้วย,,,PENDING_MANUAL_GENERATION,,triangle-strategy
430,MS18F_X41_C0_1010_M_CLR_0040.wav,MS18F_X41_C0_1010_M_CLR_0040,114,114,114,115,แคลรุส,npc,male,clarus,assets/triangle-strategy/approved_voice_references/clarus.wav,ในช่วงสงครามเช่นนี้...มีงานทำก็ถือว่าโชคดีมากแล้ว แต่พวกท่านทำงานหนักกว่าข้าอีก!,,,PENDING_MANUAL_GENERATION,,triangle-strategy
431,MS18F_X41_C0_1010_M_CLR_0050.wav,MS18F_X41_C0_1010_M_CLR_0050,115,115,115,116,แคลรุส,npc,male,clarus,assets/triangle-strategy/approved_voice_references/clarus.wav,เอ้า เงินเล็กน้อยแทนคำขอบคุณจากข้า...,,,PENDING_MANUAL_GENERATION,,triangle-strategy
432,MS18F_X41_C0_1010_M_CLR_0060.wav,MS18F_X41_C0_1010_M_CLR_0060,116,116,116,117,แคลรุส,npc,male,clarus,assets/triangle-strategy/approved_voice_references/clarus.wav,เอ่อ...,,,PENDING_MANUAL_GENERATION,,triangle-strategy
433,MS18F_X41_C0_1010_M_CLR_0070.wav,MS18F_X41_C0_1010_M_CLR_0070,117,117,117,118,แคลรุส,npc,male,clarus,assets/triangle-strategy/approved_voice_references/clarus.wav,ไม่ต้องห่วง นี่เป็นสินค้าส่วนตัวของรัฐมนตรีแคมเซลล์แห่งเจ็ดผู้ศักดิ์สิทธิ์,,,PENDING_MANUAL_GENERATION,,triangle-strategy
434,MS18F_X41_C0_1010_M_CLR_0080.wav,MS18F_X41_C0_1010_M_CLR_0080,118,118,118,119,แคลรุส,npc,male,clarus,assets/triangle-strategy/approved_voice_references/clarus.wav,ใช่แล้ว ลองตรวจให้ละเอียดสิ เดี๋ยวเจ้าก็รู้เอง,,,PENDING_MANUAL_GENERATION,,triangle-strategy
435,MS18F_X41_C0_1010_M_CLR_0090.wav,MS18F_X41_C0_1010_M_CLR_0090,119,119,119,120,แคลรุส,npc,male,clarus,assets/triangle-strategy/approved_voice_references/clarus.wav,ขออภัยด้วย เคราะห์ดีที่เขาเห็นแค่ใบหน้าของข้า,,,PENDING_MANUAL_GENERATION,,triangle-strategy
436,MS18F_X41_C0_1010_M_CLR_0100.wav,MS18F_X41_C0_1010_M_CLR_0100,120,120,120,121,แคลรุส,npc,male,clarus,assets/triangle-strategy/approved_voice_references/clarus.wav,ระหว่างนี้ข้าจะเบี่ยงเบนความสนใจกำลังเสริม พวกท่านเองก็รีบเข้ากระทรวงโอสถซะ!,,,PENDING_MANUAL_GENERATION,,triangle-strategy
437,MS18F_X41_C0_1010_M_CLR_0110.wav,MS18F_X41_C0_1010_M_CLR_0110,121,121,121,122,แคลรุส,npc,male,clarus,assets/triangle-strategy/approved_voice_references/clarus.wav,อย่าลืมหยิบระเบิดออกจากเกวียนสินค้าข้าด้วยล่ะ!,,,PENDING_MANUAL_GENERATION,,triangle-strategy
438,MS18F_X41_C0_1010_M_CLR_0120.wav,MS18F_X41_C0_1010_M_CLR_0120,122,122,122,123,แคลรุส,npc,male,clarus,assets/triangle-strategy/approved_voice_references/clarus.wav,อยากสร้างปัญหาขนาดไหนก็เอาเลย ข้ารู้ว่าพวกท่านจะใช้คืนข้าแน่นอน,,,PENDING_MANUAL_GENERATION,,triangle-strategy
439,MS18F_X41_C0_1010_M_M383_0010.wav,MS18F_X41_C0_1010_M_M383_0010,123,123,123,124,ชายชาวเมือง / ทหาร / ผู้ติดตาม,generic,male,MALE_ADULT_C,assets/triangle-strategy/approved_voice_references/MALE_ADULT_C.wav,แคลรุส! สมาคมใช้งานท่านซะหนักเชียวนะ,,,PENDING_MANUAL_GENERATION,,triangle-strategy
440,MS18F_X41_C0_1010_M_M383_0020.wav,MS18F_X41_C0_1010_M_M383_0020,124,124,124,125,ชายชาวเมือง / ทหาร / ผู้ติดตาม,generic,male,MALE_ADULT_C,assets/triangle-strategy/approved_voice_references/MALE_ADULT_C.wav,ท่านช่างใจบุญเสมอเลยนะ เชิญเข้าไปได้ขอรับ,,,PENDING_MANUAL_GENERATION,,triangle-strategy
441,MS18F_X41_C0_1010_M_M383_0030.wav,MS18F_X41_C0_1010_M_M383_0030,125,125,125,126,ชายชาวเมือง / ทหาร / ผู้ติดตาม,generic,male,MALE_ADULT_C,assets/triangle-strategy/approved_voice_references/MALE_ADULT_C.wav,อืม...ก็ได้ เผื่อไว้หน่อยก็ดีล่ะนะ,,,PENDING_MANUAL_GENERATION,,triangle-strategy
442,MS18F_X41_C0_1010_M_M383_0040.wav,MS18F_X41_C0_1010_M_M383_0040,126,126,126,127,ชายชาวเมือง / ทหาร / ผู้ติดตาม,generic,male,MALE_ADULT_C,assets/triangle-strategy/approved_voice_references/MALE_ADULT_C.wav,อ้าก!,,,PENDING_MANUAL_GENERATION,,triangle-strategy
443,MS18F_X41_C0_1010_M_M384_0010.wav,MS18F_X41_C0_1010_M_M384_0010,127,127,127,128,ชายชาวเมือง / ทหาร / ผู้ติดตาม,generic,male,MALE_YOUNG_A,assets/triangle-strategy/approved_voice_references/MALE_YOUNG_A.wav,เดี๋ยวก่อน! เราต้องตรวจสินค้านอกกำหนดการก่อนสิ,,,PENDING_MANUAL_GENERATION,,triangle-strategy
444,MS18F_X41_C0_1010_M_M384_0020.wav,MS18F_X41_C0_1010_M_M384_0020,128,128,128,129,ชายชาวเมือง / ทหาร / ผู้ติดตาม,generic,male,MALE_YOUNG_A,assets/triangle-strategy/approved_voice_references/MALE_YOUNG_A.wav,เหรอขอรับ?,,,PENDING_MANUAL_GENERATION,,triangle-strategy
445,MS18F_X41_C0_1010_M_M384_0030.wav,MS18F_X41_C0_1010_M_M384_0030,129,129,129,130,ชายชาวเมือง / ทหาร / ผู้ติดตาม,generic,male,MALE_YOUNG_A,assets/triangle-strategy/approved_voice_references/MALE_YOUNG_A.wav,ทำบ้าอะไรของท่านเนี่ย!?,,,PENDING_MANUAL_GENERATION,,triangle-strategy
446,MS18F_X41_C0_1010_M_M384_0040.wav,MS18F_X41_C0_1010_M_M384_0040,130,130,130,131,ชายชาวเมือง / ทหาร / ผู้ติดตาม,generic,male,MALE_YOUNG_A,assets/triangle-strategy/approved_voice_references/MALE_YOUNG_A.wav,โอย! ไอ้งูพิษ... ข้าต้องเรียกกำลังเสริม!,,,PENDING_MANUAL_GENERATION,,triangle-strategy
447,MS18F_X41_C0_1010_M_SEL_0010.wav,MS18F_X41_C0_1010_M_SEL_0010,131,131,131,132,Serenoa,main,male,serenoa,assets/triangle-strategy/approved_voice_references/serenoa.wav,ขอโทษที่สร้างเรื่องให้ท่านขนาดนี้ขอรับ พวกเราคงต้องระเบิดเรือสมาคมด้วยเช่นกัน...,,,PENDING_MANUAL_GENERATION,,triangle-strategy
448,MS18F_X41_C0_1010_M_SEL_0020.wav,MS18F_X41_C0_1010_M_SEL_0020,132,132,132,133,Serenoa,main,male,serenoa,assets/triangle-strategy/approved_voice_references/serenoa.wav,เร็วเข้า แม้ตอนนี้จะไม่ค่อยมีทหารในเมือง...แต่หากเราถูกเจอตัวรับรองจบเห่แน่,,,PENDING_MANUAL_GENERATION,,triangle-strategy
449,MS18F_X41_RESEARCH_01_AFTER_F_ANA_0010.wav,MS18F_X41_RESEARCH_01_AFTER_F_ANA_0010,133,133,133,134,Anna,main,female,anna,assets/triangle-strategy/approved_voice_references/anna.wav,ลอร์ดเซเรโนอา ลองอ่านดูเจ้าค่ะ,,,PENDING_MANUAL_GENERATION,,triangle-strategy
450,MS18F_X41_RESEARCH_01_AFTER_F_FRE_0010.wav,MS18F_X41_RESEARCH_01_AFTER_F_FRE_0010,134,134,134,135,Frederica,main,female,frederica,assets/triangle-strategy/approved_voice_references/frederica.wav,หาเจอแล้วเหรอ?,,,PENDING_MANUAL_GENERATION,,triangle-strategy
451,MS18F_X41_RESEARCH_01_AFTER_F_HEW_0010.wav,MS18F_X41_RESEARCH_01_AFTER_F_HEW_0010,136,136,136,137,Hughette,main,female,hughette,assets/triangle-strategy/approved_voice_references/hughette.wav,ข้าไม่ทราบเจ้าค่ะ แต่ไม่น่าจะเป็นเรื่องดี,,,PENDING_MANUAL_GENERATION,,triangle-strategy
452,MS18F_X41_RESEARCH_01_AFTER_F_LYL_0010.wav,MS18F_X41_RESEARCH_01_AFTER_F_LYL_0010,137,137,137,138,Lyla,npc,female,lyla,assets/triangle-strategy/approved_voice_references/lyla.wav,รัฐมนตรีเซเรโนอา? ท่านมาทำอะไรที่นี่?,,,PENDING_MANUAL_GENERATION,,triangle-strategy
453,MS18F_X41_RESEARCH_01_AFTER_F_YRA_0010.wav,MS18F_X41_RESEARCH_01_AFTER_F_YRA_0010,138,138,138,139,Geela,main,female,geela,assets/triangle-strategy/approved_voice_references/geela.wav,เราได้เห็นความเน่าเฟะในแก่นแท้ของไฮแซนต์แล้วสินะ...,,,PENDING_MANUAL_GENERATION,,triangle-strategy
454,MS18F_X41_RESEARCH_01_AFTER_M_ELA_0010.wav,MS18F_X41_RESEARCH_01_AFTER_M_ELA_0010,139,139,139,140,Erador,main,male,erador,assets/triangle-strategy/approved_voice_references/erador.wav,นึกว่ากระทรวงโอสถสมควรที่จะแบบว่า... คิดค้นวิธีช่วยชีวิตผู้คนเสียอีก ทำไมถึงต้องมากอบโกยประโยชน์จากคนตายด้วยล่ะ?,,,PENDING_MANUAL_GENERATION,,triangle-strategy
455,MS18F_X41_RESEARCH_01_AFTER_M_RLN_0010.wav,MS18F_X41_RESEARCH_01_AFTER_M_RLN_0010,140,140,140,141,Roland,main,male,roland,assets/triangle-strategy/approved_voice_references/roland.wav,คู่มือเอลฟริคเชิงปฏิบัติ... มันพูดถึงการทำเอลฟริคในนี้หรือเปล่า?,,,PENDING_MANUAL_GENERATION,,triangle-strategy
456,MS18F_X41_RESEARCH_01_AFTER_M_RLN_0020.wav,MS18F_X41_RESEARCH_01_AFTER_M_RLN_0020,141,141,141,142,Roland,main,male,roland,assets/triangle-strategy/approved_voice_references/roland.wav,รวบรวมศพ!? เอาไปทำบ้าอะไรกัน!?,,,PENDING_MANUAL_GENERATION,,triangle-strategy
457,MS18F_X41_RESEARCH_01_AFTER_M_RLN_0030.wav,MS18F_X41_RESEARCH_01_AFTER_M_RLN_0030,142,142,142,143,Roland,main,male,roland,assets/triangle-strategy/approved_voice_references/roland.wav,จักรกล? มันคือสิ่งประดิษฐ์อะไรล่ะนั่น?,,,PENDING_MANUAL_GENERATION,,triangle-strategy
458,MS18F_X41_RESEARCH_01_AFTER_M_SEL_0010.wav,MS18F_X41_RESEARCH_01_AFTER_M_SEL_0010,143,143,143,144,Serenoa,main,male,serenoa,assets/triangle-strategy/approved_voice_references/serenoa.wav,มันคืออะไรน่ะ?,,,PENDING_MANUAL_GENERATION,,triangle-strategy
459,MS18F_X41_RESEARCH_01_AFTER_M_SEL_0020.wav,MS18F_X41_RESEARCH_01_AFTER_M_SEL_0020,144,144,144,145,Serenoa,main,male,serenoa,assets/triangle-strategy/approved_voice_references/serenoa.wav,เปล่าหรอก เจอแค่หนังสือ,,,PENDING_MANUAL_GENERATION,,triangle-strategy
460,MS18F_X41_RESEARCH_01_AFTER_M_SEL_0030.wav,MS18F_X41_RESEARCH_01_AFTER_M_SEL_0030,145,145,145,146,Serenoa,main,male,serenoa,assets/triangle-strategy/approved_voice_references/serenoa.wav,น่าจะเป็นเช่นนั้นขอรับ ข้าเองก็ไม่รู้ศัพท์วิชาการเวทมนตร์มากนัก แต่หากข้าเข้าใจถูก...,,,PENDING_MANUAL_GENERATION,,triangle-strategy
461,MS18F_X41_RESEARCH_01_AFTER_M_SEL_0040.wav,MS18F_X41_RESEARCH_01_AFTER_M_SEL_0040,146,146,146,147,Serenoa,main,male,serenoa,assets/triangle-strategy/approved_voice_references/serenoa.wav,องค์ประกอบหลักของเอลฟริคคือ...ซากศพมนุษย์!,,,PENDING_MANUAL_GENERATION,,triangle-strategy
462,MS18F_X41_RESEARCH_01_AFTER_M_SEL_0050.wav,MS18F_X41_RESEARCH_01_AFTER_M_SEL_0050,147,147,147,148,Serenoa,main,male,serenoa,assets/triangle-strategy/approved_voice_references/serenoa.wav,"มันเขียนไว้ว่า ""ทำการรวบรวมศพชาวโรเซลล์ผู้เสียชีวิตในนาเกลือ""...",,,PENDING_MANUAL_GENERATION,,triangle-strategy
463,MS18F_X41_RESEARCH_01_AFTER_M_SEL_0060.wav,MS18F_X41_RESEARCH_01_AFTER_M_SEL_0060,148,148,148,149,Serenoa,main,male,serenoa,assets/triangle-strategy/approved_voice_references/serenoa.wav,"""เอลฟริคของเรากลายเป็นอาวุธโดยบังเอิญ""",,,PENDING_MANUAL_GENERATION,,triangle-strategy
464,MS18F_X41_RESEARCH_01_AFTER_M_SEL_0070.wav,MS18F_X41_RESEARCH_01_AFTER_M_SEL_0070,149,149,149,150,Serenoa,main,male,serenoa,assets/triangle-strategy/approved_voice_references/serenoa.wav,"""เดิมทีเป้าหมายของเราคือการควบคุมพลังเวทย์ เพื่อใช้เป็นพลังงานขับเคลื่อนจักรกล""",,,PENDING_MANUAL_GENERATION,,triangle-strategy
465,MS18F_X41_RESEARCH_01_BEFORE_F_ANA_0010.wav,MS18F_X41_RESEARCH_01_BEFORE_F_ANA_0010,150,150,150,151,Anna,main,female,anna,assets/triangle-strategy/approved_voice_references/anna.wav,แคลรุสมีไหวพริบก็จริง แต่ก็อาจโดนจับได้อยู่ดี,,,PENDING_MANUAL_GENERATION,,triangle-strategy
466,MS18F_X41_RESEARCH_01_BEFORE_F_FRE_0010.wav,MS18F_X41_RESEARCH_01_BEFORE_F_FRE_0010,151,151,151,152,Frederica,main,female,frederica,assets/triangle-strategy/approved_voice_references/frederica.wav,เช่นนั้นเราแยกกันหาดีกว่า,,,PENDING_MANUAL_GENERATION,,triangle-strategy
467,MS18F_X41_RESEARCH_01_BEFORE_F_HEW_0010.wav,MS18F_X41_RESEARCH_01_BEFORE_F_HEW_0010,152,152,152,153,Hughette,main,female,hughette,assets/triangle-strategy/approved_voice_references/hughette.wav,คิดไว้แล้วว่านักวิจัยต้องอยู่ที่นี่...,,,PENDING_MANUAL_GENERATION,,triangle-strategy
468,MS18F_X41_RESEARCH_01_BEFORE_F_YRA_0010.wav,MS18F_X41_RESEARCH_01_BEFORE_F_YRA_0010,153,153,153,154,Geela,main,female,geela,assets/triangle-strategy/approved_voice_references/geela.wav,รีบหน่อยก็ดีเจ้าค่ะ! รัฐมนตรีแคมเซลล์ไม่อ่อนข้อให้ใครง่ายๆ แถมเขาเป็นคนคุมทหารด้วย,,,PENDING_MANUAL_GENERATION,,triangle-strategy
469,MS18F_X41_RESEARCH_01_BEFORE_F_YRA_0020.wav,MS18F_X41_RESEARCH_01_BEFORE_F_YRA_0020,154,154,154,155,Geela,main,female,geela,assets/triangle-strategy/approved_voice_references/geela.wav,ยิ่งใช้เวลานานเท่าใด ก็ยิ่งคุมสถานการณ์ได้ยากเท่านั้น,,,PENDING_MANUAL_GENERATION,,triangle-strategy
470,MS18F_X41_RESEARCH_01_BEFORE_M_RLN_0010.wav,MS18F_X41_RESEARCH_01_BEFORE_M_RLN_0010,155,155,155,156,Roland,main,male,roland,assets/triangle-strategy/approved_voice_references/roland.wav,ไฮแซนต์ยังไม่รู้ว่าเรากำลังสู้กลับสินะ,,,PENDING_MANUAL_GENERATION,,triangle-strategy
471,MS18F_X41_RESEARCH_01_BEFORE_M_RLN_0020.wav,MS18F_X41_RESEARCH_01_BEFORE_M_RLN_0020,156,156,156,157,Roland,main,male,roland,assets/triangle-strategy/approved_voice_references/roland.wav,ค่อยๆ สำรวจไปก็แล้วกัน พวกเขาจะได้ไม่สงสัย,,,PENDING_MANUAL_GENERATION,,triangle-strategy
472,MS18F_X41_RESEARCH_01_BEFORE_M_SEL_0010.wav,MS18F_X41_RESEARCH_01_BEFORE_M_SEL_0010,157,157,157,158,Serenoa,main,male,serenoa,assets/triangle-strategy/approved_voice_references/serenoa.wav,อืม รีบหาเอลฟริคให้เจอด่วนๆ เลย,,,PENDING_MANUAL_GENERATION,,triangle-strategy
473,MS18F_X41_WD_0010_N_NNN_0010.wav,MS18F_X41_WD_0010_N_NNN_0010,158,158,158,159,Narrator,narrator,female,narrator,assets/triangle-strategy/approved_voice_references/narrator.wav,เซเรโนอาและมิตรสหายเร้นกายหนีกองทัพเอกซ์เฮมในแคว้นวูล์ฟฟอร์ต โดยอาศัยรถสินค้าสมาคมของแคลรุสเพื่อมุ่งหน้าสู่เมืองหลวงไฮแซนต์,,,PENDING_MANUAL_GENERATION,,triangle-strategy
474,MS18F_X41_WD_0010_N_NNN_0020.wav,MS18F_X41_WD_0010_N_NNN_0020,159,159,159,160,Narrator,narrator,female,narrator,assets/triangle-strategy/approved_voice_references/narrator.wav,พวกเขาทบทวนแผนการปลุกปั่นชาวโรเซลล์ทันทีที่ถึงจุดหมาย,,,PENDING_MANUAL_GENERATION,,triangle-strategy
475,MS18R_X40_B0_0010_F_MB152T01_0010.wav,MS18R_X40_B0_0010_F_MB152T01_0010,0,0,0,1,หญิงชาวเมือง / ทหาร / ผู้ติดตาม,generic,female,FEMALE_ADULT_B,assets/triangle-strategy/approved_voice_references/FEMALE_ADULT_B.wav,ได้สิ ขอให้เจ้าปลอดภัยนะที่รัก...,,,PENDING_MANUAL_GENERATION,,triangle-strategy
476,MS18R_X40_B0_0010_F_MB152T01_0020.wav,MS18R_X40_B0_0010_F_MB152T01_0020,1,1,1,2,หญิงชาวเมือง / ทหาร / ผู้ติดตาม,generic,female,FEMALE_ADULT_B,assets/triangle-strategy/approved_voice_references/FEMALE_ADULT_B.wav,โถ ซิคราส...,,,PENDING_MANUAL_GENERATION,,triangle-strategy
477,MS18R_X40_B0_0010_F_MB155T01_0010.wav,MS18R_X40_B0_0010_F_MB155T01_0010,2,2,2,3,เด็กหญิง / NPC,generic,female,FEMALE_CHILD_A,assets/triangle-strategy/approved_voice_references/FEMALE_CHILD_A.wav,โชคดีนะเจ้าคะ ท่านพ่อ!,,,PENDING_MANUAL_GENERATION,,triangle-strategy
478,MS18R_X40_B0_0010_F_MB155T01_0020.wav,MS18R_X40_B0_0010_F_MB155T01_0020,3,3,3,4,เด็กหญิง / NPC,generic,female,FEMALE_CHILD_A,assets/triangle-strategy/approved_voice_references/FEMALE_CHILD_A.wav,รีบกลับมานะเจ้าคะ ตกลงไหม?,,,PENDING_MANUAL_GENERATION,,triangle-strategy
479,MS18R_X40_B0_0010_M_MB154T01_0010.wav,MS18R_X40_B0_0010_M_MB154T01_0010,4,4,4,5,เด็กชาย / NPC,generic,male,MALE_CHILD_A,assets/triangle-strategy/approved_voice_references/MALE_CHILD_A.wav,ไว้กลับมาทานสตูด้วยกันนะขอรับ!,,,PENDING_MANUAL_GENERATION,,triangle-strategy
480,MS18R_X40_B0_0010_M_SEC_0010.wav,MS18R_X40_B0_0010_M_SEC_0010,5,5,5,6,ซิคราส,npc,male,sycras,assets/triangle-strategy/approved_voice_references/sycras.wav,ข้า...คงต้องไปแล้ว ฝากดูแลเด็กๆ ด้วยนะ,,,PENDING_MANUAL_GENERATION,,triangle-strategy
481,MS18R_X40_B0_0010_M_SEC_0020.wav,MS18R_X40_B0_0010_M_SEC_0020,6,6,6,7,ซิคราส,npc,male,sycras,assets/triangle-strategy/approved_voice_references/sycras.wav,แหม เจ้าก็ห่วงข้าเกินไป ข้าเป็นถึงอัศวินแห่งเอสฟรอสต์เชียวนะ,,,PENDING_MANUAL_GENERATION,,triangle-strategy
482,MS18R_X40_B0_0010_M_SEC_0030.wav,MS18R_X40_B0_0010_M_SEC_0030,7,7,7,8,ซิคราส,npc,male,sycras,assets/triangle-strategy/approved_voice_references/sycras.wav,ผู้ใดเผชิญหน้าข้าในสมรภูมิ รับรองวิ่งหนีหางจุกตุูกกันหมดแน่! ฮ่าๆๆ!,,,PENDING_MANUAL_GENERATION,,triangle-strategy
483,MS18R_X40_B0_0010_M_SEC_0040.wav,MS18R_X40_B0_0010_M_SEC_0040,8,8,8,9,ซิคราส,npc,male,sycras,assets/triangle-strategy/approved_voice_references/sycras.wav,วิเศษไปเลยลูก ชักอยากกลับมากินซะแล้วสิ!,,,PENDING_MANUAL_GENERATION,,triangle-strategy
484,MS18R_X40_B0_0010_M_SEC_0050.wav,MS18R_X40_B0_0010_M_SEC_0050,9,9,9,10,ซิคราส,npc,male,sycras,assets/triangle-strategy/approved_voice_references/sycras.wav,ตกลงสิ พวกเจ้าทั้งสองก็อย่าดื้อล่ะ!,,,PENDING_MANUAL_GENERATION,,triangle-strategy
485,MS18R_X40_BATTLE_01_AFTER_F_ANA_0010.wav,MS18R_X40_BATTLE_01_AFTER_F_ANA_0010,10,10,10,11,Anna,main,female,anna,assets/triangle-strategy/approved_voice_references/anna.wav,รัฐมนตรีแคมเซลล์แจ้งสารจากเกลนบรู๊คมาให้ทราบเช่นกันเจ้าค่ะ,,,PENDING_MANUAL_GENERATION,,triangle-strategy
486,MS18R_X40_BATTLE_01_AFTER_F_ANA_0020.wav,MS18R_X40_BATTLE_01_AFTER_F_ANA_0020,11,11,11,12,Anna,main,female,anna,assets/triangle-strategy/approved_voice_references/anna.wav,กองทัพของเขากำจัดทหารเอสฟรอสต์สำเร็จแล้ว,,,PENDING_MANUAL_GENERATION,,triangle-strategy
487,MS18R_X40_BATTLE_01_AFTER_F_ANA_0030.wav,MS18R_X40_BATTLE_01_AFTER_F_ANA_0030,12,12,12,13,Anna,main,female,anna,assets/triangle-strategy/approved_voice_references/anna.wav,ส่วนขุนนางที่เหลือก็จะถูกควบคุมในอีกไม่นานนัก,,,PENDING_MANUAL_GENERATION,,triangle-strategy
488,MS18R_X40_BATTLE_01_AFTER_F_HEW_0010.wav,MS18R_X40_BATTLE_01_AFTER_F_HEW_0010,13,13,13,14,Hughette,main,female,hughette,assets/triangle-strategy/approved_voice_references/hughette.wav,แสดงว่าอาร์ชดยุกจนมุมแล้วสินะ,,,PENDING_MANUAL_GENERATION,,triangle-strategy
489,MS18R_X40_BATTLE_01_AFTER_F_YRA_0010.wav,MS18R_X40_BATTLE_01_AFTER_F_YRA_0010,14,14,14,15,Geela,main,female,geela,assets/triangle-strategy/approved_voice_references/geela.wav,ตัวเมืองหลวงนั้นอยู่หลังหุบเขา อาร์ชดยุกกุสตาดอล์ฟน่าจะรออยู่ในปราการแห่งนี้,,,PENDING_MANUAL_GENERATION,,triangle-strategy
490,MS18R_X40_BATTLE_01_AFTER_F_YRA_0020.wav,MS18R_X40_BATTLE_01_AFTER_F_YRA_0020,15,15,15,16,Geela,main,female,geela,assets/triangle-strategy/approved_voice_references/geela.wav,และตัวเมืองถูกล้อมรอบด้วยเทือกเขาสูงชัน ไม่มีทางเข้าออกอื่นในเอสฟรอสต์แล้วเจ้าค่ะ,,,PENDING_MANUAL_GENERATION,,triangle-strategy
491,MS18R_X40_BATTLE_01_AFTER_M_BND_0010.wav,MS18R_X40_BATTLE_01_AFTER_M_BND_0010,16,16,16,17,Benedict,main,male,benedict,assets/triangle-strategy/approved_voice_references/benedict.wav,ถูกต้องแล้ว เขาจะดิ้นรนสุดชีวิตเพราะไม่มีทางให้หนี อย่าประมาทเชียวล่ะ,,,PENDING_MANUAL_GENERATION,,triangle-strategy
492,MS18R_X40_BATTLE_01_AFTER_M_EGS_0010.wav,MS18R_X40_BATTLE_01_AFTER_M_EGS_0010,17,17,17,18,Exharme,npc,male,exharme,assets/triangle-strategy/approved_voice_references/exharme.wav,เขาไม่ทำให้ผิดหวังจริงๆ พวกเราเองก็ต้องทำเช่นนั้นให้ได้ด้วยนะ,,,PENDING_MANUAL_GENERATION,,triangle-strategy
493,MS18R_X40_BATTLE_01_AFTER_M_ELA_0010.wav,MS18R_X40_BATTLE_01_AFTER_M_ELA_0010,18,18,18,19,Erador,main,male,erador,assets/triangle-strategy/approved_voice_references/erador.wav,แถมตอนนี้ยังไม่เห็นหน้าสวาร็อคเลยด้วยซ้ำ สงสัยคงวางแผนอะไรไว้แน่...,,,PENDING_MANUAL_GENERATION,,triangle-strategy
494,MS18R_X40_BATTLE_01_AFTER_M_RLN_0010.wav,MS18R_X40_BATTLE_01_AFTER_M_RLN_0010,19,19,19,20,Roland,main,male,roland,assets/triangle-strategy/approved_voice_references/roland.wav,ไม่ว่าโอกาสจะน้อยนิดเพียงใด แต่อาร์ชดยุกไม่ใช่คนที่ยอมแพ้ง่ายๆหรอก เราเองก็ระวังไว้ด้วย,,,PENDING_MANUAL_GENERATION,,triangle-strategy
495,MS18R_X40_BATTLE_01_AFTER_M_RLN_0020.wav,MS18R_X40_BATTLE_01_AFTER_M_RLN_0020,20,20,20,21,Roland,main,male,roland,assets/triangle-strategy/approved_voice_references/roland.wav,ยังไงก็ลุยกันต่อเถอะ ยิ่งเราคุยนาน...พวกมันก็ยิ่งมีเวลาเตรียมตัวมากขึ้น,,,PENDING_MANUAL_GENERATION,,triangle-strategy
496,MS18R_X40_BATTLE_01_AFTER_M_SEL_0010.wav,MS18R_X40_BATTLE_01_AFTER_M_SEL_0010,21,21,21,22,Serenoa,main,male,serenoa,assets/triangle-strategy/approved_voice_references/serenoa.wav,บัดนี้ประตูแฝดได้แตกพ่าย เราจะได้มุ่งหน้าสู่ใจกลางเอสฟรอสต์ได้เสียที,,,PENDING_MANUAL_GENERATION,,triangle-strategy
497,MS18R_X40_BATTLE_01_AFTER_M_SEL_0020.wav,MS18R_X40_BATTLE_01_AFTER_M_SEL_0020,22,22,22,23,Serenoa,main,male,serenoa,assets/triangle-strategy/approved_voice_references/serenoa.wav,อืม ศึกครั้งสุดท้ายกำลังรอเราอยู่...ไปกันเถอะ,,,PENDING_MANUAL_GENERATION,,triangle-strategy
498,MS18R_X40_BATTLE_01_BEFORE_F_YRA_0010.wav,MS18R_X40_BATTLE_01_BEFORE_F_YRA_0010,23,23,23,24,Geela,main,female,geela,assets/triangle-strategy/approved_voice_references/geela.wav,แปลกเหลือเกินที่ลอร์ดแห่งประตูแฝดหายไปในยามนี้...,,,PENDING_MANUAL_GENERATION,,triangle-strategy
499,MS18R_X40_BATTLE_01_BEFORE_M_BND_0010.wav,MS18R_X40_BATTLE_01_BEFORE_M_BND_0010,24,24,24,25,Benedict,main,male,benedict,assets/triangle-strategy/approved_voice_references/benedict.wav,จริงๆ มันควรจะเป็นอาวุธปิดล้อม แต่ก็ปฏิเสธไม่ได้ว่ามันสามารถนำมาตั้งรับได้เช่นกัน...,,,PENDING_MANUAL_GENERATION,,triangle-strategy
500,MS18R_X40_BATTLE_01_BEFORE_M_EGS_0010.wav,MS18R_X40_BATTLE_01_BEFORE_M_EGS_0010,25,25,25,26,Exharme,npc,male,exharme,assets/triangle-strategy/approved_voice_references/exharme.wav,เราบุกกันเลย เดี๋ยวข้าจัดการทัพหน้าเอง!,,,PENDING_MANUAL_GENERATION,,triangle-strategy
501,MS18R_X40_BATTLE_01_BEFORE_M_ELA_0010.wav,MS18R_X40_BATTLE_01_BEFORE_M_ELA_0010,26,26,26,27,Erador,main,male,erador,assets/triangle-strategy/approved_voice_references/erador.wav,เขากำลังเอาปืนใหญ่มาจากเมืองหลวงหรือเปล่า,,,PENDING_MANUAL_GENERATION,,triangle-strategy
502,MS18R_X40_BATTLE_01_BEFORE_M_ELA_0020.wav,MS18R_X40_BATTLE_01_BEFORE_M_ELA_0020,27,27,27,28,Erador,main,male,erador,assets/triangle-strategy/approved_voice_references/erador.wav,หากมันพังโล่เทพธิดาได้จริงๆ ไม่อยากนึกสภาพเลยหากพวกเราโดนเล่นงานเสียเอง,,,PENDING_MANUAL_GENERATION,,triangle-strategy
503,MS18R_X40_BATTLE_01_BEFORE_M_RLN_0010.wav,MS18R_X40_BATTLE_01_BEFORE_M_RLN_0010,28,28,28,29,Roland,main,male,roland,assets/triangle-strategy/approved_voice_references/roland.wav,คำสอนของนางไม่ใช่สิ่งงมงาม นางนำพาสันติสุขมาสู่นอร์เซเลียได้จริงๆ!,,,PENDING_MANUAL_GENERATION,,triangle-strategy
504,MS18R_X40_BATTLE_01_BEFORE_M_RLN_0020.wav,MS18R_X40_BATTLE_01_BEFORE_M_RLN_0020,29,29,29,30,Roland,main,male,roland,assets/triangle-strategy/approved_voice_references/roland.wav,หนอย...!,,,PENDING_MANUAL_GENERATION,,triangle-strategy
505,MS18R_X40_BATTLE_01_BEFORE_M_SEC_0010.wav,MS18R_X40_BATTLE_01_BEFORE_M_SEC_0010,30,30,30,31,ซิคราส,npc,male,sycras,assets/triangle-strategy/approved_voice_references/sycras.wav,มาถึงจนได้สินะ,,,PENDING_MANUAL_GENERATION,,triangle-strategy
506,MS18R_X40_BATTLE_01_BEFORE_M_SEC_0020.wav,MS18R_X40_BATTLE_01_BEFORE_M_SEC_0020,31,31,31,32,ซิคราส,npc,male,sycras,assets/triangle-strategy/approved_voice_references/sycras.wav,เอาฟรอสต์คือดินแดนแห่งเสรีภาพ เราไม่ต้อนรับผู้ที่หลงงมงายเทพธิดาเด็ดขาด,,,PENDING_MANUAL_GENERATION,,triangle-strategy
507,MS18R_X40_BATTLE_01_BEFORE_M_SEC_0030.wav,MS18R_X40_BATTLE_01_BEFORE_M_SEC_0030,32,32,32,33,ซิคราส,npc,male,sycras,assets/triangle-strategy/approved_voice_references/sycras.wav,สุนัขไฮแซนต์อย่างพวกเจ้า อย่าบังอาจมาเหยียบย่ำบ้านเมืองเราเชียว!,,,PENDING_MANUAL_GENERATION,,triangle-strategy
508,MS18R_X40_BATTLE_01_BEFORE_M_SEC_0040.wav,MS18R_X40_BATTLE_01_BEFORE_M_SEC_0040,33,33,33,34,ซิคราส,npc,male,sycras,assets/triangle-strategy/approved_voice_references/sycras.wav,ใครจะไปเชื่อคำพูดจากปากคนเขลาเช่นท่านกันล่ะ รัฐมนตรีโรแลนด์? ท่านถวายอาณาจักรให้นางและตกอยู่ใต้อำนาจพวกเขาเองนี่,,,PENDING_MANUAL_GENERATION,,triangle-strategy
509,MS18R_X40_BATTLE_01_BEFORE_M_SEC_0050.wav,MS18R_X40_BATTLE_01_BEFORE_M_SEC_0050,34,34,34,35,ซิคราส,npc,male,sycras,assets/triangle-strategy/approved_voice_references/sycras.wav,ด้วยเกียรติแห่งอัศวินเอสฟรอสต์...,,,PENDING_MANUAL_GENERATION,,triangle-strategy
510,MS18R_X40_BATTLE_01_BEFORE_M_SEC_0060.wav,MS18R_X40_BATTLE_01_BEFORE_M_SEC_0060,35,35,35,36,ซิคราส,npc,male,sycras,assets/triangle-strategy/approved_voice_references/sycras.wav,และเพื่อเสรีภาพของลูกหลาน... พวกเจ้าต้องข้ามศพข้าไปก่อน!,,,PENDING_MANUAL_GENERATION,,triangle-strategy
511,MS18R_X40_BATTLE_01_BEFORE_M_SEL_0010.wav,MS18R_X40_BATTLE_01_BEFORE_M_SEL_0010,36,36,36,37,Serenoa,main,male,serenoa,assets/triangle-strategy/approved_voice_references/serenoa.wav,โรแลนด์ ข้าศึกของเราอาจกำลังเตรียมปืนใหญ่ในขณะนี้ เราต้องเร่งมือแล้วขอรับ,,,PENDING_MANUAL_GENERATION,,triangle-strategy
512,MS18R_X40_BATTLE_01_DRAMA_F_PIC_0010.wav,MS18R_X40_BATTLE_01_DRAMA_F_PIC_0010,37,37,37,38,พิคโคเล็ตต้า,npc,female,piccoletta,assets/triangle-strategy/approved_voice_references/piccoletta.wav,เราทั้งคู่ตัดสินใจร่วมกันต่างหาก! ข้าอยากจบสงครามนี้ซะ ทุกคนจะได้มีรอยยิ้มอีกครั้ง!,,,PENDING_MANUAL_GENERATION,,triangle-strategy
513,MS18R_X40_BATTLE_01_DRAMA_M_EGS_0010.wav,MS18R_X40_BATTLE_01_DRAMA_M_EGS_0010,38,38,38,39,Exharme,npc,male,exharme,assets/triangle-strategy/approved_voice_references/exharme.wav,ประตูมันปิดอยู่ ให้ข้าใช้ระเบิดจู่โจมเลยไหม?,,,PENDING_MANUAL_GENERATION,,triangle-strategy
514,MS18R_X40_BATTLE_01_DRAMA_M_EGS_0020.wav,MS18R_X40_BATTLE_01_DRAMA_M_EGS_0020,39,39,39,40,Exharme,npc,male,exharme,assets/triangle-strategy/approved_voice_references/exharme.wav,ถูกแล้วล่ะ เราต้องใจเย็นและหัดสังเกตระวังบริเวณรอบๆ ด้วย,,,PENDING_MANUAL_GENERATION,,triangle-strategy
515,MS18R_X40_BATTLE_01_DRAMA_M_EGS_0030.wav,MS18R_X40_BATTLE_01_DRAMA_M_EGS_0030,40,40,40,41,Exharme,npc,male,exharme,assets/triangle-strategy/approved_voice_references/exharme.wav,หนอย... พวกมันโค่นล้มข้าได้ยังไงกัน...!,,,PENDING_MANUAL_GENERATION,,triangle-strategy
516,MS18R_X40_BATTLE_01_DRAMA_M_RDL_0010.wav,MS18R_X40_BATTLE_01_DRAMA_M_RDL_0010,41,41,41,42,รูดอล์ฟ,npc,male,rudolph,assets/triangle-strategy/approved_voice_references/rudolph.wav,เซอร์ซิคราส วางอาวุธลงก่อนเถอะขอรับ ข้าไม่อยากทำร้ายท่านเลย,,,PENDING_MANUAL_GENERATION,,triangle-strategy
517,MS18R_X40_BATTLE_01_DRAMA_M_RDL_0020.wav,MS18R_X40_BATTLE_01_DRAMA_M_RDL_0020,42,42,42,43,รูดอล์ฟ,npc,male,rudolph,assets/triangle-strategy/approved_voice_references/rudolph.wav,ข้าไม่อยากให้ลูกของท่านต้องกำพร้าพ่อ,,,PENDING_MANUAL_GENERATION,,triangle-strategy
518,MS18R_X40_BATTLE_01_DRAMA_M_RLN_0010.wav,MS18R_X40_BATTLE_01_DRAMA_M_RLN_0010,43,43,43,44,Roland,main,male,roland,assets/triangle-strategy/approved_voice_references/roland.wav,ข้าเองก็คิดเช่นนั้นเหมือนกัน เราไม่มีทางเลือกนอกเสียจากเข้าล้อมศัตรูที่ทีการป้องกันอย่างแน่นหนา,,,PENDING_MANUAL_GENERATION,,triangle-strategy
519,MS18R_X40_BATTLE_01_DRAMA_M_RLN_0020.wav,MS18R_X40_BATTLE_01_DRAMA_M_RLN_0020,44,44,44,45,Roland,main,male,roland,assets/triangle-strategy/approved_voice_references/roland.wav,มันไม่ใช่การผูกขาด พวกเขาจะแบ่งปันเกลือให้ทุกคนอย่างเท่าเทียม รวมถึงผู้ที่เจ็บป่วยล้มตายในสงครามต่างหาก,,,PENDING_MANUAL_GENERATION,,triangle-strategy
520,MS18R_X40_BATTLE_01_DRAMA_M_RLN_0030.wav,MS18R_X40_BATTLE_01_DRAMA_M_RLN_0030,45,45,45,46,Roland,main,male,roland,assets/triangle-strategy/approved_voice_references/roland.wav,นั่นเป็นหน้าที่ของวูล์ฟฟอร์ตกับข้าที่ต้องจัดการ หากเจ้าไม่เข้าใจ สงสัยคงต้องให้ดาบพูดแทนแล้วล่ะ!,,,PENDING_MANUAL_GENERATION,,triangle-strategy
521,MS18R_X40_BATTLE_01_DRAMA_M_RLN_0040.wav,MS18R_X40_BATTLE_01_DRAMA_M_RLN_0040,46,46,46,47,Roland,main,male,roland,assets/triangle-strategy/approved_voice_references/roland.wav,บ้าจริง...!,,,PENDING_MANUAL_GENERATION,,triangle-strategy
522,MS18R_X40_BATTLE_01_DRAMA_M_SEC_0010.wav,MS18R_X40_BATTLE_01_DRAMA_M_SEC_0010,47,47,47,48,ซิคราส,npc,male,sycras,assets/triangle-strategy/approved_voice_references/sycras.wav,แม้ข้าศึกจะแข็งแกร่งและมีทรัพยากรมหาศาล แต่เราต้องชนะ...เพื่อบ้านเมืองและครอบครัวของเรา!,,,PENDING_MANUAL_GENERATION,,triangle-strategy
523,MS18R_X40_BATTLE_01_DRAMA_M_SEC_0020.wav,MS18R_X40_BATTLE_01_DRAMA_M_SEC_0020,48,48,48,49,ซิคราส,npc,male,sycras,assets/triangle-strategy/approved_voice_references/sycras.wav,ทหารเอสฟรอสต์เอ๋ย จงชักดาบของพวกเจ้าขึ้นมา! วันนี้เราจะสู้เพื่ออิสรภาพของเรา!,,,PENDING_MANUAL_GENERATION,,triangle-strategy
524,MS18R_X40_BATTLE_01_DRAMA_M_SEC_0030.wav,MS18R_X40_BATTLE_01_DRAMA_M_SEC_0030,49,49,49,50,ซิคราส,npc,male,sycras,assets/triangle-strategy/approved_voice_references/sycras.wav,ล้อมพวกมันซะ! อย่าให้หนีรอด!,,,PENDING_MANUAL_GENERATION,,triangle-strategy
525,MS18R_X40_BATTLE_01_DRAMA_M_SEC_0040.wav,MS18R_X40_BATTLE_01_DRAMA_M_SEC_0040,50,50,50,51,ซิคราส,npc,male,sycras,assets/triangle-strategy/approved_voice_references/sycras.wav,รัฐมนตรีโรแลนด์ ท่านยอมมอบเกลือให้ไฮแซนต์ผูกขาด...จนตอนนี้พวกมันครองนอร์เซเลียทั้งทวีปแล้วนะ,,,PENDING_MANUAL_GENERATION,,triangle-strategy
526,MS18R_X40_BATTLE_01_DRAMA_M_SEC_0050.wav,MS18R_X40_BATTLE_01_DRAMA_M_SEC_0050,51,51,51,52,ซิคราส,npc,male,sycras,assets/triangle-strategy/approved_voice_references/sycras.wav,"ท่านคิดว่าพวกคลั่งศาสนาที่กดขี่ชาวโรเซลล์อย่างผิดมนุษย์ รู้จักคำว่า ""เท่าเทียม"" ด้วยเหรอ?",,,PENDING_MANUAL_GENERATION,,triangle-strategy
527,MS18R_X40_BATTLE_01_DRAMA_M_SEC_0060.wav,MS18R_X40_BATTLE_01_DRAMA_M_SEC_0060,52,52,52,53,ซิคราส,npc,male,sycras,assets/triangle-strategy/approved_voice_references/sycras.wav,ข้าคือทหารราชรัฐ มีอีกหลายครอบครัวที่ฝากฝังชีวิตไว้กับข้า,,,PENDING_MANUAL_GENERATION,,triangle-strategy
528,MS18R_X40_BATTLE_01_DRAMA_M_SEC_0070.wav,MS18R_X40_BATTLE_01_DRAMA_M_SEC_0070,53,53,53,54,ซิคราส,npc,male,sycras,assets/triangle-strategy/approved_voice_references/sycras.wav,การที่เด็กอย่างเจ้ามาร่วมรบ ถือเป็นความประสงค์ของเทพธิดาด้วยหรือเปล่า?,,,PENDING_MANUAL_GENERATION,,triangle-strategy
529,MS18R_X40_BATTLE_01_DRAMA_M_SEC_0080.wav,MS18R_X40_BATTLE_01_DRAMA_M_SEC_0080,54,54,54,55,ซิคราส,npc,male,sycras,assets/triangle-strategy/approved_voice_references/sycras.wav,...งั้นเหรอ เจ้าเองก็ไม่ใช่คนเดียวที่คิดเช่นนั้นหรอก แม่หนู...,,,PENDING_MANUAL_GENERATION,,triangle-strategy
530,MS18R_X40_BATTLE_01_DRAMA_M_SEC_0090.wav,MS18R_X40_BATTLE_01_DRAMA_M_SEC_0090,55,55,55,56,ซิคราส,npc,male,sycras,assets/triangle-strategy/approved_voice_references/sycras.wav,น่าสมเพช! ถ้าอยากจะก้าวขาเข้าเอสฟรอสต์ ก็ช่วยพยายามมากกว่านี้หน่อยเถอะ!,,,PENDING_MANUAL_GENERATION,,triangle-strategy
531,MS18R_X40_BATTLE_01_DRAMA_M_SEC_0100.wav,MS18R_X40_BATTLE_01_DRAMA_M_SEC_0100,56,56,56,57,ซิคราส,npc,male,sycras,assets/triangle-strategy/approved_voice_references/sycras.wav,พวกเราเดิมพันอิสรภาพของตนด้วยชีวิต! วันนี้ข้าไม่ปรานีพวกเจ้าแน่!,,,PENDING_MANUAL_GENERATION,,triangle-strategy
532,MS18R_X40_BATTLE_01_DRAMA_M_SEC_0110.wav,MS18R_X40_BATTLE_01_DRAMA_M_SEC_0110,57,57,57,58,ซิคราส,npc,male,sycras,assets/triangle-strategy/approved_voice_references/sycras.wav,โอย.... ศึกครั้งนี้ไม่จบลงง่ายๆ หรอกนะ,,,PENDING_MANUAL_GENERATION,,triangle-strategy
533,MS18R_X40_BATTLE_01_DRAMA_M_SEC_0120.wav,MS18R_X40_BATTLE_01_DRAMA_M_SEC_0120,58,58,58,59,ซิคราส,npc,male,sycras,assets/triangle-strategy/approved_voice_references/sycras.wav,ทหารเอสฟรอสต์เอ๋ย จงเข้มแข็งเข้าไว้! จงนึกถึงผู้ที่ฝากชีวิตไว้ักับพวกเรา!,,,PENDING_MANUAL_GENERATION,,triangle-strategy
534,MS18R_X40_BATTLE_01_DRAMA_M_SEC_0130.wav,MS18R_X40_BATTLE_01_DRAMA_M_SEC_0130,59,59,59,60,ซิคราส,npc,male,sycras,assets/triangle-strategy/approved_voice_references/sycras.wav,มันจบแล้ว... สินะ...,,,PENDING_MANUAL_GENERATION,,triangle-strategy
535,MS18R_X40_BATTLE_01_DRAMA_M_SEC_0140.wav,MS18R_X40_BATTLE_01_DRAMA_M_SEC_0140,60,60,60,61,ซิคราส,npc,male,sycras,assets/triangle-strategy/approved_voice_references/sycras.wav,ขอโทษด้วยนะเด็กๆ ข้าผิดสัญญาเจ้าแล้ว...,,,PENDING_MANUAL_GENERATION,,triangle-strategy
536,MS18R_X40_BATTLE_01_DRAMA_M_SEL_0010.wav,MS18R_X40_BATTLE_01_DRAMA_M_SEL_0010,61,61,61,62,Serenoa,main,male,serenoa,assets/triangle-strategy/approved_voice_references/serenoa.wav,พวกมันรู้ว่าเรากำลังมา อาจจะมีทหารซ่อนตัวอยู่อีกก็เป็นได้,,,PENDING_MANUAL_GENERATION,,triangle-strategy
537,MS18R_X40_BATTLE_01_DRAMA_M_SEL_0020.wav,MS18R_X40_BATTLE_01_DRAMA_M_SEL_0020,62,62,62,63,Serenoa,main,male,serenoa,assets/triangle-strategy/approved_voice_references/serenoa.wav,ลอบโจมตีงั้นเหรอ ว่าแล้วเชียว!,,,PENDING_MANUAL_GENERATION,,triangle-strategy
538,MS18R_X40_C0_0010_F_LYL_0010.wav,MS18R_X40_C0_0010_F_LYL_0010,63,63,63,64,Lyla,npc,female,lyla,assets/triangle-strategy/approved_voice_references/lyla.wav,อ้างอิงจากรัฐมนตรีโรแลนด์ อาวุธใหม่ของอาร์ชดยุกมีชื่อเรียกว่าปืนใหญ่เสียงสังเวยสินะ,,,PENDING_MANUAL_GENERATION,,triangle-strategy
539,MS18R_X40_C0_0010_F_LYL_0020.wav,MS18R_X40_C0_0010_F_LYL_0020,64,64,64,65,Lyla,npc,female,lyla,assets/triangle-strategy/approved_voice_references/lyla.wav,ข้าคิดว่าเราควรหยุดเอสฟรอสต์ ก่อนที่พวกมันจะมีโอกาสได้ยิงปืนใหญ่นั่นดีกว่า,,,PENDING_MANUAL_GENERATION,,triangle-strategy
540,MS18R_X40_C0_0010_M_EGS_0010.wav,MS18R_X40_C0_0010_M_EGS_0010,65,65,65,66,Exharme,npc,male,exharme,assets/triangle-strategy/approved_voice_references/exharme.wav,สู้กันตรงๆ ไปเลยก็น่าจะดีนะท่าน การยึดครองประตูแฝดและเมืองหลวงไม่น่าเป็นปัญหาสำหรับเรานัก,,,PENDING_MANUAL_GENERATION,,triangle-strategy
541,MS18R_X40_C0_0010_M_EGS_0020.wav,MS18R_X40_C0_0010_M_EGS_0020,66,66,66,67,Exharme,npc,male,exharme,assets/triangle-strategy/approved_voice_references/exharme.wav,ศัตรูของศัตรูกลายเป็นพันธมิตรกันซะแล้ว สุดท้ายพวกมันก็เป็นแค่ตัวน่ารำคาญสินะ?,,,PENDING_MANUAL_GENERATION,,triangle-strategy
542,MS18R_X40_C0_0010_M_EGS_0030.wav,MS18R_X40_C0_0010_M_EGS_0030,67,67,67,68,Exharme,npc,male,exharme,assets/triangle-strategy/approved_voice_references/exharme.wav,ฮ่าๆ ช่างมุ่งมั่นยิ่งนัก! ข้าขอร่วมทัพไปกับพวกท่านด้วยก็แล้วกัน,,,PENDING_MANUAL_GENERATION,,triangle-strategy
543,MS18R_X40_C0_0010_M_IDO_0010.wav,MS18R_X40_C0_0010_M_IDO_0010,68,68,68,69,อีดอร์,npc,male,idore,assets/triangle-strategy/approved_voice_references/idore.wav,ได้เวลาหารือแผนการของเราเพื่อต่อกรเอสฟรอสต์แล้วล่ะ ใครอยากจะเริ่มก่อน?,,,PENDING_MANUAL_GENERATION,,triangle-strategy
544,MS18R_X40_C0_0010_M_IDO_0020.wav,MS18R_X40_C0_0010_M_IDO_0020,69,69,69,70,อีดอร์,npc,male,idore,assets/triangle-strategy/approved_voice_references/idore.wav,ทุกแผนการย่อมมีข้อดี แต่มันจะทำให้เรามีช่องโหว่น่ะสิ...,,,PENDING_MANUAL_GENERATION,,triangle-strategy
545,MS18R_X40_C0_0010_M_IDO_0030.wav,MS18R_X40_C0_0010_M_IDO_0030,70,70,70,71,อีดอร์,npc,male,idore,assets/triangle-strategy/approved_voice_references/idore.wav,รัฐมนตรีโรแลนด์ รัฐมนตรีเซเรโนอา... ท่านแน่ใจแล้วเหรอ?,,,PENDING_MANUAL_GENERATION,,triangle-strategy
546,MS18R_X40_C0_0010_M_IDO_0040.wav,MS18R_X40_C0_0010_M_IDO_0040,71,71,71,72,อีดอร์,npc,male,idore,assets/triangle-strategy/approved_voice_references/idore.wav,ขณะนี้พวกมันกำลังหลังชนฝา...เอสฟรอสต์มันสู้สุดชีวิตแน่ ศึกครั้งนี้จะไม่ง่ายเลย,,,PENDING_MANUAL_GENERATION,,triangle-strategy
547,MS18R_X40_C0_0010_M_IDO_0050.wav,MS18R_X40_C0_0010_M_IDO_0050,72,72,72,73,อีดอร์,npc,male,idore,assets/triangle-strategy/approved_voice_references/idore.wav,เช่นนั้นก็ตกลงตามนี้,,,PENDING_MANUAL_GENERATION,,triangle-strategy
548,MS18R_X40_C0_0010_M_IDO_0060.wav,MS18R_X40_C0_0010_M_IDO_0060,73,73,73,74,อีดอร์,npc,male,idore,assets/triangle-strategy/approved_voice_references/idore.wav,รัฐมนตรีโรแลนด์ เซเรโนอา และเอกซ์เฮม จะมุ่งหน้าสู่เอสฟรอสต์,,,PENDING_MANUAL_GENERATION,,triangle-strategy
549,MS18R_X40_C0_0010_M_IDO_0070.wav,MS18R_X40_C0_0010_M_IDO_0070,74,74,74,75,อีดอร์,npc,male,idore,assets/triangle-strategy/approved_voice_references/idore.wav,และทัพของแคมเซลล์จะจัดการเส้นทางขนส่งเสบียง และปราบปรามกบฎในเกลนบรู๊ค,,,PENDING_MANUAL_GENERATION,,triangle-strategy
550,MS18R_X40_C0_0010_M_IDO_0080.wav,MS18R_X40_C0_0010_M_IDO_0080,75,75,75,76,อีดอร์,npc,male,idore,assets/triangle-strategy/approved_voice_references/idore.wav,ศึกนี้จะเป็นครั้งสุดท้ายที่นอร์เซเลียได้แปดเปื้อนมลทิน! ศึกนี้แด่เทพธิดาของเรา!,,,PENDING_MANUAL_GENERATION,,triangle-strategy
551,MS18R_X40_C0_0010_M_KNS_0010.wav,MS18R_X40_C0_0010_M_KNS_0010,76,76,76,77,แคมเซลล์,npc,male,kamsell,assets/triangle-strategy/approved_voice_references/kamsell.wav,แผนการง่ายๆ สมควรไว้แก้ปัญหาง่ายๆ เช่นกัน แต่ปัญหาของเรามันซับซ้อนกว่านั้นน่ะสิ,,,PENDING_MANUAL_GENERATION,,triangle-strategy
552,MS18R_X40_C0_0010_M_KNS_0020.wav,MS18R_X40_C0_0010_M_KNS_0020,77,77,77,78,แคมเซลล์,npc,male,kamsell,assets/triangle-strategy/approved_voice_references/kamsell.wav,เพิ่งมีจดหมายส่งมาว่า ขุนนางเกลนบรู๊คบางส่วนกำลังร่วมมือกันต่อกรพวกเรา,,,PENDING_MANUAL_GENERATION,,triangle-strategy
553,MS18R_X40_C0_0010_M_KNS_0030.wav,MS18R_X40_C0_0010_M_KNS_0030,78,78,78,79,แคมเซลล์,npc,male,kamsell,assets/triangle-strategy/approved_voice_references/kamsell.wav,ทางเอสฟรอสต์เองก็ตกลงจะสนับสนุนพวกเขา และส่งทหารไปช่วยเหลือบางส่วนเช่นกัน,,,PENDING_MANUAL_GENERATION,,triangle-strategy
554,MS18R_X40_C0_0010_M_KNS_0040.wav,MS18R_X40_C0_0010_M_KNS_0040,79,79,79,80,แคมเซลล์,npc,male,kamsell,assets/triangle-strategy/approved_voice_references/kamsell.wav,ไม่ใช่แค่ตัวน่ารำคาญหรอก มีความเป็นไปได้ว่าพวกเขาจะตัดเส้นทางการขนส่งทรัพยากรของทัพที่มุ่งหน้าสู่เอสฟรอสต์น่ะสิ,,,PENDING_MANUAL_GENERATION,,triangle-strategy
555,MS18R_X40_C0_0010_M_KNS_0050.wav,MS18R_X40_C0_0010_M_KNS_0050,80,80,80,81,แคมเซลล์,npc,male,kamsell,assets/triangle-strategy/approved_voice_references/kamsell.wav,เราต้องควบคุมพวกกบฎก่อน,,,PENDING_MANUAL_GENERATION,,triangle-strategy
556,MS18R_X40_C0_0010_M_KNS_0060.wav,MS18R_X40_C0_0010_M_KNS_0060,81,81,81,82,แคมเซลล์,npc,male,kamsell,assets/triangle-strategy/approved_voice_references/kamsell.wav,เป็นแผนการที่ดี เช่นนั้นข้าขอจัดการขุนนางกับทหารเอสฟรอสต์ในเกลนบรู๊คเอง,,,PENDING_MANUAL_GENERATION,,triangle-strategy
557,MS18R_X40_C0_0010_M_RLN_0010.wav,MS18R_X40_C0_0010_M_RLN_0010,82,82,82,83,Roland,main,male,roland,assets/triangle-strategy/approved_voice_references/roland.wav,ระหว่างนี้ ทัพไฮแซนต์จะได้จัดการกับกบฎในเกลนบรู๊ค โดยไม่ต้องกังวลสิ่งใด,,,PENDING_MANUAL_GENERATION,,triangle-strategy
558,MS18R_X40_C0_0010_M_RLN_0020.wav,MS18R_X40_C0_0010_M_RLN_0020,83,83,83,84,Roland,main,male,roland,assets/triangle-strategy/approved_voice_references/roland.wav,เรารู้ขอรับ แต่พวกเราตั้งใจจะมอบพรแห่งเทพธิดาแก่ชาวนอร์เซเลียทุกคนอย่างแท้จริง,,,PENDING_MANUAL_GENERATION,,triangle-strategy
559,MS18R_X40_C0_0010_M_RLN_0030.wav,MS18R_X40_C0_0010_M_RLN_0030,84,84,84,85,Roland,main,male,roland,assets/triangle-strategy/approved_voice_references/roland.wav,แด่เทพธิดา!,,,PENDING_MANUAL_GENERATION,,triangle-strategy
560,MS18R_X40_C0_0010_M_SEL_0010.wav,MS18R_X40_C0_0010_M_SEL_0010,85,85,85,86,Serenoa,main,male,serenoa,assets/triangle-strategy/approved_voice_references/serenoa.wav,แล้วทำไมไม่สู้พร้อมกันไปเลยทั้งสองทัพล่ะขอรับ?,,,PENDING_MANUAL_GENERATION,,triangle-strategy
561,MS18R_X40_C0_0010_M_SEL_0020.wav,MS18R_X40_C0_0010_M_SEL_0020,86,86,86,87,Serenoa,main,male,serenoa,assets/triangle-strategy/approved_voice_references/serenoa.wav,รัฐมนตรีโรแลนด์กับตระกูลวูล์ฟฟอร์ตจะมุ่งหน้าสู่ประตูแฝด,,,PENDING_MANUAL_GENERATION,,triangle-strategy
562,MS18R_X40_C0_0010_M_SEL_0030.wav,MS18R_X40_C0_0010_M_SEL_0030,87,87,87,88,Serenoa,main,male,serenoa,assets/triangle-strategy/approved_voice_references/serenoa.wav,เราจะยึดครองประตูแฝดและเมืองหลวงได้แน่นอน ข้ารับปาก,,,PENDING_MANUAL_GENERATION,,triangle-strategy
563,MS18R_X40_RESEARCH_01_BEFORE_M_BND_0010.wav,MS18R_X40_RESEARCH_01_BEFORE_M_BND_0010,88,88,88,89,Benedict,main,male,benedict,assets/triangle-strategy/approved_voice_references/benedict.wav,ศึกครั้งสุดท้ายใกล้เข้ามาแล้ว แต่เราต้องฝ่าประตูแฝดไปให้ได้เสียก่อน...,,,PENDING_MANUAL_GENERATION,,triangle-strategy
564,MS18R_X40_RESEARCH_01_BEFORE_M_BND_0020.wav,MS18R_X40_RESEARCH_01_BEFORE_M_BND_0020,89,89,89,90,Benedict,main,male,benedict,assets/triangle-strategy/approved_voice_references/benedict.wav,และมันจะยากกว่าศึกที่ผ่านมาเป็นแน่,,,PENDING_MANUAL_GENERATION,,triangle-strategy
565,MS18R_X40_RESEARCH_01_BEFORE_M_BND_0030.wav,MS18R_X40_RESEARCH_01_BEFORE_M_BND_0030,90,90,90,91,Benedict,main,male,benedict,assets/triangle-strategy/approved_voice_references/benedict.wav,แสดงว่าส่วนตัวแล้ว ท่านอยากให้สงครามมันยืดเยื้อมากกว่านี้งั้นเหรอ?,,,PENDING_MANUAL_GENERATION,,triangle-strategy
566,MS18R_X40_RESEARCH_01_BEFORE_M_BND_0040.wav,MS18R_X40_RESEARCH_01_BEFORE_M_BND_0040,91,91,91,92,Benedict,main,male,benedict,assets/triangle-strategy/approved_voice_references/benedict.wav,เหมือนว่าเราทุกคนจะตกลงกันได้แล้ว เรามาเตรียมปิดล้อมประตูแฝดกันเถอะ,,,PENDING_MANUAL_GENERATION,,triangle-strategy
567,MS18R_X40_RESEARCH_01_BEFORE_M_EGS_0010.wav,MS18R_X40_RESEARCH_01_BEFORE_M_EGS_0010,92,92,92,93,Exharme,npc,male,exharme,assets/triangle-strategy/approved_voice_references/exharme.wav,อย่ากลัวไปเลย ตราบใดที่เราร่วมมือกัน ประตูแฝดก็ขวางทางเราไม่ได้หรอก,,,PENDING_MANUAL_GENERATION,,triangle-strategy
568,MS18R_X40_RESEARCH_01_BEFORE_M_EGS_0020.wav,MS18R_X40_RESEARCH_01_BEFORE_M_EGS_0020,93,93,93,94,Exharme,npc,male,exharme,assets/triangle-strategy/approved_voice_references/exharme.wav,รัฐมนตรีแคมเซลล์เองคงรับมือปัญหาในเกลนบรู๊คได้อยู่หมัด เราจะได้ตั้งใจสู้ในศึกที่ต้องเผชิญยังไงล่ะ,,,PENDING_MANUAL_GENERATION,,triangle-strategy
569,MS18R_X40_RESEARCH_01_BEFORE_M_EGS_0030.wav,MS18R_X40_RESEARCH_01_BEFORE_M_EGS_0030,94,94,94,95,Exharme,npc,male,exharme,assets/triangle-strategy/approved_voice_references/exharme.wav,เรื่องอะไรเหรอ?,,,PENDING_MANUAL_GENERATION,,triangle-strategy
570,MS18R_X40_RESEARCH_01_BEFORE_M_EGS_0040.wav,MS18R_X40_RESEARCH_01_BEFORE_M_EGS_0040,95,95,95,96,Exharme,npc,male,exharme,assets/triangle-strategy/approved_voice_references/exharme.wav,...มันก็ใช่อยู่หรอก ข้าหวังจะใช้สงครามระหว่างอาณาจักรทั้งสาม เพื่อกำจัดความคิดหัวโบราณของอีดอร์ออกไป,,,PENDING_MANUAL_GENERATION,,triangle-strategy
571,MS18R_X40_RESEARCH_01_BEFORE_M_EGS_0050.wav,MS18R_X40_RESEARCH_01_BEFORE_M_EGS_0050,96,96,96,97,Exharme,npc,male,exharme,assets/triangle-strategy/approved_voice_references/exharme.wav,แต่ข้าไม่คิดว่ารัฐมนตรีโรแลนด์จะสละบัลลังก์ เพื่อรวมนอร์เซเลียเป็นหนึ่งเดียวกันนีน่า,,,PENDING_MANUAL_GENERATION,,triangle-strategy
572,MS18R_X40_RESEARCH_01_BEFORE_M_EGS_0060.wav,MS18R_X40_RESEARCH_01_BEFORE_M_EGS_0060,97,97,97,98,Exharme,npc,male,exharme,assets/triangle-strategy/approved_voice_references/exharme.wav,ล้มเลิกความคิดไปได้เลย ข้าเองก็อยากเห็นนอร์เซเลียสงบสุขเหมือนกับพวกท่าน,,,PENDING_MANUAL_GENERATION,,triangle-strategy
573,MS18R_X40_RESEARCH_01_BEFORE_M_EGS_0070.wav,MS18R_X40_RESEARCH_01_BEFORE_M_EGS_0070,98,98,98,99,Exharme,npc,male,exharme,assets/triangle-strategy/approved_voice_references/exharme.wav,แต่ข้าไม่ได้ต้องการหลอมรวมนอร์เซเลียเพียงอย่างเดียว ข้าอยากเป็นผู้นำทวีปด้วยเช่นกัน,,,PENDING_MANUAL_GENERATION,,triangle-strategy
574,MS18R_X40_RESEARCH_01_BEFORE_M_EGS_0080.wav,MS18R_X40_RESEARCH_01_BEFORE_M_EGS_0080,99,99,99,100,Exharme,npc,male,exharme,assets/triangle-strategy/approved_voice_references/exharme.wav,การจะดำรงตำแหน่งนั้น ข้าต้องโค่นล้มเอสฟรอสต์ให้ได้เสียก่อน...,,,PENDING_MANUAL_GENERATION,,triangle-strategy
575,MS18R_X40_RESEARCH_01_BEFORE_M_EGS_0090.wav,MS18R_X40_RESEARCH_01_BEFORE_M_EGS_0090,100,100,100,101,Exharme,npc,male,exharme,assets/triangle-strategy/approved_voice_references/exharme.wav,ไม่ใช่แค่นั้นหรอก,,,PENDING_MANUAL_GENERATION,,triangle-strategy
576,MS18R_X40_RESEARCH_01_BEFORE_M_EGS_0100.wav,MS18R_X40_RESEARCH_01_BEFORE_M_EGS_0100,101,101,101,102,Exharme,npc,male,exharme,assets/triangle-strategy/approved_voice_references/exharme.wav,พวกท่านทั้งสองยอมละทิ้งระบบการปกครองดั้งเดิมของเกลนบรู๊ค เพื่ออนาคตที่หลอมรวมกันของเรา,,,PENDING_MANUAL_GENERATION,,triangle-strategy
577,MS18R_X40_RESEARCH_01_BEFORE_M_EGS_0110.wav,MS18R_X40_RESEARCH_01_BEFORE_M_EGS_0110,102,102,102,103,Exharme,npc,male,exharme,assets/triangle-strategy/approved_voice_references/exharme.wav,ข้านับถือท่านจริงๆ หากเราร่วมมือกัน...ข้าเชื่อว่าเราสามารถปฏิรูประบอบโบราณของไฮแซนต์ได้แน่,,,PENDING_MANUAL_GENERATION,,triangle-strategy
578,MS18R_X40_RESEARCH_01_BEFORE_M_EGS_0120.wav,MS18R_X40_RESEARCH_01_BEFORE_M_EGS_0120,103,103,103,104,Exharme,npc,male,exharme,assets/triangle-strategy/approved_voice_references/exharme.wav,ข้าแค่พูดความจริงเท่านั้นเอง ข้าไม่ยอมให้ศักดิ์ศรีมาบังหน้าข้าหรอก,,,PENDING_MANUAL_GENERATION,,triangle-strategy
579,MS18R_X40_RESEARCH_01_BEFORE_M_RLN_0010.wav,MS18R_X40_RESEARCH_01_BEFORE_M_RLN_0010,104,104,104,105,Roland,main,male,roland,assets/triangle-strategy/approved_voice_references/roland.wav,นี่ท่านไม่ได้ตั้งใจจะมาแทงข้างหลังเราใช่ไหม?,,,PENDING_MANUAL_GENERATION,,triangle-strategy
580,MS18R_X40_RESEARCH_01_BEFORE_M_RLN_0020.wav,MS18R_X40_RESEARCH_01_BEFORE_M_RLN_0020,105,105,105,106,Roland,main,male,roland,assets/triangle-strategy/approved_voice_references/roland.wav,เข้าใจแล้ว ศึกครั้งหน้าพวกเราฝากท่านด้วยนะ,,,PENDING_MANUAL_GENERATION,,triangle-strategy
581,MS18R_X40_RESEARCH_01_BEFORE_M_SEL_0010.wav,MS18R_X40_RESEARCH_01_BEFORE_M_SEL_0010,106,106,106,107,Serenoa,main,male,serenoa,assets/triangle-strategy/approved_voice_references/serenoa.wav,...ก่อนอื่น รัฐมนตรีเอกซ์เฮม ข้าขอฟังความเห็นจริงๆของท่านหน่อยสิ,,,PENDING_MANUAL_GENERATION,,triangle-strategy
582,MS18R_X40_RESEARCH_01_BEFORE_M_SEL_0020.wav,MS18R_X40_RESEARCH_01_BEFORE_M_SEL_0020,107,107,107,108,Serenoa,main,male,serenoa,assets/triangle-strategy/approved_voice_references/serenoa.wav,ครั้งหนึ่งท่านเคยพูดไว้ว่า นอร์เซเลียไม่จำเป็นต้องมีการเปลี่ยนแปลงใด,,,PENDING_MANUAL_GENERATION,,triangle-strategy
583,MS18R_X40_RESEARCH_01_BEFORE_M_SEL_0030.wav,MS18R_X40_RESEARCH_01_BEFORE_M_SEL_0030,108,108,108,109,Serenoa,main,male,serenoa,assets/triangle-strategy/approved_voice_references/serenoa.wav,แต่ชัยชนะครั้งนี้จะทำให้นอร์เซเลียกลายเป็นหนึ่งเดียวกันภายใต้ระบอบการปกครองไฮแซนต์,,,PENDING_MANUAL_GENERATION,,triangle-strategy
584,MS18R_X40_RESEARCH_01_BEFORE_M_SEL_0040.wav,MS18R_X40_RESEARCH_01_BEFORE_M_SEL_0040,109,109,109,110,Serenoa,main,male,serenoa,assets/triangle-strategy/approved_voice_references/serenoa.wav,มันไม่ย้อนแย้งกับความต้องการของท่านเลยเหรอ?,,,PENDING_MANUAL_GENERATION,,triangle-strategy
585,MS18R_X40_RESEARCH_01_BEFORE_M_SEL_0050.wav,MS18R_X40_RESEARCH_01_BEFORE_M_SEL_0050,110,110,110,111,Serenoa,main,male,serenoa,assets/triangle-strategy/approved_voice_references/serenoa.wav,ท่านจึงมาร่วมสู้ เพื่อเพิ่มพูนชื่อเสียงของตนสินะ,,,PENDING_MANUAL_GENERATION,,triangle-strategy
586,MS18R_X40_RESEARCH_01_BEFORE_M_SEL_0060.wav,MS18R_X40_RESEARCH_01_BEFORE_M_SEL_0060,111,111,111,112,Serenoa,main,male,serenoa,assets/triangle-strategy/approved_voice_references/serenoa.wav,...ข้ายอมรับเลยนะ ไม่นึกว่าท่านจะเห็นศักยภาพของเราขนาดนี้,,,PENDING_MANUAL_GENERATION,,triangle-strategy
587,MS18R_X40_WD_0010_N_NNN_0010.wav,MS18R_X40_WD_0010_N_NNN_0010,112,112,112,113,Narrator,narrator,female,narrator,assets/triangle-strategy/approved_voice_references/narrator.wav,โรแลนด์ถูกแต่งตั้งเป็นผู้ศักดิ์สิทธิ์ เพื่อเป็นการตอบแทนสำหรับการถวายอาณาจักร และคริสตัลเกลือของเขาแก่ไฮแซนต์,,,PENDING_MANUAL_GENERATION,,triangle-strategy
588,MS18R_X40_WD_0010_N_NNN_0020.wav,MS18R_X40_WD_0010_N_NNN_0020,113,113,113,114,Narrator,narrator,female,narrator,assets/triangle-strategy/approved_voice_references/narrator.wav,รัฐศักดิ์สิทธิ์จึงร่วมมือกับเกลนบรู๊ค มุ่งหน้ารุกรานเอสฟรอสต์และหลอมรวมชาวนอร์เซเลียเข้าด้วยกัน เพื่อให้พวกเขาทุกคนอยู่ภายใต้บุญบารมีและพรของเทพธิดา,,,PENDING_MANUAL_GENERATION,,triangle-strategy
589,MS18R_X40_WD_0020_N_NNN_0010.wav,MS18R_X40_WD_0020_N_NNN_0010,114,114,114,115,Narrator,narrator,female,narrator,assets/triangle-strategy/approved_voice_references/narrator.wav,โรแลนด์ผู้ยอมก้มหัวต่อไฮแซนต์ ทำให้เกลนบรู๊คแตกแยกกัน,,,PENDING_MANUAL_GENERATION,,triangle-strategy
590,MS18R_X40_WD_0020_N_NNN_0020.wav,MS18R_X40_WD_0020_N_NNN_0020,115,115,115,116,Narrator,narrator,female,narrator,assets/triangle-strategy/approved_voice_references/narrator.wav,"เหล่าขุนนางผู้ไม่ยอมสละยศ
จึงรวมหัวกับชาวเมืองบางส่วนเพื่อลุกขึ้นปฏิวัติ",,,PENDING_MANUAL_GENERATION,,triangle-strategy
591,MS18R_X40_WD_0020_N_NNN_0030.wav,MS18R_X40_WD_0020_N_NNN_0030,116,116,116,117,Narrator,narrator,female,narrator,assets/triangle-strategy/approved_voice_references/narrator.wav,"ทางเอสฟรอสต์เองก็ส่งทหารมาสนับสนุน
เพื่อตัดกำลังทหารไฮแซนต์",,,PENDING_MANUAL_GENERATION,,triangle-strategy
592,MS18R_X40_WD_0020_N_NNN_0040.wav,MS18R_X40_WD_0020_N_NNN_0040,117,117,117,118,Narrator,narrator,female,narrator,assets/triangle-strategy/approved_voice_references/narrator.wav,รัฐศักดิ์สิทธิ์จึงตอบโต้ด้วยการแบ่งทัพออกเป็นสองฝ่าย : แคมเซลล์จะรับมือกับกบฎที่เกลนบรู๊ค...,,,PENDING_MANUAL_GENERATION,,triangle-strategy
593,MS18R_X40_WD_0020_N_NNN_0050.wav,MS18R_X40_WD_0020_N_NNN_0050,118,118,118,119,Narrator,narrator,female,narrator,assets/triangle-strategy/approved_voice_references/narrator.wav,ในขณะที่โรแลนด์ กับตระกูลวูล์ฟฟอร์ต และเอกซ์เฮม จะมุ่งหน้าไปยังประตูแฝด...อุปสรรคเดียวที่ขวางทางระหว่างพวกเขากับราชรัฐเอสฟรอสต์,,,PENDING_MANUAL_GENERATION,,triangle-strategy
594,MS18S_X42_B0_0010_M_GST_0010.wav,MS18S_X42_B0_0010_M_GST_0010,0,0,0,1,กุสตาดอล์ฟ,npc,male,gustadolph,assets/triangle-strategy/approved_voice_references/gustadolph.wav,พัฒนาปืนใหญ่เสียงสังเวยสำเร็จแล้วใช่ไหมขอรับ?,,,PENDING_MANUAL_GENERATION,,triangle-strategy
595,MS18S_X42_B0_0010_M_GST_0020.wav,MS18S_X42_B0_0010_M_GST_0020,1,1,1,2,กุสตาดอล์ฟ,npc,male,gustadolph,assets/triangle-strategy/approved_voice_references/gustadolph.wav,ทำดีมากขอรับท่านอา,,,PENDING_MANUAL_GENERATION,,triangle-strategy
596,MS18S_X42_B0_0010_M_GST_0030.wav,MS18S_X42_B0_0010_M_GST_0030,2,2,2,3,กุสตาดอล์ฟ,npc,male,gustadolph,assets/triangle-strategy/approved_voice_references/gustadolph.wav,ได้สิขอรับ เพื่อเป็นการขอบคุณ...ข้าขอแต่งตั้งให้ท่านเป็นนายกรัฐมนตรีแห่งเอสฟรอสต์,,,PENDING_MANUAL_GENERATION,,triangle-strategy
597,MS18S_X42_B0_0010_M_GST_0040.wav,MS18S_X42_B0_0010_M_GST_0040,3,3,3,4,กุสตาดอล์ฟ,npc,male,gustadolph,assets/triangle-strategy/approved_voice_references/gustadolph.wav,หืม เกรงว่าคงเป็นไปไม่ได้หรอกท่าน ซิคราส,,,PENDING_MANUAL_GENERATION,,triangle-strategy
598,MS18S_X42_B0_0010_M_GST_0050.wav,MS18S_X42_B0_0010_M_GST_0050,4,4,4,5,กุสตาดอล์ฟ,npc,male,gustadolph,assets/triangle-strategy/approved_voice_references/gustadolph.wav,ข้าขอปลดตำแหน่งนายกรัฐมนตรีของท่าน ณ บัดนี้ ท่านจะโดนขังคุกจนกว่าจะถูกตัดสินในวันข้างหน้า,,,PENDING_MANUAL_GENERATION,,triangle-strategy
599,MS18S_X42_B0_0010_M_GST_0060.wav,MS18S_X42_B0_0010_M_GST_0060,5,5,5,6,กุสตาดอล์ฟ,npc,male,gustadolph,assets/triangle-strategy/approved_voice_references/gustadolph.wav,ข้าไม่ปฏิเสธในความสำเร็จของท่านหรอก แต่หากท่านต้องการสู้คดี...ทางเราก็พร้อมจะรับฟัง,,,PENDING_MANUAL_GENERATION,,triangle-strategy
600,MS18S_X42_B0_0010_M_GST_0070.wav,MS18S_X42_B0_0010_M_GST_0070,6,6,6,7,กุสตาดอล์ฟ,npc,male,gustadolph,assets/triangle-strategy/approved_voice_references/gustadolph.wav,ระวังปากด้วยนะสวาร็อค ความเมตตาของข้ามันมีขีดจำกัด,,,PENDING_MANUAL_GENERATION,,triangle-strategy
601,MS18S_X42_B0_0010_M_GST_0080.wav,MS18S_X42_B0_0010_M_GST_0080,7,7,7,8,กุสตาดอล์ฟ,npc,male,gustadolph,assets/triangle-strategy/approved_voice_references/gustadolph.wav,นับตั้งแต่วันนี้เป็นต้นไป ข้าจะเป็นผู้ดูแลประตูแฝด,,,PENDING_MANUAL_GENERATION,,triangle-strategy
602,MS18S_X42_B0_0010_M_GST_0090.wav,MS18S_X42_B0_0010_M_GST_0090,8,8,8,9,กุสตาดอล์ฟ,npc,male,gustadolph,assets/triangle-strategy/approved_voice_references/gustadolph.wav,และข้าจะนำทัพเอสฟรอสต์เพื่อคว้าชัยชนะมาสู่เรา,,,PENDING_MANUAL_GENERATION,,triangle-strategy
603,MS18S_X42_B0_0010_M_GST_0100.wav,MS18S_X42_B0_0010_M_GST_0100,9,9,9,10,กุสตาดอล์ฟ,npc,male,gustadolph,assets/triangle-strategy/approved_voice_references/gustadolph.wav,เอาเขาไปขัง,,,PENDING_MANUAL_GENERATION,,triangle-strategy
604,MS18S_X42_B0_0010_M_SEC_0010.wav,MS18S_X42_B0_0010_M_SEC_0010,10,10,10,11,ซิคราส,npc,male,sycras,assets/triangle-strategy/approved_voice_references/sycras.wav,"""นายกรัฐมนตรี"" สวาร็อค เอสฟรอสต์ ท่านถูกกล่าวหาว่าลอบค้าเหลือผิดกฎหมายเพื่อประโยชน์ส่วนตน",,,PENDING_MANUAL_GENERATION,,triangle-strategy
605,MS18S_X42_B0_0010_M_SEC_0020.wav,MS18S_X42_B0_0010_M_SEC_0020,11,11,11,12,ซิคราส,npc,male,sycras,assets/triangle-strategy/approved_voice_references/sycras.wav,พวกเรารวบรวมหลักฐานบัญชีจากประตูแฝด ซึ่งบ่งชี้ถึงความผิดของท่านทั้งหมดเรียบร้อยแล้ว,,,PENDING_MANUAL_GENERATION,,triangle-strategy
606,MS18S_X42_B0_0010_M_SEC_0030.wav,MS18S_X42_B0_0010_M_SEC_0030,12,12,12,13,ซิคราส,npc,male,sycras,assets/triangle-strategy/approved_voice_references/sycras.wav,อย่าขัดขืนจะดีกว่าขอรับ,,,PENDING_MANUAL_GENERATION,,triangle-strategy
607,MS18S_X42_B0_0010_M_SVR_0010.wav,MS18S_X42_B0_0010_M_SVR_0010,13,13,13,14,สวาร็อค,npc,male,svarog,assets/triangle-strategy/approved_voice_references/svarog.wav,อืม ข้ากำลังส่งปืนใหญ่ไปที่ประตูแฝด,,,PENDING_MANUAL_GENERATION,,triangle-strategy
608,MS18S_X42_B0_0010_M_SVR_0020.wav,MS18S_X42_B0_0010_M_SVR_0020,14,14,14,15,สวาร็อค,npc,male,svarog,assets/triangle-strategy/approved_voice_references/svarog.wav,ใครที่คิดขวางทางข้าจะยิงทิ้งให้หมด จากนั้นค่อยไปทำลายโล่เทพธิดาต่อ,,,PENDING_MANUAL_GENERATION,,triangle-strategy
609,MS18S_X42_B0_0010_M_SVR_0030.wav,MS18S_X42_B0_0010_M_SVR_0030,15,15,15,16,สวาร็อค,npc,male,svarog,assets/triangle-strategy/approved_voice_references/svarog.wav,ข้าไม่ได้ต้องการคำชมจากเจ้า แล้วก็ช่วยทำตามสัญญาด้วย,,,PENDING_MANUAL_GENERATION,,triangle-strategy
610,MS18S_X42_B0_0010_M_SVR_0040.wav,MS18S_X42_B0_0010_M_SVR_0040,16,16,16,17,สวาร็อค,npc,male,svarog,assets/triangle-strategy/approved_voice_references/svarog.wav,เป็นเกียรติอย่างยิ่ง เรามาฝ่าฟันไปด้วยกันเถอะ กุสตาดอล์ฟ,,,PENDING_MANUAL_GENERATION,,triangle-strategy
611,MS18S_X42_B0_0010_M_SVR_0050.wav,MS18S_X42_B0_0010_M_SVR_0050,17,17,17,18,สวาร็อค,npc,male,svarog,assets/triangle-strategy/approved_voice_references/svarog.wav,นี่มันเรื่องบ้าอะไรกัน!?,,,PENDING_MANUAL_GENERATION,,triangle-strategy
612,MS18S_X42_B0_0010_M_SVR_0060.wav,MS18S_X42_B0_0010_M_SVR_0060,18,18,18,19,สวาร็อค,npc,male,svarog,assets/triangle-strategy/approved_voice_references/svarog.wav,ไอ้งูพิษ! แกวางแผนขโมยผลงานของข้าไปใช้เองตั้งแต่แรกเลยสินะ!,,,PENDING_MANUAL_GENERATION,,triangle-strategy
613,MS18S_X42_B0_0010_M_SVR_0070.wav,MS18S_X42_B0_0010_M_SVR_0070,19,19,19,20,สวาร็อค,npc,male,svarog,assets/triangle-strategy/approved_voice_references/svarog.wav,"ที่เจ้ามีปืนใหญ่ไว้ใช้มันไม่ได้เป็นเพราะ ""คดี"" ที่เจ้ากำลังกล่าวหาข้าอยู่หรือไง!? ข้าทำเพื่อเอสฟรอสต์ทั้งนั้น!",,,PENDING_MANUAL_GENERATION,,triangle-strategy
614,MS18S_X42_B0_0010_M_SVR_0080.wav,MS18S_X42_B0_0010_M_SVR_0080,20,20,20,21,สวาร็อค,npc,male,svarog,assets/triangle-strategy/approved_voice_references/svarog.wav,กุสตาดอล์ฟ...ข้ารู้ว่าเจ้าเป็นคนที่มีเล่ห์เหลี่ยม แต่ก็นึกไม่ถึงว่าจะใจดำขนาดที่หักหลังอาแท้ๆ ของตัวเอง,,,PENDING_MANUAL_GENERATION,,triangle-strategy
615,MS18S_X42_B0_0010_M_SVR_0090.wav,MS18S_X42_B0_0010_M_SVR_0090,21,21,21,22,สวาร็อค,npc,male,svarog,assets/triangle-strategy/approved_voice_references/svarog.wav,ข้าตาสว่างแล้ว ข้ารู้แล้วว่าใครเป็นคนสั่งเก็บลูกชายของข้า...,,,PENDING_MANUAL_GENERATION,,triangle-strategy
616,MS18S_X42_B0_0010_M_SVR_0100.wav,MS18S_X42_B0_0010_M_SVR_0100,22,22,22,23,สวาร็อค,npc,male,svarog,assets/triangle-strategy/approved_voice_references/svarog.wav,แม่งเอ๊ย... ไอ้...,,,PENDING_MANUAL_GENERATION,,triangle-strategy
617,MS18S_X42_B0_0010_M_SVR_0110.wav,MS18S_X42_B0_0010_M_SVR_0110,23,23,23,24,สวาร็อค,npc,male,svarog,assets/triangle-strategy/approved_voice_references/svarog.wav,ไอ้หลานทรพี! ไอ้ฆาตกร!,,,PENDING_MANUAL_GENERATION,,triangle-strategy
618,MS18S_X42_B0_0030_M_M351_0010.wav,MS18S_X42_B0_0030_M_M351_0010,24,24,24,25,ชายชาวเมือง / ทหาร / ผู้ติดตาม,generic,male,MALE_ADULT_B,assets/triangle-strategy/approved_voice_references/MALE_ADULT_B.wav,อ้ากกก!,,,PENDING_MANUAL_GENERATION,,triangle-strategy
619,MS18S_X42_B0_0030_M_RLN_0010.wav,MS18S_X42_B0_0030_M_RLN_0010,25,25,25,26,Roland,main,male,roland,assets/triangle-strategy/approved_voice_references/roland.wav,เรามาร่วมมือกันเพื่อขับไล่พวกมันออกไปเสียเถิด!,,,PENDING_MANUAL_GENERATION,,triangle-strategy
620,MS18S_X42_B0_0030_M_SVR_0010.wav,MS18S_X42_B0_0030_M_SVR_0010,26,26,26,27,สวาร็อค,npc,male,svarog,assets/triangle-strategy/approved_voice_references/svarog.wav,เสียงนั่น...ฝ่าบาทโรแลนด์! เขามาทำตามสัญญาสินะ อืม...,,,PENDING_MANUAL_GENERATION,,triangle-strategy
621,MS18S_X42_B0_0030_M_SVR_0020.wav,MS18S_X42_B0_0030_M_SVR_0020,27,27,27,28,สวาร็อค,npc,male,svarog,assets/triangle-strategy/approved_voice_references/svarog.wav,เฮ้ยเจ้า,,,PENDING_MANUAL_GENERATION,,triangle-strategy
622,MS18S_X42_B0_0030_M_SVR_0030.wav,MS18S_X42_B0_0030_M_SVR_0030,28,28,28,29,สวาร็อค,npc,male,svarog,assets/triangle-strategy/approved_voice_references/svarog.wav,อาจจะ...เจ็บนิดนึงนะ,,,PENDING_MANUAL_GENERATION,,triangle-strategy
623,MS18S_X42_B0_0030_M_SVR_0040.wav,MS18S_X42_B0_0030_M_SVR_0040,29,29,29,30,สวาร็อค,npc,male,svarog,assets/triangle-strategy/approved_voice_references/svarog.wav,ไอ้กุสตาดอล์ฟมันดูถูกข้าจนต้องส่งทหารไร้ฝีมือมาคอยเฝ้าเลยเหรอ,,,PENDING_MANUAL_GENERATION,,triangle-strategy
624,MS18S_X42_BATTLE_01_AFTER_M_GST_0010.wav,MS18S_X42_BATTLE_01_AFTER_M_GST_0010,30,30,30,31,กุสตาดอล์ฟ,npc,male,gustadolph,assets/triangle-strategy/approved_voice_references/gustadolph.wav,ไม่มี ข้าดำเนินชีวิตและสิ้นใจตามที่ข้าเห็นสมควร,,,PENDING_MANUAL_GENERATION,,triangle-strategy
625,MS18S_X42_BATTLE_01_AFTER_M_GST_0020.wav,MS18S_X42_BATTLE_01_AFTER_M_GST_0020,31,31,31,32,กุสตาดอล์ฟ,npc,male,gustadolph,assets/triangle-strategy/approved_voice_references/gustadolph.wav,เอาสิ ชำระแค้นให้ลูกของท่านเลย,,,PENDING_MANUAL_GENERATION,,triangle-strategy
626,MS18S_X42_BATTLE_01_AFTER_M_GST_0030.wav,MS18S_X42_BATTLE_01_AFTER_M_GST_0030,32,32,32,33,กุสตาดอล์ฟ,npc,male,gustadolph,assets/triangle-strategy/approved_voice_references/gustadolph.wav,แล้วพบกันใหม่ขอรับท่านอา,,,PENDING_MANUAL_GENERATION,,triangle-strategy
627,MS18S_X42_BATTLE_01_AFTER_M_RLN_0010.wav,MS18S_X42_BATTLE_01_AFTER_M_RLN_0010,33,33,33,34,Roland,main,male,roland,assets/triangle-strategy/approved_voice_references/roland.wav,ท่านแพ้แล้ว กุสตาดอล์ฟ,,,PENDING_MANUAL_GENERATION,,triangle-strategy
628,MS18S_X42_BATTLE_01_AFTER_M_RLN_0020.wav,MS18S_X42_BATTLE_01_AFTER_M_RLN_0020,34,34,34,35,Roland,main,male,roland,assets/triangle-strategy/approved_voice_references/roland.wav,มีอะไรจะสั่งเสียไหม?,,,PENDING_MANUAL_GENERATION,,triangle-strategy
629,MS18S_X42_BATTLE_01_AFTER_M_RLN_0030.wav,MS18S_X42_BATTLE_01_AFTER_M_RLN_0030,35,35,35,36,Roland,main,male,roland,assets/triangle-strategy/approved_voice_references/roland.wav,ก็ตามนั้น,,,PENDING_MANUAL_GENERATION,,triangle-strategy
630,MS18S_X42_BATTLE_01_AFTER_M_RLN_0040.wav,MS18S_X42_BATTLE_01_AFTER_M_RLN_0040,36,36,36,37,Roland,main,male,roland,assets/triangle-strategy/approved_voice_references/roland.wav,ตามใจท่านขอรับ,,,PENDING_MANUAL_GENERATION,,triangle-strategy
631,MS18S_X42_BATTLE_01_AFTER_M_RLN_0050.wav,MS18S_X42_BATTLE_01_AFTER_M_RLN_0050,37,37,37,38,Roland,main,male,roland,assets/triangle-strategy/approved_voice_references/roland.wav,ท่านพูดจริงเหรอ ลอร์ดสวาร็อค!?,,,PENDING_MANUAL_GENERATION,,triangle-strategy
632,MS18S_X42_BATTLE_01_AFTER_M_RLN_0060.wav,MS18S_X42_BATTLE_01_AFTER_M_RLN_0060,38,38,38,39,Roland,main,male,roland,assets/triangle-strategy/approved_voice_references/roland.wav,ขอบคุณนะ สหายข้า,,,PENDING_MANUAL_GENERATION,,triangle-strategy
633,MS18S_X42_BATTLE_01_AFTER_M_RLN_0070.wav,MS18S_X42_BATTLE_01_AFTER_M_RLN_0070,39,39,39,40,Roland,main,male,roland,assets/triangle-strategy/approved_voice_references/roland.wav,ถูกต้อง ก็แปลกดีนะ...ก่อนหน้านั้นเรากลัวสวาร็อคจนหัวหด แต่มันกลับกลายเป็นโชคดีของเราที่ได้พบเจอเขาซะได้,,,PENDING_MANUAL_GENERATION,,triangle-strategy
634,MS18S_X42_BATTLE_01_AFTER_M_RLN_0080.wav,MS18S_X42_BATTLE_01_AFTER_M_RLN_0080,40,40,40,41,Roland,main,male,roland,assets/triangle-strategy/approved_voice_references/roland.wav,และวันนี้ข้าก็ได้ชำระแค้นแล้ว,,,PENDING_MANUAL_GENERATION,,triangle-strategy
635,MS18S_X42_BATTLE_01_AFTER_M_SEL_0010.wav,MS18S_X42_BATTLE_01_AFTER_M_SEL_0010,41,41,41,42,Serenoa,main,male,serenoa,assets/triangle-strategy/approved_voice_references/serenoa.wav,อีกนิดเดียวเท่านั้น สหายข้า,,,PENDING_MANUAL_GENERATION,,triangle-strategy
636,MS18S_X42_BATTLE_01_AFTER_M_SVR_0010.wav,MS18S_X42_BATTLE_01_AFTER_M_SVR_0010,42,42,42,43,สวาร็อค,npc,male,svarog,assets/triangle-strategy/approved_voice_references/svarog.wav,เดี๋ยวก่อนขอรับฝ่าบาทโรแลนด์ ท่านเพิ่งได้ขึ้นครองราชย์ อย่าทำให้มือของท่านต้องแปดเปื้อนด้วยเหตุนี้เลย,,,PENDING_MANUAL_GENERATION,,triangle-strategy
637,MS18S_X42_BATTLE_01_AFTER_M_SVR_0020.wav,MS18S_X42_BATTLE_01_AFTER_M_SVR_0020,43,43,43,44,สวาร็อค,npc,male,svarog,assets/triangle-strategy/approved_voice_references/svarog.wav,ข้าขอทำเอง ข้าจะยุติเรื่องนี้ในนามแห่งเอสฟรอสต์,,,PENDING_MANUAL_GENERATION,,triangle-strategy
638,MS18S_X42_BATTLE_01_AFTER_M_SVR_0030.wav,MS18S_X42_BATTLE_01_AFTER_M_SVR_0030,44,44,44,45,สวาร็อค,npc,male,svarog,assets/triangle-strategy/approved_voice_references/svarog.wav,กุสตาดอล์ฟ เจ้าตัวคนเดียวมาโดยตลอด นั่นคือจุดอ่อนของเจ้า,,,PENDING_MANUAL_GENERATION,,triangle-strategy
639,MS18S_X42_BATTLE_01_AFTER_M_SVR_0040.wav,MS18S_X42_BATTLE_01_AFTER_M_SVR_0040,45,45,45,46,สวาร็อค,npc,male,svarog,assets/triangle-strategy/approved_voice_references/svarog.wav,...และอาจเป็นจุดแข็งด้วยเช่นกัน,,,PENDING_MANUAL_GENERATION,,triangle-strategy
640,MS18S_X42_BATTLE_01_AFTER_M_SVR_0050.wav,MS18S_X42_BATTLE_01_AFTER_M_SVR_0050,46,46,46,47,สวาร็อค,npc,male,svarog,assets/triangle-strategy/approved_voice_references/svarog.wav,บัดนี้กุสตาดอล์ฟได้ชดใช้ความผิดและจะไม่มีวันได้ก่อคดีอีก ส่วนข้าจะสืบบัลลังก์อาร์ชดยุกต่อจากเขาเอง,,,PENDING_MANUAL_GENERATION,,triangle-strategy
641,MS18S_X42_BATTLE_01_AFTER_M_SVR_0060.wav,MS18S_X42_BATTLE_01_AFTER_M_SVR_0060,47,47,47,48,สวาร็อค,npc,male,svarog,assets/triangle-strategy/approved_voice_references/svarog.wav,และข้าขอปฏิญาณว่าจะสนับสนุนเกลนบรู๊ค เพื่อมอบจุดจบแก่เผด็จการไฮแซนต์,,,PENDING_MANUAL_GENERATION,,triangle-strategy
642,MS18S_X42_BATTLE_01_AFTER_M_SVR_0070.wav,MS18S_X42_BATTLE_01_AFTER_M_SVR_0070,48,48,48,49,สวาร็อค,npc,male,svarog,assets/triangle-strategy/approved_voice_references/svarog.wav,ลูกข้ามีความใฝ่ฝันจะพัฒนาดินแดนของเรา หากเขายังมีชีวิตอยู่...ข้ามั่นใจว่าเขาจะสู้เคียงข้างท่านเช่นกัน,,,PENDING_MANUAL_GENERATION,,triangle-strategy
643,MS18S_X42_BATTLE_01_AFTER_M_SVR_0080.wav,MS18S_X42_BATTLE_01_AFTER_M_SVR_0080,49,49,49,50,สวาร็อค,npc,male,svarog,assets/triangle-strategy/approved_voice_references/svarog.wav,คำสั่งแรกของพวกเจ้าในวันนี้...ไปขนปืนใหญ่มาซะ! เราจะมุ่งหน้าไปยังโล่เทพธิดา!,,,PENDING_MANUAL_GENERATION,,triangle-strategy
644,MS18S_X42_BATTLE_01_AFTER_N_M412_0010.wav,MS18S_X42_BATTLE_01_AFTER_N_M412_0010,50,50,50,51,ชายชาวเมือง / ทหาร / ผู้ติดตาม,generic,male,MALE_YOUNG_A,assets/triangle-strategy/approved_voice_references/MALE_YOUNG_A.wav,ขอรับ!,,,PENDING_MANUAL_GENERATION,,triangle-strategy
645,MS18S_X42_BATTLE_01_BEFORE_M_GST_0010.wav,MS18S_X42_BATTLE_01_BEFORE_M_GST_0010,51,51,51,52,กุสตาดอล์ฟ,npc,male,gustadolph,assets/triangle-strategy/approved_voice_references/gustadolph.wav,...นั่นคือแผนของท่านสินะ เกลนบรู๊คกับวูล์ฟฟอร์ตยอมทุ่มหมดหน้าตักเพื่อต่อกรไฮแซนต์,,,PENDING_MANUAL_GENERATION,,triangle-strategy
646,MS18S_X42_BATTLE_01_BEFORE_M_GST_0020.wav,MS18S_X42_BATTLE_01_BEFORE_M_GST_0020,52,52,52,53,กุสตาดอล์ฟ,npc,male,gustadolph,assets/triangle-strategy/approved_voice_references/gustadolph.wav,ตอนนี้ข้ายอมรับว่าท่านมีโอกาสมากกว่าใคร การเปิดโปงศาสนาของพวกมันและปลุกปั่นชาวโรเซลล์ให้ก่อกบฎ...รัฐศักดิ์สิทธิ์คงเสียหายหนักเป็นแน่,,,PENDING_MANUAL_GENERATION,,triangle-strategy
647,MS18S_X42_BATTLE_01_BEFORE_M_GST_0030.wav,MS18S_X42_BATTLE_01_BEFORE_M_GST_0030,53,53,53,54,กุสตาดอล์ฟ,npc,male,gustadolph,assets/triangle-strategy/approved_voice_references/gustadolph.wav,ท่านจึงต้องการข้า...หรืออาจจะพูดว่าต้องการปืนใหญ่ของข้าสินะ คอร์เดเลียนี่ก็ปากโป้งเหลือเกิน,,,PENDING_MANUAL_GENERATION,,triangle-strategy
648,MS18S_X42_BATTLE_01_BEFORE_M_GST_0040.wav,MS18S_X42_BATTLE_01_BEFORE_M_GST_0040,54,54,54,55,กุสตาดอล์ฟ,npc,male,gustadolph,assets/triangle-strategy/approved_voice_references/gustadolph.wav,ช่างเป็นเป้าหมายอันสูงส่งยิ่งนัก... หากสงครามนี้จบลง ท่านจะทำอะไรกับคริสตัลเกลือต่อล่ะ?,,,PENDING_MANUAL_GENERATION,,triangle-strategy
649,MS18S_X42_BATTLE_01_BEFORE_M_GST_0050.wav,MS18S_X42_BATTLE_01_BEFORE_M_GST_0050,55,55,55,56,กุสตาดอล์ฟ,npc,male,gustadolph,assets/triangle-strategy/approved_voice_references/gustadolph.wav,งั้นเหรอ? เช่นนั้นเราคงเป็นหนี้ท่านาตลอดชีวิตแน่...,,,PENDING_MANUAL_GENERATION,,triangle-strategy
650,MS18S_X42_BATTLE_01_BEFORE_M_GST_0060.wav,MS18S_X42_BATTLE_01_BEFORE_M_GST_0060,56,56,56,57,กุสตาดอล์ฟ,npc,male,gustadolph,assets/triangle-strategy/approved_voice_references/gustadolph.wav,คงต้องการให้เรายอมคุกเข่าและสรรเสริญท่านสินะ? นั่นคือสิ่งที่ท่านหวังจากข้าใช่ไหม?,,,PENDING_MANUAL_GENERATION,,triangle-strategy
651,MS18S_X42_BATTLE_01_BEFORE_M_GST_0070.wav,MS18S_X42_BATTLE_01_BEFORE_M_GST_0070,57,57,57,58,กุสตาดอล์ฟ,npc,male,gustadolph,assets/triangle-strategy/approved_voice_references/gustadolph.wav,ท่านไม่คิดว่าข้าจะสังหารท่านแล้วยึดคริสตัลเกลือเป็นของตัวเองบ้างเลยเหรอ?,,,PENDING_MANUAL_GENERATION,,triangle-strategy
652,MS18S_X42_BATTLE_01_BEFORE_M_GST_0080.wav,MS18S_X42_BATTLE_01_BEFORE_M_GST_0080,58,58,58,59,กุสตาดอล์ฟ,npc,male,gustadolph,assets/triangle-strategy/approved_voice_references/gustadolph.wav,...ก็ได้ แต่ข้าขอเตือนสติของท่านสักหน่อย แผนการของท่านมันพังพินาศไปตั้งแต่ตอนที่ยอมร่วมมือ และให้ไฮแซนต์คุ้มกะลาหัวพวกท่านแล้ว,,,PENDING_MANUAL_GENERATION,,triangle-strategy
653,MS18S_X42_BATTLE_01_BEFORE_M_GST_0090.wav,MS18S_X42_BATTLE_01_BEFORE_M_GST_0090,59,59,59,60,กุสตาดอล์ฟ,npc,male,gustadolph,assets/triangle-strategy/approved_voice_references/gustadolph.wav,ท่านจะแปรพักตร์ไปอีกสักกี่หนกัน?,,,PENDING_MANUAL_GENERATION,,triangle-strategy
654,MS18S_X42_BATTLE_01_BEFORE_M_GST_0100.wav,MS18S_X42_BATTLE_01_BEFORE_M_GST_0100,60,60,60,61,กุสตาดอล์ฟ,npc,male,gustadolph,assets/triangle-strategy/approved_voice_references/gustadolph.wav,อีกอย่างหนึ่ง ข้าเป็นคนสังหารพ่อของท่าน...จะให้ข้าไว้ใจลูกชายของเขาจริงเหรอ?,,,PENDING_MANUAL_GENERATION,,triangle-strategy
655,MS18S_X42_BATTLE_01_BEFORE_M_GST_0110.wav,MS18S_X42_BATTLE_01_BEFORE_M_GST_0110,61,61,61,62,กุสตาดอล์ฟ,npc,male,gustadolph,assets/triangle-strategy/approved_voice_references/gustadolph.wav,เช่นนั้นท่านช่วยตอบมาตามตรงเสียเถิด ท่านไม่อยากจะล้างแค้นให้พ่อของท่านเลยเหรอ?,,,PENDING_MANUAL_GENERATION,,triangle-strategy
656,MS18S_X42_BATTLE_01_BEFORE_M_GST_0120.wav,MS18S_X42_BATTLE_01_BEFORE_M_GST_0120,62,62,62,63,กุสตาดอล์ฟ,npc,male,gustadolph,assets/triangle-strategy/approved_voice_references/gustadolph.wav,ฮ่าๆๆ! ช่างดีเลิศเสียจริง! ครอบครัวตัวเองถูกทำลายแท้ๆ แต่ท่านกลับสนองคืนด้วยการให้อภัยเนี่ยนะ?,,,PENDING_MANUAL_GENERATION,,triangle-strategy
657,MS18S_X42_BATTLE_01_BEFORE_M_GST_0130.wav,MS18S_X42_BATTLE_01_BEFORE_M_GST_0130,63,63,63,64,กุสตาดอล์ฟ,npc,male,gustadolph,assets/triangle-strategy/approved_voice_references/gustadolph.wav,ข้าชื่นชมในจุดยืนของท่านเสียจริง ข้าเริ่มจะเชื่อท่านซะแล้วสิ,,,PENDING_MANUAL_GENERATION,,triangle-strategy
658,MS18S_X42_BATTLE_01_BEFORE_M_GST_0140.wav,MS18S_X42_BATTLE_01_BEFORE_M_GST_0140,64,64,64,65,กุสตาดอล์ฟ,npc,male,gustadolph,assets/triangle-strategy/approved_voice_references/gustadolph.wav,เอาล่ะ นี่คือคำตอบของข้า...ในฐานะอาร์ชดยุกแห่งเอสฟรอสต์,,,PENDING_MANUAL_GENERATION,,triangle-strategy
659,MS18S_X42_BATTLE_01_BEFORE_M_GST_0150.wav,MS18S_X42_BATTLE_01_BEFORE_M_GST_0150,65,65,65,66,กุสตาดอล์ฟ,npc,male,gustadolph,assets/triangle-strategy/approved_voice_references/gustadolph.wav,...ข้าขอปฏิเสธ,,,PENDING_MANUAL_GENERATION,,triangle-strategy
660,MS18S_X42_BATTLE_01_BEFORE_M_GST_0160.wav,MS18S_X42_BATTLE_01_BEFORE_M_GST_0160,66,66,66,67,กุสตาดอล์ฟ,npc,male,gustadolph,assets/triangle-strategy/approved_voice_references/gustadolph.wav,ข้าเป็นผู้ค้นพบคริสตัลเกลือ ข้าต่างหากคือผู้กำหนดว่าใครสมควรได้รับมัน,,,PENDING_MANUAL_GENERATION,,triangle-strategy
661,MS18S_X42_BATTLE_01_BEFORE_M_GST_0170.wav,MS18S_X42_BATTLE_01_BEFORE_M_GST_0170,67,67,67,68,กุสตาดอล์ฟ,npc,male,gustadolph,assets/triangle-strategy/approved_voice_references/gustadolph.wav,ท่านกล้าแอบอ้างในสิ่งที่ข้าค้นพบราวกับว่ามันเป็นของตนเอง ความอวดดีของท่านต้องสนองคืนด้วยความตาย,,,PENDING_MANUAL_GENERATION,,triangle-strategy
662,MS18S_X42_BATTLE_01_BEFORE_M_GST_0180.wav,MS18S_X42_BATTLE_01_BEFORE_M_GST_0180,68,68,68,69,กุสตาดอล์ฟ,npc,male,gustadolph,assets/triangle-strategy/approved_voice_references/gustadolph.wav,ท่านอาแหกคุกมาได้งั้นเหรอ? หากท่านยอมเชื่อฟังอีกสักนิด...ข้าก็คงจะไว้ชีวิตท่านแล้ว,,,PENDING_MANUAL_GENERATION,,triangle-strategy
663,MS18S_X42_BATTLE_01_BEFORE_M_GST_0190.wav,MS18S_X42_BATTLE_01_BEFORE_M_GST_0190,69,69,69,70,กุสตาดอล์ฟ,npc,male,gustadolph,assets/triangle-strategy/approved_voice_references/gustadolph.wav,เอาแต่พล่ามอยู่นั่นแหละ จับขังแปปเดียวถึงขั้นเสียสติเลยเหรอ,,,PENDING_MANUAL_GENERATION,,triangle-strategy
664,MS18S_X42_BATTLE_01_BEFORE_M_GST_0200.wav,MS18S_X42_BATTLE_01_BEFORE_M_GST_0200,70,70,70,71,กุสตาดอล์ฟ,npc,male,gustadolph,assets/triangle-strategy/approved_voice_references/gustadolph.wav,ผู้ที่ถูกกล่าวหา...มักแสดงออกโดยไม่ยั้งคิดเสียจริง,,,PENDING_MANUAL_GENERATION,,triangle-strategy
665,MS18S_X42_BATTLE_01_BEFORE_M_GST_0210.wav,MS18S_X42_BATTLE_01_BEFORE_M_GST_0210,71,71,71,72,กุสตาดอล์ฟ,npc,male,gustadolph,assets/triangle-strategy/approved_voice_references/gustadolph.wav,ซิคราส สวาร็อคกำลังร่วมมือกับข้าศึก ฆ่าเขาซะ,,,PENDING_MANUAL_GENERATION,,triangle-strategy
666,MS18S_X42_BATTLE_01_BEFORE_M_GST_0220.wav,MS18S_X42_BATTLE_01_BEFORE_M_GST_0220,72,72,72,73,กุสตาดอล์ฟ,npc,male,gustadolph,assets/triangle-strategy/approved_voice_references/gustadolph.wav,ไอ้โง่นี่...สติล่องลอยไปหมดแล้วเหรอ!? ก็บอกให้ฆ่าลอร์ดสวาร็อคเดี๋ยวนี้ไงเล่า!,,,PENDING_MANUAL_GENERATION,,triangle-strategy
667,MS18S_X42_BATTLE_01_BEFORE_M_GST_0230.wav,MS18S_X42_BATTLE_01_BEFORE_M_GST_0230,73,73,73,74,กุสตาดอล์ฟ,npc,male,gustadolph,assets/triangle-strategy/approved_voice_references/gustadolph.wav,ข้าไม่เก็บพวกที่ขัดขืนไว้หรอก,,,PENDING_MANUAL_GENERATION,,triangle-strategy
668,MS18S_X42_BATTLE_01_BEFORE_M_M396_0010.wav,MS18S_X42_BATTLE_01_BEFORE_M_M396_0010,74,74,74,75,ชายชาวเมือง / ทหาร / ผู้ติดตาม,generic,male,MALE_ADULT_C,assets/triangle-strategy/approved_voice_references/MALE_ADULT_C.wav,ตอนที่ข่าวการเสียชีวิตของน้องมาถึงหูเขา... เขาแทบไม่รู้สึกอะไรด้วยซ้ำ,,,PENDING_MANUAL_GENERATION,,triangle-strategy
669,MS18S_X42_BATTLE_01_BEFORE_M_M397_0010.wav,MS18S_X42_BATTLE_01_BEFORE_M_M397_0010,75,75,75,76,ชายชาวเมือง / ทหาร / ผู้ติดตาม,generic,male,MALE_YOUNG_A,assets/triangle-strategy/approved_voice_references/MALE_YOUNG_A.wav,การต่อสู้ทั้งหมดที่ผ่านมา...เราทำเพื่ออะไร? มือของเรายังเปื้อนเลือดเกลนบรู๊คกันไม่พอใช่ไหม?,,,PENDING_MANUAL_GENERATION,,triangle-strategy
670,MS18S_X42_BATTLE_01_BEFORE_M_RLN_0010.wav,MS18S_X42_BATTLE_01_BEFORE_M_RLN_0010,76,76,76,77,Roland,main,male,roland,assets/triangle-strategy/approved_voice_references/roland.wav,แต่การเผด็จศึกนั้นจำเป็นต้องทำลายโล่เทพธิดาเสียก่อน ต่อให้มีทหารอีกสิบกองทัพก็คงทำลายมันไม่ได้,,,PENDING_MANUAL_GENERATION,,triangle-strategy
671,MS18S_X42_BATTLE_01_BEFORE_M_RLN_0020.wav,MS18S_X42_BATTLE_01_BEFORE_M_RLN_0020,77,77,77,78,Roland,main,male,roland,assets/triangle-strategy/approved_voice_references/roland.wav,ถูกต้องแล้วล่ะ ซึ่งขณะนี้ก็มีการปะทะเกิดขึ้นในแคว้นวูล์ฟฟอร์ต,,,PENDING_MANUAL_GENERATION,,triangle-strategy
672,MS18S_X42_BATTLE_01_BEFORE_M_RLN_0030.wav,MS18S_X42_BATTLE_01_BEFORE_M_RLN_0030,78,78,78,79,Roland,main,male,roland,assets/triangle-strategy/approved_voice_references/roland.wav,เวลาของเราใกล้หมดลงแล้ว โปรดช่วยเราด้วยเถิด...อาร์ชดยุกกุสตาดอล์ฟ เราจะได้โค่นล้มเผด็จการไฮแซนต์ไปด้วยกัน,,,PENDING_MANUAL_GENERATION,,triangle-strategy
673,MS18S_X42_BATTLE_01_BEFORE_M_RLN_0040.wav,MS18S_X42_BATTLE_01_BEFORE_M_RLN_0040,79,79,79,80,Roland,main,male,roland,assets/triangle-strategy/approved_voice_references/roland.wav,ข้าจะนำไปแจกจ่ายชาวนอร์เซเลียทุกคน รวมถึงเอสฟรอสต์ด้วย,,,PENDING_MANUAL_GENERATION,,triangle-strategy
674,MS18S_X42_BATTLE_01_BEFORE_M_RLN_0050.wav,MS18S_X42_BATTLE_01_BEFORE_M_RLN_0050,80,80,80,81,Roland,main,male,roland,assets/triangle-strategy/approved_voice_references/roland.wav,หากตอนนี้ท่านทำได้ก็คงลงมือไปแล้วล่ะ กำลังพลเอสฟรอสต์ตอนนี้ไม่เพียงพอในการต่อกรไฮแซนต์ด้วยซ้ำ,,,PENDING_MANUAL_GENERATION,,triangle-strategy
675,MS18S_X42_BATTLE_01_BEFORE_M_RLN_0060.wav,MS18S_X42_BATTLE_01_BEFORE_M_RLN_0060,81,81,81,82,Roland,main,male,roland,assets/triangle-strategy/approved_voice_references/roland.wav,อีกอย่างท่านคงรู้ดี ถึงแม้ท่านจะมีกองทัพเต็มกำลัง...แต่ท่านคงต่อกรพวกเขาไม่ได้โดยปราศจากการสนับสนุนจากเกลนบรู๊ค,,,PENDING_MANUAL_GENERATION,,triangle-strategy
676,MS18S_X42_BATTLE_01_BEFORE_M_RLN_0070.wav,MS18S_X42_BATTLE_01_BEFORE_M_RLN_0070,82,82,82,83,Roland,main,male,roland,assets/triangle-strategy/approved_voice_references/roland.wav,ก็...หากมีสิ่งใดที่ข้าสามารถทำเพื่อซื้อใจท่าน ขอโปรดชี้แนะข้าด้วย,,,PENDING_MANUAL_GENERATION,,triangle-strategy
677,MS18S_X42_BATTLE_01_BEFORE_M_RLN_0080.wav,MS18S_X42_BATTLE_01_BEFORE_M_RLN_0080,83,83,83,84,Roland,main,male,roland,assets/triangle-strategy/approved_voice_references/roland.wav,ข้าอยากล้างแค้นเอสฟรอสต์เหนือสิ่งอื่นใด,,,PENDING_MANUAL_GENERATION,,triangle-strategy
678,MS18S_X42_BATTLE_01_BEFORE_M_RLN_0090.wav,MS18S_X42_BATTLE_01_BEFORE_M_RLN_0090,84,84,84,85,Roland,main,male,roland,assets/triangle-strategy/approved_voice_references/roland.wav,แต่ข้าต้องละทิ้งความแค้นในอดีต เพื่ออนาคตอันสดใสของเรา,,,PENDING_MANUAL_GENERATION,,triangle-strategy
679,MS18S_X42_BATTLE_01_BEFORE_M_RLN_0100.wav,MS18S_X42_BATTLE_01_BEFORE_M_RLN_0100,85,85,85,86,Roland,main,male,roland,assets/triangle-strategy/approved_voice_references/roland.wav,มันคือหนทางเดียว...มันคือเส้นทางที่เทียงธรรม,,,PENDING_MANUAL_GENERATION,,triangle-strategy
680,MS18S_X42_BATTLE_01_BEFORE_M_RLN_0110.wav,MS18S_X42_BATTLE_01_BEFORE_M_RLN_0110,86,86,86,87,Roland,main,male,roland,assets/triangle-strategy/approved_voice_references/roland.wav,หา!? ทำไมกันล่ะ!?,,,PENDING_MANUAL_GENERATION,,triangle-strategy
681,MS18S_X42_BATTLE_01_BEFORE_M_RLN_0120.wav,MS18S_X42_BATTLE_01_BEFORE_M_RLN_0120,87,87,87,88,Roland,main,male,roland,assets/triangle-strategy/approved_voice_references/roland.wav,ลอร์ดสวาร็อค!?,,,PENDING_MANUAL_GENERATION,,triangle-strategy
682,MS18S_X42_BATTLE_01_BEFORE_M_RLN_0130.wav,MS18S_X42_BATTLE_01_BEFORE_M_RLN_0130,88,88,88,89,Roland,main,male,roland,assets/triangle-strategy/approved_voice_references/roland.wav,ข้าขอสู้เคียงข้างท่านเช่นกัน ลอร์ดสวาร็อค!,,,PENDING_MANUAL_GENERATION,,triangle-strategy
683,MS18S_X42_BATTLE_01_BEFORE_M_RLN_0140.wav,MS18S_X42_BATTLE_01_BEFORE_M_RLN_0140,89,89,89,90,Roland,main,male,roland,assets/triangle-strategy/approved_voice_references/roland.wav,สหายเอ๋ย! วันนี้เราจะพิชิตเผด็จการอาร์ชดยุก พร้อมรักษาอนาคตของเราไว้!,,,PENDING_MANUAL_GENERATION,,triangle-strategy
684,MS18S_X42_BATTLE_01_BEFORE_M_SEC_0010.wav,MS18S_X42_BATTLE_01_BEFORE_M_SEC_0010,90,90,90,91,ซิคราส,npc,male,sycras,assets/triangle-strategy/approved_voice_references/sycras.wav,แสดงว่าท่านจงใจหลอกพวกเราทุกคน แล้วให้เราไปสู้ศึกด้วยเหตุผลที่ท่านกุขึ้นมาสินะ,,,PENDING_MANUAL_GENERATION,,triangle-strategy
685,MS18S_X42_BATTLE_01_BEFORE_M_SEC_0020.wav,MS18S_X42_BATTLE_01_BEFORE_M_SEC_0020,91,91,91,92,ซิคราส,npc,male,sycras,assets/triangle-strategy/approved_voice_references/sycras.wav,ตอบคำถามข้าก่อนขอรับ สรุปเกลนบรู๊คเป็นคนสั่งเก็บลอร์ดดราแกนจริงหรือเปล่า?,,,PENDING_MANUAL_GENERATION,,triangle-strategy
686,MS18S_X42_BATTLE_01_BEFORE_M_SEC_0030.wav,MS18S_X42_BATTLE_01_BEFORE_M_SEC_0030,92,92,92,93,ซิคราส,npc,male,sycras,assets/triangle-strategy/approved_voice_references/sycras.wav,...ไม่ขอรับ หากท่านเชื่อมั่นในหลักเสรีภาพจริงๆ เขาสมควรจะถูกตัดสินด้วยข้อเท็จจริง,,,PENDING_MANUAL_GENERATION,,triangle-strategy
687,MS18S_X42_BATTLE_01_BEFORE_M_SEC_0040.wav,MS18S_X42_BATTLE_01_BEFORE_M_SEC_0040,93,93,93,94,ซิคราส,npc,male,sycras,assets/triangle-strategy/approved_voice_references/sycras.wav,...อ้ากกก!,,,PENDING_MANUAL_GENERATION,,triangle-strategy
688,MS18S_X42_BATTLE_01_BEFORE_M_SEC_0050.wav,MS18S_X42_BATTLE_01_BEFORE_M_SEC_0050,94,94,94,95,ซิคราส,npc,male,sycras,assets/triangle-strategy/approved_voice_references/sycras.wav,นายท่าน... ทำอะไรของท่าน...?,,,PENDING_MANUAL_GENERATION,,triangle-strategy
689,MS18S_X42_BATTLE_01_BEFORE_M_SEL_0010.wav,MS18S_X42_BATTLE_01_BEFORE_M_SEL_0010,95,95,95,96,Serenoa,main,male,serenoa,assets/triangle-strategy/approved_voice_references/serenoa.wav,ตามฝ่าบาทไป!,,,PENDING_MANUAL_GENERATION,,triangle-strategy
690,MS18S_X42_BATTLE_01_BEFORE_M_SVR_0010.wav,MS18S_X42_BATTLE_01_BEFORE_M_SVR_0010,96,96,96,97,สวาร็อค,npc,male,svarog,assets/triangle-strategy/approved_voice_references/svarog.wav,ปลิ้นปล้อนเหลือเกิน! ดราแกนต่างหากคือผู้ค้นพบคริสตัลเกลือ ลูกข้าโว้ย!,,,PENDING_MANUAL_GENERATION,,triangle-strategy
691,MS18S_X42_BATTLE_01_BEFORE_M_SVR_0020.wav,MS18S_X42_BATTLE_01_BEFORE_M_SVR_0020,97,97,97,98,สวาร็อค,npc,male,svarog,assets/triangle-strategy/approved_voice_references/svarog.wav,หุบปากไปเลย! เจ้าสั่งเก็บดราแกนแล้วขโมยคริสตัลเกลือเพื่อสนองความต้องการมิรู้สิ้นของตน!,,,PENDING_MANUAL_GENERATION,,triangle-strategy
692,MS18S_X42_BATTLE_01_BEFORE_M_SVR_0030.wav,MS18S_X42_BATTLE_01_BEFORE_M_SVR_0030,98,98,98,99,สวาร็อค,npc,male,svarog,assets/triangle-strategy/approved_voice_references/svarog.wav,จนถึงขั้นที่เจ้ากล้ากล่าวหาเกลนบรู๊คขนาดนี้ เจ้ามันทรามเหลือเกิน!,,,PENDING_MANUAL_GENERATION,,triangle-strategy
693,MS18S_X42_BATTLE_01_BEFORE_M_SVR_0040.wav,MS18S_X42_BATTLE_01_BEFORE_M_SVR_0040,99,99,99,100,สวาร็อค,npc,male,svarog,assets/triangle-strategy/approved_voice_references/svarog.wav,หนวกหูโว้ย! แผนของแกมันเกินเยียวยาแล้ว!,,,PENDING_MANUAL_GENERATION,,triangle-strategy
694,MS18S_X42_BATTLE_01_BEFORE_M_SVR_0050.wav,MS18S_X42_BATTLE_01_BEFORE_M_SVR_0050,100,100,100,101,สวาร็อค,npc,male,svarog,assets/triangle-strategy/approved_voice_references/svarog.wav,ตัวเจ้าเองก็ไม่ชอบเวลาที่มีคนแย่งชิงสิ่งที่เจ้าครอบครอง แต่ตัวเองดันทะลึ่งไปแย่งผลงานคนอื่นมาเป็นของตนซะได้,,,PENDING_MANUAL_GENERATION,,triangle-strategy
695,MS18S_X42_BATTLE_01_BEFORE_M_SVR_0060.wav,MS18S_X42_BATTLE_01_BEFORE_M_SVR_0060,101,101,101,102,สวาร็อค,npc,male,svarog,assets/triangle-strategy/approved_voice_references/svarog.wav,ลูกข้าก็มีเป้าหมาย แต่เจ้าหลอกใช้และสังหารเขา!,,,PENDING_MANUAL_GENERATION,,triangle-strategy
696,MS18S_X42_BATTLE_01_BEFORE_M_SVR_0070.wav,MS18S_X42_BATTLE_01_BEFORE_M_SVR_0070,102,102,102,103,สวาร็อค,npc,male,svarog,assets/triangle-strategy/approved_voice_references/svarog.wav,และเจ้าก็จะทำเช่นนั้นกับข้าเหมือนกันเมื่อข้าหมดประโยชน์,,,PENDING_MANUAL_GENERATION,,triangle-strategy
697,MS18S_X42_BATTLE_01_BEFORE_M_SVR_0080.wav,MS18S_X42_BATTLE_01_BEFORE_M_SVR_0080,103,103,103,104,สวาร็อค,npc,male,svarog,assets/triangle-strategy/approved_voice_references/svarog.wav,ถึงคราวของแกแล้ว กุสตาดอล์ฟ,,,PENDING_MANUAL_GENERATION,,triangle-strategy
698,MS18S_X42_BATTLE_01_BEFORE_M_SVR_0090.wav,MS18S_X42_BATTLE_01_BEFORE_M_SVR_0090,104,104,104,105,สวาร็อค,npc,male,svarog,assets/triangle-strategy/approved_voice_references/svarog.wav,นอกจากข้ากับพรรคพวกของข้าแล้ว ธาลาส เอริก้า รวมถึงเฟรเดอริก้าเองล้วนตกเป็นเหยื่อของเจ้า...,,,PENDING_MANUAL_GENERATION,,triangle-strategy
699,MS18S_X42_BATTLE_01_BEFORE_M_SVR_0100.wav,MS18S_X42_BATTLE_01_BEFORE_M_SVR_0100,105,105,105,106,สวาร็อค,npc,male,svarog,assets/triangle-strategy/approved_voice_references/svarog.wav,เมื่อใดที่หมากในเกมของเจ้าสิ้นประโยชน์ เจ้าก็จะเฉดหัวพวกเขาทิ้ง,,,PENDING_MANUAL_GENERATION,,triangle-strategy
700,MS18S_X42_BATTLE_01_BEFORE_M_SVR_0110.wav,MS18S_X42_BATTLE_01_BEFORE_M_SVR_0110,106,106,106,107,สวาร็อค,npc,male,svarog,assets/triangle-strategy/approved_voice_references/svarog.wav,"ชอบพูดถึง ""เสรีภาพ"" มากนักไม่ใช่เหรอ ข้าคิดว่ามันน่าจะเป็นเสรีภาพในการสนองสุขเพื่ออำนาจของตัวเจ้าเองเสียมากกว่า!",,,PENDING_MANUAL_GENERATION,,triangle-strategy
701,MS18S_X42_BATTLE_01_BEFORE_M_SVR_0120.wav,MS18S_X42_BATTLE_01_BEFORE_M_SVR_0120,107,107,107,108,สวาร็อค,npc,male,svarog,assets/triangle-strategy/approved_voice_references/svarog.wav,ทหารผู้รับใช้เอสฟรอสต์เอ๋ย! จงดูปิศาจที่ยืนอยู่เบื้องหน้าพวกเจ้าเสียเถิด!,,,PENDING_MANUAL_GENERATION,,triangle-strategy
702,MS18S_X42_BATTLE_01_BEFORE_M_SVR_0130.wav,MS18S_X42_BATTLE_01_BEFORE_M_SVR_0130,108,108,108,109,สวาร็อค,npc,male,svarog,assets/triangle-strategy/approved_voice_references/svarog.wav,เจ้าขุดหลุมฝังศพตัวเองนะกุสตาดอล์ฟ เจ้าเผยธาตุแท้ออกมาแล้ว,,,PENDING_MANUAL_GENERATION,,triangle-strategy
703,MS18S_X42_BATTLE_01_BEFORE_M_SVR_0140.wav,MS18S_X42_BATTLE_01_BEFORE_M_SVR_0140,109,109,109,110,สวาร็อค,npc,male,svarog,assets/triangle-strategy/approved_voice_references/svarog.wav,ต้องมีคนมาสยบสัตว์ร้ายอย่างเจ้า!,,,PENDING_MANUAL_GENERATION,,triangle-strategy
704,MS18S_X42_BATTLE_01_BEFORE_M_SVR_0150.wav,MS18S_X42_BATTLE_01_BEFORE_M_SVR_0150,110,110,110,111,สวาร็อค,npc,male,svarog,assets/triangle-strategy/approved_voice_references/svarog.wav,ฝ่าบาทโรแลนด์ ข้าขออยู่เคียงข้างท่าน! คำมั่นที่ข้าเคยให้...ข้าจะรักษามันไว้เอง,,,PENDING_MANUAL_GENERATION,,triangle-strategy
705,MS18S_X42_BATTLE_01_DRAMA_F_ABR_0010.wav,MS18S_X42_BATTLE_01_DRAMA_F_ABR_0010,111,111,111,112,Avlora,npc,female,avlora,assets/triangle-strategy/approved_voice_references/avlora.wav,ข้าไม่ลืมบุญคุณหรอก นั่นจึงเป็นเหตุผลที่ข้าต้องหยุดท่าน,,,PENDING_MANUAL_GENERATION,,triangle-strategy
706,MS18S_X42_BATTLE_01_DRAMA_F_CRD_0010.wav,MS18S_X42_BATTLE_01_DRAMA_F_CRD_0010,112,112,112,113,Cordelia,npc,female,cordelia,assets/triangle-strategy/approved_voice_references/cordelia.wav,หากตอนนั้นข้าแข็งแกร่งมากพอ ข้าคงหยุดเจ้าด้วยตัวเองไปแล้ว,,,PENDING_MANUAL_GENERATION,,triangle-strategy
707,MS18S_X42_BATTLE_01_DRAMA_F_CRD_0020.wav,MS18S_X42_BATTLE_01_DRAMA_F_CRD_0020,113,113,113,114,Cordelia,npc,female,cordelia,assets/triangle-strategy/approved_voice_references/cordelia.wav,เจ้าทะนงตนเกินกว่าจะเห็นความดีของผู้อื่น น่าผิดหวังที่เจ้าคิดไม่ได้,,,PENDING_MANUAL_GENERATION,,triangle-strategy
708,MS18S_X42_BATTLE_01_DRAMA_F_GUR_0010.wav,MS18S_X42_BATTLE_01_DRAMA_F_GUR_0010,114,114,114,115,โกรมา,npc,female,groma,assets/triangle-strategy/approved_voice_references/groma.wav,มันจบแล้วกุสตาดอล์ฟ ข้าไม่อยากพูดอะไรมาก...เพียงแต่จะจบชีวิตเจ้าอย่างเงียบๆ ก็เท่านั้น,,,PENDING_MANUAL_GENERATION,,triangle-strategy
709,MS18S_X42_BATTLE_01_DRAMA_F_HEW_0010.wav,MS18S_X42_BATTLE_01_DRAMA_F_HEW_0010,115,115,115,116,Hughette,main,female,hughette,assets/triangle-strategy/approved_voice_references/hughette.wav,ข้ามีนามว่า ฮิวเอทท์ บัคคลา แห่งทหารองครักษ์เกลนบรู๊ค!,,,PENDING_MANUAL_GENERATION,,triangle-strategy
710,MS18S_X42_BATTLE_01_DRAMA_F_HEW_0020.wav,MS18S_X42_BATTLE_01_DRAMA_F_HEW_0020,116,116,116,117,Hughette,main,female,hughette,assets/triangle-strategy/approved_voice_references/hughette.wav,ท่านต้องชดใช้ความผิดที่ก่อไว้ต่อประเทศชาติและกษัตริย์ของข้า!,,,PENDING_MANUAL_GENERATION,,triangle-strategy
711,MS18S_X42_BATTLE_01_DRAMA_F_HOS_0010.wav,MS18S_X42_BATTLE_01_DRAMA_F_HOS_0010,117,117,117,118,ฮอสซาบาร่า,npc,female,hossabara,assets/triangle-strategy/approved_voice_references/hossabara.wav,อุตส่าห์พูดจาซะใหญ่โต แต่สุดท้ายก็สนใจแค่ตัวเอง!,,,PENDING_MANUAL_GENERATION,,triangle-strategy
712,MS18S_X42_BATTLE_01_DRAMA_F_HOS_0020.wav,MS18S_X42_BATTLE_01_DRAMA_F_HOS_0020,118,118,118,119,ฮอสซาบาร่า,npc,female,hossabara,assets/triangle-strategy/approved_voice_references/hossabara.wav,เดี๋ยวเจ้าก็รู้ว่าข้าเป็นใคร ข้าจะมอบบทเรียนสุดท้ายก่อนสิ้นลมให้เจ้าเอง!,,,PENDING_MANUAL_GENERATION,,triangle-strategy
713,MS18S_X42_BATTLE_01_DRAMA_F_YRA_0010.wav,MS18S_X42_BATTLE_01_DRAMA_F_YRA_0010,119,119,119,120,Geela,main,female,geela,assets/triangle-strategy/approved_voice_references/geela.wav,ท่านกำลังรับกรรมที่ตัวเองก่อไว้นะกุสตาดอล์ฟ ท่านพลาดตั้งแต่ตอนเดินหมากแรกแล้ว,,,PENDING_MANUAL_GENERATION,,triangle-strategy
714,MS18S_X42_BATTLE_01_DRAMA_F_YRA_0020.wav,MS18S_X42_BATTLE_01_DRAMA_F_YRA_0020,120,120,120,121,Geela,main,female,geela,assets/triangle-strategy/approved_voice_references/geela.wav,ท่านส่งข้ากับเฟรเดอริก้าเพื่อไปต่อกรกับตระกูลวูล์ฟฟอร์ตในภายหลัง สรุปแล้วตอนนี้แผนของท่านสำเร็จหรือเปล่า?,,,PENDING_MANUAL_GENERATION,,triangle-strategy
715,MS18S_X42_BATTLE_01_DRAMA_F_YRA_0030.wav,MS18S_X42_BATTLE_01_DRAMA_F_YRA_0030,121,121,121,122,Geela,main,female,geela,assets/triangle-strategy/approved_voice_references/geela.wav,ท่านเห็นทุกคนเป็นเพียงสิ่งของ ท่านสมควรจะชี้นำพวกเขา,,,PENDING_MANUAL_GENERATION,,triangle-strategy
716,MS18S_X42_BATTLE_01_DRAMA_F_YRA_0040.wav,MS18S_X42_BATTLE_01_DRAMA_F_YRA_0040,122,122,122,123,Geela,main,female,geela,assets/triangle-strategy/approved_voice_references/geela.wav,ข้าไม่ยอมให้ท่านข่มเหงรังแกใครอีกแล้ว!,,,PENDING_MANUAL_GENERATION,,triangle-strategy
717,MS18S_X42_BATTLE_01_DRAMA_M_FLA_0010.wav,MS18S_X42_BATTLE_01_DRAMA_M_FLA_0010,123,123,123,124,แฟลนาแกน,npc,male,flanagan,assets/triangle-strategy/approved_voice_references/flanagan.wav,กุสตาดอล์ฟ...การปกครองของท่านเป็นพิษภัยต่อดินแดนแห่งนี้ คงเป็นเวลาอันสมควรที่จะถอนรากถอนโคนมันออกไปแล้วล่ะ,,,PENDING_MANUAL_GENERATION,,triangle-strategy
718,MS18S_X42_BATTLE_01_DRAMA_M_GST_0010.wav,MS18S_X42_BATTLE_01_DRAMA_M_GST_0010,124,124,124,125,กุสตาดอล์ฟ,npc,male,gustadolph,assets/triangle-strategy/approved_voice_references/gustadolph.wav,ผู้ใดกล้าขัดขืนจะไม่มีวันได้เห็นแสงตะวันอีก! บุก!,,,PENDING_MANUAL_GENERATION,,triangle-strategy
719,MS18S_X42_BATTLE_01_DRAMA_M_GST_0020.wav,MS18S_X42_BATTLE_01_DRAMA_M_GST_0020,125,125,125,126,กุสตาดอล์ฟ,npc,male,gustadolph,assets/triangle-strategy/approved_voice_references/gustadolph.wav,ชายแก่สิ้นหวังผู้นี้ช่างขี้บ่นเสียจริง แล้วท่านจะเสียใจที่ริอาจอวดดีกับข้า... ข้าจะทำให้มันจบโดยเร็ว ข้าสัญญา,,,PENDING_MANUAL_GENERATION,,triangle-strategy
720,MS18S_X42_BATTLE_01_DRAMA_M_GST_0030.wav,MS18S_X42_BATTLE_01_DRAMA_M_GST_0030,126,126,126,127,กุสตาดอล์ฟ,npc,male,gustadolph,assets/triangle-strategy/approved_voice_references/gustadolph.wav,โรแลนด์ พวกเราจะบรรลุเป้าหมายได้ด้วยความรุนแรง...แค่คำพูดและเหตุผลมันช่วยอะไรไม่ได้หรอก,,,PENDING_MANUAL_GENERATION,,triangle-strategy
721,MS18S_X42_BATTLE_01_DRAMA_M_GST_0040.wav,MS18S_X42_BATTLE_01_DRAMA_M_GST_0040,127,127,127,128,กุสตาดอล์ฟ,npc,male,gustadolph,assets/triangle-strategy/approved_voice_references/gustadolph.wav,ข้าอุตส่าห์สั่งสอนโดยให้พ่อและพี่ของท่านเป็นตัวอย่างแล้ว สงสัยมันคงไม่พอสำหรับท่านสินะ,,,PENDING_MANUAL_GENERATION,,triangle-strategy
722,MS18S_X42_BATTLE_01_DRAMA_M_GST_0050.wav,MS18S_X42_BATTLE_01_DRAMA_M_GST_0050,128,128,128,129,กุสตาดอล์ฟ,npc,male,gustadolph,assets/triangle-strategy/approved_voice_references/gustadolph.wav,เซเรโนอา วูล์ฟฟอร์ต...เจ้าคือคนที่ทำให้โรแลนด์ใจอ่อนใช่ไหม? ข้าประทับใจเหลือเกิน,,,PENDING_MANUAL_GENERATION,,triangle-strategy
723,MS18S_X42_BATTLE_01_DRAMA_M_GST_0060.wav,MS18S_X42_BATTLE_01_DRAMA_M_GST_0060,129,129,129,130,กุสตาดอล์ฟ,npc,male,gustadolph,assets/triangle-strategy/approved_voice_references/gustadolph.wav,สุนัขรับใช้ของเจ้ามันเอาแต่พล่ามถึงสันติภาพและความเจริญ แต่ข้าสัมผัสได้ว่าเจ้ามีเจตนาแอบแฝง,,,PENDING_MANUAL_GENERATION,,triangle-strategy
724,MS18S_X42_BATTLE_01_DRAMA_M_GST_0070.wav,MS18S_X42_BATTLE_01_DRAMA_M_GST_0070,130,130,130,131,กุสตาดอล์ฟ,npc,male,gustadolph,assets/triangle-strategy/approved_voice_references/gustadolph.wav,และข้าไม่มีวันให้ลอร์ดอย่างเจ้ามาขวางทางข้าหรอกนะ!,,,PENDING_MANUAL_GENERATION,,triangle-strategy
725,MS18S_X42_BATTLE_01_DRAMA_M_GST_0080.wav,MS18S_X42_BATTLE_01_DRAMA_M_GST_0080,131,131,131,132,กุสตาดอล์ฟ,npc,male,gustadolph,assets/triangle-strategy/approved_voice_references/gustadolph.wav,ไปตายซะก็ดีนะอัฟโลร่า เจ้าไม่ควรเลือกอยู่ข้างพวกมันเลย,,,PENDING_MANUAL_GENERATION,,triangle-strategy
726,MS18S_X42_BATTLE_01_DRAMA_M_GST_0090.wav,MS18S_X42_BATTLE_01_DRAMA_M_GST_0090,132,132,132,133,กุสตาดอล์ฟ,npc,male,gustadolph,assets/triangle-strategy/approved_voice_references/gustadolph.wav,เจ้าทำให้ประวัติศาสตร์ชาติเรามีมลทินด้วยการทรยศ ให้ข้าได้ลงโทษเจ้าอย่างสาสมเสียเถิด,,,PENDING_MANUAL_GENERATION,,triangle-strategy
727,MS18S_X42_BATTLE_01_DRAMA_M_GST_0100.wav,MS18S_X42_BATTLE_01_DRAMA_M_GST_0100,133,133,133,134,กุสตาดอล์ฟ,npc,male,gustadolph,assets/triangle-strategy/approved_voice_references/gustadolph.wav,แล้วเจ้าจะเสียใจที่กล้าหันอาวุธเข้าหาข้า,,,PENDING_MANUAL_GENERATION,,triangle-strategy
728,MS18S_X42_BATTLE_01_DRAMA_M_GST_0110.wav,MS18S_X42_BATTLE_01_DRAMA_M_GST_0110,134,134,134,135,กุสตาดอล์ฟ,npc,male,gustadolph,assets/triangle-strategy/approved_voice_references/gustadolph.wav,แทนที่จะยอมจำนนแต่โดยดี น่าเสียดายที่คนโง่มันใช้สมองเลือกวิธีที่เหมาะสมไม่ได้,,,PENDING_MANUAL_GENERATION,,triangle-strategy
729,MS18S_X42_BATTLE_01_DRAMA_M_GST_0120.wav,MS18S_X42_BATTLE_01_DRAMA_M_GST_0120,135,135,135,136,กุสตาดอล์ฟ,npc,male,gustadolph,assets/triangle-strategy/approved_voice_references/gustadolph.wav,ช่างโง่เขลาเหลือเกิน ตอนนี้เจ้าก็เป็นได้แค่หมากในเกมของข้า,,,PENDING_MANUAL_GENERATION,,triangle-strategy
730,MS18S_X42_BATTLE_01_DRAMA_M_GST_0130.wav,MS18S_X42_BATTLE_01_DRAMA_M_GST_0130,136,136,136,137,กุสตาดอล์ฟ,npc,male,gustadolph,assets/triangle-strategy/approved_voice_references/gustadolph.wav,และตอนนี้คงถึงเวลาที่จะทิ้งหมากไร้ประโยชน์แล้ว,,,PENDING_MANUAL_GENERATION,,triangle-strategy
731,MS18S_X42_BATTLE_01_DRAMA_M_GST_0140.wav,MS18S_X42_BATTLE_01_DRAMA_M_GST_0140,137,137,137,138,กุสตาดอล์ฟ,npc,male,gustadolph,assets/triangle-strategy/approved_voice_references/gustadolph.wav,คนต่ำต้อยอย่างเจ้าคงเข้าไม่ถึงการเสียสละของผู้มีอำนาจหรอก รำคาญหูเสียจริง,,,PENDING_MANUAL_GENERATION,,triangle-strategy
732,MS18S_X42_BATTLE_01_DRAMA_M_GST_0150.wav,MS18S_X42_BATTLE_01_DRAMA_M_GST_0150,138,138,138,139,กุสตาดอล์ฟ,npc,male,gustadolph,assets/triangle-strategy/approved_voice_references/gustadolph.wav,เกิดเป็นทหารมันต้องจับดาบ ไม่ใช่พิพากษาคนอื่นเช่นนี้ ข้าจะสอนให้เจ้ารู้ที่ต่ำที่สูง,,,PENDING_MANUAL_GENERATION,,triangle-strategy
733,MS18S_X42_BATTLE_01_DRAMA_M_GST_0160.wav,MS18S_X42_BATTLE_01_DRAMA_M_GST_0160,139,139,139,140,กุสตาดอล์ฟ,npc,male,gustadolph,assets/triangle-strategy/approved_voice_references/gustadolph.wav,แต่ตอนนี้เจ้าก็ไม่ได้แข็งแกร่งขึ้นเลย แค่แสร้งทำเหมือนว่าตัวเองเก่งขึ้นไม่ใช่เหรอ?,,,PENDING_MANUAL_GENERATION,,triangle-strategy
734,MS18S_X42_BATTLE_01_DRAMA_M_GST_0170.wav,MS18S_X42_BATTLE_01_DRAMA_M_GST_0170,140,140,140,141,กุสตาดอล์ฟ,npc,male,gustadolph,assets/triangle-strategy/approved_voice_references/gustadolph.wav,แล้วเจ้าเป็นใครกัน? แมลงวันน่ารำคาญอีกตัวหนึ่งงั้นรึ,,,PENDING_MANUAL_GENERATION,,triangle-strategy
735,MS18S_X42_BATTLE_01_DRAMA_M_GST_0180.wav,MS18S_X42_BATTLE_01_DRAMA_M_GST_0180,141,141,141,142,กุสตาดอล์ฟ,npc,male,gustadolph,assets/triangle-strategy/approved_voice_references/gustadolph.wav,เดี๋ยวได้รู้กันโกรม่า หมดวันนี้เมื่อไหร่...เจ้าอาจจะนึกเสียใจที่ไม่ใช่ชีวิตบั้นปลายอย่างเงียบๆก็ได้,,,PENDING_MANUAL_GENERATION,,triangle-strategy
736,MS18S_X42_BATTLE_01_DRAMA_M_GST_0190.wav,MS18S_X42_BATTLE_01_DRAMA_M_GST_0190,142,142,142,143,กุสตาดอล์ฟ,npc,male,gustadolph,assets/triangle-strategy/approved_voice_references/gustadolph.wav,หอกอรุณยังไม่ตายสินะ,,,PENDING_MANUAL_GENERATION,,triangle-strategy
737,MS18S_X42_BATTLE_01_DRAMA_M_GST_0200.wav,MS18S_X42_BATTLE_01_DRAMA_M_GST_0200,143,143,143,144,กุสตาดอล์ฟ,npc,male,gustadolph,assets/triangle-strategy/approved_voice_references/gustadolph.wav,กุสตาดอล์ฟ เอสฟรอสต์ เพิ่งจะอุ่นเครื่องเอง... เจ้านั่นแหละจะได้ตายที่นี่!,,,PENDING_MANUAL_GENERATION,,triangle-strategy
738,MS18S_X42_BATTLE_01_DRAMA_M_GST_0210.wav,MS18S_X42_BATTLE_01_DRAMA_M_GST_0210,144,144,144,145,กุสตาดอล์ฟ,npc,male,gustadolph,assets/triangle-strategy/approved_voice_references/gustadolph.wav,ไม่จริง... เป็นไปไม่ได้...,,,PENDING_MANUAL_GENERATION,,triangle-strategy
739,MS18S_X42_BATTLE_01_DRAMA_M_MAX_0010.wav,MS18S_X42_BATTLE_01_DRAMA_M_MAX_0010,145,145,145,146,Maxwell,npc,male,maxwell,assets/triangle-strategy/approved_voice_references/maxwell.wav,ถูกต้องแล้ว โชคชะตาได้ดึงข้าขึ้นมาพบเจอกับท่าน เพื่อให้ข้ามอบชีวิตที่ดีกว่าให้ผู้อื่น,,,PENDING_MANUAL_GENERATION,,triangle-strategy
740,MS18S_X42_BATTLE_01_DRAMA_M_MAX_0020.wav,MS18S_X42_BATTLE_01_DRAMA_M_MAX_0020,146,146,146,147,Maxwell,npc,male,maxwell,assets/triangle-strategy/approved_voice_references/maxwell.wav,ข้าจะได้ชำระแค้นให้เกลนบรู๊ค เตรียมตัวตายเสียเถอะ กุสตาดอล์ฟ!,,,PENDING_MANUAL_GENERATION,,triangle-strategy
741,MS18S_X42_BATTLE_01_DRAMA_M_RLN_0010.wav,MS18S_X42_BATTLE_01_DRAMA_M_RLN_0010,147,147,147,148,Roland,main,male,roland,assets/triangle-strategy/approved_voice_references/roland.wav,เตรียมอาวุธให้พร้อม! บุก!,,,PENDING_MANUAL_GENERATION,,triangle-strategy
742,MS18S_X42_BATTLE_01_DRAMA_M_RLN_0020.wav,MS18S_X42_BATTLE_01_DRAMA_M_RLN_0020,148,148,148,149,Roland,main,male,roland,assets/triangle-strategy/approved_voice_references/roland.wav,ข้าอยากฆ่าเจ้าใจจะขาด กุสตาดอล์ฟ ไม่ว่ากี่วันคืนจะผ่านไป...แต่ใจข้ายังอยากแก้แค้นเช่นเดิม,,,PENDING_MANUAL_GENERATION,,triangle-strategy
743,MS18S_X42_BATTLE_01_DRAMA_M_RLN_0030.wav,MS18S_X42_BATTLE_01_DRAMA_M_RLN_0030,149,149,149,150,Roland,main,male,roland,assets/triangle-strategy/approved_voice_references/roland.wav,แต่ตอนนี้...ข้ากลับไม่รู้สึกอะไรแล้ว ข้าแค่อยากให้มันจบลงเสียที,,,PENDING_MANUAL_GENERATION,,triangle-strategy
744,MS18S_X42_BATTLE_01_DRAMA_M_RLN_0040.wav,MS18S_X42_BATTLE_01_DRAMA_M_RLN_0040,150,150,150,151,Roland,main,male,roland,assets/triangle-strategy/approved_voice_references/roland.wav,โอย...! ข้าต้องถอนตัวก่อน... ขอโทษด้วยนะ,,,PENDING_MANUAL_GENERATION,,triangle-strategy
745,MS18S_X42_BATTLE_01_DRAMA_M_SEL_0010.wav,MS18S_X42_BATTLE_01_DRAMA_M_SEL_0010,151,151,151,152,Serenoa,main,male,serenoa,assets/triangle-strategy/approved_voice_references/serenoa.wav,จำไว้ว่าเรายืนเคียงข้างความยุติธรรม!,,,PENDING_MANUAL_GENERATION,,triangle-strategy
746,MS18S_X42_BATTLE_01_DRAMA_M_SEL_0020.wav,MS18S_X42_BATTLE_01_DRAMA_M_SEL_0020,152,152,152,153,Serenoa,main,male,serenoa,assets/triangle-strategy/approved_voice_references/serenoa.wav,โรแลนด์ละทิ้งความแค้นด้วยตัวของเขาเองต่างหาก มันคือวิธีเดียวที่นอร์เซเลียจะพบกับสันติสุข,,,PENDING_MANUAL_GENERATION,,triangle-strategy
747,MS18S_X42_BATTLE_01_DRAMA_M_SVR_0010.wav,MS18S_X42_BATTLE_01_DRAMA_M_SVR_0010,153,153,153,154,สวาร็อค,npc,male,svarog,assets/triangle-strategy/approved_voice_references/svarog.wav,วันนี้พวกเราจะซ่อมแซมเอสฟรอสต์ที่บิดเบี้ยวด้วยน้ำมือของเจ้า,,,PENDING_MANUAL_GENERATION,,triangle-strategy
748,MS18S_X42_BATTLE_01_DRAMA_M_SVR_0020.wav,MS18S_X42_BATTLE_01_DRAMA_M_SVR_0020,154,154,154,155,สวาร็อค,npc,male,svarog,assets/triangle-strategy/approved_voice_references/svarog.wav,ความอหังการของเจ้ามันเกินเลยไปมากแล้ว วันนี้ชดใช้กรรมเสียเถอะ!,,,PENDING_MANUAL_GENERATION,,triangle-strategy
749,MS18S_X42_BATTLE_01_DRAMA_M_SVR_0030.wav,MS18S_X42_BATTLE_01_DRAMA_M_SVR_0030,155,155,155,156,สวาร็อค,npc,male,svarog,assets/triangle-strategy/approved_voice_references/svarog.wav,หากข้ายังชำระแค้นให้ลูกไม่ได้...ข้าจะไม่ขอตายที่นี่! เจ้าต้องถูกสยบใต้บาทาข้า!,,,PENDING_MANUAL_GENERATION,,triangle-strategy
750,MS18S_X42_BATTLE_01_DRAMA_M_SVR_0040.wav,MS18S_X42_BATTLE_01_DRAMA_M_SVR_0040,156,156,156,157,สวาร็อค,npc,male,svarog,assets/triangle-strategy/approved_voice_references/svarog.wav,โอย... ข้าต้องถอนตัว...,,,PENDING_MANUAL_GENERATION,,triangle-strategy
751,MS18S_X42_BATTLE_01_DRAMA_M_SVR_0050.wav,MS18S_X42_BATTLE_01_DRAMA_M_SVR_0050,157,157,157,158,สวาร็อค,npc,male,svarog,assets/triangle-strategy/approved_voice_references/svarog.wav,มันจบแล้ว กุสตาดอล์ฟ,,,PENDING_MANUAL_GENERATION,,triangle-strategy
752,MS18S_X42_RESEARCH_01_AFTER_M_GST_0010.wav,MS18S_X42_RESEARCH_01_AFTER_M_GST_0010,158,158,158,159,กุสตาดอล์ฟ,npc,male,gustadolph,assets/triangle-strategy/approved_voice_references/gustadolph.wav,ยินดีต้อนรับนะฝ่าบาท...เสียดายที่ข้าไม่รู้ว่าท่านจะมา มิเช่นนั้นข้าคงเตรียมต้อนรับท่านอย่างดี,,,PENDING_MANUAL_GENERATION,,triangle-strategy
753,MS18S_X42_RESEARCH_01_AFTER_M_GST_0020.wav,MS18S_X42_RESEARCH_01_AFTER_M_GST_0020,159,159,159,160,กุสตาดอล์ฟ,npc,male,gustadolph,assets/triangle-strategy/approved_voice_references/gustadolph.wav,อ๋อ เกรงว่าท่านคงไม่ได้เจอเขา... พอดีมีการทรยศกันนิดหน่อย,,,PENDING_MANUAL_GENERATION,,triangle-strategy
754,MS18S_X42_RESEARCH_01_AFTER_M_RLN_0010.wav,MS18S_X42_RESEARCH_01_AFTER_M_RLN_0010,160,160,160,161,Roland,main,male,roland,assets/triangle-strategy/approved_voice_references/roland.wav,ถึงประตูแฝดแล้วสินะ,,,PENDING_MANUAL_GENERATION,,triangle-strategy
755,MS18S_X42_RESEARCH_01_AFTER_M_RLN_0020.wav,MS18S_X42_RESEARCH_01_AFTER_M_RLN_0020,161,161,161,162,Roland,main,male,roland,assets/triangle-strategy/approved_voice_references/roland.wav,ข้าจะประกาศให้พวกเขาทราบว่าเรามาดี ทุกคนถอยไป,,,PENDING_MANUAL_GENERATION,,triangle-strategy
756,MS18S_X42_RESEARCH_01_AFTER_M_RLN_0030.wav,MS18S_X42_RESEARCH_01_AFTER_M_RLN_0030,162,162,162,163,Roland,main,male,roland,assets/triangle-strategy/approved_voice_references/roland.wav,ข้าโรแลนด์ เกลนบรู๊ค...กษัตริย์แห่งเกลนบรู๊ค! ข้าต้องการพบลอร์ดสวาร็อค!,,,PENDING_MANUAL_GENERATION,,triangle-strategy
757,MS18S_X42_RESEARCH_01_AFTER_M_RLN_0040.wav,MS18S_X42_RESEARCH_01_AFTER_M_RLN_0040,163,163,163,164,Roland,main,male,roland,assets/triangle-strategy/approved_voice_references/roland.wav,ขณะนี้ไฮแซนต์กำลังมุ่งหน้าสู่เหมืองนอร์เซเลีย พวกมันต้องการพรากคริสตัลเกลือที่ถูกค้นพบไปจากเรา,,,PENDING_MANUAL_GENERATION,,triangle-strategy
758,MS18S_X42_RESEARCH_01_AFTER_M_RLN_0050.wav,MS18S_X42_RESEARCH_01_AFTER_M_RLN_0050,164,164,164,165,Roland,main,male,roland,assets/triangle-strategy/approved_voice_references/roland.wav,หากเราไม่ดับฝันของพวกมัน...นอร์เซเลียจะกลายเป็นทาสเทพธิดาทั้งทวีปเป็นแน่,,,PENDING_MANUAL_GENERATION,,triangle-strategy
759,MS18S_X42_RESEARCH_01_AFTER_M_RLN_0060.wav,MS18S_X42_RESEARCH_01_AFTER_M_RLN_0060,165,165,165,166,Roland,main,male,roland,assets/triangle-strategy/approved_voice_references/roland.wav,ข้าไม่ยอมให้เกิดชะตาเช่นนั้นกับเกลนบรู๊ค และข้าเชื่อว่าเอสฟรอสต์ก็คิดเช่นเดียวกับข้า เรามาร่วมมือกันเพื่อขับไล่พวกมันออกไปเสียเถิด!,,,PENDING_MANUAL_GENERATION,,triangle-strategy
760,MS18S_X42_RESEARCH_01_AFTER_M_RLN_0070.wav,MS18S_X42_RESEARCH_01_AFTER_M_RLN_0070,166,166,166,167,Roland,main,male,roland,assets/triangle-strategy/approved_voice_references/roland.wav,กุสตาดอล์ฟ! เจ้ามาทำอะไรที่นี่เนี่ย? แล้วสวาร็อคล่ะ!?,,,PENDING_MANUAL_GENERATION,,triangle-strategy
761,MS18S_X42_RESEARCH_01_AFTER_M_SEL_0010.wav,MS18S_X42_RESEARCH_01_AFTER_M_SEL_0010,167,167,167,168,Serenoa,main,male,serenoa,assets/triangle-strategy/approved_voice_references/serenoa.wav,ดูแลตัวเองด้วยนะสหายข้า,,,PENDING_MANUAL_GENERATION,,triangle-strategy
762,MS18S_X42_RESEARCH_01_BEFORE_M_RLN_0010.wav,MS18S_X42_RESEARCH_01_BEFORE_M_RLN_0010,168,168,168,169,Roland,main,male,roland,assets/triangle-strategy/approved_voice_references/roland.wav,...เริ่มค่ำแล้ว,,,PENDING_MANUAL_GENERATION,,triangle-strategy
763,MS18S_X42_RESEARCH_01_BEFORE_M_RLN_0020.wav,MS18S_X42_RESEARCH_01_BEFORE_M_RLN_0020,169,169,169,170,Roland,main,male,roland,assets/triangle-strategy/approved_voice_references/roland.wav,เส้นทางข้างหน้าค่อนข้างอันตราย เราพักที่นี่กันก่อนเถอะนะ,,,PENDING_MANUAL_GENERATION,,triangle-strategy
764,MS18S_X42_RESEARCH_01_BEFORE_M_RLN_0030.wav,MS18S_X42_RESEARCH_01_BEFORE_M_RLN_0030,170,170,170,171,Roland,main,male,roland,assets/triangle-strategy/approved_voice_references/roland.wav,อืม,,,PENDING_MANUAL_GENERATION,,triangle-strategy
765,MS18S_X42_RESEARCH_01_BEFORE_M_RLN_0040.wav,MS18S_X42_RESEARCH_01_BEFORE_M_RLN_0040,171,171,171,172,Roland,main,male,roland,assets/triangle-strategy/approved_voice_references/roland.wav,เราจะพักกันที่นี่,,,PENDING_MANUAL_GENERATION,,triangle-strategy
766,MS18S_X42_RESEARCH_01_BEFORE_M_RLN_0050.wav,MS18S_X42_RESEARCH_01_BEFORE_M_RLN_0050,172,172,172,173,Roland,main,male,roland,assets/triangle-strategy/approved_voice_references/roland.wav,พรุ่งนี้เราจะไปเจรจากับลอร์ดสวาร็อคผู้ดูแลประตูแฝด,,,PENDING_MANUAL_GENERATION,,triangle-strategy
767,MS18S_X42_RESEARCH_01_BEFORE_M_RLN_0060.wav,MS18S_X42_RESEARCH_01_BEFORE_M_RLN_0060,173,173,173,174,Roland,main,male,roland,assets/triangle-strategy/approved_voice_references/roland.wav,เขาเคยรับปากจะช่วยเรา หวังว่าเขาคงไม่คืนคำเสียก่อน,,,PENDING_MANUAL_GENERATION,,triangle-strategy
768,MS18S_X42_RESEARCH_01_BEFORE_M_RLN_0070.wav,MS18S_X42_RESEARCH_01_BEFORE_M_RLN_0070,174,174,174,175,Roland,main,male,roland,assets/triangle-strategy/approved_voice_references/roland.wav,นอกจากเรื่องเขาที่น่ากังวล ก็ยังมีการแทรกแซงของกุสตาดอล์ฟ...ที่อาจทำให้แผนของเราพังตั้งแต่แรกเช่นกัน,,,PENDING_MANUAL_GENERATION,,triangle-strategy
769,MS18S_X42_RESEARCH_01_BEFORE_M_RLN_0080.wav,MS18S_X42_RESEARCH_01_BEFORE_M_RLN_0080,175,175,175,176,Roland,main,male,roland,assets/triangle-strategy/approved_voice_references/roland.wav,ถึงจะว่างั้นก็เถอะ แต่ข้าเชื่อว่าพวกเราจะได้รับการสนับสนุนจากทั้งภายนอกและภายในด้วยความร่วมมือของสวาร็อค และปืนใหญ่นั่นก็จะเป็นของเรา,,,PENDING_MANUAL_GENERATION,,triangle-strategy
770,MS18S_X42_RESEARCH_01_BEFORE_M_RLN_0090.wav,MS18S_X42_RESEARCH_01_BEFORE_M_RLN_0090,176,176,176,177,Roland,main,male,roland,assets/triangle-strategy/approved_voice_references/roland.wav,แผนการของเซเรโนอาขึ้นอยู่กับการเจรจาที่เป็นผล,,,PENDING_MANUAL_GENERATION,,triangle-strategy
771,MS18S_X42_RESEARCH_01_BEFORE_M_RLN_0100.wav,MS18S_X42_RESEARCH_01_BEFORE_M_RLN_0100,177,177,177,178,Roland,main,male,roland,assets/triangle-strategy/approved_voice_references/roland.wav,เราต้องเตรียมใจพร้อมเผชิญหน้าในเช้าวันพรุ่งนี้,,,PENDING_MANUAL_GENERATION,,triangle-strategy
772,MS18S_X42_RESEARCH_01_BEFORE_M_SEL_0010.wav,MS18S_X42_RESEARCH_01_BEFORE_M_SEL_0010,178,178,178,179,Serenoa,main,male,serenoa,assets/triangle-strategy/approved_voice_references/serenoa.wav,เราออกเดินทางตั้งแต่รุ่งเช้าจนพลบค่ำ พักกันก่อนเถอะโรแลนด์,,,PENDING_MANUAL_GENERATION,,triangle-strategy
773,MS18S_X42_WD_0010_N_NNN_0010.wav,MS18S_X42_WD_0010_N_NNN_0010,179,179,179,180,Narrator,narrator,female,narrator,assets/triangle-strategy/approved_voice_references/narrator.wav,ทัพโรแลนด์มุ่งหน้าสู่ประตูแฝดแห่งเอสฟรอสต์,,,PENDING_MANUAL_GENERATION,,triangle-strategy
774,MS18S_X42_WD_0010_N_NNN_0020.wav,MS18S_X42_WD_0010_N_NNN_0020,180,180,180,181,Narrator,narrator,female,narrator,assets/triangle-strategy/approved_voice_references/narrator.wav,ภารกิจของเขาคือการเข้าถึงปืนใหญ่เสียงสังเวย อาวุธทรงพลังที่สามารถพังทลายโล่เทพธิดาจนไม่เหลือชิ้นดี,,,PENDING_MANUAL_GENERATION,,triangle-strategy
775,MS18S_X42_WD_0010_N_NNN_0030.wav,MS18S_X42_WD_0010_N_NNN_0030,181,181,181,182,Narrator,narrator,female,narrator,assets/triangle-strategy/approved_voice_references/narrator.wav,ผลเจรจาจะลงเอยด้วยการผูกมิตรหรือการนองเลือด...ก็คงมิอาจล่วงรู้ได้ ขึ้นอยู่กับการตัดสินใจของสวาร็อคผู้ให้คำมั่นว่าจะช่วยเหลือฝ่าบาท,,,PENDING_MANUAL_GENERATION,,triangle-strategy
