line_no,file_name,self_id,cue,sequence,waveform,awb_stream,character_name,role,gender,voice_target,reference_audio,thai_text,pronunciation_note,prosody_note,status,tts_text,voice_project
1,MS08A_F01_A0_0010_F_ABR_0010.wav,MS08A_F01_A0_0010_F_ABR_0010,0,0,0,1,Avlora,npc,female,avlora,assets/triangle-strategy/approved_voice_references/avlora.wav,ขอบคุณเจ้าค่ะ พวกเขาเป็นนักรบที่ภาคภูมิ และลอร์ดแลนดรอยถือว่าเป็นคู่ต่อสู้ตัวฉกาจแม้ว่าจะชราแล้วก็ตาม,,,PENDING_MANUAL_GENERATION,,triangle-strategy
2,MS08A_F01_A0_0010_F_ABR_0020.wav,MS08A_F01_A0_0010_F_ABR_0020,1,1,1,2,Avlora,npc,female,avlora,assets/triangle-strategy/approved_voice_references/avlora.wav,หมายความว่ายังไงเจ้าคะ นายท่าน?,,,PENDING_MANUAL_GENERATION,,triangle-strategy
3,MS08A_F01_A0_0010_F_ABR_0030.wav,MS08A_F01_A0_0010_F_ABR_0030,2,2,2,3,Avlora,npc,female,avlora,assets/triangle-strategy/approved_voice_references/avlora.wav,แล้วตระกูลวูล์ฟฟอร์ตล่ะเจ้าคะ?,,,PENDING_MANUAL_GENERATION,,triangle-strategy
4,MS08A_F01_A0_0010_F_ABR_0040.wav,MS08A_F01_A0_0010_F_ABR_0040,3,3,3,4,Avlora,npc,female,avlora,assets/triangle-strategy/approved_voice_references/avlora.wav,การที่องค์ชายโรแลนด์ยังอยู่กับพวกเขา มันไม่ใช่ปัญหาเลยเหรอ?,,,PENDING_MANUAL_GENERATION,,triangle-strategy
5,MS08A_F01_A0_0010_F_ABR_0050.wav,MS08A_F01_A0_0010_F_ABR_0050,4,4,4,5,Avlora,npc,female,avlora,assets/triangle-strategy/approved_voice_references/avlora.wav,อย่าประมาทพวกเขาเลยเจ้าค่ะ,,,PENDING_MANUAL_GENERATION,,triangle-strategy
6,MS08A_F01_A0_0010_F_ABR_0060.wav,MS08A_F01_A0_0010_F_ABR_0060,5,5,5,6,Avlora,npc,female,avlora,assets/triangle-strategy/approved_voice_references/avlora.wav,แม้พวกเขาตัวคนเดียว แต่พวกเขาเคยพลิกสงครามซอลท์ไอรอนนะเจ้าคะ,,,PENDING_MANUAL_GENERATION,,triangle-strategy
7,MS08A_F01_A0_0010_F_ABR_0070.wav,MS08A_F01_A0_0010_F_ABR_0070,6,6,6,7,Avlora,npc,female,avlora,assets/triangle-strategy/approved_voice_references/avlora.wav,...เปล่าเจ้าค่ะนายท่าน อภัยให้ข้าด้วย,,,PENDING_MANUAL_GENERATION,,triangle-strategy
8,MS08A_F01_A0_0010_M_GST_0010.wav,MS08A_F01_A0_0010_M_GST_0010,7,7,7,8,กุสตาดอล์ฟ,npc,male,gustadolph,,ยินดีกับชัยชนะของเจ้าในแคว้นฟ็อลคส์ด้วย,,,BLOCKED_PENDING_REFERENCE_AUDIO,,triangle-strategy
9,MS08A_F01_A0_0010_M_GST_0020.wav,MS08A_F01_A0_0010_M_GST_0020,8,8,8,9,กุสตาดอล์ฟ,npc,male,gustadolph,,เขาคงมีความสุขที่ได้ตายบนแผ่นดินที่ตัวเองหวงแหนเป็นแน่,,,BLOCKED_PENDING_REFERENCE_AUDIO,,triangle-strategy
10,MS08A_F01_A0_0010_M_GST_0030.wav,MS08A_F01_A0_0010_M_GST_0030,9,9,9,10,กุสตาดอล์ฟ,npc,male,gustadolph,,สามสิบปีล่วงเลยไปนับตั้งแต่สงครามซอลท์ไอรอน ข้าคิดว่าเขาควรได้พักผ่อน...พร้อมกับการจากไปของยุคนั้น,,,BLOCKED_PENDING_REFERENCE_AUDIO,,triangle-strategy
11,MS08A_F01_A0_0010_M_GST_0040.wav,MS08A_F01_A0_0010_M_GST_0040,10,10,10,11,กุสตาดอล์ฟ,npc,male,gustadolph,,อัฟโลร่า เจ้าเองก็ไปพักด้วยสิ,,,BLOCKED_PENDING_REFERENCE_AUDIO,,triangle-strategy
12,MS08A_F01_A0_0010_M_GST_0050.wav,MS08A_F01_A0_0010_M_GST_0050,11,11,11,12,กุสตาดอล์ฟ,npc,male,gustadolph,,ก็ทหารของเจ้าเพิ่งผ่านศึกหนักมา ถ้าจะให้สู้ต่อก็คงหมดกำลังใจก่อน,,,BLOCKED_PENDING_REFERENCE_AUDIO,,triangle-strategy
13,MS08A_F01_A0_0010_M_GST_0060.wav,MS08A_F01_A0_0010_M_GST_0060,12,12,12,13,กุสตาดอล์ฟ,npc,male,gustadolph,,ตอนนี้ยังไม่มีเรื่องน่าห่วง หลังจากการปฏิวัติของโรแลนด์...ก็เหลือเพียงแค่วูล์ฟฟอร์ตตระกูลเดียวแล้ว,,,BLOCKED_PENDING_REFERENCE_AUDIO,,triangle-strategy
14,MS08A_F01_A0_0010_M_GST_0070.wav,MS08A_F01_A0_0010_M_GST_0070,13,13,13,14,กุสตาดอล์ฟ,npc,male,gustadolph,,ตระกูลวูล์ฟฟอร์ตไม่ใช่ผู้ล่าอีกต่อไปแล้ว ตอนนี้พวกมันคือผู้ถูกล่า,,,BLOCKED_PENDING_REFERENCE_AUDIO,,triangle-strategy
15,MS08A_F01_A0_0010_M_GST_0080.wav,MS08A_F01_A0_0010_M_GST_0080,14,14,14,15,กุสตาดอล์ฟ,npc,male,gustadolph,,หรือว่าเจ้าเข้าใจในบางสิ่งที่ข้านึกไม่ถึงงั้นเหรอ...ผู้บัญชาการ?,,,BLOCKED_PENDING_REFERENCE_AUDIO,,triangle-strategy
16,MS08A_F01_A0_0020_F_ABR_0010.wav,MS08A_F01_A0_0020_F_ABR_0010,15,15,15,16,Avlora,npc,female,avlora,assets/triangle-strategy/approved_voice_references/avlora.wav,...เสียดายจริงๆ,,,PENDING_MANUAL_GENERATION,,triangle-strategy
17,MS08A_F01_A0_0020_F_ABR_0020.wav,MS08A_F01_A0_0020_F_ABR_0020,16,16,16,17,Avlora,npc,female,avlora,assets/triangle-strategy/approved_voice_references/avlora.wav,เนี่ยเหรอคือจุดจบของอาณาจักรเกลนบรู๊ค?,,,PENDING_MANUAL_GENERATION,,triangle-strategy
18,MS08A_F01_A0_0020_F_ABR_0030.wav,MS08A_F01_A0_0020_F_ABR_0030,17,17,17,18,Avlora,npc,female,avlora,assets/triangle-strategy/approved_voice_references/avlora.wav,น่าเสียดาย,,,PENDING_MANUAL_GENERATION,,triangle-strategy
19,MS08A_F01_A0_0020_F_CRD_0010.wav,MS08A_F01_A0_0020_F_CRD_0010,18,18,18,19,Cordelia,npc,female,cordelia,assets/triangle-strategy/approved_voice_references/cordelia.wav,โถ โรแลนด์...,,,PENDING_MANUAL_GENERATION,,triangle-strategy
20,MS08A_F01_A0_0020_F_ERK_0010.wav,MS08A_F01_A0_0020_F_ERK_0010,19,19,19,20,Erika,npc,female,erika,assets/triangle-strategy/approved_voice_references/erika.wav,พี่ของเจ้า ถูกทรยศโดยสหายที่เขาวางใจมากที่สุด!,,,PENDING_MANUAL_GENERATION,,triangle-strategy
21,MS08A_F01_A0_0020_F_TRI_0010.wav,MS08A_F01_A0_0020_F_TRI_0010,20,20,20,21,Trish,npc,female,trish,assets/triangle-strategy/approved_voice_references/trish.wav,ขอบคุณที่กรุณาขอรับ นายท่าน,,,PENDING_MANUAL_GENERATION,,triangle-strategy
22,MS08A_F01_A0_0020_M_GST_0010.wav,MS08A_F01_A0_0020_M_GST_0010,21,21,21,22,กุสตาดอล์ฟ,npc,male,gustadolph,,น่าเสียดายที่ศพเสียหายจนระบุตัวตนไม่ได้ แต่สัญลักษณ์ราชวงศ์นี่ไม่ผิดแน่,,,BLOCKED_PENDING_REFERENCE_AUDIO,,triangle-strategy
23,MS08A_F01_A0_0020_M_GST_0020.wav,MS08A_F01_A0_0020_M_GST_0020,22,22,22,23,กุสตาดอล์ฟ,npc,male,gustadolph,,นอกจากคอร์เดเลีย ก็มีอยู่คนเดียวเนี่ยแหละที่สวมแหวนราชวงศ์,,,BLOCKED_PENDING_REFERENCE_AUDIO,,triangle-strategy
24,MS08A_F01_A0_0020_M_GST_0030.wav,MS08A_F01_A0_0020_M_GST_0030,23,23,23,24,กุสตาดอล์ฟ,npc,male,gustadolph,,นี่คือองค์ชายโรแลนด์อย่างแน่นอน,,,BLOCKED_PENDING_REFERENCE_AUDIO,,triangle-strategy
25,MS08A_F01_A0_0020_M_GST_0040.wav,MS08A_F01_A0_0020_M_GST_0040,24,24,24,25,กุสตาดอล์ฟ,npc,male,gustadolph,,ธาลาส เอาเงินให้เขา,,,BLOCKED_PENDING_REFERENCE_AUDIO,,triangle-strategy
26,MS08A_F01_A0_0020_M_GST_0050.wav,MS08A_F01_A0_0020_M_GST_0050,25,25,25,26,กุสตาดอล์ฟ,npc,male,gustadolph,,วูล์ฟฟอร์ตมันไม่ได้โง่ สหายของมันก็เป็นแค่ตัวถ่วง,,,BLOCKED_PENDING_REFERENCE_AUDIO,,triangle-strategy
27,MS08A_F01_A0_0020_M_GST_0060.wav,MS08A_F01_A0_0020_M_GST_0060,26,26,26,27,กุสตาดอล์ฟ,npc,male,gustadolph,,พวกมันปกป้องตัวเองด้วยการละทิ้งองค์ชาย,,,BLOCKED_PENDING_REFERENCE_AUDIO,,triangle-strategy
28,MS08A_F01_A0_0020_M_GST_0070.wav,MS08A_F01_A0_0020_M_GST_0070,27,27,27,28,กุสตาดอล์ฟ,npc,male,gustadolph,,ถึงจะหนีไปได้ แล้วใครจะไปช่วยพวกมันล่ะ,,,BLOCKED_PENDING_REFERENCE_AUDIO,,triangle-strategy
29,MS08A_F01_A0_0020_M_GST_0080.wav,MS08A_F01_A0_0020_M_GST_0080,28,28,28,29,กุสตาดอล์ฟ,npc,male,gustadolph,,ไม่มีเหตุผลที่เราต้องเครียดเรื่องตระกูลวูล์ฟฟอร์ตแล้ว,,,BLOCKED_PENDING_REFERENCE_AUDIO,,triangle-strategy
30,MS08A_F01_A0_0020_M_TRA_0010.wav,MS08A_F01_A0_0020_M_TRA_0010,29,29,29,30,Travis,npc,male,travis,assets/triangle-strategy/approved_voice_references/travis.wav,ขะ-ขออนุญาตขอรับ นะ-นะ-นายท่าน เรื่องรางวัลน่ะ...,,,PENDING_MANUAL_GENERATION,,triangle-strategy
31,MS08A_F01_A0_0020_M_TRS_0010.wav,MS08A_F01_A0_0020_M_TRS_0010,30,30,30,31,Thalas,npc,male,thalas,assets/triangle-strategy/approved_voice_references/thalas.wav,ขอรับ ท่านพี่,,,PENDING_MANUAL_GENERATION,,triangle-strategy
32,MS08A_F01_A1_1010_M_BND_0010.wav,MS08A_F01_A1_1010_M_BND_0010,31,31,31,32,Benedict,main,male,benedict,assets/triangle-strategy/approved_voice_references/benedict.wav,องค์ชายอยากคุยกับข้าเหรอขอรับ?,,,PENDING_MANUAL_GENERATION,,triangle-strategy
33,MS08A_F01_A1_1010_M_BND_0020.wav,MS08A_F01_A1_1010_M_BND_0020,32,32,32,33,Benedict,main,male,benedict,assets/triangle-strategy/approved_voice_references/benedict.wav,แล้วท่านอยากให้ข้าเกลี้ยกล่อมลอร์ดเซเรโนอาให้ไหม?,,,PENDING_MANUAL_GENERATION,,triangle-strategy
34,MS08A_F01_A1_1010_M_BND_0030.wav,MS08A_F01_A1_1010_M_BND_0030,33,33,33,34,Benedict,main,male,benedict,assets/triangle-strategy/approved_voice_references/benedict.wav,แต่สุดท้ายแล้ว มันก็เป็นทางเลือกที่เราตัดสินใจร่วมกันนะขอรับ,,,PENDING_MANUAL_GENERATION,,triangle-strategy
35,MS08A_F01_A1_1010_M_BND_0040.wav,MS08A_F01_A1_1010_M_BND_0040,34,34,34,35,Benedict,main,male,benedict,assets/triangle-strategy/approved_voice_references/benedict.wav,หากท่านอยากรับผิดชอบจริงๆล่ะก็ เช่นนั้น...ข้าพอมีแผนอยู่,,,PENDING_MANUAL_GENERATION,,triangle-strategy
36,MS08A_F01_A1_1010_M_BND_0050.wav,MS08A_F01_A1_1010_M_BND_0050,35,35,35,36,Benedict,main,male,benedict,assets/triangle-strategy/approved_voice_references/benedict.wav,ช่วยส่งแหวนมาด้วยขอรับ,,,PENDING_MANUAL_GENERATION,,triangle-strategy
37,MS08A_F01_A1_1010_M_BND_0060.wav,MS08A_F01_A1_1010_M_BND_0060,36,36,36,37,Benedict,main,male,benedict,assets/triangle-strategy/approved_voice_references/benedict.wav,"ให้ท่าน ""สิ้นพระชนม์"" เพื่อราษฎรของท่านขอรับ",,,PENDING_MANUAL_GENERATION,,triangle-strategy
38,MS08A_F01_A1_1010_M_RLN_0010.wav,MS08A_F01_A1_1010_M_RLN_0010,37,37,37,38,Roland,main,male,roland,assets/triangle-strategy/approved_voice_references/roland.wav,ข้าอยากไปจากแคว้นวูล์ฟฟอร์ตน่ะ,,,PENDING_MANUAL_GENERATION,,triangle-strategy
39,MS08A_F01_A1_1010_M_RLN_0020.wav,MS08A_F01_A1_1010_M_RLN_0020,38,38,38,39,Roland,main,male,roland,assets/triangle-strategy/approved_voice_references/roland.wav,ก็ดีนะ แต่ข้าไม่คิดว่าเขาอยากจะคุยกับเรา หลังรู้ผลการลงคะแนนเสียงไปแล้ว,,,PENDING_MANUAL_GENERATION,,triangle-strategy
40,MS08A_F01_A1_1010_M_RLN_0030.wav,MS08A_F01_A1_1010_M_RLN_0030,39,39,39,40,Roland,main,male,roland,assets/triangle-strategy/approved_voice_references/roland.wav,ทุกคนเหนื่อยล้า หน้าตาบูดบึ้ง ปราสาทหลังนี้ก็ดูไม่ต่างกัน,,,PENDING_MANUAL_GENERATION,,triangle-strategy
41,MS08A_F01_A1_1010_M_RLN_0040.wav,MS08A_F01_A1_1010_M_RLN_0040,40,40,40,41,Roland,main,male,roland,assets/triangle-strategy/approved_voice_references/roland.wav,มันก็ถูก แต่เราทุกคนรู้ดีว่าข้าเป็นตัวปัญหา ข้าต้องรับผิดชอบเรื่องนี้ให้ถึงที่สุดนะ,,,PENDING_MANUAL_GENERATION,,triangle-strategy
42,MS08A_F01_A1_1010_M_RLN_0050.wav,MS08A_F01_A1_1010_M_RLN_0050,41,41,41,42,Roland,main,male,roland,assets/triangle-strategy/approved_voice_references/roland.wav,ขอฟังหน่อยท่าน,,,PENDING_MANUAL_GENERATION,,triangle-strategy
43,MS08A_F01_A1_1010_M_RLN_0060.wav,MS08A_F01_A1_1010_M_RLN_0060,42,42,42,43,Roland,main,male,roland,assets/triangle-strategy/approved_voice_references/roland.wav,แต่นั่นคือสิ่งพิสูจน์ว่าข้าเป็นเชื้อพระวงศ์นะ! ท่านจะเอาไปทำอะไร?,,,PENDING_MANUAL_GENERATION,,triangle-strategy
44,MS08A_F01_A1_1020_M_BND_0010.wav,MS08A_F01_A1_1020_M_BND_0010,43,43,43,44,Benedict,main,male,benedict,assets/triangle-strategy/approved_voice_references/benedict.wav,นายท่าน มีนกส่งสารมาจาก ซอสเลย์ เอนด์ ขอรับ,,,PENDING_MANUAL_GENERATION,,triangle-strategy
45,MS08A_F01_A1_1020_M_BND_0020.wav,MS08A_F01_A1_1020_M_BND_0020,44,44,44,45,Benedict,main,male,benedict,assets/triangle-strategy/approved_voice_references/benedict.wav,ด้วยสถานการณ์ของเราในตอนนี้ เขาเสนอจะส่งเสบียงและเงินสนับสนุนมาให้ขอรับ,,,PENDING_MANUAL_GENERATION,,triangle-strategy
46,MS08A_F01_A1_1020_M_BND_0030.wav,MS08A_F01_A1_1020_M_BND_0030,45,45,45,46,Benedict,main,male,benedict,assets/triangle-strategy/approved_voice_references/benedict.wav,มีแน่นอนขอรับ เจ็ดผู้ศักดิ์สิทธิ์ไม่ได้คิดถึงผู้อื่นเสมอไปหรอก,,,PENDING_MANUAL_GENERATION,,triangle-strategy
47,MS08A_F01_A1_1020_M_BND_0040.wav,MS08A_F01_A1_1020_M_BND_0040,46,46,46,47,Benedict,main,male,benedict,assets/triangle-strategy/approved_voice_references/benedict.wav,เพราะรัฐมนตรีซอสเลย์ไม่เคยสนใจอาณาจักรอื่นขนาดนี้...,,,PENDING_MANUAL_GENERATION,,triangle-strategy
48,MS08A_F01_A1_1020_M_BND_0050.wav,MS08A_F01_A1_1020_M_BND_0050,47,47,47,48,Benedict,main,male,benedict,assets/triangle-strategy/approved_voice_references/benedict.wav,ข้าจึงคิดได้ว่า นี่คือแผนของเขาเพื่อทวงบุญคุณตระกูลวูล์ฟฟอร์ต,,,PENDING_MANUAL_GENERATION,,triangle-strategy
49,MS08A_F01_A1_1020_M_BND_0060.wav,MS08A_F01_A1_1020_M_BND_0060,48,48,48,49,Benedict,main,male,benedict,assets/triangle-strategy/approved_voice_references/benedict.wav,รับทราบขอรับ ไว้เราค่อยมาคุยเรื่องมาตรการตอบโต้ในโอกาสหน้าดีกว่า,,,PENDING_MANUAL_GENERATION,,triangle-strategy
50,MS08A_F01_A1_1020_M_BND_0070.wav,MS08A_F01_A1_1020_M_BND_0070,49,49,49,50,Benedict,main,male,benedict,assets/triangle-strategy/approved_voice_references/benedict.wav,แถมนี่ยังเป็นโอกาสดีในการทำตามสัญญาที่เราให้ไว้กับรัฐมนตรีเอกซ์เฮมด้วยนะขอรับ,,,PENDING_MANUAL_GENERATION,,triangle-strategy
51,MS08A_F01_A1_1020_M_BND_0080.wav,MS08A_F01_A1_1020_M_BND_0080,50,50,50,51,Benedict,main,male,benedict,assets/triangle-strategy/approved_voice_references/benedict.wav,รับทราบขอรับ ไว้เราค่อยมาคุยเรื่องมาตรการตอบโต้ในโอกาสหน้าดีกว่า,,,PENDING_MANUAL_GENERATION,,triangle-strategy
52,MS08A_F01_A1_1020_M_SEL_0010.wav,MS08A_F01_A1_1020_M_SEL_0010,51,51,51,52,Serenoa,main,male,serenoa,assets/triangle-strategy/approved_voice_references/serenoa.wav,เป็นข้อเสนอที่ข้ายินดีรับเป็นอย่างยิ่ง แต่ว่านะ...,,,PENDING_MANUAL_GENERATION,,triangle-strategy
53,MS08A_F01_A1_1020_M_SEL_0020.wav,MS08A_F01_A1_1020_M_SEL_0020,52,52,52,53,Serenoa,main,male,serenoa,assets/triangle-strategy/approved_voice_references/serenoa.wav,ทำไมเขาเพิ่งมาช่วยเหลือเราในตอนนี้ล่ะ? เขามีแผนอะไรรึเปล่า?,,,PENDING_MANUAL_GENERATION,,triangle-strategy
54,MS08A_F01_A1_1020_M_SEL_0030.wav,MS08A_F01_A1_1020_M_SEL_0030,53,53,53,54,Serenoa,main,male,serenoa,assets/triangle-strategy/approved_voice_references/serenoa.wav,อย่างที่คิดไว้เลย...แต่ประชาชนกับทหารของเราต้องการความช่วยเหลือเช่นกัน,,,PENDING_MANUAL_GENERATION,,triangle-strategy
55,MS08A_F01_A1_1020_M_SEL_0040.wav,MS08A_F01_A1_1020_M_SEL_0040,54,54,54,55,Serenoa,main,male,serenoa,assets/triangle-strategy/approved_voice_references/serenoa.wav,ยอมรับข้อเสนอของเขาเถอะ ไว้ค่อยจัดการกับแผนลับของเขาทีหลังเมื่อเราตั้งหลักได้แล้ว,,,PENDING_MANUAL_GENERATION,,triangle-strategy
56,MS08A_F01_A1_1020_M_SEL_0050.wav,MS08A_F01_A1_1020_M_SEL_0050,55,55,55,56,Serenoa,main,male,serenoa,assets/triangle-strategy/approved_voice_references/serenoa.wav,รับประกันได้เลยรัฐมนตรีซอสเลย์ไม่ใช่คนเดียวที่มีเจตนาแอบแฝงหรอก เรามาตกลงยอมรับข้อเสนอของเขาดีกว่า,,,PENDING_MANUAL_GENERATION,,triangle-strategy
57,MS08A_F01_A1_2010_F_TRI_0010.wav,MS08A_F01_A1_2010_F_TRI_0010,56,56,56,57,Trish,npc,female,trish,assets/triangle-strategy/approved_voice_references/trish.wav,นี่ป๊า! จำที่ข้าพูดเรื่องเงินรางวัลได้ไหม?,,,PENDING_MANUAL_GENERATION,,triangle-strategy
58,MS08A_F01_A1_2010_F_TRI_0020.wav,MS08A_F01_A1_2010_F_TRI_0020,57,57,57,58,Trish,npc,female,trish,assets/triangle-strategy/approved_voice_references/trish.wav,ป๊า ดูนี่!,,,PENDING_MANUAL_GENERATION,,triangle-strategy
59,MS08A_F01_A1_2010_M_M051_0010.wav,MS08A_F01_A1_2010_M_M051_0010,58,58,58,59,ลูกน้องโจร,generic,male,MALE_YOUNG_B,assets/triangle-strategy/approved_voice_references/MALE_YOUNG_B.wav,บอส มาดูนี่สิขอรับ,,,PENDING_MANUAL_GENERATION,,triangle-strategy
60,MS08A_F01_A1_2010_M_TRA_0010.wav,MS08A_F01_A1_2010_M_TRA_0010,59,59,59,60,Travis,npc,male,travis,assets/triangle-strategy/approved_voice_references/travis.wav,...อนาถาจริงๆ,,,PENDING_MANUAL_GENERATION,,triangle-strategy
61,MS08A_F01_A1_2010_M_TRA_0020.wav,MS08A_F01_A1_2010_M_TRA_0020,60,60,60,61,Travis,npc,male,travis,assets/triangle-strategy/approved_voice_references/travis.wav,"เอ๊ะ หรืออาจจะไม่ ""อนาถา"" ขนาดนั้นก็ได้ ดูจากเสื้อผ้าของเขาแล้ว...",,,PENDING_MANUAL_GENERATION,,triangle-strategy
62,MS08A_F01_A1_2010_M_TRA_0030.wav,MS08A_F01_A1_2010_M_TRA_0030,61,61,61,62,Travis,npc,male,travis,assets/triangle-strategy/approved_voice_references/travis.wav,จำได้สิลูก นี่อาจจะเป็นเขาก็ได้,,,PENDING_MANUAL_GENERATION,,triangle-strategy
63,MS08A_F01_A1_2010_M_TRA_0040.wav,MS08A_F01_A1_2010_M_TRA_0040,62,62,62,63,Travis,npc,male,travis,assets/triangle-strategy/approved_voice_references/travis.wav,แหวนวิบวับขนาดนี้ อย่าบอกนะว่า...นี่คือตราราชวงศ์เหรอ!? ต้องเป็นองค์ชายโรแลนด์ไม่มีผิดแน่!,,,PENDING_MANUAL_GENERATION,,triangle-strategy
64,MS08A_F01_A2_0010_M_ROF_0010.wav,MS08A_F01_A2_0010_M_ROF_0010,63,63,63,64,รูฟัส,npc,male,rufus,,จะหนีไปไหนคนเดียวงั้นเหรอ,,,BLOCKED_PENDING_REFERENCE_AUDIO,,triangle-strategy
65,MS08A_F01_A2_0010_M_ROF_0020.wav,MS08A_F01_A2_0010_M_ROF_0020,64,64,64,65,รูฟัส,npc,male,rufus,,มาเอาเงินรางวัลไง,,,BLOCKED_PENDING_REFERENCE_AUDIO,,triangle-strategy
66,MS08A_F01_A2_0010_M_ROF_0030.wav,MS08A_F01_A2_0010_M_ROF_0030,65,65,65,66,รูฟัส,npc,male,rufus,,ไม่เห็นเหมือนที่คุยกันไว้นี่หว่า,,,BLOCKED_PENDING_REFERENCE_AUDIO,,triangle-strategy
67,MS08A_F01_A2_0010_M_ROF_0040.wav,MS08A_F01_A2_0010_M_ROF_0040,66,66,66,67,รูฟัส,npc,male,rufus,,ฮ่าๆๆๆ!,,,BLOCKED_PENDING_REFERENCE_AUDIO,,triangle-strategy
68,MS08A_F01_A2_0010_M_ROF_0050.wav,MS08A_F01_A2_0010_M_ROF_0050,67,67,67,68,รูฟัส,npc,male,rufus,,"งั้นลองข้อเสนอใหม่เป็นไง ""จ่ายหนี้ข้าซะ ไม่งั้นตาย""",,,BLOCKED_PENDING_REFERENCE_AUDIO,,triangle-strategy
69,MS08A_F01_A2_0010_M_ROF_0060.wav,MS08A_F01_A2_0010_M_ROF_0060,69,69,69,70,รูฟัส,npc,male,rufus,,พูดต่อสิ,,,BLOCKED_PENDING_REFERENCE_AUDIO,,triangle-strategy
70,MS08A_F01_A2_0010_M_ROF_0070.wav,MS08A_F01_A2_0010_M_ROF_0070,70,70,70,71,รูฟัส,npc,male,rufus,,...เออ,,,BLOCKED_PENDING_REFERENCE_AUDIO,,triangle-strategy
71,MS08A_F01_A2_0010_M_ROF_0080.wav,MS08A_F01_A2_0010_M_ROF_0080,71,71,71,72,รูฟัส,npc,male,rufus,,แต่ถ้าไม่ได้เงินล่ะก็ รับรองชะตาขาดแน่,,,BLOCKED_PENDING_REFERENCE_AUDIO,,triangle-strategy
72,MS08A_F01_A2_0010_M_SLV_0010.wav,MS08A_F01_A2_0010_M_SLV_0010,72,72,72,73,ซิลวิโอ้,npc,male,silvio,,ข้าต้องรอด... ไม่ว่ายังไงก็ต้องรอด!,,,BLOCKED_PENDING_REFERENCE_AUDIO,,triangle-strategy
73,MS08A_F01_A2_0010_M_SLV_0015.wav,MS08A_F01_A2_0010_M_SLV_0015,384,384,384,74,ซิลวิโอ้,npc,male,silvio,,อ้าก!,,,BLOCKED_PENDING_REFERENCE_AUDIO,,triangle-strategy
74,MS08A_F01_A2_0010_M_SLV_0020.wav,MS08A_F01_A2_0010_M_SLV_0020,73,73,73,75,ซิลวิโอ้,npc,male,silvio,,ระ-รูฟัส! มาทำอะไรที่นี่เนี่ย?,,,BLOCKED_PENDING_REFERENCE_AUDIO,,triangle-strategy
75,MS08A_F01_A2_0010_M_SLV_0030.wav,MS08A_F01_A2_0010_M_SLV_0030,74,74,74,76,ซิลวิโอ้,npc,male,silvio,,รางวัลเหรอ? คนแพ้ได้รางวัลด้วยเหรอ!?,,,BLOCKED_PENDING_REFERENCE_AUDIO,,triangle-strategy
76,MS08A_F01_A2_0010_M_SLV_0040.wav,MS08A_F01_A2_0010_M_SLV_0040,75,75,75,77,ซิลวิโอ้,npc,male,silvio,,ก็แหงสิ! ไหนล่ะเพชฌฆาตไร้พ่ายของข้า!,,,BLOCKED_PENDING_REFERENCE_AUDIO,,triangle-strategy
77,MS08A_F01_A2_0010_M_SLV_0050.wav,MS08A_F01_A2_0010_M_SLV_0050,76,76,76,78,ซิลวิโอ้,npc,male,silvio,,เจ้ามันของเก๊! เจ้ามันแกะในคราบหมาป่า!,,,BLOCKED_PENDING_REFERENCE_AUDIO,,triangle-strategy
78,MS08A_F01_A2_0010_M_SLV_0060.wav,MS08A_F01_A2_0010_M_SLV_0060,77,77,77,79,ซิลวิโอ้,npc,male,silvio,,ขะ-ขำอะไรหนักหนาวะ!?,,,BLOCKED_PENDING_REFERENCE_AUDIO,,triangle-strategy
79,MS08A_F01_A2_0010_M_SLV_0070.wav,MS08A_F01_A2_0010_M_SLV_0070,78,78,78,80,ซิลวิโอ้,npc,male,silvio,,ขะ-ข้าคงจ่ายให้เจ้าตอนนี้ไม่ได้หรอก! แต่ถ้าเจ้าปลิดชีพข้าตอนนี้...,,,BLOCKED_PENDING_REFERENCE_AUDIO,,triangle-strategy
80,MS08A_F01_A2_0010_M_SLV_0080.wav,MS08A_F01_A2_0010_M_SLV_0080,79,79,79,81,ซิลวิโอ้,npc,male,silvio,,ก็เท่ากับเจ้าพ่ายแพ้วูล์ฟฟอร์ตโดยไม่ได้อะไรกลับมาเลย,,,BLOCKED_PENDING_REFERENCE_AUDIO,,triangle-strategy
81,MS08A_F01_A2_0010_M_SLV_0100.wav,MS08A_F01_A2_0010_M_SLV_0100,80,80,80,82,ซิลวิโอ้,npc,male,silvio,,หากเจ้าไว้ชีวิตข้า ข้าจะหาเงินมาใช้หนี้เจ้า คะ-คิดว่าไง? ตกลงไหม?,,,BLOCKED_PENDING_REFERENCE_AUDIO,,triangle-strategy
82,MS08A_F01_A3_0010_F_ABR_0010.wav,MS08A_F01_A3_0010_F_ABR_0010,81,81,81,83,Avlora,npc,female,avlora,assets/triangle-strategy/approved_voice_references/avlora.wav,ข้ารู้ว่าท่านภักดีต่อฝ่าบาทเพียงใด,,,PENDING_MANUAL_GENERATION,,triangle-strategy
83,MS08A_F01_A3_0010_F_ABR_0020.wav,MS08A_F01_A3_0010_F_ABR_0020,82,82,82,84,Avlora,npc,female,avlora,assets/triangle-strategy/approved_voice_references/avlora.wav,แม้ว่าเราจะเป็นศัตรู แต่ข้าเคารพนับถือท่าน สนใจจะมาร่วมทัพกับเราไหม,,,PENDING_MANUAL_GENERATION,,triangle-strategy
84,MS08A_F01_A3_0010_F_ABR_0030.wav,MS08A_F01_A3_0010_F_ABR_0030,83,83,83,85,Avlora,npc,female,avlora,assets/triangle-strategy/approved_voice_references/avlora.wav,ก็ดีกว่าตายแล้วกัน,,,PENDING_MANUAL_GENERATION,,triangle-strategy
85,MS08A_F01_A3_0010_M_LND_0010.wav,MS08A_F01_A3_0010_M_LND_0010,86,86,86,88,แลนดรอย,npc,male,landroi,,เสียเลือดเสียเนื้อกันมากไปแล้ว...,,,BLOCKED_PENDING_REFERENCE_AUDIO,,triangle-strategy
86,MS08A_F01_A3_0010_M_LND_0020.wav,MS08A_F01_A3_0010_M_LND_0020,87,87,87,89,แลนดรอย,npc,male,landroi,,นี่ท่านหยามเกียรติข้าอยู่เหรอ?,,,BLOCKED_PENDING_REFERENCE_AUDIO,,triangle-strategy
87,MS08A_F01_A3_0010_M_LND_0030.wav,MS08A_F01_A3_0010_M_LND_0030,88,88,88,90,แลนดรอย,npc,male,landroi,,เก็บความสงสารของท่านไว้ใช้กับคนอื่นเถอะ!,,,BLOCKED_PENDING_REFERENCE_AUDIO,,triangle-strategy
88,MS08A_F01_A3_0010_M_LND_0035.wav,MS08A_F01_A3_0010_M_LND_0035,89,89,89,91,แลนดรอย,npc,male,landroi,,ผู้นำของท่านจะไม่มีวันได้รับความภักดีจากเรา แม้ว่ามันจะเป็นจุดจบของไตรตระกูลสูงศักดิ์ก็ตาม,,,BLOCKED_PENDING_REFERENCE_AUDIO,,triangle-strategy
89,MS08A_F01_A3_0010_M_LND_0040.wav,MS08A_F01_A3_0010_M_LND_0040,90,90,90,92,แลนดรอย,npc,male,landroi,,ฝ่าบาท... ตราบจนชีพวายข้าก็จะรับใช้ท่าน...,,,BLOCKED_PENDING_REFERENCE_AUDIO,,triangle-strategy
90,MS08A_F01_C1_0010_M_BKR_0010.wav,MS08A_F01_C1_0010_M_BKR_0010,91,91,91,93,บุ๊กเกอร์,npc,male,booker,,บัดนี้วูล์ฟฟอร์ตผู้เดียวดายสูญเสียทั้งพันธมิตรและราชวงศ์ นี่เป็นจังหวะของเราแล้วขอรับ,,,BLOCKED_PENDING_REFERENCE_AUDIO,,triangle-strategy
91,MS08A_F01_C1_0010_M_BKR_0020.wav,MS08A_F01_C1_0010_M_BKR_0020,92,92,92,94,บุ๊กเกอร์,npc,male,booker,,ตามบัญชาขอรับ อีกไม่ช้าตระกูลเลื่องชื่อแห่งสงครามซอลท์ไอรอนจะเป็นของท่านโดยสมบูรณ์,,,BLOCKED_PENDING_REFERENCE_AUDIO,,triangle-strategy
92,MS08A_F01_C1_0010_M_BKR_0030.wav,MS08A_F01_C1_0010_M_BKR_0030,93,93,93,95,บุ๊กเกอร์,npc,male,booker,,การที่เราเข้าควบคุมดินแดนของพวกเขา จะทำให้การขนส่งของเราสะดวกสบายขึ้นมหาศาลขอรับ,,,BLOCKED_PENDING_REFERENCE_AUDIO,,triangle-strategy
93,MS08A_F01_C1_0010_M_SLS_0010.wav,MS08A_F01_C1_0010_M_SLS_0010,94,94,94,96,Sorsley,npc,male,sorsley,assets/triangle-strategy/approved_voice_references/sorsley.wav,...ไตรตระกูลสูงศักดิ์แห่งเกลนบรู๊คร่วงไปสองแล้วสินะ,,,PENDING_MANUAL_GENERATION,,triangle-strategy
94,MS08A_F01_C1_0010_M_SLS_0020.wav,MS08A_F01_C1_0010_M_SLS_0020,95,95,95,97,Sorsley,npc,male,sorsley,assets/triangle-strategy/approved_voice_references/sorsley.wav,การรุกรานของเอสฟรอสต์ทำเอาข้าตกใจไม่น้อย แต่ก็ดูน่าสนใจเช่นกัน,,,PENDING_MANUAL_GENERATION,,triangle-strategy
95,MS08A_F01_C1_0010_M_SLS_0030.wav,MS08A_F01_C1_0010_M_SLS_0030,96,96,96,98,Sorsley,npc,male,sorsley,assets/triangle-strategy/approved_voice_references/sorsley.wav,เริ่มวางกับดักกันเลยดีกว่า ใส่เหยื่อเข้าไปให้เยอะมากพอที่จะล่อพวกมันให้เข้ามาอยู่ที่นี่,,,PENDING_MANUAL_GENERATION,,triangle-strategy
96,MS08A_F01_C1_0010_M_SLS_0040.wav,MS08A_F01_C1_0010_M_SLS_0040,97,97,97,99,Sorsley,npc,male,sorsley,assets/triangle-strategy/approved_voice_references/sorsley.wav,ใช่แล้วล่ะ ตระกูลเอนด์ของเราจะรวยวันรวยคืน,,,PENDING_MANUAL_GENERATION,,triangle-strategy
97,MS08A_F01_C1_0010_M_SLS_0050.wav,MS08A_F01_C1_0010_M_SLS_0050,98,98,98,100,Sorsley,npc,male,sorsley,assets/triangle-strategy/approved_voice_references/sorsley.wav,ฮ่าๆๆ นอกเหนือจากพละกำลัง คนเราสามารถใช้สติปัญญาเพื่อเอาชนะโดยไม่ต้องควักดาบออกจากฝักเช่นกัน,,,PENDING_MANUAL_GENERATION,,triangle-strategy
98,MS08A_F01_WD_0010_N_NNN_0010.wav,MS08A_F01_WD_0010_N_NNN_0010,99,99,99,101,Narrator,narrator,female,narrator,assets/triangle-strategy/approved_voice_references/narrator.wav,สิ้นสุดศึกปะทะวูล์ฟฟอร์ต ลอร์ดซิลวิโอ้แห่งเทลลิออร์ถอยหนีด้วยความพ่ายแพ้,,,PENDING_MANUAL_GENERATION,,triangle-strategy
99,MS08A_F01_WD_0010_N_NNN_0020.wav,MS08A_F01_WD_0010_N_NNN_0020,100,100,100,102,Narrator,narrator,female,narrator,assets/triangle-strategy/approved_voice_references/narrator.wav,ฝั่งผู้ชนะเองก็บาดเจ็บไม่น้อย ศึกต่อเนื่องทำให้ทหารเหนื่อยล้า ซึ่งเป็นไปตามแผนการของกุสตาดอล์ฟเพื่อทำให้ตระกูลทั้งสองอ่อนกำลัง,,,PENDING_MANUAL_GENERATION,,triangle-strategy
100,MS08A_F01_WD_0010_N_NNN_0030.wav,MS08A_F01_WD_0010_N_NNN_0030,101,101,101,103,Narrator,narrator,female,narrator,assets/triangle-strategy/approved_voice_references/narrator.wav,แลนดรอย ฟ็อลคส์ แห่งไตรตระกูลสูงศักดิ์เกลนบรู๊ค กำลังปะทะกับผู้บัญชาการอัฟโลร่า,,,PENDING_MANUAL_GENERATION,,triangle-strategy
101,MS08A_F01_WD_0020_N_NNN_0010.wav,MS08A_F01_WD_0020_N_NNN_0010,102,102,102,104,Narrator,narrator,female,narrator,assets/triangle-strategy/approved_voice_references/narrator.wav,แผนการที่ล้มเหลวและถูกกำราบโดยตระกูลวูล์ฟฟอร์ตทำให้ ซิลวิโอ้ เทลลิออร์ ต้องถอยหนีโดยทิ้งทุกสิ่งไว้เบื้องหลัง,,,PENDING_MANUAL_GENERATION,,triangle-strategy
102,MS08A_F01_WD_0020_N_NNN_0020.wav,MS08A_F01_WD_0020_N_NNN_0020,103,103,103,105,Narrator,narrator,female,narrator,assets/triangle-strategy/approved_voice_references/narrator.wav,"ตระกูลฟ็อลคส์ต่อสู้อย่างกล้าหาญ แต่พ่ายแพ้ให้ทัพทหารของอัฟโลร่าอย่างหมดท่า
และเสียชีวิตตามกษัตริย์ผู้ล่วงลับ",,,PENDING_MANUAL_GENERATION,,triangle-strategy
103,MS08A_F01_WD_0020_N_NNN_0030.wav,MS08A_F01_WD_0020_N_NNN_0030,104,104,104,106,Narrator,narrator,female,narrator,assets/triangle-strategy/approved_voice_references/narrator.wav,ไตรตระกูลสูงศักดิ์แห่งเกลนบรู๊ค วูล์ฟฟอร์ต เทลลิออร์ และ ฟ็อลคส์...,,,PENDING_MANUAL_GENERATION,,triangle-strategy
104,MS08A_F01_WD_0020_N_NNN_0040.wav,MS08A_F01_WD_0020_N_NNN_0040,105,105,105,107,Narrator,narrator,female,narrator,assets/triangle-strategy/approved_voice_references/narrator.wav,...ล่มสลายด้วยน้ำมือของเอสฟรอสต์ไปสองตระกูล,,,PENDING_MANUAL_GENERATION,,triangle-strategy
105,MS08A_F01_WD_0020_N_NNN_0050.wav,MS08A_F01_WD_0020_N_NNN_0050,106,106,106,108,Narrator,narrator,female,narrator,assets/triangle-strategy/approved_voice_references/narrator.wav,เหลือเพียงแค่วูล์ฟฟอร์ตผู้โดดเดี่ยว ท่ามกลางหายนะถาโถม,,,PENDING_MANUAL_GENERATION,,triangle-strategy
106,MS08A_H01_A1_0010_M_BND_0010.wav,MS08A_H01_A1_0010_M_BND_0010,107,107,107,109,Benedict,main,male,benedict,assets/triangle-strategy/approved_voice_references/benedict.wav,ลอร์ดเซเรโนอา...,,,PENDING_MANUAL_GENERATION,,triangle-strategy
107,MS08A_H01_A1_0010_M_BND_0020.wav,MS08A_H01_A1_0010_M_BND_0020,108,108,108,110,Benedict,main,male,benedict,assets/triangle-strategy/approved_voice_references/benedict.wav,ใครเหรอ?,,,PENDING_MANUAL_GENERATION,,triangle-strategy
108,MS08A_H01_A1_0010_M_BND_0040.wav,MS08A_H01_A1_0010_M_BND_0040,109,109,109,111,Benedict,main,male,benedict,assets/triangle-strategy/approved_voice_references/benedict.wav,ยิ่งวันยิ่งวุ่นจริงๆนะท่าน,,,PENDING_MANUAL_GENERATION,,triangle-strategy
109,MS08A_H01_A1_0010_M_BND_0050.wav,MS08A_H01_A1_0010_M_BND_0050,110,110,110,112,Benedict,main,male,benedict,assets/triangle-strategy/approved_voice_references/benedict.wav,ท่านทำหน้าที่หัวหน้าตระกูลวูล์ฟฟอร์ตได้ดีมากแล้วขอรับ ลอร์ดเซเรโนอา,,,PENDING_MANUAL_GENERATION,,triangle-strategy
110,MS08A_H01_A1_0010_M_BND_0060.wav,MS08A_H01_A1_0010_M_BND_0060,111,111,111,113,Benedict,main,male,benedict,assets/triangle-strategy/approved_voice_references/benedict.wav,พ่อของท่านคงภูมิใจ หากได้เห็นท่านในตอนนี้,,,PENDING_MANUAL_GENERATION,,triangle-strategy
111,MS08A_H01_A1_0010_M_M423_0010.wav,MS08A_H01_A1_0010_M_M423_0010,112,112,112,114,ผู้ติดตามวูล์ฟฟอร์ต,generic,male,MALE_ADULT_A,assets/triangle-strategy/approved_voice_references/MALE_ADULT_A.wav,ลอร์ดเซเรโนอา ท่านเบเนดิกต์ มีคนอยากเข้าพบขอรับ,,,PENDING_MANUAL_GENERATION,,triangle-strategy
112,MS08A_H01_A1_0010_M_M423_0020.wav,MS08A_H01_A1_0010_M_M423_0020,113,113,113,115,ผู้ติดตามวูล์ฟฟอร์ต,generic,male,MALE_ADULT_A,assets/triangle-strategy/approved_voice_references/MALE_ADULT_A.wav,ลอร์ดซิลวิโอ้ เทลลิออร์ เขาต้องการเข้าพบลอร์ดเซเรโนอาขอรับ,,,PENDING_MANUAL_GENERATION,,triangle-strategy
113,MS08A_H01_A1_0010_M_M423_0030.wav,MS08A_H01_A1_0010_M_M423_0030,114,114,114,116,ผู้ติดตามวูล์ฟฟอร์ต,generic,male,MALE_ADULT_A,assets/triangle-strategy/approved_voice_references/MALE_ADULT_A.wav,ขอรับ,,,PENDING_MANUAL_GENERATION,,triangle-strategy
114,MS08A_H01_A1_0010_M_SEL_0010.wav,MS08A_H01_A1_0010_M_SEL_0010,115,115,115,117,Serenoa,main,male,serenoa,assets/triangle-strategy/approved_voice_references/serenoa.wav,ท่านพ่อ ได้โปรดเถอะ ลืมตาสิขอรับ! ข้าอยากจะปรึกษาท่านหลายอย่างเลย,,,PENDING_MANUAL_GENERATION,,triangle-strategy
115,MS08A_H01_A1_0010_M_SEL_0020.wav,MS08A_H01_A1_0010_M_SEL_0020,116,116,116,118,Serenoa,main,male,serenoa,assets/triangle-strategy/approved_voice_references/serenoa.wav,จะให้ท่านพ่อเห็นไม่ได้ว่าตอนนี้ข้าอ่อนแอขนาดไหน ข้าต้องเข้มแข็งเข้าไว้,,,PENDING_MANUAL_GENERATION,,triangle-strategy
116,MS08A_H01_A1_0010_M_SEL_0030.wav,MS08A_H01_A1_0010_M_SEL_0030,117,117,117,119,Serenoa,main,male,serenoa,assets/triangle-strategy/approved_voice_references/serenoa.wav,ตระกูลเทลลิออร์มีธุระอันใดกับข้ากันนะ?,,,PENDING_MANUAL_GENERATION,,triangle-strategy
117,MS08A_H01_A1_0010_M_SEL_0035.wav,MS08A_H01_A1_0010_M_SEL_0035,118,118,118,120,Serenoa,main,male,serenoa,assets/triangle-strategy/approved_voice_references/serenoa.wav,ฝากบอกเขาด้วย ว่าเดี๋ยวเราตามไป,,,PENDING_MANUAL_GENERATION,,triangle-strategy
118,MS08A_H01_A1_0010_M_SEL_0040.wav,MS08A_H01_A1_0010_M_SEL_0040,119,119,119,121,Serenoa,main,male,serenoa,assets/triangle-strategy/approved_voice_references/serenoa.wav,ไม่มีเวลาพักหายใจเลย,,,PENDING_MANUAL_GENERATION,,triangle-strategy
119,MS08A_H01_A1_0010_M_SEL_0050.wav,MS08A_H01_A1_0010_M_SEL_0050,120,120,120,122,Serenoa,main,male,serenoa,assets/triangle-strategy/approved_voice_references/serenoa.wav,ข้าจะมาไกลขนาดนี้ได้ไงหากไม่ได้ท่านช่วยเหลือไว้ ขอบคุณนะขอรับ,,,PENDING_MANUAL_GENERATION,,triangle-strategy
120,MS08A_H01_C0_0010_F_LYL_0010.wav,MS08A_H01_C0_0010_F_LYL_0010,121,121,121,123,Lyla,npc,female,lyla,assets/triangle-strategy/approved_voice_references/lyla.wav,แต่ข้ากลับมองว่ามันเป็นโอกาสวิเศษเลยนะ,,,PENDING_MANUAL_GENERATION,,triangle-strategy
121,MS08A_H01_C0_0010_F_LYL_0020.wav,MS08A_H01_C0_0010_F_LYL_0020,122,122,122,124,Lyla,npc,female,lyla,assets/triangle-strategy/approved_voice_references/lyla.wav,เราจะได้ประกาศจุดยืนหลังสงครามซอลท์ไอรอนสักที,,,PENDING_MANUAL_GENERATION,,triangle-strategy
122,MS08A_H01_C0_0010_M_EGS_0010.wav,MS08A_H01_C0_0010_M_EGS_0010,124,124,124,126,Exharme,npc,male,exharme,assets/triangle-strategy/approved_voice_references/exharme.wav,พึ่งทำข้อตกลงไปไม่ทันไรก็ประกาศสงครามซะแล้ว,,,PENDING_MANUAL_GENERATION,,triangle-strategy
123,MS08A_H01_C0_0010_M_EGS_0020.wav,MS08A_H01_C0_0010_M_EGS_0020,125,125,125,127,Exharme,npc,male,exharme,assets/triangle-strategy/approved_voice_references/exharme.wav,...เหมือนว่าท่านอยากจะประกาศสงครามเลยนะ,,,PENDING_MANUAL_GENERATION,,triangle-strategy
124,MS08A_H01_C0_0010_M_IDO_0010.wav,MS08A_H01_C0_0010_M_IDO_0010,126,126,126,128,อีดอร์,npc,male,idore,,ใจเย็นๆก่อนทุกท่าน ไม่เห็นจำเป็นต้องกังวลขนาดนี้เลย,,,BLOCKED_PENDING_REFERENCE_AUDIO,,triangle-strategy
125,MS08A_H01_C0_0010_M_IDO_0020.wav,MS08A_H01_C0_0010_M_IDO_0020,127,127,127,129,อีดอร์,npc,male,idore,,จริงอยู่ที่ปัญหานี้อาจลุกลามมาถึงไฮแซนต์ในสักวัน,,,BLOCKED_PENDING_REFERENCE_AUDIO,,triangle-strategy
126,MS08A_H01_C0_0010_M_IDO_0030.wav,MS08A_H01_C0_0010_M_IDO_0030,128,128,128,130,อีดอร์,npc,male,idore,,แต่ขอให้พวกท่านเชื่อมั่นในคำพูดของหัวหน้านักบวช ในเวลาเช่นนี้เสียเถิด,,,BLOCKED_PENDING_REFERENCE_AUDIO,,triangle-strategy
127,MS08A_H01_C0_0010_M_KNS_0010.wav,MS08A_H01_C0_0010_M_KNS_0010,129,129,129,131,แคมเซลล์,npc,male,kamsell,,สักวันเดี๋ยวพวกมันก็แยกเขี้ยวใส่เรา อย่าปล่อยให้พวกมันทำตามอำเภอใจเลย,,,BLOCKED_PENDING_REFERENCE_AUDIO,,triangle-strategy
128,MS08A_H01_C0_0010_M_KNS_0020.wav,MS08A_H01_C0_0010_M_KNS_0020,130,130,130,132,แคมเซลล์,npc,male,kamsell,,ถ้าให้เลือก ข้าก็อยากดับไฟตั้งแต่เนิ่นๆ ก่อนที่มันจะวอดวายทีหลัง,,,BLOCKED_PENDING_REFERENCE_AUDIO,,triangle-strategy
129,MS08A_H01_C0_0010_M_SLS_0010.wav,MS08A_H01_C0_0010_M_SLS_0010,131,131,131,133,Sorsley,npc,male,sorsley,assets/triangle-strategy/approved_voice_references/sorsley.wav,แสดงว่าราชรัฐต้องการยึดอำนาจเกลนบรู๊คจริงๆด้วย,,,PENDING_MANUAL_GENERATION,,triangle-strategy
130,MS08A_H01_C0_0010_M_SLS_0020.wav,MS08A_H01_C0_0010_M_SLS_0020,132,132,132,134,Sorsley,npc,male,sorsley,assets/triangle-strategy/approved_voice_references/sorsley.wav,แต่องค์ชายโรแลนด์หนีรอดจากเงื้อมมือของพวกเขา และไปลี้ภัยอยู่ในวูล์ฟฟอร์ต,,,PENDING_MANUAL_GENERATION,,triangle-strategy
131,MS08A_H01_C0_0010_M_SLS_0030.wav,MS08A_H01_C0_0010_M_SLS_0030,133,133,133,135,Sorsley,npc,male,sorsley,assets/triangle-strategy/approved_voice_references/sorsley.wav,แถมตอนนี้พวกเขาตั้งค่าหัวองค์ชายโรแลนด์ไว้ด้วย มันเลยไปกระตุ้นให้ผู้คนเริ่มออกล่ากัน,,,PENDING_MANUAL_GENERATION,,triangle-strategy
132,MS08A_H01_VOTE_110_F_HEW_0010.wav,MS08A_H01_VOTE_110_F_HEW_0010,134,134,134,136,Hughette,main,female,hughette,assets/triangle-strategy/approved_voice_references/hughette.wav,เวลาแบบนี้ยังจะมาฉลองอีกเหรอ,,,PENDING_MANUAL_GENERATION,,triangle-strategy
133,MS08A_H01_VOTE_110_M_BND_0030.wav,MS08A_H01_VOTE_110_M_BND_0030,136,136,136,138,Benedict,main,male,benedict,assets/triangle-strategy/approved_voice_references/benedict.wav,...เปล่าขอรับ นายท่าน,,,PENDING_MANUAL_GENERATION,,triangle-strategy
134,MS08A_H01_VOTE_110_M_RLN_0010.wav,MS08A_H01_VOTE_110_M_RLN_0010,137,137,137,139,Roland,main,male,roland,assets/triangle-strategy/approved_voice_references/roland.wav,ได้เลย ขอบคุณนะ,,,PENDING_MANUAL_GENERATION,,triangle-strategy
135,MS08A_H01_VOTE_110_M_SEL_0020.wav,MS08A_H01_VOTE_110_M_SEL_0020,138,138,138,140,Serenoa,main,male,serenoa,assets/triangle-strategy/approved_voice_references/serenoa.wav,มีอะไรรึเปล่าเบเนดิกต์?,,,PENDING_MANUAL_GENERATION,,triangle-strategy
136,MS08A_H01_VOTE_110_M_SLV_0010.wav,MS08A_H01_VOTE_110_M_SLV_0010,139,139,139,141,ซิลวิโอ้,npc,male,silvio,,ไชโย! การร่วมมือกันของเราจะบรรเทาใจประชาชนผู้ทุกข์ร้อนเป็นแน่!,,,BLOCKED_PENDING_REFERENCE_AUDIO,,triangle-strategy
137,MS08A_H01_VOTE_110_M_SLV_0020.wav,MS08A_H01_VOTE_110_M_SLV_0020,140,140,140,142,ซิลวิโอ้,npc,male,silvio,,เอาล่ะองค์ชายโรแลนด์ ตอนนี้ท่านกับตระกูลวูล์ฟฟอร์ตแค่ต้องเดินทางมาที่เทลลิออร์ขอรับ,,,BLOCKED_PENDING_REFERENCE_AUDIO,,triangle-strategy
138,MS08A_H01_VOTE_110_M_SLV_0040.wav,MS08A_H01_VOTE_110_M_SLV_0040,141,141,141,143,ซิลวิโอ้,npc,male,silvio,,ท่านไม่ต้องกังวลอะไรทั้งนั้น ที่เหลือข้าจัดการเองขอรับ,,,BLOCKED_PENDING_REFERENCE_AUDIO,,triangle-strategy
139,MS08A_H01_VOTE_110_M_SLV_0050.wav,MS08A_H01_VOTE_110_M_SLV_0050,142,142,142,144,ซิลวิโอ้,npc,male,silvio,,ข้าต้องรีบกลับไปจัดงานฉลองยิ่งใหญ่ที่เทลลิออร์เนื่องในโอกาสนี้แล้วล่ะ,,,BLOCKED_PENDING_REFERENCE_AUDIO,,triangle-strategy
140,MS08A_H01_VOTE_120_M_BND_0010.wav,MS08A_H01_VOTE_120_M_BND_0010,143,143,143,145,Benedict,main,male,benedict,assets/triangle-strategy/approved_voice_references/benedict.wav,แล้วทำไมเราต้องสนด้วยล่ะท่าน?,,,PENDING_MANUAL_GENERATION,,triangle-strategy
141,MS08A_H01_VOTE_120_M_BND_0020.wav,MS08A_H01_VOTE_120_M_BND_0020,144,144,144,146,Benedict,main,male,benedict,assets/triangle-strategy/approved_voice_references/benedict.wav,พวกเราสู้ไม่ไหวแล้ว ลอร์ดซิลวิโอ้ ง่ายๆแค่นั้นเลยขอรับ,,,PENDING_MANUAL_GENERATION,,triangle-strategy
142,MS08A_H01_VOTE_120_M_SEL_0010.wav,MS08A_H01_VOTE_120_M_SEL_0010,145,145,145,147,Serenoa,main,male,serenoa,assets/triangle-strategy/approved_voice_references/serenoa.wav,พวกเราตัดสินใจเลือกแล้ว หวังว่าท่านจะเข้าใจเรานะ,,,PENDING_MANUAL_GENERATION,,triangle-strategy
143,MS08A_H01_VOTE_120_M_SLV_0010.wav,MS08A_H01_VOTE_120_M_SLV_0010,146,146,146,148,ซิลวิโอ้,npc,male,silvio,,บ้ารึเปล่า!?,,,BLOCKED_PENDING_REFERENCE_AUDIO,,triangle-strategy
144,MS08A_H01_VOTE_120_M_SLV_0020.wav,MS08A_H01_VOTE_120_M_SLV_0020,147,147,147,149,ซิลวิโอ้,npc,male,silvio,,ก็คือจะนิ่งเฉยดูอาณาจักรล่มสลายว่างั้นเถอะ?,,,BLOCKED_PENDING_REFERENCE_AUDIO,,triangle-strategy
145,MS08A_H01_VOTE_120_M_SLV_0030.wav,MS08A_H01_VOTE_120_M_SLV_0030,148,148,148,150,ซิลวิโอ้,npc,male,silvio,,ข้าไม่เข้าใจ! ช่วยพิจารณาใหม่อีกครั้งด้วย! ไม่งั้นตระกูลเทลลิออร์ได้ลิ้มรสโทสะแห่งเอสฟรอสต์แน่!,,,BLOCKED_PENDING_REFERENCE_AUDIO,,triangle-strategy
146,MS08A_H01_VOTE_120_M_SLV_0040.wav,MS08A_H01_VOTE_120_M_SLV_0040,149,149,149,151,ซิลวิโอ้,npc,male,silvio,,...ชิ,,,BLOCKED_PENDING_REFERENCE_AUDIO,,triangle-strategy
147,MS08A_H01_VOTE_120_M_SLV_0050.wav,MS08A_H01_VOTE_120_M_SLV_0050,150,150,150,152,ซิลวิโอ้,npc,male,silvio,,...ก็ขอให้พวกเราพบเจอกับสิ่งที่แย่กว่าความตายก็แล้วกัน,,,BLOCKED_PENDING_REFERENCE_AUDIO,,triangle-strategy
148,MS08A_H01_VOTE_START_F_FRE_0010.wav,MS08A_H01_VOTE_START_F_FRE_0010,151,151,151,153,Frederica,main,female,frederica,assets/triangle-strategy/approved_voice_references/frederica.wav,พวกเราต้องการความช่วยเหลือเท่าที่จะหาได้ แม้ข้าอยากจะแก้ปัญหาด้วยสันติวิธีก็ตาม...,,,PENDING_MANUAL_GENERATION,,triangle-strategy
149,MS08A_H01_VOTE_START_M_BND_0010.wav,MS08A_H01_VOTE_START_M_BND_0010,152,152,152,154,Benedict,main,male,benedict,assets/triangle-strategy/approved_voice_references/benedict.wav,สรุปคือ ท่านต้องการให้ตระกูลทั้งสามร่วมมือต่อกรกับราชรัฐสินะ,,,PENDING_MANUAL_GENERATION,,triangle-strategy
150,MS08A_H01_VOTE_START_M_BND_0020.wav,MS08A_H01_VOTE_START_M_BND_0020,153,153,153,155,Benedict,main,male,benedict,assets/triangle-strategy/approved_voice_references/benedict.wav,ใช่ไหมขอรับ ลอร์ดซิลวิโอ้?,,,PENDING_MANUAL_GENERATION,,triangle-strategy
151,MS08A_H01_VOTE_START_M_BND_0030.wav,MS08A_H01_VOTE_START_M_BND_0030,154,154,154,156,Benedict,main,male,benedict,assets/triangle-strategy/approved_voice_references/benedict.wav,ตระกูลฟ็อลคส์อุทิศตนเพื่อราชวงศ์อย่างมาก พวกเขาไม่ปฏิเสธการสู้รบหรอก,,,PENDING_MANUAL_GENERATION,,triangle-strategy
152,MS08A_H01_VOTE_START_M_BND_0040.wav,MS08A_H01_VOTE_START_M_BND_0040,155,155,155,157,Benedict,main,male,benedict,assets/triangle-strategy/approved_voice_references/benedict.wav,เรายอมรับข้อเสนอของลอร์ดซิลวิโอ้ดีไหมขอรับ นายท่าน?,,,PENDING_MANUAL_GENERATION,,triangle-strategy
153,MS08A_H01_VOTE_START_M_ELA_0010.wav,MS08A_H01_VOTE_START_M_ELA_0010,156,156,156,158,Erador,main,male,erador,assets/triangle-strategy/approved_voice_references/erador.wav,แล้วลอร์ดแลนดรอยจะเห็นด้วยไหมเนี่ย,,,PENDING_MANUAL_GENERATION,,triangle-strategy
154,MS08A_H01_VOTE_START_M_RLN_0010.wav,MS08A_H01_VOTE_START_M_RLN_0010,157,157,157,159,Roland,main,male,roland,assets/triangle-strategy/approved_voice_references/roland.wav,ท่านกำลังเสนอให้ไตรตระกูลสูงศักดิ์ผู้ยุติสงครามซอลท์ไอรอนกลับมาร่วมมือกันสินะ...,,,PENDING_MANUAL_GENERATION,,triangle-strategy
155,MS08A_H01_VOTE_START_M_RLN_0020.wav,MS08A_H01_VOTE_START_M_RLN_0020,158,158,158,160,Roland,main,male,roland,assets/triangle-strategy/approved_voice_references/roland.wav,โล่งใจจริงๆ ที่ท่านจะช่วยเราอีกครั้ง,,,PENDING_MANUAL_GENERATION,,triangle-strategy
156,MS08A_H01_VOTE_START_M_SEL_0005.wav,MS08A_H01_VOTE_START_M_SEL_0005,159,159,159,161,Serenoa,main,male,serenoa,assets/triangle-strategy/approved_voice_references/serenoa.wav,เป็นแผนการที่ดีเยี่ยมจริงๆ ขอบคุณที่ท่านเตรียมการเพื่อเราในระหว่างนี้ด้วยนะ,,,PENDING_MANUAL_GENERATION,,triangle-strategy
157,MS08A_H01_VOTE_START_M_SEL_0010.wav,MS08A_H01_VOTE_START_M_SEL_0010,160,160,160,162,Serenoa,main,male,serenoa,assets/triangle-strategy/approved_voice_references/serenoa.wav,ว่าที่เจ้าสาวของข้าไม่มีส่วนเกี่ยวข้องกับการกระทำของราชรัฐเลย,,,PENDING_MANUAL_GENERATION,,triangle-strategy
158,MS08A_H01_VOTE_START_M_SEL_0020.wav,MS08A_H01_VOTE_START_M_SEL_0020,161,161,161,163,Serenoa,main,male,serenoa,assets/triangle-strategy/approved_voice_references/serenoa.wav,ไปเอาตาชั่งมา เบเนดิกต์ เราจะร่วมตัดสินเส้นทางไปด้วยกัน,,,PENDING_MANUAL_GENERATION,,triangle-strategy
159,MS08A_H01_VOTE_START_M_SLV_0010.wav,MS08A_H01_VOTE_START_M_SLV_0010,162,162,162,164,ซิลวิโอ้,npc,male,silvio,,ใช่แล้วล่ะ ข้าเชื่อว่าเรามีหน้าที่ต้องสู้,,,BLOCKED_PENDING_REFERENCE_AUDIO,,triangle-strategy
160,MS08A_H01_VOTE_START_M_SLV_0020.wav,MS08A_H01_VOTE_START_M_SLV_0020,163,163,163,165,ซิลวิโอ้,npc,male,silvio,,แม้ว่าบางคนจะสั่นกลัวในพลังอำนาจของราชรัฐจนตัวแข็งทื่อ,,,BLOCKED_PENDING_REFERENCE_AUDIO,,triangle-strategy
161,MS08A_H01_VOTE_START_M_SLV_0030.wav,MS08A_H01_VOTE_START_M_SLV_0030,164,164,164,166,ซิลวิโอ้,npc,male,silvio,,แต่ข้ารู้สึกว่าการร่วมมือกันของทั้งสามตระกูลคือหนทางเดียวที่จะทำให้พวกเขาสามัคคีกันอีกครั้ง,,,BLOCKED_PENDING_REFERENCE_AUDIO,,triangle-strategy
162,MS08A_H01_VOTE_START_M_SLV_0032.wav,MS08A_H01_VOTE_START_M_SLV_0032,165,165,165,167,ซิลวิโอ้,npc,male,silvio,,บัดนี้ทหารของข้านั้นพร้อมแล้ว ขอเชิญพวกท่านมาที่เทลลิออร์เพื่อเตรียมจู่โจมเอสฟรอสต์ด้วยกันเสียเถิด!,,,BLOCKED_PENDING_REFERENCE_AUDIO,,triangle-strategy
163,MS08A_H01_VOTE_START_M_SLV_0037.wav,MS08A_H01_VOTE_START_M_SLV_0037,166,166,166,168,ซิลวิโอ้,npc,male,silvio,,แน่นอนว่าองค์ชายจะปลอดภัยเมื่ออยู่กับเรา,,,BLOCKED_PENDING_REFERENCE_AUDIO,,triangle-strategy
164,MS08A_H01_VOTE_START_M_SLV_0040.wav,MS08A_H01_VOTE_START_M_SLV_0040,167,167,167,169,ซิลวิโอ้,npc,male,silvio,,ใช่แล้วล่ะ พวกเขาได้ผลประโยชน์จากดินแดนที่ยึดครองในสงคราม,,,BLOCKED_PENDING_REFERENCE_AUDIO,,triangle-strategy
165,MS08A_H01_VOTE_START_M_SLV_0050.wav,MS08A_H01_VOTE_START_M_SLV_0050,168,168,168,170,ซิลวิโอ้,npc,male,silvio,,พูดเหมือนว่าพี่ท่านไม่มีส่วนผิดเลยนะ,,,BLOCKED_PENDING_REFERENCE_AUDIO,,triangle-strategy
166,MS08A_H01_VOTE_START_M_SLV_0060.wav,MS08A_H01_VOTE_START_M_SLV_0060,169,169,169,171,ซิลวิโอ้,npc,male,silvio,,...ขออภัยที่ปากเสียขอรับ,,,BLOCKED_PENDING_REFERENCE_AUDIO,,triangle-strategy
167,MS08A_H01_VOTE_START_M_SLV_0070.wav,MS08A_H01_VOTE_START_M_SLV_0070,170,170,170,172,ซิลวิโอ้,npc,male,silvio,,แต่พวกเราเหลือเวลาไม่มากแล้วล่ะ ข้าขอฟังคำตอบจากปากท่านเลยได้ไหม?,,,BLOCKED_PENDING_REFERENCE_AUDIO,,triangle-strategy
168,MS08A_H01_WD_0010_N_NNN_0010.wav,MS08A_H01_WD_0010_N_NNN_0010,171,171,171,173,Narrator,narrator,female,narrator,assets/triangle-strategy/approved_voice_references/narrator.wav,ตระกูลวูล์ฟฟอร์ตเอาชนะกองทัพผู้บัญชาการอัฟโลร่าและขับไล่พวกเขาออกไปจากเกลนบรู๊ค,,,PENDING_MANUAL_GENERATION,,triangle-strategy
169,MS08A_H01_WD_0010_N_NNN_0020.wav,MS08A_H01_WD_0010_N_NNN_0020,172,172,172,174,Narrator,narrator,female,narrator,assets/triangle-strategy/approved_voice_references/narrator.wav,ท่ามกลางชัยชนะของพวกเขา โรแลนด์ร้องไห้ด้วยความเศร้าใจต่อทุกชีวิตที่สละชีพเพื่อเขา,,,PENDING_MANUAL_GENERATION,,triangle-strategy
170,MS08A_H01_WD_0010_N_NNN_0030.wav,MS08A_H01_WD_0010_N_NNN_0030,173,173,173,175,Narrator,narrator,female,narrator,assets/triangle-strategy/approved_voice_references/narrator.wav,เกลนบรู๊คนั้นปราศจากอำนาจ แต่พวกเขาต้องปกป้องชีวิตขององค์ชายเอาไว้,,,PENDING_MANUAL_GENERATION,,triangle-strategy
171,MS08A_H01_WD_0010_N_NNN_0040.wav,MS08A_H01_WD_0010_N_NNN_0040,174,174,174,176,Narrator,narrator,female,narrator,assets/triangle-strategy/approved_voice_references/narrator.wav,การสมรู้ร่วมคิดและการต่อสู้เพื่ออำนาจเกี่ยวกับสายเลือดของโรแลนด์ยังคงทำให้แผ่นดินแดงฉานต่อไป...,,,PENDING_MANUAL_GENERATION,,triangle-strategy
172,MS08A_X10_A0_0010_F_ABR_0010.wav,MS08A_X10_A0_0010_F_ABR_0010,175,175,175,177,Avlora,npc,female,avlora,assets/triangle-strategy/approved_voice_references/avlora.wav,ได้โปรด ข้าขอโอกาสท่านอีกสักครั้งนะเจ้าคะ ครั้งนี้จะไม่พลาดอีกเด็ดขาด!,,,PENDING_MANUAL_GENERATION,,triangle-strategy
173,MS08A_X10_A0_0010_F_ABR_0030.wav,MS08A_X10_A0_0010_F_ABR_0030,177,177,177,179,Avlora,npc,female,avlora,assets/triangle-strategy/approved_voice_references/avlora.wav,ลอร์ดแลนดรอย ฟ็อลคส์ มีชื่อเสียงด้านการยิงธนูนะเจ้าคะ,,,PENDING_MANUAL_GENERATION,,triangle-strategy
174,MS08A_X10_A0_0010_F_ABR_0040.wav,MS08A_X10_A0_0010_F_ABR_0040,178,178,178,180,Avlora,npc,female,avlora,assets/triangle-strategy/approved_voice_references/avlora.wav,ได้แน่นอนเจ้าค่ะ,,,PENDING_MANUAL_GENERATION,,triangle-strategy
175,MS08A_X10_A0_0010_M_GST_0020.wav,MS08A_X10_A0_0010_M_GST_0020,179,179,179,181,กุสตาดอล์ฟ,npc,male,gustadolph,,พวกเราใช้มาตรการต่อต้านวูล์ฟฟอร์ตไปแล้ว ตอนนี้เบี้ยที่เหมาะสมปรากฎตัวต่อหน้าเราแล้วล่ะ,,,BLOCKED_PENDING_REFERENCE_AUDIO,,triangle-strategy
176,MS08A_X10_A0_0010_M_GST_0030.wav,MS08A_X10_A0_0010_M_GST_0030,180,180,180,182,กุสตาดอล์ฟ,npc,male,gustadolph,,ตอนนี้ข้าควรจะระวังครอบครัวของตัวเองมากกว่าใครอื่นด้วยซ้ำ,,,BLOCKED_PENDING_REFERENCE_AUDIO,,triangle-strategy
177,MS08A_X10_A0_0010_M_GST_0040.wav,MS08A_X10_A0_0010_M_GST_0040,181,181,181,183,กุสตาดอล์ฟ,npc,male,gustadolph,,ฟ็อลคส์เป็นตระกูลสุดท้ายที่หลงเหลืออยู่ เจ้ารู้ใช่ไหมว่าต้องทำอะไร,,,BLOCKED_PENDING_REFERENCE_AUDIO,,triangle-strategy
178,MS08A_X10_A0_0010_M_GST_0050.wav,MS08A_X10_A0_0010_M_GST_0050,182,182,182,184,กุสตาดอล์ฟ,npc,male,gustadolph,,เขากล้ายิงธนูใส่อาจารย์ของเจ้าในสงคราม แล้วเจ้าคิดว่าปราบเขาได้ไหมล่ะ?,,,BLOCKED_PENDING_REFERENCE_AUDIO,,triangle-strategy
179,MS08A_X10_A1_0010_F_ANA_0010.wav,MS08A_X10_A1_0010_F_ANA_0010,183,183,183,185,Anna,main,female,anna,assets/triangle-strategy/approved_voice_references/anna.wav,ได้ข่าวว่าเขาเพิ่งไปที่ปราสาทไวท์โฮล์มเมื่อไม่นานมานี้เองเจ้าค่ะ,,,PENDING_MANUAL_GENERATION,,triangle-strategy
180,MS08A_X10_A1_0010_F_ANA_0020.wav,MS08A_X10_A1_0010_F_ANA_0020,184,184,184,186,Anna,main,female,anna,assets/triangle-strategy/approved_voice_references/anna.wav,สายสืบของเราในเทลลิออร์ก็รายงานมาแบบนี้เหมือนกัน,,,PENDING_MANUAL_GENERATION,,triangle-strategy
181,MS08A_X10_A1_0010_F_ANA_0030.wav,MS08A_X10_A1_0010_F_ANA_0030,185,185,185,187,Anna,main,female,anna,assets/triangle-strategy/approved_voice_references/anna.wav,มีคนบอกข้าว่าเทลลิออร์จ้างชายคนหนึ่งชื่อรูฟัสมาคอยคุ้มกันด้วยล่ะ,,,PENDING_MANUAL_GENERATION,,triangle-strategy
182,MS08A_X10_A1_0010_F_ANA_0040.wav,MS08A_X10_A1_0010_F_ANA_0040,186,186,186,188,Anna,main,female,anna,assets/triangle-strategy/approved_voice_references/anna.wav,"เขาคือนักล่าค่าหัวที่ถูกขนานนามว่า ""ผู้พิชิตวีรชน"" เขาถูกขับเคลื่อนด้วยเงินเท่านั้น",,,PENDING_MANUAL_GENERATION,,triangle-strategy
183,MS08A_X10_A1_0010_F_ANA_0050.wav,MS08A_X10_A1_0010_F_ANA_0050,187,187,187,189,Anna,main,female,anna,assets/triangle-strategy/approved_voice_references/anna.wav,จากที่พูดมา เขาเป็นนักสู้อำมหิต เราอย่าประมาทเขาเลยดีกว่าเจ้าค่ะ,,,PENDING_MANUAL_GENERATION,,triangle-strategy
184,MS08A_X10_A1_0010_M_BND_0010.wav,MS08A_X10_A1_0010_M_BND_0010,188,188,188,190,Benedict,main,male,benedict,assets/triangle-strategy/approved_voice_references/benedict.wav,...สรุปคือ ลอร์ดซิลวิโอ้ติดต่อกับเอสฟรอสต์สินะ,,,PENDING_MANUAL_GENERATION,,triangle-strategy
185,MS08A_X10_A1_0010_M_BND_0020.wav,MS08A_X10_A1_0010_M_BND_0020,189,189,189,191,Benedict,main,male,benedict,assets/triangle-strategy/approved_voice_references/benedict.wav,นี่คือเหตุผลที่เขาถูกขนานนามว่านักฉวยโอกาส ซึ่งตอนนี้เขามีเป้าหมายเพียงหนึ่งเดียว,,,PENDING_MANUAL_GENERATION,,triangle-strategy
186,MS08A_X10_A1_0010_M_BND_0030.wav,MS08A_X10_A1_0010_M_BND_0030,190,190,190,192,Benedict,main,male,benedict,assets/triangle-strategy/approved_voice_references/benedict.wav,แล้วเจ้ารู้อะไรเกี่ยวกับชายคนนี้บ้าง?,,,PENDING_MANUAL_GENERATION,,triangle-strategy
187,MS08A_X10_A1_0010_M_BND_0040.wav,MS08A_X10_A1_0010_M_BND_0040,191,191,191,193,Benedict,main,male,benedict,assets/triangle-strategy/approved_voice_references/benedict.wav,แสดงว่าเขาเอาจริง เราต้องเตรียมแผนรับมือขอรับ,,,PENDING_MANUAL_GENERATION,,triangle-strategy
188,MS08A_X10_A1_0010_M_SEL_0010.wav,MS08A_X10_A1_0010_M_SEL_0010,192,192,192,194,Serenoa,main,male,serenoa,assets/triangle-strategy/approved_voice_references/serenoa.wav,คือการจับองค์ชายโรแลนด์เพื่อต่อรองกับเอสฟรอสต์,,,PENDING_MANUAL_GENERATION,,triangle-strategy
189,MS08A_X10_A1_0010_M_SEL_0020.wav,MS08A_X10_A1_0010_M_SEL_0020,193,193,193,195,Serenoa,main,male,serenoa,assets/triangle-strategy/approved_voice_references/serenoa.wav,ซิลวิโอ้มันจ้างคนแบบนี้มาได้ไงเนี่ย...,,,PENDING_MANUAL_GENERATION,,triangle-strategy
190,MS08A_X10_A1_0010_M_SEL_0030.wav,MS08A_X10_A1_0010_M_SEL_0030,194,194,194,196,Serenoa,main,male,serenoa,assets/triangle-strategy/approved_voice_references/serenoa.wav,เข้าใจแล้ว ท่านช่วยตามคนอื่นมาหน่อยนะ เรามีเรื่องต้องคุยกัน,,,PENDING_MANUAL_GENERATION,,triangle-strategy
191,MS08A_X10_A1_0020_F_ANA_0010.wav,MS08A_X10_A1_0020_F_ANA_0010,195,195,195,197,Anna,main,female,anna,assets/triangle-strategy/approved_voice_references/anna.wav,ใช่แล้วล่ะ มีทหารนับไม่ถ้วนที่ย่างกรายอยู่บริเวณนี้เจ้าค่ะ,,,PENDING_MANUAL_GENERATION,,triangle-strategy
192,MS08A_X10_A1_0020_F_FRE_0010.wav,MS08A_X10_A1_0020_F_FRE_0010,196,196,196,198,Frederica,main,female,frederica,assets/triangle-strategy/approved_voice_references/frederica.wav,เราเชื่อใจใครไม่ได้แล้ว...,,,PENDING_MANUAL_GENERATION,,triangle-strategy
193,MS08A_X10_A1_0020_F_HEW_0010.wav,MS08A_X10_A1_0020_F_HEW_0010,197,197,197,199,Hughette,main,female,hughette,assets/triangle-strategy/approved_voice_references/hughette.wav,เอาองค์ชายมาต่อรองเนี่ยนะ!? ไม่มียางอายบ้างหรือไงกัน!?,,,PENDING_MANUAL_GENERATION,,triangle-strategy
194,MS08A_X10_A1_0020_F_YRA_0010.wav,MS08A_X10_A1_0020_F_YRA_0010,198,198,198,200,Geela,main,female,geela,assets/triangle-strategy/approved_voice_references/geela.wav,เขาเตรียมแผนสำรองเผื่อว่าเราจะปฏิเสธเขาด้วยสินะ ไม่แปลกใจจริงๆที่ถูกเรียกว่านักฉวยโอกาส,,,PENDING_MANUAL_GENERATION,,triangle-strategy
195,MS08A_X10_A1_0020_M_BND_0010.wav,MS08A_X10_A1_0020_M_BND_0010,199,199,199,201,Benedict,main,male,benedict,assets/triangle-strategy/approved_voice_references/benedict.wav,ใช่ขอรับ เขาทำการติดต่อกับเอสฟรอสต์ก่อนหน้านี้,,,PENDING_MANUAL_GENERATION,,triangle-strategy
196,MS08A_X10_A1_0020_M_BND_0020.wav,MS08A_X10_A1_0020_M_BND_0020,200,200,200,202,Benedict,main,male,benedict,assets/triangle-strategy/approved_voice_references/benedict.wav,เขาคงคิดว่าก้มหัวให้เอสฟรอสต์อย่างเดียวคงไม่พอ เลยอยากจะใช้ท่านเพื่อเอาใจอาร์ชดยุกขอรับ,,,PENDING_MANUAL_GENERATION,,triangle-strategy
197,MS08A_X10_A1_0020_M_BND_0030.wav,MS08A_X10_A1_0020_M_BND_0030,201,201,201,203,Benedict,main,male,benedict,assets/triangle-strategy/approved_voice_references/benedict.wav,เราตัดสินใจดีที่สุดแล้วล่ะ,,,PENDING_MANUAL_GENERATION,,triangle-strategy
198,MS08A_X10_A1_0020_M_BND_0040.wav,MS08A_X10_A1_0020_M_BND_0040,202,202,202,204,Benedict,main,male,benedict,assets/triangle-strategy/approved_voice_references/benedict.wav,ขืนปฏิเสธไปก็จะโดนเขาเล่นงานอยู่ดี,,,PENDING_MANUAL_GENERATION,,triangle-strategy
199,MS08A_X10_A1_0020_M_BND_0050.wav,MS08A_X10_A1_0020_M_BND_0050,203,203,203,205,Benedict,main,male,benedict,assets/triangle-strategy/approved_voice_references/benedict.wav,นายท่าน เราต้องลงมือก่อนนะขอรับ,,,PENDING_MANUAL_GENERATION,,triangle-strategy
200,MS08A_X10_A1_0020_M_BND_0060.wav,MS08A_X10_A1_0020_M_BND_0060,204,204,204,206,Benedict,main,male,benedict,assets/triangle-strategy/approved_voice_references/benedict.wav,ตอนนี้พวกเราได้เปรียบเพราะรู้ทันแผนของเขา เราต้องทำทุกหนทางเพื่ออยู่รอดนะขอรับ,,,PENDING_MANUAL_GENERATION,,triangle-strategy
201,MS08A_X10_A1_0020_M_BND_0070.wav,MS08A_X10_A1_0020_M_BND_0070,205,205,205,207,Benedict,main,male,benedict,assets/triangle-strategy/approved_voice_references/benedict.wav,ใช่ขอรับ เป้าหมายของเขาคือการจับองค์ชายโรแลนด์,,,PENDING_MANUAL_GENERATION,,triangle-strategy
202,MS08A_X10_A1_0020_M_BND_0080.wav,MS08A_X10_A1_0020_M_BND_0080,206,206,206,208,Benedict,main,male,benedict,assets/triangle-strategy/approved_voice_references/benedict.wav,เมื่อเราอยู่ในแคว้นของเขาแล้ว เขาจะใช้มาตรการขั้นสุดยอดเพื่อจับองค์ชายโรแลนด์ ในกรณีนั้น...,,,PENDING_MANUAL_GENERATION,,triangle-strategy
203,MS08A_X10_A1_0020_M_ELA_0010.wav,MS08A_X10_A1_0020_M_ELA_0010,207,207,207,209,Erador,main,male,erador,assets/triangle-strategy/approved_voice_references/erador.wav,ไอ้เลวนั่นมันต้มเราซะเปื่อย,,,PENDING_MANUAL_GENERATION,,triangle-strategy
204,MS08A_X10_A1_0020_M_RLN_0010.wav,MS08A_X10_A1_0020_M_RLN_0010,208,208,208,210,Roland,main,male,roland,assets/triangle-strategy/approved_voice_references/roland.wav,ข้อเสนอของลอร์ดซิลวิโอ้เป็นแค่แผนการหลอกจับข้างั้นเหรอ?,,,PENDING_MANUAL_GENERATION,,triangle-strategy
205,MS08A_X10_A1_0020_M_SEL_0010.wav,MS08A_X10_A1_0020_M_SEL_0010,209,209,209,211,Serenoa,main,male,serenoa,assets/triangle-strategy/approved_voice_references/serenoa.wav,หมายถึงจะให้เราสู้กับลอร์ดซิลวิโอ้งั้นเหรอ?,,,PENDING_MANUAL_GENERATION,,triangle-strategy
206,MS08A_X10_A1_0020_M_SEL_0020.wav,MS08A_X10_A1_0020_M_SEL_0020,210,210,210,212,Serenoa,main,male,serenoa,assets/triangle-strategy/approved_voice_references/serenoa.wav,...สงครามเริ่มแล้วสินะ,,,PENDING_MANUAL_GENERATION,,triangle-strategy
207,MS08A_X10_A1_1010_F_TRI_0010.wav,MS08A_X10_A1_1010_F_TRI_0010,211,211,211,213,Trish,npc,female,trish,assets/triangle-strategy/approved_voice_references/trish.wav,ได้ข่าวว่าเขาตั้งค่าหัวองค์ชายไว้สูงมากเลยนะป๊า,,,PENDING_MANUAL_GENERATION,,triangle-strategy
208,MS08A_X10_A1_1010_F_TRI_0020.wav,MS08A_X10_A1_1010_F_TRI_0020,212,212,212,214,Trish,npc,female,trish,assets/triangle-strategy/approved_voice_references/trish.wav,จับเขาได้คงรวยเละแน่!,,,PENDING_MANUAL_GENERATION,,triangle-strategy
209,MS08A_X10_A1_1010_F_TRI_0030.wav,MS08A_X10_A1_1010_F_TRI_0030,213,213,213,215,Trish,npc,female,trish,assets/triangle-strategy/approved_voice_references/trish.wav,ขืนส่งตัวไปคงโดนฆ่าแน่...,,,PENDING_MANUAL_GENERATION,,triangle-strategy
210,MS08A_X10_A1_1010_F_TRI_0040.wav,MS08A_X10_A1_1010_F_TRI_0040,214,214,214,216,Trish,npc,female,trish,assets/triangle-strategy/approved_voice_references/trish.wav,แต่เงินรางวัลมันล่อใจอยู่นะ...,,,PENDING_MANUAL_GENERATION,,triangle-strategy
211,MS08A_X10_A1_1010_M_TRA_0010.wav,MS08A_X10_A1_1010_M_TRA_0010,215,215,215,217,Travis,npc,male,travis,assets/triangle-strategy/approved_voice_references/travis.wav,ข้าไม่รู้ต้องคาดหวังอะไรจากการที่เอสฟรอสต์ยึดครองเกลนบรู๊คแล้วล่ะ,,,PENDING_MANUAL_GENERATION,,triangle-strategy
212,MS08A_X10_A1_1010_M_TRA_0020.wav,MS08A_X10_A1_1010_M_TRA_0020,216,216,216,218,Travis,npc,male,travis,assets/triangle-strategy/approved_voice_references/travis.wav,การลักพาตัวเชื้อพระวงศ์นี่ความฝันข้าเลย แต่...องค์ชายแห่งอาณาจักรล่มสลายเนี่ยนะ...,,,PENDING_MANUAL_GENERATION,,triangle-strategy
213,MS08A_X10_A1_1010_M_TRA_0030.wav,MS08A_X10_A1_1010_M_TRA_0030,217,217,217,219,Travis,npc,male,travis,assets/triangle-strategy/approved_voice_references/travis.wav,แต่เงินรางวัลมันล่อใจอยู่นะ...,,,PENDING_MANUAL_GENERATION,,triangle-strategy
214,MS08A_X10_A2_0010_M_M042_0010.wav,MS08A_X10_A2_0010_M_M042_0010,218,218,218,220,ชายผู้หวาดกลัว,generic,male,MALE_ADULT_A,assets/triangle-strategy/approved_voice_references/MALE_ADULT_A.wav,อ้าก!,,,PENDING_MANUAL_GENERATION,,triangle-strategy
215,MS08A_X10_A2_0010_M_M042_0020.wav,MS08A_X10_A2_0010_M_M042_0020,219,219,219,221,ชายผู้หวาดกลัว,generic,male,MALE_ADULT_A,assets/triangle-strategy/approved_voice_references/MALE_ADULT_A.wav,ยะ-อย่านะ! ไว้ชีวิตข้าด้วย! ขอร้องล่ะ!,,,PENDING_MANUAL_GENERATION,,triangle-strategy
216,MS08A_X10_A2_0010_M_ROF_0010.wav,MS08A_X10_A2_0010_M_ROF_0010,220,220,220,222,รูฟัส,npc,male,rufus,,นี่เรียกคนพวกนี้ว่าทหารจริงๆ เหรอเนี่ย ซิลวิโอ้? ทำไมกากขนาดนี้,,,BLOCKED_PENDING_REFERENCE_AUDIO,,triangle-strategy
217,MS08A_X10_A2_0010_M_ROF_0020.wav,MS08A_X10_A2_0010_M_ROF_0020,221,221,221,223,รูฟัส,npc,male,rufus,,พวกเขาไม่น่าตอบรับข้อเสนอของเจ้าเลย...,,,BLOCKED_PENDING_REFERENCE_AUDIO,,triangle-strategy
218,MS08A_X10_A2_0010_M_ROF_0030.wav,MS08A_X10_A2_0010_M_ROF_0030,222,222,222,224,รูฟัส,npc,male,rufus,,ข้าเกลียดงานสกปรก ครั้งนี้ขอจ่ายสองเท่า,,,BLOCKED_PENDING_REFERENCE_AUDIO,,triangle-strategy
219,MS08A_X10_A2_0010_M_SLV_0010.wav,MS08A_X10_A2_0010_M_SLV_0010,223,223,223,225,ซิลวิโอ้,npc,male,silvio,,พอได้แล้วรูฟัส,,,BLOCKED_PENDING_REFERENCE_AUDIO,,triangle-strategy
220,MS08A_X10_A2_0010_M_SLV_0020.wav,MS08A_X10_A2_0010_M_SLV_0020,224,224,224,226,ซิลวิโอ้,npc,male,silvio,,ไว้เจ้าไประบายกับวูล์ฟฟอร์ตก็ได้ พวกมันตอบรับข้อเสนอข้าไปแล้ว,,,BLOCKED_PENDING_REFERENCE_AUDIO,,triangle-strategy
221,MS08A_X10_A2_0010_M_SLV_0030.wav,MS08A_X10_A2_0010_M_SLV_0030,225,225,225,227,ซิลวิโอ้,npc,male,silvio,,เจ้าได้สิทธินั้นเดี๋ยวนี้,,,BLOCKED_PENDING_REFERENCE_AUDIO,,triangle-strategy
222,MS08A_X10_A2_0010_M_SLV_0040.wav,MS08A_X10_A2_0010_M_SLV_0040,226,226,226,228,ซิลวิโอ้,npc,male,silvio,,งานเลี้ยงจบเมื่อไหร่เจ้าลงมือได้เลย ไว้ชีวิตแค่โรแลนด์นะ,,,BLOCKED_PENDING_REFERENCE_AUDIO,,triangle-strategy
223,MS08A_X10_A3_0010_M_LND_0010.wav,MS08A_X10_A3_0010_M_LND_0010,227,227,227,229,แลนดรอย,npc,male,landroi,,...บ้าบอที่สุด นี่ข้าต้องมาเห็นตระกูลทั้งสามตีกันเองเหรอเนี่ย,,,BLOCKED_PENDING_REFERENCE_AUDIO,,triangle-strategy
224,MS08A_X10_A3_0010_M_LND_0020.wav,MS08A_X10_A3_0010_M_LND_0020,228,228,228,230,แลนดรอย,npc,male,landroi,,เกลนบรู๊คอันรุ่งโรจน์คงกลายเป็นอดีตไปแล้ว...,,,BLOCKED_PENDING_REFERENCE_AUDIO,,triangle-strategy
225,MS08A_X10_A3_0010_M_LND_0030.wav,MS08A_X10_A3_0010_M_LND_0030,229,229,229,231,แลนดรอย,npc,male,landroi,,ยุคมืดแห่งสงครามมาเยือนเราอีกครั้ง...,,,BLOCKED_PENDING_REFERENCE_AUDIO,,triangle-strategy
226,MS08A_X10_A3_0010_M_LND_0040.wav,MS08A_X10_A3_0010_M_LND_0040,230,230,230,232,แลนดรอย,npc,male,landroi,,เตรียมธนูให้พร้อม! ให้มันได้รู้ซึ้งถึงความกล้าหาญของตระกูลสูงส่ง!,,,BLOCKED_PENDING_REFERENCE_AUDIO,,triangle-strategy
227,MS08A_X10_A3_0010_M_M047_0010.wav,MS08A_X10_A3_0010_M_M047_0010,231,231,231,233,ผู้ส่งสารเทลลิออร์,generic,male,MALE_ADULT_B,assets/triangle-strategy/approved_voice_references/MALE_ADULT_B.wav,นายท่าน! กองทัพเอสฟรอสต์บุกรุกแคว้นของเราแล้วขอรับ! พวกมันต้องการให้เรายอมจำนน!,,,PENDING_MANUAL_GENERATION,,triangle-strategy
228,MS08A_X10_A3_0010_M_M296_0010.wav,MS08A_X10_A3_0010_M_M296_0010,232,232,232,234,ผู้ส่งสารฟอล์กส์,generic,male,MALE_ADULT_B,assets/triangle-strategy/approved_voice_references/MALE_ADULT_B.wav,นายท่าน การทรยศของตระกูลเทลลิออร์เป็นความจริงขอรับ,,,PENDING_MANUAL_GENERATION,,triangle-strategy
229,MS08A_X10_A3_0010_M_M296_0020.wav,MS08A_X10_A3_0010_M_M296_0020,233,233,233,235,ผู้ส่งสารฟอล์กส์,generic,male,MALE_ADULT_B,assets/triangle-strategy/approved_voice_references/MALE_ADULT_B.wav,ลอร์ดซิลวิโอ้ตั้งใจวางแผนตลบหลังวูล์ฟฟอร์ต,,,PENDING_MANUAL_GENERATION,,triangle-strategy
230,MS08A_X10_BATTLE_01_AFTER_F_FRE_0010.wav,MS08A_X10_BATTLE_01_AFTER_F_FRE_0010,234,234,234,236,Frederica,main,female,frederica,assets/triangle-strategy/approved_voice_references/frederica.wav,ยังไงซะ ข้ามั่นใจว่าเราจะฝ่าฟันอุปสรรคต่างๆไปได้ด้วยดี,,,PENDING_MANUAL_GENERATION,,triangle-strategy
231,MS08A_X10_BATTLE_01_AFTER_M_BND_0010.wav,MS08A_X10_BATTLE_01_AFTER_M_BND_0010,235,235,235,237,Benedict,main,male,benedict,assets/triangle-strategy/approved_voice_references/benedict.wav,จงตายด้วยศักดิ์ศรีเสียเถอะ อย่ามาทำให้ชื่อเสียงแห่งตระกูลสูงส่งต้องแปดเปื้อนอีกเลย,,,PENDING_MANUAL_GENERATION,,triangle-strategy
232,MS08A_X10_BATTLE_01_AFTER_M_BND_0020.wav,MS08A_X10_BATTLE_01_AFTER_M_BND_0020,236,236,236,238,Benedict,main,male,benedict,assets/triangle-strategy/approved_voice_references/benedict.wav,นี่คือคำสั่งเสียใช่ไหม?,,,PENDING_MANUAL_GENERATION,,triangle-strategy
233,MS08A_X10_BATTLE_01_AFTER_M_RLN_0020.wav,MS08A_X10_BATTLE_01_AFTER_M_RLN_0020,238,238,238,240,Roland,main,male,roland,assets/triangle-strategy/approved_voice_references/roland.wav,...กัดไม่ปล่อยจริงๆ,,,PENDING_MANUAL_GENERATION,,triangle-strategy
234,MS08A_X10_BATTLE_01_AFTER_M_ROF_0020.wav,MS08A_X10_BATTLE_01_AFTER_M_ROF_0020,240,240,240,242,รูฟัส,npc,male,rufus,,จ่ายให้ข้าด้วยนะ ซิลวิโอ้!,,,BLOCKED_PENDING_REFERENCE_AUDIO,,triangle-strategy
235,MS08A_X10_BATTLE_01_AFTER_M_SEL_0010.wav,MS08A_X10_BATTLE_01_AFTER_M_SEL_0010,241,241,241,243,Serenoa,main,male,serenoa,assets/triangle-strategy/approved_voice_references/serenoa.wav,ได้เวลาจบเรื่องโง่เง่าของท่านแล้ว ลอร์ดซิลวิโอ้,,,PENDING_MANUAL_GENERATION,,triangle-strategy
236,MS08A_X10_BATTLE_01_AFTER_M_SEL_0020.wav,MS08A_X10_BATTLE_01_AFTER_M_SEL_0020,242,242,242,244,Serenoa,main,male,serenoa,assets/triangle-strategy/approved_voice_references/serenoa.wav,ใช่แล้วล่ะ เกลนบรู๊คจะไม่มีวันล่มสลาย เช่นเดียวกับตระกูลวูล์ฟฟอร์ต,,,PENDING_MANUAL_GENERATION,,triangle-strategy
237,MS08A_X10_BATTLE_01_AFTER_M_SLV_0010.wav,MS08A_X10_BATTLE_01_AFTER_M_SLV_0010,243,243,243,245,ซิลวิโอ้,npc,male,silvio,,ไม่ ไม่ ไม่จริง! เกิดเรื่องเช่นนี้กับข้าได้ยังไงกัน!?,,,BLOCKED_PENDING_REFERENCE_AUDIO,,triangle-strategy
238,MS08A_X10_BATTLE_01_AFTER_M_SLV_0020.wav,MS08A_X10_BATTLE_01_AFTER_M_SLV_0020,244,244,244,246,ซิลวิโอ้,npc,male,silvio,,ตายด้วยศักดิ์ศรีแล้วข้าจะได้อะไร!? มันส่งผลดีกับใครด้วยเหรอ!?,,,BLOCKED_PENDING_REFERENCE_AUDIO,,triangle-strategy
239,MS08A_X10_BATTLE_01_AFTER_M_SLV_0030.wav,MS08A_X10_BATTLE_01_AFTER_M_SLV_0030,245,245,245,247,ซิลวิโอ้,npc,male,silvio,,พวกเจ้าปฏิเสธการมอบตัวโรแลนด์แถมไม่ได้อะไรกลับมาด้วยซ้ำ! ศักดิ์ศรีมันทำให้เจ้าถูกหลอก โดดเดี่ยว ถูกทำร้าย!,,,BLOCKED_PENDING_REFERENCE_AUDIO,,triangle-strategy
240,MS08A_X10_BATTLE_01_AFTER_M_SLV_0040.wav,MS08A_X10_BATTLE_01_AFTER_M_SLV_0040,246,246,246,248,ซิลวิโอ้,npc,male,silvio,,สังหารข้าไปก็ไม่มีอะไรเปลี่ยนแปลงอยู่ดี สุดท้ายเดี๋ยวพวกเจ้าก็ตาย,,,BLOCKED_PENDING_REFERENCE_AUDIO,,triangle-strategy
241,MS08A_X10_BATTLE_01_AFTER_M_SLV_0050.wav,MS08A_X10_BATTLE_01_AFTER_M_SLV_0050,247,247,247,249,ซิลวิโอ้,npc,male,silvio,,ประวัติศาสตร์จะเหลียวหลังกลับไปเย้ยหยันการล่มสลายของวูล์ฟฟอร์ตผู้คิดถึงแต่ความต้องการของตัวเอง,,,BLOCKED_PENDING_REFERENCE_AUDIO,,triangle-strategy
242,MS08A_X10_BATTLE_01_AFTER_M_SLV_0060.wav,MS08A_X10_BATTLE_01_AFTER_M_SLV_0060,248,248,248,250,ซิลวิโอ้,npc,male,silvio,,...ไม่ ไม่เลยสักนิด,,,BLOCKED_PENDING_REFERENCE_AUDIO,,triangle-strategy
243,MS08A_X10_BATTLE_01_AFTER_M_SLV_0070.wav,MS08A_X10_BATTLE_01_AFTER_M_SLV_0070,249,249,249,251,ซิลวิโอ้,npc,male,silvio,,จังหวะนี้แหละ รูฟัส!,,,BLOCKED_PENDING_REFERENCE_AUDIO,,triangle-strategy
244,MS08A_X10_BATTLE_01_AFTER_M_SLV_0080.wav,MS08A_X10_BATTLE_01_AFTER_M_SLV_0080,250,250,250,252,ซิลวิโอ้,npc,male,silvio,,ตระกูลของข้าจะไม่ล่มสลายหากข้ามีชีวิตอยู่! วางใจได้เลย ในขณะเดียวกันพวกเจ้าได้ตายเรียบแน่!,,,BLOCKED_PENDING_REFERENCE_AUDIO,,triangle-strategy
245,MS08A_X10_BATTLE_01_BEFORE_M_M048_0010.wav,MS08A_X10_BATTLE_01_BEFORE_M_M048_0010,251,251,251,253,ทหาร,generic,male,MALE_YOUNG_A,assets/triangle-strategy/approved_voice_references/MALE_YOUNG_A.wav,โอ้ย!,,,PENDING_MANUAL_GENERATION,,triangle-strategy
246,MS08A_X10_BATTLE_01_BEFORE_M_M049_0010.wav,MS08A_X10_BATTLE_01_BEFORE_M_M049_0010,252,252,252,254,ทหาร,generic,male,MALE_ADULT_C,assets/triangle-strategy/approved_voice_references/MALE_ADULT_C.wav,อ้ากกก!,,,PENDING_MANUAL_GENERATION,,triangle-strategy
247,MS08A_X10_BATTLE_01_BEFORE_M_RLN_0010.wav,MS08A_X10_BATTLE_01_BEFORE_M_RLN_0010,253,253,253,255,Roland,main,male,roland,assets/triangle-strategy/approved_voice_references/roland.wav,ข้ามองแปปเดียวก็อ่านแผนเจ้าออกแล้ว,,,PENDING_MANUAL_GENERATION,,triangle-strategy
248,MS08A_X10_BATTLE_01_BEFORE_M_RLN_0020.wav,MS08A_X10_BATTLE_01_BEFORE_M_RLN_0020,254,254,254,256,Roland,main,male,roland,assets/triangle-strategy/approved_voice_references/roland.wav,ไวน์ของเจ้ามันอยู่ในกระเป๋าเสื้อเราแล้วจ้า,,,PENDING_MANUAL_GENERATION,,triangle-strategy
249,MS08A_X10_BATTLE_01_BEFORE_M_RLN_0030.wav,MS08A_X10_BATTLE_01_BEFORE_M_RLN_0030,255,255,255,257,Roland,main,male,roland,assets/triangle-strategy/approved_voice_references/roland.wav,พูดไม่อายปากเลยนะเราอะ,,,PENDING_MANUAL_GENERATION,,triangle-strategy
250,MS08A_X10_BATTLE_01_BEFORE_M_RLN_0040.wav,MS08A_X10_BATTLE_01_BEFORE_M_RLN_0040,256,256,256,258,Roland,main,male,roland,assets/triangle-strategy/approved_voice_references/roland.wav,เข้าใจแล้ว รีบเคลียร์ทางแล้วกลับไปรวมกลุ่มกับทุกคนกันเถอะ,,,PENDING_MANUAL_GENERATION,,triangle-strategy
251,MS08A_X10_BATTLE_01_BEFORE_M_ROF_0010.wav,MS08A_X10_BATTLE_01_BEFORE_M_ROF_0010,257,257,257,259,รูฟัส,npc,male,rufus,,แหมๆ ชักเริ่มสนุกแล้วสิ!,,,BLOCKED_PENDING_REFERENCE_AUDIO,,triangle-strategy
252,MS08A_X10_BATTLE_01_BEFORE_M_SEL_0010.wav,MS08A_X10_BATTLE_01_BEFORE_M_SEL_0010,258,258,258,260,Serenoa,main,male,serenoa,assets/triangle-strategy/approved_voice_references/serenoa.wav,เหมือนว่าไวน์ของเจ้าไม่ออกฤทธิ์นะเนี่ย,,,PENDING_MANUAL_GENERATION,,triangle-strategy
253,MS08A_X10_BATTLE_01_BEFORE_M_SEL_0020.wav,MS08A_X10_BATTLE_01_BEFORE_M_SEL_0020,259,259,259,261,Serenoa,main,male,serenoa,assets/triangle-strategy/approved_voice_references/serenoa.wav,แกไม่รอดแน่... ลอร์ดเทลลิออร์,,,PENDING_MANUAL_GENERATION,,triangle-strategy
254,MS08A_X10_BATTLE_01_BEFORE_M_SEL_0030.wav,MS08A_X10_BATTLE_01_BEFORE_M_SEL_0030,260,260,260,262,Serenoa,main,male,serenoa,assets/triangle-strategy/approved_voice_references/serenoa.wav,ระวังด้วยนะองค์ชาย พวกเขากำลังตามจับท่านอยู่ขอรับ,,,PENDING_MANUAL_GENERATION,,triangle-strategy
255,MS08A_X10_BATTLE_01_BEFORE_M_SLV_0010.wav,MS08A_X10_BATTLE_01_BEFORE_M_SLV_0010,261,261,261,263,ซิลวิโอ้,npc,male,silvio,,ไวน์สูตรพิเศษของข้าทำพวกมันหลับปุ๋ยเลย,,,BLOCKED_PENDING_REFERENCE_AUDIO,,triangle-strategy
256,MS08A_X10_BATTLE_01_BEFORE_M_SLV_0020.wav,MS08A_X10_BATTLE_01_BEFORE_M_SLV_0020,262,262,262,264,ซิลวิโอ้,npc,male,silvio,,จับตัวองค์ชาย ที่เหลือฆ่าทิ้งให้หมด,,,BLOCKED_PENDING_REFERENCE_AUDIO,,triangle-strategy
257,MS08A_X10_BATTLE_01_BEFORE_M_SLV_0030.wav,MS08A_X10_BATTLE_01_BEFORE_M_SLV_0030,263,263,263,265,ซิลวิโอ้,npc,male,silvio,,พวกเจ้ายังขยับตัวอยู่ได้ยังไงเนี่ย!?,,,BLOCKED_PENDING_REFERENCE_AUDIO,,triangle-strategy
258,MS08A_X10_BATTLE_01_BEFORE_M_SLV_0040.wav,MS08A_X10_BATTLE_01_BEFORE_M_SLV_0040,264,264,264,266,ซิลวิโอ้,npc,male,silvio,,ไอ้สารเลวร้อยเล่ห์!,,,BLOCKED_PENDING_REFERENCE_AUDIO,,triangle-strategy
259,MS08A_X10_BATTLE_01_BEFORE_M_SLV_0050.wav,MS08A_X10_BATTLE_01_BEFORE_M_SLV_0050,265,265,265,267,ซิลวิโอ้,npc,male,silvio,,นั่นบทข้าโว้ย ไอ้เด็กเปรต!,,,BLOCKED_PENDING_REFERENCE_AUDIO,,triangle-strategy
260,MS08A_X10_BATTLE_01_BEFORE_M_SLV_0060.wav,MS08A_X10_BATTLE_01_BEFORE_M_SLV_0060,266,266,266,268,ซิลวิโอ้,npc,male,silvio,,...ฝากจัดการที่เหลือด้วยนะ รูฟัส,,,BLOCKED_PENDING_REFERENCE_AUDIO,,triangle-strategy
261,MS08A_X10_BATTLE_01_DRAMA_M_MS08X10B01M01_0010.wav,MS08A_X10_BATTLE_01_DRAMA_M_MS08X10B01M01_0010,267,267,267,269,ทหาร,generic,male,MALE_ADULT_B,assets/triangle-strategy/approved_voice_references/MALE_ADULT_B.wav,นั่นองค์ชายโรแลนด์รึเปล่า? กับตระกูลวูล์ฟฟอร์ตเนี่ยนะ!? นี่เราต้องหันดาบเข้าหาพวกเขาจริงๆเหรอเนี่ย?,,,PENDING_MANUAL_GENERATION,,triangle-strategy
262,MS08A_X10_BATTLE_01_DRAMA_M_RLN_0010.wav,MS08A_X10_BATTLE_01_DRAMA_M_RLN_0010,268,268,268,270,Roland,main,male,roland,assets/triangle-strategy/approved_voice_references/roland.wav,ขอโทษด้วยนะสหายข้า เหมือนจะพาเจ้ามาลำบากอีกแล้วสิ,,,PENDING_MANUAL_GENERATION,,triangle-strategy
263,MS08A_X10_BATTLE_01_DRAMA_M_RLN_0020.wav,MS08A_X10_BATTLE_01_DRAMA_M_RLN_0020,269,269,269,271,Roland,main,male,roland,assets/triangle-strategy/approved_voice_references/roland.wav,ไอ้ซิลวิโอ้ใจเสาะ! หายหัวไปไหนของมันวะ!,,,PENDING_MANUAL_GENERATION,,triangle-strategy
264,MS08A_X10_BATTLE_01_DRAMA_M_RLN_0030.wav,MS08A_X10_BATTLE_01_DRAMA_M_RLN_0030,270,270,270,272,Roland,main,male,roland,assets/triangle-strategy/approved_voice_references/roland.wav,สำเร็จ! หาตัวซิลวิโอ้กัน!,,,PENDING_MANUAL_GENERATION,,triangle-strategy
265,MS08A_X10_BATTLE_01_DRAMA_M_RLN_0040.wav,MS08A_X10_BATTLE_01_DRAMA_M_RLN_0040,271,271,271,273,Roland,main,male,roland,assets/triangle-strategy/approved_voice_references/roland.wav,ไม่... ไม่ใช่ที่นี่!,,,PENDING_MANUAL_GENERATION,,triangle-strategy
266,MS08A_X10_BATTLE_01_DRAMA_M_RLN_0050.wav,MS08A_X10_BATTLE_01_DRAMA_M_RLN_0050,272,272,272,274,Roland,main,male,roland,assets/triangle-strategy/approved_voice_references/roland.wav,มันไม่ควรจะจบ...แบบนี้...,,,PENDING_MANUAL_GENERATION,,triangle-strategy
267,MS08A_X10_BATTLE_01_DRAMA_M_ROF_0010.wav,MS08A_X10_BATTLE_01_DRAMA_M_ROF_0010,273,273,273,275,รูฟัส,npc,male,rufus,,เลิกหดหัวแล้วออกไปสู้ซะ ไม่ต้องไว้ชีวิตพวกมัน! ส่วนองค์ชายข้าจัดการเอง ใครมาขวางข้ามันต้องตาย,,,BLOCKED_PENDING_REFERENCE_AUDIO,,triangle-strategy
268,MS08A_X10_BATTLE_01_DRAMA_M_ROF_0020.wav,MS08A_X10_BATTLE_01_DRAMA_M_ROF_0020,274,274,274,276,รูฟัส,npc,male,rufus,,แค่เห็นดาบก็รู้แล้วว่าเป็นเด็กวูล์ฟฟอร์ต!,,,BLOCKED_PENDING_REFERENCE_AUDIO,,triangle-strategy
269,MS08A_X10_BATTLE_01_DRAMA_M_ROF_0030.wav,MS08A_X10_BATTLE_01_DRAMA_M_ROF_0030,275,275,275,277,รูฟัส,npc,male,rufus,,พูดอีกก็ถูกอีก! ส่วนหัวของเจ้า...ข้าขอแล้วกันนะ!,,,BLOCKED_PENDING_REFERENCE_AUDIO,,triangle-strategy
270,MS08A_X10_BATTLE_01_DRAMA_M_ROF_0040.wav,MS08A_X10_BATTLE_01_DRAMA_M_ROF_0040,276,276,276,278,รูฟัส,npc,male,rufus,,บ้าจริง! ถอยก่อน!,,,BLOCKED_PENDING_REFERENCE_AUDIO,,triangle-strategy
271,MS08A_X10_BATTLE_01_DRAMA_M_ROF_0050.wav,MS08A_X10_BATTLE_01_DRAMA_M_ROF_0050,277,277,277,279,รูฟัส,npc,male,rufus,,รอบนี้ฝากไว้ก่อนเถอะ! อย่าเพิ่งโดนฆ่าตายก่อนแล้วกัน,,,BLOCKED_PENDING_REFERENCE_AUDIO,,triangle-strategy
272,MS08A_X10_BATTLE_01_DRAMA_M_ROF_0060.wav,MS08A_X10_BATTLE_01_DRAMA_M_ROF_0060,278,278,278,280,รูฟัส,npc,male,rufus,,น่าเสียดายจังเลย เจ้าชายน้อยของข้า! หลีกไป! ข้าจะเอาชีวิตมัน!,,,BLOCKED_PENDING_REFERENCE_AUDIO,,triangle-strategy
273,MS08A_X10_BATTLE_01_DRAMA_M_ROF_0070.wav,MS08A_X10_BATTLE_01_DRAMA_M_ROF_0070,279,279,279,281,รูฟัส,npc,male,rufus,,"ตอนนี้คนคงเรียกข้าว่า ""ผู้พิชิตองค์ชาย"" แล้วสิ! ฮ่าๆๆๆ!",,,BLOCKED_PENDING_REFERENCE_AUDIO,,triangle-strategy
274,MS08A_X10_BATTLE_01_DRAMA_M_ROF_0080.wav,MS08A_X10_BATTLE_01_DRAMA_M_ROF_0080,280,280,280,282,รูฟัส,npc,male,rufus,,รู้สึกแย่แทนพวกแกจริงๆ ฮ่าๆๆ!,,,BLOCKED_PENDING_REFERENCE_AUDIO,,triangle-strategy
275,MS08A_X10_BATTLE_01_DRAMA_M_ROF_0090.wav,MS08A_X10_BATTLE_01_DRAMA_M_ROF_0090,281,281,281,283,รูฟัส,npc,male,rufus,,ก็มาดิ! เชิญตายเยี่ยงวีรบุรุษด้วยน้ำมือของข้าได้เลย!,,,BLOCKED_PENDING_REFERENCE_AUDIO,,triangle-strategy
276,MS08A_X10_BATTLE_01_DRAMA_M_SEL_0010.wav,MS08A_X10_BATTLE_01_DRAMA_M_SEL_0010,282,282,282,284,Serenoa,main,male,serenoa,assets/triangle-strategy/approved_voice_references/serenoa.wav,มันคือการตัดสินใจร่วมกันโรแลนด์ เราต้องยึดมั่นในเส้นทางที่เราเลือกนะ,,,PENDING_MANUAL_GENERATION,,triangle-strategy
277,MS08A_X10_BATTLE_01_DRAMA_M_SEL_0020.wav,MS08A_X10_BATTLE_01_DRAMA_M_SEL_0020,283,283,283,285,Serenoa,main,male,serenoa,assets/triangle-strategy/approved_voice_references/serenoa.wav,ทุกคนยกอาวุธขึ้นมา! ฝ่าฟันไปด้วยกัน!,,,PENDING_MANUAL_GENERATION,,triangle-strategy
278,MS08A_X10_BATTLE_01_DRAMA_M_SEL_0030.wav,MS08A_X10_BATTLE_01_DRAMA_M_SEL_0030,284,284,284,286,Serenoa,main,male,serenoa,assets/triangle-strategy/approved_voice_references/serenoa.wav,ข้าคิดว่ามันเป็นความตั้งใจของเขาตั้งแต่ต้น แต่การหาทางออกไปจากที่นี่ต้องมาก่อนขอรับ!,,,PENDING_MANUAL_GENERATION,,triangle-strategy
279,MS08A_X10_BATTLE_01_DRAMA_M_SEL_0040.wav,MS08A_X10_BATTLE_01_DRAMA_M_SEL_0040,285,285,285,287,Serenoa,main,male,serenoa,assets/triangle-strategy/approved_voice_references/serenoa.wav,ใช่แล้ว ข้าคือ เซเรโนอา วูล์ฟฟอร์ต ส่วนเจ้าคือคนที่ถูกขนานนามว่าผู้พิชิตวีรชนสินะ,,,PENDING_MANUAL_GENERATION,,triangle-strategy
280,MS08A_X10_RESEARCH_01_AFTER_M_RLN_0010.wav,MS08A_X10_RESEARCH_01_AFTER_M_RLN_0010,286,286,286,288,Roland,main,male,roland,assets/triangle-strategy/approved_voice_references/roland.wav,เปล่าเลย ที่เห็นนี่การแสดงทั้งนั้น เนียนไหมล่ะ?,,,PENDING_MANUAL_GENERATION,,triangle-strategy
281,MS08A_X10_RESEARCH_01_AFTER_M_RLN_0020.wav,MS08A_X10_RESEARCH_01_AFTER_M_RLN_0020,287,287,287,289,Roland,main,male,roland,assets/triangle-strategy/approved_voice_references/roland.wav,ใช่แล้วล่ะ อีกเดี๋ยวพวกเขาคงมาถึงที่นี่,,,PENDING_MANUAL_GENERATION,,triangle-strategy
282,MS08A_X10_RESEARCH_01_AFTER_M_SEL_0010.wav,MS08A_X10_RESEARCH_01_AFTER_M_SEL_0010,288,288,288,290,Serenoa,main,male,serenoa,assets/triangle-strategy/approved_voice_references/serenoa.wav,องค์ชายโรแลนด์ ท่านแน่ใจจริงๆเหรอว่าไม่ได้เมา?,,,PENDING_MANUAL_GENERATION,,triangle-strategy
283,MS08A_X10_RESEARCH_01_AFTER_M_SEL_0020.wav,MS08A_X10_RESEARCH_01_AFTER_M_SEL_0020,289,289,289,291,Serenoa,main,male,serenoa,assets/triangle-strategy/approved_voice_references/serenoa.wav,อย่าพึ่งนิ่งนอนใจตอนนี้ขอรับ การต่อสู้ที่แท้จริงเริ่มขึ้นแล้ว,,,PENDING_MANUAL_GENERATION,,triangle-strategy
284,MS08A_X10_RESEARCH_01_BEFORE_F_FRE_0010.wav,MS08A_X10_RESEARCH_01_BEFORE_F_FRE_0010,290,290,290,292,Frederica,main,female,frederica,assets/triangle-strategy/approved_voice_references/frederica.wav,ไม่เคยชิมไวน์อร่อยขนาดนี้เลยแฮะ,,,PENDING_MANUAL_GENERATION,,triangle-strategy
285,MS08A_X10_RESEARCH_01_BEFORE_M_BND_0020.wav,MS08A_X10_RESEARCH_01_BEFORE_M_BND_0020,292,292,292,294,Benedict,main,male,benedict,assets/triangle-strategy/approved_voice_references/benedict.wav,แด่ผู้ล่วงลับ,,,PENDING_MANUAL_GENERATION,,triangle-strategy
286,MS08A_X10_RESEARCH_01_BEFORE_M_RLN_0010.wav,MS08A_X10_RESEARCH_01_BEFORE_M_RLN_0010,293,293,293,295,Roland,main,male,roland,assets/triangle-strategy/approved_voice_references/roland.wav,...ขอบใจ,,,PENDING_MANUAL_GENERATION,,triangle-strategy
287,MS08A_X10_RESEARCH_01_BEFORE_M_RLN_0020.wav,MS08A_X10_RESEARCH_01_BEFORE_M_RLN_0020,294,294,294,296,Roland,main,male,roland,assets/triangle-strategy/approved_voice_references/roland.wav,อ้าาา เลิศรสดั่งน้ำหวานจากฟากฟ้า! สมกับเป็นเทลลิออร์จริงๆ!,,,PENDING_MANUAL_GENERATION,,triangle-strategy
288,MS08A_X10_RESEARCH_01_BEFORE_M_SEL_0010.wav,MS08A_X10_RESEARCH_01_BEFORE_M_SEL_0010,295,295,295,297,Serenoa,main,male,serenoa,assets/triangle-strategy/approved_voice_references/serenoa.wav,...เช่นกันนะ ลอร์ดซิลวิโอ้ ขอบคุณสำหรับการต้อนรับอย่างอบอุ่น,,,PENDING_MANUAL_GENERATION,,triangle-strategy
289,MS08A_X10_RESEARCH_01_BEFORE_M_SEL_0020.wav,MS08A_X10_RESEARCH_01_BEFORE_M_SEL_0020,296,296,296,298,Serenoa,main,male,serenoa,assets/triangle-strategy/approved_voice_references/serenoa.wav,ได้สิ,,,PENDING_MANUAL_GENERATION,,triangle-strategy
290,MS08A_X10_RESEARCH_01_BEFORE_M_SLV_0010.wav,MS08A_X10_RESEARCH_01_BEFORE_M_SLV_0010,297,297,297,299,ซิลวิโอ้,npc,male,silvio,,องค์ชายโรแลนด์! ลอร์ดเซเรโนอา! ขอต้อนรับสู่งานเลี้ยงสุดอลังการตามที่สัญญาไว้ขอรับ!,,,BLOCKED_PENDING_REFERENCE_AUDIO,,triangle-strategy
291,MS08A_X10_RESEARCH_01_BEFORE_M_SLV_0020.wav,MS08A_X10_RESEARCH_01_BEFORE_M_SLV_0020,298,298,298,300,ซิลวิโอ้,npc,male,silvio,,รีบฉลองชนแก้วไวน์เลิศรสกับพวกท่านกันดีกว่า!,,,BLOCKED_PENDING_REFERENCE_AUDIO,,triangle-strategy
292,MS08A_X10_RESEARCH_01_BEFORE_M_SLV_0030.wav,MS08A_X10_RESEARCH_01_BEFORE_M_SLV_0030,299,299,299,301,ซิลวิโอ้,npc,male,silvio,,ทำตัวตามสบายนะองค์ชาย! ในฐานะลอร์ดแห่งตระกูลเทลลิออร์ ข้าสัญญาว่าจะปกป้องท่านตราบจนชีพวายขอรับ,,,BLOCKED_PENDING_REFERENCE_AUDIO,,triangle-strategy
293,MS08A_X10_RESEARCH_01_BEFORE_M_SLV_0040.wav,MS08A_X10_RESEARCH_01_BEFORE_M_SLV_0040,300,300,300,302,ซิลวิโอ้,npc,male,silvio,,ท่านต้องเหนื่อยแน่ๆ ดื่มไวน์สักแก้วไหมขอรับ? ข้ามั่นใจว่าท่านต้องชอบแน่ๆ,,,BLOCKED_PENDING_REFERENCE_AUDIO,,triangle-strategy
294,MS08A_X10_RESEARCH_01_BEFORE_M_SLV_0050.wav,MS08A_X10_RESEARCH_01_BEFORE_M_SLV_0050,301,301,301,303,ซิลวิโอ้,npc,male,silvio,,ดื่มให้เต็มที่เลยนะทุกคน!,,,BLOCKED_PENDING_REFERENCE_AUDIO,,triangle-strategy
295,MS08A_X10_RESEARCH_01_BEFORE_M_SLV_0060.wav,MS08A_X10_RESEARCH_01_BEFORE_M_SLV_0060,302,302,302,304,ซิลวิโอ้,npc,male,silvio,,ฉลอง! แด่ความรุ่งโรจน์แห่งตระกูลสูงส่ง!,,,BLOCKED_PENDING_REFERENCE_AUDIO,,triangle-strategy
296,MS08A_X10_WD_0010_N_NNN_0010.wav,MS08A_X10_WD_0010_N_NNN_0010,303,303,303,305,Narrator,narrator,female,narrator,assets/triangle-strategy/approved_voice_references/narrator.wav,ลอร์ดซิลวิโอ้แห่งเทลลิออร์ เสนอจะมอบสถานที่ลี้ภัยให้โรแลนด์และสร้างพันธมิตรกับวูล์ฟฟอร์ตผู้เดียวดาย,,,PENDING_MANUAL_GENERATION,,triangle-strategy
297,MS08A_X10_WD_0010_N_NNN_0020.wav,MS08A_X10_WD_0010_N_NNN_0020,304,304,304,306,Narrator,narrator,female,narrator,assets/triangle-strategy/approved_voice_references/narrator.wav,เมื่อเซเรโนอาตอบรับข้อเสนอ ซิลวิโอ้จึงดำเนินแผนการจับกุมพันธมิตรหน้าใหม่ของเขาต่อไป...,,,PENDING_MANUAL_GENERATION,,triangle-strategy
298,MS08A_X11_A1_0010_F_ANA_0010.wav,MS08A_X11_A1_0010_F_ANA_0010,305,305,305,307,Anna,main,female,anna,assets/triangle-strategy/approved_voice_references/anna.wav,ถูกต้องเจ้าค่ะ ตอนนี้แนวหน้ากำลังมาถึงปราสาทวูล์ฟฟอร์ต อีกไม่นานคงมาถึงทั้งกองทัพ,,,PENDING_MANUAL_GENERATION,,triangle-strategy
299,MS08A_X11_A1_0010_F_ANA_0020.wav,MS08A_X11_A1_0010_F_ANA_0020,306,306,306,308,Anna,main,female,anna,assets/triangle-strategy/approved_voice_references/anna.wav,จากรายงานของสายสืบ ลอร์ดซิลวิโอ้แอบติดต่อกับเอสฟรอสต์เจ้าค่ะ,,,PENDING_MANUAL_GENERATION,,triangle-strategy
300,MS08A_X11_A1_0010_F_ANA_0030.wav,MS08A_X11_A1_0010_F_ANA_0030,307,307,307,309,Anna,main,female,anna,assets/triangle-strategy/approved_voice_references/anna.wav,มีคนบอกข้าว่าเทลลิออร์จ้างชายคนหนึ่งชื่อรูฟัสมาคอยคุ้มกันด้วยล่ะ,,,PENDING_MANUAL_GENERATION,,triangle-strategy
301,MS08A_X11_A1_0010_F_ANA_0040.wav,MS08A_X11_A1_0010_F_ANA_0040,308,308,308,310,Anna,main,female,anna,assets/triangle-strategy/approved_voice_references/anna.wav,"เขาคือนักล่าค่าหัวที่ถูกขนานนามว่า ""ผู้พิชิตวีรชน"" เขาถูกขับเคลื่อนด้วยเงินเท่านั้น",,,PENDING_MANUAL_GENERATION,,triangle-strategy
302,MS08A_X11_A1_0010_F_ANA_0050.wav,MS08A_X11_A1_0010_F_ANA_0050,309,309,309,311,Anna,main,female,anna,assets/triangle-strategy/approved_voice_references/anna.wav,จากที่พูดมา เขาเป็นนักสู้อำมหิตที่พรากชีวิตนับไม่ถ้วน เราอย่าประมาทเขาเลยดีกว่าเจ้าค่ะ,,,PENDING_MANUAL_GENERATION,,triangle-strategy
303,MS08A_X11_A1_0010_M_BND_0010.wav,MS08A_X11_A1_0010_M_BND_0010,310,310,310,312,Benedict,main,male,benedict,assets/triangle-strategy/approved_voice_references/benedict.wav,...กองทัพเทลลิออร์บุกเข้ามาในแคว้นของเราเหรอ?,,,PENDING_MANUAL_GENERATION,,triangle-strategy
304,MS08A_X11_A1_0010_M_BND_0020.wav,MS08A_X11_A1_0010_M_BND_0020,311,311,311,313,Benedict,main,male,benedict,assets/triangle-strategy/approved_voice_references/benedict.wav,ก็เพราะแบบนี้แหละถึงได้ฉายาว่านักฉวยโอกาส มันวางแผนจะทำลายพวกเรา,,,PENDING_MANUAL_GENERATION,,triangle-strategy
305,MS08A_X11_A1_0010_M_BND_0030.wav,MS08A_X11_A1_0010_M_BND_0030,312,312,312,314,Benedict,main,male,benedict,assets/triangle-strategy/approved_voice_references/benedict.wav,แล้วเจ้ารู้อะไรเกี่ยวกับชายคนนี้บ้าง?,,,PENDING_MANUAL_GENERATION,,triangle-strategy
306,MS08A_X11_A1_0010_M_BND_0040.wav,MS08A_X11_A1_0010_M_BND_0040,313,313,313,315,Benedict,main,male,benedict,assets/triangle-strategy/approved_voice_references/benedict.wav,แสดงว่าเขาเอาจริง เราต้องวางแผนรับมือขอรับ,,,PENDING_MANUAL_GENERATION,,triangle-strategy
307,MS08A_X11_A1_0010_M_SEL_0010.wav,MS08A_X11_A1_0010_M_SEL_0010,314,314,314,316,Serenoa,main,male,serenoa,assets/triangle-strategy/approved_voice_references/serenoa.wav,ข้ารู้ว่าเจตนาของเขามันไม่บริสุทธิ์อย่างที่พูด แต่ก็ไม่คิดว่าจะเอากองทัพมาโจมตีเร็วขนาดนี้ หลังจากที่เสนอการผูกมิตรกับเรา...,,,PENDING_MANUAL_GENERATION,,triangle-strategy
308,MS08A_X11_A1_0010_M_SEL_0020.wav,MS08A_X11_A1_0010_M_SEL_0020,315,315,315,317,Serenoa,main,male,serenoa,assets/triangle-strategy/approved_voice_references/serenoa.wav,สรุปคือเขาต้องการจับองค์ชายโรแลนด์เพื่อต่อรองกับเอสฟรอสต์สินะ,,,PENDING_MANUAL_GENERATION,,triangle-strategy
309,MS08A_X11_A1_0010_M_SEL_0030.wav,MS08A_X11_A1_0010_M_SEL_0030,316,316,316,318,Serenoa,main,male,serenoa,assets/triangle-strategy/approved_voice_references/serenoa.wav,ซิลวิโอ้มันจ้างคนแบบนี้มาได้ไงเนี่ย...,,,PENDING_MANUAL_GENERATION,,triangle-strategy
310,MS08A_X11_A1_0010_M_SEL_0040.wav,MS08A_X11_A1_0010_M_SEL_0040,317,317,317,319,Serenoa,main,male,serenoa,assets/triangle-strategy/approved_voice_references/serenoa.wav,เข้าใจแล้ว ท่านช่วยตามคนอื่นมาหน่อยนะ เรามีเรื่องต้องคุยกัน,,,PENDING_MANUAL_GENERATION,,triangle-strategy
311,MS08A_X11_A1_0020_F_FRE_0010.wav,MS08A_X11_A1_0020_F_FRE_0010,318,318,318,320,Frederica,main,female,frederica,assets/triangle-strategy/approved_voice_references/frederica.wav,ตอนนี้ไม่ใช่เวลาลังเลนะเจ้าคะ ถ้าอยากรอดก็ต้องร่วมมือกัน,,,PENDING_MANUAL_GENERATION,,triangle-strategy
312,MS08A_X11_A1_0020_F_HEW_0010.wav,MS08A_X11_A1_0020_F_HEW_0010,319,319,319,321,Hughette,main,female,hughette,assets/triangle-strategy/approved_voice_references/hughette.wav,ข้าก็เหมือนกัน! เอาให้มันได้รับบทเรียนอย่างสาสม ไอ้ปลิ้นปล้อน!,,,PENDING_MANUAL_GENERATION,,triangle-strategy
313,MS08A_X11_A1_0020_M_BND_0010.wav,MS08A_X11_A1_0020_M_BND_0010,320,320,320,322,Benedict,main,male,benedict,assets/triangle-strategy/approved_voice_references/benedict.wav,ใช่แล้วขอรับ เหมือนว่าเขาอยากจะเอาใจเอสฟรอสต์โดยใช้ท่านเป็นเครื่องมือ,,,PENDING_MANUAL_GENERATION,,triangle-strategy
314,MS08A_X11_A1_0020_M_BND_0020.wav,MS08A_X11_A1_0020_M_BND_0020,321,321,321,323,Benedict,main,male,benedict,assets/triangle-strategy/approved_voice_references/benedict.wav,อย่าพึ่งของขึ้น เอราดอร์ พวกมันกำลังมาที่นี่แล้ว,,,PENDING_MANUAL_GENERATION,,triangle-strategy
315,MS08A_X11_A1_0020_M_BND_0030.wav,MS08A_X11_A1_0020_M_BND_0030,322,322,322,324,Benedict,main,male,benedict,assets/triangle-strategy/approved_voice_references/benedict.wav,เนื่องจากเรามีศัตรูเป็นสหายร่วมชาติ เลยอาจรู้เรื่องกับดักข้างล่าง,,,PENDING_MANUAL_GENERATION,,triangle-strategy
316,MS08A_X11_A1_0020_M_BND_0040.wav,MS08A_X11_A1_0020_M_BND_0040,323,323,323,325,Benedict,main,male,benedict,assets/triangle-strategy/approved_voice_references/benedict.wav,คงต้องสู้กับพวกเขาหน้าประตูปราสาทขอรับ,,,PENDING_MANUAL_GENERATION,,triangle-strategy
317,MS08A_X11_A1_0020_M_ELA_0010.wav,MS08A_X11_A1_0020_M_ELA_0010,324,324,324,326,Erador,main,male,erador,assets/triangle-strategy/approved_voice_references/erador.wav,ไอ้สารเลวเอ๊ย! ไม่อยากเชื่อเลยว่าจะหักหลังเพื่อนร่วมชาติได้ลงคอ...,,,PENDING_MANUAL_GENERATION,,triangle-strategy
318,MS08A_X11_A1_0020_M_ELA_0020.wav,MS08A_X11_A1_0020_M_ELA_0020,325,325,325,327,Erador,main,male,erador,assets/triangle-strategy/approved_voice_references/erador.wav,เสียใจด้วยนะ แต่มันเป็นเวลาสมควรแล้ว! ตอนนี้ของขึ้นสุดๆเลยโว้ย!,,,PENDING_MANUAL_GENERATION,,triangle-strategy
319,MS08A_X11_A1_0020_M_RLN_0010.wav,MS08A_X11_A1_0020_M_RLN_0010,326,326,326,328,Roland,main,male,roland,assets/triangle-strategy/approved_voice_references/roland.wav,สรุปคือซิลวิโอ้หักหลังเราสินะ...,,,PENDING_MANUAL_GENERATION,,triangle-strategy
320,MS08A_X11_A1_0020_M_RLN_0020.wav,MS08A_X11_A1_0020_M_RLN_0020,327,327,327,329,Roland,main,male,roland,assets/triangle-strategy/approved_voice_references/roland.wav,เขาอยากจะเอาตัวข้าไปล่ะสิ,,,PENDING_MANUAL_GENERATION,,triangle-strategy
321,MS08A_X11_A1_0020_M_RLN_0030.wav,MS08A_X11_A1_0020_M_RLN_0030,328,328,328,330,Roland,main,male,roland,assets/triangle-strategy/approved_voice_references/roland.wav,ฆ่าฟันกันเพราะข้าอีกแล้วเหรอ...,,,PENDING_MANUAL_GENERATION,,triangle-strategy
322,MS08A_X11_A1_0020_M_RLN_0040.wav,MS08A_X11_A1_0020_M_RLN_0040,329,329,329,331,Roland,main,male,roland,assets/triangle-strategy/approved_voice_references/roland.wav,...อืม พวกเราทุกคนฝ่าฟันไปได้แน่นอน ยกอาวุธขึ้นมา!,,,PENDING_MANUAL_GENERATION,,triangle-strategy
323,MS08A_X11_A1_0020_M_SEL_0010.wav,MS08A_X11_A1_0020_M_SEL_0010,330,330,330,332,Serenoa,main,male,serenoa,assets/triangle-strategy/approved_voice_references/serenoa.wav,...องค์ชายโรแลนด์ เราไม่มีทางเลือกนอกจากต้องลงมือขอรับ,,,PENDING_MANUAL_GENERATION,,triangle-strategy
324,MS08A_X11_A1_0020_M_SEL_0020.wav,MS08A_X11_A1_0020_M_SEL_0020,331,331,331,333,Serenoa,main,male,serenoa,assets/triangle-strategy/approved_voice_references/serenoa.wav,พวกเราต้องการความช่วยเหลือเท่าที่จะหาได้ ขอร้องล่ะ ช่วยมาสู้กับเรานะ,,,PENDING_MANUAL_GENERATION,,triangle-strategy
325,MS08A_X11_A2_0010_M_M050_0010.wav,MS08A_X11_A2_0010_M_M050_0010,332,332,332,334,ชายผู้หวาดกลัว,generic,male,MALE_ADULT_A,assets/triangle-strategy/approved_voice_references/MALE_ADULT_A.wav,อ้าก!,,,PENDING_MANUAL_GENERATION,,triangle-strategy
326,MS08A_X11_A2_0010_M_M050_0020.wav,MS08A_X11_A2_0010_M_M050_0020,333,333,333,335,ชายผู้หวาดกลัว,generic,male,MALE_ADULT_A,assets/triangle-strategy/approved_voice_references/MALE_ADULT_A.wav,ยะ-อย่านะ! ไว้ชีวิตข้าด้วย! ขอร้องล่ะ!,,,PENDING_MANUAL_GENERATION,,triangle-strategy
327,MS08A_X11_A2_0010_M_ROF_0010.wav,MS08A_X11_A2_0010_M_ROF_0010,334,334,334,336,รูฟัส,npc,male,rufus,,นี่เรียกคนพวกนี้ว่าทหารจริงๆเหรอเนี่ย ซิลวิโอ้? ทำไมกากขนาดนี้,,,BLOCKED_PENDING_REFERENCE_AUDIO,,triangle-strategy
328,MS08A_X11_A2_0010_M_ROF_0020.wav,MS08A_X11_A2_0010_M_ROF_0020,335,335,335,337,รูฟัส,npc,male,rufus,,ฮ่า! แสดงว่าพวกเขาอ่านแผนโง่ๆของเจ้าออกสินะ,,,BLOCKED_PENDING_REFERENCE_AUDIO,,triangle-strategy
329,MS08A_X11_A2_0010_M_ROF_0030.wav,MS08A_X11_A2_0010_M_ROF_0030,336,336,336,338,รูฟัส,npc,male,rufus,,ข้ารู้หน้าที่อยู่แล้ว ไว้ชีวิตแค่องค์ชายก็พอใช่ไหม?,,,BLOCKED_PENDING_REFERENCE_AUDIO,,triangle-strategy
330,MS08A_X11_A2_0010_M_SLV_0010.wav,MS08A_X11_A2_0010_M_SLV_0010,337,337,337,339,ซิลวิโอ้,npc,male,silvio,,พอก่อน รูฟัส,,,BLOCKED_PENDING_REFERENCE_AUDIO,,triangle-strategy
331,MS08A_X11_A2_0010_M_SLV_0020.wav,MS08A_X11_A2_0010_M_SLV_0020,338,338,338,340,ซิลวิโอ้,npc,male,silvio,,เอาความโกรธของเจ้าไประบายกับวูล์ฟฟอร์ตซะสิ อีกเดี๋ยวก็ได้บุกปราสาทพวกมันแล้ว!,,,BLOCKED_PENDING_REFERENCE_AUDIO,,triangle-strategy
332,MS08A_X11_A2_0010_M_SLV_0030.wav,MS08A_X11_A2_0010_M_SLV_0030,339,339,339,341,ซิลวิโอ้,npc,male,silvio,,หนอย... นักล่าค่าหัวต่ำต้อยอย่างเจ้าเคยต้องดิ้นรนในฐานะลอร์ดเช่นข้าด้วยเหรอ? หากไม่มีโรแลนด์ ตระกูลข้าจบสิ้นแน่!,,,BLOCKED_PENDING_REFERENCE_AUDIO,,triangle-strategy
333,MS08A_X11_A2_0010_M_SLV_0040.wav,MS08A_X11_A2_0010_M_SLV_0040,340,340,340,342,ซิลวิโอ้,npc,male,silvio,,พวกเขาเรียกเจ้าว่าผู้พิชิตวีรชนไม่ใช่เหรอ? นั่นแหละงานของเจ้า!,,,BLOCKED_PENDING_REFERENCE_AUDIO,,triangle-strategy
334,MS08A_X11_BATTLE_01_AFTER_F_ANA_0010.wav,MS08A_X11_BATTLE_01_AFTER_F_ANA_0010,341,341,341,343,Anna,main,female,anna,assets/triangle-strategy/approved_voice_references/anna.wav,ต้องตามเขาไหม?,,,PENDING_MANUAL_GENERATION,,triangle-strategy
335,MS08A_X11_BATTLE_01_AFTER_M_BND_0010.wav,MS08A_X11_BATTLE_01_AFTER_M_BND_0010,342,342,342,344,Benedict,main,male,benedict,assets/triangle-strategy/approved_voice_references/benedict.wav,...เลิกอ้างสักทีเถอะ,,,PENDING_MANUAL_GENERATION,,triangle-strategy
336,MS08A_X11_BATTLE_01_AFTER_M_BND_0020.wav,MS08A_X11_BATTLE_01_AFTER_M_BND_0020,343,343,343,345,Benedict,main,male,benedict,assets/triangle-strategy/approved_voice_references/benedict.wav,ตอนนี้เขาไม่มีกองทัพหรือเหตุผลให้โจมตีเราแล้วล่ะ,,,PENDING_MANUAL_GENERATION,,triangle-strategy
337,MS08A_X11_BATTLE_01_AFTER_M_ROF_0010.wav,MS08A_X11_BATTLE_01_AFTER_M_ROF_0010,344,344,344,346,รูฟัส,npc,male,rufus,,ข้าไม่ได้เจอคู่ต่อสู้ที่แข็งแกร่งขนาดนี้มานานมากแล้ว,,,BLOCKED_PENDING_REFERENCE_AUDIO,,triangle-strategy
338,MS08A_X11_BATTLE_01_AFTER_M_ROF_0020.wav,MS08A_X11_BATTLE_01_AFTER_M_ROF_0020,345,345,345,347,รูฟัส,npc,male,rufus,,ไอ้ซิลวิโอ้ กลับมานี่เดี๋ยวนี้! หนี้ข้ายังไม่ได้จ่ายเลย!,,,BLOCKED_PENDING_REFERENCE_AUDIO,,triangle-strategy
339,MS08A_X11_BATTLE_01_AFTER_M_SEL_0010.wav,MS08A_X11_BATTLE_01_AFTER_M_SEL_0010,346,346,346,348,Serenoa,main,male,serenoa,assets/triangle-strategy/approved_voice_references/serenoa.wav,ก็อย่างที่เจ้าพูด หากเราแพ้ที่นี่ก็จะไม่เหลืออะไรอีกเลย,,,PENDING_MANUAL_GENERATION,,triangle-strategy
340,MS08A_X11_BATTLE_01_AFTER_M_SEL_0020.wav,MS08A_X11_BATTLE_01_AFTER_M_SEL_0020,347,347,347,349,Serenoa,main,male,serenoa,assets/triangle-strategy/approved_voice_references/serenoa.wav,ไม่ต้องหรอก,,,PENDING_MANUAL_GENERATION,,triangle-strategy
341,MS08A_X11_BATTLE_01_AFTER_M_SEL_0030.wav,MS08A_X11_BATTLE_01_AFTER_M_SEL_0030,348,348,348,350,Serenoa,main,male,serenoa,assets/triangle-strategy/approved_voice_references/serenoa.wav,ก็ถูก ข้าเองก็ไม่อยากทำร้ายพรรคพวกหากไม่จำเป็น...,,,PENDING_MANUAL_GENERATION,,triangle-strategy
342,MS08A_X11_BATTLE_01_AFTER_M_SLV_0010.wav,MS08A_X11_BATTLE_01_AFTER_M_SLV_0010,349,349,349,351,ซิลวิโอ้,npc,male,silvio,,หนอย... พวกแกยังสู้ไหวได้ยังไงกัน?,,,BLOCKED_PENDING_REFERENCE_AUDIO,,triangle-strategy
343,MS08A_X11_BATTLE_01_AFTER_M_SLV_0020.wav,MS08A_X11_BATTLE_01_AFTER_M_SLV_0020,350,350,350,352,ซิลวิโอ้,npc,male,silvio,,ยังจะโม้อะไรอีก!? ถึงข้าตาย เอสฟรอสต์ก็ชนะอยู่ดี!,,,BLOCKED_PENDING_REFERENCE_AUDIO,,triangle-strategy
344,MS08A_X11_BATTLE_01_AFTER_M_SLV_0030.wav,MS08A_X11_BATTLE_01_AFTER_M_SLV_0030,351,351,351,353,ซิลวิโอ้,npc,male,silvio,,ข้าต้องทนอับอายขายขี้หน้าเพื่อรักษาชื่อเสียงแห่งตระกูลเอาไว้! แต่พวกเจ้าดันปฏิบัติกับข้าเช่นนี้ซะงั้น!,,,BLOCKED_PENDING_REFERENCE_AUDIO,,triangle-strategy
345,MS08A_X11_BATTLE_01_AFTER_M_SLV_0040.wav,MS08A_X11_BATTLE_01_AFTER_M_SLV_0040,352,352,352,354,ซิลวิโอ้,npc,male,silvio,,ข้าไม่ได้อ้าง! ก็ตระกูลวูล์ฟฟอร์ตนำความฉิบหายมาให้เราเองนี่!,,,BLOCKED_PENDING_REFERENCE_AUDIO,,triangle-strategy
346,MS08A_X11_BATTLE_01_AFTER_M_SLV_0050.wav,MS08A_X11_BATTLE_01_AFTER_M_SLV_0050,353,353,353,355,ซิลวิโอ้,npc,male,silvio,,ตราบใดที่ข้ายังมีชีวิต ตระกูลสูงส่งจะไม่มีวันล่มสลาย!,,,BLOCKED_PENDING_REFERENCE_AUDIO,,triangle-strategy
347,MS08A_X11_BATTLE_01_BEFORE_M_ROF_0010.wav,MS08A_X11_BATTLE_01_BEFORE_M_ROF_0010,354,354,354,356,รูฟัส,npc,male,rufus,,...ไม่เหมือนนักฉวยโอกาสบางคน,,,BLOCKED_PENDING_REFERENCE_AUDIO,,triangle-strategy
348,MS08A_X11_BATTLE_01_BEFORE_M_ROF_0020.wav,MS08A_X11_BATTLE_01_BEFORE_M_ROF_0020,355,355,355,357,รูฟัส,npc,male,rufus,,แล้วพวกเจ้าจะรู้ซึ้งถึงที่มาของฉายา ผู้พิชิตวีรชน,,,BLOCKED_PENDING_REFERENCE_AUDIO,,triangle-strategy
349,MS08A_X11_BATTLE_01_BEFORE_M_SEL_0010.wav,MS08A_X11_BATTLE_01_BEFORE_M_SEL_0010,356,356,356,358,Serenoa,main,male,serenoa,assets/triangle-strategy/approved_voice_references/serenoa.wav,น่าเสียดายจริงๆที่เรามาเจอกันอีกครั้งในสถานการณ์เช่นนี้ ลอร์ดซิลวิโอ้,,,PENDING_MANUAL_GENERATION,,triangle-strategy
350,MS08A_X11_BATTLE_01_BEFORE_M_SEL_0020.wav,MS08A_X11_BATTLE_01_BEFORE_M_SEL_0020,357,357,357,359,Serenoa,main,male,serenoa,assets/triangle-strategy/approved_voice_references/serenoa.wav,ไม่มีวันซะหรอก พวกเราจะเดินตามเส้นทางที่เรายึดมั่น ไม่ว่ามันจะอันตรายเพียงใดก็ตาม,,,PENDING_MANUAL_GENERATION,,triangle-strategy
351,MS08A_X11_BATTLE_01_BEFORE_M_SEL_0030.wav,MS08A_X11_BATTLE_01_BEFORE_M_SEL_0030,358,358,358,360,Serenoa,main,male,serenoa,assets/triangle-strategy/approved_voice_references/serenoa.wav,ถ้างั้นเราจะปราบเจ้าซะ ลอร์ดซิลวิโอ้ พวกเราจะยึดมั่นในความเชื่อจนตัวตาย!,,,PENDING_MANUAL_GENERATION,,triangle-strategy
352,MS08A_X11_BATTLE_01_BEFORE_M_SLV_0010.wav,MS08A_X11_BATTLE_01_BEFORE_M_SLV_0010,359,359,359,361,ซิลวิโอ้,npc,male,silvio,,เห็นด้วย ลอร์ดเซเรโนอา ช่วยพิจารณาอีกครั้งและส่งตัวองค์ชายโรแลนด์มาให้เราเถอะ,,,BLOCKED_PENDING_REFERENCE_AUDIO,,triangle-strategy
353,MS08A_X11_BATTLE_01_BEFORE_M_SLV_0020.wav,MS08A_X11_BATTLE_01_BEFORE_M_SLV_0020,360,360,360,362,ซิลวิโอ้,npc,male,silvio,,ข้าสัญญาว่าจะพูดจาเกลี้ยกล่อมอาร์ชดยุกให้,,,BLOCKED_PENDING_REFERENCE_AUDIO,,triangle-strategy
354,MS08A_X11_BATTLE_01_BEFORE_M_SLV_0030.wav,MS08A_X11_BATTLE_01_BEFORE_M_SLV_0030,361,361,361,363,ซิลวิโอ้,npc,male,silvio,,ความเชื่อมั่นของเจ้า เปลี่ยนแปลงความจริงไม่ได้หรอก!,,,BLOCKED_PENDING_REFERENCE_AUDIO,,triangle-strategy
355,MS08A_X11_BATTLE_01_BEFORE_M_SLV_0040.wav,MS08A_X11_BATTLE_01_BEFORE_M_SLV_0040,362,362,362,364,ซิลวิโอ้,npc,male,silvio,,หากเจ้าแพ้ ก็จะไม่มีอะไรหลงเหลือให้เจ้าเลย! เจ้าจะเสียทั้งตระกูลและความภักดี! รวมถึงความศรัืทธากับชีวิตโง่ๆของเจ้าด้วย!,,,BLOCKED_PENDING_REFERENCE_AUDIO,,triangle-strategy
356,MS08A_X11_BATTLE_01_BEFORE_M_SLV_0050.wav,MS08A_X11_BATTLE_01_BEFORE_M_SLV_0050,363,363,363,365,ซิลวิโอ้,npc,male,silvio,,ก็ลองดูแล้วกัน เจ้าไม่มีวันชนะหรอก,,,BLOCKED_PENDING_REFERENCE_AUDIO,,triangle-strategy
357,MS08A_X11_BATTLE_01_BEFORE_M_SLV_0060.wav,MS08A_X11_BATTLE_01_BEFORE_M_SLV_0060,364,364,364,366,ซิลวิโอ้,npc,male,silvio,,...จัดการเลย รูฟัส,,,BLOCKED_PENDING_REFERENCE_AUDIO,,triangle-strategy
358,MS08A_X11_BATTLE_01_DRAMA_M_ELA_0010.wav,MS08A_X11_BATTLE_01_DRAMA_M_ELA_0010,365,365,365,367,Erador,main,male,erador,assets/triangle-strategy/approved_voice_references/erador.wav,ผู้พิชิตวีรชนงั้นเหรอ? ฮ่า! นี่มันโจรรับจ้างชัดๆ แกไม่มีวันได้แตะตัวนายท่านหรอก,,,PENDING_MANUAL_GENERATION,,triangle-strategy
359,MS08A_X11_BATTLE_01_DRAMA_M_MS08X11B01M01_0010.wav,MS08A_X11_BATTLE_01_DRAMA_M_MS08X11B01M01_0010,366,366,366,368,ทหาร,generic,male,MALE_ADULT_C,assets/triangle-strategy/approved_voice_references/MALE_ADULT_C.wav,เหมือนว่าวูล์ฟฟอร์ตยังไม่ฟื้นตัวจากศึกครั้งที่แล้วสินะ...,,,PENDING_MANUAL_GENERATION,,triangle-strategy
360,MS08A_X11_BATTLE_01_DRAMA_M_MS08X11B01M01_0020.wav,MS08A_X11_BATTLE_01_DRAMA_M_MS08X11B01M01_0020,367,367,367,369,ทหาร,generic,male,MALE_ADULT_C,assets/triangle-strategy/approved_voice_references/MALE_ADULT_C.wav,ถือเป็นข่าวดีของเราขอรับ,,,PENDING_MANUAL_GENERATION,,triangle-strategy
361,MS08A_X11_BATTLE_01_DRAMA_M_RLN_0010.wav,MS08A_X11_BATTLE_01_DRAMA_M_RLN_0010,368,368,368,370,Roland,main,male,roland,assets/triangle-strategy/approved_voice_references/roland.wav,อยากจะพูดอะไรก็ตามใจ แต่อย่ามาเยาะเย้ยพ่อของข้านะโว้ย!,,,PENDING_MANUAL_GENERATION,,triangle-strategy
362,MS08A_X11_BATTLE_01_DRAMA_M_ROF_0010.wav,MS08A_X11_BATTLE_01_DRAMA_M_ROF_0010,369,369,369,371,รูฟัส,npc,male,rufus,,รับรองสนุกแน่ ใครอยู่ใต้บัญชาวูล์ฟฟอร์ตก็อย่าไปปรานีพวกมัน!,,,BLOCKED_PENDING_REFERENCE_AUDIO,,triangle-strategy
363,MS08A_X11_BATTLE_01_DRAMA_M_ROF_0020.wav,MS08A_X11_BATTLE_01_DRAMA_M_ROF_0020,370,370,370,372,รูฟัส,npc,male,rufus,,มาเลย มาตายด้วยคมดาบของข้า! จะหนีหรือจะซ่อนยังไงก็ไม่พ้นข้าหรอก!,,,BLOCKED_PENDING_REFERENCE_AUDIO,,triangle-strategy
364,MS08A_X11_BATTLE_01_DRAMA_M_ROF_0030.wav,MS08A_X11_BATTLE_01_DRAMA_M_ROF_0030,371,371,371,373,รูฟัส,npc,male,rufus,,คิดว่าอยู่สูงแล้วจะรอดพ้นจากข้าจริงๆเหรอ?,,,BLOCKED_PENDING_REFERENCE_AUDIO,,triangle-strategy
365,MS08A_X11_BATTLE_01_DRAMA_M_ROF_0040.wav,MS08A_X11_BATTLE_01_DRAMA_M_ROF_0040,372,372,372,374,รูฟัส,npc,male,rufus,,เวร ทหารซิลวิโอ้แม่งล้มเป็นผักเป็นปลา ตระกูลเทลลิออร์ทำงานคุ้มราคาสักคนไหมวะ!?,,,BLOCKED_PENDING_REFERENCE_AUDIO,,triangle-strategy
366,MS08A_X11_BATTLE_01_DRAMA_M_ROF_0050.wav,MS08A_X11_BATTLE_01_DRAMA_M_ROF_0050,373,373,373,375,รูฟัส,npc,male,rufus,,เจ้านี่เองลูกกษัตริย์... ผอมแห้งแรงน้อยกว่าที่คิดนะเนี่ย!,,,BLOCKED_PENDING_REFERENCE_AUDIO,,triangle-strategy
367,MS08A_X11_BATTLE_01_DRAMA_M_ROF_0060.wav,MS08A_X11_BATTLE_01_DRAMA_M_ROF_0060,374,374,374,376,รูฟัส,npc,male,rufus,,สงสารพ่อของเจ้าเหลือเกิน นอกจากโดนตัดหัวแล้วยังต้องสละทุกอย่างเพื่อไอ้เด็กตัวจ้อยไร้ค่าอย่างเจ้า,,,BLOCKED_PENDING_REFERENCE_AUDIO,,triangle-strategy
368,MS08A_X11_BATTLE_01_DRAMA_M_ROF_0070.wav,MS08A_X11_BATTLE_01_DRAMA_M_ROF_0070,375,375,375,377,รูฟัส,npc,male,rufus,,จงดูให้ดี ไอ้พวกไร้พิษสง! มันต้องสู้แบบนี้!,,,BLOCKED_PENDING_REFERENCE_AUDIO,,triangle-strategy
369,MS08A_X11_BATTLE_01_DRAMA_M_ROF_0080.wav,MS08A_X11_BATTLE_01_DRAMA_M_ROF_0080,376,376,376,378,รูฟัส,npc,male,rufus,,พวกแกทำได้ดีกว่านี้ ไอ้วูล์ฟฟอร์ต! ถ้าไม่เอาจริงจะไปสนุกอะไรวะ!,,,BLOCKED_PENDING_REFERENCE_AUDIO,,triangle-strategy
370,MS08A_X11_BATTLE_01_DRAMA_M_ROF_0090.wav,MS08A_X11_BATTLE_01_DRAMA_M_ROF_0090,377,377,377,379,รูฟัส,npc,male,rufus,,นี่สินะคือพลังที่แท้จริงแห่งตระกูลวูล์ฟฟอร์ต... พวกเราขอถอย วันนี้ชัยชนะเป็นของพวกเจ้าแล้ว,,,BLOCKED_PENDING_REFERENCE_AUDIO,,triangle-strategy
371,MS08A_X11_BATTLE_01_DRAMA_M_SEL_0010.wav,MS08A_X11_BATTLE_01_DRAMA_M_SEL_0010,378,378,378,380,Serenoa,main,male,serenoa,assets/triangle-strategy/approved_voice_references/serenoa.wav,กองทัพซิลวิโอ้เคลื่อนพลแล้ว! เตรียมตัวให้พร้อม,,,PENDING_MANUAL_GENERATION,,triangle-strategy
372,MS08A_X11_BATTLE_01_DRAMA_M_SEL_0020.wav,MS08A_X11_BATTLE_01_DRAMA_M_SEL_0020,379,379,379,381,Serenoa,main,male,serenoa,assets/triangle-strategy/approved_voice_references/serenoa.wav,พวกเราอยู่สูงกว่าพวกมัน! เราต้องใช้ประโยชน์จากพื้นที่ให้ดี!,,,PENDING_MANUAL_GENERATION,,triangle-strategy
373,MS08A_X11_BATTLE_01_DRAMA_M_SEL_0030.wav,MS08A_X11_BATTLE_01_DRAMA_M_SEL_0030,380,380,380,382,Serenoa,main,male,serenoa,assets/triangle-strategy/approved_voice_references/serenoa.wav,หาซิลวิโอ้ไม่เจอเลย นี่เขาตั้งใจจะดูทหารตัวเองสู้อยู่ห่างๆจริงเหรอเนี่ย?,,,PENDING_MANUAL_GENERATION,,triangle-strategy
374,MS08A_X11_BATTLE_01_DRAMA_M_SEL_0040.wav,MS08A_X11_BATTLE_01_DRAMA_M_SEL_0040,381,381,381,383,Serenoa,main,male,serenoa,assets/triangle-strategy/approved_voice_references/serenoa.wav,จบศึกนี้เมื่อไหร่ ข้าจะตามหาตัวแล้วลากหัวมารับผิดชอบในความขี้ขลาดของมัน!,,,PENDING_MANUAL_GENERATION,,triangle-strategy
375,MS08A_X11_WD_0010_N_NNN_0010.wav,MS08A_X11_WD_0010_N_NNN_0010,382,382,382,384,Narrator,narrator,female,narrator,assets/triangle-strategy/approved_voice_references/narrator.wav,ลอร์ดซิลวิโอ้แห่งเทลลิออร์ เสนอจะมอบสถานที่ลี้ภัยให้โรแลนด์และสร้างพันธมิตรกับวูล์ฟฟอร์ตผู้เดียวดาย,,,PENDING_MANUAL_GENERATION,,triangle-strategy
376,MS08A_X11_WD_0010_N_NNN_0020.wav,MS08A_X11_WD_0010_N_NNN_0020,383,383,383,385,Narrator,narrator,female,narrator,assets/triangle-strategy/approved_voice_references/narrator.wav,แต่เซเรโนอาเลือกเดินในเส้นทางของตนแม้ว่าต้องเดินคนเดียวก็ตาม ซิลวิโอ้จึงกลับแคว้นไป ด้วยสีหน้าไม่พอใจอย่างแรง...,,,PENDING_MANUAL_GENERATION,,triangle-strategy
377,MS08B_F01_A0_0010_F_CRD_0010.wav,MS08B_F01_A0_0010_F_CRD_0010,0,0,0,1,Cordelia,npc,female,cordelia,assets/triangle-strategy/approved_voice_references/cordelia.wav,ท่านพี่ เจอตัวแล้ว...,,,PENDING_MANUAL_GENERATION,,triangle-strategy
378,MS08B_F01_A0_0010_F_CRD_0020.wav,MS08B_F01_A0_0010_F_CRD_0020,1,1,1,2,Cordelia,npc,female,cordelia,assets/triangle-strategy/approved_voice_references/cordelia.wav,ชู่ววว!,,,PENDING_MANUAL_GENERATION,,triangle-strategy
379,MS08B_F01_A0_0010_F_CRD_0030.wav,MS08B_F01_A0_0010_F_CRD_0030,2,2,2,3,Cordelia,npc,female,cordelia,assets/triangle-strategy/approved_voice_references/cordelia.wav,ท่านพี่ต้องหนีแล้วนะ,,,PENDING_MANUAL_GENERATION,,triangle-strategy
380,MS08B_F01_A0_0010_M_M057_0010.wav,MS08B_F01_A0_0010_M_M057_0010,3,3,3,4,ชายบาดเจ็บ,generic,male,MALE_ADULT_B,assets/triangle-strategy/approved_voice_references/MALE_ADULT_B.wav,โอย...,,,PENDING_MANUAL_GENERATION,,triangle-strategy
381,MS08B_F01_A0_0010_M_RLN_0020.wav,MS08B_F01_A0_0010_M_RLN_0020,5,5,5,6,Roland,main,male,roland,assets/triangle-strategy/approved_voice_references/roland.wav,คอร์เดเลีย!?,,,PENDING_MANUAL_GENERATION,,triangle-strategy
382,MS08B_F01_A0_0015_F_CRD_0010.wav,MS08B_F01_A0_0015_F_CRD_0010,6,6,6,7,Cordelia,npc,female,cordelia,assets/triangle-strategy/approved_voice_references/cordelia.wav,ข้าขอโทษนะ... ทั้งหมดเป็นความผิดข้าเอง,,,PENDING_MANUAL_GENERATION,,triangle-strategy
383,MS08B_F01_A0_0015_F_CRD_0020.wav,MS08B_F01_A0_0015_F_CRD_0020,7,7,7,8,Cordelia,npc,female,cordelia,assets/triangle-strategy/approved_voice_references/cordelia.wav,ข้า...ข้าจะอยู่ที่นี่เจ้าค่ะ,,,PENDING_MANUAL_GENERATION,,triangle-strategy
384,MS08B_F01_A0_0015_F_CRD_0030.wav,MS08B_F01_A0_0015_F_CRD_0030,8,8,8,9,Cordelia,npc,female,cordelia,assets/triangle-strategy/approved_voice_references/cordelia.wav,ข้ามีเหตุผลที่ต้องอยู่ต่อ ข้าจะล้างแค้นให้ครอบครัวของเรา,,,PENDING_MANUAL_GENERATION,,triangle-strategy
385,MS08B_F01_A0_0015_F_CRD_0040.wav,MS08B_F01_A0_0015_F_CRD_0040,9,9,9,10,Cordelia,npc,female,cordelia,assets/triangle-strategy/approved_voice_references/cordelia.wav,ข้าต้องรู้ให้ได้ว่าเอสฟรอสต์วางแผนอะไรอยู่ ถึงเวลาเมื่อไหร่ข้าจะเล่นงานให้หนักเลย,,,PENDING_MANUAL_GENERATION,,triangle-strategy
386,MS08B_F01_A0_0015_F_CRD_0050.wav,MS08B_F01_A0_0015_F_CRD_0050,10,10,10,11,Cordelia,npc,female,cordelia,assets/triangle-strategy/approved_voice_references/cordelia.wav,เจ้าค่ะ,,,PENDING_MANUAL_GENERATION,,triangle-strategy
387,MS08B_F01_A0_0015_M_M058_0010.wav,MS08B_F01_A0_0015_M_M058_0010,11,11,11,12,ผู้สมรู้ร่วมคิด,generic,male,MALE_YOUNG_A,assets/triangle-strategy/approved_voice_references/MALE_YOUNG_A.wav,ออกมาได้แล้ว องค์ชายขอรับ!,,,PENDING_MANUAL_GENERATION,,triangle-strategy
388,MS08B_F01_A0_0015_M_M059_0010.wav,MS08B_F01_A0_0015_M_M059_0010,12,12,12,13,ผู้สมรู้ร่วมคิด,generic,male,MALE_ADULT_C,assets/triangle-strategy/approved_voice_references/MALE_ADULT_C.wav,อย่าเสียงดัง! ขืนใครรู้เข้ามีหวังโดนเสียบหัวประจานแน่,,,PENDING_MANUAL_GENERATION,,triangle-strategy
389,MS08B_F01_A0_0015_M_RLN_0010.wav,MS08B_F01_A0_0015_M_RLN_0010,13,13,13,14,Roland,main,male,roland,assets/triangle-strategy/approved_voice_references/roland.wav,เหลวไหลน่า เจ้ากล้าหาญกว่าที่คิดอีกรู้ไหม,,,PENDING_MANUAL_GENERATION,,triangle-strategy
390,MS08B_F01_A0_0015_M_RLN_0020.wav,MS08B_F01_A0_0015_M_RLN_0020,14,14,14,15,Roland,main,male,roland,assets/triangle-strategy/approved_voice_references/roland.wav,มาหนีไปด้วยกันเถอะ,,,PENDING_MANUAL_GENERATION,,triangle-strategy
391,MS08B_F01_A0_0015_M_RLN_0030.wav,MS08B_F01_A0_0015_M_RLN_0030,15,15,15,16,Roland,main,male,roland,assets/triangle-strategy/approved_voice_references/roland.wav,คอร์เดเลีย?,,,PENDING_MANUAL_GENERATION,,triangle-strategy
392,MS08B_F01_A0_0015_M_RLN_0040.wav,MS08B_F01_A0_0015_M_RLN_0040,16,16,16,17,Roland,main,male,roland,assets/triangle-strategy/approved_voice_references/roland.wav,หา!? ทำไมกันล่ะ? อุตส่าห์ฝ่าฟันมาขนาดนี้...,,,PENDING_MANUAL_GENERATION,,triangle-strategy
393,MS08B_F01_A0_0015_M_RLN_0050.wav,MS08B_F01_A0_0015_M_RLN_0050,17,17,17,18,Roland,main,male,roland,assets/triangle-strategy/approved_voice_references/roland.wav,เจ้าตั้งใจจะแต่งงานกับอาร์ชดยุกสินะ,,,PENDING_MANUAL_GENERATION,,triangle-strategy
394,MS08B_F01_A0_0015_M_RLN_0060.wav,MS08B_F01_A0_0015_M_RLN_0060,18,18,18,19,Roland,main,male,roland,assets/triangle-strategy/approved_voice_references/roland.wav,...ข้าสัญญาว่าจะมาช่วยเจ้า น้องข้า,,,PENDING_MANUAL_GENERATION,,triangle-strategy
395,MS08B_F01_A0_0015_M_RLN_0070.wav,MS08B_F01_A0_0015_M_RLN_0070,19,19,19,20,Roland,main,male,roland,assets/triangle-strategy/approved_voice_references/roland.wav,จนกว่าจะถึงตอนนั้น...ดูแลตัวเองด้วยนะ,,,PENDING_MANUAL_GENERATION,,triangle-strategy
396,MS08B_F01_A0_0020_F_ABR_0010.wav,MS08B_F01_A0_0020_F_ABR_0010,20,20,20,21,Avlora,npc,female,avlora,assets/triangle-strategy/approved_voice_references/avlora.wav,ข้าผิดเองเจ้าค่ะ นายท่าน,,,PENDING_MANUAL_GENERATION,,triangle-strategy
397,MS08B_F01_A0_0020_F_ABR_0020.wav,MS08B_F01_A0_0020_F_ABR_0020,21,21,21,22,Avlora,npc,female,avlora,assets/triangle-strategy/approved_voice_references/avlora.wav,...เจ้าค่ะ นายท่าน,,,PENDING_MANUAL_GENERATION,,triangle-strategy
398,MS08B_F01_A0_0020_F_ERK_0010.wav,MS08B_F01_A0_0020_F_ERK_0010,22,22,22,23,Erika,npc,female,erika,assets/triangle-strategy/approved_voice_references/erika.wav,ขนาดพวกคลั่งศาสนายังถูกคำสอนตัวเองหลอกได้เลย,,,PENDING_MANUAL_GENERATION,,triangle-strategy
399,MS08B_F01_A0_0020_F_ERK_0020.wav,MS08B_F01_A0_0020_F_ERK_0020,23,23,23,24,Erika,npc,female,erika,assets/triangle-strategy/approved_voice_references/erika.wav,แม่ทัพอัฟโลร่ารายงานว่า พบเห็นการใช้อาวุธระเบิดซึ่งก่อให้เกิดควันสีม่วงฟุ้งกระจายทั่วสมรภูมิเจ้าค่ะ,,,PENDING_MANUAL_GENERATION,,triangle-strategy
400,MS08B_F01_A0_0020_M_GST_0010.wav,MS08B_F01_A0_0020_M_GST_0010,24,24,24,25,กุสตาดอล์ฟ,npc,male,gustadolph,,เหมือนว่าไฮแซนต์ถอนกำลังออกจากแคว้นวูล์ฟฟอร์ตเรียบร้อยแล้ว,,,BLOCKED_PENDING_REFERENCE_AUDIO,,triangle-strategy
401,MS08B_F01_A0_0020_M_GST_0020.wav,MS08B_F01_A0_0020_M_GST_0020,25,25,25,26,กุสตาดอล์ฟ,npc,male,gustadolph,,"แสดงว่าพวกมันจะใช้วูล์ฟฟอร์ตเป็นเครื่องมือต่อต้านเรา อิสรภาพจอมปลอมจะทำให้พวกวูล์ฟฟอร์ตยอมฟังคำอ้อนวอนจาก ""ผู้กอบกู้"" ของพวกมัน",,,BLOCKED_PENDING_REFERENCE_AUDIO,,triangle-strategy
402,MS08B_F01_A0_0020_M_GST_0023.wav,MS08B_F01_A0_0020_M_GST_0023,26,26,26,27,กุสตาดอล์ฟ,npc,male,gustadolph,,นอกจากวูล์ฟฟอร์ตที่กล้าแข็งข้อ ก็ยังมีไฮแซนต์ที่เข้าข้างพวกมันด้วยสินะ,,,BLOCKED_PENDING_REFERENCE_AUDIO,,triangle-strategy
403,MS08B_F01_A0_0020_M_GST_0027.wav,MS08B_F01_A0_0020_M_GST_0027,27,27,27,28,กุสตาดอล์ฟ,npc,male,gustadolph,,อืม ปล่อยให้พวกเขาระเบิดพลังกันไปก่อนเถอะ อนาคตจะเป็นยังไงต่อไปไม่มีใครรู้หรอก,,,BLOCKED_PENDING_REFERENCE_AUDIO,,triangle-strategy
404,MS08B_F01_A0_0020_M_GST_0029.wav,MS08B_F01_A0_0020_M_GST_0029,28,28,28,29,กุสตาดอล์ฟ,npc,male,gustadolph,,สถานการณ์ตอนนี้...น่าเป็นห่วง,,,BLOCKED_PENDING_REFERENCE_AUDIO,,triangle-strategy
405,MS08B_F01_A0_0020_M_GST_0030.wav,MS08B_F01_A0_0020_M_GST_0030,29,29,29,30,กุสตาดอล์ฟ,npc,male,gustadolph,,เจ้าไม่ได้ผิดอะไร อัฟโลร่า,,,BLOCKED_PENDING_REFERENCE_AUDIO,,triangle-strategy
406,MS08B_F01_A0_0020_M_GST_0040.wav,MS08B_F01_A0_0020_M_GST_0040,30,30,30,31,กุสตาดอล์ฟ,npc,male,gustadolph,,เจ้ารู้ดีว่าข้าคาดหวังอะไรอยู่ อย่าริอาจใช้คำพูดเหล่านี้ต่อหน้าข้าอีก,,,BLOCKED_PENDING_REFERENCE_AUDIO,,triangle-strategy
407,MS08B_F01_A0_0020_M_GST_0050.wav,MS08B_F01_A0_0020_M_GST_0050,31,31,31,32,กุสตาดอล์ฟ,npc,male,gustadolph,,สรุปเจ้ารู้ไหมว่าองค์ชายอยู่ที่ไหน ธาลาส?,,,BLOCKED_PENDING_REFERENCE_AUDIO,,triangle-strategy
408,MS08B_F01_A0_0020_M_GST_0060.wav,MS08B_F01_A0_0020_M_GST_0060,32,32,32,33,กุสตาดอล์ฟ,npc,male,gustadolph,,ปล่อยให้มันมีชีวิตต่อไปไม่ได้ หามันให้เจอ,,,BLOCKED_PENDING_REFERENCE_AUDIO,,triangle-strategy
409,MS08B_F01_A0_0020_M_TRS_0005.wav,MS08B_F01_A0_0020_M_TRS_0005,33,33,33,34,Thalas,npc,male,thalas,assets/triangle-strategy/approved_voice_references/thalas.wav,แล้วปล่อยให้วูล์ฟฟอร์ตเป็นอิสระเหรอ? ไม่สมกับเป็นพวกมันเลยแฮะ,,,PENDING_MANUAL_GENERATION,,triangle-strategy
410,MS08B_F01_A0_0020_M_TRS_0010.wav,MS08B_F01_A0_0020_M_TRS_0010,34,34,34,35,Thalas,npc,male,thalas,assets/triangle-strategy/approved_voice_references/thalas.wav,ยังไม่รู้เลยท่านพี่ ข่าวคราวตอนนี้เงียบเชียบมากขอรับ...,,,PENDING_MANUAL_GENERATION,,triangle-strategy
411,MS08B_F01_A0_0020_M_TRS_0020.wav,MS08B_F01_A0_0020_M_TRS_0020,35,35,35,36,Thalas,npc,male,thalas,assets/triangle-strategy/approved_voice_references/thalas.wav,แต่ไม่ต้องห่วงนะ เงินค่าหัวที่ข้าตั้งไว้สูงลิ่วจะปลุกระดมให้ทุกคนมีแรงฮึดในการตามล่าองค์ชายมากขึ้นขอรับ,,,PENDING_MANUAL_GENERATION,,triangle-strategy
412,MS08B_F01_A0_0030_F_CRD_0010.wav,MS08B_F01_A0_0030_F_CRD_0010,36,36,36,37,Cordelia,npc,female,cordelia,assets/triangle-strategy/approved_voice_references/cordelia.wav,เจ้าไม่มีอะไรจะพูดเลยเหรอ? ข้าเป็นคนปล่อยตัวท่านพี่นะ,,,PENDING_MANUAL_GENERATION,,triangle-strategy
413,MS08B_F01_A0_0030_F_CRD_0020.wav,MS08B_F01_A0_0030_F_CRD_0020,37,37,37,38,Cordelia,npc,female,cordelia,assets/triangle-strategy/approved_voice_references/cordelia.wav,อภัยบ้าบออะไรกัน! ข้าไม่มีวันรู้สึกแบบเดียวกับเจ้าหรอก!,,,PENDING_MANUAL_GENERATION,,triangle-strategy
414,MS08B_F01_A0_0030_M_GST_0010.wav,MS08B_F01_A0_0030_M_GST_0010,38,38,38,39,กุสตาดอล์ฟ,npc,male,gustadolph,,ไหนๆ เราก็จะแต่งงานกันแล้ว ข้าต้องรู้จักให้อภัยในความวู่วามของเจ้าเสียบ้าง,,,BLOCKED_PENDING_REFERENCE_AUDIO,,triangle-strategy
415,MS08B_F01_A0_0030_M_GST_0020.wav,MS08B_F01_A0_0030_M_GST_0020,39,39,39,40,กุสตาดอล์ฟ,npc,male,gustadolph,,ก็ตามใจ แต่พี่เจ้าหนีไม่รอดหรอกนะจะบอกให้,,,BLOCKED_PENDING_REFERENCE_AUDIO,,triangle-strategy
416,MS08B_F01_A0_0030_M_GST_0030.wav,MS08B_F01_A0_0030_M_GST_0030,40,40,40,41,กุสตาดอล์ฟ,npc,male,gustadolph,,แต่ว่าตระกูลวูล์ฟฟอร์ตนี่มัน...น่ารำคาญชะมัด เป็นตัวน่ารำคาญที่ข้าไม่สามารถกำจัด หากไม่ไปกระตุกต่อมแค้นของไฮแซนต์เสียก่อน,,,BLOCKED_PENDING_REFERENCE_AUDIO,,triangle-strategy
417,MS08B_F01_A0_0030_M_GST_0050.wav,MS08B_F01_A0_0030_M_GST_0050,42,42,42,43,กุสตาดอล์ฟ,npc,male,gustadolph,,แต่ก็คงไม่สำคัญแล้วล่ะ,,,BLOCKED_PENDING_REFERENCE_AUDIO,,triangle-strategy
418,MS08B_F01_A0_0030_M_GST_0060.wav,MS08B_F01_A0_0030_M_GST_0060,43,43,43,44,กุสตาดอล์ฟ,npc,male,gustadolph,,ยุคของข้ามาถึงแล้ว ยุคของข้า! ยุคที่ข้าจะสลักชื่อของตนไว้บนแผ่นดินนอร์เซเลีย!,,,BLOCKED_PENDING_REFERENCE_AUDIO,,triangle-strategy
419,MS08B_F01_A1_0010_M_BND_0010.wav,MS08B_F01_A1_0010_M_BND_0010,44,44,44,45,Benedict,main,male,benedict,assets/triangle-strategy/approved_voice_references/benedict.wav,เปลวไฟสีม่วงนั่น... มันคืออาวุธใหม่เต็มรูปแบบของไฮแซนต์สินะขอรับ,,,PENDING_MANUAL_GENERATION,,triangle-strategy
420,MS08B_F01_A1_0010_M_BND_0020.wav,MS08B_F01_A1_0010_M_BND_0020,45,45,45,46,Benedict,main,male,benedict,assets/triangle-strategy/approved_voice_references/benedict.wav,หมายความว่ายังไงขอรับ?,,,PENDING_MANUAL_GENERATION,,triangle-strategy
421,MS08B_F01_A1_0010_M_EGS_0010.wav,MS08B_F01_A1_0010_M_EGS_0010,46,46,46,47,Exharme,npc,male,exharme,assets/triangle-strategy/approved_voice_references/exharme.wav,อ้าว ปราสาทที่ล่มสลายสมควรจะมีลอร์ดด้วยเหรอ?,,,PENDING_MANUAL_GENERATION,,triangle-strategy
422,MS08B_F01_A1_0010_M_EGS_0020.wav,MS08B_F01_A1_0010_M_EGS_0020,47,47,47,48,Exharme,npc,male,exharme,assets/triangle-strategy/approved_voice_references/exharme.wav,จริงๆ แล้วอำนาจควรจะตกเป็นของผู้พิชิตสิ จากมุมมองของข้า เจ้าก็น่าจะรู้อยู่ว่าใคร,,,PENDING_MANUAL_GENERATION,,triangle-strategy
423,MS08B_F01_A1_0010_M_EGS_0030.wav,MS08B_F01_A1_0010_M_EGS_0030,48,48,48,49,Exharme,npc,male,exharme,assets/triangle-strategy/approved_voice_references/exharme.wav,สวยงามใช่ไหมล่ะ? ต้องขอบคุณนักวิจัยมากฝีมือทั้งหลายแห่งกระทรวงของเรา แต่เกรงว่ามันยังไม่สมบูรณ์ดี หวังว่าท่านจะประทับใจกับการประเดิมอาวุธของเรานะ,,,PENDING_MANUAL_GENERATION,,triangle-strategy
424,MS08B_F01_A1_0010_M_EGS_0040.wav,MS08B_F01_A1_0010_M_EGS_0040,49,49,49,50,Exharme,npc,male,exharme,assets/triangle-strategy/approved_voice_references/exharme.wav,แต่ถ้ายังไม่พอใจ จะให้ใช้อาวุธใหม่อีกรอบก็ได้,,,PENDING_MANUAL_GENERATION,,triangle-strategy
425,MS08B_F01_A1_0010_M_EGS_0050.wav,MS08B_F01_A1_0010_M_EGS_0050,50,50,50,51,Exharme,npc,male,exharme,assets/triangle-strategy/approved_voice_references/exharme.wav,ดีใจที่เราตกลงกันได้สักที ตอนนี้พวกเจ้าช่วยออกไปก่อนได้ไหม,,,PENDING_MANUAL_GENERATION,,triangle-strategy
426,MS08B_F01_A1_0010_M_EGS_0060.wav,MS08B_F01_A1_0010_M_EGS_0060,51,51,51,52,Exharme,npc,male,exharme,assets/triangle-strategy/approved_voice_references/exharme.wav,การสร้างศัตรูกับชายหนุ่มผู้มีความสามารถคงเป็นเรื่องง่ายเกินไป ข้าจึงอยากหาโอกาสแสดงศักยภาพของเขาออกมาสักหน่อย,,,PENDING_MANUAL_GENERATION,,triangle-strategy
427,MS08B_F01_A1_0010_M_EGS_0070.wav,MS08B_F01_A1_0010_M_EGS_0070,52,52,52,53,Exharme,npc,male,exharme,assets/triangle-strategy/approved_voice_references/exharme.wav,ยังไงก็เถอะ...ข้ามาที่นี่เพื่อคุยกับท่าน ลอร์ดเซเรโนอา หากข้าหมดธุระแล้วจะกลับทันที,,,PENDING_MANUAL_GENERATION,,triangle-strategy
428,MS08B_F01_A1_0010_M_EGS_0080.wav,MS08B_F01_A1_0010_M_EGS_0080,53,53,53,54,Exharme,npc,male,exharme,assets/triangle-strategy/approved_voice_references/exharme.wav,คือว่าตอนนี้มีปรสิตที่กำลังหากินกับของขวัญแห่งเทพธิดา และคอยเอาเปรียบผู้อื่นในไฮแซนต์น่ะ,,,PENDING_MANUAL_GENERATION,,triangle-strategy
429,MS08B_F01_A1_0010_M_EGS_0090.wav,MS08B_F01_A1_0010_M_EGS_0090,54,54,54,55,Exharme,npc,male,exharme,assets/triangle-strategy/approved_voice_references/exharme.wav,ข้าเลยอยากให้ท่านปัดเป่าปรสิตพวกนี้ออกไปจากอาณาจักรของเรา,,,PENDING_MANUAL_GENERATION,,triangle-strategy
430,MS08B_F01_A1_0010_M_ELA_0010.wav,MS08B_F01_A1_0010_M_ELA_0010,55,55,55,56,Erador,main,male,erador,assets/triangle-strategy/approved_voice_references/erador.wav,อย่าคิดจะยึดอำนาจไปแบบนี้นะ มันมีไว้ให้หัวหน้าตระกูลเท่านั้นขอรับ,,,PENDING_MANUAL_GENERATION,,triangle-strategy
431,MS08B_F01_A1_0010_M_M056_0010.wav,MS08B_F01_A1_0010_M_M056_0010,56,56,56,57,ผู้ติดตาม,generic,male,MALE_ADULT_A,assets/triangle-strategy/approved_voice_references/MALE_ADULT_A.wav,ขอรับ นายท่าน,,,PENDING_MANUAL_GENERATION,,triangle-strategy
432,MS08B_F01_A1_0010_M_SEL_0010.wav,MS08B_F01_A1_0010_M_SEL_0010,57,57,57,58,Serenoa,main,male,serenoa,assets/triangle-strategy/approved_voice_references/serenoa.wav,ไม่ต้องหรอกท่าน เดี๋ยวคนของข้าเดือดร้อนตายกันพอดี,,,PENDING_MANUAL_GENERATION,,triangle-strategy
433,MS08B_F01_A1_0010_M_SEL_0020.wav,MS08B_F01_A1_0010_M_SEL_0020,58,58,58,59,Serenoa,main,male,serenoa,assets/triangle-strategy/approved_voice_references/serenoa.wav,แล้วข้าจะได้อะไรจากการฟังท่านล่ะ?,,,PENDING_MANUAL_GENERATION,,triangle-strategy
434,MS08B_F01_A1_0010_M_SEL_0030.wav,MS08B_F01_A1_0010_M_SEL_0030,59,59,59,60,Serenoa,main,male,serenoa,assets/triangle-strategy/approved_voice_references/serenoa.wav,ข้าฟังอยู่...พูดต่อสิ,,,PENDING_MANUAL_GENERATION,,triangle-strategy
435,MS08B_F01_A1_0020_F_FRE_0010.wav,MS08B_F01_A1_0020_F_FRE_0010,60,60,60,61,Frederica,main,female,frederica,assets/triangle-strategy/approved_voice_references/frederica.wav,แล้วใครเป็นคนซื้อสินค้าผิดกฎหมายของเขาล่ะ? เอสฟรอสต์เหรอ?,,,PENDING_MANUAL_GENERATION,,triangle-strategy
436,MS08B_F01_A1_0020_F_FRE_0020.wav,MS08B_F01_A1_0020_F_FRE_0020,61,61,61,62,Frederica,main,female,frederica,assets/triangle-strategy/approved_voice_references/frederica.wav,ข้าเองก็เคยได้ยินข่าวลือเช่นกัน... เหมือนว่ามันเป็นเรื่องจริงสินะ,,,PENDING_MANUAL_GENERATION,,triangle-strategy
437,MS08B_F01_A1_0020_M_BND_0010.wav,MS08B_F01_A1_0020_M_BND_0010,62,62,62,63,Benedict,main,male,benedict,assets/triangle-strategy/approved_voice_references/benedict.wav,คืออะไรขอรับ?,,,PENDING_MANUAL_GENERATION,,triangle-strategy
438,MS08B_F01_A1_0020_M_BND_0020.wav,MS08B_F01_A1_0020_M_BND_0020,63,63,63,64,Benedict,main,male,benedict,assets/triangle-strategy/approved_voice_references/benedict.wav,ท่านกำลังทำข้อเสนอสินะ,,,PENDING_MANUAL_GENERATION,,triangle-strategy
439,MS08B_F01_A1_0020_M_BND_0030.wav,MS08B_F01_A1_0020_M_BND_0030,64,64,64,65,Benedict,main,male,benedict,assets/triangle-strategy/approved_voice_references/benedict.wav,คนมีอำนาจย่อมมีวิธีการของตัวเองเสมอ,,,PENDING_MANUAL_GENERATION,,triangle-strategy
440,MS08B_F01_A1_0020_M_BND_0040.wav,MS08B_F01_A1_0020_M_BND_0040,65,65,65,66,Benedict,main,male,benedict,assets/triangle-strategy/approved_voice_references/benedict.wav,สมาคมอาจไม่เป็นที่โปรดปรานสำหรับทุกคน แต่สิ่งที่พวกเขาทำนั้นก่อให้เกิดประโยชน์มากกว่าโทษขอรับ พวกเขาทำให้ทุกอาณาจักรได้ค้าขายอย่างเท่าเทียมกัน,,,PENDING_MANUAL_GENERATION,,triangle-strategy
441,MS08B_F01_A1_0020_M_BND_0050.wav,MS08B_F01_A1_0020_M_BND_0050,66,66,66,67,Benedict,main,male,benedict,assets/triangle-strategy/approved_voice_references/benedict.wav,หากข่าวลือเรื่องรัฐมนตรีซอสเลย์เป็นจริงขึ้นมา แบบนี้ถือว่าละเมิดข้อตกลงโดยตรงขอรับ,,,PENDING_MANUAL_GENERATION,,triangle-strategy
442,MS08B_F01_A1_0020_M_BND_0060.wav,MS08B_F01_A1_0020_M_BND_0060,67,67,67,68,Benedict,main,male,benedict,assets/triangle-strategy/approved_voice_references/benedict.wav,นาเกลือมีขนาดใหญ่ จะให้ทหารมาเฝ้าดูทุกตารางนิ้วมันทำไม่ได้หรอก,,,PENDING_MANUAL_GENERATION,,triangle-strategy
443,MS08B_F01_A1_0020_M_EGS_0010.wav,MS08B_F01_A1_0020_M_EGS_0010,68,68,68,69,Exharme,npc,male,exharme,assets/triangle-strategy/approved_voice_references/exharme.wav,ก่อนที่ท่านจะฟังเรื่องเล่าน่าเบื่อของข้า รับนี่ไว้ก่อนสิ,,,PENDING_MANUAL_GENERATION,,triangle-strategy
444,MS08B_F01_A1_0020_M_EGS_0020.wav,MS08B_F01_A1_0020_M_EGS_0020,69,69,69,70,Exharme,npc,male,exharme,assets/triangle-strategy/approved_voice_references/exharme.wav,ยาตัวล่าสุดของเราที่พัฒนาในกระทรวงน่ะ,,,PENDING_MANUAL_GENERATION,,triangle-strategy
445,MS08B_F01_A1_0020_M_EGS_0030.wav,MS08B_F01_A1_0020_M_EGS_0030,70,70,70,71,Exharme,npc,male,exharme,assets/triangle-strategy/approved_voice_references/exharme.wav,อ๊ะ แสดงว่าที่ลือกันเป็นเรื่องจริงสินะ,,,PENDING_MANUAL_GENERATION,,triangle-strategy
446,MS08B_F01_A1_0020_M_EGS_0040.wav,MS08B_F01_A1_0020_M_EGS_0040,71,71,71,72,Exharme,npc,male,exharme,assets/triangle-strategy/approved_voice_references/exharme.wav,ยานี่ออกฤทธิ์ดีแน่นอน หัวใจของเขาจะเต้นตามปกติเฉกเช่นวัยหนุ่มของเขาเลยล่ะ,,,PENDING_MANUAL_GENERATION,,triangle-strategy
447,MS08B_F01_A1_0020_M_EGS_0050.wav,MS08B_F01_A1_0020_M_EGS_0050,72,72,72,73,Exharme,npc,male,exharme,assets/triangle-strategy/approved_voice_references/exharme.wav,ไว้ค่อยขอบคุณข้าหลังจากฟังเรื่องที่จะขอเป็นการตอบแทนก็แล้วกัน,,,PENDING_MANUAL_GENERATION,,triangle-strategy
448,MS08B_F01_A1_0020_M_EGS_0060.wav,MS08B_F01_A1_0020_M_EGS_0060,73,73,73,74,Exharme,npc,male,exharme,assets/triangle-strategy/approved_voice_references/exharme.wav,...ใช่แล้วล่ะ ท่านคงรู้จัก รัฐมนตรีซอสเลย์ เอนด์ สินะ,,,PENDING_MANUAL_GENERATION,,triangle-strategy
449,MS08B_F01_A1_0020_M_EGS_0070.wav,MS08B_F01_A1_0020_M_EGS_0070,74,74,74,75,Exharme,npc,male,exharme,assets/triangle-strategy/approved_voice_references/exharme.wav,ในฐานะหัวหน้าตระกูลและหนึ่งในผู้ศักดิ์สิทธิ์ เขาทำหน้าที่ดูแลการจำหน่ายสินค้าเกลือมานานมากแล้ว,,,PENDING_MANUAL_GENERATION,,triangle-strategy
450,MS08B_F01_A1_0020_M_EGS_0080.wav,MS08B_F01_A1_0020_M_EGS_0080,75,75,75,76,Exharme,npc,male,exharme,assets/triangle-strategy/approved_voice_references/exharme.wav,...ซึ่งมันจะไม่ใช่ปัญหาเลยด้วยซ้ำ หากเขาไม่แสวงผลกำไรเข้าตัวโดยใช้อำนาจในทางที่ผิด เขาเอาเกลือไปเร่ขายนอกขอบเขตสมาคมน่ะ,,,PENDING_MANUAL_GENERATION,,triangle-strategy
451,MS08B_F01_A1_0020_M_EGS_0090.wav,MS08B_F01_A1_0020_M_EGS_0090,76,76,76,77,Exharme,npc,male,exharme,assets/triangle-strategy/approved_voice_references/exharme.wav,ใช่แล้วล่ะ แถมมันจะทำให้อาณาจักรของเราเสื่อมเสียชื่อเสียงด้วย,,,PENDING_MANUAL_GENERATION,,triangle-strategy
452,MS08B_F01_A1_0020_M_EGS_0100.wav,MS08B_F01_A1_0020_M_EGS_0100,77,77,77,78,Exharme,npc,male,exharme,assets/triangle-strategy/approved_voice_references/exharme.wav,ใช่แล้วขอรับ ท่านหญิง,,,PENDING_MANUAL_GENERATION,,triangle-strategy
453,MS08B_F01_A1_0020_M_EGS_0110.wav,MS08B_F01_A1_0020_M_EGS_0110,78,78,78,79,Exharme,npc,male,exharme,assets/triangle-strategy/approved_voice_references/exharme.wav,ถูกต้อง พวกเราเองก็ต้องรับผิดชอบในความผิดของซอสเลย์เช่นกัน,,,PENDING_MANUAL_GENERATION,,triangle-strategy
454,MS08B_F01_A1_0020_M_EGS_0120.wav,MS08B_F01_A1_0020_M_EGS_0120,79,79,79,80,Exharme,npc,male,exharme,assets/triangle-strategy/approved_voice_references/exharme.wav,แต่ความจริงที่เอสฟรอสต์มีส่วนพัวพันกับการซื้อขาย ทำให้เรื่องนี้ละเอียดอ่อนมากขึ้น,,,PENDING_MANUAL_GENERATION,,triangle-strategy
455,MS08B_F01_A1_0020_M_EGS_0130.wav,MS08B_F01_A1_0020_M_EGS_0130,80,80,80,81,Exharme,npc,male,exharme,assets/triangle-strategy/approved_voice_references/exharme.wav,เจ้าคงรู้แล้วว่าความโลภของเขามันส่งผลเสียต่อคนอื่นด้วย,,,PENDING_MANUAL_GENERATION,,triangle-strategy
456,MS08B_F01_A1_0020_M_EGS_0140.wav,MS08B_F01_A1_0020_M_EGS_0140,81,81,81,82,Exharme,npc,male,exharme,assets/triangle-strategy/approved_voice_references/exharme.wav,ซึ่งเป็นเหตุผลที่ข้าต้องมาร้องขอพวกท่าน,,,PENDING_MANUAL_GENERATION,,triangle-strategy
457,MS08B_F01_A1_0020_M_EGS_0150.wav,MS08B_F01_A1_0020_M_EGS_0150,82,82,82,83,Exharme,npc,male,exharme,assets/triangle-strategy/approved_voice_references/exharme.wav,ข้าต้องการให้รัฐมนตรีซอสเลย์... เด้งออกจากตำแหน่ง,,,PENDING_MANUAL_GENERATION,,triangle-strategy
458,MS08B_F01_A1_0020_M_EGS_0160.wav,MS08B_F01_A1_0020_M_EGS_0160,83,83,83,84,Exharme,npc,male,exharme,assets/triangle-strategy/approved_voice_references/exharme.wav,ใจตรงกันเหลือเกิน ยังไงก็ขอให้พ่อของท่านฟื้นตัวในเร็ววันนะ,,,PENDING_MANUAL_GENERATION,,triangle-strategy
459,MS08B_F01_A1_0020_M_EGS_0170.wav,MS08B_F01_A1_0020_M_EGS_0170,84,84,84,85,Exharme,npc,male,exharme,assets/triangle-strategy/approved_voice_references/exharme.wav,บัดนี้ ข้าขอคืนปราสาทให้ท่านดูแลต่อไป,,,PENDING_MANUAL_GENERATION,,triangle-strategy
460,MS08B_F01_A1_0020_M_EGS_0180.wav,MS08B_F01_A1_0020_M_EGS_0180,85,85,85,86,Exharme,npc,male,exharme,assets/triangle-strategy/approved_voice_references/exharme.wav,ก็ข้าขอร้องท่านซะใหญ่โตเลยนี่น่า จะให้เอาเปรียบกันมากกว่านี้ก็คงไม่ได้หรอก,,,PENDING_MANUAL_GENERATION,,triangle-strategy
461,MS08B_F01_A1_0020_M_EGS_0190.wav,MS08B_F01_A1_0020_M_EGS_0190,86,86,86,87,Exharme,npc,male,exharme,assets/triangle-strategy/approved_voice_references/exharme.wav,ข้าชอบคนไหวพริบดีเช่นท่านจริงๆ,,,PENDING_MANUAL_GENERATION,,triangle-strategy
462,MS08B_F01_A1_0020_M_EGS_0200.wav,MS08B_F01_A1_0020_M_EGS_0200,87,87,87,88,Exharme,npc,male,exharme,assets/triangle-strategy/approved_voice_references/exharme.wav,เอาล่ะ ข้าขอตัวก่อน คราวหน้าเจอกันก็เอาข่าวดีมาฝากด้วยนะ,,,PENDING_MANUAL_GENERATION,,triangle-strategy
463,MS08B_F01_A1_0020_M_ELA_0010.wav,MS08B_F01_A1_0020_M_ELA_0010,88,88,88,89,Erador,main,male,erador,assets/triangle-strategy/approved_voice_references/erador.wav,แล้วทำไมเราถึงต้องใช้ยาประหลาดที่นักวิจัยของท่านปรุงขึ้นมาด้วยล่ะ? อีกเดี๋ยวลอร์ดซีมอนก็ดีขึ้นแล้ว!,,,PENDING_MANUAL_GENERATION,,triangle-strategy
464,MS08B_F01_A1_0020_M_ELA_0020.wav,MS08B_F01_A1_0020_M_ELA_0020,89,89,89,90,Erador,main,male,erador,assets/triangle-strategy/approved_voice_references/erador.wav,บ้าจริง! พวกไฮแซนต์มันร้ายเหลือเกิน!,,,PENDING_MANUAL_GENERATION,,triangle-strategy
465,MS08B_F01_A1_0020_M_SEL_0010.wav,MS08B_F01_A1_0020_M_SEL_0010,90,90,90,91,Serenoa,main,male,serenoa,assets/triangle-strategy/approved_voice_references/serenoa.wav,...ขอบคุณขอรับ,,,PENDING_MANUAL_GENERATION,,triangle-strategy
466,MS08B_F01_A1_0020_M_SEL_0020.wav,MS08B_F01_A1_0020_M_SEL_0020,91,91,91,92,Serenoa,main,male,serenoa,assets/triangle-strategy/approved_voice_references/serenoa.wav,แต่...เป็นไปได้ยังไงกัน?,,,PENDING_MANUAL_GENERATION,,triangle-strategy
467,MS08B_F01_A1_0020_M_SEL_0030.wav,MS08B_F01_A1_0020_M_SEL_0030,92,92,92,93,Serenoa,main,male,serenoa,assets/triangle-strategy/approved_voice_references/serenoa.wav,พวกเราเคยเห็นมากับตา,,,PENDING_MANUAL_GENERATION,,triangle-strategy
468,MS08B_F01_A1_0020_M_SEL_0040.wav,MS08B_F01_A1_0020_M_SEL_0040,93,93,93,94,Serenoa,main,male,serenoa,assets/triangle-strategy/approved_voice_references/serenoa.wav,แล้วท่านจะให้เราทำอะไรล่ะ?,,,PENDING_MANUAL_GENERATION,,triangle-strategy
469,MS08B_F01_A1_0020_M_SEL_0050.wav,MS08B_F01_A1_0020_M_SEL_0050,94,94,94,95,Serenoa,main,male,serenoa,assets/triangle-strategy/approved_voice_references/serenoa.wav,...รวมถึงชีวิตของเขาด้วยสินะ,,,PENDING_MANUAL_GENERATION,,triangle-strategy
470,MS08B_F01_A1_0020_M_SEL_0060.wav,MS08B_F01_A1_0020_M_SEL_0060,95,95,95,96,Serenoa,main,male,serenoa,assets/triangle-strategy/approved_voice_references/serenoa.wav,ท่านใจดีจริงๆ,,,PENDING_MANUAL_GENERATION,,triangle-strategy
471,MS08B_F01_A1_0020_M_SEL_0070.wav,MS08B_F01_A1_0020_M_SEL_0070,96,96,96,97,Serenoa,main,male,serenoa,assets/triangle-strategy/approved_voice_references/serenoa.wav,"แสดงว่า ""คำร้องขอ"" ของท่าน ไม่ใช่สิ่งที่เราปฏิเสธได้สินะ",,,PENDING_MANUAL_GENERATION,,triangle-strategy
472,MS08B_F01_A1_0030_F_ANA_0010.wav,MS08B_F01_A1_0030_F_ANA_0010,97,97,97,98,Anna,main,female,anna,assets/triangle-strategy/approved_voice_references/anna.wav,นายท่าน องค์ชายกลับมาแล้วเจ้าค่ะ!,,,PENDING_MANUAL_GENERATION,,triangle-strategy
473,MS08B_F01_A1_0030_F_ANA_0020.wav,MS08B_F01_A1_0030_F_ANA_0020,98,98,98,99,Anna,main,female,anna,assets/triangle-strategy/approved_voice_references/anna.wav,ไม่ค่อยเท่าไร แต่สีหน้าดูซีดเซียวเจ้าค่ะ,,,PENDING_MANUAL_GENERATION,,triangle-strategy
474,MS08B_F01_A1_0030_F_ANA_0030.wav,MS08B_F01_A1_0030_F_ANA_0030,99,99,99,100,Anna,main,female,anna,assets/triangle-strategy/approved_voice_references/anna.wav,นอกจากพวกเราก็ไม่มีใครรู้แล้วเจ้าค่ะ,,,PENDING_MANUAL_GENERATION,,triangle-strategy
475,MS08B_F01_A1_0030_F_FRE_0010.wav,MS08B_F01_A1_0030_F_FRE_0010,100,100,100,101,Frederica,main,female,frederica,assets/triangle-strategy/approved_voice_references/frederica.wav,นึกว่าจะไม่มีวันนี้ซะแล้ว...,,,PENDING_MANUAL_GENERATION,,triangle-strategy
476,MS08B_F01_A1_0030_F_FRE_0020.wav,MS08B_F01_A1_0030_F_FRE_0020,101,101,101,102,Frederica,main,female,frederica,assets/triangle-strategy/approved_voice_references/frederica.wav,หมายถึงคอร์เดเลียน่ะเหรอ? เขาจะทำแบบนั้นทำไมเจ้าคะ?,,,PENDING_MANUAL_GENERATION,,triangle-strategy
477,MS08B_F01_A1_0030_F_FRE_0030.wav,MS08B_F01_A1_0030_F_FRE_0030,102,102,102,103,Frederica,main,female,frederica,assets/triangle-strategy/approved_voice_references/frederica.wav,ตอนนี้...เราต้องทำให้ไฮแซนต์กับเอสฟรอสต์ตายใจ ว่าพวกเขาสามารถทำให้เราเชื่อฟังได้ด้วยอำนาจและการข่มขวัญ,,,PENDING_MANUAL_GENERATION,,triangle-strategy
478,MS08B_F01_A1_0030_M_BND_0010.wav,MS08B_F01_A1_0030_M_BND_0010,103,103,103,104,Benedict,main,male,benedict,assets/triangle-strategy/approved_voice_references/benedict.wav,แอนนา ตอนนี้มีใครรู้บ้างว่าองค์ชายโรแลนด์อยู่ที่นี่?,,,PENDING_MANUAL_GENERATION,,triangle-strategy
479,MS08B_F01_A1_0030_M_BND_0020.wav,MS08B_F01_A1_0030_M_BND_0020,104,104,104,105,Benedict,main,male,benedict,assets/triangle-strategy/approved_voice_references/benedict.wav,ดีมาก ตอนนี้อย่าพึ่งให้ใครเข้ามาในปราสาทเลยดีกว่า,,,PENDING_MANUAL_GENERATION,,triangle-strategy
480,MS08B_F01_A1_0030_M_BND_0030.wav,MS08B_F01_A1_0030_M_BND_0030,105,105,105,106,Benedict,main,male,benedict,assets/triangle-strategy/approved_voice_references/benedict.wav,เขาตั้งใจจะชิงบัลลังก์มาโดยตลอดสินะ แล้วทำไมเขาต้องสังหารญาติพี่น้องตัวเองด้วยล่ะ?,,,PENDING_MANUAL_GENERATION,,triangle-strategy
481,MS08B_F01_A1_0030_M_BND_0040.wav,MS08B_F01_A1_0030_M_BND_0040,106,106,106,107,Benedict,main,male,benedict,assets/triangle-strategy/approved_voice_references/benedict.wav,องค์ชาย รอเดี๋ยวขอรับ,,,PENDING_MANUAL_GENERATION,,triangle-strategy
482,MS08B_F01_A1_0030_M_BND_0050.wav,MS08B_F01_A1_0030_M_BND_0050,107,107,107,108,Benedict,main,male,benedict,assets/triangle-strategy/approved_voice_references/benedict.wav,ด้วยสถานการณ์ที่เกิดขึ้น ข้าไม่คิดว่าจะมีที่ไหนปลอดภัยสำหรับท่านแล้วในนอร์เซเลีย,,,PENDING_MANUAL_GENERATION,,triangle-strategy
483,MS08B_F01_A1_0030_M_BND_0060.wav,MS08B_F01_A1_0030_M_BND_0060,108,108,108,109,Benedict,main,male,benedict,assets/triangle-strategy/approved_voice_references/benedict.wav,แต่ข้ามีข้อเสนอขอรับ...,,,PENDING_MANUAL_GENERATION,,triangle-strategy
484,MS08B_F01_A1_0030_M_BND_0070.wav,MS08B_F01_A1_0030_M_BND_0070,109,109,109,110,Benedict,main,male,benedict,assets/triangle-strategy/approved_voice_references/benedict.wav,รบกวนถอดแหวนราชวงศ์ของท่านด้วย และข้าขออภัยที่ท่านจะไม่ได้มันคืน,,,PENDING_MANUAL_GENERATION,,triangle-strategy
485,MS08B_F01_A1_0030_M_BND_0080.wav,MS08B_F01_A1_0030_M_BND_0080,110,110,110,111,Benedict,main,male,benedict,assets/triangle-strategy/approved_voice_references/benedict.wav,ท่านจะได้สิ้นพระชนม์ยังไงล่ะขอรับ องค์ชาย,,,PENDING_MANUAL_GENERATION,,triangle-strategy
486,MS08B_F01_A1_0030_M_ELA_0010.wav,MS08B_F01_A1_0030_M_ELA_0010,111,111,111,112,Erador,main,male,erador,assets/triangle-strategy/approved_voice_references/erador.wav,ไอ้สารเลวนั่น ช่างวางแผนเสียเหลือเกิน...,,,PENDING_MANUAL_GENERATION,,triangle-strategy
487,MS08B_F01_A1_0030_M_RLN_0010.wav,MS08B_F01_A1_0030_M_RLN_0010,112,112,112,113,Roland,main,male,roland,assets/triangle-strategy/approved_voice_references/roland.wav,เซเรโนอา อยากต้อนรับสหายเก่าของเจ้ากลับเข้าบ้านไหม?,,,PENDING_MANUAL_GENERATION,,triangle-strategy
488,MS08B_F01_A1_0030_M_RLN_0020.wav,MS08B_F01_A1_0030_M_RLN_0020,113,113,113,114,Roland,main,male,roland,assets/triangle-strategy/approved_voice_references/roland.wav,กุสตาดอล์ฟวางแผนจะแต่งงานกับน้องข้า อีกไม่ช้าเขาก็ประกาศแล้ว,,,PENDING_MANUAL_GENERATION,,triangle-strategy
489,MS08B_F01_A1_0030_M_RLN_0030.wav,MS08B_F01_A1_0030_M_RLN_0030,114,114,114,115,Roland,main,male,roland,assets/triangle-strategy/approved_voice_references/roland.wav,เพื่อกุมอำนาจในเกลนบรู๊คน่ะ,,,PENDING_MANUAL_GENERATION,,triangle-strategy
490,MS08B_F01_A1_0030_M_RLN_0040.wav,MS08B_F01_A1_0030_M_RLN_0040,115,115,115,116,Roland,main,male,roland,assets/triangle-strategy/approved_voice_references/roland.wav,คอร์เดเลียเหมือนจะทำใจยอมรับชะตาไปแล้ว แต่ข้าไม่ยอมหรอก ข้าจะหยุดงานแต่งบ้าๆนี่,,,PENDING_MANUAL_GENERATION,,triangle-strategy
491,MS08B_F01_A1_0030_M_RLN_0050.wav,MS08B_F01_A1_0030_M_RLN_0050,116,116,116,117,Roland,main,male,roland,assets/triangle-strategy/approved_voice_references/roland.wav,และข้าต้องการความช่วยเหลือจากพวกท่าน,,,PENDING_MANUAL_GENERATION,,triangle-strategy
492,MS08B_F01_A1_0030_M_RLN_0060.wav,MS08B_F01_A1_0030_M_RLN_0060,117,117,117,118,Roland,main,male,roland,assets/triangle-strategy/approved_voice_references/roland.wav,พวกเราต้องยุติแผนการของเอสฟรอสต์ด้วยกันนะ,,,PENDING_MANUAL_GENERATION,,triangle-strategy
493,MS08B_F01_A1_0030_M_RLN_0070.wav,MS08B_F01_A1_0030_M_RLN_0070,118,118,118,119,Roland,main,male,roland,assets/triangle-strategy/approved_voice_references/roland.wav,ข้าฝากความหวังที่เจ้าได้ไหม?,,,PENDING_MANUAL_GENERATION,,triangle-strategy
494,MS08B_F01_A1_0030_M_RLN_0080.wav,MS08B_F01_A1_0030_M_RLN_0080,119,119,119,120,Roland,main,male,roland,assets/triangle-strategy/approved_voice_references/roland.wav,เข้าใจแล้ว...,,,PENDING_MANUAL_GENERATION,,triangle-strategy
495,MS08B_F01_A1_0030_M_RLN_0090.wav,MS08B_F01_A1_0030_M_RLN_0090,120,120,120,121,Roland,main,male,roland,assets/triangle-strategy/approved_voice_references/roland.wav,จะโทษเจ้าก็คงไม่ได้ เพราะเจ้าต้องดูแลความปลอดภัยของประชาชน... ข้าขอโทษที่รบกวนเจ้าด้วย,,,PENDING_MANUAL_GENERATION,,triangle-strategy
496,MS08B_F01_A1_0030_M_RLN_0100.wav,MS08B_F01_A1_0030_M_RLN_0100,121,121,121,122,Roland,main,male,roland,assets/triangle-strategy/approved_voice_references/roland.wav,ข้าไปก่อนนะ ขืนอยู่ที่นี่ต่อ มีหวังมีเหตุสลดขึ้นแน่,,,PENDING_MANUAL_GENERATION,,triangle-strategy
497,MS08B_F01_A1_0030_M_RLN_0110.wav,MS08B_F01_A1_0030_M_RLN_0110,122,122,122,123,Roland,main,male,roland,assets/triangle-strategy/approved_voice_references/roland.wav,พูดมาตรงๆ เบเนดิกต์ มันคืออะไร?,,,PENDING_MANUAL_GENERATION,,triangle-strategy
498,MS08B_F01_A1_0030_M_RLN_0120.wav,MS08B_F01_A1_0030_M_RLN_0120,123,123,123,124,Roland,main,male,roland,assets/triangle-strategy/approved_voice_references/roland.wav,แหวนข้างั้นเหรอ!? นั่นเป็นสิ่งพิสูจน์ความเป็นตระกูลของข้าเชียวนะ... ทำไมกันล่ะ?,,,PENDING_MANUAL_GENERATION,,triangle-strategy
499,MS08B_F01_A1_0030_M_SEL_0010.wav,MS08B_F01_A1_0030_M_SEL_0010,124,124,124,125,Serenoa,main,male,serenoa,assets/triangle-strategy/approved_voice_references/serenoa.wav,ว่าไงนะ!? เขาบาดเจ็บไหม?,,,PENDING_MANUAL_GENERATION,,triangle-strategy
500,MS08B_F01_A1_0030_M_SEL_0020.wav,MS08B_F01_A1_0030_M_SEL_0020,125,125,125,126,Serenoa,main,male,serenoa,assets/triangle-strategy/approved_voice_references/serenoa.wav,ด้วยความยินดีขอรับ,,,PENDING_MANUAL_GENERATION,,triangle-strategy
501,MS08B_F01_A1_0030_M_SEL_0030.wav,MS08B_F01_A1_0030_M_SEL_0030,126,126,126,127,Serenoa,main,male,serenoa,assets/triangle-strategy/approved_voice_references/serenoa.wav,องค์ชาย...ในฐานะที่เป็นสหายของท่าน ข้าขอพูดตรงๆนะ,,,PENDING_MANUAL_GENERATION,,triangle-strategy
502,MS08B_F01_A1_0030_M_SEL_0040.wav,MS08B_F01_A1_0030_M_SEL_0040,127,127,127,128,Serenoa,main,male,serenoa,assets/triangle-strategy/approved_voice_references/serenoa.wav,พวกเราตกอยู่ในสถานการณ์...ที่ค่อนข้างละเอียดอ่อน การลงมือผลีผลามเพียงครั้งเดียวอาจจะทำให้เราเสียบ้านเมืองได้เลย,,,PENDING_MANUAL_GENERATION,,triangle-strategy
503,MS08B_F01_A1_0030_M_SEL_0050.wav,MS08B_F01_A1_0030_M_SEL_0050,128,128,128,129,Serenoa,main,male,serenoa,assets/triangle-strategy/approved_voice_references/serenoa.wav,ด้วยเหตุนั้น สิ่งที่เราควรทำที่สุดคือการเจรจากับไฮแซนต์ขอรับ,,,PENDING_MANUAL_GENERATION,,triangle-strategy
504,MS08B_F01_C1_0010_M_BKR_0010.wav,MS08B_F01_C1_0010_M_BKR_0010,129,129,129,130,บุ๊กเกอร์,npc,male,booker,,มีอะไรให้ช่วยไหมขอรับ นายท่าน?,,,BLOCKED_PENDING_REFERENCE_AUDIO,,triangle-strategy
505,MS08B_F01_C1_0010_M_BKR_0020.wav,MS08B_F01_C1_0010_M_BKR_0020,130,130,130,131,บุ๊กเกอร์,npc,male,booker,,โชคร้ายเหลือเกิน...ที่เอกซ์เฮมยุ่งไม่เข้าเรื่อง เขาปิดบังการสืบสวนได้เนียนมาก,,,BLOCKED_PENDING_REFERENCE_AUDIO,,triangle-strategy
506,MS08B_F01_C1_0010_M_BKR_0030.wav,MS08B_F01_C1_0010_M_BKR_0030,131,131,131,132,บุ๊กเกอร์,npc,male,booker,,เขาอาจทำให้หัวหน้านักบวชหมายหัวเราไปแล้วก็ได้,,,BLOCKED_PENDING_REFERENCE_AUDIO,,triangle-strategy
507,MS08B_F01_C1_0010_M_BKR_0040.wav,MS08B_F01_C1_0010_M_BKR_0040,132,132,132,133,บุ๊กเกอร์,npc,male,booker,,เราต้องรีบทำอะไรสักอย่างนะขอรับ หากการค้าขายของเราถูกเปิดโปง คงจะส่งผลกระทบร้ายแรงต่อเราเป็นแน่,,,BLOCKED_PENDING_REFERENCE_AUDIO,,triangle-strategy
508,MS08B_F01_C1_0010_M_BKR_0050.wav,MS08B_F01_C1_0010_M_BKR_0050,133,133,133,134,บุ๊กเกอร์,npc,male,booker,,ข้า...ข้าจะทำตามบัญชาของนายท่านทุกประการขอรับ,,,BLOCKED_PENDING_REFERENCE_AUDIO,,triangle-strategy
509,MS08B_F01_C1_0010_M_BKR_0060.wav,MS08B_F01_C1_0010_M_BKR_0060,134,134,134,135,บุ๊กเกอร์,npc,male,booker,,...เกรงว่าไม่ขอรับ นายท่าน,,,BLOCKED_PENDING_REFERENCE_AUDIO,,triangle-strategy
510,MS08B_F01_C1_0010_M_SLS_0010.wav,MS08B_F01_C1_0010_M_SLS_0010,135,135,135,136,Sorsley,npc,male,sorsley,assets/triangle-strategy/approved_voice_references/sorsley.wav,ช่วยเงียบหน่อยได้ไหม ไม่เห็นเหรอว่าข้าใช้ความคิดอยู่?,,,PENDING_MANUAL_GENERATION,,triangle-strategy
511,MS08B_F01_C1_0010_M_SLS_0020.wav,MS08B_F01_C1_0010_M_SLS_0020,136,136,136,137,Sorsley,npc,male,sorsley,assets/triangle-strategy/approved_voice_references/sorsley.wav,นี่เจ้าเข้าใจคำว่าเงียบไหม!? ถ้ายังจะก่อกวนข้าไม่เลิก งั้นช่วยบอกข้าที...หากเป็นเจ้าจะทำยังไง!,,,PENDING_MANUAL_GENERATION,,triangle-strategy
512,MS08B_F01_C1_0010_M_SLS_0030.wav,MS08B_F01_C1_0010_M_SLS_0030,137,137,137,138,Sorsley,npc,male,sorsley,assets/triangle-strategy/approved_voice_references/sorsley.wav,นายของเจ้ากำลังสั่งให้ช่วยหาทางออกอยู่เนี่ย! เจ้าไม่มีแผนให้ข้าเลยหรือไง?,,,PENDING_MANUAL_GENERATION,,triangle-strategy
513,MS08B_F01_C1_0010_M_SLS_0040.wav,MS08B_F01_C1_0010_M_SLS_0040,138,138,138,139,Sorsley,npc,male,sorsley,assets/triangle-strategy/approved_voice_references/sorsley.wav,ไร้ประโยชน์สิ้นดี! อยากเห็นข้าตายงั้นรึ!?,,,PENDING_MANUAL_GENERATION,,triangle-strategy
514,MS08B_F01_C1_0010_M_SLS_0050.wav,MS08B_F01_C1_0010_M_SLS_0050,139,139,139,140,Sorsley,npc,male,sorsley,assets/triangle-strategy/approved_voice_references/sorsley.wav,หนอย... จะปล่อยให้วูล์ฟฟอร์ตอยู่ในเงื้อมมือของเอกซ์เฮมไม่ได้ พวกมันมีค่าเกินไป,,,PENDING_MANUAL_GENERATION,,triangle-strategy
515,MS08B_F01_C1_0010_M_SLS_0060.wav,MS08B_F01_C1_0010_M_SLS_0060,140,140,140,141,Sorsley,npc,male,sorsley,assets/triangle-strategy/approved_voice_references/sorsley.wav,ต้องทำให้พวกมันเห็นประโยชน์ของการอยู่กับข้าบ้างแล้ว,,,PENDING_MANUAL_GENERATION,,triangle-strategy
516,MS08B_F01_C1_0020_M_EGS_0010.wav,MS08B_F01_C1_0020_M_EGS_0010,141,141,141,142,Exharme,npc,male,exharme,assets/triangle-strategy/approved_voice_references/exharme.wav,...ปัญหากับพวกวูล์ฟฟอร์ตจบลงด้วยดี ตามที่คาดไว้,,,PENDING_MANUAL_GENERATION,,triangle-strategy
517,MS08B_F01_C1_0020_M_EGS_0015.wav,MS08B_F01_C1_0020_M_EGS_0015,142,142,142,143,Exharme,npc,male,exharme,assets/triangle-strategy/approved_voice_references/exharme.wav,ข้าเชื่อว่าพวกเขาจะเบ่งบานด้วยการสนับสนุนของท่าน รัฐมนตรีซอสเลย์,,,PENDING_MANUAL_GENERATION,,triangle-strategy
518,MS08B_F01_C1_0020_M_EGS_0020.wav,MS08B_F01_C1_0020_M_EGS_0020,143,143,143,144,Exharme,npc,male,exharme,assets/triangle-strategy/approved_voice_references/exharme.wav,ใครที่คุ้นชินกับเกมการเมืองคงจะเข้าใจดี เพราะศัตรูที่แท้จริงของพวกเขาคือเอสฟรอสต์ยังไงล่ะ,,,PENDING_MANUAL_GENERATION,,triangle-strategy
519,MS08B_F01_C1_0020_M_EGS_0030.wav,MS08B_F01_C1_0020_M_EGS_0030,144,144,144,145,Exharme,npc,male,exharme,assets/triangle-strategy/approved_voice_references/exharme.wav,และหัวหน้านักบวชก็อยากทราบถึงเหตุจูงใจอันแท้จริง เบื้องหลังแผนการล่าสุดของเอสฟรอสต์เช่นกัน,,,PENDING_MANUAL_GENERATION,,triangle-strategy
520,MS08B_F01_C1_0020_M_EGS_0035.wav,MS08B_F01_C1_0020_M_EGS_0035,145,145,145,146,Exharme,npc,male,exharme,assets/triangle-strategy/approved_voice_references/exharme.wav,เพื่อการนั้น เราจำเป็นต้องมอบอิสระแก่พันธมิตรมากกว่าไปทำร้ายพวกเขา,,,PENDING_MANUAL_GENERATION,,triangle-strategy
521,MS08B_F01_C1_0020_M_EGS_0040.wav,MS08B_F01_C1_0020_M_EGS_0040,146,146,146,147,Exharme,npc,male,exharme,assets/triangle-strategy/approved_voice_references/exharme.wav,ใช่แล้วล่ะ การเมตตาพวกเขาในสถานการณ์ที่เหมาะสมย่อมมีประโยชน์กว่าการใช้กำลัง,,,PENDING_MANUAL_GENERATION,,triangle-strategy
522,MS08B_F01_C1_0020_M_EGS_0050.wav,MS08B_F01_C1_0020_M_EGS_0050,147,147,147,148,Exharme,npc,male,exharme,assets/triangle-strategy/approved_voice_references/exharme.wav,อ๊ะ ก่อนที่ข้าจะไป ท่านหัวหน้านักบวชบอกว่า เขาเป็นกังวลเกี่ยวกับเจ้า,,,PENDING_MANUAL_GENERATION,,triangle-strategy
523,MS08B_F01_C1_0020_M_EGS_0060.wav,MS08B_F01_C1_0020_M_EGS_0060,148,148,148,149,Exharme,npc,male,exharme,assets/triangle-strategy/approved_voice_references/exharme.wav,ช่วงนี้เจ้ามีปัญหากับการซื้อขายเกลือรึเปล่า?,,,PENDING_MANUAL_GENERATION,,triangle-strategy
524,MS08B_F01_C1_0020_M_EGS_0070.wav,MS08B_F01_C1_0020_M_EGS_0070,149,149,149,150,Exharme,npc,male,exharme,assets/triangle-strategy/approved_voice_references/exharme.wav,เยี่ยมมาก,,,PENDING_MANUAL_GENERATION,,triangle-strategy
525,MS08B_F01_C1_0020_M_SLS_0010.wav,MS08B_F01_C1_0020_M_SLS_0010,150,150,150,151,Sorsley,npc,male,sorsley,assets/triangle-strategy/approved_voice_references/sorsley.wav,ที่ท่านเล่ามาทำให้ข้าสงสัยอย่างหนึ่ง เอกซ์เฮม,,,PENDING_MANUAL_GENERATION,,triangle-strategy
526,MS08B_F01_C1_0020_M_SLS_0020.wav,MS08B_F01_C1_0020_M_SLS_0020,151,151,151,152,Sorsley,npc,male,sorsley,assets/triangle-strategy/approved_voice_references/sorsley.wav,กองทัพของท่านคือผู้ที่ยึดครองปราสาทวูล์ฟฟอร์ตไม่ใช่เหรอ? แล้วทำไมถึงปล่อยให้พวกเขาเป็นอิสระอยู่อีก,,,PENDING_MANUAL_GENERATION,,triangle-strategy
527,MS08B_F01_C1_0020_M_SLS_0030.wav,MS08B_F01_C1_0020_M_SLS_0030,152,152,152,153,Sorsley,npc,male,sorsley,assets/triangle-strategy/approved_voice_references/sorsley.wav,...อย่างงี้นี่เอง ท่านสามารถเก็บพวกเขาไว้เป็นสุนัขรับใช้ และสามารถตัดหางปล่อยวัดในเวลาที่พวกเขาต่อต้านเช่นกัน,,,PENDING_MANUAL_GENERATION,,triangle-strategy
528,MS08B_F01_C1_0020_M_SLS_0035.wav,MS08B_F01_C1_0020_M_SLS_0035,153,153,153,154,Sorsley,npc,male,sorsley,assets/triangle-strategy/approved_voice_references/sorsley.wav,คงถูกของท่าน,,,PENDING_MANUAL_GENERATION,,triangle-strategy
529,MS08B_F01_C1_0020_M_SLS_0040.wav,MS08B_F01_C1_0020_M_SLS_0040,154,154,154,155,Sorsley,npc,male,sorsley,assets/triangle-strategy/approved_voice_references/sorsley.wav,ไม่มีขอรับ ปกติดี,,,PENDING_MANUAL_GENERATION,,triangle-strategy
530,MS08B_F01_WD_0010_N_NNN_0010.wav,MS08B_F01_WD_0010_N_NNN_0010,155,155,155,156,Narrator,narrator,female,narrator,assets/triangle-strategy/approved_voice_references/narrator.wav,ทัพทหารทั้งสามปะทะกัน การต่อสู้ของพวกเขาส่งเสียงสนั่นดังก้องสมรภูมิเลือด เมื่อความโกลาหลนี้จบลง ร่างอันสง่างามของเอกซ์เฮมก็ปรากฎขึ้นดั่งผู้มีชัย,,,PENDING_MANUAL_GENERATION,,triangle-strategy
531,MS08B_F01_WD_0010_N_NNN_0020.wav,MS08B_F01_WD_0010_N_NNN_0020,156,156,156,157,Narrator,narrator,female,narrator,assets/triangle-strategy/approved_voice_references/narrator.wav,เมื่อแม่ทัพอัฟโลร่าเห็นว่าศึกครั้งนี้ไม่เป็นใจ นางจึงถอยหนีก่อนที่ศึกครั้งนี้จะกลืนกินนางจนสูญสิ้น ทิ้งไว้เพียงรสชาติแห่งความพ่ายแพ้อันขมขื่นที่ตนไม่คุ้นชิน,,,PENDING_MANUAL_GENERATION,,triangle-strategy
532,MS08B_H01_A0_0010_F_ABR_0010.wav,MS08B_H01_A0_0010_F_ABR_0010,157,157,157,158,Avlora,npc,female,avlora,assets/triangle-strategy/approved_voice_references/avlora.wav,ไม่อยากเชื่อเลยว่าวูล์ฟฟอร์ตจะลดตัวลงมาขอความช่วยเหลือ,,,PENDING_MANUAL_GENERATION,,triangle-strategy
533,MS08B_H01_A0_0010_F_ABR_0020.wav,MS08B_H01_A0_0010_F_ABR_0020,158,158,158,159,Avlora,npc,female,avlora,assets/triangle-strategy/approved_voice_references/avlora.wav,ทำยังไงดีเจ้าคะ นายท่าน?,,,PENDING_MANUAL_GENERATION,,triangle-strategy
534,MS08B_H01_A0_0010_F_ABR_0030.wav,MS08B_H01_A0_0010_F_ABR_0030,159,159,159,160,Avlora,npc,female,avlora,assets/triangle-strategy/approved_voice_references/avlora.wav,แล้วองค์ชายโรแลนด์ล่ะเจ้าคะ?,,,PENDING_MANUAL_GENERATION,,triangle-strategy
535,MS08B_H01_A0_0010_M_GST_0010.wav,MS08B_H01_A0_0010_M_GST_0010,160,160,160,161,กุสตาดอล์ฟ,npc,male,gustadolph,,ตระกูลเอนด์ประกาศจุดยืนแล้วสินะ,,,BLOCKED_PENDING_REFERENCE_AUDIO,,triangle-strategy
536,MS08B_H01_A0_0010_M_GST_0020.wav,MS08B_H01_A0_0010_M_GST_0020,161,161,161,162,กุสตาดอล์ฟ,npc,male,gustadolph,,แค่นี้ก็ได้กลิ่นคนโลภโชยมาแต่ไกล ไอ้ซอสเลย์คงตั้งตารอโอกาสนี้อยู่เป็นแน่,,,BLOCKED_PENDING_REFERENCE_AUDIO,,triangle-strategy
537,MS08B_H01_A0_0010_M_GST_0030.wav,MS08B_H01_A0_0010_M_GST_0030,162,162,162,163,กุสตาดอล์ฟ,npc,male,gustadolph,,ข้าก็ตกใจเหมือนกัน พ่อหนุ่มวูล์ฟฟอร์ตกลืนศักดิ์ศรีตัวเองเป็นแล้วเหรอ?,,,BLOCKED_PENDING_REFERENCE_AUDIO,,triangle-strategy
538,MS08B_H01_A0_0010_M_GST_0040.wav,MS08B_H01_A0_0010_M_GST_0040,163,163,163,164,กุสตาดอล์ฟ,npc,male,gustadolph,,ตอนนี้เราปกป้องคนของเราก่อนดีกว่า ไปได้แล้ว,,,BLOCKED_PENDING_REFERENCE_AUDIO,,triangle-strategy
539,MS08B_H01_A0_0010_M_GST_0050.wav,MS08B_H01_A0_0010_M_GST_0050,164,164,164,165,กุสตาดอล์ฟ,npc,male,gustadolph,,เรื่องนั้นไว้ทีหลัง ตอนนี้เขายังไม่จำเป็นกับเรา,,,BLOCKED_PENDING_REFERENCE_AUDIO,,triangle-strategy
540,MS08B_H01_A0_0020_M_GST_0010.wav,MS08B_H01_A0_0020_M_GST_0010,165,165,165,166,กุสตาดอล์ฟ,npc,male,gustadolph,,ปลดโซ่เขาซะ,,,BLOCKED_PENDING_REFERENCE_AUDIO,,triangle-strategy
541,MS08B_H01_A0_0020_M_GST_0020.wav,MS08B_H01_A0_0020_M_GST_0020,166,166,166,167,กุสตาดอล์ฟ,npc,male,gustadolph,,เจ้ายังดูปกติดีนะ องค์ชายของข้า,,,BLOCKED_PENDING_REFERENCE_AUDIO,,triangle-strategy
542,MS08B_H01_A0_0020_M_GST_0030.wav,MS08B_H01_A0_0020_M_GST_0030,167,167,167,168,กุสตาดอล์ฟ,npc,male,gustadolph,,เอาข่าวดีมาบอกน่ะสิ ตอนนี้เราเลื่อนการประหารชีวิตเจ้าออกไปแล้ว,,,BLOCKED_PENDING_REFERENCE_AUDIO,,triangle-strategy
543,MS08B_H01_A0_0020_M_GST_0040.wav,MS08B_H01_A0_0020_M_GST_0040,168,168,168,169,กุสตาดอล์ฟ,npc,male,gustadolph,,พร้อมกับมีเรื่องจะร้องขอจากเจ้าด้วย,,,BLOCKED_PENDING_REFERENCE_AUDIO,,triangle-strategy
544,MS08B_H01_A0_0020_M_GST_0050.wav,MS08B_H01_A0_0020_M_GST_0050,169,169,169,170,กุสตาดอล์ฟ,npc,male,gustadolph,,ข่าวดีไม่ได้จบแค่ความอยู่รอดของเจ้า แต่ข้าจะแต่งงานกับน้องเจ้าด้วย,,,BLOCKED_PENDING_REFERENCE_AUDIO,,triangle-strategy
545,MS08B_H01_A0_0020_M_GST_0060.wav,MS08B_H01_A0_0020_M_GST_0060,170,170,170,171,กุสตาดอล์ฟ,npc,male,gustadolph,,หากไม่ได้ความช่วยเหลือจากเจ้า นางคงไม่เต็มใจแต่งงานเป็นแน่,,,BLOCKED_PENDING_REFERENCE_AUDIO,,triangle-strategy
546,MS08B_H01_A0_0020_M_GST_0070.wav,MS08B_H01_A0_0020_M_GST_0070,171,171,171,172,กุสตาดอล์ฟ,npc,male,gustadolph,,หึ กะแล้วว่าต้องพูดแบบนี้,,,BLOCKED_PENDING_REFERENCE_AUDIO,,triangle-strategy
547,MS08B_H01_A0_0020_M_GST_0080.wav,MS08B_H01_A0_0020_M_GST_0080,172,172,172,173,กุสตาดอล์ฟ,npc,male,gustadolph,,คราวหลังก็จำไว้ด้วยแล้วกัน ว่าข้า...พยายามคุยดีๆกับเจ้าแล้ว,,,BLOCKED_PENDING_REFERENCE_AUDIO,,triangle-strategy
548,MS08B_H01_A0_0020_M_M052_0010.wav,MS08B_H01_A0_0020_M_M052_0010,173,173,173,174,ผู้ติดตามขุนนาง,generic,male,MALE_ADULT_A,assets/triangle-strategy/approved_voice_references/MALE_ADULT_A.wav,ขอรับนายท่าน,,,PENDING_MANUAL_GENERATION,,triangle-strategy
549,MS08B_H01_A0_0020_M_RLN_0010.wav,MS08B_H01_A0_0020_M_RLN_0010,174,174,174,175,Roland,main,male,roland,assets/triangle-strategy/approved_voice_references/roland.wav,เจ้ามาทำอะไรที่นี่?,,,PENDING_MANUAL_GENERATION,,triangle-strategy
550,MS08B_H01_A0_0020_M_RLN_0020.wav,MS08B_H01_A0_0020_M_RLN_0020,175,175,175,176,Roland,main,male,roland,assets/triangle-strategy/approved_voice_references/roland.wav,อะไร? ยังจะมาเอาอะไรกับข้าอีก?,,,PENDING_MANUAL_GENERATION,,triangle-strategy
551,MS08B_H01_A0_0020_M_RLN_0030.wav,MS08B_H01_A0_0020_M_RLN_0030,176,176,176,177,Roland,main,male,roland,assets/triangle-strategy/approved_voice_references/roland.wav,หา!?,,,PENDING_MANUAL_GENERATION,,triangle-strategy
552,MS08B_H01_A0_0020_M_RLN_0040.wav,MS08B_H01_A0_0020_M_RLN_0040,177,177,177,178,Roland,main,male,roland,assets/triangle-strategy/approved_voice_references/roland.wav,นี่เจ้าใฝ่สูงจนเป็นบ้าแล้วหรือไง!? ข้ายอมผูกคอดีกว่าเห็นเจ้าแต่งงานเสียอีก!,,,PENDING_MANUAL_GENERATION,,triangle-strategy
553,MS08B_H01_A0_0020_M_RLN_0050.wav,MS08B_H01_A0_0020_M_RLN_0050,178,178,178,179,Roland,main,male,roland,assets/triangle-strategy/approved_voice_references/roland.wav,ไอ้เวรเอ๊ย!,,,PENDING_MANUAL_GENERATION,,triangle-strategy
554,MS08B_H01_A1_0010_F_ANA_0010.wav,MS08B_H01_A1_0010_F_ANA_0010,179,179,179,180,Anna,main,female,anna,assets/triangle-strategy/approved_voice_references/anna.wav,ใช่แล้วเจ้าค่ะ เขาไม่ใช่ใครอื่นใดนอกจาก รัฐมนตรีซอสเลย์ เอนด์ หนึ่งในเจ็ดผู้ศักดิ์สิทธิ์,,,PENDING_MANUAL_GENERATION,,triangle-strategy
555,MS08B_H01_A1_0010_F_ANA_0020.wav,MS08B_H01_A1_0010_F_ANA_0020,180,180,180,181,Anna,main,female,anna,assets/triangle-strategy/approved_voice_references/anna.wav,เขาต้องการจะยึดปราสาทไปเป็นของตัวเองสินะ,,,PENDING_MANUAL_GENERATION,,triangle-strategy
556,MS08B_H01_A1_0010_F_FRE_0005.wav,MS08B_H01_A1_0010_F_FRE_0005,181,181,181,182,Frederica,main,female,frederica,assets/triangle-strategy/approved_voice_references/frederica.wav,เซเรโนอา อย่าโทษตัวเองเลย...,,,PENDING_MANUAL_GENERATION,,triangle-strategy
557,MS08B_H01_A1_0010_F_FRE_0010.wav,MS08B_H01_A1_0010_F_FRE_0010,182,182,182,183,Frederica,main,female,frederica,assets/triangle-strategy/approved_voice_references/frederica.wav,เราทำอะไรไม่ได้เลยเหรอ?,,,PENDING_MANUAL_GENERATION,,triangle-strategy
558,MS08B_H01_A1_0010_F_YRA_0010.wav,MS08B_H01_A1_0010_F_YRA_0010,183,183,183,184,Geela,main,female,geela,assets/triangle-strategy/approved_voice_references/geela.wav,ตระกูลเอนด์เหรอ? ช่วงนี้อิทธิพลของพวกเขาในไฮแซนต์กำลังเสื่อมถอยนี่,,,PENDING_MANUAL_GENERATION,,triangle-strategy
559,MS08B_H01_A1_0010_F_YRA_0020.wav,MS08B_H01_A1_0010_F_YRA_0020,184,184,184,185,Geela,main,female,geela,assets/triangle-strategy/approved_voice_references/geela.wav,แสดงว่าซอสเลย์อยากใช้ปราสาทวูล์ฟฟอร์ตเพื่อกอบกู้อำนาจให้ตัวเองแน่ๆ,,,PENDING_MANUAL_GENERATION,,triangle-strategy
560,MS08B_H01_A1_0010_M_BND_0010.wav,MS08B_H01_A1_0010_M_BND_0010,185,185,185,186,Benedict,main,male,benedict,assets/triangle-strategy/approved_voice_references/benedict.wav,นายท่าน หลังจากศึกที่ผ่านมา ทหารของเราแทบไม่ได้พักกันเลย,,,PENDING_MANUAL_GENERATION,,triangle-strategy
561,MS08B_H01_A1_0010_M_BND_0020.wav,MS08B_H01_A1_0010_M_BND_0020,186,186,186,187,Benedict,main,male,benedict,assets/triangle-strategy/approved_voice_references/benedict.wav,ข้าเกรงว่าพวกเขาจะหมดกำลังใจ หากถูกบีบบังคับให้ไปสู้กับไฮแซนต์ขอรับ...,,,PENDING_MANUAL_GENERATION,,triangle-strategy
562,MS08B_H01_A1_0010_M_BND_0030.wav,MS08B_H01_A1_0010_M_BND_0030,187,187,187,188,Benedict,main,male,benedict,assets/triangle-strategy/approved_voice_references/benedict.wav,พวกเราขอความช่วยเหลือจากตระกูลเอนด์ไปหลายครั้งแล้วขอรับ นายท่าน,,,PENDING_MANUAL_GENERATION,,triangle-strategy
563,MS08B_H01_A1_0010_M_BND_0040.wav,MS08B_H01_A1_0010_M_BND_0040,188,188,188,189,Benedict,main,male,benedict,assets/triangle-strategy/approved_voice_references/benedict.wav,แต่เขากลับทำหูทวนลม แสดงว่าซอสเลย์กำลังรอเวลาอันหมาะสมในการปะทะกับเราอยู่,,,PENDING_MANUAL_GENERATION,,triangle-strategy
564,MS08B_H01_A1_0010_M_BND_0050.wav,MS08B_H01_A1_0010_M_BND_0050,189,189,189,190,Benedict,main,male,benedict,assets/triangle-strategy/approved_voice_references/benedict.wav,มันก็มีอยู่ขอรับนายท่าน แต่...,,,PENDING_MANUAL_GENERATION,,triangle-strategy
565,MS08B_H01_A1_0010_M_BND_0060.wav,MS08B_H01_A1_0010_M_BND_0060,190,190,190,191,Benedict,main,male,benedict,assets/triangle-strategy/approved_voice_references/benedict.wav,ไปขอความช่วยเหลือจากอาร์ชดยุกกันเถอะ,,,PENDING_MANUAL_GENERATION,,triangle-strategy
566,MS08B_H01_A1_0010_M_BND_0070.wav,MS08B_H01_A1_0010_M_BND_0070,191,191,191,192,Benedict,main,male,benedict,assets/triangle-strategy/approved_voice_references/benedict.wav,ตอนนี้เราต้องแก้ไขปัญหาเฉพาะหน้ากันก่อน หากเรารอดพ้นมันไปได้ ฟ้าหลังฝนอาจจะมอบโอกาสให้เราในอนาคต,,,PENDING_MANUAL_GENERATION,,triangle-strategy
567,MS08B_H01_A1_0010_M_BND_0080.wav,MS08B_H01_A1_0010_M_BND_0080,192,192,192,193,Benedict,main,male,benedict,assets/triangle-strategy/approved_voice_references/benedict.wav,แต่ถ้าเราปล่อยให้ซอสเลย์ดำเนินแผนไปเรื่อยๆ เกรงว่าเราคงต้องหนีแล้วล่ะ,,,PENDING_MANUAL_GENERATION,,triangle-strategy
568,MS08B_H01_A1_0010_M_ELA_0010.wav,MS08B_H01_A1_0010_M_ELA_0010,193,193,193,194,Erador,main,male,erador,assets/triangle-strategy/approved_voice_references/erador.wav,จริงเหรอเนี่ย? ยังจะมีตัวปัญหาเพิ่มเข้ามาอีกเหรอ?,,,PENDING_MANUAL_GENERATION,,triangle-strategy
569,MS08B_H01_A1_0010_M_ELA_0020.wav,MS08B_H01_A1_0010_M_ELA_0020,194,194,194,195,Erador,main,male,erador,assets/triangle-strategy/approved_voice_references/erador.wav,"ไอ้คำว่า ""แต่"" ของเจ้ามันทำข้าขนลุกตลอดเลยนะ",,,PENDING_MANUAL_GENERATION,,triangle-strategy
570,MS08B_H01_A1_0010_M_ELA_0030.wav,MS08B_H01_A1_0010_M_ELA_0030,195,195,195,196,Erador,main,male,erador,assets/triangle-strategy/approved_voice_references/erador.wav,เจ้าบ้าไปแล้วเหรอ เบเนดิกต์!?,,,PENDING_MANUAL_GENERATION,,triangle-strategy
571,MS08B_H01_A1_0010_M_SEL_0002.wav,MS08B_H01_A1_0010_M_SEL_0002,196,196,196,197,Serenoa,main,male,serenoa,assets/triangle-strategy/approved_voice_references/serenoa.wav,สหายของข้าถูกตัดสินประหารชีวิต แต่ข้ากลับช่วยอะไรเขาไม่ได้เลย,,,PENDING_MANUAL_GENERATION,,triangle-strategy
572,MS08B_H01_A1_0010_M_SEL_0005.wav,MS08B_H01_A1_0010_M_SEL_0005,197,197,197,198,Serenoa,main,male,serenoa,assets/triangle-strategy/approved_voice_references/serenoa.wav,หากข้าช่วยสหายสุดที่รักไม่ได้ แล้วข้าจะเป็นลอร์ดไปเพื่ออะไร?,,,PENDING_MANUAL_GENERATION,,triangle-strategy
573,MS08B_H01_A1_0010_M_SEL_0010.wav,MS08B_H01_A1_0010_M_SEL_0010,198,198,198,199,Serenoa,main,male,serenoa,assets/triangle-strategy/approved_voice_references/serenoa.wav,พูดไปก็เปลืองน้ำลายเปล่า ต้องมีสักวิธีที่จะเลี่ยงไม่ให้กองทัพอ่อนแอของเราต้องปะทะกับใครอีก,,,PENDING_MANUAL_GENERATION,,triangle-strategy
574,MS08B_H01_A1_0010_M_SEL_0020.wav,MS08B_H01_A1_0010_M_SEL_0020,199,199,199,200,Serenoa,main,male,serenoa,assets/triangle-strategy/approved_voice_references/serenoa.wav,ถูกของท่าน เอาล่ะ เตรียมส่งนกไป!,,,PENDING_MANUAL_GENERATION,,triangle-strategy
575,MS08B_H01_A1_0020_F_FRE_0010.wav,MS08B_H01_A1_0020_F_FRE_0010,200,200,200,201,Frederica,main,female,frederica,assets/triangle-strategy/approved_voice_references/frederica.wav,มันคือการพัฒนาน่ะ ข้าสนุกกับการเติบโตด้วยการเรียนรู้,,,PENDING_MANUAL_GENERATION,,triangle-strategy
576,MS08B_H01_A1_0020_F_FRE_0020.wav,MS08B_H01_A1_0020_F_FRE_0020,201,201,201,202,Frederica,main,female,frederica,assets/triangle-strategy/approved_voice_references/frederica.wav,จีล่า... ทำไมถึงคิดว่าพี่ของข้าจู่โจมเกลนบรู๊คเหรอ?,,,PENDING_MANUAL_GENERATION,,triangle-strategy
577,MS08B_H01_A1_0020_F_FRE_0030.wav,MS08B_H01_A1_0020_F_FRE_0030,202,202,202,203,Frederica,main,female,frederica,assets/triangle-strategy/approved_voice_references/frederica.wav,แล้วเขาคิดว่าจะได้อะไรจากการทำลายปราสาทกันล่ะ? ทำไมต้องทำตัวโหดร้ายขนาดนี้ด้วย,,,PENDING_MANUAL_GENERATION,,triangle-strategy
578,MS08B_H01_A1_0020_F_FRE_0040.wav,MS08B_H01_A1_0020_F_FRE_0040,203,203,203,204,Frederica,main,female,frederica,assets/triangle-strategy/approved_voice_references/frederica.wav,น่ากลัวจริงๆ ทำไมต้องใช้ความรุนแรงกันด้วย? เราจบปัญหาด้วยถ้อยคำไม่ได้เลยเหรอ?,,,PENDING_MANUAL_GENERATION,,triangle-strategy
579,MS08B_H01_A1_0020_F_FRE_0050.wav,MS08B_H01_A1_0020_F_FRE_0050,204,204,204,205,Frederica,main,female,frederica,assets/triangle-strategy/approved_voice_references/frederica.wav,ตราบใดที่ยังมีมนุษย์ สงครามก็จะดำเนินต่อไปเรื่อยๆสินะ นั่นคือสิ่งที่ท่านจะสื่อใช่ไหม?,,,PENDING_MANUAL_GENERATION,,triangle-strategy
580,MS08B_H01_A1_0020_F_FRE_0060.wav,MS08B_H01_A1_0020_F_FRE_0060,205,205,205,206,Frederica,main,female,frederica,assets/triangle-strategy/approved_voice_references/frederica.wav,แล้วเราจะเสี่ยงชีวิตเสียเลือดเนื้อไปทำไมกันล่ะ?,,,PENDING_MANUAL_GENERATION,,triangle-strategy
581,MS08B_H01_A1_0020_F_FRE_0070.wav,MS08B_H01_A1_0020_F_FRE_0070,206,206,206,207,Frederica,main,female,frederica,assets/triangle-strategy/approved_voice_references/frederica.wav,ข้าเองก็คงหาคำตอบไม่ได้เช่นกัน,,,PENDING_MANUAL_GENERATION,,triangle-strategy
582,MS08B_H01_A1_0020_F_YRA_0010.wav,MS08B_H01_A1_0020_F_YRA_0010,207,207,207,208,Geela,main,female,geela,assets/triangle-strategy/approved_voice_references/geela.wav,เหตุการณ์ที่เกิดขึ้นมันไม่ทำให้ท่านเลิกกระหายความรู้เลยสินะ ตอนนี้อาจารย์ของท่านยิ้มแก้มปริเลยล่ะ,,,PENDING_MANUAL_GENERATION,,triangle-strategy
583,MS08B_H01_A1_0020_F_YRA_0020.wav,MS08B_H01_A1_0020_F_YRA_0020,208,208,208,209,Geela,main,female,geela,assets/triangle-strategy/approved_voice_references/geela.wav,ท่านควรภูมิใจนะ,,,PENDING_MANUAL_GENERATION,,triangle-strategy
584,MS08B_H01_A1_0020_F_YRA_0030.wav,MS08B_H01_A1_0020_F_YRA_0030,209,209,209,210,Geela,main,female,geela,assets/triangle-strategy/approved_voice_references/geela.wav,สงครามเป็นอีกวิธีเพื่อบรรลุเป้าหมาย ซึ่งคำถามคือ เป้าหมายของเขาคืออะไรกันแน่,,,PENDING_MANUAL_GENERATION,,triangle-strategy
585,MS08B_H01_A1_0020_F_YRA_0040.wav,MS08B_H01_A1_0020_F_YRA_0040,210,210,210,211,Geela,main,female,geela,assets/triangle-strategy/approved_voice_references/geela.wav,ทุกอย่างมันมีเหตุผล เฟรเดอริก้า,,,PENDING_MANUAL_GENERATION,,triangle-strategy
586,MS08B_H01_A1_0020_F_YRA_0050.wav,MS08B_H01_A1_0020_F_YRA_0050,211,211,211,212,Geela,main,female,geela,assets/triangle-strategy/approved_voice_references/geela.wav,ตราบใดที่ทุกคนเห็นด้วยกับเหตุผลนั้น...ส่วนใหญ่แล้วมันก็ไม่สำคัญหรอก,,,PENDING_MANUAL_GENERATION,,triangle-strategy
587,MS08B_H01_A1_0020_F_YRA_0060.wav,MS08B_H01_A1_0020_F_YRA_0060,212,212,212,213,Geela,main,female,geela,assets/triangle-strategy/approved_voice_references/geela.wav,สงครามนั้นเกิดขึ้นจากความปรารถนาของผู้คน มันเป็นสิ่งที่เปลี่ยนแปลงไม่ได้เจ้าค่ะ,,,PENDING_MANUAL_GENERATION,,triangle-strategy
588,MS08B_H01_A1_0020_F_YRA_0070.wav,MS08B_H01_A1_0020_F_YRA_0070,213,213,213,214,Geela,main,female,geela,assets/triangle-strategy/approved_voice_references/geela.wav,เจ้าค่ะ ประวัติศาสตร์พิสูจน์ให้เราเห็นแล้ว,,,PENDING_MANUAL_GENERATION,,triangle-strategy
589,MS08B_H01_A1_0020_F_YRA_0080.wav,MS08B_H01_A1_0020_F_YRA_0080,214,214,214,215,Geela,main,female,geela,assets/triangle-strategy/approved_voice_references/geela.wav,ท่านไม่จำเป็นต้องเคร่งเครียดหาคำตอบในเรื่องนั้นหรอกเจ้าค่ะ เฟรเดอริก้า,,,PENDING_MANUAL_GENERATION,,triangle-strategy
590,MS08B_H01_C1_0010_M_BKR_0010.wav,MS08B_H01_C1_0010_M_BKR_0010,215,215,215,216,บุ๊กเกอร์,npc,male,booker,,นายท่าน กองทัพของเราพร้อมรับคำสั่งแล้วขอรับ,,,BLOCKED_PENDING_REFERENCE_AUDIO,,triangle-strategy
591,MS08B_H01_C1_0010_M_BKR_0020.wav,MS08B_H01_C1_0010_M_BKR_0020,216,216,216,217,บุ๊กเกอร์,npc,male,booker,,ขอรับ นายท่าน!,,,BLOCKED_PENDING_REFERENCE_AUDIO,,triangle-strategy
592,MS08B_H01_C1_0010_M_SLS_0010.wav,MS08B_H01_C1_0010_M_SLS_0010,217,217,217,218,Sorsley,npc,male,sorsley,assets/triangle-strategy/approved_voice_references/sorsley.wav,ดี เตรียมทัพรอคำสั่งจากข้าก่อน,,,PENDING_MANUAL_GENERATION,,triangle-strategy
593,MS08B_H01_C1_0010_M_SLS_0020.wav,MS08B_H01_C1_0010_M_SLS_0020,218,218,218,219,Sorsley,npc,male,sorsley,assets/triangle-strategy/approved_voice_references/sorsley.wav,เราจะมุ่งหน้าไปยังปราสาทวูล์ฟฟอร์ต,,,PENDING_MANUAL_GENERATION,,triangle-strategy
594,MS08B_H01_C1_0010_M_SLS_0030.wav,MS08B_H01_C1_0010_M_SLS_0030,219,219,219,220,Sorsley,npc,male,sorsley,assets/triangle-strategy/approved_voice_references/sorsley.wav,เราจะสร้างความรุ่งโรจน์แห่งตระกูลเอนด์ เหนือซากปราสาทของพวกมัน,,,PENDING_MANUAL_GENERATION,,triangle-strategy
595,MS08B_H01_C1_0010_M_SLS_0040.wav,MS08B_H01_C1_0010_M_SLS_0040,220,220,220,221,Sorsley,npc,male,sorsley,assets/triangle-strategy/approved_voice_references/sorsley.wav,ฝากบอกกองทัพของเราด้วยว่าจะตกรางวัลให้อย่างงาม สำหรับความกล้าหาญในวันนี้,,,PENDING_MANUAL_GENERATION,,triangle-strategy
596,MS08B_H01_VOTE_110_F_FRE_0010.wav,MS08B_H01_VOTE_110_F_FRE_0010,221,221,221,222,Frederica,main,female,frederica,assets/triangle-strategy/approved_voice_references/frederica.wav,ยังไงก็เถอะ ข้ารู้สึกว่าศึกหนักกำลังมาถึงแล้วล่ะ,,,PENDING_MANUAL_GENERATION,,triangle-strategy
597,MS08B_H01_VOTE_110_F_YRA_0010.wav,MS08B_H01_VOTE_110_F_YRA_0010,222,222,222,223,Geela,main,female,geela,assets/triangle-strategy/approved_voice_references/geela.wav,หวังว่ารัฐมนตรีซอสเลย์จะยอมฟังเรานะ,,,PENDING_MANUAL_GENERATION,,triangle-strategy
598,MS08B_H01_VOTE_110_M_BND_0010.wav,MS08B_H01_VOTE_110_M_BND_0010,223,223,223,224,Benedict,main,male,benedict,assets/triangle-strategy/approved_voice_references/benedict.wav,ข้าจะส่งสารไปหารัฐมนตรีซอสเลย์ เพื่อเตรียมการประชุมหารือกลยุทธ์ในทันทีขอรับ,,,PENDING_MANUAL_GENERATION,,triangle-strategy
599,MS08B_H01_VOTE_110_M_BND_0020.wav,MS08B_H01_VOTE_110_M_BND_0020,224,224,224,225,Benedict,main,male,benedict,assets/triangle-strategy/approved_voice_references/benedict.wav,แค่มองไกลๆก็เห็นแล้วว่าศัตรูตัวฉกาจมันไร้พิษสง หวังว่าตอนนั้นซอสเลย์จะยอมฟังและร่วมสู้ทัพเอสฟรอสต์กับเรา,,,PENDING_MANUAL_GENERATION,,triangle-strategy
600,MS08B_H01_VOTE_110_M_ELA_0010.wav,MS08B_H01_VOTE_110_M_ELA_0010,225,225,225,226,Erador,main,male,erador,assets/triangle-strategy/approved_voice_references/erador.wav,ส่วนข้าจะไปบอกทหารให้ปิดประตู และเพิ่มความเข้มข้นการลาดตระเวนให้มากขึ้น,,,PENDING_MANUAL_GENERATION,,triangle-strategy
601,MS08B_H01_VOTE_110_M_SEL_0010.wav,MS08B_H01_VOTE_110_M_SEL_0010,226,226,226,227,Serenoa,main,male,serenoa,assets/triangle-strategy/approved_voice_references/serenoa.wav,เส้นทางข้างหน้า ถูกเลือกแล้ว,,,PENDING_MANUAL_GENERATION,,triangle-strategy
602,MS08B_H01_VOTE_110_M_SEL_0020.wav,MS08B_H01_VOTE_110_M_SEL_0020,227,227,227,228,Serenoa,main,male,serenoa,assets/triangle-strategy/approved_voice_references/serenoa.wav,เราจะร่วมสู้กับไฮแซนต์ และบดขยี้กองทัพเอสฟรอสต์,,,PENDING_MANUAL_GENERATION,,triangle-strategy
603,MS08B_H01_VOTE_110_M_SEL_0030.wav,MS08B_H01_VOTE_110_M_SEL_0030,228,228,228,229,Serenoa,main,male,serenoa,assets/triangle-strategy/approved_voice_references/serenoa.wav,ขอบคุณมากนะท่าน ถึงเวลาทำหน้าที่ของเราแล้ว,,,PENDING_MANUAL_GENERATION,,triangle-strategy
604,MS08B_H01_VOTE_120_M_BND_0010.wav,MS08B_H01_VOTE_120_M_BND_0010,229,229,229,230,Benedict,main,male,benedict,assets/triangle-strategy/approved_voice_references/benedict.wav,ข้าจะส่งสารเพื่อวางกลยุทธ์ของเราทันทีขอรับ,,,PENDING_MANUAL_GENERATION,,triangle-strategy
605,MS08B_H01_VOTE_120_M_ELA_0010.wav,MS08B_H01_VOTE_120_M_ELA_0010,230,230,230,231,Erador,main,male,erador,assets/triangle-strategy/approved_voice_references/erador.wav,ส่วนข้าจะไปบอกทหารให้ปิดประตู และเพิ่มความเข้มข้นการลาดตระเวนให้มากขึ้น,,,PENDING_MANUAL_GENERATION,,triangle-strategy
606,MS08B_H01_VOTE_120_M_SEL_0010.wav,MS08B_H01_VOTE_120_M_SEL_0010,231,231,231,232,Serenoa,main,male,serenoa,assets/triangle-strategy/approved_voice_references/serenoa.wav,เส้นทางข้างหน้า ถูกเลือกแล้ว,,,PENDING_MANUAL_GENERATION,,triangle-strategy
607,MS08B_H01_VOTE_120_M_SEL_0020.wav,MS08B_H01_VOTE_120_M_SEL_0020,232,232,232,233,Serenoa,main,male,serenoa,assets/triangle-strategy/approved_voice_references/serenoa.wav,เราจะร่วมมือกับเอสฟรอสต์ และบดขยี้กองทัพไฮแซนต์,,,PENDING_MANUAL_GENERATION,,triangle-strategy
608,MS08B_H01_VOTE_120_M_SEL_0030.wav,MS08B_H01_VOTE_120_M_SEL_0030,233,233,233,234,Serenoa,main,male,serenoa,assets/triangle-strategy/approved_voice_references/serenoa.wav,ขอบคุณนะท่าน ถึงเวลาทำหน้าที่ของเราแล้ว,,,PENDING_MANUAL_GENERATION,,triangle-strategy
609,MS08B_H01_VOTE_START_F_ANA_0010.wav,MS08B_H01_VOTE_START_F_ANA_0010,234,234,234,235,Anna,main,female,anna,assets/triangle-strategy/approved_voice_references/anna.wav,เจ้าค่ะ ขณะนี้ทัพทั้งสองระหว่างเอสฟรอสต์กับไฮแซนต์กำลังเคลื่อนทัพมาหาเรา ที่ปราสาทวูล์ฟฟอร์ต,,,PENDING_MANUAL_GENERATION,,triangle-strategy
610,MS08B_H01_VOTE_START_F_ANA_0020.wav,MS08B_H01_VOTE_START_F_ANA_0020,235,235,235,236,Anna,main,female,anna,assets/triangle-strategy/approved_voice_references/anna.wav,การประหารองค์ชายโรแลนด์จึงถูกยกเลิก เนื่องด้วยเหตุทางทหารเจ้าค่ะ,,,PENDING_MANUAL_GENERATION,,triangle-strategy
611,MS08B_H01_VOTE_START_F_FRE_0010.wav,MS08B_H01_VOTE_START_F_FRE_0010,236,236,236,237,Frederica,main,female,frederica,assets/triangle-strategy/approved_voice_references/frederica.wav,เข้าใจแล้ว... ท่านมีเหตุผลอยู่เบื้องหลังการขอความช่วยเหลือจากเอสฟรอสต์สินะ,,,PENDING_MANUAL_GENERATION,,triangle-strategy
612,MS08B_H01_VOTE_START_F_FRE_0020.wav,MS08B_H01_VOTE_START_F_FRE_0020,237,237,237,238,Frederica,main,female,frederica,assets/triangle-strategy/approved_voice_references/frederica.wav,แสดงว่าเราต้องพิจารณาการร่วมมือกับเอสฟรอสต์เช่นกันสินะเจ้าคะ,,,PENDING_MANUAL_GENERATION,,triangle-strategy
613,MS08B_H01_VOTE_START_F_FRE_0030.wav,MS08B_H01_VOTE_START_F_FRE_0030,238,238,238,239,Frederica,main,female,frederica,assets/triangle-strategy/approved_voice_references/frederica.wav,ท่านคิดว่าความพยายามของเอสฟรอสต์ครั้งนี้จะพิชิตไฮแซนต์สำเร็จรึเปล่า?,,,PENDING_MANUAL_GENERATION,,triangle-strategy
614,MS08B_H01_VOTE_START_M_BND_0010.wav,MS08B_H01_VOTE_START_M_BND_0010,239,239,239,240,Benedict,main,male,benedict,assets/triangle-strategy/approved_voice_references/benedict.wav,แอนนา ช่วยรายงานสถานการณ์ตอนนี้ให้พวกเราฟังด้วย,,,PENDING_MANUAL_GENERATION,,triangle-strategy
615,MS08B_H01_VOTE_START_M_BND_0020.wav,MS08B_H01_VOTE_START_M_BND_0020,240,240,240,241,Benedict,main,male,benedict,assets/triangle-strategy/approved_voice_references/benedict.wav,ใช่แล้วขอรับ ตอนนี้สถานการณ์อาจดูแย่ แต่มันมีโอกาสที่แฝงอยู่ในยามวุ่นวายเช่นนี้เสมอ,,,PENDING_MANUAL_GENERATION,,triangle-strategy
616,MS08B_H01_VOTE_START_M_BND_0030.wav,MS08B_H01_VOTE_START_M_BND_0030,241,241,241,242,Benedict,main,male,benedict,assets/triangle-strategy/approved_voice_references/benedict.wav,ถึงอย่างไร เราก็มีเวลาคว้าโอกาสไม่มากนัก,,,PENDING_MANUAL_GENERATION,,triangle-strategy
617,MS08B_H01_VOTE_START_M_BND_0040.wav,MS08B_H01_VOTE_START_M_BND_0040,242,242,242,243,Benedict,main,male,benedict,assets/triangle-strategy/approved_voice_references/benedict.wav,ยุคที่ตระกูลวูล์ฟฟอร์ตยืนด้วยลำแข้งของตัวเองมันสิ้นสุดไปพร้อมกับสงครามซอลท์ไอรอนแล้ว,,,PENDING_MANUAL_GENERATION,,triangle-strategy
618,MS08B_H01_VOTE_START_M_BND_0050.wav,MS08B_H01_VOTE_START_M_BND_0050,243,243,243,244,Benedict,main,male,benedict,assets/triangle-strategy/approved_voice_references/benedict.wav,หากไม่หนีมาพึ่งชาติมหาอำนาจ มีหวังพวกเราหมดอนาคตเป็นแน่ แต่อย่างน้อยพวกเราก็มีทางเลือกนะ,,,PENDING_MANUAL_GENERATION,,triangle-strategy
619,MS08B_H01_VOTE_START_M_BND_0060.wav,MS08B_H01_VOTE_START_M_BND_0060,244,244,244,245,Benedict,main,male,benedict,assets/triangle-strategy/approved_voice_references/benedict.wav,ใช่แล้วล่ะ เราสามารถทำให้ไฮแซนต์คว้าชัยอย่างสง่างามได้เลย,,,PENDING_MANUAL_GENERATION,,triangle-strategy
620,MS08B_H01_VOTE_START_M_BND_0070.wav,MS08B_H01_VOTE_START_M_BND_0070,245,245,245,246,Benedict,main,male,benedict,assets/triangle-strategy/approved_voice_references/benedict.wav,แน่นอนขอรับ ตระกูลเอนด์แค่อยากจะกอบกู้ชื่อเสียงด้วยการกำราบเอสฟรอสต์ในสมรภูมิ,,,PENDING_MANUAL_GENERATION,,triangle-strategy
621,MS08B_H01_VOTE_START_M_BND_0080.wav,MS08B_H01_VOTE_START_M_BND_0080,246,246,246,247,Benedict,main,male,benedict,assets/triangle-strategy/approved_voice_references/benedict.wav,อาณาจักรทั้งสองมองเราเป็นเพียงแค่เหยื่อปางตาย แต่หารู้ไม่ว่าหมาป่าจนตรอกคือสิ่งที่อันตรายที่สุด,,,PENDING_MANUAL_GENERATION,,triangle-strategy
622,MS08B_H01_VOTE_START_M_BND_0100.wav,MS08B_H01_VOTE_START_M_BND_0100,247,247,247,248,Benedict,main,male,benedict,assets/triangle-strategy/approved_voice_references/benedict.wav,หากนั่นเป็นสิ่งที่เราเลือก ก็ปล่อยให้มันเป็นไปตามครรลองของมันเถอะขอรับ,,,PENDING_MANUAL_GENERATION,,triangle-strategy
623,MS08B_H01_VOTE_START_M_BND_0110.wav,MS08B_H01_VOTE_START_M_BND_0110,248,248,248,249,Benedict,main,male,benedict,assets/triangle-strategy/approved_voice_references/benedict.wav,เอสฟรอสต์ไม่ได้จุดชนวนสงครามมั่วซั่ว พวกเขาซุ่มวางแผนมาสามสิบปีแล้ว,,,PENDING_MANUAL_GENERATION,,triangle-strategy
624,MS08B_H01_VOTE_START_M_BND_0120.wav,MS08B_H01_VOTE_START_M_BND_0120,249,249,249,250,Benedict,main,male,benedict,assets/triangle-strategy/approved_voice_references/benedict.wav,ยังไงซะพวกเขาก็คงลงมือไปแล้วถ้ามั่นใจว่าตัวเองจะชนะ,,,PENDING_MANUAL_GENERATION,,triangle-strategy
625,MS08B_H01_VOTE_START_M_BND_0130.wav,MS08B_H01_VOTE_START_M_BND_0130,250,250,250,251,Benedict,main,male,benedict,assets/triangle-strategy/approved_voice_references/benedict.wav,ไม่มีอะไรน่าอับอายเท่ากับการล้มเหลวในหน้าที่แห่งตระกูลแล้วล่ะ,,,PENDING_MANUAL_GENERATION,,triangle-strategy
626,MS08B_H01_VOTE_START_M_BND_0140.wav,MS08B_H01_VOTE_START_M_BND_0140,251,251,251,252,Benedict,main,male,benedict,assets/triangle-strategy/approved_voice_references/benedict.wav,ทั้งสองทัพไม่มีใครได้เปรียบขอรับ พวกเราจะเป็นคนตัดสินชะตาในศึกครั้งนี้,,,PENDING_MANUAL_GENERATION,,triangle-strategy
627,MS08B_H01_VOTE_START_M_ELA_0010.wav,MS08B_H01_VOTE_START_M_ELA_0010,252,252,252,253,Erador,main,male,erador,assets/triangle-strategy/approved_voice_references/erador.wav,คิดอะไรของเจ้าอยู่ เบเนดิกต์? นี่เราจะสู้เคียงข้างเอสฟรอสต์จริงเหรอเนี่ย?,,,PENDING_MANUAL_GENERATION,,triangle-strategy
628,MS08B_H01_VOTE_START_M_ELA_0020.wav,MS08B_H01_VOTE_START_M_ELA_0020,253,253,253,254,Erador,main,male,erador,assets/triangle-strategy/approved_voice_references/erador.wav,นั่นไม่ใช่ประเด็นขอรับ หลังจากสิ่งที่สารเลวพวกนั้นทำลงไป ข้าพูดได้เต็มปากเลยว่าไม่อยากร่วมมือกับพวกมัน,,,PENDING_MANUAL_GENERATION,,triangle-strategy
629,MS08B_H01_VOTE_START_M_ELA_0030.wav,MS08B_H01_VOTE_START_M_ELA_0030,254,254,254,255,Erador,main,male,erador,assets/triangle-strategy/approved_voice_references/erador.wav,ข้าอายจนไม่อยากมองตัวเองในกระจกด้วยซ้ำ,,,PENDING_MANUAL_GENERATION,,triangle-strategy
630,MS08B_H01_VOTE_START_M_SEL_0010.wav,MS08B_H01_VOTE_START_M_SEL_0010,255,255,255,256,Serenoa,main,male,serenoa,assets/triangle-strategy/approved_voice_references/serenoa.wav,ขอบคุณมากแอนนา เรามีเรื่องให้คิดเยอะเลย,,,PENDING_MANUAL_GENERATION,,triangle-strategy
631,MS08B_H01_VOTE_START_M_SEL_0020.wav,MS08B_H01_VOTE_START_M_SEL_0020,256,256,256,257,Serenoa,main,male,serenoa,assets/triangle-strategy/approved_voice_references/serenoa.wav,ทางเลือก? เรามีทางเลือกด้วยเหรอขอรับ?,,,PENDING_MANUAL_GENERATION,,triangle-strategy
632,MS08B_H01_VOTE_START_M_SEL_0030.wav,MS08B_H01_VOTE_START_M_SEL_0030,257,257,257,258,Serenoa,main,male,serenoa,assets/triangle-strategy/approved_voice_references/serenoa.wav,กองทัพของอาร์ชดยุกจะถูกเล่นงานโดยไม่ทันตั้งตัว แต่ท่านแน่ใจใช่ไหมว่าไฮแซนต์จะให้เราไปอยู่อาศัยด้วย?,,,PENDING_MANUAL_GENERATION,,triangle-strategy
633,MS08B_H01_VOTE_START_M_SEL_0040.wav,MS08B_H01_VOTE_START_M_SEL_0040,258,258,258,259,Serenoa,main,male,serenoa,assets/triangle-strategy/approved_voice_references/serenoa.wav,สรุปแล้วเราต้องเลือกสินะ? เอสฟรอสต์หรือไฮแซนต์...,,,PENDING_MANUAL_GENERATION,,triangle-strategy
634,MS08B_H01_VOTE_START_M_SEL_0050.wav,MS08B_H01_VOTE_START_M_SEL_0050,259,259,259,260,Serenoa,main,male,serenoa,assets/triangle-strategy/approved_voice_references/serenoa.wav,เรามาหารือด้วยตาชั่งกันดีกว่า,,,PENDING_MANUAL_GENERATION,,triangle-strategy
635,MS08B_H01_WD_0010_N_NNN_0010.wav,MS08B_H01_WD_0010_N_NNN_0010,260,260,260,261,Narrator,narrator,female,narrator,assets/triangle-strategy/approved_voice_references/narrator.wav,ข่าวการประหารชีวิตองค์ชายโรแลนด์นั้นถูกประกาศก้องไปทั่วหล้า,,,PENDING_MANUAL_GENERATION,,triangle-strategy
636,MS08B_H01_WD_0010_N_NNN_0020.wav,MS08B_H01_WD_0010_N_NNN_0020,261,261,261,262,Narrator,narrator,female,narrator,assets/triangle-strategy/approved_voice_references/narrator.wav,เพียงชั่วพริบตา อาณาจักรแห่งเกลนบรู๊คล่มสลาย ผู้คนมากมายต่างฮือฮากับเหตุสลดในครั้งนี้,,,PENDING_MANUAL_GENERATION,,triangle-strategy
637,MS08B_H01_WD_0010_N_NNN_0030.wav,MS08B_H01_WD_0010_N_NNN_0030,262,262,262,263,Narrator,narrator,female,narrator,assets/triangle-strategy/approved_voice_references/narrator.wav,การสิ้นพระชนม์ขององค์ชายถือเป็นจุดเปลี่ยนแห่งความอลหม่านในประวัติศาสตร์ซึ่งไม่มีใครในอาณาจักรสามารถย้อนมันกลับมาได้,,,PENDING_MANUAL_GENERATION,,triangle-strategy
638,MS08B_H01_WD_0010_N_NNN_0040.wav,MS08B_H01_WD_0010_N_NNN_0040,263,263,263,264,Narrator,narrator,female,narrator,assets/triangle-strategy/approved_voice_references/narrator.wav,ถึงอย่างไร ปัญหาที่ปะทุขึ้นมาก็ได้รับความสนใจจากเพื่อนบ้าน จนเป็นแรงขับเคลื่อนให้รัฐศักดิ์สิทธิ์จอมฉวยโอกาสได้เคลื่อนไหว,,,PENDING_MANUAL_GENERATION,,triangle-strategy
639,MS08B_H01_WD_0020_N_NNN_0010.wav,MS08B_H01_WD_0020_N_NNN_0010,264,264,264,265,Narrator,narrator,female,narrator,assets/triangle-strategy/approved_voice_references/narrator.wav,และแล้วสองทัพจึงมาบรรจบกันที่แคว้นวูล์ฟฟอร์ต ซึ่งกลายเป็นจุดยุทธศาสตร์สำคัญแห่งทวีปนอร์เซเลีย,,,PENDING_MANUAL_GENERATION,,triangle-strategy
640,MS08B_H01_WD_0020_N_NNN_0020.wav,MS08B_H01_WD_0020_N_NNN_0020,265,265,265,266,Narrator,narrator,female,narrator,assets/triangle-strategy/approved_voice_references/narrator.wav,แม่ทัพอัฟโลร่าแห่งราชรัฐเอสฟรอสต์นำทัพฝั่งตะวันตก,,,PENDING_MANUAL_GENERATION,,triangle-strategy
641,MS08B_H01_WD_0020_N_NNN_0030.wav,MS08B_H01_WD_0020_N_NNN_0030,266,266,266,267,Narrator,narrator,female,narrator,assets/triangle-strategy/approved_voice_references/narrator.wav,และ ซอสเลย์ เอนด์ แห่งเจ็ดผู้ศักดิ์สิทธิ์ นำทัพจากรัฐศักดิ์สิทธิ์ไฮแซนต์ในฝั่งตะวันออก,,,PENDING_MANUAL_GENERATION,,triangle-strategy
642,MS08B_H01_WD_0020_N_NNN_0040.wav,MS08B_H01_WD_0020_N_NNN_0040,267,267,267,268,Narrator,narrator,female,narrator,assets/triangle-strategy/approved_voice_references/narrator.wav,ท่ามกลางพายุสงครามแสนปั่นป่วน มีชายผู้หนึ่งแสวงหาทางรอดพ้นของตระกูลผ่านพายุร้ายโหมกระหน่ำ,,,PENDING_MANUAL_GENERATION,,triangle-strategy
643,MS08B_H01_WD_0020_N_NNN_0050.wav,MS08B_H01_WD_0020_N_NNN_0050,268,268,268,269,Narrator,narrator,female,narrator,assets/triangle-strategy/approved_voice_references/narrator.wav,ผู้ดูแลตระกูลวูล์ฟฟอร์ต ผู้ชำนาญสงครามและการเจรจา เบเนดิกต์ ปาสคาล กำลังครุ่นคิดในแผนการต่อไปของเขา,,,PENDING_MANUAL_GENERATION,,triangle-strategy
644,MS08B_X12_A0_0010_F_CRD_0010.wav,MS08B_X12_A0_0010_F_CRD_0010,269,269,269,270,Cordelia,npc,female,cordelia,assets/triangle-strategy/approved_voice_references/cordelia.wav,ข้า... อิ่มแล้ว...,,,PENDING_MANUAL_GENERATION,,triangle-strategy
645,MS08B_X12_A0_0010_F_CRD_0020.wav,MS08B_X12_A0_0010_F_CRD_0020,270,270,270,271,Cordelia,npc,female,cordelia,assets/triangle-strategy/approved_voice_references/cordelia.wav,ไปให้พ้น!,,,PENDING_MANUAL_GENERATION,,triangle-strategy
646,MS08B_X12_A0_0010_F_CRD_0040.wav,MS08B_X12_A0_0010_F_CRD_0040,272,272,272,273,Cordelia,npc,female,cordelia,assets/triangle-strategy/approved_voice_references/cordelia.wav,พวกมันไปกันได้สักที รอคืนนี้แหละ...,,,PENDING_MANUAL_GENERATION,,triangle-strategy
647,MS08B_X12_A0_0010_F_ERK_0010.wav,MS08B_X12_A0_0010_F_ERK_0010,273,273,273,274,Erika,npc,female,erika,assets/triangle-strategy/approved_voice_references/erika.wav,นางควรร้องไห้ดีใจด้วยซ้ำที่พวกเราแบ่งเศษบุญให้นางกิน หรือว่าตอนนี้ยังไม่รู้ตัวอีกว่าควรเคารพใครกันแน่,,,PENDING_MANUAL_GENERATION,,triangle-strategy
648,MS08B_X12_A0_0010_F_ERK_0020.wav,MS08B_X12_A0_0010_F_ERK_0020,274,274,274,275,Erika,npc,female,erika,assets/triangle-strategy/approved_voice_references/erika.wav,สงสัยต้องดัดนิสัยสักหน่อยแล้วมั้ง นางต้องรู้จักทานอาหารให้หมด แม้ว่าเราต้องยัดมันลงท้องนางก็ตาม,,,PENDING_MANUAL_GENERATION,,triangle-strategy
649,MS08B_X12_A0_0010_F_ERK_0030.wav,MS08B_X12_A0_0010_F_ERK_0030,275,275,275,276,Erika,npc,female,erika,assets/triangle-strategy/approved_voice_references/erika.wav,อย่ากระโตกกระตากสิที่รัก ถ้าโดนส้อมจิ้มขึ้นมาข้าไม่รู้ด้วยนะ,,,PENDING_MANUAL_GENERATION,,triangle-strategy
650,MS08B_X12_A0_0010_F_ERK_0040.wav,MS08B_X12_A0_0010_F_ERK_0040,276,276,276,277,Erika,npc,female,erika,assets/triangle-strategy/approved_voice_references/erika.wav,นางใจร้ายมากเจ้าค่ะท่านพี่! นางปฏิเสธความเผื่อแผ่ของเราเจ้าค่ะ!,,,PENDING_MANUAL_GENERATION,,triangle-strategy
651,MS08B_X12_A0_0010_M_GST_0010.wav,MS08B_X12_A0_0010_M_GST_0010,277,277,277,278,กุสตาดอล์ฟ,npc,male,gustadolph,,โวยวายบ้าอะไรกัน!?,,,BLOCKED_PENDING_REFERENCE_AUDIO,,triangle-strategy
652,MS08B_X12_A0_0010_M_GST_0020.wav,MS08B_X12_A0_0010_M_GST_0020,278,278,278,279,กุสตาดอล์ฟ,npc,male,gustadolph,,แล้วจำเป็นต้องทะเลาะเหมือนเด็กด้วยเหรอ? อายุเท่าไรแล้วเอริก้า?,,,BLOCKED_PENDING_REFERENCE_AUDIO,,triangle-strategy
653,MS08B_X12_A0_0010_M_GST_0030.wav,MS08B_X12_A0_0010_M_GST_0030,279,279,279,280,กุสตาดอล์ฟ,npc,male,gustadolph,,ข้ามีงานให้ทำตลอดต่างหาก จริงๆแล้วข้าอยากให้พวกเจ้าทั้งสองช่วยดูนครหลวงแทนข้าหน่อย,,,BLOCKED_PENDING_REFERENCE_AUDIO,,triangle-strategy
654,MS08B_X12_A0_0010_M_GST_0040.wav,MS08B_X12_A0_0010_M_GST_0040,280,280,280,281,กุสตาดอล์ฟ,npc,male,gustadolph,,ก็นางออกไปปฏิบัติหน้าที่ไง ตระกูลวูล์ฟฟอร์ตขอความช่วยเหลือจากเรา และพวกเขาสมควรได้รับรางวัลที่ส่งตัวองค์ชายให้เรา,,,BLOCKED_PENDING_REFERENCE_AUDIO,,triangle-strategy
655,MS08B_X12_A0_0010_M_GST_0050.wav,MS08B_X12_A0_0010_M_GST_0050,281,281,281,282,กุสตาดอล์ฟ,npc,male,gustadolph,,โอกาสที่คนจะมาช่วยเจ้ามันน้อยลงทุกทีแล้วนะ องค์หญิง,,,BLOCKED_PENDING_REFERENCE_AUDIO,,triangle-strategy
656,MS08B_X12_A0_0010_M_TRS_0010.wav,MS08B_X12_A0_0010_M_TRS_0010,282,282,282,283,Thalas,npc,male,thalas,assets/triangle-strategy/approved_voice_references/thalas.wav,"""อิ่มแล้ว"" งั้นเหรอ? เสียมารยาทชะมัด!",,,PENDING_MANUAL_GENERATION,,triangle-strategy
657,MS08B_X12_A0_0010_M_TRS_0020.wav,MS08B_X12_A0_0010_M_TRS_0020,283,283,283,284,Thalas,npc,male,thalas,assets/triangle-strategy/approved_voice_references/thalas.wav,เจ้าเป็นนักโทษของเรานะ บุญแค่ไหนแล้วที่พี่ของข้าไม่ให้เจ้ากินเศษอาหารบนพื้น!,,,PENDING_MANUAL_GENERATION,,triangle-strategy
658,MS08B_X12_A0_0010_M_TRS_0030.wav,MS08B_X12_A0_0010_M_TRS_0030,284,284,284,285,Thalas,npc,male,thalas,assets/triangle-strategy/approved_voice_references/thalas.wav,วันนี้เสร็จงานแล้วเหรอขอรับท่านพี่? เผื่อจะได้มาทานอาหารด้วยกันขอรับ...,,,PENDING_MANUAL_GENERATION,,triangle-strategy
659,MS08B_X12_A0_0010_M_TRS_0040.wav,MS08B_X12_A0_0010_M_TRS_0040,285,285,285,286,Thalas,npc,male,thalas,assets/triangle-strategy/approved_voice_references/thalas.wav,แล้วทำไมท่านพี่ไม่ให้นังเถื่อนอัฟโลร่าทำซะล่ะ?,,,PENDING_MANUAL_GENERATION,,triangle-strategy
660,MS08B_X12_A1_0010_F_FRE_0010.wav,MS08B_X12_A1_0010_F_FRE_0010,286,286,286,287,Frederica,main,female,frederica,assets/triangle-strategy/approved_voice_references/frederica.wav,จีล่า ช่วยเล่าเรื่องรัฐมนตรีซอสเลย์ให้ข้าฟังทีสิ,,,PENDING_MANUAL_GENERATION,,triangle-strategy
661,MS08B_X12_A1_0010_F_FRE_0020.wav,MS08B_X12_A1_0010_F_FRE_0020,287,287,287,288,Frederica,main,female,frederica,assets/triangle-strategy/approved_voice_references/frederica.wav,ตระกูลวูล์ฟฟอร์ตต้องรอด,,,PENDING_MANUAL_GENERATION,,triangle-strategy
662,MS08B_X12_A1_0010_F_YRA_0010.wav,MS08B_X12_A1_0010_F_YRA_0010,288,288,288,289,Geela,main,female,geela,assets/triangle-strategy/approved_voice_references/geela.wav,ซอสเลย์คือหนึ่งในเจ็ดผู้ศักดิ์สิทธิ์ เขาดูแลการเก็บเกี่ยวเกลือกับแรงงานชาวโรเซลล์ที่นาเกลือเจ้าค่ะ,,,PENDING_MANUAL_GENERATION,,triangle-strategy
663,MS08B_X12_A1_0010_F_YRA_0020.wav,MS08B_X12_A1_0010_F_YRA_0020,289,289,289,290,Geela,main,female,geela,assets/triangle-strategy/approved_voice_references/geela.wav,อำนาจในการควบคุมเกลือของเขาในไฮแซนต์ทำให้เขามีอิทธิพลอย่างมาก แต่ชาวบ้านต่างนินทากันว่าเขาเป็นคนที่อิจฉาตาร้อนเจ้าค่ะ,,,PENDING_MANUAL_GENERATION,,triangle-strategy
664,MS08B_X12_A1_0010_F_YRA_0030.wav,MS08B_X12_A1_0010_F_YRA_0030,290,290,290,291,Geela,main,female,geela,assets/triangle-strategy/approved_voice_references/geela.wav,เขาไม่ใช่ศัตรูที่จะรับมือได้ง่าย เพราะแบบนี้เขาถึงได้ดำรงตำแหน่งเจ็ดผู้ศักดิ์สิทธิ์ยังไงล่ะ,,,PENDING_MANUAL_GENERATION,,triangle-strategy
665,MS08B_X12_A1_0010_M_BND_0010.wav,MS08B_X12_A1_0010_M_BND_0010,291,291,291,292,Benedict,main,male,benedict,assets/triangle-strategy/approved_voice_references/benedict.wav,เขาคงเตรียมตัวเพื่อการนี้อยู่เป็นแน่ รับรองว่าทัพของเขาเสบียงครบและฝึกมาดี,,,PENDING_MANUAL_GENERATION,,triangle-strategy
666,MS08B_X12_A1_0010_M_BND_0020.wav,MS08B_X12_A1_0010_M_BND_0020,292,292,292,293,Benedict,main,male,benedict,assets/triangle-strategy/approved_voice_references/benedict.wav,เพราะแบบนี้สายสัมพันธ์ของเราจึงสำคัญขอรับ หากไม่มีเอสฟรอสต์ พวกเราบรรลัยแน่,,,PENDING_MANUAL_GENERATION,,triangle-strategy
667,MS08B_X12_A1_0010_M_BND_0030.wav,MS08B_X12_A1_0010_M_BND_0030,293,293,293,294,Benedict,main,male,benedict,assets/triangle-strategy/approved_voice_references/benedict.wav,ชะตาของวูล์ฟฟอร์ตขึ้นอยู่กับเวลาไม่กี่ชั่วโมงข้างหน้า ขอให้เรารอดพ้นอย่างปลอดภัย,,,PENDING_MANUAL_GENERATION,,triangle-strategy
668,MS08B_X12_A1_0010_M_ELA_0010.wav,MS08B_X12_A1_0010_M_ELA_0010,294,294,294,295,Erador,main,male,erador,assets/triangle-strategy/approved_voice_references/erador.wav,แสดงว่าชายคนนี้ก็มีของไว้งัดกับเอสฟรอสต์เหมือนกันน่ะสิ?,,,PENDING_MANUAL_GENERATION,,triangle-strategy
669,MS08B_X12_A1_0010_M_M053_0010.wav,MS08B_X12_A1_0010_M_M053_0010,295,295,295,296,ผู้ส่งสาร,generic,male,MALE_ADULT_B,assets/triangle-strategy/approved_voice_references/MALE_ADULT_B.wav,นายท่านขอรับ แม่ทัพอัฟโลร่าฝากมาบอกให้ไปรอทัพข้าศึกที่ท่าเรือขอรับ,,,PENDING_MANUAL_GENERATION,,triangle-strategy
670,MS08B_X12_A1_0010_M_M053_0020.wav,MS08B_X12_A1_0010_M_M053_0020,296,296,296,297,ผู้ส่งสาร,generic,male,MALE_ADULT_B,assets/triangle-strategy/approved_voice_references/MALE_ADULT_B.wav,นางขอให้เราไปเจอที่นั่นเพื่อประชุมสงครามกัน,,,PENDING_MANUAL_GENERATION,,triangle-strategy
671,MS08B_X12_A1_0010_M_SEL_0010.wav,MS08B_X12_A1_0010_M_SEL_0010,297,297,297,298,Serenoa,main,male,serenoa,assets/triangle-strategy/approved_voice_references/serenoa.wav,นี่อาจจะเป็นศึกครั้งที่ยากที่สุดของเราก็ได้,,,PENDING_MANUAL_GENERATION,,triangle-strategy
672,MS08B_X12_A1_0010_M_SEL_0020.wav,MS08B_X12_A1_0010_M_SEL_0020,298,298,298,299,Serenoa,main,male,serenoa,assets/triangle-strategy/approved_voice_references/serenoa.wav,เช่นนั้นอย่าปล่อยให้นางต้องคอยนานเลย,,,PENDING_MANUAL_GENERATION,,triangle-strategy
673,MS08B_X12_A1_1010_F_ABR_0010.wav,MS08B_X12_A1_1010_F_ABR_0010,299,299,299,300,Avlora,npc,female,avlora,assets/triangle-strategy/approved_voice_references/avlora.wav,เพลิงนั่นมันอะไรกัน!?,,,PENDING_MANUAL_GENERATION,,triangle-strategy
674,MS08B_X12_A1_1010_F_ABR_0020.wav,MS08B_X12_A1_1010_F_ABR_0020,300,300,300,301,Avlora,npc,female,avlora,assets/triangle-strategy/approved_voice_references/avlora.wav,ถ้างั้นก็จบการต่อสู้แล้วนะ ฆ่าฟันกันต่อคงไม่จำเป็นแล้ว,,,PENDING_MANUAL_GENERATION,,triangle-strategy
675,MS08B_X12_A1_1010_F_FRE_0010.wav,MS08B_X12_A1_1010_F_FRE_0010,301,301,301,302,Frederica,main,female,frederica,assets/triangle-strategy/approved_voice_references/frederica.wav,ไม่จริง!,,,PENDING_MANUAL_GENERATION,,triangle-strategy
676,MS08B_X12_A1_1010_M_BND_0010.wav,MS08B_X12_A1_1010_M_BND_0010,302,302,302,303,Benedict,main,male,benedict,assets/triangle-strategy/approved_voice_references/benedict.wav,เสียงระเบิด...ควัน...มันมาจากปราสาทวูล์ฟฟอร์ต!,,,PENDING_MANUAL_GENERATION,,triangle-strategy
677,MS08B_X12_A1_1010_M_BND_0020.wav,MS08B_X12_A1_1010_M_BND_0020,303,303,303,304,Benedict,main,male,benedict,assets/triangle-strategy/approved_voice_references/benedict.wav,เขาพูดจริงขอรับ ไฟถูกจุดขึ้นแล้ว...,,,PENDING_MANUAL_GENERATION,,triangle-strategy
678,MS08B_X12_A1_1010_M_EGS_0010.wav,MS08B_X12_A1_1010_M_EGS_0010,304,304,304,305,Exharme,npc,male,exharme,assets/triangle-strategy/approved_voice_references/exharme.wav,ก็มาประกาศชัยชนะไง ขอบคุณที่ล่อความสนใจให้ข้านะ รัฐมนตรีซอสเลย์,,,PENDING_MANUAL_GENERATION,,triangle-strategy
679,MS08B_X12_A1_1010_M_EGS_0020.wav,MS08B_X12_A1_1010_M_EGS_0020,305,305,305,306,Exharme,npc,male,exharme,assets/triangle-strategy/approved_voice_references/exharme.wav,นี่ท่านกล้าพูดกับผู้ชนะแบบนี้เลยเหรอ? ปราสาทวูล์ฟฟอร์ตตกอยู่ในกำมือของข้าแล้ว,,,PENDING_MANUAL_GENERATION,,triangle-strategy
680,MS08B_X12_A1_1010_M_EGS_0030.wav,MS08B_X12_A1_1010_M_EGS_0030,306,306,306,307,Exharme,npc,male,exharme,assets/triangle-strategy/approved_voice_references/exharme.wav,การยอมรับความพ่ายแพ้เป็นสิ่งที่ยาก แต่แม่ทัพที่ดีรู้ว่าตอนไหนควรจะถอย ข้าขอชื่นชมท่านเลย,,,PENDING_MANUAL_GENERATION,,triangle-strategy
681,MS08B_X12_A1_1010_M_EGS_0040.wav,MS08B_X12_A1_1010_M_EGS_0040,307,307,307,308,Exharme,npc,male,exharme,assets/triangle-strategy/approved_voice_references/exharme.wav,แล้วท่านล่ะ ลอร์ดวูล์ฟฟอร์ต? ตอนนี้พ่อของท่านกับประชาชนยังปลอดภัยดีอยู่นะ,,,PENDING_MANUAL_GENERATION,,triangle-strategy
682,MS08B_X12_A1_1010_M_SEL_0010.wav,MS08B_X12_A1_1010_M_SEL_0010,308,308,308,309,Serenoa,main,male,serenoa,assets/triangle-strategy/approved_voice_references/serenoa.wav,กำลังเสริมไฮแซนต์เหรอ!?,,,PENDING_MANUAL_GENERATION,,triangle-strategy
683,MS08B_X12_A1_1010_M_SEL_0020.wav,MS08B_X12_A1_1010_M_SEL_0020,309,309,309,310,Serenoa,main,male,serenoa,assets/triangle-strategy/approved_voice_references/serenoa.wav,พวกเขาส่งสัญญาณยอมแพ้ มีแค่ไม่กี่คนเท่านั้นที่รู้วิธีจุดมัน,,,PENDING_MANUAL_GENERATION,,triangle-strategy
684,MS08B_X12_A1_1010_M_SEL_0030.wav,MS08B_X12_A1_1010_M_SEL_0030,310,310,310,311,Serenoa,main,male,serenoa,assets/triangle-strategy/approved_voice_references/serenoa.wav,...ข้ายอมแล้ว ข้าจะบอกให้คนของเราวางอาวุธลงซะ,,,PENDING_MANUAL_GENERATION,,triangle-strategy
685,MS08B_X12_A1_1010_M_SLS_0010.wav,MS08B_X12_A1_1010_M_SLS_0010,311,311,311,312,Sorsley,npc,male,sorsley,assets/triangle-strategy/approved_voice_references/sorsley.wav,เอกซ์เฮม! มาทำบ้าอะไรที่นี่เนี่ย!?,,,PENDING_MANUAL_GENERATION,,triangle-strategy
686,MS08B_X12_A1_1010_M_SLS_0020.wav,MS08B_X12_A1_1010_M_SLS_0020,312,312,312,313,Sorsley,npc,male,sorsley,assets/triangle-strategy/approved_voice_references/sorsley.wav,ว่าไงนะ!? ไอ้งูพิษ!,,,PENDING_MANUAL_GENERATION,,triangle-strategy
687,MS08B_X12_BATTLE_01_AFTER_F_ABR_0010.wav,MS08B_X12_BATTLE_01_AFTER_F_ABR_0010,313,313,313,314,Avlora,npc,female,avlora,assets/triangle-strategy/approved_voice_references/avlora.wav,คิดว่าวันนี้จะถูกจารึกในประวัติศาสตร์ยังไงกันซอสเลย์? ข้าคิดว่ามันจะถูกจารึกในฐานะวันสุดท้ายของเจ้านะ,,,PENDING_MANUAL_GENERATION,,triangle-strategy
688,MS08B_X12_BATTLE_01_AFTER_M_BKR_0010.wav,MS08B_X12_BATTLE_01_AFTER_M_BKR_0010,314,314,314,315,บุ๊กเกอร์,npc,male,booker,,นายท่าน ข้าทำให้ท่านผิดหวังขอรับ...,,,BLOCKED_PENDING_REFERENCE_AUDIO,,triangle-strategy
689,MS08B_X12_BATTLE_01_AFTER_M_SEL_0010.wav,MS08B_X12_BATTLE_01_AFTER_M_SEL_0010,315,315,315,316,Serenoa,main,male,serenoa,assets/triangle-strategy/approved_voice_references/serenoa.wav,จบเสียที บ้านของเราปลอดภัยแล้ว,,,PENDING_MANUAL_GENERATION,,triangle-strategy
690,MS08B_X12_BATTLE_01_AFTER_M_SLS_0010.wav,MS08B_X12_BATTLE_01_AFTER_M_SLS_0010,316,316,316,317,Sorsley,npc,male,sorsley,assets/triangle-strategy/approved_voice_references/sorsley.wav,บุ๊กเกอร์ ไอ้ลูกกระจ๊อกไร้น้ำยา! เจ้าแพ้พวกชั้นต่ำได้ยังไง!,,,PENDING_MANUAL_GENERATION,,triangle-strategy
691,MS08B_X12_BATTLE_01_AFTER_M_SLS_0020.wav,MS08B_X12_BATTLE_01_AFTER_M_SLS_0020,317,317,317,318,Sorsley,npc,male,sorsley,assets/triangle-strategy/approved_voice_references/sorsley.wav,ชะ-ช้าก่อน,,,PENDING_MANUAL_GENERATION,,triangle-strategy
692,MS08B_X12_BATTLE_01_BEFORE_F_ABR_0010.wav,MS08B_X12_BATTLE_01_BEFORE_F_ABR_0010,318,318,318,319,Avlora,npc,female,avlora,assets/triangle-strategy/approved_voice_references/avlora.wav,เลิกโม้ได้แล้วซอสเลย์ คำพูดของเจ้าปิดบังสายตาที่กระหายอำนาจไม่ได้หรอก,,,PENDING_MANUAL_GENERATION,,triangle-strategy
693,MS08B_X12_BATTLE_01_BEFORE_F_ABR_0020.wav,MS08B_X12_BATTLE_01_BEFORE_F_ABR_0020,319,319,319,320,Avlora,npc,female,avlora,assets/triangle-strategy/approved_voice_references/avlora.wav,แสดงว่าเจ้าอยากเห็นสงครามดำเนินต่อไปสินะ,,,PENDING_MANUAL_GENERATION,,triangle-strategy
694,MS08B_X12_BATTLE_01_BEFORE_F_ABR_0030.wav,MS08B_X12_BATTLE_01_BEFORE_F_ABR_0030,320,320,320,321,Avlora,npc,female,avlora,assets/triangle-strategy/approved_voice_references/avlora.wav,ลอร์ดเซเรโนอา พละกำลังคือสิ่งกำหนดความยุติธรรมในสมรภูมิรบ,,,PENDING_MANUAL_GENERATION,,triangle-strategy
695,MS08B_X12_BATTLE_01_BEFORE_F_ABR_0040.wav,MS08B_X12_BATTLE_01_BEFORE_F_ABR_0040,321,321,321,322,Avlora,npc,female,avlora,assets/triangle-strategy/approved_voice_references/avlora.wav,ดีมาก,,,PENDING_MANUAL_GENERATION,,triangle-strategy
696,MS08B_X12_BATTLE_01_BEFORE_F_ABR_0050.wav,MS08B_X12_BATTLE_01_BEFORE_F_ABR_0050,322,322,322,323,Avlora,npc,female,avlora,assets/triangle-strategy/approved_voice_references/avlora.wav,เริ่มบุกได้! ลอร์ดเซเรโนอา ตั้งขบวนแนวหน้าเจ้าค่ะ!,,,PENDING_MANUAL_GENERATION,,triangle-strategy
697,MS08B_X12_BATTLE_01_BEFORE_M_BKR_0010.wav,MS08B_X12_BATTLE_01_BEFORE_M_BKR_0010,323,323,323,324,บุ๊กเกอร์,npc,male,booker,,ถอยไปขอรับ หนอนเน่าพวกนี้ไม่สมควรจะสู้กับท่านหรอก,,,BLOCKED_PENDING_REFERENCE_AUDIO,,triangle-strategy
698,MS08B_X12_BATTLE_01_BEFORE_M_BKR_0020.wav,MS08B_X12_BATTLE_01_BEFORE_M_BKR_0020,324,324,324,325,บุ๊กเกอร์,npc,male,booker,,ให้ข้าจัดการเรื่องนี้เองขอรับ,,,BLOCKED_PENDING_REFERENCE_AUDIO,,triangle-strategy
699,MS08B_X12_BATTLE_01_BEFORE_M_SEL_0010.wav,MS08B_X12_BATTLE_01_BEFORE_M_SEL_0010,325,325,325,326,Serenoa,main,male,serenoa,assets/triangle-strategy/approved_voice_references/serenoa.wav,ที่ข้าทำไปก็เพื่อตระกูลของข้า,,,PENDING_MANUAL_GENERATION,,triangle-strategy
700,MS08B_X12_BATTLE_01_BEFORE_M_SEL_0020.wav,MS08B_X12_BATTLE_01_BEFORE_M_SEL_0020,326,326,326,327,Serenoa,main,male,serenoa,assets/triangle-strategy/approved_voice_references/serenoa.wav,ข้าจะปกป้องเกียรติยศแห่งวูล์ฟฟอร์ต และใช้ดาบเล่มนี้เพื่อขับไล่ผู้บุกรุกออกไปจากดินแดนของเรา,,,PENDING_MANUAL_GENERATION,,triangle-strategy
701,MS08B_X12_BATTLE_01_BEFORE_M_SEL_0030.wav,MS08B_X12_BATTLE_01_BEFORE_M_SEL_0030,327,327,327,328,Serenoa,main,male,serenoa,assets/triangle-strategy/approved_voice_references/serenoa.wav,รับทราบ!,,,PENDING_MANUAL_GENERATION,,triangle-strategy
702,MS08B_X12_BATTLE_01_BEFORE_M_SLS_0010.wav,MS08B_X12_BATTLE_01_BEFORE_M_SLS_0010,328,328,328,329,Sorsley,npc,male,sorsley,assets/triangle-strategy/approved_voice_references/sorsley.wav,สรุปแล้ว ท่านจะอ้าแขนรับศัตรูทั้งๆที่รู้ว่าพวกเขาเพิ่งสังหารฝ่าบาทไปงั้นเหรอ,,,PENDING_MANUAL_GENERATION,,triangle-strategy
703,MS08B_X12_BATTLE_01_BEFORE_M_SLS_0020.wav,MS08B_X12_BATTLE_01_BEFORE_M_SLS_0020,329,329,329,330,Sorsley,npc,male,sorsley,assets/triangle-strategy/approved_voice_references/sorsley.wav,แต่ตระกูลของท่านหักหลังองค์ชายโรแลนด์สหายของตนไม่ใช่เหรอ? ท่านนี่ขาดศีลธรรมจริงๆนะ,,,PENDING_MANUAL_GENERATION,,triangle-strategy
704,MS08B_X12_BATTLE_01_BEFORE_M_SLS_0030.wav,MS08B_X12_BATTLE_01_BEFORE_M_SLS_0030,330,330,330,331,Sorsley,npc,male,sorsley,assets/triangle-strategy/approved_voice_references/sorsley.wav,พวกเราทั้งคู่ก็เหมือนกันนั่นแหละ ข้าจำเป็นต้องกำจัดตระกูลท่าน เพื่อความรุ่งโรจน์แห่งตระกูลข้า,,,PENDING_MANUAL_GENERATION,,triangle-strategy
705,MS08B_X12_BATTLE_01_BEFORE_M_SLS_0040.wav,MS08B_X12_BATTLE_01_BEFORE_M_SLS_0040,331,331,331,332,Sorsley,npc,male,sorsley,assets/triangle-strategy/approved_voice_references/sorsley.wav,เหอะ! สุนัขเอสฟรอสต์อย่างเจ้า ยังมีหน้ามาสอนเรื่องนี้ให้ข้าอีกเหรอ!,,,PENDING_MANUAL_GENERATION,,triangle-strategy
706,MS08B_X12_BATTLE_01_BEFORE_M_SLS_0050.wav,MS08B_X12_BATTLE_01_BEFORE_M_SLS_0050,332,332,332,333,Sorsley,npc,male,sorsley,assets/triangle-strategy/approved_voice_references/sorsley.wav,ตอนนี้ชัยชนะเป็นสิ่งสำคัญ เก็บคุณธรรมของเจ้าไว้สั่งสอนคนอื่นเถอะ,,,PENDING_MANUAL_GENERATION,,triangle-strategy
707,MS08B_X12_BATTLE_01_BEFORE_M_SLS_0060.wav,MS08B_X12_BATTLE_01_BEFORE_M_SLS_0060,333,333,333,334,Sorsley,npc,male,sorsley,assets/triangle-strategy/approved_voice_references/sorsley.wav,เข้าใจแล้วบุ๊กเกอร์ รอบนี้เล่นให้หนักเลย,,,PENDING_MANUAL_GENERATION,,triangle-strategy
708,MS08B_X12_BATTLE_01_DRAMA_F_ABR_0010.wav,MS08B_X12_BATTLE_01_DRAMA_F_ABR_0010,334,334,334,335,Avlora,npc,female,avlora,assets/triangle-strategy/approved_voice_references/avlora.wav,ผู้มีใจแน่วแน่จะเห็นเส้นทางสู่ชัยชนะข้างหน้า ผู้ที่มีสหายเคียงกายจะถึงจุดหมายก่อนใครเพื่อน,,,PENDING_MANUAL_GENERATION,,triangle-strategy
709,MS08B_X12_BATTLE_01_DRAMA_F_ABR_0020.wav,MS08B_X12_BATTLE_01_DRAMA_F_ABR_0020,335,335,335,336,Avlora,npc,female,avlora,assets/triangle-strategy/approved_voice_references/avlora.wav,ใครที่บาดเจ็บก็ถอนตัวไปก่อน ข้าจะไปแนวหน้าเอง,,,PENDING_MANUAL_GENERATION,,triangle-strategy
710,MS08B_X12_BATTLE_01_DRAMA_F_ABR_0030.wav,MS08B_X12_BATTLE_01_DRAMA_F_ABR_0030,336,336,336,337,Avlora,npc,female,avlora,assets/triangle-strategy/approved_voice_references/avlora.wav,โอย... ข้าต้องหนี... อีกแล้ว...,,,PENDING_MANUAL_GENERATION,,triangle-strategy
711,MS08B_X12_BATTLE_01_DRAMA_M_BKR_0010.wav,MS08B_X12_BATTLE_01_DRAMA_M_BKR_0010,337,337,337,338,บุ๊กเกอร์,npc,male,booker,,ยึดแคว้นวูล์ฟฟอร์ตให้ได้ แล้วความรุ่งโรจน์จะเป็นของเรา! ทหาร บุก!,,,BLOCKED_PENDING_REFERENCE_AUDIO,,triangle-strategy
712,MS08B_X12_BATTLE_01_DRAMA_M_BKR_0020.wav,MS08B_X12_BATTLE_01_DRAMA_M_BKR_0020,338,338,338,339,บุ๊กเกอร์,npc,male,booker,,กองกำลังสนับสนุนทำอะไรกันอยู่? ขึ้นเรือแล้วฝ่าด้านข้างของพวกมันไปเลย!,,,BLOCKED_PENDING_REFERENCE_AUDIO,,triangle-strategy
713,MS08B_X12_BATTLE_01_DRAMA_M_BKR_0030.wav,MS08B_X12_BATTLE_01_DRAMA_M_BKR_0030,339,339,339,340,บุ๊กเกอร์,npc,male,booker,,...แม่ทัพอัฟโลร่า แม้ว่าเจ้าจะแข็งแกร่งจนเป็นตำนานถึงไฮแซนต์ แต่ทุกเรื่องราวย่อมมีจุดจบ,,,BLOCKED_PENDING_REFERENCE_AUDIO,,triangle-strategy
714,MS08B_X12_BATTLE_01_DRAMA_M_BKR_0040.wav,MS08B_X12_BATTLE_01_DRAMA_M_BKR_0040,340,340,340,341,บุ๊กเกอร์,npc,male,booker,,รัฐมนตรีซอสเลย์เฝ้าดูเราอยู่! อย่าพลาดท่าให้เขาผิดหวัง!,,,BLOCKED_PENDING_REFERENCE_AUDIO,,triangle-strategy
715,MS08B_X12_BATTLE_01_DRAMA_M_BKR_0050.wav,MS08B_X12_BATTLE_01_DRAMA_M_BKR_0050,341,341,341,342,บุ๊กเกอร์,npc,male,booker,,บ้าจริง...พวกมันแห่กันมาเรื่อยๆเลย ไม่ได้... ข้าจะพลาดไม่ได้...,,,BLOCKED_PENDING_REFERENCE_AUDIO,,triangle-strategy
716,MS08B_X12_BATTLE_01_DRAMA_M_BKR_0060.wav,MS08B_X12_BATTLE_01_DRAMA_M_BKR_0060,342,342,342,343,บุ๊กเกอร์,npc,male,booker,,ไม่จริง! ข้าจะเอาหน้าที่ไหนไปสู้รัฐมนตรีซอสเลย์ล่ะเนี่ย...,,,BLOCKED_PENDING_REFERENCE_AUDIO,,triangle-strategy
717,MS08B_X12_BATTLE_01_DRAMA_M_MS08X12B01M01_0010.wav,MS08B_X12_BATTLE_01_DRAMA_M_MS08X12B01M01_0010,343,343,343,344,ทหาร,generic,male,MALE_YOUNG_B,assets/triangle-strategy/approved_voice_references/MALE_YOUNG_B.wav,ขอรับ! เราจะขับไล่สุนัขพวกนี้กลับปราสาทเน่าๆของพวกมันให้หมด!,,,PENDING_MANUAL_GENERATION,,triangle-strategy
718,MS08B_X12_BATTLE_01_DRAMA_M_SEL_0010.wav,MS08B_X12_BATTLE_01_DRAMA_M_SEL_0010,344,344,344,345,Serenoa,main,male,serenoa,assets/triangle-strategy/approved_voice_references/serenoa.wav,วันนี้เอสฟรอสต์กับไฮแซนต์จะได้รู้ ว่าบ้านเมืองเราไม่ต้อนรับผู้บุกรุก!,,,PENDING_MANUAL_GENERATION,,triangle-strategy
719,MS08B_X12_BATTLE_01_DRAMA_M_SEL_0020.wav,MS08B_X12_BATTLE_01_DRAMA_M_SEL_0020,345,345,345,346,Serenoa,main,male,serenoa,assets/triangle-strategy/approved_voice_references/serenoa.wav,พวกเราจะไม่นึกเสียใจในภายหลัง วันนี้สู้ให้ตายกันไปข้างเลย!,,,PENDING_MANUAL_GENERATION,,triangle-strategy
720,MS08B_X12_C1_0010_M_BKR_0010.wav,MS08B_X12_C1_0010_M_BKR_0010,346,346,346,347,บุ๊กเกอร์,npc,male,booker,,ตระกูลเอนด์ขึ้นชื่อเรื่องการทำธุรกิจลับ ตอนนี้พวกเขายังไม่เห็นอะไรผิดสังเกตขอรับ,,,BLOCKED_PENDING_REFERENCE_AUDIO,,triangle-strategy
721,MS08B_X12_C1_0010_M_BKR_0020.wav,MS08B_X12_C1_0010_M_BKR_0020,347,347,347,348,บุ๊กเกอร์,npc,male,booker,,ขอรับนายท่าน พวกเรายึดแคว้นวูล์ฟฟอร์ตได้เมื่อไหร่ งานเราเสร็จเร็วขึ้นแน่นอน,,,BLOCKED_PENDING_REFERENCE_AUDIO,,triangle-strategy
722,MS08B_X12_C1_0010_M_BKR_0030.wav,MS08B_X12_C1_0010_M_BKR_0030,348,348,348,349,บุ๊กเกอร์,npc,male,booker,,รับรองว่าท่านจะได้รางวัลจากหัวหน้านักบวชเป็นแน่ ที่พาวูล์ฟฟอร์ตมาเข้าร่วมกับพวกเราด้วย,,,BLOCKED_PENDING_REFERENCE_AUDIO,,triangle-strategy
723,MS08B_X12_C1_0010_M_SLS_0010.wav,MS08B_X12_C1_0010_M_SLS_0010,349,349,349,350,Sorsley,npc,male,sorsley,assets/triangle-strategy/approved_voice_references/sorsley.wav,เจ้าแน่ใจใช่ไหมว่าผู้ศักดิ์สิทธิ์ท่านอื่นไม่ได้สงสัยเรา?,,,PENDING_MANUAL_GENERATION,,triangle-strategy
724,MS08B_X12_C1_0010_M_SLS_0020.wav,MS08B_X12_C1_0010_M_SLS_0020,350,350,350,351,Sorsley,npc,male,sorsley,assets/triangle-strategy/approved_voice_references/sorsley.wav,ดีมาก อย่าทำให้ผิดหวังล่ะบุ๊กเกอร์ ตอนนี้เราต้องหาทางขนส่งเส้นใหม่ เพราะเส้นทางเกลนบรู๊คใช้การไม่ได้แล้ว,,,PENDING_MANUAL_GENERATION,,triangle-strategy
725,MS08B_X12_C1_0010_M_SLS_0030.wav,MS08B_X12_C1_0010_M_SLS_0030,351,351,351,352,Sorsley,npc,male,sorsley,assets/triangle-strategy/approved_voice_references/sorsley.wav,อย่าให้สงครามมาขัดขวาง...การขนส่งสินค้าของเรา,,,PENDING_MANUAL_GENERATION,,triangle-strategy
726,MS08B_X12_C1_0010_M_SLS_0040.wav,MS08B_X12_C1_0010_M_SLS_0040,352,352,352,353,Sorsley,npc,male,sorsley,assets/triangle-strategy/approved_voice_references/sorsley.wav,อืม... ในที่สุด เอกซ์เฮมกับลูกน้องของมันจะได้สำเหนียกตัวเองเสียที,,,PENDING_MANUAL_GENERATION,,triangle-strategy
727,MS08B_X12_C1_0010_M_SLS_0050.wav,MS08B_X12_C1_0010_M_SLS_0050,353,353,353,354,Sorsley,npc,male,sorsley,assets/triangle-strategy/approved_voice_references/sorsley.wav,เดี๋ยวจะได้รู้ว่าใครแข็งแกร่งที่สุดในหมู่เจ็ดผู้ศักดิ์สิทธิ์ หัวหน้านักบวชต้องจดจำข้า,,,PENDING_MANUAL_GENERATION,,triangle-strategy
728,MS08B_X12_C1_0010_M_SLS_0060.wav,MS08B_X12_C1_0010_M_SLS_0060,354,354,354,355,Sorsley,npc,male,sorsley,assets/triangle-strategy/approved_voice_references/sorsley.wav,ได้เวลาคว้าเกียรติยศที่คู่ควรของเราแล้ว มุ่งหน้าสู่ท่าเรือวูล์ฟฟอร์ต!,,,PENDING_MANUAL_GENERATION,,triangle-strategy
729,MS08B_X12_RESEARCH_01_BEFORE_F_ABR_0010.wav,MS08B_X12_RESEARCH_01_BEFORE_F_ABR_0010,355,355,355,356,Avlora,npc,female,avlora,assets/triangle-strategy/approved_voice_references/avlora.wav,หน่วยสอดแนมของเรารายงานว่ากองทัพไฮแซนต์จะมาถึงตอนกลางคืน,,,PENDING_MANUAL_GENERATION,,triangle-strategy
730,MS08B_X12_RESEARCH_01_BEFORE_F_ABR_0020.wav,MS08B_X12_RESEARCH_01_BEFORE_F_ABR_0020,356,356,356,357,Avlora,npc,female,avlora,assets/triangle-strategy/approved_voice_references/avlora.wav,กลัวอะไรของท่าน ทัพข้าจัดการซอสเลย์แปปเดียวก็อยู่หมัดแล้ว,,,PENDING_MANUAL_GENERATION,,triangle-strategy
731,MS08B_X12_RESEARCH_01_BEFORE_F_ABR_0030.wav,MS08B_X12_RESEARCH_01_BEFORE_F_ABR_0030,357,357,357,358,Avlora,npc,female,avlora,assets/triangle-strategy/approved_voice_references/avlora.wav,เดี๋ยวท่านก็รู้ว่าการส่งโรแลนด์ให้เราถือเป็นทางเลือกที่ดี,,,PENDING_MANUAL_GENERATION,,triangle-strategy
732,MS08B_X12_RESEARCH_01_BEFORE_M_BND_0010.wav,MS08B_X12_RESEARCH_01_BEFORE_M_BND_0010,358,358,358,359,Benedict,main,male,benedict,assets/triangle-strategy/approved_voice_references/benedict.wav,เราจะสู้กันกลางดึกสินะ,,,PENDING_MANUAL_GENERATION,,triangle-strategy
733,MS08B_X12_RESEARCH_01_BEFORE_M_BND_0020.wav,MS08B_X12_RESEARCH_01_BEFORE_M_BND_0020,359,359,359,360,Benedict,main,male,benedict,assets/triangle-strategy/approved_voice_references/benedict.wav,อย่างน้อยตอนนี้พวกเราเป็นพันธมิตรกันแล้วนะ,,,PENDING_MANUAL_GENERATION,,triangle-strategy
734,MS08B_X12_RESEARCH_01_BEFORE_M_BND_0030.wav,MS08B_X12_RESEARCH_01_BEFORE_M_BND_0030,360,360,360,361,Benedict,main,male,benedict,assets/triangle-strategy/approved_voice_references/benedict.wav,ถึงจะว่างั้นก็เถอะ เอสฟรอสต์จะได้ประโยชน์เมื่อเราติดหนี้พวกเขา รวมไปถึงตอนที่จำนวนของเราลดลงด้วย,,,PENDING_MANUAL_GENERATION,,triangle-strategy
735,MS08B_X12_RESEARCH_01_BEFORE_M_ELA_0010.wav,MS08B_X12_RESEARCH_01_BEFORE_M_ELA_0010,361,361,361,362,Erador,main,male,erador,assets/triangle-strategy/approved_voice_references/erador.wav,นางมองเราในแง่ร้ายมากเลยนะว่าไหม? นี่เราไว้ใจนางได้จริงๆเหรอเนี่ย?,,,PENDING_MANUAL_GENERATION,,triangle-strategy
736,MS08B_X12_RESEARCH_01_BEFORE_M_ELA_0020.wav,MS08B_X12_RESEARCH_01_BEFORE_M_ELA_0020,362,362,362,363,Erador,main,male,erador,assets/triangle-strategy/approved_voice_references/erador.wav,ก็คือนางจะช่วยให้เราชนะหลังดูเราฆ่าฟันกันเองสินะ,,,PENDING_MANUAL_GENERATION,,triangle-strategy
737,MS08B_X12_RESEARCH_01_BEFORE_M_SEL_0010.wav,MS08B_X12_RESEARCH_01_BEFORE_M_SEL_0010,363,363,363,364,Serenoa,main,male,serenoa,assets/triangle-strategy/approved_voice_references/serenoa.wav,วาดแผนที่โดยรอบกับแนวป้องกันก่อนที่พวกเขาจะมาถึงกันเถอะ,,,PENDING_MANUAL_GENERATION,,triangle-strategy
738,MS08B_X12_RESEARCH_01_BEFORE_M_SEL_0020.wav,MS08B_X12_RESEARCH_01_BEFORE_M_SEL_0020,364,364,364,365,Serenoa,main,male,serenoa,assets/triangle-strategy/approved_voice_references/serenoa.wav,ข้าแค่คิดว่าควรเตรียมตัวให้พร้อมก่อนออกรบ เพราะเราจะเต็มที่กับศึกครั้งนี้,,,PENDING_MANUAL_GENERATION,,triangle-strategy
739,MS08B_X12_RESEARCH_01_BEFORE_M_SEL_0030.wav,MS08B_X12_RESEARCH_01_BEFORE_M_SEL_0030,365,365,365,366,Serenoa,main,male,serenoa,assets/triangle-strategy/approved_voice_references/serenoa.wav,เสียดายหน่อยที่ต้องทำให้นางผิดหวัง เพราะวันนี้นางจะได้เห็นว่าทำไมตระกูลเราจึงมีชื่อเสียง,,,PENDING_MANUAL_GENERATION,,triangle-strategy
740,MS08B_X12_WD_0010_N_NNN_0010.wav,MS08B_X12_WD_0010_N_NNN_0010,366,366,366,367,Narrator,narrator,female,narrator,assets/triangle-strategy/approved_voice_references/narrator.wav,รัฐมนตรีซอสเลย์ นำทัพแห่งรัฐศักดิ์สิทธิ์ไฮแซนต์ เพื่อขับไล่ตระกูลวูล์ฟฟอร์ตออกจากปราสาท,,,PENDING_MANUAL_GENERATION,,triangle-strategy
741,MS08B_X12_WD_0010_N_NNN_0020.wav,MS08B_X12_WD_0010_N_NNN_0020,367,367,367,368,Narrator,narrator,female,narrator,assets/triangle-strategy/approved_voice_references/narrator.wav,ตระกูลอันภาคภูมิกำลังตกที่นั่งลำบากและปราศจากอิสระที่พวกเขาหวงแหน พวกเขากำลังเผชิญปัญหาระหว่างอาณาจักรทั้งสองผู้ต้องการขยายอำนาจ หนทางรอดเดียวของพวกเขาคือการร่วมมือกับศัตรู,,,PENDING_MANUAL_GENERATION,,triangle-strategy
742,MS08B_X12_WD_0010_N_NNN_0030.wav,MS08B_X12_WD_0010_N_NNN_0030,368,368,368,369,Narrator,narrator,female,narrator,assets/triangle-strategy/approved_voice_references/narrator.wav,"เซเรโนอาเลือกอยู่ข้างราชรัฐเอสฟรอสต์
แม้แผลเก่าของเขายังไม่หายดี แต่ดูท่าทีต้องทิ้งความแค้น
เพื่อความอยู่รอดของตระกูลในวันข้างหน้า",,,PENDING_MANUAL_GENERATION,,triangle-strategy
743,MS08B_X13_A1_0010_F_FRE_0010.wav,MS08B_X13_A1_0010_F_FRE_0010,369,369,369,370,Frederica,main,female,frederica,assets/triangle-strategy/approved_voice_references/frederica.wav,สรุปแล้วพวกเราจะขอความช่วยเหลือจากไฮแซนต์สินะ...อาณาจักรที่ทำร้ายและตีตราแม่ข้ากับคนของนางว่าเป็นพวกนอกรีด,,,PENDING_MANUAL_GENERATION,,triangle-strategy
744,MS08B_X13_A1_0010_F_FRE_0020.wav,MS08B_X13_A1_0010_F_FRE_0020,370,370,370,371,Frederica,main,female,frederica,assets/triangle-strategy/approved_voice_references/frederica.wav,เหลวไหล ตอนนี้ข้าเป็นคนในตระกูลวูล์ฟฟอร์ตแล้ว ข้าจะสู้ด้วย,,,PENDING_MANUAL_GENERATION,,triangle-strategy
745,MS08B_X13_A1_0010_F_FRE_0030.wav,MS08B_X13_A1_0010_F_FRE_0030,371,371,371,372,Frederica,main,female,frederica,assets/triangle-strategy/approved_voice_references/frederica.wav,จีล่า ช่วยเล่าเรื่องรัฐมนตรีซอสเลย์ให้ข้าฟังทีสิ,,,PENDING_MANUAL_GENERATION,,triangle-strategy
746,MS08B_X13_A1_0010_F_FRE_0040.wav,MS08B_X13_A1_0010_F_FRE_0040,372,372,372,373,Frederica,main,female,frederica,assets/triangle-strategy/approved_voice_references/frederica.wav,ตระกูลวูล์ฟฟอร์ตต้องรอด,,,PENDING_MANUAL_GENERATION,,triangle-strategy
747,MS08B_X13_A1_0010_F_YRA_0010.wav,MS08B_X13_A1_0010_F_YRA_0010,373,373,373,374,Geela,main,female,geela,assets/triangle-strategy/approved_voice_references/geela.wav,ซอสเลย์คือหนึ่งในเจ็ดผู้ศักดิ์สิทธิ์ เขาดูแลการเก็บเกี่ยวเกลือกับแรงงานชาวโรเซลล์ที่นาเกลือเจ้าค่ะ,,,PENDING_MANUAL_GENERATION,,triangle-strategy
748,MS08B_X13_A1_0010_F_YRA_0020.wav,MS08B_X13_A1_0010_F_YRA_0020,374,374,374,375,Geela,main,female,geela,assets/triangle-strategy/approved_voice_references/geela.wav,อำนาจในการควบคุมเกลือของเขาในไฮแซนต์ทำให้เขามีอิทธิพลอย่างมาก แต่ชาวบ้านต่างนินทากันว่าเขาเป็นคนที่อิจฉาตาร้อนเจ้าค่ะ,,,PENDING_MANUAL_GENERATION,,triangle-strategy
749,MS08B_X13_A1_0010_F_YRA_0030.wav,MS08B_X13_A1_0010_F_YRA_0030,375,375,375,376,Geela,main,female,geela,assets/triangle-strategy/approved_voice_references/geela.wav,ข้าไม่คิดว่าเราจะโน้มน้าวเขาได้ง่ายๆนะเจ้าคะ เพราะปกติเจ็ดผู้ศักดิ์สิทธิ์ไม่ฟังคำอ้อนวอนของสามัญชนอยู่แล้ว,,,PENDING_MANUAL_GENERATION,,triangle-strategy
750,MS08B_X13_A1_0010_M_BND_0010.wav,MS08B_X13_A1_0010_M_BND_0010,376,376,376,377,Benedict,main,male,benedict,assets/triangle-strategy/approved_voice_references/benedict.wav,เขาคงเตรียมตัวเพื่อการนี้อยู่เป็นแน่ รับรองว่าทัพของเขาเสบียงครบและฝึกมาดี,,,PENDING_MANUAL_GENERATION,,triangle-strategy
751,MS08B_X13_A1_0010_M_BND_0020.wav,MS08B_X13_A1_0010_M_BND_0020,377,377,377,378,Benedict,main,male,benedict,assets/triangle-strategy/approved_voice_references/benedict.wav,เขาจะเห็นประโยชน์ของการร่วมทัพกับเราแน่นอน นั่นคือหนทางเดียวที่เราจะเอาชนะเอสฟรอสต์ได้ขอรับ,,,PENDING_MANUAL_GENERATION,,triangle-strategy
752,MS08B_X13_A1_0010_M_BND_0030.wav,MS08B_X13_A1_0010_M_BND_0030,378,378,378,379,Benedict,main,male,benedict,assets/triangle-strategy/approved_voice_references/benedict.wav,ชะตาของวูล์ฟฟอร์ตขึ้นอยู่กับเวลาไม่กี่ชั่วโมงข้างหน้า ขอให้เราอยู่รอดปลอดภัย,,,PENDING_MANUAL_GENERATION,,triangle-strategy
753,MS08B_X13_A1_0010_M_ELA_0010.wav,MS08B_X13_A1_0010_M_ELA_0010,379,379,379,380,Erador,main,male,erador,assets/triangle-strategy/approved_voice_references/erador.wav,แสดงว่าชายคนนี้ก็มีของไว้งัดกับเอสฟรอสต์เหมือนกันน่ะสิ?,,,PENDING_MANUAL_GENERATION,,triangle-strategy
754,MS08B_X13_A1_0010_M_M054_0010.wav,MS08B_X13_A1_0010_M_M054_0010,380,380,380,381,ผู้ส่งสาร,generic,male,MALE_ADULT_C,assets/triangle-strategy/approved_voice_references/MALE_ADULT_C.wav,นายท่านขอรับ แม่ทัพอัฟโลร่าฝากมาบอกให้ไปรอทัพข้าศึกที่ท่าเรือขอรับ,,,PENDING_MANUAL_GENERATION,,triangle-strategy
755,MS08B_X13_A1_0010_M_M054_0020.wav,MS08B_X13_A1_0010_M_M054_0020,381,381,381,382,ผู้ส่งสาร,generic,male,MALE_ADULT_C,assets/triangle-strategy/approved_voice_references/MALE_ADULT_C.wav,นางขอให้เราไปเจอที่นั่นเพื่อประชุมสงครามกัน,,,PENDING_MANUAL_GENERATION,,triangle-strategy
756,MS08B_X13_A1_0010_M_SEL_0010.wav,MS08B_X13_A1_0010_M_SEL_0010,382,382,382,383,Serenoa,main,male,serenoa,assets/triangle-strategy/approved_voice_references/serenoa.wav,เฟรเดอริก้า ข้าเข้าใจว่าเจ้าลังเลไม่อยากร่วมรบกับพวกเขา แต่เราไม่มีทางเลือกแล้ว หรือเจ้าไม่ต้องลงสนามก็ได้นะ,,,PENDING_MANUAL_GENERATION,,triangle-strategy
757,MS08B_X13_A1_0010_M_SEL_0015.wav,MS08B_X13_A1_0010_M_SEL_0015,383,383,383,384,Serenoa,main,male,serenoa,assets/triangle-strategy/approved_voice_references/serenoa.wav,ตามใจเจ้าเลย,,,PENDING_MANUAL_GENERATION,,triangle-strategy
758,MS08B_X13_A1_0010_M_SEL_0030.wav,MS08B_X13_A1_0010_M_SEL_0030,384,384,384,385,Serenoa,main,male,serenoa,assets/triangle-strategy/approved_voice_references/serenoa.wav,ถ้างั้นเราก็ยกระดับตัวเองให้อยู่เหนือสามัญชนซะสิ,,,PENDING_MANUAL_GENERATION,,triangle-strategy
759,MS08B_X13_A1_0010_M_SEL_0040.wav,MS08B_X13_A1_0010_M_SEL_0040,385,385,385,386,Serenoa,main,male,serenoa,assets/triangle-strategy/approved_voice_references/serenoa.wav,เช่นนั้นอย่าปล่อยให้นางต้องคอยนานเลย,,,PENDING_MANUAL_GENERATION,,triangle-strategy
760,MS08B_X13_A1_1010_F_ABR_0010.wav,MS08B_X13_A1_1010_F_ABR_0010,386,386,386,387,Avlora,npc,female,avlora,assets/triangle-strategy/approved_voice_references/avlora.wav,เพลิงนั่นมันอะไรกัน!?,,,PENDING_MANUAL_GENERATION,,triangle-strategy
761,MS08B_X13_A1_1010_F_ABR_0020.wav,MS08B_X13_A1_1010_F_ABR_0020,387,387,387,388,Avlora,npc,female,avlora,assets/triangle-strategy/approved_voice_references/avlora.wav,ถ้างั้นก็จบการต่อสู้แล้วนะ ฆ่าฟันกันต่อคงไม่จำเป็นแล้ว,,,PENDING_MANUAL_GENERATION,,triangle-strategy
762,MS08B_X13_A1_1010_F_FRE_0010.wav,MS08B_X13_A1_1010_F_FRE_0010,388,388,388,389,Frederica,main,female,frederica,assets/triangle-strategy/approved_voice_references/frederica.wav,ไม่จริง!,,,PENDING_MANUAL_GENERATION,,triangle-strategy
763,MS08B_X13_A1_1010_M_BND_0010.wav,MS08B_X13_A1_1010_M_BND_0010,389,389,389,390,Benedict,main,male,benedict,assets/triangle-strategy/approved_voice_references/benedict.wav,เสียงระเบิด...ควัน...มันมาจากปราสาทวูล์ฟฟอร์ต!,,,PENDING_MANUAL_GENERATION,,triangle-strategy
764,MS08B_X13_A1_1010_M_BND_0020.wav,MS08B_X13_A1_1010_M_BND_0020,390,390,390,391,Benedict,main,male,benedict,assets/triangle-strategy/approved_voice_references/benedict.wav,เขาพูดจริงขอรับ ไฟถูกจุดขึ้นแล้ว...,,,PENDING_MANUAL_GENERATION,,triangle-strategy
765,MS08B_X13_A1_1010_M_EGS_0010.wav,MS08B_X13_A1_1010_M_EGS_0010,391,391,391,392,Exharme,npc,male,exharme,assets/triangle-strategy/approved_voice_references/exharme.wav,ก็มาประกาศชัยชนะไง ขอบคุณที่ล่อความสนใจให้ข้านะ รัฐมนตรีซอสเลย์,,,PENDING_MANUAL_GENERATION,,triangle-strategy
766,MS08B_X13_A1_1010_M_EGS_0020.wav,MS08B_X13_A1_1010_M_EGS_0020,392,392,392,393,Exharme,npc,male,exharme,assets/triangle-strategy/approved_voice_references/exharme.wav,นี่ท่านกล้าพูดกับผู้ชนะแบบนี้เลยเหรอ? ปราสาทวูล์ฟฟอร์ตตกอยู่ในกำมือของข้าแล้ว,,,PENDING_MANUAL_GENERATION,,triangle-strategy
767,MS08B_X13_A1_1010_M_EGS_0030.wav,MS08B_X13_A1_1010_M_EGS_0030,393,393,393,394,Exharme,npc,male,exharme,assets/triangle-strategy/approved_voice_references/exharme.wav,ไว้เรามาสู้กันใหม่,,,PENDING_MANUAL_GENERATION,,triangle-strategy
768,MS08B_X13_A1_1010_M_EGS_0040.wav,MS08B_X13_A1_1010_M_EGS_0040,394,394,394,395,Exharme,npc,male,exharme,assets/triangle-strategy/approved_voice_references/exharme.wav,ถ้างั้น ลอร์ดเซเรโนอา ข้าจะปลื้มมากหากท่านกลับไปที่ปราสาทวูล์ฟฟอร์ตกับข้าด้วย,,,PENDING_MANUAL_GENERATION,,triangle-strategy
769,MS08B_X13_A1_1010_M_EGS_0050.wav,MS08B_X13_A1_1010_M_EGS_0050,395,395,395,396,Exharme,npc,male,exharme,assets/triangle-strategy/approved_voice_references/exharme.wav,หรือท่านอยากจะอยู่ฉลองชัยกับรัฐมนตรีซอสเลย์ที่นี่ก็ได้นะ แต่ท่านพ่อกับชาวเมืองวูล์ฟฟอร์ตคงจะคิดถึงท่านน่าดู,,,PENDING_MANUAL_GENERATION,,triangle-strategy
770,MS08B_X13_A1_1010_M_SEL_0010.wav,MS08B_X13_A1_1010_M_SEL_0010,396,396,396,397,Serenoa,main,male,serenoa,assets/triangle-strategy/approved_voice_references/serenoa.wav,กำลังเสริมไฮแซนต์เหรอ!?,,,PENDING_MANUAL_GENERATION,,triangle-strategy
771,MS08B_X13_A1_1010_M_SEL_0020.wav,MS08B_X13_A1_1010_M_SEL_0020,397,397,397,398,Serenoa,main,male,serenoa,assets/triangle-strategy/approved_voice_references/serenoa.wav,พวกเขาส่งสัญญาณยอมแพ้ มีแค่ไม่กี่คนเท่านั้นที่รู้วิธีจุดมัน,,,PENDING_MANUAL_GENERATION,,triangle-strategy
772,MS08B_X13_A1_1010_M_SEL_0030.wav,MS08B_X13_A1_1010_M_SEL_0030,398,398,398,399,Serenoa,main,male,serenoa,assets/triangle-strategy/approved_voice_references/serenoa.wav,...เข้าใจแล้ว พวกเรากลับกันเถอะ,,,PENDING_MANUAL_GENERATION,,triangle-strategy
773,MS08B_X13_A1_1010_M_SLS_0010.wav,MS08B_X13_A1_1010_M_SLS_0010,399,399,399,400,Sorsley,npc,male,sorsley,assets/triangle-strategy/approved_voice_references/sorsley.wav,อะไรน่ะ?,,,PENDING_MANUAL_GENERATION,,triangle-strategy
774,MS08B_X13_A1_1010_M_SLS_0020.wav,MS08B_X13_A1_1010_M_SLS_0020,400,400,400,401,Sorsley,npc,male,sorsley,assets/triangle-strategy/approved_voice_references/sorsley.wav,เอกซ์เฮม! มาทำบ้าอะไรที่นี่เนี่ย!?,,,PENDING_MANUAL_GENERATION,,triangle-strategy
775,MS08B_X13_A1_1010_M_SLS_0030.wav,MS08B_X13_A1_1010_M_SLS_0030,401,401,401,402,Sorsley,npc,male,sorsley,assets/triangle-strategy/approved_voice_references/sorsley.wav,ว่าไงนะ!? ไอ้งูพิษ!,,,PENDING_MANUAL_GENERATION,,triangle-strategy
776,MS08B_X13_BATTLE_01_AFTER_F_ABR_0010.wav,MS08B_X13_BATTLE_01_AFTER_F_ABR_0010,402,402,402,403,Avlora,npc,female,avlora,assets/triangle-strategy/approved_voice_references/avlora.wav,ชิ... สงสัยข้าประเมินความเจ้าเล่ห์ของพวกมันต่ำไป...,,,PENDING_MANUAL_GENERATION,,triangle-strategy
777,MS08B_X13_BATTLE_01_AFTER_M_SEL_0010.wav,MS08B_X13_BATTLE_01_AFTER_M_SEL_0010,403,403,403,404,Serenoa,main,male,serenoa,assets/triangle-strategy/approved_voice_references/serenoa.wav,มันจบแล้ว อัฟโลร่า,,,PENDING_MANUAL_GENERATION,,triangle-strategy
778,MS08B_X13_BATTLE_01_AFTER_M_SLS_0010.wav,MS08B_X13_BATTLE_01_AFTER_M_SLS_0010,404,404,404,405,Sorsley,npc,male,sorsley,assets/triangle-strategy/approved_voice_references/sorsley.wav,ฮ่าๆๆ! สมกับเป็นหุ่นเชิดจริงๆ! เล่นได้สมบทบาทมาก เจ้าวูล์ฟฟอร์ต,,,PENDING_MANUAL_GENERATION,,triangle-strategy
779,MS08B_X13_BATTLE_01_BEFORE_F_ABR_0010.wav,MS08B_X13_BATTLE_01_BEFORE_F_ABR_0010,405,405,405,406,Avlora,npc,female,avlora,assets/triangle-strategy/approved_voice_references/avlora.wav,คิดว่ากองทัพเล็กขนาดนี้จะสู้ไหวเหรอ? เห็นแล้วรู้เลยว่ารัฐมนตรีซอสเลย์ไม่มีหัวด้านการรบ,,,PENDING_MANUAL_GENERATION,,triangle-strategy
780,MS08B_X13_BATTLE_01_BEFORE_F_ABR_0020.wav,MS08B_X13_BATTLE_01_BEFORE_F_ABR_0020,406,406,406,407,Avlora,npc,female,avlora,assets/triangle-strategy/approved_voice_references/avlora.wav,แม้ว่ามันจะทำให้เอสฟรอสต์ขุ่นเคืองอย่างงั้นรึ?,,,PENDING_MANUAL_GENERATION,,triangle-strategy
781,MS08B_X13_BATTLE_01_BEFORE_F_ABR_0030.wav,MS08B_X13_BATTLE_01_BEFORE_F_ABR_0030,407,407,407,408,Avlora,npc,female,avlora,assets/triangle-strategy/approved_voice_references/avlora.wav,ดูจากสถานการณ์แล้ว ตอนนี้เขาใจเย็นเกินไป มีบางอย่างผิดปกติ...,,,PENDING_MANUAL_GENERATION,,triangle-strategy
782,MS08B_X13_BATTLE_01_BEFORE_F_ABR_0040.wav,MS08B_X13_BATTLE_01_BEFORE_F_ABR_0040,408,408,408,409,Avlora,npc,female,avlora,assets/triangle-strategy/approved_voice_references/avlora.wav,ลอร์ดเซเรโนอา ช่วยจัดทัพแนวหน้าของท่านด้วย ขับไล่ผู้บุกรุกไปจากบ้านของท่านซะ!,,,PENDING_MANUAL_GENERATION,,triangle-strategy
783,MS08B_X13_BATTLE_01_BEFORE_F_ABR_0050.wav,MS08B_X13_BATTLE_01_BEFORE_F_ABR_0050,409,409,409,410,Avlora,npc,female,avlora,assets/triangle-strategy/approved_voice_references/avlora.wav,อะไรกัน!?,,,PENDING_MANUAL_GENERATION,,triangle-strategy
784,MS08B_X13_BATTLE_01_BEFORE_M_BKR_0010.wav,MS08B_X13_BATTLE_01_BEFORE_M_BKR_0010,410,410,410,411,บุ๊กเกอร์,npc,male,booker,,...ข้าไม่ขอปฏิเสธแล้วกัน โชคร้ายเหลือเกินที่ชะตาได้มอบหน้าที่นี้กับข้า,,,BLOCKED_PENDING_REFERENCE_AUDIO,,triangle-strategy
785,MS08B_X13_BATTLE_01_BEFORE_M_BKR_0020.wav,MS08B_X13_BATTLE_01_BEFORE_M_BKR_0020,411,411,411,412,บุ๊กเกอร์,npc,male,booker,,ยังไงซะมันก็เป็นหน้าที่ของข้าอยู่แล้ว ข้าต้องทำให้ลุล่วง เพื่อเกียรติยศแห่งตระกูลเอนด์ ไม่ว่ายังไงข้าจะยึดครองดินแดนแห่งนี้ให้ได้,,,BLOCKED_PENDING_REFERENCE_AUDIO,,triangle-strategy
786,MS08B_X13_BATTLE_01_BEFORE_M_BKR_0030.wav,MS08B_X13_BATTLE_01_BEFORE_M_BKR_0030,412,412,412,413,บุ๊กเกอร์,npc,male,booker,,ใช่แล้ว ทุกหนทาง,,,BLOCKED_PENDING_REFERENCE_AUDIO,,triangle-strategy
787,MS08B_X13_BATTLE_01_BEFORE_M_M055_0010.wav,MS08B_X13_BATTLE_01_BEFORE_M_M055_0010,413,413,413,414,ทหาร,generic,male,MALE_YOUNG_C,assets/triangle-strategy/approved_voice_references/MALE_YOUNG_C.wav,อ้ากกก!,,,PENDING_MANUAL_GENERATION,,triangle-strategy
788,MS08B_X13_BATTLE_01_BEFORE_M_SEL_0010.wav,MS08B_X13_BATTLE_01_BEFORE_M_SEL_0010,414,414,414,415,Serenoa,main,male,serenoa,assets/triangle-strategy/approved_voice_references/serenoa.wav,...เอาเลย!,,,PENDING_MANUAL_GENERATION,,triangle-strategy
789,MS08B_X13_BATTLE_01_BEFORE_M_SEL_0020.wav,MS08B_X13_BATTLE_01_BEFORE_M_SEL_0020,415,415,415,416,Serenoa,main,male,serenoa,assets/triangle-strategy/approved_voice_references/serenoa.wav,เข้าประจำที่ทัพไฮแซนต์! เปลี่ยนรูปขบวน!,,,PENDING_MANUAL_GENERATION,,triangle-strategy
790,MS08B_X13_BATTLE_01_DRAMA_F_ABR_0010.wav,MS08B_X13_BATTLE_01_DRAMA_F_ABR_0010,416,416,416,417,Avlora,npc,female,avlora,assets/triangle-strategy/approved_voice_references/avlora.wav,เซเรโนอา ไอ้งูพิษ! คิดทรยศงั้นเหรอ!?,,,PENDING_MANUAL_GENERATION,,triangle-strategy
791,MS08B_X13_BATTLE_01_DRAMA_F_ABR_0020.wav,MS08B_X13_BATTLE_01_DRAMA_F_ABR_0020,417,417,417,418,Avlora,npc,female,avlora,assets/triangle-strategy/approved_voice_references/avlora.wav,ข้ามันโง่จริงๆที่วางใจ เชื่อว่าเจ้าเป็นพันธมิตรของข้า,,,PENDING_MANUAL_GENERATION,,triangle-strategy
792,MS08B_X13_BATTLE_01_DRAMA_F_ABR_0030.wav,MS08B_X13_BATTLE_01_DRAMA_F_ABR_0030,418,418,418,419,Avlora,npc,female,avlora,assets/triangle-strategy/approved_voice_references/avlora.wav,แต่เรื่องรบข้าไม่โง่หรอกนะ วันนี้เตรียมโดนเอสฟรอสต์จัดหนักได้เลย!,,,PENDING_MANUAL_GENERATION,,triangle-strategy
793,MS08B_X13_BATTLE_01_DRAMA_F_ABR_0040.wav,MS08B_X13_BATTLE_01_DRAMA_F_ABR_0040,419,419,419,420,Avlora,npc,female,avlora,assets/triangle-strategy/approved_voice_references/avlora.wav,อวดดีเหมือนนายของแกจริงๆ เดี๋ยวได้ลิ้มรสดาบข้าแน่!,,,PENDING_MANUAL_GENERATION,,triangle-strategy
794,MS08B_X13_BATTLE_01_DRAMA_F_ABR_0050.wav,MS08B_X13_BATTLE_01_DRAMA_F_ABR_0050,420,420,420,421,Avlora,npc,female,avlora,assets/triangle-strategy/approved_voice_references/avlora.wav,เหอะ อยากจะทุบตีข้ายังไงก็ตามใจ เดี๋ยวมันก็จบแล้ว,,,PENDING_MANUAL_GENERATION,,triangle-strategy
795,MS08B_X13_BATTLE_01_DRAMA_F_ABR_0060.wav,MS08B_X13_BATTLE_01_DRAMA_F_ABR_0060,421,421,421,422,Avlora,npc,female,avlora,assets/triangle-strategy/approved_voice_references/avlora.wav,ข้าเข้าใจว่าเจ้าอยากปกป้ิองบ้านเมือง แต่ข้าไม่แน่ใจในเส้นทางที่เจ้าชี้นำให้เซเรโนอาสักเท่าไร,,,PENDING_MANUAL_GENERATION,,triangle-strategy
796,MS08B_X13_BATTLE_01_DRAMA_F_ABR_0070.wav,MS08B_X13_BATTLE_01_DRAMA_F_ABR_0070,422,422,422,423,Avlora,npc,female,avlora,assets/triangle-strategy/approved_voice_references/avlora.wav,ข้าคืออัฟโลร่า ผู้บัญชาการสูงสุดแห่งทัพเอสฟรอสต์! เลือกเอาแล้วกันว่าจะยืนหยัดสู้หรือรับผลกรรมของเจ้า!,,,PENDING_MANUAL_GENERATION,,triangle-strategy
797,MS08B_X13_BATTLE_01_DRAMA_F_ABR_0080.wav,MS08B_X13_BATTLE_01_DRAMA_F_ABR_0080,423,423,423,424,Avlora,npc,female,avlora,assets/triangle-strategy/approved_voice_references/avlora.wav,โอย... ถอยทัพ!,,,PENDING_MANUAL_GENERATION,,triangle-strategy
798,MS08B_X13_BATTLE_01_DRAMA_F_HEW_0010.wav,MS08B_X13_BATTLE_01_DRAMA_F_HEW_0010,424,424,424,425,Hughette,main,female,hughette,assets/triangle-strategy/approved_voice_references/hughette.wav,ข้าจะทำให้นางเสียใจที่ไม่ถอยทัพ แด่ผู้ล่วงลับทุกคน!,,,PENDING_MANUAL_GENERATION,,triangle-strategy
799,MS08B_X13_BATTLE_01_DRAMA_M_BKR_0010.wav,MS08B_X13_BATTLE_01_DRAMA_M_BKR_0010,425,425,425,426,บุ๊กเกอร์,npc,male,booker,,ฮ่าๆๆ! ดูพวกโง่นั่นสิ!,,,BLOCKED_PENDING_REFERENCE_AUDIO,,triangle-strategy
800,MS08B_X13_BATTLE_01_DRAMA_M_BKR_0020.wav,MS08B_X13_BATTLE_01_DRAMA_M_BKR_0020,426,426,426,427,บุ๊กเกอร์,npc,male,booker,,แม่ทัพอัฟโลร่า ตอนนี้ยังมีเวลาช่วยชีวิตคนของท่านอยู่นะ ท่านถอยทัพตอนนี้คงไม่มีใครว่าหรอก,,,BLOCKED_PENDING_REFERENCE_AUDIO,,triangle-strategy
801,MS08B_X13_BATTLE_01_DRAMA_M_BKR_0030.wav,MS08B_X13_BATTLE_01_DRAMA_M_BKR_0030,427,427,427,428,บุ๊กเกอร์,npc,male,booker,,พูดถูกขอรับลอร์ดเซเรโนอา ข้ารอส่งข่าวแห่งชัยชนะของเราให้รัฐมนตรีซอสเลย์อยู่นะ,,,BLOCKED_PENDING_REFERENCE_AUDIO,,triangle-strategy
802,MS08B_X13_BATTLE_01_DRAMA_M_BKR_0040.wav,MS08B_X13_BATTLE_01_DRAMA_M_BKR_0040,428,428,428,429,บุ๊กเกอร์,npc,male,booker,,บ้าจริง... ข้าต้องกลับไปหาท่านลอร์ดมือเปล่าเหรอเนี่ย...,,,BLOCKED_PENDING_REFERENCE_AUDIO,,triangle-strategy
803,MS08B_X13_BATTLE_01_DRAMA_M_BND_0010.wav,MS08B_X13_BATTLE_01_DRAMA_M_BND_0010,429,429,429,430,Benedict,main,male,benedict,assets/triangle-strategy/approved_voice_references/benedict.wav,อย่ามาโทษข้าที่ไม่มีทางเลือกเลย ก็เพราะเจ้านั่นแหละที่ทำให้มันเป็นแบบนี้!,,,PENDING_MANUAL_GENERATION,,triangle-strategy
804,MS08B_X13_BATTLE_01_DRAMA_M_SEL_0010.wav,MS08B_X13_BATTLE_01_DRAMA_M_SEL_0010,430,430,430,431,Serenoa,main,male,serenoa,assets/triangle-strategy/approved_voice_references/serenoa.wav,ทุกสิ่งที่ทำไป ก็เพื่อตระกูลของข้า,,,PENDING_MANUAL_GENERATION,,triangle-strategy
805,MS08B_X13_BATTLE_01_DRAMA_M_SEL_0020.wav,MS08B_X13_BATTLE_01_DRAMA_M_SEL_0020,431,431,431,432,Serenoa,main,male,serenoa,assets/triangle-strategy/approved_voice_references/serenoa.wav,เจ้าโค่นใครสักคนโดยไม่ต้องแรงได้ก็จริง แต่ตำนานอย่างเจ้าก็มีขีดจำกัดเหมือนกัน,,,PENDING_MANUAL_GENERATION,,triangle-strategy
806,MS08B_X13_BATTLE_01_DRAMA_M_SEL_0030.wav,MS08B_X13_BATTLE_01_DRAMA_M_SEL_0030,432,432,432,433,Serenoa,main,male,serenoa,assets/triangle-strategy/approved_voice_references/serenoa.wav,นี่สินะ ชัยชนะที่ควรฉลอง ข้ามั่นใจว่าต้องมีโอกาสนี้อีกในอนาคตเป็นแน่,,,PENDING_MANUAL_GENERATION,,triangle-strategy
807,MS08B_X13_C1_0010_M_BKR_0010.wav,MS08B_X13_C1_0010_M_BKR_0010,433,433,433,434,บุ๊กเกอร์,npc,male,booker,,ตระกูลเอนด์ขึ้นชื่อเรื่องการทำธุรกิจลับ ตอนนี้พวกเขายังไม่เห็นอะไรผิดสังเกตขอรับ,,,BLOCKED_PENDING_REFERENCE_AUDIO,,triangle-strategy
808,MS08B_X13_C1_0010_M_BKR_0020.wav,MS08B_X13_C1_0010_M_BKR_0020,434,434,434,435,บุ๊กเกอร์,npc,male,booker,,ขอรับนายท่าน พวกเรายึดแคว้นวูล์ฟฟอร์ตได้เมื่อไหร่ งานเราเสร็จเร็วขึ้นแน่นอน,,,BLOCKED_PENDING_REFERENCE_AUDIO,,triangle-strategy
809,MS08B_X13_C1_0010_M_BKR_0030.wav,MS08B_X13_C1_0010_M_BKR_0030,435,435,435,436,บุ๊กเกอร์,npc,male,booker,,รับรองว่าท่านจะได้รางวัลจากหัวหน้านักบวชเป็นแน่ ที่พาวูล์ฟฟอร์ตมาเข้าร่วมกับพวกเราด้วย,,,BLOCKED_PENDING_REFERENCE_AUDIO,,triangle-strategy
810,MS08B_X13_C1_0010_M_BKR_0040.wav,MS08B_X13_C1_0010_M_BKR_0040,436,436,436,437,บุ๊กเกอร์,npc,male,booker,,พวกเขาตอบตกลงแล้วขอรับ เมื่อถึงเวลา พวกเขาจะหักหลังเอสฟรอสต์แล้วเราจะล้อมพวกมันไว้จากทั้งสองฝั่ง,,,BLOCKED_PENDING_REFERENCE_AUDIO,,triangle-strategy
811,MS08B_X13_C1_0010_M_SLS_0010.wav,MS08B_X13_C1_0010_M_SLS_0010,437,437,437,438,Sorsley,npc,male,sorsley,assets/triangle-strategy/approved_voice_references/sorsley.wav,เจ้าแน่ใจใช่ไหมว่าผู้ศักดิ์สิทธิ์ท่านอื่นไม่ได้สงสัยเรา?,,,PENDING_MANUAL_GENERATION,,triangle-strategy
812,MS08B_X13_C1_0010_M_SLS_0020.wav,MS08B_X13_C1_0010_M_SLS_0020,438,438,438,439,Sorsley,npc,male,sorsley,assets/triangle-strategy/approved_voice_references/sorsley.wav,ดีมาก อย่าทำให้ผิดหวังล่ะบุ๊กเกอร์ ตอนนี้เราต้องหาทางขนส่งเส้นใหม่ เพราะเส้นทางเกลนบรู๊คใช้การไม่ได้แล้ว,,,PENDING_MANUAL_GENERATION,,triangle-strategy
813,MS08B_X13_C1_0010_M_SLS_0030.wav,MS08B_X13_C1_0010_M_SLS_0030,439,439,439,440,Sorsley,npc,male,sorsley,assets/triangle-strategy/approved_voice_references/sorsley.wav,อย่าให้สงครามมาขัดขวาง...การขนส่งสินค้าของเรา,,,PENDING_MANUAL_GENERATION,,triangle-strategy
814,MS08B_X13_C1_0010_M_SLS_0040.wav,MS08B_X13_C1_0010_M_SLS_0040,440,440,440,441,Sorsley,npc,male,sorsley,assets/triangle-strategy/approved_voice_references/sorsley.wav,อืม... ในที่สุด เอกซ์เฮมกับลูกน้องของมันจะได้สำเหนียกตัวเองเสียที,,,PENDING_MANUAL_GENERATION,,triangle-strategy
815,MS08B_X13_C1_0010_M_SLS_0050.wav,MS08B_X13_C1_0010_M_SLS_0050,441,441,441,442,Sorsley,npc,male,sorsley,assets/triangle-strategy/approved_voice_references/sorsley.wav,เดี๋ยวจะได้รู้ว่าใครแข็งแกร่งที่สุดในหมู่เจ็ดผู้ศักดิ์สิทธิ์ รวมถึงหัวหน้านักบวชเช่นกัน,,,PENDING_MANUAL_GENERATION,,triangle-strategy
816,MS08B_X13_C1_0010_M_SLS_0060.wav,MS08B_X13_C1_0010_M_SLS_0060,442,442,442,443,Sorsley,npc,male,sorsley,assets/triangle-strategy/approved_voice_references/sorsley.wav,เหลือแค่เอสฟรอสต์เท่านั้นที่ขวางเราอยู่ตอนนี้ สรุปวูล์ฟฟอร์ตตกลงยอมรับแผนของเรารึยัง?,,,PENDING_MANUAL_GENERATION,,triangle-strategy
817,MS08B_X13_C1_0010_M_SLS_0070.wav,MS08B_X13_C1_0010_M_SLS_0070,443,443,443,444,Sorsley,npc,male,sorsley,assets/triangle-strategy/approved_voice_references/sorsley.wav,ดีๆ หวังว่าเจ้าจะคว้าชัยนะบุ๊กเกอร์ ใช้บาทาของเจ้าบนขยี้สุนัขเอสฟรอสต์ซะ,,,PENDING_MANUAL_GENERATION,,triangle-strategy
818,MS08B_X13_C1_0010_M_SLS_0080.wav,MS08B_X13_C1_0010_M_SLS_0080,444,444,444,445,Sorsley,npc,male,sorsley,assets/triangle-strategy/approved_voice_references/sorsley.wav,เมื่อถึงเวลาที่พวกมันบาดเจ็บ ข้าจะนำทัพหลักเข้าไปสั่งสอนพวกมันเอง,,,PENDING_MANUAL_GENERATION,,triangle-strategy
819,MS08B_X13_C1_0010_M_SLS_0090.wav,MS08B_X13_C1_0010_M_SLS_0090,445,445,445,446,Sorsley,npc,male,sorsley,assets/triangle-strategy/approved_voice_references/sorsley.wav,หึหึ... รับรองหลังจากวันนี้ ไอ้พวกที่ชอบว่าร้ายในความสามารถการรบตระกูลเอนด์จะได้หุบปากเสียที,,,PENDING_MANUAL_GENERATION,,triangle-strategy
820,MS08B_X13_RESEARCH_01_BEFORE_F_ABR_0010.wav,MS08B_X13_RESEARCH_01_BEFORE_F_ABR_0010,446,446,446,447,Avlora,npc,female,avlora,assets/triangle-strategy/approved_voice_references/avlora.wav,มีรายงานจากหน่วยสอดแนมของเรา,,,PENDING_MANUAL_GENERATION,,triangle-strategy
821,MS08B_X13_RESEARCH_01_BEFORE_F_ABR_0020.wav,MS08B_X13_RESEARCH_01_BEFORE_F_ABR_0020,447,447,447,448,Avlora,npc,female,avlora,assets/triangle-strategy/approved_voice_references/avlora.wav,ไฮแซนต์ส่งกองทัพขนาดเล็กมาที่ตำแหน่งของเรา พวกมันจะมาถึงในยามวิกาล,,,PENDING_MANUAL_GENERATION,,triangle-strategy
822,MS08B_X13_RESEARCH_01_BEFORE_F_ABR_0030.wav,MS08B_X13_RESEARCH_01_BEFORE_F_ABR_0030,448,448,448,449,Avlora,npc,female,avlora,assets/triangle-strategy/approved_voice_references/avlora.wav,กลัวอะไรของท่าน ทัพข้าจัดการซอสเลย์แปปเดียวก็อยู่หมัดแล้ว,,,PENDING_MANUAL_GENERATION,,triangle-strategy
823,MS08B_X13_RESEARCH_01_BEFORE_F_ABR_0040.wav,MS08B_X13_RESEARCH_01_BEFORE_F_ABR_0040,449,449,449,450,Avlora,npc,female,avlora,assets/triangle-strategy/approved_voice_references/avlora.wav,เดี๋ยวท่านก็รู้ว่าการส่งโรแลนด์ให้เราถือเป็นทางเลือกที่ดี,,,PENDING_MANUAL_GENERATION,,triangle-strategy
824,MS08B_X13_RESEARCH_01_BEFORE_M_BND_0010.wav,MS08B_X13_RESEARCH_01_BEFORE_M_BND_0010,450,450,450,451,Benedict,main,male,benedict,assets/triangle-strategy/approved_voice_references/benedict.wav,เราจะสู้กันกลางดึกสินะ,,,PENDING_MANUAL_GENERATION,,triangle-strategy
825,MS08B_X13_RESEARCH_01_BEFORE_M_BND_0020.wav,MS08B_X13_RESEARCH_01_BEFORE_M_BND_0020,451,451,451,452,Benedict,main,male,benedict,assets/triangle-strategy/approved_voice_references/benedict.wav,เหมือนว่าเขาตั้งใจจะเล่นงานหลังจากที่เราต่อสู้กันจนตายกันไปข้างสินะ ช่างเป็นชัยชนะอันง่ายดายของเขาเสียจริง,,,PENDING_MANUAL_GENERATION,,triangle-strategy
826,MS08B_X13_RESEARCH_01_BEFORE_M_ELA_0010.wav,MS08B_X13_RESEARCH_01_BEFORE_M_ELA_0010,452,452,452,453,Erador,main,male,erador,assets/triangle-strategy/approved_voice_references/erador.wav,"""กองทัพขนาดเล็ก"" เหรอ? ไอ้สารเลวนั่นวางแผนอะไรของมันอยู่เนี่ย?",,,PENDING_MANUAL_GENERATION,,triangle-strategy
827,MS08B_X13_RESEARCH_01_BEFORE_M_ELA_0020.wav,MS08B_X13_RESEARCH_01_BEFORE_M_ELA_0020,453,453,453,454,Erador,main,male,erador,assets/triangle-strategy/approved_voice_references/erador.wav,เก็บของดีไว้ให้ตัวเองเหรอเนี่ย? มองไปทางไหนก็เจอแต่อสูรกายกระหายดินแดนของเราทั้งนั้น,,,PENDING_MANUAL_GENERATION,,triangle-strategy
828,MS08B_X13_RESEARCH_01_BEFORE_M_SEL_0010.wav,MS08B_X13_RESEARCH_01_BEFORE_M_SEL_0010,454,454,454,455,Serenoa,main,male,serenoa,assets/triangle-strategy/approved_voice_references/serenoa.wav,วาดแผนที่โดยรอบกับแนวป้องกันก่อนที่พวกเขาจะมาถึงกันเถอะ,,,PENDING_MANUAL_GENERATION,,triangle-strategy
829,MS08B_X13_RESEARCH_01_BEFORE_M_SEL_0020.wav,MS08B_X13_RESEARCH_01_BEFORE_M_SEL_0020,455,455,455,456,Serenoa,main,male,serenoa,assets/triangle-strategy/approved_voice_references/serenoa.wav,ข้าแค่คิดว่าควรเตรียมตัวให้พร้อมก่อนออกรบ เพราะเราจะเต็มที่กับศึกครั้งนี้,,,PENDING_MANUAL_GENERATION,,triangle-strategy
830,MS08B_X13_RESEARCH_01_BEFORE_M_SEL_0030.wav,MS08B_X13_RESEARCH_01_BEFORE_M_SEL_0030,456,456,456,457,Serenoa,main,male,serenoa,assets/triangle-strategy/approved_voice_references/serenoa.wav,และนี่คืออสูรกายที่เราเลือกจะร่วมสู้ จงก้าวไปข้างหน้าและอย่าหันกลับมาด้วยความลังเลเลย,,,PENDING_MANUAL_GENERATION,,triangle-strategy
831,MS08B_X13_WD_0010_N_NNN_0010.wav,MS08B_X13_WD_0010_N_NNN_0010,457,457,457,458,Narrator,narrator,female,narrator,assets/triangle-strategy/approved_voice_references/narrator.wav,รัฐมนตรีซอสเลย์ นำกองทัพจากรัฐศักดิ์สิทธิ์ไฮแซนต์มุ่งหน้าสู่แคว้นวูล์ฟฟอร์ต,,,PENDING_MANUAL_GENERATION,,triangle-strategy
832,MS08B_X13_WD_0010_N_NNN_0020.wav,MS08B_X13_WD_0010_N_NNN_0020,458,458,458,459,Narrator,narrator,female,narrator,assets/triangle-strategy/approved_voice_references/narrator.wav,ตระกูลอันภาคภูมิกำลังตกที่นั่งลำบากและปราศจากอิสระที่พวกเขาหวงแหน พวกเขากำลังเผชิญปัญหาระหว่างอาณาจักรทั้งสองผู้ต้องการขยายอำนาจ หนทางรอดเดียวของพวกเขาคือการร่วมมือกับศัตรู,,,PENDING_MANUAL_GENERATION,,triangle-strategy
833,MS08B_X13_WD_0010_N_NNN_0030.wav,MS08B_X13_WD_0010_N_NNN_0030,459,459,459,460,Narrator,narrator,female,narrator,assets/triangle-strategy/approved_voice_references/narrator.wav,เซเรโนอาเลือกอยู่ข้างไฮแซนต์ วางแผนทรยศแม่ทัพอัฟโลร่ากับทหารเอสฟรอสต์ที่บ้านตัวเอง เส้นทางข้างหน้านั้นอันตราย ก้าวผิดเพียงนิดเดียวก็ทำให้ตระกูลวูล์ฟฟอร์ตสิ้นมลายไปพร้อมกับผู้รับใช้ทุกคน,,,PENDING_MANUAL_GENERATION,,triangle-strategy
