line_no,file_name,self_id,cue,sequence,waveform,awb_stream,character_name,role,gender,voice_target,reference_audio,thai_text,pronunciation_note,prosody_note,status,tts_text,voice_project
4,V_F_ABR_E_BTL_00400.wav,V_F_ABR_E_BTL_00400,3,3,3,4,Avlora,battle,female,avlora,assets/triangle-strategy/approved_voice_references/avlora.wav,หนีไปซะ ตอนที่ยังมีโอกาส!,,,READY_FOR_GENERATION,,triangle-strategy
5,V_F_ABR_E_BTL_00500.wav,V_F_ABR_E_BTL_00500,4,4,4,5,Avlora,battle,female,avlora,assets/triangle-strategy/approved_voice_references/avlora.wav,ข้าจะบดขยี้เจ้า!,,,READY_FOR_GENERATION,,triangle-strategy
6,V_F_ABR_E_BTL_00600.wav,V_F_ABR_E_BTL_00600,5,5,5,6,Avlora,battle,female,avlora,assets/triangle-strategy/approved_voice_references/avlora.wav,กล้าก็มาสู้กับข้า,,,READY_FOR_GENERATION,,triangle-strategy
7,V_F_ABR_E_BTL_00700.wav,V_F_ABR_E_BTL_00700,6,6,6,7,Avlora,battle,female,avlora,assets/triangle-strategy/approved_voice_references/avlora.wav,หนีไปซะ ตอนที่ยังมีโอกาส!,,,READY_FOR_GENERATION,,triangle-strategy
17,V_F_ABR_E_BTL_01700.wav,V_F_ABR_E_BTL_01700,16,16,16,17,Avlora,battle,female,avlora,assets/triangle-strategy/approved_voice_references/avlora.wav,ไม่เลว,,,READY_FOR_GENERATION,,triangle-strategy
18,V_F_ABR_E_BTL_01800.wav,V_F_ABR_E_BTL_01800,17,17,17,18,Avlora,battle,female,avlora,assets/triangle-strategy/approved_voice_references/avlora.wav,เก่งกว่าที่เห็นนะ,,,READY_FOR_GENERATION,,triangle-strategy
19,V_F_ABR_E_BTL_01900.wav,V_F_ABR_E_BTL_01900,18,18,18,19,Avlora,battle,female,avlora,assets/triangle-strategy/approved_voice_references/avlora.wav,เจ้าไม่มีวันเอาชนะข้าได้!,,,READY_FOR_GENERATION,,triangle-strategy
20,V_F_ABR_E_BTL_02000.wav,V_F_ABR_E_BTL_02000,19,19,19,20,Avlora,battle,female,avlora,assets/triangle-strategy/approved_voice_references/avlora.wav,ไม่เลว,,,READY_FOR_GENERATION,,triangle-strategy
27,V_F_ABR_E_BTL_02700.wav,V_F_ABR_E_BTL_02700,26,26,26,27,Avlora,battle,female,avlora,assets/triangle-strategy/approved_voice_references/avlora.wav,ไอ้หมูโอหัง!,,,READY_FOR_GENERATION,,triangle-strategy
28,V_F_ABR_E_BTL_02800.wav,V_F_ABR_E_BTL_02800,27,27,27,28,Avlora,battle,female,avlora,assets/triangle-strategy/approved_voice_references/avlora.wav,อึก...,,STATUS_REACTION,READY_FOR_GENERATION,,triangle-strategy
29,V_F_ABR_E_BTL_02900.wav,V_F_ABR_E_BTL_02900,28,28,28,29,Avlora,battle,female,avlora,assets/triangle-strategy/approved_voice_references/avlora.wav,ฮ้า!,,ATTACK_CRY,READY_FOR_GENERATION,,triangle-strategy
30,V_F_ABR_E_BTL_03000.wav,V_F_ABR_E_BTL_03000,29,29,29,30,Avlora,battle,female,avlora,assets/triangle-strategy/approved_voice_references/avlora.wav,ฮ่า!,,ATTACK_CRY,READY_FOR_GENERATION,,triangle-strategy
31,V_F_ABR_E_BTL_03100.wav,V_F_ABR_E_BTL_03100,30,30,30,31,Avlora,battle,female,avlora,assets/triangle-strategy/approved_voice_references/avlora.wav,รับนี่ไป!,,,READY_FOR_GENERATION,,triangle-strategy
32,V_F_ABR_E_BTL_03200.wav,V_F_ABR_E_BTL_03200,31,31,31,32,Avlora,battle,female,avlora,assets/triangle-strategy/approved_voice_references/avlora.wav,ย๊าก!,,ATTACK_CRY,READY_FOR_GENERATION,,triangle-strategy
33,V_F_ABR_E_BTL_03300.wav,V_F_ABR_E_BTL_03300,32,32,32,33,Avlora,battle,female,avlora,assets/triangle-strategy/approved_voice_references/avlora.wav,ฮ้า!,,ATTACK_CRY,READY_FOR_GENERATION,,triangle-strategy
34,V_F_ABR_E_BTL_03400.wav,V_F_ABR_E_BTL_03400,33,33,33,34,Avlora,battle,female,avlora,assets/triangle-strategy/approved_voice_references/avlora.wav,ฮึ่ย!,,ATTACK_CRY,READY_FOR_GENERATION,,triangle-strategy
35,V_F_ABR_E_BTL_03500.wav,V_F_ABR_E_BTL_03500,34,34,34,35,Avlora,battle,female,avlora,assets/triangle-strategy/approved_voice_references/avlora.wav,เจ้าเทียบข้าไม่ได้เลย,,,READY_FOR_GENERATION,,triangle-strategy
36,V_F_ABR_E_BTL_03600.wav,V_F_ABR_E_BTL_03600,35,35,35,36,Avlora,battle,female,avlora,assets/triangle-strategy/approved_voice_references/avlora.wav,เจ้าเทียบข้าไม่ได้เลย,,,READY_FOR_GENERATION,,triangle-strategy
142,V_F_ABR_E_BTL_14200.wav,V_F_ABR_E_BTL_14200,141,141,141,142,Avlora,battle,female,avlora,assets/triangle-strategy/approved_voice_references/avlora.wav,นี่ต้องเจ็บแน่,,,READY_FOR_GENERATION,,triangle-strategy
143,V_F_ABR_E_BTL_14300.wav,V_F_ABR_E_BTL_14300,142,142,142,143,Avlora,battle,female,avlora,assets/triangle-strategy/approved_voice_references/avlora.wav,ยอมแพ้ซะ!,,,READY_FOR_GENERATION,,triangle-strategy
144,V_F_ABR_E_BTL_14400.wav,V_F_ABR_E_BTL_14400,143,143,143,144,Avlora,battle,female,avlora,assets/triangle-strategy/approved_voice_references/avlora.wav,บ้าเอ๊ย!,,,READY_FOR_GENERATION,,triangle-strategy
145,V_F_ABR_E_BTL_14500.wav,V_F_ABR_E_BTL_14500,144,144,144,145,Avlora,battle,female,avlora,assets/triangle-strategy/approved_voice_references/avlora.wav,น่าจะทำได้ดีกว่านี้,,,READY_FOR_GENERATION,,triangle-strategy
146,V_F_ABR_E_BTL_14600.wav,V_F_ABR_E_BTL_14600,145,145,145,146,Avlora,battle,female,avlora,assets/triangle-strategy/approved_voice_references/avlora.wav,โอ๊ย!,,HURT_CRY,READY_FOR_GENERATION,,triangle-strategy
147,V_F_ABR_E_BTL_14700.wav,V_F_ABR_E_BTL_14700,146,146,146,147,Avlora,battle,female,avlora,assets/triangle-strategy/approved_voice_references/avlora.wav,อึก!,,HURT_CRY,READY_FOR_GENERATION,,triangle-strategy
148,V_F_ABR_E_BTL_14800.wav,V_F_ABR_E_BTL_14800,147,147,147,148,Avlora,battle,female,avlora,assets/triangle-strategy/approved_voice_references/avlora.wav,อึ่ก!,,HURT_CRY,READY_FOR_GENERATION,,triangle-strategy
149,V_F_ABR_E_BTL_14900.wav,V_F_ABR_E_BTL_14900,148,148,148,149,Avlora,battle,female,avlora,assets/triangle-strategy/approved_voice_references/avlora.wav,อึก!,,HURT_CRY,READY_FOR_GENERATION,,triangle-strategy
150,V_F_ABR_E_BTL_15000.wav,V_F_ABR_E_BTL_15000,149,149,149,150,Avlora,battle,female,avlora,assets/triangle-strategy/approved_voice_references/avlora.wav,โอ๊ย!,,HURT_CRY,READY_FOR_GENERATION,,triangle-strategy
151,V_F_ABR_E_BTL_15100.wav,V_F_ABR_E_BTL_15100,150,150,150,151,Avlora,battle,female,avlora,assets/triangle-strategy/approved_voice_references/avlora.wav,โอ๊ย!,,HURT_CRY,READY_FOR_GENERATION,,triangle-strategy
154,V_F_ABR_E_BTL_15400.wav,V_F_ABR_E_BTL_15400,153,153,153,154,Avlora,battle,female,avlora,assets/triangle-strategy/approved_voice_references/avlora.wav,ช้าไป,,,READY_FOR_GENERATION,,triangle-strategy
155,V_F_ABR_E_BTL_15500.wav,V_F_ABR_E_BTL_15500,154,154,154,155,Avlora,battle,female,avlora,assets/triangle-strategy/approved_voice_references/avlora.wav,อ่อนหัด,,,READY_FOR_GENERATION,,triangle-strategy
156,V_F_ABR_E_BTL_15600.wav,V_F_ABR_E_BTL_15600,155,155,155,156,Avlora,battle,female,avlora,assets/triangle-strategy/approved_voice_references/avlora.wav,ดี,,,READY_FOR_GENERATION,,triangle-strategy
157,V_F_ABR_E_BTL_15700.wav,V_F_ABR_E_BTL_15700,156,156,156,157,Avlora,battle,female,avlora,assets/triangle-strategy/approved_voice_references/avlora.wav,ฉลาดดีนี่,,,READY_FOR_GENERATION,,triangle-strategy
158,V_F_ABR_E_BTL_15800.wav,V_F_ABR_E_BTL_15800,157,157,157,158,Avlora,battle,female,avlora,assets/triangle-strategy/approved_voice_references/avlora.wav,ดี,,,READY_FOR_GENERATION,,triangle-strategy
159,V_F_ABR_E_BTL_15900.wav,V_F_ABR_E_BTL_15900,158,158,158,159,Avlora,battle,female,avlora,assets/triangle-strategy/approved_voice_references/avlora.wav,สมบูรณ์แบบ,,,READY_FOR_GENERATION,,triangle-strategy
160,V_F_ABR_E_BTL_16000.wav,V_F_ABR_E_BTL_16000,159,159,159,160,Avlora,battle,female,avlora,assets/triangle-strategy/approved_voice_references/avlora.wav,เท่านี้ก็พอ,,,READY_FOR_GENERATION,,triangle-strategy
161,V_F_ABR_E_BTL_16100.wav,V_F_ABR_E_BTL_16100,160,160,160,161,Avlora,battle,female,avlora,assets/triangle-strategy/approved_voice_references/avlora.wav,สมบูรณ์แบบ,,,READY_FOR_GENERATION,,triangle-strategy
162,V_F_ABR_E_BTL_16200.wav,V_F_ABR_E_BTL_16200,161,161,161,162,Avlora,battle,female,avlora,assets/triangle-strategy/approved_voice_references/avlora.wav,ข้า...แพ้งั้นรึ?,,,READY_FOR_GENERATION,,triangle-strategy
163,V_F_ABR_E_BTL_16300.wav,V_F_ABR_E_BTL_16300,162,162,162,163,Avlora,battle,female,avlora,assets/triangle-strategy/approved_voice_references/avlora.wav,ข้า...แพ้งั้นรึ?,,,READY_FOR_GENERATION,,triangle-strategy
281,V_F_ABR_BTL_00400.wav,V_F_ABR_BTL_00400,0,0,0,1,Avlora,battle,female,avlora,assets/triangle-strategy/approved_voice_references/avlora.wav,หนีไปซะ ตอนที่ยังมีโอกาส!,,,READY_FOR_GENERATION,,triangle-strategy
282,V_F_ABR_BTL_00500.wav,V_F_ABR_BTL_00500,1,1,1,2,Avlora,battle,female,avlora,assets/triangle-strategy/approved_voice_references/avlora.wav,ข้าจะบดขยี้เจ้า!,,,READY_FOR_GENERATION,,triangle-strategy
283,V_F_ABR_BTL_00600.wav,V_F_ABR_BTL_00600,2,2,2,3,Avlora,battle,female,avlora,assets/triangle-strategy/approved_voice_references/avlora.wav,กล้าก็มาสู้กับข้า,,,READY_FOR_GENERATION,,triangle-strategy
284,V_F_ABR_BTL_00700.wav,V_F_ABR_BTL_00700,3,3,3,4,Avlora,battle,female,avlora,assets/triangle-strategy/approved_voice_references/avlora.wav,ตาข้าแล้ว,,,READY_FOR_GENERATION,,triangle-strategy
285,V_F_ABR_BTL_01700.wav,V_F_ABR_BTL_01700,4,4,4,5,Avlora,battle,female,avlora,assets/triangle-strategy/approved_voice_references/avlora.wav,ไม่เลว,,,READY_FOR_GENERATION,,triangle-strategy
286,V_F_ABR_BTL_01800.wav,V_F_ABR_BTL_01800,5,5,5,6,Avlora,battle,female,avlora,assets/triangle-strategy/approved_voice_references/avlora.wav,เก่งกว่าที่เห็นนะ,,,READY_FOR_GENERATION,,triangle-strategy
287,V_F_ABR_BTL_01900.wav,V_F_ABR_BTL_01900,6,6,6,7,Avlora,battle,female,avlora,assets/triangle-strategy/approved_voice_references/avlora.wav,เจ้าไม่มีวันเอาชนะข้าได้!,,,READY_FOR_GENERATION,,triangle-strategy
288,V_F_ABR_BTL_02000.wav,V_F_ABR_BTL_02000,7,7,7,8,Avlora,battle,female,avlora,assets/triangle-strategy/approved_voice_references/avlora.wav,พวกมันได้เปรียบอยู่หรือ?,,,READY_FOR_GENERATION,,triangle-strategy
289,V_F_ABR_BTL_02700.wav,V_F_ABR_BTL_02700,8,8,8,9,Avlora,battle,female,avlora,assets/triangle-strategy/approved_voice_references/avlora.wav,ไอ้หมูโอหัง!,,,READY_FOR_GENERATION,,triangle-strategy
290,V_F_ABR_BTL_02800.wav,V_F_ABR_BTL_02800,9,9,9,10,Avlora,battle,female,avlora,assets/triangle-strategy/approved_voice_references/avlora.wav,อั่ก...,,STATUS_REACTION,READY_FOR_GENERATION,,triangle-strategy
291,V_F_ABR_BTL_02900.wav,V_F_ABR_BTL_02900,10,10,10,11,Avlora,battle,female,avlora,assets/triangle-strategy/approved_voice_references/avlora.wav,เอ้า!,,ATTACK_CRY,READY_FOR_GENERATION,,triangle-strategy
292,V_F_ABR_BTL_03000.wav,V_F_ABR_BTL_03000,11,11,11,12,Avlora,battle,female,avlora,assets/triangle-strategy/approved_voice_references/avlora.wav,ฮึ่ย!,,ATTACK_CRY,READY_FOR_GENERATION,,triangle-strategy
293,V_F_ABR_BTL_03100.wav,V_F_ABR_BTL_03100,12,12,12,13,Avlora,battle,female,avlora,assets/triangle-strategy/approved_voice_references/avlora.wav,รับนี่ไป!,,,READY_FOR_GENERATION,,triangle-strategy
294,V_F_ABR_BTL_03200.wav,V_F_ABR_BTL_03200,13,13,13,14,Avlora,battle,female,avlora,assets/triangle-strategy/approved_voice_references/avlora.wav,ฮ้า!,,ATTACK_CRY,READY_FOR_GENERATION,,triangle-strategy
295,V_F_ABR_BTL_03300.wav,V_F_ABR_BTL_03300,14,14,14,15,Avlora,battle,female,avlora,assets/triangle-strategy/approved_voice_references/avlora.wav,ฮึ่ย!,,,READY_FOR_GENERATION,,triangle-strategy
296,V_F_ABR_BTL_03400.wav,V_F_ABR_BTL_03400,15,15,15,16,Avlora,battle,female,avlora,assets/triangle-strategy/approved_voice_references/avlora.wav,ย๊าก!,,ATTACK_CRY,READY_FOR_GENERATION,,triangle-strategy
297,V_F_ABR_BTL_03500.wav,V_F_ABR_BTL_03500,16,16,16,17,Avlora,battle,female,avlora,assets/triangle-strategy/approved_voice_references/avlora.wav,เจ้าเทียบข้าไม่ได้เลย,,,READY_FOR_GENERATION,,triangle-strategy
298,V_F_ABR_BTL_03600.wav,V_F_ABR_BTL_03600,17,17,17,18,Avlora,battle,female,avlora,assets/triangle-strategy/approved_voice_references/avlora.wav,ข้าจะช่วยให้เจ้าพ้นจากความทรมานเอง,,,READY_FOR_GENERATION,,triangle-strategy
299,V_F_ABR_BTL_08800.wav,V_F_ABR_BTL_08800,18,18,18,19,Avlora,battle,female,avlora,assets/triangle-strategy/approved_voice_references/avlora.wav,เจ้าประมาทแล้ว,,,READY_FOR_GENERATION,,triangle-strategy
300,V_F_ABR_BTL_08900.wav,V_F_ABR_BTL_08900,19,19,19,20,Avlora,battle,female,avlora,assets/triangle-strategy/approved_voice_references/avlora.wav,โง่เขลา,,,READY_FOR_GENERATION,,triangle-strategy
301,V_F_ABR_BTL_09000.wav,V_F_ABR_BTL_09000,20,20,20,21,Avlora,battle,female,avlora,assets/triangle-strategy/approved_voice_references/avlora.wav,นี่คือโอกาสของข้า,,,READY_FOR_GENERATION,,triangle-strategy
302,V_F_ABR_BTL_14200.wav,V_F_ABR_BTL_14200,21,21,21,22,Avlora,battle,female,avlora,assets/triangle-strategy/approved_voice_references/avlora.wav,นี่ต้องเจ็บแน่,,,READY_FOR_GENERATION,,triangle-strategy
303,V_F_ABR_BTL_14300.wav,V_F_ABR_BTL_14300,22,22,22,23,Avlora,battle,female,avlora,assets/triangle-strategy/approved_voice_references/avlora.wav,ยอมแพ้ซะ!,,,READY_FOR_GENERATION,,triangle-strategy
304,V_F_ABR_BTL_14400.wav,V_F_ABR_BTL_14400,23,23,23,24,Avlora,battle,female,avlora,assets/triangle-strategy/approved_voice_references/avlora.wav,บ้าเอ๊ย!,,,READY_FOR_GENERATION,,triangle-strategy
305,V_F_ABR_BTL_14500.wav,V_F_ABR_BTL_14500,24,24,24,25,Avlora,battle,female,avlora,assets/triangle-strategy/approved_voice_references/avlora.wav,น่าจะทำได้ดีกว่านี้,,,READY_FOR_GENERATION,,triangle-strategy
306,V_F_ABR_BTL_14600.wav,V_F_ABR_BTL_14600,25,25,25,26,Avlora,battle,female,avlora,assets/triangle-strategy/approved_voice_references/avlora.wav,อ๊าก!,,HURT_CRY,READY_FOR_GENERATION,,triangle-strategy
307,V_F_ABR_BTL_14700.wav,V_F_ABR_BTL_14700,26,26,26,27,Avlora,battle,female,avlora,assets/triangle-strategy/approved_voice_references/avlora.wav,อึ่ก!,,HURT_CRY,READY_FOR_GENERATION,,triangle-strategy
308,V_F_ABR_BTL_14800.wav,V_F_ABR_BTL_14800,27,27,27,28,Avlora,battle,female,avlora,assets/triangle-strategy/approved_voice_references/avlora.wav,อึ่ก!,,HURT_CRY,READY_FOR_GENERATION,,triangle-strategy
309,V_F_ABR_BTL_14900.wav,V_F_ABR_BTL_14900,28,28,28,29,Avlora,battle,female,avlora,assets/triangle-strategy/approved_voice_references/avlora.wav,อึ่ก!,,HURT_CRY,READY_FOR_GENERATION,,triangle-strategy
310,V_F_ABR_BTL_15000.wav,V_F_ABR_BTL_15000,29,29,29,30,Avlora,battle,female,avlora,assets/triangle-strategy/approved_voice_references/avlora.wav,โอ๊ย!,,HURT_CRY,READY_FOR_GENERATION,,triangle-strategy
311,V_F_ABR_BTL_15100.wav,V_F_ABR_BTL_15100,30,30,30,31,Avlora,battle,female,avlora,assets/triangle-strategy/approved_voice_references/avlora.wav,อ๊าก!,,HURT_CRY,READY_FOR_GENERATION,,triangle-strategy
312,V_F_ABR_BTL_15200.wav,V_F_ABR_BTL_15200,31,31,31,32,Avlora,battle,female,avlora,assets/triangle-strategy/approved_voice_references/avlora.wav,มีดีแค่นี้รึ?,,,READY_FOR_GENERATION,,triangle-strategy
313,V_F_ABR_BTL_15300.wav,V_F_ABR_BTL_15300,32,32,32,33,Avlora,battle,female,avlora,assets/triangle-strategy/approved_voice_references/avlora.wav,กล้าดูถูกข้างั้นรึ?,,,READY_FOR_GENERATION,,triangle-strategy
314,V_F_ABR_BTL_15310.wav,V_F_ABR_BTL_15310,33,33,33,34,Avlora,battle,female,avlora,assets/triangle-strategy/approved_voice_references/avlora.wav,ประมาทไปแล้ว,,,READY_FOR_GENERATION,,triangle-strategy
315,V_F_ABR_BTL_15320.wav,V_F_ABR_BTL_15320,34,34,34,35,Avlora,battle,female,avlora,assets/triangle-strategy/approved_voice_references/avlora.wav,อย่าได้ใจนัก,,,READY_FOR_GENERATION,,triangle-strategy
316,V_F_ABR_BTL_15400.wav,V_F_ABR_BTL_15400,35,35,35,36,Avlora,battle,female,avlora,assets/triangle-strategy/approved_voice_references/avlora.wav,ช้าไป,,,READY_FOR_GENERATION,,triangle-strategy
317,V_F_ABR_BTL_15500.wav,V_F_ABR_BTL_15500,36,36,36,37,Avlora,battle,female,avlora,assets/triangle-strategy/approved_voice_references/avlora.wav,อ่อนหัด,,,READY_FOR_GENERATION,,triangle-strategy
318,V_F_ABR_BTL_15600.wav,V_F_ABR_BTL_15600,37,37,37,38,Avlora,battle,female,avlora,assets/triangle-strategy/approved_voice_references/avlora.wav,ดี,,,READY_FOR_GENERATION,,triangle-strategy
319,V_F_ABR_BTL_15700.wav,V_F_ABR_BTL_15700,38,38,38,39,Avlora,battle,female,avlora,assets/triangle-strategy/approved_voice_references/avlora.wav,ฉลาดดีนี่,,,READY_FOR_GENERATION,,triangle-strategy
320,V_F_ABR_BTL_15800.wav,V_F_ABR_BTL_15800,39,39,39,40,Avlora,battle,female,avlora,assets/triangle-strategy/approved_voice_references/avlora.wav,ที่เหลือฝากข้าเอง,,,READY_FOR_GENERATION,,triangle-strategy
321,V_F_ABR_BTL_15900.wav,V_F_ABR_BTL_15900,40,40,40,41,Avlora,battle,female,avlora,assets/triangle-strategy/approved_voice_references/avlora.wav,สมบูรณ์แบบ,,,READY_FOR_GENERATION,,triangle-strategy
322,V_F_ABR_BTL_16000.wav,V_F_ABR_BTL_16000,41,41,41,42,Avlora,battle,female,avlora,assets/triangle-strategy/approved_voice_references/avlora.wav,เท่านี้ก็พอ,,,READY_FOR_GENERATION,,triangle-strategy
323,V_F_ABR_BTL_16100.wav,V_F_ABR_BTL_16100,42,42,42,43,Avlora,battle,female,avlora,assets/triangle-strategy/approved_voice_references/avlora.wav,ไม่เลว,,,READY_FOR_GENERATION,,triangle-strategy
324,V_F_ABR_BTL_16200.wav,V_F_ABR_BTL_16200,43,43,43,44,Avlora,battle,female,avlora,assets/triangle-strategy/approved_voice_references/avlora.wav,ข้า...แพ้งั้นรึ?,,,READY_FOR_GENERATION,,triangle-strategy
325,V_F_ABR_BTL_16300.wav,V_F_ABR_BTL_16300,44,44,44,45,Avlora,battle,female,avlora,assets/triangle-strategy/approved_voice_references/avlora.wav,ฝากที่เหลือด้วย,,,READY_FOR_GENERATION,,triangle-strategy
326,V_F_ABR_BTL_16400.wav,V_F_ABR_BTL_16400,45,45,45,46,Avlora,battle,female,avlora,assets/triangle-strategy/approved_voice_references/avlora.wav,รับนี่ไป!,,,READY_FOR_GENERATION,,triangle-strategy
327,V_F_ABR_BTL_16500.wav,V_F_ABR_BTL_16500,46,46,46,47,Avlora,battle,female,avlora,assets/triangle-strategy/approved_voice_references/avlora.wav,ใช้นี่ซะ,,,READY_FOR_GENERATION,,triangle-strategy
328,V_F_ABR_BTL_16600.wav,V_F_ABR_BTL_16600,47,47,47,48,Avlora,battle,female,avlora,assets/triangle-strategy/approved_voice_references/avlora.wav,ต้องเตรียมพร้อมไว้,,,READY_FOR_GENERATION,,triangle-strategy
329,V_F_ABR_BTL_17410.wav,V_F_ABR_BTL_17410,48,48,48,49,Avlora,battle,female,avlora,assets/triangle-strategy/approved_voice_references/avlora.wav,ดาบของข้ามีเรื่องจะคุยกับเจ้า,,,READY_FOR_GENERATION,,triangle-strategy
330,V_F_ABR_BTL_17411.wav,V_F_ABR_BTL_17411,49,49,49,50,Avlora,battle,female,avlora,assets/triangle-strategy/approved_voice_references/avlora.wav,ถ้ายังรักชีวิต ก็หลีกไป,,,READY_FOR_GENERATION,,triangle-strategy
331,V_F_ABR_BTL_17412.wav,V_F_ABR_BTL_17412,50,50,50,51,Avlora,battle,female,avlora,assets/triangle-strategy/approved_voice_references/avlora.wav,แขกไม่ได้รับเชิญ!,,,READY_FOR_GENERATION,,triangle-strategy
332,V_F_ABR_BTL_17413.wav,V_F_ABR_BTL_17413,51,51,51,52,Avlora,battle,female,avlora,assets/triangle-strategy/approved_voice_references/avlora.wav,อย่าหวังความเมตตา!,,,READY_FOR_GENERATION,,triangle-strategy
333,V_F_ABR_BTL_17414.wav,V_F_ABR_BTL_17414,52,52,52,53,Avlora,battle,female,avlora,assets/triangle-strategy/approved_voice_references/avlora.wav,โชคร้ายพาเจ้ามาเจอข้า,,,READY_FOR_GENERATION,,triangle-strategy
334,V_F_ABR_BTL_17415.wav,V_F_ABR_BTL_17415,53,53,53,54,Avlora,battle,female,avlora,assets/triangle-strategy/approved_voice_references/avlora.wav,เจ้าจะตายด้วยมือข้า,,,READY_FOR_GENERATION,,triangle-strategy
335,V_F_ABR_BTL_17420.wav,V_F_ABR_BTL_17420,54,54,54,55,Avlora,battle,female,avlora,assets/triangle-strategy/approved_voice_references/avlora.wav,ข้าไม่ปล่อยผู้รอดชีวิต,,,READY_FOR_GENERATION,,triangle-strategy
336,V_F_ABR_BTL_17421.wav,V_F_ABR_BTL_17421,55,55,55,56,Avlora,battle,female,avlora,assets/triangle-strategy/approved_voice_references/avlora.wav,ข้าจะฟันพวกเจ้าให้หมด!,,,READY_FOR_GENERATION,,triangle-strategy
337,V_F_ABR_BTL_17422.wav,V_F_ABR_BTL_17422,56,56,56,57,Avlora,battle,female,avlora,assets/triangle-strategy/approved_voice_references/avlora.wav,เจ้าจะเหลือเพียงคราบเลือดบนคมดาบข้า,,,READY_FOR_GENERATION,,triangle-strategy
338,V_F_ABR_BTL_17450.wav,V_F_ABR_BTL_17450,57,57,57,58,Avlora,battle,female,avlora,assets/triangle-strategy/approved_voice_references/avlora.wav,ย๊ากก!,,,READY_FOR_GENERATION,,triangle-strategy
339,V_F_ABR_BTL_17451.wav,V_F_ABR_BTL_17451,58,58,58,59,Avlora,battle,female,avlora,assets/triangle-strategy/approved_voice_references/avlora.wav,หากต้องทำลายตนเอง ก็ช่างมัน,,,READY_FOR_GENERATION,,triangle-strategy
340,V_F_ABR_BTL_17480.wav,V_F_ABR_BTL_17480,59,59,59,60,Avlora,battle,female,avlora,assets/triangle-strategy/approved_voice_references/avlora.wav,ข้าจบสิ้นแล้ว,,,READY_FOR_GENERATION,,triangle-strategy
341,V_F_ABR_BTL_17500.wav,V_F_ABR_BTL_17500,60,60,60,61,Avlora,battle,female,avlora,assets/triangle-strategy/approved_voice_references/avlora.wav,ยังมีอีกมากให้ข้าเรียนรู้,,,READY_FOR_GENERATION,,triangle-strategy
342,V_F_ABR_BTL_17600.wav,V_F_ABR_BTL_17600,61,61,61,62,Avlora,battle,female,avlora,assets/triangle-strategy/approved_voice_references/avlora.wav,เข้าใจแล้ว!,,,READY_FOR_GENERATION,,triangle-strategy
343,V_F_ABR_BTL_17700.wav,V_F_ABR_BTL_17700,62,62,62,63,Avlora,battle,female,avlora,assets/triangle-strategy/approved_voice_references/avlora.wav,ข้าต้องแข็งแกร่งขึ้น!,,,READY_FOR_GENERATION,,triangle-strategy
344,V_F_ABR_BTL_17800.wav,V_F_ABR_BTL_17800,63,63,63,64,Avlora,battle,female,avlora,assets/triangle-strategy/approved_voice_references/avlora.wav,เรื่องนี้ต้องเกิดขึ้นอยู่แล้ว,,,READY_FOR_GENERATION,,triangle-strategy
345,V_F_ABR_BTL_17900.wav,V_F_ABR_BTL_17900,64,64,64,65,Avlora,battle,female,avlora,assets/triangle-strategy/approved_voice_references/avlora.wav,เข้าใจแล้ว,,,READY_FOR_GENERATION,,triangle-strategy
346,V_F_ABR_BTL_18000.wav,V_F_ABR_BTL_18000,65,65,65,66,Avlora,battle,female,avlora,assets/triangle-strategy/approved_voice_references/avlora.wav,ได้,,,READY_FOR_GENERATION,,triangle-strategy
347,V_F_ABR_BTL_18200.wav,V_F_ABR_BTL_18200,66,66,66,67,Avlora,battle,female,avlora,assets/triangle-strategy/approved_voice_references/avlora.wav,สักวันข้าจะไปถึง,,,READY_FOR_GENERATION,,triangle-strategy
348,V_F_ABR_BTL_18300.wav,V_F_ABR_BTL_18300,67,67,67,68,Avlora,battle,female,avlora,assets/triangle-strategy/approved_voice_references/avlora.wav,หนทางของเรายังอีกไกล,,,READY_FOR_GENERATION,,triangle-strategy
349,V_F_ANA_BTL_00400.wav,V_F_ANA_BTL_00400,0,0,0,1,Anna,battle,female,anna,assets/triangle-strategy/approved_voice_references/anna.wav,มีคำสั่งอะไร?,,,READY_FOR_GENERATION,,triangle-strategy
350,V_F_ANA_BTL_00500.wav,V_F_ANA_BTL_00500,1,1,1,2,Anna,battle,female,anna,assets/triangle-strategy/approved_voice_references/anna.wav,ได้เวลาทำงาน,,,READY_FOR_GENERATION,,triangle-strategy
351,V_F_ANA_BTL_00600.wav,V_F_ANA_BTL_00600,2,2,2,3,Anna,battle,female,anna,assets/triangle-strategy/approved_voice_references/anna.wav,ตาข้าแล้ว,,,READY_FOR_GENERATION,,triangle-strategy
352,V_F_ANA_BTL_00700.wav,V_F_ANA_BTL_00700,3,3,3,4,Anna,battle,female,anna,assets/triangle-strategy/approved_voice_references/anna.wav,ข้าจะจบเรื่องนี้,,,READY_FOR_GENERATION,,triangle-strategy
353,V_F_ANA_BTL_01700.wav,V_F_ANA_BTL_01700,4,4,4,5,Anna,battle,female,anna,assets/triangle-strategy/approved_voice_references/anna.wav,ข้าเตรียมใจไว้แล้ว,,,READY_FOR_GENERATION,,triangle-strategy
354,V_F_ANA_BTL_01800.wav,V_F_ANA_BTL_01800,5,5,5,6,Anna,battle,female,anna,assets/triangle-strategy/approved_voice_references/anna.wav,ข้ายังขยับได้,,,READY_FOR_GENERATION,,triangle-strategy
355,V_F_ANA_BTL_01900.wav,V_F_ANA_BTL_01900,6,6,6,7,Anna,battle,female,anna,assets/triangle-strategy/approved_voice_references/anna.wav,เราต้องระวังให้มาก,,,READY_FOR_GENERATION,,triangle-strategy
356,V_F_ANA_BTL_02000.wav,V_F_ANA_BTL_02000,7,7,7,8,Anna,battle,female,anna,assets/triangle-strategy/approved_voice_references/anna.wav,ข้าต้องการผู้รักษา,,,READY_FOR_GENERATION,,triangle-strategy
357,V_F_ANA_BTL_02700.wav,V_F_ANA_BTL_02700,8,8,8,9,Anna,battle,female,anna,assets/triangle-strategy/approved_voice_references/anna.wav,อั่ก...,,STATUS_REACTION,READY_FOR_GENERATION,,triangle-strategy
358,V_F_ANA_BTL_02800.wav,V_F_ANA_BTL_02800,9,9,9,10,Anna,battle,female,anna,assets/triangle-strategy/approved_voice_references/anna.wav,เฮ้อ...,,STATUS_REACTION,READY_FOR_GENERATION,,triangle-strategy
359,V_F_ANA_BTL_02900.wav,V_F_ANA_BTL_02900,10,10,10,11,Anna,battle,female,anna,assets/triangle-strategy/approved_voice_references/anna.wav,ฮ้า!,,ATTACK_CRY,READY_FOR_GENERATION,,triangle-strategy
360,V_F_ANA_BTL_03000.wav,V_F_ANA_BTL_03000,11,11,11,12,Anna,battle,female,anna,assets/triangle-strategy/approved_voice_references/anna.wav,เอ้า!,,ATTACK_CRY,READY_FOR_GENERATION,,triangle-strategy
361,V_F_ANA_BTL_03100.wav,V_F_ANA_BTL_03100,12,12,12,13,Anna,battle,female,anna,assets/triangle-strategy/approved_voice_references/anna.wav,ย๊าก!,,ATTACK_CRY,READY_FOR_GENERATION,,triangle-strategy
362,V_F_ANA_BTL_03200.wav,V_F_ANA_BTL_03200,13,13,13,14,Anna,battle,female,anna,assets/triangle-strategy/approved_voice_references/anna.wav,ฮ่า!,,ATTACK_CRY,READY_FOR_GENERATION,,triangle-strategy
363,V_F_ANA_BTL_03300.wav,V_F_ANA_BTL_03300,14,14,14,15,Anna,battle,female,anna,assets/triangle-strategy/approved_voice_references/anna.wav,ฮ้า!,,ATTACK_CRY,READY_FOR_GENERATION,,triangle-strategy
364,V_F_ANA_BTL_03400.wav,V_F_ANA_BTL_03400,15,15,15,16,Anna,battle,female,anna,assets/triangle-strategy/approved_voice_references/anna.wav,ให้ข้าจัดการ,,,READY_FOR_GENERATION,,triangle-strategy
365,V_F_ANA_BTL_03500.wav,V_F_ANA_BTL_03500,16,16,16,17,Anna,battle,female,anna,assets/triangle-strategy/approved_voice_references/anna.wav,จบกันตรงนี้,,,READY_FOR_GENERATION,,triangle-strategy
366,V_F_ANA_BTL_03600.wav,V_F_ANA_BTL_03600,17,17,17,18,Anna,battle,female,anna,assets/triangle-strategy/approved_voice_references/anna.wav,จบแล้ว,,,READY_FOR_GENERATION,,triangle-strategy
367,V_F_ANA_BTL_08800.wav,V_F_ANA_BTL_08800,18,18,18,19,Anna,battle,female,anna,assets/triangle-strategy/approved_voice_references/anna.wav,เปิดช่องแล้ว,,,READY_FOR_GENERATION,,triangle-strategy
368,V_F_ANA_BTL_08900.wav,V_F_ANA_BTL_08900,19,19,19,20,Anna,battle,female,anna,assets/triangle-strategy/approved_voice_references/anna.wav,ไปด้วยกัน,,,READY_FOR_GENERATION,,triangle-strategy
369,V_F_ANA_BTL_09000.wav,V_F_ANA_BTL_09000,20,20,20,21,Anna,battle,female,anna,assets/triangle-strategy/approved_voice_references/anna.wav,เราชนะ,,,READY_FOR_GENERATION,,triangle-strategy
370,V_F_ANA_BTL_14200.wav,V_F_ANA_BTL_14200,21,21,21,22,Anna,battle,female,anna,assets/triangle-strategy/approved_voice_references/anna.wav,ชัยชนะอยู่แค่เอื้อม!,,,READY_FOR_GENERATION,,triangle-strategy
371,V_F_ANA_BTL_14300.wav,V_F_ANA_BTL_14300,22,22,22,23,Anna,battle,female,anna,assets/triangle-strategy/approved_voice_references/anna.wav,โจมตีได้ดี,,,READY_FOR_GENERATION,,triangle-strategy
372,V_F_ANA_BTL_14400.wav,V_F_ANA_BTL_14400,23,23,23,24,Anna,battle,female,anna,assets/triangle-strategy/approved_voice_references/anna.wav,น่าอับอาย,,,READY_FOR_GENERATION,,triangle-strategy
373,V_F_ANA_BTL_14500.wav,V_F_ANA_BTL_14500,24,24,24,25,Anna,battle,female,anna,assets/triangle-strategy/approved_voice_references/anna.wav,ศัตรูที่น่าเกรงขาม,,,READY_FOR_GENERATION,,triangle-strategy
374,V_F_ANA_BTL_14600.wav,V_F_ANA_BTL_14600,25,25,25,26,Anna,battle,female,anna,assets/triangle-strategy/approved_voice_references/anna.wav,อั่ก!,,HURT_CRY,READY_FOR_GENERATION,,triangle-strategy
375,V_F_ANA_BTL_14700.wav,V_F_ANA_BTL_14700,26,26,26,27,Anna,battle,female,anna,assets/triangle-strategy/approved_voice_references/anna.wav,อึก!,,HURT_CRY,READY_FOR_GENERATION,,triangle-strategy
376,V_F_ANA_BTL_14800.wav,V_F_ANA_BTL_14800,27,27,27,28,Anna,battle,female,anna,assets/triangle-strategy/approved_voice_references/anna.wav,อ๊าก!,,HURT_CRY,READY_FOR_GENERATION,,triangle-strategy
377,V_F_ANA_BTL_14900.wav,V_F_ANA_BTL_14900,28,28,28,29,Anna,battle,female,anna,assets/triangle-strategy/approved_voice_references/anna.wav,อึ่ก!,,HURT_CRY,READY_FOR_GENERATION,,triangle-strategy
378,V_F_ANA_BTL_15000.wav,V_F_ANA_BTL_15000,29,29,29,30,Anna,battle,female,anna,assets/triangle-strategy/approved_voice_references/anna.wav,โอ๊ย!,,HURT_CRY,READY_FOR_GENERATION,,triangle-strategy
379,V_F_ANA_BTL_15100.wav,V_F_ANA_BTL_15100,30,30,30,31,Anna,battle,female,anna,assets/triangle-strategy/approved_voice_references/anna.wav,โอ๊ย!,,HURT_CRY,READY_FOR_GENERATION,,triangle-strategy
380,V_F_ANA_BTL_15200.wav,V_F_ANA_BTL_15200,31,31,31,32,Anna,battle,female,anna,assets/triangle-strategy/approved_voice_references/anna.wav,พยายามได้ดี,,,READY_FOR_GENERATION,,triangle-strategy
381,V_F_ANA_BTL_15300.wav,V_F_ANA_BTL_15300,32,32,32,33,Anna,battle,female,anna,assets/triangle-strategy/approved_voice_references/anna.wav,โง่เขลา,,,READY_FOR_GENERATION,,triangle-strategy
382,V_F_ANA_BTL_15310.wav,V_F_ANA_BTL_15310,33,33,33,34,Anna,battle,female,anna,assets/triangle-strategy/approved_voice_references/anna.wav,ไม่มีทาง,,,READY_FOR_GENERATION,,triangle-strategy
383,V_F_ANA_BTL_15320.wav,V_F_ANA_BTL_15320,34,34,34,35,Anna,battle,female,anna,assets/triangle-strategy/approved_voice_references/anna.wav,เจ้าลดการป้องกันลงแล้ว,,,READY_FOR_GENERATION,,triangle-strategy
384,V_F_ANA_BTL_15400.wav,V_F_ANA_BTL_15400,35,35,35,36,Anna,battle,female,anna,assets/triangle-strategy/approved_voice_references/anna.wav,เดาง่ายเกินไป,,,READY_FOR_GENERATION,,triangle-strategy
385,V_F_ANA_BTL_15500.wav,V_F_ANA_BTL_15500,36,36,36,37,Anna,battle,female,anna,assets/triangle-strategy/approved_voice_references/anna.wav,เสียแรงเปล่า,,,READY_FOR_GENERATION,,triangle-strategy
386,V_F_ANA_BTL_15600.wav,V_F_ANA_BTL_15600,37,37,37,38,Anna,battle,female,anna,assets/triangle-strategy/approved_voice_references/anna.wav,ขอบคุณ,,,READY_FOR_GENERATION,,triangle-strategy
387,V_F_ANA_BTL_15700.wav,V_F_ANA_BTL_15700,38,38,38,39,Anna,battle,female,anna,assets/triangle-strategy/approved_voice_references/anna.wav,ขอบคุณมาก,,,READY_FOR_GENERATION,,triangle-strategy
388,V_F_ANA_BTL_15800.wav,V_F_ANA_BTL_15800,39,39,39,40,Anna,battle,female,anna,assets/triangle-strategy/approved_voice_references/anna.wav,ขออภัย,,,READY_FOR_GENERATION,,triangle-strategy
389,V_F_ANA_BTL_15900.wav,V_F_ANA_BTL_15900,40,40,40,41,Anna,battle,female,anna,assets/triangle-strategy/approved_voice_references/anna.wav,นี่มัน...,,,READY_FOR_GENERATION,,triangle-strategy
390,V_F_ANA_BTL_16000.wav,V_F_ANA_BTL_16000,41,41,41,42,Anna,battle,female,anna,assets/triangle-strategy/approved_voice_references/anna.wav,ขอบคุณมาก,,,READY_FOR_GENERATION,,triangle-strategy
391,V_F_ANA_BTL_16100.wav,V_F_ANA_BTL_16100,42,42,42,43,Anna,battle,female,anna,assets/triangle-strategy/approved_voice_references/anna.wav,โอ๊ะ?,,,READY_FOR_GENERATION,,triangle-strategy
392,V_F_ANA_BTL_16200.wav,V_F_ANA_BTL_16200,43,43,43,44,Anna,battle,female,anna,assets/triangle-strategy/approved_voice_references/anna.wav,ข้า...ทำให้เจ้าผิดหวัง,,,READY_FOR_GENERATION,,triangle-strategy
393,V_F_ANA_BTL_16300.wav,V_F_ANA_BTL_16300,44,44,44,45,Anna,battle,female,anna,assets/triangle-strategy/approved_voice_references/anna.wav,เบเน...ดิกต์...,,,READY_FOR_GENERATION,,triangle-strategy
394,V_F_ANA_BTL_16400.wav,V_F_ANA_BTL_16400,45,45,45,46,Anna,battle,female,anna,assets/triangle-strategy/approved_voice_references/anna.wav,สำหรับเจ้า,,,READY_FOR_GENERATION,,triangle-strategy
395,V_F_ANA_BTL_16500.wav,V_F_ANA_BTL_16500,46,46,46,47,Anna,battle,female,anna,assets/triangle-strategy/approved_voice_references/anna.wav,รับนี่ไป,,,READY_FOR_GENERATION,,triangle-strategy
396,V_F_ANA_BTL_16600.wav,V_F_ANA_BTL_16600,47,47,47,48,Anna,battle,female,anna,assets/triangle-strategy/approved_voice_references/anna.wav,ข้าขอรับนี่ไว้,,,READY_FOR_GENERATION,,triangle-strategy
397,V_F_ANA_BTL_17410.wav,V_F_ANA_BTL_17410,48,48,48,49,Anna,battle,female,anna,assets/triangle-strategy/approved_voice_references/anna.wav,สู่เงามืด,,,READY_FOR_GENERATION,,triangle-strategy
398,V_F_ANA_BTL_17411.wav,V_F_ANA_BTL_17411,49,49,49,50,Anna,battle,female,anna,assets/triangle-strategy/approved_voice_references/anna.wav,ไร้ผู้เห็น ไร้ผู้ได้ยิน,,,READY_FOR_GENERATION,,triangle-strategy
399,V_F_ANA_BTL_17412.wav,V_F_ANA_BTL_17412,50,50,50,51,Anna,battle,female,anna,assets/triangle-strategy/approved_voice_references/anna.wav,วางกับดักแล้ว,,,READY_FOR_GENERATION,,triangle-strategy
400,V_F_ANA_BTL_17413.wav,V_F_ANA_BTL_17413,51,51,51,52,Anna,battle,female,anna,assets/triangle-strategy/approved_voice_references/anna.wav,ลองนี่ดู,,,READY_FOR_GENERATION,,triangle-strategy
401,V_F_ANA_BTL_17414.wav,V_F_ANA_BTL_17414,52,52,52,53,Anna,battle,female,anna,assets/triangle-strategy/approved_voice_references/anna.wav,เจ้าหนีไม่พ้น,,,READY_FOR_GENERATION,,triangle-strategy
402,V_F_ANA_BTL_17415.wav,V_F_ANA_BTL_17415,53,53,53,54,Anna,battle,female,anna,assets/triangle-strategy/approved_voice_references/anna.wav,เงียบซะ,,,READY_FOR_GENERATION,,triangle-strategy
403,V_F_ANA_BTL_17416.wav,V_F_ANA_BTL_17416,54,54,54,55,Anna,battle,female,anna,assets/triangle-strategy/approved_voice_references/anna.wav,ฮ่ะ!,,ATTACK_CRY,READY_FOR_GENERATION,,triangle-strategy
404,V_F_ANA_BTL_17417.wav,V_F_ANA_BTL_17417,55,55,55,56,Anna,battle,female,anna,assets/triangle-strategy/approved_voice_references/anna.wav,นี่!,,,READY_FOR_GENERATION,,triangle-strategy
405,V_F_ANA_BTL_17418.wav,V_F_ANA_BTL_17418,56,56,56,57,Anna,battle,female,anna,assets/triangle-strategy/approved_voice_references/anna.wav,ย่ะ!,,ATTACK_CRY,READY_FOR_GENERATION,,triangle-strategy
406,V_F_ANA_BTL_17450.wav,V_F_ANA_BTL_17450,57,57,57,58,Anna,battle,female,anna,assets/triangle-strategy/approved_voice_references/anna.wav,เงามืดจะซ่อนข้า,,,READY_FOR_GENERATION,,triangle-strategy
407,V_F_ANA_BTL_17451.wav,V_F_ANA_BTL_17451,58,58,58,59,Anna,battle,female,anna,assets/triangle-strategy/approved_voice_references/anna.wav,เจ้าจับข้าไม่ได้หรอก,,,READY_FOR_GENERATION,,triangle-strategy
408,V_F_ANA_BTL_17460.wav,V_F_ANA_BTL_17460,59,59,59,60,Anna,battle,female,anna,assets/triangle-strategy/approved_voice_references/anna.wav,หลับซะ,,,READY_FOR_GENERATION,,triangle-strategy
409,V_F_ANA_BTL_17461.wav,V_F_ANA_BTL_17461,60,60,60,61,Anna,battle,female,anna,assets/triangle-strategy/approved_voice_references/anna.wav,ทรมานไปซะ,,,READY_FOR_GENERATION,,triangle-strategy
410,V_F_ANA_BTL_17462.wav,V_F_ANA_BTL_17462,61,61,61,62,Anna,battle,female,anna,assets/triangle-strategy/approved_voice_references/anna.wav,นี่ต้องเจ็บแน่,,,READY_FOR_GENERATION,,triangle-strategy
411,V_F_ANA_BTL_17470.wav,V_F_ANA_BTL_17470,62,62,62,63,Anna,battle,female,anna,assets/triangle-strategy/approved_voice_references/anna.wav,ง่ายเกินไป,,,READY_FOR_GENERATION,,triangle-strategy
412,V_F_ANA_BTL_17471.wav,V_F_ANA_BTL_17471,63,63,63,64,Anna,battle,female,anna,assets/triangle-strategy/approved_voice_references/anna.wav,มาจับข้าสิ,,,READY_FOR_GENERATION,,triangle-strategy
413,V_F_ANA_BTL_17480.wav,V_F_ANA_BTL_17480,64,64,64,65,Anna,battle,female,anna,assets/triangle-strategy/approved_voice_references/anna.wav,ข้าจะทำให้เจ้าหมดทางป้องกัน,,,READY_FOR_GENERATION,,triangle-strategy
414,V_F_ANA_BTL_17500.wav,V_F_ANA_BTL_17500,65,65,65,66,Anna,battle,female,anna,assets/triangle-strategy/approved_voice_references/anna.wav,พลังใหม่,,,READY_FOR_GENERATION,,triangle-strategy
415,V_F_ANA_BTL_17600.wav,V_F_ANA_BTL_17600,66,66,66,67,Anna,battle,female,anna,assets/triangle-strategy/approved_voice_references/anna.wav,นี่ต้องมีประโยชน์แน่,,,READY_FOR_GENERATION,,triangle-strategy
416,V_F_ANA_BTL_17700.wav,V_F_ANA_BTL_17700,67,67,67,68,Anna,battle,female,anna,assets/triangle-strategy/approved_voice_references/anna.wav,เพื่อชีวิต,,,READY_FOR_GENERATION,,triangle-strategy
417,V_F_ANA_BTL_17800.wav,V_F_ANA_BTL_17800,68,68,68,69,Anna,battle,female,anna,assets/triangle-strategy/approved_voice_references/anna.wav,รู้สึกแข็งแกร่งขึ้นแล้ว,,,READY_FOR_GENERATION,,triangle-strategy
418,V_F_ANA_BTL_17900.wav,V_F_ANA_BTL_17900,69,69,69,70,Anna,battle,female,anna,assets/triangle-strategy/approved_voice_references/anna.wav,ตามบัญชา,,,READY_FOR_GENERATION,,triangle-strategy
419,V_F_ANA_BTL_18000.wav,V_F_ANA_BTL_18000,70,70,70,71,Anna,battle,female,anna,assets/triangle-strategy/approved_voice_references/anna.wav,ข้ามีชีวิตเพื่อรับใช้,,,READY_FOR_GENERATION,,triangle-strategy
420,V_F_ANA_BTL_18200.wav,V_F_ANA_BTL_18200,71,71,71,72,Anna,battle,female,anna,assets/triangle-strategy/approved_voice_references/anna.wav,ข้าต้องพร้อมเสมอ,,,READY_FOR_GENERATION,,triangle-strategy
421,V_F_ANA_BTL_18300.wav,V_F_ANA_BTL_18300,72,72,72,73,Anna,battle,female,anna,assets/triangle-strategy/approved_voice_references/anna.wav,ข้ารอคำสั่งอยู่,,,READY_FOR_GENERATION,,triangle-strategy
422,V_F_CRD_BTL_00400.wav,V_F_CRD_BTL_00400,0,0,0,1,Cordelia,battle,female,cordelia,assets/triangle-strategy/approved_voice_references/cordelia.wav,คราวนี้ตาข้า,,,READY_FOR_GENERATION,,triangle-strategy
423,V_F_CRD_BTL_00500.wav,V_F_CRD_BTL_00500,1,1,1,2,Cordelia,battle,female,cordelia,assets/triangle-strategy/approved_voice_references/cordelia.wav,ข้าจะไม่เป็นภาระ!,,,READY_FOR_GENERATION,,triangle-strategy
424,V_F_CRD_BTL_00600.wav,V_F_CRD_BTL_00600,2,2,2,3,Cordelia,battle,female,cordelia,assets/triangle-strategy/approved_voice_references/cordelia.wav,ข้าทำได้!,,,READY_FOR_GENERATION,,triangle-strategy
425,V_F_CRD_BTL_00700.wav,V_F_CRD_BTL_00700,3,3,3,4,Cordelia,battle,female,cordelia,assets/triangle-strategy/approved_voice_references/cordelia.wav,ไปกันเลย!,,,READY_FOR_GENERATION,,triangle-strategy
426,V_F_CRD_BTL_01700.wav,V_F_CRD_BTL_01700,4,4,4,5,Cordelia,battle,female,cordelia,assets/triangle-strategy/approved_voice_references/cordelia.wav,ท่าไม่ดีแล้ว,,,READY_FOR_GENERATION,,triangle-strategy
427,V_F_CRD_BTL_01800.wav,V_F_CRD_BTL_01800,5,5,5,6,Cordelia,battle,female,cordelia,assets/triangle-strategy/approved_voice_references/cordelia.wav,ล-แล้วข้าควรทำยังไง?,,,READY_FOR_GENERATION,,triangle-strategy
428,V_F_CRD_BTL_01900.wav,V_F_CRD_BTL_01900,6,6,6,7,Cordelia,battle,female,cordelia,assets/triangle-strategy/approved_voice_references/cordelia.wav,หายใจลึก ๆ คอร์เดเลีย,,,READY_FOR_GENERATION,,triangle-strategy
429,V_F_CRD_BTL_02000.wav,V_F_CRD_BTL_02000,7,7,7,8,Cordelia,battle,female,cordelia,assets/triangle-strategy/approved_voice_references/cordelia.wav,ในนามแห่งราชวงศ์!,,,READY_FOR_GENERATION,,triangle-strategy
430,V_F_CRD_BTL_02700.wav,V_F_CRD_BTL_02700,8,8,8,9,Cordelia,battle,female,cordelia,assets/triangle-strategy/approved_voice_references/cordelia.wav,โอ๊ะ!,,,READY_FOR_GENERATION,,triangle-strategy
431,V_F_CRD_BTL_02800.wav,V_F_CRD_BTL_02800,9,9,9,10,Cordelia,battle,female,cordelia,assets/triangle-strategy/approved_voice_references/cordelia.wav,ข้าต้องเข้มแข็ง,,,READY_FOR_GENERATION,,triangle-strategy
432,V_F_CRD_BTL_02900.wav,V_F_CRD_BTL_02900,10,10,10,11,Cordelia,battle,female,cordelia,assets/triangle-strategy/approved_voice_references/cordelia.wav,เอ้า!,,ATTACK_CRY,READY_FOR_GENERATION,,triangle-strategy
433,V_F_CRD_BTL_03000.wav,V_F_CRD_BTL_03000,11,11,11,12,Cordelia,battle,female,cordelia,assets/triangle-strategy/approved_voice_references/cordelia.wav,เย้!,,,READY_FOR_GENERATION,,triangle-strategy
434,V_F_CRD_BTL_03100.wav,V_F_CRD_BTL_03100,12,12,12,13,Cordelia,battle,female,cordelia,assets/triangle-strategy/approved_voice_references/cordelia.wav,นั่น!,,,READY_FOR_GENERATION,,triangle-strategy
435,V_F_CRD_BTL_03200.wav,V_F_CRD_BTL_03200,13,13,13,14,Cordelia,battle,female,cordelia,assets/triangle-strategy/approved_voice_references/cordelia.wav,เนี๊ยว!,,,READY_FOR_GENERATION,,triangle-strategy
436,V_F_CRD_BTL_03300.wav,V_F_CRD_BTL_03300,14,14,14,15,Cordelia,battle,female,cordelia,assets/triangle-strategy/approved_voice_references/cordelia.wav,เป็นไงล่ะ?,,,READY_FOR_GENERATION,,triangle-strategy
437,V_F_CRD_BTL_03400.wav,V_F_CRD_BTL_03400,15,15,15,16,Cordelia,battle,female,cordelia,assets/triangle-strategy/approved_voice_references/cordelia.wav,ฮึ่ย!,,ATTACK_CRY,READY_FOR_GENERATION,,triangle-strategy
438,V_F_CRD_BTL_03500.wav,V_F_CRD_BTL_03500,16,16,16,17,Cordelia,battle,female,cordelia,assets/triangle-strategy/approved_voice_references/cordelia.wav,แบบนี้จะได้ไหม?,,,READY_FOR_GENERATION,,triangle-strategy
439,V_F_CRD_BTL_03600.wav,V_F_CRD_BTL_03600,17,17,17,18,Cordelia,battle,female,cordelia,assets/triangle-strategy/approved_voice_references/cordelia.wav,แบบนี้เป็นไง?,,,READY_FOR_GENERATION,,triangle-strategy
440,V_F_CRD_BTL_08800.wav,V_F_CRD_BTL_08800,18,18,18,19,Cordelia,battle,female,cordelia,assets/triangle-strategy/approved_voice_references/cordelia.wav,ตอนนี้!,,,READY_FOR_GENERATION,,triangle-strategy
441,V_F_CRD_BTL_08900.wav,V_F_CRD_BTL_08900,19,19,19,20,Cordelia,battle,female,cordelia,assets/triangle-strategy/approved_voice_references/cordelia.wav,เผชิญชะตากรรมของเจ้า!,,,READY_FOR_GENERATION,,triangle-strategy
442,V_F_CRD_BTL_09000.wav,V_F_CRD_BTL_09000,20,20,20,21,Cordelia,battle,female,cordelia,assets/triangle-strategy/approved_voice_references/cordelia.wav,ข้าด้วย!,,,READY_FOR_GENERATION,,triangle-strategy
443,V_F_CRD_BTL_14200.wav,V_F_CRD_BTL_14200,21,21,21,22,Cordelia,battle,female,cordelia,assets/triangle-strategy/approved_voice_references/cordelia.wav,ได้ผล!,,,READY_FOR_GENERATION,,triangle-strategy
444,V_F_CRD_BTL_14300.wav,V_F_CRD_BTL_14300,22,22,22,23,Cordelia,battle,female,cordelia,assets/triangle-strategy/approved_voice_references/cordelia.wav,ใช่!,,,READY_FOR_GENERATION,,triangle-strategy
445,V_F_CRD_BTL_14400.wav,V_F_CRD_BTL_14400,23,23,23,24,Cordelia,battle,female,cordelia,assets/triangle-strategy/approved_voice_references/cordelia.wav,ไม่ได้ผลหรือ?,,,READY_FOR_GENERATION,,triangle-strategy
446,V_F_CRD_BTL_14500.wav,V_F_CRD_BTL_14500,24,24,24,25,Cordelia,battle,female,cordelia,assets/triangle-strategy/approved_voice_references/cordelia.wav,ยกโทษให้ข้าด้วย!,,,READY_FOR_GENERATION,,triangle-strategy
447,V_F_CRD_BTL_14600.wav,V_F_CRD_BTL_14600,25,25,25,26,Cordelia,battle,female,cordelia,assets/triangle-strategy/approved_voice_references/cordelia.wav,โอ๊ะ!,,,READY_FOR_GENERATION,,triangle-strategy
448,V_F_CRD_BTL_14700.wav,V_F_CRD_BTL_14700,26,26,26,27,Cordelia,battle,female,cordelia,assets/triangle-strategy/approved_voice_references/cordelia.wav,แบร่!,,,READY_FOR_GENERATION,,triangle-strategy
449,V_F_CRD_BTL_14800.wav,V_F_CRD_BTL_14800,27,27,27,28,Cordelia,battle,female,cordelia,assets/triangle-strategy/approved_voice_references/cordelia.wav,อึ่ก!,,HURT_CRY,READY_FOR_GENERATION,,triangle-strategy
450,V_F_CRD_BTL_14900.wav,V_F_CRD_BTL_14900,28,28,28,29,Cordelia,battle,female,cordelia,assets/triangle-strategy/approved_voice_references/cordelia.wav,โอ๊ย!,,HURT_CRY,READY_FOR_GENERATION,,triangle-strategy
451,V_F_CRD_BTL_15000.wav,V_F_CRD_BTL_15000,29,29,29,30,Cordelia,battle,female,cordelia,assets/triangle-strategy/approved_voice_references/cordelia.wav,อ๊าก!,,HURT_CRY,READY_FOR_GENERATION,,triangle-strategy
452,V_F_CRD_BTL_15100.wav,V_F_CRD_BTL_15100,30,30,30,31,Cordelia,battle,female,cordelia,assets/triangle-strategy/approved_voice_references/cordelia.wav,อึ่ก!,,HURT_CRY,READY_FOR_GENERATION,,triangle-strategy
453,V_F_CRD_BTL_15200.wav,V_F_CRD_BTL_15200,31,31,31,32,Cordelia,battle,female,cordelia,assets/triangle-strategy/approved_voice_references/cordelia.wav,ตอนนี้หรือไม่มีอีกแล้ว!,,,READY_FOR_GENERATION,,triangle-strategy
454,V_F_CRD_BTL_15300.wav,V_F_CRD_BTL_15300,32,32,32,33,Cordelia,battle,female,cordelia,assets/triangle-strategy/approved_voice_references/cordelia.wav,เปิดช่องเต็ม ๆ!,,,READY_FOR_GENERATION,,triangle-strategy
455,V_F_CRD_BTL_15310.wav,V_F_CRD_BTL_15310,33,33,33,34,Cordelia,battle,female,cordelia,assets/triangle-strategy/approved_voice_references/cordelia.wav,อืม ทีนี้ล่ะ,,,READY_FOR_GENERATION,,triangle-strategy
456,V_F_CRD_BTL_15320.wav,V_F_CRD_BTL_15320,34,34,34,35,Cordelia,battle,female,cordelia,assets/triangle-strategy/approved_voice_references/cordelia.wav,แบบนี้น่าจะได้!,,,READY_FOR_GENERATION,,triangle-strategy
457,V_F_CRD_BTL_15400.wav,V_F_CRD_BTL_15400,35,35,35,36,Cordelia,battle,female,cordelia,assets/triangle-strategy/approved_voice_references/cordelia.wav,เฮ้อ!,,,READY_FOR_GENERATION,,triangle-strategy
458,V_F_CRD_BTL_15500.wav,V_F_CRD_BTL_15500,36,36,36,37,Cordelia,battle,female,cordelia,assets/triangle-strategy/approved_voice_references/cordelia.wav,เกือบไปแล้ว,,,READY_FOR_GENERATION,,triangle-strategy
459,V_F_CRD_BTL_15600.wav,V_F_CRD_BTL_15600,37,37,37,38,Cordelia,battle,female,cordelia,assets/triangle-strategy/approved_voice_references/cordelia.wav,ขอบคุณมาก,,,READY_FOR_GENERATION,,triangle-strategy
460,V_F_CRD_BTL_15700.wav,V_F_CRD_BTL_15700,38,38,38,39,Cordelia,battle,female,cordelia,assets/triangle-strategy/approved_voice_references/cordelia.wav,จังหวะเหมาะพอดี!,,,READY_FOR_GENERATION,,triangle-strategy
461,V_F_CRD_BTL_15800.wav,V_F_CRD_BTL_15800,39,39,39,40,Cordelia,battle,female,cordelia,assets/triangle-strategy/approved_voice_references/cordelia.wav,ไม่เคยรู้สึกดีขนาดนี้มาก่อน,,,READY_FOR_GENERATION,,triangle-strategy
462,V_F_CRD_BTL_15900.wav,V_F_CRD_BTL_15900,40,40,40,41,Cordelia,battle,female,cordelia,assets/triangle-strategy/approved_voice_references/cordelia.wav,ช่างเป็นพรจริง ๆ!,,,READY_FOR_GENERATION,,triangle-strategy
463,V_F_CRD_BTL_16000.wav,V_F_CRD_BTL_16000,41,41,41,42,Cordelia,battle,female,cordelia,assets/triangle-strategy/approved_voice_references/cordelia.wav,ข้าต้องใช้มันให้คุ้ม,,,READY_FOR_GENERATION,,triangle-strategy
464,V_F_CRD_BTL_16100.wav,V_F_CRD_BTL_16100,42,42,42,43,Cordelia,battle,female,cordelia,assets/triangle-strategy/approved_voice_references/cordelia.wav,ข้าจะไม่ทำให้ผิดหวัง,,,READY_FOR_GENERATION,,triangle-strategy
465,V_F_CRD_BTL_16200.wav,V_F_CRD_BTL_16200,43,43,43,44,Cordelia,battle,female,cordelia,assets/triangle-strategy/approved_voice_references/cordelia.wav,พี่ชาย ข้าทำให้ท่านผิดหวัง,,,READY_FOR_GENERATION,,triangle-strategy
466,V_F_CRD_BTL_16300.wav,V_F_CRD_BTL_16300,44,44,44,45,Cordelia,battle,female,cordelia,assets/triangle-strategy/approved_voice_references/cordelia.wav,ยกโทษให้ข้าด้วย,,,READY_FOR_GENERATION,,triangle-strategy
467,V_F_CRD_BTL_16400.wav,V_F_CRD_BTL_16400,45,45,45,46,Cordelia,battle,female,cordelia,assets/triangle-strategy/approved_voice_references/cordelia.wav,ย่ะ!,,ATTACK_CRY,READY_FOR_GENERATION,,triangle-strategy
468,V_F_CRD_BTL_16500.wav,V_F_CRD_BTL_16500,46,46,46,47,Cordelia,battle,female,cordelia,assets/triangle-strategy/approved_voice_references/cordelia.wav,นี่ไง!,,,READY_FOR_GENERATION,,triangle-strategy
469,V_F_CRD_BTL_16600.wav,V_F_CRD_BTL_16600,47,47,47,48,Cordelia,battle,female,cordelia,assets/triangle-strategy/approved_voice_references/cordelia.wav,นี่แหละ!,,,READY_FOR_GENERATION,,triangle-strategy
470,V_F_CRD_BTL_17410.wav,V_F_CRD_BTL_17410,48,48,48,49,Cordelia,battle,female,cordelia,assets/triangle-strategy/approved_voice_references/cordelia.wav,ข้าต้องทำหน้าที่ของข้า,,,READY_FOR_GENERATION,,triangle-strategy
471,V_F_CRD_BTL_17411.wav,V_F_CRD_BTL_17411,49,49,49,50,Cordelia,battle,female,cordelia,assets/triangle-strategy/approved_voice_references/cordelia.wav,ข้าอยู่ข้างเจ้า,,,READY_FOR_GENERATION,,triangle-strategy
472,V_F_CRD_BTL_17412.wav,V_F_CRD_BTL_17412,50,50,50,51,Cordelia,battle,female,cordelia,assets/triangle-strategy/approved_voice_references/cordelia.wav,เข้มแข็งไว้!,,,READY_FOR_GENERATION,,triangle-strategy
473,V_F_CRD_BTL_17413.wav,V_F_CRD_BTL_17413,51,51,51,52,Cordelia,battle,female,cordelia,assets/triangle-strategy/approved_voice_references/cordelia.wav,ขอให้เท่านี้เพียงพอ,,,READY_FOR_GENERATION,,triangle-strategy
474,V_F_CRD_BTL_17414.wav,V_F_CRD_BTL_17414,52,52,52,53,Cordelia,battle,female,cordelia,assets/triangle-strategy/approved_voice_references/cordelia.wav,ได้เลย ได้โปรด!,,,READY_FOR_GENERATION,,triangle-strategy
475,V_F_CRD_BTL_17415.wav,V_F_CRD_BTL_17415,53,53,53,54,Cordelia,battle,female,cordelia,assets/triangle-strategy/approved_voice_references/cordelia.wav,ข้าติดหนี้บุญคุณเจ้า!,,,READY_FOR_GENERATION,,triangle-strategy
476,V_F_CRD_BTL_17416.wav,V_F_CRD_BTL_17416,54,54,54,55,Cordelia,battle,female,cordelia,assets/triangle-strategy/approved_voice_references/cordelia.wav,ข้าจะทำเท่าที่ทำได้,,,READY_FOR_GENERATION,,triangle-strategy
477,V_F_CRD_BTL_17417.wav,V_F_CRD_BTL_17417,55,55,55,56,Cordelia,battle,female,cordelia,assets/triangle-strategy/approved_voice_references/cordelia.wav,ข้าไม่เป็นไร,,,READY_FOR_GENERATION,,triangle-strategy
478,V_F_CRD_BTL_17418.wav,V_F_CRD_BTL_17418,56,56,56,57,Cordelia,battle,female,cordelia,assets/triangle-strategy/approved_voice_references/cordelia.wav,ข้าจะรอดจากนี่ให้ได้!,,,READY_FOR_GENERATION,,triangle-strategy
479,V_F_CRD_BTL_17419.wav,V_F_CRD_BTL_17419,57,57,57,58,Cordelia,battle,female,cordelia,assets/triangle-strategy/approved_voice_references/cordelia.wav,หลีกไป!,,,READY_FOR_GENERATION,,triangle-strategy
480,V_F_CRD_BTL_17430.wav,V_F_CRD_BTL_17430,58,58,58,59,Cordelia,battle,female,cordelia,assets/triangle-strategy/approved_voice_references/cordelia.wav,อย่าเพิ่งจากเราไป,,,READY_FOR_GENERATION,,triangle-strategy
481,V_F_CRD_BTL_17431.wav,V_F_CRD_BTL_17431,59,59,59,60,Cordelia,battle,female,cordelia,assets/triangle-strategy/approved_voice_references/cordelia.wav,เจ้าไม่เป็นไรใช่ไหม?,,,READY_FOR_GENERATION,,triangle-strategy
482,V_F_CRD_BTL_17432.wav,V_F_CRD_BTL_17432,60,60,60,61,Cordelia,battle,female,cordelia,assets/triangle-strategy/approved_voice_references/cordelia.wav,ขอให้บาดแผลของเจ้าหายดี,,,READY_FOR_GENERATION,,triangle-strategy
483,V_F_CRD_BTL_17433.wav,V_F_CRD_BTL_17433,61,61,61,62,Cordelia,battle,female,cordelia,assets/triangle-strategy/approved_voice_references/cordelia.wav,หวังว่านี่จะช่วยได้,,,READY_FOR_GENERATION,,triangle-strategy
484,V_F_CRD_BTL_17434.wav,V_F_CRD_BTL_17434,62,62,62,63,Cordelia,battle,female,cordelia,assets/triangle-strategy/approved_voice_references/cordelia.wav,ระวังตัวด้วย,,,READY_FOR_GENERATION,,triangle-strategy
485,V_F_CRD_BTL_17440.wav,V_F_CRD_BTL_17440,63,63,63,64,Cordelia,battle,female,cordelia,assets/triangle-strategy/approved_voice_references/cordelia.wav,ข้าคอยหนุนหลังเจ้า!,,,READY_FOR_GENERATION,,triangle-strategy
486,V_F_CRD_BTL_17441.wav,V_F_CRD_BTL_17441,64,64,64,65,Cordelia,battle,female,cordelia,assets/triangle-strategy/approved_voice_references/cordelia.wav,ข้าต้องไม่พลาด,,,READY_FOR_GENERATION,,triangle-strategy
487,V_F_CRD_BTL_17450.wav,V_F_CRD_BTL_17450,65,65,65,66,Cordelia,battle,female,cordelia,assets/triangle-strategy/approved_voice_references/cordelia.wav,ข้าต้องทำอะไรสักอย่าง,,,READY_FOR_GENERATION,,triangle-strategy
488,V_F_CRD_BTL_17451.wav,V_F_CRD_BTL_17451,66,66,66,67,Cordelia,battle,female,cordelia,assets/triangle-strategy/approved_voice_references/cordelia.wav,ข้าต้องระวังตัว,,,READY_FOR_GENERATION,,triangle-strategy
489,V_F_CRD_BTL_17452.wav,V_F_CRD_BTL_17452,67,67,67,68,Cordelia,battle,female,cordelia,assets/triangle-strategy/approved_voice_references/cordelia.wav,ลุกขึ้นมาได้แล้ว!,,,READY_FOR_GENERATION,,triangle-strategy
490,V_F_CRD_BTL_17453.wav,V_F_CRD_BTL_17453,68,68,68,69,Cordelia,battle,female,cordelia,assets/triangle-strategy/approved_voice_references/cordelia.wav,ฮ้า?,,,READY_FOR_GENERATION,,triangle-strategy
491,V_F_CRD_BTL_17454.wav,V_F_CRD_BTL_17454,69,69,69,70,Cordelia,battle,female,cordelia,assets/triangle-strategy/approved_voice_references/cordelia.wav,ข้า...ข้าต้อง...,,,READY_FOR_GENERATION,,triangle-strategy
492,V_F_CRD_BTL_17480.wav,V_F_CRD_BTL_17480,70,70,70,71,Cordelia,battle,female,cordelia,assets/triangle-strategy/approved_voice_references/cordelia.wav,เพื่อจบการต่อสู้นี้!,,,READY_FOR_GENERATION,,triangle-strategy
493,V_F_CRD_BTL_17490.wav,V_F_CRD_BTL_17490,71,71,71,72,Cordelia,battle,female,cordelia,assets/triangle-strategy/approved_voice_references/cordelia.wav,ไม่อยากให้ต้องเป็นแบบนี้เลย,,,READY_FOR_GENERATION,,triangle-strategy
494,V_F_CRD_BTL_17491.wav,V_F_CRD_BTL_17491,72,72,72,73,Cordelia,battle,female,cordelia,assets/triangle-strategy/approved_voice_references/cordelia.wav,ข้าไม่มีทางเลือก!,,,READY_FOR_GENERATION,,triangle-strategy
495,V_F_CRD_BTL_17500.wav,V_F_CRD_BTL_17500,73,73,73,74,Cordelia,battle,female,cordelia,assets/triangle-strategy/approved_voice_references/cordelia.wav,แน่นอน!,,,READY_FOR_GENERATION,,triangle-strategy
496,V_F_CRD_BTL_17600.wav,V_F_CRD_BTL_17600,74,74,74,75,Cordelia,battle,female,cordelia,assets/triangle-strategy/approved_voice_references/cordelia.wav,ข้าจะทำเท่าที่ทำได้,,,READY_FOR_GENERATION,,triangle-strategy
497,V_F_CRD_BTL_17700.wav,V_F_CRD_BTL_17700,75,75,75,76,Cordelia,battle,female,cordelia,assets/triangle-strategy/approved_voice_references/cordelia.wav,ข้าทำได้แล้ว!,,,READY_FOR_GENERATION,,triangle-strategy
498,V_F_CRD_BTL_17800.wav,V_F_CRD_BTL_17800,76,76,76,77,Cordelia,battle,female,cordelia,assets/triangle-strategy/approved_voice_references/cordelia.wav,ใช่ ดีมาก!,,,READY_FOR_GENERATION,,triangle-strategy
499,V_F_CRD_BTL_17900.wav,V_F_CRD_BTL_17900,77,77,77,78,Cordelia,battle,female,cordelia,assets/triangle-strategy/approved_voice_references/cordelia.wav,เอาล่ะ!,,,READY_FOR_GENERATION,,triangle-strategy
500,V_F_CRD_BTL_18000.wav,V_F_CRD_BTL_18000,78,78,78,79,Cordelia,battle,female,cordelia,assets/triangle-strategy/approved_voice_references/cordelia.wav,ด้วยกำลังทั้งหมดของข้า!,,,READY_FOR_GENERATION,,triangle-strategy
501,V_F_CRD_BTL_18200.wav,V_F_CRD_BTL_18200,79,79,79,80,Cordelia,battle,female,cordelia,assets/triangle-strategy/approved_voice_references/cordelia.wav,หวังว่าข้าจะช่วยได้,,,READY_FOR_GENERATION,,triangle-strategy
502,V_F_CRD_BTL_18300.wav,V_F_CRD_BTL_18300,80,80,80,81,Cordelia,battle,female,cordelia,assets/triangle-strategy/approved_voice_references/cordelia.wav,รู้สึกว่าข้าทำได้,,,READY_FOR_GENERATION,,triangle-strategy
503,V_F_ERK_E_BTL_00400.wav,V_F_ERK_E_BTL_00400,0,0,0,1,Erika,battle,female,erika,assets/triangle-strategy/approved_voice_references/erika.wav,ถ้าจำเป็น,,,READY_FOR_GENERATION,,triangle-strategy
504,V_F_ERK_E_BTL_00500.wav,V_F_ERK_E_BTL_00500,1,1,1,2,Erika,battle,female,erika,assets/triangle-strategy/approved_voice_references/erika.wav,ไหน ๆ แล้วก็สนุกกับมันหน่อย,,,READY_FOR_GENERATION,,triangle-strategy
505,V_F_ERK_E_BTL_00600.wav,V_F_ERK_E_BTL_00600,2,2,2,3,Erika,battle,female,erika,assets/triangle-strategy/approved_voice_references/erika.wav,ในนามของเอสฟรอสต์,,,READY_FOR_GENERATION,,triangle-strategy
506,V_F_ERK_E_BTL_01700.wav,V_F_ERK_E_BTL_01700,3,3,3,4,Erika,battle,female,erika,assets/triangle-strategy/approved_voice_references/erika.wav,เจ้าช่างน่ารังเกียจ,,,READY_FOR_GENERATION,,triangle-strategy
507,V_F_ERK_E_BTL_01800.wav,V_F_ERK_E_BTL_01800,4,4,4,5,Erika,battle,female,erika,assets/triangle-strategy/approved_voice_references/erika.wav,พวกเจ้าฉลาดไม่เบา,,,READY_FOR_GENERATION,,triangle-strategy
508,V_F_ERK_E_BTL_01900.wav,V_F_ERK_E_BTL_01900,5,5,5,6,Erika,battle,female,erika,assets/triangle-strategy/approved_voice_references/erika.wav,พอได้แล้ว!,,,READY_FOR_GENERATION,,triangle-strategy
509,V_F_ERK_E_BTL_02700.wav,V_F_ERK_E_BTL_02700,6,6,6,7,Erika,battle,female,erika,assets/triangle-strategy/approved_voice_references/erika.wav,บ้าเอ๊ย ทำไมกัน?,,,READY_FOR_GENERATION,,triangle-strategy
510,V_F_ERK_E_BTL_02800.wav,V_F_ERK_E_BTL_02800,7,7,7,8,Erika,battle,female,erika,assets/triangle-strategy/approved_voice_references/erika.wav,เจ้าจะเสียใจที่ทำแบบนี้,,,READY_FOR_GENERATION,,triangle-strategy
511,V_F_ERK_E_BTL_02900.wav,V_F_ERK_E_BTL_02900,8,8,8,9,Erika,battle,female,erika,assets/triangle-strategy/approved_voice_references/erika.wav,ฮ้า!,,ATTACK_CRY,READY_FOR_GENERATION,,triangle-strategy
512,V_F_ERK_E_BTL_03000.wav,V_F_ERK_E_BTL_03000,9,9,9,10,Erika,battle,female,erika,assets/triangle-strategy/approved_voice_references/erika.wav,ย๊าก!,,ATTACK_CRY,READY_FOR_GENERATION,,triangle-strategy
513,V_F_ERK_E_BTL_03100.wav,V_F_ERK_E_BTL_03100,10,10,10,11,Erika,battle,female,erika,assets/triangle-strategy/approved_voice_references/erika.wav,ตายซะ!,,,READY_FOR_GENERATION,,triangle-strategy
514,V_F_ERK_E_BTL_03200.wav,V_F_ERK_E_BTL_03200,11,11,11,12,Erika,battle,female,erika,assets/triangle-strategy/approved_voice_references/erika.wav,ฮ่า ฮ่า ฮ่า!,,,READY_FOR_GENERATION,,triangle-strategy
515,V_F_ERK_E_BTL_03500.wav,V_F_ERK_E_BTL_03500,12,12,12,13,Erika,battle,female,erika,assets/triangle-strategy/approved_voice_references/erika.wav,โอ้ ขอโทษที,,,READY_FOR_GENERATION,,triangle-strategy
516,V_F_ERK_E_BTL_08800.wav,V_F_ERK_E_BTL_08800,13,13,13,14,Erika,battle,female,erika,assets/triangle-strategy/approved_voice_references/erika.wav,ไม่เข้ากับเจ้าเลยนะ,,,READY_FOR_GENERATION,,triangle-strategy
517,V_F_ERK_E_BTL_08900.wav,V_F_ERK_E_BTL_08900,14,14,14,15,Erika,battle,female,erika,assets/triangle-strategy/approved_voice_references/erika.wav,เป็นเป้าซ้อมชัด ๆ,,,READY_FOR_GENERATION,,triangle-strategy
518,V_F_ERK_E_BTL_09000.wav,V_F_ERK_E_BTL_09000,15,15,15,16,Erika,battle,female,erika,assets/triangle-strategy/approved_voice_references/erika.wav,ข้าจะเก็บกวาดเอง,,,READY_FOR_GENERATION,,triangle-strategy
519,V_F_ERK_E_BTL_14200.wav,V_F_ERK_E_BTL_14200,16,16,16,17,Erika,battle,female,erika,assets/triangle-strategy/approved_voice_references/erika.wav,ฮ่า ฮ่า ฮ่า! เยี่ยมจริง!,,,READY_FOR_GENERATION,,triangle-strategy
520,V_F_ERK_E_BTL_14300.wav,V_F_ERK_E_BTL_14300,17,17,17,18,Erika,battle,female,erika,assets/triangle-strategy/approved_voice_references/erika.wav,เจ็บไหมล่ะ?,,,READY_FOR_GENERATION,,triangle-strategy
521,V_F_ERK_E_BTL_14400.wav,V_F_ERK_E_BTL_14400,18,18,18,19,Erika,battle,female,erika,assets/triangle-strategy/approved_voice_references/erika.wav,อ่ะ!,,HURT_CRY,READY_FOR_GENERATION,,triangle-strategy
522,V_F_ERK_E_BTL_14500.wav,V_F_ERK_E_BTL_14500,19,19,19,20,Erika,battle,female,erika,assets/triangle-strategy/approved_voice_references/erika.wav,นี่มันอะไร?,,,READY_FOR_GENERATION,,triangle-strategy
523,V_F_ERK_E_BTL_14600.wav,V_F_ERK_E_BTL_14600,20,20,20,21,Erika,battle,female,erika,assets/triangle-strategy/approved_voice_references/erika.wav,อ๊าก!,,HURT_CRY,READY_FOR_GENERATION,,triangle-strategy
524,V_F_ERK_E_BTL_14700.wav,V_F_ERK_E_BTL_14700,21,21,21,22,Erika,battle,female,erika,assets/triangle-strategy/approved_voice_references/erika.wav,อึก!,,HURT_CRY,READY_FOR_GENERATION,,triangle-strategy
525,V_F_ERK_E_BTL_14800.wav,V_F_ERK_E_BTL_14800,22,22,22,23,Erika,battle,female,erika,assets/triangle-strategy/approved_voice_references/erika.wav,ไม่!,,,READY_FOR_GENERATION,,triangle-strategy
526,V_F_ERK_E_BTL_15000.wav,V_F_ERK_E_BTL_15000,23,23,23,24,Erika,battle,female,erika,assets/triangle-strategy/approved_voice_references/erika.wav,อึก!,,HURT_CRY,READY_FOR_GENERATION,,triangle-strategy
527,V_F_ERK_E_BTL_15100.wav,V_F_ERK_E_BTL_15100,24,24,24,25,Erika,battle,female,erika,assets/triangle-strategy/approved_voice_references/erika.wav,ไอ้ขี้แย!,,,READY_FOR_GENERATION,,triangle-strategy
528,V_F_ERK_E_BTL_15200.wav,V_F_ERK_E_BTL_15200,25,25,25,26,Erika,battle,female,erika,assets/triangle-strategy/approved_voice_references/erika.wav,ของขวัญ!,,,READY_FOR_GENERATION,,triangle-strategy
529,V_F_ERK_E_BTL_15300.wav,V_F_ERK_E_BTL_15300,26,26,26,27,Erika,battle,female,erika,assets/triangle-strategy/approved_voice_references/erika.wav,เจ้าทำให้ข้ารำคาญ,,,READY_FOR_GENERATION,,triangle-strategy
530,V_F_ERK_E_BTL_15400.wav,V_F_ERK_E_BTL_15400,27,27,27,28,Erika,battle,female,erika,assets/triangle-strategy/approved_voice_references/erika.wav,ฮึบ!,,EVADE_GUARD,READY_FOR_GENERATION,,triangle-strategy
531,V_F_ERK_E_BTL_15500.wav,V_F_ERK_E_BTL_15500,28,28,28,29,Erika,battle,female,erika,assets/triangle-strategy/approved_voice_references/erika.wav,อ๊ะ อ๊ะ!,,,READY_FOR_GENERATION,,triangle-strategy
532,V_F_ERK_E_BTL_15600.wav,V_F_ERK_E_BTL_15600,29,29,29,30,Erika,battle,female,erika,assets/triangle-strategy/approved_voice_references/erika.wav,ใจดีจริงนะ,,,READY_FOR_GENERATION,,triangle-strategy
533,V_F_ERK_E_BTL_15700.wav,V_F_ERK_E_BTL_15700,30,30,30,31,Erika,battle,female,erika,assets/triangle-strategy/approved_voice_references/erika.wav,เท่านี้ก็พอ,,,READY_FOR_GENERATION,,triangle-strategy
534,V_F_ERK_E_BTL_15900.wav,V_F_ERK_E_BTL_15900,31,31,31,32,Erika,battle,female,erika,assets/triangle-strategy/approved_voice_references/erika.wav,ไม่เลว,,,READY_FOR_GENERATION,,triangle-strategy
535,V_F_ERK_E_BTL_16000.wav,V_F_ERK_E_BTL_16000,32,32,32,33,Erika,battle,female,erika,assets/triangle-strategy/approved_voice_references/erika.wav,เจ้าทำเพื่อข้าได้มากกว่านี้,,,READY_FOR_GENERATION,,triangle-strategy
536,V_F_ERK_E_BTL_16200.wav,V_F_ERK_E_BTL_16200,33,33,33,34,Erika,battle,female,erika,assets/triangle-strategy/approved_voice_references/erika.wav,ข้าจะเอาคืนความเจ็บปวดนี้,,,READY_FOR_GENERATION,,triangle-strategy
537,V_F_ERK_E_BTL_17410.wav,V_F_ERK_E_BTL_17410,34,34,34,35,Erika,battle,female,erika,assets/triangle-strategy/approved_voice_references/erika.wav,ฮ้า!,,ATTACK_CRY,READY_FOR_GENERATION,,triangle-strategy
538,V_F_ERK_E_BTL_17411.wav,V_F_ERK_E_BTL_17411,35,35,35,36,Erika,battle,female,erika,assets/triangle-strategy/approved_voice_references/erika.wav,สนุกอยู่หรือ?,,,READY_FOR_GENERATION,,triangle-strategy
539,V_F_ERK_E_BTL_17420.wav,V_F_ERK_E_BTL_17420,36,36,36,37,Erika,battle,female,erika,assets/triangle-strategy/approved_voice_references/erika.wav,ไปให้พ้นสายตาข้า,,,READY_FOR_GENERATION,,triangle-strategy
540,V_F_ERK_E_BTL_17421.wav,V_F_ERK_E_BTL_17421,37,37,37,38,Erika,battle,female,erika,assets/triangle-strategy/approved_voice_references/erika.wav,ไหม้เป็นเถ้าซะ,,,READY_FOR_GENERATION,,triangle-strategy
541,V_F_ERK_E_BTL_17440.wav,V_F_ERK_E_BTL_17440,38,38,38,39,Erika,battle,female,erika,assets/triangle-strategy/approved_voice_references/erika.wav,เจ้าไม่คู่ควร,,,READY_FOR_GENERATION,,triangle-strategy
542,V_F_ERK_E_BTL_17441.wav,V_F_ERK_E_BTL_17441,39,39,39,40,Erika,battle,female,erika,assets/triangle-strategy/approved_voice_references/erika.wav,ก็แค่เศษสวะ,,,READY_FOR_GENERATION,,triangle-strategy
543,V_F_ERK_E_BTL_17450.wav,V_F_ERK_E_BTL_17450,40,40,40,41,Erika,battle,female,erika,assets/triangle-strategy/approved_voice_references/erika.wav,ล้มลงด้วยมือข้า,,,READY_FOR_GENERATION,,triangle-strategy
544,V_F_ERK_E_BTL_17470.wav,V_F_ERK_E_BTL_17470,41,41,41,42,Erika,battle,female,erika,assets/triangle-strategy/approved_voice_references/erika.wav,ฮ่า ฮ่า ฮ่า!,,,READY_FOR_GENERATION,,triangle-strategy
545,V_F_ERK_E_BTL_17471.wav,V_F_ERK_E_BTL_17471,42,42,42,43,Erika,battle,female,erika,assets/triangle-strategy/approved_voice_references/erika.wav,ตั้งใจหน่อย,,,READY_FOR_GENERATION,,triangle-strategy
546,V_F_EZA_BTL_00400.wav,V_F_EZA_BTL_00400,0,0,0,1,เอซาน่า,battle,female,ezana,assets/triangle-strategy/approved_voice_references/ezana.wav,เวลาของข้ามาถึงแล้ว,,,READY_FOR_GENERATION,,triangle-strategy
547,V_F_EZA_BTL_00500.wav,V_F_EZA_BTL_00500,1,1,1,2,เอซาน่า,battle,female,ezana,assets/triangle-strategy/approved_voice_references/ezana.wav,ได้,,,READY_FOR_GENERATION,,triangle-strategy
548,V_F_EZA_BTL_00600.wav,V_F_EZA_BTL_00600,2,2,2,3,เอซาน่า,battle,female,ezana,assets/triangle-strategy/approved_voice_references/ezana.wav,จงดูพลังที่แท้จริง,,,READY_FOR_GENERATION,,triangle-strategy
549,V_F_EZA_BTL_00700.wav,V_F_EZA_BTL_00700,3,3,3,4,เอซาน่า,battle,female,ezana,assets/triangle-strategy/approved_voice_references/ezana.wav,สวรรค์จะพิพากษาเจ้า,,,READY_FOR_GENERATION,,triangle-strategy
550,V_F_EZA_BTL_01700.wav,V_F_EZA_BTL_01700,4,4,4,5,เอซาน่า,battle,female,ezana,assets/triangle-strategy/approved_voice_references/ezana.wav,ความหวังของเรายังลุกโชน,,,READY_FOR_GENERATION,,triangle-strategy
551,V_F_EZA_BTL_01800.wav,V_F_EZA_BTL_01800,5,5,5,6,เอซาน่า,battle,female,ezana,assets/triangle-strategy/approved_voice_references/ezana.wav,เอาล่ะ!,,,READY_FOR_GENERATION,,triangle-strategy
552,V_F_EZA_BTL_01900.wav,V_F_EZA_BTL_01900,6,6,6,7,เอซาน่า,battle,female,ezana,assets/triangle-strategy/approved_voice_references/ezana.wav,เจ้าจะไม่ได้ยินข้ากรีดร้อง,,,READY_FOR_GENERATION,,triangle-strategy
553,V_F_EZA_BTL_02000.wav,V_F_EZA_BTL_02000,7,7,7,8,เอซาน่า,battle,female,ezana,assets/triangle-strategy/approved_voice_references/ezana.wav,สวรรค์ โปรดมอบพลังแก่ข้า,,,READY_FOR_GENERATION,,triangle-strategy
554,V_F_EZA_BTL_02700.wav,V_F_EZA_BTL_02700,8,8,8,9,เอซาน่า,battle,female,ezana,assets/triangle-strategy/approved_voice_references/ezana.wav,อึก...,,STATUS_REACTION,READY_FOR_GENERATION,,triangle-strategy
555,V_F_EZA_BTL_02800.wav,V_F_EZA_BTL_02800,9,9,9,10,เอซาน่า,battle,female,ezana,assets/triangle-strategy/approved_voice_references/ezana.wav,อูย...,,STATUS_REACTION,READY_FOR_GENERATION,,triangle-strategy
556,V_F_EZA_BTL_02900.wav,V_F_EZA_BTL_02900,10,10,10,11,เอซาน่า,battle,female,ezana,assets/triangle-strategy/approved_voice_references/ezana.wav,ไม่!,,,READY_FOR_GENERATION,,triangle-strategy
557,V_F_EZA_BTL_03000.wav,V_F_EZA_BTL_03000,11,11,11,12,เอซาน่า,battle,female,ezana,assets/triangle-strategy/approved_voice_references/ezana.wav,ไม่!,,,READY_FOR_GENERATION,,triangle-strategy
558,V_F_EZA_BTL_03100.wav,V_F_EZA_BTL_03100,12,12,12,13,เอซาน่า,battle,female,ezana,assets/triangle-strategy/approved_voice_references/ezana.wav,ฮ้า!,,ATTACK_CRY,READY_FOR_GENERATION,,triangle-strategy
559,V_F_EZA_BTL_03200.wav,V_F_EZA_BTL_03200,13,13,13,14,เอซาน่า,battle,female,ezana,assets/triangle-strategy/approved_voice_references/ezana.wav,สายไปแล้ว!,,,READY_FOR_GENERATION,,triangle-strategy
560,V_F_EZA_BTL_03300.wav,V_F_EZA_BTL_03300,14,14,14,15,เอซาน่า,battle,female,ezana,assets/triangle-strategy/approved_voice_references/ezana.wav,เอ้า!,,ATTACK_CRY,READY_FOR_GENERATION,,triangle-strategy
561,V_F_EZA_BTL_03400.wav,V_F_EZA_BTL_03400,15,15,15,16,เอซาน่า,battle,female,ezana,assets/triangle-strategy/approved_voice_references/ezana.wav,เจ้าจะได้รู้จักความเจ็บปวด!,,,READY_FOR_GENERATION,,triangle-strategy
562,V_F_EZA_BTL_03500.wav,V_F_EZA_BTL_03500,16,16,16,17,เอซาน่า,battle,female,ezana,assets/triangle-strategy/approved_voice_references/ezana.wav,นี่คือคำอำลา!,,,READY_FOR_GENERATION,,triangle-strategy
563,V_F_EZA_BTL_03600.wav,V_F_EZA_BTL_03600,17,17,17,18,เอซาน่า,battle,female,ezana,assets/triangle-strategy/approved_voice_references/ezana.wav,ยอมรับชะตากรรมซะ!,,,READY_FOR_GENERATION,,triangle-strategy
564,V_F_EZA_BTL_08800.wav,V_F_EZA_BTL_08800,18,18,18,19,เอซาน่า,battle,female,ezana,assets/triangle-strategy/approved_voice_references/ezana.wav,อีกครั้ง!,,,READY_FOR_GENERATION,,triangle-strategy
565,V_F_EZA_BTL_08900.wav,V_F_EZA_BTL_08900,19,19,19,20,เอซาน่า,battle,female,ezana,assets/triangle-strategy/approved_voice_references/ezana.wav,ข้าจะไม่ยอมถอย!,,,READY_FOR_GENERATION,,triangle-strategy
566,V_F_EZA_BTL_09000.wav,V_F_EZA_BTL_09000,20,20,20,21,เอซาน่า,battle,female,ezana,assets/triangle-strategy/approved_voice_references/ezana.wav,ชอบความเจ็บปวดไหม?,,,READY_FOR_GENERATION,,triangle-strategy
567,V_F_EZA_BTL_14200.wav,V_F_EZA_BTL_14200,21,21,21,22,เอซาน่า,battle,female,ezana,assets/triangle-strategy/approved_voice_references/ezana.wav,อีกไม่นานก็จบ!,,,READY_FOR_GENERATION,,triangle-strategy
568,V_F_EZA_BTL_14300.wav,V_F_EZA_BTL_14300,22,22,22,23,เอซาน่า,battle,female,ezana,assets/triangle-strategy/approved_voice_references/ezana.wav,ผลลัพธ์ยอดเยี่ยม,,,READY_FOR_GENERATION,,triangle-strategy
569,V_F_EZA_BTL_14400.wav,V_F_EZA_BTL_14400,23,23,23,24,เอซาน่า,battle,female,ezana,assets/triangle-strategy/approved_voice_references/ezana.wav,แบบนี้ไม่ได้ผล,,,READY_FOR_GENERATION,,triangle-strategy
570,V_F_EZA_BTL_14500.wav,V_F_EZA_BTL_14500,24,24,24,25,เอซาน่า,battle,female,ezana,assets/triangle-strategy/approved_voice_references/ezana.wav,นี่มันอะไร?,,,READY_FOR_GENERATION,,triangle-strategy
571,V_F_EZA_BTL_14600.wav,V_F_EZA_BTL_14600,25,25,25,26,เอซาน่า,battle,female,ezana,assets/triangle-strategy/approved_voice_references/ezana.wav,ไม่!,,,READY_FOR_GENERATION,,triangle-strategy
572,V_F_EZA_BTL_14700.wav,V_F_EZA_BTL_14700,26,26,26,27,เอซาน่า,battle,female,ezana,assets/triangle-strategy/approved_voice_references/ezana.wav,อึก!,,HURT_CRY,READY_FOR_GENERATION,,triangle-strategy
573,V_F_EZA_BTL_14800.wav,V_F_EZA_BTL_14800,27,27,27,28,เอซาน่า,battle,female,ezana,assets/triangle-strategy/approved_voice_references/ezana.wav,โอ๊ะ!,,,READY_FOR_GENERATION,,triangle-strategy
574,V_F_EZA_BTL_14900.wav,V_F_EZA_BTL_14900,28,28,28,29,เอซาน่า,battle,female,ezana,assets/triangle-strategy/approved_voice_references/ezana.wav,อึ่ก!,,HURT_CRY,READY_FOR_GENERATION,,triangle-strategy
575,V_F_EZA_BTL_15000.wav,V_F_EZA_BTL_15000,29,29,29,30,เอซาน่า,battle,female,ezana,assets/triangle-strategy/approved_voice_references/ezana.wav,อ้าฮ่า!,,,READY_FOR_GENERATION,,triangle-strategy
576,V_F_EZA_BTL_15100.wav,V_F_EZA_BTL_15100,30,30,30,31,เอซาน่า,battle,female,ezana,assets/triangle-strategy/approved_voice_references/ezana.wav,ไม่!,,,READY_FOR_GENERATION,,triangle-strategy
577,V_F_EZA_BTL_15200.wav,V_F_EZA_BTL_15200,31,31,31,32,เอซาน่า,battle,female,ezana,assets/triangle-strategy/approved_voice_references/ezana.wav,ข้าจะไม่ปรานีเจ้า!,,,READY_FOR_GENERATION,,triangle-strategy
578,V_F_EZA_BTL_15300.wav,V_F_EZA_BTL_15300,32,32,32,33,เอซาน่า,battle,female,ezana,assets/triangle-strategy/approved_voice_references/ezana.wav,เจ้าไม่มีทางหนี!,,,READY_FOR_GENERATION,,triangle-strategy
579,V_F_EZA_BTL_15310.wav,V_F_EZA_BTL_15310,33,33,33,34,เอซาน่า,battle,female,ezana,assets/triangle-strategy/approved_voice_references/ezana.wav,ช่างโชคร้ายสำหรับเจ้า,,,READY_FOR_GENERATION,,triangle-strategy
580,V_F_EZA_BTL_15320.wav,V_F_EZA_BTL_15320,34,34,34,35,เอซาน่า,battle,female,ezana,assets/triangle-strategy/approved_voice_references/ezana.wav,เจ้าประมาทแล้ว,,,READY_FOR_GENERATION,,triangle-strategy
581,V_F_EZA_BTL_15400.wav,V_F_EZA_BTL_15400,35,35,35,36,เอซาน่า,battle,female,ezana,assets/triangle-strategy/approved_voice_references/ezana.wav,พยายามได้ดี!,,,READY_FOR_GENERATION,,triangle-strategy
582,V_F_EZA_BTL_15500.wav,V_F_EZA_BTL_15500,36,36,36,37,เอซาน่า,battle,female,ezana,assets/triangle-strategy/approved_voice_references/ezana.wav,ข้ามองเจ้าออก!,,,READY_FOR_GENERATION,,triangle-strategy
583,V_F_EZA_BTL_15600.wav,V_F_EZA_BTL_15600,37,37,37,38,เอซาน่า,battle,female,ezana,assets/triangle-strategy/approved_voice_references/ezana.wav,ข้ารู้สึกได้รับพร,,,READY_FOR_GENERATION,,triangle-strategy
584,V_F_EZA_BTL_15700.wav,V_F_EZA_BTL_15700,38,38,38,39,เอซาน่า,battle,female,ezana,assets/triangle-strategy/approved_voice_references/ezana.wav,ข้าซาบซึ้ง,,,READY_FOR_GENERATION,,triangle-strategy
585,V_F_EZA_BTL_15800.wav,V_F_EZA_BTL_15800,39,39,39,40,เอซาน่า,battle,female,ezana,assets/triangle-strategy/approved_voice_references/ezana.wav,อ้า!,,HURT_CRY,READY_FOR_GENERATION,,triangle-strategy
586,V_F_EZA_BTL_15900.wav,V_F_EZA_BTL_15900,40,40,40,41,เอซาน่า,battle,female,ezana,assets/triangle-strategy/approved_voice_references/ezana.wav,ข้าจะใช้มันให้ดี,,,READY_FOR_GENERATION,,triangle-strategy
587,V_F_EZA_BTL_16000.wav,V_F_EZA_BTL_16000,41,41,41,42,เอซาน่า,battle,female,ezana,assets/triangle-strategy/approved_voice_references/ezana.wav,ข้าจะไม่มองข้ามน้ำใจนี้,,,READY_FOR_GENERATION,,triangle-strategy
588,V_F_EZA_BTL_16100.wav,V_F_EZA_BTL_16100,42,42,42,43,เอซาน่า,battle,female,ezana,assets/triangle-strategy/approved_voice_references/ezana.wav,ข้ารู้สึกได้!,,,READY_FOR_GENERATION,,triangle-strategy
589,V_F_EZA_BTL_16200.wav,V_F_EZA_BTL_16200,43,43,43,44,เอซาน่า,battle,female,ezana,assets/triangle-strategy/approved_voice_references/ezana.wav,มันไม่ควรจบตรงนี้,,,READY_FOR_GENERATION,,triangle-strategy
590,V_F_EZA_BTL_16300.wav,V_F_EZA_BTL_16300,44,44,44,45,เอซาน่า,battle,female,ezana,assets/triangle-strategy/approved_voice_references/ezana.wav,พลังของข้ายังไม่พอ,,,READY_FOR_GENERATION,,triangle-strategy
591,V_F_EZA_BTL_16400.wav,V_F_EZA_BTL_16400,45,45,45,46,เอซาน่า,battle,female,ezana,assets/triangle-strategy/approved_voice_references/ezana.wav,เจ้าจะเสียใจที่มาสู้กับข้า!,,,READY_FOR_GENERATION,,triangle-strategy
592,V_F_EZA_BTL_16500.wav,V_F_EZA_BTL_16500,46,46,46,47,เอซาน่า,battle,female,ezana,assets/triangle-strategy/approved_voice_references/ezana.wav,รับนี่ไป!,,,READY_FOR_GENERATION,,triangle-strategy
593,V_F_EZA_BTL_16600.wav,V_F_EZA_BTL_16600,47,47,47,48,เอซาน่า,battle,female,ezana,assets/triangle-strategy/approved_voice_references/ezana.wav,ตอนนี้!,,,READY_FOR_GENERATION,,triangle-strategy
594,V_F_EZA_BTL_17410.wav,V_F_EZA_BTL_17410,48,48,48,49,เอซาน่า,battle,female,ezana,assets/triangle-strategy/approved_voice_references/ezana.wav,ฮ้า!,,ATTACK_CRY,READY_FOR_GENERATION,,triangle-strategy
595,V_F_EZA_BTL_17411.wav,V_F_EZA_BTL_17411,49,49,49,50,เอซาน่า,battle,female,ezana,assets/triangle-strategy/approved_voice_references/ezana.wav,พิโรธแห่งสวรรค์!,,,READY_FOR_GENERATION,,triangle-strategy
596,V_F_EZA_BTL_17412.wav,V_F_EZA_BTL_17412,50,50,50,51,เอซาน่า,battle,female,ezana,assets/triangle-strategy/approved_voice_references/ezana.wav,จงสั่นกลัว!,,,READY_FOR_GENERATION,,triangle-strategy
597,V_F_EZA_BTL_17413.wav,V_F_EZA_BTL_17413,51,51,51,52,เอซาน่า,battle,female,ezana,assets/triangle-strategy/approved_voice_references/ezana.wav,ขอให้โชคเข้าข้างเรา,,,READY_FOR_GENERATION,,triangle-strategy
598,V_F_EZA_BTL_17414.wav,V_F_EZA_BTL_17414,52,52,52,53,เอซาน่า,battle,female,ezana,assets/triangle-strategy/approved_voice_references/ezana.wav,เพื่อผู้ที่ยืนเคียงข้างข้า,,,READY_FOR_GENERATION,,triangle-strategy
599,V_F_EZA_BTL_17415.wav,V_F_EZA_BTL_17415,53,53,53,54,เอซาน่า,battle,female,ezana,assets/triangle-strategy/approved_voice_references/ezana.wav,สวรรค์ โปรดประทานพรแก่เรา!,,,READY_FOR_GENERATION,,triangle-strategy
600,V_F_EZA_BTL_17416.wav,V_F_EZA_BTL_17416,54,54,54,55,เอซาน่า,battle,female,ezana,assets/triangle-strategy/approved_voice_references/ezana.wav,ถึงเวลาแล้ว!,,,READY_FOR_GENERATION,,triangle-strategy
601,V_F_EZA_BTL_17417.wav,V_F_EZA_BTL_17417,55,55,55,56,เอซาน่า,battle,female,ezana,assets/triangle-strategy/approved_voice_references/ezana.wav,ข้าขอภาวนา...,,,READY_FOR_GENERATION,,triangle-strategy
602,V_F_EZA_BTL_17418.wav,V_F_EZA_BTL_17418,56,56,56,57,เอซาน่า,battle,female,ezana,assets/triangle-strategy/approved_voice_references/ezana.wav,โปรดประทานพรแก่เรา,,,READY_FOR_GENERATION,,triangle-strategy
603,V_F_EZA_BTL_17419.wav,V_F_EZA_BTL_17419,57,57,57,58,เอซาน่า,battle,female,ezana,assets/triangle-strategy/approved_voice_references/ezana.wav,โปรดฟังคำภาวนาของข้า,,,READY_FOR_GENERATION,,triangle-strategy
604,V_F_EZA_BTL_17420.wav,V_F_EZA_BTL_17420,58,58,58,59,เอซาน่า,battle,female,ezana,assets/triangle-strategy/approved_voice_references/ezana.wav,นอนลงไป!,,,READY_FOR_GENERATION,,triangle-strategy
605,V_F_EZA_BTL_17421.wav,V_F_EZA_BTL_17421,59,59,59,60,เอซาน่า,battle,female,ezana,assets/triangle-strategy/approved_voice_references/ezana.wav,ไปให้พ้น!,,,READY_FOR_GENERATION,,triangle-strategy
606,V_F_EZA_BTL_17422.wav,V_F_EZA_BTL_17422,60,60,60,61,เอซาน่า,battle,female,ezana,assets/triangle-strategy/approved_voice_references/ezana.wav,เงียบ!,,,READY_FOR_GENERATION,,triangle-strategy
607,V_F_EZA_BTL_17440.wav,V_F_EZA_BTL_17440,61,61,61,62,เอซาน่า,battle,female,ezana,assets/triangle-strategy/approved_voice_references/ezana.wav,เทพเจ้าทรงเข้าข้างเรา,,,READY_FOR_GENERATION,,triangle-strategy
608,V_F_EZA_BTL_17441.wav,V_F_EZA_BTL_17441,62,62,62,63,เอซาน่า,battle,female,ezana,assets/triangle-strategy/approved_voice_references/ezana.wav,อ๊ากก!,,,READY_FOR_GENERATION,,triangle-strategy
609,V_F_EZA_BTL_17450.wav,V_F_EZA_BTL_17450,63,63,63,64,เอซาน่า,battle,female,ezana,assets/triangle-strategy/approved_voice_references/ezana.wav,เราต้องเข้มแข็ง,,,READY_FOR_GENERATION,,triangle-strategy
610,V_F_EZA_BTL_17470.wav,V_F_EZA_BTL_17470,64,64,64,65,เอซาน่า,battle,female,ezana,assets/triangle-strategy/approved_voice_references/ezana.wav,สวรรค์ร่ำไห้!,,,READY_FOR_GENERATION,,triangle-strategy
611,V_F_EZA_BTL_17471.wav,V_F_EZA_BTL_17471,65,65,65,66,เอซาน่า,battle,female,ezana,assets/triangle-strategy/approved_voice_references/ezana.wav,ลมหายใจจากเบื้องบน,,,READY_FOR_GENERATION,,triangle-strategy
612,V_F_EZA_BTL_17472.wav,V_F_EZA_BTL_17472,66,66,66,67,เอซาน่า,battle,female,ezana,assets/triangle-strategy/approved_voice_references/ezana.wav,ด้วยกำลังทั้งหมดของข้า,,,READY_FOR_GENERATION,,triangle-strategy
613,V_F_EZA_BTL_17480.wav,V_F_EZA_BTL_17480,67,67,67,68,เอซาน่า,battle,female,ezana,assets/triangle-strategy/approved_voice_references/ezana.wav,ผู้ที่ต่อต้านสวรรค์จะต้องล้มลง,,,READY_FOR_GENERATION,,triangle-strategy
614,V_F_EZA_BTL_17490.wav,V_F_EZA_BTL_17490,68,68,68,69,เอซาน่า,battle,female,ezana,assets/triangle-strategy/approved_voice_references/ezana.wav,สวรรค์ โปรดฟังข้า!,,,READY_FOR_GENERATION,,triangle-strategy
615,V_F_EZA_BTL_17491.wav,V_F_EZA_BTL_17491,69,69,69,70,เอซาน่า,battle,female,ezana,assets/triangle-strategy/approved_voice_references/ezana.wav,ข้าต้องยุติการนองเลือดนี้,,,READY_FOR_GENERATION,,triangle-strategy
616,V_F_EZA_BTL_17500.wav,V_F_EZA_BTL_17500,70,70,70,71,เอซาน่า,battle,female,ezana,assets/triangle-strategy/approved_voice_references/ezana.wav,คำภาวนาของข้าได้รับการตอบรับ,,,READY_FOR_GENERATION,,triangle-strategy
617,V_F_EZA_BTL_17600.wav,V_F_EZA_BTL_17600,71,71,71,72,เอซาน่า,battle,female,ezana,assets/triangle-strategy/approved_voice_references/ezana.wav,ภารกิจของข้าใกล้สำเร็จขึ้นอีกก้าว,,,READY_FOR_GENERATION,,triangle-strategy
618,V_F_EZA_BTL_17700.wav,V_F_EZA_BTL_17700,72,72,72,73,เอซาน่า,battle,female,ezana,assets/triangle-strategy/approved_voice_references/ezana.wav,พลังใหม่เอ่อล้นอยู่ในตัวข้า,,,READY_FOR_GENERATION,,triangle-strategy
619,V_F_EZA_BTL_17800.wav,V_F_EZA_BTL_17800,73,73,73,74,เอซาน่า,battle,female,ezana,assets/triangle-strategy/approved_voice_references/ezana.wav,สวรรค์ประทานพรแก่ข้า,,,READY_FOR_GENERATION,,triangle-strategy
620,V_F_EZA_BTL_17900.wav,V_F_EZA_BTL_17900,74,74,74,75,เอซาน่า,battle,female,ezana,assets/triangle-strategy/approved_voice_references/ezana.wav,เข้าใจแล้ว,,,READY_FOR_GENERATION,,triangle-strategy
621,V_F_EZA_BTL_18000.wav,V_F_EZA_BTL_18000,75,75,75,76,เอซาน่า,battle,female,ezana,assets/triangle-strategy/approved_voice_references/ezana.wav,โปรดฝากทุกอย่างไว้กับข้า,,,READY_FOR_GENERATION,,triangle-strategy
622,V_F_EZA_BTL_18200.wav,V_F_EZA_BTL_18200,76,76,76,77,เอซาน่า,battle,female,ezana,assets/triangle-strategy/approved_voice_references/ezana.wav,ข้าต้องทุ่มสุดกำลัง,,,READY_FOR_GENERATION,,triangle-strategy
623,V_F_EZA_BTL_18300.wav,V_F_EZA_BTL_18300,77,77,77,78,เอซาน่า,battle,female,ezana,assets/triangle-strategy/approved_voice_references/ezana.wav,ข้าต่อสู้เพื่อทำตามความปรารถนาของทุกคน,,,READY_FOR_GENERATION,,triangle-strategy
624,V_F_FRE_BTL_00400.wav,V_F_FRE_BTL_00400,0,0,0,1,Frederica,battle,female,frederica,assets/triangle-strategy/approved_voice_references/frederica.wav,ให้ข้าจัดการ,,,READY_FOR_GENERATION,,triangle-strategy
625,V_F_FRE_BTL_00500.wav,V_F_FRE_BTL_00500,1,1,1,2,Frederica,battle,female,frederica,assets/triangle-strategy/approved_voice_references/frederica.wav,ข้าจะจบเรื่องนี้,,,READY_FOR_GENERATION,,triangle-strategy
626,V_F_FRE_BTL_00600.wav,V_F_FRE_BTL_00600,2,2,2,3,Frederica,battle,female,frederica,assets/triangle-strategy/approved_voice_references/frederica.wav,ให้ข้าแสดงสิ่งที่เรียนรู้มา,,,READY_FOR_GENERATION,,triangle-strategy
627,V_F_FRE_BTL_00700.wav,V_F_FRE_BTL_00700,3,3,3,4,Frederica,battle,female,frederica,assets/triangle-strategy/approved_voice_references/frederica.wav,ข้าต่อสู้เพื่อสันติ,,,READY_FOR_GENERATION,,triangle-strategy
628,V_F_FRE_BTL_01700.wav,V_F_FRE_BTL_01700,4,4,4,5,Frederica,battle,female,frederica,assets/triangle-strategy/approved_voice_references/frederica.wav,ถ้ายังเป็นแบบนี้ ข้า...,,,READY_FOR_GENERATION,,triangle-strategy
629,V_F_FRE_BTL_01800.wav,V_F_FRE_BTL_01800,5,5,5,6,Frederica,battle,female,frederica,assets/triangle-strategy/approved_voice_references/frederica.wav,ข้าแพ้ไม่ได้,,,READY_FOR_GENERATION,,triangle-strategy
630,V_F_FRE_BTL_01900.wav,V_F_FRE_BTL_01900,6,6,6,7,Frederica,battle,female,frederica,assets/triangle-strategy/approved_voice_references/frederica.wav,ข้ายังยืนไหว,,,READY_FOR_GENERATION,,triangle-strategy
631,V_F_FRE_BTL_02000.wav,V_F_FRE_BTL_02000,7,7,7,8,Frederica,battle,female,frederica,assets/triangle-strategy/approved_voice_references/frederica.wav,เจ็บ...,,,READY_FOR_GENERATION,,triangle-strategy
632,V_F_FRE_BTL_02700.wav,V_F_FRE_BTL_02700,8,8,8,9,Frederica,battle,female,frederica,assets/triangle-strategy/approved_voice_references/frederica.wav,ฟัน!,,,READY_FOR_GENERATION,,triangle-strategy
633,V_F_FRE_BTL_02800.wav,V_F_FRE_BTL_02800,9,9,9,10,Frederica,battle,female,frederica,assets/triangle-strategy/approved_voice_references/frederica.wav,อั่ก...,,STATUS_REACTION,READY_FOR_GENERATION,,triangle-strategy
634,V_F_FRE_BTL_02900.wav,V_F_FRE_BTL_02900,10,10,10,11,Frederica,battle,female,frederica,assets/triangle-strategy/approved_voice_references/frederica.wav,ย๊าก!,,ATTACK_CRY,READY_FOR_GENERATION,,triangle-strategy
635,V_F_FRE_BTL_03000.wav,V_F_FRE_BTL_03000,11,11,11,12,Frederica,battle,female,frederica,assets/triangle-strategy/approved_voice_references/frederica.wav,ฮ้า!,,ATTACK_CRY,READY_FOR_GENERATION,,triangle-strategy
636,V_F_FRE_BTL_03100.wav,V_F_FRE_BTL_03100,12,12,12,13,Frederica,battle,female,frederica,assets/triangle-strategy/approved_voice_references/frederica.wav,ฮึ่ย!,,ATTACK_CRY,READY_FOR_GENERATION,,triangle-strategy
637,V_F_FRE_BTL_03200.wav,V_F_FRE_BTL_03200,13,13,13,14,Frederica,battle,female,frederica,assets/triangle-strategy/approved_voice_references/frederica.wav,เฮ้ย!,,,READY_FOR_GENERATION,,triangle-strategy
638,V_F_FRE_BTL_03300.wav,V_F_FRE_BTL_03300,14,14,14,15,Frederica,battle,female,frederica,assets/triangle-strategy/approved_voice_references/frederica.wav,ข้ามาแล้ว!,,,READY_FOR_GENERATION,,triangle-strategy
639,V_F_FRE_BTL_03400.wav,V_F_FRE_BTL_03400,15,15,15,16,Frederica,battle,female,frederica,assets/triangle-strategy/approved_voice_references/frederica.wav,ฮ่า!,,ATTACK_CRY,READY_FOR_GENERATION,,triangle-strategy
640,V_F_FRE_BTL_03500.wav,V_F_FRE_BTL_03500,16,16,16,17,Frederica,battle,female,frederica,assets/triangle-strategy/approved_voice_references/frederica.wav,ขอโทษ!,,,READY_FOR_GENERATION,,triangle-strategy
641,V_F_FRE_BTL_03600.wav,V_F_FRE_BTL_03600,17,17,17,18,Frederica,battle,female,frederica,assets/triangle-strategy/approved_voice_references/frederica.wav,ยกโทษให้ข้าด้วย!,,,READY_FOR_GENERATION,,triangle-strategy
642,V_F_FRE_BTL_08800.wav,V_F_FRE_BTL_08800,18,18,18,19,Frederica,battle,female,frederica,assets/triangle-strategy/approved_voice_references/frederica.wav,ขอข้าจัดการได้ไหม?,,,READY_FOR_GENERATION,,triangle-strategy
643,V_F_FRE_BTL_08900.wav,V_F_FRE_BTL_08900,19,19,19,20,Frederica,battle,female,frederica,assets/triangle-strategy/approved_voice_references/frederica.wav,ตาข้า!,,,READY_FOR_GENERATION,,triangle-strategy
644,V_F_FRE_BTL_09000.wav,V_F_FRE_BTL_09000,20,20,20,21,Frederica,battle,female,frederica,assets/triangle-strategy/approved_voice_references/frederica.wav,อีกครั้ง!,,,READY_FOR_GENERATION,,triangle-strategy
645,V_F_FRE_BTL_14200.wav,V_F_FRE_BTL_14200,21,21,21,22,Frederica,battle,female,frederica,assets/triangle-strategy/approved_voice_references/frederica.wav,ได้ผล!,,,READY_FOR_GENERATION,,triangle-strategy
646,V_F_FRE_BTL_14300.wav,V_F_FRE_BTL_14300,22,22,22,23,Frederica,battle,female,frederica,assets/triangle-strategy/approved_voice_references/frederica.wav,เราชนะได้!,,,READY_FOR_GENERATION,,triangle-strategy
647,V_F_FRE_BTL_14400.wav,V_F_FRE_BTL_14400,23,23,23,24,Frederica,battle,female,frederica,assets/triangle-strategy/approved_voice_references/frederica.wav,ไม่นะ!,,,READY_FOR_GENERATION,,triangle-strategy
648,V_F_FRE_BTL_14500.wav,V_F_FRE_BTL_14500,24,24,24,25,Frederica,battle,female,frederica,assets/triangle-strategy/approved_voice_references/frederica.wav,อะไรนะ?,,,READY_FOR_GENERATION,,triangle-strategy
649,V_F_FRE_BTL_14600.wav,V_F_FRE_BTL_14600,25,25,25,26,Frederica,battle,female,frederica,assets/triangle-strategy/approved_voice_references/frederica.wav,อั่ก!,,HURT_CRY,READY_FOR_GENERATION,,triangle-strategy
650,V_F_FRE_BTL_14700.wav,V_F_FRE_BTL_14700,26,26,26,27,Frederica,battle,female,frederica,assets/triangle-strategy/approved_voice_references/frederica.wav,โอ๊ย!,,,READY_FOR_GENERATION,,triangle-strategy
651,V_F_FRE_BTL_14800.wav,V_F_FRE_BTL_14800,27,27,27,28,Frederica,battle,female,frederica,assets/triangle-strategy/approved_voice_references/frederica.wav,โอ๊ย!,,HURT_CRY,READY_FOR_GENERATION,,triangle-strategy
652,V_F_FRE_BTL_14900.wav,V_F_FRE_BTL_14900,28,28,28,29,Frederica,battle,female,frederica,assets/triangle-strategy/approved_voice_references/frederica.wav,อั่ก!,,HURT_CRY,READY_FOR_GENERATION,,triangle-strategy
653,V_F_FRE_BTL_15000.wav,V_F_FRE_BTL_15000,29,29,29,30,Frederica,battle,female,frederica,assets/triangle-strategy/approved_voice_references/frederica.wav,อึ่ก!,,HURT_CRY,READY_FOR_GENERATION,,triangle-strategy
654,V_F_FRE_BTL_15100.wav,V_F_FRE_BTL_15100,30,30,30,31,Frederica,battle,female,frederica,assets/triangle-strategy/approved_voice_references/frederica.wav,โอ๊ย!,,HURT_CRY,READY_FOR_GENERATION,,triangle-strategy
655,V_F_FRE_BTL_15200.wav,V_F_FRE_BTL_15200,31,31,31,32,Frederica,battle,female,frederica,assets/triangle-strategy/approved_voice_references/frederica.wav,พอได้แล้ว!,,,READY_FOR_GENERATION,,triangle-strategy
656,V_F_FRE_BTL_15300.wav,V_F_FRE_BTL_15300,32,32,32,33,Frederica,battle,female,frederica,assets/triangle-strategy/approved_voice_references/frederica.wav,นี่!,,,READY_FOR_GENERATION,,triangle-strategy
657,V_F_FRE_BTL_15310.wav,V_F_FRE_BTL_15310,33,33,33,34,Frederica,battle,female,frederica,assets/triangle-strategy/approved_voice_references/frederica.wav,ข้าไม่ยอมให้เจ้าทำ,,,READY_FOR_GENERATION,,triangle-strategy
658,V_F_FRE_BTL_15320.wav,V_F_FRE_BTL_15320,34,34,34,35,Frederica,battle,female,frederica,assets/triangle-strategy/approved_voice_references/frederica.wav,อย่าดูถูกข้า,,,READY_FOR_GENERATION,,triangle-strategy
659,V_F_FRE_BTL_15400.wav,V_F_FRE_BTL_15400,35,35,35,36,Frederica,battle,female,frederica,assets/triangle-strategy/approved_voice_references/frederica.wav,ระวัง!,,,READY_FOR_GENERATION,,triangle-strategy
660,V_F_FRE_BTL_15500.wav,V_F_FRE_BTL_15500,36,36,36,37,Frederica,battle,female,frederica,assets/triangle-strategy/approved_voice_references/frederica.wav,ฮ่า!,,EVADE_GUARD,READY_FOR_GENERATION,,triangle-strategy
661,V_F_FRE_BTL_15600.wav,V_F_FRE_BTL_15600,37,37,37,38,Frederica,battle,female,frederica,assets/triangle-strategy/approved_voice_references/frederica.wav,ขอบคุณมาก,,,READY_FOR_GENERATION,,triangle-strategy
662,V_F_FRE_BTL_15700.wav,V_F_FRE_BTL_15700,38,38,38,39,Frederica,battle,female,frederica,assets/triangle-strategy/approved_voice_references/frederica.wav,ข้ายังสู้ต่อได้!,,,READY_FOR_GENERATION,,triangle-strategy
663,V_F_FRE_BTL_15800.wav,V_F_FRE_BTL_15800,39,39,39,40,Frederica,battle,female,frederica,assets/triangle-strategy/approved_voice_references/frederica.wav,ขอขอบคุณ,,,READY_FOR_GENERATION,,triangle-strategy
664,V_F_FRE_BTL_15900.wav,V_F_FRE_BTL_15900,40,40,40,41,Frederica,battle,female,frederica,assets/triangle-strategy/approved_voice_references/frederica.wav,ช่างน่ายินดี!,,,READY_FOR_GENERATION,,triangle-strategy
665,V_F_FRE_BTL_16000.wav,V_F_FRE_BTL_16000,41,41,41,42,Frederica,battle,female,frederica,assets/triangle-strategy/approved_voice_references/frederica.wav,ขอบคุณ!,,,READY_FOR_GENERATION,,triangle-strategy
666,V_F_FRE_BTL_16100.wav,V_F_FRE_BTL_16100,42,42,42,43,Frederica,battle,female,frederica,assets/triangle-strategy/approved_voice_references/frederica.wav,ข้าทำได้!,,,READY_FOR_GENERATION,,triangle-strategy
667,V_F_FRE_BTL_16200.wav,V_F_FRE_BTL_16200,43,43,43,44,Frederica,battle,female,frederica,assets/triangle-strategy/approved_voice_references/frederica.wav,ซาราน่า...,,,READY_FOR_GENERATION,,triangle-strategy
668,V_F_FRE_BTL_16300.wav,V_F_FRE_BTL_16300,44,44,44,45,Frederica,battle,female,frederica,assets/triangle-strategy/approved_voice_references/frederica.wav,ท่านแม่...,,,READY_FOR_GENERATION,,triangle-strategy
669,V_F_FRE_BTL_16400.wav,V_F_FRE_BTL_16400,45,45,45,46,Frederica,battle,female,frederica,assets/triangle-strategy/approved_voice_references/frederica.wav,ย่ะ!,,ATTACK_CRY,READY_FOR_GENERATION,,triangle-strategy
670,V_F_FRE_BTL_16500.wav,V_F_FRE_BTL_16500,46,46,46,47,Frederica,battle,female,frederica,assets/triangle-strategy/approved_voice_references/frederica.wav,สำหรับเจ้า!,,,READY_FOR_GENERATION,,triangle-strategy
671,V_F_FRE_BTL_16600.wav,V_F_FRE_BTL_16600,47,47,47,48,Frederica,battle,female,frederica,assets/triangle-strategy/approved_voice_references/frederica.wav,เพื่อตัวข้าเอง,,,READY_FOR_GENERATION,,triangle-strategy
672,V_F_FRE_BTL_17410.wav,V_F_FRE_BTL_17410,48,48,48,49,Frederica,battle,female,frederica,assets/triangle-strategy/approved_voice_references/frederica.wav,ฮ้า!,,ATTACK_CRY,READY_FOR_GENERATION,,triangle-strategy
673,V_F_FRE_BTL_17411.wav,V_F_FRE_BTL_17411,49,49,49,50,Frederica,battle,female,frederica,assets/triangle-strategy/approved_voice_references/frederica.wav,ไหม้ซะ!,,,READY_FOR_GENERATION,,triangle-strategy
674,V_F_FRE_BTL_17412.wav,V_F_FRE_BTL_17412,50,50,50,51,Frederica,battle,female,frederica,assets/triangle-strategy/approved_voice_references/frederica.wav,เปลวเพลิง จงฟังเสียงข้า!,,,READY_FOR_GENERATION,,triangle-strategy
675,V_F_FRE_BTL_17413.wav,V_F_FRE_BTL_17413,51,51,51,52,Frederica,battle,female,frederica,assets/triangle-strategy/approved_voice_references/frederica.wav,เพื่อประโยชน์ของทุกคน,,,READY_FOR_GENERATION,,triangle-strategy
676,V_F_FRE_BTL_17414.wav,V_F_FRE_BTL_17414,52,52,52,53,Frederica,battle,female,frederica,assets/triangle-strategy/approved_voice_references/frederica.wav,เรามาร่วมมือกัน,,,READY_FOR_GENERATION,,triangle-strategy
677,V_F_FRE_BTL_17415.wav,V_F_FRE_BTL_17415,53,53,53,54,Frederica,battle,female,frederica,assets/triangle-strategy/approved_voice_references/frederica.wav,เราต่อสู้เป็นหนึ่งเดียว,,,READY_FOR_GENERATION,,triangle-strategy
678,V_F_FRE_BTL_17420.wav,V_F_FRE_BTL_17420,54,54,54,55,Frederica,battle,female,frederica,assets/triangle-strategy/approved_voice_references/frederica.wav,สองเถ้าถ่าน,,,READY_FOR_GENERATION,,triangle-strategy
679,V_F_FRE_BTL_17421.wav,V_F_FRE_BTL_17421,55,55,55,56,Frederica,battle,female,frederica,assets/triangle-strategy/approved_voice_references/frederica.wav,หยุดอยู่ตรงนั้น!,,,READY_FOR_GENERATION,,triangle-strategy
680,V_F_FRE_BTL_17422.wav,V_F_FRE_BTL_17422,56,56,56,57,Frederica,battle,female,frederica,assets/triangle-strategy/approved_voice_references/frederica.wav,เปลวเพลิงคำราม!,,,READY_FOR_GENERATION,,triangle-strategy
681,V_F_FRE_BTL_17423.wav,V_F_FRE_BTL_17423,57,57,57,58,Frederica,battle,female,frederica,assets/triangle-strategy/approved_voice_references/frederica.wav,ด้วยพลังที่อยู่ในตัวข้า,,,READY_FOR_GENERATION,,triangle-strategy
682,V_F_FRE_BTL_17440.wav,V_F_FRE_BTL_17440,58,58,58,59,Frederica,battle,female,frederica,assets/triangle-strategy/approved_voice_references/frederica.wav,ข้าจะปกป้องเจ้า!,,,READY_FOR_GENERATION,,triangle-strategy
683,V_F_FRE_BTL_17441.wav,V_F_FRE_BTL_17441,59,59,59,60,Frederica,battle,female,frederica,assets/triangle-strategy/approved_voice_references/frederica.wav,จงเป็นหนึ่งเดียวกับเปลวเพลิง,,,READY_FOR_GENERATION,,triangle-strategy
684,V_F_FRE_BTL_17442.wav,V_F_FRE_BTL_17442,60,60,60,61,Frederica,battle,female,frederica,assets/triangle-strategy/approved_voice_references/frederica.wav,ให้ข้าช่วย,,,READY_FOR_GENERATION,,triangle-strategy
685,V_F_FRE_BTL_17480.wav,V_F_FRE_BTL_17480,61,61,61,62,Frederica,battle,female,frederica,assets/triangle-strategy/approved_voice_references/frederica.wav,เปลวไฟจะเผาผลาญเจ้า!,,,READY_FOR_GENERATION,,triangle-strategy
686,V_F_FRE_BTL_17500.wav,V_F_FRE_BTL_17500,62,62,62,63,Frederica,battle,female,frederica,assets/triangle-strategy/approved_voice_references/frederica.wav,ข้าจะทำสิ่งที่ต้องทำ,,,READY_FOR_GENERATION,,triangle-strategy
687,V_F_FRE_BTL_17600.wav,V_F_FRE_BTL_17600,63,63,63,64,Frederica,battle,female,frederica,assets/triangle-strategy/approved_voice_references/frederica.wav,พลังนี้จะปกป้องเรา,,,READY_FOR_GENERATION,,triangle-strategy
688,V_F_FRE_BTL_17700.wav,V_F_FRE_BTL_17700,64,64,64,65,Frederica,battle,female,frederica,assets/triangle-strategy/approved_voice_references/frederica.wav,เราจะทำให้อุดมการณ์ของเราเป็นจริง,,,READY_FOR_GENERATION,,triangle-strategy
689,V_F_FRE_BTL_17800.wav,V_F_FRE_BTL_17800,65,65,65,66,Frederica,battle,female,frederica,assets/triangle-strategy/approved_voice_references/frederica.wav,เพื่อโลกที่ดีกว่า,,,READY_FOR_GENERATION,,triangle-strategy
690,V_F_FRE_BTL_17900.wav,V_F_FRE_BTL_17900,66,66,66,67,Frederica,battle,female,frederica,assets/triangle-strategy/approved_voice_references/frederica.wav,ข้าพร้อมแล้ว,,,READY_FOR_GENERATION,,triangle-strategy
691,V_F_FRE_BTL_18000.wav,V_F_FRE_BTL_18000,67,67,67,68,Frederica,battle,female,frederica,assets/triangle-strategy/approved_voice_references/frederica.wav,ไปกันไหม?,,,READY_FOR_GENERATION,,triangle-strategy
692,V_F_FRE_BTL_18200.wav,V_F_FRE_BTL_18200,68,68,68,69,Frederica,battle,female,frederica,assets/triangle-strategy/approved_voice_references/frederica.wav,หวังว่าข้าจะไม่ทำให้ผิดหวัง,,,READY_FOR_GENERATION,,triangle-strategy
693,V_F_FRE_BTL_18300.wav,V_F_FRE_BTL_18300,69,69,69,70,Frederica,battle,female,frederica,assets/triangle-strategy/approved_voice_references/frederica.wav,ทุกความพยายามคุ้มค่าแล้ว,,,READY_FOR_GENERATION,,triangle-strategy
694,V_F_GIB_BTL_00400.wav,V_F_GIB_BTL_00400,0,0,0,1,จีโอวานน่า,battle,female,giovanna,assets/triangle-strategy/approved_voice_references/giovanna.wav,ให้ข้าลองดู,,,READY_FOR_GENERATION,,triangle-strategy
695,V_F_GIB_BTL_00500.wav,V_F_GIB_BTL_00500,1,1,1,2,จีโอวานน่า,battle,female,giovanna,assets/triangle-strategy/approved_voice_references/giovanna.wav,ถ้าใช้ภูมิประเทศตรงนี้ ข้าน่าจะ...,,,READY_FOR_GENERATION,,triangle-strategy
696,V_F_GIB_BTL_00600.wav,V_F_GIB_BTL_00600,2,2,2,3,จีโอวานน่า,battle,female,giovanna,assets/triangle-strategy/approved_voice_references/giovanna.wav,มาดูกัน,,,READY_FOR_GENERATION,,triangle-strategy
697,V_F_GIB_BTL_00700.wav,V_F_GIB_BTL_00700,3,3,3,4,จีโอวานน่า,battle,female,giovanna,assets/triangle-strategy/approved_voice_references/giovanna.wav,เอาล่ะ ข้าจะลุยแล้ว,,,READY_FOR_GENERATION,,triangle-strategy
698,V_F_GIB_BTL_01700.wav,V_F_GIB_BTL_01700,4,4,4,5,จีโอวานน่า,battle,female,giovanna,assets/triangle-strategy/approved_voice_references/giovanna.wav,นี่มัน...ไม่ดีเลย,,,READY_FOR_GENERATION,,triangle-strategy
699,V_F_GIB_BTL_01800.wav,V_F_GIB_BTL_01800,5,5,5,6,จีโอวานน่า,battle,female,giovanna,assets/triangle-strategy/approved_voice_references/giovanna.wav,ข้าต้องพลิกสถานการณ์ให้ได้,,,READY_FOR_GENERATION,,triangle-strategy
700,V_F_GIB_BTL_01900.wav,V_F_GIB_BTL_01900,6,6,6,7,จีโอวานน่า,battle,female,giovanna,assets/triangle-strategy/approved_voice_references/giovanna.wav,ถ้าใช้พื้นที่ตรงนี้ให้เป็นประโยชน์...,,,READY_FOR_GENERATION,,triangle-strategy
701,V_F_GIB_BTL_02000.wav,V_F_GIB_BTL_02000,7,7,7,8,จีโอวานน่า,battle,female,giovanna,assets/triangle-strategy/approved_voice_references/giovanna.wav,เอ๊ะ ฮะ ฮะ,,,READY_FOR_GENERATION,,triangle-strategy
702,V_F_GIB_BTL_02700.wav,V_F_GIB_BTL_02700,8,8,8,9,จีโอวานน่า,battle,female,giovanna,assets/triangle-strategy/approved_voice_references/giovanna.wav,เจ็บจริง ๆ,,,READY_FOR_GENERATION,,triangle-strategy
703,V_F_GIB_BTL_02800.wav,V_F_GIB_BTL_02800,9,9,9,10,จีโอวานน่า,battle,female,giovanna,assets/triangle-strategy/approved_voice_references/giovanna.wav,ข้าต้องทำอะไรสักอย่าง,,,READY_FOR_GENERATION,,triangle-strategy
704,V_F_GIB_BTL_02900.wav,V_F_GIB_BTL_02900,10,10,10,11,จีโอวานน่า,battle,female,giovanna,assets/triangle-strategy/approved_voice_references/giovanna.wav,ฮึ่ย!,,ATTACK_CRY,READY_FOR_GENERATION,,triangle-strategy
705,V_F_GIB_BTL_03000.wav,V_F_GIB_BTL_03000,11,11,11,12,จีโอวานน่า,battle,female,giovanna,assets/triangle-strategy/approved_voice_references/giovanna.wav,อุ้ก!,,,READY_FOR_GENERATION,,triangle-strategy
706,V_F_GIB_BTL_03100.wav,V_F_GIB_BTL_03100,12,12,12,13,จีโอวานน่า,battle,female,giovanna,assets/triangle-strategy/approved_voice_references/giovanna.wav,ฮึ่ย!,,ATTACK_CRY,READY_FOR_GENERATION,,triangle-strategy
707,V_F_GIB_BTL_03200.wav,V_F_GIB_BTL_03200,13,13,13,14,จีโอวานน่า,battle,female,giovanna,assets/triangle-strategy/approved_voice_references/giovanna.wav,ฮึ่ย!,,ATTACK_CRY,READY_FOR_GENERATION,,triangle-strategy
708,V_F_GIB_BTL_03300.wav,V_F_GIB_BTL_03300,14,14,14,15,จีโอวานน่า,battle,female,giovanna,assets/triangle-strategy/approved_voice_references/giovanna.wav,นี่!,,,READY_FOR_GENERATION,,triangle-strategy
709,V_F_GIB_BTL_03400.wav,V_F_GIB_BTL_03400,15,15,15,16,จีโอวานน่า,battle,female,giovanna,assets/triangle-strategy/approved_voice_references/giovanna.wav,เอ้า!,,ATTACK_CRY,READY_FOR_GENERATION,,triangle-strategy
710,V_F_GIB_BTL_03500.wav,V_F_GIB_BTL_03500,16,16,16,17,จีโอวานน่า,battle,female,giovanna,assets/triangle-strategy/approved_voice_references/giovanna.wav,จบกันตรงนี้,,,READY_FOR_GENERATION,,triangle-strategy
711,V_F_GIB_BTL_03600.wav,V_F_GIB_BTL_03600,17,17,17,18,จีโอวานน่า,battle,female,giovanna,assets/triangle-strategy/approved_voice_references/giovanna.wav,ฮ้า!,,ATTACK_CRY,READY_FOR_GENERATION,,triangle-strategy
712,V_F_GIB_BTL_08800.wav,V_F_GIB_BTL_08800,18,18,18,19,จีโอวานน่า,battle,female,giovanna,assets/triangle-strategy/approved_voice_references/giovanna.wav,ไปด้วยกัน!,,,READY_FOR_GENERATION,,triangle-strategy
713,V_F_GIB_BTL_08900.wav,V_F_GIB_BTL_08900,19,19,19,20,จีโอวานน่า,battle,female,giovanna,assets/triangle-strategy/approved_voice_references/giovanna.wav,ให้ข้าช่วย!,,,READY_FOR_GENERATION,,triangle-strategy
714,V_F_GIB_BTL_09000.wav,V_F_GIB_BTL_09000,20,20,20,21,จีโอวานน่า,battle,female,giovanna,assets/triangle-strategy/approved_voice_references/giovanna.wav,ตาข้า!,,,READY_FOR_GENERATION,,triangle-strategy
715,V_F_GIB_BTL_14200.wav,V_F_GIB_BTL_14200,21,21,21,22,จีโอวานน่า,battle,female,giovanna,assets/triangle-strategy/approved_voice_references/giovanna.wav,ไปได้สวย,,,READY_FOR_GENERATION,,triangle-strategy
716,V_F_GIB_BTL_14300.wav,V_F_GIB_BTL_14300,22,22,22,23,จีโอวานน่า,battle,female,giovanna,assets/triangle-strategy/approved_voice_references/giovanna.wav,ข้าทำได้จริง ๆ!,,,READY_FOR_GENERATION,,triangle-strategy
717,V_F_GIB_BTL_14400.wav,V_F_GIB_BTL_14400,23,23,23,24,จีโอวานน่า,battle,female,giovanna,assets/triangle-strategy/approved_voice_references/giovanna.wav,น่าผิดหวัง,,,READY_FOR_GENERATION,,triangle-strategy
718,V_F_GIB_BTL_14500.wav,V_F_GIB_BTL_14500,24,24,24,25,จีโอวานน่า,battle,female,giovanna,assets/triangle-strategy/approved_voice_references/giovanna.wav,อุ๊บ,,,READY_FOR_GENERATION,,triangle-strategy
719,V_F_GIB_BTL_14600.wav,V_F_GIB_BTL_14600,25,25,25,26,จีโอวานน่า,battle,female,giovanna,assets/triangle-strategy/approved_voice_references/giovanna.wav,อั่ก!,,HURT_CRY,READY_FOR_GENERATION,,triangle-strategy
720,V_F_GIB_BTL_14700.wav,V_F_GIB_BTL_14700,26,26,26,27,จีโอวานน่า,battle,female,giovanna,assets/triangle-strategy/approved_voice_references/giovanna.wav,อึ่ก!,,HURT_CRY,READY_FOR_GENERATION,,triangle-strategy
721,V_F_GIB_BTL_14800.wav,V_F_GIB_BTL_14800,27,27,27,28,จีโอวานน่า,battle,female,giovanna,assets/triangle-strategy/approved_voice_references/giovanna.wav,โอ๊ย!,,HURT_CRY,READY_FOR_GENERATION,,triangle-strategy
722,V_F_GIB_BTL_14900.wav,V_F_GIB_BTL_14900,28,28,28,29,จีโอวานน่า,battle,female,giovanna,assets/triangle-strategy/approved_voice_references/giovanna.wav,โอ๊ย!,,HURT_CRY,READY_FOR_GENERATION,,triangle-strategy
723,V_F_GIB_BTL_15000.wav,V_F_GIB_BTL_15000,29,29,29,30,จีโอวานน่า,battle,female,giovanna,assets/triangle-strategy/approved_voice_references/giovanna.wav,อึ่ก!,,HURT_CRY,READY_FOR_GENERATION,,triangle-strategy
724,V_F_GIB_BTL_15100.wav,V_F_GIB_BTL_15100,30,30,30,31,จีโอวานน่า,battle,female,giovanna,assets/triangle-strategy/approved_voice_references/giovanna.wav,ไม่!,,,READY_FOR_GENERATION,,triangle-strategy
725,V_F_GIB_BTL_15200.wav,V_F_GIB_BTL_15200,31,31,31,32,จีโอวานน่า,battle,female,giovanna,assets/triangle-strategy/approved_voice_references/giovanna.wav,ข้าไม่คิดอย่างนั้น,,,READY_FOR_GENERATION,,triangle-strategy
726,V_F_GIB_BTL_15300.wav,V_F_GIB_BTL_15300,32,32,32,33,จีโอวานน่า,battle,female,giovanna,assets/triangle-strategy/approved_voice_references/giovanna.wav,ดูข้าไว้,,,READY_FOR_GENERATION,,triangle-strategy
727,V_F_GIB_BTL_15310.wav,V_F_GIB_BTL_15310,33,33,33,34,จีโอวานน่า,battle,female,giovanna,assets/triangle-strategy/approved_voice_references/giovanna.wav,ติดกับแล้ว,,,READY_FOR_GENERATION,,triangle-strategy
728,V_F_GIB_BTL_15320.wav,V_F_GIB_BTL_15320,34,34,34,35,จีโอวานน่า,battle,female,giovanna,assets/triangle-strategy/approved_voice_references/giovanna.wav,ข้ารอจังหวะนี้อยู่,,,READY_FOR_GENERATION,,triangle-strategy
729,V_F_GIB_BTL_15400.wav,V_F_GIB_BTL_15400,35,35,35,36,จีโอวานน่า,battle,female,giovanna,assets/triangle-strategy/approved_voice_references/giovanna.wav,โฮ่!,,,READY_FOR_GENERATION,,triangle-strategy
730,V_F_GIB_BTL_15500.wav,V_F_GIB_BTL_15500,36,36,36,37,จีโอวานน่า,battle,female,giovanna,assets/triangle-strategy/approved_voice_references/giovanna.wav,ติ๊ก!,,,READY_FOR_GENERATION,,triangle-strategy
731,V_F_GIB_BTL_15600.wav,V_F_GIB_BTL_15600,37,37,37,38,จีโอวานน่า,battle,female,giovanna,assets/triangle-strategy/approved_voice_references/giovanna.wav,เฮ้อ!,,,READY_FOR_GENERATION,,triangle-strategy
732,V_F_GIB_BTL_15700.wav,V_F_GIB_BTL_15700,38,38,38,39,จีโอวานน่า,battle,female,giovanna,assets/triangle-strategy/approved_voice_references/giovanna.wav,เจ้าช่วยสถานการณ์ไว้ได้,,,READY_FOR_GENERATION,,triangle-strategy
733,V_F_GIB_BTL_15800.wav,V_F_GIB_BTL_15800,39,39,39,40,จีโอวานน่า,battle,female,giovanna,assets/triangle-strategy/approved_voice_references/giovanna.wav,ขอบคุณมากจริง ๆ,,,READY_FOR_GENERATION,,triangle-strategy
734,V_F_GIB_BTL_15900.wav,V_F_GIB_BTL_15900,40,40,40,41,จีโอวานน่า,battle,female,giovanna,assets/triangle-strategy/approved_voice_references/giovanna.wav,แบบนี้น่าจะได้ผล,,,READY_FOR_GENERATION,,triangle-strategy
735,V_F_GIB_BTL_16000.wav,V_F_GIB_BTL_16000,41,41,41,42,จีโอวานน่า,battle,female,giovanna,assets/triangle-strategy/approved_voice_references/giovanna.wav,ข้าจะไม่ทำให้ผิดหวัง,,,READY_FOR_GENERATION,,triangle-strategy
736,V_F_GIB_BTL_16100.wav,V_F_GIB_BTL_16100,42,42,42,43,จีโอวานน่า,battle,female,giovanna,assets/triangle-strategy/approved_voice_references/giovanna.wav,ขอบคุณมาก,,,READY_FOR_GENERATION,,triangle-strategy
737,V_F_GIB_BTL_16200.wav,V_F_GIB_BTL_16200,43,43,43,44,จีโอวานน่า,battle,female,giovanna,assets/triangle-strategy/approved_voice_references/giovanna.wav,ไม่มีทาง!,,,READY_FOR_GENERATION,,triangle-strategy
738,V_F_GIB_BTL_16300.wav,V_F_GIB_BTL_16300,44,44,44,45,จีโอวานน่า,battle,female,giovanna,assets/triangle-strategy/approved_voice_references/giovanna.wav,นี่คือจุดจบของข้าหรือ?,,,READY_FOR_GENERATION,,triangle-strategy
739,V_F_GIB_BTL_16400.wav,V_F_GIB_BTL_16400,45,45,45,46,จีโอวานน่า,battle,female,giovanna,assets/triangle-strategy/approved_voice_references/giovanna.wav,รับนี่ไป!,,,READY_FOR_GENERATION,,triangle-strategy
740,V_F_GIB_BTL_16500.wav,V_F_GIB_BTL_16500,46,46,46,47,จีโอวานน่า,battle,female,giovanna,assets/triangle-strategy/approved_voice_references/giovanna.wav,นี่ไง!,,,READY_FOR_GENERATION,,triangle-strategy
741,V_F_GIB_BTL_16600.wav,V_F_GIB_BTL_16600,47,47,47,48,จีโอวานน่า,battle,female,giovanna,assets/triangle-strategy/approved_voice_references/giovanna.wav,ย้า!,,ATTACK_CRY,READY_FOR_GENERATION,,triangle-strategy
742,V_F_GIB_BTL_17410.wav,V_F_GIB_BTL_17410,48,48,48,49,จีโอวานน่า,battle,female,giovanna,assets/triangle-strategy/approved_voice_references/giovanna.wav,ฮ้า!,,ATTACK_CRY,READY_FOR_GENERATION,,triangle-strategy
743,V_F_GIB_BTL_17411.wav,V_F_GIB_BTL_17411,49,49,49,50,จีโอวานน่า,battle,female,giovanna,assets/triangle-strategy/approved_voice_references/giovanna.wav,ฮ้า!,,ATTACK_CRY,READY_FOR_GENERATION,,triangle-strategy
744,V_F_GIB_BTL_17412.wav,V_F_GIB_BTL_17412,50,50,50,51,จีโอวานน่า,battle,female,giovanna,assets/triangle-strategy/approved_voice_references/giovanna.wav,ผืนดินจะช่วยเราได้,,,READY_FOR_GENERATION,,triangle-strategy
745,V_F_GIB_BTL_17413.wav,V_F_GIB_BTL_17413,51,51,51,52,จีโอวานน่า,battle,female,giovanna,assets/triangle-strategy/approved_voice_references/giovanna.wav,นี่น่าจะช่วยได้,,,READY_FOR_GENERATION,,triangle-strategy
746,V_F_GIB_BTL_17414.wav,V_F_GIB_BTL_17414,52,52,52,53,จีโอวานน่า,battle,female,giovanna,assets/triangle-strategy/approved_voice_references/giovanna.wav,เจ้าไม่เป็นไรใช่ไหม?,,,READY_FOR_GENERATION,,triangle-strategy
747,V_F_GIB_BTL_17415.wav,V_F_GIB_BTL_17415,53,53,53,54,จีโอวานน่า,battle,female,giovanna,assets/triangle-strategy/approved_voice_references/giovanna.wav,ข้าอยู่นี่!,,,READY_FOR_GENERATION,,triangle-strategy
748,V_F_GIB_BTL_17416.wav,V_F_GIB_BTL_17416,54,54,54,55,จีโอวานน่า,battle,female,giovanna,assets/triangle-strategy/approved_voice_references/giovanna.wav,ถ้าข้าทำแบบนี้ แล้วก็...,,,READY_FOR_GENERATION,,triangle-strategy
749,V_F_GIB_BTL_17417.wav,V_F_GIB_BTL_17417,55,55,55,56,จีโอวานน่า,battle,female,giovanna,assets/triangle-strategy/approved_voice_references/giovanna.wav,ทุกอย่างจะเรียบร้อย,,,READY_FOR_GENERATION,,triangle-strategy
750,V_F_GIB_BTL_17418.wav,V_F_GIB_BTL_17418,56,56,56,57,จีโอวานน่า,battle,female,giovanna,assets/triangle-strategy/approved_voice_references/giovanna.wav,โปรดประทานพรแก่เรา,,,READY_FOR_GENERATION,,triangle-strategy
751,V_F_GIB_BTL_17419.wav,V_F_GIB_BTL_17419,57,57,57,58,จีโอวานน่า,battle,female,giovanna,assets/triangle-strategy/approved_voice_references/giovanna.wav,ย้า!,,ATTACK_CRY,READY_FOR_GENERATION,,triangle-strategy
752,V_F_GIB_BTL_17420.wav,V_F_GIB_BTL_17420,58,58,58,59,จีโอวานน่า,battle,female,giovanna,assets/triangle-strategy/approved_voice_references/giovanna.wav,จงโจมตีให้แม่น!,,,READY_FOR_GENERATION,,triangle-strategy
753,V_F_GIB_BTL_17421.wav,V_F_GIB_BTL_17421,59,59,59,60,จีโอวานน่า,battle,female,giovanna,assets/triangle-strategy/approved_voice_references/giovanna.wav,เปลวเพลิง จงรวมตัว!,,,READY_FOR_GENERATION,,triangle-strategy
754,V_F_GIB_BTL_17422.wav,V_F_GIB_BTL_17422,60,60,60,61,จีโอวานน่า,battle,female,giovanna,assets/triangle-strategy/approved_voice_references/giovanna.wav,น้ำแข็ง จงฟังคำข้า!,,,READY_FOR_GENERATION,,triangle-strategy
755,V_F_GIB_BTL_17423.wav,V_F_GIB_BTL_17423,61,61,61,62,จีโอวานน่า,battle,female,giovanna,assets/triangle-strategy/approved_voice_references/giovanna.wav,ผืนดิน จงอยู่กับเรา,,,READY_FOR_GENERATION,,triangle-strategy
756,V_F_GIB_BTL_17430.wav,V_F_GIB_BTL_17430,62,62,62,63,จีโอวานน่า,battle,female,giovanna,assets/triangle-strategy/approved_voice_references/giovanna.wav,นี่ไง!,,,READY_FOR_GENERATION,,triangle-strategy
757,V_F_GIB_BTL_17431.wav,V_F_GIB_BTL_17431,63,63,63,64,จีโอวานน่า,battle,female,giovanna,assets/triangle-strategy/approved_voice_references/giovanna.wav,สายน้ำ ข้าขอวิงวอน!,,,READY_FOR_GENERATION,,triangle-strategy
758,V_F_GIB_BTL_17450.wav,V_F_GIB_BTL_17450,64,64,64,65,จีโอวานน่า,battle,female,giovanna,assets/triangle-strategy/approved_voice_references/giovanna.wav,แบบนี้น่าจะได้ผล,,,READY_FOR_GENERATION,,triangle-strategy
759,V_F_GIB_BTL_17451.wav,V_F_GIB_BTL_17451,65,65,65,66,จีโอวานน่า,battle,female,giovanna,assets/triangle-strategy/approved_voice_references/giovanna.wav,รักษา!,,,READY_FOR_GENERATION,,triangle-strategy
760,V_F_GIB_BTL_17460.wav,V_F_GIB_BTL_17460,66,66,66,67,จีโอวานน่า,battle,female,giovanna,assets/triangle-strategy/approved_voice_references/giovanna.wav,จับเจ้าได้แล้ว,,,READY_FOR_GENERATION,,triangle-strategy
761,V_F_GIB_BTL_17461.wav,V_F_GIB_BTL_17461,67,67,67,68,จีโอวานน่า,battle,female,giovanna,assets/triangle-strategy/approved_voice_references/giovanna.wav,พลังแห่งธรรมชาติ!,,,READY_FOR_GENERATION,,triangle-strategy
762,V_F_GIB_BTL_17480.wav,V_F_GIB_BTL_17480,68,68,68,69,จีโอวานน่า,battle,female,giovanna,assets/triangle-strategy/approved_voice_references/giovanna.wav,ขอผืนแผ่นดินแห่งนอร์เซเลียมอบพลังให้ข้า!,,,READY_FOR_GENERATION,,triangle-strategy
763,V_F_GIB_BTL_17490.wav,V_F_GIB_BTL_17490,69,69,69,70,จีโอวานน่า,battle,female,giovanna,assets/triangle-strategy/approved_voice_references/giovanna.wav,ลองรับนี่ไป!,,,READY_FOR_GENERATION,,triangle-strategy
764,V_F_GIB_BTL_17491.wav,V_F_GIB_BTL_17491,70,70,70,71,จีโอวานน่า,battle,female,giovanna,assets/triangle-strategy/approved_voice_references/giovanna.wav,ตรงนั้น!,,,READY_FOR_GENERATION,,triangle-strategy
765,V_F_GIB_BTL_17500.wav,V_F_GIB_BTL_17500,71,71,71,72,จีโอวานน่า,battle,female,giovanna,assets/triangle-strategy/approved_voice_references/giovanna.wav,ข้ามีชีวิตเพื่อการค้นพบใหม่ ๆ,,,READY_FOR_GENERATION,,triangle-strategy
766,V_F_GIB_BTL_17600.wav,V_F_GIB_BTL_17600,72,72,72,73,จีโอวานน่า,battle,female,giovanna,assets/triangle-strategy/approved_voice_references/giovanna.wav,ข้าต้องศึกษาต่อไป,,,READY_FOR_GENERATION,,triangle-strategy
767,V_F_GIB_BTL_17700.wav,V_F_GIB_BTL_17700,73,73,73,74,จีโอวานน่า,battle,female,giovanna,assets/triangle-strategy/approved_voice_references/giovanna.wav,ความกระหายความรู้ของข้าไม่มีวันสิ้นสุด,,,READY_FOR_GENERATION,,triangle-strategy
768,V_F_GIB_BTL_17800.wav,V_F_GIB_BTL_17800,74,74,74,75,จีโอวานน่า,battle,female,giovanna,assets/triangle-strategy/approved_voice_references/giovanna.wav,วู้ฮู! ดูข้าสิ!,,,READY_FOR_GENERATION,,triangle-strategy
769,V_F_GIB_BTL_17900.wav,V_F_GIB_BTL_17900,75,75,75,76,จีโอวานน่า,battle,female,giovanna,assets/triangle-strategy/approved_voice_references/giovanna.wav,ฝากทุกอย่างไว้กับข้าได้เลย โอเคไหม?,,,READY_FOR_GENERATION,,triangle-strategy
770,V_F_GIB_BTL_18000.wav,V_F_GIB_BTL_18000,76,76,76,77,จีโอวานน่า,battle,female,giovanna,assets/triangle-strategy/approved_voice_references/giovanna.wav,ได้เลย,,,READY_FOR_GENERATION,,triangle-strategy
771,V_F_GIB_BTL_18200.wav,V_F_GIB_BTL_18200,77,77,77,78,จีโอวานน่า,battle,female,giovanna,assets/triangle-strategy/approved_voice_references/giovanna.wav,ข้าก้าวหน้าแล้ว ข้ารู้สึกได้,,,READY_FOR_GENERATION,,triangle-strategy
772,V_F_GIB_BTL_18300.wav,V_F_GIB_BTL_18300,78,78,78,79,จีโอวานน่า,battle,female,giovanna,assets/triangle-strategy/approved_voice_references/giovanna.wav,ข้าไม่เคยเสียใจที่มาวูลฟอร์ต,,,READY_FOR_GENERATION,,triangle-strategy
773,V_F_GUR_BTL_00400.wav,V_F_GUR_BTL_00400,0,0,0,1,โกรมา,battle,female,groma,assets/triangle-strategy/approved_voice_references/groma.wav,ให้ข้าจัดการ,,,READY_FOR_GENERATION,,triangle-strategy
774,V_F_GUR_BTL_00500.wav,V_F_GUR_BTL_00500,1,1,1,2,โกรมา,battle,female,groma,assets/triangle-strategy/approved_voice_references/groma.wav,เตรียมตัวไว้,,,READY_FOR_GENERATION,,triangle-strategy
775,V_F_GUR_BTL_00600.wav,V_F_GUR_BTL_00600,2,2,2,3,โกรมา,battle,female,groma,assets/triangle-strategy/approved_voice_references/groma.wav,เอาล่ะ,,,READY_FOR_GENERATION,,triangle-strategy
776,V_F_GUR_BTL_00700.wav,V_F_GUR_BTL_00700,3,3,3,4,โกรมา,battle,female,groma,assets/triangle-strategy/approved_voice_references/groma.wav,ให้ข้าจัดการไหม?,,,READY_FOR_GENERATION,,triangle-strategy
777,V_F_GUR_BTL_01700.wav,V_F_GUR_BTL_01700,4,4,4,5,โกรมา,battle,female,groma,assets/triangle-strategy/approved_voice_references/groma.wav,พวกมันไม่ล้มง่าย ๆ แน่,,,READY_FOR_GENERATION,,triangle-strategy
778,V_F_GUR_BTL_01800.wav,V_F_GUR_BTL_01800,5,5,5,6,โกรมา,battle,female,groma,assets/triangle-strategy/approved_voice_references/groma.wav,อายุเริ่มตามข้าทันแล้วสินะ,,,READY_FOR_GENERATION,,triangle-strategy
779,V_F_GUR_BTL_01900.wav,V_F_GUR_BTL_01900,6,6,6,7,โกรมา,battle,female,groma,assets/triangle-strategy/approved_voice_references/groma.wav,ให้ตายสิ,,,READY_FOR_GENERATION,,triangle-strategy
780,V_F_GUR_BTL_02000.wav,V_F_GUR_BTL_02000,7,7,7,8,โกรมา,battle,female,groma,assets/triangle-strategy/approved_voice_references/groma.wav,ข้ายอมแพ้ไม่ได้,,,READY_FOR_GENERATION,,triangle-strategy
781,V_F_GUR_BTL_02700.wav,V_F_GUR_BTL_02700,8,8,8,9,โกรมา,battle,female,groma,assets/triangle-strategy/approved_voice_references/groma.wav,อืม,,,READY_FOR_GENERATION,,triangle-strategy
782,V_F_GUR_BTL_02800.wav,V_F_GUR_BTL_02800,9,9,9,10,โกรมา,battle,female,groma,assets/triangle-strategy/approved_voice_references/groma.wav,อึก เจ็บแสบจริง,,,READY_FOR_GENERATION,,triangle-strategy
783,V_F_GUR_BTL_02900.wav,V_F_GUR_BTL_02900,10,10,10,11,โกรมา,battle,female,groma,assets/triangle-strategy/approved_voice_references/groma.wav,ฟู่!,,,READY_FOR_GENERATION,,triangle-strategy
784,V_F_GUR_BTL_03000.wav,V_F_GUR_BTL_03000,11,11,11,12,โกรมา,battle,female,groma,assets/triangle-strategy/approved_voice_references/groma.wav,เอ้า!,,ATTACK_CRY,READY_FOR_GENERATION,,triangle-strategy
785,V_F_GUR_BTL_03100.wav,V_F_GUR_BTL_03100,12,12,12,13,โกรมา,battle,female,groma,assets/triangle-strategy/approved_voice_references/groma.wav,เยี่ยม!,,,READY_FOR_GENERATION,,triangle-strategy
786,V_F_GUR_BTL_03200.wav,V_F_GUR_BTL_03200,13,13,13,14,โกรมา,battle,female,groma,assets/triangle-strategy/approved_voice_references/groma.wav,ย๊าก!,,ATTACK_CRY,READY_FOR_GENERATION,,triangle-strategy
787,V_F_GUR_BTL_03300.wav,V_F_GUR_BTL_03300,14,14,14,15,โกรมา,battle,female,groma,assets/triangle-strategy/approved_voice_references/groma.wav,เอ้า!,,ATTACK_CRY,READY_FOR_GENERATION,,triangle-strategy
788,V_F_GUR_BTL_03400.wav,V_F_GUR_BTL_03400,15,15,15,16,โกรมา,battle,female,groma,assets/triangle-strategy/approved_voice_references/groma.wav,ย๊าก!,,ATTACK_CRY,READY_FOR_GENERATION,,triangle-strategy
789,V_F_GUR_BTL_03500.wav,V_F_GUR_BTL_03500,16,16,16,17,โกรมา,battle,female,groma,assets/triangle-strategy/approved_voice_references/groma.wav,จบกันตรงนี้,,,READY_FOR_GENERATION,,triangle-strategy
790,V_F_GUR_BTL_03600.wav,V_F_GUR_BTL_03600,17,17,17,18,โกรมา,battle,female,groma,assets/triangle-strategy/approved_voice_references/groma.wav,ลาก่อน,,,READY_FOR_GENERATION,,triangle-strategy
791,V_F_GUR_BTL_08800.wav,V_F_GUR_BTL_08800,18,18,18,19,โกรมา,battle,female,groma,assets/triangle-strategy/approved_voice_references/groma.wav,ฮ่า ฮ่า ฮ่า ฮ่า ฮ่า!,,,READY_FOR_GENERATION,,triangle-strategy
792,V_F_GUR_BTL_08900.wav,V_F_GUR_BTL_08900,19,19,19,20,โกรมา,battle,female,groma,assets/triangle-strategy/approved_voice_references/groma.wav,คราวนี้ข้า,,,READY_FOR_GENERATION,,triangle-strategy
793,V_F_GUR_BTL_09000.wav,V_F_GUR_BTL_09000,20,20,20,21,โกรมา,battle,female,groma,assets/triangle-strategy/approved_voice_references/groma.wav,ข้าไม่ปรานี,,,READY_FOR_GENERATION,,triangle-strategy
794,V_F_GUR_BTL_14200.wav,V_F_GUR_BTL_14200,21,21,21,22,โกรมา,battle,female,groma,assets/triangle-strategy/approved_voice_references/groma.wav,หมัดของข้าเข้าเป้าเต็ม ๆ,,,READY_FOR_GENERATION,,triangle-strategy
795,V_F_GUR_BTL_14300.wav,V_F_GUR_BTL_14300,22,22,22,23,โกรมา,battle,female,groma,assets/triangle-strategy/approved_voice_references/groma.wav,ข้าไม่ออมมือหรอก,,,READY_FOR_GENERATION,,triangle-strategy
796,V_F_GUR_BTL_14400.wav,V_F_GUR_BTL_14400,23,23,23,24,โกรมา,battle,female,groma,assets/triangle-strategy/approved_voice_references/groma.wav,ตายจริง,,,READY_FOR_GENERATION,,triangle-strategy
797,V_F_GUR_BTL_14500.wav,V_F_GUR_BTL_14500,24,24,24,25,โกรมา,battle,female,groma,assets/triangle-strategy/approved_voice_references/groma.wav,พลาดอีกแล้ว,,,READY_FOR_GENERATION,,triangle-strategy
798,V_F_GUR_BTL_14600.wav,V_F_GUR_BTL_14600,25,25,25,26,โกรมา,battle,female,groma,assets/triangle-strategy/approved_voice_references/groma.wav,โอ๊ะ!,,,READY_FOR_GENERATION,,triangle-strategy
799,V_F_GUR_BTL_14700.wav,V_F_GUR_BTL_14700,26,26,26,27,โกรมา,battle,female,groma,assets/triangle-strategy/approved_voice_references/groma.wav,อ๊าก!,,HURT_CRY,READY_FOR_GENERATION,,triangle-strategy
800,V_F_GUR_BTL_14800.wav,V_F_GUR_BTL_14800,27,27,27,28,โกรมา,battle,female,groma,assets/triangle-strategy/approved_voice_references/groma.wav,ไม่!,,,READY_FOR_GENERATION,,triangle-strategy
801,V_F_GUR_BTL_14900.wav,V_F_GUR_BTL_14900,28,28,28,29,โกรมา,battle,female,groma,assets/triangle-strategy/approved_voice_references/groma.wav,โอ๊ะ!,,,READY_FOR_GENERATION,,triangle-strategy
802,V_F_GUR_BTL_15000.wav,V_F_GUR_BTL_15000,29,29,29,30,โกรมา,battle,female,groma,assets/triangle-strategy/approved_voice_references/groma.wav,อั่ก!,,,READY_FOR_GENERATION,,triangle-strategy
803,V_F_GUR_BTL_15100.wav,V_F_GUR_BTL_15100,30,30,30,31,โกรมา,battle,female,groma,assets/triangle-strategy/approved_voice_references/groma.wav,น่าประทับใจ,,,READY_FOR_GENERATION,,triangle-strategy
804,V_F_GUR_BTL_15200.wav,V_F_GUR_BTL_15200,31,31,31,32,โกรมา,battle,female,groma,assets/triangle-strategy/approved_voice_references/groma.wav,ช้าไป!,,,READY_FOR_GENERATION,,triangle-strategy
805,V_F_GUR_BTL_15300.wav,V_F_GUR_BTL_15300,32,32,32,33,โกรมา,battle,female,groma,assets/triangle-strategy/approved_voice_references/groma.wav,จับเจ้าได้แล้ว,,,READY_FOR_GENERATION,,triangle-strategy
806,V_F_GUR_BTL_15310.wav,V_F_GUR_BTL_15310,33,33,33,34,โกรมา,battle,female,groma,assets/triangle-strategy/approved_voice_references/groma.wav,เจ้าโง่!,,,READY_FOR_GENERATION,,triangle-strategy
807,V_F_GUR_BTL_15320.wav,V_F_GUR_BTL_15320,34,34,34,35,โกรมา,battle,female,groma,assets/triangle-strategy/approved_voice_references/groma.wav,ตัดสินใจหุนหันเกินไป,,,READY_FOR_GENERATION,,triangle-strategy
808,V_F_GUR_BTL_15400.wav,V_F_GUR_BTL_15400,35,35,35,36,โกรมา,battle,female,groma,assets/triangle-strategy/approved_voice_references/groma.wav,หึ!,,EVADE_GUARD,READY_FOR_GENERATION,,triangle-strategy
809,V_F_GUR_BTL_15500.wav,V_F_GUR_BTL_15500,36,36,36,37,โกรมา,battle,female,groma,assets/triangle-strategy/approved_voice_references/groma.wav,หลอกข้าไม่ได้หรอก!,,,READY_FOR_GENERATION,,triangle-strategy
810,V_F_GUR_BTL_15600.wav,V_F_GUR_BTL_15600,37,37,37,38,โกรมา,battle,female,groma,assets/triangle-strategy/approved_voice_references/groma.wav,ขอบคุณมาก,,,READY_FOR_GENERATION,,triangle-strategy
811,V_F_GUR_BTL_15700.wav,V_F_GUR_BTL_15700,38,38,38,39,โกรมา,battle,female,groma,assets/triangle-strategy/approved_voice_references/groma.wav,ขอบคุณมาก,,,READY_FOR_GENERATION,,triangle-strategy
812,V_F_GUR_BTL_15800.wav,V_F_GUR_BTL_15800,39,39,39,40,โกรมา,battle,female,groma,assets/triangle-strategy/approved_voice_references/groma.wav,ข้าสู้ต่อได้อีก,,,READY_FOR_GENERATION,,triangle-strategy
813,V_F_GUR_BTL_15900.wav,V_F_GUR_BTL_15900,40,40,40,41,โกรมา,battle,female,groma,assets/triangle-strategy/approved_voice_references/groma.wav,ข้าจะไม่ทำให้ผิดหวัง,,,READY_FOR_GENERATION,,triangle-strategy
814,V_F_GUR_BTL_16000.wav,V_F_GUR_BTL_16000,41,41,41,42,โกรมา,battle,female,groma,assets/triangle-strategy/approved_voice_references/groma.wav,เราจะไม่แพ้,,,READY_FOR_GENERATION,,triangle-strategy
815,V_F_GUR_BTL_16100.wav,V_F_GUR_BTL_16100,42,42,42,43,โกรมา,battle,female,groma,assets/triangle-strategy/approved_voice_references/groma.wav,ข้าพร้อมแล้ว,,,READY_FOR_GENERATION,,triangle-strategy
816,V_F_GUR_BTL_16200.wav,V_F_GUR_BTL_16200,43,43,43,44,โกรมา,battle,female,groma,assets/triangle-strategy/approved_voice_references/groma.wav,ข้าล้มเหลวแล้ว,,,READY_FOR_GENERATION,,triangle-strategy
817,V_F_GUR_BTL_16300.wav,V_F_GUR_BTL_16300,44,44,44,45,โกรมา,battle,female,groma,assets/triangle-strategy/approved_voice_references/groma.wav,ยุคของข้าคงผ่านไปแล้ว,,,READY_FOR_GENERATION,,triangle-strategy
818,V_F_GUR_BTL_16400.wav,V_F_GUR_BTL_16400,45,45,45,46,โกรมา,battle,female,groma,assets/triangle-strategy/approved_voice_references/groma.wav,ย๊าก!,,,READY_FOR_GENERATION,,triangle-strategy
819,V_F_GUR_BTL_16500.wav,V_F_GUR_BTL_16500,46,46,46,47,โกรมา,battle,female,groma,assets/triangle-strategy/approved_voice_references/groma.wav,รับนี่ไป,,,READY_FOR_GENERATION,,triangle-strategy
820,V_F_GUR_BTL_16600.wav,V_F_GUR_BTL_16600,47,47,47,48,โกรมา,battle,female,groma,assets/triangle-strategy/approved_voice_references/groma.wav,เพื่อกระดูกแก่ ๆ นี้,,,READY_FOR_GENERATION,,triangle-strategy
821,V_F_GUR_BTL_17410.wav,V_F_GUR_BTL_17410,48,48,48,49,โกรมา,battle,female,groma,assets/triangle-strategy/approved_voice_references/groma.wav,ฮ้า!,,ATTACK_CRY,READY_FOR_GENERATION,,triangle-strategy
822,V_F_GUR_BTL_17411.wav,V_F_GUR_BTL_17411,49,49,49,50,โกรมา,battle,female,groma,assets/triangle-strategy/approved_voice_references/groma.wav,ย่ะ!,,ATTACK_CRY,READY_FOR_GENERATION,,triangle-strategy
823,V_F_GUR_BTL_17412.wav,V_F_GUR_BTL_17412,50,50,50,51,โกรมา,battle,female,groma,assets/triangle-strategy/approved_voice_references/groma.wav,ย้าก!,,ATTACK_CRY,READY_FOR_GENERATION,,triangle-strategy
824,V_F_GUR_BTL_17413.wav,V_F_GUR_BTL_17413,51,51,51,52,โกรมา,battle,female,groma,assets/triangle-strategy/approved_voice_references/groma.wav,อืม ทีนี้ล่ะ,,,READY_FOR_GENERATION,,triangle-strategy
825,V_F_GUR_BTL_17414.wav,V_F_GUR_BTL_17414,52,52,52,53,โกรมา,battle,female,groma,assets/triangle-strategy/approved_voice_references/groma.wav,ข้าไม่คิดอย่างนั้น,,,READY_FOR_GENERATION,,triangle-strategy
826,V_F_GUR_BTL_17415.wav,V_F_GUR_BTL_17415,53,53,53,54,โกรมา,battle,female,groma,assets/triangle-strategy/approved_voice_references/groma.wav,งั้นก็เริ่มกันเลยไหม?,,,READY_FOR_GENERATION,,triangle-strategy
827,V_F_GUR_BTL_17420.wav,V_F_GUR_BTL_17420,54,54,54,55,โกรมา,battle,female,groma,assets/triangle-strategy/approved_voice_references/groma.wav,เจ้าจะโจมตีข้าไม่ได้,,,READY_FOR_GENERATION,,triangle-strategy
828,V_F_GUR_BTL_17421.wav,V_F_GUR_BTL_17421,55,55,55,56,โกรมา,battle,female,groma,assets/triangle-strategy/approved_voice_references/groma.wav,ข้าจะไม่พลาด,,,READY_FOR_GENERATION,,triangle-strategy
829,V_F_GUR_BTL_17460.wav,V_F_GUR_BTL_17460,56,56,56,57,โกรมา,battle,female,groma,assets/triangle-strategy/approved_voice_references/groma.wav,ข้ามองเห็นทุกจุดอ่อนของเจ้า,,,READY_FOR_GENERATION,,triangle-strategy
830,V_F_GUR_BTL_17461.wav,V_F_GUR_BTL_17461,57,57,57,58,โกรมา,battle,female,groma,assets/triangle-strategy/approved_voice_references/groma.wav,ถ้าจำเป็นข้าก็จะสู้,,,READY_FOR_GENERATION,,triangle-strategy
831,V_F_GUR_BTL_17462.wav,V_F_GUR_BTL_17462,58,58,58,59,โกรมา,battle,female,groma,assets/triangle-strategy/approved_voice_references/groma.wav,ได้ งั้นก็เอาเลย,,,READY_FOR_GENERATION,,triangle-strategy
832,V_F_GUR_BTL_17480.wav,V_F_GUR_BTL_17480,59,59,59,60,โกรมา,battle,female,groma,assets/triangle-strategy/approved_voice_references/groma.wav,รับพลังของข้าไหวไหม?,,,READY_FOR_GENERATION,,triangle-strategy
833,V_F_GUR_BTL_17500.wav,V_F_GUR_BTL_17500,60,60,60,61,โกรมา,battle,female,groma,assets/triangle-strategy/approved_voice_references/groma.wav,ข้าต้องขัดเกลาฝีมือให้ดียิ่งขึ้น,,,READY_FOR_GENERATION,,triangle-strategy
834,V_F_GUR_BTL_17600.wav,V_F_GUR_BTL_17600,61,61,61,62,โกรมา,battle,female,groma,assets/triangle-strategy/approved_voice_references/groma.wav,แม้หมาแก่ก็ยังเรียนรู้ลูกเล่นใหม่ได้,,,READY_FOR_GENERATION,,triangle-strategy
835,V_F_GUR_BTL_17700.wav,V_F_GUR_BTL_17700,62,62,62,63,โกรมา,battle,female,groma,assets/triangle-strategy/approved_voice_references/groma.wav,ข้าต้องไม่หมดหวัง,,,READY_FOR_GENERATION,,triangle-strategy
836,V_F_GUR_BTL_17800.wav,V_F_GUR_BTL_17800,63,63,63,64,โกรมา,battle,female,groma,assets/triangle-strategy/approved_voice_references/groma.wav,กระดูกแก่ ๆ นี้ยังมีแรงอยู่นะ,,,READY_FOR_GENERATION,,triangle-strategy
837,V_F_GUR_BTL_17900.wav,V_F_GUR_BTL_17900,64,64,64,65,โกรมา,battle,female,groma,assets/triangle-strategy/approved_voice_references/groma.wav,สนามรบฝากข้าจัดการ,,,READY_FOR_GENERATION,,triangle-strategy
838,V_F_GUR_BTL_18000.wav,V_F_GUR_BTL_18000,65,65,65,66,โกรมา,battle,female,groma,assets/triangle-strategy/approved_voice_references/groma.wav,ขอบคุณที่ยังพึ่งพาหญิงชราคนนี้,,,READY_FOR_GENERATION,,triangle-strategy
839,V_F_GUR_BTL_18200.wav,V_F_GUR_BTL_18200,66,66,66,67,โกรมา,battle,female,groma,assets/triangle-strategy/approved_voice_references/groma.wav,ข้าซาบซึ้ง,,,READY_FOR_GENERATION,,triangle-strategy
840,V_F_GUR_BTL_18300.wav,V_F_GUR_BTL_18300,67,67,67,68,โกรมา,battle,female,groma,assets/triangle-strategy/approved_voice_references/groma.wav,ข้ายังมีชีวิตสู้ต่อได้อีกวัน,,,READY_FOR_GENERATION,,triangle-strategy
841,V_F_HEW_BTL_00400.wav,V_F_HEW_BTL_00400,0,0,0,1,Hughette,battle,female,hughette,assets/triangle-strategy/approved_voice_references/hughette.wav,ข้ามาแล้ว,,,READY_FOR_GENERATION,,triangle-strategy
842,V_F_HEW_BTL_00500.wav,V_F_HEW_BTL_00500,1,1,1,2,Hughette,battle,female,hughette,assets/triangle-strategy/approved_voice_references/hughette.wav,ได้เวลาทะยาน!,,,READY_FOR_GENERATION,,triangle-strategy
843,V_F_HEW_BTL_00600.wav,V_F_HEW_BTL_00600,2,2,2,3,Hughette,battle,female,hughette,assets/triangle-strategy/approved_voice_references/hughette.wav,เริ่มการล่า,,,READY_FOR_GENERATION,,triangle-strategy
844,V_F_HEW_BTL_00700.wav,V_F_HEW_BTL_00700,3,3,3,4,Hughette,battle,female,hughette,assets/triangle-strategy/approved_voice_references/hughette.wav,ศึกนี้เป็นของเรา,,,READY_FOR_GENERATION,,triangle-strategy
845,V_F_HEW_BTL_01700.wav,V_F_HEW_BTL_01700,4,4,4,5,Hughette,battle,female,hughette,assets/triangle-strategy/approved_voice_references/hughette.wav,ท่าไม่ดีแล้ว,,,READY_FOR_GENERATION,,triangle-strategy
846,V_F_HEW_BTL_01800.wav,V_F_HEW_BTL_01800,5,5,5,6,Hughette,battle,female,hughette,assets/triangle-strategy/approved_voice_references/hughette.wav,อย่าลดการระวังตัว,,,READY_FOR_GENERATION,,triangle-strategy
847,V_F_HEW_BTL_01900.wav,V_F_HEW_BTL_01900,6,6,6,7,Hughette,battle,female,hughette,assets/triangle-strategy/approved_voice_references/hughette.wav,ข้าจะไม่ยอม,,,READY_FOR_GENERATION,,triangle-strategy
848,V_F_HEW_BTL_02000.wav,V_F_HEW_BTL_02000,7,7,7,8,Hughette,battle,female,hughette,assets/triangle-strategy/approved_voice_references/hughette.wav,มันยังไม่จบ,,,READY_FOR_GENERATION,,triangle-strategy
849,V_F_HEW_BTL_02700.wav,V_F_HEW_BTL_02700,8,8,8,9,Hughette,battle,female,hughette,assets/triangle-strategy/approved_voice_references/hughette.wav,อึก...,,STATUS_REACTION,READY_FOR_GENERATION,,triangle-strategy
850,V_F_HEW_BTL_02800.wav,V_F_HEW_BTL_02800,9,9,9,10,Hughette,battle,female,hughette,assets/triangle-strategy/approved_voice_references/hughette.wav,อูย...,,STATUS_REACTION,READY_FOR_GENERATION,,triangle-strategy
851,V_F_HEW_BTL_02900.wav,V_F_HEW_BTL_02900,10,10,10,11,Hughette,battle,female,hughette,assets/triangle-strategy/approved_voice_references/hughette.wav,ย๊าก!,,ATTACK_CRY,READY_FOR_GENERATION,,triangle-strategy
852,V_F_HEW_BTL_03000.wav,V_F_HEW_BTL_03000,11,11,11,12,Hughette,battle,female,hughette,assets/triangle-strategy/approved_voice_references/hughette.wav,อ้าก!,,,READY_FOR_GENERATION,,triangle-strategy
853,V_F_HEW_BTL_03100.wav,V_F_HEW_BTL_03100,12,12,12,13,Hughette,battle,female,hughette,assets/triangle-strategy/approved_voice_references/hughette.wav,ฮึ่ย!,,,READY_FOR_GENERATION,,triangle-strategy
854,V_F_HEW_BTL_03200.wav,V_F_HEW_BTL_03200,13,13,13,14,Hughette,battle,female,hughette,assets/triangle-strategy/approved_voice_references/hughette.wav,ย๊าก!,,ATTACK_CRY,READY_FOR_GENERATION,,triangle-strategy
855,V_F_HEW_BTL_03300.wav,V_F_HEW_BTL_03300,14,14,14,15,Hughette,battle,female,hughette,assets/triangle-strategy/approved_voice_references/hughette.wav,ฮึ่ย!,,ATTACK_CRY,READY_FOR_GENERATION,,triangle-strategy
856,V_F_HEW_BTL_03400.wav,V_F_HEW_BTL_03400,15,15,15,16,Hughette,battle,female,hughette,assets/triangle-strategy/approved_voice_references/hughette.wav,รับนี่ไป!,,,READY_FOR_GENERATION,,triangle-strategy
857,V_F_HEW_BTL_03500.wav,V_F_HEW_BTL_03500,16,16,16,17,Hughette,battle,female,hughette,assets/triangle-strategy/approved_voice_references/hughette.wav,จบกันตอนนี้!,,,READY_FOR_GENERATION,,triangle-strategy
858,V_F_HEW_BTL_03600.wav,V_F_HEW_BTL_03600,17,17,17,18,Hughette,battle,female,hughette,assets/triangle-strategy/approved_voice_references/hughette.wav,ลาก่อน!,,,READY_FOR_GENERATION,,triangle-strategy
859,V_F_HEW_BTL_08800.wav,V_F_HEW_BTL_08800,18,18,18,19,Hughette,battle,female,hughette,assets/triangle-strategy/approved_voice_references/hughette.wav,ตอนนี้!,,,READY_FOR_GENERATION,,triangle-strategy
860,V_F_HEW_BTL_08900.wav,V_F_HEW_BTL_08900,19,19,19,20,Hughette,battle,female,hughette,assets/triangle-strategy/approved_voice_references/hughette.wav,มีช่องแล้ว!,,,READY_FOR_GENERATION,,triangle-strategy
861,V_F_HEW_BTL_09000.wav,V_F_HEW_BTL_09000,20,20,20,21,Hughette,battle,female,hughette,assets/triangle-strategy/approved_voice_references/hughette.wav,ตาข้าบ้าง!,,,READY_FOR_GENERATION,,triangle-strategy
862,V_F_HEW_BTL_14200.wav,V_F_HEW_BTL_14200,21,21,21,22,Hughette,battle,female,hughette,assets/triangle-strategy/approved_voice_references/hughette.wav,ศึกนี้เราชนะแล้ว!,,,READY_FOR_GENERATION,,triangle-strategy
863,V_F_HEW_BTL_14300.wav,V_F_HEW_BTL_14300,22,22,22,23,Hughette,battle,female,hughette,assets/triangle-strategy/approved_voice_references/hughette.wav,ชัยชนะเป็นของเรา!,,,READY_FOR_GENERATION,,triangle-strategy
864,V_F_HEW_BTL_14400.wav,V_F_HEW_BTL_14400,23,23,23,24,Hughette,battle,female,hughette,assets/triangle-strategy/approved_voice_references/hughette.wav,อะไรนะ?,,,READY_FOR_GENERATION,,triangle-strategy
865,V_F_HEW_BTL_14500.wav,V_F_HEW_BTL_14500,24,24,24,25,Hughette,battle,female,hughette,assets/triangle-strategy/approved_voice_references/hughette.wav,ไม่ได้ผลหรือ?,,,READY_FOR_GENERATION,,triangle-strategy
866,V_F_HEW_BTL_14600.wav,V_F_HEW_BTL_14600,25,25,25,26,Hughette,battle,female,hughette,assets/triangle-strategy/approved_voice_references/hughette.wav,โอ๊ย!,,HURT_CRY,READY_FOR_GENERATION,,triangle-strategy
867,V_F_HEW_BTL_14700.wav,V_F_HEW_BTL_14700,26,26,26,27,Hughette,battle,female,hughette,assets/triangle-strategy/approved_voice_references/hughette.wav,โธ่เอ๊ย!,,,READY_FOR_GENERATION,,triangle-strategy
868,V_F_HEW_BTL_14800.wav,V_F_HEW_BTL_14800,27,27,27,28,Hughette,battle,female,hughette,assets/triangle-strategy/approved_voice_references/hughette.wav,อึก!,,HURT_CRY,READY_FOR_GENERATION,,triangle-strategy
869,V_F_HEW_BTL_14900.wav,V_F_HEW_BTL_14900,28,28,28,29,Hughette,battle,female,hughette,assets/triangle-strategy/approved_voice_references/hughette.wav,อึ่ก!,,HURT_CRY,READY_FOR_GENERATION,,triangle-strategy
870,V_F_HEW_BTL_15000.wav,V_F_HEW_BTL_15000,29,29,29,30,Hughette,battle,female,hughette,assets/triangle-strategy/approved_voice_references/hughette.wav,อั่ก!,,HURT_CRY,READY_FOR_GENERATION,,triangle-strategy
871,V_F_HEW_BTL_15100.wav,V_F_HEW_BTL_15100,30,30,30,31,Hughette,battle,female,hughette,assets/triangle-strategy/approved_voice_references/hughette.wav,อึก!,,HURT_CRY,READY_FOR_GENERATION,,triangle-strategy
872,V_F_HEW_BTL_15200.wav,V_F_HEW_BTL_15200,31,31,31,32,Hughette,battle,female,hughette,assets/triangle-strategy/approved_voice_references/hughette.wav,เจ้านั่น!,,,READY_FOR_GENERATION,,triangle-strategy
873,V_F_HEW_BTL_15300.wav,V_F_HEW_BTL_15300,32,32,32,33,Hughette,battle,female,hughette,assets/triangle-strategy/approved_voice_references/hughette.wav,เอาคืนไป!,,,READY_FOR_GENERATION,,triangle-strategy
874,V_F_HEW_BTL_15310.wav,V_F_HEW_BTL_15310,33,33,33,34,Hughette,battle,female,hughette,assets/triangle-strategy/approved_voice_references/hughette.wav,น่าจะระวังกว่านี้,,,READY_FOR_GENERATION,,triangle-strategy
875,V_F_HEW_BTL_15320.wav,V_F_HEW_BTL_15320,34,34,34,35,Hughette,battle,female,hughette,assets/triangle-strategy/approved_voice_references/hughette.wav,ตาข้าแล้ว,,,READY_FOR_GENERATION,,triangle-strategy
876,V_F_HEW_BTL_15400.wav,V_F_HEW_BTL_15400,35,35,35,36,Hughette,battle,female,hughette,assets/triangle-strategy/approved_voice_references/hughette.wav,ฮึบ!,,,READY_FOR_GENERATION,,triangle-strategy
877,V_F_HEW_BTL_15500.wav,V_F_HEW_BTL_15500,36,36,36,37,Hughette,battle,female,hughette,assets/triangle-strategy/approved_voice_references/hughette.wav,ไม่มีทาง!,,,READY_FOR_GENERATION,,triangle-strategy
878,V_F_HEW_BTL_15600.wav,V_F_HEW_BTL_15600,37,37,37,38,Hughette,battle,female,hughette,assets/triangle-strategy/approved_voice_references/hughette.wav,ขอบคุณ,,,READY_FOR_GENERATION,,triangle-strategy
879,V_F_HEW_BTL_15700.wav,V_F_HEW_BTL_15700,38,38,38,39,Hughette,battle,female,hughette,assets/triangle-strategy/approved_voice_references/hughette.wav,ขอบใจนะ,,,READY_FOR_GENERATION,,triangle-strategy
880,V_F_HEW_BTL_15800.wav,V_F_HEW_BTL_15800,39,39,39,40,Hughette,battle,female,hughette,assets/triangle-strategy/approved_voice_references/hughette.wav,ข้าต้องการแบบนี้พอดี,,,READY_FOR_GENERATION,,triangle-strategy
881,V_F_HEW_BTL_15900.wav,V_F_HEW_BTL_15900,40,40,40,41,Hughette,battle,female,hughette,assets/triangle-strategy/approved_voice_references/hughette.wav,ช่างกรุณา,,,READY_FOR_GENERATION,,triangle-strategy
882,V_F_HEW_BTL_16000.wav,V_F_HEW_BTL_16000,41,41,41,42,Hughette,battle,female,hughette,assets/triangle-strategy/approved_voice_references/hughette.wav,ยอดเยี่ยมจริง ๆ,,,READY_FOR_GENERATION,,triangle-strategy
883,V_F_HEW_BTL_16100.wav,V_F_HEW_BTL_16100,42,42,42,43,Hughette,battle,female,hughette,assets/triangle-strategy/approved_voice_references/hughette.wav,น่าเหลือเชื่อ!,,,READY_FOR_GENERATION,,triangle-strategy
884,V_F_HEW_BTL_16200.wav,V_F_HEW_BTL_16200,43,43,43,44,Hughette,battle,female,hughette,assets/triangle-strategy/approved_voice_references/hughette.wav,ฝ่าบาท!,,,READY_FOR_GENERATION,,triangle-strategy
885,V_F_HEW_BTL_16300.wav,V_F_HEW_BTL_16300,44,44,44,45,Hughette,battle,female,hughette,assets/triangle-strategy/approved_voice_references/hughette.wav,ต่อจากนี้ฝากเจ้าด้วย,,,READY_FOR_GENERATION,,triangle-strategy
886,V_F_HEW_BTL_16400.wav,V_F_HEW_BTL_16400,45,45,45,46,Hughette,battle,female,hughette,assets/triangle-strategy/approved_voice_references/hughette.wav,นี่!,,,READY_FOR_GENERATION,,triangle-strategy
887,V_F_HEW_BTL_16500.wav,V_F_HEW_BTL_16500,46,46,46,47,Hughette,battle,female,hughette,assets/triangle-strategy/approved_voice_references/hughette.wav,ใช้นี่!,,,READY_FOR_GENERATION,,triangle-strategy
888,V_F_HEW_BTL_16600.wav,V_F_HEW_BTL_16600,47,47,47,48,Hughette,battle,female,hughette,assets/triangle-strategy/approved_voice_references/hughette.wav,ตอนนี้!,,,READY_FOR_GENERATION,,triangle-strategy
889,V_F_HEW_BTL_17410.wav,V_F_HEW_BTL_17410,48,48,48,49,Hughette,battle,female,hughette,assets/triangle-strategy/approved_voice_references/hughette.wav,เข้มแข็งไว้,,,READY_FOR_GENERATION,,triangle-strategy
890,V_F_HEW_BTL_17411.wav,V_F_HEW_BTL_17411,49,49,49,50,Hughette,battle,female,hughette,assets/triangle-strategy/approved_voice_references/hughette.wav,ศึกนี้เป็นของเรา,,,READY_FOR_GENERATION,,triangle-strategy
891,V_F_HEW_BTL_17412.wav,V_F_HEW_BTL_17412,50,50,50,51,Hughette,battle,female,hughette,assets/triangle-strategy/approved_voice_references/hughette.wav,เราต้องเดินหน้าต่อ!,,,READY_FOR_GENERATION,,triangle-strategy
892,V_F_HEW_BTL_17413.wav,V_F_HEW_BTL_17413,51,51,51,52,Hughette,battle,female,hughette,assets/triangle-strategy/approved_voice_references/hughette.wav,ตั้งสมาธิ!,,,READY_FOR_GENERATION,,triangle-strategy
893,V_F_HEW_BTL_17414.wav,V_F_HEW_BTL_17414,52,52,52,53,Hughette,battle,female,hughette,assets/triangle-strategy/approved_voice_references/hughette.wav,เล็งให้ดี!,,,READY_FOR_GENERATION,,triangle-strategy
894,V_F_HEW_BTL_17415.wav,V_F_HEW_BTL_17415,53,53,53,54,Hughette,battle,female,hughette,assets/triangle-strategy/approved_voice_references/hughette.wav,ข้าจะไม่พลาด,,,READY_FOR_GENERATION,,triangle-strategy
895,V_F_HEW_BTL_17416.wav,V_F_HEW_BTL_17416,54,54,54,55,Hughette,battle,female,hughette,assets/triangle-strategy/approved_voice_references/hughette.wav,ลองนี่ดู!,,,READY_FOR_GENERATION,,triangle-strategy
896,V_F_HEW_BTL_17417.wav,V_F_HEW_BTL_17417,55,55,55,56,Hughette,battle,female,hughette,assets/triangle-strategy/approved_voice_references/hughette.wav,จากระยะนี้...,,,READY_FOR_GENERATION,,triangle-strategy
897,V_F_HEW_BTL_17418.wav,V_F_HEW_BTL_17418,56,56,56,57,Hughette,battle,female,hughette,assets/triangle-strategy/approved_voice_references/hughette.wav,ให้ข้าจัดการ,,,READY_FOR_GENERATION,,triangle-strategy
898,V_F_HEW_BTL_17420.wav,V_F_HEW_BTL_17420,57,57,57,58,Hughette,battle,female,hughette,assets/triangle-strategy/approved_voice_references/hughette.wav,ฟลูจี้!,,,READY_FOR_GENERATION,,triangle-strategy
899,V_F_HEW_BTL_17440.wav,V_F_HEW_BTL_17440,58,58,58,59,Hughette,battle,female,hughette,assets/triangle-strategy/approved_voice_references/hughette.wav,ไปกันเลย!,,,READY_FOR_GENERATION,,triangle-strategy
900,V_F_HEW_BTL_17441.wav,V_F_HEW_BTL_17441,59,59,59,60,Hughette,battle,female,hughette,assets/triangle-strategy/approved_voice_references/hughette.wav,การต่อสู้เพิ่งเริ่มเท่านั้น,,,READY_FOR_GENERATION,,triangle-strategy
901,V_F_HEW_BTL_17442.wav,V_F_HEW_BTL_17442,60,60,60,61,Hughette,battle,female,hughette,assets/triangle-strategy/approved_voice_references/hughette.wav,เราแพ้ไม่ได้,,,READY_FOR_GENERATION,,triangle-strategy
902,V_F_HEW_BTL_17450.wav,V_F_HEW_BTL_17450,61,61,61,62,Hughette,battle,female,hughette,assets/triangle-strategy/approved_voice_references/hughette.wav,ลูกธนูของข้าไม่พลาดเป้า,,,READY_FOR_GENERATION,,triangle-strategy
903,V_F_HEW_BTL_17451.wav,V_F_HEW_BTL_17451,62,62,62,63,Hughette,battle,female,hughette,assets/triangle-strategy/approved_voice_references/hughette.wav,กล้าก็เข้ามา,,,READY_FOR_GENERATION,,triangle-strategy
904,V_F_HEW_BTL_17460.wav,V_F_HEW_BTL_17460,63,63,63,64,Hughette,battle,female,hughette,assets/triangle-strategy/approved_voice_references/hughette.wav,ความมืดจะกลืนกินเจ้า,,,READY_FOR_GENERATION,,triangle-strategy
905,V_F_HEW_BTL_17461.wav,V_F_HEW_BTL_17461,64,64,64,65,Hughette,battle,female,hughette,assets/triangle-strategy/approved_voice_references/hughette.wav,ห้ามก้าวต่อ!,,,READY_FOR_GENERATION,,triangle-strategy
906,V_F_HEW_BTL_17462.wav,V_F_HEW_BTL_17462,65,65,65,66,Hughette,battle,female,hughette,assets/triangle-strategy/approved_voice_references/hughette.wav,อย่าหวังความเมตตาจากเรา,,,READY_FOR_GENERATION,,triangle-strategy
907,V_F_HEW_BTL_17480.wav,V_F_HEW_BTL_17480,66,66,66,67,Hughette,battle,female,hughette,assets/triangle-strategy/approved_voice_references/hughette.wav,ให้ข้ายืมปีกของเจ้า ฟลูจี้!,,,READY_FOR_GENERATION,,triangle-strategy
908,V_F_HEW_BTL_17500.wav,V_F_HEW_BTL_17500,67,67,67,68,Hughette,battle,female,hughette,assets/triangle-strategy/approved_voice_references/hughette.wav,ขอให้โชคเข้าข้างเรา,,,READY_FOR_GENERATION,,triangle-strategy
909,V_F_HEW_BTL_17600.wav,V_F_HEW_BTL_17600,68,68,68,69,Hughette,battle,female,hughette,assets/triangle-strategy/approved_voice_references/hughette.wav,สายลมแห่งการเปลี่ยนแปลงกำลังพัดมา,,,READY_FOR_GENERATION,,triangle-strategy
910,V_F_HEW_BTL_17700.wav,V_F_HEW_BTL_17700,69,69,69,70,Hughette,battle,female,hughette,assets/triangle-strategy/approved_voice_references/hughette.wav,ข้าจะสู้จนลมหายใจสุดท้าย,,,READY_FOR_GENERATION,,triangle-strategy
911,V_F_HEW_BTL_17800.wav,V_F_HEW_BTL_17800,70,70,70,71,Hughette,battle,female,hughette,assets/triangle-strategy/approved_voice_references/hughette.wav,ศักดิ์ศรีคือโล่ของข้า,,,READY_FOR_GENERATION,,triangle-strategy
912,V_F_HEW_BTL_17900.wav,V_F_HEW_BTL_17900,71,71,71,72,Hughette,battle,female,hughette,assets/triangle-strategy/approved_voice_references/hughette.wav,พร้อมรับใช้,,,READY_FOR_GENERATION,,triangle-strategy
913,V_F_HEW_BTL_18000.wav,V_F_HEW_BTL_18000,72,72,72,73,Hughette,battle,female,hughette,assets/triangle-strategy/approved_voice_references/hughette.wav,ข้าจะไม่ทำให้ผิดหวัง,,,READY_FOR_GENERATION,,triangle-strategy
914,V_F_HEW_BTL_18200.wav,V_F_HEW_BTL_18200,73,73,73,74,Hughette,battle,female,hughette,assets/triangle-strategy/approved_voice_references/hughette.wav,เป็นเกียรติที่ได้รับใช้,,,READY_FOR_GENERATION,,triangle-strategy
915,V_F_HEW_BTL_18300.wav,V_F_HEW_BTL_18300,74,74,74,75,Hughette,battle,female,hughette,assets/triangle-strategy/approved_voice_references/hughette.wav,ความพยายามย่อมได้ผลตอบแทน,,,READY_FOR_GENERATION,,triangle-strategy
916,V_F_HOS_BTL_00400.wav,V_F_HOS_BTL_00400,0,0,0,1,ฮอสซาบาร่า,battle,female,hossabara,assets/triangle-strategy/approved_voice_references/hossabara.wav,เอาสิ เข้ามา,,,READY_FOR_GENERATION,,triangle-strategy
917,V_F_HOS_BTL_00500.wav,V_F_HOS_BTL_00500,1,1,1,2,ฮอสซาบาร่า,battle,female,hossabara,assets/triangle-strategy/approved_voice_references/hossabara.wav,ทีนี้ตาข้าแล้ว,,,READY_FOR_GENERATION,,triangle-strategy
918,V_F_HOS_BTL_00600.wav,V_F_HOS_BTL_00600,2,2,2,3,ฮอสซาบาร่า,battle,female,hossabara,assets/triangle-strategy/approved_voice_references/hossabara.wav,คึกคักไม่เบาเลยนะ,,,READY_FOR_GENERATION,,triangle-strategy
919,V_F_HOS_BTL_00700.wav,V_F_HOS_BTL_00700,3,3,3,4,ฮอสซาบาร่า,battle,female,hossabara,assets/triangle-strategy/approved_voice_references/hossabara.wav,ฝากทุกอย่างไว้กับข้า,,,READY_FOR_GENERATION,,triangle-strategy
920,V_F_HOS_BTL_01700.wav,V_F_HOS_BTL_01700,4,4,4,5,ฮอสซาบาร่า,battle,female,hossabara,assets/triangle-strategy/approved_voice_references/hossabara.wav,สถานการณ์ไม่สวยเลย,,,READY_FOR_GENERATION,,triangle-strategy
921,V_F_HOS_BTL_01800.wav,V_F_HOS_BTL_01800,5,5,5,6,ฮอสซาบาร่า,battle,female,hossabara,assets/triangle-strategy/approved_voice_references/hossabara.wav,ต้องจัดการเรื่องนี้ให้ดีกว่านี้,,,READY_FOR_GENERATION,,triangle-strategy
922,V_F_HOS_BTL_01900.wav,V_F_HOS_BTL_01900,6,6,6,7,ฮอสซาบาร่า,battle,female,hossabara,assets/triangle-strategy/approved_voice_references/hossabara.wav,ยอมรับเลย ข้ากำลังเสียเปรียบ,,,READY_FOR_GENERATION,,triangle-strategy
923,V_F_HOS_BTL_02000.wav,V_F_HOS_BTL_02000,7,7,7,8,ฮอสซาบาร่า,battle,female,hossabara,assets/triangle-strategy/approved_voice_references/hossabara.wav,ต้องลงมือแล้ว,,,READY_FOR_GENERATION,,triangle-strategy
924,V_F_HOS_BTL_02700.wav,V_F_HOS_BTL_02700,8,8,8,9,ฮอสซาบาร่า,battle,female,hossabara,assets/triangle-strategy/approved_voice_references/hossabara.wav,ไม่ทันคาดเลย,,,READY_FOR_GENERATION,,triangle-strategy
925,V_F_HOS_BTL_02800.wav,V_F_HOS_BTL_02800,9,9,9,10,ฮอสซาบาร่า,battle,female,hossabara,assets/triangle-strategy/approved_voice_references/hossabara.wav,แบบนี้ไม่ดีแน่,,,READY_FOR_GENERATION,,triangle-strategy
926,V_F_HOS_BTL_02900.wav,V_F_HOS_BTL_02900,10,10,10,11,ฮอสซาบาร่า,battle,female,hossabara,assets/triangle-strategy/approved_voice_references/hossabara.wav,เอาล่ะ!,,,READY_FOR_GENERATION,,triangle-strategy
927,V_F_HOS_BTL_03000.wav,V_F_HOS_BTL_03000,11,11,11,12,ฮอสซาบาร่า,battle,female,hossabara,assets/triangle-strategy/approved_voice_references/hossabara.wav,ฮ้า!,,ATTACK_CRY,READY_FOR_GENERATION,,triangle-strategy
928,V_F_HOS_BTL_03100.wav,V_F_HOS_BTL_03100,12,12,12,13,ฮอสซาบาร่า,battle,female,hossabara,assets/triangle-strategy/approved_voice_references/hossabara.wav,เอ้า!,,ATTACK_CRY,READY_FOR_GENERATION,,triangle-strategy
929,V_F_HOS_BTL_03200.wav,V_F_HOS_BTL_03200,13,13,13,14,ฮอสซาบาร่า,battle,female,hossabara,assets/triangle-strategy/approved_voice_references/hossabara.wav,เฮ้ย่า!,,,READY_FOR_GENERATION,,triangle-strategy
930,V_F_HOS_BTL_03300.wav,V_F_HOS_BTL_03300,14,14,14,15,ฮอสซาบาร่า,battle,female,hossabara,assets/triangle-strategy/approved_voice_references/hossabara.wav,เอ้า!,,ATTACK_CRY,READY_FOR_GENERATION,,triangle-strategy
931,V_F_HOS_BTL_03400.wav,V_F_HOS_BTL_03400,15,15,15,16,ฮอสซาบาร่า,battle,female,hossabara,assets/triangle-strategy/approved_voice_references/hossabara.wav,เอ้า!,,ATTACK_CRY,READY_FOR_GENERATION,,triangle-strategy
932,V_F_HOS_BTL_03500.wav,V_F_HOS_BTL_03500,16,16,16,17,ฮอสซาบาร่า,battle,female,hossabara,assets/triangle-strategy/approved_voice_references/hossabara.wav,ยินดีที่ได้รู้จักกันนะ,,,READY_FOR_GENERATION,,triangle-strategy
933,V_F_HOS_BTL_03600.wav,V_F_HOS_BTL_03600,17,17,17,18,ฮอสซาบาร่า,battle,female,hossabara,assets/triangle-strategy/approved_voice_references/hossabara.wav,อาจเจ็บนิดหน่อยนะ,,,READY_FOR_GENERATION,,triangle-strategy
934,V_F_HOS_BTL_08800.wav,V_F_HOS_BTL_08800,18,18,18,19,ฮอสซาบาร่า,battle,female,hossabara,assets/triangle-strategy/approved_voice_references/hossabara.wav,ทางนี้!,,,READY_FOR_GENERATION,,triangle-strategy
935,V_F_HOS_BTL_08900.wav,V_F_HOS_BTL_08900,19,19,19,20,ฮอสซาบาร่า,battle,female,hossabara,assets/triangle-strategy/approved_voice_references/hossabara.wav,ข้าจะตัดทางเจ้า,,,READY_FOR_GENERATION,,triangle-strategy
936,V_F_HOS_BTL_09000.wav,V_F_HOS_BTL_09000,20,20,20,21,ฮอสซาบาร่า,battle,female,hossabara,assets/triangle-strategy/approved_voice_references/hossabara.wav,อีกยกหนึ่ง,,,READY_FOR_GENERATION,,triangle-strategy
937,V_F_HOS_BTL_14200.wav,V_F_HOS_BTL_14200,21,21,21,22,ฮอสซาบาร่า,battle,female,hossabara,assets/triangle-strategy/approved_voice_references/hossabara.wav,อืม ได้ผลแฮะ,,,READY_FOR_GENERATION,,triangle-strategy
938,V_F_HOS_BTL_14300.wav,V_F_HOS_BTL_14300,22,22,22,23,ฮอสซาบาร่า,battle,female,hossabara,assets/triangle-strategy/approved_voice_references/hossabara.wav,มองแผนเจ้าออกหมดแล้ว,,,READY_FOR_GENERATION,,triangle-strategy
939,V_F_HOS_BTL_14400.wav,V_F_HOS_BTL_14400,23,23,23,24,ฮอสซาบาร่า,battle,female,hossabara,assets/triangle-strategy/approved_voice_references/hossabara.wav,อะไรกันเนี่ย?,,,READY_FOR_GENERATION,,triangle-strategy
940,V_F_HOS_BTL_14500.wav,V_F_HOS_BTL_14500,24,24,24,25,ฮอสซาบาร่า,battle,female,hossabara,assets/triangle-strategy/approved_voice_references/hossabara.wav,ไม่ใช่แบบนี้,,,READY_FOR_GENERATION,,triangle-strategy
941,V_F_HOS_BTL_14600.wav,V_F_HOS_BTL_14600,25,25,25,26,ฮอสซาบาร่า,battle,female,hossabara,assets/triangle-strategy/approved_voice_references/hossabara.wav,อึ่ก!,,HURT_CRY,READY_FOR_GENERATION,,triangle-strategy
942,V_F_HOS_BTL_14700.wav,V_F_HOS_BTL_14700,26,26,26,27,ฮอสซาบาร่า,battle,female,hossabara,assets/triangle-strategy/approved_voice_references/hossabara.wav,โอ๊ย!,,,READY_FOR_GENERATION,,triangle-strategy
943,V_F_HOS_BTL_14800.wav,V_F_HOS_BTL_14800,27,27,27,28,ฮอสซาบาร่า,battle,female,hossabara,assets/triangle-strategy/approved_voice_references/hossabara.wav,โอ๊ย โอ๊ย โอ๊ย!,,,READY_FOR_GENERATION,,triangle-strategy
944,V_F_HOS_BTL_14900.wav,V_F_HOS_BTL_14900,28,28,28,29,ฮอสซาบาร่า,battle,female,hossabara,assets/triangle-strategy/approved_voice_references/hossabara.wav,ไม่!,,,READY_FOR_GENERATION,,triangle-strategy
945,V_F_HOS_BTL_15000.wav,V_F_HOS_BTL_15000,29,29,29,30,ฮอสซาบาร่า,battle,female,hossabara,assets/triangle-strategy/approved_voice_references/hossabara.wav,ไม่!,,,READY_FOR_GENERATION,,triangle-strategy
946,V_F_HOS_BTL_15100.wav,V_F_HOS_BTL_15100,30,30,30,31,ฮอสซาบาร่า,battle,female,hossabara,assets/triangle-strategy/approved_voice_references/hossabara.wav,พวกมันเล่นข้าแล้ว,,,READY_FOR_GENERATION,,triangle-strategy
947,V_F_HOS_BTL_15200.wav,V_F_HOS_BTL_15200,31,31,31,32,ฮอสซาบาร่า,battle,female,hossabara,assets/triangle-strategy/approved_voice_references/hossabara.wav,วันนี้ไม่ใช่วันของเจ้า!,,,READY_FOR_GENERATION,,triangle-strategy
948,V_F_HOS_BTL_15300.wav,V_F_HOS_BTL_15300,32,32,32,33,ฮอสซาบาร่า,battle,female,hossabara,assets/triangle-strategy/approved_voice_references/hossabara.wav,ได้ผล,,,READY_FOR_GENERATION,,triangle-strategy
949,V_F_HOS_BTL_15310.wav,V_F_HOS_BTL_15310,33,33,33,34,ฮอสซาบาร่า,battle,female,hossabara,assets/triangle-strategy/approved_voice_references/hossabara.wav,เจ้านี่ห่วยจริง ๆ เลยนะ,,,READY_FOR_GENERATION,,triangle-strategy
950,V_F_HOS_BTL_15320.wav,V_F_HOS_BTL_15320,34,34,34,35,ฮอสซาบาร่า,battle,female,hossabara,assets/triangle-strategy/approved_voice_references/hossabara.wav,จะเอาแบบนี้ใช่ไหม?,,,READY_FOR_GENERATION,,triangle-strategy
951,V_F_HOS_BTL_15400.wav,V_F_HOS_BTL_15400,35,35,35,36,ฮอสซาบาร่า,battle,female,hossabara,assets/triangle-strategy/approved_voice_references/hossabara.wav,โว้ว!,,,READY_FOR_GENERATION,,triangle-strategy
952,V_F_HOS_BTL_15500.wav,V_F_HOS_BTL_15500,36,36,36,37,ฮอสซาบาร่า,battle,female,hossabara,assets/triangle-strategy/approved_voice_references/hossabara.wav,เกือบไปแล้ว,,,READY_FOR_GENERATION,,triangle-strategy
953,V_F_HOS_BTL_15600.wav,V_F_HOS_BTL_15600,37,37,37,38,ฮอสซาบาร่า,battle,female,hossabara,assets/triangle-strategy/approved_voice_references/hossabara.wav,ขอบคุณมาก,,,READY_FOR_GENERATION,,triangle-strategy
954,V_F_HOS_BTL_15700.wav,V_F_HOS_BTL_15700,38,38,38,39,ฮอสซาบาร่า,battle,female,hossabara,assets/triangle-strategy/approved_voice_references/hossabara.wav,ขอบคุณนะ สหาย,,,READY_FOR_GENERATION,,triangle-strategy
955,V_F_HOS_BTL_15800.wav,V_F_HOS_BTL_15800,39,39,39,40,ฮอสซาบาร่า,battle,female,hossabara,assets/triangle-strategy/approved_voice_references/hossabara.wav,เจ้าช่วยชีวิตข้าไว้,,,READY_FOR_GENERATION,,triangle-strategy
956,V_F_HOS_BTL_15900.wav,V_F_HOS_BTL_15900,40,40,40,41,ฮอสซาบาร่า,battle,female,hossabara,assets/triangle-strategy/approved_voice_references/hossabara.wav,ดูมีหวังนะ,,,READY_FOR_GENERATION,,triangle-strategy
957,V_F_HOS_BTL_16000.wav,V_F_HOS_BTL_16000,41,41,41,42,ฮอสซาบาร่า,battle,female,hossabara,assets/triangle-strategy/approved_voice_references/hossabara.wav,ต้องใช้โอกาสนี้ให้คุ้ม,,,READY_FOR_GENERATION,,triangle-strategy
958,V_F_HOS_BTL_16100.wav,V_F_HOS_BTL_16100,42,42,42,43,ฮอสซาบาร่า,battle,female,hossabara,assets/triangle-strategy/approved_voice_references/hossabara.wav,ข้าจะลุยแล้ว,,,READY_FOR_GENERATION,,triangle-strategy
959,V_F_HOS_BTL_16200.wav,V_F_HOS_BTL_16200,43,43,43,44,ฮอสซาบาร่า,battle,female,hossabara,assets/triangle-strategy/approved_voice_references/hossabara.wav,บ้าเอ๊ย,,,READY_FOR_GENERATION,,triangle-strategy
960,V_F_HOS_BTL_16300.wav,V_F_HOS_BTL_16300,44,44,44,45,ฮอสซาบาร่า,battle,female,hossabara,assets/triangle-strategy/approved_voice_references/hossabara.wav,น่าอายจริง ๆ,,,READY_FOR_GENERATION,,triangle-strategy
961,V_F_HOS_BTL_16400.wav,V_F_HOS_BTL_16400,45,45,45,46,ฮอสซาบาร่า,battle,female,hossabara,assets/triangle-strategy/approved_voice_references/hossabara.wav,แบบนี้เป็นไง?,,,READY_FOR_GENERATION,,triangle-strategy
962,V_F_HOS_BTL_16500.wav,V_F_HOS_BTL_16500,46,46,46,47,ฮอสซาบาร่า,battle,female,hossabara,assets/triangle-strategy/approved_voice_references/hossabara.wav,ข้ายังมีลูกเล่นอีกเพียบ,,,READY_FOR_GENERATION,,triangle-strategy
963,V_F_HOS_BTL_16600.wav,V_F_HOS_BTL_16600,47,47,47,48,ฮอสซาบาร่า,battle,female,hossabara,assets/triangle-strategy/approved_voice_references/hossabara.wav,แบบนี้น่าจะได้,,,READY_FOR_GENERATION,,triangle-strategy
964,V_F_HOS_BTL_17410.wav,V_F_HOS_BTL_17410,48,48,48,49,ฮอสซาบาร่า,battle,female,hossabara,assets/triangle-strategy/approved_voice_references/hossabara.wav,เอาล่ะ!,,,READY_FOR_GENERATION,,triangle-strategy
965,V_F_HOS_BTL_17411.wav,V_F_HOS_BTL_17411,49,49,49,50,ฮอสซาบาร่า,battle,female,hossabara,assets/triangle-strategy/approved_voice_references/hossabara.wav,หลีกไปจากทางข้า!,,,READY_FOR_GENERATION,,triangle-strategy
966,V_F_HOS_BTL_17412.wav,V_F_HOS_BTL_17412,50,50,50,51,ฮอสซาบาร่า,battle,female,hossabara,assets/triangle-strategy/approved_voice_references/hossabara.wav,น่ารำคาญจริง,,,READY_FOR_GENERATION,,triangle-strategy
967,V_F_HOS_BTL_17413.wav,V_F_HOS_BTL_17413,51,51,51,52,ฮอสซาบาร่า,battle,female,hossabara,assets/triangle-strategy/approved_voice_references/hossabara.wav,เราเพิ่งเริ่มเท่านั้น,,,READY_FOR_GENERATION,,triangle-strategy
968,V_F_HOS_BTL_17414.wav,V_F_HOS_BTL_17414,52,52,52,53,ฮอสซาบาร่า,battle,female,hossabara,assets/triangle-strategy/approved_voice_references/hossabara.wav,เจ้ากับถ้วยพวกนั้นทำอะไรกัน?,,,READY_FOR_GENERATION,,triangle-strategy
969,V_F_HOS_BTL_17415.wav,V_F_HOS_BTL_17415,53,53,53,54,ฮอสซาบาร่า,battle,female,hossabara,assets/triangle-strategy/approved_voice_references/hossabara.wav,ข้ายังไม่จบแค่นี้,,,READY_FOR_GENERATION,,triangle-strategy
970,V_F_HOS_BTL_17420.wav,V_F_HOS_BTL_17420,54,54,54,55,ฮอสซาบาร่า,battle,female,hossabara,assets/triangle-strategy/approved_voice_references/hossabara.wav,หมดหน้าตัก,,,READY_FOR_GENERATION,,triangle-strategy
971,V_F_HOS_BTL_17421.wav,V_F_HOS_BTL_17421,55,55,55,56,ฮอสซาบาร่า,battle,female,hossabara,assets/triangle-strategy/approved_voice_references/hossabara.wav,หลีกทางไป!,,,READY_FOR_GENERATION,,triangle-strategy
972,V_F_HOS_BTL_17422.wav,V_F_HOS_BTL_17422,56,56,56,57,ฮอสซาบาร่า,battle,female,hossabara,assets/triangle-strategy/approved_voice_references/hossabara.wav,ย้าก!,,ATTACK_CRY,READY_FOR_GENERATION,,triangle-strategy
973,V_F_HOS_BTL_17430.wav,V_F_HOS_BTL_17430,57,57,57,58,ฮอสซาบาร่า,battle,female,hossabara,assets/triangle-strategy/approved_voice_references/hossabara.wav,อย่าอู้,,,READY_FOR_GENERATION,,triangle-strategy
974,V_F_HOS_BTL_17431.wav,V_F_HOS_BTL_17431,58,58,58,59,ฮอสซาบาร่า,battle,female,hossabara,assets/triangle-strategy/approved_voice_references/hossabara.wav,ยังไม่จบหรอก,,,READY_FOR_GENERATION,,triangle-strategy
975,V_F_HOS_BTL_17480.wav,V_F_HOS_BTL_17480,59,59,59,60,ฮอสซาบาร่า,battle,female,hossabara,assets/triangle-strategy/approved_voice_references/hossabara.wav,ต้องกัดฟันทนไว้,,,READY_FOR_GENERATION,,triangle-strategy
976,V_F_HOS_BTL_17500.wav,V_F_HOS_BTL_17500,60,60,60,61,ฮอสซาบาร่า,battle,female,hossabara,assets/triangle-strategy/approved_voice_references/hossabara.wav,ไม่เลว ไม่เลว,,,READY_FOR_GENERATION,,triangle-strategy
977,V_F_HOS_BTL_17600.wav,V_F_HOS_BTL_17600,61,61,61,62,ฮอสซาบาร่า,battle,female,hossabara,assets/triangle-strategy/approved_voice_references/hossabara.wav,ดูนั่นสิ,,,READY_FOR_GENERATION,,triangle-strategy
978,V_F_HOS_BTL_17700.wav,V_F_HOS_BTL_17700,62,62,62,63,ฮอสซาบาร่า,battle,female,hossabara,assets/triangle-strategy/approved_voice_references/hossabara.wav,ข้าแก่ แต่ไม่ใช่คนอ่อนแอ,,,READY_FOR_GENERATION,,triangle-strategy
979,V_F_HOS_BTL_17800.wav,V_F_HOS_BTL_17800,63,63,63,64,ฮอสซาบาร่า,battle,female,hossabara,assets/triangle-strategy/approved_voice_references/hossabara.wav,ดูเหมือนต้องแสดงความยินดีแล้ว,,,READY_FOR_GENERATION,,triangle-strategy
980,V_F_HOS_BTL_17900.wav,V_F_HOS_BTL_17900,64,64,64,65,ฮอสซาบาร่า,battle,female,hossabara,assets/triangle-strategy/approved_voice_references/hossabara.wav,เออ ฝากข้าได้เลย,,,READY_FOR_GENERATION,,triangle-strategy
981,V_F_HOS_BTL_18000.wav,V_F_HOS_BTL_18000,65,65,65,66,ฮอสซาบาร่า,battle,female,hossabara,assets/triangle-strategy/approved_voice_references/hossabara.wav,ได้เลย,,,READY_FOR_GENERATION,,triangle-strategy
982,V_F_HOS_BTL_18200.wav,V_F_HOS_BTL_18200,66,66,66,67,ฮอสซาบาร่า,battle,female,hossabara,assets/triangle-strategy/approved_voice_references/hossabara.wav,ข้ายังต้องเรียนรู้อีกมาก,,,READY_FOR_GENERATION,,triangle-strategy
983,V_F_HOS_BTL_18300.wav,V_F_HOS_BTL_18300,67,67,67,68,ฮอสซาบาร่า,battle,female,hossabara,assets/triangle-strategy/approved_voice_references/hossabara.wav,แบบนี้ต้องฉลองด้วยเหล้า,,,READY_FOR_GENERATION,,triangle-strategy
984,V_F_LYL_E_BTL_00400.wav,V_F_LYL_E_BTL_00400,0,0,0,1,Lyla,battle,female,lyla,assets/triangle-strategy/approved_voice_references/lyla.wav,สุดท้ายก็ต้องลงไม้ลงมือสินะ,,,READY_FOR_GENERATION,,triangle-strategy
985,V_F_LYL_E_BTL_00500.wav,V_F_LYL_E_BTL_00500,1,1,1,2,Lyla,battle,female,lyla,assets/triangle-strategy/approved_voice_references/lyla.wav,ข้าพร้อมทำสิ่งที่ต้องทำ,,,READY_FOR_GENERATION,,triangle-strategy
986,V_F_LYL_E_BTL_00600.wav,V_F_LYL_E_BTL_00600,2,2,2,3,Lyla,battle,female,lyla,assets/triangle-strategy/approved_voice_references/lyla.wav,ข้าจะทำให้ดูเป็นตัวอย่าง,,,READY_FOR_GENERATION,,triangle-strategy
987,V_F_LYL_E_BTL_01700.wav,V_F_LYL_E_BTL_01700,3,3,3,4,Lyla,battle,female,lyla,assets/triangle-strategy/approved_voice_references/lyla.wav,ข้าเสียเปรียบหรือ?,,,READY_FOR_GENERATION,,triangle-strategy
988,V_F_LYL_E_BTL_01800.wav,V_F_LYL_E_BTL_01800,4,4,4,5,Lyla,battle,female,lyla,assets/triangle-strategy/approved_voice_references/lyla.wav,ข้าต้องผลักพวกมันกลับไป,,,READY_FOR_GENERATION,,triangle-strategy
989,V_F_LYL_E_BTL_01900.wav,V_F_LYL_E_BTL_01900,5,5,5,6,Lyla,battle,female,lyla,assets/triangle-strategy/approved_voice_references/lyla.wav,ปล่อยไว้แบบนี้ไม่ได้,,,READY_FOR_GENERATION,,triangle-strategy
990,V_F_LYL_E_BTL_02700.wav,V_F_LYL_E_BTL_02700,6,6,6,7,Lyla,battle,female,lyla,assets/triangle-strategy/approved_voice_references/lyla.wav,ไม่,,,READY_FOR_GENERATION,,triangle-strategy
991,V_F_LYL_E_BTL_02800.wav,V_F_LYL_E_BTL_02800,7,7,7,8,Lyla,battle,female,lyla,assets/triangle-strategy/approved_voice_references/lyla.wav,ข้าต้องรักษาอาการนี้,,,READY_FOR_GENERATION,,triangle-strategy
992,V_F_LYL_E_BTL_02900.wav,V_F_LYL_E_BTL_02900,8,8,8,9,Lyla,battle,female,lyla,assets/triangle-strategy/approved_voice_references/lyla.wav,ย๊าก!,,ATTACK_CRY,READY_FOR_GENERATION,,triangle-strategy
993,V_F_LYL_E_BTL_03000.wav,V_F_LYL_E_BTL_03000,9,9,9,10,Lyla,battle,female,lyla,assets/triangle-strategy/approved_voice_references/lyla.wav,ฮึ่ย!,,ATTACK_CRY,READY_FOR_GENERATION,,triangle-strategy
994,V_F_LYL_E_BTL_03100.wav,V_F_LYL_E_BTL_03100,10,10,10,11,Lyla,battle,female,lyla,assets/triangle-strategy/approved_voice_references/lyla.wav,เอ้า!,,ATTACK_CRY,READY_FOR_GENERATION,,triangle-strategy
995,V_F_LYL_E_BTL_03200.wav,V_F_LYL_E_BTL_03200,11,11,11,12,Lyla,battle,female,lyla,assets/triangle-strategy/approved_voice_references/lyla.wav,ฮ้า!,,ATTACK_CRY,READY_FOR_GENERATION,,triangle-strategy
996,V_F_LYL_E_BTL_03500.wav,V_F_LYL_E_BTL_03500,12,12,12,13,Lyla,battle,female,lyla,assets/triangle-strategy/approved_voice_references/lyla.wav,ตายไปพร้อมความเสียใจซะ!,,,READY_FOR_GENERATION,,triangle-strategy
997,V_F_LYL_E_BTL_08800.wav,V_F_LYL_E_BTL_08800,13,13,13,14,Lyla,battle,female,lyla,assets/triangle-strategy/approved_voice_references/lyla.wav,นี่แหละ!,,,READY_FOR_GENERATION,,triangle-strategy
998,V_F_LYL_E_BTL_08900.wav,V_F_LYL_E_BTL_08900,14,14,14,15,Lyla,battle,female,lyla,assets/triangle-strategy/approved_voice_references/lyla.wav,ข้าเบื่อเรื่องนี้แล้ว,,,READY_FOR_GENERATION,,triangle-strategy
999,V_F_LYL_E_BTL_09000.wav,V_F_LYL_E_BTL_09000,15,15,15,16,Lyla,battle,female,lyla,assets/triangle-strategy/approved_voice_references/lyla.wav,แบบนี้เป็นไง?,,,READY_FOR_GENERATION,,triangle-strategy
1000,V_F_LYL_E_BTL_14200.wav,V_F_LYL_E_BTL_14200,16,16,16,17,Lyla,battle,female,lyla,assets/triangle-strategy/approved_voice_references/lyla.wav,เรียบร้อย,,,READY_FOR_GENERATION,,triangle-strategy
1001,V_F_LYL_E_BTL_14300.wav,V_F_LYL_E_BTL_14300,17,17,17,18,Lyla,battle,female,lyla,assets/triangle-strategy/approved_voice_references/lyla.wav,ประทับใจไหม?,,,READY_FOR_GENERATION,,triangle-strategy
1002,V_F_LYL_E_BTL_14400.wav,V_F_LYL_E_BTL_14400,18,18,18,19,Lyla,battle,female,lyla,assets/triangle-strategy/approved_voice_references/lyla.wav,ข้าควรลองวิธีอื่น,,,READY_FOR_GENERATION,,triangle-strategy
1003,V_F_LYL_E_BTL_14500.wav,V_F_LYL_E_BTL_14500,19,19,19,20,Lyla,battle,female,lyla,assets/triangle-strategy/approved_voice_references/lyla.wav,เสียแรงเปล่า,,,READY_FOR_GENERATION,,triangle-strategy
1004,V_F_LYL_E_BTL_14600.wav,V_F_LYL_E_BTL_14600,20,20,20,21,Lyla,battle,female,lyla,assets/triangle-strategy/approved_voice_references/lyla.wav,อั่ก!,,HURT_CRY,READY_FOR_GENERATION,,triangle-strategy
1005,V_F_LYL_E_BTL_14700.wav,V_F_LYL_E_BTL_14700,21,21,21,22,Lyla,battle,female,lyla,assets/triangle-strategy/approved_voice_references/lyla.wav,โอ๊ย!,,HURT_CRY,READY_FOR_GENERATION,,triangle-strategy
1006,V_F_LYL_E_BTL_14800.wav,V_F_LYL_E_BTL_14800,22,22,22,23,Lyla,battle,female,lyla,assets/triangle-strategy/approved_voice_references/lyla.wav,อั่ก!,,HURT_CRY,READY_FOR_GENERATION,,triangle-strategy
1007,V_F_LYL_E_BTL_15000.wav,V_F_LYL_E_BTL_15000,23,23,23,24,Lyla,battle,female,lyla,assets/triangle-strategy/approved_voice_references/lyla.wav,อ๊าก!,,HURT_CRY,READY_FOR_GENERATION,,triangle-strategy
1008,V_F_LYL_E_BTL_15100.wav,V_F_LYL_E_BTL_15100,24,24,24,25,Lyla,battle,female,lyla,assets/triangle-strategy/approved_voice_references/lyla.wav,ไม่!,,,READY_FOR_GENERATION,,triangle-strategy
1009,V_F_LYL_E_BTL_15310.wav,V_F_LYL_E_BTL_15310,25,25,25,26,Lyla,battle,female,lyla,assets/triangle-strategy/approved_voice_references/lyla.wav,ง่ายนิดเดียว,,,READY_FOR_GENERATION,,triangle-strategy
1010,V_F_LYL_E_BTL_15320.wav,V_F_LYL_E_BTL_15320,26,26,26,27,Lyla,battle,female,lyla,assets/triangle-strategy/approved_voice_references/lyla.wav,ข้ารอจังหวะนี้อยู่,,,READY_FOR_GENERATION,,triangle-strategy
1011,V_F_LYL_E_BTL_15400.wav,V_F_LYL_E_BTL_15400,27,27,27,28,Lyla,battle,female,lyla,assets/triangle-strategy/approved_voice_references/lyla.wav,ฮ่า!,,EVADE_GUARD,READY_FOR_GENERATION,,triangle-strategy
1012,V_F_LYL_E_BTL_15500.wav,V_F_LYL_E_BTL_15500,28,28,28,29,Lyla,battle,female,lyla,assets/triangle-strategy/approved_voice_references/lyla.wav,ฮึบ!,,EVADE_GUARD,READY_FOR_GENERATION,,triangle-strategy
1013,V_F_LYL_E_BTL_15600.wav,V_F_LYL_E_BTL_15600,29,29,29,30,Lyla,battle,female,lyla,assets/triangle-strategy/approved_voice_references/lyla.wav,ข้าได้รับพร,,,READY_FOR_GENERATION,,triangle-strategy
1014,V_F_LYL_E_BTL_15700.wav,V_F_LYL_E_BTL_15700,30,30,30,31,Lyla,battle,female,lyla,assets/triangle-strategy/approved_voice_references/lyla.wav,ช่างผ่อนคลาย,,,READY_FOR_GENERATION,,triangle-strategy
1015,V_F_LYL_E_BTL_15900.wav,V_F_LYL_E_BTL_15900,31,31,31,32,Lyla,battle,female,lyla,assets/triangle-strategy/approved_voice_references/lyla.wav,ข้าได้รับพลังใหม่,,,READY_FOR_GENERATION,,triangle-strategy
1016,V_F_LYL_E_BTL_16000.wav,V_F_LYL_E_BTL_16000,32,32,32,33,Lyla,battle,female,lyla,assets/triangle-strategy/approved_voice_references/lyla.wav,ด้วยสิ่งนี้ ข้าจะคว้าชัยชนะ,,,READY_FOR_GENERATION,,triangle-strategy
1017,V_F_LYL_E_BTL_16200.wav,V_F_LYL_E_BTL_16200,33,33,33,34,Lyla,battle,female,lyla,assets/triangle-strategy/approved_voice_references/lyla.wav,การเดินทางของข้าจบตรงนี้,,,READY_FOR_GENERATION,,triangle-strategy
1018,V_F_LYL_E_BTL_17410.wav,V_F_LYL_E_BTL_17410,34,34,34,35,Lyla,battle,female,lyla,assets/triangle-strategy/approved_voice_references/lyla.wav,อ๊ากก!,,,READY_FOR_GENERATION,,triangle-strategy
1019,V_F_LYL_E_BTL_17411.wav,V_F_LYL_E_BTL_17411,35,35,35,36,Lyla,battle,female,lyla,assets/triangle-strategy/approved_voice_references/lyla.wav,จงดูพลังของข้า,,,READY_FOR_GENERATION,,triangle-strategy
1020,V_F_LYL_E_BTL_17420.wav,V_F_LYL_E_BTL_17420,36,36,36,37,Lyla,battle,female,lyla,assets/triangle-strategy/approved_voice_references/lyla.wav,นี่คือผลแห่งปัญญา,,,READY_FOR_GENERATION,,triangle-strategy
1021,V_F_LYL_E_BTL_17421.wav,V_F_LYL_E_BTL_17421,37,37,37,38,Lyla,battle,female,lyla,assets/triangle-strategy/approved_voice_references/lyla.wav,ทุกสิ่งจะเป็นของข้า,,,READY_FOR_GENERATION,,triangle-strategy
1022,V_F_LYL_E_BTL_17450.wav,V_F_LYL_E_BTL_17450,38,38,38,39,Lyla,battle,female,lyla,assets/triangle-strategy/approved_voice_references/lyla.wav,จงไปเถิด บุตรแห่งเทพธิดา,,,READY_FOR_GENERATION,,triangle-strategy
1023,V_F_LYL_E_BTL_17460.wav,V_F_LYL_E_BTL_17460,39,39,39,40,Lyla,battle,female,lyla,assets/triangle-strategy/approved_voice_references/lyla.wav,เจ้าเป็นเพียงตัวน่ารำคาญ,,,READY_FOR_GENERATION,,triangle-strategy
1024,V_F_LYL_E_BTL_17461.wav,V_F_LYL_E_BTL_17461,40,40,40,41,Lyla,battle,female,lyla,assets/triangle-strategy/approved_voice_references/lyla.wav,พวกนอกรีตไม่มีสิทธิ์มีชีวิต,,,READY_FOR_GENERATION,,triangle-strategy
1025,V_F_LYL_E_BTL_17462.wav,V_F_LYL_E_BTL_17462,41,41,41,42,Lyla,battle,female,lyla,assets/triangle-strategy/approved_voice_references/lyla.wav,ข้าทำเพียงสิ่งที่จำเป็น,,,READY_FOR_GENERATION,,triangle-strategy
1026,V_F_MED_BTL_00400.wav,V_F_MED_BTL_00400,0,0,0,1,เมดิน่า,battle,female,medina,assets/triangle-strategy/approved_voice_references/medina.wav,ไม่ว่าจะต้องทำอะไร,,,READY_FOR_GENERATION,,triangle-strategy
1027,V_F_MED_BTL_00500.wav,V_F_MED_BTL_00500,1,1,1,2,เมดิน่า,battle,female,medina,assets/triangle-strategy/approved_voice_references/medina.wav,ไว้ใจข้าได้,,,READY_FOR_GENERATION,,triangle-strategy
1028,V_F_MED_BTL_00600.wav,V_F_MED_BTL_00600,2,2,2,3,เมดิน่า,battle,female,medina,assets/triangle-strategy/approved_voice_references/medina.wav,เพื่อประโยชน์ส่วนรวม,,,READY_FOR_GENERATION,,triangle-strategy
1029,V_F_MED_BTL_00700.wav,V_F_MED_BTL_00700,3,3,3,4,เมดิน่า,battle,female,medina,assets/triangle-strategy/approved_voice_references/medina.wav,ข้าจะทำให้ดีที่สุด,,,READY_FOR_GENERATION,,triangle-strategy
1030,V_F_MED_BTL_01700.wav,V_F_MED_BTL_01700,4,4,4,5,เมดิน่า,battle,female,medina,assets/triangle-strategy/approved_voice_references/medina.wav,เราอาจต้องรักษาตัว,,,READY_FOR_GENERATION,,triangle-strategy
1031,V_F_MED_BTL_01800.wav,V_F_MED_BTL_01800,5,5,5,6,เมดิน่า,battle,female,medina,assets/triangle-strategy/approved_voice_references/medina.wav,เคยรู้สึกดีกว่านี้,,,READY_FOR_GENERATION,,triangle-strategy
1032,V_F_MED_BTL_01900.wav,V_F_MED_BTL_01900,6,6,6,7,เมดิน่า,battle,female,medina,assets/triangle-strategy/approved_voice_references/medina.wav,ข้ายอมแพ้ตอนนี้ไม่ได้,,,READY_FOR_GENERATION,,triangle-strategy
1033,V_F_MED_BTL_02000.wav,V_F_MED_BTL_02000,7,7,7,8,เมดิน่า,battle,female,medina,assets/triangle-strategy/approved_voice_references/medina.wav,ข้าจะไม่เป็นไร,,,READY_FOR_GENERATION,,triangle-strategy
1034,V_F_MED_BTL_02700.wav,V_F_MED_BTL_02700,8,8,8,9,เมดิน่า,battle,female,medina,assets/triangle-strategy/approved_voice_references/medina.wav,อึก...,,STATUS_REACTION,READY_FOR_GENERATION,,triangle-strategy
1035,V_F_MED_BTL_02800.wav,V_F_MED_BTL_02800,9,9,9,10,เมดิน่า,battle,female,medina,assets/triangle-strategy/approved_voice_references/medina.wav,อั่ก...,,STATUS_REACTION,READY_FOR_GENERATION,,triangle-strategy
1036,V_F_MED_BTL_02900.wav,V_F_MED_BTL_02900,10,10,10,11,เมดิน่า,battle,female,medina,assets/triangle-strategy/approved_voice_references/medina.wav,ย๊าก!,,ATTACK_CRY,READY_FOR_GENERATION,,triangle-strategy
1037,V_F_MED_BTL_03000.wav,V_F_MED_BTL_03000,11,11,11,12,เมดิน่า,battle,female,medina,assets/triangle-strategy/approved_voice_references/medina.wav,ย๊าก!,,ATTACK_CRY,READY_FOR_GENERATION,,triangle-strategy
1038,V_F_MED_BTL_03100.wav,V_F_MED_BTL_03100,12,12,12,13,เมดิน่า,battle,female,medina,assets/triangle-strategy/approved_voice_references/medina.wav,ฮ่า!,,ATTACK_CRY,READY_FOR_GENERATION,,triangle-strategy
1039,V_F_MED_BTL_03200.wav,V_F_MED_BTL_03200,13,13,13,14,เมดิน่า,battle,female,medina,assets/triangle-strategy/approved_voice_references/medina.wav,ชิ!,,,READY_FOR_GENERATION,,triangle-strategy
1040,V_F_MED_BTL_03300.wav,V_F_MED_BTL_03300,14,14,14,15,เมดิน่า,battle,female,medina,assets/triangle-strategy/approved_voice_references/medina.wav,รับนี่ไป!,,,READY_FOR_GENERATION,,triangle-strategy
1041,V_F_MED_BTL_03400.wav,V_F_MED_BTL_03400,15,15,15,16,เมดิน่า,battle,female,medina,assets/triangle-strategy/approved_voice_references/medina.wav,เข้ามา!,,,READY_FOR_GENERATION,,triangle-strategy
1042,V_F_MED_BTL_03500.wav,V_F_MED_BTL_03500,16,16,16,17,เมดิน่า,battle,female,medina,assets/triangle-strategy/approved_voice_references/medina.wav,นี่อาจเจ็บนะ!,,,READY_FOR_GENERATION,,triangle-strategy
1043,V_F_MED_BTL_03600.wav,V_F_MED_BTL_03600,17,17,17,18,เมดิน่า,battle,female,medina,assets/triangle-strategy/approved_voice_references/medina.wav,ไปพักผ่อนซะ!,,,READY_FOR_GENERATION,,triangle-strategy
1044,V_F_MED_BTL_08800.wav,V_F_MED_BTL_08800,18,18,18,19,เมดิน่า,battle,female,medina,assets/triangle-strategy/approved_voice_references/medina.wav,ขออภัย!,,,READY_FOR_GENERATION,,triangle-strategy
1045,V_F_MED_BTL_08900.wav,V_F_MED_BTL_08900,19,19,19,20,เมดิน่า,battle,female,medina,assets/triangle-strategy/approved_voice_references/medina.wav,ข้าจะลองดู,,,READY_FOR_GENERATION,,triangle-strategy
1046,V_F_MED_BTL_09000.wav,V_F_MED_BTL_09000,20,20,20,21,เมดิน่า,battle,female,medina,assets/triangle-strategy/approved_voice_references/medina.wav,ให้ข้าช่วย,,,READY_FOR_GENERATION,,triangle-strategy
1047,V_F_MED_BTL_14200.wav,V_F_MED_BTL_14200,21,21,21,22,เมดิน่า,battle,female,medina,assets/triangle-strategy/approved_voice_references/medina.wav,ได้ผลจริง ๆ,,,READY_FOR_GENERATION,,triangle-strategy
1048,V_F_MED_BTL_14300.wav,V_F_MED_BTL_14300,22,22,22,23,เมดิน่า,battle,female,medina,assets/triangle-strategy/approved_voice_references/medina.wav,ใช่! ข้าทำได้!,,,READY_FOR_GENERATION,,triangle-strategy
1049,V_F_MED_BTL_14400.wav,V_F_MED_BTL_14400,23,23,23,24,เมดิน่า,battle,female,medina,assets/triangle-strategy/approved_voice_references/medina.wav,ข้าทำถูกไหม?,,,READY_FOR_GENERATION,,triangle-strategy
1050,V_F_MED_BTL_14500.wav,V_F_MED_BTL_14500,24,24,24,25,เมดิน่า,battle,female,medina,assets/triangle-strategy/approved_voice_references/medina.wav,ฮ่ะ!,,ATTACK_CRY,READY_FOR_GENERATION,,triangle-strategy
1051,V_F_MED_BTL_14600.wav,V_F_MED_BTL_14600,25,25,25,26,เมดิน่า,battle,female,medina,assets/triangle-strategy/approved_voice_references/medina.wav,อ๊าก!,,HURT_CRY,READY_FOR_GENERATION,,triangle-strategy
1052,V_F_MED_BTL_14700.wav,V_F_MED_BTL_14700,26,26,26,27,เมดิน่า,battle,female,medina,assets/triangle-strategy/approved_voice_references/medina.wav,อั่ก!,,HURT_CRY,READY_FOR_GENERATION,,triangle-strategy
1053,V_F_MED_BTL_14800.wav,V_F_MED_BTL_14800,27,27,27,28,เมดิน่า,battle,female,medina,assets/triangle-strategy/approved_voice_references/medina.wav,อ๊าก!,,HURT_CRY,READY_FOR_GENERATION,,triangle-strategy
1054,V_F_MED_BTL_14900.wav,V_F_MED_BTL_14900,28,28,28,29,เมดิน่า,battle,female,medina,assets/triangle-strategy/approved_voice_references/medina.wav,อ๊าก!,,HURT_CRY,READY_FOR_GENERATION,,triangle-strategy
1055,V_F_MED_BTL_15000.wav,V_F_MED_BTL_15000,29,29,29,30,เมดิน่า,battle,female,medina,assets/triangle-strategy/approved_voice_references/medina.wav,อ๊าก!,,HURT_CRY,READY_FOR_GENERATION,,triangle-strategy
1056,V_F_MED_BTL_15100.wav,V_F_MED_BTL_15100,30,30,30,31,เมดิน่า,battle,female,medina,assets/triangle-strategy/approved_voice_references/medina.wav,อึ่ก!,,HURT_CRY,READY_FOR_GENERATION,,triangle-strategy
1057,V_F_MED_BTL_15200.wav,V_F_MED_BTL_15200,31,31,31,32,เมดิน่า,battle,female,medina,assets/triangle-strategy/approved_voice_references/medina.wav,พอเถอะ ขอบคุณ!,,,READY_FOR_GENERATION,,triangle-strategy
1058,V_F_MED_BTL_15300.wav,V_F_MED_BTL_15300,32,32,32,33,เมดิน่า,battle,female,medina,assets/triangle-strategy/approved_voice_references/medina.wav,ถอนคำพูดเดี๋ยวนี้!,,,READY_FOR_GENERATION,,triangle-strategy
1059,V_F_MED_BTL_15310.wav,V_F_MED_BTL_15310,33,33,33,34,เมดิน่า,battle,female,medina,assets/triangle-strategy/approved_voice_references/medina.wav,ข้าเตรียมรับไว้แล้ว,,,READY_FOR_GENERATION,,triangle-strategy
1060,V_F_MED_BTL_15320.wav,V_F_MED_BTL_15320,34,34,34,35,เมดิน่า,battle,female,medina,assets/triangle-strategy/approved_voice_references/medina.wav,รู้อยู่แล้วว่าเจ้าจะทำแบบนั้น!,,,READY_FOR_GENERATION,,triangle-strategy
1061,V_F_MED_BTL_15400.wav,V_F_MED_BTL_15400,35,35,35,36,เมดิน่า,battle,female,medina,assets/triangle-strategy/approved_voice_references/medina.wav,ว้าย!,,,READY_FOR_GENERATION,,triangle-strategy
1062,V_F_MED_BTL_15500.wav,V_F_MED_BTL_15500,36,36,36,37,เมดิน่า,battle,female,medina,assets/triangle-strategy/approved_voice_references/medina.wav,โว้ว!,,,READY_FOR_GENERATION,,triangle-strategy
1063,V_F_MED_BTL_15600.wav,V_F_MED_BTL_15600,37,37,37,38,เมดิน่า,battle,female,medina,assets/triangle-strategy/approved_voice_references/medina.wav,ขอบใจ,,,READY_FOR_GENERATION,,triangle-strategy
1064,V_F_MED_BTL_15700.wav,V_F_MED_BTL_15700,38,38,38,39,เมดิน่า,battle,female,medina,assets/triangle-strategy/approved_voice_references/medina.wav,ทันเวลาพอดี,,,READY_FOR_GENERATION,,triangle-strategy
1065,V_F_MED_BTL_15800.wav,V_F_MED_BTL_15800,39,39,39,40,เมดิน่า,battle,female,medina,assets/triangle-strategy/approved_voice_references/medina.wav,แบบนี้ยังไปต่อได้,,,READY_FOR_GENERATION,,triangle-strategy
1066,V_F_MED_BTL_15900.wav,V_F_MED_BTL_15900,40,40,40,41,เมดิน่า,battle,female,medina,assets/triangle-strategy/approved_voice_references/medina.wav,โอ้ ดีมาก,,,READY_FOR_GENERATION,,triangle-strategy
1067,V_F_MED_BTL_16000.wav,V_F_MED_BTL_16000,41,41,41,42,เมดิน่า,battle,female,medina,assets/triangle-strategy/approved_voice_references/medina.wav,นี่ช่วยได้ ขอบคุณ,,,READY_FOR_GENERATION,,triangle-strategy
1068,V_F_MED_BTL_16100.wav,V_F_MED_BTL_16100,42,42,42,43,เมดิน่า,battle,female,medina,assets/triangle-strategy/approved_voice_references/medina.wav,ข้าจะพยายามต่อไป,,,READY_FOR_GENERATION,,triangle-strategy
1069,V_F_MED_BTL_16200.wav,V_F_MED_BTL_16200,43,43,43,44,เมดิน่า,battle,female,medina,assets/triangle-strategy/approved_voice_references/medina.wav,ข้าพยายามแล้ว,,,READY_FOR_GENERATION,,triangle-strategy
1070,V_F_MED_BTL_16300.wav,V_F_MED_BTL_16300,44,44,44,45,เมดิน่า,battle,female,medina,assets/triangle-strategy/approved_voice_references/medina.wav,ถ้าข้าช่วยได้มากกว่านี้ก็คงดี,,,READY_FOR_GENERATION,,triangle-strategy
1071,V_F_MED_BTL_16400.wav,V_F_MED_BTL_16400,45,45,45,46,เมดิน่า,battle,female,medina,assets/triangle-strategy/approved_voice_references/medina.wav,ลองนี่ดู!,,,READY_FOR_GENERATION,,triangle-strategy
1072,V_F_MED_BTL_16500.wav,V_F_MED_BTL_16500,46,46,46,47,เมดิน่า,battle,female,medina,assets/triangle-strategy/approved_voice_references/medina.wav,นี่ไง!,,,READY_FOR_GENERATION,,triangle-strategy
1073,V_F_MED_BTL_16600.wav,V_F_MED_BTL_16600,47,47,47,48,เมดิน่า,battle,female,medina,assets/triangle-strategy/approved_voice_references/medina.wav,อันนี้ของข้า,,,READY_FOR_GENERATION,,triangle-strategy
1074,V_F_MED_BTL_17410.wav,V_F_MED_BTL_17410,48,48,48,49,เมดิน่า,battle,female,medina,assets/triangle-strategy/approved_voice_references/medina.wav,แบบนี้เป็นไง?,,,READY_FOR_GENERATION,,triangle-strategy
1075,V_F_MED_BTL_17411.wav,V_F_MED_BTL_17411,49,49,49,50,เมดิน่า,battle,female,medina,assets/triangle-strategy/approved_voice_references/medina.wav,ไปซะ!,,,READY_FOR_GENERATION,,triangle-strategy
1076,V_F_MED_BTL_17412.wav,V_F_MED_BTL_17412,50,50,50,51,เมดิน่า,battle,female,medina,assets/triangle-strategy/approved_voice_references/medina.wav,เราฝากความหวังไว้กับเจ้า!,,,READY_FOR_GENERATION,,triangle-strategy
1077,V_F_MED_BTL_17413.wav,V_F_MED_BTL_17413,51,51,51,52,เมดิน่า,battle,female,medina,assets/triangle-strategy/approved_voice_references/medina.wav,ข้าไม่มีทางเลือกอื่น,,,READY_FOR_GENERATION,,triangle-strategy
1078,V_F_MED_BTL_17414.wav,V_F_MED_BTL_17414,52,52,52,53,เมดิน่า,battle,female,medina,assets/triangle-strategy/approved_voice_references/medina.wav,เจ้าบาดเจ็บ,,,READY_FOR_GENERATION,,triangle-strategy
1079,V_F_MED_BTL_17415.wav,V_F_MED_BTL_17415,53,53,53,54,เมดิน่า,battle,female,medina,assets/triangle-strategy/approved_voice_references/medina.wav,ข้าอยู่เคียงข้างผู้ที่ต้องการความช่วยเหลือเสมอ,,,READY_FOR_GENERATION,,triangle-strategy
1080,V_F_MED_BTL_17416.wav,V_F_MED_BTL_17416,54,54,54,55,เมดิน่า,battle,female,medina,assets/triangle-strategy/approved_voice_references/medina.wav,สู่ชัยชนะ!,,,READY_FOR_GENERATION,,triangle-strategy
1081,V_F_MED_BTL_17417.wav,V_F_MED_BTL_17417,55,55,55,56,เมดิน่า,battle,female,medina,assets/triangle-strategy/approved_voice_references/medina.wav,เป็นไงล่ะ?,,,READY_FOR_GENERATION,,triangle-strategy
1082,V_F_MED_BTL_17418.wav,V_F_MED_BTL_17418,56,56,56,57,เมดิน่า,battle,female,medina,assets/triangle-strategy/approved_voice_references/medina.wav,เจ้าลดการป้องกันแล้ว!,,,READY_FOR_GENERATION,,triangle-strategy
1083,V_F_MED_BTL_17419.wav,V_F_MED_BTL_17419,57,57,57,58,เมดิน่า,battle,female,medina,assets/triangle-strategy/approved_voice_references/medina.wav,คนนี้สู้เป็นจริง ๆ!,,,READY_FOR_GENERATION,,triangle-strategy
1084,V_F_MED_BTL_17440.wav,V_F_MED_BTL_17440,58,58,58,59,เมดิน่า,battle,female,medina,assets/triangle-strategy/approved_voice_references/medina.wav,หวังว่านี่จะช่วยได้,,,READY_FOR_GENERATION,,triangle-strategy
1085,V_F_MED_BTL_17441.wav,V_F_MED_BTL_17441,59,59,59,60,เมดิน่า,battle,female,medina,assets/triangle-strategy/approved_voice_references/medina.wav,ขอบคุณ,,,READY_FOR_GENERATION,,triangle-strategy
1086,V_F_MED_BTL_17450.wav,V_F_MED_BTL_17450,60,60,60,61,เมดิน่า,battle,female,medina,assets/triangle-strategy/approved_voice_references/medina.wav,ข้าจะทำให้ถึงที่สุด!,,,READY_FOR_GENERATION,,triangle-strategy
1087,V_F_MED_BTL_17460.wav,V_F_MED_BTL_17460,61,61,61,62,เมดิน่า,battle,female,medina,assets/triangle-strategy/approved_voice_references/medina.wav,พวกมันไม่เหลือทางเลือกให้ข้า,,,READY_FOR_GENERATION,,triangle-strategy
1088,V_F_MED_BTL_17461.wav,V_F_MED_BTL_17461,62,62,62,63,เมดิน่า,battle,female,medina,assets/triangle-strategy/approved_voice_references/medina.wav,ถอยไป!,,,READY_FOR_GENERATION,,triangle-strategy
1089,V_F_MED_BTL_17470.wav,V_F_MED_BTL_17470,63,63,63,64,เมดิน่า,battle,female,medina,assets/triangle-strategy/approved_voice_references/medina.wav,ยุ่งจริง ๆ,,,READY_FOR_GENERATION,,triangle-strategy
1090,V_F_MED_BTL_17471.wav,V_F_MED_BTL_17471,64,64,64,65,เมดิน่า,battle,female,medina,assets/triangle-strategy/approved_voice_references/medina.wav,ผู้คนต้องการข้า,,,READY_FOR_GENERATION,,triangle-strategy
1091,V_F_MED_BTL_17480.wav,V_F_MED_BTL_17480,65,65,65,66,เมดิน่า,battle,female,medina,assets/triangle-strategy/approved_voice_references/medina.wav,ขอให้บาดแผลทั้งหมดของเจ้าหายดี,,,READY_FOR_GENERATION,,triangle-strategy
1092,V_F_MED_BTL_17490.wav,V_F_MED_BTL_17490,66,66,66,67,เมดิน่า,battle,female,medina,assets/triangle-strategy/approved_voice_references/medina.wav,เตรียมพร้อมเสร็จสิ้น!,,,READY_FOR_GENERATION,,triangle-strategy
1093,V_F_MED_BTL_17491.wav,V_F_MED_BTL_17491,67,67,67,68,เมดิน่า,battle,female,medina,assets/triangle-strategy/approved_voice_references/medina.wav,ข้าต้องไร้ที่ติ,,,READY_FOR_GENERATION,,triangle-strategy
1094,V_F_MED_BTL_17500.wav,V_F_MED_BTL_17500,68,68,68,69,เมดิน่า,battle,female,medina,assets/triangle-strategy/approved_voice_references/medina.wav,ข้าใช้สิ่งนี้เพื่อช่วยผู้อื่นได้,,,READY_FOR_GENERATION,,triangle-strategy
1095,V_F_MED_BTL_17600.wav,V_F_MED_BTL_17600,69,69,69,70,เมดิน่า,battle,female,medina,assets/triangle-strategy/approved_voice_references/medina.wav,เครื่องมือใหม่สำหรับข้า,,,READY_FOR_GENERATION,,triangle-strategy
1096,V_F_MED_BTL_17700.wav,V_F_MED_BTL_17700,70,70,70,71,เมดิน่า,battle,female,medina,assets/triangle-strategy/approved_voice_references/medina.wav,เพื่อประชาชน!,,,READY_FOR_GENERATION,,triangle-strategy
1097,V_F_MED_BTL_17800.wav,V_F_MED_BTL_17800,71,71,71,72,เมดิน่า,battle,female,medina,assets/triangle-strategy/approved_voice_references/medina.wav,ข้ามาเพื่อช่วย,,,READY_FOR_GENERATION,,triangle-strategy
1098,V_F_MED_BTL_17900.wav,V_F_MED_BTL_17900,72,72,72,73,เมดิน่า,battle,female,medina,assets/triangle-strategy/approved_voice_references/medina.wav,ตามที่เจ้าต้องการ,,,READY_FOR_GENERATION,,triangle-strategy
1099,V_F_MED_BTL_18000.wav,V_F_MED_BTL_18000,73,73,73,74,เมดิน่า,battle,female,medina,assets/triangle-strategy/approved_voice_references/medina.wav,ขอให้เรากลับบ้านโดยปลอดภัย,,,READY_FOR_GENERATION,,triangle-strategy
1100,V_F_MED_BTL_18200.wav,V_F_MED_BTL_18200,74,74,74,75,เมดิน่า,battle,female,medina,assets/triangle-strategy/approved_voice_references/medina.wav,งานของข้ายังไม่จบ,,,READY_FOR_GENERATION,,triangle-strategy
1101,V_F_MED_BTL_18300.wav,V_F_MED_BTL_18300,75,75,75,76,เมดิน่า,battle,female,medina,assets/triangle-strategy/approved_voice_references/medina.wav,ข้าได้ยินเสียงร้องขอความช่วยเหลือ,,,READY_FOR_GENERATION,,triangle-strategy
1102,V_F_MIR_BTL_00400.wav,V_F_MIR_BTL_00400,0,0,0,1,ไมโล,battle,female,milo,assets/triangle-strategy/approved_voice_references/milo.wav,มาเต้นกันไหม?,,,READY_FOR_GENERATION,,triangle-strategy
1103,V_F_MIR_BTL_00500.wav,V_F_MIR_BTL_00500,1,1,1,2,ไมโล,battle,female,milo,assets/triangle-strategy/approved_voice_references/milo.wav,ทีนี้จะทำอะไรดี?,,,READY_FOR_GENERATION,,triangle-strategy
1104,V_F_MIR_BTL_00600.wav,V_F_MIR_BTL_00600,2,2,2,3,ไมโล,battle,female,milo,assets/triangle-strategy/approved_voice_references/milo.wav,มาเล่นกัน,,,READY_FOR_GENERATION,,triangle-strategy
1105,V_F_MIR_BTL_00700.wav,V_F_MIR_BTL_00700,3,3,3,4,ไมโล,battle,female,milo,assets/triangle-strategy/approved_voice_references/milo.wav,เลือกยากจริง ๆ,,,READY_FOR_GENERATION,,triangle-strategy
1106,V_F_MIR_BTL_01700.wav,V_F_MIR_BTL_01700,4,4,4,5,ไมโล,battle,female,milo,assets/triangle-strategy/approved_voice_references/milo.wav,เจ้ากล้าดียังไง!,,,READY_FOR_GENERATION,,triangle-strategy
1107,V_F_MIR_BTL_01800.wav,V_F_MIR_BTL_01800,5,5,5,6,ไมโล,battle,female,milo,assets/triangle-strategy/approved_voice_references/milo.wav,การแสดงต้องดำเนินต่อไป,,,READY_FOR_GENERATION,,triangle-strategy
1108,V_F_MIR_BTL_01900.wav,V_F_MIR_BTL_01900,6,6,6,7,ไมโล,battle,female,milo,assets/triangle-strategy/approved_voice_references/milo.wav,เอาล่ะ,,,READY_FOR_GENERATION,,triangle-strategy
1109,V_F_MIR_BTL_02000.wav,V_F_MIR_BTL_02000,7,7,7,8,ไมโล,battle,female,milo,assets/triangle-strategy/approved_voice_references/milo.wav,เงียบก่อนนะ,,,READY_FOR_GENERATION,,triangle-strategy
1110,V_F_MIR_BTL_02700.wav,V_F_MIR_BTL_02700,8,8,8,9,ไมโล,battle,female,milo,assets/triangle-strategy/approved_voice_references/milo.wav,อา อา อา อา,,,READY_FOR_GENERATION,,triangle-strategy
1111,V_F_MIR_BTL_02800.wav,V_F_MIR_BTL_02800,9,9,9,10,ไมโล,battle,female,milo,assets/triangle-strategy/approved_voice_references/milo.wav,ท่าไม่ดีแล้ว,,,READY_FOR_GENERATION,,triangle-strategy
1112,V_F_MIR_BTL_02900.wav,V_F_MIR_BTL_02900,10,10,10,11,ไมโล,battle,female,milo,assets/triangle-strategy/approved_voice_references/milo.wav,ฮ่า ฮ่า ฮ่า!,,,READY_FOR_GENERATION,,triangle-strategy
1113,V_F_MIR_BTL_03000.wav,V_F_MIR_BTL_03000,11,11,11,12,ไมโล,battle,female,milo,assets/triangle-strategy/approved_voice_references/milo.wav,ย๊าก!,,ATTACK_CRY,READY_FOR_GENERATION,,triangle-strategy
1114,V_F_MIR_BTL_03100.wav,V_F_MIR_BTL_03100,12,12,12,13,ไมโล,battle,female,milo,assets/triangle-strategy/approved_voice_references/milo.wav,ฮันยะ!,,,READY_FOR_GENERATION,,triangle-strategy
1115,V_F_MIR_BTL_03200.wav,V_F_MIR_BTL_03200,13,13,13,14,ไมโล,battle,female,milo,assets/triangle-strategy/approved_voice_references/milo.wav,ฮึ่ย!,,ATTACK_CRY,READY_FOR_GENERATION,,triangle-strategy
1116,V_F_MIR_BTL_03300.wav,V_F_MIR_BTL_03300,14,14,14,15,ไมโล,battle,female,milo,assets/triangle-strategy/approved_voice_references/milo.wav,ฮ้า!,,ATTACK_CRY,READY_FOR_GENERATION,,triangle-strategy
1117,V_F_MIR_BTL_03400.wav,V_F_MIR_BTL_03400,15,15,15,16,ไมโล,battle,female,milo,assets/triangle-strategy/approved_voice_references/milo.wav,ฮ่า!,,ATTACK_CRY,READY_FOR_GENERATION,,triangle-strategy
1118,V_F_MIR_BTL_03500.wav,V_F_MIR_BTL_03500,16,16,16,17,ไมโล,battle,female,milo,assets/triangle-strategy/approved_voice_references/milo.wav,สนุกดีนะ!,,,READY_FOR_GENERATION,,triangle-strategy
1119,V_F_MIR_BTL_03600.wav,V_F_MIR_BTL_03600,17,17,17,18,ไมโล,battle,female,milo,assets/triangle-strategy/approved_voice_references/milo.wav,ราตรีสวัสดิ์!,,,READY_FOR_GENERATION,,triangle-strategy
1120,V_F_MIR_BTL_08800.wav,V_F_MIR_BTL_08800,18,18,18,19,ไมโล,battle,female,milo,assets/triangle-strategy/approved_voice_references/milo.wav,สำหรับเจ้าโดยเฉพาะ,,,READY_FOR_GENERATION,,triangle-strategy
1121,V_F_MIR_BTL_08900.wav,V_F_MIR_BTL_08900,19,19,19,20,ไมโล,battle,female,milo,assets/triangle-strategy/approved_voice_references/milo.wav,ฮัยย่ะ!,,ATTACK_CRY,READY_FOR_GENERATION,,triangle-strategy
1122,V_F_MIR_BTL_09000.wav,V_F_MIR_BTL_09000,20,20,20,21,ไมโล,battle,female,milo,assets/triangle-strategy/approved_voice_references/milo.wav,น่ารักจริง,,,READY_FOR_GENERATION,,triangle-strategy
1123,V_F_MIR_BTL_14200.wav,V_F_MIR_BTL_14200,21,21,21,22,ไมโล,battle,female,milo,assets/triangle-strategy/approved_voice_references/milo.wav,ต้องเจ็บแน่ ๆ,,,READY_FOR_GENERATION,,triangle-strategy
1124,V_F_MIR_BTL_14300.wav,V_F_MIR_BTL_14300,22,22,22,23,ไมโล,battle,female,milo,assets/triangle-strategy/approved_voice_references/milo.wav,น่าสงสารจริง,,,READY_FOR_GENERATION,,triangle-strategy
1125,V_F_MIR_BTL_14400.wav,V_F_MIR_BTL_14400,23,23,23,24,ไมโล,battle,female,milo,assets/triangle-strategy/approved_voice_references/milo.wav,อะไรนะ?,,,READY_FOR_GENERATION,,triangle-strategy
1126,V_F_MIR_BTL_14500.wav,V_F_MIR_BTL_14500,24,24,24,25,ไมโล,battle,female,milo,assets/triangle-strategy/approved_voice_references/milo.wav,โอ้โห,,,READY_FOR_GENERATION,,triangle-strategy
1127,V_F_MIR_BTL_14600.wav,V_F_MIR_BTL_14600,25,25,25,26,ไมโล,battle,female,milo,assets/triangle-strategy/approved_voice_references/milo.wav,โอ๊ย!,,HURT_CRY,READY_FOR_GENERATION,,triangle-strategy
1128,V_F_MIR_BTL_14700.wav,V_F_MIR_BTL_14700,26,26,26,27,ไมโล,battle,female,milo,assets/triangle-strategy/approved_voice_references/milo.wav,โอ๊ย!,,,READY_FOR_GENERATION,,triangle-strategy
1129,V_F_MIR_BTL_14800.wav,V_F_MIR_BTL_14800,27,27,27,28,ไมโล,battle,female,milo,assets/triangle-strategy/approved_voice_references/milo.wav,เฮ้!,,,READY_FOR_GENERATION,,triangle-strategy
1130,V_F_MIR_BTL_14900.wav,V_F_MIR_BTL_14900,28,28,28,29,ไมโล,battle,female,milo,assets/triangle-strategy/approved_voice_references/milo.wav,อึก!,,HURT_CRY,READY_FOR_GENERATION,,triangle-strategy
1131,V_F_MIR_BTL_15000.wav,V_F_MIR_BTL_15000,29,29,29,30,ไมโล,battle,female,milo,assets/triangle-strategy/approved_voice_references/milo.wav,โอ๊ย!,,HURT_CRY,READY_FOR_GENERATION,,triangle-strategy
1132,V_F_MIR_BTL_15100.wav,V_F_MIR_BTL_15100,30,30,30,31,ไมโล,battle,female,milo,assets/triangle-strategy/approved_voice_references/milo.wav,อั่ก!,,HURT_CRY,READY_FOR_GENERATION,,triangle-strategy
1133,V_F_MIR_BTL_15200.wav,V_F_MIR_BTL_15200,31,31,31,32,ไมโล,battle,female,milo,assets/triangle-strategy/approved_voice_references/milo.wav,จับเจ้าได้แล้ว!,,,READY_FOR_GENERATION,,triangle-strategy
1134,V_F_MIR_BTL_15300.wav,V_F_MIR_BTL_15300,32,32,32,33,ไมโล,battle,female,milo,assets/triangle-strategy/approved_voice_references/milo.wav,ฮ่ะ!,,ATTACK_CRY,READY_FOR_GENERATION,,triangle-strategy
1135,V_F_MIR_BTL_15310.wav,V_F_MIR_BTL_15310,33,33,33,34,ไมโล,battle,female,milo,assets/triangle-strategy/approved_voice_references/milo.wav,อุ๊ย!,,,READY_FOR_GENERATION,,triangle-strategy
1136,V_F_MIR_BTL_15320.wav,V_F_MIR_BTL_15320,34,34,34,35,ไมโล,battle,female,milo,assets/triangle-strategy/approved_voice_references/milo.wav,ซนนะ ซนนะ,,,READY_FOR_GENERATION,,triangle-strategy
1137,V_F_MIR_BTL_15400.wav,V_F_MIR_BTL_15400,35,35,35,36,ไมโล,battle,female,milo,assets/triangle-strategy/approved_voice_references/milo.wav,เจ้าช่างไร้เดียงสา,,,READY_FOR_GENERATION,,triangle-strategy
1138,V_F_MIR_BTL_15500.wav,V_F_MIR_BTL_15500,36,36,36,37,ไมโล,battle,female,milo,assets/triangle-strategy/approved_voice_references/milo.wav,ข้ามองเจ้าออกหมด,,,READY_FOR_GENERATION,,triangle-strategy
1139,V_F_MIR_BTL_15600.wav,V_F_MIR_BTL_15600,37,37,37,38,ไมโล,battle,female,milo,assets/triangle-strategy/approved_voice_references/milo.wav,วีรบุรุษของข้า,,,READY_FOR_GENERATION,,triangle-strategy
1140,V_F_MIR_BTL_15700.wav,V_F_MIR_BTL_15700,38,38,38,39,ไมโล,battle,female,milo,assets/triangle-strategy/approved_voice_references/milo.wav,ใช่ แบบนี้แหละ,,,READY_FOR_GENERATION,,triangle-strategy
1141,V_F_MIR_BTL_15800.wav,V_F_MIR_BTL_15800,39,39,39,40,ไมโล,battle,female,milo,assets/triangle-strategy/approved_voice_references/milo.wav,ข้าเพิ่งเริ่มเท่านั้น,,,READY_FOR_GENERATION,,triangle-strategy
1142,V_F_MIR_BTL_15900.wav,V_F_MIR_BTL_15900,40,40,40,41,ไมโล,battle,female,milo,assets/triangle-strategy/approved_voice_references/milo.wav,โอ้ ช่างงดงาม,,,READY_FOR_GENERATION,,triangle-strategy
1143,V_F_MIR_BTL_16000.wav,V_F_MIR_BTL_16000,41,41,41,42,ไมโล,battle,female,milo,assets/triangle-strategy/approved_voice_references/milo.wav,ยอดเยี่ยม!,,,READY_FOR_GENERATION,,triangle-strategy
1144,V_F_MIR_BTL_16100.wav,V_F_MIR_BTL_16100,42,42,42,43,ไมโล,battle,female,milo,assets/triangle-strategy/approved_voice_references/milo.wav,เจ้าดีกับข้าจริง ๆ,,,READY_FOR_GENERATION,,triangle-strategy
1145,V_F_MIR_BTL_16200.wav,V_F_MIR_BTL_16200,43,43,43,44,ไมโล,battle,female,milo,assets/triangle-strategy/approved_voice_references/milo.wav,เป็นไปไม่ได้,,,READY_FOR_GENERATION,,triangle-strategy
1146,V_F_MIR_BTL_16300.wav,V_F_MIR_BTL_16300,44,44,44,45,ไมโล,battle,female,milo,assets/triangle-strategy/approved_voice_references/milo.wav,ข้าพลาดตรงไหนกัน?,,,READY_FOR_GENERATION,,triangle-strategy
1147,V_F_MIR_BTL_16400.wav,V_F_MIR_BTL_16400,45,45,45,46,ไมโล,battle,female,milo,assets/triangle-strategy/approved_voice_references/milo.wav,ด้วยความรัก,,,READY_FOR_GENERATION,,triangle-strategy
1148,V_F_MIR_BTL_16500.wav,V_F_MIR_BTL_16500,46,46,46,47,ไมโล,battle,female,milo,assets/triangle-strategy/approved_voice_references/milo.wav,ใช้นี่ซะ,,,READY_FOR_GENERATION,,triangle-strategy
1149,V_F_MIR_BTL_16600.wav,V_F_MIR_BTL_16600,47,47,47,48,ไมโล,battle,female,milo,assets/triangle-strategy/approved_voice_references/milo.wav,ตอนนี้!,,,READY_FOR_GENERATION,,triangle-strategy
1150,V_F_MIR_BTL_17410.wav,V_F_MIR_BTL_17410,48,48,48,49,ไมโล,battle,female,milo,assets/triangle-strategy/approved_voice_references/milo.wav,รับนี่ไป!,,,READY_FOR_GENERATION,,triangle-strategy
1151,V_F_MIR_BTL_17411.wav,V_F_MIR_BTL_17411,49,49,49,50,ไมโล,battle,female,milo,assets/triangle-strategy/approved_voice_references/milo.wav,เงียบซะ,,,READY_FOR_GENERATION,,triangle-strategy
1152,V_F_MIR_BTL_17412.wav,V_F_MIR_BTL_17412,50,50,50,51,ไมโล,battle,female,milo,assets/triangle-strategy/approved_voice_references/milo.wav,เป็นไงล่ะ?,,,READY_FOR_GENERATION,,triangle-strategy
1153,V_F_MIR_BTL_17413.wav,V_F_MIR_BTL_17413,51,51,51,52,ไมโล,battle,female,milo,assets/triangle-strategy/approved_voice_references/milo.wav,เบาดั่งผีเสื้อ,,,READY_FOR_GENERATION,,triangle-strategy
1154,V_F_MIR_BTL_17414.wav,V_F_MIR_BTL_17414,52,52,52,53,ไมโล,battle,female,milo,assets/triangle-strategy/approved_voice_references/milo.wav,คิดว่าจะจับข้าได้หรือ?,,,READY_FOR_GENERATION,,triangle-strategy
1155,V_F_MIR_BTL_17415.wav,V_F_MIR_BTL_17415,53,53,53,54,ไมโล,battle,female,milo,assets/triangle-strategy/approved_voice_references/milo.wav,ฮ่า ฮ่า ฮ่า ฮ่า ฮ่า ฮ่า,,,READY_FOR_GENERATION,,triangle-strategy
1156,V_F_MIR_BTL_17460.wav,V_F_MIR_BTL_17460,54,54,54,55,ไมโล,battle,female,milo,assets/triangle-strategy/approved_voice_references/milo.wav,พิษเริงระบำ!,,,READY_FOR_GENERATION,,triangle-strategy
1157,V_F_MIR_BTL_17461.wav,V_F_MIR_BTL_17461,55,55,55,56,ไมโล,battle,female,milo,assets/triangle-strategy/approved_voice_references/milo.wav,ข้าจะลงโทษเจ้า,,,READY_FOR_GENERATION,,triangle-strategy
1158,V_F_MIR_BTL_17462.wav,V_F_MIR_BTL_17462,56,56,56,57,ไมโล,battle,female,milo,assets/triangle-strategy/approved_voice_references/milo.wav,ตกใจใช่ไหมล่ะ?,,,READY_FOR_GENERATION,,triangle-strategy
1159,V_F_MIR_BTL_17463.wav,V_F_MIR_BTL_17463,57,57,57,58,ไมโล,battle,female,milo,assets/triangle-strategy/approved_voice_references/milo.wav,น่าลิ้มลอง,,,READY_FOR_GENERATION,,triangle-strategy
1160,V_F_MIR_BTL_17464.wav,V_F_MIR_BTL_17464,58,58,58,59,ไมโล,battle,female,milo,assets/triangle-strategy/approved_voice_references/milo.wav,ทำตัวดี ๆ,,,READY_FOR_GENERATION,,triangle-strategy
1161,V_F_MIR_BTL_17470.wav,V_F_MIR_BTL_17470,59,59,59,60,ไมโล,battle,female,milo,assets/triangle-strategy/approved_voice_references/milo.wav,ฮ้า!,,ATTACK_CRY,READY_FOR_GENERATION,,triangle-strategy
1162,V_F_MIR_BTL_17471.wav,V_F_MIR_BTL_17471,60,60,60,61,ไมโล,battle,female,milo,assets/triangle-strategy/approved_voice_references/milo.wav,เจ้าจะแยกไม่ออกว่าอะไรเป็นอะไร,,,READY_FOR_GENERATION,,triangle-strategy
1163,V_F_MIR_BTL_17480.wav,V_F_MIR_BTL_17480,61,61,61,62,ไมโล,battle,female,milo,assets/triangle-strategy/approved_voice_references/milo.wav,หลงกลเสน่ห์ของข้าซะ,,,READY_FOR_GENERATION,,triangle-strategy
1164,V_F_MIR_BTL_17500.wav,V_F_MIR_BTL_17500,62,62,62,63,ไมโล,battle,female,milo,assets/triangle-strategy/approved_voice_references/milo.wav,ข้ามีความคิดดีที่สุดแล้ว,,,READY_FOR_GENERATION,,triangle-strategy
1165,V_F_MIR_BTL_17600.wav,V_F_MIR_BTL_17600,63,63,63,64,ไมโล,battle,female,milo,assets/triangle-strategy/approved_voice_references/milo.wav,นี่ต้องมีประโยชน์แน่,,,READY_FOR_GENERATION,,triangle-strategy
1166,V_F_MIR_BTL_17700.wav,V_F_MIR_BTL_17700,64,64,64,65,ไมโล,battle,female,milo,assets/triangle-strategy/approved_voice_references/milo.wav,งดงามขึ้นไปอีก,,,READY_FOR_GENERATION,,triangle-strategy
1167,V_F_MIR_BTL_17800.wav,V_F_MIR_BTL_17800,65,65,65,66,ไมโล,battle,female,milo,assets/triangle-strategy/approved_voice_references/milo.wav,ไม่เคยรู้สึกดีขนาดนี้!,,,READY_FOR_GENERATION,,triangle-strategy
1168,V_F_MIR_BTL_17900.wav,V_F_MIR_BTL_17900,66,66,66,67,ไมโล,battle,female,milo,assets/triangle-strategy/approved_voice_references/milo.wav,ความปรารถนาของเจ้าคือคำสั่งของข้า,,,READY_FOR_GENERATION,,triangle-strategy
1169,V_F_MIR_BTL_18000.wav,V_F_MIR_BTL_18000,67,67,67,68,ไมโล,battle,female,milo,assets/triangle-strategy/approved_voice_references/milo.wav,ข้ามีชีวิตเพื่อรับใช้,,,READY_FOR_GENERATION,,triangle-strategy
1170,V_F_MIR_BTL_18200.wav,V_F_MIR_BTL_18200,68,68,68,69,ไมโล,battle,female,milo,assets/triangle-strategy/approved_voice_references/milo.wav,ข้ายังพัฒนาได้อีก,,,READY_FOR_GENERATION,,triangle-strategy
1171,V_F_MIR_BTL_18300.wav,V_F_MIR_BTL_18300,69,69,69,70,ไมโล,battle,female,milo,assets/triangle-strategy/approved_voice_references/milo.wav,ดูสิว่าข้ามาไกลแค่ไหนแล้ว,,,READY_FOR_GENERATION,,triangle-strategy
1172,V_F_PIC_BTL_00400.wav,V_F_PIC_BTL_00400,0,0,0,1,พิคโคเล็ตต้า,battle,female,piccoletta,assets/triangle-strategy/approved_voice_references/piccoletta.wav,พร้อมหรือไม่ ข้ามาแล้ว!,,,READY_FOR_GENERATION,,triangle-strategy
1173,V_F_PIC_BTL_00500.wav,V_F_PIC_BTL_00500,1,1,1,2,พิคโคเล็ตต้า,battle,female,piccoletta,assets/triangle-strategy/approved_voice_references/piccoletta.wav,เริ่มการแสดงกัน!,,,READY_FOR_GENERATION,,triangle-strategy
1174,V_F_PIC_BTL_00600.wav,V_F_PIC_BTL_00600,2,2,2,3,พิคโคเล็ตต้า,battle,female,piccoletta,assets/triangle-strategy/approved_voice_references/piccoletta.wav,ข้าจะทำให้ดีที่สุด!,,,READY_FOR_GENERATION,,triangle-strategy
1175,V_F_PIC_BTL_00700.wav,V_F_PIC_BTL_00700,3,3,3,4,พิคโคเล็ตต้า,battle,female,piccoletta,assets/triangle-strategy/approved_voice_references/piccoletta.wav,ต่อไปที่ไหนดี?,,,READY_FOR_GENERATION,,triangle-strategy
1176,V_F_PIC_BTL_01700.wav,V_F_PIC_BTL_01700,4,4,4,5,พิคโคเล็ตต้า,battle,female,piccoletta,assets/triangle-strategy/approved_voice_references/piccoletta.wav,เอ๊ะ!,,,READY_FOR_GENERATION,,triangle-strategy
1177,V_F_PIC_BTL_01800.wav,V_F_PIC_BTL_01800,5,5,5,6,พิคโคเล็ตต้า,battle,female,piccoletta,assets/triangle-strategy/approved_voice_references/piccoletta.wav,ช่วยข้าด้วย!,,,READY_FOR_GENERATION,,triangle-strategy
1178,V_F_PIC_BTL_01900.wav,V_F_PIC_BTL_01900,6,6,6,7,พิคโคเล็ตต้า,battle,female,piccoletta,assets/triangle-strategy/approved_voice_references/piccoletta.wav,เจ็บ!,,,READY_FOR_GENERATION,,triangle-strategy
1179,V_F_PIC_BTL_02000.wav,V_F_PIC_BTL_02000,7,7,7,8,พิคโคเล็ตต้า,battle,female,piccoletta,assets/triangle-strategy/approved_voice_references/piccoletta.wav,ข้าควรทำยังไงดี?,,,READY_FOR_GENERATION,,triangle-strategy
1180,V_F_PIC_BTL_02700.wav,V_F_PIC_BTL_02700,8,8,8,9,พิคโคเล็ตต้า,battle,female,piccoletta,assets/triangle-strategy/approved_voice_references/piccoletta.wav,ฮ่า! ฮ่า! ฮ่า!,,,READY_FOR_GENERATION,,triangle-strategy
1181,V_F_PIC_BTL_02800.wav,V_F_PIC_BTL_02800,9,9,9,10,พิคโคเล็ตต้า,battle,female,piccoletta,assets/triangle-strategy/approved_voice_references/piccoletta.wav,ข้ารู้สึกไม่ค่อยดี,,,READY_FOR_GENERATION,,triangle-strategy
1182,V_F_PIC_BTL_02900.wav,V_F_PIC_BTL_02900,10,10,10,11,พิคโคเล็ตต้า,battle,female,piccoletta,assets/triangle-strategy/approved_voice_references/piccoletta.wav,ฮ้า!,,ATTACK_CRY,READY_FOR_GENERATION,,triangle-strategy
1183,V_F_PIC_BTL_03000.wav,V_F_PIC_BTL_03000,11,11,11,12,พิคโคเล็ตต้า,battle,female,piccoletta,assets/triangle-strategy/approved_voice_references/piccoletta.wav,เฮ้ย่า!,,,READY_FOR_GENERATION,,triangle-strategy
1184,V_F_PIC_BTL_03100.wav,V_F_PIC_BTL_03100,12,12,12,13,พิคโคเล็ตต้า,battle,female,piccoletta,assets/triangle-strategy/approved_voice_references/piccoletta.wav,ฮึ่ย!,,ATTACK_CRY,READY_FOR_GENERATION,,triangle-strategy
1185,V_F_PIC_BTL_03200.wav,V_F_PIC_BTL_03200,13,13,13,14,พิคโคเล็ตต้า,battle,female,piccoletta,assets/triangle-strategy/approved_voice_references/piccoletta.wav,เฮ้!,,,READY_FOR_GENERATION,,triangle-strategy
1186,V_F_PIC_BTL_03300.wav,V_F_PIC_BTL_03300,14,14,14,15,พิคโคเล็ตต้า,battle,female,piccoletta,assets/triangle-strategy/approved_voice_references/piccoletta.wav,ฮ้า!,,ATTACK_CRY,READY_FOR_GENERATION,,triangle-strategy
1187,V_F_PIC_BTL_03400.wav,V_F_PIC_BTL_03400,15,15,15,16,พิคโคเล็ตต้า,battle,female,piccoletta,assets/triangle-strategy/approved_voice_references/piccoletta.wav,นี่!,,,READY_FOR_GENERATION,,triangle-strategy
1188,V_F_PIC_BTL_03500.wav,V_F_PIC_BTL_03500,16,16,16,17,พิคโคเล็ตต้า,battle,female,piccoletta,assets/triangle-strategy/approved_voice_references/piccoletta.wav,เป็นไงล่ะ?,,,READY_FOR_GENERATION,,triangle-strategy
1189,V_F_PIC_BTL_03600.wav,V_F_PIC_BTL_03600,17,17,17,18,พิคโคเล็ตต้า,battle,female,piccoletta,assets/triangle-strategy/approved_voice_references/piccoletta.wav,บ๊ายบาย!,,,READY_FOR_GENERATION,,triangle-strategy
1190,V_F_PIC_BTL_08800.wav,V_F_PIC_BTL_08800,18,18,18,19,พิคโคเล็ตต้า,battle,female,piccoletta,assets/triangle-strategy/approved_voice_references/piccoletta.wav,ข้าลุกแล้ว!,,,READY_FOR_GENERATION,,triangle-strategy
1191,V_F_PIC_BTL_08900.wav,V_F_PIC_BTL_08900,19,19,19,20,พิคโคเล็ตต้า,battle,female,piccoletta,assets/triangle-strategy/approved_voice_references/piccoletta.wav,หนึ่ง สอง แล้วก็...,,,READY_FOR_GENERATION,,triangle-strategy
1192,V_F_PIC_BTL_09000.wav,V_F_PIC_BTL_09000,20,20,20,21,พิคโคเล็ตต้า,battle,female,piccoletta,assets/triangle-strategy/approved_voice_references/piccoletta.wav,ย่ะ!,,ATTACK_CRY,READY_FOR_GENERATION,,triangle-strategy
1193,V_F_PIC_BTL_14200.wav,V_F_PIC_BTL_14200,21,21,21,22,พิคโคเล็ตต้า,battle,female,piccoletta,assets/triangle-strategy/approved_voice_references/piccoletta.wav,เฮ้! สนุกจัง!,,,READY_FOR_GENERATION,,triangle-strategy
1194,V_F_PIC_BTL_14300.wav,V_F_PIC_BTL_14300,22,22,22,23,พิคโคเล็ตต้า,battle,female,piccoletta,assets/triangle-strategy/approved_voice_references/piccoletta.wav,เก็บเสียงปรบมือไว้ก่อน!,,,READY_FOR_GENERATION,,triangle-strategy
1195,V_F_PIC_BTL_14400.wav,V_F_PIC_BTL_14400,23,23,23,24,พิคโคเล็ตต้า,battle,female,piccoletta,assets/triangle-strategy/approved_voice_references/piccoletta.wav,อะไรนะ?,,,READY_FOR_GENERATION,,triangle-strategy
1196,V_F_PIC_BTL_14500.wav,V_F_PIC_BTL_14500,24,24,24,25,พิคโคเล็ตต้า,battle,female,piccoletta,assets/triangle-strategy/approved_voice_references/piccoletta.wav,ข้าทำพลาดหรือ?,,,READY_FOR_GENERATION,,triangle-strategy
1197,V_F_PIC_BTL_14600.wav,V_F_PIC_BTL_14600,25,25,25,26,พิคโคเล็ตต้า,battle,female,piccoletta,assets/triangle-strategy/approved_voice_references/piccoletta.wav,อึก!,,HURT_CRY,READY_FOR_GENERATION,,triangle-strategy
1198,V_F_PIC_BTL_14700.wav,V_F_PIC_BTL_14700,26,26,26,27,พิคโคเล็ตต้า,battle,female,piccoletta,assets/triangle-strategy/approved_voice_references/piccoletta.wav,โอ๊ย!,,,READY_FOR_GENERATION,,triangle-strategy
1199,V_F_PIC_BTL_14800.wav,V_F_PIC_BTL_14800,27,27,27,28,พิคโคเล็ตต้า,battle,female,piccoletta,assets/triangle-strategy/approved_voice_references/piccoletta.wav,อ๊าก!,,HURT_CRY,READY_FOR_GENERATION,,triangle-strategy
1200,V_F_PIC_BTL_14900.wav,V_F_PIC_BTL_14900,28,28,28,29,พิคโคเล็ตต้า,battle,female,piccoletta,assets/triangle-strategy/approved_voice_references/piccoletta.wav,โอ๊ย!,,HURT_CRY,READY_FOR_GENERATION,,triangle-strategy
1201,V_F_PIC_BTL_15000.wav,V_F_PIC_BTL_15000,29,29,29,30,พิคโคเล็ตต้า,battle,female,piccoletta,assets/triangle-strategy/approved_voice_references/piccoletta.wav,ไม่!,,,READY_FOR_GENERATION,,triangle-strategy
1202,V_F_PIC_BTL_15100.wav,V_F_PIC_BTL_15100,30,30,30,31,พิคโคเล็ตต้า,battle,female,piccoletta,assets/triangle-strategy/approved_voice_references/piccoletta.wav,อ๊าก!,,HURT_CRY,READY_FOR_GENERATION,,triangle-strategy
1203,V_F_PIC_BTL_15200.wav,V_F_PIC_BTL_15200,31,31,31,32,พิคโคเล็ตต้า,battle,female,piccoletta,assets/triangle-strategy/approved_voice_references/piccoletta.wav,หยุดก่อน!,,,READY_FOR_GENERATION,,triangle-strategy
1204,V_F_PIC_BTL_15300.wav,V_F_PIC_BTL_15300,32,32,32,33,พิคโคเล็ตต้า,battle,female,piccoletta,assets/triangle-strategy/approved_voice_references/piccoletta.wav,ตาข้าแล้ว!,,,READY_FOR_GENERATION,,triangle-strategy
1205,V_F_PIC_BTL_15310.wav,V_F_PIC_BTL_15310,33,33,33,34,พิคโคเล็ตต้า,battle,female,piccoletta,assets/triangle-strategy/approved_voice_references/piccoletta.wav,จับได้แล้ว!,,,READY_FOR_GENERATION,,triangle-strategy
1206,V_F_PIC_BTL_15320.wav,V_F_PIC_BTL_15320,34,34,34,35,พิคโคเล็ตต้า,battle,female,piccoletta,assets/triangle-strategy/approved_voice_references/piccoletta.wav,เอาคืนไป!,,,READY_FOR_GENERATION,,triangle-strategy
1207,V_F_PIC_BTL_15400.wav,V_F_PIC_BTL_15400,35,35,35,36,พิคโคเล็ตต้า,battle,female,piccoletta,assets/triangle-strategy/approved_voice_references/piccoletta.wav,ไม่นะ!,,,READY_FOR_GENERATION,,triangle-strategy
1208,V_F_PIC_BTL_15500.wav,V_F_PIC_BTL_15500,36,36,36,37,พิคโคเล็ตต้า,battle,female,piccoletta,assets/triangle-strategy/approved_voice_references/piccoletta.wav,โว้ว!,,,READY_FOR_GENERATION,,triangle-strategy
1209,V_F_PIC_BTL_15600.wav,V_F_PIC_BTL_15600,37,37,37,38,พิคโคเล็ตต้า,battle,female,piccoletta,assets/triangle-strategy/approved_voice_references/piccoletta.wav,ขอบคุณ!,,,READY_FOR_GENERATION,,triangle-strategy
1210,V_F_PIC_BTL_15700.wav,V_F_PIC_BTL_15700,38,38,38,39,พิคโคเล็ตต้า,battle,female,piccoletta,assets/triangle-strategy/approved_voice_references/piccoletta.wav,เฮ้อ ขอบคุณ!,,,READY_FOR_GENERATION,,triangle-strategy
1211,V_F_PIC_BTL_15800.wav,V_F_PIC_BTL_15800,39,39,39,40,พิคโคเล็ตต้า,battle,female,piccoletta,assets/triangle-strategy/approved_voice_references/piccoletta.wav,ดีขึ้นไหม?,,,READY_FOR_GENERATION,,triangle-strategy
1212,V_F_PIC_BTL_15900.wav,V_F_PIC_BTL_15900,40,40,40,41,พิคโคเล็ตต้า,battle,female,piccoletta,assets/triangle-strategy/approved_voice_references/piccoletta.wav,สุดยอดไปเลย!,,,READY_FOR_GENERATION,,triangle-strategy
1213,V_F_PIC_BTL_16000.wav,V_F_PIC_BTL_16000,41,41,41,42,พิคโคเล็ตต้า,battle,female,piccoletta,assets/triangle-strategy/approved_voice_references/piccoletta.wav,ว้าว!,,,READY_FOR_GENERATION,,triangle-strategy
1214,V_F_PIC_BTL_16100.wav,V_F_PIC_BTL_16100,42,42,42,43,พิคโคเล็ตต้า,battle,female,piccoletta,assets/triangle-strategy/approved_voice_references/piccoletta.wav,ข้าจะไม่ยอมแพ้!,,,READY_FOR_GENERATION,,triangle-strategy
1215,V_F_PIC_BTL_16200.wav,V_F_PIC_BTL_16200,43,43,43,44,พิคโคเล็ตต้า,battle,female,piccoletta,assets/triangle-strategy/approved_voice_references/piccoletta.wav,ข้าพลาดหนักเลย,,,READY_FOR_GENERATION,,triangle-strategy
1216,V_F_PIC_BTL_16300.wav,V_F_PIC_BTL_16300,44,44,44,45,พิคโคเล็ตต้า,battle,female,piccoletta,assets/triangle-strategy/approved_voice_references/piccoletta.wav,ข้ากลัว,,,READY_FOR_GENERATION,,triangle-strategy
1217,V_F_PIC_BTL_16400.wav,V_F_PIC_BTL_16400,45,45,45,46,พิคโคเล็ตต้า,battle,female,piccoletta,assets/triangle-strategy/approved_voice_references/piccoletta.wav,ย่ะ!,,ATTACK_CRY,READY_FOR_GENERATION,,triangle-strategy
1218,V_F_PIC_BTL_16500.wav,V_F_PIC_BTL_16500,46,46,46,47,พิคโคเล็ตต้า,battle,female,piccoletta,assets/triangle-strategy/approved_voice_references/piccoletta.wav,สำหรับเจ้า!,,,READY_FOR_GENERATION,,triangle-strategy
1219,V_F_PIC_BTL_16600.wav,V_F_PIC_BTL_16600,47,47,47,48,พิคโคเล็ตต้า,battle,female,piccoletta,assets/triangle-strategy/approved_voice_references/piccoletta.wav,เพื่อข้า!,,,READY_FOR_GENERATION,,triangle-strategy
1220,V_F_PIC_BTL_17410.wav,V_F_PIC_BTL_17410,48,48,48,49,พิคโคเล็ตต้า,battle,female,piccoletta,assets/triangle-strategy/approved_voice_references/piccoletta.wav,ฮี๊บโฮ่!,,,READY_FOR_GENERATION,,triangle-strategy
1221,V_F_PIC_BTL_17411.wav,V_F_PIC_BTL_17411,49,49,49,50,พิคโคเล็ตต้า,battle,female,piccoletta,assets/triangle-strategy/approved_voice_references/piccoletta.wav,บินไปเลย!,,,READY_FOR_GENERATION,,triangle-strategy
1222,V_F_PIC_BTL_17412.wav,V_F_PIC_BTL_17412,50,50,50,51,พิคโคเล็ตต้า,battle,female,piccoletta,assets/triangle-strategy/approved_voice_references/piccoletta.wav,รับนี่ไป!,,,READY_FOR_GENERATION,,triangle-strategy
1223,V_F_PIC_BTL_17413.wav,V_F_PIC_BTL_17413,51,51,51,52,พิคโคเล็ตต้า,battle,female,piccoletta,assets/triangle-strategy/approved_voice_references/piccoletta.wav,เอาล่ะ!,,,READY_FOR_GENERATION,,triangle-strategy
1224,V_F_PIC_BTL_17414.wav,V_F_PIC_BTL_17414,52,52,52,53,พิคโคเล็ตต้า,battle,female,piccoletta,assets/triangle-strategy/approved_voice_references/piccoletta.wav,ฮึบขึ้นมา!,,,READY_FOR_GENERATION,,triangle-strategy
1225,V_F_PIC_BTL_17415.wav,V_F_PIC_BTL_17415,53,53,53,54,พิคโคเล็ตต้า,battle,female,piccoletta,assets/triangle-strategy/approved_voice_references/piccoletta.wav,รับนี่ไปอีกอัน!,,,READY_FOR_GENERATION,,triangle-strategy
1226,V_F_PIC_BTL_17420.wav,V_F_PIC_BTL_17420,54,54,54,55,พิคโคเล็ตต้า,battle,female,piccoletta,assets/triangle-strategy/approved_voice_references/piccoletta.wav,เตรียม... ไป!,,,READY_FOR_GENERATION,,triangle-strategy
1227,V_F_PIC_BTL_17421.wav,V_F_PIC_BTL_17421,55,55,55,56,พิคโคเล็ตต้า,battle,female,piccoletta,assets/triangle-strategy/approved_voice_references/piccoletta.wav,ฮัยย่ะ!,,ATTACK_CRY,READY_FOR_GENERATION,,triangle-strategy
1228,V_F_PIC_BTL_17460.wav,V_F_PIC_BTL_17460,56,56,56,57,พิคโคเล็ตต้า,battle,female,piccoletta,assets/triangle-strategy/approved_voice_references/piccoletta.wav,อุ๊ย!,,,READY_FOR_GENERATION,,triangle-strategy
1229,V_F_PIC_BTL_17461.wav,V_F_PIC_BTL_17461,57,57,57,58,พิคโคเล็ตต้า,battle,female,piccoletta,assets/triangle-strategy/approved_voice_references/piccoletta.wav,แต่นแต๊น!,,,READY_FOR_GENERATION,,triangle-strategy
1230,V_F_PIC_BTL_17462.wav,V_F_PIC_BTL_17462,58,58,58,59,พิคโคเล็ตต้า,battle,female,piccoletta,assets/triangle-strategy/approved_voice_references/piccoletta.wav,ข้าขอรับไปล่ะ,,,READY_FOR_GENERATION,,triangle-strategy
1231,V_F_PIC_BTL_17463.wav,V_F_PIC_BTL_17463,59,59,59,60,พิคโคเล็ตต้า,battle,female,piccoletta,assets/triangle-strategy/approved_voice_references/piccoletta.wav,เฮ้ เย้!,,,READY_FOR_GENERATION,,triangle-strategy
1232,V_F_PIC_BTL_17480.wav,V_F_PIC_BTL_17480,60,60,60,61,พิคโคเล็ตต้า,battle,female,piccoletta,assets/triangle-strategy/approved_voice_references/piccoletta.wav,ทำได้เท่าไรก็เอาเลย!,,,READY_FOR_GENERATION,,triangle-strategy
1233,V_F_PIC_BTL_17500.wav,V_F_PIC_BTL_17500,61,61,61,62,พิคโคเล็ตต้า,battle,female,piccoletta,assets/triangle-strategy/approved_voice_references/piccoletta.wav,ข้าเรียนรู้กลเม็ดใหม่แล้ว!,,,READY_FOR_GENERATION,,triangle-strategy
1234,V_F_PIC_BTL_17600.wav,V_F_PIC_BTL_17600,62,62,62,63,พิคโคเล็ตต้า,battle,female,piccoletta,assets/triangle-strategy/approved_voice_references/piccoletta.wav,ยอดเยี่ยมจริง ๆ!,,,READY_FOR_GENERATION,,triangle-strategy
1235,V_F_PIC_BTL_17700.wav,V_F_PIC_BTL_17700,63,63,63,64,พิคโคเล็ตต้า,battle,female,piccoletta,assets/triangle-strategy/approved_voice_references/piccoletta.wav,ข้าทำได้!,,,READY_FOR_GENERATION,,triangle-strategy
1236,V_F_PIC_BTL_17800.wav,V_F_PIC_BTL_17800,64,64,64,65,พิคโคเล็ตต้า,battle,female,piccoletta,assets/triangle-strategy/approved_voice_references/piccoletta.wav,ข้ายังมีอะไรให้เรียนรู้อีกเยอะ!,,,READY_FOR_GENERATION,,triangle-strategy
1237,V_F_PIC_BTL_17900.wav,V_F_PIC_BTL_17900,65,65,65,66,พิคโคเล็ตต้า,battle,female,piccoletta,assets/triangle-strategy/approved_voice_references/piccoletta.wav,ข้ากำลังไป!,,,READY_FOR_GENERATION,,triangle-strategy
1238,V_F_PIC_BTL_18000.wav,V_F_PIC_BTL_18000,66,66,66,67,พิคโคเล็ตต้า,battle,female,piccoletta,assets/triangle-strategy/approved_voice_references/piccoletta.wav,ข้าจัดการได้!,,,READY_FOR_GENERATION,,triangle-strategy
1239,V_F_PIC_BTL_18200.wav,V_F_PIC_BTL_18200,67,67,67,68,พิคโคเล็ตต้า,battle,female,piccoletta,assets/triangle-strategy/approved_voice_references/piccoletta.wav,ฮิ ฮิ!,,,READY_FOR_GENERATION,,triangle-strategy
1240,V_F_PIC_BTL_18300.wav,V_F_PIC_BTL_18300,68,68,68,69,พิคโคเล็ตต้า,battle,female,piccoletta,assets/triangle-strategy/approved_voice_references/piccoletta.wav,ข้าชอบทำให้ทุกคนตะลึง!,,,READY_FOR_GENERATION,,triangle-strategy
1289,V_F_TRI_BTL_00400.wav,V_F_TRI_BTL_00400,0,0,0,1,Trish,battle,female,trish,assets/triangle-strategy/approved_voice_references/trish.wav,พร้อมรบ!,,,READY_FOR_GENERATION,,triangle-strategy
1290,V_F_TRI_BTL_00500.wav,V_F_TRI_BTL_00500,1,1,1,2,Trish,battle,female,trish,assets/triangle-strategy/approved_voice_references/trish.wav,หลีกทาง!,,,READY_FOR_GENERATION,,triangle-strategy
1291,V_F_TRI_BTL_00600.wav,V_F_TRI_BTL_00600,2,2,2,3,Trish,battle,female,trish,assets/triangle-strategy/approved_voice_references/trish.wav,ฮ่า ฮ่า ฮ่า ฮ่า!,,,READY_FOR_GENERATION,,triangle-strategy
1292,V_F_TRI_BTL_00700.wav,V_F_TRI_BTL_00700,3,3,3,4,Trish,battle,female,trish,assets/triangle-strategy/approved_voice_references/trish.wav,ชี้เป้าให้ข้าเลย!,,,READY_FOR_GENERATION,,triangle-strategy
1293,V_F_TRI_BTL_01700.wav,V_F_TRI_BTL_01700,4,4,4,5,Trish,battle,female,trish,assets/triangle-strategy/approved_voice_references/trish.wav,เละเทะจริง!,,,READY_FOR_GENERATION,,triangle-strategy
1294,V_F_TRI_BTL_01800.wav,V_F_TRI_BTL_01800,5,5,5,6,Trish,battle,female,trish,assets/triangle-strategy/approved_voice_references/trish.wav,เผลอลดการป้องกันไป!,,,READY_FOR_GENERATION,,triangle-strategy
1295,V_F_TRI_BTL_01900.wav,V_F_TRI_BTL_01900,6,6,6,7,Trish,battle,female,trish,assets/triangle-strategy/approved_voice_references/trish.wav,แล้วไงต่อ?,,,READY_FOR_GENERATION,,triangle-strategy
1296,V_F_TRI_BTL_02000.wav,V_F_TRI_BTL_02000,7,7,7,8,Trish,battle,female,trish,assets/triangle-strategy/approved_voice_references/trish.wav,เจ้าเอาชนะข้าไม่ได้!,,,READY_FOR_GENERATION,,triangle-strategy
1297,V_F_TRI_BTL_02700.wav,V_F_TRI_BTL_02700,8,8,8,9,Trish,battle,female,trish,assets/triangle-strategy/approved_voice_references/trish.wav,บ้าเอ๊ย! พวกมันเล่นข้าแล้ว!,,,READY_FOR_GENERATION,,triangle-strategy
1298,V_F_TRI_BTL_02800.wav,V_F_TRI_BTL_02800,9,9,9,10,Trish,battle,female,trish,assets/triangle-strategy/approved_voice_references/trish.wav,เจ้าบ้า!,,,READY_FOR_GENERATION,,triangle-strategy
1299,V_F_TRI_BTL_02900.wav,V_F_TRI_BTL_02900,10,10,10,11,Trish,battle,female,trish,assets/triangle-strategy/approved_voice_references/trish.wav,เอ้า!,,ATTACK_CRY,READY_FOR_GENERATION,,triangle-strategy
1300,V_F_TRI_BTL_03000.wav,V_F_TRI_BTL_03000,11,11,11,12,Trish,battle,female,trish,assets/triangle-strategy/approved_voice_references/trish.wav,รับนี่ไป!,,,READY_FOR_GENERATION,,triangle-strategy
1301,V_F_TRI_BTL_03100.wav,V_F_TRI_BTL_03100,12,12,12,13,Trish,battle,female,trish,assets/triangle-strategy/approved_voice_references/trish.wav,พะย่ะ!,,,READY_FOR_GENERATION,,triangle-strategy
1302,V_F_TRI_BTL_03200.wav,V_F_TRI_BTL_03200,13,13,13,14,Trish,battle,female,trish,assets/triangle-strategy/approved_voice_references/trish.wav,ฮ่า!,,ATTACK_CRY,READY_FOR_GENERATION,,triangle-strategy
1303,V_F_TRI_BTL_03300.wav,V_F_TRI_BTL_03300,14,14,14,15,Trish,battle,female,trish,assets/triangle-strategy/approved_voice_references/trish.wav,นี่!,,,READY_FOR_GENERATION,,triangle-strategy
1304,V_F_TRI_BTL_03400.wav,V_F_TRI_BTL_03400,15,15,15,16,Trish,battle,female,trish,assets/triangle-strategy/approved_voice_references/trish.wav,เอ้า!,,ATTACK_CRY,READY_FOR_GENERATION,,triangle-strategy
1305,V_F_TRI_BTL_03500.wav,V_F_TRI_BTL_03500,16,16,16,17,Trish,battle,female,trish,assets/triangle-strategy/approved_voice_references/trish.wav,เจ้าจบเห่แล้ว!,,,READY_FOR_GENERATION,,triangle-strategy
1306,V_F_TRI_BTL_03600.wav,V_F_TRI_BTL_03600,17,17,17,18,Trish,battle,female,trish,assets/triangle-strategy/approved_voice_references/trish.wav,ข้าจะจัดการเจ้า!,,,READY_FOR_GENERATION,,triangle-strategy
1307,V_F_TRI_BTL_08800.wav,V_F_TRI_BTL_08800,18,18,18,19,Trish,battle,female,trish,assets/triangle-strategy/approved_voice_references/trish.wav,ไม่เสียใจหรอก!,,,READY_FOR_GENERATION,,triangle-strategy
1308,V_F_TRI_BTL_08900.wav,V_F_TRI_BTL_08900,19,19,19,20,Trish,battle,female,trish,assets/triangle-strategy/approved_voice_references/trish.wav,เจอช่องแล้ว!,,,READY_FOR_GENERATION,,triangle-strategy
1309,V_F_TRI_BTL_09000.wav,V_F_TRI_BTL_09000,20,20,20,21,Trish,battle,female,trish,assets/triangle-strategy/approved_voice_references/trish.wav,เจ้าเป็นของข้า!,,,READY_FOR_GENERATION,,triangle-strategy
1310,V_F_TRI_BTL_14200.wav,V_F_TRI_BTL_14200,21,21,21,22,Trish,battle,female,trish,assets/triangle-strategy/approved_voice_references/trish.wav,เข้าเป้า!,,,READY_FOR_GENERATION,,triangle-strategy
1311,V_F_TRI_BTL_14300.wav,V_F_TRI_BTL_14300,22,22,22,23,Trish,battle,female,trish,assets/triangle-strategy/approved_voice_references/trish.wav,ได้ผลสินะ?,,,READY_FOR_GENERATION,,triangle-strategy
1312,V_F_TRI_BTL_14400.wav,V_F_TRI_BTL_14400,23,23,23,24,Trish,battle,female,trish,assets/triangle-strategy/approved_voice_references/trish.wav,โอ๊ะ อะไรนะ?,,,READY_FOR_GENERATION,,triangle-strategy
1313,V_F_TRI_BTL_14500.wav,V_F_TRI_BTL_14500,24,24,24,25,Trish,battle,female,trish,assets/triangle-strategy/approved_voice_references/trish.wav,บ้าเอ๊ย!,,,READY_FOR_GENERATION,,triangle-strategy
1314,V_F_TRI_BTL_14600.wav,V_F_TRI_BTL_14600,25,25,25,26,Trish,battle,female,trish,assets/triangle-strategy/approved_voice_references/trish.wav,โอ๊ย!,,HURT_CRY,READY_FOR_GENERATION,,triangle-strategy
1315,V_F_TRI_BTL_14700.wav,V_F_TRI_BTL_14700,26,26,26,27,Trish,battle,female,trish,assets/triangle-strategy/approved_voice_references/trish.wav,อั่ก!,,HURT_CRY,READY_FOR_GENERATION,,triangle-strategy
1316,V_F_TRI_BTL_14800.wav,V_F_TRI_BTL_14800,27,27,27,28,Trish,battle,female,trish,assets/triangle-strategy/approved_voice_references/trish.wav,เนี๊ยว!,,,READY_FOR_GENERATION,,triangle-strategy
1317,V_F_TRI_BTL_14900.wav,V_F_TRI_BTL_14900,28,28,28,29,Trish,battle,female,trish,assets/triangle-strategy/approved_voice_references/trish.wav,บ้าเอ๊ย เจ็บชะมัด!,,,READY_FOR_GENERATION,,triangle-strategy
1318,V_F_TRI_BTL_15000.wav,V_F_TRI_BTL_15000,29,29,29,30,Trish,battle,female,trish,assets/triangle-strategy/approved_voice_references/trish.wav,เจ้านี่มัน...,,,READY_FOR_GENERATION,,triangle-strategy
1319,V_F_TRI_BTL_15100.wav,V_F_TRI_BTL_15100,30,30,30,31,Trish,battle,female,trish,assets/triangle-strategy/approved_voice_references/trish.wav,อ๊าก!,,HURT_CRY,READY_FOR_GENERATION,,triangle-strategy
1320,V_F_TRI_BTL_15200.wav,V_F_TRI_BTL_15200,31,31,31,32,Trish,battle,female,trish,assets/triangle-strategy/approved_voice_references/trish.wav,ข้าไม่คิดอย่างนั้น,,,READY_FOR_GENERATION,,triangle-strategy
1321,V_F_TRI_BTL_15300.wav,V_F_TRI_BTL_15300,32,32,32,33,Trish,battle,female,trish,assets/triangle-strategy/approved_voice_references/trish.wav,กลับมานี่!,,,READY_FOR_GENERATION,,triangle-strategy
1322,V_F_TRI_BTL_15310.wav,V_F_TRI_BTL_15310,33,33,33,34,Trish,battle,female,trish,assets/triangle-strategy/approved_voice_references/trish.wav,ต้องพลิกสถานการณ์!,,,READY_FOR_GENERATION,,triangle-strategy
1323,V_F_TRI_BTL_15320.wav,V_F_TRI_BTL_15320,34,34,34,35,Trish,battle,female,trish,assets/triangle-strategy/approved_voice_references/trish.wav,แล้วก็ต้องมีของตอบแทน,,,READY_FOR_GENERATION,,triangle-strategy
1324,V_F_TRI_BTL_15400.wav,V_F_TRI_BTL_15400,35,35,35,36,Trish,battle,female,trish,assets/triangle-strategy/approved_voice_references/trish.wav,อึ๋ย เกือบไป!,,,READY_FOR_GENERATION,,triangle-strategy
1325,V_F_TRI_BTL_15500.wav,V_F_TRI_BTL_15500,36,36,36,37,Trish,battle,female,trish,assets/triangle-strategy/approved_voice_references/trish.wav,หึ!,,EVADE_GUARD,READY_FOR_GENERATION,,triangle-strategy
1326,V_F_TRI_BTL_15600.wav,V_F_TRI_BTL_15600,37,37,37,38,Trish,battle,female,trish,assets/triangle-strategy/approved_voice_references/trish.wav,ขอบคุณมาก,,,READY_FOR_GENERATION,,triangle-strategy
1327,V_F_TRI_BTL_15700.wav,V_F_TRI_BTL_15700,38,38,38,39,Trish,battle,female,trish,assets/triangle-strategy/approved_voice_references/trish.wav,รู้สึกดีจัง,,,READY_FOR_GENERATION,,triangle-strategy
1328,V_F_TRI_BTL_15800.wav,V_F_TRI_BTL_15800,39,39,39,40,Trish,battle,female,trish,assets/triangle-strategy/approved_voice_references/trish.wav,ไม่เคยรู้สึกดีขนาดนี้,,,READY_FOR_GENERATION,,triangle-strategy
1329,V_F_TRI_BTL_15900.wav,V_F_TRI_BTL_15900,40,40,40,41,Trish,battle,female,trish,assets/triangle-strategy/approved_voice_references/trish.wav,เอาล่ะ ต่อไปอะไรดี?,,,READY_FOR_GENERATION,,triangle-strategy
1330,V_F_TRI_BTL_16000.wav,V_F_TRI_BTL_16000,41,41,41,42,Trish,battle,female,trish,assets/triangle-strategy/approved_voice_references/trish.wav,พร้อมลุย!,,,READY_FOR_GENERATION,,triangle-strategy
1331,V_F_TRI_BTL_16100.wav,V_F_TRI_BTL_16100,42,42,42,43,Trish,battle,female,trish,assets/triangle-strategy/approved_voice_references/trish.wav,ต้องทำหน้าที่ของข้าให้ได้!,,,READY_FOR_GENERATION,,triangle-strategy
1332,V_F_TRI_BTL_16200.wav,V_F_TRI_BTL_16200,43,43,43,44,Trish,battle,female,trish,assets/triangle-strategy/approved_voice_references/trish.wav,เจ้านี่มัน...,,,READY_FOR_GENERATION,,triangle-strategy
1333,V_F_TRI_BTL_16300.wav,V_F_TRI_BTL_16300,44,44,44,45,Trish,battle,female,trish,assets/triangle-strategy/approved_voice_references/trish.wav,ขอโทษนะ พ่อ!,,,READY_FOR_GENERATION,,triangle-strategy
1334,V_F_TRI_BTL_16400.wav,V_F_TRI_BTL_16400,45,45,45,46,Trish,battle,female,trish,assets/triangle-strategy/approved_voice_references/trish.wav,รับนี่ไป!,,,READY_FOR_GENERATION,,triangle-strategy
1335,V_F_TRI_BTL_16500.wav,V_F_TRI_BTL_16500,46,46,46,47,Trish,battle,female,trish,assets/triangle-strategy/approved_voice_references/trish.wav,ลองนี่ดู!,,,READY_FOR_GENERATION,,triangle-strategy
1336,V_F_TRI_BTL_16600.wav,V_F_TRI_BTL_16600,47,47,47,48,Trish,battle,female,trish,assets/triangle-strategy/approved_voice_references/trish.wav,นี่แหละใช่เลย,,,READY_FOR_GENERATION,,triangle-strategy
1337,V_F_TRI_BTL_17410.wav,V_F_TRI_BTL_17410,48,48,48,49,Trish,battle,female,trish,assets/triangle-strategy/approved_voice_references/trish.wav,เอาล่ะ ลุย!,,,READY_FOR_GENERATION,,triangle-strategy
1338,V_F_TRI_BTL_17411.wav,V_F_TRI_BTL_17411,49,49,49,50,Trish,battle,female,trish,assets/triangle-strategy/approved_voice_references/trish.wav,โอกาสเหมาะสุด ๆ!,,,READY_FOR_GENERATION,,triangle-strategy
1339,V_F_TRI_BTL_17412.wav,V_F_TRI_BTL_17412,50,50,50,51,Trish,battle,female,trish,assets/triangle-strategy/approved_voice_references/trish.wav,ข้าไม่เคยพลาด,,,READY_FOR_GENERATION,,triangle-strategy
1340,V_F_TRI_BTL_17413.wav,V_F_TRI_BTL_17413,51,51,51,52,Trish,battle,female,trish,assets/triangle-strategy/approved_voice_references/trish.wav,มองข้าไว้!,,,READY_FOR_GENERATION,,triangle-strategy
1341,V_F_TRI_BTL_17414.wav,V_F_TRI_BTL_17414,52,52,52,53,Trish,battle,female,trish,assets/triangle-strategy/approved_voice_references/trish.wav,เปิดช่องเต็ม ๆ!,,,READY_FOR_GENERATION,,triangle-strategy
1342,V_F_TRI_BTL_17415.wav,V_F_TRI_BTL_17415,53,53,53,54,Trish,battle,female,trish,assets/triangle-strategy/approved_voice_references/trish.wav,เป็นโจรก็เป็นโจรตลอดไป,,,READY_FOR_GENERATION,,triangle-strategy
1343,V_F_TRI_BTL_17416.wav,V_F_TRI_BTL_17416,54,54,54,55,Trish,battle,female,trish,assets/triangle-strategy/approved_voice_references/trish.wav,เฮ้ย่า!,,,READY_FOR_GENERATION,,triangle-strategy
1344,V_F_TRI_BTL_17417.wav,V_F_TRI_BTL_17417,55,55,55,56,Trish,battle,female,trish,assets/triangle-strategy/approved_voice_references/trish.wav,ลงไปซะ!,,,READY_FOR_GENERATION,,triangle-strategy
1345,V_F_TRI_BTL_17418.wav,V_F_TRI_BTL_17418,56,56,56,57,Trish,battle,female,trish,assets/triangle-strategy/approved_voice_references/trish.wav,ลาก่อน!,,,READY_FOR_GENERATION,,triangle-strategy
1346,V_F_TRI_BTL_17420.wav,V_F_TRI_BTL_17420,57,57,57,58,Trish,battle,female,trish,assets/triangle-strategy/approved_voice_references/trish.wav,ข้าเอาจริงนะ,,,READY_FOR_GENERATION,,triangle-strategy
1347,V_F_TRI_BTL_17421.wav,V_F_TRI_BTL_17421,58,58,58,59,Trish,battle,female,trish,assets/triangle-strategy/approved_voice_references/trish.wav,ต้อนเหยื่อจนมุมแล้ว!,,,READY_FOR_GENERATION,,triangle-strategy
1348,V_F_TRI_BTL_17422.wav,V_F_TRI_BTL_17422,59,59,59,60,Trish,battle,female,trish,assets/triangle-strategy/approved_voice_references/trish.wav,ข้าขอรับไปล่ะ,,,READY_FOR_GENERATION,,triangle-strategy
1349,V_F_TRI_BTL_17460.wav,V_F_TRI_BTL_17460,60,60,60,61,Trish,battle,female,trish,assets/triangle-strategy/approved_voice_references/trish.wav,ไปให้พ้น!,,,READY_FOR_GENERATION,,triangle-strategy
1350,V_F_TRI_BTL_17461.wav,V_F_TRI_BTL_17461,61,61,61,62,Trish,battle,female,trish,assets/triangle-strategy/approved_voice_references/trish.wav,ต่อไปอะไร?,,,READY_FOR_GENERATION,,triangle-strategy
1351,V_F_TRI_BTL_17470.wav,V_F_TRI_BTL_17470,62,62,62,63,Trish,battle,female,trish,assets/triangle-strategy/approved_voice_references/trish.wav,เอาล่ะ พอที!,,,READY_FOR_GENERATION,,triangle-strategy
1352,V_F_TRI_BTL_17471.wav,V_F_TRI_BTL_17471,63,63,63,64,Trish,battle,female,trish,assets/triangle-strategy/approved_voice_references/trish.wav,มาสร้างเรื่องกัน!,,,READY_FOR_GENERATION,,triangle-strategy
1353,V_F_TRI_BTL_17480.wav,V_F_TRI_BTL_17480,64,64,64,65,Trish,battle,female,trish,assets/triangle-strategy/approved_voice_references/trish.wav,ถึงเวลาข้าเฉิดฉาย!,,,READY_FOR_GENERATION,,triangle-strategy
1354,V_F_TRI_BTL_17500.wav,V_F_TRI_BTL_17500,65,65,65,66,Trish,battle,female,trish,assets/triangle-strategy/approved_voice_references/trish.wav,ข้านี่อัจฉริยะ!,,,READY_FOR_GENERATION,,triangle-strategy
1355,V_F_TRI_BTL_17600.wav,V_F_TRI_BTL_17600,66,66,66,67,Trish,battle,female,trish,assets/triangle-strategy/approved_voice_references/trish.wav,ฮ่า ฮ่า ฮ่า ฮ่า ฮ่า ฮ่า!,,,READY_FOR_GENERATION,,triangle-strategy
1356,V_F_TRI_BTL_17700.wav,V_F_TRI_BTL_17700,67,67,67,68,Trish,battle,female,trish,assets/triangle-strategy/approved_voice_references/trish.wav,ไม่มีอะไรที่ข้าทำไม่ได้!,,,READY_FOR_GENERATION,,triangle-strategy
1357,V_F_TRI_BTL_17800.wav,V_F_TRI_BTL_17800,68,68,68,69,Trish,battle,female,trish,assets/triangle-strategy/approved_voice_references/trish.wav,ข้าดีกว่าเดิมอีก!,,,READY_FOR_GENERATION,,triangle-strategy
1358,V_F_TRI_BTL_17900.wav,V_F_TRI_BTL_17900,69,69,69,70,Trish,battle,female,trish,assets/triangle-strategy/approved_voice_references/trish.wav,ได้เวลาซัดกันแล้ว,,,READY_FOR_GENERATION,,triangle-strategy
1359,V_F_TRI_BTL_18000.wav,V_F_TRI_BTL_18000,70,70,70,71,Trish,battle,female,trish,assets/triangle-strategy/approved_voice_references/trish.wav,ข้ารอจังหวะนี้อยู่,,,READY_FOR_GENERATION,,triangle-strategy
1360,V_F_TRI_BTL_18200.wav,V_F_TRI_BTL_18200,71,71,71,72,Trish,battle,female,trish,assets/triangle-strategy/approved_voice_references/trish.wav,ข้าไม่เคยทำให้ใครผิดหวังหรอก,,,READY_FOR_GENERATION,,triangle-strategy
1361,V_F_TRI_BTL_18300.wav,V_F_TRI_BTL_18300,72,72,72,73,Trish,battle,female,trish,assets/triangle-strategy/approved_voice_references/trish.wav,สงสัยข้าจะเก่งกว่าพ่อแล้ว,,,READY_FOR_GENERATION,,triangle-strategy
1362,V_F_YRA_BTL_00400.wav,V_F_YRA_BTL_00400,0,0,0,1,Geela,battle,female,geela,assets/triangle-strategy/approved_voice_references/geela.wav,ข้าจะทำเท่าที่ทำได้,,,READY_FOR_GENERATION,,triangle-strategy
1363,V_F_YRA_BTL_00500.wav,V_F_YRA_BTL_00500,1,1,1,2,Geela,battle,female,geela,assets/triangle-strategy/approved_voice_references/geela.wav,ใจเย็นไว้แล้วเราจะชนะ,,,READY_FOR_GENERATION,,triangle-strategy
1364,V_F_YRA_BTL_00600.wav,V_F_YRA_BTL_00600,2,2,2,3,Geela,battle,female,geela,assets/triangle-strategy/approved_voice_references/geela.wav,เริ่มกันเลยไหม?,,,READY_FOR_GENERATION,,triangle-strategy
1365,V_F_YRA_BTL_00700.wav,V_F_YRA_BTL_00700,3,3,3,4,Geela,battle,female,geela,assets/triangle-strategy/approved_voice_references/geela.wav,ให้ข้ารักษาบาดแผลของเจ้า,,,READY_FOR_GENERATION,,triangle-strategy
1366,V_F_YRA_BTL_01700.wav,V_F_YRA_BTL_01700,4,4,4,5,Geela,battle,female,geela,assets/triangle-strategy/approved_voice_references/geela.wav,ท่าไม่ดีแล้ว,,,READY_FOR_GENERATION,,triangle-strategy
1367,V_F_YRA_BTL_01800.wav,V_F_YRA_BTL_01800,5,5,5,6,Geela,battle,female,geela,assets/triangle-strategy/approved_voice_references/geela.wav,พวกเราอ่อนกำลังลง,,,READY_FOR_GENERATION,,triangle-strategy
1368,V_F_YRA_BTL_01900.wav,V_F_YRA_BTL_01900,6,6,6,7,Geela,battle,female,geela,assets/triangle-strategy/approved_voice_references/geela.wav,พวกมันเก่ง,,,READY_FOR_GENERATION,,triangle-strategy
1369,V_F_YRA_BTL_02000.wav,V_F_YRA_BTL_02000,7,7,7,8,Geela,battle,female,geela,assets/triangle-strategy/approved_voice_references/geela.wav,อย่าเสียขวัญ,,,READY_FOR_GENERATION,,triangle-strategy
1370,V_F_YRA_BTL_02700.wav,V_F_YRA_BTL_02700,8,8,8,9,Geela,battle,female,geela,assets/triangle-strategy/approved_voice_references/geela.wav,อุ้ก,,,READY_FOR_GENERATION,,triangle-strategy
1371,V_F_YRA_BTL_02800.wav,V_F_YRA_BTL_02800,9,9,9,10,Geela,battle,female,geela,assets/triangle-strategy/approved_voice_references/geela.wav,ข้ารู้สึกไม่ดี,,,READY_FOR_GENERATION,,triangle-strategy
1372,V_F_YRA_BTL_02900.wav,V_F_YRA_BTL_02900,10,10,10,11,Geela,battle,female,geela,assets/triangle-strategy/approved_voice_references/geela.wav,ฮ้า!,,ATTACK_CRY,READY_FOR_GENERATION,,triangle-strategy
1373,V_F_YRA_BTL_03000.wav,V_F_YRA_BTL_03000,11,11,11,12,Geela,battle,female,geela,assets/triangle-strategy/approved_voice_references/geela.wav,ฮึ่ย!,,ATTACK_CRY,READY_FOR_GENERATION,,triangle-strategy
1374,V_F_YRA_BTL_03100.wav,V_F_YRA_BTL_03100,12,12,12,13,Geela,battle,female,geela,assets/triangle-strategy/approved_voice_references/geela.wav,ได้เลย!,,,READY_FOR_GENERATION,,triangle-strategy
1375,V_F_YRA_BTL_03200.wav,V_F_YRA_BTL_03200,13,13,13,14,Geela,battle,female,geela,assets/triangle-strategy/approved_voice_references/geela.wav,เอ้า!,,ATTACK_CRY,READY_FOR_GENERATION,,triangle-strategy
1376,V_F_YRA_BTL_03300.wav,V_F_YRA_BTL_03300,14,14,14,15,Geela,battle,female,geela,assets/triangle-strategy/approved_voice_references/geela.wav,อุ้ก!,,,READY_FOR_GENERATION,,triangle-strategy
1377,V_F_YRA_BTL_03400.wav,V_F_YRA_BTL_03400,15,15,15,16,Geela,battle,female,geela,assets/triangle-strategy/approved_voice_references/geela.wav,เอ้า!,,ATTACK_CRY,READY_FOR_GENERATION,,triangle-strategy
1378,V_F_YRA_BTL_03500.wav,V_F_YRA_BTL_03500,16,16,16,17,Geela,battle,female,geela,assets/triangle-strategy/approved_voice_references/geela.wav,เจ้าประเมินข้าผิด!,,,READY_FOR_GENERATION,,triangle-strategy
1379,V_F_YRA_BTL_03600.wav,V_F_YRA_BTL_03600,17,17,17,18,Geela,battle,female,geela,assets/triangle-strategy/approved_voice_references/geela.wav,ไปให้พ้น!,,,READY_FOR_GENERATION,,triangle-strategy
1380,V_F_YRA_BTL_08800.wav,V_F_YRA_BTL_08800,18,18,18,19,Geela,battle,female,geela,assets/triangle-strategy/approved_voice_references/geela.wav,โชคของเจ้าหมดแล้ว!,,,READY_FOR_GENERATION,,triangle-strategy
1381,V_F_YRA_BTL_08900.wav,V_F_YRA_BTL_08900,19,19,19,20,Geela,battle,female,geela,assets/triangle-strategy/approved_voice_references/geela.wav,นี่ดีมาก!,,,READY_FOR_GENERATION,,triangle-strategy
1382,V_F_YRA_BTL_09000.wav,V_F_YRA_BTL_09000,20,20,20,21,Geela,battle,female,geela,assets/triangle-strategy/approved_voice_references/geela.wav,เจ้าทำพลาดครั้งใหญ่แล้ว,,,READY_FOR_GENERATION,,triangle-strategy
1383,V_F_YRA_BTL_14200.wav,V_F_YRA_BTL_14200,21,21,21,22,Geela,battle,female,geela,assets/triangle-strategy/approved_voice_references/geela.wav,เข้าเป้าเต็ม ๆ!,,,READY_FOR_GENERATION,,triangle-strategy
1384,V_F_YRA_BTL_14300.wav,V_F_YRA_BTL_14300,22,22,22,23,Geela,battle,female,geela,assets/triangle-strategy/approved_voice_references/geela.wav,เราเจาะแนวป้องกันของพวกมันแล้ว!,,,READY_FOR_GENERATION,,triangle-strategy
1385,V_F_YRA_BTL_14400.wav,V_F_YRA_BTL_14400,23,23,23,24,Geela,battle,female,geela,assets/triangle-strategy/approved_voice_references/geela.wav,ต้องกลับไปวางแผนใหม่,,,READY_FOR_GENERATION,,triangle-strategy
1386,V_F_YRA_BTL_14500.wav,V_F_YRA_BTL_14500,24,24,24,25,Geela,battle,female,geela,assets/triangle-strategy/approved_voice_references/geela.wav,ข้า... อะไรนะ?,,,READY_FOR_GENERATION,,triangle-strategy
1387,V_F_YRA_BTL_14600.wav,V_F_YRA_BTL_14600,25,25,25,26,Geela,battle,female,geela,assets/triangle-strategy/approved_voice_references/geela.wav,อึ่ก!,,HURT_CRY,READY_FOR_GENERATION,,triangle-strategy
1388,V_F_YRA_BTL_14700.wav,V_F_YRA_BTL_14700,26,26,26,27,Geela,battle,female,geela,assets/triangle-strategy/approved_voice_references/geela.wav,อ๊าก!,,HURT_CRY,READY_FOR_GENERATION,,triangle-strategy
1389,V_F_YRA_BTL_14800.wav,V_F_YRA_BTL_14800,27,27,27,28,Geela,battle,female,geela,assets/triangle-strategy/approved_voice_references/geela.wav,โอ้ ไม่นะ!,,,READY_FOR_GENERATION,,triangle-strategy
1390,V_F_YRA_BTL_14900.wav,V_F_YRA_BTL_14900,28,28,28,29,Geela,battle,female,geela,assets/triangle-strategy/approved_voice_references/geela.wav,อึ่ก!,,HURT_CRY,READY_FOR_GENERATION,,triangle-strategy
1391,V_F_YRA_BTL_15000.wav,V_F_YRA_BTL_15000,29,29,29,30,Geela,battle,female,geela,assets/triangle-strategy/approved_voice_references/geela.wav,ข้า... ไม่!,,,READY_FOR_GENERATION,,triangle-strategy
1392,V_F_YRA_BTL_15100.wav,V_F_YRA_BTL_15100,30,30,30,31,Geela,battle,female,geela,assets/triangle-strategy/approved_voice_references/geela.wav,ได้ยังไง?,,,READY_FOR_GENERATION,,triangle-strategy
1393,V_F_YRA_BTL_15200.wav,V_F_YRA_BTL_15200,31,31,31,32,Geela,battle,female,geela,assets/triangle-strategy/approved_voice_references/geela.wav,รับผลจากสิ่งที่เจ้าทำไว้ซะ!,,,READY_FOR_GENERATION,,triangle-strategy
1394,V_F_YRA_BTL_15300.wav,V_F_YRA_BTL_15300,32,32,32,33,Geela,battle,female,geela,assets/triangle-strategy/approved_voice_references/geela.wav,โง่เขลา!,,,READY_FOR_GENERATION,,triangle-strategy
1395,V_F_YRA_BTL_15310.wav,V_F_YRA_BTL_15310,33,33,33,34,Geela,battle,female,geela,assets/triangle-strategy/approved_voice_references/geela.wav,เป็นอย่างที่คิด,,,READY_FOR_GENERATION,,triangle-strategy
1396,V_F_YRA_BTL_15320.wav,V_F_YRA_BTL_15320,34,34,34,35,Geela,battle,female,geela,assets/triangle-strategy/approved_voice_references/geela.wav,อ้าฮ่า!,,,READY_FOR_GENERATION,,triangle-strategy
1397,V_F_YRA_BTL_15400.wav,V_F_YRA_BTL_15400,35,35,35,36,Geela,battle,female,geela,assets/triangle-strategy/approved_voice_references/geela.wav,โฮ่ โฮ่!,,,READY_FOR_GENERATION,,triangle-strategy
1398,V_F_YRA_BTL_15500.wav,V_F_YRA_BTL_15500,36,36,36,37,Geela,battle,female,geela,assets/triangle-strategy/approved_voice_references/geela.wav,เกือบแล้ว,,,READY_FOR_GENERATION,,triangle-strategy
1399,V_F_YRA_BTL_15600.wav,V_F_YRA_BTL_15600,37,37,37,38,Geela,battle,female,geela,assets/triangle-strategy/approved_voice_references/geela.wav,ขอบคุณเป็นพันครั้ง,,,READY_FOR_GENERATION,,triangle-strategy
1400,V_F_YRA_BTL_15700.wav,V_F_YRA_BTL_15700,38,38,38,39,Geela,battle,female,geela,assets/triangle-strategy/approved_voice_references/geela.wav,ข้าติดหนี้ชีวิตเจ้า,,,READY_FOR_GENERATION,,triangle-strategy
1401,V_F_YRA_BTL_15800.wav,V_F_YRA_BTL_15800,39,39,39,40,Geela,battle,female,geela,assets/triangle-strategy/approved_voice_references/geela.wav,เกือบไปแล้ว,,,READY_FOR_GENERATION,,triangle-strategy
1402,V_F_YRA_BTL_15900.wav,V_F_YRA_BTL_15900,40,40,40,41,Geela,battle,female,geela,assets/triangle-strategy/approved_voice_references/geela.wav,โอ้,,,READY_FOR_GENERATION,,triangle-strategy
1403,V_F_YRA_BTL_16000.wav,V_F_YRA_BTL_16000,41,41,41,42,Geela,battle,female,geela,assets/triangle-strategy/approved_voice_references/geela.wav,ทำได้ดี!,,,READY_FOR_GENERATION,,triangle-strategy
1404,V_F_YRA_BTL_16100.wav,V_F_YRA_BTL_16100,42,42,42,43,Geela,battle,female,geela,assets/triangle-strategy/approved_voice_references/geela.wav,สมบูรณ์แบบ,,,READY_FOR_GENERATION,,triangle-strategy
1405,V_F_YRA_BTL_16200.wav,V_F_YRA_BTL_16200,43,43,43,44,Geela,battle,female,geela,assets/triangle-strategy/approved_voice_references/geela.wav,ความจริงยังหลบซ่อนจากข้า,,,READY_FOR_GENERATION,,triangle-strategy
1406,V_F_YRA_BTL_16300.wav,V_F_YRA_BTL_16300,44,44,44,45,Geela,battle,female,geela,assets/triangle-strategy/approved_voice_references/geela.wav,เฟรเดริกา... ขอโทษนะ,,,READY_FOR_GENERATION,,triangle-strategy
1407,V_F_YRA_BTL_16400.wav,V_F_YRA_BTL_16400,45,45,45,46,Geela,battle,female,geela,assets/triangle-strategy/approved_voice_references/geela.wav,บางทีเจ้าอาจชอบนี่,,,READY_FOR_GENERATION,,triangle-strategy
1408,V_F_YRA_BTL_16500.wav,V_F_YRA_BTL_16500,46,46,46,47,Geela,battle,female,geela,assets/triangle-strategy/approved_voice_references/geela.wav,ถ้าต้องการ ข้ายังมีอีก,,,READY_FOR_GENERATION,,triangle-strategy
1409,V_F_YRA_BTL_16600.wav,V_F_YRA_BTL_16600,47,47,47,48,Geela,battle,female,geela,assets/triangle-strategy/approved_voice_references/geela.wav,ข้าต้องช่วยตัวเองก่อน,,,READY_FOR_GENERATION,,triangle-strategy
1410,V_F_YRA_BTL_17410.wav,V_F_YRA_BTL_17410,48,48,48,49,Geela,battle,female,geela,assets/triangle-strategy/approved_voice_references/geela.wav,บาดแผลของเจ้าหายแล้ว,,,READY_FOR_GENERATION,,triangle-strategy
1411,V_F_YRA_BTL_17411.wav,V_F_YRA_BTL_17411,49,49,49,50,Geela,battle,female,geela,assets/triangle-strategy/approved_voice_references/geela.wav,เจ้าบาดเจ็บหรือ?,,,READY_FOR_GENERATION,,triangle-strategy
1412,V_F_YRA_BTL_17412.wav,V_F_YRA_BTL_17412,50,50,50,51,Geela,battle,female,geela,assets/triangle-strategy/approved_voice_references/geela.wav,สบายใจได้,,,READY_FOR_GENERATION,,triangle-strategy
1413,V_F_YRA_BTL_17413.wav,V_F_YRA_BTL_17413,51,51,51,52,Geela,battle,female,geela,assets/triangle-strategy/approved_voice_references/geela.wav,ข้าอยู่ข้างหลังเจ้า,,,READY_FOR_GENERATION,,triangle-strategy
1414,V_F_YRA_BTL_17414.wav,V_F_YRA_BTL_17414,52,52,52,53,Geela,battle,female,geela,assets/triangle-strategy/approved_voice_references/geela.wav,ข้าทำเท่าที่ทำได้,,,READY_FOR_GENERATION,,triangle-strategy
1415,V_F_YRA_BTL_17415.wav,V_F_YRA_BTL_17415,53,53,53,54,Geela,battle,female,geela,assets/triangle-strategy/approved_voice_references/geela.wav,ใช้โอกาสนี้ให้คุ้ม,,,READY_FOR_GENERATION,,triangle-strategy
1416,V_F_YRA_BTL_17416.wav,V_F_YRA_BTL_17416,54,54,54,55,Geela,battle,female,geela,assets/triangle-strategy/approved_voice_references/geela.wav,นี่,,,READY_FOR_GENERATION,,triangle-strategy
1417,V_F_YRA_BTL_17417.wav,V_F_YRA_BTL_17417,55,55,55,56,Geela,battle,female,geela,assets/triangle-strategy/approved_voice_references/geela.wav,นี่คืองานของข้า,,,READY_FOR_GENERATION,,triangle-strategy
1418,V_F_YRA_BTL_17418.wav,V_F_YRA_BTL_17418,56,56,56,57,Geela,battle,female,geela,assets/triangle-strategy/approved_voice_references/geela.wav,ชัยชนะหลีกเลี่ยงไม่ได้,,,READY_FOR_GENERATION,,triangle-strategy
1419,V_F_YRA_BTL_17430.wav,V_F_YRA_BTL_17430,57,57,57,58,Geela,battle,female,geela,assets/triangle-strategy/approved_voice_references/geela.wav,ให้ข้าจัดการ,,,READY_FOR_GENERATION,,triangle-strategy
1420,V_F_YRA_BTL_17431.wav,V_F_YRA_BTL_17431,58,58,58,59,Geela,battle,female,geela,assets/triangle-strategy/approved_voice_references/geela.wav,เพื่อทุกคน,,,READY_FOR_GENERATION,,triangle-strategy
1421,V_F_YRA_BTL_17432.wav,V_F_YRA_BTL_17432,59,59,59,60,Geela,battle,female,geela,assets/triangle-strategy/approved_voice_references/geela.wav,หายดีแล้ว,,,READY_FOR_GENERATION,,triangle-strategy
1422,V_F_YRA_BTL_17433.wav,V_F_YRA_BTL_17433,60,60,60,61,Geela,battle,female,geela,assets/triangle-strategy/approved_voice_references/geela.wav,ทันเวลาพอดี,,,READY_FOR_GENERATION,,triangle-strategy
1423,V_F_YRA_BTL_17434.wav,V_F_YRA_BTL_17434,61,61,61,62,Geela,battle,female,geela,assets/triangle-strategy/approved_voice_references/geela.wav,ไปต่อ,,,READY_FOR_GENERATION,,triangle-strategy
1424,V_F_YRA_BTL_17440.wav,V_F_YRA_BTL_17440,62,62,62,63,Geela,battle,female,geela,assets/triangle-strategy/approved_voice_references/geela.wav,รีบไป,,,READY_FOR_GENERATION,,triangle-strategy
1425,V_F_YRA_BTL_17441.wav,V_F_YRA_BTL_17441,63,63,63,64,Geela,battle,female,geela,assets/triangle-strategy/approved_voice_references/geela.wav,คนไวเท่านั้นที่ได้ชัยชนะ,,,READY_FOR_GENERATION,,triangle-strategy
1426,V_F_YRA_BTL_17450.wav,V_F_YRA_BTL_17450,64,64,64,65,Geela,battle,female,geela,assets/triangle-strategy/approved_voice_references/geela.wav,ไปต่อ!,,,READY_FOR_GENERATION,,triangle-strategy
1427,V_F_YRA_BTL_17451.wav,V_F_YRA_BTL_17451,65,65,65,66,Geela,battle,female,geela,assets/triangle-strategy/approved_voice_references/geela.wav,เริ่มการต่อสู้อีกครั้ง,,,READY_FOR_GENERATION,,triangle-strategy
1428,V_F_YRA_BTL_17452.wav,V_F_YRA_BTL_17452,66,66,66,67,Geela,battle,female,geela,assets/triangle-strategy/approved_voice_references/geela.wav,ก็แค่เรื่องเล็กน้อย,,,READY_FOR_GENERATION,,triangle-strategy
1429,V_F_YRA_BTL_17453.wav,V_F_YRA_BTL_17453,67,67,67,68,Geela,battle,female,geela,assets/triangle-strategy/approved_voice_references/geela.wav,การต่อสู้ยังดำเนินต่อ,,,READY_FOR_GENERATION,,triangle-strategy
1430,V_F_YRA_BTL_17454.wav,V_F_YRA_BTL_17454,68,68,68,69,Geela,battle,female,geela,assets/triangle-strategy/approved_voice_references/geela.wav,ใจเย็นไว้,,,READY_FOR_GENERATION,,triangle-strategy
1431,V_F_YRA_BTL_17480.wav,V_F_YRA_BTL_17480,69,69,69,70,Geela,battle,female,geela,assets/triangle-strategy/approved_voice_references/geela.wav,ไม่ต้องกลัว ข้าอยู่ข้างเจ้า,,,READY_FOR_GENERATION,,triangle-strategy
1432,V_F_YRA_BTL_17500.wav,V_F_YRA_BTL_17500,70,70,70,71,Geela,battle,female,geela,assets/triangle-strategy/approved_voice_references/geela.wav,ความรู้คือพลัง,,,READY_FOR_GENERATION,,triangle-strategy
1433,V_F_YRA_BTL_17600.wav,V_F_YRA_BTL_17600,71,71,71,72,Geela,battle,female,geela,assets/triangle-strategy/approved_voice_references/geela.wav,เมื่อมองเห็นชัด ข้าก็เดินหน้าต่อได้,,,READY_FOR_GENERATION,,triangle-strategy
1434,V_F_YRA_BTL_17700.wav,V_F_YRA_BTL_17700,72,72,72,73,Geela,battle,female,geela,assets/triangle-strategy/approved_voice_references/geela.wav,เห็นได้ชัดว่าข้าเติบโตขึ้น,,,READY_FOR_GENERATION,,triangle-strategy
1435,V_F_YRA_BTL_17800.wav,V_F_YRA_BTL_17800,73,73,73,74,Geela,battle,female,geela,assets/triangle-strategy/approved_voice_references/geela.wav,ใกล้ความหวังของเราอีกก้าว,,,READY_FOR_GENERATION,,triangle-strategy
1436,V_F_YRA_BTL_17900.wav,V_F_YRA_BTL_17900,74,74,74,75,Geela,battle,female,geela,assets/triangle-strategy/approved_voice_references/geela.wav,แน่นอนอยู่แล้ว,,,READY_FOR_GENERATION,,triangle-strategy
1437,V_F_YRA_BTL_18000.wav,V_F_YRA_BTL_18000,75,75,75,76,Geela,battle,female,geela,assets/triangle-strategy/approved_voice_references/geela.wav,ถ้าข้าถูกใจเจ้า...,,,READY_FOR_GENERATION,,triangle-strategy
1438,V_F_YRA_BTL_18200.wav,V_F_YRA_BTL_18200,76,76,76,77,Geela,battle,female,geela,assets/triangle-strategy/approved_voice_references/geela.wav,มีอะไรให้ข้ารับใช้ไหม?,,,READY_FOR_GENERATION,,triangle-strategy
1439,V_F_YRA_BTL_18300.wav,V_F_YRA_BTL_18300,77,77,77,78,Geela,battle,female,geela,assets/triangle-strategy/approved_voice_references/geela.wav,ไม่น่าเชื่อว่าข้ามาไกลถึงเพียงนี้,,,READY_FOR_GENERATION,,triangle-strategy
1440,V_M_ARC_BTL_00400.wav,V_M_ARC_BTL_00400,0,0,0,1,อาร์ชิบัลด์,battle,male,archibald,assets/triangle-strategy/approved_voice_references/archibald.wav,ดูเหมือนถึงตาข้าแล้ว,,,READY_FOR_GENERATION,,triangle-strategy
1441,V_M_ARC_BTL_00500.wav,V_M_ARC_BTL_00500,1,1,1,2,อาร์ชิบัลด์,battle,male,archibald,assets/triangle-strategy/approved_voice_references/archibald.wav,เอาล่ะ,,,READY_FOR_GENERATION,,triangle-strategy
1442,V_M_ARC_BTL_00600.wav,V_M_ARC_BTL_00600,2,2,2,3,อาร์ชิบัลด์,battle,male,archibald,assets/triangle-strategy/approved_voice_references/archibald.wav,ไม่ต้องตื่นตระหนก,,,READY_FOR_GENERATION,,triangle-strategy
1443,V_M_ARC_BTL_00700.wav,V_M_ARC_BTL_00700,3,3,3,4,อาร์ชิบัลด์,battle,male,archibald,assets/triangle-strategy/approved_voice_references/archibald.wav,ให้ข้าจัดการ,,,READY_FOR_GENERATION,,triangle-strategy
1444,V_M_ARC_BTL_01700.wav,V_M_ARC_BTL_01700,4,4,4,5,อาร์ชิบัลด์,battle,male,archibald,assets/triangle-strategy/approved_voice_references/archibald.wav,เรายังมีทาง,,,READY_FOR_GENERATION,,triangle-strategy
1445,V_M_ARC_BTL_01800.wav,V_M_ARC_BTL_01800,5,5,5,6,อาร์ชิบัลด์,battle,male,archibald,assets/triangle-strategy/approved_voice_references/archibald.wav,คงไม่ง่ายขนาดนั้นสินะ?,,,READY_FOR_GENERATION,,triangle-strategy
1446,V_M_ARC_BTL_01900.wav,V_M_ARC_BTL_01900,6,6,6,7,อาร์ชิบัลด์,battle,male,archibald,assets/triangle-strategy/approved_voice_references/archibald.wav,ข้าแก่ขนาดนี้ตั้งแต่เมื่อไรกัน?,,,READY_FOR_GENERATION,,triangle-strategy
1447,V_M_ARC_BTL_02000.wav,V_M_ARC_BTL_02000,7,7,7,8,อาร์ชิบัลด์,battle,male,archibald,assets/triangle-strategy/approved_voice_references/archibald.wav,สุดท้ายก็มาถึงจุดนี้,,,READY_FOR_GENERATION,,triangle-strategy
1448,V_M_ARC_BTL_02700.wav,V_M_ARC_BTL_02700,8,8,8,9,อาร์ชิบัลด์,battle,male,archibald,assets/triangle-strategy/approved_voice_references/archibald.wav,แย่ล่ะ แบบนี้ไม่ดี,,,READY_FOR_GENERATION,,triangle-strategy
1449,V_M_ARC_BTL_02800.wav,V_M_ARC_BTL_02800,9,9,9,10,อาร์ชิบัลด์,battle,male,archibald,assets/triangle-strategy/approved_voice_references/archibald.wav,ใครก็ได้ช่วยคนแก่ที,,,READY_FOR_GENERATION,,triangle-strategy
1450,V_M_ARC_BTL_02900.wav,V_M_ARC_BTL_02900,10,10,10,11,อาร์ชิบัลด์,battle,male,archibald,assets/triangle-strategy/approved_voice_references/archibald.wav,เฮอะ!,,,READY_FOR_GENERATION,,triangle-strategy
1451,V_M_ARC_BTL_03000.wav,V_M_ARC_BTL_03000,11,11,11,12,อาร์ชิบัลด์,battle,male,archibald,assets/triangle-strategy/approved_voice_references/archibald.wav,เอ้า!,,ATTACK_CRY,READY_FOR_GENERATION,,triangle-strategy
1452,V_M_ARC_BTL_03100.wav,V_M_ARC_BTL_03100,12,12,12,13,อาร์ชิบัลด์,battle,male,archibald,assets/triangle-strategy/approved_voice_references/archibald.wav,ฮึ่ย!,,ATTACK_CRY,READY_FOR_GENERATION,,triangle-strategy
1453,V_M_ARC_BTL_03200.wav,V_M_ARC_BTL_03200,13,13,13,14,อาร์ชิบัลด์,battle,male,archibald,assets/triangle-strategy/approved_voice_references/archibald.wav,แหวะ!,,,READY_FOR_GENERATION,,triangle-strategy
1454,V_M_ARC_BTL_03300.wav,V_M_ARC_BTL_03300,14,14,14,15,อาร์ชิบัลด์,battle,male,archibald,assets/triangle-strategy/approved_voice_references/archibald.wav,ช้าไป!,,,READY_FOR_GENERATION,,triangle-strategy
1455,V_M_ARC_BTL_03400.wav,V_M_ARC_BTL_03400,15,15,15,16,อาร์ชิบัลด์,battle,male,archibald,assets/triangle-strategy/approved_voice_references/archibald.wav,นั่นแหละ!,,,READY_FOR_GENERATION,,triangle-strategy
1456,V_M_ARC_BTL_03500.wav,V_M_ARC_BTL_03500,16,16,16,17,อาร์ชิบัลด์,battle,male,archibald,assets/triangle-strategy/approved_voice_references/archibald.wav,ได้เวลาจบเรื่องนี้,,,READY_FOR_GENERATION,,triangle-strategy
1457,V_M_ARC_BTL_03600.wav,V_M_ARC_BTL_03600,17,17,17,18,อาร์ชิบัลด์,battle,male,archibald,assets/triangle-strategy/approved_voice_references/archibald.wav,ไม่ใช่เรื่องส่วนตัวหรอก,,,READY_FOR_GENERATION,,triangle-strategy
1458,V_M_ARC_BTL_08800.wav,V_M_ARC_BTL_08800,18,18,18,19,อาร์ชิบัลด์,battle,male,archibald,assets/triangle-strategy/approved_voice_references/archibald.wav,ขอโทษที่ซ้ำเติม!,,,READY_FOR_GENERATION,,triangle-strategy
1459,V_M_ARC_BTL_08900.wav,V_M_ARC_BTL_08900,19,19,19,20,อาร์ชิบัลด์,battle,male,archibald,assets/triangle-strategy/approved_voice_references/archibald.wav,สะเพร่า!,,,READY_FOR_GENERATION,,triangle-strategy
1460,V_M_ARC_BTL_09000.wav,V_M_ARC_BTL_09000,20,20,20,21,อาร์ชิบัลด์,battle,male,archibald,assets/triangle-strategy/approved_voice_references/archibald.wav,เอาเพิ่มอีกหน่อย!,,,READY_FOR_GENERATION,,triangle-strategy
1461,V_M_ARC_BTL_14200.wav,V_M_ARC_BTL_14200,21,21,21,22,อาร์ชิบัลด์,battle,male,archibald,assets/triangle-strategy/approved_voice_references/archibald.wav,ฮ่า ฮ่า!,,,READY_FOR_GENERATION,,triangle-strategy
1462,V_M_ARC_BTL_14300.wav,V_M_ARC_BTL_14300,22,22,22,23,อาร์ชิบัลด์,battle,male,archibald,assets/triangle-strategy/approved_voice_references/archibald.wav,อายุมากย่อมมากด้วยปัญญา!,,,READY_FOR_GENERATION,,triangle-strategy
1463,V_M_ARC_BTL_14400.wav,V_M_ARC_BTL_14400,23,23,23,24,อาร์ชิบัลด์,battle,male,archibald,assets/triangle-strategy/approved_voice_references/archibald.wav,ข้าไม่เคยบอกว่าตัวเองสมบูรณ์แบบ!,,,READY_FOR_GENERATION,,triangle-strategy
1464,V_M_ARC_BTL_14500.wav,V_M_ARC_BTL_14500,24,24,24,25,อาร์ชิบัลด์,battle,male,archibald,assets/triangle-strategy/approved_voice_references/archibald.wav,อ๊ะ! พลาดแล้ว!,,,READY_FOR_GENERATION,,triangle-strategy
1465,V_M_ARC_BTL_14600.wav,V_M_ARC_BTL_14600,25,25,25,26,อาร์ชิบัลด์,battle,male,archibald,assets/triangle-strategy/approved_voice_references/archibald.wav,อั่ก!,,HURT_CRY,READY_FOR_GENERATION,,triangle-strategy
1466,V_M_ARC_BTL_14700.wav,V_M_ARC_BTL_14700,26,26,26,27,อาร์ชิบัลด์,battle,male,archibald,assets/triangle-strategy/approved_voice_references/archibald.wav,อึ่ก!,,HURT_CRY,READY_FOR_GENERATION,,triangle-strategy
1467,V_M_ARC_BTL_14800.wav,V_M_ARC_BTL_14800,27,27,27,28,อาร์ชิบัลด์,battle,male,archibald,assets/triangle-strategy/approved_voice_references/archibald.wav,อะไรนะ?!,,,READY_FOR_GENERATION,,triangle-strategy
1468,V_M_ARC_BTL_14900.wav,V_M_ARC_BTL_14900,28,28,28,29,อาร์ชิบัลด์,battle,male,archibald,assets/triangle-strategy/approved_voice_references/archibald.wav,อ๊าก!,,HURT_CRY,READY_FOR_GENERATION,,triangle-strategy
1469,V_M_ARC_BTL_15000.wav,V_M_ARC_BTL_15000,29,29,29,30,อาร์ชิบัลด์,battle,male,archibald,assets/triangle-strategy/approved_voice_references/archibald.wav,อ๊าก!,,,READY_FOR_GENERATION,,triangle-strategy
1470,V_M_ARC_BTL_15100.wav,V_M_ARC_BTL_15100,30,30,30,31,อาร์ชิบัลด์,battle,male,archibald,assets/triangle-strategy/approved_voice_references/archibald.wav,โอ้ แบบนี้พอที!,,,READY_FOR_GENERATION,,triangle-strategy
1471,V_M_ARC_BTL_15200.wav,V_M_ARC_BTL_15200,31,31,31,32,อาร์ชิบัลด์,battle,male,archibald,assets/triangle-strategy/approved_voice_references/archibald.wav,หยุดอยู่ตรงนั้น!,,,READY_FOR_GENERATION,,triangle-strategy
1472,V_M_ARC_BTL_15300.wav,V_M_ARC_BTL_15300,32,32,32,33,อาร์ชิบัลด์,battle,male,archibald,assets/triangle-strategy/approved_voice_references/archibald.wav,เจ้าผ่านข้าไปไม่ได้!,,,READY_FOR_GENERATION,,triangle-strategy
1473,V_M_ARC_BTL_15310.wav,V_M_ARC_BTL_15310,33,33,33,34,อาร์ชิบัลด์,battle,male,archibald,assets/triangle-strategy/approved_voice_references/archibald.wav,ข้าไม่คิดอย่างนั้น,,,READY_FOR_GENERATION,,triangle-strategy
1474,V_M_ARC_BTL_15320.wav,V_M_ARC_BTL_15320,34,34,34,35,อาร์ชิบัลด์,battle,male,archibald,assets/triangle-strategy/approved_voice_references/archibald.wav,โอ้ ความหุนหันของคนหนุ่มสาว,,,READY_FOR_GENERATION,,triangle-strategy
1475,V_M_ARC_BTL_15400.wav,V_M_ARC_BTL_15400,35,35,35,36,อาร์ชิบัลด์,battle,male,archibald,assets/triangle-strategy/approved_voice_references/archibald.wav,โอ๊ะ!,,,READY_FOR_GENERATION,,triangle-strategy
1476,V_M_ARC_BTL_15500.wav,V_M_ARC_BTL_15500,36,36,36,37,อาร์ชิบัลด์,battle,male,archibald,assets/triangle-strategy/approved_voice_references/archibald.wav,ฮึบ!,,EVADE_GUARD,READY_FOR_GENERATION,,triangle-strategy
1477,V_M_ARC_BTL_15600.wav,V_M_ARC_BTL_15600,37,37,37,38,อาร์ชิบัลด์,battle,male,archibald,assets/triangle-strategy/approved_voice_references/archibald.wav,ขอบคุณมาก,,,READY_FOR_GENERATION,,triangle-strategy
1478,V_M_ARC_BTL_15700.wav,V_M_ARC_BTL_15700,38,38,38,39,อาร์ชิบัลด์,battle,male,archibald,assets/triangle-strategy/approved_voice_references/archibald.wav,เฮ้อ,,,READY_FOR_GENERATION,,triangle-strategy
1479,V_M_ARC_BTL_15800.wav,V_M_ARC_BTL_15800,39,39,39,40,อาร์ชิบัลด์,battle,male,archibald,assets/triangle-strategy/approved_voice_references/archibald.wav,ข้ายังตั้งใจจะอยู่อีกนานแสนนาน,,,READY_FOR_GENERATION,,triangle-strategy
1480,V_M_ARC_BTL_15900.wav,V_M_ARC_BTL_15900,40,40,40,41,อาร์ชิบัลด์,battle,male,archibald,assets/triangle-strategy/approved_voice_references/archibald.wav,อา ทำให้นึกถึงวัยหนุ่ม,,,READY_FOR_GENERATION,,triangle-strategy
1481,V_M_ARC_BTL_16000.wav,V_M_ARC_BTL_16000,41,41,41,42,อาร์ชิบัลด์,battle,male,archibald,assets/triangle-strategy/approved_voice_references/archibald.wav,รู้สึกเบาดั่งขนนก,,,READY_FOR_GENERATION,,triangle-strategy
1482,V_M_ARC_BTL_16100.wav,V_M_ARC_BTL_16100,42,42,42,43,อาร์ชิบัลด์,battle,male,archibald,assets/triangle-strategy/approved_voice_references/archibald.wav,โอ้ รู้สึกดีจริง,,,READY_FOR_GENERATION,,triangle-strategy
1483,V_M_ARC_BTL_16200.wav,V_M_ARC_BTL_16200,43,43,43,44,อาร์ชิบัลด์,battle,male,archibald,assets/triangle-strategy/approved_voice_references/archibald.wav,ข้ากำลังเป็นตัวอย่างที่ไม่ดี,,,READY_FOR_GENERATION,,triangle-strategy
1484,V_M_ARC_BTL_16300.wav,V_M_ARC_BTL_16300,44,44,44,45,อาร์ชิบัลด์,battle,male,archibald,assets/triangle-strategy/approved_voice_references/archibald.wav,ขอโทษนะ พวกหนุ่มสาว,,,READY_FOR_GENERATION,,triangle-strategy
1485,V_M_ARC_BTL_16400.wav,V_M_ARC_BTL_16400,45,45,45,46,อาร์ชิบัลด์,battle,male,archibald,assets/triangle-strategy/approved_voice_references/archibald.wav,ชิยะ!,,,READY_FOR_GENERATION,,triangle-strategy
1486,V_M_ARC_BTL_16500.wav,V_M_ARC_BTL_16500,46,46,46,47,อาร์ชิบัลด์,battle,male,archibald,assets/triangle-strategy/approved_voice_references/archibald.wav,อ้าก!,,HURT_CRY,READY_FOR_GENERATION,,triangle-strategy
1487,V_M_ARC_BTL_16600.wav,V_M_ARC_BTL_16600,47,47,47,48,อาร์ชิบัลด์,battle,male,archibald,assets/triangle-strategy/approved_voice_references/archibald.wav,ข้าจะใช้สิ่งนี้,,,READY_FOR_GENERATION,,triangle-strategy
1488,V_M_ARC_BTL_17410.wav,V_M_ARC_BTL_17410,48,48,48,49,อาร์ชิบัลด์,battle,male,archibald,assets/triangle-strategy/approved_voice_references/archibald.wav,ข้าเล็งเป้าไว้แล้ว,,,READY_FOR_GENERATION,,triangle-strategy
1489,V_M_ARC_BTL_17411.wav,V_M_ARC_BTL_17411,49,49,49,50,อาร์ชิบัลด์,battle,male,archibald,assets/triangle-strategy/approved_voice_references/archibald.wav,เจ้าหนีไม่พ้น,,,READY_FOR_GENERATION,,triangle-strategy
1490,V_M_ARC_BTL_17412.wav,V_M_ARC_BTL_17412,50,50,50,51,อาร์ชิบัลด์,battle,male,archibald,assets/triangle-strategy/approved_voice_references/archibald.wav,ข้ามองแผนเจ้าออกชัดเจน,,,READY_FOR_GENERATION,,triangle-strategy
1491,V_M_ARC_BTL_17413.wav,V_M_ARC_BTL_17413,51,51,51,52,อาร์ชิบัลด์,battle,male,archibald,assets/triangle-strategy/approved_voice_references/archibald.wav,นั่นคือจุดอ่อนของเจ้าสินะ?,,,READY_FOR_GENERATION,,triangle-strategy
1492,V_M_ARC_BTL_17414.wav,V_M_ARC_BTL_17414,52,52,52,53,อาร์ชิบัลด์,battle,male,archibald,assets/triangle-strategy/approved_voice_references/archibald.wav,ข้าหมายหัวเจ้าไว้แล้ว,,,READY_FOR_GENERATION,,triangle-strategy
1493,V_M_ARC_BTL_17415.wav,V_M_ARC_BTL_17415,53,53,53,54,อาร์ชิบัลด์,battle,male,archibald,assets/triangle-strategy/approved_voice_references/archibald.wav,อย่างแรกก่อน,,,READY_FOR_GENERATION,,triangle-strategy
1494,V_M_ARC_BTL_17420.wav,V_M_ARC_BTL_17420,54,54,54,55,อาร์ชิบัลด์,battle,male,archibald,assets/triangle-strategy/approved_voice_references/archibald.wav,โดน!,,,READY_FOR_GENERATION,,triangle-strategy
1495,V_M_ARC_BTL_17421.wav,V_M_ARC_BTL_17421,55,55,55,56,อาร์ชิบัลด์,battle,male,archibald,assets/triangle-strategy/approved_voice_references/archibald.wav,ข้าเห็นนะ,,,READY_FOR_GENERATION,,triangle-strategy
1496,V_M_ARC_BTL_17422.wav,V_M_ARC_BTL_17422,56,56,56,57,อาร์ชิบัลด์,battle,male,archibald,assets/triangle-strategy/approved_voice_references/archibald.wav,ของถนัดข้า!,,,READY_FOR_GENERATION,,triangle-strategy
1497,V_M_ARC_BTL_17460.wav,V_M_ARC_BTL_17460,57,57,57,58,อาร์ชิบัลด์,battle,male,archibald,assets/triangle-strategy/approved_voice_references/archibald.wav,ไม่มีที่ให้หนี,,,READY_FOR_GENERATION,,triangle-strategy
1498,V_M_ARC_BTL_17461.wav,V_M_ARC_BTL_17461,58,58,58,59,อาร์ชิบัลด์,battle,male,archibald,assets/triangle-strategy/approved_voice_references/archibald.wav,ฮัยย่ะ!,,ATTACK_CRY,READY_FOR_GENERATION,,triangle-strategy
1499,V_M_ARC_BTL_17480.wav,V_M_ARC_BTL_17480,59,59,59,60,อาร์ชิบัลด์,battle,male,archibald,assets/triangle-strategy/approved_voice_references/archibald.wav,คิดว่าจะรับไหวไหม?,,,READY_FOR_GENERATION,,triangle-strategy
1500,V_M_ARC_BTL_17500.wav,V_M_ARC_BTL_17500,60,60,60,61,อาร์ชิบัลด์,battle,male,archibald,assets/triangle-strategy/approved_voice_references/archibald.wav,อ้าฮ่า!,,,READY_FOR_GENERATION,,triangle-strategy
1501,V_M_ARC_BTL_17600.wav,V_M_ARC_BTL_17600,61,61,61,62,อาร์ชิบัลด์,battle,male,archibald,assets/triangle-strategy/approved_voice_references/archibald.wav,ข้าจะไม่ทำให้ผิดหวัง,,,READY_FOR_GENERATION,,triangle-strategy
1502,V_M_ARC_BTL_17700.wav,V_M_ARC_BTL_17700,62,62,62,63,อาร์ชิบัลด์,battle,male,archibald,assets/triangle-strategy/approved_voice_references/archibald.wav,ข้าเพิ่งเริ่มเท่านั้น,,,READY_FOR_GENERATION,,triangle-strategy
1503,V_M_ARC_BTL_17800.wav,V_M_ARC_BTL_17800,63,63,63,64,อาร์ชิบัลด์,battle,male,archibald,assets/triangle-strategy/approved_voice_references/archibald.wav,ยอดเยี่ยมจริง ๆ,,,READY_FOR_GENERATION,,triangle-strategy
1504,V_M_ARC_BTL_17900.wav,V_M_ARC_BTL_17900,64,64,64,65,อาร์ชิบัลด์,battle,male,archibald,assets/triangle-strategy/approved_voice_references/archibald.wav,ยอดเยี่ยม!,,,READY_FOR_GENERATION,,triangle-strategy
1505,V_M_ARC_BTL_18000.wav,V_M_ARC_BTL_18000,65,65,65,66,อาร์ชิบัลด์,battle,male,archibald,assets/triangle-strategy/approved_voice_references/archibald.wav,ถือว่าเรียบร้อย,,,READY_FOR_GENERATION,,triangle-strategy
1506,V_M_ARC_BTL_18200.wav,V_M_ARC_BTL_18200,66,66,66,67,อาร์ชิบัลด์,battle,male,archibald,assets/triangle-strategy/approved_voice_references/archibald.wav,ข้าเริ่มกลับมาเข้าที่แล้ว,,,READY_FOR_GENERATION,,triangle-strategy
1507,V_M_ARC_BTL_18300.wav,V_M_ARC_BTL_18300,67,67,67,68,อาร์ชิบัลด์,battle,male,archibald,assets/triangle-strategy/approved_voice_references/archibald.wav,ข้ายังไม่เลยจุดสูงสุดหรอก,,,READY_FOR_GENERATION,,triangle-strategy
1508,V_M_BKR_G_BTL_00400.wav,V_M_BKR_G_BTL_00400,0,0,0,1,บุ๊กเกอร์,battle,male,booker,assets/triangle-strategy/approved_voice_references/benedict.wav,เพื่อเจ้านายของข้า,,,READY_FOR_GENERATION,,triangle-strategy
1509,V_M_BKR_G_BTL_00500.wav,V_M_BKR_G_BTL_00500,1,1,1,2,บุ๊กเกอร์,battle,male,booker,assets/triangle-strategy/approved_voice_references/benedict.wav,ทุกการป้องกันย่อมมีจุดอ่อน,,,READY_FOR_GENERATION,,triangle-strategy
1510,V_M_BKR_G_BTL_00600.wav,V_M_BKR_G_BTL_00600,2,2,2,3,บุ๊กเกอร์,battle,male,booker,assets/triangle-strategy/approved_voice_references/benedict.wav,อืม ทีนี้ล่ะ,,,READY_FOR_GENERATION,,triangle-strategy
1511,V_M_BKR_G_BTL_01700.wav,V_M_BKR_G_BTL_01700,3,3,3,4,บุ๊กเกอร์,battle,male,booker,assets/triangle-strategy/approved_voice_references/benedict.wav,นี่มัน...ไม่ดีเลย,,,READY_FOR_GENERATION,,triangle-strategy
1512,V_M_BKR_G_BTL_01800.wav,V_M_BKR_G_BTL_01800,4,4,4,5,บุ๊กเกอร์,battle,male,booker,assets/triangle-strategy/approved_voice_references/benedict.wav,ข้าต้องหาทางเจาะเข้าไป,,,READY_FOR_GENERATION,,triangle-strategy
1513,V_M_BKR_G_BTL_01900.wav,V_M_BKR_G_BTL_01900,5,5,5,6,บุ๊กเกอร์,battle,male,booker,assets/triangle-strategy/approved_voice_references/benedict.wav,นี่เป็นเพียงชั่วคราว,,,READY_FOR_GENERATION,,triangle-strategy
1514,V_M_BKR_G_BTL_02700.wav,V_M_BKR_G_BTL_02700,6,6,6,7,บุ๊กเกอร์,battle,male,booker,assets/triangle-strategy/approved_voice_references/benedict.wav,อั่ก...,,STATUS_REACTION,READY_FOR_GENERATION,,triangle-strategy
1515,V_M_BKR_G_BTL_02800.wav,V_M_BKR_G_BTL_02800,7,7,7,8,บุ๊กเกอร์,battle,male,booker,assets/triangle-strategy/approved_voice_references/benedict.wav,นี่มันอะไร?,,,READY_FOR_GENERATION,,triangle-strategy
1516,V_M_BKR_G_BTL_02900.wav,V_M_BKR_G_BTL_02900,8,8,8,9,บุ๊กเกอร์,battle,male,booker,assets/triangle-strategy/approved_voice_references/benedict.wav,ฮึ่ย!,,ATTACK_CRY,READY_FOR_GENERATION,,triangle-strategy
1517,V_M_BKR_G_BTL_03000.wav,V_M_BKR_G_BTL_03000,9,9,9,10,บุ๊กเกอร์,battle,male,booker,assets/triangle-strategy/approved_voice_references/benedict.wav,ฮึ่ย!,,,READY_FOR_GENERATION,,triangle-strategy
1518,V_M_BKR_G_BTL_03100.wav,V_M_BKR_G_BTL_03100,10,10,10,11,บุ๊กเกอร์,battle,male,booker,assets/triangle-strategy/approved_voice_references/benedict.wav,ย๊าก!,,ATTACK_CRY,READY_FOR_GENERATION,,triangle-strategy
1519,V_M_BKR_G_BTL_03200.wav,V_M_BKR_G_BTL_03200,11,11,11,12,บุ๊กเกอร์,battle,male,booker,assets/triangle-strategy/approved_voice_references/benedict.wav,ฮ้า!,,ATTACK_CRY,READY_FOR_GENERATION,,triangle-strategy
1520,V_M_BKR_G_BTL_03500.wav,V_M_BKR_G_BTL_03500,12,12,12,13,บุ๊กเกอร์,battle,male,booker,assets/triangle-strategy/approved_voice_references/benedict.wav,ยอมจำนนซะ!,,,READY_FOR_GENERATION,,triangle-strategy
1521,V_M_BKR_G_BTL_08800.wav,V_M_BKR_G_BTL_08800,13,13,13,14,บุ๊กเกอร์,battle,male,booker,assets/triangle-strategy/approved_voice_references/benedict.wav,ฮ่า ฮ่า ฮ่า ฮ่า!,,,READY_FOR_GENERATION,,triangle-strategy
1522,V_M_BKR_G_BTL_08900.wav,V_M_BKR_G_BTL_08900,14,14,14,15,บุ๊กเกอร์,battle,male,booker,assets/triangle-strategy/approved_voice_references/benedict.wav,นั่นแหละ,,,READY_FOR_GENERATION,,triangle-strategy
1523,V_M_BKR_G_BTL_09000.wav,V_M_BKR_G_BTL_09000,15,15,15,16,บุ๊กเกอร์,battle,male,booker,assets/triangle-strategy/approved_voice_references/benedict.wav,อืม ทีนี้ล่ะ,,,READY_FOR_GENERATION,,triangle-strategy
1524,V_M_BKR_G_BTL_14200.wav,V_M_BKR_G_BTL_14200,16,16,16,17,บุ๊กเกอร์,battle,male,booker,assets/triangle-strategy/approved_voice_references/benedict.wav,เข้าเป้า,,,READY_FOR_GENERATION,,triangle-strategy
1525,V_M_BKR_G_BTL_14300.wav,V_M_BKR_G_BTL_14300,17,17,17,18,บุ๊กเกอร์,battle,male,booker,assets/triangle-strategy/approved_voice_references/benedict.wav,ดูแล้วน่าจะเจ็บนะ,,,READY_FOR_GENERATION,,triangle-strategy
1526,V_M_BKR_G_BTL_14400.wav,V_M_BKR_G_BTL_14400,18,18,18,19,บุ๊กเกอร์,battle,male,booker,assets/triangle-strategy/approved_voice_references/benedict.wav,ขอบคุณ,,,READY_FOR_GENERATION,,triangle-strategy
1527,V_M_BKR_G_BTL_14500.wav,V_M_BKR_G_BTL_14500,19,19,19,20,บุ๊กเกอร์,battle,male,booker,assets/triangle-strategy/approved_voice_references/benedict.wav,น่าเสียดาย,,,READY_FOR_GENERATION,,triangle-strategy
1528,V_M_BKR_G_BTL_14600.wav,V_M_BKR_G_BTL_14600,20,20,20,21,บุ๊กเกอร์,battle,male,booker,assets/triangle-strategy/approved_voice_references/benedict.wav,อั่ก!,,,READY_FOR_GENERATION,,triangle-strategy
1529,V_M_BKR_G_BTL_14700.wav,V_M_BKR_G_BTL_14700,21,21,21,22,บุ๊กเกอร์,battle,male,booker,assets/triangle-strategy/approved_voice_references/benedict.wav,อุ้ก!,,,READY_FOR_GENERATION,,triangle-strategy
1530,V_M_BKR_G_BTL_14800.wav,V_M_BKR_G_BTL_14800,22,22,22,23,บุ๊กเกอร์,battle,male,booker,assets/triangle-strategy/approved_voice_references/benedict.wav,อั่ก!,,,READY_FOR_GENERATION,,triangle-strategy
1531,V_M_BKR_G_BTL_15000.wav,V_M_BKR_G_BTL_15000,23,23,23,24,บุ๊กเกอร์,battle,male,booker,assets/triangle-strategy/approved_voice_references/benedict.wav,ตายซะ!,,,READY_FOR_GENERATION,,triangle-strategy
1532,V_M_BKR_G_BTL_15100.wav,V_M_BKR_G_BTL_15100,24,24,24,25,บุ๊กเกอร์,battle,male,booker,assets/triangle-strategy/approved_voice_references/benedict.wav,ไม่! อ๊าก!,,,READY_FOR_GENERATION,,triangle-strategy
1533,V_M_BKR_G_BTL_15200.wav,V_M_BKR_G_BTL_15200,25,25,25,26,บุ๊กเกอร์,battle,male,booker,assets/triangle-strategy/approved_voice_references/benedict.wav,เจ้าลดการป้องกันแล้ว,,,READY_FOR_GENERATION,,triangle-strategy
1534,V_M_BKR_G_BTL_15300.wav,V_M_BKR_G_BTL_15300,26,26,26,27,บุ๊กเกอร์,battle,male,booker,assets/triangle-strategy/approved_voice_references/benedict.wav,ข้าจะไม่ปล่อยโอกาสนี้ไป,,,READY_FOR_GENERATION,,triangle-strategy
1535,V_M_BKR_G_BTL_15310.wav,V_M_BKR_G_BTL_15310,27,27,27,28,บุ๊กเกอร์,battle,male,booker,assets/triangle-strategy/approved_voice_references/benedict.wav,น่าผิดหวัง,,,READY_FOR_GENERATION,,triangle-strategy
1536,V_M_BKR_G_BTL_15320.wav,V_M_BKR_G_BTL_15320,28,28,28,29,บุ๊กเกอร์,battle,male,booker,assets/triangle-strategy/approved_voice_references/benedict.wav,มีดีแค่นี้หรือ?,,,READY_FOR_GENERATION,,triangle-strategy
1537,V_M_BKR_G_BTL_15400.wav,V_M_BKR_G_BTL_15400,29,29,29,30,บุ๊กเกอร์,battle,male,booker,assets/triangle-strategy/approved_voice_references/benedict.wav,ฮึบ!,,EVADE_GUARD,READY_FOR_GENERATION,,triangle-strategy
1538,V_M_BKR_G_BTL_15500.wav,V_M_BKR_G_BTL_15500,30,30,30,31,บุ๊กเกอร์,battle,male,booker,assets/triangle-strategy/approved_voice_references/benedict.wav,เกือบไป!,,,READY_FOR_GENERATION,,triangle-strategy
1539,V_M_BKR_G_BTL_15600.wav,V_M_BKR_G_BTL_15600,31,31,31,32,บุ๊กเกอร์,battle,male,booker,assets/triangle-strategy/approved_voice_references/benedict.wav,ขอบคุณมาก,,,READY_FOR_GENERATION,,triangle-strategy
1540,V_M_BKR_G_BTL_15700.wav,V_M_BKR_G_BTL_15700,32,32,32,33,บุ๊กเกอร์,battle,male,booker,assets/triangle-strategy/approved_voice_references/benedict.wav,ข้าต้องการแบบนี้พอดี,,,READY_FOR_GENERATION,,triangle-strategy
1541,V_M_BKR_G_BTL_15800.wav,V_M_BKR_G_BTL_15800,33,33,33,34,บุ๊กเกอร์,battle,male,booker,assets/triangle-strategy/approved_voice_references/benedict.wav,ข้าอาจต้องใช้เจ้าอีก,,,READY_FOR_GENERATION,,triangle-strategy
1542,V_M_BKR_G_BTL_15900.wav,V_M_BKR_G_BTL_15900,34,34,34,35,บุ๊กเกอร์,battle,male,booker,assets/triangle-strategy/approved_voice_references/benedict.wav,การต่อสู้เริ่มขึ้นแล้ว,,,READY_FOR_GENERATION,,triangle-strategy
1543,V_M_BKR_G_BTL_16000.wav,V_M_BKR_G_BTL_16000,35,35,35,36,บุ๊กเกอร์,battle,male,booker,assets/triangle-strategy/approved_voice_references/benedict.wav,เอาล่ะ ดูฝีมือข้า,,,READY_FOR_GENERATION,,triangle-strategy
1544,V_M_BKR_G_BTL_16100.wav,V_M_BKR_G_BTL_16100,36,36,36,37,บุ๊กเกอร์,battle,male,booker,assets/triangle-strategy/approved_voice_references/benedict.wav,ข้าจะปิดฉากเรื่องนี้,,,READY_FOR_GENERATION,,triangle-strategy
1545,V_M_BKR_G_BTL_16200.wav,V_M_BKR_G_BTL_16200,37,37,37,38,บุ๊กเกอร์,battle,male,booker,assets/triangle-strategy/approved_voice_references/benedict.wav,ข้าพลาดตรงไหนกัน?,,,READY_FOR_GENERATION,,triangle-strategy
1546,V_M_BKR_G_BTL_16300.wav,V_M_BKR_G_BTL_16300,38,38,38,39,บุ๊กเกอร์,battle,male,booker,assets/triangle-strategy/approved_voice_references/benedict.wav,นายท่าน ข้าทำให้ท่านผิดหวัง,,,READY_FOR_GENERATION,,triangle-strategy
1547,V_M_BKR_G_BTL_17410.wav,V_M_BKR_G_BTL_17410,39,39,39,40,บุ๊กเกอร์,battle,male,booker,assets/triangle-strategy/approved_voice_references/benedict.wav,ฮ่ะ!,,ATTACK_CRY,READY_FOR_GENERATION,,triangle-strategy
1548,V_M_BKR_G_BTL_17411.wav,V_M_BKR_G_BTL_17411,40,40,40,41,บุ๊กเกอร์,battle,male,booker,assets/triangle-strategy/approved_voice_references/benedict.wav,อยู่นิ่ง ๆ,,,READY_FOR_GENERATION,,triangle-strategy
1549,V_M_BKR_G_BTL_17420.wav,V_M_BKR_G_BTL_17420,41,41,41,42,บุ๊กเกอร์,battle,male,booker,assets/triangle-strategy/approved_voice_references/benedict.wav,ดื่มด่ำกับช่วงเวลาสุดท้ายของเจ้า,,,READY_FOR_GENERATION,,triangle-strategy
1550,V_M_BKR_G_BTL_17421.wav,V_M_BKR_G_BTL_17421,42,42,42,43,บุ๊กเกอร์,battle,male,booker,assets/triangle-strategy/approved_voice_references/benedict.wav,จงดู!,,,READY_FOR_GENERATION,,triangle-strategy
1551,V_M_BKR_G_BTL_17430.wav,V_M_BKR_G_BTL_17430,43,43,43,44,บุ๊กเกอร์,battle,male,booker,assets/triangle-strategy/approved_voice_references/benedict.wav,สิ่งนี้จะนำเราไปสู่ชัยชนะ,,,READY_FOR_GENERATION,,triangle-strategy
1552,V_M_BKR_G_BTL_17431.wav,V_M_BKR_G_BTL_17431,44,44,44,45,บุ๊กเกอร์,battle,male,booker,assets/triangle-strategy/approved_voice_references/benedict.wav,เจ้าไม่เป็นไรใช่ไหม?,,,READY_FOR_GENERATION,,triangle-strategy
1553,V_M_BKR_G_BTL_17440.wav,V_M_BKR_G_BTL_17440,45,45,45,46,บุ๊กเกอร์,battle,male,booker,assets/triangle-strategy/approved_voice_references/benedict.wav,หายใจลึก ๆ,,,READY_FOR_GENERATION,,triangle-strategy
1554,V_M_BKR_G_BTL_17441.wav,V_M_BKR_G_BTL_17441,46,46,46,47,บุ๊กเกอร์,battle,male,booker,assets/triangle-strategy/approved_voice_references/benedict.wav,สงครามคือการประลองปัญญา,,,READY_FOR_GENERATION,,triangle-strategy
1555,V_M_BKR_G_BTL_17450.wav,V_M_BKR_G_BTL_17450,47,47,47,48,บุ๊กเกอร์,battle,male,booker,assets/triangle-strategy/approved_voice_references/benedict.wav,กลยุทธ์ของเจ้าต้องปรับปรุง,,,READY_FOR_GENERATION,,triangle-strategy
1556,V_M_BKR_G_BTL_17451.wav,V_M_BKR_G_BTL_17451,48,48,48,49,บุ๊กเกอร์,battle,male,booker,assets/triangle-strategy/approved_voice_references/benedict.wav,อา ช่างงดงาม,,,READY_FOR_GENERATION,,triangle-strategy
1557,V_M_BKR_G_BTL_17460.wav,V_M_BKR_G_BTL_17460,49,49,49,50,บุ๊กเกอร์,battle,male,booker,assets/triangle-strategy/approved_voice_references/benedict.wav,ความเจ็บปวดจะจบลงในไม่ช้า,,,READY_FOR_GENERATION,,triangle-strategy
1558,V_M_BKR_G_BTL_17461.wav,V_M_BKR_G_BTL_17461,50,50,50,51,บุ๊กเกอร์,battle,male,booker,assets/triangle-strategy/approved_voice_references/benedict.wav,ไม่มีความเจ็บปวดแท้จริง,,,READY_FOR_GENERATION,,triangle-strategy
1559,V_M_BKR_G_BTL_17470.wav,V_M_BKR_G_BTL_17470,51,51,51,52,บุ๊กเกอร์,battle,male,booker,assets/triangle-strategy/approved_voice_references/benedict.wav,หึม...,,STATUS_REACTION,READY_FOR_GENERATION,,triangle-strategy
1560,V_M_BKR_G_BTL_17471.wav,V_M_BKR_G_BTL_17471,52,52,52,53,บุ๊กเกอร์,battle,male,booker,assets/triangle-strategy/approved_voice_references/benedict.wav,ไม่มีที่ให้หนี,,,READY_FOR_GENERATION,,triangle-strategy
1561,V_M_BND_BTL_00400.wav,V_M_BND_BTL_00400,0,0,0,1,Benedict,battle,male,benedict,assets/triangle-strategy/approved_voice_references/booker.wav,ข้าจะพยายามให้ถึงที่สุด,,,READY_FOR_GENERATION,,triangle-strategy
1562,V_M_BND_BTL_00500.wav,V_M_BND_BTL_00500,1,1,1,2,Benedict,battle,male,benedict,assets/triangle-strategy/approved_voice_references/booker.wav,มาหาจุดอ่อนของพวกมันกัน,,,READY_FOR_GENERATION,,triangle-strategy
1563,V_M_BND_BTL_00600.wav,V_M_BND_BTL_00600,2,2,2,3,Benedict,battle,male,benedict,assets/triangle-strategy/approved_voice_references/booker.wav,สนามรบไม่มีความเมตตา,,,READY_FOR_GENERATION,,triangle-strategy
1564,V_M_BND_BTL_00700.wav,V_M_BND_BTL_00700,3,3,3,4,Benedict,battle,male,benedict,assets/triangle-strategy/approved_voice_references/booker.wav,ข้ามองเห็นหนทางสู่ชัยชนะ,,,READY_FOR_GENERATION,,triangle-strategy
1565,V_M_BND_BTL_01700.wav,V_M_BND_BTL_01700,4,4,4,5,Benedict,battle,male,benedict,assets/triangle-strategy/approved_voice_references/booker.wav,น่าหนักใจ,,,READY_FOR_GENERATION,,triangle-strategy
1566,V_M_BND_BTL_01800.wav,V_M_BND_BTL_01800,5,5,5,6,Benedict,battle,male,benedict,assets/triangle-strategy/approved_voice_references/booker.wav,ข้าต้องหาทาง,,,READY_FOR_GENERATION,,triangle-strategy
1567,V_M_BND_BTL_01900.wav,V_M_BND_BTL_01900,6,6,6,7,Benedict,battle,male,benedict,assets/triangle-strategy/approved_voice_references/booker.wav,ศัตรูพวกนี้ประมาทไม่ได้,,,READY_FOR_GENERATION,,triangle-strategy
1568,V_M_BND_BTL_02000.wav,V_M_BND_BTL_02000,7,7,7,8,Benedict,battle,male,benedict,assets/triangle-strategy/approved_voice_references/booker.wav,ชัยชนะยังไม่ไกลเกินเอื้อม,,,READY_FOR_GENERATION,,triangle-strategy
1569,V_M_BND_BTL_02700.wav,V_M_BND_BTL_02700,8,8,8,9,Benedict,battle,male,benedict,assets/triangle-strategy/approved_voice_references/booker.wav,โอ๊ะ!,,,READY_FOR_GENERATION,,triangle-strategy
1570,V_M_BND_BTL_02800.wav,V_M_BND_BTL_02800,9,9,9,10,Benedict,battle,male,benedict,assets/triangle-strategy/approved_voice_references/booker.wav,อั่ก!,,,READY_FOR_GENERATION,,triangle-strategy
1571,V_M_BND_BTL_02900.wav,V_M_BND_BTL_02900,10,10,10,11,Benedict,battle,male,benedict,assets/triangle-strategy/approved_voice_references/booker.wav,ฮ่า!,,ATTACK_CRY,READY_FOR_GENERATION,,triangle-strategy
1572,V_M_BND_BTL_03000.wav,V_M_BND_BTL_03000,11,11,11,12,Benedict,battle,male,benedict,assets/triangle-strategy/approved_voice_references/booker.wav,ตอนนี้!,,,READY_FOR_GENERATION,,triangle-strategy
1573,V_M_BND_BTL_03100.wav,V_M_BND_BTL_03100,12,12,12,13,Benedict,battle,male,benedict,assets/triangle-strategy/approved_voice_references/booker.wav,ตาข้า!,,,READY_FOR_GENERATION,,triangle-strategy
1574,V_M_BND_BTL_03200.wav,V_M_BND_BTL_03200,13,13,13,14,Benedict,battle,male,benedict,assets/triangle-strategy/approved_voice_references/booker.wav,ย๊าก!,,ATTACK_CRY,READY_FOR_GENERATION,,triangle-strategy
1575,V_M_BND_BTL_03300.wav,V_M_BND_BTL_03300,14,14,14,15,Benedict,battle,male,benedict,assets/triangle-strategy/approved_voice_references/booker.wav,การป้องกันของเจ้าอ่อนแอ!,,,READY_FOR_GENERATION,,triangle-strategy
1576,V_M_BND_BTL_03400.wav,V_M_BND_BTL_03400,15,15,15,16,Benedict,battle,male,benedict,assets/triangle-strategy/approved_voice_references/booker.wav,สะเพร่า!,,,READY_FOR_GENERATION,,triangle-strategy
1577,V_M_BND_BTL_03500.wav,V_M_BND_BTL_03500,16,16,16,17,Benedict,battle,male,benedict,assets/triangle-strategy/approved_voice_references/booker.wav,เจ้ามั่นใจเกินไป,,,READY_FOR_GENERATION,,triangle-strategy
1578,V_M_BND_BTL_03600.wav,V_M_BND_BTL_03600,17,17,17,18,Benedict,battle,male,benedict,assets/triangle-strategy/approved_voice_references/booker.wav,เจ้าไม่เหลืออะไรแล้ว,,,READY_FOR_GENERATION,,triangle-strategy
1579,V_M_BND_BTL_08800.wav,V_M_BND_BTL_08800,18,18,18,19,Benedict,battle,male,benedict,assets/triangle-strategy/approved_voice_references/booker.wav,กลยุทธ์ของข้าเหนือกว่า,,,READY_FOR_GENERATION,,triangle-strategy
1580,V_M_BND_BTL_08900.wav,V_M_BND_BTL_08900,19,19,19,20,Benedict,battle,male,benedict,assets/triangle-strategy/approved_voice_references/booker.wav,ข้าโจมตีเข้าเป้า,,,READY_FOR_GENERATION,,triangle-strategy
1581,V_M_BND_BTL_09000.wav,V_M_BND_BTL_09000,20,20,20,21,Benedict,battle,male,benedict,assets/triangle-strategy/approved_voice_references/booker.wav,ตามข้ามา,,,READY_FOR_GENERATION,,triangle-strategy
1582,V_M_BND_BTL_14200.wav,V_M_BND_BTL_14200,21,21,21,22,Benedict,battle,male,benedict,assets/triangle-strategy/approved_voice_references/booker.wav,ดูเหมือนจะได้ผล,,,READY_FOR_GENERATION,,triangle-strategy
1583,V_M_BND_BTL_14300.wav,V_M_BND_BTL_14300,22,22,22,23,Benedict,battle,male,benedict,assets/triangle-strategy/approved_voice_references/booker.wav,เป็นไปตามแผน,,,READY_FOR_GENERATION,,triangle-strategy
1584,V_M_BND_BTL_14400.wav,V_M_BND_BTL_14400,23,23,23,24,Benedict,battle,male,benedict,assets/triangle-strategy/approved_voice_references/booker.wav,เป็นไปไม่ได้,,,READY_FOR_GENERATION,,triangle-strategy
1585,V_M_BND_BTL_14500.wav,V_M_BND_BTL_14500,24,24,24,25,Benedict,battle,male,benedict,assets/triangle-strategy/approved_voice_references/booker.wav,ข้าต้องเปลี่ยนแนวทาง,,,READY_FOR_GENERATION,,triangle-strategy
1586,V_M_BND_BTL_14600.wav,V_M_BND_BTL_14600,25,25,25,26,Benedict,battle,male,benedict,assets/triangle-strategy/approved_voice_references/booker.wav,อ๊าก!,,HURT_CRY,READY_FOR_GENERATION,,triangle-strategy
1587,V_M_BND_BTL_14700.wav,V_M_BND_BTL_14700,26,26,26,27,Benedict,battle,male,benedict,assets/triangle-strategy/approved_voice_references/booker.wav,อึ่ก!,,HURT_CRY,READY_FOR_GENERATION,,triangle-strategy
1588,V_M_BND_BTL_14800.wav,V_M_BND_BTL_14800,27,27,27,28,Benedict,battle,male,benedict,assets/triangle-strategy/approved_voice_references/booker.wav,อึก!,,HURT_CRY,READY_FOR_GENERATION,,triangle-strategy
1589,V_M_BND_BTL_14900.wav,V_M_BND_BTL_14900,28,28,28,29,Benedict,battle,male,benedict,assets/triangle-strategy/approved_voice_references/booker.wav,อึ่ก!,,HURT_CRY,READY_FOR_GENERATION,,triangle-strategy
1590,V_M_BND_BTL_15000.wav,V_M_BND_BTL_15000,29,29,29,30,Benedict,battle,male,benedict,assets/triangle-strategy/approved_voice_references/booker.wav,นายท่าน!,,,READY_FOR_GENERATION,,triangle-strategy
1591,V_M_BND_BTL_15100.wav,V_M_BND_BTL_15100,30,30,30,31,Benedict,battle,male,benedict,assets/triangle-strategy/approved_voice_references/booker.wav,อึก!,,HURT_CRY,READY_FOR_GENERATION,,triangle-strategy
1592,V_M_BND_BTL_15200.wav,V_M_BND_BTL_15200,31,31,31,32,Benedict,battle,male,benedict,assets/triangle-strategy/approved_voice_references/booker.wav,เจ้าสมควรโดนแบบนี้,,,READY_FOR_GENERATION,,triangle-strategy
1593,V_M_BND_BTL_15300.wav,V_M_BND_BTL_15300,32,32,32,33,Benedict,battle,male,benedict,assets/triangle-strategy/approved_voice_references/booker.wav,เจ้าถูกหลอกแล้ว,,,READY_FOR_GENERATION,,triangle-strategy
1594,V_M_BND_BTL_15310.wav,V_M_BND_BTL_15310,33,33,33,34,Benedict,battle,male,benedict,assets/triangle-strategy/approved_voice_references/booker.wav,ตอนนี้,,,READY_FOR_GENERATION,,triangle-strategy
1595,V_M_BND_BTL_15320.wav,V_M_BND_BTL_15320,34,34,34,35,Benedict,battle,male,benedict,assets/triangle-strategy/approved_voice_references/booker.wav,ข้าคาดไว้แล้ว,,,READY_FOR_GENERATION,,triangle-strategy
1596,V_M_BND_BTL_15400.wav,V_M_BND_BTL_15400,35,35,35,36,Benedict,battle,male,benedict,assets/triangle-strategy/approved_voice_references/booker.wav,ข้าอ่านเจ้าออกหมด!,,,READY_FOR_GENERATION,,triangle-strategy
1597,V_M_BND_BTL_15500.wav,V_M_BND_BTL_15500,36,36,36,37,Benedict,battle,male,benedict,assets/triangle-strategy/approved_voice_references/booker.wav,เจ้ามาแล้วก็พลาด,,,READY_FOR_GENERATION,,triangle-strategy
1598,V_M_BND_BTL_15600.wav,V_M_BND_BTL_15600,37,37,37,38,Benedict,battle,male,benedict,assets/triangle-strategy/approved_voice_references/booker.wav,ข้าจะจำเรื่องนี้ไว้,,,READY_FOR_GENERATION,,triangle-strategy
1599,V_M_BND_BTL_15700.wav,V_M_BND_BTL_15700,38,38,38,39,Benedict,battle,male,benedict,assets/triangle-strategy/approved_voice_references/booker.wav,นี่จะมีประโยชน์มาก,,,READY_FOR_GENERATION,,triangle-strategy
1600,V_M_BND_BTL_15800.wav,V_M_BND_BTL_15800,39,39,39,40,Benedict,battle,male,benedict,assets/triangle-strategy/approved_voice_references/booker.wav,ขอขอบคุณอย่างสูง,,,READY_FOR_GENERATION,,triangle-strategy
1601,V_M_BND_BTL_15900.wav,V_M_BND_BTL_15900,40,40,40,41,Benedict,battle,male,benedict,assets/triangle-strategy/approved_voice_references/booker.wav,ยอดเยี่ยม,,,READY_FOR_GENERATION,,triangle-strategy
1602,V_M_BND_BTL_16000.wav,V_M_BND_BTL_16000,41,41,41,42,Benedict,battle,male,benedict,assets/triangle-strategy/approved_voice_references/booker.wav,การตัดสินใจของเจ้าถูกต้อง,,,READY_FOR_GENERATION,,triangle-strategy
1603,V_M_BND_BTL_16100.wav,V_M_BND_BTL_16100,42,42,42,43,Benedict,battle,male,benedict,assets/triangle-strategy/approved_voice_references/booker.wav,ข้าจะใช้สิ่งนี้ให้เป็นประโยชน์,,,READY_FOR_GENERATION,,triangle-strategy
1604,V_M_BND_BTL_16200.wav,V_M_BND_BTL_16200,43,43,43,44,Benedict,battle,male,benedict,assets/triangle-strategy/approved_voice_references/booker.wav,สัญชาตญาณของข้าผิดไป,,,READY_FOR_GENERATION,,triangle-strategy
1605,V_M_BND_BTL_16300.wav,V_M_BND_BTL_16300,44,44,44,45,Benedict,battle,male,benedict,assets/triangle-strategy/approved_voice_references/booker.wav,ท่านเซเรโนอา,,,READY_FOR_GENERATION,,triangle-strategy
1606,V_M_BND_BTL_16400.wav,V_M_BND_BTL_16400,45,45,45,46,Benedict,battle,male,benedict,assets/triangle-strategy/approved_voice_references/booker.wav,เกรงว่านี่จะเจ็บนะ,,,READY_FOR_GENERATION,,triangle-strategy
1607,V_M_BND_BTL_16500.wav,V_M_BND_BTL_16500,46,46,46,47,Benedict,battle,male,benedict,assets/triangle-strategy/approved_voice_references/booker.wav,มาพลิกสถานการณ์กัน,,,READY_FOR_GENERATION,,triangle-strategy
1608,V_M_BND_BTL_16600.wav,V_M_BND_BTL_16600,47,47,47,48,Benedict,battle,male,benedict,assets/triangle-strategy/approved_voice_references/booker.wav,ตอนนี้!,,,READY_FOR_GENERATION,,triangle-strategy
1609,V_M_BND_BTL_17410.wav,V_M_BND_BTL_17410,48,48,48,49,Benedict,battle,male,benedict,assets/triangle-strategy/approved_voice_references/booker.wav,แบบนี้น่าจะได้,,,READY_FOR_GENERATION,,triangle-strategy
1610,V_M_BND_BTL_17411.wav,V_M_BND_BTL_17411,49,49,49,50,Benedict,battle,male,benedict,assets/triangle-strategy/approved_voice_references/booker.wav,ทุกอย่างเพื่อชัยชนะ,,,READY_FOR_GENERATION,,triangle-strategy
1611,V_M_BND_BTL_17412.wav,V_M_BND_BTL_17412,50,50,50,51,Benedict,battle,male,benedict,assets/triangle-strategy/approved_voice_references/booker.wav,ข้าคอยหนุนหลังเจ้า,,,READY_FOR_GENERATION,,triangle-strategy
1612,V_M_BND_BTL_17413.wav,V_M_BND_BTL_17413,51,51,51,52,Benedict,battle,male,benedict,assets/triangle-strategy/approved_voice_references/booker.wav,ย่อมมีหนทางเสมอ,,,READY_FOR_GENERATION,,triangle-strategy
1613,V_M_BND_BTL_17414.wav,V_M_BND_BTL_17414,52,52,52,53,Benedict,battle,male,benedict,assets/triangle-strategy/approved_voice_references/booker.wav,สิ่งนี้จะใช้ได้ดี,,,READY_FOR_GENERATION,,triangle-strategy
1614,V_M_BND_BTL_17415.wav,V_M_BND_BTL_17415,53,53,53,54,Benedict,battle,male,benedict,assets/triangle-strategy/approved_voice_references/booker.wav,เราต้องระวังตัวอยู่เสมอ,,,READY_FOR_GENERATION,,triangle-strategy
1615,V_M_BND_BTL_17440.wav,V_M_BND_BTL_17440,54,54,54,55,Benedict,battle,male,benedict,assets/triangle-strategy/approved_voice_references/booker.wav,มาเสริมการป้องกันของเรากัน,,,READY_FOR_GENERATION,,triangle-strategy
1616,V_M_BND_BTL_17441.wav,V_M_BND_BTL_17441,55,55,55,56,Benedict,battle,male,benedict,assets/triangle-strategy/approved_voice_references/booker.wav,ถึงเวลาโจมตี,,,READY_FOR_GENERATION,,triangle-strategy
1617,V_M_BND_BTL_17442.wav,V_M_BND_BTL_17442,56,56,56,57,Benedict,battle,male,benedict,assets/triangle-strategy/approved_voice_references/booker.wav,การเตรียมพร้อมคือกุญแจสำคัญ,,,READY_FOR_GENERATION,,triangle-strategy
1618,V_M_BND_BTL_17443.wav,V_M_BND_BTL_17443,57,57,57,58,Benedict,battle,male,benedict,assets/triangle-strategy/approved_voice_references/booker.wav,นี่คือโอกาสของเรา,,,READY_FOR_GENERATION,,triangle-strategy
1619,V_M_BND_BTL_17444.wav,V_M_BND_BTL_17444,58,58,58,59,Benedict,battle,male,benedict,assets/triangle-strategy/approved_voice_references/booker.wav,เราต้องรีบ,,,READY_FOR_GENERATION,,triangle-strategy
1620,V_M_BND_BTL_17450.wav,V_M_BND_BTL_17450,59,59,59,60,Benedict,battle,male,benedict,assets/triangle-strategy/approved_voice_references/booker.wav,พักสักครู่,,,READY_FOR_GENERATION,,triangle-strategy
1621,V_M_BND_BTL_17451.wav,V_M_BND_BTL_17451,60,60,60,61,Benedict,battle,male,benedict,assets/triangle-strategy/approved_voice_references/booker.wav,ตั้งสติไว้,,,READY_FOR_GENERATION,,triangle-strategy
1622,V_M_BND_BTL_17452.wav,V_M_BND_BTL_17452,61,61,61,62,Benedict,battle,male,benedict,assets/triangle-strategy/approved_voice_references/booker.wav,เราจะชดเชยตรงนี้,,,READY_FOR_GENERATION,,triangle-strategy
1623,V_M_BND_BTL_17480.wav,V_M_BND_BTL_17480,62,62,62,63,Benedict,battle,male,benedict,assets/triangle-strategy/approved_voice_references/booker.wav,ต้องได้ผล,,,READY_FOR_GENERATION,,triangle-strategy
1624,V_M_BND_BTL_17500.wav,V_M_BND_BTL_17500,63,63,63,64,Benedict,battle,male,benedict,assets/triangle-strategy/approved_voice_references/booker.wav,พรุ่งนี้คือวันใหม่,,,READY_FOR_GENERATION,,triangle-strategy
1625,V_M_BND_BTL_17600.wav,V_M_BND_BTL_17600,64,64,64,65,Benedict,battle,male,benedict,assets/triangle-strategy/approved_voice_references/booker.wav,ข้ามองเส้นทางของการต่อสู้ชัดเจนขึ้น,,,READY_FOR_GENERATION,,triangle-strategy
1626,V_M_BND_BTL_17700.wav,V_M_BND_BTL_17700,65,65,65,66,Benedict,battle,male,benedict,assets/triangle-strategy/approved_voice_references/booker.wav,เพื่ออนาคตแห่งตระกูลวูลฟอร์ต,,,READY_FOR_GENERATION,,triangle-strategy
1627,V_M_BND_BTL_17800.wav,V_M_BND_BTL_17800,66,66,66,67,Benedict,battle,male,benedict,assets/triangle-strategy/approved_voice_references/booker.wav,ความรู้ของข้าลึกซึ้งขึ้น,,,READY_FOR_GENERATION,,triangle-strategy
1628,V_M_BND_BTL_17900.wav,V_M_BND_BTL_17900,67,67,67,68,Benedict,battle,male,benedict,assets/triangle-strategy/approved_voice_references/booker.wav,เข้าใจแล้ว,,,READY_FOR_GENERATION,,triangle-strategy
1629,V_M_BND_BTL_18000.wav,V_M_BND_BTL_18000,68,68,68,69,Benedict,battle,male,benedict,assets/triangle-strategy/approved_voice_references/booker.wav,เป็นเกียรติของข้า,,,READY_FOR_GENERATION,,triangle-strategy
1630,V_M_BND_BTL_18200.wav,V_M_BND_BTL_18200,69,69,69,70,Benedict,battle,male,benedict,assets/triangle-strategy/approved_voice_references/booker.wav,อย่าหยุดเรียนรู้,,,READY_FOR_GENERATION,,triangle-strategy
1631,V_M_BND_BTL_18300.wav,V_M_BND_BTL_18300,70,70,70,71,Benedict,battle,male,benedict,assets/triangle-strategy/approved_voice_references/booker.wav,ทุกอย่างเพื่อคุณหนู,,,READY_FOR_GENERATION,,triangle-strategy
1632,V_M_CLR_E_BTL_00400.wav,V_M_CLR_E_BTL_00400,0,0,0,1,แคลรุส,battle,male,clarus,assets/triangle-strategy/approved_voice_references/clarus.wav,อา ได้สิ,,,READY_FOR_GENERATION,,triangle-strategy
1633,V_M_CLR_E_BTL_00500.wav,V_M_CLR_E_BTL_00500,1,1,1,2,แคลรุส,battle,male,clarus,assets/triangle-strategy/approved_voice_references/clarus.wav,จะทำอะไรดี จะทำอะไรดี,,,READY_FOR_GENERATION,,triangle-strategy
1634,V_M_CLR_E_BTL_00600.wav,V_M_CLR_E_BTL_00600,2,2,2,3,แคลรุส,battle,male,clarus,assets/triangle-strategy/approved_voice_references/clarus.wav,ข้าต้องระวังตัว,,,READY_FOR_GENERATION,,triangle-strategy
1635,V_M_CLR_E_BTL_01700.wav,V_M_CLR_E_BTL_01700,3,3,3,4,แคลรุส,battle,male,clarus,assets/triangle-strategy/approved_voice_references/clarus.wav,อา ยุ่งยากจริง,,,READY_FOR_GENERATION,,triangle-strategy
1636,V_M_CLR_E_BTL_01800.wav,V_M_CLR_E_BTL_01800,4,4,4,5,แคลรุส,battle,male,clarus,assets/triangle-strategy/approved_voice_references/clarus.wav,ข้ารับมือมากเกินไปหรือ?,,,READY_FOR_GENERATION,,triangle-strategy
1637,V_M_CLR_E_BTL_01900.wav,V_M_CLR_E_BTL_01900,5,5,5,6,แคลรุส,battle,male,clarus,assets/triangle-strategy/approved_voice_references/clarus.wav,ข้าไม่ได้คำนึงถึงเรื่องนี้,,,READY_FOR_GENERATION,,triangle-strategy
1638,V_M_CLR_E_BTL_02700.wav,V_M_CLR_E_BTL_02700,6,6,6,7,แคลรุส,battle,male,clarus,assets/triangle-strategy/approved_voice_references/clarus.wav,อั่ก...,,STATUS_REACTION,READY_FOR_GENERATION,,triangle-strategy
1639,V_M_CLR_E_BTL_02800.wav,V_M_CLR_E_BTL_02800,7,7,7,8,แคลรุส,battle,male,clarus,assets/triangle-strategy/approved_voice_references/clarus.wav,ร่างกายของข้า...,,,READY_FOR_GENERATION,,triangle-strategy
1640,V_M_CLR_E_BTL_02900.wav,V_M_CLR_E_BTL_02900,8,8,8,9,แคลรุส,battle,male,clarus,assets/triangle-strategy/approved_voice_references/clarus.wav,ฮึ่ย!,,ATTACK_CRY,READY_FOR_GENERATION,,triangle-strategy
1641,V_M_CLR_E_BTL_03000.wav,V_M_CLR_E_BTL_03000,9,9,9,10,แคลรุส,battle,male,clarus,assets/triangle-strategy/approved_voice_references/clarus.wav,ฮึ่ย!,,ATTACK_CRY,READY_FOR_GENERATION,,triangle-strategy
1642,V_M_CLR_E_BTL_03100.wav,V_M_CLR_E_BTL_03100,10,10,10,11,แคลรุส,battle,male,clarus,assets/triangle-strategy/approved_voice_references/clarus.wav,เฮ้ย่า!,,,READY_FOR_GENERATION,,triangle-strategy
1643,V_M_CLR_E_BTL_03200.wav,V_M_CLR_E_BTL_03200,11,11,11,12,แคลรุส,battle,male,clarus,assets/triangle-strategy/approved_voice_references/clarus.wav,รับนี่ไป!,,,READY_FOR_GENERATION,,triangle-strategy
1644,V_M_CLR_E_BTL_03500.wav,V_M_CLR_E_BTL_03500,12,12,12,13,แคลรุส,battle,male,clarus,assets/triangle-strategy/approved_voice_references/clarus.wav,เจ้าจบแล้ว!,,,READY_FOR_GENERATION,,triangle-strategy
1645,V_M_CLR_E_BTL_08800.wav,V_M_CLR_E_BTL_08800,13,13,13,14,แคลรุส,battle,male,clarus,assets/triangle-strategy/approved_voice_references/clarus.wav,ประสิทธิภาพคือสิ่งสำคัญ,,,READY_FOR_GENERATION,,triangle-strategy
1646,V_M_CLR_E_BTL_08900.wav,V_M_CLR_E_BTL_08900,14,14,14,15,แคลรุส,battle,male,clarus,assets/triangle-strategy/approved_voice_references/clarus.wav,เล่นงานจุดอ่อนของพวกมัน!,,,READY_FOR_GENERATION,,triangle-strategy
1647,V_M_CLR_E_BTL_09000.wav,V_M_CLR_E_BTL_09000,15,15,15,16,แคลรุส,battle,male,clarus,assets/triangle-strategy/approved_voice_references/clarus.wav,ช่วยข้า แล้วข้าจะช่วยเจ้า,,,READY_FOR_GENERATION,,triangle-strategy
1648,V_M_CLR_E_BTL_14200.wav,V_M_CLR_E_BTL_14200,16,16,16,17,แคลรุส,battle,male,clarus,assets/triangle-strategy/approved_voice_references/clarus.wav,เป็นไปตามแผนเป๊ะ,,,READY_FOR_GENERATION,,triangle-strategy
1649,V_M_CLR_E_BTL_14300.wav,V_M_CLR_E_BTL_14300,17,17,17,18,แคลรุส,battle,male,clarus,assets/triangle-strategy/approved_voice_references/clarus.wav,ไม่เลว,,,READY_FOR_GENERATION,,triangle-strategy
1650,V_M_CLR_E_BTL_14400.wav,V_M_CLR_E_BTL_14400,18,18,18,19,แคลรุส,battle,male,clarus,assets/triangle-strategy/approved_voice_references/clarus.wav,ไม่ได้ผลหรือ?,,,READY_FOR_GENERATION,,triangle-strategy
1651,V_M_CLR_E_BTL_14500.wav,V_M_CLR_E_BTL_14500,19,19,19,20,แคลรุส,battle,male,clarus,assets/triangle-strategy/approved_voice_references/clarus.wav,ได้เวลาเปลี่ยนกลยุทธ์,,,READY_FOR_GENERATION,,triangle-strategy
1652,V_M_CLR_E_BTL_14600.wav,V_M_CLR_E_BTL_14600,20,20,20,21,แคลรุส,battle,male,clarus,assets/triangle-strategy/approved_voice_references/clarus.wav,อ๊าก!,,HURT_CRY,READY_FOR_GENERATION,,triangle-strategy
1653,V_M_CLR_E_BTL_14700.wav,V_M_CLR_E_BTL_14700,21,21,21,22,แคลรุส,battle,male,clarus,assets/triangle-strategy/approved_voice_references/clarus.wav,อึ่ก!,,HURT_CRY,READY_FOR_GENERATION,,triangle-strategy
1654,V_M_CLR_E_BTL_14800.wav,V_M_CLR_E_BTL_14800,22,22,22,23,แคลรุส,battle,male,clarus,assets/triangle-strategy/approved_voice_references/clarus.wav,อ๊าก!,,HURT_CRY,READY_FOR_GENERATION,,triangle-strategy
1655,V_M_CLR_E_BTL_15000.wav,V_M_CLR_E_BTL_15000,23,23,23,24,แคลรุส,battle,male,clarus,assets/triangle-strategy/approved_voice_references/clarus.wav,อั่ก! อั่ก!,,,READY_FOR_GENERATION,,triangle-strategy
1656,V_M_CLR_E_BTL_15100.wav,V_M_CLR_E_BTL_15100,24,24,24,25,แคลรุส,battle,male,clarus,assets/triangle-strategy/approved_voice_references/clarus.wav,อั่ก!,,,READY_FOR_GENERATION,,triangle-strategy
1657,V_M_CLR_E_BTL_15200.wav,V_M_CLR_E_BTL_15200,25,25,25,26,แคลรุส,battle,male,clarus,assets/triangle-strategy/approved_voice_references/clarus.wav,ตอนนี้ตาข้าแล้ว!,,,READY_FOR_GENERATION,,triangle-strategy
1658,V_M_CLR_E_BTL_15300.wav,V_M_CLR_E_BTL_15300,26,26,26,27,แคลรุส,battle,male,clarus,assets/triangle-strategy/approved_voice_references/clarus.wav,หยุดก่อน!,,,READY_FOR_GENERATION,,triangle-strategy
1659,V_M_CLR_E_BTL_15400.wav,V_M_CLR_E_BTL_15400,27,27,27,28,แคลรุส,battle,male,clarus,assets/triangle-strategy/approved_voice_references/clarus.wav,ฮ่า!,,EVADE_GUARD,READY_FOR_GENERATION,,triangle-strategy
1660,V_M_CLR_E_BTL_15500.wav,V_M_CLR_E_BTL_15500,28,28,28,29,แคลรุส,battle,male,clarus,assets/triangle-strategy/approved_voice_references/clarus.wav,ฮึบ!,,EVADE_GUARD,READY_FOR_GENERATION,,triangle-strategy
1661,V_M_CLR_E_BTL_15600.wav,V_M_CLR_E_BTL_15600,29,29,29,30,แคลรุส,battle,male,clarus,assets/triangle-strategy/approved_voice_references/clarus.wav,เฮ้อ ขอบคุณ,,,READY_FOR_GENERATION,,triangle-strategy
1662,V_M_CLR_E_BTL_15700.wav,V_M_CLR_E_BTL_15700,30,30,30,31,แคลรุส,battle,male,clarus,assets/triangle-strategy/approved_voice_references/clarus.wav,ใช่ แบบนั้นช่วยได้,,,READY_FOR_GENERATION,,triangle-strategy
1663,V_M_CLR_E_BTL_15900.wav,V_M_CLR_E_BTL_15900,31,31,31,32,แคลรุส,battle,male,clarus,assets/triangle-strategy/approved_voice_references/clarus.wav,ดีมาก,,,READY_FOR_GENERATION,,triangle-strategy
1664,V_M_CLR_E_BTL_16000.wav,V_M_CLR_E_BTL_16000,32,32,32,33,แคลรุส,battle,male,clarus,assets/triangle-strategy/approved_voice_references/clarus.wav,ลองดูสักตั้ง,,,READY_FOR_GENERATION,,triangle-strategy
1665,V_M_CLR_E_BTL_16200.wav,V_M_CLR_E_BTL_16200,33,33,33,34,แคลรุส,battle,male,clarus,assets/triangle-strategy/approved_voice_references/clarus.wav,เก่งกว่าที่เห็นนะ,,,READY_FOR_GENERATION,,triangle-strategy
1666,V_M_CLR_E_BTL_17410.wav,V_M_CLR_E_BTL_17410,34,34,34,35,แคลรุส,battle,male,clarus,assets/triangle-strategy/approved_voice_references/clarus.wav,ฮึ่ย!,,ATTACK_CRY,READY_FOR_GENERATION,,triangle-strategy
1667,V_M_CLR_E_BTL_17411.wav,V_M_CLR_E_BTL_17411,35,35,35,36,แคลรุส,battle,male,clarus,assets/triangle-strategy/approved_voice_references/clarus.wav,อยากเห็นว่าข้าทำอะไรได้ไหม?,,,READY_FOR_GENERATION,,triangle-strategy
1668,V_M_CLR_E_BTL_17420.wav,V_M_CLR_E_BTL_17420,36,36,36,37,แคลรุส,battle,male,clarus,assets/triangle-strategy/approved_voice_references/clarus.wav,นี่อาจเจ็บนะ,,,READY_FOR_GENERATION,,triangle-strategy
1669,V_M_CLR_E_BTL_17421.wav,V_M_CLR_E_BTL_17421,37,37,37,38,แคลรุส,battle,male,clarus,assets/triangle-strategy/approved_voice_references/clarus.wav,ข้าดูแลตัวเองในสนามรบได้,,,READY_FOR_GENERATION,,triangle-strategy
1670,V_M_CLR_E_BTL_17460.wav,V_M_CLR_E_BTL_17460,38,38,38,39,แคลรุส,battle,male,clarus,assets/triangle-strategy/approved_voice_references/clarus.wav,เป็นไงล่ะ?,,,READY_FOR_GENERATION,,triangle-strategy
1671,V_M_CLR_E_BTL_17461.wav,V_M_CLR_E_BTL_17461,39,39,39,40,แคลรุส,battle,male,clarus,assets/triangle-strategy/approved_voice_references/clarus.wav,นี่เพื่อคนที่ไม่มีอะไร,,,READY_FOR_GENERATION,,triangle-strategy
1672,V_M_COR_BTL_00400.wav,V_M_COR_BTL_00400,0,0,0,1,คอเรนติน,battle,male,corentin,assets/triangle-strategy/approved_voice_references/corentin.wav,เอาล่ะ ได้เวลาทำงาน,,,READY_FOR_GENERATION,,triangle-strategy
1673,V_M_COR_BTL_00500.wav,V_M_COR_BTL_00500,1,1,1,2,คอเรนติน,battle,male,corentin,assets/triangle-strategy/approved_voice_references/corentin.wav,ข้าทำถึงไหนแล้วนะ?,,,READY_FOR_GENERATION,,triangle-strategy
1674,V_M_COR_BTL_00600.wav,V_M_COR_BTL_00600,2,2,2,3,คอเรนติน,battle,male,corentin,assets/triangle-strategy/approved_voice_references/corentin.wav,ดูเหมือนต้องเป็นข้า,,,READY_FOR_GENERATION,,triangle-strategy
1675,V_M_COR_BTL_00700.wav,V_M_COR_BTL_00700,3,3,3,4,คอเรนติน,battle,male,corentin,assets/triangle-strategy/approved_voice_references/corentin.wav,ได้เวลาวิจัย,,,READY_FOR_GENERATION,,triangle-strategy
1676,V_M_COR_BTL_01700.wav,V_M_COR_BTL_01700,4,4,4,5,คอเรนติน,battle,male,corentin,assets/triangle-strategy/approved_voice_references/corentin.wav,ยังไม่จบอีกหรือ?,,,READY_FOR_GENERATION,,triangle-strategy
1677,V_M_COR_BTL_01800.wav,V_M_COR_BTL_01800,5,5,5,6,คอเรนติน,battle,male,corentin,assets/triangle-strategy/approved_voice_references/corentin.wav,ใจเย็นไว้,,,READY_FOR_GENERATION,,triangle-strategy
1678,V_M_COR_BTL_01900.wav,V_M_COR_BTL_01900,6,6,6,7,คอเรนติน,battle,male,corentin,assets/triangle-strategy/approved_voice_references/corentin.wav,อยากได้ยาสักขวด,,,READY_FOR_GENERATION,,triangle-strategy
1679,V_M_COR_BTL_02000.wav,V_M_COR_BTL_02000,7,7,7,8,คอเรนติน,battle,male,corentin,assets/triangle-strategy/approved_voice_references/corentin.wav,ข้าจะไม่เป็นไร,,,READY_FOR_GENERATION,,triangle-strategy
1680,V_M_COR_BTL_02700.wav,V_M_COR_BTL_02700,8,8,8,9,คอเรนติน,battle,male,corentin,assets/triangle-strategy/approved_voice_references/corentin.wav,อึก...,,STATUS_REACTION,READY_FOR_GENERATION,,triangle-strategy
1681,V_M_COR_BTL_02800.wav,V_M_COR_BTL_02800,9,9,9,10,คอเรนติน,battle,male,corentin,assets/triangle-strategy/approved_voice_references/corentin.wav,แบบจำลองของข้าคลาดเคลื่อน,,,READY_FOR_GENERATION,,triangle-strategy
1682,V_M_COR_BTL_02900.wav,V_M_COR_BTL_02900,10,10,10,11,คอเรนติน,battle,male,corentin,assets/triangle-strategy/approved_voice_references/corentin.wav,ฮึ่ย!,,ATTACK_CRY,READY_FOR_GENERATION,,triangle-strategy
1683,V_M_COR_BTL_03000.wav,V_M_COR_BTL_03000,11,11,11,12,คอเรนติน,battle,male,corentin,assets/triangle-strategy/approved_voice_references/corentin.wav,ฮึ่ย!,,ATTACK_CRY,READY_FOR_GENERATION,,triangle-strategy
1684,V_M_COR_BTL_03100.wav,V_M_COR_BTL_03100,12,12,12,13,คอเรนติน,battle,male,corentin,assets/triangle-strategy/approved_voice_references/corentin.wav,ย๊าก!,,ATTACK_CRY,READY_FOR_GENERATION,,triangle-strategy
1685,V_M_COR_BTL_03200.wav,V_M_COR_BTL_03200,13,13,13,14,คอเรนติน,battle,male,corentin,assets/triangle-strategy/approved_voice_references/corentin.wav,ไปให้พ้น!,,,READY_FOR_GENERATION,,triangle-strategy
1686,V_M_COR_BTL_03300.wav,V_M_COR_BTL_03300,14,14,14,15,คอเรนติน,battle,male,corentin,assets/triangle-strategy/approved_voice_references/corentin.wav,ไปให้พ้น!,,,READY_FOR_GENERATION,,triangle-strategy
1687,V_M_COR_BTL_03400.wav,V_M_COR_BTL_03400,15,15,15,16,คอเรนติน,battle,male,corentin,assets/triangle-strategy/approved_voice_references/corentin.wav,ฮ่า!,,ATTACK_CRY,READY_FOR_GENERATION,,triangle-strategy
1688,V_M_COR_BTL_03500.wav,V_M_COR_BTL_03500,16,16,16,17,คอเรนติน,battle,male,corentin,assets/triangle-strategy/approved_voice_references/corentin.wav,ลาก่อน!,,,READY_FOR_GENERATION,,triangle-strategy
1689,V_M_COR_BTL_03600.wav,V_M_COR_BTL_03600,17,17,17,18,คอเรนติน,battle,male,corentin,assets/triangle-strategy/approved_voice_references/corentin.wav,จบกันตรงนี้!,,,READY_FOR_GENERATION,,triangle-strategy
1690,V_M_COR_BTL_08800.wav,V_M_COR_BTL_08800,18,18,18,19,คอเรนติน,battle,male,corentin,assets/triangle-strategy/approved_voice_references/corentin.wav,ตามซ้ำ!,,,READY_FOR_GENERATION,,triangle-strategy
1691,V_M_COR_BTL_08900.wav,V_M_COR_BTL_08900,19,19,19,20,คอเรนติน,battle,male,corentin,assets/triangle-strategy/approved_voice_references/corentin.wav,ทางนี้!,,,READY_FOR_GENERATION,,triangle-strategy
1692,V_M_COR_BTL_09000.wav,V_M_COR_BTL_09000,20,20,20,21,คอเรนติน,battle,male,corentin,assets/triangle-strategy/approved_voice_references/corentin.wav,รับไปอีกที!,,,READY_FOR_GENERATION,,triangle-strategy
1693,V_M_COR_BTL_14200.wav,V_M_COR_BTL_14200,21,21,21,22,คอเรนติน,battle,male,corentin,assets/triangle-strategy/approved_voice_references/corentin.wav,น่าสนใจมาก,,,READY_FOR_GENERATION,,triangle-strategy
1694,V_M_COR_BTL_14300.wav,V_M_COR_BTL_14300,22,22,22,23,คอเรนติน,battle,male,corentin,assets/triangle-strategy/approved_voice_references/corentin.wav,ใช่ ได้ผลดีมาก,,,READY_FOR_GENERATION,,triangle-strategy
1695,V_M_COR_BTL_14400.wav,V_M_COR_BTL_14400,23,23,23,24,คอเรนติน,battle,male,corentin,assets/triangle-strategy/approved_voice_references/corentin.wav,ล้อเล่นน่า!,,,READY_FOR_GENERATION,,triangle-strategy
1696,V_M_COR_BTL_14500.wav,V_M_COR_BTL_14500,24,24,24,25,คอเรนติน,battle,male,corentin,assets/triangle-strategy/approved_voice_references/corentin.wav,ไม่ได้ผล,,,READY_FOR_GENERATION,,triangle-strategy
1697,V_M_COR_BTL_14600.wav,V_M_COR_BTL_14600,25,25,25,26,คอเรนติน,battle,male,corentin,assets/triangle-strategy/approved_voice_references/corentin.wav,อั่ก!,,HURT_CRY,READY_FOR_GENERATION,,triangle-strategy
1698,V_M_COR_BTL_14700.wav,V_M_COR_BTL_14700,26,26,26,27,คอเรนติน,battle,male,corentin,assets/triangle-strategy/approved_voice_references/corentin.wav,อั่ก!,,HURT_CRY,READY_FOR_GENERATION,,triangle-strategy
1699,V_M_COR_BTL_14800.wav,V_M_COR_BTL_14800,27,27,27,28,คอเรนติน,battle,male,corentin,assets/triangle-strategy/approved_voice_references/corentin.wav,อั่ก!,,HURT_CRY,READY_FOR_GENERATION,,triangle-strategy
1700,V_M_COR_BTL_14900.wav,V_M_COR_BTL_14900,28,28,28,29,คอเรนติน,battle,male,corentin,assets/triangle-strategy/approved_voice_references/corentin.wav,อึ่ก!,,HURT_CRY,READY_FOR_GENERATION,,triangle-strategy
1701,V_M_COR_BTL_15000.wav,V_M_COR_BTL_15000,29,29,29,30,คอเรนติน,battle,male,corentin,assets/triangle-strategy/approved_voice_references/corentin.wav,อ๊าก!,,HURT_CRY,READY_FOR_GENERATION,,triangle-strategy
1702,V_M_COR_BTL_15100.wav,V_M_COR_BTL_15100,30,30,30,31,คอเรนติน,battle,male,corentin,assets/triangle-strategy/approved_voice_references/corentin.wav,อั่ก!,,,READY_FOR_GENERATION,,triangle-strategy
1703,V_M_COR_BTL_15200.wav,V_M_COR_BTL_15200,31,31,31,32,คอเรนติน,battle,male,corentin,assets/triangle-strategy/approved_voice_references/corentin.wav,การคำนวณของข้าถูกต้อง,,,READY_FOR_GENERATION,,triangle-strategy
1704,V_M_COR_BTL_15300.wav,V_M_COR_BTL_15300,32,32,32,33,คอเรนติน,battle,male,corentin,assets/triangle-strategy/approved_voice_references/corentin.wav,คิดแล้วว่าเจ้าต้องทำ,,,READY_FOR_GENERATION,,triangle-strategy
1705,V_M_COR_BTL_15310.wav,V_M_COR_BTL_15310,33,33,33,34,คอเรนติน,battle,male,corentin,assets/triangle-strategy/approved_voice_references/corentin.wav,ตอนนี้คือโอกาสของข้า,,,READY_FOR_GENERATION,,triangle-strategy
1706,V_M_COR_BTL_15320.wav,V_M_COR_BTL_15320,34,34,34,35,คอเรนติน,battle,male,corentin,assets/triangle-strategy/approved_voice_references/corentin.wav,ตามใจเจ้า,,,READY_FOR_GENERATION,,triangle-strategy
1707,V_M_COR_BTL_15400.wav,V_M_COR_BTL_15400,35,35,35,36,คอเรนติน,battle,male,corentin,assets/triangle-strategy/approved_voice_references/corentin.wav,โอ๊ะ!,,,READY_FOR_GENERATION,,triangle-strategy
1708,V_M_COR_BTL_15500.wav,V_M_COR_BTL_15500,36,36,36,37,คอเรนติน,battle,male,corentin,assets/triangle-strategy/approved_voice_references/corentin.wav,เกือบไป!,,,READY_FOR_GENERATION,,triangle-strategy
1709,V_M_COR_BTL_15600.wav,V_M_COR_BTL_15600,37,37,37,38,คอเรนติน,battle,male,corentin,assets/triangle-strategy/approved_voice_references/corentin.wav,ขอบคุณมาก,,,READY_FOR_GENERATION,,triangle-strategy
1710,V_M_COR_BTL_15700.wav,V_M_COR_BTL_15700,38,38,38,39,คอเรนติน,battle,male,corentin,assets/triangle-strategy/approved_voice_references/corentin.wav,ขอบคุณมาก,,,READY_FOR_GENERATION,,triangle-strategy
1711,V_M_COR_BTL_15800.wav,V_M_COR_BTL_15800,39,39,39,40,คอเรนติน,battle,male,corentin,assets/triangle-strategy/approved_voice_references/corentin.wav,ดีขึ้นมาก,,,READY_FOR_GENERATION,,triangle-strategy
1712,V_M_COR_BTL_15900.wav,V_M_COR_BTL_15900,40,40,40,41,คอเรนติน,battle,male,corentin,assets/triangle-strategy/approved_voice_references/corentin.wav,ช่วยได้มากทีเดียว,,,READY_FOR_GENERATION,,triangle-strategy
1713,V_M_COR_BTL_16000.wav,V_M_COR_BTL_16000,41,41,41,42,คอเรนติน,battle,male,corentin,assets/triangle-strategy/approved_voice_references/corentin.wav,นี่จะเป็นประโยชน์อย่างยิ่ง!,,,READY_FOR_GENERATION,,triangle-strategy
1714,V_M_COR_BTL_16100.wav,V_M_COR_BTL_16100,42,42,42,43,คอเรนติน,battle,male,corentin,assets/triangle-strategy/approved_voice_references/corentin.wav,นี่แหละที่ข้าต้องการ,,,READY_FOR_GENERATION,,triangle-strategy
1715,V_M_COR_BTL_16200.wav,V_M_COR_BTL_16200,43,43,43,44,คอเรนติน,battle,male,corentin,assets/triangle-strategy/approved_voice_references/corentin.wav,จะจบแบบนี้ไม่ได้,,,READY_FOR_GENERATION,,triangle-strategy
1716,V_M_COR_BTL_16300.wav,V_M_COR_BTL_16300,44,44,44,45,คอเรนติน,battle,male,corentin,assets/triangle-strategy/approved_voice_references/corentin.wav,แต่... งานวิจัยของข้า...,,,READY_FOR_GENERATION,,triangle-strategy
1717,V_M_COR_BTL_16400.wav,V_M_COR_BTL_16400,45,45,45,46,คอเรนติน,battle,male,corentin,assets/triangle-strategy/approved_voice_references/corentin.wav,ฮ่ะ!,,ATTACK_CRY,READY_FOR_GENERATION,,triangle-strategy
1718,V_M_COR_BTL_16500.wav,V_M_COR_BTL_16500,46,46,46,47,คอเรนติน,battle,male,corentin,assets/triangle-strategy/approved_voice_references/corentin.wav,ลองนี่ดู!,,,READY_FOR_GENERATION,,triangle-strategy
1719,V_M_COR_BTL_16600.wav,V_M_COR_BTL_16600,47,47,47,48,คอเรนติน,battle,male,corentin,assets/triangle-strategy/approved_voice_references/corentin.wav,อืม,,,READY_FOR_GENERATION,,triangle-strategy
1720,V_M_COR_BTL_17410.wav,V_M_COR_BTL_17410,48,48,48,49,คอเรนติน,battle,male,corentin,assets/triangle-strategy/approved_voice_references/corentin.wav,ฮ่ะ!,,ATTACK_CRY,READY_FOR_GENERATION,,triangle-strategy
1721,V_M_COR_BTL_17411.wav,V_M_COR_BTL_17411,49,49,49,50,คอเรนติน,battle,male,corentin,assets/triangle-strategy/approved_voice_references/corentin.wav,เข้ามา!,,,READY_FOR_GENERATION,,triangle-strategy
1722,V_M_COR_BTL_17412.wav,V_M_COR_BTL_17412,50,50,50,51,คอเรนติน,battle,male,corentin,assets/triangle-strategy/approved_voice_references/corentin.wav,ร่ายเวท!,,,READY_FOR_GENERATION,,triangle-strategy
1723,V_M_COR_BTL_17413.wav,V_M_COR_BTL_17413,51,51,51,52,คอเรนติน,battle,male,corentin,assets/triangle-strategy/approved_voice_references/corentin.wav,การป้องกันสำคัญที่สุด,,,READY_FOR_GENERATION,,triangle-strategy
1724,V_M_COR_BTL_17414.wav,V_M_COR_BTL_17414,52,52,52,53,คอเรนติน,battle,male,corentin,assets/triangle-strategy/approved_voice_references/corentin.wav,แบบนี้น่าจะได้,,,READY_FOR_GENERATION,,triangle-strategy
1725,V_M_COR_BTL_17415.wav,V_M_COR_BTL_17415,53,53,53,54,คอเรนติน,battle,male,corentin,assets/triangle-strategy/approved_voice_references/corentin.wav,ข้าคอยหนุนหลังเจ้า,,,READY_FOR_GENERATION,,triangle-strategy
1726,V_M_COR_BTL_17416.wav,V_M_COR_BTL_17416,54,54,54,55,คอเรนติน,battle,male,corentin,assets/triangle-strategy/approved_voice_references/corentin.wav,ไม่มีทางหนี,,,READY_FOR_GENERATION,,triangle-strategy
1727,V_M_COR_BTL_17417.wav,V_M_COR_BTL_17417,55,55,55,56,คอเรนติน,battle,male,corentin,assets/triangle-strategy/approved_voice_references/corentin.wav,เข้ามาให้เต็มที่,,,READY_FOR_GENERATION,,triangle-strategy
1728,V_M_COR_BTL_17418.wav,V_M_COR_BTL_17418,56,56,56,57,คอเรนติน,battle,male,corentin,assets/triangle-strategy/approved_voice_references/corentin.wav,พร้อมโจมตี,,,READY_FOR_GENERATION,,triangle-strategy
1729,V_M_COR_BTL_17419.wav,V_M_COR_BTL_17419,57,57,57,58,คอเรนติน,battle,male,corentin,assets/triangle-strategy/approved_voice_references/corentin.wav,ข้าจะตรึงเท้าพวกมันไว้,,,READY_FOR_GENERATION,,triangle-strategy
1730,V_M_COR_BTL_17420.wav,V_M_COR_BTL_17420,58,58,58,59,คอเรนติน,battle,male,corentin,assets/triangle-strategy/approved_voice_references/corentin.wav,แข็งเป็นน้ำแข็งซะ!,,,READY_FOR_GENERATION,,triangle-strategy
1731,V_M_COR_BTL_17421.wav,V_M_COR_BTL_17421,59,59,59,60,คอเรนติน,battle,male,corentin,assets/triangle-strategy/approved_voice_references/corentin.wav,แทงให้ทะลุ!,,,READY_FOR_GENERATION,,triangle-strategy
1732,V_M_COR_BTL_17422.wav,V_M_COR_BTL_17422,60,60,60,61,คอเรนติน,battle,male,corentin,assets/triangle-strategy/approved_voice_references/corentin.wav,ย้าก!,,ATTACK_CRY,READY_FOR_GENERATION,,triangle-strategy
1733,V_M_COR_BTL_17440.wav,V_M_COR_BTL_17440,61,61,61,62,คอเรนติน,battle,male,corentin,assets/triangle-strategy/approved_voice_references/corentin.wav,สายลมเยือกแข็ง โปรดคุ้มครองเรา!,,,READY_FOR_GENERATION,,triangle-strategy
1734,V_M_COR_BTL_17441.wav,V_M_COR_BTL_17441,62,62,62,63,คอเรนติน,battle,male,corentin,assets/triangle-strategy/approved_voice_references/corentin.wav,เจ้าจะไม่เป็นไร,,,READY_FOR_GENERATION,,triangle-strategy
1735,V_M_COR_BTL_17450.wav,V_M_COR_BTL_17450,63,63,63,64,คอเรนติน,battle,male,corentin,assets/triangle-strategy/approved_voice_references/corentin.wav,ข้ามองเจ้าออก,,,READY_FOR_GENERATION,,triangle-strategy
1736,V_M_COR_BTL_17451.wav,V_M_COR_BTL_17451,64,64,64,65,คอเรนติน,battle,male,corentin,assets/triangle-strategy/approved_voice_references/corentin.wav,ข้าไม่พลาด,,,READY_FOR_GENERATION,,triangle-strategy
1737,V_M_COR_BTL_17460.wav,V_M_COR_BTL_17460,65,65,65,66,คอเรนติน,battle,male,corentin,assets/triangle-strategy/approved_voice_references/corentin.wav,ถ้าข้าจำกัดการเคลื่อนไหวของเจ้า...,,,READY_FOR_GENERATION,,triangle-strategy
1738,V_M_COR_BTL_17461.wav,V_M_COR_BTL_17461,66,66,66,67,คอเรนติน,battle,male,corentin,assets/triangle-strategy/approved_voice_references/corentin.wav,พอแค่นั้น,,,READY_FOR_GENERATION,,triangle-strategy
1739,V_M_COR_BTL_17470.wav,V_M_COR_BTL_17470,67,67,67,68,คอเรนติน,battle,male,corentin,assets/triangle-strategy/approved_voice_references/corentin.wav,ให้ข้าสร้างปัญหาสักหน่อย,,,READY_FOR_GENERATION,,triangle-strategy
1740,V_M_COR_BTL_17480.wav,V_M_COR_BTL_17480,68,68,68,69,คอเรนติน,battle,male,corentin,assets/triangle-strategy/approved_voice_references/corentin.wav,นี่คือทุกอย่างที่ข้ามี!,,,READY_FOR_GENERATION,,triangle-strategy
1741,V_M_COR_BTL_17490.wav,V_M_COR_BTL_17490,69,69,69,70,คอเรนติน,battle,male,corentin,assets/triangle-strategy/approved_voice_references/corentin.wav,อย่าเข้ามาใกล้,,,READY_FOR_GENERATION,,triangle-strategy
1742,V_M_COR_BTL_17491.wav,V_M_COR_BTL_17491,70,70,70,71,คอเรนติน,battle,male,corentin,assets/triangle-strategy/approved_voice_references/corentin.wav,สายลมเย็นพัดมา,,,READY_FOR_GENERATION,,triangle-strategy
1743,V_M_COR_BTL_17492.wav,V_M_COR_BTL_17492,71,71,71,72,คอเรนติน,battle,male,corentin,assets/triangle-strategy/approved_voice_references/corentin.wav,ลองอีกวิธี,,,READY_FOR_GENERATION,,triangle-strategy
1744,V_M_COR_BTL_17493.wav,V_M_COR_BTL_17493,72,72,72,73,คอเรนติน,battle,male,corentin,assets/triangle-strategy/approved_voice_references/corentin.wav,กำแพงน้ำแข็ง!,,,READY_FOR_GENERATION,,triangle-strategy
1745,V_M_COR_BTL_17494.wav,V_M_COR_BTL_17494,73,73,73,74,คอเรนติน,battle,male,corentin,assets/triangle-strategy/approved_voice_references/corentin.wav,ข้าจะปิดทางพวกมัน,,,READY_FOR_GENERATION,,triangle-strategy
1746,V_M_COR_BTL_17500.wav,V_M_COR_BTL_17500,74,74,74,75,คอเรนติน,battle,male,corentin,assets/triangle-strategy/approved_voice_references/corentin.wav,ช่างเป็นการค้นพบที่น่าสนใจ,,,READY_FOR_GENERATION,,triangle-strategy
1747,V_M_COR_BTL_17600.wav,V_M_COR_BTL_17600,75,75,75,76,คอเรนติน,battle,male,corentin,assets/triangle-strategy/approved_voice_references/corentin.wav,ผลออกมาแล้ว ยอดเยี่ยม!,,,READY_FOR_GENERATION,,triangle-strategy
1748,V_M_COR_BTL_17700.wav,V_M_COR_BTL_17700,76,76,76,77,คอเรนติน,battle,male,corentin,assets/triangle-strategy/approved_voice_references/corentin.wav,งานวิจัยของข้าออกผลแล้ว,,,READY_FOR_GENERATION,,triangle-strategy
1749,V_M_COR_BTL_17800.wav,V_M_COR_BTL_17800,77,77,77,78,คอเรนติน,battle,male,corentin,assets/triangle-strategy/approved_voice_references/corentin.wav,เพื่อพัฒนาศาสตร์แห่งเวทมนตร์,,,READY_FOR_GENERATION,,triangle-strategy
1750,V_M_COR_BTL_17900.wav,V_M_COR_BTL_17900,78,78,78,79,คอเรนติน,battle,male,corentin,assets/triangle-strategy/approved_voice_references/corentin.wav,เข้าใจแล้ว,,,READY_FOR_GENERATION,,triangle-strategy
1751,V_M_COR_BTL_18000.wav,V_M_COR_BTL_18000,79,79,79,80,คอเรนติน,battle,male,corentin,assets/triangle-strategy/approved_voice_references/corentin.wav,เคลื่อนพล,,,READY_FOR_GENERATION,,triangle-strategy
1752,V_M_COR_BTL_18200.wav,V_M_COR_BTL_18200,80,80,80,81,คอเรนติน,battle,male,corentin,assets/triangle-strategy/approved_voice_references/corentin.wav,ข้ายังไม่พอใจ,,,READY_FOR_GENERATION,,triangle-strategy
1753,V_M_COR_BTL_18300.wav,V_M_COR_BTL_18300,81,81,81,82,คอเรนติน,battle,male,corentin,assets/triangle-strategy/approved_voice_references/corentin.wav,หนี้ของข้ายังไม่ได้ชำระ,,,READY_FOR_GENERATION,,triangle-strategy
1754,V_M_DRG_G_BTL_00400.wav,V_M_DRG_G_BTL_00400,0,0,0,1,Dragan,battle,male,dragan,assets/triangle-strategy/approved_voice_references/dragan.wav,ถ้าเจ้าอยากสู้,,,READY_FOR_GENERATION,,triangle-strategy
1755,V_M_DRG_G_BTL_00500.wav,V_M_DRG_G_BTL_00500,1,1,1,2,Dragan,battle,male,dragan,assets/triangle-strategy/approved_voice_references/dragan.wav,บ้าเอ๊ย! เกิดอะไรขึ้น?,,,READY_FOR_GENERATION,,triangle-strategy
1756,V_M_DRG_G_BTL_00600.wav,V_M_DRG_G_BTL_00600,2,2,2,3,Dragan,battle,male,dragan,assets/triangle-strategy/approved_voice_references/dragan.wav,พวกคนทรยศ!,,,READY_FOR_GENERATION,,triangle-strategy
1757,V_M_DRG_G_BTL_01700.wav,V_M_DRG_G_BTL_01700,3,3,3,4,Dragan,battle,male,dragan,assets/triangle-strategy/approved_voice_references/dragan.wav,ไม่นะ,,,READY_FOR_GENERATION,,triangle-strategy
1758,V_M_DRG_G_BTL_01800.wav,V_M_DRG_G_BTL_01800,4,4,4,5,Dragan,battle,male,dragan,assets/triangle-strategy/approved_voice_references/dragan.wav,ท่าไม่ดีแล้ว,,,READY_FOR_GENERATION,,triangle-strategy
1759,V_M_DRG_G_BTL_01900.wav,V_M_DRG_G_BTL_01900,5,5,5,6,Dragan,battle,male,dragan,assets/triangle-strategy/approved_voice_references/dragan.wav,พวกเจ้าจะไม่ได้ลอยนวล!,,,READY_FOR_GENERATION,,triangle-strategy
1760,V_M_DRG_G_BTL_02700.wav,V_M_DRG_G_BTL_02700,6,6,6,7,Dragan,battle,male,dragan,assets/triangle-strategy/approved_voice_references/dragan.wav,อึก...,,STATUS_REACTION,READY_FOR_GENERATION,,triangle-strategy
1761,V_M_DRG_G_BTL_02800.wav,V_M_DRG_G_BTL_02800,7,7,7,8,Dragan,battle,male,dragan,assets/triangle-strategy/approved_voice_references/dragan.wav,ได้ยังไง?,,,READY_FOR_GENERATION,,triangle-strategy
1762,V_M_DRG_G_BTL_02900.wav,V_M_DRG_G_BTL_02900,8,8,8,9,Dragan,battle,male,dragan,assets/triangle-strategy/approved_voice_references/dragan.wav,ฮึ่ย!,,ATTACK_CRY,READY_FOR_GENERATION,,triangle-strategy
1763,V_M_DRG_G_BTL_03000.wav,V_M_DRG_G_BTL_03000,9,9,9,10,Dragan,battle,male,dragan,assets/triangle-strategy/approved_voice_references/dragan.wav,ฮึ่ย!,,,READY_FOR_GENERATION,,triangle-strategy
1764,V_M_DRG_G_BTL_03100.wav,V_M_DRG_G_BTL_03100,10,10,10,11,Dragan,battle,male,dragan,assets/triangle-strategy/approved_voice_references/dragan.wav,ฮ่า!,,ATTACK_CRY,READY_FOR_GENERATION,,triangle-strategy
1765,V_M_DRG_G_BTL_03200.wav,V_M_DRG_G_BTL_03200,11,11,11,12,Dragan,battle,male,dragan,assets/triangle-strategy/approved_voice_references/dragan.wav,ไปให้พ้น!,,,READY_FOR_GENERATION,,triangle-strategy
1766,V_M_DRG_G_BTL_03500.wav,V_M_DRG_G_BTL_03500,12,12,12,13,Dragan,battle,male,dragan,assets/triangle-strategy/approved_voice_references/dragan.wav,เจ้าหาเรื่องเองนะ!,,,READY_FOR_GENERATION,,triangle-strategy
1767,V_M_DRG_G_BTL_08800.wav,V_M_DRG_G_BTL_08800,13,13,13,14,Dragan,battle,male,dragan,assets/triangle-strategy/approved_voice_references/dragan.wav,ข้าจะไม่ล้มตรงนี้!,,,READY_FOR_GENERATION,,triangle-strategy
1768,V_M_DRG_G_BTL_08900.wav,V_M_DRG_G_BTL_08900,14,14,14,15,Dragan,battle,male,dragan,assets/triangle-strategy/approved_voice_references/dragan.wav,ตายสักที!,,,READY_FOR_GENERATION,,triangle-strategy
1769,V_M_DRG_G_BTL_09000.wav,V_M_DRG_G_BTL_09000,15,15,15,16,Dragan,battle,male,dragan,assets/triangle-strategy/approved_voice_references/dragan.wav,อีกที!,,,READY_FOR_GENERATION,,triangle-strategy
1770,V_M_DRG_G_BTL_14200.wav,V_M_DRG_G_BTL_14200,16,16,16,17,Dragan,battle,male,dragan,assets/triangle-strategy/approved_voice_references/dragan.wav,ดูเหมือนจะได้ผล,,,READY_FOR_GENERATION,,triangle-strategy
1771,V_M_DRG_G_BTL_14300.wav,V_M_DRG_G_BTL_14300,17,17,17,18,Dragan,battle,male,dragan,assets/triangle-strategy/approved_voice_references/dragan.wav,ดีมาก,,,READY_FOR_GENERATION,,triangle-strategy
1772,V_M_DRG_G_BTL_14400.wav,V_M_DRG_G_BTL_14400,18,18,18,19,Dragan,battle,male,dragan,assets/triangle-strategy/approved_voice_references/dragan.wav,อะไรนะ?,,,READY_FOR_GENERATION,,triangle-strategy
1773,V_M_DRG_G_BTL_14500.wav,V_M_DRG_G_BTL_14500,19,19,19,20,Dragan,battle,male,dragan,assets/triangle-strategy/approved_voice_references/dragan.wav,ได้เวลาเปลี่ยนกลยุทธ์,,,READY_FOR_GENERATION,,triangle-strategy
1774,V_M_DRG_G_BTL_14600.wav,V_M_DRG_G_BTL_14600,20,20,20,21,Dragan,battle,male,dragan,assets/triangle-strategy/approved_voice_references/dragan.wav,อั่ก!,,,READY_FOR_GENERATION,,triangle-strategy
1775,V_M_DRG_G_BTL_14700.wav,V_M_DRG_G_BTL_14700,21,21,21,22,Dragan,battle,male,dragan,assets/triangle-strategy/approved_voice_references/dragan.wav,อึก!,,HURT_CRY,READY_FOR_GENERATION,,triangle-strategy
1776,V_M_DRG_G_BTL_14800.wav,V_M_DRG_G_BTL_14800,22,22,22,23,Dragan,battle,male,dragan,assets/triangle-strategy/approved_voice_references/dragan.wav,อึ่ก!,,HURT_CRY,READY_FOR_GENERATION,,triangle-strategy
1777,V_M_DRG_G_BTL_15000.wav,V_M_DRG_G_BTL_15000,23,23,23,24,Dragan,battle,male,dragan,assets/triangle-strategy/approved_voice_references/dragan.wav,อ๊ากก!,,,READY_FOR_GENERATION,,triangle-strategy
1778,V_M_DRG_G_BTL_15100.wav,V_M_DRG_G_BTL_15100,24,24,24,25,Dragan,battle,male,dragan,assets/triangle-strategy/approved_voice_references/dragan.wav,บ้าเอ๊ย!,,,READY_FOR_GENERATION,,triangle-strategy
1779,V_M_DRG_G_BTL_15200.wav,V_M_DRG_G_BTL_15200,25,25,25,26,Dragan,battle,male,dragan,assets/triangle-strategy/approved_voice_references/dragan.wav,เป็นไงล่ะ?,,,READY_FOR_GENERATION,,triangle-strategy
1780,V_M_DRG_G_BTL_15300.wav,V_M_DRG_G_BTL_15300,26,26,26,27,Dragan,battle,male,dragan,assets/triangle-strategy/approved_voice_references/dragan.wav,เจ้าโง่!,,,READY_FOR_GENERATION,,triangle-strategy
1781,V_M_DRG_G_BTL_15310.wav,V_M_DRG_G_BTL_15310,27,27,27,28,Dragan,battle,male,dragan,assets/triangle-strategy/approved_voice_references/dragan.wav,ถ้าเจ้ายืนยัน!,,,READY_FOR_GENERATION,,triangle-strategy
1782,V_M_DRG_G_BTL_15320.wav,V_M_DRG_G_BTL_15320,28,28,28,29,Dragan,battle,male,dragan,assets/triangle-strategy/approved_voice_references/dragan.wav,นั่นอะไร?,,,READY_FOR_GENERATION,,triangle-strategy
1783,V_M_DRG_G_BTL_15400.wav,V_M_DRG_G_BTL_15400,29,29,29,30,Dragan,battle,male,dragan,assets/triangle-strategy/approved_voice_references/dragan.wav,หึ!,,EVADE_GUARD,READY_FOR_GENERATION,,triangle-strategy
1784,V_M_DRG_G_BTL_15500.wav,V_M_DRG_G_BTL_15500,30,30,30,31,Dragan,battle,male,dragan,assets/triangle-strategy/approved_voice_references/dragan.wav,คราวนี้ไม่!,,,READY_FOR_GENERATION,,triangle-strategy
1785,V_M_DRG_G_BTL_15600.wav,V_M_DRG_G_BTL_15600,31,31,31,32,Dragan,battle,male,dragan,assets/triangle-strategy/approved_voice_references/dragan.wav,ขอบคุณมาก,,,READY_FOR_GENERATION,,triangle-strategy
1786,V_M_DRG_G_BTL_15700.wav,V_M_DRG_G_BTL_15700,32,32,32,33,Dragan,battle,male,dragan,assets/triangle-strategy/approved_voice_references/dragan.wav,ขอบคุณมาก,,,READY_FOR_GENERATION,,triangle-strategy
1787,V_M_DRG_G_BTL_15800.wav,V_M_DRG_G_BTL_15800,33,33,33,34,Dragan,battle,male,dragan,assets/triangle-strategy/approved_voice_references/dragan.wav,ขออภัยที่รบกวน,,,READY_FOR_GENERATION,,triangle-strategy
1788,V_M_DRG_G_BTL_15900.wav,V_M_DRG_G_BTL_15900,34,34,34,35,Dragan,battle,male,dragan,assets/triangle-strategy/approved_voice_references/dragan.wav,ดี ดีมาก,,,READY_FOR_GENERATION,,triangle-strategy
1789,V_M_DRG_G_BTL_16000.wav,V_M_DRG_G_BTL_16000,35,35,35,36,Dragan,battle,male,dragan,assets/triangle-strategy/approved_voice_references/dragan.wav,ข้าจะใช้สิ่งนี้ให้คุ้ม,,,READY_FOR_GENERATION,,triangle-strategy
1790,V_M_DRG_G_BTL_16100.wav,V_M_DRG_G_BTL_16100,36,36,36,37,Dragan,battle,male,dragan,assets/triangle-strategy/approved_voice_references/dragan.wav,สถานการณ์เข้าข้างข้า,,,READY_FOR_GENERATION,,triangle-strategy
1791,V_M_DRG_G_BTL_16200.wav,V_M_DRG_G_BTL_16200,37,37,37,38,Dragan,battle,male,dragan,assets/triangle-strategy/approved_voice_references/dragan.wav,เป็นไปไม่ได้...,,,READY_FOR_GENERATION,,triangle-strategy
1792,V_M_DRG_G_BTL_16300.wav,V_M_DRG_G_BTL_16300,38,38,38,39,Dragan,battle,male,dragan,assets/triangle-strategy/approved_voice_references/dragan.wav,ไม่! จะจบแบบนี้ไม่ได้!,,,READY_FOR_GENERATION,,triangle-strategy
1793,V_M_DRG_G_BTL_17410.wav,V_M_DRG_G_BTL_17410,39,39,39,40,Dragan,battle,male,dragan,assets/triangle-strategy/approved_voice_references/dragan.wav,อย่าดูถูกข้า!,,,READY_FOR_GENERATION,,triangle-strategy
1794,V_M_DRG_G_BTL_17411.wav,V_M_DRG_G_BTL_17411,40,40,40,41,Dragan,battle,male,dragan,assets/triangle-strategy/approved_voice_references/dragan.wav,เจ้าจะไม่มีชีวิตไปเสียใจ,,,READY_FOR_GENERATION,,triangle-strategy
1795,V_M_DRG_G_BTL_17420.wav,V_M_DRG_G_BTL_17420,41,41,41,42,Dragan,battle,male,dragan,assets/triangle-strategy/approved_voice_references/dragan.wav,เปลวไฟจะเผาผลาญเจ้า!,,,READY_FOR_GENERATION,,triangle-strategy
1796,V_M_DRG_G_BTL_17421.wav,V_M_DRG_G_BTL_17421,42,42,42,43,Dragan,battle,male,dragan,assets/triangle-strategy/approved_voice_references/dragan.wav,ฮ้าก!,,HURT_CRY,READY_FOR_GENERATION,,triangle-strategy
1797,V_M_EGS_G_BTL_00400.wav,V_M_EGS_G_BTL_00400,0,0,0,1,Exharme,battle,male,exharme,assets/triangle-strategy/approved_voice_references/exharme.wav,เริ่มกันเลยไหม?,,,READY_FOR_GENERATION,,triangle-strategy
1798,V_M_EGS_G_BTL_00500.wav,V_M_EGS_G_BTL_00500,1,1,1,2,Exharme,battle,male,exharme,assets/triangle-strategy/approved_voice_references/exharme.wav,เจ้าไม่คู่ควรกับเวลาของข้า,,,READY_FOR_GENERATION,,triangle-strategy
1799,V_M_EGS_G_BTL_00600.wav,V_M_EGS_G_BTL_00600,2,2,2,3,Exharme,battle,male,exharme,assets/triangle-strategy/approved_voice_references/exharme.wav,จงตระหนักถึงความต่างของฝีมือเรา,,,READY_FOR_GENERATION,,triangle-strategy
1800,V_M_EGS_G_BTL_01700.wav,V_M_EGS_G_BTL_01700,3,3,3,4,Exharme,battle,male,exharme,assets/triangle-strategy/approved_voice_references/exharme.wav,น่ารำคาญจริง,,,READY_FOR_GENERATION,,triangle-strategy
1801,V_M_EGS_G_BTL_01800.wav,V_M_EGS_G_BTL_01800,4,4,4,5,Exharme,battle,male,exharme,assets/triangle-strategy/approved_voice_references/exharme.wav,ข้าช่างตกอยู่ในสภาพน่าสมเพช,,,READY_FOR_GENERATION,,triangle-strategy
1802,V_M_EGS_G_BTL_01900.wav,V_M_EGS_G_BTL_01900,5,5,5,6,Exharme,battle,male,exharme,assets/triangle-strategy/approved_voice_references/exharme.wav,แค่นี้ไม่เป็นไร,,,READY_FOR_GENERATION,,triangle-strategy
1803,V_M_EGS_G_BTL_02700.wav,V_M_EGS_G_BTL_02700,6,6,6,7,Exharme,battle,male,exharme,assets/triangle-strategy/approved_voice_references/exharme.wav,อูย...,,STATUS_REACTION,READY_FOR_GENERATION,,triangle-strategy
1804,V_M_EGS_G_BTL_02800.wav,V_M_EGS_G_BTL_02800,7,7,7,8,Exharme,battle,male,exharme,assets/triangle-strategy/approved_voice_references/exharme.wav,กลอุบายสกปรกจริง,,,READY_FOR_GENERATION,,triangle-strategy
1805,V_M_EGS_G_BTL_02900.wav,V_M_EGS_G_BTL_02900,8,8,8,9,Exharme,battle,male,exharme,assets/triangle-strategy/approved_voice_references/exharme.wav,เอ้า!,,ATTACK_CRY,READY_FOR_GENERATION,,triangle-strategy
1806,V_M_EGS_G_BTL_03000.wav,V_M_EGS_G_BTL_03000,9,9,9,10,Exharme,battle,male,exharme,assets/triangle-strategy/approved_voice_references/exharme.wav,ฮึ่ย!,,ATTACK_CRY,READY_FOR_GENERATION,,triangle-strategy
1807,V_M_EGS_G_BTL_03100.wav,V_M_EGS_G_BTL_03100,10,10,10,11,Exharme,battle,male,exharme,assets/triangle-strategy/approved_voice_references/exharme.wav,ย๊าก!,,ATTACK_CRY,READY_FOR_GENERATION,,triangle-strategy
1808,V_M_EGS_G_BTL_03200.wav,V_M_EGS_G_BTL_03200,11,11,11,12,Exharme,battle,male,exharme,assets/triangle-strategy/approved_voice_references/exharme.wav,ย๊าก!,,,READY_FOR_GENERATION,,triangle-strategy
1809,V_M_EGS_G_BTL_03500.wav,V_M_EGS_G_BTL_03500,12,12,12,13,Exharme,battle,male,exharme,assets/triangle-strategy/approved_voice_references/exharme.wav,ข้าจะส่งเจ้าไปหาเทพธิดา!,,,READY_FOR_GENERATION,,triangle-strategy
1810,V_M_EGS_G_BTL_08800.wav,V_M_EGS_G_BTL_08800,13,13,13,14,Exharme,battle,male,exharme,assets/triangle-strategy/approved_voice_references/exharme.wav,ข้ามองเห็นทุกช่องโหว่ของเจ้า,,,READY_FOR_GENERATION,,triangle-strategy
1811,V_M_EGS_G_BTL_08900.wav,V_M_EGS_G_BTL_08900,14,14,14,15,Exharme,battle,male,exharme,assets/triangle-strategy/approved_voice_references/exharme.wav,ด้วยพระเมตตาของนาง!,,,READY_FOR_GENERATION,,triangle-strategy
1812,V_M_EGS_G_BTL_09000.wav,V_M_EGS_G_BTL_09000,15,15,15,16,Exharme,battle,male,exharme,assets/triangle-strategy/approved_voice_references/exharme.wav,ข้าจะช่วยเจ้า,,,READY_FOR_GENERATION,,triangle-strategy
1813,V_M_EGS_G_BTL_14200.wav,V_M_EGS_G_BTL_14200,16,16,16,17,Exharme,battle,male,exharme,assets/triangle-strategy/approved_voice_references/exharme.wav,ชัยชนะที่ง่ายเกินไปไม่น่าสนุก,,,READY_FOR_GENERATION,,triangle-strategy
1814,V_M_EGS_G_BTL_14300.wav,V_M_EGS_G_BTL_14300,17,17,17,18,Exharme,battle,male,exharme,assets/triangle-strategy/approved_voice_references/exharme.wav,เรื่องนี้ถูกกำหนดไว้แล้ว!,,,READY_FOR_GENERATION,,triangle-strategy
1815,V_M_EGS_G_BTL_14400.wav,V_M_EGS_G_BTL_14400,18,18,18,19,Exharme,battle,male,exharme,assets/triangle-strategy/approved_voice_references/exharme.wav,น่าสมเพช,,,READY_FOR_GENERATION,,triangle-strategy
1816,V_M_EGS_G_BTL_14500.wav,V_M_EGS_G_BTL_14500,19,19,19,20,Exharme,battle,male,exharme,assets/triangle-strategy/approved_voice_references/exharme.wav,น่าสนใจ,,,READY_FOR_GENERATION,,triangle-strategy
1817,V_M_EGS_G_BTL_14600.wav,V_M_EGS_G_BTL_14600,20,20,20,21,Exharme,battle,male,exharme,assets/triangle-strategy/approved_voice_references/exharme.wav,อ๊าก!,,HURT_CRY,READY_FOR_GENERATION,,triangle-strategy
1818,V_M_EGS_G_BTL_14700.wav,V_M_EGS_G_BTL_14700,21,21,21,22,Exharme,battle,male,exharme,assets/triangle-strategy/approved_voice_references/exharme.wav,อึ่ก!,,HURT_CRY,READY_FOR_GENERATION,,triangle-strategy
1819,V_M_EGS_G_BTL_14800.wav,V_M_EGS_G_BTL_14800,22,22,22,23,Exharme,battle,male,exharme,assets/triangle-strategy/approved_voice_references/exharme.wav,อึก!,,HURT_CRY,READY_FOR_GENERATION,,triangle-strategy
1820,V_M_EGS_G_BTL_15000.wav,V_M_EGS_G_BTL_15000,23,23,23,24,Exharme,battle,male,exharme,assets/triangle-strategy/approved_voice_references/exharme.wav,อั่ก!,,,READY_FOR_GENERATION,,triangle-strategy
1821,V_M_EGS_G_BTL_15100.wav,V_M_EGS_G_BTL_15100,24,24,24,25,Exharme,battle,male,exharme,assets/triangle-strategy/approved_voice_references/exharme.wav,ไอ้คนป่าเถื่อน!,,,READY_FOR_GENERATION,,triangle-strategy
1822,V_M_EGS_G_BTL_15200.wav,V_M_EGS_G_BTL_15200,25,25,25,26,Exharme,battle,male,exharme,assets/triangle-strategy/approved_voice_references/exharme.wav,ต้องทำได้ดีกว่านี้,,,READY_FOR_GENERATION,,triangle-strategy
1823,V_M_EGS_G_BTL_15300.wav,V_M_EGS_G_BTL_15300,26,26,26,27,Exharme,battle,male,exharme,assets/triangle-strategy/approved_voice_references/exharme.wav,ให้ข้าแสดงให้ดู,,,READY_FOR_GENERATION,,triangle-strategy
1824,V_M_EGS_G_BTL_15310.wav,V_M_EGS_G_BTL_15310,27,27,27,28,Exharme,battle,male,exharme,assets/triangle-strategy/approved_voice_references/exharme.wav,คราวนี้ไม่,,,READY_FOR_GENERATION,,triangle-strategy
1825,V_M_EGS_G_BTL_15320.wav,V_M_EGS_G_BTL_15320,28,28,28,29,Exharme,battle,male,exharme,assets/triangle-strategy/approved_voice_references/exharme.wav,เจ้าคิดผิดแล้ว,,,READY_FOR_GENERATION,,triangle-strategy
1826,V_M_EGS_G_BTL_15400.wav,V_M_EGS_G_BTL_15400,29,29,29,30,Exharme,battle,male,exharme,assets/triangle-strategy/approved_voice_references/exharme.wav,ฮึบ!,,EVADE_GUARD,READY_FOR_GENERATION,,triangle-strategy
1827,V_M_EGS_G_BTL_15500.wav,V_M_EGS_G_BTL_15500,30,30,30,31,Exharme,battle,male,exharme,assets/triangle-strategy/approved_voice_references/exharme.wav,ฮ่า ฮ่า!,,,READY_FOR_GENERATION,,triangle-strategy
1828,V_M_EGS_G_BTL_15600.wav,V_M_EGS_G_BTL_15600,31,31,31,32,Exharme,battle,male,exharme,assets/triangle-strategy/approved_voice_references/exharme.wav,ขอบคุณมาก,,,READY_FOR_GENERATION,,triangle-strategy
1829,V_M_EGS_G_BTL_15700.wav,V_M_EGS_G_BTL_15700,32,32,32,33,Exharme,battle,male,exharme,assets/triangle-strategy/approved_voice_references/exharme.wav,บาดแผลของข้าทุเลาลงแล้ว,,,READY_FOR_GENERATION,,triangle-strategy
1830,V_M_EGS_G_BTL_15800.wav,V_M_EGS_G_BTL_15800,33,33,33,34,Exharme,battle,male,exharme,assets/triangle-strategy/approved_voice_references/exharme.wav,การต่อสู้ยังดำเนินต่อ,,,READY_FOR_GENERATION,,triangle-strategy
1831,V_M_EGS_G_BTL_15900.wav,V_M_EGS_G_BTL_15900,34,34,34,35,Exharme,battle,male,exharme,assets/triangle-strategy/approved_voice_references/exharme.wav,นี่ใช้ได้ดีเลย,,,READY_FOR_GENERATION,,triangle-strategy
1832,V_M_EGS_G_BTL_16000.wav,V_M_EGS_G_BTL_16000,35,35,35,36,Exharme,battle,male,exharme,assets/triangle-strategy/approved_voice_references/exharme.wav,ข้าจะไม่ปล่อยพรนี้เสียเปล่า,,,READY_FOR_GENERATION,,triangle-strategy
1833,V_M_EGS_G_BTL_16100.wav,V_M_EGS_G_BTL_16100,36,36,36,37,Exharme,battle,male,exharme,assets/triangle-strategy/approved_voice_references/exharme.wav,ต่อจากนี้ข้าจัดการเอง,,,READY_FOR_GENERATION,,triangle-strategy
1834,V_M_EGS_G_BTL_16200.wav,V_M_EGS_G_BTL_16200,37,37,37,38,Exharme,battle,male,exharme,assets/triangle-strategy/approved_voice_references/exharme.wav,ไม่ เป็นไปไม่ได้,,,READY_FOR_GENERATION,,triangle-strategy
1835,V_M_EGS_G_BTL_16300.wav,V_M_EGS_G_BTL_16300,38,38,38,39,Exharme,battle,male,exharme,assets/triangle-strategy/approved_voice_references/exharme.wav,เทพธิดาทอดทิ้งข้าหรือ?,,,READY_FOR_GENERATION,,triangle-strategy
1836,V_M_EGS_G_BTL_17410.wav,V_M_EGS_G_BTL_17410,39,39,39,40,Exharme,battle,male,exharme,assets/triangle-strategy/approved_voice_references/exharme.wav,จบกันตรงนี้,,,READY_FOR_GENERATION,,triangle-strategy
1837,V_M_EGS_G_BTL_17411.wav,V_M_EGS_G_BTL_17411,40,40,40,41,Exharme,battle,male,exharme,assets/triangle-strategy/approved_voice_references/exharme.wav,เตรียมใจตายซะ,,,READY_FOR_GENERATION,,triangle-strategy
1838,V_M_EGS_G_BTL_17420.wav,V_M_EGS_G_BTL_17420,41,41,41,42,Exharme,battle,male,exharme,assets/triangle-strategy/approved_voice_references/exharme.wav,เลือดของเจ้าจะย้อมดาบข้า,,,READY_FOR_GENERATION,,triangle-strategy
1839,V_M_EGS_G_BTL_17421.wav,V_M_EGS_G_BTL_17421,42,42,42,43,Exharme,battle,male,exharme,assets/triangle-strategy/approved_voice_references/exharme.wav,อ๊ากกก!,,,READY_FOR_GENERATION,,triangle-strategy
1840,V_M_EGS_G_BTL_17440.wav,V_M_EGS_G_BTL_17440,43,43,43,44,Exharme,battle,male,exharme,assets/triangle-strategy/approved_voice_references/exharme.wav,ดวงตาของข้ามองเห็นชัดเจน,,,READY_FOR_GENERATION,,triangle-strategy
1841,V_M_EGS_G_BTL_17441.wav,V_M_EGS_G_BTL_17441,44,44,44,45,Exharme,battle,male,exharme,assets/triangle-strategy/approved_voice_references/exharme.wav,ชัยชนะเป็นของข้า!,,,READY_FOR_GENERATION,,triangle-strategy
1842,V_M_EGS_G_BTL_17450.wav,V_M_EGS_G_BTL_17450,45,45,45,46,Exharme,battle,male,exharme,assets/triangle-strategy/approved_voice_references/exharme.wav,ศึกนี้เป็นของข้า!,,,READY_FOR_GENERATION,,triangle-strategy
1843,V_M_EGS_G_BTL_17460.wav,V_M_EGS_G_BTL_17460,46,46,46,47,Exharme,battle,male,exharme,assets/triangle-strategy/approved_voice_references/exharme.wav,คุกเข่าต่อหน้าข้า!,,,READY_FOR_GENERATION,,triangle-strategy
1844,V_M_EGS_G_BTL_17461.wav,V_M_EGS_G_BTL_17461,47,47,47,48,Exharme,battle,male,exharme,assets/triangle-strategy/approved_voice_references/exharme.wav,ทุกคนต้องยอมจำนนต่อข้า,,,READY_FOR_GENERATION,,triangle-strategy
1845,V_M_ELA_BTL_00400.wav,V_M_ELA_BTL_00400,0,0,0,1,Erador,battle,male,erador,assets/triangle-strategy/approved_voice_references/erador.wav,ข้ารอจังหวะนี้อยู่!,,,READY_FOR_GENERATION,,triangle-strategy
1846,V_M_ELA_BTL_00500.wav,V_M_ELA_BTL_00500,1,1,1,2,Erador,battle,male,erador,assets/triangle-strategy/approved_voice_references/erador.wav,เข้ามา!,,,READY_FOR_GENERATION,,triangle-strategy
1847,V_M_ELA_BTL_00600.wav,V_M_ELA_BTL_00600,2,2,2,3,Erador,battle,male,erador,assets/triangle-strategy/approved_voice_references/erador.wav,เจ้าเอาชนะข้าไม่ได้!,,,READY_FOR_GENERATION,,triangle-strategy
1848,V_M_ELA_BTL_00700.wav,V_M_ELA_BTL_00700,3,3,3,4,Erador,battle,male,erador,assets/triangle-strategy/approved_voice_references/erador.wav,ข้าจะรับมือเจ้าเอง!,,,READY_FOR_GENERATION,,triangle-strategy
1849,V_M_ELA_BTL_01700.wav,V_M_ELA_BTL_01700,4,4,4,5,Erador,battle,male,erador,assets/triangle-strategy/approved_voice_references/erador.wav,ก็แค่แผลถลอก,,,READY_FOR_GENERATION,,triangle-strategy
1850,V_M_ELA_BTL_01800.wav,V_M_ELA_BTL_01800,5,5,5,6,Erador,battle,male,erador,assets/triangle-strategy/approved_voice_references/erador.wav,มีดีแค่นี้รึ?,,,READY_FOR_GENERATION,,triangle-strategy
1851,V_M_ELA_BTL_01900.wav,V_M_ELA_BTL_01900,6,6,6,7,Erador,battle,male,erador,assets/triangle-strategy/approved_voice_references/erador.wav,ฮ่า! แค่คันนิดหน่อย!,,,READY_FOR_GENERATION,,triangle-strategy
1852,V_M_ELA_BTL_02000.wav,V_M_ELA_BTL_02000,7,7,7,8,Erador,battle,male,erador,assets/triangle-strategy/approved_voice_references/erador.wav,ข้าจะแสดงให้เห็นว่าข้าทำอะไรได้,,,READY_FOR_GENERATION,,triangle-strategy
1853,V_M_ELA_BTL_02700.wav,V_M_ELA_BTL_02700,8,8,8,9,Erador,battle,male,erador,assets/triangle-strategy/approved_voice_references/erador.wav,อั่ก...,,STATUS_REACTION,READY_FOR_GENERATION,,triangle-strategy
1854,V_M_ELA_BTL_02800.wav,V_M_ELA_BTL_02800,9,9,9,10,Erador,battle,male,erador,assets/triangle-strategy/approved_voice_references/erador.wav,สถานการณ์ไม่ค่อยดี,,,READY_FOR_GENERATION,,triangle-strategy
1855,V_M_ELA_BTL_02900.wav,V_M_ELA_BTL_02900,10,10,10,11,Erador,battle,male,erador,assets/triangle-strategy/approved_voice_references/erador.wav,ฮึ่ย!,,,READY_FOR_GENERATION,,triangle-strategy
1856,V_M_ELA_BTL_03000.wav,V_M_ELA_BTL_03000,11,11,11,12,Erador,battle,male,erador,assets/triangle-strategy/approved_voice_references/erador.wav,ไปให้พ้น!,,,READY_FOR_GENERATION,,triangle-strategy
1857,V_M_ELA_BTL_03100.wav,V_M_ELA_BTL_03100,12,12,12,13,Erador,battle,male,erador,assets/triangle-strategy/approved_voice_references/erador.wav,เข้ามา!,,,READY_FOR_GENERATION,,triangle-strategy
1858,V_M_ELA_BTL_03200.wav,V_M_ELA_BTL_03200,13,13,13,14,Erador,battle,male,erador,assets/triangle-strategy/approved_voice_references/erador.wav,ฮ้า!,,ATTACK_CRY,READY_FOR_GENERATION,,triangle-strategy
1859,V_M_ELA_BTL_03300.wav,V_M_ELA_BTL_03300,14,14,14,15,Erador,battle,male,erador,assets/triangle-strategy/approved_voice_references/erador.wav,ไชโย!,,,READY_FOR_GENERATION,,triangle-strategy
1860,V_M_ELA_BTL_03400.wav,V_M_ELA_BTL_03400,15,15,15,16,Erador,battle,male,erador,assets/triangle-strategy/approved_voice_references/erador.wav,อ๊ากก!,,,READY_FOR_GENERATION,,triangle-strategy
1861,V_M_ELA_BTL_03500.wav,V_M_ELA_BTL_03500,16,16,16,17,Erador,battle,male,erador,assets/triangle-strategy/approved_voice_references/erador.wav,เจ้าจบแล้ว!,,,READY_FOR_GENERATION,,triangle-strategy
1862,V_M_ELA_BTL_03600.wav,V_M_ELA_BTL_03600,17,17,17,18,Erador,battle,male,erador,assets/triangle-strategy/approved_voice_references/erador.wav,ได้เวลาตาย!,,,READY_FOR_GENERATION,,triangle-strategy
1863,V_M_ELA_BTL_08800.wav,V_M_ELA_BTL_08800,18,18,18,19,Erador,battle,male,erador,assets/triangle-strategy/approved_voice_references/erador.wav,รับไปอีกที!,,,READY_FOR_GENERATION,,triangle-strategy
1864,V_M_ELA_BTL_08900.wav,V_M_ELA_BTL_08900,19,19,19,20,Erador,battle,male,erador,assets/triangle-strategy/approved_voice_references/erador.wav,ตายสักที!,,,READY_FOR_GENERATION,,triangle-strategy
1865,V_M_ELA_BTL_09000.wav,V_M_ELA_BTL_09000,20,20,20,21,Erador,battle,male,erador,assets/triangle-strategy/approved_voice_references/erador.wav,เปิดช่องเต็ม ๆ!,,,READY_FOR_GENERATION,,triangle-strategy
1866,V_M_ELA_BTL_14200.wav,V_M_ELA_BTL_14200,21,21,21,22,Erador,battle,male,erador,assets/triangle-strategy/approved_voice_references/erador.wav,เจ็บใช่ไหมล่ะ?,,,READY_FOR_GENERATION,,triangle-strategy
1867,V_M_ELA_BTL_14300.wav,V_M_ELA_BTL_14300,22,22,22,23,Erador,battle,male,erador,assets/triangle-strategy/approved_voice_references/erador.wav,จับได้แล้ว!,,,READY_FOR_GENERATION,,triangle-strategy
1868,V_M_ELA_BTL_14400.wav,V_M_ELA_BTL_14400,23,23,23,24,Erador,battle,male,erador,assets/triangle-strategy/approved_voice_references/erador.wav,อะไรวะ?!,,,READY_FOR_GENERATION,,triangle-strategy
1869,V_M_ELA_BTL_14500.wav,V_M_ELA_BTL_14500,24,24,24,25,Erador,battle,male,erador,assets/triangle-strategy/approved_voice_references/erador.wav,ไม่มีแม้แต่รอยขีดข่วน,,,READY_FOR_GENERATION,,triangle-strategy
1870,V_M_ELA_BTL_14600.wav,V_M_ELA_BTL_14600,25,25,25,26,Erador,battle,male,erador,assets/triangle-strategy/approved_voice_references/erador.wav,อ๊าก!,,HURT_CRY,READY_FOR_GENERATION,,triangle-strategy
1871,V_M_ELA_BTL_14700.wav,V_M_ELA_BTL_14700,26,26,26,27,Erador,battle,male,erador,assets/triangle-strategy/approved_voice_references/erador.wav,อ๊ากก!,,,READY_FOR_GENERATION,,triangle-strategy
1872,V_M_ELA_BTL_14800.wav,V_M_ELA_BTL_14800,27,27,27,28,Erador,battle,male,erador,assets/triangle-strategy/approved_voice_references/erador.wav,เข้ามา!,,,READY_FOR_GENERATION,,triangle-strategy
1873,V_M_ELA_BTL_14900.wav,V_M_ELA_BTL_14900,28,28,28,29,Erador,battle,male,erador,assets/triangle-strategy/approved_voice_references/erador.wav,อึก!,,HURT_CRY,READY_FOR_GENERATION,,triangle-strategy
1874,V_M_ELA_BTL_15000.wav,V_M_ELA_BTL_15000,29,29,29,30,Erador,battle,male,erador,assets/triangle-strategy/approved_voice_references/erador.wav,อ๊าก!,,HURT_CRY,READY_FOR_GENERATION,,triangle-strategy
1875,V_M_ELA_BTL_15100.wav,V_M_ELA_BTL_15100,30,30,30,31,Erador,battle,male,erador,assets/triangle-strategy/approved_voice_references/erador.wav,เป็นไปไม่ได้!,,,READY_FOR_GENERATION,,triangle-strategy
1876,V_M_ELA_BTL_15200.wav,V_M_ELA_BTL_15200,31,31,31,32,Erador,battle,male,erador,assets/triangle-strategy/approved_voice_references/erador.wav,ข้าด้วย!,,,READY_FOR_GENERATION,,triangle-strategy
1877,V_M_ELA_BTL_15300.wav,V_M_ELA_BTL_15300,32,32,32,33,Erador,battle,male,erador,assets/triangle-strategy/approved_voice_references/erador.wav,เจ้าทำให้ข้าเอาจริงแล้ว!,,,READY_FOR_GENERATION,,triangle-strategy
1878,V_M_ELA_BTL_15310.wav,V_M_ELA_BTL_15310,33,33,33,34,Erador,battle,male,erador,assets/triangle-strategy/approved_voice_references/erador.wav,ฮ่า! ยังไม่พอ,,,READY_FOR_GENERATION,,triangle-strategy
1879,V_M_ELA_BTL_15320.wav,V_M_ELA_BTL_15320,34,34,34,35,Erador,battle,male,erador,assets/triangle-strategy/approved_voice_references/erador.wav,คิดว่าจัดการข้าได้แล้วหรือ?,,,READY_FOR_GENERATION,,triangle-strategy
1880,V_M_ELA_BTL_15400.wav,V_M_ELA_BTL_15400,35,35,35,36,Erador,battle,male,erador,assets/triangle-strategy/approved_voice_references/erador.wav,เกือบดี!,,,READY_FOR_GENERATION,,triangle-strategy
1881,V_M_ELA_BTL_15500.wav,V_M_ELA_BTL_15500,36,36,36,37,Erador,battle,male,erador,assets/triangle-strategy/approved_voice_references/erador.wav,ข้าไม่ได้ช้าขนาดนั้น!,,,READY_FOR_GENERATION,,triangle-strategy
1882,V_M_ELA_BTL_15600.wav,V_M_ELA_BTL_15600,37,37,37,38,Erador,battle,male,erador,assets/triangle-strategy/approved_voice_references/erador.wav,ข้าติดหนี้เจ้า,,,READY_FOR_GENERATION,,triangle-strategy
1883,V_M_ELA_BTL_15700.wav,V_M_ELA_BTL_15700,38,38,38,39,Erador,battle,male,erador,assets/triangle-strategy/approved_voice_references/erador.wav,ขอบคุณ,,,READY_FOR_GENERATION,,triangle-strategy
1884,V_M_ELA_BTL_15800.wav,V_M_ELA_BTL_15800,39,39,39,40,Erador,battle,male,erador,assets/triangle-strategy/approved_voice_references/erador.wav,นี่แหละของดี!,,,READY_FOR_GENERATION,,triangle-strategy
1885,V_M_ELA_BTL_15900.wav,V_M_ELA_BTL_15900,40,40,40,41,Erador,battle,male,erador,assets/triangle-strategy/approved_voice_references/erador.wav,เท่านี้ก็พอ!,,,READY_FOR_GENERATION,,triangle-strategy
1886,V_M_ELA_BTL_16000.wav,V_M_ELA_BTL_16000,41,41,41,42,Erador,battle,male,erador,assets/triangle-strategy/approved_voice_references/erador.wav,เออ ข้ายังไปต่อได้,,,READY_FOR_GENERATION,,triangle-strategy
1887,V_M_ELA_BTL_16100.wav,V_M_ELA_BTL_16100,42,42,42,43,Erador,battle,male,erador,assets/triangle-strategy/approved_voice_references/erador.wav,เราจะจัดการมันได้,,,READY_FOR_GENERATION,,triangle-strategy
1888,V_M_ELA_BTL_16200.wav,V_M_ELA_BTL_16200,43,43,43,44,Erador,battle,male,erador,assets/triangle-strategy/approved_voice_references/erador.wav,นึกว่าจัดการมันได้แล้ว,,,READY_FOR_GENERATION,,triangle-strategy
1889,V_M_ELA_BTL_16300.wav,V_M_ELA_BTL_16300,44,44,44,45,Erador,battle,male,erador,assets/triangle-strategy/approved_voice_references/erador.wav,นายท่าน,,,READY_FOR_GENERATION,,triangle-strategy
1890,V_M_ELA_BTL_16400.wav,V_M_ELA_BTL_16400,45,45,45,46,Erador,battle,male,erador,assets/triangle-strategy/approved_voice_references/erador.wav,เนี๊ยวว!,,,READY_FOR_GENERATION,,triangle-strategy
1891,V_M_ELA_BTL_16500.wav,V_M_ELA_BTL_16500,46,46,46,47,Erador,battle,male,erador,assets/triangle-strategy/approved_voice_references/erador.wav,รับไป!,,,READY_FOR_GENERATION,,triangle-strategy
1892,V_M_ELA_BTL_16600.wav,V_M_ELA_BTL_16600,47,47,47,48,Erador,battle,male,erador,assets/triangle-strategy/approved_voice_references/erador.wav,ตอนนี้หรือไม่มีอีกแล้ว!,,,READY_FOR_GENERATION,,triangle-strategy
1893,V_M_ELA_BTL_17410.wav,V_M_ELA_BTL_17410,48,48,48,49,Erador,battle,male,erador,assets/triangle-strategy/approved_voice_references/erador.wav,หลีกไป!,,,READY_FOR_GENERATION,,triangle-strategy
1894,V_M_ELA_BTL_17411.wav,V_M_ELA_BTL_17411,49,49,49,50,Erador,battle,male,erador,assets/triangle-strategy/approved_voice_references/erador.wav,ถอยไป!,,,READY_FOR_GENERATION,,triangle-strategy
1895,V_M_ELA_BTL_17412.wav,V_M_ELA_BTL_17412,50,50,50,51,Erador,battle,male,erador,assets/triangle-strategy/approved_voice_references/erador.wav,เกะกะ!,,,READY_FOR_GENERATION,,triangle-strategy
1896,V_M_ELA_BTL_17413.wav,V_M_ELA_BTL_17413,51,51,51,52,Erador,battle,male,erador,assets/triangle-strategy/approved_voice_references/erador.wav,ไม่เป็นไรใช่ไหม?,,,READY_FOR_GENERATION,,triangle-strategy
1897,V_M_ELA_BTL_17414.wav,V_M_ELA_BTL_17414,52,52,52,53,Erador,battle,male,erador,assets/triangle-strategy/approved_voice_references/erador.wav,แค่นี้ไม่เท่าไร,,,READY_FOR_GENERATION,,triangle-strategy
1898,V_M_ELA_BTL_17415.wav,V_M_ELA_BTL_17415,53,53,53,54,Erador,battle,male,erador,assets/triangle-strategy/approved_voice_references/erador.wav,ตระกูลวูลฟอร์ตจะไม่แพ้,,,READY_FOR_GENERATION,,triangle-strategy
1899,V_M_ELA_BTL_17416.wav,V_M_ELA_BTL_17416,54,54,54,55,Erador,battle,male,erador,assets/triangle-strategy/approved_voice_references/erador.wav,แผลแค่นี้ไม่เท่าไร,,,READY_FOR_GENERATION,,triangle-strategy
1900,V_M_ELA_BTL_17417.wav,V_M_ELA_BTL_17417,55,55,55,56,Erador,battle,male,erador,assets/triangle-strategy/approved_voice_references/erador.wav,ลุยต่อไป!,,,READY_FOR_GENERATION,,triangle-strategy
1901,V_M_ELA_BTL_17418.wav,V_M_ELA_BTL_17418,56,56,56,57,Erador,battle,male,erador,assets/triangle-strategy/approved_voice_references/erador.wav,ไม่เป็นอะไร,,,READY_FOR_GENERATION,,triangle-strategy
1902,V_M_ELA_BTL_17419.wav,V_M_ELA_BTL_17419,57,57,57,58,Erador,battle,male,erador,assets/triangle-strategy/approved_voice_references/erador.wav,มองที่โล่ของข้า!,,,READY_FOR_GENERATION,,triangle-strategy
1903,V_M_ELA_BTL_17420.wav,V_M_ELA_BTL_17420,58,58,58,59,Erador,battle,male,erador,assets/triangle-strategy/approved_voice_references/erador.wav,กรร!,,,READY_FOR_GENERATION,,triangle-strategy
1904,V_M_ELA_BTL_17421.wav,V_M_ELA_BTL_17421,59,59,59,60,Erador,battle,male,erador,assets/triangle-strategy/approved_voice_references/erador.wav,มาวัดกำลังกัน!,,,READY_FOR_GENERATION,,triangle-strategy
1905,V_M_ELA_BTL_17440.wav,V_M_ELA_BTL_17440,60,60,60,61,Erador,battle,male,erador,assets/triangle-strategy/approved_voice_references/erador.wav,แสดงให้ข้าเห็นว่าเจ้ามีดีอะไร,,,READY_FOR_GENERATION,,triangle-strategy
1906,V_M_ELA_BTL_17441.wav,V_M_ELA_BTL_17441,61,61,61,62,Erador,battle,male,erador,assets/triangle-strategy/approved_voice_references/erador.wav,สู่ชัยชนะ!,,,READY_FOR_GENERATION,,triangle-strategy
1907,V_M_ELA_BTL_17450.wav,V_M_ELA_BTL_17450,62,62,62,63,Erador,battle,male,erador,assets/triangle-strategy/approved_voice_references/erador.wav,ข้าจะทุ่มสุดกำลัง!,,,READY_FOR_GENERATION,,triangle-strategy
1908,V_M_ELA_BTL_17451.wav,V_M_ELA_BTL_17451,63,63,63,64,Erador,battle,male,erador,assets/triangle-strategy/approved_voice_references/erador.wav,ศึกนี้เป็นของข้า!,,,READY_FOR_GENERATION,,triangle-strategy
1909,V_M_ELA_BTL_17460.wav,V_M_ELA_BTL_17460,64,64,64,65,Erador,battle,male,erador,assets/triangle-strategy/approved_voice_references/erador.wav,ข้าจะเป็นโล่ให้เจ้า!,,,READY_FOR_GENERATION,,triangle-strategy
1910,V_M_ELA_BTL_17461.wav,V_M_ELA_BTL_17461,65,65,65,66,Erador,battle,male,erador,assets/triangle-strategy/approved_voice_references/erador.wav,ข้าจะล่อมันเอง!,,,READY_FOR_GENERATION,,triangle-strategy
1911,V_M_ELA_BTL_17480.wav,V_M_ELA_BTL_17480,66,66,66,67,Erador,battle,male,erador,assets/triangle-strategy/approved_voice_references/erador.wav,ถ้าจะผ่าน ต้องผ่านข้าไปก่อน!,,,READY_FOR_GENERATION,,triangle-strategy
1912,V_M_ELA_BTL_17490.wav,V_M_ELA_BTL_17490,67,67,67,68,Erador,battle,male,erador,assets/triangle-strategy/approved_voice_references/erador.wav,ข้าจะคุ้มกันให้!,,,READY_FOR_GENERATION,,triangle-strategy
1913,V_M_ELA_BTL_17491.wav,V_M_ELA_BTL_17491,68,68,68,69,Erador,battle,male,erador,assets/triangle-strategy/approved_voice_references/erador.wav,เข้ามาหาข้าสิ!,,,READY_FOR_GENERATION,,triangle-strategy
1914,V_M_ELA_BTL_17500.wav,V_M_ELA_BTL_17500,69,69,69,70,Erador,battle,male,erador,assets/triangle-strategy/approved_voice_references/erador.wav,ข้ามีลูกเล่นซ่อนอยู่,,,READY_FOR_GENERATION,,triangle-strategy
1915,V_M_ELA_BTL_17600.wav,V_M_ELA_BTL_17600,70,70,70,71,Erador,battle,male,erador,assets/triangle-strategy/approved_voice_references/erador.wav,แบบนี้ต้องฉลองด้วยเหล้า,,,READY_FOR_GENERATION,,triangle-strategy
1916,V_M_ELA_BTL_17700.wav,V_M_ELA_BTL_17700,71,71,71,72,Erador,battle,male,erador,assets/triangle-strategy/approved_voice_references/erador.wav,ข้ารักสนามรบ!,,,READY_FOR_GENERATION,,triangle-strategy
1917,V_M_ELA_BTL_17800.wav,V_M_ELA_BTL_17800,72,72,72,73,Erador,battle,male,erador,assets/triangle-strategy/approved_voice_references/erador.wav,ดูข้าเรียนรู้สิ,,,READY_FOR_GENERATION,,triangle-strategy
1918,V_M_ELA_BTL_17900.wav,V_M_ELA_BTL_17900,73,73,73,74,Erador,battle,male,erador,assets/triangle-strategy/approved_voice_references/erador.wav,ยินดีที่ได้เข้าสู่สนามรบ,,,READY_FOR_GENERATION,,triangle-strategy
1919,V_M_ELA_BTL_18000.wav,V_M_ELA_BTL_18000,74,74,74,75,Erador,battle,male,erador,assets/triangle-strategy/approved_voice_references/erador.wav,พร้อมเสมอ,,,READY_FOR_GENERATION,,triangle-strategy
1920,V_M_ELA_BTL_18200.wav,V_M_ELA_BTL_18200,75,75,75,76,Erador,battle,male,erador,assets/triangle-strategy/approved_voice_references/erador.wav,ฝึกฝนทำให้สมบูรณ์แบบ,,,READY_FOR_GENERATION,,triangle-strategy
1921,V_M_ELA_BTL_18300.wav,V_M_ELA_BTL_18300,76,76,76,77,Erador,battle,male,erador,assets/triangle-strategy/approved_voice_references/erador.wav,ฮ่า ฮ่า! ข้าไม่มีวันแพ้หรอก,,,READY_FOR_GENERATION,,triangle-strategy
1922,V_M_FLA_BTL_00400.wav,V_M_FLA_BTL_00400,0,0,0,1,แฟลนาแกน,battle,male,flanagan,assets/triangle-strategy/approved_voice_references/flanagan.wav,ข้าพร้อมแล้ว,,,READY_FOR_GENERATION,,triangle-strategy
1923,V_M_FLA_BTL_00500.wav,V_M_FLA_BTL_00500,1,1,1,2,แฟลนาแกน,battle,male,flanagan,assets/triangle-strategy/approved_voice_references/flanagan.wav,ต้องการความช่วยเหลือไหม?,,,READY_FOR_GENERATION,,triangle-strategy
1924,V_M_FLA_BTL_00600.wav,V_M_FLA_BTL_00600,2,2,2,3,แฟลนาแกน,battle,male,flanagan,assets/triangle-strategy/approved_voice_references/flanagan.wav,ตามคำสั่ง,,,READY_FOR_GENERATION,,triangle-strategy
1925,V_M_FLA_BTL_00700.wav,V_M_FLA_BTL_00700,3,3,3,4,แฟลนาแกน,battle,male,flanagan,assets/triangle-strategy/approved_voice_references/flanagan.wav,เวลาของข้ามาถึงแล้ว,,,READY_FOR_GENERATION,,triangle-strategy
1926,V_M_FLA_BTL_01700.wav,V_M_FLA_BTL_01700,4,4,4,5,แฟลนาแกน,battle,male,flanagan,assets/triangle-strategy/approved_voice_references/flanagan.wav,ข้ายังยืนอยู่,,,READY_FOR_GENERATION,,triangle-strategy
1927,V_M_FLA_BTL_01800.wav,V_M_FLA_BTL_01800,5,5,5,6,แฟลนาแกน,battle,male,flanagan,assets/triangle-strategy/approved_voice_references/flanagan.wav,น่าสมเพช,,,READY_FOR_GENERATION,,triangle-strategy
1928,V_M_FLA_BTL_01900.wav,V_M_FLA_BTL_01900,6,6,6,7,แฟลนาแกน,battle,male,flanagan,assets/triangle-strategy/approved_voice_references/flanagan.wav,ใครต้องการโล่ของข้า?,,,READY_FOR_GENERATION,,triangle-strategy
1929,V_M_FLA_BTL_02000.wav,V_M_FLA_BTL_02000,7,7,7,8,แฟลนาแกน,battle,male,flanagan,assets/triangle-strategy/approved_voice_references/flanagan.wav,ข้าจะสู้ต่อ,,,READY_FOR_GENERATION,,triangle-strategy
1930,V_M_FLA_BTL_02700.wav,V_M_FLA_BTL_02700,8,8,8,9,แฟลนาแกน,battle,male,flanagan,assets/triangle-strategy/approved_voice_references/flanagan.wav,ท่าไม่ดีแล้ว,,,READY_FOR_GENERATION,,triangle-strategy
1931,V_M_FLA_BTL_02800.wav,V_M_FLA_BTL_02800,9,9,9,10,แฟลนาแกน,battle,male,flanagan,assets/triangle-strategy/approved_voice_references/flanagan.wav,เฮ้อ,,,READY_FOR_GENERATION,,triangle-strategy
1932,V_M_FLA_BTL_02900.wav,V_M_FLA_BTL_02900,10,10,10,11,แฟลนาแกน,battle,male,flanagan,assets/triangle-strategy/approved_voice_references/flanagan.wav,ฮ่า!,,ATTACK_CRY,READY_FOR_GENERATION,,triangle-strategy
1933,V_M_FLA_BTL_03000.wav,V_M_FLA_BTL_03000,11,11,11,12,แฟลนาแกน,battle,male,flanagan,assets/triangle-strategy/approved_voice_references/flanagan.wav,เนี๊ยว!,,,READY_FOR_GENERATION,,triangle-strategy
1934,V_M_FLA_BTL_03100.wav,V_M_FLA_BTL_03100,12,12,12,13,แฟลนาแกน,battle,male,flanagan,assets/triangle-strategy/approved_voice_references/flanagan.wav,ฮ้า!,,ATTACK_CRY,READY_FOR_GENERATION,,triangle-strategy
1935,V_M_FLA_BTL_03200.wav,V_M_FLA_BTL_03200,13,13,13,14,แฟลนาแกน,battle,male,flanagan,assets/triangle-strategy/approved_voice_references/flanagan.wav,หลีกไป!,,,READY_FOR_GENERATION,,triangle-strategy
1936,V_M_FLA_BTL_03300.wav,V_M_FLA_BTL_03300,14,14,14,15,แฟลนาแกน,battle,male,flanagan,assets/triangle-strategy/approved_voice_references/flanagan.wav,ออกไปจากทาง!,,,READY_FOR_GENERATION,,triangle-strategy
1937,V_M_FLA_BTL_03400.wav,V_M_FLA_BTL_03400,15,15,15,16,แฟลนาแกน,battle,male,flanagan,assets/triangle-strategy/approved_voice_references/flanagan.wav,ยอมแพ้ซะ!,,,READY_FOR_GENERATION,,triangle-strategy
1938,V_M_FLA_BTL_03500.wav,V_M_FLA_BTL_03500,16,16,16,17,แฟลนาแกน,battle,male,flanagan,assets/triangle-strategy/approved_voice_references/flanagan.wav,เจ้าจะล้มลงตรงนี้!,,,READY_FOR_GENERATION,,triangle-strategy
1939,V_M_FLA_BTL_03600.wav,V_M_FLA_BTL_03600,17,17,17,18,แฟลนาแกน,battle,male,flanagan,assets/triangle-strategy/approved_voice_references/flanagan.wav,จับเจ้าได้แล้ว!,,,READY_FOR_GENERATION,,triangle-strategy
1940,V_M_FLA_BTL_08800.wav,V_M_FLA_BTL_08800,18,18,18,19,แฟลนาแกน,battle,male,flanagan,assets/triangle-strategy/approved_voice_references/flanagan.wav,รับทราบ!,,,READY_FOR_GENERATION,,triangle-strategy
1941,V_M_FLA_BTL_08900.wav,V_M_FLA_BTL_08900,19,19,19,20,แฟลนาแกน,battle,male,flanagan,assets/triangle-strategy/approved_voice_references/flanagan.wav,ชิมโล่ข้าดู!,,,READY_FOR_GENERATION,,triangle-strategy
1942,V_M_FLA_BTL_09000.wav,V_M_FLA_BTL_09000,20,20,20,21,แฟลนาแกน,battle,male,flanagan,assets/triangle-strategy/approved_voice_references/flanagan.wav,ข้าอยู่ด้านหลังเจ้า!,,,READY_FOR_GENERATION,,triangle-strategy
1943,V_M_FLA_BTL_14200.wav,V_M_FLA_BTL_14200,21,21,21,22,แฟลนาแกน,battle,male,flanagan,assets/triangle-strategy/approved_voice_references/flanagan.wav,เจ็บใช่ไหม?,,,READY_FOR_GENERATION,,triangle-strategy
1944,V_M_FLA_BTL_14300.wav,V_M_FLA_BTL_14300,22,22,22,23,แฟลนาแกน,battle,male,flanagan,assets/triangle-strategy/approved_voice_references/flanagan.wav,ไปได้สวย,,,READY_FOR_GENERATION,,triangle-strategy
1945,V_M_FLA_BTL_14400.wav,V_M_FLA_BTL_14400,23,23,23,24,แฟลนาแกน,battle,male,flanagan,assets/triangle-strategy/approved_voice_references/flanagan.wav,บ้าเอ๊ย!,,,READY_FOR_GENERATION,,triangle-strategy
1946,V_M_FLA_BTL_14500.wav,V_M_FLA_BTL_14500,24,24,24,25,แฟลนาแกน,battle,male,flanagan,assets/triangle-strategy/approved_voice_references/flanagan.wav,ได้ยังไง?,,,READY_FOR_GENERATION,,triangle-strategy
1947,V_M_FLA_BTL_14600.wav,V_M_FLA_BTL_14600,25,25,25,26,แฟลนาแกน,battle,male,flanagan,assets/triangle-strategy/approved_voice_references/flanagan.wav,อึก!,,HURT_CRY,READY_FOR_GENERATION,,triangle-strategy
1948,V_M_FLA_BTL_14700.wav,V_M_FLA_BTL_14700,26,26,26,27,แฟลนาแกน,battle,male,flanagan,assets/triangle-strategy/approved_voice_references/flanagan.wav,โอ๊ย!,,HURT_CRY,READY_FOR_GENERATION,,triangle-strategy
1949,V_M_FLA_BTL_14800.wav,V_M_FLA_BTL_14800,27,27,27,28,แฟลนาแกน,battle,male,flanagan,assets/triangle-strategy/approved_voice_references/flanagan.wav,อั่ก!,,,READY_FOR_GENERATION,,triangle-strategy
1950,V_M_FLA_BTL_14900.wav,V_M_FLA_BTL_14900,28,28,28,29,แฟลนาแกน,battle,male,flanagan,assets/triangle-strategy/approved_voice_references/flanagan.wav,อึ่ก!,,HURT_CRY,READY_FOR_GENERATION,,triangle-strategy
1951,V_M_FLA_BTL_15000.wav,V_M_FLA_BTL_15000,29,29,29,30,แฟลนาแกน,battle,male,flanagan,assets/triangle-strategy/approved_voice_references/flanagan.wav,โอ๊ย!,,HURT_CRY,READY_FOR_GENERATION,,triangle-strategy
1952,V_M_FLA_BTL_15100.wav,V_M_FLA_BTL_15100,30,30,30,31,แฟลนาแกน,battle,male,flanagan,assets/triangle-strategy/approved_voice_references/flanagan.wav,พระเจ้า...,,,READY_FOR_GENERATION,,triangle-strategy
1953,V_M_FLA_BTL_15200.wav,V_M_FLA_BTL_15200,31,31,31,32,แฟลนาแกน,battle,male,flanagan,assets/triangle-strategy/approved_voice_references/flanagan.wav,การป้องกันของเจ้าหละหลวม,,,READY_FOR_GENERATION,,triangle-strategy
1954,V_M_FLA_BTL_15300.wav,V_M_FLA_BTL_15300,32,32,32,33,แฟลนาแกน,battle,male,flanagan,assets/triangle-strategy/approved_voice_references/flanagan.wav,ข้าจะตอบแทนอย่างสาสม,,,READY_FOR_GENERATION,,triangle-strategy
1955,V_M_FLA_BTL_15310.wav,V_M_FLA_BTL_15310,33,33,33,34,แฟลนาแกน,battle,male,flanagan,assets/triangle-strategy/approved_voice_references/flanagan.wav,ยังไม่จบแค่นี้!,,,READY_FOR_GENERATION,,triangle-strategy
1956,V_M_FLA_BTL_15320.wav,V_M_FLA_BTL_15320,34,34,34,35,แฟลนาแกน,battle,male,flanagan,assets/triangle-strategy/approved_voice_references/flanagan.wav,เจ้าประมาทแล้ว!,,,READY_FOR_GENERATION,,triangle-strategy
1957,V_M_FLA_BTL_15400.wav,V_M_FLA_BTL_15400,35,35,35,36,แฟลนาแกน,battle,male,flanagan,assets/triangle-strategy/approved_voice_references/flanagan.wav,ฮึบ!,,EVADE_GUARD,READY_FOR_GENERATION,,triangle-strategy
1958,V_M_FLA_BTL_15500.wav,V_M_FLA_BTL_15500,36,36,36,37,แฟลนาแกน,battle,male,flanagan,assets/triangle-strategy/approved_voice_references/flanagan.wav,ฮึบ!,,EVADE_GUARD,READY_FOR_GENERATION,,triangle-strategy
1959,V_M_FLA_BTL_15600.wav,V_M_FLA_BTL_15600,37,37,37,38,แฟลนาแกน,battle,male,flanagan,assets/triangle-strategy/approved_voice_references/flanagan.wav,นี่ช่วยได้มาก,,,READY_FOR_GENERATION,,triangle-strategy
1960,V_M_FLA_BTL_15700.wav,V_M_FLA_BTL_15700,38,38,38,39,แฟลนาแกน,battle,male,flanagan,assets/triangle-strategy/approved_voice_references/flanagan.wav,ทำได้ดี,,,READY_FOR_GENERATION,,triangle-strategy
1961,V_M_FLA_BTL_15800.wav,V_M_FLA_BTL_15800,39,39,39,40,แฟลนาแกน,battle,male,flanagan,assets/triangle-strategy/approved_voice_references/flanagan.wav,บาดแผลของข้าหายแล้ว,,,READY_FOR_GENERATION,,triangle-strategy
1962,V_M_FLA_BTL_15900.wav,V_M_FLA_BTL_15900,40,40,40,41,แฟลนาแกน,battle,male,flanagan,assets/triangle-strategy/approved_voice_references/flanagan.wav,พลังเอ่อล้นอยู่ในตัวข้า,,,READY_FOR_GENERATION,,triangle-strategy
1963,V_M_FLA_BTL_16000.wav,V_M_FLA_BTL_16000,41,41,41,42,แฟลนาแกน,battle,male,flanagan,assets/triangle-strategy/approved_voice_references/flanagan.wav,ใช่ แบบนี้แหละ,,,READY_FOR_GENERATION,,triangle-strategy
1964,V_M_FLA_BTL_16100.wav,V_M_FLA_BTL_16100,42,42,42,43,แฟลนาแกน,battle,male,flanagan,assets/triangle-strategy/approved_voice_references/flanagan.wav,ที่เหลือฝากข้าเอง,,,READY_FOR_GENERATION,,triangle-strategy
1965,V_M_FLA_BTL_16200.wav,V_M_FLA_BTL_16200,43,43,43,44,แฟลนาแกน,battle,male,flanagan,assets/triangle-strategy/approved_voice_references/flanagan.wav,โล่ของข้าแตกแล้ว,,,READY_FOR_GENERATION,,triangle-strategy
1966,V_M_FLA_BTL_16300.wav,V_M_FLA_BTL_16300,44,44,44,45,แฟลนาแกน,battle,male,flanagan,assets/triangle-strategy/approved_voice_references/flanagan.wav,ข้า...ยอมรับความพ่ายแพ้,,,READY_FOR_GENERATION,,triangle-strategy
1967,V_M_FLA_BTL_16400.wav,V_M_FLA_BTL_16400,45,45,45,46,แฟลนาแกน,battle,male,flanagan,assets/triangle-strategy/approved_voice_references/flanagan.wav,จับเจ้าได้แล้ว,,,READY_FOR_GENERATION,,triangle-strategy
1968,V_M_FLA_BTL_16500.wav,V_M_FLA_BTL_16500,46,46,46,47,แฟลนาแกน,battle,male,flanagan,assets/triangle-strategy/approved_voice_references/flanagan.wav,รับนี่ไป,,,READY_FOR_GENERATION,,triangle-strategy
1969,V_M_FLA_BTL_16600.wav,V_M_FLA_BTL_16600,47,47,47,48,แฟลนาแกน,battle,male,flanagan,assets/triangle-strategy/approved_voice_references/flanagan.wav,สิ่งนี้ใช้ได้,,,READY_FOR_GENERATION,,triangle-strategy
1970,V_M_FLA_BTL_17410.wav,V_M_FLA_BTL_17410,48,48,48,49,แฟลนาแกน,battle,male,flanagan,assets/triangle-strategy/approved_voice_references/flanagan.wav,เตรียมดาบ!,,,READY_FOR_GENERATION,,triangle-strategy
1971,V_M_FLA_BTL_17411.wav,V_M_FLA_BTL_17411,49,49,49,50,แฟลนาแกน,battle,male,flanagan,assets/triangle-strategy/approved_voice_references/flanagan.wav,ย่า!,,ATTACK_CRY,READY_FOR_GENERATION,,triangle-strategy
1972,V_M_FLA_BTL_17412.wav,V_M_FLA_BTL_17412,50,50,50,51,แฟลนาแกน,battle,male,flanagan,assets/triangle-strategy/approved_voice_references/flanagan.wav,วันนี้ไม่ใช่วันของเจ้า!,,,READY_FOR_GENERATION,,triangle-strategy
1973,V_M_FLA_BTL_17413.wav,V_M_FLA_BTL_17413,51,51,51,52,แฟลนาแกน,battle,male,flanagan,assets/triangle-strategy/approved_voice_references/flanagan.wav,ฮ่า!,,ATTACK_CRY,READY_FOR_GENERATION,,triangle-strategy
1974,V_M_FLA_BTL_17414.wav,V_M_FLA_BTL_17414,52,52,52,53,แฟลนาแกน,battle,male,flanagan,assets/triangle-strategy/approved_voice_references/flanagan.wav,กล้าก็ลองดู!,,,READY_FOR_GENERATION,,triangle-strategy
1975,V_M_FLA_BTL_17415.wav,V_M_FLA_BTL_17415,53,53,53,54,แฟลนาแกน,battle,male,flanagan,assets/triangle-strategy/approved_voice_references/flanagan.wav,เสริมการป้องกัน!,,,READY_FOR_GENERATION,,triangle-strategy
1976,V_M_FLA_BTL_17416.wav,V_M_FLA_BTL_17416,54,54,54,55,แฟลนาแกน,battle,male,flanagan,assets/triangle-strategy/approved_voice_references/flanagan.wav,ข้าจะปกป้องเจ้า!,,,READY_FOR_GENERATION,,triangle-strategy
1977,V_M_FLA_BTL_17417.wav,V_M_FLA_BTL_17417,55,55,55,56,แฟลนาแกน,battle,male,flanagan,assets/triangle-strategy/approved_voice_references/flanagan.wav,ข้ายอมไม่ได้!,,,READY_FOR_GENERATION,,triangle-strategy
1978,V_M_FLA_BTL_17418.wav,V_M_FLA_BTL_17418,56,56,56,57,แฟลนาแกน,battle,male,flanagan,assets/triangle-strategy/approved_voice_references/flanagan.wav,ข้าต้องทำอะไรสักอย่าง!,,,READY_FOR_GENERATION,,triangle-strategy
1979,V_M_FLA_BTL_17420.wav,V_M_FLA_BTL_17420,57,57,57,58,แฟลนาแกน,battle,male,flanagan,assets/triangle-strategy/approved_voice_references/flanagan.wav,ทางนี้!,,,READY_FOR_GENERATION,,triangle-strategy
1980,V_M_FLA_BTL_17421.wav,V_M_FLA_BTL_17421,58,58,58,59,แฟลนาแกน,battle,male,flanagan,assets/triangle-strategy/approved_voice_references/flanagan.wav,หลีกไป!,,,READY_FOR_GENERATION,,triangle-strategy
1981,V_M_FLA_BTL_17422.wav,V_M_FLA_BTL_17422,59,59,59,60,แฟลนาแกน,battle,male,flanagan,assets/triangle-strategy/approved_voice_references/flanagan.wav,กล้าทดสอบโล่ของข้าหรือ!,,,READY_FOR_GENERATION,,triangle-strategy
1982,V_M_FLA_BTL_17450.wav,V_M_FLA_BTL_17450,60,60,60,61,แฟลนาแกน,battle,male,flanagan,assets/triangle-strategy/approved_voice_references/flanagan.wav,แค่นี้ยังไม่พอ!,,,READY_FOR_GENERATION,,triangle-strategy
1983,V_M_FLA_BTL_17451.wav,V_M_FLA_BTL_17451,61,61,61,62,แฟลนาแกน,battle,male,flanagan,assets/triangle-strategy/approved_voice_references/flanagan.wav,ข้าจะปกป้องทุกคน!,,,READY_FOR_GENERATION,,triangle-strategy
1984,V_M_FLA_BTL_17470.wav,V_M_FLA_BTL_17470,62,62,62,63,แฟลนาแกน,battle,male,flanagan,assets/triangle-strategy/approved_voice_references/flanagan.wav,ข้าคือโล่ของเจ้า,,,READY_FOR_GENERATION,,triangle-strategy
1985,V_M_FLA_BTL_17471.wav,V_M_FLA_BTL_17471,63,63,63,64,แฟลนาแกน,battle,male,flanagan,assets/triangle-strategy/approved_voice_references/flanagan.wav,ข้าจะพาเจ้าไปเอง!,,,READY_FOR_GENERATION,,triangle-strategy
1986,V_M_FLA_BTL_17480.wav,V_M_FLA_BTL_17480,64,64,64,65,แฟลนาแกน,battle,male,flanagan,assets/triangle-strategy/approved_voice_references/flanagan.wav,ไม่มีใครผ่านไปได้!,,,READY_FOR_GENERATION,,triangle-strategy
1987,V_M_FLA_BTL_17500.wav,V_M_FLA_BTL_17500,65,65,65,66,แฟลนาแกน,battle,male,flanagan,assets/triangle-strategy/approved_voice_references/flanagan.wav,ข้าจะขึ้นไปให้สูงกว่านี้!,,,READY_FOR_GENERATION,,triangle-strategy
1988,V_M_FLA_BTL_17600.wav,V_M_FLA_BTL_17600,66,66,66,67,แฟลนาแกน,battle,male,flanagan,assets/triangle-strategy/approved_voice_references/flanagan.wav,ข้าเชี่ยวชาญสิ่งใหม่แล้ว,,,READY_FOR_GENERATION,,triangle-strategy
1989,V_M_FLA_BTL_17700.wav,V_M_FLA_BTL_17700,67,67,67,68,แฟลนาแกน,battle,male,flanagan,assets/triangle-strategy/approved_voice_references/flanagan.wav,ผลงานของข้าออกผล,,,READY_FOR_GENERATION,,triangle-strategy
1990,V_M_FLA_BTL_17800.wav,V_M_FLA_BTL_17800,68,68,68,69,แฟลนาแกน,battle,male,flanagan,assets/triangle-strategy/approved_voice_references/flanagan.wav,โปรดมอบพลังให้ข้า,,,READY_FOR_GENERATION,,triangle-strategy
1991,V_M_FLA_BTL_17900.wav,V_M_FLA_BTL_17900,69,69,69,70,แฟลนาแกน,battle,male,flanagan,assets/triangle-strategy/approved_voice_references/flanagan.wav,ทันที!,,,READY_FOR_GENERATION,,triangle-strategy
1992,V_M_FLA_BTL_18000.wav,V_M_FLA_BTL_18000,70,70,70,71,แฟลนาแกน,battle,male,flanagan,assets/triangle-strategy/approved_voice_references/flanagan.wav,โล่ของข้าไร้เทียมทาน!,,,READY_FOR_GENERATION,,triangle-strategy
1993,V_M_FLA_BTL_18200.wav,V_M_FLA_BTL_18200,71,71,71,72,แฟลนาแกน,battle,male,flanagan,assets/triangle-strategy/approved_voice_references/flanagan.wav,ดูเหมือนข้ายังมีเหตุให้สู้ต่อ!,,,READY_FOR_GENERATION,,triangle-strategy
1994,V_M_FLA_BTL_18300.wav,V_M_FLA_BTL_18300,72,72,72,73,แฟลนาแกน,battle,male,flanagan,assets/triangle-strategy/approved_voice_references/flanagan.wav,ขอให้ข้าคู่ควรกับชื่อนั้น,,,READY_FOR_GENERATION,,triangle-strategy
1995,V_M_GST_E_BTL_00400.wav,V_M_GST_E_BTL_00400,0,0,0,1,กุสตาดอล์ฟ,battle,male,gustadolph,assets/triangle-strategy/approved_voice_references/gustadolph.wav,หากเจ้าปรารถนาจุดจบ ก็เอาตามนั้น,,,READY_FOR_GENERATION,,triangle-strategy
1996,V_M_GST_E_BTL_00500.wav,V_M_GST_E_BTL_00500,1,1,1,2,กุสตาดอล์ฟ,battle,male,gustadolph,assets/triangle-strategy/approved_voice_references/gustadolph.wav,ข้าจะนำเอสฟรอสต์สู่ความรุ่งโรจน์,,,READY_FOR_GENERATION,,triangle-strategy
1997,V_M_GST_E_BTL_00600.wav,V_M_GST_E_BTL_00600,2,2,2,3,กุสตาดอล์ฟ,battle,male,gustadolph,assets/triangle-strategy/approved_voice_references/gustadolph.wav,ข้าจะแสดงให้เห็นความหมายของการเป็นอาร์ชดยุค,,,READY_FOR_GENERATION,,triangle-strategy
1998,V_M_GST_E_BTL_01700.wav,V_M_GST_E_BTL_01700,3,3,3,4,กุสตาดอล์ฟ,battle,male,gustadolph,assets/triangle-strategy/approved_voice_references/gustadolph.wav,พวกสารเลวโอหัง!,,,READY_FOR_GENERATION,,triangle-strategy
1999,V_M_GST_E_BTL_01800.wav,V_M_GST_E_BTL_01800,4,4,4,5,กุสตาดอล์ฟ,battle,male,gustadolph,assets/triangle-strategy/approved_voice_references/gustadolph.wav,เจ้ายังเอาชนะข้าไม่ได้,,,READY_FOR_GENERATION,,triangle-strategy
2000,V_M_GST_E_BTL_01900.wav,V_M_GST_E_BTL_01900,5,5,5,6,กุสตาดอล์ฟ,battle,male,gustadolph,assets/triangle-strategy/approved_voice_references/gustadolph.wav,วิกฤตย่อมนำมาซึ่งความยิ่งใหญ่,,,READY_FOR_GENERATION,,triangle-strategy
2001,V_M_GST_E_BTL_02700.wav,V_M_GST_E_BTL_02700,6,6,6,7,กุสตาดอล์ฟ,battle,male,gustadolph,assets/triangle-strategy/approved_voice_references/gustadolph.wav,กลอุบายอะไรนี่?,,,READY_FOR_GENERATION,,triangle-strategy
2002,V_M_GST_E_BTL_02800.wav,V_M_GST_E_BTL_02800,7,7,7,8,กุสตาดอล์ฟ,battle,male,gustadolph,assets/triangle-strategy/approved_voice_references/gustadolph.wav,อึก กลอุบายสกปรกจริง,,,READY_FOR_GENERATION,,triangle-strategy
2003,V_M_GST_E_BTL_02900.wav,V_M_GST_E_BTL_02900,8,8,8,9,กุสตาดอล์ฟ,battle,male,gustadolph,assets/triangle-strategy/approved_voice_references/gustadolph.wav,เอ้า!,,ATTACK_CRY,READY_FOR_GENERATION,,triangle-strategy
2004,V_M_GST_E_BTL_03000.wav,V_M_GST_E_BTL_03000,9,9,9,10,กุสตาดอล์ฟ,battle,male,gustadolph,assets/triangle-strategy/approved_voice_references/gustadolph.wav,ฮ้า!,,ATTACK_CRY,READY_FOR_GENERATION,,triangle-strategy
2005,V_M_GST_E_BTL_03100.wav,V_M_GST_E_BTL_03100,10,10,10,11,กุสตาดอล์ฟ,battle,male,gustadolph,assets/triangle-strategy/approved_voice_references/gustadolph.wav,บาดแผลของเจ้าจะเป็นรอยจำ!,,,READY_FOR_GENERATION,,triangle-strategy
2006,V_M_GST_E_BTL_03200.wav,V_M_GST_E_BTL_03200,11,11,11,12,กุสตาดอล์ฟ,battle,male,gustadolph,assets/triangle-strategy/approved_voice_references/gustadolph.wav,ตายซะ!,,,READY_FOR_GENERATION,,triangle-strategy
2007,V_M_GST_E_BTL_03500.wav,V_M_GST_E_BTL_03500,12,12,12,13,กุสตาดอล์ฟ,battle,male,gustadolph,assets/triangle-strategy/approved_voice_references/gustadolph.wav,มอบเสียงกรีดร้องให้ข้าสิ!,,,READY_FOR_GENERATION,,triangle-strategy
2008,V_M_GST_E_BTL_08800.wav,V_M_GST_E_BTL_08800,13,13,13,14,กุสตาดอล์ฟ,battle,male,gustadolph,assets/triangle-strategy/approved_voice_references/gustadolph.wav,ไปให้พ้นสายตาข้า!,,,READY_FOR_GENERATION,,triangle-strategy
2009,V_M_GST_E_BTL_08900.wav,V_M_GST_E_BTL_08900,14,14,14,15,กุสตาดอล์ฟ,battle,male,gustadolph,assets/triangle-strategy/approved_voice_references/gustadolph.wav,ความคิดช่างตื้นเขิน,,,READY_FOR_GENERATION,,triangle-strategy
2010,V_M_GST_E_BTL_09000.wav,V_M_GST_E_BTL_09000,15,15,15,16,กุสตาดอล์ฟ,battle,male,gustadolph,assets/triangle-strategy/approved_voice_references/gustadolph.wav,โง่เขลาอย่างแท้จริง,,,READY_FOR_GENERATION,,triangle-strategy
2011,V_M_GST_E_BTL_14200.wav,V_M_GST_E_BTL_14200,16,16,16,17,กุสตาดอล์ฟ,battle,male,gustadolph,assets/triangle-strategy/approved_voice_references/gustadolph.wav,ฮ่า ฮ่า ฮ่า!,,,READY_FOR_GENERATION,,triangle-strategy
2012,V_M_GST_E_BTL_14300.wav,V_M_GST_E_BTL_14300,17,17,17,18,กุสตาดอล์ฟ,battle,male,gustadolph,assets/triangle-strategy/approved_voice_references/gustadolph.wav,ที่เหลือก็ง่ายแล้ว,,,READY_FOR_GENERATION,,triangle-strategy
2013,V_M_GST_E_BTL_14400.wav,V_M_GST_E_BTL_14400,18,18,18,19,กุสตาดอล์ฟ,battle,male,gustadolph,assets/triangle-strategy/approved_voice_references/gustadolph.wav,แค่ถอยไปเล็กน้อย,,,READY_FOR_GENERATION,,triangle-strategy
2014,V_M_GST_E_BTL_14500.wav,V_M_GST_E_BTL_14500,19,19,19,20,กุสตาดอล์ฟ,battle,male,gustadolph,assets/triangle-strategy/approved_voice_references/gustadolph.wav,ไม่เป็นไร,,,READY_FOR_GENERATION,,triangle-strategy
2015,V_M_GST_E_BTL_14600.wav,V_M_GST_E_BTL_14600,20,20,20,21,กุสตาดอล์ฟ,battle,male,gustadolph,assets/triangle-strategy/approved_voice_references/gustadolph.wav,อึ่ก!,,HURT_CRY,READY_FOR_GENERATION,,triangle-strategy
2016,V_M_GST_E_BTL_14700.wav,V_M_GST_E_BTL_14700,21,21,21,22,กุสตาดอล์ฟ,battle,male,gustadolph,assets/triangle-strategy/approved_voice_references/gustadolph.wav,อ๊าก!,,HURT_CRY,READY_FOR_GENERATION,,triangle-strategy
2017,V_M_GST_E_BTL_14800.wav,V_M_GST_E_BTL_14800,22,22,22,23,กุสตาดอล์ฟ,battle,male,gustadolph,assets/triangle-strategy/approved_voice_references/gustadolph.wav,โอ๊ย!,,HURT_CRY,READY_FOR_GENERATION,,triangle-strategy
2018,V_M_GST_E_BTL_15000.wav,V_M_GST_E_BTL_15000,23,23,23,24,กุสตาดอล์ฟ,battle,male,gustadolph,assets/triangle-strategy/approved_voice_references/gustadolph.wav,อึก!,,HURT_CRY,READY_FOR_GENERATION,,triangle-strategy
2019,V_M_GST_E_BTL_15100.wav,V_M_GST_E_BTL_15100,24,24,24,25,กุสตาดอล์ฟ,battle,male,gustadolph,assets/triangle-strategy/approved_voice_references/gustadolph.wav,เป็นไปไม่ได้!,,,READY_FOR_GENERATION,,triangle-strategy
2020,V_M_GST_E_BTL_15200.wav,V_M_GST_E_BTL_15200,25,25,25,26,กุสตาดอล์ฟ,battle,male,gustadolph,assets/triangle-strategy/approved_voice_references/gustadolph.wav,รับโทษของเจ้าไป,,,READY_FOR_GENERATION,,triangle-strategy
2021,V_M_GST_E_BTL_15300.wav,V_M_GST_E_BTL_15300,26,26,26,27,กุสตาดอล์ฟ,battle,male,gustadolph,assets/triangle-strategy/approved_voice_references/gustadolph.wav,มอบความท้าทายให้ข้าหน่อย,,,READY_FOR_GENERATION,,triangle-strategy
2022,V_M_GST_E_BTL_15400.wav,V_M_GST_E_BTL_15400,27,27,27,28,กุสตาดอล์ฟ,battle,male,gustadolph,assets/triangle-strategy/approved_voice_references/gustadolph.wav,ฮ่า!,,EVADE_GUARD,READY_FOR_GENERATION,,triangle-strategy
2023,V_M_GST_E_BTL_15500.wav,V_M_GST_E_BTL_15500,28,28,28,29,กุสตาดอล์ฟ,battle,male,gustadolph,assets/triangle-strategy/approved_voice_references/gustadolph.wav,ฮึบ!,,EVADE_GUARD,READY_FOR_GENERATION,,triangle-strategy
2024,V_M_GST_E_BTL_15600.wav,V_M_GST_E_BTL_15600,29,29,29,30,กุสตาดอล์ฟ,battle,male,gustadolph,assets/triangle-strategy/approved_voice_references/gustadolph.wav,ทำได้ดี,,,READY_FOR_GENERATION,,triangle-strategy
2025,V_M_GST_E_BTL_15700.wav,V_M_GST_E_BTL_15700,30,30,30,31,กุสตาดอล์ฟ,battle,male,gustadolph,assets/triangle-strategy/approved_voice_references/gustadolph.wav,เจ้ารับใช้ข้าได้ดี,,,READY_FOR_GENERATION,,triangle-strategy
2026,V_M_GST_E_BTL_15900.wav,V_M_GST_E_BTL_15900,31,31,31,32,กุสตาดอล์ฟ,battle,male,gustadolph,assets/triangle-strategy/approved_voice_references/gustadolph.wav,ข้าไม่กลัวทั้งไฟและเหล็ก,,,READY_FOR_GENERATION,,triangle-strategy
2027,V_M_GST_E_BTL_16000.wav,V_M_GST_E_BTL_16000,32,32,32,33,กุสตาดอล์ฟ,battle,male,gustadolph,assets/triangle-strategy/approved_voice_references/gustadolph.wav,ดี,,,READY_FOR_GENERATION,,triangle-strategy
2028,V_M_GST_E_BTL_16200.wav,V_M_GST_E_BTL_16200,33,33,33,34,กุสตาดอล์ฟ,battle,male,gustadolph,assets/triangle-strategy/approved_voice_references/gustadolph.wav,จะจบตรงนี้หรือ?,,,READY_FOR_GENERATION,,triangle-strategy
2029,V_M_GST_E_BTL_17410.wav,V_M_GST_E_BTL_17410,34,34,34,35,กุสตาดอล์ฟ,battle,male,gustadolph,assets/triangle-strategy/approved_voice_references/gustadolph.wav,รับคำท้าของข้า,,,READY_FOR_GENERATION,,triangle-strategy
2030,V_M_GST_E_BTL_17411.wav,V_M_GST_E_BTL_17411,35,35,35,36,กุสตาดอล์ฟ,battle,male,gustadolph,assets/triangle-strategy/approved_voice_references/gustadolph.wav,รับความพิโรธแห่งเอสฟรอสต์!,,,READY_FOR_GENERATION,,triangle-strategy
2031,V_M_GST_E_BTL_17420.wav,V_M_GST_E_BTL_17420,36,36,36,37,กุสตาดอล์ฟ,battle,male,gustadolph,assets/triangle-strategy/approved_voice_references/gustadolph.wav,จงเป็นเกียรติที่ได้ตายด้วยมือข้า,,,READY_FOR_GENERATION,,triangle-strategy
2032,V_M_GST_E_BTL_17421.wav,V_M_GST_E_BTL_17421,37,37,37,38,กุสตาดอล์ฟ,battle,male,gustadolph,assets/triangle-strategy/approved_voice_references/gustadolph.wav,ปล่อยให้ความหนาวกลืนกินเจ้า,,,READY_FOR_GENERATION,,triangle-strategy
2033,V_M_GST_E_BTL_17422.wav,V_M_GST_E_BTL_17422,38,38,38,39,กุสตาดอล์ฟ,battle,male,gustadolph,assets/triangle-strategy/approved_voice_references/gustadolph.wav,เลือดในกายเจ้ากำลังเย็นเยียบ,,,READY_FOR_GENERATION,,triangle-strategy
2034,V_M_GST_E_BTL_17460.wav,V_M_GST_E_BTL_17460,39,39,39,40,กุสตาดอล์ฟ,battle,male,gustadolph,assets/triangle-strategy/approved_voice_references/gustadolph.wav,ตายอย่างมีศักดิ์ศรีซะ,,,READY_FOR_GENERATION,,triangle-strategy
2035,V_M_GST_E_BTL_17461.wav,V_M_GST_E_BTL_17461,40,40,40,41,กุสตาดอล์ฟ,battle,male,gustadolph,assets/triangle-strategy/approved_voice_references/gustadolph.wav,วันนี้หนึ่งในเราต้องล้ม,,,READY_FOR_GENERATION,,triangle-strategy
2036,V_M_GST_E_BTL_17462.wav,V_M_GST_E_BTL_17462,41,41,41,42,กุสตาดอล์ฟ,battle,male,gustadolph,assets/triangle-strategy/approved_voice_references/gustadolph.wav,เอสฟรอสต์จะไม่สั่นคลอน,,,READY_FOR_GENERATION,,triangle-strategy
2037,V_M_IDO2_E_BTL_00400.wav,V_M_IDO2_E_BTL_00400,0,0,0,1,อีดอร์,battle,male,idore,assets/triangle-strategy/approved_voice_references/idore.wav,อึกกุม!,,,READY_FOR_GENERATION,,triangle-strategy
2038,V_M_IDO2_E_BTL_00500.wav,V_M_IDO2_E_BTL_00500,1,1,1,2,อีดอร์,battle,male,idore,assets/triangle-strategy/approved_voice_references/idore.wav,เจ้ารู้มากเกินไป!,,,READY_FOR_GENERATION,,triangle-strategy
2039,V_M_IDO2_E_BTL_00600.wav,V_M_IDO2_E_BTL_00600,2,2,2,3,อีดอร์,battle,male,idore,assets/triangle-strategy/approved_voice_references/idore.wav,ชีวิตของพวกเจ้าถูกริบแล้ว!,,,READY_FOR_GENERATION,,triangle-strategy
2040,V_M_IDO2_E_BTL_01700.wav,V_M_IDO2_E_BTL_01700,3,3,3,4,อีดอร์,battle,male,idore,assets/triangle-strategy/approved_voice_references/idore.wav,กรรร!,,,READY_FOR_GENERATION,,triangle-strategy
2041,V_M_IDO2_E_BTL_01800.wav,V_M_IDO2_E_BTL_01800,4,4,4,5,อีดอร์,battle,male,idore,assets/triangle-strategy/approved_voice_references/idore.wav,เจ้ายังไม่ชนะ!,,,READY_FOR_GENERATION,,triangle-strategy
2042,V_M_IDO2_E_BTL_01900.wav,V_M_IDO2_E_BTL_01900,5,5,5,6,อีดอร์,battle,male,idore,assets/triangle-strategy/approved_voice_references/idore.wav,เจ้าจะต้องทรมานเพราะเรา!,,,READY_FOR_GENERATION,,triangle-strategy
2043,V_M_IDO2_E_BTL_02700.wav,V_M_IDO2_E_BTL_02700,6,6,6,7,อีดอร์,battle,male,idore,assets/triangle-strategy/approved_voice_references/idore.wav,หึม! กรรร!,,,READY_FOR_GENERATION,,triangle-strategy
2044,V_M_IDO2_E_BTL_02800.wav,V_M_IDO2_E_BTL_02800,7,7,7,8,อีดอร์,battle,male,idore,assets/triangle-strategy/approved_voice_references/idore.wav,ใช่! เทน!,,,READY_FOR_GENERATION,,triangle-strategy
2045,V_M_IDO2_E_BTL_02900.wav,V_M_IDO2_E_BTL_02900,8,8,8,9,อีดอร์,battle,male,idore,assets/triangle-strategy/approved_voice_references/idore.wav,ย๊าก!,,ATTACK_CRY,READY_FOR_GENERATION,,triangle-strategy
2046,V_M_IDO2_E_BTL_03000.wav,V_M_IDO2_E_BTL_03000,9,9,9,10,อีดอร์,battle,male,idore,assets/triangle-strategy/approved_voice_references/idore.wav,โฮ่ง!,,,READY_FOR_GENERATION,,triangle-strategy
2047,V_M_IDO2_E_BTL_03100.wav,V_M_IDO2_E_BTL_03100,10,10,10,11,อีดอร์,battle,male,idore,assets/triangle-strategy/approved_voice_references/idore.wav,ฮึบ!,,,READY_FOR_GENERATION,,triangle-strategy
2048,V_M_IDO2_E_BTL_03200.wav,V_M_IDO2_E_BTL_03200,11,11,11,12,อีดอร์,battle,male,idore,assets/triangle-strategy/approved_voice_references/idore.wav,ไม่!,,,READY_FOR_GENERATION,,triangle-strategy
2049,V_M_IDO2_E_BTL_03500.wav,V_M_IDO2_E_BTL_03500,12,12,12,13,อีดอร์,battle,male,idore,assets/triangle-strategy/approved_voice_references/idore.wav,ข้าจะทำลายเจ้า!,,,READY_FOR_GENERATION,,triangle-strategy
2050,V_M_IDO2_E_BTL_08800.wav,V_M_IDO2_E_BTL_08800,13,13,13,14,อีดอร์,battle,male,idore,assets/triangle-strategy/approved_voice_references/idore.wav,ไม่เคยมีมาก่อน!,,,READY_FOR_GENERATION,,triangle-strategy
2051,V_M_IDO2_E_BTL_08900.wav,V_M_IDO2_E_BTL_08900,14,14,14,15,อีดอร์,battle,male,idore,assets/triangle-strategy/approved_voice_references/idore.wav,เอาอีก!,,,READY_FOR_GENERATION,,triangle-strategy
2052,V_M_IDO2_E_BTL_09000.wav,V_M_IDO2_E_BTL_09000,15,15,15,16,อีดอร์,battle,male,idore,assets/triangle-strategy/approved_voice_references/idore.wav,ระวัง!,,,READY_FOR_GENERATION,,triangle-strategy
2053,V_M_IDO2_E_BTL_14200.wav,V_M_IDO2_E_BTL_14200,16,16,16,17,อีดอร์,battle,male,idore,assets/triangle-strategy/approved_voice_references/idore.wav,บ้าเอ๊ย!,,,READY_FOR_GENERATION,,triangle-strategy
2054,V_M_IDO2_E_BTL_14300.wav,V_M_IDO2_E_BTL_14300,17,17,17,18,อีดอร์,battle,male,idore,assets/triangle-strategy/approved_voice_references/idore.wav,เจ็บไหม?,,,READY_FOR_GENERATION,,triangle-strategy
2055,V_M_IDO2_E_BTL_14400.wav,V_M_IDO2_E_BTL_14400,18,18,18,19,อีดอร์,battle,male,idore,assets/triangle-strategy/approved_voice_references/idore.wav,โอ๊ะ!,,,READY_FOR_GENERATION,,triangle-strategy
2056,V_M_IDO2_E_BTL_14500.wav,V_M_IDO2_E_BTL_14500,19,19,19,20,อีดอร์,battle,male,idore,assets/triangle-strategy/approved_voice_references/idore.wav,เข้าใจแล้ว,,,READY_FOR_GENERATION,,triangle-strategy
2057,V_M_IDO2_E_BTL_14600.wav,V_M_IDO2_E_BTL_14600,20,20,20,21,อีดอร์,battle,male,idore,assets/triangle-strategy/approved_voice_references/idore.wav,อ๊าก!,,HURT_CRY,READY_FOR_GENERATION,,triangle-strategy
2058,V_M_IDO2_E_BTL_14700.wav,V_M_IDO2_E_BTL_14700,21,21,21,22,อีดอร์,battle,male,idore,assets/triangle-strategy/approved_voice_references/idore.wav,ไป!,,,READY_FOR_GENERATION,,triangle-strategy
2059,V_M_IDO2_E_BTL_14800.wav,V_M_IDO2_E_BTL_14800,22,22,22,23,อีดอร์,battle,male,idore,assets/triangle-strategy/approved_voice_references/idore.wav,โฮ่ง!,,,READY_FOR_GENERATION,,triangle-strategy
2060,V_M_IDO2_E_BTL_15000.wav,V_M_IDO2_E_BTL_15000,23,23,23,24,อีดอร์,battle,male,idore,assets/triangle-strategy/approved_voice_references/idore.wav,อั่ก!,,HURT_CRY,READY_FOR_GENERATION,,triangle-strategy
2061,V_M_IDO2_E_BTL_15100.wav,V_M_IDO2_E_BTL_15100,24,24,24,25,อีดอร์,battle,male,idore,assets/triangle-strategy/approved_voice_references/idore.wav,เรื่องการเมืองของเบกอน!,,,READY_FOR_GENERATION,,triangle-strategy
2062,V_M_IDO2_E_BTL_15200.wav,V_M_IDO2_E_BTL_15200,25,25,25,26,อีดอร์,battle,male,idore,assets/triangle-strategy/approved_voice_references/idore.wav,ว้า ว้า ว้า!,,,READY_FOR_GENERATION,,triangle-strategy
2063,V_M_IDO2_E_BTL_15300.wav,V_M_IDO2_E_BTL_15300,26,26,26,27,อีดอร์,battle,male,idore,assets/triangle-strategy/approved_voice_references/idore.wav,ฮ่า ฮ่า ฮ่า!,,STATUS_REACTION,READY_FOR_GENERATION,,triangle-strategy
2064,V_M_IDO2_E_BTL_15310.wav,V_M_IDO2_E_BTL_15310,27,27,27,28,อีดอร์,battle,male,idore,assets/triangle-strategy/approved_voice_references/idore.wav,เจ้าต้องถูกลงโทษ!,,,READY_FOR_GENERATION,,triangle-strategy
2065,V_M_IDO2_E_BTL_15320.wav,V_M_IDO2_E_BTL_15320,28,28,28,29,อีดอร์,battle,male,idore,assets/triangle-strategy/approved_voice_references/idore.wav,เจ้าไม่จำเป็นต้องทำหรอก ราฟ!,,,READY_FOR_GENERATION,,triangle-strategy
2066,V_M_IDO2_E_BTL_15400.wav,V_M_IDO2_E_BTL_15400,29,29,29,30,อีดอร์,battle,male,idore,assets/triangle-strategy/approved_voice_references/idore.wav,ฮ่า!,,EVADE_GUARD,READY_FOR_GENERATION,,triangle-strategy
2067,V_M_IDO2_E_BTL_15500.wav,V_M_IDO2_E_BTL_15500,30,30,30,31,อีดอร์,battle,male,idore,assets/triangle-strategy/approved_voice_references/idore.wav,ฮ่า ฮ่า!,,,READY_FOR_GENERATION,,triangle-strategy
2068,V_M_IDO2_E_BTL_15600.wav,V_M_IDO2_E_BTL_15600,31,31,31,32,อีดอร์,battle,male,idore,assets/triangle-strategy/approved_voice_references/idore.wav,กรรร!,,,READY_FOR_GENERATION,,triangle-strategy
2069,V_M_IDO2_E_BTL_15700.wav,V_M_IDO2_E_BTL_15700,32,32,32,33,อีดอร์,battle,male,idore,assets/triangle-strategy/approved_voice_references/idore.wav,ดีมาก,,,READY_FOR_GENERATION,,triangle-strategy
2070,V_M_IDO2_E_BTL_15900.wav,V_M_IDO2_E_BTL_15900,33,33,33,34,อีดอร์,battle,male,idore,assets/triangle-strategy/approved_voice_references/idore.wav,ให้ข้าจัดการเอง!,,,READY_FOR_GENERATION,,triangle-strategy
2071,V_M_IDO2_E_BTL_16000.wav,V_M_IDO2_E_BTL_16000,34,34,34,35,อีดอร์,battle,male,idore,assets/triangle-strategy/approved_voice_references/idore.wav,อย่าให้เขาต้องกลัว!,,,READY_FOR_GENERATION,,triangle-strategy
2072,V_M_IDO2_E_BTL_16200.wav,V_M_IDO2_E_BTL_16200,35,35,35,36,อีดอร์,battle,male,idore,assets/triangle-strategy/approved_voice_references/idore.wav,ขอบคุณ,,,READY_FOR_GENERATION,,triangle-strategy
2073,V_M_IDO2_E_BTL_17410.wav,V_M_IDO2_E_BTL_17410,36,36,36,37,อีดอร์,battle,male,idore,assets/triangle-strategy/approved_voice_references/idore.wav,อ้าก!,,HURT_CRY,READY_FOR_GENERATION,,triangle-strategy
2074,V_M_IDO2_E_BTL_17411.wav,V_M_IDO2_E_BTL_17411,37,37,37,38,อีดอร์,battle,male,idore,assets/triangle-strategy/approved_voice_references/idore.wav,หยุด!,,,READY_FOR_GENERATION,,triangle-strategy
2075,V_M_IDO2_E_BTL_17420.wav,V_M_IDO2_E_BTL_17420,38,38,38,39,อีดอร์,battle,male,idore,assets/triangle-strategy/approved_voice_references/idore.wav,กลับสู่ความว่างเปล่าซะ!,,,READY_FOR_GENERATION,,triangle-strategy
2076,V_M_IDO2_E_BTL_17421.wav,V_M_IDO2_E_BTL_17421,39,39,39,40,อีดอร์,battle,male,idore,assets/triangle-strategy/approved_voice_references/idore.wav,มานี่!,,,READY_FOR_GENERATION,,triangle-strategy
2077,V_M_IDO2_E_BTL_17422.wav,V_M_IDO2_E_BTL_17422,40,40,40,41,อีดอร์,battle,male,idore,assets/triangle-strategy/approved_voice_references/idore.wav,อ๊ากก!,,,READY_FOR_GENERATION,,triangle-strategy
2078,V_M_IDO2_E_BTL_17423.wav,V_M_IDO2_E_BTL_17423,41,41,41,42,อีดอร์,battle,male,idore,assets/triangle-strategy/approved_voice_references/idore.wav,ไม่มีแรงงานคนใดขายข้าได้!,,,READY_FOR_GENERATION,,triangle-strategy
2079,V_M_IDO2_E_BTL_17430.wav,V_M_IDO2_E_BTL_17430,42,42,42,43,อีดอร์,battle,male,idore,assets/triangle-strategy/approved_voice_references/idore.wav,รับพรของนางไป!,,,READY_FOR_GENERATION,,triangle-strategy
2080,V_M_IDO2_E_BTL_17431.wav,V_M_IDO2_E_BTL_17431,43,43,43,44,อีดอร์,battle,male,idore,assets/triangle-strategy/approved_voice_references/idore.wav,ตามข้ามา!,,,READY_FOR_GENERATION,,triangle-strategy
2081,V_M_IDO2_E_BTL_17440.wav,V_M_IDO2_E_BTL_17440,44,44,44,45,อีดอร์,battle,male,idore,assets/triangle-strategy/approved_voice_references/idore.wav,โจมตีข้า เจ้าหุ่นเชิด!,,,READY_FOR_GENERATION,,triangle-strategy
2082,V_M_IDO2_E_BTL_17441.wav,V_M_IDO2_E_BTL_17441,45,45,45,46,อีดอร์,battle,male,idore,assets/triangle-strategy/approved_voice_references/idore.wav,จงรับคำพิพากษา พวกคนนอกรีต!,,,READY_FOR_GENERATION,,triangle-strategy
2083,V_M_IDO2_E_BTL_17450.wav,V_M_IDO2_E_BTL_17450,46,46,46,47,อีดอร์,battle,male,idore,assets/triangle-strategy/approved_voice_references/idore.wav,จงสั่นกลัว!,,,READY_FOR_GENERATION,,triangle-strategy
2084,V_M_IDO2_E_BTL_17451.wav,V_M_IDO2_E_BTL_17451,47,47,47,48,อีดอร์,battle,male,idore,assets/triangle-strategy/approved_voice_references/idore.wav,เทพธิดาอยู่กับข้า!,,,READY_FOR_GENERATION,,triangle-strategy
2085,V_M_IDO2_E_BTL_17452.wav,V_M_IDO2_E_BTL_17452,48,48,48,49,อีดอร์,battle,male,idore,assets/triangle-strategy/approved_voice_references/idore.wav,ข้าคือผู้สูงสุด!,,,READY_FOR_GENERATION,,triangle-strategy
2086,V_M_IDO2_E_BTL_17453.wav,V_M_IDO2_E_BTL_17453,49,49,49,50,อีดอร์,battle,male,idore,assets/triangle-strategy/approved_voice_references/idore.wav,พิษคือนิรันดร์!,,,READY_FOR_GENERATION,,triangle-strategy
2087,V_M_IDO2_E_BTL_17470.wav,V_M_IDO2_E_BTL_17470,50,50,50,51,อีดอร์,battle,male,idore,assets/triangle-strategy/approved_voice_references/idore.wav,มา!,,,READY_FOR_GENERATION,,triangle-strategy
2088,V_M_IDO2_E_BTL_17471.wav,V_M_IDO2_E_BTL_17471,51,51,51,52,อีดอร์,battle,male,idore,assets/triangle-strategy/approved_voice_references/idore.wav,ผู้ต่อต้านไฮแซนต์จะถูกฝัง!,,,READY_FOR_GENERATION,,triangle-strategy
2089,V_M_IDO_E_BTL_00400.wav,V_M_IDO_E_BTL_00400,0,0,0,1,อีดอร์,battle,male,idore,assets/triangle-strategy/approved_voice_references/idore.wav,จุดจบของเจ้าใกล้เข้ามาแล้ว,,,READY_FOR_GENERATION,,triangle-strategy
2090,V_M_IDO_E_BTL_00500.wav,V_M_IDO_E_BTL_00500,1,1,1,2,อีดอร์,battle,male,idore,assets/triangle-strategy/approved_voice_references/idore.wav,จะไม่มีความเมตตา!,,,READY_FOR_GENERATION,,triangle-strategy
2091,V_M_IDO_E_BTL_00600.wav,V_M_IDO_E_BTL_00600,2,2,2,3,อีดอร์,battle,male,idore,assets/triangle-strategy/approved_voice_references/idore.wav,เทพธิดากำลังพิโรธ,,,READY_FOR_GENERATION,,triangle-strategy
2092,V_M_IDO_E_BTL_01700.wav,V_M_IDO_E_BTL_01700,3,3,3,4,อีดอร์,battle,male,idore,assets/triangle-strategy/approved_voice_references/idore.wav,ไม่!,,,READY_FOR_GENERATION,,triangle-strategy
2093,V_M_IDO_E_BTL_01800.wav,V_M_IDO_E_BTL_01800,4,4,4,5,อีดอร์,battle,male,idore,assets/triangle-strategy/approved_voice_references/idore.wav,ข้ายังยืนอยู่,,,READY_FOR_GENERATION,,triangle-strategy
2094,V_M_IDO_E_BTL_01900.wav,V_M_IDO_E_BTL_01900,5,5,5,6,อีดอร์,battle,male,idore,assets/triangle-strategy/approved_voice_references/idore.wav,เทพธิดา โปรดฟังเสียงข้า!,,,READY_FOR_GENERATION,,triangle-strategy
2095,V_M_IDO_E_BTL_02700.wav,V_M_IDO_E_BTL_02700,6,6,6,7,อีดอร์,battle,male,idore,assets/triangle-strategy/approved_voice_references/idore.wav,อั่ก...,,STATUS_REACTION,READY_FOR_GENERATION,,triangle-strategy
2096,V_M_IDO_E_BTL_02800.wav,V_M_IDO_E_BTL_02800,7,7,7,8,อีดอร์,battle,male,idore,assets/triangle-strategy/approved_voice_references/idore.wav,เวลาล้อเล่นจบแล้ว!,,,READY_FOR_GENERATION,,triangle-strategy
2097,V_M_IDO_E_BTL_02900.wav,V_M_IDO_E_BTL_02900,8,8,8,9,อีดอร์,battle,male,idore,assets/triangle-strategy/approved_voice_references/idore.wav,เอ้า!,,ATTACK_CRY,READY_FOR_GENERATION,,triangle-strategy
2098,V_M_IDO_E_BTL_03000.wav,V_M_IDO_E_BTL_03000,9,9,9,10,อีดอร์,battle,male,idore,assets/triangle-strategy/approved_voice_references/idore.wav,ฮ้า!,,ATTACK_CRY,READY_FOR_GENERATION,,triangle-strategy
2099,V_M_IDO_E_BTL_03100.wav,V_M_IDO_E_BTL_03100,10,10,10,11,อีดอร์,battle,male,idore,assets/triangle-strategy/approved_voice_references/idore.wav,ฮ่า!,,ATTACK_CRY,READY_FOR_GENERATION,,triangle-strategy
2100,V_M_IDO_E_BTL_03200.wav,V_M_IDO_E_BTL_03200,11,11,11,12,อีดอร์,battle,male,idore,assets/triangle-strategy/approved_voice_references/idore.wav,ฮึบ!,,,READY_FOR_GENERATION,,triangle-strategy
2101,V_M_IDO_E_BTL_03500.wav,V_M_IDO_E_BTL_03500,12,12,12,13,อีดอร์,battle,male,idore,assets/triangle-strategy/approved_voice_references/idore.wav,สูดลมหายใจสุดท้ายซะ!,,,READY_FOR_GENERATION,,triangle-strategy
2102,V_M_IDO_E_BTL_08800.wav,V_M_IDO_E_BTL_08800,13,13,13,14,อีดอร์,battle,male,idore,assets/triangle-strategy/approved_voice_references/idore.wav,ช่างเป็นช่องว่างที่เหมาะเจาะ!,,,READY_FOR_GENERATION,,triangle-strategy
2103,V_M_IDO_E_BTL_08900.wav,V_M_IDO_E_BTL_08900,14,14,14,15,อีดอร์,battle,male,idore,assets/triangle-strategy/approved_voice_references/idore.wav,ไม่มีทางหนี!,,,READY_FOR_GENERATION,,triangle-strategy
2104,V_M_IDO_E_BTL_09000.wav,V_M_IDO_E_BTL_09000,15,15,15,16,อีดอร์,battle,male,idore,assets/triangle-strategy/approved_voice_references/idore.wav,เจ้าจะล้มตรงนี้,,,READY_FOR_GENERATION,,triangle-strategy
2105,V_M_IDO_E_BTL_14200.wav,V_M_IDO_E_BTL_14200,16,16,16,17,อีดอร์,battle,male,idore,assets/triangle-strategy/approved_voice_references/idore.wav,ยอดเยี่ยม!,,,READY_FOR_GENERATION,,triangle-strategy
2106,V_M_IDO_E_BTL_14300.wav,V_M_IDO_E_BTL_14300,17,17,17,18,อีดอร์,battle,male,idore,assets/triangle-strategy/approved_voice_references/idore.wav,น่าเสียดาย!,,,READY_FOR_GENERATION,,triangle-strategy
2107,V_M_IDO_E_BTL_14400.wav,V_M_IDO_E_BTL_14400,18,18,18,19,อีดอร์,battle,male,idore,assets/triangle-strategy/approved_voice_references/idore.wav,ขอสาปเจ้า!,,,READY_FOR_GENERATION,,triangle-strategy
2108,V_M_IDO_E_BTL_14500.wav,V_M_IDO_E_BTL_14500,19,19,19,20,อีดอร์,battle,male,idore,assets/triangle-strategy/approved_voice_references/idore.wav,ข้าฉลาดกว่านี้!,,,READY_FOR_GENERATION,,triangle-strategy
2109,V_M_IDO_E_BTL_14600.wav,V_M_IDO_E_BTL_14600,20,20,20,21,อีดอร์,battle,male,idore,assets/triangle-strategy/approved_voice_references/idore.wav,อึก!,,HURT_CRY,READY_FOR_GENERATION,,triangle-strategy
2110,V_M_IDO_E_BTL_14700.wav,V_M_IDO_E_BTL_14700,21,21,21,22,อีดอร์,battle,male,idore,assets/triangle-strategy/approved_voice_references/idore.wav,อั่ก!,,,READY_FOR_GENERATION,,triangle-strategy
2111,V_M_IDO_E_BTL_14800.wav,V_M_IDO_E_BTL_14800,22,22,22,23,อีดอร์,battle,male,idore,assets/triangle-strategy/approved_voice_references/idore.wav,อึ่ก!,,,READY_FOR_GENERATION,,triangle-strategy
2112,V_M_IDO_E_BTL_15000.wav,V_M_IDO_E_BTL_15000,23,23,23,24,อีดอร์,battle,male,idore,assets/triangle-strategy/approved_voice_references/idore.wav,อึ่ก!,,HURT_CRY,READY_FOR_GENERATION,,triangle-strategy
2113,V_M_IDO_E_BTL_15100.wav,V_M_IDO_E_BTL_15100,24,24,24,25,อีดอร์,battle,male,idore,assets/triangle-strategy/approved_voice_references/idore.wav,ไม่!,,,READY_FOR_GENERATION,,triangle-strategy
2114,V_M_IDO_E_BTL_15200.wav,V_M_IDO_E_BTL_15200,25,25,25,26,อีดอร์,battle,male,idore,assets/triangle-strategy/approved_voice_references/idore.wav,ช่างโอหัง!,,,READY_FOR_GENERATION,,triangle-strategy
2115,V_M_IDO_E_BTL_15300.wav,V_M_IDO_E_BTL_15300,26,26,26,27,อีดอร์,battle,male,idore,assets/triangle-strategy/approved_voice_references/idore.wav,พอได้แล้ว!,,,READY_FOR_GENERATION,,triangle-strategy
2116,V_M_IDO_E_BTL_15310.wav,V_M_IDO_E_BTL_15310,27,27,27,28,อีดอร์,battle,male,idore,assets/triangle-strategy/approved_voice_references/idore.wav,ฮ่า ฮ่า ฮ่า ฮ่า!,,,READY_FOR_GENERATION,,triangle-strategy
2117,V_M_IDO_E_BTL_15320.wav,V_M_IDO_E_BTL_15320,28,28,28,29,อีดอร์,battle,male,idore,assets/triangle-strategy/approved_voice_references/idore.wav,ให้ข้าจัดการ!,,,READY_FOR_GENERATION,,triangle-strategy
2118,V_M_IDO_E_BTL_15400.wav,V_M_IDO_E_BTL_15400,29,29,29,30,อีดอร์,battle,male,idore,assets/triangle-strategy/approved_voice_references/idore.wav,ฮ่า!,,EVADE_GUARD,READY_FOR_GENERATION,,triangle-strategy
2119,V_M_IDO_E_BTL_15500.wav,V_M_IDO_E_BTL_15500,30,30,30,31,อีดอร์,battle,male,idore,assets/triangle-strategy/approved_voice_references/idore.wav,ฮึบ!,,,READY_FOR_GENERATION,,triangle-strategy
2120,V_M_IDO_E_BTL_15600.wav,V_M_IDO_E_BTL_15600,31,31,31,32,อีดอร์,battle,male,idore,assets/triangle-strategy/approved_voice_references/idore.wav,เตรียมพบจุดจบของเจ้า!,,,READY_FOR_GENERATION,,triangle-strategy
2121,V_M_IDO_E_BTL_15700.wav,V_M_IDO_E_BTL_15700,32,32,32,33,อีดอร์,battle,male,idore,assets/triangle-strategy/approved_voice_references/idore.wav,เทพธิดาทรงยิ้มให้ข้า,,,READY_FOR_GENERATION,,triangle-strategy
2122,V_M_IDO_E_BTL_15900.wav,V_M_IDO_E_BTL_15900,33,33,33,34,อีดอร์,battle,male,idore,assets/triangle-strategy/approved_voice_references/idore.wav,ใช่,,,READY_FOR_GENERATION,,triangle-strategy
2123,V_M_IDO_E_BTL_16000.wav,V_M_IDO_E_BTL_16000,34,34,34,35,อีดอร์,battle,male,idore,assets/triangle-strategy/approved_voice_references/idore.wav,เพื่อเทพธิดา!,,,READY_FOR_GENERATION,,triangle-strategy
2124,V_M_IDO_E_BTL_16200.wav,V_M_IDO_E_BTL_16200,35,35,35,36,อีดอร์,battle,male,idore,assets/triangle-strategy/approved_voice_references/idore.wav,เป็นไปไม่ได้!,,,READY_FOR_GENERATION,,triangle-strategy
2125,V_M_IDO_E_BTL_17410.wav,V_M_IDO_E_BTL_17410,36,36,36,37,อีดอร์,battle,male,idore,assets/triangle-strategy/approved_voice_references/idore.wav,ฮอยย่า!,,,READY_FOR_GENERATION,,triangle-strategy
2126,V_M_IDO_E_BTL_17411.wav,V_M_IDO_E_BTL_17411,37,37,37,38,อีดอร์,battle,male,idore,assets/triangle-strategy/approved_voice_references/idore.wav,ฮัยย่ะ!,,ATTACK_CRY,READY_FOR_GENERATION,,triangle-strategy
2127,V_M_IDO_E_BTL_17420.wav,V_M_IDO_E_BTL_17420,38,38,38,39,อีดอร์,battle,male,idore,assets/triangle-strategy/approved_voice_references/idore.wav,ตายซะ!,,,READY_FOR_GENERATION,,triangle-strategy
2128,V_M_IDO_E_BTL_17421.wav,V_M_IDO_E_BTL_17421,39,39,39,40,อีดอร์,battle,male,idore,assets/triangle-strategy/approved_voice_references/idore.wav,กลืนพวกมันให้หมด!,,,READY_FOR_GENERATION,,triangle-strategy
2129,V_M_IDO_E_BTL_17430.wav,V_M_IDO_E_BTL_17430,40,40,40,41,อีดอร์,battle,male,idore,assets/triangle-strategy/approved_voice_references/idore.wav,ข้าอยู่นี่!,,,READY_FOR_GENERATION,,triangle-strategy
2130,V_M_IDO_E_BTL_17431.wav,V_M_IDO_E_BTL_17431,41,41,41,42,อีดอร์,battle,male,idore,assets/triangle-strategy/approved_voice_references/idore.wav,นี่คือพรของเทพธิดา!,,,READY_FOR_GENERATION,,triangle-strategy
2131,V_M_IDO_E_BTL_17440.wav,V_M_IDO_E_BTL_17440,42,42,42,43,อีดอร์,battle,male,idore,assets/triangle-strategy/approved_voice_references/idore.wav,องค์ศักดิ์สิทธิ์กำลังรออยู่!,,,READY_FOR_GENERATION,,triangle-strategy
2132,V_M_IDO_E_BTL_17441.wav,V_M_IDO_E_BTL_17441,43,43,43,44,อีดอร์,battle,male,idore,assets/triangle-strategy/approved_voice_references/idore.wav,ข้าจะยุติความนอกรีตนี้!,,,READY_FOR_GENERATION,,triangle-strategy
2133,V_M_IDO_E_BTL_17450.wav,V_M_IDO_E_BTL_17450,44,44,44,45,อีดอร์,battle,male,idore,assets/triangle-strategy/approved_voice_references/idore.wav,โอ้ เทพธิดา!,,,READY_FOR_GENERATION,,triangle-strategy
2134,V_M_IDO_E_BTL_17451.wav,V_M_IDO_E_BTL_17451,45,45,45,46,อีดอร์,battle,male,idore,assets/triangle-strategy/approved_voice_references/idore.wav,ปกป้องเรา!,,,READY_FOR_GENERATION,,triangle-strategy
2135,V_M_IDO_E_BTL_17470.wav,V_M_IDO_E_BTL_17470,46,46,46,47,อีดอร์,battle,male,idore,assets/triangle-strategy/approved_voice_references/idore.wav,เจ้าไปไหนไม่ได้!,,,READY_FOR_GENERATION,,triangle-strategy
2136,V_M_IDO_E_BTL_17471.wav,V_M_IDO_E_BTL_17471,47,47,47,48,อีดอร์,battle,male,idore,assets/triangle-strategy/approved_voice_references/idore.wav,โอ้ โฮ โฮ โฮ โฮ โฮ,,,READY_FOR_GENERATION,,triangle-strategy
2137,V_M_JRM_G_BTL_00400.wav,V_M_JRM_G_BTL_00400,0,0,0,1,เจอร์รอม,battle,male,jerrom,assets/triangle-strategy/approved_voice_references/jerrom.wav,คอยดูเถอะ,,,READY_FOR_GENERATION,,triangle-strategy
2138,V_M_JRM_G_BTL_00500.wav,V_M_JRM_G_BTL_00500,1,1,1,2,เจอร์รอม,battle,male,jerrom,assets/triangle-strategy/approved_voice_references/jerrom.wav,เพื่อประชาชนของข้า!,,,READY_FOR_GENERATION,,triangle-strategy
2139,V_M_JRM_G_BTL_00600.wav,V_M_JRM_G_BTL_00600,2,2,2,3,เจอร์รอม,battle,male,jerrom,assets/triangle-strategy/approved_voice_references/jerrom.wav,ข้าต้องทำสิ่งนี้,,,READY_FOR_GENERATION,,triangle-strategy
2140,V_M_JRM_G_BTL_01700.wav,V_M_JRM_G_BTL_01700,3,3,3,4,เจอร์รอม,battle,male,jerrom,assets/triangle-strategy/approved_voice_references/jerrom.wav,ท่าไม่ดีแล้ว,,,READY_FOR_GENERATION,,triangle-strategy
2141,V_M_JRM_G_BTL_01800.wav,V_M_JRM_G_BTL_01800,4,4,4,5,เจอร์รอม,battle,male,jerrom,assets/triangle-strategy/approved_voice_references/jerrom.wav,นี่คือจุดจบของข้าหรือ?,,,READY_FOR_GENERATION,,triangle-strategy
2142,V_M_JRM_G_BTL_01900.wav,V_M_JRM_G_BTL_01900,5,5,5,6,เจอร์รอม,battle,male,jerrom,assets/triangle-strategy/approved_voice_references/jerrom.wav,หมดความหวังแล้วหรือ?,,,READY_FOR_GENERATION,,triangle-strategy
2143,V_M_JRM_G_BTL_02700.wav,V_M_JRM_G_BTL_02700,6,6,6,7,เจอร์รอม,battle,male,jerrom,assets/triangle-strategy/approved_voice_references/jerrom.wav,อึก...,,STATUS_REACTION,READY_FOR_GENERATION,,triangle-strategy
2144,V_M_JRM_G_BTL_02800.wav,V_M_JRM_G_BTL_02800,7,7,7,8,เจอร์รอม,battle,male,jerrom,assets/triangle-strategy/approved_voice_references/jerrom.wav,ช่วยข้าด้วย,,,READY_FOR_GENERATION,,triangle-strategy
2145,V_M_JRM_G_BTL_02900.wav,V_M_JRM_G_BTL_02900,8,8,8,9,เจอร์รอม,battle,male,jerrom,assets/triangle-strategy/approved_voice_references/jerrom.wav,ย๊าก!,,ATTACK_CRY,READY_FOR_GENERATION,,triangle-strategy
2146,V_M_JRM_G_BTL_03000.wav,V_M_JRM_G_BTL_03000,9,9,9,10,เจอร์รอม,battle,male,jerrom,assets/triangle-strategy/approved_voice_references/jerrom.wav,เอ้า!,,ATTACK_CRY,READY_FOR_GENERATION,,triangle-strategy
2147,V_M_JRM_G_BTL_03100.wav,V_M_JRM_G_BTL_03100,10,10,10,11,เจอร์รอม,battle,male,jerrom,assets/triangle-strategy/approved_voice_references/jerrom.wav,ฮึยะ!,,,READY_FOR_GENERATION,,triangle-strategy
2148,V_M_JRM_G_BTL_03200.wav,V_M_JRM_G_BTL_03200,11,11,11,12,เจอร์รอม,battle,male,jerrom,assets/triangle-strategy/approved_voice_references/jerrom.wav,เอ้า!,,ATTACK_CRY,READY_FOR_GENERATION,,triangle-strategy
2149,V_M_JRM_G_BTL_03500.wav,V_M_JRM_G_BTL_03500,12,12,12,13,เจอร์รอม,battle,male,jerrom,assets/triangle-strategy/approved_voice_references/jerrom.wav,จบแล้ว!,,,READY_FOR_GENERATION,,triangle-strategy
2150,V_M_JRM_G_BTL_08800.wav,V_M_JRM_G_BTL_08800,13,13,13,14,เจอร์รอม,battle,male,jerrom,assets/triangle-strategy/approved_voice_references/jerrom.wav,ให้ข้าจัดการ,,,READY_FOR_GENERATION,,triangle-strategy
2151,V_M_JRM_G_BTL_08900.wav,V_M_JRM_G_BTL_08900,14,14,14,15,เจอร์รอม,battle,male,jerrom,assets/triangle-strategy/approved_voice_references/jerrom.wav,ให้ข้าช่วย!,,,READY_FOR_GENERATION,,triangle-strategy
2152,V_M_JRM_G_BTL_09000.wav,V_M_JRM_G_BTL_09000,15,15,15,16,เจอร์รอม,battle,male,jerrom,assets/triangle-strategy/approved_voice_references/jerrom.wav,รับนี่ไป!,,,READY_FOR_GENERATION,,triangle-strategy
2153,V_M_JRM_G_BTL_14200.wav,V_M_JRM_G_BTL_14200,16,16,16,17,เจอร์รอม,battle,male,jerrom,assets/triangle-strategy/approved_voice_references/jerrom.wav,ฮ่า ฮ่า!,,,READY_FOR_GENERATION,,triangle-strategy
2154,V_M_JRM_G_BTL_14300.wav,V_M_JRM_G_BTL_14300,17,17,17,18,เจอร์รอม,battle,male,jerrom,assets/triangle-strategy/approved_voice_references/jerrom.wav,ได้ผล!,,,READY_FOR_GENERATION,,triangle-strategy
2155,V_M_JRM_G_BTL_14400.wav,V_M_JRM_G_BTL_14400,18,18,18,19,เจอร์รอม,battle,male,jerrom,assets/triangle-strategy/approved_voice_references/jerrom.wav,ไม่ได้ผล!,,,READY_FOR_GENERATION,,triangle-strategy
2156,V_M_JRM_G_BTL_14500.wav,V_M_JRM_G_BTL_14500,19,19,19,20,เจอร์รอม,battle,male,jerrom,assets/triangle-strategy/approved_voice_references/jerrom.wav,อะไรนะ?,,,READY_FOR_GENERATION,,triangle-strategy
2157,V_M_JRM_G_BTL_14600.wav,V_M_JRM_G_BTL_14600,20,20,20,21,เจอร์รอม,battle,male,jerrom,assets/triangle-strategy/approved_voice_references/jerrom.wav,อั่ก!,,,READY_FOR_GENERATION,,triangle-strategy
2158,V_M_JRM_G_BTL_14700.wav,V_M_JRM_G_BTL_14700,21,21,21,22,เจอร์รอม,battle,male,jerrom,assets/triangle-strategy/approved_voice_references/jerrom.wav,โอ๊ย!,,HURT_CRY,READY_FOR_GENERATION,,triangle-strategy
2159,V_M_JRM_G_BTL_14800.wav,V_M_JRM_G_BTL_14800,22,22,22,23,เจอร์รอม,battle,male,jerrom,assets/triangle-strategy/approved_voice_references/jerrom.wav,อ๊าก!,,,READY_FOR_GENERATION,,triangle-strategy
2160,V_M_JRM_G_BTL_15000.wav,V_M_JRM_G_BTL_15000,23,23,23,24,เจอร์รอม,battle,male,jerrom,assets/triangle-strategy/approved_voice_references/jerrom.wav,อั่ก!,,HURT_CRY,READY_FOR_GENERATION,,triangle-strategy
2161,V_M_JRM_G_BTL_15100.wav,V_M_JRM_G_BTL_15100,24,24,24,25,เจอร์รอม,battle,male,jerrom,assets/triangle-strategy/approved_voice_references/jerrom.wav,แบร่!,,,READY_FOR_GENERATION,,triangle-strategy
2162,V_M_JRM_G_BTL_15200.wav,V_M_JRM_G_BTL_15200,25,25,25,26,เจอร์รอม,battle,male,jerrom,assets/triangle-strategy/approved_voice_references/jerrom.wav,นั่น!,,,READY_FOR_GENERATION,,triangle-strategy
2163,V_M_JRM_G_BTL_15300.wav,V_M_JRM_G_BTL_15300,26,26,26,27,เจอร์รอม,battle,male,jerrom,assets/triangle-strategy/approved_voice_references/jerrom.wav,เจ้าหนีไม่พ้น!,,,READY_FOR_GENERATION,,triangle-strategy
2164,V_M_JRM_G_BTL_15310.wav,V_M_JRM_G_BTL_15310,27,27,27,28,เจอร์รอม,battle,male,jerrom,assets/triangle-strategy/approved_voice_references/jerrom.wav,ตอนนี้คือโอกาสของข้า!,,,READY_FOR_GENERATION,,triangle-strategy
2165,V_M_JRM_G_BTL_15320.wav,V_M_JRM_G_BTL_15320,28,28,28,29,เจอร์รอม,battle,male,jerrom,assets/triangle-strategy/approved_voice_references/jerrom.wav,ตอนนี้!,,,READY_FOR_GENERATION,,triangle-strategy
2166,V_M_JRM_G_BTL_15400.wav,V_M_JRM_G_BTL_15400,29,29,29,30,เจอร์รอม,battle,male,jerrom,assets/triangle-strategy/approved_voice_references/jerrom.wav,ฮึบ!,,EVADE_GUARD,READY_FOR_GENERATION,,triangle-strategy
2167,V_M_JRM_G_BTL_15500.wav,V_M_JRM_G_BTL_15500,30,30,30,31,เจอร์รอม,battle,male,jerrom,assets/triangle-strategy/approved_voice_references/jerrom.wav,ฮ่า!,,EVADE_GUARD,READY_FOR_GENERATION,,triangle-strategy
2168,V_M_JRM_G_BTL_15600.wav,V_M_JRM_G_BTL_15600,31,31,31,32,เจอร์รอม,battle,male,jerrom,assets/triangle-strategy/approved_voice_references/jerrom.wav,ขอบคุณ,,,READY_FOR_GENERATION,,triangle-strategy
2169,V_M_JRM_G_BTL_15700.wav,V_M_JRM_G_BTL_15700,32,32,32,33,เจอร์รอม,battle,male,jerrom,assets/triangle-strategy/approved_voice_references/jerrom.wav,ข้ายังมีแรงสู้อยู่,,,READY_FOR_GENERATION,,triangle-strategy
2170,V_M_JRM_G_BTL_15800.wav,V_M_JRM_G_BTL_15800,33,33,33,34,เจอร์รอม,battle,male,jerrom,assets/triangle-strategy/approved_voice_references/jerrom.wav,ข้าจะไม่ถูกโค่น,,,READY_FOR_GENERATION,,triangle-strategy
2171,V_M_JRM_G_BTL_15900.wav,V_M_JRM_G_BTL_15900,34,34,34,35,เจอร์รอม,battle,male,jerrom,assets/triangle-strategy/approved_voice_references/jerrom.wav,ยอดเยี่ยม!,,,READY_FOR_GENERATION,,triangle-strategy
2172,V_M_JRM_G_BTL_16000.wav,V_M_JRM_G_BTL_16000,35,35,35,36,เจอร์รอม,battle,male,jerrom,assets/triangle-strategy/approved_voice_references/jerrom.wav,ข้าจะใช้สิ่งนี้ให้คุ้ม,,,READY_FOR_GENERATION,,triangle-strategy
2173,V_M_JRM_G_BTL_16100.wav,V_M_JRM_G_BTL_16100,36,36,36,37,เจอร์รอม,battle,male,jerrom,assets/triangle-strategy/approved_voice_references/jerrom.wav,ข้าต้องการแบบนี้พอดี,,,READY_FOR_GENERATION,,triangle-strategy
2174,V_M_JRM_G_BTL_16200.wav,V_M_JRM_G_BTL_16200,37,37,37,38,เจอร์รอม,battle,male,jerrom,assets/triangle-strategy/approved_voice_references/jerrom.wav,มันไม่ควรจบแบบนี้,,,READY_FOR_GENERATION,,triangle-strategy
2175,V_M_JRM_G_BTL_16300.wav,V_M_JRM_G_BTL_16300,38,38,38,39,เจอร์รอม,battle,male,jerrom,assets/triangle-strategy/approved_voice_references/jerrom.wav,พวกมัน...จัดการข้าได้,,,READY_FOR_GENERATION,,triangle-strategy
2176,V_M_JRM_G_BTL_17410.wav,V_M_JRM_G_BTL_17410,39,39,39,40,เจอร์รอม,battle,male,jerrom,assets/triangle-strategy/approved_voice_references/jerrom.wav,แทงทะลุไป!,,,READY_FOR_GENERATION,,triangle-strategy
2177,V_M_JRM_G_BTL_17411.wav,V_M_JRM_G_BTL_17411,40,40,40,41,เจอร์รอม,battle,male,jerrom,assets/triangle-strategy/approved_voice_references/jerrom.wav,ย่า!,,ATTACK_CRY,READY_FOR_GENERATION,,triangle-strategy
2178,V_M_JRM_G_BTL_17420.wav,V_M_JRM_G_BTL_17420,41,41,41,42,เจอร์รอม,battle,male,jerrom,assets/triangle-strategy/approved_voice_references/jerrom.wav,อย่าดูถูกโรเซลล์เด็ดขาด!,,,READY_FOR_GENERATION,,triangle-strategy
2179,V_M_JRM_G_BTL_17421.wav,V_M_JRM_G_BTL_17421,42,42,42,43,เจอร์รอม,battle,male,jerrom,assets/triangle-strategy/approved_voice_references/jerrom.wav,ฮ่า!,,ATTACK_CRY,READY_FOR_GENERATION,,triangle-strategy
2180,V_M_JRM_G_BTL_17440.wav,V_M_JRM_G_BTL_17440,43,43,43,44,เจอร์รอม,battle,male,jerrom,assets/triangle-strategy/approved_voice_references/jerrom.wav,นี่แหละ!,,,READY_FOR_GENERATION,,triangle-strategy
2181,V_M_JRM_G_BTL_17441.wav,V_M_JRM_G_BTL_17441,44,44,44,45,เจอร์รอม,battle,male,jerrom,assets/triangle-strategy/approved_voice_references/jerrom.wav,ข้าจะไม่ออมมือ!,,,READY_FOR_GENERATION,,triangle-strategy
2182,V_M_JRM_G_BTL_17450.wav,V_M_JRM_G_BTL_17450,45,45,45,46,เจอร์รอม,battle,male,jerrom,assets/triangle-strategy/approved_voice_references/jerrom.wav,นี่คือทั้งหมดที่ข้ามี,,,READY_FOR_GENERATION,,triangle-strategy
2183,V_M_JRM_G_BTL_17460.wav,V_M_JRM_G_BTL_17460,46,46,46,47,เจอร์รอม,battle,male,jerrom,assets/triangle-strategy/approved_voice_references/jerrom.wav,สงครามนี้ไร้ความหมาย,,,READY_FOR_GENERATION,,triangle-strategy
2184,V_M_JUL_BTL_00400.wav,V_M_JUL_BTL_00400,0,0,0,1,ยูลิโอ้,battle,male,julio,assets/triangle-strategy/approved_voice_references/julio.wav,ต่อจากนี้ข้าจัดการเอง,,,READY_FOR_GENERATION,,triangle-strategy
2185,V_M_JUL_BTL_00500.wav,V_M_JUL_BTL_00500,1,1,1,2,ยูลิโอ้,battle,male,julio,assets/triangle-strategy/approved_voice_references/julio.wav,ไม่ว่าจะต้องทำอะไร,,,READY_FOR_GENERATION,,triangle-strategy
2186,V_M_JUL_BTL_00600.wav,V_M_JUL_BTL_00600,2,2,2,3,ยูลิโอ้,battle,male,julio,assets/triangle-strategy/approved_voice_references/julio.wav,ได้เวลาลงมือ,,,READY_FOR_GENERATION,,triangle-strategy
2187,V_M_JUL_BTL_00700.wav,V_M_JUL_BTL_00700,3,3,3,4,ยูลิโอ้,battle,male,julio,assets/triangle-strategy/approved_voice_references/julio.wav,ตีตอนเหล็กร้อน,,,READY_FOR_GENERATION,,triangle-strategy
2188,V_M_JUL_BTL_01700.wav,V_M_JUL_BTL_01700,4,4,4,5,ยูลิโอ้,battle,male,julio,assets/triangle-strategy/approved_voice_references/julio.wav,ข้ายังไม่จบ,,,READY_FOR_GENERATION,,triangle-strategy
2189,V_M_JUL_BTL_01800.wav,V_M_JUL_BTL_01800,5,5,5,6,ยูลิโอ้,battle,male,julio,assets/triangle-strategy/approved_voice_references/julio.wav,ข้ายังมีอีกมากที่ต้องทำ,,,READY_FOR_GENERATION,,triangle-strategy
2190,V_M_JUL_BTL_01900.wav,V_M_JUL_BTL_01900,6,6,6,7,ยูลิโอ้,battle,male,julio,assets/triangle-strategy/approved_voice_references/julio.wav,ข้าทนไหว,,,READY_FOR_GENERATION,,triangle-strategy
2191,V_M_JUL_BTL_02000.wav,V_M_JUL_BTL_02000,7,7,7,8,ยูลิโอ้,battle,male,julio,assets/triangle-strategy/approved_voice_references/julio.wav,ทนต่อไปไม่ไหวแล้ว,,,READY_FOR_GENERATION,,triangle-strategy
2192,V_M_JUL_BTL_02700.wav,V_M_JUL_BTL_02700,8,8,8,9,ยูลิโอ้,battle,male,julio,assets/triangle-strategy/approved_voice_references/julio.wav,โอ๊ะ!,,,READY_FOR_GENERATION,,triangle-strategy
2193,V_M_JUL_BTL_02800.wav,V_M_JUL_BTL_02800,9,9,9,10,ยูลิโอ้,battle,male,julio,assets/triangle-strategy/approved_voice_references/julio.wav,ข้าต้องไปต่อ,,,READY_FOR_GENERATION,,triangle-strategy
2194,V_M_JUL_BTL_02900.wav,V_M_JUL_BTL_02900,10,10,10,11,ยูลิโอ้,battle,male,julio,assets/triangle-strategy/approved_voice_references/julio.wav,เอ้า!,,ATTACK_CRY,READY_FOR_GENERATION,,triangle-strategy
2195,V_M_JUL_BTL_03000.wav,V_M_JUL_BTL_03000,11,11,11,12,ยูลิโอ้,battle,male,julio,assets/triangle-strategy/approved_voice_references/julio.wav,นั่น!,,,READY_FOR_GENERATION,,triangle-strategy
2196,V_M_JUL_BTL_03100.wav,V_M_JUL_BTL_03100,12,12,12,13,ยูลิโอ้,battle,male,julio,assets/triangle-strategy/approved_voice_references/julio.wav,เอ้า!,,ATTACK_CRY,READY_FOR_GENERATION,,triangle-strategy
2197,V_M_JUL_BTL_03200.wav,V_M_JUL_BTL_03200,13,13,13,14,ยูลิโอ้,battle,male,julio,assets/triangle-strategy/approved_voice_references/julio.wav,ชิยะ!,,,READY_FOR_GENERATION,,triangle-strategy
2198,V_M_JUL_BTL_03300.wav,V_M_JUL_BTL_03300,14,14,14,15,ยูลิโอ้,battle,male,julio,assets/triangle-strategy/approved_voice_references/julio.wav,รับนี่ไป!,,,READY_FOR_GENERATION,,triangle-strategy
2199,V_M_JUL_BTL_03400.wav,V_M_JUL_BTL_03400,15,15,15,16,ยูลิโอ้,battle,male,julio,assets/triangle-strategy/approved_voice_references/julio.wav,ลาก่อน!,,,READY_FOR_GENERATION,,triangle-strategy
2200,V_M_JUL_BTL_03500.wav,V_M_JUL_BTL_03500,16,16,16,17,ยูลิโอ้,battle,male,julio,assets/triangle-strategy/approved_voice_references/julio.wav,พอได้แล้ว!,,,READY_FOR_GENERATION,,triangle-strategy
2201,V_M_JUL_BTL_03600.wav,V_M_JUL_BTL_03600,17,17,17,18,ยูลิโอ้,battle,male,julio,assets/triangle-strategy/approved_voice_references/julio.wav,เจ้าจบแล้ว!,,,READY_FOR_GENERATION,,triangle-strategy
2202,V_M_JUL_BTL_08800.wav,V_M_JUL_BTL_08800,18,18,18,19,ยูลิโอ้,battle,male,julio,assets/triangle-strategy/approved_voice_references/julio.wav,เรายังไม่จบ!,,,READY_FOR_GENERATION,,triangle-strategy
2203,V_M_JUL_BTL_08900.wav,V_M_JUL_BTL_08900,19,19,19,20,ยูลิโอ้,battle,male,julio,assets/triangle-strategy/approved_voice_references/julio.wav,รับไปอีกที!,,,READY_FOR_GENERATION,,triangle-strategy
2204,V_M_JUL_BTL_09000.wav,V_M_JUL_BTL_09000,20,20,20,21,ยูลิโอ้,battle,male,julio,assets/triangle-strategy/approved_voice_references/julio.wav,ตอนนี้คือโอกาสของข้า!,,,READY_FOR_GENERATION,,triangle-strategy
2205,V_M_JUL_BTL_14200.wav,V_M_JUL_BTL_14200,21,21,21,22,ยูลิโอ้,battle,male,julio,assets/triangle-strategy/approved_voice_references/julio.wav,สมบูรณ์แบบ!,,,READY_FOR_GENERATION,,triangle-strategy
2206,V_M_JUL_BTL_14300.wav,V_M_JUL_BTL_14300,22,22,22,23,ยูลิโอ้,battle,male,julio,assets/triangle-strategy/approved_voice_references/julio.wav,เข้าเป้าเต็ม ๆ!,,,READY_FOR_GENERATION,,triangle-strategy
2207,V_M_JUL_BTL_14400.wav,V_M_JUL_BTL_14400,23,23,23,24,ยูลิโอ้,battle,male,julio,assets/triangle-strategy/approved_voice_references/julio.wav,ทำไม?,,,READY_FOR_GENERATION,,triangle-strategy
2208,V_M_JUL_BTL_14500.wav,V_M_JUL_BTL_14500,24,24,24,25,ยูลิโอ้,battle,male,julio,assets/triangle-strategy/approved_voice_references/julio.wav,ไม่ได้ผลหรือ?,,,READY_FOR_GENERATION,,triangle-strategy
2209,V_M_JUL_BTL_14600.wav,V_M_JUL_BTL_14600,25,25,25,26,ยูลิโอ้,battle,male,julio,assets/triangle-strategy/approved_voice_references/julio.wav,โอ๊ย!,,HURT_CRY,READY_FOR_GENERATION,,triangle-strategy
2210,V_M_JUL_BTL_14700.wav,V_M_JUL_BTL_14700,26,26,26,27,ยูลิโอ้,battle,male,julio,assets/triangle-strategy/approved_voice_references/julio.wav,อั่ก!,,,READY_FOR_GENERATION,,triangle-strategy
2211,V_M_JUL_BTL_14800.wav,V_M_JUL_BTL_14800,27,27,27,28,ยูลิโอ้,battle,male,julio,assets/triangle-strategy/approved_voice_references/julio.wav,โอ๊ย!,,HURT_CRY,READY_FOR_GENERATION,,triangle-strategy
2212,V_M_JUL_BTL_14900.wav,V_M_JUL_BTL_14900,28,28,28,29,ยูลิโอ้,battle,male,julio,assets/triangle-strategy/approved_voice_references/julio.wav,โอ๊ย!,,HURT_CRY,READY_FOR_GENERATION,,triangle-strategy
2213,V_M_JUL_BTL_15000.wav,V_M_JUL_BTL_15000,29,29,29,30,ยูลิโอ้,battle,male,julio,assets/triangle-strategy/approved_voice_references/julio.wav,อั่ก!,,HURT_CRY,READY_FOR_GENERATION,,triangle-strategy
2214,V_M_JUL_BTL_15100.wav,V_M_JUL_BTL_15100,30,30,30,31,ยูลิโอ้,battle,male,julio,assets/triangle-strategy/approved_voice_references/julio.wav,ไม่!,,,READY_FOR_GENERATION,,triangle-strategy
2215,V_M_JUL_BTL_15200.wav,V_M_JUL_BTL_15200,31,31,31,32,ยูลิโอ้,battle,male,julio,assets/triangle-strategy/approved_voice_references/julio.wav,เอาคืนไป!,,,READY_FOR_GENERATION,,triangle-strategy
2216,V_M_JUL_BTL_15300.wav,V_M_JUL_BTL_15300,32,32,32,33,ยูลิโอ้,battle,male,julio,assets/triangle-strategy/approved_voice_references/julio.wav,เจ้าต้องชดใช้!,,,READY_FOR_GENERATION,,triangle-strategy
2217,V_M_JUL_BTL_15310.wav,V_M_JUL_BTL_15310,33,33,33,34,ยูลิโอ้,battle,male,julio,assets/triangle-strategy/approved_voice_references/julio.wav,ฮ่า! จับได้แล้ว!,,,READY_FOR_GENERATION,,triangle-strategy
2218,V_M_JUL_BTL_15320.wav,V_M_JUL_BTL_15320,34,34,34,35,ยูลิโอ้,battle,male,julio,assets/triangle-strategy/approved_voice_references/julio.wav,เปิดช่องแล้ว!,,,READY_FOR_GENERATION,,triangle-strategy
2219,V_M_JUL_BTL_15400.wav,V_M_JUL_BTL_15400,35,35,35,36,ยูลิโอ้,battle,male,julio,assets/triangle-strategy/approved_voice_references/julio.wav,ไม่มีประโยชน์,,,READY_FOR_GENERATION,,triangle-strategy
2220,V_M_JUL_BTL_15500.wav,V_M_JUL_BTL_15500,36,36,36,37,ยูลิโอ้,battle,male,julio,assets/triangle-strategy/approved_voice_references/julio.wav,ช้าไป!,,,READY_FOR_GENERATION,,triangle-strategy
2221,V_M_JUL_BTL_15600.wav,V_M_JUL_BTL_15600,37,37,37,38,ยูลิโอ้,battle,male,julio,assets/triangle-strategy/approved_voice_references/julio.wav,ขอบคุณ,,,READY_FOR_GENERATION,,triangle-strategy
2222,V_M_JUL_BTL_15700.wav,V_M_JUL_BTL_15700,38,38,38,39,ยูลิโอ้,battle,male,julio,assets/triangle-strategy/approved_voice_references/julio.wav,ดีขึ้นมาก,,,READY_FOR_GENERATION,,triangle-strategy
2223,V_M_JUL_BTL_15800.wav,V_M_JUL_BTL_15800,39,39,39,40,ยูลิโอ้,battle,male,julio,assets/triangle-strategy/approved_voice_references/julio.wav,ขอบคุณมาก,,,READY_FOR_GENERATION,,triangle-strategy
2224,V_M_JUL_BTL_15900.wav,V_M_JUL_BTL_15900,40,40,40,41,ยูลิโอ้,battle,male,julio,assets/triangle-strategy/approved_voice_references/julio.wav,ขอบใจนะ,,,READY_FOR_GENERATION,,triangle-strategy
2225,V_M_JUL_BTL_16000.wav,V_M_JUL_BTL_16000,41,41,41,42,ยูลิโอ้,battle,male,julio,assets/triangle-strategy/approved_voice_references/julio.wav,ช่วยได้มากเลย,,,READY_FOR_GENERATION,,triangle-strategy
2226,V_M_JUL_BTL_16100.wav,V_M_JUL_BTL_16100,42,42,42,43,ยูลิโอ้,battle,male,julio,assets/triangle-strategy/approved_voice_references/julio.wav,ข้าจะช่วยเท่าที่ช่วยได้,,,READY_FOR_GENERATION,,triangle-strategy
2227,V_M_JUL_BTL_16200.wav,V_M_JUL_BTL_16200,43,43,43,44,ยูลิโอ้,battle,male,julio,assets/triangle-strategy/approved_voice_references/julio.wav,ขอโทษ,,,READY_FOR_GENERATION,,triangle-strategy
2228,V_M_JUL_BTL_16300.wav,V_M_JUL_BTL_16300,44,44,44,45,ยูลิโอ้,battle,male,julio,assets/triangle-strategy/approved_voice_references/julio.wav,ข้าไม่ได้ตั้งใจทำให้ผิดหวัง,,,READY_FOR_GENERATION,,triangle-strategy
2229,V_M_JUL_BTL_16400.wav,V_M_JUL_BTL_16400,45,45,45,46,ยูลิโอ้,battle,male,julio,assets/triangle-strategy/approved_voice_references/julio.wav,เป็นไงล่ะ?,,,READY_FOR_GENERATION,,triangle-strategy
2230,V_M_JUL_BTL_16500.wav,V_M_JUL_BTL_16500,46,46,46,47,ยูลิโอ้,battle,male,julio,assets/triangle-strategy/approved_voice_references/julio.wav,นี่,,,READY_FOR_GENERATION,,triangle-strategy
2231,V_M_JUL_BTL_16600.wav,V_M_JUL_BTL_16600,47,47,47,48,ยูลิโอ้,battle,male,julio,assets/triangle-strategy/approved_voice_references/julio.wav,เอาล่ะ!,,,READY_FOR_GENERATION,,triangle-strategy
2232,V_M_JUL_BTL_17410.wav,V_M_JUL_BTL_17410,48,48,48,49,ยูลิโอ้,battle,male,julio,assets/triangle-strategy/approved_voice_references/julio.wav,แบบนี้น่าจะได้!,,,READY_FOR_GENERATION,,triangle-strategy
2233,V_M_JUL_BTL_17411.wav,V_M_JUL_BTL_17411,49,49,49,50,ยูลิโอ้,battle,male,julio,assets/triangle-strategy/approved_voice_references/julio.wav,เจ้าจบเห่แล้ว!,,,READY_FOR_GENERATION,,triangle-strategy
2234,V_M_JUL_BTL_17412.wav,V_M_JUL_BTL_17412,50,50,50,51,ยูลิโอ้,battle,male,julio,assets/triangle-strategy/approved_voice_references/julio.wav,ไม่ออมมือ!,,,READY_FOR_GENERATION,,triangle-strategy
2235,V_M_JUL_BTL_17413.wav,V_M_JUL_BTL_17413,51,51,51,52,ยูลิโอ้,battle,male,julio,assets/triangle-strategy/approved_voice_references/julio.wav,เราทำได้!,,,READY_FOR_GENERATION,,triangle-strategy
2236,V_M_JUL_BTL_17414.wav,V_M_JUL_BTL_17414,52,52,52,53,ยูลิโอ้,battle,male,julio,assets/triangle-strategy/approved_voice_references/julio.wav,ยังไม่จบแค่นี้,,,READY_FOR_GENERATION,,triangle-strategy
2237,V_M_JUL_BTL_17415.wav,V_M_JUL_BTL_17415,53,53,53,54,ยูลิโอ้,battle,male,julio,assets/triangle-strategy/approved_voice_references/julio.wav,เอาล่ะ!,,,READY_FOR_GENERATION,,triangle-strategy
2238,V_M_JUL_BTL_17416.wav,V_M_JUL_BTL_17416,54,54,54,55,ยูลิโอ้,battle,male,julio,assets/triangle-strategy/approved_voice_references/julio.wav,ข้าจัดการได้,,,READY_FOR_GENERATION,,triangle-strategy
2239,V_M_JUL_BTL_17417.wav,V_M_JUL_BTL_17417,55,55,55,56,ยูลิโอ้,battle,male,julio,assets/triangle-strategy/approved_voice_references/julio.wav,ฝากไว้กับข้า!,,,READY_FOR_GENERATION,,triangle-strategy
2240,V_M_JUL_BTL_17418.wav,V_M_JUL_BTL_17418,56,56,56,57,ยูลิโอ้,battle,male,julio,assets/triangle-strategy/approved_voice_references/julio.wav,ข้าต้องเชื่อในตัวเอง,,,READY_FOR_GENERATION,,triangle-strategy
2241,V_M_JUL_BTL_17419.wav,V_M_JUL_BTL_17419,57,57,57,58,ยูลิโอ้,battle,male,julio,assets/triangle-strategy/approved_voice_references/julio.wav,หยุดก่อน!,,,READY_FOR_GENERATION,,triangle-strategy
2242,V_M_JUL_BTL_17420.wav,V_M_JUL_BTL_17420,58,58,58,59,ยูลิโอ้,battle,male,julio,assets/triangle-strategy/approved_voice_references/julio.wav,เข้ามา!,,,READY_FOR_GENERATION,,triangle-strategy
2243,V_M_JUL_BTL_17421.wav,V_M_JUL_BTL_17421,59,59,59,60,ยูลิโอ้,battle,male,julio,assets/triangle-strategy/approved_voice_references/julio.wav,ฮ่ะ!,,ATTACK_CRY,READY_FOR_GENERATION,,triangle-strategy
2244,V_M_JUL_BTL_17440.wav,V_M_JUL_BTL_17440,60,60,60,61,ยูลิโอ้,battle,male,julio,assets/triangle-strategy/approved_voice_references/julio.wav,ลุยกันเลย!,,,READY_FOR_GENERATION,,triangle-strategy
2245,V_M_JUL_BTL_17441.wav,V_M_JUL_BTL_17441,61,61,61,62,ยูลิโอ้,battle,male,julio,assets/triangle-strategy/approved_voice_references/julio.wav,เจ้าทำได้!,,,READY_FOR_GENERATION,,triangle-strategy
2246,V_M_JUL_BTL_17442.wav,V_M_JUL_BTL_17442,62,62,62,63,ยูลิโอ้,battle,male,julio,assets/triangle-strategy/approved_voice_references/julio.wav,ต้องอดทนไว้,,,READY_FOR_GENERATION,,triangle-strategy
2247,V_M_JUL_BTL_17443.wav,V_M_JUL_BTL_17443,63,63,63,64,ยูลิโอ้,battle,male,julio,assets/triangle-strategy/approved_voice_references/julio.wav,ข้าเชื่อใจเจ้า,,,READY_FOR_GENERATION,,triangle-strategy
2248,V_M_JUL_BTL_17444.wav,V_M_JUL_BTL_17444,64,64,64,65,ยูลิโอ้,battle,male,julio,assets/triangle-strategy/approved_voice_references/julio.wav,ข้าจะทำเท่าที่ทำได้,,,READY_FOR_GENERATION,,triangle-strategy
2249,V_M_JUL_BTL_17450.wav,V_M_JUL_BTL_17450,65,65,65,66,ยูลิโอ้,battle,male,julio,assets/triangle-strategy/approved_voice_references/julio.wav,ข้าจะยืนหยัดตรงนี้,,,READY_FOR_GENERATION,,triangle-strategy
2250,V_M_JUL_BTL_17451.wav,V_M_JUL_BTL_17451,66,66,66,67,ยูลิโอ้,battle,male,julio,assets/triangle-strategy/approved_voice_references/julio.wav,พ่ายแพ้ไม่ได้!,,,READY_FOR_GENERATION,,triangle-strategy
2251,V_M_JUL_BTL_17452.wav,V_M_JUL_BTL_17452,67,67,67,68,ยูลิโอ้,battle,male,julio,assets/triangle-strategy/approved_voice_references/julio.wav,ยืนหยัดไว้!,,,READY_FOR_GENERATION,,triangle-strategy
2252,V_M_JUL_BTL_17460.wav,V_M_JUL_BTL_17460,68,68,68,69,ยูลิโอ้,battle,male,julio,assets/triangle-strategy/approved_voice_references/julio.wav,รับนี่ไป!,,,READY_FOR_GENERATION,,triangle-strategy
2253,V_M_JUL_BTL_17461.wav,V_M_JUL_BTL_17461,69,69,69,70,ยูลิโอ้,battle,male,julio,assets/triangle-strategy/approved_voice_references/julio.wav,แบบนี้จะได้ผลไหม?,,,READY_FOR_GENERATION,,triangle-strategy
2254,V_M_JUL_BTL_17480.wav,V_M_JUL_BTL_17480,70,70,70,71,ยูลิโอ้,battle,male,julio,assets/triangle-strategy/approved_voice_references/julio.wav,เจ้าทำให้ข้าโกรธแล้ว,,,READY_FOR_GENERATION,,triangle-strategy
2255,V_M_JUL_BTL_17490.wav,V_M_JUL_BTL_17490,71,71,71,72,ยูลิโอ้,battle,male,julio,assets/triangle-strategy/approved_voice_references/julio.wav,พอได้แล้ว!,,,READY_FOR_GENERATION,,triangle-strategy
2256,V_M_JUL_BTL_17491.wav,V_M_JUL_BTL_17491,72,72,72,73,ยูลิโอ้,battle,male,julio,assets/triangle-strategy/approved_voice_references/julio.wav,ฮ่า!,,ATTACK_CRY,READY_FOR_GENERATION,,triangle-strategy
2257,V_M_JUL_BTL_17500.wav,V_M_JUL_BTL_17500,73,73,73,74,ยูลิโอ้,battle,male,julio,assets/triangle-strategy/approved_voice_references/julio.wav,บอกข้ามาว่าต้องทำอะไร,,,READY_FOR_GENERATION,,triangle-strategy
2258,V_M_JUL_BTL_17600.wav,V_M_JUL_BTL_17600,74,74,74,75,ยูลิโอ้,battle,male,julio,assets/triangle-strategy/approved_voice_references/julio.wav,พร้อมรับใช้นายท่านเสมอ,,,READY_FOR_GENERATION,,triangle-strategy
2259,V_M_JUL_BTL_17700.wav,V_M_JUL_BTL_17700,75,75,75,76,ยูลิโอ้,battle,male,julio,assets/triangle-strategy/approved_voice_references/julio.wav,ข้าจะติดตามท่านอย่างซื่อสัตย์จนวาระสุดท้าย,,,READY_FOR_GENERATION,,triangle-strategy
2260,V_M_JUL_BTL_17800.wav,V_M_JUL_BTL_17800,76,76,76,77,ยูลิโอ้,battle,male,julio,assets/triangle-strategy/approved_voice_references/julio.wav,เป็นเกียรติและอภิสิทธิ์ที่ได้รับใช้,,,READY_FOR_GENERATION,,triangle-strategy
2261,V_M_JUL_BTL_17900.wav,V_M_JUL_BTL_17900,77,77,77,78,ยูลิโอ้,battle,male,julio,assets/triangle-strategy/approved_voice_references/julio.wav,เข้าใจแล้ว,,,READY_FOR_GENERATION,,triangle-strategy
2262,V_M_JUL_BTL_18000.wav,V_M_JUL_BTL_18000,78,78,78,79,ยูลิโอ้,battle,male,julio,assets/triangle-strategy/approved_voice_references/julio.wav,ข้าจะทำให้ดีที่สุด,,,READY_FOR_GENERATION,,triangle-strategy
2263,V_M_JUL_BTL_18200.wav,V_M_JUL_BTL_18200,79,79,79,80,ยูลิโอ้,battle,male,julio,assets/triangle-strategy/approved_voice_references/julio.wav,ข้าแข็งแกร่งขึ้นทุกวัน,,,READY_FOR_GENERATION,,triangle-strategy
2264,V_M_JUL_BTL_18300.wav,V_M_JUL_BTL_18300,80,80,80,81,ยูลิโอ้,battle,male,julio,assets/triangle-strategy/approved_voice_references/julio.wav,ข้ายังมีที่ให้พัฒนา,,,READY_FOR_GENERATION,,triangle-strategy
2265,V_M_KNS_E_BTL_00400.wav,V_M_KNS_E_BTL_00400,0,0,0,1,แคมเซลล์,battle,male,kamsell,assets/triangle-strategy/approved_voice_references/kamsell.wav,ไปกันไหม?,,,READY_FOR_GENERATION,,triangle-strategy
2266,V_M_KNS_E_BTL_00500.wav,V_M_KNS_E_BTL_00500,1,1,1,2,แคมเซลล์,battle,male,kamsell,assets/triangle-strategy/approved_voice_references/kamsell.wav,ข้าไม่เหลือผู้รอดชีวิต,,,READY_FOR_GENERATION,,triangle-strategy
2267,V_M_KNS_E_BTL_00600.wav,V_M_KNS_E_BTL_00600,2,2,2,3,แคมเซลล์,battle,male,kamsell,assets/triangle-strategy/approved_voice_references/kamsell.wav,ทุกอย่างย่อมมีผลตามมา,,,READY_FOR_GENERATION,,triangle-strategy
2268,V_M_KNS_E_BTL_01700.wav,V_M_KNS_E_BTL_01700,3,3,3,4,แคมเซลล์,battle,male,kamsell,assets/triangle-strategy/approved_voice_references/kamsell.wav,ฝีมือน่าชื่นชม,,,READY_FOR_GENERATION,,triangle-strategy
2269,V_M_KNS_E_BTL_01800.wav,V_M_KNS_E_BTL_01800,4,4,4,5,แคมเซลล์,battle,male,kamsell,assets/triangle-strategy/approved_voice_references/kamsell.wav,นึกว่าข้าจะเก่งกว่านี้,,,READY_FOR_GENERATION,,triangle-strategy
2270,V_M_KNS_E_BTL_01900.wav,V_M_KNS_E_BTL_01900,5,5,5,6,แคมเซลล์,battle,male,kamsell,assets/triangle-strategy/approved_voice_references/kamsell.wav,อ่ะ!,,HURT_CRY,READY_FOR_GENERATION,,triangle-strategy
2271,V_M_KNS_E_BTL_02700.wav,V_M_KNS_E_BTL_02700,6,6,6,7,แคมเซลล์,battle,male,kamsell,assets/triangle-strategy/approved_voice_references/kamsell.wav,แค่นี้ไม่เป็นไร,,,READY_FOR_GENERATION,,triangle-strategy
2272,V_M_KNS_E_BTL_02800.wav,V_M_KNS_E_BTL_02800,7,7,7,8,แคมเซลล์,battle,male,kamsell,assets/triangle-strategy/approved_voice_references/kamsell.wav,ฮ่า! ฮ่า! ฮ่า! ฮ่า! ฮ่า! ฮ่า!,,,READY_FOR_GENERATION,,triangle-strategy
2273,V_M_KNS_E_BTL_02900.wav,V_M_KNS_E_BTL_02900,8,8,8,9,แคมเซลล์,battle,male,kamsell,assets/triangle-strategy/approved_voice_references/kamsell.wav,เอ้า!,,ATTACK_CRY,READY_FOR_GENERATION,,triangle-strategy
2274,V_M_KNS_E_BTL_03000.wav,V_M_KNS_E_BTL_03000,9,9,9,10,แคมเซลล์,battle,male,kamsell,assets/triangle-strategy/approved_voice_references/kamsell.wav,รับนี่ไป!,,,READY_FOR_GENERATION,,triangle-strategy
2275,V_M_KNS_E_BTL_03100.wav,V_M_KNS_E_BTL_03100,10,10,10,11,แคมเซลล์,battle,male,kamsell,assets/triangle-strategy/approved_voice_references/kamsell.wav,เสียแรงเปล่า!,,,READY_FOR_GENERATION,,triangle-strategy
2276,V_M_KNS_E_BTL_03200.wav,V_M_KNS_E_BTL_03200,11,11,11,12,แคมเซลล์,battle,male,kamsell,assets/triangle-strategy/approved_voice_references/kamsell.wav,ยอดเยี่ยม!,,,READY_FOR_GENERATION,,triangle-strategy
2277,V_M_KNS_E_BTL_03500.wav,V_M_KNS_E_BTL_03500,12,12,12,13,แคมเซลล์,battle,male,kamsell,assets/triangle-strategy/approved_voice_references/kamsell.wav,ตายซะ!,,,READY_FOR_GENERATION,,triangle-strategy
2278,V_M_KNS_E_BTL_08800.wav,V_M_KNS_E_BTL_08800,13,13,13,14,แคมเซลล์,battle,male,kamsell,assets/triangle-strategy/approved_voice_references/kamsell.wav,ขอความเมตตาจากเทพธิดาซะ!,,,READY_FOR_GENERATION,,triangle-strategy
2279,V_M_KNS_E_BTL_08900.wav,V_M_KNS_E_BTL_08900,14,14,14,15,แคมเซลล์,battle,male,kamsell,assets/triangle-strategy/approved_voice_references/kamsell.wav,คนนอกรีต!,,,READY_FOR_GENERATION,,triangle-strategy
2280,V_M_KNS_E_BTL_09000.wav,V_M_KNS_E_BTL_09000,15,15,15,16,แคมเซลล์,battle,male,kamsell,assets/triangle-strategy/approved_voice_references/kamsell.wav,นี่แหละ!,,,READY_FOR_GENERATION,,triangle-strategy
2281,V_M_KNS_E_BTL_14200.wav,V_M_KNS_E_BTL_14200,16,16,16,17,แคมเซลล์,battle,male,kamsell,assets/triangle-strategy/approved_voice_references/kamsell.wav,อ้า!,,HURT_CRY,READY_FOR_GENERATION,,triangle-strategy
2282,V_M_KNS_E_BTL_14300.wav,V_M_KNS_E_BTL_14300,17,17,17,18,แคมเซลล์,battle,male,kamsell,assets/triangle-strategy/approved_voice_references/kamsell.wav,ข้าเห็นเจ้า,,,READY_FOR_GENERATION,,triangle-strategy
2283,V_M_KNS_E_BTL_14400.wav,V_M_KNS_E_BTL_14400,18,18,18,19,แคมเซลล์,battle,male,kamsell,assets/triangle-strategy/approved_voice_references/kamsell.wav,พวกมันต่อต้านข้าหรือ?,,,READY_FOR_GENERATION,,triangle-strategy
2284,V_M_KNS_E_BTL_14500.wav,V_M_KNS_E_BTL_14500,19,19,19,20,แคมเซลล์,battle,male,kamsell,assets/triangle-strategy/approved_voice_references/kamsell.wav,บ้าเอ๊ย!,,,READY_FOR_GENERATION,,triangle-strategy
2285,V_M_KNS_E_BTL_14600.wav,V_M_KNS_E_BTL_14600,20,20,20,21,แคมเซลล์,battle,male,kamsell,assets/triangle-strategy/approved_voice_references/kamsell.wav,อึก!,,HURT_CRY,READY_FOR_GENERATION,,triangle-strategy
2286,V_M_KNS_E_BTL_14700.wav,V_M_KNS_E_BTL_14700,21,21,21,22,แคมเซลล์,battle,male,kamsell,assets/triangle-strategy/approved_voice_references/kamsell.wav,อ๊าก!,,HURT_CRY,READY_FOR_GENERATION,,triangle-strategy
2287,V_M_KNS_E_BTL_14800.wav,V_M_KNS_E_BTL_14800,22,22,22,23,แคมเซลล์,battle,male,kamsell,assets/triangle-strategy/approved_voice_references/kamsell.wav,โอ๊ย!,,HURT_CRY,READY_FOR_GENERATION,,triangle-strategy
2288,V_M_KNS_E_BTL_15000.wav,V_M_KNS_E_BTL_15000,23,23,23,24,แคมเซลล์,battle,male,kamsell,assets/triangle-strategy/approved_voice_references/kamsell.wav,อ๊าก!,,HURT_CRY,READY_FOR_GENERATION,,triangle-strategy
2289,V_M_KNS_E_BTL_15100.wav,V_M_KNS_E_BTL_15100,24,24,24,25,แคมเซลล์,battle,male,kamsell,assets/triangle-strategy/approved_voice_references/kamsell.wav,อึก!,,HURT_CRY,READY_FOR_GENERATION,,triangle-strategy
2290,V_M_KNS_E_BTL_15200.wav,V_M_KNS_E_BTL_15200,38,38,38,26,แคมเซลล์,battle,male,kamsell,assets/triangle-strategy/approved_voice_references/kamsell.wav,พอได้แล้ว!,,,READY_FOR_GENERATION,,triangle-strategy
2291,V_M_KNS_E_BTL_15300.wav,V_M_KNS_E_BTL_15300,39,39,39,27,แคมเซลล์,battle,male,kamsell,assets/triangle-strategy/approved_voice_references/kamsell.wav,นี่แหละ!,,,READY_FOR_GENERATION,,triangle-strategy
2292,V_M_KNS_E_BTL_15400.wav,V_M_KNS_E_BTL_15400,25,25,25,28,แคมเซลล์,battle,male,kamsell,assets/triangle-strategy/approved_voice_references/kamsell.wav,ฮ่า!,,EVADE_GUARD,READY_FOR_GENERATION,,triangle-strategy
2293,V_M_KNS_E_BTL_15500.wav,V_M_KNS_E_BTL_15500,26,26,26,29,แคมเซลล์,battle,male,kamsell,assets/triangle-strategy/approved_voice_references/kamsell.wav,หึ!,,EVADE_GUARD,READY_FOR_GENERATION,,triangle-strategy
2294,V_M_KNS_E_BTL_15600.wav,V_M_KNS_E_BTL_15600,27,27,27,30,แคมเซลล์,battle,male,kamsell,assets/triangle-strategy/approved_voice_references/kamsell.wav,ทำได้ดี,,,READY_FOR_GENERATION,,triangle-strategy
2295,V_M_KNS_E_BTL_15700.wav,V_M_KNS_E_BTL_15700,28,28,28,31,แคมเซลล์,battle,male,kamsell,assets/triangle-strategy/approved_voice_references/kamsell.wav,ขอบคุณมาก,,,READY_FOR_GENERATION,,triangle-strategy
2296,V_M_KNS_E_BTL_15900.wav,V_M_KNS_E_BTL_15900,29,29,29,32,แคมเซลล์,battle,male,kamsell,assets/triangle-strategy/approved_voice_references/kamsell.wav,ข้าจะตอบแทนให้สาสม,,,READY_FOR_GENERATION,,triangle-strategy
2297,V_M_KNS_E_BTL_16000.wav,V_M_KNS_E_BTL_16000,30,30,30,33,แคมเซลล์,battle,male,kamsell,assets/triangle-strategy/approved_voice_references/kamsell.wav,ข้าติดหนี้บุญคุณเจ้า,,,READY_FOR_GENERATION,,triangle-strategy
2298,V_M_KNS_E_BTL_16200.wav,V_M_KNS_E_BTL_16200,31,31,31,34,แคมเซลล์,battle,male,kamsell,assets/triangle-strategy/approved_voice_references/kamsell.wav,ไม่!,,,READY_FOR_GENERATION,,triangle-strategy
2299,V_M_KNS_E_BTL_17410.wav,V_M_KNS_E_BTL_17410,32,32,32,35,แคมเซลล์,battle,male,kamsell,assets/triangle-strategy/approved_voice_references/kamsell.wav,อ้าก!,,HURT_CRY,READY_FOR_GENERATION,,triangle-strategy
2300,V_M_KNS_E_BTL_17411.wav,V_M_KNS_E_BTL_17411,33,33,33,36,แคมเซลล์,battle,male,kamsell,assets/triangle-strategy/approved_voice_references/kamsell.wav,ข้าจะไม่ออมมือ!,,,READY_FOR_GENERATION,,triangle-strategy
2301,V_M_KNS_E_BTL_17420.wav,V_M_KNS_E_BTL_17420,34,34,34,37,แคมเซลล์,battle,male,kamsell,assets/triangle-strategy/approved_voice_references/kamsell.wav,มีดีแค่นี้รึ?,,,READY_FOR_GENERATION,,triangle-strategy
2302,V_M_KNS_E_BTL_17421.wav,V_M_KNS_E_BTL_17421,35,35,35,38,แคมเซลล์,battle,male,kamsell,assets/triangle-strategy/approved_voice_references/kamsell.wav,นั่น!,,,READY_FOR_GENERATION,,triangle-strategy
2303,V_M_KNS_E_BTL_17450.wav,V_M_KNS_E_BTL_17450,36,36,36,39,แคมเซลล์,battle,male,kamsell,assets/triangle-strategy/approved_voice_references/kamsell.wav,จงชี้ดาบมาที่ข้า แล้วดูว่าจะเกิดอะไรขึ้น,,,READY_FOR_GENERATION,,triangle-strategy
2304,V_M_KNS_E_BTL_17451.wav,V_M_KNS_E_BTL_17451,37,37,37,40,แคมเซลล์,battle,male,kamsell,assets/triangle-strategy/approved_voice_references/kamsell.wav,ฮ่า! เข้ามา!,,,READY_FOR_GENERATION,,triangle-strategy
2305,V_M_KOH_BTL_00400.wav,V_M_KOH_BTL_00400,0,0,0,1,โคฮัก,battle,male,quahaug,assets/triangle-strategy/approved_voice_references/quahaug.wav,เอาล่ะ!,,,READY_FOR_GENERATION,,triangle-strategy
2306,V_M_KOH_BTL_00500.wav,V_M_KOH_BTL_00500,1,1,1,2,โคฮัก,battle,male,quahaug,assets/triangle-strategy/approved_voice_references/quahaug.wav,ถึงตาข้าหรือ?,,,READY_FOR_GENERATION,,triangle-strategy
2307,V_M_KOH_BTL_00600.wav,V_M_KOH_BTL_00600,2,2,2,3,โคฮัก,battle,male,quahaug,assets/triangle-strategy/approved_voice_references/quahaug.wav,ข้าต้องรักษาสติให้แจ่มใส,,,READY_FOR_GENERATION,,triangle-strategy
2308,V_M_KOH_BTL_00700.wav,V_M_KOH_BTL_00700,3,3,3,4,โคฮัก,battle,male,quahaug,assets/triangle-strategy/approved_voice_references/quahaug.wav,ข้าจะพยายามให้ดีที่สุด,,,READY_FOR_GENERATION,,triangle-strategy
2309,V_M_KOH_BTL_01700.wav,V_M_KOH_BTL_01700,4,4,4,5,โคฮัก,battle,male,quahaug,assets/triangle-strategy/approved_voice_references/quahaug.wav,ข้าควรทำยังไงดี?,,,READY_FOR_GENERATION,,triangle-strategy
2310,V_M_KOH_BTL_01800.wav,V_M_KOH_BTL_01800,5,5,5,6,โคฮัก,battle,male,quahaug,assets/triangle-strategy/approved_voice_references/quahaug.wav,ข้ายังตายไม่ได้ ข้าต้องเจอแม่อีกครั้ง,,,READY_FOR_GENERATION,,triangle-strategy
2311,V_M_KOH_BTL_01900.wav,V_M_KOH_BTL_01900,6,6,6,7,โคฮัก,battle,male,quahaug,assets/triangle-strategy/approved_voice_references/quahaug.wav,ข้าทำอะไรผิด?,,,READY_FOR_GENERATION,,triangle-strategy
2312,V_M_KOH_BTL_02000.wav,V_M_KOH_BTL_02000,7,7,7,8,โคฮัก,battle,male,quahaug,assets/triangle-strategy/approved_voice_references/quahaug.wav,ข้ายังไปต่อได้!,,,READY_FOR_GENERATION,,triangle-strategy
2313,V_M_KOH_BTL_02700.wav,V_M_KOH_BTL_02700,8,8,8,9,โคฮัก,battle,male,quahaug,assets/triangle-strategy/approved_voice_references/quahaug.wav,ช่วยข้าด้วย ได้โปรด!,,,READY_FOR_GENERATION,,triangle-strategy
2314,V_M_KOH_BTL_02800.wav,V_M_KOH_BTL_02800,9,9,9,10,โคฮัก,battle,male,quahaug,assets/triangle-strategy/approved_voice_references/quahaug.wav,เจ็บ!,,,READY_FOR_GENERATION,,triangle-strategy
2315,V_M_KOH_BTL_02900.wav,V_M_KOH_BTL_02900,10,10,10,11,โคฮัก,battle,male,quahaug,assets/triangle-strategy/approved_voice_references/quahaug.wav,ฮึ่ย!,,ATTACK_CRY,READY_FOR_GENERATION,,triangle-strategy
2316,V_M_KOH_BTL_03000.wav,V_M_KOH_BTL_03000,11,11,11,12,โคฮัก,battle,male,quahaug,assets/triangle-strategy/approved_voice_references/quahaug.wav,เอ้า!,,ATTACK_CRY,READY_FOR_GENERATION,,triangle-strategy
2317,V_M_KOH_BTL_03100.wav,V_M_KOH_BTL_03100,12,12,12,13,โคฮัก,battle,male,quahaug,assets/triangle-strategy/approved_voice_references/quahaug.wav,เคียะ!,,,READY_FOR_GENERATION,,triangle-strategy
2318,V_M_KOH_BTL_03200.wav,V_M_KOH_BTL_03200,13,13,13,14,โคฮัก,battle,male,quahaug,assets/triangle-strategy/approved_voice_references/quahaug.wav,ฮึ่ม!,,,READY_FOR_GENERATION,,triangle-strategy
2319,V_M_KOH_BTL_03300.wav,V_M_KOH_BTL_03300,14,14,14,15,โคฮัก,battle,male,quahaug,assets/triangle-strategy/approved_voice_references/quahaug.wav,นี่!,,,READY_FOR_GENERATION,,triangle-strategy
2320,V_M_KOH_BTL_03400.wav,V_M_KOH_BTL_03400,15,15,15,16,โคฮัก,battle,male,quahaug,assets/triangle-strategy/approved_voice_references/quahaug.wav,ฮ้า!,,ATTACK_CRY,READY_FOR_GENERATION,,triangle-strategy
2321,V_M_KOH_BTL_03500.wav,V_M_KOH_BTL_03500,16,16,16,17,โคฮัก,battle,male,quahaug,assets/triangle-strategy/approved_voice_references/quahaug.wav,รับนี่ไป!,,,READY_FOR_GENERATION,,triangle-strategy
2322,V_M_KOH_BTL_03600.wav,V_M_KOH_BTL_03600,17,17,17,18,โคฮัก,battle,male,quahaug,assets/triangle-strategy/approved_voice_references/quahaug.wav,ขอโทษ!,,,READY_FOR_GENERATION,,triangle-strategy
2323,V_M_KOH_BTL_08800.wav,V_M_KOH_BTL_08800,18,18,18,19,โคฮัก,battle,male,quahaug,assets/triangle-strategy/approved_voice_references/quahaug.wav,นี่ก็เป็นชะตากรรม!,,,READY_FOR_GENERATION,,triangle-strategy
2324,V_M_KOH_BTL_08900.wav,V_M_KOH_BTL_08900,19,19,19,20,โคฮัก,battle,male,quahaug,assets/triangle-strategy/approved_voice_references/quahaug.wav,ตอนนี้แหละ!,,,READY_FOR_GENERATION,,triangle-strategy
2325,V_M_KOH_BTL_09000.wav,V_M_KOH_BTL_09000,20,20,20,21,โคฮัก,battle,male,quahaug,assets/triangle-strategy/approved_voice_references/quahaug.wav,ข้าเห็นล่วงหน้าแล้ว!,,,READY_FOR_GENERATION,,triangle-strategy
2326,V_M_KOH_BTL_14200.wav,V_M_KOH_BTL_14200,21,21,21,22,โคฮัก,battle,male,quahaug,assets/triangle-strategy/approved_voice_references/quahaug.wav,รู้อยู่แล้วว่าต้องได้ผล!,,,READY_FOR_GENERATION,,triangle-strategy
2327,V_M_KOH_BTL_14300.wav,V_M_KOH_BTL_14300,22,22,22,23,โคฮัก,battle,male,quahaug,assets/triangle-strategy/approved_voice_references/quahaug.wav,เป็นอย่างที่ข้าคาด,,,READY_FOR_GENERATION,,triangle-strategy
2328,V_M_KOH_BTL_14400.wav,V_M_KOH_BTL_14400,23,23,23,24,โคฮัก,battle,male,quahaug,assets/triangle-strategy/approved_voice_references/quahaug.wav,แต่ทำไม?,,,READY_FOR_GENERATION,,triangle-strategy
2329,V_M_KOH_BTL_14500.wav,V_M_KOH_BTL_14500,24,24,24,25,โคฮัก,battle,male,quahaug,assets/triangle-strategy/approved_voice_references/quahaug.wav,ล้มเหลว!,,,READY_FOR_GENERATION,,triangle-strategy
2330,V_M_KOH_BTL_14600.wav,V_M_KOH_BTL_14600,25,25,25,26,โคฮัก,battle,male,quahaug,assets/triangle-strategy/approved_voice_references/quahaug.wav,อึ่ก!,,,READY_FOR_GENERATION,,triangle-strategy
2331,V_M_KOH_BTL_14700.wav,V_M_KOH_BTL_14700,26,26,26,27,โคฮัก,battle,male,quahaug,assets/triangle-strategy/approved_voice_references/quahaug.wav,โอ๊ย!,,,READY_FOR_GENERATION,,triangle-strategy
2332,V_M_KOH_BTL_14800.wav,V_M_KOH_BTL_14800,27,27,27,28,โคฮัก,battle,male,quahaug,assets/triangle-strategy/approved_voice_references/quahaug.wav,โอ๊ย!,,HURT_CRY,READY_FOR_GENERATION,,triangle-strategy
2333,V_M_KOH_BTL_14900.wav,V_M_KOH_BTL_14900,28,28,28,29,โคฮัก,battle,male,quahaug,assets/triangle-strategy/approved_voice_references/quahaug.wav,อั่ก!,,HURT_CRY,READY_FOR_GENERATION,,triangle-strategy
2334,V_M_KOH_BTL_15000.wav,V_M_KOH_BTL_15000,29,29,29,30,โคฮัก,battle,male,quahaug,assets/triangle-strategy/approved_voice_references/quahaug.wav,อึก!,,HURT_CRY,READY_FOR_GENERATION,,triangle-strategy
2335,V_M_KOH_BTL_15100.wav,V_M_KOH_BTL_15100,30,30,30,31,โคฮัก,battle,male,quahaug,assets/triangle-strategy/approved_voice_references/quahaug.wav,อึก!,,HURT_CRY,READY_FOR_GENERATION,,triangle-strategy
2336,V_M_KOH_BTL_15200.wav,V_M_KOH_BTL_15200,31,31,31,32,โคฮัก,battle,male,quahaug,assets/triangle-strategy/approved_voice_references/quahaug.wav,นี่ไง!,,,READY_FOR_GENERATION,,triangle-strategy
2337,V_M_KOH_BTL_15300.wav,V_M_KOH_BTL_15300,32,32,32,33,โคฮัก,battle,male,quahaug,assets/triangle-strategy/approved_voice_references/quahaug.wav,ตาเจ้า!,,,READY_FOR_GENERATION,,triangle-strategy
2338,V_M_KOH_BTL_15310.wav,V_M_KOH_BTL_15310,33,33,33,34,โคฮัก,battle,male,quahaug,assets/triangle-strategy/approved_voice_references/quahaug.wav,ตาข้าบ้าง!,,,READY_FOR_GENERATION,,triangle-strategy
2339,V_M_KOH_BTL_15320.wav,V_M_KOH_BTL_15320,34,34,34,35,โคฮัก,battle,male,quahaug,assets/triangle-strategy/approved_voice_references/quahaug.wav,ข้าเตรียมพร้อมสำหรับสิ่งนี้!,,,READY_FOR_GENERATION,,triangle-strategy
2340,V_M_KOH_BTL_15400.wav,V_M_KOH_BTL_15400,35,35,35,36,โคฮัก,battle,male,quahaug,assets/triangle-strategy/approved_voice_references/quahaug.wav,เฮ้!,,,READY_FOR_GENERATION,,triangle-strategy
2341,V_M_KOH_BTL_15500.wav,V_M_KOH_BTL_15500,36,36,36,37,โคฮัก,battle,male,quahaug,assets/triangle-strategy/approved_voice_references/quahaug.wav,ฮ่า!,,EVADE_GUARD,READY_FOR_GENERATION,,triangle-strategy
2342,V_M_KOH_BTL_15600.wav,V_M_KOH_BTL_15600,37,37,37,38,โคฮัก,battle,male,quahaug,assets/triangle-strategy/approved_voice_references/quahaug.wav,ขอบคุณ,,,READY_FOR_GENERATION,,triangle-strategy
2343,V_M_KOH_BTL_15700.wav,V_M_KOH_BTL_15700,38,38,38,39,โคฮัก,battle,male,quahaug,assets/triangle-strategy/approved_voice_references/quahaug.wav,รู้สึกดีขึ้นมาก,,,READY_FOR_GENERATION,,triangle-strategy
2344,V_M_KOH_BTL_15800.wav,V_M_KOH_BTL_15800,39,39,39,40,โคฮัก,battle,male,quahaug,assets/triangle-strategy/approved_voice_references/quahaug.wav,ข้ายังไปต่อได้,,,READY_FOR_GENERATION,,triangle-strategy
2345,V_M_KOH_BTL_15900.wav,V_M_KOH_BTL_15900,40,40,40,41,โคฮัก,battle,male,quahaug,assets/triangle-strategy/approved_voice_references/quahaug.wav,ข้าจะทุ่มสุดกำลัง,,,READY_FOR_GENERATION,,triangle-strategy
2346,V_M_KOH_BTL_16000.wav,V_M_KOH_BTL_16000,41,41,41,42,โคฮัก,battle,male,quahaug,assets/triangle-strategy/approved_voice_references/quahaug.wav,นี่จะช่วยได้มาก!,,,READY_FOR_GENERATION,,triangle-strategy
2347,V_M_KOH_BTL_16100.wav,V_M_KOH_BTL_16100,42,42,42,43,โคฮัก,battle,male,quahaug,assets/triangle-strategy/approved_voice_references/quahaug.wav,ขอบใจนะ,,,READY_FOR_GENERATION,,triangle-strategy
2348,V_M_KOH_BTL_16200.wav,V_M_KOH_BTL_16200,43,43,43,44,โคฮัก,battle,male,quahaug,assets/triangle-strategy/approved_voice_references/quahaug.wav,แม่!,,,READY_FOR_GENERATION,,triangle-strategy
2349,V_M_KOH_BTL_16300.wav,V_M_KOH_BTL_16300,44,44,44,45,โคฮัก,battle,male,quahaug,assets/triangle-strategy/approved_voice_references/quahaug.wav,ข้า...ขอโทษจริง ๆ,,,READY_FOR_GENERATION,,triangle-strategy
2350,V_M_KOH_BTL_16400.wav,V_M_KOH_BTL_16400,45,45,45,46,โคฮัก,battle,male,quahaug,assets/triangle-strategy/approved_voice_references/quahaug.wav,นี่!,,,READY_FOR_GENERATION,,triangle-strategy
2351,V_M_KOH_BTL_16500.wav,V_M_KOH_BTL_16500,46,46,46,47,โคฮัก,battle,male,quahaug,assets/triangle-strategy/approved_voice_references/quahaug.wav,ใช้นี่!,,,READY_FOR_GENERATION,,triangle-strategy
2352,V_M_KOH_BTL_16600.wav,V_M_KOH_BTL_16600,47,47,47,48,โคฮัก,battle,male,quahaug,assets/triangle-strategy/approved_voice_references/quahaug.wav,โอเค,,,READY_FOR_GENERATION,,triangle-strategy
2353,V_M_KOH_BTL_17410.wav,V_M_KOH_BTL_17410,48,48,48,49,โคฮัก,battle,male,quahaug,assets/triangle-strategy/approved_voice_references/quahaug.wav,ย้าก!,,ATTACK_CRY,READY_FOR_GENERATION,,triangle-strategy
2354,V_M_KOH_BTL_17411.wav,V_M_KOH_BTL_17411,49,49,49,50,โคฮัก,battle,male,quahaug,assets/triangle-strategy/approved_voice_references/quahaug.wav,ข้าฝากความหวังไว้กับเจ้า!,,,READY_FOR_GENERATION,,triangle-strategy
2355,V_M_KOH_BTL_17412.wav,V_M_KOH_BTL_17412,50,50,50,51,โคฮัก,battle,male,quahaug,assets/triangle-strategy/approved_voice_references/quahaug.wav,ให้ข้าช่วย!,,,READY_FOR_GENERATION,,triangle-strategy
2356,V_M_KOH_BTL_17413.wav,V_M_KOH_BTL_17413,51,51,51,52,โคฮัก,battle,male,quahaug,assets/triangle-strategy/approved_voice_references/quahaug.wav,โอเค งั้นเอาเลย,,,READY_FOR_GENERATION,,triangle-strategy
2357,V_M_KOH_BTL_17414.wav,V_M_KOH_BTL_17414,52,52,52,53,โคฮัก,battle,male,quahaug,assets/triangle-strategy/approved_voice_references/quahaug.wav,ข้าทำได้!,,,READY_FOR_GENERATION,,triangle-strategy
2358,V_M_KOH_BTL_17415.wav,V_M_KOH_BTL_17415,53,53,53,54,โคฮัก,battle,male,quahaug,assets/triangle-strategy/approved_voice_references/quahaug.wav,มาเลย ควาฮอก!,,,READY_FOR_GENERATION,,triangle-strategy
2359,V_M_KOH_BTL_17416.wav,V_M_KOH_BTL_17416,54,54,54,55,โคฮัก,battle,male,quahaug,assets/triangle-strategy/approved_voice_references/quahaug.wav,รับนี่ไป!,,,READY_FOR_GENERATION,,triangle-strategy
2360,V_M_KOH_BTL_17417.wav,V_M_KOH_BTL_17417,55,55,55,56,โคฮัก,battle,male,quahaug,assets/triangle-strategy/approved_voice_references/quahaug.wav,รับสิ่งนี้ไหวไหม?,,,READY_FOR_GENERATION,,triangle-strategy
2361,V_M_KOH_BTL_17418.wav,V_M_KOH_BTL_17418,56,56,56,57,โคฮัก,battle,male,quahaug,assets/triangle-strategy/approved_voice_references/quahaug.wav,ย้า!,,ATTACK_CRY,READY_FOR_GENERATION,,triangle-strategy
2362,V_M_KOH_BTL_17419.wav,V_M_KOH_BTL_17419,57,57,57,58,โคฮัก,battle,male,quahaug,assets/triangle-strategy/approved_voice_references/quahaug.wav,ลองนี่กัน,,,READY_FOR_GENERATION,,triangle-strategy
2363,V_M_KOH_BTL_17440.wav,V_M_KOH_BTL_17440,58,58,58,59,โคฮัก,battle,male,quahaug,assets/triangle-strategy/approved_voice_references/quahaug.wav,เร็วขึ้น!,,,READY_FOR_GENERATION,,triangle-strategy
2364,V_M_KOH_BTL_17441.wav,V_M_KOH_BTL_17441,59,59,59,60,โคฮัก,battle,male,quahaug,assets/triangle-strategy/approved_voice_references/quahaug.wav,ไปเลย!,,,READY_FOR_GENERATION,,triangle-strategy
2365,V_M_KOH_BTL_17442.wav,V_M_KOH_BTL_17442,60,60,60,61,โคฮัก,battle,male,quahaug,assets/triangle-strategy/approved_voice_references/quahaug.wav,ฮ้า!,,ATTACK_CRY,READY_FOR_GENERATION,,triangle-strategy
2366,V_M_KOH_BTL_17450.wav,V_M_KOH_BTL_17450,61,61,61,62,โคฮัก,battle,male,quahaug,assets/triangle-strategy/approved_voice_references/quahaug.wav,เอาล่ะ!,,,READY_FOR_GENERATION,,triangle-strategy
2367,V_M_KOH_BTL_17451.wav,V_M_KOH_BTL_17451,62,62,62,63,โคฮัก,battle,male,quahaug,assets/triangle-strategy/approved_voice_references/quahaug.wav,เราทำได้!,,,READY_FOR_GENERATION,,triangle-strategy
2368,V_M_KOH_BTL_17460.wav,V_M_KOH_BTL_17460,63,63,63,64,โคฮัก,battle,male,quahaug,assets/triangle-strategy/approved_voice_references/quahaug.wav,เดี๋ยวเจ้าจะรู้สึกทีหลัง,,,READY_FOR_GENERATION,,triangle-strategy
2369,V_M_KOH_BTL_17470.wav,V_M_KOH_BTL_17470,64,64,64,65,โคฮัก,battle,male,quahaug,assets/triangle-strategy/approved_voice_references/quahaug.wav,จงให้เวลาย้อนกลับ,,,READY_FOR_GENERATION,,triangle-strategy
2370,V_M_KOH_BTL_17471.wav,V_M_KOH_BTL_17471,65,65,65,66,โคฮัก,battle,male,quahaug,assets/triangle-strategy/approved_voice_references/quahaug.wav,ไปให้พ้น!,,,READY_FOR_GENERATION,,triangle-strategy
2371,V_M_KOH_BTL_17472.wav,V_M_KOH_BTL_17472,66,66,66,67,โคฮัก,battle,male,quahaug,assets/triangle-strategy/approved_voice_references/quahaug.wav,หยุด!,,,READY_FOR_GENERATION,,triangle-strategy
2372,V_M_KOH_BTL_17473.wav,V_M_KOH_BTL_17473,67,67,67,68,โคฮัก,battle,male,quahaug,assets/triangle-strategy/approved_voice_references/quahaug.wav,เฮ้ สลับ!,,,READY_FOR_GENERATION,,triangle-strategy
2373,V_M_KOH_BTL_17474.wav,V_M_KOH_BTL_17474,68,68,68,69,โคฮัก,battle,male,quahaug,assets/triangle-strategy/approved_voice_references/quahaug.wav,นี่คือพลังของข้า,,,READY_FOR_GENERATION,,triangle-strategy
2374,V_M_KOH_BTL_17480.wav,V_M_KOH_BTL_17480,69,69,69,70,โคฮัก,battle,male,quahaug,assets/triangle-strategy/approved_voice_references/quahaug.wav,ย้อนทุกอย่างกลับไป,,,READY_FOR_GENERATION,,triangle-strategy
2375,V_M_KOH_BTL_17490.wav,V_M_KOH_BTL_17490,70,70,70,71,โคฮัก,battle,male,quahaug,assets/triangle-strategy/approved_voice_references/quahaug.wav,แบบนี้เป็นไง?,,,READY_FOR_GENERATION,,triangle-strategy
2376,V_M_KOH_BTL_17491.wav,V_M_KOH_BTL_17491,71,71,71,72,โคฮัก,battle,male,quahaug,assets/triangle-strategy/approved_voice_references/quahaug.wav,ตอนนี้!,,,READY_FOR_GENERATION,,triangle-strategy
2377,V_M_KOH_BTL_17500.wav,V_M_KOH_BTL_17500,72,72,72,73,โคฮัก,battle,male,quahaug,assets/triangle-strategy/approved_voice_references/quahaug.wav,พลังใหม่เอี่ยม!,,,READY_FOR_GENERATION,,triangle-strategy
2378,V_M_KOH_BTL_17600.wav,V_M_KOH_BTL_17600,73,73,73,74,โคฮัก,battle,male,quahaug,assets/triangle-strategy/approved_voice_references/quahaug.wav,ตอนนี้ข้าช่วยได้มากขึ้นแล้ว!,,,READY_FOR_GENERATION,,triangle-strategy
2379,V_M_KOH_BTL_17700.wav,V_M_KOH_BTL_17700,74,74,74,75,โคฮัก,battle,male,quahaug,assets/triangle-strategy/approved_voice_references/quahaug.wav,รู้สึกว่าแข็งแกร่งขึ้น!,,,READY_FOR_GENERATION,,triangle-strategy
2380,V_M_KOH_BTL_17800.wav,V_M_KOH_BTL_17800,75,75,75,76,โคฮัก,battle,male,quahaug,assets/triangle-strategy/approved_voice_references/quahaug.wav,พลังของข้าเอ่อล้น!,,,READY_FOR_GENERATION,,triangle-strategy
2381,V_M_KOH_BTL_17900.wav,V_M_KOH_BTL_17900,76,76,76,77,โคฮัก,battle,male,quahaug,assets/triangle-strategy/approved_voice_references/quahaug.wav,เข้าใจแล้ว,,,READY_FOR_GENERATION,,triangle-strategy
2382,V_M_KOH_BTL_18000.wav,V_M_KOH_BTL_18000,77,77,77,78,โคฮัก,battle,male,quahaug,assets/triangle-strategy/approved_voice_references/quahaug.wav,ข้าจะทำให้ดีที่สุด,,,READY_FOR_GENERATION,,triangle-strategy
2383,V_M_KOH_BTL_18200.wav,V_M_KOH_BTL_18200,78,78,78,79,โคฮัก,battle,male,quahaug,assets/triangle-strategy/approved_voice_references/quahaug.wav,ข้าจะเติบโตและพยายามให้หนักขึ้นต่อไป,,,READY_FOR_GENERATION,,triangle-strategy
2384,V_M_KOH_BTL_18300.wav,V_M_KOH_BTL_18300,79,79,79,80,โคฮัก,battle,male,quahaug,assets/triangle-strategy/approved_voice_references/quahaug.wav,สักวันข้าจะตามหาแม่ให้เจอ,,,READY_FOR_GENERATION,,triangle-strategy
2385,V_M_LIO_BTL_00400.wav,V_M_LIO_BTL_00400,0,0,0,1,ไลโอเนล,battle,male,lionel,assets/triangle-strategy/approved_voice_references/lionel.wav,ไลโอเนลมาแล้ว!,,,READY_FOR_GENERATION,,triangle-strategy
2386,V_M_LIO_BTL_00500.wav,V_M_LIO_BTL_00500,1,1,1,2,ไลโอเนล,battle,male,lionel,assets/triangle-strategy/approved_voice_references/lionel.wav,เจ้าไม่อาจขัดขวางความก้าวหน้า!,,,READY_FOR_GENERATION,,triangle-strategy
2387,V_M_LIO_BTL_00600.wav,V_M_LIO_BTL_00600,2,2,2,3,ไลโอเนล,battle,male,lionel,assets/triangle-strategy/approved_voice_references/lionel.wav,เอาเหรียญมาหรือเปล่า?,,,READY_FOR_GENERATION,,triangle-strategy
2388,V_M_LIO_BTL_00700.wav,V_M_LIO_BTL_00700,3,3,3,4,ไลโอเนล,battle,male,lionel,assets/triangle-strategy/approved_voice_references/lionel.wav,กำไรเป็นของผู้ที่เตรียมพร้อม,,,READY_FOR_GENERATION,,triangle-strategy
2389,V_M_LIO_BTL_01700.wav,V_M_LIO_BTL_01700,4,4,4,5,ไลโอเนล,battle,male,lionel,assets/triangle-strategy/approved_voice_references/lionel.wav,ต้องใช้ไหวพริบแล้ว,,,READY_FOR_GENERATION,,triangle-strategy
2390,V_M_LIO_BTL_01800.wav,V_M_LIO_BTL_01800,5,5,5,6,ไลโอเนล,battle,male,lionel,assets/triangle-strategy/approved_voice_references/lionel.wav,บางทีเราอาจตกลงกันได้?,,,READY_FOR_GENERATION,,triangle-strategy
2391,V_M_LIO_BTL_01900.wav,V_M_LIO_BTL_01900,6,6,6,7,ไลโอเนล,battle,male,lionel,assets/triangle-strategy/approved_voice_references/lionel.wav,โอ้ ดูเหมือนเราเริ่มต้นกันผิดไปหน่อย,,,READY_FOR_GENERATION,,triangle-strategy
2392,V_M_LIO_BTL_02000.wav,V_M_LIO_BTL_02000,7,7,7,8,ไลโอเนล,battle,male,lionel,assets/triangle-strategy/approved_voice_references/lionel.wav,โอ้ ไม่,,,READY_FOR_GENERATION,,triangle-strategy
2393,V_M_LIO_BTL_02700.wav,V_M_LIO_BTL_02700,8,8,8,9,ไลโอเนล,battle,male,lionel,assets/triangle-strategy/approved_voice_references/lionel.wav,ช่าง...ช่างน่ากลัว,,,READY_FOR_GENERATION,,triangle-strategy
2394,V_M_LIO_BTL_02800.wav,V_M_LIO_BTL_02800,9,9,9,10,ไลโอเนล,battle,male,lionel,assets/triangle-strategy/approved_voice_references/lionel.wav,อูย...,,STATUS_REACTION,READY_FOR_GENERATION,,triangle-strategy
2395,V_M_LIO_BTL_02900.wav,V_M_LIO_BTL_02900,10,10,10,11,ไลโอเนล,battle,male,lionel,assets/triangle-strategy/approved_voice_references/lionel.wav,เอ้า!,,ATTACK_CRY,READY_FOR_GENERATION,,triangle-strategy
2396,V_M_LIO_BTL_03000.wav,V_M_LIO_BTL_03000,11,11,11,12,ไลโอเนล,battle,male,lionel,assets/triangle-strategy/approved_voice_references/lionel.wav,เอ้า!,,ATTACK_CRY,READY_FOR_GENERATION,,triangle-strategy
2397,V_M_LIO_BTL_03100.wav,V_M_LIO_BTL_03100,12,12,12,13,ไลโอเนล,battle,male,lionel,assets/triangle-strategy/approved_voice_references/lionel.wav,ฮ่า!,,ATTACK_CRY,READY_FOR_GENERATION,,triangle-strategy
2398,V_M_LIO_BTL_03200.wav,V_M_LIO_BTL_03200,13,13,13,14,ไลโอเนล,battle,male,lionel,assets/triangle-strategy/approved_voice_references/lionel.wav,ฮ่า ฮ่า!,,,READY_FOR_GENERATION,,triangle-strategy
2399,V_M_LIO_BTL_03300.wav,V_M_LIO_BTL_03300,14,14,14,15,ไลโอเนล,battle,male,lionel,assets/triangle-strategy/approved_voice_references/lionel.wav,ฮ้า!,,ATTACK_CRY,READY_FOR_GENERATION,,triangle-strategy
2400,V_M_LIO_BTL_03400.wav,V_M_LIO_BTL_03400,15,15,15,16,ไลโอเนล,battle,male,lionel,assets/triangle-strategy/approved_voice_references/lionel.wav,โฮ่ โฮ่!,,,READY_FOR_GENERATION,,triangle-strategy
2401,V_M_LIO_BTL_03500.wav,V_M_LIO_BTL_03500,16,16,16,17,ไลโอเนล,battle,male,lionel,assets/triangle-strategy/approved_voice_references/lionel.wav,การค้าของเราจบแล้ว!,,,READY_FOR_GENERATION,,triangle-strategy
2402,V_M_LIO_BTL_03600.wav,V_M_LIO_BTL_03600,17,17,17,18,ไลโอเนล,battle,male,lionel,assets/triangle-strategy/approved_voice_references/lionel.wav,นี่ก็แค่ธุรกิจ,,,READY_FOR_GENERATION,,triangle-strategy
2403,V_M_LIO_BTL_08800.wav,V_M_LIO_BTL_08800,18,18,18,19,ไลโอเนล,battle,male,lionel,assets/triangle-strategy/approved_voice_references/lionel.wav,โชคยิ้มให้ไลโอเนล!,,,READY_FOR_GENERATION,,triangle-strategy
2404,V_M_LIO_BTL_08900.wav,V_M_LIO_BTL_08900,19,19,19,20,ไลโอเนล,battle,male,lionel,assets/triangle-strategy/approved_voice_references/lionel.wav,ทีนี้เราจะร่ำรวย!,,,READY_FOR_GENERATION,,triangle-strategy
2405,V_M_LIO_BTL_09000.wav,V_M_LIO_BTL_09000,20,20,20,21,ไลโอเนล,battle,male,lionel,assets/triangle-strategy/approved_voice_references/lionel.wav,ถ้าไลโอเนลขออนุญาต,,,READY_FOR_GENERATION,,triangle-strategy
2406,V_M_LIO_BTL_14200.wav,V_M_LIO_BTL_14200,21,21,21,22,ไลโอเนล,battle,male,lionel,assets/triangle-strategy/approved_voice_references/lionel.wav,การโจมตีร้ายแรง!,,,READY_FOR_GENERATION,,triangle-strategy
2407,V_M_LIO_BTL_14300.wav,V_M_LIO_BTL_14300,22,22,22,23,ไลโอเนล,battle,male,lionel,assets/triangle-strategy/approved_voice_references/lionel.wav,โชคของเจ้ากำลังตก!,,,READY_FOR_GENERATION,,triangle-strategy
2408,V_M_LIO_BTL_14400.wav,V_M_LIO_BTL_14400,23,23,23,24,ไลโอเนล,battle,male,lionel,assets/triangle-strategy/approved_voice_references/lionel.wav,โอ๊ะ พลาดแล้ว,,,READY_FOR_GENERATION,,triangle-strategy
2409,V_M_LIO_BTL_14500.wav,V_M_LIO_BTL_14500,24,24,24,25,ไลโอเนล,battle,male,lionel,assets/triangle-strategy/approved_voice_references/lionel.wav,โอ๊ะโอ,,,READY_FOR_GENERATION,,triangle-strategy
2410,V_M_LIO_BTL_14600.wav,V_M_LIO_BTL_14600,25,25,25,26,ไลโอเนล,battle,male,lionel,assets/triangle-strategy/approved_voice_references/lionel.wav,โอ๊ย!,,HURT_CRY,READY_FOR_GENERATION,,triangle-strategy
2411,V_M_LIO_BTL_14700.wav,V_M_LIO_BTL_14700,26,26,26,27,ไลโอเนล,battle,male,lionel,assets/triangle-strategy/approved_voice_references/lionel.wav,ถ้า...,,,READY_FOR_GENERATION,,triangle-strategy
2412,V_M_LIO_BTL_14800.wav,V_M_LIO_BTL_14800,27,27,27,28,ไลโอเนล,battle,male,lionel,assets/triangle-strategy/approved_voice_references/lionel.wav,จุ๊บ!,,,READY_FOR_GENERATION,,triangle-strategy
2413,V_M_LIO_BTL_14900.wav,V_M_LIO_BTL_14900,28,28,28,29,ไลโอเนล,battle,male,lionel,assets/triangle-strategy/approved_voice_references/lionel.wav,ไป!,,,READY_FOR_GENERATION,,triangle-strategy
2414,V_M_LIO_BTL_15000.wav,V_M_LIO_BTL_15000,29,29,29,30,ไลโอเนล,battle,male,lionel,assets/triangle-strategy/approved_voice_references/lionel.wav,โอ๊ย!,,HURT_CRY,READY_FOR_GENERATION,,triangle-strategy
2415,V_M_LIO_BTL_15100.wav,V_M_LIO_BTL_15100,30,30,30,31,ไลโอเนล,battle,male,lionel,assets/triangle-strategy/approved_voice_references/lionel.wav,อึก!,,HURT_CRY,READY_FOR_GENERATION,,triangle-strategy
2416,V_M_LIO_BTL_15200.wav,V_M_LIO_BTL_15200,31,31,31,32,ไลโอเนล,battle,male,lionel,assets/triangle-strategy/approved_voice_references/lionel.wav,เงินทอนของเจ้า สหาย!,,,READY_FOR_GENERATION,,triangle-strategy
2417,V_M_LIO_BTL_15300.wav,V_M_LIO_BTL_15300,32,32,32,33,ไลโอเนล,battle,male,lionel,assets/triangle-strategy/approved_voice_references/lionel.wav,ก้าวพลาดครั้งใหญ่!,,,READY_FOR_GENERATION,,triangle-strategy
2418,V_M_LIO_BTL_15310.wav,V_M_LIO_BTL_15310,33,33,33,34,ไลโอเนล,battle,male,lionel,assets/triangle-strategy/approved_voice_references/lionel.wav,เจ้าถูกหลอกแล้ว!,,,READY_FOR_GENERATION,,triangle-strategy
2419,V_M_LIO_BTL_15320.wav,V_M_LIO_BTL_15320,34,34,34,35,ไลโอเนล,battle,male,lionel,assets/triangle-strategy/approved_voice_references/lionel.wav,ไลโอเนลผู้โชคดี!,,,READY_FOR_GENERATION,,triangle-strategy
2420,V_M_LIO_BTL_15400.wav,V_M_LIO_BTL_15400,35,35,35,36,ไลโอเนล,battle,male,lionel,assets/triangle-strategy/approved_voice_references/lionel.wav,ฮ่า ฮ่า!,,,READY_FOR_GENERATION,,triangle-strategy
2421,V_M_LIO_BTL_15500.wav,V_M_LIO_BTL_15500,36,36,36,37,ไลโอเนล,battle,male,lionel,assets/triangle-strategy/approved_voice_references/lionel.wav,โอ๊ะ!,,,READY_FOR_GENERATION,,triangle-strategy
2422,V_M_LIO_BTL_15600.wav,V_M_LIO_BTL_15600,37,37,37,38,ไลโอเนล,battle,male,lionel,assets/triangle-strategy/approved_voice_references/lionel.wav,ดีมาก,,,READY_FOR_GENERATION,,triangle-strategy
2423,V_M_LIO_BTL_15700.wav,V_M_LIO_BTL_15700,38,38,38,39,ไลโอเนล,battle,male,lionel,assets/triangle-strategy/approved_voice_references/lionel.wav,เจ้าจะได้รับค่าตอบแทนอย่างงาม,,,READY_FOR_GENERATION,,triangle-strategy
2424,V_M_LIO_BTL_15800.wav,V_M_LIO_BTL_15800,39,39,39,40,ไลโอเนล,battle,male,lionel,assets/triangle-strategy/approved_voice_references/lionel.wav,ไลโอเนลขอขอบคุณ,,,READY_FOR_GENERATION,,triangle-strategy
2425,V_M_LIO_BTL_15900.wav,V_M_LIO_BTL_15900,40,40,40,41,ไลโอเนล,battle,male,lionel,assets/triangle-strategy/approved_voice_references/lionel.wav,ไลโอเนลจะใช้สิ่งนี้อย่างชาญฉลาด,,,READY_FOR_GENERATION,,triangle-strategy
2426,V_M_LIO_BTL_16000.wav,V_M_LIO_BTL_16000,41,41,41,42,ไลโอเนล,battle,male,lionel,assets/triangle-strategy/approved_voice_references/lionel.wav,ไลโอเนลชำระหนี้เสมอ,,,READY_FOR_GENERATION,,triangle-strategy
2427,V_M_LIO_BTL_16100.wav,V_M_LIO_BTL_16100,42,42,42,43,ไลโอเนล,battle,male,lionel,assets/triangle-strategy/approved_voice_references/lionel.wav,เท่านี้ก็พอ!,,,READY_FOR_GENERATION,,triangle-strategy
2428,V_M_LIO_BTL_16200.wav,V_M_LIO_BTL_16200,43,43,43,44,ไลโอเนล,battle,male,lionel,assets/triangle-strategy/approved_voice_references/lionel.wav,ไลโอเนลถูกต้มเสียแล้ว,,,READY_FOR_GENERATION,,triangle-strategy
2429,V_M_LIO_BTL_16300.wav,V_M_LIO_BTL_16300,44,44,44,45,ไลโอเนล,battle,male,lionel,assets/triangle-strategy/approved_voice_references/lionel.wav,ไม่นะ ไม่ใช่อีเมลของข้า,,,READY_FOR_GENERATION,,triangle-strategy
2430,V_M_LIO_BTL_16400.wav,V_M_LIO_BTL_16400,45,45,45,46,ไลโอเนล,battle,male,lionel,assets/triangle-strategy/approved_voice_references/lionel.wav,ของขวัญพิเศษสำหรับเจ้า!,,,READY_FOR_GENERATION,,triangle-strategy
2431,V_M_LIO_BTL_16500.wav,V_M_LIO_BTL_16500,46,46,46,47,ไลโอเนล,battle,male,lionel,assets/triangle-strategy/approved_voice_references/lionel.wav,ฟรี!,,,READY_FOR_GENERATION,,triangle-strategy
2432,V_M_LIO_BTL_16600.wav,V_M_LIO_BTL_16600,47,47,47,48,ไลโอเนล,battle,male,lionel,assets/triangle-strategy/approved_voice_references/lionel.wav,เพื่อไลโอเนล!,,,READY_FOR_GENERATION,,triangle-strategy
2433,V_M_LIO_BTL_17410.wav,V_M_LIO_BTL_17410,48,48,48,49,ไลโอเนล,battle,male,lionel,assets/triangle-strategy/approved_voice_references/lionel.wav,อย่าดูถูกไลโอเนล!,,,READY_FOR_GENERATION,,triangle-strategy
2434,V_M_LIO_BTL_17411.wav,V_M_LIO_BTL_17411,49,49,49,50,ไลโอเนล,battle,male,lionel,assets/triangle-strategy/approved_voice_references/lionel.wav,ไลโอเนลจะไม่ยอมถอย!,,,READY_FOR_GENERATION,,triangle-strategy
2435,V_M_LIO_BTL_17412.wav,V_M_LIO_BTL_17412,50,50,50,51,ไลโอเนล,battle,male,lionel,assets/triangle-strategy/approved_voice_references/lionel.wav,ดูสิว่าไลโอเนลทำอะไรได้,,,READY_FOR_GENERATION,,triangle-strategy
2436,V_M_LIO_BTL_17413.wav,V_M_LIO_BTL_17413,51,51,51,52,ไลโอเนล,battle,male,lionel,assets/triangle-strategy/approved_voice_references/lionel.wav,ฮ่า ฮ่า ฮ่า ฮ่า!,,,READY_FOR_GENERATION,,triangle-strategy
2437,V_M_LIO_BTL_17414.wav,V_M_LIO_BTL_17414,52,52,52,53,ไลโอเนล,battle,male,lionel,assets/triangle-strategy/approved_voice_references/lionel.wav,ไลโอเนลมีลูกเล่นมากมาย,,,READY_FOR_GENERATION,,triangle-strategy
2438,V_M_LIO_BTL_17415.wav,V_M_LIO_BTL_17415,53,53,53,54,ไลโอเนล,battle,male,lionel,assets/triangle-strategy/approved_voice_references/lionel.wav,การต่อสู้ไม่ใช่ความถนัดของไลโอเนล,,,READY_FOR_GENERATION,,triangle-strategy
2439,V_M_LIO_BTL_17420.wav,V_M_LIO_BTL_17420,54,54,54,55,ไลโอเนล,battle,male,lionel,assets/triangle-strategy/approved_voice_references/lionel.wav,ไลโอเนลจะทำให้เจ้าตะลึง!,,,READY_FOR_GENERATION,,triangle-strategy
2440,V_M_LIO_BTL_17421.wav,V_M_LIO_BTL_17421,55,55,55,56,ไลโอเนล,battle,male,lionel,assets/triangle-strategy/approved_voice_references/lionel.wav,ย้าก!,,ATTACK_CRY,READY_FOR_GENERATION,,triangle-strategy
2441,V_M_LIO_BTL_17460.wav,V_M_LIO_BTL_17460,56,56,56,57,ไลโอเนล,battle,male,lionel,assets/triangle-strategy/approved_voice_references/lionel.wav,มาดูกันว่าไลโอเนลมีอะไรซ่อนอยู่,,,READY_FOR_GENERATION,,triangle-strategy
2442,V_M_LIO_BTL_17461.wav,V_M_LIO_BTL_17461,57,57,57,58,ไลโอเนล,battle,male,lionel,assets/triangle-strategy/approved_voice_references/lionel.wav,นี่คือจุดจบของเจ้า,,,READY_FOR_GENERATION,,triangle-strategy
2443,V_M_LIO_BTL_17462.wav,V_M_LIO_BTL_17462,58,58,58,59,ไลโอเนล,battle,male,lionel,assets/triangle-strategy/approved_voice_references/lionel.wav,ทุกคนย่อมมีจุดอ่อน,,,READY_FOR_GENERATION,,triangle-strategy
2444,V_M_LIO_BTL_17463.wav,V_M_LIO_BTL_17463,59,59,59,60,ไลโอเนล,battle,male,lionel,assets/triangle-strategy/approved_voice_references/lionel.wav,ไลโอเนลขอความสนใจหน่อยได้ไหม?,,,READY_FOR_GENERATION,,triangle-strategy
2445,V_M_LIO_BTL_17464.wav,V_M_LIO_BTL_17464,60,60,60,61,ไลโอเนล,battle,male,lionel,assets/triangle-strategy/approved_voice_references/lionel.wav,ไลโอเนลจะพยายามเต็มที่,,,READY_FOR_GENERATION,,triangle-strategy
2446,V_M_LIO_BTL_17480.wav,V_M_LIO_BTL_17480,61,61,61,62,ไลโอเนล,battle,male,lionel,assets/triangle-strategy/approved_voice_references/lionel.wav,ได้เวลาโชว์อย่างหรูหรา!,,,READY_FOR_GENERATION,,triangle-strategy
2447,V_M_LIO_BTL_17500.wav,V_M_LIO_BTL_17500,62,62,62,63,ไลโอเนล,battle,male,lionel,assets/triangle-strategy/approved_voice_references/lionel.wav,การเดิมพันของไลโอเนลได้ผล!,,,READY_FOR_GENERATION,,triangle-strategy
2448,V_M_LIO_BTL_17600.wav,V_M_LIO_BTL_17600,63,63,63,64,ไลโอเนล,battle,male,lionel,assets/triangle-strategy/approved_voice_references/lionel.wav,จดจำเรื่องนี้ไว้!,,,READY_FOR_GENERATION,,triangle-strategy
2449,V_M_LIO_BTL_17700.wav,V_M_LIO_BTL_17700,64,64,64,65,ไลโอเนล,battle,male,lionel,assets/triangle-strategy/approved_voice_references/lionel.wav,ถุงเงินของไลโอเนลหนักขึ้นแล้ว!,,,READY_FOR_GENERATION,,triangle-strategy
2450,V_M_LIO_BTL_17800.wav,V_M_LIO_BTL_17800,65,65,65,66,ไลโอเนล,battle,male,lionel,assets/triangle-strategy/approved_voice_references/lionel.wav,ใช่! ฮ่า ฮ่า ฮ่า! ใช่!,,,READY_FOR_GENERATION,,triangle-strategy
2451,V_M_LIO_BTL_17900.wav,V_M_LIO_BTL_17900,66,66,66,67,ไลโอเนล,battle,male,lionel,assets/triangle-strategy/approved_voice_references/lionel.wav,เจ้าต้องการไลโอเนลหรือ?,,,READY_FOR_GENERATION,,triangle-strategy
2452,V_M_LIO_BTL_18000.wav,V_M_LIO_BTL_18000,67,67,67,68,ไลโอเนล,battle,male,lionel,assets/triangle-strategy/approved_voice_references/lionel.wav,ถ้าเจ้ายืนยัน!,,,READY_FOR_GENERATION,,triangle-strategy
2453,V_M_LIO_BTL_18200.wav,V_M_LIO_BTL_18200,68,68,68,69,ไลโอเนล,battle,male,lionel,assets/triangle-strategy/approved_voice_references/lionel.wav,ไลโอเนลไม่ทำให้ผิดหวัง,,,READY_FOR_GENERATION,,triangle-strategy
2454,V_M_LIO_BTL_18300.wav,V_M_LIO_BTL_18300,69,69,69,70,ไลโอเนล,battle,male,lionel,assets/triangle-strategy/approved_voice_references/lionel.wav,นี่จะนำมาซึ่งทรัพย์สินมหาศาล,,,READY_FOR_GENERATION,,triangle-strategy
2455,V_M_LND_E_BTL_00400.wav,V_M_LND_E_BTL_00400,0,0,0,1,แลนดรอย,battle,male,landroi,assets/triangle-strategy/approved_voice_references/landroi.wav,ด้วยเกียรติแห่งตระกูลใหญ่!,,,READY_FOR_GENERATION,,triangle-strategy
2456,V_M_LND_E_BTL_00500.wav,V_M_LND_E_BTL_00500,1,1,1,2,แลนดรอย,battle,male,landroi,assets/triangle-strategy/approved_voice_references/landroi.wav,เพื่ออาณาจักรของเรา!,,,READY_FOR_GENERATION,,triangle-strategy
2457,V_M_LND_E_BTL_00600.wav,V_M_LND_E_BTL_00600,2,2,2,3,แลนดรอย,battle,male,landroi,assets/triangle-strategy/approved_voice_references/landroi.wav,เกลนบรูคจะได้รับการล้างแค้น!,,,READY_FOR_GENERATION,,triangle-strategy
2458,V_M_LND_E_BTL_00700.wav,V_M_LND_E_BTL_00700,3,3,3,4,แลนดรอย,battle,male,landroi,assets/triangle-strategy/approved_voice_references/landroi.wav,ด้วยเกียรติแห่งตระกูลใหญ่!,,,READY_FOR_GENERATION,,triangle-strategy
2459,V_M_LND_E_BTL_01700.wav,V_M_LND_E_BTL_01700,4,4,4,5,แลนดรอย,battle,male,landroi,assets/triangle-strategy/approved_voice_references/landroi.wav,ข้าจะไม่ยอมเจ้า!,,,READY_FOR_GENERATION,,triangle-strategy
2460,V_M_LND_E_BTL_01800.wav,V_M_LND_E_BTL_01800,5,5,5,6,แลนดรอย,battle,male,landroi,assets/triangle-strategy/approved_voice_references/landroi.wav,ข้าไม่มีหนทางสู่ชัยชนะหรือ?,,,READY_FOR_GENERATION,,triangle-strategy
2461,V_M_LND_E_BTL_01900.wav,V_M_LND_E_BTL_01900,6,6,6,7,แลนดรอย,battle,male,landroi,assets/triangle-strategy/approved_voice_references/landroi.wav,เพื่อเกลนบรูค!,,,READY_FOR_GENERATION,,triangle-strategy
2462,V_M_LND_E_BTL_02000.wav,V_M_LND_E_BTL_02000,7,7,7,8,แลนดรอย,battle,male,landroi,assets/triangle-strategy/approved_voice_references/landroi.wav,ข้าจะไม่ยอมเจ้า!,,,READY_FOR_GENERATION,,triangle-strategy
2463,V_M_LND_E_BTL_02700.wav,V_M_LND_E_BTL_02700,8,8,8,9,แลนดรอย,battle,male,landroi,assets/triangle-strategy/approved_voice_references/landroi.wav,กลอุบายสกปรก!,,,READY_FOR_GENERATION,,triangle-strategy
2464,V_M_LND_E_BTL_02800.wav,V_M_LND_E_BTL_02800,9,9,9,10,แลนดรอย,battle,male,landroi,assets/triangle-strategy/approved_voice_references/landroi.wav,อั่ก...,,STATUS_REACTION,READY_FOR_GENERATION,,triangle-strategy
2465,V_M_LND_E_BTL_02900.wav,V_M_LND_E_BTL_02900,10,10,10,11,แลนดรอย,battle,male,landroi,assets/triangle-strategy/approved_voice_references/landroi.wav,เตรียมดาบ!,,,READY_FOR_GENERATION,,triangle-strategy
2466,V_M_LND_E_BTL_03000.wav,V_M_LND_E_BTL_03000,11,11,11,12,แลนดรอย,battle,male,landroi,assets/triangle-strategy/approved_voice_references/landroi.wav,รับนี่ไป!,,,READY_FOR_GENERATION,,triangle-strategy
2467,V_M_LND_E_BTL_03100.wav,V_M_LND_E_BTL_03100,12,12,12,13,แลนดรอย,battle,male,landroi,assets/triangle-strategy/approved_voice_references/landroi.wav,เข้ามาเลย!,,,READY_FOR_GENERATION,,triangle-strategy
2468,V_M_LND_E_BTL_03200.wav,V_M_LND_E_BTL_03200,13,13,13,14,แลนดรอย,battle,male,landroi,assets/triangle-strategy/approved_voice_references/landroi.wav,ฮ่า!,,ATTACK_CRY,READY_FOR_GENERATION,,triangle-strategy
2469,V_M_LND_E_BTL_03300.wav,V_M_LND_E_BTL_03300,14,14,14,15,แลนดรอย,battle,male,landroi,assets/triangle-strategy/approved_voice_references/landroi.wav,เตรียมดาบ!,,,READY_FOR_GENERATION,,triangle-strategy
2470,V_M_LND_E_BTL_03400.wav,V_M_LND_E_BTL_03400,15,15,15,16,แลนดรอย,battle,male,landroi,assets/triangle-strategy/approved_voice_references/landroi.wav,รับนี่ไป!,,,READY_FOR_GENERATION,,triangle-strategy
2471,V_M_LND_E_BTL_03500.wav,V_M_LND_E_BTL_03500,16,16,16,17,แลนดรอย,battle,male,landroi,assets/triangle-strategy/approved_voice_references/landroi.wav,ไม่ปรานี!,,,READY_FOR_GENERATION,,triangle-strategy
2472,V_M_LND_E_BTL_03600.wav,V_M_LND_E_BTL_03600,17,17,17,18,แลนดรอย,battle,male,landroi,assets/triangle-strategy/approved_voice_references/landroi.wav,ไม่ปรานี!,,,READY_FOR_GENERATION,,triangle-strategy
2473,V_M_LND_E_BTL_08800.wav,V_M_LND_E_BTL_08800,18,18,18,19,แลนดรอย,battle,male,landroi,assets/triangle-strategy/approved_voice_references/landroi.wav,ไม่ให้ความเมตตา,,,READY_FOR_GENERATION,,triangle-strategy
2474,V_M_LND_E_BTL_08900.wav,V_M_LND_E_BTL_08900,19,19,19,20,แลนดรอย,battle,male,landroi,assets/triangle-strategy/approved_voice_references/landroi.wav,หนีไม่พ้น!,,,READY_FOR_GENERATION,,triangle-strategy
2475,V_M_LND_E_BTL_09000.wav,V_M_LND_E_BTL_09000,20,20,20,21,แลนดรอย,battle,male,landroi,assets/triangle-strategy/approved_voice_references/landroi.wav,อีกหนึ่ง!,,,READY_FOR_GENERATION,,triangle-strategy
2476,V_M_LND_E_BTL_14200.wav,V_M_LND_E_BTL_14200,21,21,21,22,แลนดรอย,battle,male,landroi,assets/triangle-strategy/approved_voice_references/landroi.wav,รับสิ่งที่เจ้าสมควรได้!,,,READY_FOR_GENERATION,,triangle-strategy
2477,V_M_LND_E_BTL_14300.wav,V_M_LND_E_BTL_14300,22,22,22,23,แลนดรอย,battle,male,landroi,assets/triangle-strategy/approved_voice_references/landroi.wav,พระราชาจงเจริญ!,,,READY_FOR_GENERATION,,triangle-strategy
2478,V_M_LND_E_BTL_14400.wav,V_M_LND_E_BTL_14400,23,23,23,24,แลนดรอย,battle,male,landroi,assets/triangle-strategy/approved_voice_references/landroi.wav,พวกตัวปัญหาดื้อด้าน!,,,READY_FOR_GENERATION,,triangle-strategy
2479,V_M_LND_E_BTL_14500.wav,V_M_LND_E_BTL_14500,24,24,24,25,แลนดรอย,battle,male,landroi,assets/triangle-strategy/approved_voice_references/landroi.wav,ยังยืนอยู่หรือ?,,,READY_FOR_GENERATION,,triangle-strategy
2480,V_M_LND_E_BTL_14600.wav,V_M_LND_E_BTL_14600,25,25,25,26,แลนดรอย,battle,male,landroi,assets/triangle-strategy/approved_voice_references/landroi.wav,อ๊าก!,,HURT_CRY,READY_FOR_GENERATION,,triangle-strategy
2481,V_M_LND_E_BTL_14700.wav,V_M_LND_E_BTL_14700,26,26,26,27,แลนดรอย,battle,male,landroi,assets/triangle-strategy/approved_voice_references/landroi.wav,อั่ก!,,HURT_CRY,READY_FOR_GENERATION,,triangle-strategy
2482,V_M_LND_E_BTL_14800.wav,V_M_LND_E_BTL_14800,27,27,27,28,แลนดรอย,battle,male,landroi,assets/triangle-strategy/approved_voice_references/landroi.wav,โอ๊ะ!,,,READY_FOR_GENERATION,,triangle-strategy
2483,V_M_LND_E_BTL_14900.wav,V_M_LND_E_BTL_14900,28,28,28,29,แลนดรอย,battle,male,landroi,assets/triangle-strategy/approved_voice_references/landroi.wav,โอ๊ย!,,HURT_CRY,READY_FOR_GENERATION,,triangle-strategy
2484,V_M_LND_E_BTL_15000.wav,V_M_LND_E_BTL_15000,29,29,29,30,แลนดรอย,battle,male,landroi,assets/triangle-strategy/approved_voice_references/landroi.wav,อ๊าก!,,HURT_CRY,READY_FOR_GENERATION,,triangle-strategy
2485,V_M_LND_E_BTL_15100.wav,V_M_LND_E_BTL_15100,30,30,30,31,แลนดรอย,battle,male,landroi,assets/triangle-strategy/approved_voice_references/landroi.wav,อึก!,,HURT_CRY,READY_FOR_GENERATION,,triangle-strategy
2486,V_M_LND_E_BTL_15400.wav,V_M_LND_E_BTL_15400,31,31,31,32,แลนดรอย,battle,male,landroi,assets/triangle-strategy/approved_voice_references/landroi.wav,ข้าจะไม่ยอมให้เจ้าทำ!,,,READY_FOR_GENERATION,,triangle-strategy
2487,V_M_LND_E_BTL_15500.wav,V_M_LND_E_BTL_15500,32,32,32,33,แลนดรอย,battle,male,landroi,assets/triangle-strategy/approved_voice_references/landroi.wav,แบบนั้นไม่ได้ผล,,,READY_FOR_GENERATION,,triangle-strategy
2488,V_M_LND_E_BTL_15600.wav,V_M_LND_E_BTL_15600,33,33,33,34,แลนดรอย,battle,male,landroi,assets/triangle-strategy/approved_voice_references/landroi.wav,ข้า...,,,READY_FOR_GENERATION,,triangle-strategy
2489,V_M_LND_E_BTL_15700.wav,V_M_LND_E_BTL_15700,34,34,34,35,แลนดรอย,battle,male,landroi,assets/triangle-strategy/approved_voice_references/landroi.wav,ขอบใจนะ,,,READY_FOR_GENERATION,,triangle-strategy
2490,V_M_LND_E_BTL_15800.wav,V_M_LND_E_BTL_15800,35,35,35,36,แลนดรอย,battle,male,landroi,assets/triangle-strategy/approved_voice_references/landroi.wav,ข้า...,,,READY_FOR_GENERATION,,triangle-strategy
2491,V_M_LND_E_BTL_15900.wav,V_M_LND_E_BTL_15900,36,36,36,37,แลนดรอย,battle,male,landroi,assets/triangle-strategy/approved_voice_references/landroi.wav,ฮ่า!,,ATTACK_CRY,READY_FOR_GENERATION,,triangle-strategy
2492,V_M_LND_E_BTL_16000.wav,V_M_LND_E_BTL_16000,37,37,37,38,แลนดรอย,battle,male,landroi,assets/triangle-strategy/approved_voice_references/landroi.wav,เอื้อก,,HURT_CRY,READY_FOR_GENERATION,,triangle-strategy
2493,V_M_LND_E_BTL_16100.wav,V_M_LND_E_BTL_16100,38,38,38,39,แลนดรอย,battle,male,landroi,assets/triangle-strategy/approved_voice_references/landroi.wav,ฮ่า!,,ATTACK_CRY,READY_FOR_GENERATION,,triangle-strategy
2494,V_M_LND_E_BTL_16200.wav,V_M_LND_E_BTL_16200,39,39,39,40,แลนดรอย,battle,male,landroi,assets/triangle-strategy/approved_voice_references/landroi.wav,เกียรติจงมีแก่เกลนบรูค,,,READY_FOR_GENERATION,,triangle-strategy
2495,V_M_LND_E_BTL_16300.wav,V_M_LND_E_BTL_16300,40,40,40,41,แลนดรอย,battle,male,landroi,assets/triangle-strategy/approved_voice_references/landroi.wav,เกียรติจงมีแก่เกลนบรูค,,,READY_FOR_GENERATION,,triangle-strategy
2496,V_M_LND_E_BTL_17410.wav,V_M_LND_E_BTL_17410,41,41,41,42,แลนดรอย,battle,male,landroi,assets/triangle-strategy/approved_voice_references/landroi.wav,ย้า!,,ATTACK_CRY,READY_FOR_GENERATION,,triangle-strategy
2497,V_M_LND_E_BTL_17411.wav,V_M_LND_E_BTL_17411,42,42,42,43,แลนดรอย,battle,male,landroi,assets/triangle-strategy/approved_voice_references/landroi.wav,อ้า!,,HURT_CRY,READY_FOR_GENERATION,,triangle-strategy
2498,V_M_LND_E_BTL_17420.wav,V_M_LND_E_BTL_17420,43,43,43,44,แลนดรอย,battle,male,landroi,assets/triangle-strategy/approved_voice_references/landroi.wav,ทะยาน!,,,READY_FOR_GENERATION,,triangle-strategy
2499,V_M_LND_E_BTL_17421.wav,V_M_LND_E_BTL_17421,44,44,44,45,แลนดรอย,battle,male,landroi,assets/triangle-strategy/approved_voice_references/landroi.wav,ข้าเล็งเจ้าไว้แล้ว,,,READY_FOR_GENERATION,,triangle-strategy
2500,V_M_LND_E_BTL_17460.wav,V_M_LND_E_BTL_17460,45,45,45,46,แลนดรอย,battle,male,landroi,assets/triangle-strategy/approved_voice_references/landroi.wav,ข้าจะหยุดเจ้าตรงนั้น,,,READY_FOR_GENERATION,,triangle-strategy
2501,V_M_LND_E_BTL_17461.wav,V_M_LND_E_BTL_17461,46,46,46,47,แลนดรอย,battle,male,landroi,assets/triangle-strategy/approved_voice_references/landroi.wav,ห้ามเข้ามาใกล้!,,,READY_FOR_GENERATION,,triangle-strategy
2502,V_M_MAX_BTL_00400.wav,V_M_MAX_BTL_00400,0,0,0,1,Maxwell,battle,male,maxwell,assets/triangle-strategy/approved_voice_references/maxwell.wav,ด้วยเกียรติแห่งดอว์นสเปียร์,,,READY_FOR_GENERATION,,triangle-strategy
2503,V_M_MAX_BTL_00500.wav,V_M_MAX_BTL_00500,1,1,1,2,Maxwell,battle,male,maxwell,assets/triangle-strategy/approved_voice_references/maxwell.wav,ข้าจะปกป้องเจ้า,,,READY_FOR_GENERATION,,triangle-strategy
2504,V_M_MAX_BTL_00600.wav,V_M_MAX_BTL_00600,2,2,2,3,Maxwell,battle,male,maxwell,assets/triangle-strategy/approved_voice_references/maxwell.wav,ข้าจะไม่ออมมือ,,,READY_FOR_GENERATION,,triangle-strategy
2505,V_M_MAX_BTL_00700.wav,V_M_MAX_BTL_00700,3,3,3,4,Maxwell,battle,male,maxwell,assets/triangle-strategy/approved_voice_references/maxwell.wav,เตรียมเผชิญหน้าดอว์นสเปียร์!,,,READY_FOR_GENERATION,,triangle-strategy
2506,V_M_MAX_BTL_01700.wav,V_M_MAX_BTL_01700,4,4,4,5,Maxwell,battle,male,maxwell,assets/triangle-strategy/approved_voice_references/maxwell.wav,ข้าต้องยืนหยัด,,,READY_FOR_GENERATION,,triangle-strategy
2507,V_M_MAX_BTL_01800.wav,V_M_MAX_BTL_01800,5,5,5,6,Maxwell,battle,male,maxwell,assets/triangle-strategy/approved_voice_references/maxwell.wav,ตราบใดที่ยังหายใจ ข้ายังสู้ได้,,,READY_FOR_GENERATION,,triangle-strategy
2508,V_M_MAX_BTL_01900.wav,V_M_MAX_BTL_01900,6,6,6,7,Maxwell,battle,male,maxwell,assets/triangle-strategy/approved_voice_references/maxwell.wav,ความตายต้องรอก่อน,,,READY_FOR_GENERATION,,triangle-strategy
2509,V_M_MAX_BTL_02000.wav,V_M_MAX_BTL_02000,7,7,7,8,Maxwell,battle,male,maxwell,assets/triangle-strategy/approved_voice_references/maxwell.wav,ความกล้าของข้าจะไม่สั่นคลอน!,,,READY_FOR_GENERATION,,triangle-strategy
2510,V_M_MAX_BTL_02700.wav,V_M_MAX_BTL_02700,8,8,8,9,Maxwell,battle,male,maxwell,assets/triangle-strategy/approved_voice_references/maxwell.wav,ฮึ่ย!,,,READY_FOR_GENERATION,,triangle-strategy
2511,V_M_MAX_BTL_02800.wav,V_M_MAX_BTL_02800,9,9,9,10,Maxwell,battle,male,maxwell,assets/triangle-strategy/approved_voice_references/maxwell.wav,นี่ไม่น่ายินดีเลย,,,READY_FOR_GENERATION,,triangle-strategy
2512,V_M_MAX_BTL_02900.wav,V_M_MAX_BTL_02900,10,10,10,11,Maxwell,battle,male,maxwell,assets/triangle-strategy/approved_voice_references/maxwell.wav,ฮ้า!,,ATTACK_CRY,READY_FOR_GENERATION,,triangle-strategy
2513,V_M_MAX_BTL_03000.wav,V_M_MAX_BTL_03000,11,11,11,12,Maxwell,battle,male,maxwell,assets/triangle-strategy/approved_voice_references/maxwell.wav,ย๊าก!,,ATTACK_CRY,READY_FOR_GENERATION,,triangle-strategy
2514,V_M_MAX_BTL_03100.wav,V_M_MAX_BTL_03100,12,12,12,13,Maxwell,battle,male,maxwell,assets/triangle-strategy/approved_voice_references/maxwell.wav,เอ้า!,,ATTACK_CRY,READY_FOR_GENERATION,,triangle-strategy
2515,V_M_MAX_BTL_03200.wav,V_M_MAX_BTL_03200,13,13,13,14,Maxwell,battle,male,maxwell,assets/triangle-strategy/approved_voice_references/maxwell.wav,นั่น!,,,READY_FOR_GENERATION,,triangle-strategy
2516,V_M_MAX_BTL_03300.wav,V_M_MAX_BTL_03300,14,14,14,15,Maxwell,battle,male,maxwell,assets/triangle-strategy/approved_voice_references/maxwell.wav,ฮ้า!,,ATTACK_CRY,READY_FOR_GENERATION,,triangle-strategy
2517,V_M_MAX_BTL_03400.wav,V_M_MAX_BTL_03400,15,15,15,16,Maxwell,battle,male,maxwell,assets/triangle-strategy/approved_voice_references/maxwell.wav,อึ่ก!,,,READY_FOR_GENERATION,,triangle-strategy
2518,V_M_MAX_BTL_03500.wav,V_M_MAX_BTL_03500,16,16,16,17,Maxwell,battle,male,maxwell,assets/triangle-strategy/approved_voice_references/maxwell.wav,จบกันตรงนี้,,,READY_FOR_GENERATION,,triangle-strategy
2519,V_M_MAX_BTL_03600.wav,V_M_MAX_BTL_03600,17,17,17,18,Maxwell,battle,male,maxwell,assets/triangle-strategy/approved_voice_references/maxwell.wav,ลาก่อน!,,,READY_FOR_GENERATION,,triangle-strategy
2520,V_M_MAX_BTL_08800.wav,V_M_MAX_BTL_08800,18,18,18,19,Maxwell,battle,male,maxwell,assets/triangle-strategy/approved_voice_references/maxwell.wav,ยินดีที่ได้ประมือ!,,,READY_FOR_GENERATION,,triangle-strategy
2521,V_M_MAX_BTL_08900.wav,V_M_MAX_BTL_08900,19,19,19,20,Maxwell,battle,male,maxwell,assets/triangle-strategy/approved_voice_references/maxwell.wav,การประลองนี้เป็นของข้า!,,,READY_FOR_GENERATION,,triangle-strategy
2522,V_M_MAX_BTL_09000.wav,V_M_MAX_BTL_09000,20,20,20,21,Maxwell,battle,male,maxwell,assets/triangle-strategy/approved_voice_references/maxwell.wav,อีกครั้ง!,,,READY_FOR_GENERATION,,triangle-strategy
2523,V_M_MAX_BTL_14200.wav,V_M_MAX_BTL_14200,21,21,21,22,Maxwell,battle,male,maxwell,assets/triangle-strategy/approved_voice_references/maxwell.wav,เป็นไปตามแผน!,,,READY_FOR_GENERATION,,triangle-strategy
2524,V_M_MAX_BTL_14300.wav,V_M_MAX_BTL_14300,22,22,22,23,Maxwell,battle,male,maxwell,assets/triangle-strategy/approved_voice_references/maxwell.wav,ไปได้สวย!,,,READY_FOR_GENERATION,,triangle-strategy
2525,V_M_MAX_BTL_14400.wav,V_M_MAX_BTL_14400,23,23,23,24,Maxwell,battle,male,maxwell,assets/triangle-strategy/approved_voice_references/maxwell.wav,เจ้าแกร่งกว่าที่เห็น,,,READY_FOR_GENERATION,,triangle-strategy
2526,V_M_MAX_BTL_14500.wav,V_M_MAX_BTL_14500,24,24,24,25,Maxwell,battle,male,maxwell,assets/triangle-strategy/approved_voice_references/maxwell.wav,ข้าต้องเปลี่ยนเทคนิค!,,,READY_FOR_GENERATION,,triangle-strategy
2527,V_M_MAX_BTL_14600.wav,V_M_MAX_BTL_14600,25,25,25,26,Maxwell,battle,male,maxwell,assets/triangle-strategy/approved_voice_references/maxwell.wav,อึ่ก!,,HURT_CRY,READY_FOR_GENERATION,,triangle-strategy
2528,V_M_MAX_BTL_14700.wav,V_M_MAX_BTL_14700,26,26,26,27,Maxwell,battle,male,maxwell,assets/triangle-strategy/approved_voice_references/maxwell.wav,โอ๊ย!,,HURT_CRY,READY_FOR_GENERATION,,triangle-strategy
2529,V_M_MAX_BTL_14800.wav,V_M_MAX_BTL_14800,27,27,27,28,Maxwell,battle,male,maxwell,assets/triangle-strategy/approved_voice_references/maxwell.wav,ฮ่า! นั่นแหละ!,,,READY_FOR_GENERATION,,triangle-strategy
2530,V_M_MAX_BTL_14900.wav,V_M_MAX_BTL_14900,28,28,28,29,Maxwell,battle,male,maxwell,assets/triangle-strategy/approved_voice_references/maxwell.wav,อั่ก!,,HURT_CRY,READY_FOR_GENERATION,,triangle-strategy
2531,V_M_MAX_BTL_15000.wav,V_M_MAX_BTL_15000,29,29,29,30,Maxwell,battle,male,maxwell,assets/triangle-strategy/approved_voice_references/maxwell.wav,อึก เป็นไปไม่ได้!,,,READY_FOR_GENERATION,,triangle-strategy
2532,V_M_MAX_BTL_15100.wav,V_M_MAX_BTL_15100,30,30,30,31,Maxwell,battle,male,maxwell,assets/triangle-strategy/approved_voice_references/maxwell.wav,อึก ข้าประมาทไป!,,,READY_FOR_GENERATION,,triangle-strategy
2533,V_M_MAX_BTL_15200.wav,V_M_MAX_BTL_15200,31,31,31,32,Maxwell,battle,male,maxwell,assets/triangle-strategy/approved_voice_references/maxwell.wav,ให้ข้าตอบแทนบ้าง,,,READY_FOR_GENERATION,,triangle-strategy
2534,V_M_MAX_BTL_15300.wav,V_M_MAX_BTL_15300,32,32,32,33,Maxwell,battle,male,maxwell,assets/triangle-strategy/approved_voice_references/maxwell.wav,ตาข้า!,,,READY_FOR_GENERATION,,triangle-strategy
2535,V_M_MAX_BTL_15310.wav,V_M_MAX_BTL_15310,33,33,33,34,Maxwell,battle,male,maxwell,assets/triangle-strategy/approved_voice_references/maxwell.wav,เจ้าโง่!,,,READY_FOR_GENERATION,,triangle-strategy
2536,V_M_MAX_BTL_15320.wav,V_M_MAX_BTL_15320,34,34,34,35,Maxwell,battle,male,maxwell,assets/triangle-strategy/approved_voice_references/maxwell.wav,ฮ่า ฮ่า!,,,READY_FOR_GENERATION,,triangle-strategy
2537,V_M_MAX_BTL_15400.wav,V_M_MAX_BTL_15400,35,35,35,36,Maxwell,battle,male,maxwell,assets/triangle-strategy/approved_voice_references/maxwell.wav,คราวนี้ไม่!,,,READY_FOR_GENERATION,,triangle-strategy
2538,V_M_MAX_BTL_15500.wav,V_M_MAX_BTL_15500,36,36,36,37,Maxwell,battle,male,maxwell,assets/triangle-strategy/approved_voice_references/maxwell.wav,เกือบดี!,,,READY_FOR_GENERATION,,triangle-strategy
2539,V_M_MAX_BTL_15600.wav,V_M_MAX_BTL_15600,37,37,37,38,Maxwell,battle,male,maxwell,assets/triangle-strategy/approved_voice_references/maxwell.wav,ขอบคุณ,,,READY_FOR_GENERATION,,triangle-strategy
2540,V_M_MAX_BTL_15700.wav,V_M_MAX_BTL_15700,38,38,38,39,Maxwell,battle,male,maxwell,assets/triangle-strategy/approved_voice_references/maxwell.wav,ขอบใจนะ,,,READY_FOR_GENERATION,,triangle-strategy
2541,V_M_MAX_BTL_15800.wav,V_M_MAX_BTL_15800,39,39,39,40,Maxwell,battle,male,maxwell,assets/triangle-strategy/approved_voice_references/maxwell.wav,ทีนี้ข้าจะสู้ให้ถึงที่สุด,,,READY_FOR_GENERATION,,triangle-strategy
2542,V_M_MAX_BTL_15900.wav,V_M_MAX_BTL_15900,40,40,40,41,Maxwell,battle,male,maxwell,assets/triangle-strategy/approved_voice_references/maxwell.wav,ขอบคุณ,,,READY_FOR_GENERATION,,triangle-strategy
2543,V_M_MAX_BTL_16000.wav,V_M_MAX_BTL_16000,41,41,41,42,Maxwell,battle,male,maxwell,assets/triangle-strategy/approved_voice_references/maxwell.wav,รู้อยู่แล้วว่าไว้ใจเจ้าได้,,,READY_FOR_GENERATION,,triangle-strategy
2544,V_M_MAX_BTL_16100.wav,V_M_MAX_BTL_16100,42,42,42,43,Maxwell,battle,male,maxwell,assets/triangle-strategy/approved_voice_references/maxwell.wav,ช่วยได้มากเลย,,,READY_FOR_GENERATION,,triangle-strategy
2545,V_M_MAX_BTL_16200.wav,V_M_MAX_BTL_16200,43,43,43,44,Maxwell,battle,male,maxwell,assets/triangle-strategy/approved_voice_references/maxwell.wav,ยกโทษให้ข้าด้วย ฝ่าบาท,,,READY_FOR_GENERATION,,triangle-strategy
2546,V_M_MAX_BTL_16300.wav,V_M_MAX_BTL_16300,44,44,44,45,Maxwell,battle,male,maxwell,assets/triangle-strategy/approved_voice_references/maxwell.wav,นี่คือจุดจบของข้าหรือ?,,,READY_FOR_GENERATION,,triangle-strategy
2547,V_M_MAX_BTL_16400.wav,V_M_MAX_BTL_16400,45,45,45,46,Maxwell,battle,male,maxwell,assets/triangle-strategy/approved_voice_references/maxwell.wav,ตอนนี้!,,,READY_FOR_GENERATION,,triangle-strategy
2548,V_M_MAX_BTL_16500.wav,V_M_MAX_BTL_16500,46,46,46,47,Maxwell,battle,male,maxwell,assets/triangle-strategy/approved_voice_references/maxwell.wav,นี่!,,,READY_FOR_GENERATION,,triangle-strategy
2549,V_M_MAX_BTL_16600.wav,V_M_MAX_BTL_16600,47,47,47,48,Maxwell,battle,male,maxwell,assets/triangle-strategy/approved_voice_references/maxwell.wav,สุดท้ายก็มาถึงจุดนี้,,,READY_FOR_GENERATION,,triangle-strategy
2550,V_M_MAX_BTL_17410.wav,V_M_MAX_BTL_17410,48,48,48,49,Maxwell,battle,male,maxwell,assets/triangle-strategy/approved_voice_references/maxwell.wav,เตรียมตัว!,,,READY_FOR_GENERATION,,triangle-strategy
2551,V_M_MAX_BTL_17411.wav,V_M_MAX_BTL_17411,49,49,49,50,Maxwell,battle,male,maxwell,assets/triangle-strategy/approved_voice_references/maxwell.wav,ด้วยหอกของข้า!,,,READY_FOR_GENERATION,,triangle-strategy
2552,V_M_MAX_BTL_17412.wav,V_M_MAX_BTL_17412,50,50,50,51,Maxwell,battle,male,maxwell,assets/triangle-strategy/approved_voice_references/maxwell.wav,จบกัน!,,,READY_FOR_GENERATION,,triangle-strategy
2553,V_M_MAX_BTL_17413.wav,V_M_MAX_BTL_17413,51,51,51,52,Maxwell,battle,male,maxwell,assets/triangle-strategy/approved_voice_references/maxwell.wav,ฮึ่ย!,,,READY_FOR_GENERATION,,triangle-strategy
2554,V_M_MAX_BTL_17414.wav,V_M_MAX_BTL_17414,52,52,52,53,Maxwell,battle,male,maxwell,assets/triangle-strategy/approved_voice_references/maxwell.wav,เจ้าช่วยตัวเองไม่ได้แล้ว!,,,READY_FOR_GENERATION,,triangle-strategy
2555,V_M_MAX_BTL_17415.wav,V_M_MAX_BTL_17415,53,53,53,54,Maxwell,battle,male,maxwell,assets/triangle-strategy/approved_voice_references/maxwell.wav,มองให้ดี,,,READY_FOR_GENERATION,,triangle-strategy
2556,V_M_MAX_BTL_17420.wav,V_M_MAX_BTL_17420,54,54,54,55,Maxwell,battle,male,maxwell,assets/triangle-strategy/approved_voice_references/maxwell.wav,การป้องกันของเจ้าพังแล้ว!,,,READY_FOR_GENERATION,,triangle-strategy
2557,V_M_MAX_BTL_17421.wav,V_M_MAX_BTL_17421,55,55,55,56,Maxwell,battle,male,maxwell,assets/triangle-strategy/approved_voice_references/maxwell.wav,วาระสุดท้ายของเจ้าใกล้เข้ามา!,,,READY_FOR_GENERATION,,triangle-strategy
2558,V_M_MAX_BTL_17422.wav,V_M_MAX_BTL_17422,56,56,56,57,Maxwell,battle,male,maxwell,assets/triangle-strategy/approved_voice_references/maxwell.wav,จงโจมตีให้แม่น!,,,READY_FOR_GENERATION,,triangle-strategy
2559,V_M_MAX_BTL_17423.wav,V_M_MAX_BTL_17423,57,57,57,58,Maxwell,battle,male,maxwell,assets/triangle-strategy/approved_voice_references/maxwell.wav,จงดู!,,,READY_FOR_GENERATION,,triangle-strategy
2560,V_M_MAX_BTL_17470.wav,V_M_MAX_BTL_17470,58,58,58,59,Maxwell,battle,male,maxwell,assets/triangle-strategy/approved_voice_references/maxwell.wav,ด้วยการโจมตีเพียงครั้งเดียว!,,,READY_FOR_GENERATION,,triangle-strategy
2561,V_M_MAX_BTL_17471.wav,V_M_MAX_BTL_17471,59,59,59,60,Maxwell,battle,male,maxwell,assets/triangle-strategy/approved_voice_references/maxwell.wav,ทุกอย่างเป็นไปตามที่ข้าวางไว้,,,READY_FOR_GENERATION,,triangle-strategy
2562,V_M_MAX_BTL_17480.wav,V_M_MAX_BTL_17480,60,60,60,61,Maxwell,battle,male,maxwell,assets/triangle-strategy/approved_voice_references/maxwell.wav,ทุกคนต้องยอมต่อหอกของข้า!,,,READY_FOR_GENERATION,,triangle-strategy
2563,V_M_MAX_BTL_17500.wav,V_M_MAX_BTL_17500,61,61,61,62,Maxwell,battle,male,maxwell,assets/triangle-strategy/approved_voice_references/maxwell.wav,ตั้งตารอดูได้เลย,,,READY_FOR_GENERATION,,triangle-strategy
2564,V_M_MAX_BTL_17600.wav,V_M_MAX_BTL_17600,62,62,62,63,Maxwell,battle,male,maxwell,assets/triangle-strategy/approved_voice_references/maxwell.wav,การฝึกฝนนำไปสู่ความสมบูรณ์,,,READY_FOR_GENERATION,,triangle-strategy
2565,V_M_MAX_BTL_17700.wav,V_M_MAX_BTL_17700,63,63,63,64,Maxwell,battle,male,maxwell,assets/triangle-strategy/approved_voice_references/maxwell.wav,ใช่!,,,READY_FOR_GENERATION,,triangle-strategy
2566,V_M_MAX_BTL_17800.wav,V_M_MAX_BTL_17800,64,64,64,65,Maxwell,battle,male,maxwell,assets/triangle-strategy/approved_voice_references/maxwell.wav,เท่านี้ก็พอ,,,READY_FOR_GENERATION,,triangle-strategy
2567,V_M_MAX_BTL_17900.wav,V_M_MAX_BTL_17900,65,65,65,66,Maxwell,battle,male,maxwell,assets/triangle-strategy/approved_voice_references/maxwell.wav,เข้าใจแล้ว,,,READY_FOR_GENERATION,,triangle-strategy
2568,V_M_MAX_BTL_18000.wav,V_M_MAX_BTL_18000,66,66,66,67,Maxwell,battle,male,maxwell,assets/triangle-strategy/approved_voice_references/maxwell.wav,ข้าจะนำชัยชนะมาให้,,,READY_FOR_GENERATION,,triangle-strategy
2569,V_M_MAX_BTL_18200.wav,V_M_MAX_BTL_18200,67,67,67,68,Maxwell,battle,male,maxwell,assets/triangle-strategy/approved_voice_references/maxwell.wav,เส้นทางของเราชัดเจนขึ้น,,,READY_FOR_GENERATION,,triangle-strategy
2570,V_M_MAX_BTL_18300.wav,V_M_MAX_BTL_18300,68,68,68,69,Maxwell,battle,male,maxwell,assets/triangle-strategy/approved_voice_references/maxwell.wav,ความพยายามหนักย่อมนำพรมาให้,,,READY_FOR_GENERATION,,triangle-strategy
2574,V_M_MAX_G_BTL_00400.wav,V_M_MAX_G_BTL_00400,3,3,3,4,Maxwell,battle,male,maxwell,assets/triangle-strategy/approved_voice_references/maxwell.wav,ด้วยเกียรติแห่งดอว์นสเปียร์,,,READY_FOR_GENERATION,,triangle-strategy
2575,V_M_MAX_G_BTL_00500.wav,V_M_MAX_G_BTL_00500,4,4,4,5,Maxwell,battle,male,maxwell,assets/triangle-strategy/approved_voice_references/maxwell.wav,ข้าจะปกป้องเจ้า,,,READY_FOR_GENERATION,,triangle-strategy
2576,V_M_MAX_G_BTL_00600.wav,V_M_MAX_G_BTL_00600,5,5,5,6,Maxwell,battle,male,maxwell,assets/triangle-strategy/approved_voice_references/maxwell.wav,ข้าจะไม่ออมมือ,,,READY_FOR_GENERATION,,triangle-strategy
2577,V_M_MAX_G_BTL_00700.wav,V_M_MAX_G_BTL_00700,6,6,6,7,Maxwell,battle,male,maxwell,assets/triangle-strategy/approved_voice_references/maxwell.wav,ด้วยเกียรติแห่งดอว์นสเปียร์,,,READY_FOR_GENERATION,,triangle-strategy
2587,V_M_MAX_G_BTL_01700.wav,V_M_MAX_G_BTL_01700,16,16,16,17,Maxwell,battle,male,maxwell,assets/triangle-strategy/approved_voice_references/maxwell.wav,ข้าต้องยืนหยัด,,,READY_FOR_GENERATION,,triangle-strategy
2588,V_M_MAX_G_BTL_01800.wav,V_M_MAX_G_BTL_01800,17,17,17,18,Maxwell,battle,male,maxwell,assets/triangle-strategy/approved_voice_references/maxwell.wav,ตราบใดที่ยังหายใจ ข้ายังสู้ได้,,,READY_FOR_GENERATION,,triangle-strategy
2589,V_M_MAX_G_BTL_01900.wav,V_M_MAX_G_BTL_01900,18,18,18,19,Maxwell,battle,male,maxwell,assets/triangle-strategy/approved_voice_references/maxwell.wav,ความตายต้องรอก่อน,,,READY_FOR_GENERATION,,triangle-strategy
2590,V_M_MAX_G_BTL_02000.wav,V_M_MAX_G_BTL_02000,19,19,19,20,Maxwell,battle,male,maxwell,assets/triangle-strategy/approved_voice_references/maxwell.wav,ข้าต้องยืนหยัด,,,READY_FOR_GENERATION,,triangle-strategy
2597,V_M_MAX_G_BTL_02700.wav,V_M_MAX_G_BTL_02700,26,26,26,27,Maxwell,battle,male,maxwell,assets/triangle-strategy/approved_voice_references/maxwell.wav,ฮึ่ย!,,,READY_FOR_GENERATION,,triangle-strategy
2598,V_M_MAX_G_BTL_02800.wav,V_M_MAX_G_BTL_02800,27,27,27,28,Maxwell,battle,male,maxwell,assets/triangle-strategy/approved_voice_references/maxwell.wav,นี่ไม่น่ายินดีเลย,,,READY_FOR_GENERATION,,triangle-strategy
2599,V_M_MAX_G_BTL_02900.wav,V_M_MAX_G_BTL_02900,28,28,28,29,Maxwell,battle,male,maxwell,assets/triangle-strategy/approved_voice_references/maxwell.wav,ย๊าก!,,ATTACK_CRY,READY_FOR_GENERATION,,triangle-strategy
2600,V_M_MAX_G_BTL_03000.wav,V_M_MAX_G_BTL_03000,29,29,29,30,Maxwell,battle,male,maxwell,assets/triangle-strategy/approved_voice_references/maxwell.wav,ย๊าก!,,ATTACK_CRY,READY_FOR_GENERATION,,triangle-strategy
2601,V_M_MAX_G_BTL_03100.wav,V_M_MAX_G_BTL_03100,30,30,30,31,Maxwell,battle,male,maxwell,assets/triangle-strategy/approved_voice_references/maxwell.wav,เอ้า!,,ATTACK_CRY,READY_FOR_GENERATION,,triangle-strategy
2602,V_M_MAX_G_BTL_03200.wav,V_M_MAX_G_BTL_03200,31,31,31,32,Maxwell,battle,male,maxwell,assets/triangle-strategy/approved_voice_references/maxwell.wav,นั่น!,,,READY_FOR_GENERATION,,triangle-strategy
2603,V_M_MAX_G_BTL_03300.wav,V_M_MAX_G_BTL_03300,32,32,32,33,Maxwell,battle,male,maxwell,assets/triangle-strategy/approved_voice_references/maxwell.wav,ฮึ่ย!,,ATTACK_CRY,READY_FOR_GENERATION,,triangle-strategy
2604,V_M_MAX_G_BTL_03400.wav,V_M_MAX_G_BTL_03400,33,33,33,34,Maxwell,battle,male,maxwell,assets/triangle-strategy/approved_voice_references/maxwell.wav,ย๊าก!,,ATTACK_CRY,READY_FOR_GENERATION,,triangle-strategy
2605,V_M_MAX_G_BTL_03500.wav,V_M_MAX_G_BTL_03500,34,34,34,35,Maxwell,battle,male,maxwell,assets/triangle-strategy/approved_voice_references/maxwell.wav,จบกันตรงนี้,,,READY_FOR_GENERATION,,triangle-strategy
2606,V_M_MAX_G_BTL_03600.wav,V_M_MAX_G_BTL_03600,35,35,35,36,Maxwell,battle,male,maxwell,assets/triangle-strategy/approved_voice_references/maxwell.wav,จบกันตรงนี้,,,READY_FOR_GENERATION,,triangle-strategy
2658,V_M_MAX_G_BTL_08800.wav,V_M_MAX_G_BTL_08800,87,87,87,88,Maxwell,battle,male,maxwell,assets/triangle-strategy/approved_voice_references/maxwell.wav,ยินดีที่ได้ประมือ!,,,READY_FOR_GENERATION,,triangle-strategy
2659,V_M_MAX_G_BTL_08900.wav,V_M_MAX_G_BTL_08900,88,88,88,89,Maxwell,battle,male,maxwell,assets/triangle-strategy/approved_voice_references/maxwell.wav,การประลองนี้เป็นของข้า!,,,READY_FOR_GENERATION,,triangle-strategy
2660,V_M_MAX_G_BTL_09000.wav,V_M_MAX_G_BTL_09000,89,89,89,90,Maxwell,battle,male,maxwell,assets/triangle-strategy/approved_voice_references/maxwell.wav,ยินดีที่ได้ประมือ!,,,READY_FOR_GENERATION,,triangle-strategy
2712,V_M_MAX_G_BTL_14200.wav,V_M_MAX_G_BTL_14200,141,141,141,142,Maxwell,battle,male,maxwell,assets/triangle-strategy/approved_voice_references/maxwell.wav,เป็นไปตามแผน!,,,READY_FOR_GENERATION,,triangle-strategy
2713,V_M_MAX_G_BTL_14300.wav,V_M_MAX_G_BTL_14300,142,142,142,143,Maxwell,battle,male,maxwell,assets/triangle-strategy/approved_voice_references/maxwell.wav,ไปได้สวย!,,,READY_FOR_GENERATION,,triangle-strategy
2714,V_M_MAX_G_BTL_14400.wav,V_M_MAX_G_BTL_14400,143,143,143,144,Maxwell,battle,male,maxwell,assets/triangle-strategy/approved_voice_references/maxwell.wav,เจ้าแกร่งกว่าที่เห็น,,,READY_FOR_GENERATION,,triangle-strategy
2715,V_M_MAX_G_BTL_14500.wav,V_M_MAX_G_BTL_14500,144,144,144,145,Maxwell,battle,male,maxwell,assets/triangle-strategy/approved_voice_references/maxwell.wav,ข้าต้องเปลี่ยนเทคนิค!,,,READY_FOR_GENERATION,,triangle-strategy
2716,V_M_MAX_G_BTL_14600.wav,V_M_MAX_G_BTL_14600,145,145,145,146,Maxwell,battle,male,maxwell,assets/triangle-strategy/approved_voice_references/maxwell.wav,อั่ก!,,HURT_CRY,READY_FOR_GENERATION,,triangle-strategy
2717,V_M_MAX_G_BTL_14700.wav,V_M_MAX_G_BTL_14700,146,146,146,147,Maxwell,battle,male,maxwell,assets/triangle-strategy/approved_voice_references/maxwell.wav,โอ๊ย!,,HURT_CRY,READY_FOR_GENERATION,,triangle-strategy
2718,V_M_MAX_G_BTL_14800.wav,V_M_MAX_G_BTL_14800,147,147,147,148,Maxwell,battle,male,maxwell,assets/triangle-strategy/approved_voice_references/maxwell.wav,ฮ่า! นั่นแหละ!,,,READY_FOR_GENERATION,,triangle-strategy
2719,V_M_MAX_G_BTL_14900.wav,V_M_MAX_G_BTL_14900,148,148,148,149,Maxwell,battle,male,maxwell,assets/triangle-strategy/approved_voice_references/maxwell.wav,อึ่ก!,,HURT_CRY,READY_FOR_GENERATION,,triangle-strategy
2720,V_M_MAX_G_BTL_15000.wav,V_M_MAX_G_BTL_15000,149,149,149,150,Maxwell,battle,male,maxwell,assets/triangle-strategy/approved_voice_references/maxwell.wav,อึก เป็นไปไม่ได้!,,,READY_FOR_GENERATION,,triangle-strategy
2721,V_M_MAX_G_BTL_15100.wav,V_M_MAX_G_BTL_15100,150,150,150,151,Maxwell,battle,male,maxwell,assets/triangle-strategy/approved_voice_references/maxwell.wav,อึก ข้าประมาทไป!,,,READY_FOR_GENERATION,,triangle-strategy
2722,V_M_MAX_G_BTL_15200.wav,V_M_MAX_G_BTL_15200,151,151,151,152,Maxwell,battle,male,maxwell,assets/triangle-strategy/approved_voice_references/maxwell.wav,ให้ข้าตอบแทนบ้าง,,,READY_FOR_GENERATION,,triangle-strategy
2723,V_M_MAX_G_BTL_15300.wav,V_M_MAX_G_BTL_15300,152,152,152,153,Maxwell,battle,male,maxwell,assets/triangle-strategy/approved_voice_references/maxwell.wav,ตาข้า!,,,READY_FOR_GENERATION,,triangle-strategy
2724,V_M_MAX_G_BTL_15400.wav,V_M_MAX_G_BTL_15400,153,153,153,154,Maxwell,battle,male,maxwell,assets/triangle-strategy/approved_voice_references/maxwell.wav,คราวนี้ไม่!,,,READY_FOR_GENERATION,,triangle-strategy
2725,V_M_MAX_G_BTL_15500.wav,V_M_MAX_G_BTL_15500,154,154,154,155,Maxwell,battle,male,maxwell,assets/triangle-strategy/approved_voice_references/maxwell.wav,เกือบดี!,,,READY_FOR_GENERATION,,triangle-strategy
2726,V_M_MAX_G_BTL_15600.wav,V_M_MAX_G_BTL_15600,155,155,155,156,Maxwell,battle,male,maxwell,assets/triangle-strategy/approved_voice_references/maxwell.wav,ขอบคุณ,,,READY_FOR_GENERATION,,triangle-strategy
2727,V_M_MAX_G_BTL_15700.wav,V_M_MAX_G_BTL_15700,156,156,156,157,Maxwell,battle,male,maxwell,assets/triangle-strategy/approved_voice_references/maxwell.wav,ขอบใจนะ,,,READY_FOR_GENERATION,,triangle-strategy
2728,V_M_MAX_G_BTL_15800.wav,V_M_MAX_G_BTL_15800,157,157,157,158,Maxwell,battle,male,maxwell,assets/triangle-strategy/approved_voice_references/maxwell.wav,ทีนี้ข้าจะสู้ให้ถึงที่สุด,,,READY_FOR_GENERATION,,triangle-strategy
2729,V_M_MAX_G_BTL_15900.wav,V_M_MAX_G_BTL_15900,158,158,158,159,Maxwell,battle,male,maxwell,assets/triangle-strategy/approved_voice_references/maxwell.wav,ขอบคุณ,,,READY_FOR_GENERATION,,triangle-strategy
2730,V_M_MAX_G_BTL_16000.wav,V_M_MAX_G_BTL_16000,159,159,159,160,Maxwell,battle,male,maxwell,assets/triangle-strategy/approved_voice_references/maxwell.wav,รู้อยู่แล้วว่าไว้ใจเจ้าได้,,,READY_FOR_GENERATION,,triangle-strategy
2731,V_M_MAX_G_BTL_16100.wav,V_M_MAX_G_BTL_16100,160,160,160,161,Maxwell,battle,male,maxwell,assets/triangle-strategy/approved_voice_references/maxwell.wav,ช่วยได้มากเลย,,,READY_FOR_GENERATION,,triangle-strategy
2732,V_M_MAX_G_BTL_16200.wav,V_M_MAX_G_BTL_16200,161,161,161,162,Maxwell,battle,male,maxwell,assets/triangle-strategy/approved_voice_references/maxwell.wav,ยกโทษให้ข้าด้วย ฝ่าบาท,,,READY_FOR_GENERATION,,triangle-strategy
2733,V_M_MAX_G_BTL_16300.wav,V_M_MAX_G_BTL_16300,162,162,162,163,Maxwell,battle,male,maxwell,assets/triangle-strategy/approved_voice_references/maxwell.wav,นี่คือจุดจบของข้าหรือ?,,,READY_FOR_GENERATION,,triangle-strategy
2851,V_M_MB101_E_BTL_00400.wav,V_M_MB101_E_BTL_00400,0,0,0,1,Generic Male MB101,battle,male,MALE_ADULT_A,assets/triangle-strategy/approved_voice_references/MALE_ADULT_A.wav,เอาล่ะ,,,READY_FOR_GENERATION,,triangle-strategy
2852,V_M_MB101_E_BTL_00500.wav,V_M_MB101_E_BTL_00500,1,1,1,2,Generic Male MB101,battle,male,MALE_ADULT_A,assets/triangle-strategy/approved_voice_references/MALE_ADULT_A.wav,ต้องตั้งสติไว้,,,READY_FOR_GENERATION,,triangle-strategy
2853,V_M_MB101_E_BTL_00600.wav,V_M_MB101_E_BTL_00600,2,2,2,3,Generic Male MB101,battle,male,MALE_ADULT_A,assets/triangle-strategy/approved_voice_references/MALE_ADULT_A.wav,เอาล่ะ,,,READY_FOR_GENERATION,,triangle-strategy
2854,V_M_MB101_E_BTL_01700.wav,V_M_MB101_E_BTL_01700,3,3,3,4,Generic Male MB101,battle,male,MALE_ADULT_A,assets/triangle-strategy/approved_voice_references/MALE_ADULT_A.wav,อึก แบบนี้ไม่ดี,,,READY_FOR_GENERATION,,triangle-strategy
2855,V_M_MB101_E_BTL_01800.wav,V_M_MB101_E_BTL_01800,4,4,4,5,Generic Male MB101,battle,male,MALE_ADULT_A,assets/triangle-strategy/approved_voice_references/MALE_ADULT_A.wav,ข้าจบเห่แล้ว,,,READY_FOR_GENERATION,,triangle-strategy
2856,V_M_MB101_E_BTL_01900.wav,V_M_MB101_E_BTL_01900,5,5,5,6,Generic Male MB101,battle,male,MALE_ADULT_A,assets/triangle-strategy/approved_voice_references/MALE_ADULT_A.wav,ข้าแพ้ไม่ได้,,,READY_FOR_GENERATION,,triangle-strategy
2857,V_M_MB101_E_BTL_02700.wav,V_M_MB101_E_BTL_02700,6,6,6,7,Generic Male MB101,battle,male,MALE_ADULT_A,assets/triangle-strategy/approved_voice_references/MALE_ADULT_A.wav,เฮ้อ เฮ้อ เฮ้อ เฮ้อ,,,READY_FOR_GENERATION,,triangle-strategy
2858,V_M_MB101_E_BTL_02800.wav,V_M_MB101_E_BTL_02800,7,7,7,8,Generic Male MB101,battle,male,MALE_ADULT_A,assets/triangle-strategy/approved_voice_references/MALE_ADULT_A.wav,ข้าไม่รู้ว่าจะไปต่อไหวไหม,,,READY_FOR_GENERATION,,triangle-strategy
2859,V_M_MB101_E_BTL_02900.wav,V_M_MB101_E_BTL_02900,8,8,8,9,Generic Male MB101,battle,male,MALE_ADULT_A,assets/triangle-strategy/approved_voice_references/MALE_ADULT_A.wav,เอ้า!,,ATTACK_CRY,READY_FOR_GENERATION,,triangle-strategy
2860,V_M_MB101_E_BTL_03000.wav,V_M_MB101_E_BTL_03000,9,9,9,10,Generic Male MB101,battle,male,MALE_ADULT_A,assets/triangle-strategy/approved_voice_references/MALE_ADULT_A.wav,ฮ่า!,,ATTACK_CRY,READY_FOR_GENERATION,,triangle-strategy
2861,V_M_MB101_E_BTL_03100.wav,V_M_MB101_E_BTL_03100,10,10,10,11,Generic Male MB101,battle,male,MALE_ADULT_A,assets/triangle-strategy/approved_voice_references/MALE_ADULT_A.wav,ฮ้า!,,ATTACK_CRY,READY_FOR_GENERATION,,triangle-strategy
2862,V_M_MB101_E_BTL_03200.wav,V_M_MB101_E_BTL_03200,11,11,11,12,Generic Male MB101,battle,male,MALE_ADULT_A,assets/triangle-strategy/approved_voice_references/MALE_ADULT_A.wav,อึ่ก!,,,READY_FOR_GENERATION,,triangle-strategy
2863,V_M_MB101_E_BTL_03500.wav,V_M_MB101_E_BTL_03500,12,12,12,13,Generic Male MB101,battle,male,MALE_ADULT_A,assets/triangle-strategy/approved_voice_references/MALE_ADULT_A.wav,พอได้แล้ว!,,,READY_FOR_GENERATION,,triangle-strategy
2864,V_M_MB101_E_BTL_08800.wav,V_M_MB101_E_BTL_08800,13,13,13,14,Generic Male MB101,battle,male,MALE_ADULT_A,assets/triangle-strategy/approved_voice_references/MALE_ADULT_A.wav,ฮ่ะ!,,ATTACK_CRY,READY_FOR_GENERATION,,triangle-strategy
2865,V_M_MB101_E_BTL_08900.wav,V_M_MB101_E_BTL_08900,14,14,14,15,Generic Male MB101,battle,male,MALE_ADULT_A,assets/triangle-strategy/approved_voice_references/MALE_ADULT_A.wav,อันนี้ของข้า!,,,READY_FOR_GENERATION,,triangle-strategy
2866,V_M_MB101_E_BTL_09000.wav,V_M_MB101_E_BTL_09000,15,15,15,16,Generic Male MB101,battle,male,MALE_ADULT_A,assets/triangle-strategy/approved_voice_references/MALE_ADULT_A.wav,รับนี่ไป!,,,READY_FOR_GENERATION,,triangle-strategy
2867,V_M_MB101_E_BTL_14200.wav,V_M_MB101_E_BTL_14200,16,16,16,17,Generic Male MB101,battle,male,MALE_ADULT_A,assets/triangle-strategy/approved_voice_references/MALE_ADULT_A.wav,ใช่!,,,READY_FOR_GENERATION,,triangle-strategy
2868,V_M_MB101_E_BTL_14300.wav,V_M_MB101_E_BTL_14300,17,17,17,18,Generic Male MB101,battle,male,MALE_ADULT_A,assets/triangle-strategy/approved_voice_references/MALE_ADULT_A.wav,ได้ผล!,,,READY_FOR_GENERATION,,triangle-strategy
2869,V_M_MB101_E_BTL_14400.wav,V_M_MB101_E_BTL_14400,18,18,18,19,Generic Male MB101,battle,male,MALE_ADULT_A,assets/triangle-strategy/approved_voice_references/MALE_ADULT_A.wav,ไม่ได้ผล!,,,READY_FOR_GENERATION,,triangle-strategy
2870,V_M_MB101_E_BTL_14500.wav,V_M_MB101_E_BTL_14500,19,19,19,20,Generic Male MB101,battle,male,MALE_ADULT_A,assets/triangle-strategy/approved_voice_references/MALE_ADULT_A.wav,บ้าเอ๊ย!,,,READY_FOR_GENERATION,,triangle-strategy
2871,V_M_MB101_E_BTL_14600.wav,V_M_MB101_E_BTL_14600,20,20,20,21,Generic Male MB101,battle,male,MALE_ADULT_A,assets/triangle-strategy/approved_voice_references/MALE_ADULT_A.wav,อึ่ก!,,HURT_CRY,READY_FOR_GENERATION,,triangle-strategy
2872,V_M_MB101_E_BTL_14700.wav,V_M_MB101_E_BTL_14700,21,21,21,22,Generic Male MB101,battle,male,MALE_ADULT_A,assets/triangle-strategy/approved_voice_references/MALE_ADULT_A.wav,อึก!,,HURT_CRY,READY_FOR_GENERATION,,triangle-strategy
2873,V_M_MB101_E_BTL_14800.wav,V_M_MB101_E_BTL_14800,22,22,22,23,Generic Male MB101,battle,male,MALE_ADULT_A,assets/triangle-strategy/approved_voice_references/MALE_ADULT_A.wav,อะไรวะ...,,,READY_FOR_GENERATION,,triangle-strategy
2874,V_M_MB101_E_BTL_15000.wav,V_M_MB101_E_BTL_15000,23,23,23,24,Generic Male MB101,battle,male,MALE_ADULT_A,assets/triangle-strategy/approved_voice_references/MALE_ADULT_A.wav,โอ๊ย!,,HURT_CRY,READY_FOR_GENERATION,,triangle-strategy
2875,V_M_MB101_E_BTL_15100.wav,V_M_MB101_E_BTL_15100,24,24,24,25,Generic Male MB101,battle,male,MALE_ADULT_A,assets/triangle-strategy/approved_voice_references/MALE_ADULT_A.wav,อั่ก!,,HURT_CRY,READY_FOR_GENERATION,,triangle-strategy
2876,V_M_MB101_E_BTL_15200.wav,V_M_MB101_E_BTL_15200,25,25,25,26,Generic Male MB101,battle,male,MALE_ADULT_A,assets/triangle-strategy/approved_voice_references/MALE_ADULT_A.wav,นี่คือสิ่งที่เจ้าสมควรได้!,,,READY_FOR_GENERATION,,triangle-strategy
2877,V_M_MB101_E_BTL_15300.wav,V_M_MB101_E_BTL_15300,26,26,26,27,Generic Male MB101,battle,male,MALE_ADULT_A,assets/triangle-strategy/approved_voice_references/MALE_ADULT_A.wav,บ้าเอ๊ย!,,,READY_FOR_GENERATION,,triangle-strategy
2878,V_M_MB101_E_BTL_15400.wav,V_M_MB101_E_BTL_15400,27,27,27,28,Generic Male MB101,battle,male,MALE_ADULT_A,assets/triangle-strategy/approved_voice_references/MALE_ADULT_A.wav,หึ!,,EVADE_GUARD,READY_FOR_GENERATION,,triangle-strategy
2879,V_M_MB101_E_BTL_15500.wav,V_M_MB101_E_BTL_15500,28,28,28,29,Generic Male MB101,battle,male,MALE_ADULT_A,assets/triangle-strategy/approved_voice_references/MALE_ADULT_A.wav,ฮ่า!,,EVADE_GUARD,READY_FOR_GENERATION,,triangle-strategy
2880,V_M_MB101_E_BTL_15600.wav,V_M_MB101_E_BTL_15600,29,29,29,30,Generic Male MB101,battle,male,MALE_ADULT_A,assets/triangle-strategy/approved_voice_references/MALE_ADULT_A.wav,อา ขอบใจ,,,READY_FOR_GENERATION,,triangle-strategy
2881,V_M_MB101_E_BTL_15700.wav,V_M_MB101_E_BTL_15700,30,30,30,31,Generic Male MB101,battle,male,MALE_ADULT_A,assets/triangle-strategy/approved_voice_references/MALE_ADULT_A.wav,ข้าต้องการแบบนี้พอดี,,,READY_FOR_GENERATION,,triangle-strategy
2882,V_M_MB101_E_BTL_15900.wav,V_M_MB101_E_BTL_15900,31,31,31,32,Generic Male MB101,battle,male,MALE_ADULT_A,assets/triangle-strategy/approved_voice_references/MALE_ADULT_A.wav,เอาล่ะ ไปกัน!,,,READY_FOR_GENERATION,,triangle-strategy
2883,V_M_MB101_E_BTL_16000.wav,V_M_MB101_E_BTL_16000,32,32,32,33,Generic Male MB101,battle,male,MALE_ADULT_A,assets/triangle-strategy/approved_voice_references/MALE_ADULT_A.wav,รู้สึกแข็งแกร่งขึ้น!,,,READY_FOR_GENERATION,,triangle-strategy
2884,V_M_MB101_E_BTL_16200.wav,V_M_MB101_E_BTL_16200,33,33,33,34,Generic Male MB101,battle,male,MALE_ADULT_A,assets/triangle-strategy/approved_voice_references/MALE_ADULT_A.wav,ย่ะ!,,ATTACK_CRY,READY_FOR_GENERATION,,triangle-strategy
2885,V_M_MB101_E_BTL_17410.wav,V_M_MB101_E_BTL_17410,34,34,34,35,Generic Male MB101,battle,male,MALE_ADULT_A,assets/triangle-strategy/approved_voice_references/MALE_ADULT_A.wav,ย้าก!,,ATTACK_CRY,READY_FOR_GENERATION,,triangle-strategy
2886,V_M_MB101_E_BTL_17411.wav,V_M_MB101_E_BTL_17411,35,35,35,36,Generic Male MB101,battle,male,MALE_ADULT_A,assets/triangle-strategy/approved_voice_references/MALE_ADULT_A.wav,ว้าก!,,HURT_CRY,READY_FOR_GENERATION,,triangle-strategy
2887,V_M_MB101_E_BTL_17420.wav,V_M_MB101_E_BTL_17420,36,36,36,37,Generic Male MB101,battle,male,MALE_ADULT_A,assets/triangle-strategy/approved_voice_references/MALE_ADULT_A.wav,เตรียมตัว!,,,READY_FOR_GENERATION,,triangle-strategy
2888,V_M_MB101_E_BTL_17421.wav,V_M_MB101_E_BTL_17421,37,37,37,38,Generic Male MB101,battle,male,MALE_ADULT_A,assets/triangle-strategy/approved_voice_references/MALE_ADULT_A.wav,เป็นไงล่ะ?,,,READY_FOR_GENERATION,,triangle-strategy
2889,V_M_MB101_E_BTL_17460.wav,V_M_MB101_E_BTL_17460,38,38,38,39,Generic Male MB101,battle,male,MALE_ADULT_A,assets/triangle-strategy/approved_voice_references/MALE_ADULT_A.wav,ไม่ใช่ตอนที่ข้าอยู่ตรงนี้,,,READY_FOR_GENERATION,,triangle-strategy
2890,V_M_MB101_E_BTL_17461.wav,V_M_MB101_E_BTL_17461,39,39,39,40,Generic Male MB101,battle,male,MALE_ADULT_A,assets/triangle-strategy/approved_voice_references/MALE_ADULT_A.wav,จะรีบไปไหน?,,,READY_FOR_GENERATION,,triangle-strategy
2891,V_M_MB103_E_BTL_00400.wav,V_M_MB103_E_BTL_00400,0,0,0,1,Generic Male MB103,battle,male,MALE_ADULT_A,assets/triangle-strategy/approved_voice_references/MALE_ADULT_A.wav,เจ้าไม่เหลือทางเลือกให้ข้า,,,READY_FOR_GENERATION,,triangle-strategy
2892,V_M_MB103_E_BTL_00500.wav,V_M_MB103_E_BTL_00500,1,1,1,2,Generic Male MB103,battle,male,MALE_ADULT_A,assets/triangle-strategy/approved_voice_references/MALE_ADULT_A.wav,ข้าต้องรอด,,,READY_FOR_GENERATION,,triangle-strategy
2893,V_M_MB103_E_BTL_00600.wav,V_M_MB103_E_BTL_00600,2,2,2,3,Generic Male MB103,battle,male,MALE_ADULT_A,assets/triangle-strategy/approved_voice_references/MALE_ADULT_A.wav,ได้ งั้นก็เอาเลย,,,READY_FOR_GENERATION,,triangle-strategy
2894,V_M_MB103_E_BTL_01700.wav,V_M_MB103_E_BTL_01700,3,3,3,4,Generic Male MB103,battle,male,MALE_ADULT_A,assets/triangle-strategy/approved_voice_references/MALE_ADULT_A.wav,ข้าจะไม่ยอมแพ้,,,READY_FOR_GENERATION,,triangle-strategy
2895,V_M_MB103_E_BTL_01800.wav,V_M_MB103_E_BTL_01800,4,4,4,5,Generic Male MB103,battle,male,MALE_ADULT_A,assets/triangle-strategy/approved_voice_references/MALE_ADULT_A.wav,ข้ายังสู้ได้!,,,READY_FOR_GENERATION,,triangle-strategy
2896,V_M_MB103_E_BTL_01900.wav,V_M_MB103_E_BTL_01900,5,5,5,6,Generic Male MB103,battle,male,MALE_ADULT_A,assets/triangle-strategy/approved_voice_references/MALE_ADULT_A.wav,ฮั่ก ฮั่ก ฮั่ก,,,READY_FOR_GENERATION,,triangle-strategy
2897,V_M_MB103_E_BTL_02700.wav,V_M_MB103_E_BTL_02700,6,6,6,7,Generic Male MB103,battle,male,MALE_ADULT_A,assets/triangle-strategy/approved_voice_references/MALE_ADULT_A.wav,ในเวลาแบบนี้...,,,READY_FOR_GENERATION,,triangle-strategy
2898,V_M_MB103_E_BTL_02800.wav,V_M_MB103_E_BTL_02800,7,7,7,8,Generic Male MB103,battle,male,MALE_ADULT_A,assets/triangle-strategy/approved_voice_references/MALE_ADULT_A.wav,บ้าเอ๊ย!,,,READY_FOR_GENERATION,,triangle-strategy
2899,V_M_MB103_E_BTL_02900.wav,V_M_MB103_E_BTL_02900,8,8,8,9,Generic Male MB103,battle,male,MALE_ADULT_A,assets/triangle-strategy/approved_voice_references/MALE_ADULT_A.wav,เอ้า!,,ATTACK_CRY,READY_FOR_GENERATION,,triangle-strategy
2900,V_M_MB103_E_BTL_03000.wav,V_M_MB103_E_BTL_03000,9,9,9,10,Generic Male MB103,battle,male,MALE_ADULT_A,assets/triangle-strategy/approved_voice_references/MALE_ADULT_A.wav,เฮ้อ!,,,READY_FOR_GENERATION,,triangle-strategy
2901,V_M_MB103_E_BTL_03100.wav,V_M_MB103_E_BTL_03100,10,10,10,11,Generic Male MB103,battle,male,MALE_ADULT_A,assets/triangle-strategy/approved_voice_references/MALE_ADULT_A.wav,นี่!,,,READY_FOR_GENERATION,,triangle-strategy
2902,V_M_MB103_E_BTL_03200.wav,V_M_MB103_E_BTL_03200,11,11,11,12,Generic Male MB103,battle,male,MALE_ADULT_A,assets/triangle-strategy/approved_voice_references/MALE_ADULT_A.wav,ยอมแพ้ซะ!,,,READY_FOR_GENERATION,,triangle-strategy
2903,V_M_MB103_E_BTL_03500.wav,V_M_MB103_E_BTL_03500,12,12,12,13,Generic Male MB103,battle,male,MALE_ADULT_A,assets/triangle-strategy/approved_voice_references/MALE_ADULT_A.wav,หลีกไป!,,,READY_FOR_GENERATION,,triangle-strategy
2904,V_M_MB103_E_BTL_08800.wav,V_M_MB103_E_BTL_08800,13,13,13,14,Generic Male MB103,battle,male,MALE_ADULT_A,assets/triangle-strategy/approved_voice_references/MALE_ADULT_A.wav,เปิดช่องเต็ม ๆ!,,,READY_FOR_GENERATION,,triangle-strategy
2905,V_M_MB103_E_BTL_08900.wav,V_M_MB103_E_BTL_08900,14,14,14,15,Generic Male MB103,battle,male,MALE_ADULT_A,assets/triangle-strategy/approved_voice_references/MALE_ADULT_A.wav,รับไปอีกที!,,,READY_FOR_GENERATION,,triangle-strategy
2906,V_M_MB103_E_BTL_09000.wav,V_M_MB103_E_BTL_09000,15,15,15,16,Generic Male MB103,battle,male,MALE_ADULT_A,assets/triangle-strategy/approved_voice_references/MALE_ADULT_A.wav,ล้มลงไป!,,,READY_FOR_GENERATION,,triangle-strategy
2907,V_M_MB103_E_BTL_14200.wav,V_M_MB103_E_BTL_14200,16,16,16,17,Generic Male MB103,battle,male,MALE_ADULT_A,assets/triangle-strategy/approved_voice_references/MALE_ADULT_A.wav,หึ ผลลัพธ์ไม่เลว,,,READY_FOR_GENERATION,,triangle-strategy
2908,V_M_MB103_E_BTL_14300.wav,V_M_MB103_E_BTL_14300,17,17,17,18,Generic Male MB103,battle,male,MALE_ADULT_A,assets/triangle-strategy/approved_voice_references/MALE_ADULT_A.wav,ยอดเยี่ยม!,,,READY_FOR_GENERATION,,triangle-strategy
2909,V_M_MB103_E_BTL_14400.wav,V_M_MB103_E_BTL_14400,18,18,18,19,Generic Male MB103,battle,male,MALE_ADULT_A,assets/triangle-strategy/approved_voice_references/MALE_ADULT_A.wav,อ้าก!,,HURT_CRY,READY_FOR_GENERATION,,triangle-strategy
2910,V_M_MB103_E_BTL_14500.wav,V_M_MB103_E_BTL_14500,19,19,19,20,Generic Male MB103,battle,male,MALE_ADULT_A,assets/triangle-strategy/approved_voice_references/MALE_ADULT_A.wav,ข้าเสียเวลาไปแล้ว!,,,READY_FOR_GENERATION,,triangle-strategy
2911,V_M_MB103_E_BTL_14600.wav,V_M_MB103_E_BTL_14600,20,20,20,21,Generic Male MB103,battle,male,MALE_ADULT_A,assets/triangle-strategy/approved_voice_references/MALE_ADULT_A.wav,โอ๊ย!,,HURT_CRY,READY_FOR_GENERATION,,triangle-strategy
2912,V_M_MB103_E_BTL_14700.wav,V_M_MB103_E_BTL_14700,21,21,21,22,Generic Male MB103,battle,male,MALE_ADULT_A,assets/triangle-strategy/approved_voice_references/MALE_ADULT_A.wav,อ๊าก!,,HURT_CRY,READY_FOR_GENERATION,,triangle-strategy
2913,V_M_MB103_E_BTL_14800.wav,V_M_MB103_E_BTL_14800,22,22,22,23,Generic Male MB103,battle,male,MALE_ADULT_A,assets/triangle-strategy/approved_voice_references/MALE_ADULT_A.wav,อึ่ก!,,HURT_CRY,READY_FOR_GENERATION,,triangle-strategy
2914,V_M_MB103_E_BTL_15000.wav,V_M_MB103_E_BTL_15000,23,23,23,24,Generic Male MB103,battle,male,MALE_ADULT_A,assets/triangle-strategy/approved_voice_references/MALE_ADULT_A.wav,อึก!,,HURT_CRY,READY_FOR_GENERATION,,triangle-strategy
2915,V_M_MB103_E_BTL_15100.wav,V_M_MB103_E_BTL_15100,24,24,24,25,Generic Male MB103,battle,male,MALE_ADULT_A,assets/triangle-strategy/approved_voice_references/MALE_ADULT_A.wav,เดี๋ยว!,,,READY_FOR_GENERATION,,triangle-strategy
2916,V_M_MB103_E_BTL_15400.wav,V_M_MB103_E_BTL_15400,25,25,25,26,Generic Male MB103,battle,male,MALE_ADULT_A,assets/triangle-strategy/approved_voice_references/MALE_ADULT_A.wav,ฮ่า!,,EVADE_GUARD,READY_FOR_GENERATION,,triangle-strategy
2917,V_M_MB103_E_BTL_15500.wav,V_M_MB103_E_BTL_15500,26,26,26,27,Generic Male MB103,battle,male,MALE_ADULT_A,assets/triangle-strategy/approved_voice_references/MALE_ADULT_A.wav,หึ!,,EVADE_GUARD,READY_FOR_GENERATION,,triangle-strategy
2918,V_M_MB103_E_BTL_15600.wav,V_M_MB103_E_BTL_15600,27,27,27,28,Generic Male MB103,battle,male,MALE_ADULT_A,assets/triangle-strategy/approved_voice_references/MALE_ADULT_A.wav,ขอบคุณ,,,READY_FOR_GENERATION,,triangle-strategy
2919,V_M_MB103_E_BTL_15700.wav,V_M_MB103_E_BTL_15700,28,28,28,29,Generic Male MB103,battle,male,MALE_ADULT_A,assets/triangle-strategy/approved_voice_references/MALE_ADULT_A.wav,ยังไม่จบ,,,READY_FOR_GENERATION,,triangle-strategy
2920,V_M_MB103_E_BTL_15900.wav,V_M_MB103_E_BTL_15900,29,29,29,30,Generic Male MB103,battle,male,MALE_ADULT_A,assets/triangle-strategy/approved_voice_references/MALE_ADULT_A.wav,ข้าต้องการแบบนี้พอดี,,,READY_FOR_GENERATION,,triangle-strategy
2921,V_M_MB103_E_BTL_16000.wav,V_M_MB103_E_BTL_16000,30,30,30,31,Generic Male MB103,battle,male,MALE_ADULT_A,assets/triangle-strategy/approved_voice_references/MALE_ADULT_A.wav,ข้าต้องสู้ต่อ,,,READY_FOR_GENERATION,,triangle-strategy
2922,V_M_MB103_E_BTL_16200.wav,V_M_MB103_E_BTL_16200,31,31,31,32,Generic Male MB103,battle,male,MALE_ADULT_A,assets/triangle-strategy/approved_voice_references/MALE_ADULT_A.wav,ไม่! งานทั้งชีวิตของข้า!,,,READY_FOR_GENERATION,,triangle-strategy
2923,V_M_MB103_E_BTL_17410.wav,V_M_MB103_E_BTL_17410,32,32,32,33,Generic Male MB103,battle,male,MALE_ADULT_A,assets/triangle-strategy/approved_voice_references/MALE_ADULT_A.wav,ย้าก!,,ATTACK_CRY,READY_FOR_GENERATION,,triangle-strategy
2924,V_M_MB103_E_BTL_17411.wav,V_M_MB103_E_BTL_17411,33,33,33,34,Generic Male MB103,battle,male,MALE_ADULT_A,assets/triangle-strategy/approved_voice_references/MALE_ADULT_A.wav,รับนี่ไป!,,,READY_FOR_GENERATION,,triangle-strategy
2925,V_M_MB103_E_BTL_17420.wav,V_M_MB103_E_BTL_17420,34,34,34,35,Generic Male MB103,battle,male,MALE_ADULT_A,assets/triangle-strategy/approved_voice_references/MALE_ADULT_A.wav,แข็งเป็นน้ำแข็งซะ!,,,READY_FOR_GENERATION,,triangle-strategy
2926,V_M_MB103_E_BTL_17421.wav,V_M_MB103_E_BTL_17421,35,35,35,36,Generic Male MB103,battle,male,MALE_ADULT_A,assets/triangle-strategy/approved_voice_references/MALE_ADULT_A.wav,สายลมเย็นพัดมา!,,,READY_FOR_GENERATION,,triangle-strategy
2927,V_M_MB103_E_BTL_17440.wav,V_M_MB103_E_BTL_17440,36,36,36,37,Generic Male MB103,battle,male,MALE_ADULT_A,assets/triangle-strategy/approved_voice_references/MALE_ADULT_A.wav,อย่ายอมแพ้!,,,READY_FOR_GENERATION,,triangle-strategy
2928,V_M_MB103_E_BTL_17441.wav,V_M_MB103_E_BTL_17441,37,37,37,38,Generic Male MB103,battle,male,MALE_ADULT_A,assets/triangle-strategy/approved_voice_references/MALE_ADULT_A.wav,เราต้องชนะ!,,,READY_FOR_GENERATION,,triangle-strategy
2929,V_M_MB103_E_BTL_17450.wav,V_M_MB103_E_BTL_17450,38,38,38,39,Generic Male MB103,battle,male,MALE_ADULT_A,assets/triangle-strategy/approved_voice_references/MALE_ADULT_A.wav,ข้าต้องปกป้องตัวเอง!,,,READY_FOR_GENERATION,,triangle-strategy
2930,V_M_NAR_BTL_00400.wav,V_M_NAR_BTL_00400,0,0,0,1,นาร์ฟ,battle,male,narve,assets/triangle-strategy/approved_voice_references/narve.wav,ข้ามาแล้ว!,,,READY_FOR_GENERATION,,triangle-strategy
2931,V_M_NAR_BTL_00500.wav,V_M_NAR_BTL_00500,1,1,1,2,นาร์ฟ,battle,male,narve,assets/triangle-strategy/approved_voice_references/narve.wav,ได้เวลาใช้เวท!,,,READY_FOR_GENERATION,,triangle-strategy
2932,V_M_NAR_BTL_00600.wav,V_M_NAR_BTL_00600,2,2,2,3,นาร์ฟ,battle,male,narve,assets/triangle-strategy/approved_voice_references/narve.wav,หวังว่าท่านกำลังมองอยู่ คุณปู่,,,READY_FOR_GENERATION,,triangle-strategy
2933,V_M_NAR_BTL_00700.wav,V_M_NAR_BTL_00700,3,3,3,4,นาร์ฟ,battle,male,narve,assets/triangle-strategy/approved_voice_references/narve.wav,ข้าจะแสดงให้เห็นว่าทำอะไรได้,,,READY_FOR_GENERATION,,triangle-strategy
2934,V_M_NAR_BTL_01700.wav,V_M_NAR_BTL_01700,4,4,4,5,นาร์ฟ,battle,male,narve,assets/triangle-strategy/approved_voice_references/narve.wav,ข้าควรทำยังไงดี?,,,READY_FOR_GENERATION,,triangle-strategy
2935,V_M_NAR_BTL_01800.wav,V_M_NAR_BTL_01800,5,5,5,6,นาร์ฟ,battle,male,narve,assets/triangle-strategy/approved_voice_references/narve.wav,ข้าต้องทำอะไรสักอย่าง,,,READY_FOR_GENERATION,,triangle-strategy
2936,V_M_NAR_BTL_01900.wav,V_M_NAR_BTL_01900,6,6,6,7,นาร์ฟ,battle,male,narve,assets/triangle-strategy/approved_voice_references/narve.wav,แย่แล้ว,,,READY_FOR_GENERATION,,triangle-strategy
2937,V_M_NAR_BTL_02000.wav,V_M_NAR_BTL_02000,7,7,7,8,นาร์ฟ,battle,male,narve,assets/triangle-strategy/approved_voice_references/narve.wav,ข้าต้องไปต่อ,,,READY_FOR_GENERATION,,triangle-strategy
2938,V_M_NAR_BTL_02700.wav,V_M_NAR_BTL_02700,8,8,8,9,นาร์ฟ,battle,male,narve,assets/triangle-strategy/approved_voice_references/narve.wav,อั่ก...,,STATUS_REACTION,READY_FOR_GENERATION,,triangle-strategy
2939,V_M_NAR_BTL_02800.wav,V_M_NAR_BTL_02800,9,9,9,10,นาร์ฟ,battle,male,narve,assets/triangle-strategy/approved_voice_references/narve.wav,ช่วยข้าด้วย ได้โปรด,,,READY_FOR_GENERATION,,triangle-strategy
2940,V_M_NAR_BTL_02900.wav,V_M_NAR_BTL_02900,10,10,10,11,นาร์ฟ,battle,male,narve,assets/triangle-strategy/approved_voice_references/narve.wav,เอ้า!,,ATTACK_CRY,READY_FOR_GENERATION,,triangle-strategy
2941,V_M_NAR_BTL_03000.wav,V_M_NAR_BTL_03000,11,11,11,12,นาร์ฟ,battle,male,narve,assets/triangle-strategy/approved_voice_references/narve.wav,เอ้า!,,ATTACK_CRY,READY_FOR_GENERATION,,triangle-strategy
2942,V_M_NAR_BTL_03100.wav,V_M_NAR_BTL_03100,12,12,12,13,นาร์ฟ,battle,male,narve,assets/triangle-strategy/approved_voice_references/narve.wav,ย๊าก!,,ATTACK_CRY,READY_FOR_GENERATION,,triangle-strategy
2943,V_M_NAR_BTL_03200.wav,V_M_NAR_BTL_03200,13,13,13,14,นาร์ฟ,battle,male,narve,assets/triangle-strategy/approved_voice_references/narve.wav,ฮ้า!,,ATTACK_CRY,READY_FOR_GENERATION,,triangle-strategy
2944,V_M_NAR_BTL_03300.wav,V_M_NAR_BTL_03300,14,14,14,15,นาร์ฟ,battle,male,narve,assets/triangle-strategy/approved_voice_references/narve.wav,ฮึ่ย!,,ATTACK_CRY,READY_FOR_GENERATION,,triangle-strategy
2945,V_M_NAR_BTL_03400.wav,V_M_NAR_BTL_03400,15,15,15,16,นาร์ฟ,battle,male,narve,assets/triangle-strategy/approved_voice_references/narve.wav,อั่ก!,,,READY_FOR_GENERATION,,triangle-strategy
2946,V_M_NAR_BTL_03500.wav,V_M_NAR_BTL_03500,16,16,16,17,นาร์ฟ,battle,male,narve,assets/triangle-strategy/approved_voice_references/narve.wav,บอกลาได้เลย!,,,READY_FOR_GENERATION,,triangle-strategy
2947,V_M_NAR_BTL_03600.wav,V_M_NAR_BTL_03600,17,17,17,18,นาร์ฟ,battle,male,narve,assets/triangle-strategy/approved_voice_references/narve.wav,จบแล้ว!,,,READY_FOR_GENERATION,,triangle-strategy
2948,V_M_NAR_BTL_08800.wav,V_M_NAR_BTL_08800,18,18,18,19,นาร์ฟ,battle,male,narve,assets/triangle-strategy/approved_voice_references/narve.wav,มีอะไรตรงนี้?,,,READY_FOR_GENERATION,,triangle-strategy
2949,V_M_NAR_BTL_08900.wav,V_M_NAR_BTL_08900,19,19,19,20,นาร์ฟ,battle,male,narve,assets/triangle-strategy/approved_voice_references/narve.wav,เฮ้! ทางนี้!,,,READY_FOR_GENERATION,,triangle-strategy
2950,V_M_NAR_BTL_09000.wav,V_M_NAR_BTL_09000,20,20,20,21,นาร์ฟ,battle,male,narve,assets/triangle-strategy/approved_voice_references/narve.wav,ตาข้าต่อ,,,READY_FOR_GENERATION,,triangle-strategy
2951,V_M_NAR_BTL_14200.wav,V_M_NAR_BTL_14200,21,21,21,22,นาร์ฟ,battle,male,narve,assets/triangle-strategy/approved_voice_references/narve.wav,ข้าทำได้!,,,READY_FOR_GENERATION,,triangle-strategy
2952,V_M_NAR_BTL_14300.wav,V_M_NAR_BTL_14300,22,22,22,23,นาร์ฟ,battle,male,narve,assets/triangle-strategy/approved_voice_references/narve.wav,ได้ผล!,,,READY_FOR_GENERATION,,triangle-strategy
2953,V_M_NAR_BTL_14400.wav,V_M_NAR_BTL_14400,23,23,23,24,นาร์ฟ,battle,male,narve,assets/triangle-strategy/approved_voice_references/narve.wav,โอ๊ะโอ,,,READY_FOR_GENERATION,,triangle-strategy
2954,V_M_NAR_BTL_14500.wav,V_M_NAR_BTL_14500,24,24,24,25,นาร์ฟ,battle,male,narve,assets/triangle-strategy/approved_voice_references/narve.wav,ผิดตัวแล้ว,,,READY_FOR_GENERATION,,triangle-strategy
2955,V_M_NAR_BTL_14600.wav,V_M_NAR_BTL_14600,25,25,25,26,นาร์ฟ,battle,male,narve,assets/triangle-strategy/approved_voice_references/narve.wav,อึก!,,HURT_CRY,READY_FOR_GENERATION,,triangle-strategy
2956,V_M_NAR_BTL_14700.wav,V_M_NAR_BTL_14700,26,26,26,27,นาร์ฟ,battle,male,narve,assets/triangle-strategy/approved_voice_references/narve.wav,อึ่ก!,,HURT_CRY,READY_FOR_GENERATION,,triangle-strategy
2957,V_M_NAR_BTL_14800.wav,V_M_NAR_BTL_14800,27,27,27,28,นาร์ฟ,battle,male,narve,assets/triangle-strategy/approved_voice_references/narve.wav,อึ่ก!,,HURT_CRY,READY_FOR_GENERATION,,triangle-strategy
2958,V_M_NAR_BTL_14900.wav,V_M_NAR_BTL_14900,28,28,28,29,นาร์ฟ,battle,male,narve,assets/triangle-strategy/approved_voice_references/narve.wav,ไม่!,,,READY_FOR_GENERATION,,triangle-strategy
2959,V_M_NAR_BTL_15000.wav,V_M_NAR_BTL_15000,29,29,29,30,นาร์ฟ,battle,male,narve,assets/triangle-strategy/approved_voice_references/narve.wav,อั่ก!,,HURT_CRY,READY_FOR_GENERATION,,triangle-strategy
2960,V_M_NAR_BTL_15100.wav,V_M_NAR_BTL_15100,30,30,30,31,นาร์ฟ,battle,male,narve,assets/triangle-strategy/approved_voice_references/narve.wav,อั่ก!,,HURT_CRY,READY_FOR_GENERATION,,triangle-strategy
2961,V_M_NAR_BTL_15200.wav,V_M_NAR_BTL_15200,31,31,31,32,นาร์ฟ,battle,male,narve,assets/triangle-strategy/approved_voice_references/narve.wav,เอาคืนไป!,,,READY_FOR_GENERATION,,triangle-strategy
2962,V_M_NAR_BTL_15300.wav,V_M_NAR_BTL_15300,32,32,32,33,นาร์ฟ,battle,male,narve,assets/triangle-strategy/approved_voice_references/narve.wav,ให้แล้วจะได้รับตอบแทน,,,READY_FOR_GENERATION,,triangle-strategy
2963,V_M_NAR_BTL_15310.wav,V_M_NAR_BTL_15310,33,33,33,34,นาร์ฟ,battle,male,narve,assets/triangle-strategy/approved_voice_references/narve.wav,หยุดอยู่ตรงนั้น!,,,READY_FOR_GENERATION,,triangle-strategy
2964,V_M_NAR_BTL_15320.wav,V_M_NAR_BTL_15320,34,34,34,35,นาร์ฟ,battle,male,narve,assets/triangle-strategy/approved_voice_references/narve.wav,จับได้แล้ว!,,,READY_FOR_GENERATION,,triangle-strategy
2965,V_M_NAR_BTL_15400.wav,V_M_NAR_BTL_15400,35,35,35,36,นาร์ฟ,battle,male,narve,assets/triangle-strategy/approved_voice_references/narve.wav,โว้ว!,,,READY_FOR_GENERATION,,triangle-strategy
2966,V_M_NAR_BTL_15500.wav,V_M_NAR_BTL_15500,36,36,36,37,นาร์ฟ,battle,male,narve,assets/triangle-strategy/approved_voice_references/narve.wav,ข้าหลบได้หรือ?,,,READY_FOR_GENERATION,,triangle-strategy
2967,V_M_NAR_BTL_15600.wav,V_M_NAR_BTL_15600,37,37,37,38,นาร์ฟ,battle,male,narve,assets/triangle-strategy/approved_voice_references/narve.wav,ขอบคุณ,,,READY_FOR_GENERATION,,triangle-strategy
2968,V_M_NAR_BTL_15700.wav,V_M_NAR_BTL_15700,38,38,38,39,นาร์ฟ,battle,male,narve,assets/triangle-strategy/approved_voice_references/narve.wav,เจ้าช่วยชีวิตข้าไว้,,,READY_FOR_GENERATION,,triangle-strategy
2969,V_M_NAR_BTL_15800.wav,V_M_NAR_BTL_15800,39,39,39,40,นาร์ฟ,battle,male,narve,assets/triangle-strategy/approved_voice_references/narve.wav,เฮ้อ โล่งอก,,,READY_FOR_GENERATION,,triangle-strategy
2970,V_M_NAR_BTL_15900.wav,V_M_NAR_BTL_15900,40,40,40,41,นาร์ฟ,battle,male,narve,assets/triangle-strategy/approved_voice_references/narve.wav,รู้สึกดีกว่าเดิมอีก,,,READY_FOR_GENERATION,,triangle-strategy
2971,V_M_NAR_BTL_16000.wav,V_M_NAR_BTL_16000,41,41,41,42,นาร์ฟ,battle,male,narve,assets/triangle-strategy/approved_voice_references/narve.wav,ข้าจะไม่ทำให้ผิดหวัง!,,,READY_FOR_GENERATION,,triangle-strategy
2972,V_M_NAR_BTL_16100.wav,V_M_NAR_BTL_16100,42,42,42,43,นาร์ฟ,battle,male,narve,assets/triangle-strategy/approved_voice_references/narve.wav,ดูข้าทำงาน,,,READY_FOR_GENERATION,,triangle-strategy
2973,V_M_NAR_BTL_16200.wav,V_M_NAR_BTL_16200,43,43,43,44,นาร์ฟ,battle,male,narve,assets/triangle-strategy/approved_voice_references/narve.wav,คุณปู่...,,,READY_FOR_GENERATION,,triangle-strategy
2974,V_M_NAR_BTL_16300.wav,V_M_NAR_BTL_16300,44,44,44,45,นาร์ฟ,battle,male,narve,assets/triangle-strategy/approved_voice_references/narve.wav,ความเจ็บปวด...,,,READY_FOR_GENERATION,,triangle-strategy
2975,V_M_NAR_BTL_16400.wav,V_M_NAR_BTL_16400,45,45,45,46,นาร์ฟ,battle,male,narve,assets/triangle-strategy/approved_voice_references/narve.wav,รับนี่ไป!,,,READY_FOR_GENERATION,,triangle-strategy
2976,V_M_NAR_BTL_16500.wav,V_M_NAR_BTL_16500,46,46,46,47,นาร์ฟ,battle,male,narve,assets/triangle-strategy/approved_voice_references/narve.wav,ใช้นี่ซะ,,,READY_FOR_GENERATION,,triangle-strategy
2977,V_M_NAR_BTL_16600.wav,V_M_NAR_BTL_16600,47,47,47,48,นาร์ฟ,battle,male,narve,assets/triangle-strategy/approved_voice_references/narve.wav,ข้าทำได้!,,,READY_FOR_GENERATION,,triangle-strategy
2978,V_M_NAR_BTL_17410.wav,V_M_NAR_BTL_17410,48,48,48,49,นาร์ฟ,battle,male,narve,assets/triangle-strategy/approved_voice_references/narve.wav,ย้าก!,,ATTACK_CRY,READY_FOR_GENERATION,,triangle-strategy
2979,V_M_NAR_BTL_17411.wav,V_M_NAR_BTL_17411,49,49,49,50,นาร์ฟ,battle,male,narve,assets/triangle-strategy/approved_voice_references/narve.wav,พร้อมดูเวทมนตร์ไหม?,,,READY_FOR_GENERATION,,triangle-strategy
2980,V_M_NAR_BTL_17412.wav,V_M_NAR_BTL_17412,50,50,50,51,นาร์ฟ,battle,male,narve,assets/triangle-strategy/approved_voice_references/narve.wav,อย่ากลัว,,,READY_FOR_GENERATION,,triangle-strategy
2981,V_M_NAR_BTL_17413.wav,V_M_NAR_BTL_17413,51,51,51,52,นาร์ฟ,battle,male,narve,assets/triangle-strategy/approved_voice_references/narve.wav,ข้าก็รักษาได้นะ,,,READY_FOR_GENERATION,,triangle-strategy
2982,V_M_NAR_BTL_17414.wav,V_M_NAR_BTL_17414,52,52,52,53,นาร์ฟ,battle,male,narve,assets/triangle-strategy/approved_voice_references/narve.wav,ทุกคนไม่เป็นไรใช่ไหม?,,,READY_FOR_GENERATION,,triangle-strategy
2983,V_M_NAR_BTL_17415.wav,V_M_NAR_BTL_17415,53,53,53,54,นาร์ฟ,battle,male,narve,assets/triangle-strategy/approved_voice_references/narve.wav,ข้ามาช่วยแล้ว!,,,READY_FOR_GENERATION,,triangle-strategy
2984,V_M_NAR_BTL_17416.wav,V_M_NAR_BTL_17416,54,54,54,55,นาร์ฟ,battle,male,narve,assets/triangle-strategy/approved_voice_references/narve.wav,ข้าต้องทำอะไรสักอย่าง,,,READY_FOR_GENERATION,,triangle-strategy
2985,V_M_NAR_BTL_17417.wav,V_M_NAR_BTL_17417,55,55,55,56,นาร์ฟ,battle,male,narve,assets/triangle-strategy/approved_voice_references/narve.wav,เดี๋ยวก็รู้สึกดีขึ้น,,,READY_FOR_GENERATION,,triangle-strategy
2986,V_M_NAR_BTL_17418.wav,V_M_NAR_BTL_17418,56,56,56,57,นาร์ฟ,battle,male,narve,assets/triangle-strategy/approved_voice_references/narve.wav,อย่ายอมแพ้!,,,READY_FOR_GENERATION,,triangle-strategy
2987,V_M_NAR_BTL_17420.wav,V_M_NAR_BTL_17420,57,57,57,58,นาร์ฟ,battle,male,narve,assets/triangle-strategy/approved_voice_references/narve.wav,ลม!,,,READY_FOR_GENERATION,,triangle-strategy
2988,V_M_NAR_BTL_17421.wav,V_M_NAR_BTL_17421,58,58,58,59,นาร์ฟ,battle,male,narve,assets/triangle-strategy/approved_voice_references/narve.wav,น้ำแข็ง!,,,READY_FOR_GENERATION,,triangle-strategy
2989,V_M_NAR_BTL_17422.wav,V_M_NAR_BTL_17422,59,59,59,60,นาร์ฟ,battle,male,narve,assets/triangle-strategy/approved_voice_references/narve.wav,สายฟ้า!,,,READY_FOR_GENERATION,,triangle-strategy
2990,V_M_NAR_BTL_17423.wav,V_M_NAR_BTL_17423,60,60,60,61,นาร์ฟ,battle,male,narve,assets/triangle-strategy/approved_voice_references/narve.wav,ไฟ!,,,READY_FOR_GENERATION,,triangle-strategy
2991,V_M_NAR_BTL_17424.wav,V_M_NAR_BTL_17424,61,61,61,62,นาร์ฟ,battle,male,narve,assets/triangle-strategy/approved_voice_references/narve.wav,ผลจากการศึกษาของข้า,,,READY_FOR_GENERATION,,triangle-strategy
2992,V_M_NAR_BTL_17430.wav,V_M_NAR_BTL_17430,62,62,62,63,นาร์ฟ,battle,male,narve,assets/triangle-strategy/approved_voice_references/narve.wav,ทุกคน อดทนไว้นะ!,,,READY_FOR_GENERATION,,triangle-strategy
2993,V_M_NAR_BTL_17431.wav,V_M_NAR_BTL_17431,63,63,63,64,นาร์ฟ,battle,male,narve,assets/triangle-strategy/approved_voice_references/narve.wav,ฝากไว้กับข้า,,,READY_FOR_GENERATION,,triangle-strategy
2994,V_M_NAR_BTL_17450.wav,V_M_NAR_BTL_17450,64,64,64,65,นาร์ฟ,battle,male,narve,assets/triangle-strategy/approved_voice_references/narve.wav,มันยังไม่จบ,,,READY_FOR_GENERATION,,triangle-strategy
2995,V_M_NAR_BTL_17480.wav,V_M_NAR_BTL_17480,65,65,65,66,นาร์ฟ,battle,male,narve,assets/triangle-strategy/approved_voice_references/narve.wav,สัมผัสพลังเวทของข้า!,,,READY_FOR_GENERATION,,triangle-strategy
2996,V_M_NAR_BTL_17500.wav,V_M_NAR_BTL_17500,66,66,66,67,นาร์ฟ,battle,male,narve,assets/triangle-strategy/approved_voice_references/narve.wav,เข้าใจแล้ว,,,READY_FOR_GENERATION,,triangle-strategy
2997,V_M_NAR_BTL_17600.wav,V_M_NAR_BTL_17600,67,67,67,68,นาร์ฟ,battle,male,narve,assets/triangle-strategy/approved_voice_references/narve.wav,ตอนนี้ข้าช่วยได้มากกว่าเดิม,,,READY_FOR_GENERATION,,triangle-strategy
2998,V_M_NAR_BTL_17700.wav,V_M_NAR_BTL_17700,68,68,68,69,นาร์ฟ,battle,male,narve,assets/triangle-strategy/approved_voice_references/narve.wav,ข้าทำได้!,,,READY_FOR_GENERATION,,triangle-strategy
2999,V_M_NAR_BTL_17800.wav,V_M_NAR_BTL_17800,69,69,69,70,นาร์ฟ,battle,male,narve,assets/triangle-strategy/approved_voice_references/narve.wav,ข้าจะทำให้ท่านภูมิใจ คุณปู่,,,READY_FOR_GENERATION,,triangle-strategy
3000,V_M_NAR_BTL_17900.wav,V_M_NAR_BTL_17900,70,70,70,71,นาร์ฟ,battle,male,narve,assets/triangle-strategy/approved_voice_references/narve.wav,เวทมนตร์ของข้าพร้อมให้ใช้,,,READY_FOR_GENERATION,,triangle-strategy
3001,V_M_NAR_BTL_18000.wav,V_M_NAR_BTL_18000,71,71,71,72,นาร์ฟ,battle,male,narve,assets/triangle-strategy/approved_voice_references/narve.wav,ข้าจะทำให้ดีที่สุด,,,READY_FOR_GENERATION,,triangle-strategy
3002,V_M_NAR_BTL_18200.wav,V_M_NAR_BTL_18200,72,72,72,73,นาร์ฟ,battle,male,narve,assets/triangle-strategy/approved_voice_references/narve.wav,ข้าทำได้ดีนะ...หวังว่า,,,READY_FOR_GENERATION,,triangle-strategy
3003,V_M_NAR_BTL_18300.wav,V_M_NAR_BTL_18300,73,73,73,74,นาร์ฟ,battle,male,narve,assets/triangle-strategy/approved_voice_references/narve.wav,ข้าแข็งแกร่งกว่าที่คิด,,,READY_FOR_GENERATION,,triangle-strategy
3004,V_M_PTR_E_BTL_00400.wav,V_M_PTR_E_BTL_00400,0,0,0,1,พาทริเอ็ทท์,battle,male,patriatte,assets/triangle-strategy/approved_voice_references/patriatte.wav,เจ้าต้องชดใช้!,,,READY_FOR_GENERATION,,triangle-strategy
3005,V_M_PTR_E_BTL_00500.wav,V_M_PTR_E_BTL_00500,1,1,1,2,พาทริเอ็ทท์,battle,male,patriatte,assets/triangle-strategy/approved_voice_references/patriatte.wav,พวกเจ้าจะไม่มีใครรอด!,,,READY_FOR_GENERATION,,triangle-strategy
3006,V_M_PTR_E_BTL_00600.wav,V_M_PTR_E_BTL_00600,2,2,2,3,พาทริเอ็ทท์,battle,male,patriatte,assets/triangle-strategy/approved_voice_references/patriatte.wav,พวกเจ้าสร้างความเสียหายมาพอแล้ว!,,,READY_FOR_GENERATION,,triangle-strategy
3007,V_M_PTR_E_BTL_01700.wav,V_M_PTR_E_BTL_01700,3,3,3,4,พาทริเอ็ทท์,battle,male,patriatte,assets/triangle-strategy/approved_voice_references/patriatte.wav,เจ้าช่างน่าเกรงขาม,,,READY_FOR_GENERATION,,triangle-strategy
3008,V_M_PTR_E_BTL_01800.wav,V_M_PTR_E_BTL_01800,4,4,4,5,พาทริเอ็ทท์,battle,male,patriatte,assets/triangle-strategy/approved_voice_references/patriatte.wav,ข้า...ข้าเห็นนิมิต!,,,READY_FOR_GENERATION,,triangle-strategy
3009,V_M_PTR_E_BTL_01900.wav,V_M_PTR_E_BTL_01900,5,5,5,6,พาทริเอ็ทท์,battle,male,patriatte,assets/triangle-strategy/approved_voice_references/patriatte.wav,อ่ะ!,,HURT_CRY,READY_FOR_GENERATION,,triangle-strategy
3010,V_M_PTR_E_BTL_02700.wav,V_M_PTR_E_BTL_02700,6,6,6,7,พาทริเอ็ทท์,battle,male,patriatte,assets/triangle-strategy/approved_voice_references/patriatte.wav,น่ารำคาญจริง ๆ,,,READY_FOR_GENERATION,,triangle-strategy
3011,V_M_PTR_E_BTL_02800.wav,V_M_PTR_E_BTL_02800,7,7,7,8,พาทริเอ็ทท์,battle,male,patriatte,assets/triangle-strategy/approved_voice_references/patriatte.wav,อา อา อา,,,READY_FOR_GENERATION,,triangle-strategy
3012,V_M_PTR_E_BTL_02900.wav,V_M_PTR_E_BTL_02900,8,8,8,9,พาทริเอ็ทท์,battle,male,patriatte,assets/triangle-strategy/approved_voice_references/patriatte.wav,ฮ้า!,,ATTACK_CRY,READY_FOR_GENERATION,,triangle-strategy
3013,V_M_PTR_E_BTL_03000.wav,V_M_PTR_E_BTL_03000,9,9,9,10,พาทริเอ็ทท์,battle,male,patriatte,assets/triangle-strategy/approved_voice_references/patriatte.wav,นั่น!,,,READY_FOR_GENERATION,,triangle-strategy
3014,V_M_PTR_E_BTL_03100.wav,V_M_PTR_E_BTL_03100,10,10,10,11,พาทริเอ็ทท์,battle,male,patriatte,assets/triangle-strategy/approved_voice_references/patriatte.wav,ได้เวลาโจมตี!,,,READY_FOR_GENERATION,,triangle-strategy
3015,V_M_PTR_E_BTL_03200.wav,V_M_PTR_E_BTL_03200,11,11,11,12,พาทริเอ็ทท์,battle,male,patriatte,assets/triangle-strategy/approved_voice_references/patriatte.wav,ชิยะ!,,,READY_FOR_GENERATION,,triangle-strategy
3016,V_M_PTR_E_BTL_03500.wav,V_M_PTR_E_BTL_03500,12,12,12,13,พาทริเอ็ทท์,battle,male,patriatte,assets/triangle-strategy/approved_voice_references/patriatte.wav,ไอ้คนโง่น่าสมเพช!,,,READY_FOR_GENERATION,,triangle-strategy
3017,V_M_PTR_E_BTL_08800.wav,V_M_PTR_E_BTL_08800,13,13,13,14,พาทริเอ็ทท์,battle,male,patriatte,assets/triangle-strategy/approved_voice_references/patriatte.wav,ดีจัง!,,,READY_FOR_GENERATION,,triangle-strategy
3018,V_M_PTR_E_BTL_08900.wav,V_M_PTR_E_BTL_08900,14,14,14,15,พาทริเอ็ทท์,battle,male,patriatte,assets/triangle-strategy/approved_voice_references/patriatte.wav,คิดว่าจะทนข้าไหวหรือ?,,,READY_FOR_GENERATION,,triangle-strategy
3019,V_M_PTR_E_BTL_09000.wav,V_M_PTR_E_BTL_09000,15,15,15,16,พาทริเอ็ทท์,battle,male,patriatte,assets/triangle-strategy/approved_voice_references/patriatte.wav,เจ้าโง่ไร้ความรู้!,,,READY_FOR_GENERATION,,triangle-strategy
3020,V_M_PTR_E_BTL_14200.wav,V_M_PTR_E_BTL_14200,16,16,16,17,พาทริเอ็ทท์,battle,male,patriatte,assets/triangle-strategy/approved_voice_references/patriatte.wav,ยอดเยี่ยม!,,,READY_FOR_GENERATION,,triangle-strategy
3021,V_M_PTR_E_BTL_14300.wav,V_M_PTR_E_BTL_14300,17,17,17,18,พาทริเอ็ทท์,battle,male,patriatte,assets/triangle-strategy/approved_voice_references/patriatte.wav,มหัศจรรย์!,,,READY_FOR_GENERATION,,triangle-strategy
3022,V_M_PTR_E_BTL_14400.wav,V_M_PTR_E_BTL_14400,18,18,18,19,พาทริเอ็ทท์,battle,male,patriatte,assets/triangle-strategy/approved_voice_references/patriatte.wav,อ้าก!,,HURT_CRY,READY_FOR_GENERATION,,triangle-strategy
3023,V_M_PTR_E_BTL_14500.wav,V_M_PTR_E_BTL_14500,19,19,19,20,พาทริเอ็ทท์,battle,male,patriatte,assets/triangle-strategy/approved_voice_references/patriatte.wav,ข้าเดินหมากพลาด,,,READY_FOR_GENERATION,,triangle-strategy
3024,V_M_PTR_E_BTL_14600.wav,V_M_PTR_E_BTL_14600,20,20,20,21,พาทริเอ็ทท์,battle,male,patriatte,assets/triangle-strategy/approved_voice_references/patriatte.wav,อ๊าก!,,HURT_CRY,READY_FOR_GENERATION,,triangle-strategy
3025,V_M_PTR_E_BTL_14700.wav,V_M_PTR_E_BTL_14700,21,21,21,22,พาทริเอ็ทท์,battle,male,patriatte,assets/triangle-strategy/approved_voice_references/patriatte.wav,อึ่ก!,,HURT_CRY,READY_FOR_GENERATION,,triangle-strategy
3026,V_M_PTR_E_BTL_14800.wav,V_M_PTR_E_BTL_14800,22,22,22,23,พาทริเอ็ทท์,battle,male,patriatte,assets/triangle-strategy/approved_voice_references/patriatte.wav,อั่ก!,,HURT_CRY,READY_FOR_GENERATION,,triangle-strategy
3027,V_M_PTR_E_BTL_15000.wav,V_M_PTR_E_BTL_15000,23,23,23,24,พาทริเอ็ทท์,battle,male,patriatte,assets/triangle-strategy/approved_voice_references/patriatte.wav,ว๊าก!,,,READY_FOR_GENERATION,,triangle-strategy
3028,V_M_PTR_E_BTL_15100.wav,V_M_PTR_E_BTL_15100,24,24,24,25,พาทริเอ็ทท์,battle,male,patriatte,assets/triangle-strategy/approved_voice_references/patriatte.wav,โอ๊ย!,,HURT_CRY,READY_FOR_GENERATION,,triangle-strategy
3029,V_M_PTR_E_BTL_15400.wav,V_M_PTR_E_BTL_15400,25,25,25,26,พาทริเอ็ทท์,battle,male,patriatte,assets/triangle-strategy/approved_voice_references/patriatte.wav,ฮ่า!,,EVADE_GUARD,READY_FOR_GENERATION,,triangle-strategy
3030,V_M_PTR_E_BTL_15500.wav,V_M_PTR_E_BTL_15500,26,26,26,27,พาทริเอ็ทท์,battle,male,patriatte,assets/triangle-strategy/approved_voice_references/patriatte.wav,โฮ่!,,,READY_FOR_GENERATION,,triangle-strategy
3031,V_M_PTR_E_BTL_15600.wav,V_M_PTR_E_BTL_15600,27,27,27,28,พาทริเอ็ทท์,battle,male,patriatte,assets/triangle-strategy/approved_voice_references/patriatte.wav,อา ใช่ แบบนี้ดีมาก,,,READY_FOR_GENERATION,,triangle-strategy
3032,V_M_PTR_E_BTL_15700.wav,V_M_PTR_E_BTL_15700,28,28,28,29,พาทริเอ็ทท์,battle,male,patriatte,assets/triangle-strategy/approved_voice_references/patriatte.wav,ทำได้ดี,,,READY_FOR_GENERATION,,triangle-strategy
3033,V_M_PTR_E_BTL_15900.wav,V_M_PTR_E_BTL_15900,29,29,29,30,พาทริเอ็ทท์,battle,male,patriatte,assets/triangle-strategy/approved_voice_references/patriatte.wav,ใช่ แบบนี้แหละ,,,READY_FOR_GENERATION,,triangle-strategy
3034,V_M_PTR_E_BTL_16000.wav,V_M_PTR_E_BTL_16000,30,30,30,31,พาทริเอ็ทท์,battle,male,patriatte,assets/triangle-strategy/approved_voice_references/patriatte.wav,อา มาทันเวลา,,,READY_FOR_GENERATION,,triangle-strategy
3035,V_M_PTR_E_BTL_16200.wav,V_M_PTR_E_BTL_16200,31,31,31,32,พาทริเอ็ทท์,battle,male,patriatte,assets/triangle-strategy/approved_voice_references/patriatte.wav,อึก สายตาของข้า...,,,READY_FOR_GENERATION,,triangle-strategy
3036,V_M_PTR_E_BTL_17410.wav,V_M_PTR_E_BTL_17410,32,32,32,33,พาทริเอ็ทท์,battle,male,patriatte,assets/triangle-strategy/approved_voice_references/patriatte.wav,นี่จะเป็นจุดจบของเจ้า!,,,READY_FOR_GENERATION,,triangle-strategy
3037,V_M_PTR_E_BTL_17411.wav,V_M_PTR_E_BTL_17411,33,33,33,34,พาทริเอ็ทท์,battle,male,patriatte,assets/triangle-strategy/approved_voice_references/patriatte.wav,นี่คือวิธีที่ข้าชนะ!,,,READY_FOR_GENERATION,,triangle-strategy
3038,V_M_PTR_E_BTL_17420.wav,V_M_PTR_E_BTL_17420,34,34,34,35,พาทริเอ็ทท์,battle,male,patriatte,assets/triangle-strategy/approved_voice_references/patriatte.wav,ลูกธนูของข้า จงเข้าเป้า!,,,READY_FOR_GENERATION,,triangle-strategy
3039,V_M_PTR_E_BTL_17421.wav,V_M_PTR_E_BTL_17421,35,35,35,36,พาทริเอ็ทท์,battle,male,patriatte,assets/triangle-strategy/approved_voice_references/patriatte.wav,ข้าจะพรากการมองเห็นของพวกมัน,,,READY_FOR_GENERATION,,triangle-strategy
3040,V_M_PTR_E_BTL_17440.wav,V_M_PTR_E_BTL_17440,36,36,36,37,พาทริเอ็ทท์,battle,male,patriatte,assets/triangle-strategy/approved_voice_references/patriatte.wav,ใช้หัวคิดหน่อย!,,,READY_FOR_GENERATION,,triangle-strategy
3041,V_M_PTR_E_BTL_17441.wav,V_M_PTR_E_BTL_17441,37,37,37,38,พาทริเอ็ทท์,battle,male,patriatte,assets/triangle-strategy/approved_voice_references/patriatte.wav,ข้าต้องทำทุกอย่างเองหรือ?,,,READY_FOR_GENERATION,,triangle-strategy
3042,V_M_PTR_E_BTL_17450.wav,V_M_PTR_E_BTL_17450,38,38,38,39,พาทริเอ็ทท์,battle,male,patriatte,assets/triangle-strategy/approved_voice_references/patriatte.wav,ข้าจะแสดงให้ดูว่าต้องทำอย่างไร,,,READY_FOR_GENERATION,,triangle-strategy
3043,V_M_PTR_E_BTL_17460.wav,V_M_PTR_E_BTL_17460,39,39,39,40,พาทริเอ็ทท์,battle,male,patriatte,assets/triangle-strategy/approved_voice_references/patriatte.wav,ถอยไป เจ้าโง่!,,,READY_FOR_GENERATION,,triangle-strategy
3044,V_M_PTR_E_BTL_17461.wav,V_M_PTR_E_BTL_17461,40,40,40,41,พาทริเอ็ทท์,battle,male,patriatte,assets/triangle-strategy/approved_voice_references/patriatte.wav,อย่าดูถูกข้า,,,READY_FOR_GENERATION,,triangle-strategy
3045,V_M_RDL_BTL_00400.wav,V_M_RDL_BTL_00400,0,0,0,1,รูดอล์ฟ,battle,male,rudolph,assets/triangle-strategy/approved_voice_references/rudolph.wav,พร้อม,,,READY_FOR_GENERATION,,triangle-strategy
3046,V_M_RDL_BTL_00500.wav,V_M_RDL_BTL_00500,1,1,1,2,รูดอล์ฟ,battle,male,rudolph,assets/triangle-strategy/approved_voice_references/rudolph.wav,งั้นไปกัน,,,READY_FOR_GENERATION,,triangle-strategy
3047,V_M_RDL_BTL_00600.wav,V_M_RDL_BTL_00600,2,2,2,3,รูดอล์ฟ,battle,male,rudolph,assets/triangle-strategy/approved_voice_references/rudolph.wav,จะเอาเลยไหม?,,,READY_FOR_GENERATION,,triangle-strategy
3048,V_M_RDL_BTL_00700.wav,V_M_RDL_BTL_00700,3,3,3,4,รูดอล์ฟ,battle,male,rudolph,assets/triangle-strategy/approved_voice_references/rudolph.wav,ลงมือ,,,READY_FOR_GENERATION,,triangle-strategy
3049,V_M_RDL_BTL_01700.wav,V_M_RDL_BTL_01700,4,4,4,5,รูดอล์ฟ,battle,male,rudolph,assets/triangle-strategy/approved_voice_references/rudolph.wav,ยังไม่จบ,,,READY_FOR_GENERATION,,triangle-strategy
3050,V_M_RDL_BTL_01800.wav,V_M_RDL_BTL_01800,5,5,5,6,รูดอล์ฟ,battle,male,rudolph,assets/triangle-strategy/approved_voice_references/rudolph.wav,ทีนี้อะไร?,,,READY_FOR_GENERATION,,triangle-strategy
3051,V_M_RDL_BTL_01900.wav,V_M_RDL_BTL_01900,6,6,6,7,รูดอล์ฟ,battle,male,rudolph,assets/triangle-strategy/approved_voice_references/rudolph.wav,พวกมันสู้ดุเดือดจริง,,,READY_FOR_GENERATION,,triangle-strategy
3052,V_M_RDL_BTL_02000.wav,V_M_RDL_BTL_02000,7,7,7,8,รูดอล์ฟ,battle,male,rudolph,assets/triangle-strategy/approved_voice_references/rudolph.wav,ตามคำสั่ง,,,READY_FOR_GENERATION,,triangle-strategy
3053,V_M_RDL_BTL_02700.wav,V_M_RDL_BTL_02700,8,8,8,9,รูดอล์ฟ,battle,male,rudolph,assets/triangle-strategy/approved_voice_references/rudolph.wav,แค่นี้ยังไม่พอ,,,READY_FOR_GENERATION,,triangle-strategy
3054,V_M_RDL_BTL_02800.wav,V_M_RDL_BTL_02800,9,9,9,10,รูดอล์ฟ,battle,male,rudolph,assets/triangle-strategy/approved_voice_references/rudolph.wav,คิดว่าจัดการข้าได้แล้วรึ?,,,READY_FOR_GENERATION,,triangle-strategy
3055,V_M_RDL_BTL_02900.wav,V_M_RDL_BTL_02900,10,10,10,11,รูดอล์ฟ,battle,male,rudolph,assets/triangle-strategy/approved_voice_references/rudolph.wav,กินดินซะ,,,READY_FOR_GENERATION,,triangle-strategy
3056,V_M_RDL_BTL_03000.wav,V_M_RDL_BTL_03000,11,11,11,12,รูดอล์ฟ,battle,male,rudolph,assets/triangle-strategy/approved_voice_references/rudolph.wav,ข้าโจมตีเข้าเป้า!,,,READY_FOR_GENERATION,,triangle-strategy
3057,V_M_RDL_BTL_03100.wav,V_M_RDL_BTL_03100,12,12,12,13,รูดอล์ฟ,battle,male,rudolph,assets/triangle-strategy/approved_voice_references/rudolph.wav,เปิดช่องแล้ว!,,,READY_FOR_GENERATION,,triangle-strategy
3058,V_M_RDL_BTL_03200.wav,V_M_RDL_BTL_03200,13,13,13,14,รูดอล์ฟ,battle,male,rudolph,assets/triangle-strategy/approved_voice_references/rudolph.wav,อืม,,,READY_FOR_GENERATION,,triangle-strategy
3059,V_M_RDL_BTL_03300.wav,V_M_RDL_BTL_03300,14,14,14,15,รูดอล์ฟ,battle,male,rudolph,assets/triangle-strategy/approved_voice_references/rudolph.wav,เอ้า!,,ATTACK_CRY,READY_FOR_GENERATION,,triangle-strategy
3060,V_M_RDL_BTL_03400.wav,V_M_RDL_BTL_03400,15,15,15,16,รูดอล์ฟ,battle,male,rudolph,assets/triangle-strategy/approved_voice_references/rudolph.wav,เข้ามา!,,,READY_FOR_GENERATION,,triangle-strategy
3061,V_M_RDL_BTL_03500.wav,V_M_RDL_BTL_03500,16,16,16,17,รูดอล์ฟ,battle,male,rudolph,assets/triangle-strategy/approved_voice_references/rudolph.wav,จับได้แล้ว!,,,READY_FOR_GENERATION,,triangle-strategy
3062,V_M_RDL_BTL_03600.wav,V_M_RDL_BTL_03600,17,17,17,18,รูดอล์ฟ,battle,male,rudolph,assets/triangle-strategy/approved_voice_references/rudolph.wav,เจ้าจบเห่แล้ว!,,,READY_FOR_GENERATION,,triangle-strategy
3063,V_M_RDL_BTL_08800.wav,V_M_RDL_BTL_08800,18,18,18,19,รูดอล์ฟ,battle,male,rudolph,assets/triangle-strategy/approved_voice_references/rudolph.wav,ข้าขอรับไปล่ะ,,,READY_FOR_GENERATION,,triangle-strategy
3064,V_M_RDL_BTL_08900.wav,V_M_RDL_BTL_08900,19,19,19,20,รูดอล์ฟ,battle,male,rudolph,assets/triangle-strategy/approved_voice_references/rudolph.wav,ตอนนี้!,,,READY_FOR_GENERATION,,triangle-strategy
3065,V_M_RDL_BTL_09000.wav,V_M_RDL_BTL_09000,20,20,20,21,รูดอล์ฟ,battle,male,rudolph,assets/triangle-strategy/approved_voice_references/rudolph.wav,เจ้าเป็นของข้า!,,,READY_FOR_GENERATION,,triangle-strategy
3066,V_M_RDL_BTL_14200.wav,V_M_RDL_BTL_14200,21,21,21,22,รูดอล์ฟ,battle,male,rudolph,assets/triangle-strategy/approved_voice_references/rudolph.wav,เป็นไงล่ะ?,,,READY_FOR_GENERATION,,triangle-strategy
3067,V_M_RDL_BTL_14300.wav,V_M_RDL_BTL_14300,22,22,22,23,รูดอล์ฟ,battle,male,rudolph,assets/triangle-strategy/approved_voice_references/rudolph.wav,เจ็บไหมล่ะ?,,,READY_FOR_GENERATION,,triangle-strategy
3068,V_M_RDL_BTL_14400.wav,V_M_RDL_BTL_14400,23,23,23,24,รูดอล์ฟ,battle,male,rudolph,assets/triangle-strategy/approved_voice_references/rudolph.wav,บ้าเอ๊ย!,,,READY_FOR_GENERATION,,triangle-strategy
3069,V_M_RDL_BTL_14500.wav,V_M_RDL_BTL_14500,24,24,24,25,รูดอล์ฟ,battle,male,rudolph,assets/triangle-strategy/approved_voice_references/rudolph.wav,ไม่ได้ผล!,,,READY_FOR_GENERATION,,triangle-strategy
3070,V_M_RDL_BTL_14600.wav,V_M_RDL_BTL_14600,25,25,25,26,รูดอล์ฟ,battle,male,rudolph,assets/triangle-strategy/approved_voice_references/rudolph.wav,อ๊าก!,,HURT_CRY,READY_FOR_GENERATION,,triangle-strategy
3071,V_M_RDL_BTL_14700.wav,V_M_RDL_BTL_14700,26,26,26,27,รูดอล์ฟ,battle,male,rudolph,assets/triangle-strategy/approved_voice_references/rudolph.wav,อึ่ก!,,HURT_CRY,READY_FOR_GENERATION,,triangle-strategy
3072,V_M_RDL_BTL_14800.wav,V_M_RDL_BTL_14800,27,27,27,28,รูดอล์ฟ,battle,male,rudolph,assets/triangle-strategy/approved_voice_references/rudolph.wav,อึ่ก!,,HURT_CRY,READY_FOR_GENERATION,,triangle-strategy
3073,V_M_RDL_BTL_14900.wav,V_M_RDL_BTL_14900,28,28,28,29,รูดอล์ฟ,battle,male,rudolph,assets/triangle-strategy/approved_voice_references/rudolph.wav,ชิ!,,,READY_FOR_GENERATION,,triangle-strategy
3074,V_M_RDL_BTL_15000.wav,V_M_RDL_BTL_15000,29,29,29,30,รูดอล์ฟ,battle,male,rudolph,assets/triangle-strategy/approved_voice_references/rudolph.wav,อั่ก!,,,READY_FOR_GENERATION,,triangle-strategy
3075,V_M_RDL_BTL_15100.wav,V_M_RDL_BTL_15100,30,30,30,31,รูดอล์ฟ,battle,male,rudolph,assets/triangle-strategy/approved_voice_references/rudolph.wav,ไอ้สารเลวปากดี,,,READY_FOR_GENERATION,,triangle-strategy
3076,V_M_RDL_BTL_15200.wav,V_M_RDL_BTL_15200,31,31,31,32,รูดอล์ฟ,battle,male,rudolph,assets/triangle-strategy/approved_voice_references/rudolph.wav,คิดแล้วว่าเจ้าจะทำแบบนั้น,,,READY_FOR_GENERATION,,triangle-strategy
3077,V_M_RDL_BTL_15300.wav,V_M_RDL_BTL_15300,32,32,32,33,รูดอล์ฟ,battle,male,rudolph,assets/triangle-strategy/approved_voice_references/rudolph.wav,เฮ้!,,,READY_FOR_GENERATION,,triangle-strategy
3078,V_M_RDL_BTL_15310.wav,V_M_RDL_BTL_15310,33,33,33,34,รูดอล์ฟ,battle,male,rudolph,assets/triangle-strategy/approved_voice_references/rudolph.wav,ก็ยุติธรรมดี,,,READY_FOR_GENERATION,,triangle-strategy
3079,V_M_RDL_BTL_15320.wav,V_M_RDL_BTL_15320,34,34,34,35,รูดอล์ฟ,battle,male,rudolph,assets/triangle-strategy/approved_voice_references/rudolph.wav,โชคร้ายหน่อยนะ,,,READY_FOR_GENERATION,,triangle-strategy
3080,V_M_RDL_BTL_15400.wav,V_M_RDL_BTL_15400,35,35,35,36,รูดอล์ฟ,battle,male,rudolph,assets/triangle-strategy/approved_voice_references/rudolph.wav,โอ้ ไม่,,,READY_FOR_GENERATION,,triangle-strategy
3081,V_M_RDL_BTL_15500.wav,V_M_RDL_BTL_15500,36,36,36,37,รูดอล์ฟ,battle,male,rudolph,assets/triangle-strategy/approved_voice_references/rudolph.wav,หึ!,,EVADE_GUARD,READY_FOR_GENERATION,,triangle-strategy
3082,V_M_RDL_BTL_15600.wav,V_M_RDL_BTL_15600,37,37,37,38,รูดอล์ฟ,battle,male,rudolph,assets/triangle-strategy/approved_voice_references/rudolph.wav,ขอบใจ,,,READY_FOR_GENERATION,,triangle-strategy
3083,V_M_RDL_BTL_15700.wav,V_M_RDL_BTL_15700,38,38,38,39,รูดอล์ฟ,battle,male,rudolph,assets/triangle-strategy/approved_voice_references/rudolph.wav,ช่วยได้มาก,,,READY_FOR_GENERATION,,triangle-strategy
3084,V_M_RDL_BTL_15800.wav,V_M_RDL_BTL_15800,39,39,39,40,รูดอล์ฟ,battle,male,rudolph,assets/triangle-strategy/approved_voice_references/rudolph.wav,ขออภัย,,,READY_FOR_GENERATION,,triangle-strategy
3085,V_M_RDL_BTL_15900.wav,V_M_RDL_BTL_15900,40,40,40,41,รูดอล์ฟ,battle,male,rudolph,assets/triangle-strategy/approved_voice_references/rudolph.wav,เออ เท่านี้ก็พอ,,,READY_FOR_GENERATION,,triangle-strategy
3086,V_M_RDL_BTL_16000.wav,V_M_RDL_BTL_16000,41,41,41,42,รูดอล์ฟ,battle,male,rudolph,assets/triangle-strategy/approved_voice_references/rudolph.wav,ชักจะชอบแล้วสิ,,,READY_FOR_GENERATION,,triangle-strategy
3087,V_M_RDL_BTL_16100.wav,V_M_RDL_BTL_16100,42,42,42,43,รูดอล์ฟ,battle,male,rudolph,assets/triangle-strategy/approved_voice_references/rudolph.wav,เลือดกำลังเดือดเลยนะ,,,READY_FOR_GENERATION,,triangle-strategy
3088,V_M_RDL_BTL_16200.wav,V_M_RDL_BTL_16200,43,43,43,44,รูดอล์ฟ,battle,male,rudolph,assets/triangle-strategy/approved_voice_references/rudolph.wav,นี่ไม่ใช่เรื่องเล่น,,,READY_FOR_GENERATION,,triangle-strategy
3089,V_M_RDL_BTL_16300.wav,V_M_RDL_BTL_16300,44,44,44,45,รูดอล์ฟ,battle,male,rudolph,assets/triangle-strategy/approved_voice_references/rudolph.wav,อึก! บ้าเอ๊ย!,,,READY_FOR_GENERATION,,triangle-strategy
3090,V_M_RDL_BTL_16400.wav,V_M_RDL_BTL_16400,45,45,45,46,รูดอล์ฟ,battle,male,rudolph,assets/triangle-strategy/approved_voice_references/rudolph.wav,เป็นไงล่ะ?,,,READY_FOR_GENERATION,,triangle-strategy
3091,V_M_RDL_BTL_16500.wav,V_M_RDL_BTL_16500,46,46,46,47,รูดอล์ฟ,battle,male,rudolph,assets/triangle-strategy/approved_voice_references/rudolph.wav,สำหรับเจ้า!,,,READY_FOR_GENERATION,,triangle-strategy
3092,V_M_RDL_BTL_16600.wav,V_M_RDL_BTL_16600,47,47,47,48,รูดอล์ฟ,battle,male,rudolph,assets/triangle-strategy/approved_voice_references/rudolph.wav,เอาล่ะ,,,READY_FOR_GENERATION,,triangle-strategy
3093,V_M_RDL_BTL_17410.wav,V_M_RDL_BTL_17410,48,48,48,49,รูดอล์ฟ,battle,male,rudolph,assets/triangle-strategy/approved_voice_references/rudolph.wav,ย้าก!,,ATTACK_CRY,READY_FOR_GENERATION,,triangle-strategy
3094,V_M_RDL_BTL_17411.wav,V_M_RDL_BTL_17411,49,49,49,50,รูดอล์ฟ,battle,male,rudolph,assets/triangle-strategy/approved_voice_references/rudolph.wav,ข้าจะส่งเจ้ากระเด็น!,,,READY_FOR_GENERATION,,triangle-strategy
3095,V_M_RDL_BTL_17412.wav,V_M_RDL_BTL_17412,50,50,50,51,รูดอล์ฟ,battle,male,rudolph,assets/triangle-strategy/approved_voice_references/rudolph.wav,ข้าจะจัดการเจ้า!,,,READY_FOR_GENERATION,,triangle-strategy
3096,V_M_RDL_BTL_17413.wav,V_M_RDL_BTL_17413,51,51,51,52,รูดอล์ฟ,battle,male,rudolph,assets/triangle-strategy/approved_voice_references/rudolph.wav,ลองรับนี่ไป!,,,READY_FOR_GENERATION,,triangle-strategy
3097,V_M_RDL_BTL_17414.wav,V_M_RDL_BTL_17414,52,52,52,53,รูดอล์ฟ,battle,male,rudolph,assets/triangle-strategy/approved_voice_references/rudolph.wav,ว้าก!,,HURT_CRY,READY_FOR_GENERATION,,triangle-strategy
3098,V_M_RDL_BTL_17415.wav,V_M_RDL_BTL_17415,53,53,53,54,รูดอล์ฟ,battle,male,rudolph,assets/triangle-strategy/approved_voice_references/rudolph.wav,หุบปาก!,,,READY_FOR_GENERATION,,triangle-strategy
3099,V_M_RDL_BTL_17416.wav,V_M_RDL_BTL_17416,54,54,54,55,รูดอล์ฟ,battle,male,rudolph,assets/triangle-strategy/approved_voice_references/rudolph.wav,ใครต่อไป?,,,READY_FOR_GENERATION,,triangle-strategy
3100,V_M_RDL_BTL_17417.wav,V_M_RDL_BTL_17417,55,55,55,56,รูดอล์ฟ,battle,male,rudolph,assets/triangle-strategy/approved_voice_references/rudolph.wav,พร้อมลุย,,,READY_FOR_GENERATION,,triangle-strategy
3101,V_M_RDL_BTL_17418.wav,V_M_RDL_BTL_17418,56,56,56,57,รูดอล์ฟ,battle,male,rudolph,assets/triangle-strategy/approved_voice_references/rudolph.wav,ลองอะไรใหม่ ๆ,,,READY_FOR_GENERATION,,triangle-strategy
3102,V_M_RDL_BTL_17420.wav,V_M_RDL_BTL_17420,57,57,57,58,รูดอล์ฟ,battle,male,rudolph,assets/triangle-strategy/approved_voice_references/rudolph.wav,เล็ง แล้วยิง!,,,READY_FOR_GENERATION,,triangle-strategy
3103,V_M_RDL_BTL_17421.wav,V_M_RDL_BTL_17421,58,58,58,59,รูดอล์ฟ,battle,male,rudolph,assets/triangle-strategy/approved_voice_references/rudolph.wav,เจ้าโง่หรือ?,,,READY_FOR_GENERATION,,triangle-strategy
3104,V_M_RDL_BTL_17422.wav,V_M_RDL_BTL_17422,59,59,59,60,รูดอล์ฟ,battle,male,rudolph,assets/triangle-strategy/approved_voice_references/rudolph.wav,อยู่นิ่ง ๆ!,,,READY_FOR_GENERATION,,triangle-strategy
3105,V_M_RDL_BTL_17423.wav,V_M_RDL_BTL_17423,60,60,60,61,รูดอล์ฟ,battle,male,rudolph,assets/triangle-strategy/approved_voice_references/rudolph.wav,ไม่มีที่ให้หนีแล้ว,,,READY_FOR_GENERATION,,triangle-strategy
3106,V_M_RDL_BTL_17460.wav,V_M_RDL_BTL_17460,61,61,61,62,รูดอล์ฟ,battle,male,rudolph,assets/triangle-strategy/approved_voice_references/rudolph.wav,นี่ต้องเจ็บแน่!,,,READY_FOR_GENERATION,,triangle-strategy
3107,V_M_RDL_BTL_17461.wav,V_M_RDL_BTL_17461,62,62,62,63,รูดอล์ฟ,battle,male,rudolph,assets/triangle-strategy/approved_voice_references/rudolph.wav,ได้เวลานอน!,,,READY_FOR_GENERATION,,triangle-strategy
3108,V_M_RDL_BTL_17470.wav,V_M_RDL_BTL_17470,63,63,63,64,รูดอล์ฟ,battle,male,rudolph,assets/triangle-strategy/approved_voice_references/rudolph.wav,อาจได้ใช้สิ่งนี้,,,READY_FOR_GENERATION,,triangle-strategy
3109,V_M_RDL_BTL_17471.wav,V_M_RDL_BTL_17471,64,64,64,65,รูดอล์ฟ,battle,male,rudolph,assets/triangle-strategy/approved_voice_references/rudolph.wav,นี่น่าสนุก,,,READY_FOR_GENERATION,,triangle-strategy
3110,V_M_RDL_BTL_17480.wav,V_M_RDL_BTL_17480,65,65,65,66,รูดอล์ฟ,battle,male,rudolph,assets/triangle-strategy/approved_voice_references/rudolph.wav,ตายซะ!,,,READY_FOR_GENERATION,,triangle-strategy
3111,V_M_RDL_BTL_17500.wav,V_M_RDL_BTL_17500,66,66,66,67,รูดอล์ฟ,battle,male,rudolph,assets/triangle-strategy/approved_voice_references/rudolph.wav,ข้ามีความคิดแล้ว,,,READY_FOR_GENERATION,,triangle-strategy
3112,V_M_RDL_BTL_17600.wav,V_M_RDL_BTL_17600,67,67,67,68,รูดอล์ฟ,battle,male,rudolph,assets/triangle-strategy/approved_voice_references/rudolph.wav,ไม่เลวเลย,,,READY_FOR_GENERATION,,triangle-strategy
3113,V_M_RDL_BTL_17700.wav,V_M_RDL_BTL_17700,68,68,68,69,รูดอล์ฟ,battle,male,rudolph,assets/triangle-strategy/approved_voice_references/rudolph.wav,นั่นแหละ,,,READY_FOR_GENERATION,,triangle-strategy
3114,V_M_RDL_BTL_17800.wav,V_M_RDL_BTL_17800,69,69,69,70,รูดอล์ฟ,battle,male,rudolph,assets/triangle-strategy/approved_voice_references/rudolph.wav,ฮ่า ฮ่า ฮ่า ฮ่า ฮ่า ฮ่า ฮ่า!,,,READY_FOR_GENERATION,,triangle-strategy
3115,V_M_RDL_BTL_17900.wav,V_M_RDL_BTL_17900,70,70,70,71,รูดอล์ฟ,battle,male,rudolph,assets/triangle-strategy/approved_voice_references/rudolph.wav,ข้าจัดการเอง,,,READY_FOR_GENERATION,,triangle-strategy
3116,V_M_RDL_BTL_18000.wav,V_M_RDL_BTL_18000,71,71,71,72,รูดอล์ฟ,battle,male,rudolph,assets/triangle-strategy/approved_voice_references/rudolph.wav,เออ ทำได้,,,READY_FOR_GENERATION,,triangle-strategy
3117,V_M_RDL_BTL_18200.wav,V_M_RDL_BTL_18200,72,72,72,73,รูดอล์ฟ,battle,male,rudolph,assets/triangle-strategy/approved_voice_references/rudolph.wav,แทบไม่เหนื่อยเลย,,,READY_FOR_GENERATION,,triangle-strategy
3118,V_M_RDL_BTL_18300.wav,V_M_RDL_BTL_18300,73,73,73,74,รูดอล์ฟ,battle,male,rudolph,assets/triangle-strategy/approved_voice_references/rudolph.wav,ฮ่า! ข้ารู้สึกสุดยอด!,,,READY_FOR_GENERATION,,triangle-strategy
3119,V_M_RLN_BTL_00400.wav,V_M_RLN_BTL_00400,0,0,0,1,Roland,battle,male,roland,assets/triangle-strategy/approved_voice_references/roland.wav,บุก!,,,READY_FOR_GENERATION,,triangle-strategy
3120,V_M_RLN_BTL_00500.wav,V_M_RLN_BTL_00500,1,1,1,2,Roland,battle,male,roland,assets/triangle-strategy/approved_voice_references/roland.wav,เพื่อชัยชนะ!,,,READY_FOR_GENERATION,,triangle-strategy
3121,V_M_RLN_BTL_00600.wav,V_M_RLN_BTL_00600,2,2,2,3,Roland,battle,male,roland,assets/triangle-strategy/approved_voice_references/roland.wav,ตาข้าแล้ว,,,READY_FOR_GENERATION,,triangle-strategy
3122,V_M_RLN_BTL_00700.wav,V_M_RLN_BTL_00700,3,3,3,4,Roland,battle,male,roland,assets/triangle-strategy/approved_voice_references/roland.wav,ข้าจะไม่แพ้!,,,READY_FOR_GENERATION,,triangle-strategy
3123,V_M_RLN_BTL_01700.wav,V_M_RLN_BTL_01700,4,4,4,5,Roland,battle,male,roland,assets/triangle-strategy/approved_voice_references/roland.wav,นี่ไม่ง่ายแน่,,,READY_FOR_GENERATION,,triangle-strategy
3124,V_M_RLN_BTL_01800.wav,V_M_RLN_BTL_01800,5,5,5,6,Roland,battle,male,roland,assets/triangle-strategy/approved_voice_references/roland.wav,เป้าหมายที่แท้จริง,,,READY_FOR_GENERATION,,triangle-strategy
3125,V_M_RLN_BTL_01900.wav,V_M_RLN_BTL_01900,6,6,6,7,Roland,battle,male,roland,assets/triangle-strategy/approved_voice_references/roland.wav,ทีนี้จะทำอะไรดี?,,,READY_FOR_GENERATION,,triangle-strategy
3126,V_M_RLN_BTL_02000.wav,V_M_RLN_BTL_02000,7,7,7,8,Roland,battle,male,roland,assets/triangle-strategy/approved_voice_references/roland.wav,มันยังไม่จบ,,,READY_FOR_GENERATION,,triangle-strategy
3127,V_M_RLN_BTL_02700.wav,V_M_RLN_BTL_02700,8,8,8,9,Roland,battle,male,roland,assets/triangle-strategy/approved_voice_references/roland.wav,บ้าเอ๊ย!,,,READY_FOR_GENERATION,,triangle-strategy
3128,V_M_RLN_BTL_02800.wav,V_M_RLN_BTL_02800,9,9,9,10,Roland,battle,male,roland,assets/triangle-strategy/approved_voice_references/roland.wav,อั่ก!,,,READY_FOR_GENERATION,,triangle-strategy
3129,V_M_RLN_BTL_02900.wav,V_M_RLN_BTL_02900,10,10,10,11,Roland,battle,male,roland,assets/triangle-strategy/approved_voice_references/roland.wav,รับนี่ไป!,,,READY_FOR_GENERATION,,triangle-strategy
3130,V_M_RLN_BTL_03000.wav,V_M_RLN_BTL_03000,11,11,11,12,Roland,battle,male,roland,assets/triangle-strategy/approved_voice_references/roland.wav,ฮึ่ย!,,,READY_FOR_GENERATION,,triangle-strategy
3131,V_M_RLN_BTL_03100.wav,V_M_RLN_BTL_03100,12,12,12,13,Roland,battle,male,roland,assets/triangle-strategy/approved_voice_references/roland.wav,เอ้า!,,ATTACK_CRY,READY_FOR_GENERATION,,triangle-strategy
3132,V_M_RLN_BTL_03200.wav,V_M_RLN_BTL_03200,13,13,13,14,Roland,battle,male,roland,assets/triangle-strategy/approved_voice_references/roland.wav,อั่ก!,,,READY_FOR_GENERATION,,triangle-strategy
3133,V_M_RLN_BTL_03300.wav,V_M_RLN_BTL_03300,14,14,14,15,Roland,battle,male,roland,assets/triangle-strategy/approved_voice_references/roland.wav,ย๊าก!,,ATTACK_CRY,READY_FOR_GENERATION,,triangle-strategy
3134,V_M_RLN_BTL_03400.wav,V_M_RLN_BTL_03400,15,15,15,16,Roland,battle,male,roland,assets/triangle-strategy/approved_voice_references/roland.wav,นี่แหละ!,,,READY_FOR_GENERATION,,triangle-strategy
3135,V_M_RLN_BTL_03500.wav,V_M_RLN_BTL_03500,16,16,16,17,Roland,battle,male,roland,assets/triangle-strategy/approved_voice_references/roland.wav,ไปให้พ้น!,,,READY_FOR_GENERATION,,triangle-strategy
3136,V_M_RLN_BTL_03600.wav,V_M_RLN_BTL_03600,17,17,17,18,Roland,battle,male,roland,assets/triangle-strategy/approved_voice_references/roland.wav,จบกันตรงนี้,,,READY_FOR_GENERATION,,triangle-strategy
3137,V_M_RLN_BTL_08800.wav,V_M_RLN_BTL_08800,18,18,18,19,Roland,battle,male,roland,assets/triangle-strategy/approved_voice_references/roland.wav,มีอะไรตรงนี้?,,,READY_FOR_GENERATION,,triangle-strategy
3138,V_M_RLN_BTL_08900.wav,V_M_RLN_BTL_08900,19,19,19,20,Roland,battle,male,roland,assets/triangle-strategy/approved_voice_references/roland.wav,ฝากไว้กับข้า!,,,READY_FOR_GENERATION,,triangle-strategy
3139,V_M_RLN_BTL_09000.wav,V_M_RLN_BTL_09000,20,20,20,21,Roland,battle,male,roland,assets/triangle-strategy/approved_voice_references/roland.wav,ตอนนี้!,,,READY_FOR_GENERATION,,triangle-strategy
3140,V_M_RLN_BTL_14200.wav,V_M_RLN_BTL_14200,21,21,21,22,Roland,battle,male,roland,assets/triangle-strategy/approved_voice_references/roland.wav,ใช่!,,,READY_FOR_GENERATION,,triangle-strategy
3141,V_M_RLN_BTL_14300.wav,V_M_RLN_BTL_14300,22,22,22,23,Roland,battle,male,roland,assets/triangle-strategy/approved_voice_references/roland.wav,เห็นไหมล่ะ?,,,READY_FOR_GENERATION,,triangle-strategy
3142,V_M_RLN_BTL_14400.wav,V_M_RLN_BTL_14400,23,23,23,24,Roland,battle,male,roland,assets/triangle-strategy/approved_voice_references/roland.wav,อะไรนะ?,,,READY_FOR_GENERATION,,triangle-strategy
3143,V_M_RLN_BTL_14500.wav,V_M_RLN_BTL_14500,24,24,24,25,Roland,battle,male,roland,assets/triangle-strategy/approved_voice_references/roland.wav,ไม่ได้ผล,,,READY_FOR_GENERATION,,triangle-strategy
3144,V_M_RLN_BTL_14600.wav,V_M_RLN_BTL_14600,25,25,25,26,Roland,battle,male,roland,assets/triangle-strategy/approved_voice_references/roland.wav,อั่ก!,,HURT_CRY,READY_FOR_GENERATION,,triangle-strategy
3145,V_M_RLN_BTL_14700.wav,V_M_RLN_BTL_14700,26,26,26,27,Roland,battle,male,roland,assets/triangle-strategy/approved_voice_references/roland.wav,อ๊าก!,,HURT_CRY,READY_FOR_GENERATION,,triangle-strategy
3146,V_M_RLN_BTL_14800.wav,V_M_RLN_BTL_14800,27,27,27,28,Roland,battle,male,roland,assets/triangle-strategy/approved_voice_references/roland.wav,อ๊าก!,,HURT_CRY,READY_FOR_GENERATION,,triangle-strategy
3147,V_M_RLN_BTL_14900.wav,V_M_RLN_BTL_14900,28,28,28,29,Roland,battle,male,roland,assets/triangle-strategy/approved_voice_references/roland.wav,บ้าเอ๊ย!,,,READY_FOR_GENERATION,,triangle-strategy
3148,V_M_RLN_BTL_15000.wav,V_M_RLN_BTL_15000,29,29,29,30,Roland,battle,male,roland,assets/triangle-strategy/approved_voice_references/roland.wav,อั่ก!,,HURT_CRY,READY_FOR_GENERATION,,triangle-strategy
3149,V_M_RLN_BTL_15100.wav,V_M_RLN_BTL_15100,30,30,30,31,Roland,battle,male,roland,assets/triangle-strategy/approved_voice_references/roland.wav,ไม่!,,,READY_FOR_GENERATION,,triangle-strategy
3150,V_M_RLN_BTL_15200.wav,V_M_RLN_BTL_15200,31,31,31,32,Roland,battle,male,roland,assets/triangle-strategy/approved_voice_references/roland.wav,ข้าไม่คิดอย่างนั้น!,,,READY_FOR_GENERATION,,triangle-strategy
3151,V_M_RLN_BTL_15300.wav,V_M_RLN_BTL_15300,32,32,32,33,Roland,battle,male,roland,assets/triangle-strategy/approved_voice_references/roland.wav,อ้าฮ่า!,,,READY_FOR_GENERATION,,triangle-strategy
3152,V_M_RLN_BTL_15310.wav,V_M_RLN_BTL_15310,33,33,33,34,Roland,battle,male,roland,assets/triangle-strategy/approved_voice_references/roland.wav,น่าเสียดาย,,,READY_FOR_GENERATION,,triangle-strategy
3153,V_M_RLN_BTL_15320.wav,V_M_RLN_BTL_15320,34,34,34,35,Roland,battle,male,roland,assets/triangle-strategy/approved_voice_references/roland.wav,เปิดช่องแล้ว,,,READY_FOR_GENERATION,,triangle-strategy
3154,V_M_RLN_BTL_15400.wav,V_M_RLN_BTL_15400,35,35,35,36,Roland,battle,male,roland,assets/triangle-strategy/approved_voice_references/roland.wav,พยายามได้ดี!,,,READY_FOR_GENERATION,,triangle-strategy
3155,V_M_RLN_BTL_15500.wav,V_M_RLN_BTL_15500,36,36,36,37,Roland,battle,male,roland,assets/triangle-strategy/approved_voice_references/roland.wav,ฮ่า!,,EVADE_GUARD,READY_FOR_GENERATION,,triangle-strategy
3156,V_M_RLN_BTL_15600.wav,V_M_RLN_BTL_15600,37,37,37,38,Roland,battle,male,roland,assets/triangle-strategy/approved_voice_references/roland.wav,ขอบคุณ,,,READY_FOR_GENERATION,,triangle-strategy
3157,V_M_RLN_BTL_15700.wav,V_M_RLN_BTL_15700,38,38,38,39,Roland,battle,male,roland,assets/triangle-strategy/approved_voice_references/roland.wav,ขออภัย,,,READY_FOR_GENERATION,,triangle-strategy
3158,V_M_RLN_BTL_15800.wav,V_M_RLN_BTL_15800,39,39,39,40,Roland,battle,male,roland,assets/triangle-strategy/approved_voice_references/roland.wav,ขอโทษที่ทำให้เป็นห่วง,,,READY_FOR_GENERATION,,triangle-strategy
3159,V_M_RLN_BTL_15900.wav,V_M_RLN_BTL_15900,40,40,40,41,Roland,battle,male,roland,assets/triangle-strategy/approved_voice_references/roland.wav,ยอดเยี่ยม!,,,READY_FOR_GENERATION,,triangle-strategy
3160,V_M_RLN_BTL_16000.wav,V_M_RLN_BTL_16000,41,41,41,42,Roland,battle,male,roland,assets/triangle-strategy/approved_voice_references/roland.wav,ข้าจะทำให้ดีที่สุด,,,READY_FOR_GENERATION,,triangle-strategy
3161,V_M_RLN_BTL_16100.wav,V_M_RLN_BTL_16100,42,42,42,43,Roland,battle,male,roland,assets/triangle-strategy/approved_voice_references/roland.wav,พร้อมอีก!,,,READY_FOR_GENERATION,,triangle-strategy
3162,V_M_RLN_BTL_16200.wav,V_M_RLN_BTL_16200,43,43,43,44,Roland,battle,male,roland,assets/triangle-strategy/approved_voice_references/roland.wav,ข้าล้มเหลว!,,,READY_FOR_GENERATION,,triangle-strategy
3163,V_M_RLN_BTL_16300.wav,V_M_RLN_BTL_16300,44,44,44,45,Roland,battle,male,roland,assets/triangle-strategy/approved_voice_references/roland.wav,เกลนบรูคฝากไว้กับเจ้า,,,READY_FOR_GENERATION,,triangle-strategy
3164,V_M_RLN_BTL_16400.wav,V_M_RLN_BTL_16400,45,45,45,46,Roland,battle,male,roland,assets/triangle-strategy/approved_voice_references/roland.wav,เหื้อ!,,ATTACK_CRY,READY_FOR_GENERATION,,triangle-strategy
3165,V_M_RLN_BTL_16500.wav,V_M_RLN_BTL_16500,46,46,46,47,Roland,battle,male,roland,assets/triangle-strategy/approved_voice_references/roland.wav,นี่!,,,READY_FOR_GENERATION,,triangle-strategy
3166,V_M_RLN_BTL_16600.wav,V_M_RLN_BTL_16600,47,47,47,48,Roland,battle,male,roland,assets/triangle-strategy/approved_voice_references/roland.wav,ข้าจะลองนี่,,,READY_FOR_GENERATION,,triangle-strategy
3167,V_M_RLN_BTL_17410.wav,V_M_RLN_BTL_17410,48,48,48,49,Roland,battle,male,roland,assets/triangle-strategy/approved_voice_references/roland.wav,หอกของข้าไม่พลาด!,,,READY_FOR_GENERATION,,triangle-strategy
3168,V_M_RLN_BTL_17411.wav,V_M_RLN_BTL_17411,49,49,49,50,Roland,battle,male,roland,assets/triangle-strategy/approved_voice_references/roland.wav,หลีกไป!,,,READY_FOR_GENERATION,,triangle-strategy
3169,V_M_RLN_BTL_17412.wav,V_M_RLN_BTL_17412,50,50,50,51,Roland,battle,male,roland,assets/triangle-strategy/approved_voice_references/roland.wav,เตรียมรับมือ!,,,READY_FOR_GENERATION,,triangle-strategy
3170,V_M_RLN_BTL_17420.wav,V_M_RLN_BTL_17420,51,51,51,52,Roland,battle,male,roland,assets/triangle-strategy/approved_voice_references/roland.wav,เจ้าไม่มีโอกาส,,,READY_FOR_GENERATION,,triangle-strategy
3171,V_M_RLN_BTL_17421.wav,V_M_RLN_BTL_17421,52,52,52,53,Roland,battle,male,roland,assets/triangle-strategy/approved_voice_references/roland.wav,ข้าจะฝ่าไปให้ได้!,,,READY_FOR_GENERATION,,triangle-strategy
3172,V_M_RLN_BTL_17422.wav,V_M_RLN_BTL_17422,53,53,53,54,Roland,battle,male,roland,assets/triangle-strategy/approved_voice_references/roland.wav,ไปให้พ้น!,,,READY_FOR_GENERATION,,triangle-strategy
3173,V_M_RLN_BTL_17423.wav,V_M_RLN_BTL_17423,54,54,54,55,Roland,battle,male,roland,assets/triangle-strategy/approved_voice_references/roland.wav,เจ้าจะล้มตรงนี้!,,,READY_FOR_GENERATION,,triangle-strategy
3174,V_M_RLN_BTL_17480.wav,V_M_RLN_BTL_17480,55,55,55,56,Roland,battle,male,roland,assets/triangle-strategy/approved_voice_references/roland.wav,สูดลมหายใจสุดท้ายซะ!,,,READY_FOR_GENERATION,,triangle-strategy
3175,V_M_RLN_BTL_17500.wav,V_M_RLN_BTL_17500,56,56,56,57,Roland,battle,male,roland,assets/triangle-strategy/approved_voice_references/roland.wav,ข้าแข็งแกร่งขึ้นเรื่อย ๆ!,,,READY_FOR_GENERATION,,triangle-strategy
3176,V_M_RLN_BTL_17600.wav,V_M_RLN_BTL_17600,57,57,57,58,Roland,battle,male,roland,assets/triangle-strategy/approved_voice_references/roland.wav,เดินหน้าสูงขึ้นไป,,,READY_FOR_GENERATION,,triangle-strategy
3177,V_M_RLN_BTL_17700.wav,V_M_RLN_BTL_17700,58,58,58,59,Roland,battle,male,roland,assets/triangle-strategy/approved_voice_references/roland.wav,เพื่ออาณาจักรของข้า!,,,READY_FOR_GENERATION,,triangle-strategy
3178,V_M_RLN_BTL_17800.wav,V_M_RLN_BTL_17800,59,59,59,60,Roland,battle,male,roland,assets/triangle-strategy/approved_voice_references/roland.wav,ข้าไม่หวั่นต่ออันตราย,,,READY_FOR_GENERATION,,triangle-strategy
3179,V_M_RLN_BTL_17900.wav,V_M_RLN_BTL_17900,60,60,60,61,Roland,battle,male,roland,assets/triangle-strategy/approved_voice_references/roland.wav,เอาล่ะ จับอาวุธ!,,,READY_FOR_GENERATION,,triangle-strategy
3180,V_M_RLN_BTL_18000.wav,V_M_RLN_BTL_18000,61,61,61,62,Roland,battle,male,roland,assets/triangle-strategy/approved_voice_references/roland.wav,ฝากไว้กับข้า!,,,READY_FOR_GENERATION,,triangle-strategy
3181,V_M_RLN_BTL_18200.wav,V_M_RLN_BTL_18200,62,62,62,63,Roland,battle,male,roland,assets/triangle-strategy/approved_voice_references/roland.wav,วันนี้ชัยชนะจะเป็นของเรา,,,READY_FOR_GENERATION,,triangle-strategy
3182,V_M_RLN_BTL_18300.wav,V_M_RLN_BTL_18300,63,63,63,64,Roland,battle,male,roland,assets/triangle-strategy/approved_voice_references/roland.wav,ด้วยเกียรติแห่งราชา,,,READY_FOR_GENERATION,,triangle-strategy
3183,V_M_ROF_G_BTL_00400.wav,V_M_ROF_G_BTL_00400,0,0,0,1,รูฟัส,battle,male,rufus,assets/triangle-strategy/approved_voice_references/rufus.wav,บอกมาว่าจะให้ข้าฆ่าใคร,,,READY_FOR_GENERATION,,triangle-strategy
3184,V_M_ROF_G_BTL_00500.wav,V_M_ROF_G_BTL_00500,1,1,1,2,รูฟัส,battle,male,rufus,assets/triangle-strategy/approved_voice_references/rufus.wav,เจ้าคงฆ่าได้สนุกดี,,,READY_FOR_GENERATION,,triangle-strategy
3185,V_M_ROF_G_BTL_00600.wav,V_M_ROF_G_BTL_00600,2,2,2,3,รูฟัส,battle,male,rufus,assets/triangle-strategy/approved_voice_references/rufus.wav,ฮ่า! ใครต่อ?,,,READY_FOR_GENERATION,,triangle-strategy
3186,V_M_ROF_G_BTL_01700.wav,V_M_ROF_G_BTL_01700,3,3,3,4,รูฟัส,battle,male,rufus,assets/triangle-strategy/approved_voice_references/rufus.wav,พวกมันไม่เลว,,,READY_FOR_GENERATION,,triangle-strategy
3187,V_M_ROF_G_BTL_01800.wav,V_M_ROF_G_BTL_01800,4,4,4,5,รูฟัส,battle,male,rufus,assets/triangle-strategy/approved_voice_references/rufus.wav,เจ้าทำให้เรื่องนี้น่าสนใจขึ้น,,,READY_FOR_GENERATION,,triangle-strategy
3188,V_M_ROF_G_BTL_01900.wav,V_M_ROF_G_BTL_01900,5,5,5,6,รูฟัส,battle,male,rufus,assets/triangle-strategy/approved_voice_references/rufus.wav,ข้าไม่แพ้,,,READY_FOR_GENERATION,,triangle-strategy
3189,V_M_ROF_G_BTL_02700.wav,V_M_ROF_G_BTL_02700,6,6,6,7,รูฟัส,battle,male,rufus,assets/triangle-strategy/approved_voice_references/rufus.wav,โอ้ บ้าเอ๊ย พวกมันจัดการข้าแล้ว,,,READY_FOR_GENERATION,,triangle-strategy
3190,V_M_ROF_G_BTL_02800.wav,V_M_ROF_G_BTL_02800,7,7,7,8,รูฟัส,battle,male,rufus,assets/triangle-strategy/approved_voice_references/rufus.wav,แค่นี้ไม่เท่าไร,,,READY_FOR_GENERATION,,triangle-strategy
3191,V_M_ROF_G_BTL_02900.wav,V_M_ROF_G_BTL_02900,8,8,8,9,รูฟัส,battle,male,rufus,assets/triangle-strategy/approved_voice_references/rufus.wav,ฮ้า!,,ATTACK_CRY,READY_FOR_GENERATION,,triangle-strategy
3192,V_M_ROF_G_BTL_03000.wav,V_M_ROF_G_BTL_03000,9,9,9,10,รูฟัส,battle,male,rufus,assets/triangle-strategy/approved_voice_references/rufus.wav,ตายซะ!,,,READY_FOR_GENERATION,,triangle-strategy
3193,V_M_ROF_G_BTL_03100.wav,V_M_ROF_G_BTL_03100,10,10,10,11,รูฟัส,battle,male,rufus,assets/triangle-strategy/approved_voice_references/rufus.wav,เลือดออกซะ!,,,READY_FOR_GENERATION,,triangle-strategy
3194,V_M_ROF_G_BTL_03200.wav,V_M_ROF_G_BTL_03200,11,11,11,12,รูฟัส,battle,male,rufus,assets/triangle-strategy/approved_voice_references/rufus.wav,หนีไม่พ้น!,,,READY_FOR_GENERATION,,triangle-strategy
3195,V_M_ROF_G_BTL_03500.wav,V_M_ROF_G_BTL_03500,12,12,12,13,รูฟัส,battle,male,rufus,assets/triangle-strategy/approved_voice_references/rufus.wav,ข้าได้อีกหนึ่ง!,,,READY_FOR_GENERATION,,triangle-strategy
3196,V_M_ROF_G_BTL_08800.wav,V_M_ROF_G_BTL_08800,13,13,13,14,รูฟัส,battle,male,rufus,assets/triangle-strategy/approved_voice_references/rufus.wav,ไอ้โง่บัดซบ!,,,READY_FOR_GENERATION,,triangle-strategy
3197,V_M_ROF_G_BTL_08900.wav,V_M_ROF_G_BTL_08900,14,14,14,15,รูฟัส,battle,male,rufus,assets/triangle-strategy/approved_voice_references/rufus.wav,เผลออยู่หรือ?,,,READY_FOR_GENERATION,,triangle-strategy
3198,V_M_ROF_G_BTL_09000.wav,V_M_ROF_G_BTL_09000,15,15,15,16,รูฟัส,battle,male,rufus,assets/triangle-strategy/approved_voice_references/rufus.wav,ปิดท้ายอีกหน่อย,,,READY_FOR_GENERATION,,triangle-strategy
3199,V_M_ROF_G_BTL_14200.wav,V_M_ROF_G_BTL_14200,16,16,16,17,รูฟัส,battle,male,rufus,assets/triangle-strategy/approved_voice_references/rufus.wav,วะฮ่าฮ่าฮ่า!,,,READY_FOR_GENERATION,,triangle-strategy
3200,V_M_ROF_G_BTL_14300.wav,V_M_ROF_G_BTL_14300,17,17,17,18,รูฟัส,battle,male,rufus,assets/triangle-strategy/approved_voice_references/rufus.wav,เจ็บใช่ไหมล่ะ?,,,READY_FOR_GENERATION,,triangle-strategy
3201,V_M_ROF_G_BTL_14400.wav,V_M_ROF_G_BTL_14400,18,18,18,19,รูฟัส,battle,male,rufus,assets/triangle-strategy/approved_voice_references/rufus.wav,อะไรนะ?!,,,READY_FOR_GENERATION,,triangle-strategy
3202,V_M_ROF_G_BTL_14500.wav,V_M_ROF_G_BTL_14500,19,19,19,20,รูฟัส,battle,male,rufus,assets/triangle-strategy/approved_voice_references/rufus.wav,ทำไมเจ้าไม่เลือดออกสักที?,,,READY_FOR_GENERATION,,triangle-strategy
3203,V_M_ROF_G_BTL_14600.wav,V_M_ROF_G_BTL_14600,20,20,20,21,รูฟัส,battle,male,rufus,assets/triangle-strategy/approved_voice_references/rufus.wav,อ๊าก!,,HURT_CRY,READY_FOR_GENERATION,,triangle-strategy
3204,V_M_ROF_G_BTL_14700.wav,V_M_ROF_G_BTL_14700,21,21,21,22,รูฟัส,battle,male,rufus,assets/triangle-strategy/approved_voice_references/rufus.wav,อึ่ก!,,,READY_FOR_GENERATION,,triangle-strategy
3205,V_M_ROF_G_BTL_14800.wav,V_M_ROF_G_BTL_14800,22,22,22,23,รูฟัส,battle,male,rufus,assets/triangle-strategy/approved_voice_references/rufus.wav,อ๊าก!,,HURT_CRY,READY_FOR_GENERATION,,triangle-strategy
3206,V_M_ROF_G_BTL_15000.wav,V_M_ROF_G_BTL_15000,23,23,23,24,รูฟัส,battle,male,rufus,assets/triangle-strategy/approved_voice_references/rufus.wav,อึก! เจ็บ!,,,READY_FOR_GENERATION,,triangle-strategy
3207,V_M_ROF_G_BTL_15100.wav,V_M_ROF_G_BTL_15100,24,24,24,25,รูฟัส,battle,male,rufus,assets/triangle-strategy/approved_voice_references/rufus.wav,ไอ้สารเลว!,,,READY_FOR_GENERATION,,triangle-strategy
3208,V_M_ROF_G_BTL_15200.wav,V_M_ROF_G_BTL_15200,25,25,25,26,รูฟัส,battle,male,rufus,assets/triangle-strategy/approved_voice_references/rufus.wav,ไอ้อ่อนแอ!,,,READY_FOR_GENERATION,,triangle-strategy
3209,V_M_ROF_G_BTL_15300.wav,V_M_ROF_G_BTL_15300,26,26,26,27,รูฟัส,battle,male,rufus,assets/triangle-strategy/approved_voice_references/rufus.wav,สงบลงหน่อย!,,,READY_FOR_GENERATION,,triangle-strategy
3210,V_M_ROF_G_BTL_15310.wav,V_M_ROF_G_BTL_15310,27,27,27,28,รูฟัส,battle,male,rufus,assets/triangle-strategy/approved_voice_references/rufus.wav,ฮ่า ฮ่า ฮ่า ฮ่า ฮ่า!,,,READY_FOR_GENERATION,,triangle-strategy
3211,V_M_ROF_G_BTL_15320.wav,V_M_ROF_G_BTL_15320,28,28,28,29,รูฟัส,battle,male,rufus,assets/triangle-strategy/approved_voice_references/rufus.wav,วันนี้ไม่ใช่วันของเจ้า!,,,READY_FOR_GENERATION,,triangle-strategy
3212,V_M_ROF_G_BTL_15400.wav,V_M_ROF_G_BTL_15400,29,29,29,30,รูฟัส,battle,male,rufus,assets/triangle-strategy/approved_voice_references/rufus.wav,ฮึ่ย!,,,READY_FOR_GENERATION,,triangle-strategy
3213,V_M_ROF_G_BTL_15500.wav,V_M_ROF_G_BTL_15500,30,30,30,31,รูฟัส,battle,male,rufus,assets/triangle-strategy/approved_voice_references/rufus.wav,ฮ่า!,,EVADE_GUARD,READY_FOR_GENERATION,,triangle-strategy
3214,V_M_ROF_G_BTL_15600.wav,V_M_ROF_G_BTL_15600,31,31,31,32,รูฟัส,battle,male,rufus,assets/triangle-strategy/approved_voice_references/rufus.wav,ขอบใจนะ,,,READY_FOR_GENERATION,,triangle-strategy
3215,V_M_ROF_G_BTL_15700.wav,V_M_ROF_G_BTL_15700,32,32,32,33,รูฟัส,battle,male,rufus,assets/triangle-strategy/approved_voice_references/rufus.wav,ไปต่อ,,,READY_FOR_GENERATION,,triangle-strategy
3216,V_M_ROF_G_BTL_15800.wav,V_M_ROF_G_BTL_15800,33,33,33,34,รูฟัส,battle,male,rufus,assets/triangle-strategy/approved_voice_references/rufus.wav,ทำได้ดี,,,READY_FOR_GENERATION,,triangle-strategy
3217,V_M_ROF_G_BTL_15900.wav,V_M_ROF_G_BTL_15900,34,34,34,35,รูฟัส,battle,male,rufus,assets/triangle-strategy/approved_voice_references/rufus.wav,ทำได้ดี!,,,READY_FOR_GENERATION,,triangle-strategy
3218,V_M_ROF_G_BTL_16000.wav,V_M_ROF_G_BTL_16000,35,35,35,36,รูฟัส,battle,male,rufus,assets/triangle-strategy/approved_voice_references/rufus.wav,ไม่เลวเลย,,,READY_FOR_GENERATION,,triangle-strategy
3219,V_M_ROF_G_BTL_16100.wav,V_M_ROF_G_BTL_16100,36,36,36,37,รูฟัส,battle,male,rufus,assets/triangle-strategy/approved_voice_references/rufus.wav,โอ้ นั่นให้ข้าหรือ?,,,READY_FOR_GENERATION,,triangle-strategy
3220,V_M_ROF_G_BTL_16200.wav,V_M_ROF_G_BTL_16200,37,37,37,38,รูฟัส,battle,male,rufus,assets/triangle-strategy/approved_voice_references/rufus.wav,บ้าเอ๊ย,,,READY_FOR_GENERATION,,triangle-strategy
3221,V_M_ROF_G_BTL_16300.wav,V_M_ROF_G_BTL_16300,38,38,38,39,รูฟัส,battle,male,rufus,assets/triangle-strategy/approved_voice_references/rufus.wav,ไม่ ข้าไม่ยอม...,,,READY_FOR_GENERATION,,triangle-strategy
3222,V_M_ROF_G_BTL_17410.wav,V_M_ROF_G_BTL_17410,39,39,39,40,รูฟัส,battle,male,rufus,assets/triangle-strategy/approved_voice_references/rufus.wav,ยอมรับความตายซะ!,,,READY_FOR_GENERATION,,triangle-strategy
3223,V_M_ROF_G_BTL_17411.wav,V_M_ROF_G_BTL_17411,40,40,40,41,รูฟัส,battle,male,rufus,assets/triangle-strategy/approved_voice_references/rufus.wav,ตายซะ ไอ้สารเลว!,,,READY_FOR_GENERATION,,triangle-strategy
3224,V_M_ROF_G_BTL_17420.wav,V_M_ROF_G_BTL_17420,41,41,41,42,รูฟัส,battle,male,rufus,assets/triangle-strategy/approved_voice_references/rufus.wav,ข้าจะผ่าเจ้าเป็นสองซีก!,,,READY_FOR_GENERATION,,triangle-strategy
3225,V_M_ROF_G_BTL_17421.wav,V_M_ROF_G_BTL_17421,42,42,42,43,รูฟัส,battle,male,rufus,assets/triangle-strategy/approved_voice_references/rufus.wav,ข้าบอกให้หลีกทาง!,,,READY_FOR_GENERATION,,triangle-strategy
3226,V_M_ROF_G_BTL_17450.wav,V_M_ROF_G_BTL_17450,43,43,43,44,รูฟัส,battle,male,rufus,assets/triangle-strategy/approved_voice_references/rufus.wav,กลัวอะไรนักหนา?,,,READY_FOR_GENERATION,,triangle-strategy
3227,V_M_ROF_G_BTL_17451.wav,V_M_ROF_G_BTL_17451,44,44,44,45,รูฟัส,battle,male,rufus,assets/triangle-strategy/approved_voice_references/rufus.wav,กรร!,,,READY_FOR_GENERATION,,triangle-strategy
3228,V_M_ROF_G_BTL_17460.wav,V_M_ROF_G_BTL_17460,45,45,45,46,รูฟัส,battle,male,rufus,assets/triangle-strategy/approved_voice_references/rufus.wav,ฮ่า ฮ่า ฮ่า!,,,READY_FOR_GENERATION,,triangle-strategy
3229,V_M_ROF_G_BTL_17461.wav,V_M_ROF_G_BTL_17461,46,46,46,47,รูฟัส,battle,male,rufus,assets/triangle-strategy/approved_voice_references/rufus.wav,จำชื่อข้าไว้,,,READY_FOR_GENERATION,,triangle-strategy
3230,V_M_SEC_G_BTL_00400.wav,V_M_SEC_G_BTL_00400,0,0,0,1,ซิคราส,battle,male,sycras,assets/triangle-strategy/approved_voice_references/sycras.wav,ข้าจะทำหน้าที่ให้สำเร็จ,,,READY_FOR_GENERATION,,triangle-strategy
3231,V_M_SEC_G_BTL_00500.wav,V_M_SEC_G_BTL_00500,1,1,1,2,ซิคราส,battle,male,sycras,assets/triangle-strategy/approved_voice_references/sycras.wav,เดินหน้า,,,READY_FOR_GENERATION,,triangle-strategy
3232,V_M_SEC_G_BTL_00600.wav,V_M_SEC_G_BTL_00600,2,2,2,3,ซิคราส,battle,male,sycras,assets/triangle-strategy/approved_voice_references/sycras.wav,ดูเหมือนต้องเป็นข้า,,,READY_FOR_GENERATION,,triangle-strategy
3233,V_M_SEC_G_BTL_01700.wav,V_M_SEC_G_BTL_01700,3,3,3,4,ซิคราส,battle,male,sycras,assets/triangle-strategy/approved_voice_references/sycras.wav,น่าอายจริง ๆ,,,READY_FOR_GENERATION,,triangle-strategy
3234,V_M_SEC_G_BTL_01800.wav,V_M_SEC_G_BTL_01800,4,4,4,5,ซิคราส,battle,male,sycras,assets/triangle-strategy/approved_voice_references/sycras.wav,เราต้องไม่ยอมแพ้,,,READY_FOR_GENERATION,,triangle-strategy
3235,V_M_SEC_G_BTL_01900.wav,V_M_SEC_G_BTL_01900,5,5,5,6,ซิคราส,battle,male,sycras,assets/triangle-strategy/approved_voice_references/sycras.wav,เจ้าหนีกฎหมายไม่พ้น,,,READY_FOR_GENERATION,,triangle-strategy
3236,V_M_SEC_G_BTL_02700.wav,V_M_SEC_G_BTL_02700,6,6,6,7,ซิคราส,battle,male,sycras,assets/triangle-strategy/approved_voice_references/sycras.wav,สถานการณ์กำลังแย่,,,READY_FOR_GENERATION,,triangle-strategy
3237,V_M_SEC_G_BTL_02800.wav,V_M_SEC_G_BTL_02800,7,7,7,8,ซิคราส,battle,male,sycras,assets/triangle-strategy/approved_voice_references/sycras.wav,ไม่ดี,,,READY_FOR_GENERATION,,triangle-strategy
3238,V_M_SEC_G_BTL_02900.wav,V_M_SEC_G_BTL_02900,8,8,8,9,ซิคราส,battle,male,sycras,assets/triangle-strategy/approved_voice_references/sycras.wav,ย๊าก!,,ATTACK_CRY,READY_FOR_GENERATION,,triangle-strategy
3239,V_M_SEC_G_BTL_03000.wav,V_M_SEC_G_BTL_03000,9,9,9,10,ซิคราส,battle,male,sycras,assets/triangle-strategy/approved_voice_references/sycras.wav,ฮึ่ย!,,ATTACK_CRY,READY_FOR_GENERATION,,triangle-strategy
3240,V_M_SEC_G_BTL_03100.wav,V_M_SEC_G_BTL_03100,10,10,10,11,ซิคราส,battle,male,sycras,assets/triangle-strategy/approved_voice_references/sycras.wav,หยุด!,,,READY_FOR_GENERATION,,triangle-strategy
3241,V_M_SEC_G_BTL_03200.wav,V_M_SEC_G_BTL_03200,11,11,11,12,ซิคราส,battle,male,sycras,assets/triangle-strategy/approved_voice_references/sycras.wav,พอได้แล้ว!,,,READY_FOR_GENERATION,,triangle-strategy
3242,V_M_SEC_G_BTL_03500.wav,V_M_SEC_G_BTL_03500,12,12,12,13,ซิคราส,battle,male,sycras,assets/triangle-strategy/approved_voice_references/sycras.wav,อย่าขัดขืน,,,READY_FOR_GENERATION,,triangle-strategy
3243,V_M_SEC_G_BTL_08800.wav,V_M_SEC_G_BTL_08800,13,13,13,14,ซิคราส,battle,male,sycras,assets/triangle-strategy/approved_voice_references/sycras.wav,ไม่ปรานี,,,READY_FOR_GENERATION,,triangle-strategy
3244,V_M_SEC_G_BTL_08900.wav,V_M_SEC_G_BTL_08900,14,14,14,15,ซิคราส,battle,male,sycras,assets/triangle-strategy/approved_voice_references/sycras.wav,ความผิดพลาดของเจ้าคือจุดจบ,,,READY_FOR_GENERATION,,triangle-strategy
3245,V_M_SEC_G_BTL_09000.wav,V_M_SEC_G_BTL_09000,15,15,15,16,ซิคราส,battle,male,sycras,assets/triangle-strategy/approved_voice_references/sycras.wav,ข้าอยู่กับเจ้า,,,READY_FOR_GENERATION,,triangle-strategy
3246,V_M_SEC_G_BTL_14200.wav,V_M_SEC_G_BTL_14200,16,16,16,17,ซิคราส,battle,male,sycras,assets/triangle-strategy/approved_voice_references/sycras.wav,ได้ผลแล้ว,,,READY_FOR_GENERATION,,triangle-strategy
3247,V_M_SEC_G_BTL_14300.wav,V_M_SEC_G_BTL_14300,17,17,17,18,ซิคราส,battle,male,sycras,assets/triangle-strategy/approved_voice_references/sycras.wav,ยอดเยี่ยม!,,,READY_FOR_GENERATION,,triangle-strategy
3248,V_M_SEC_G_BTL_14400.wav,V_M_SEC_G_BTL_14400,18,18,18,19,ซิคราส,battle,male,sycras,assets/triangle-strategy/approved_voice_references/sycras.wav,แบบนั้นไม่ได้,,,READY_FOR_GENERATION,,triangle-strategy
3249,V_M_SEC_G_BTL_14500.wav,V_M_SEC_G_BTL_14500,19,19,19,20,ซิคราส,battle,male,sycras,assets/triangle-strategy/approved_voice_references/sycras.wav,เละเทะจริง,,,READY_FOR_GENERATION,,triangle-strategy
3250,V_M_SEC_G_BTL_14600.wav,V_M_SEC_G_BTL_14600,20,20,20,21,ซิคราส,battle,male,sycras,assets/triangle-strategy/approved_voice_references/sycras.wav,อึ่ก!,,HURT_CRY,READY_FOR_GENERATION,,triangle-strategy
3251,V_M_SEC_G_BTL_14700.wav,V_M_SEC_G_BTL_14700,21,21,21,22,ซิคราส,battle,male,sycras,assets/triangle-strategy/approved_voice_references/sycras.wav,อึก!,,HURT_CRY,READY_FOR_GENERATION,,triangle-strategy
3252,V_M_SEC_G_BTL_14800.wav,V_M_SEC_G_BTL_14800,22,22,22,23,ซิคราส,battle,male,sycras,assets/triangle-strategy/approved_voice_references/sycras.wav,อืม!,,,READY_FOR_GENERATION,,triangle-strategy
3253,V_M_SEC_G_BTL_15000.wav,V_M_SEC_G_BTL_15000,23,23,23,24,ซิคราส,battle,male,sycras,assets/triangle-strategy/approved_voice_references/sycras.wav,อึก!,,HURT_CRY,READY_FOR_GENERATION,,triangle-strategy
3254,V_M_SEC_G_BTL_15100.wav,V_M_SEC_G_BTL_15100,24,24,24,25,ซิคราส,battle,male,sycras,assets/triangle-strategy/approved_voice_references/sycras.wav,พวกมันเล่นข้าแล้ว,,,READY_FOR_GENERATION,,triangle-strategy
3255,V_M_SEC_G_BTL_15200.wav,V_M_SEC_G_BTL_15200,25,25,25,26,ซิคราส,battle,male,sycras,assets/triangle-strategy/approved_voice_references/sycras.wav,เจ้ากล้าดียังไง!,,,READY_FOR_GENERATION,,triangle-strategy
3256,V_M_SEC_G_BTL_15300.wav,V_M_SEC_G_BTL_15300,26,26,26,27,ซิคราส,battle,male,sycras,assets/triangle-strategy/approved_voice_references/sycras.wav,พอได้แล้ว,,,READY_FOR_GENERATION,,triangle-strategy
3257,V_M_SEC_G_BTL_15310.wav,V_M_SEC_G_BTL_15310,27,27,27,28,ซิคราส,battle,male,sycras,assets/triangle-strategy/approved_voice_references/sycras.wav,เกือบดี!,,,READY_FOR_GENERATION,,triangle-strategy
3258,V_M_SEC_G_BTL_15320.wav,V_M_SEC_G_BTL_15320,28,28,28,29,ซิคราส,battle,male,sycras,assets/triangle-strategy/approved_voice_references/sycras.wav,คิดว่าข้าเป็นคนโง่หรือ?,,,READY_FOR_GENERATION,,triangle-strategy
3259,V_M_SEC_G_BTL_15400.wav,V_M_SEC_G_BTL_15400,29,29,29,30,ซิคราส,battle,male,sycras,assets/triangle-strategy/approved_voice_references/sycras.wav,ฮึบ!,,EVADE_GUARD,READY_FOR_GENERATION,,triangle-strategy
3260,V_M_SEC_G_BTL_15500.wav,V_M_SEC_G_BTL_15500,30,30,30,31,ซิคราส,battle,male,sycras,assets/triangle-strategy/approved_voice_references/sycras.wav,หึ!,,EVADE_GUARD,READY_FOR_GENERATION,,triangle-strategy
3261,V_M_SEC_G_BTL_15600.wav,V_M_SEC_G_BTL_15600,31,31,31,32,ซิคราส,battle,male,sycras,assets/triangle-strategy/approved_voice_references/sycras.wav,ใช่,,,READY_FOR_GENERATION,,triangle-strategy
3262,V_M_SEC_G_BTL_15700.wav,V_M_SEC_G_BTL_15700,32,32,32,33,ซิคราส,battle,male,sycras,assets/triangle-strategy/approved_voice_references/sycras.wav,เล่นได้ดี,,,READY_FOR_GENERATION,,triangle-strategy
3263,V_M_SEC_G_BTL_15800.wav,V_M_SEC_G_BTL_15800,33,33,33,34,ซิคราส,battle,male,sycras,assets/triangle-strategy/approved_voice_references/sycras.wav,ช่วยได้มาก,,,READY_FOR_GENERATION,,triangle-strategy
3264,V_M_SEC_G_BTL_15900.wav,V_M_SEC_G_BTL_15900,34,34,34,35,ซิคราส,battle,male,sycras,assets/triangle-strategy/approved_voice_references/sycras.wav,ช่างเป็นของขวัญ,,,READY_FOR_GENERATION,,triangle-strategy
3265,V_M_SEC_G_BTL_16000.wav,V_M_SEC_G_BTL_16000,35,35,35,36,ซิคราส,battle,male,sycras,assets/triangle-strategy/approved_voice_references/sycras.wav,ได้เวลาปิดงาน,,,READY_FOR_GENERATION,,triangle-strategy
3266,V_M_SEC_G_BTL_16100.wav,V_M_SEC_G_BTL_16100,36,36,36,37,ซิคราส,battle,male,sycras,assets/triangle-strategy/approved_voice_references/sycras.wav,นี่จะช่วยให้ข้าไปต่อ,,,READY_FOR_GENERATION,,triangle-strategy
3267,V_M_SEC_G_BTL_16200.wav,V_M_SEC_G_BTL_16200,37,37,37,38,ซิคราส,battle,male,sycras,assets/triangle-strategy/approved_voice_references/sycras.wav,มันมากเกินไป,,,READY_FOR_GENERATION,,triangle-strategy
3268,V_M_SEC_G_BTL_16300.wav,V_M_SEC_G_BTL_16300,38,38,38,39,ซิคราส,battle,male,sycras,assets/triangle-strategy/approved_voice_references/sycras.wav,ข้าจะล้มให้พวกโจรพวกนี้หรือ?,,,READY_FOR_GENERATION,,triangle-strategy
3269,V_M_SEC_G_BTL_17410.wav,V_M_SEC_G_BTL_17410,39,39,39,40,ซิคราส,battle,male,sycras,assets/triangle-strategy/approved_voice_references/sycras.wav,ฮ้า!,,ATTACK_CRY,READY_FOR_GENERATION,,triangle-strategy
3270,V_M_SEC_G_BTL_17411.wav,V_M_SEC_G_BTL_17411,40,40,40,41,ซิคราส,battle,male,sycras,assets/triangle-strategy/approved_voice_references/sycras.wav,เตรียมรับมือ!,,,READY_FOR_GENERATION,,triangle-strategy
3271,V_M_SEC_G_BTL_17440.wav,V_M_SEC_G_BTL_17440,41,41,41,42,ซิคราส,battle,male,sycras,assets/triangle-strategy/approved_voice_references/sycras.wav,อย่าสะเพร่า!,,,READY_FOR_GENERATION,,triangle-strategy
3272,V_M_SEC_G_BTL_17441.wav,V_M_SEC_G_BTL_17441,42,42,42,43,ซิคราส,battle,male,sycras,assets/triangle-strategy/approved_voice_references/sycras.wav,สู้กับข้าให้เต็มที่!,,,READY_FOR_GENERATION,,triangle-strategy
3273,V_M_SEC_G_BTL_17450.wav,V_M_SEC_G_BTL_17450,43,43,43,44,ซิคราส,battle,male,sycras,assets/triangle-strategy/approved_voice_references/sycras.wav,ไม่มีใครหนีกฎหมายพ้น!,,,READY_FOR_GENERATION,,triangle-strategy
3274,V_M_SEC_G_BTL_17460.wav,V_M_SEC_G_BTL_17460,44,44,44,45,ซิคราส,battle,male,sycras,assets/triangle-strategy/approved_voice_references/sycras.wav,จับพวกมัน!,,,READY_FOR_GENERATION,,triangle-strategy
3275,V_M_SEC_G_BTL_17461.wav,V_M_SEC_G_BTL_17461,45,45,45,46,ซิคราส,battle,male,sycras,assets/triangle-strategy/approved_voice_references/sycras.wav,จับได้คาหนังคาเขา!,,,READY_FOR_GENERATION,,triangle-strategy
3276,V_M_SEL_BTL_00400.wav,V_M_SEL_BTL_00400,0,0,0,1,Serenoa,battle,male,serenoa,assets/triangle-strategy/approved_voice_references/serenoa.wav,เดินหน้า,,,READY_FOR_GENERATION,,triangle-strategy
3277,V_M_SEL_BTL_00500.wav,V_M_SEL_BTL_00500,1,1,1,2,Serenoa,battle,male,serenoa,assets/triangle-strategy/approved_voice_references/serenoa.wav,เราจะโจมตีจากตรงไหนดี?,,,READY_FOR_GENERATION,,triangle-strategy
3278,V_M_SEL_BTL_00600.wav,V_M_SEL_BTL_00600,2,2,2,3,Serenoa,battle,male,serenoa,assets/triangle-strategy/approved_voice_references/serenoa.wav,พ่ายแพ้ไม่ได้,,,READY_FOR_GENERATION,,triangle-strategy
3279,V_M_SEL_BTL_00700.wav,V_M_SEL_BTL_00700,3,3,3,4,Serenoa,battle,male,serenoa,assets/triangle-strategy/approved_voice_references/serenoa.wav,เพื่อเกียรติแห่งตระกูลวูลฟอร์ต,,,READY_FOR_GENERATION,,triangle-strategy
3280,V_M_SEL_BTL_01700.wav,V_M_SEL_BTL_01700,4,4,4,5,Serenoa,battle,male,serenoa,assets/triangle-strategy/approved_voice_references/serenoa.wav,สถานการณ์เลวร้าย,,,READY_FOR_GENERATION,,triangle-strategy
3281,V_M_SEL_BTL_01800.wav,V_M_SEL_BTL_01800,5,5,5,6,Serenoa,battle,male,serenoa,assets/triangle-strategy/approved_voice_references/serenoa.wav,เมื่อหมาป่าถูกต้อนจนมุม...,,,READY_FOR_GENERATION,,triangle-strategy
3282,V_M_SEL_BTL_01900.wav,V_M_SEL_BTL_01900,6,6,6,7,Serenoa,battle,male,serenoa,assets/triangle-strategy/approved_voice_references/serenoa.wav,ระวังให้ดี,,,READY_FOR_GENERATION,,triangle-strategy
3283,V_M_SEL_BTL_02000.wav,V_M_SEL_BTL_02000,7,7,7,8,Serenoa,battle,male,serenoa,assets/triangle-strategy/approved_voice_references/serenoa.wav,ถ้าเป็นพ่อจะทำอย่างไร?,,,READY_FOR_GENERATION,,triangle-strategy
3284,V_M_SEL_BTL_02700.wav,V_M_SEL_BTL_02700,8,8,8,9,Serenoa,battle,male,serenoa,assets/triangle-strategy/approved_voice_references/serenoa.wav,อั่ก...,,STATUS_REACTION,READY_FOR_GENERATION,,triangle-strategy
3285,V_M_SEL_BTL_02800.wav,V_M_SEL_BTL_02800,9,9,9,10,Serenoa,battle,male,serenoa,assets/triangle-strategy/approved_voice_references/serenoa.wav,บ้าเอ๊ย!,,,READY_FOR_GENERATION,,triangle-strategy
3286,V_M_SEL_BTL_02900.wav,V_M_SEL_BTL_02900,10,10,10,11,Serenoa,battle,male,serenoa,assets/triangle-strategy/approved_voice_references/serenoa.wav,นี่!,,,READY_FOR_GENERATION,,triangle-strategy
3287,V_M_SEL_BTL_03000.wav,V_M_SEL_BTL_03000,11,11,11,12,Serenoa,battle,male,serenoa,assets/triangle-strategy/approved_voice_references/serenoa.wav,ฮ่า!,,ATTACK_CRY,READY_FOR_GENERATION,,triangle-strategy
3288,V_M_SEL_BTL_03100.wav,V_M_SEL_BTL_03100,12,12,12,13,Serenoa,battle,male,serenoa,assets/triangle-strategy/approved_voice_references/serenoa.wav,ฮึ่ย!,,ATTACK_CRY,READY_FOR_GENERATION,,triangle-strategy
3289,V_M_SEL_BTL_03200.wav,V_M_SEL_BTL_03200,13,13,13,14,Serenoa,battle,male,serenoa,assets/triangle-strategy/approved_voice_references/serenoa.wav,ฮ้า!,,ATTACK_CRY,READY_FOR_GENERATION,,triangle-strategy
3290,V_M_SEL_BTL_03300.wav,V_M_SEL_BTL_03300,14,14,14,15,Serenoa,battle,male,serenoa,assets/triangle-strategy/approved_voice_references/serenoa.wav,เอ้า!,,ATTACK_CRY,READY_FOR_GENERATION,,triangle-strategy
3291,V_M_SEL_BTL_03400.wav,V_M_SEL_BTL_03400,15,15,15,16,Serenoa,battle,male,serenoa,assets/triangle-strategy/approved_voice_references/serenoa.wav,ตั้งการ์ดไว้,,,READY_FOR_GENERATION,,triangle-strategy
3292,V_M_SEL_BTL_03500.wav,V_M_SEL_BTL_03500,16,16,16,17,Serenoa,battle,male,serenoa,assets/triangle-strategy/approved_voice_references/serenoa.wav,จบกันตรงนี้!,,,READY_FOR_GENERATION,,triangle-strategy
3293,V_M_SEL_BTL_03600.wav,V_M_SEL_BTL_03600,17,17,17,18,Serenoa,battle,male,serenoa,assets/triangle-strategy/approved_voice_references/serenoa.wav,พินาศไปซะ,,,READY_FOR_GENERATION,,triangle-strategy
3294,V_M_SEL_BTL_08800.wav,V_M_SEL_BTL_08800,18,18,18,19,Serenoa,battle,male,serenoa,assets/triangle-strategy/approved_voice_references/serenoa.wav,ช้าไป!,,,READY_FOR_GENERATION,,triangle-strategy
3295,V_M_SEL_BTL_08900.wav,V_M_SEL_BTL_08900,19,19,19,20,Serenoa,battle,male,serenoa,assets/triangle-strategy/approved_voice_references/serenoa.wav,เจ้าเปิดช่องแล้ว,,,READY_FOR_GENERATION,,triangle-strategy
3296,V_M_SEL_BTL_09000.wav,V_M_SEL_BTL_09000,20,20,20,21,Serenoa,battle,male,serenoa,assets/triangle-strategy/approved_voice_references/serenoa.wav,สวัสดี ตัวข้าเอง,,,READY_FOR_GENERATION,,triangle-strategy
3297,V_M_SEL_BTL_14200.wav,V_M_SEL_BTL_14200,21,21,21,22,Serenoa,battle,male,serenoa,assets/triangle-strategy/approved_voice_references/serenoa.wav,ฮ่า ฮ่า!,,,READY_FOR_GENERATION,,triangle-strategy
3298,V_M_SEL_BTL_14300.wav,V_M_SEL_BTL_14300,22,22,22,23,Serenoa,battle,male,serenoa,assets/triangle-strategy/approved_voice_references/serenoa.wav,เข้าเป้า,,,READY_FOR_GENERATION,,triangle-strategy
3299,V_M_SEL_BTL_14400.wav,V_M_SEL_BTL_14400,23,23,23,24,Serenoa,battle,male,serenoa,assets/triangle-strategy/approved_voice_references/serenoa.wav,อะไรนะ?,,,READY_FOR_GENERATION,,triangle-strategy
3300,V_M_SEL_BTL_14500.wav,V_M_SEL_BTL_14500,24,24,24,25,Serenoa,battle,male,serenoa,assets/triangle-strategy/approved_voice_references/serenoa.wav,ไร้ประโยชน์!,,,READY_FOR_GENERATION,,triangle-strategy
3301,V_M_SEL_BTL_14600.wav,V_M_SEL_BTL_14600,25,25,25,26,Serenoa,battle,male,serenoa,assets/triangle-strategy/approved_voice_references/serenoa.wav,อึ่ก!,,HURT_CRY,READY_FOR_GENERATION,,triangle-strategy
3302,V_M_SEL_BTL_14700.wav,V_M_SEL_BTL_14700,26,26,26,27,Serenoa,battle,male,serenoa,assets/triangle-strategy/approved_voice_references/serenoa.wav,โอ๊ย!,,HURT_CRY,READY_FOR_GENERATION,,triangle-strategy
3303,V_M_SEL_BTL_14800.wav,V_M_SEL_BTL_14800,27,27,27,28,Serenoa,battle,male,serenoa,assets/triangle-strategy/approved_voice_references/serenoa.wav,โอ๊ย!,,HURT_CRY,READY_FOR_GENERATION,,triangle-strategy
3304,V_M_SEL_BTL_14900.wav,V_M_SEL_BTL_14900,28,28,28,29,Serenoa,battle,male,serenoa,assets/triangle-strategy/approved_voice_references/serenoa.wav,โอ๊ย!,,HURT_CRY,READY_FOR_GENERATION,,triangle-strategy
3305,V_M_SEL_BTL_15000.wav,V_M_SEL_BTL_15000,29,29,29,30,Serenoa,battle,male,serenoa,assets/triangle-strategy/approved_voice_references/serenoa.wav,เป็นไปไม่ได้!,,,READY_FOR_GENERATION,,triangle-strategy
3306,V_M_SEL_BTL_15100.wav,V_M_SEL_BTL_15100,30,30,30,31,Serenoa,battle,male,serenoa,assets/triangle-strategy/approved_voice_references/serenoa.wav,ข้านี่โง่จริง!,,,READY_FOR_GENERATION,,triangle-strategy
3307,V_M_SEL_BTL_15200.wav,V_M_SEL_BTL_15200,31,31,31,32,Serenoa,battle,male,serenoa,assets/triangle-strategy/approved_voice_references/serenoa.wav,เอาคืนไป!,,,READY_FOR_GENERATION,,triangle-strategy
3308,V_M_SEL_BTL_15300.wav,V_M_SEL_BTL_15300,32,32,32,33,Serenoa,battle,male,serenoa,assets/triangle-strategy/approved_voice_references/serenoa.wav,ประทับใจไหม?,,,READY_FOR_GENERATION,,triangle-strategy
3309,V_M_SEL_BTL_15310.wav,V_M_SEL_BTL_15310,33,33,33,34,Serenoa,battle,male,serenoa,assets/triangle-strategy/approved_voice_references/serenoa.wav,ประมาทจริง ๆ,,,READY_FOR_GENERATION,,triangle-strategy
3310,V_M_SEL_BTL_15320.wav,V_M_SEL_BTL_15320,34,34,34,35,Serenoa,battle,male,serenoa,assets/triangle-strategy/approved_voice_references/serenoa.wav,เป็นอย่างที่คิด,,,READY_FOR_GENERATION,,triangle-strategy
3311,V_M_SEL_BTL_15400.wav,V_M_SEL_BTL_15400,35,35,35,36,Serenoa,battle,male,serenoa,assets/triangle-strategy/approved_voice_references/serenoa.wav,เกือบแล้ว แต่ยังไม่ใช่,,,READY_FOR_GENERATION,,triangle-strategy
3312,V_M_SEL_BTL_15500.wav,V_M_SEL_BTL_15500,36,36,36,37,Serenoa,battle,male,serenoa,assets/triangle-strategy/approved_voice_references/serenoa.wav,ไว้คราวหน้า,,,READY_FOR_GENERATION,,triangle-strategy
3313,V_M_SEL_BTL_15600.wav,V_M_SEL_BTL_15600,37,37,37,38,Serenoa,battle,male,serenoa,assets/triangle-strategy/approved_voice_references/serenoa.wav,ขอบคุณ,,,READY_FOR_GENERATION,,triangle-strategy
3314,V_M_SEL_BTL_15700.wav,V_M_SEL_BTL_15700,38,38,38,39,Serenoa,battle,male,serenoa,assets/triangle-strategy/approved_voice_references/serenoa.wav,นี่จะช่วยได้,,,READY_FOR_GENERATION,,triangle-strategy
3315,V_M_SEL_BTL_15800.wav,V_M_SEL_BTL_15800,39,39,39,40,Serenoa,battle,male,serenoa,assets/triangle-strategy/approved_voice_references/serenoa.wav,กระแสกำลังเปลี่ยน,,,READY_FOR_GENERATION,,triangle-strategy
3316,V_M_SEL_BTL_15900.wav,V_M_SEL_BTL_15900,40,40,40,41,Serenoa,battle,male,serenoa,assets/triangle-strategy/approved_voice_references/serenoa.wav,ยอดเยี่ยม,,,READY_FOR_GENERATION,,triangle-strategy
3317,V_M_SEL_BTL_16000.wav,V_M_SEL_BTL_16000,41,41,41,42,Serenoa,battle,male,serenoa,assets/triangle-strategy/approved_voice_references/serenoa.wav,ชัยชนะของเราแน่นอนแล้ว,,,READY_FOR_GENERATION,,triangle-strategy
3318,V_M_SEL_BTL_16100.wav,V_M_SEL_BTL_16100,42,42,42,43,Serenoa,battle,male,serenoa,assets/triangle-strategy/approved_voice_references/serenoa.wav,ขอบคุณมาก,,,READY_FOR_GENERATION,,triangle-strategy
3319,V_M_SEL_BTL_16200.wav,V_M_SEL_BTL_16200,43,43,43,44,Serenoa,battle,male,serenoa,assets/triangle-strategy/approved_voice_references/serenoa.wav,ยังไม่ดีพอ,,,READY_FOR_GENERATION,,triangle-strategy
3320,V_M_SEL_BTL_16300.wav,V_M_SEL_BTL_16300,44,44,44,45,Serenoa,battle,male,serenoa,assets/triangle-strategy/approved_voice_references/serenoa.wav,ไม่ ตรงนี้ไม่ได้,,,READY_FOR_GENERATION,,triangle-strategy
3321,V_M_SEL_BTL_16400.wav,V_M_SEL_BTL_16400,45,45,45,46,Serenoa,battle,male,serenoa,assets/triangle-strategy/approved_voice_references/serenoa.wav,ยังเร็วไป!,,,READY_FOR_GENERATION,,triangle-strategy
3322,V_M_SEL_BTL_16500.wav,V_M_SEL_BTL_16500,46,46,46,47,Serenoa,battle,male,serenoa,assets/triangle-strategy/approved_voice_references/serenoa.wav,ใช้นี่!,,,READY_FOR_GENERATION,,triangle-strategy
3323,V_M_SEL_BTL_16600.wav,V_M_SEL_BTL_16600,47,47,47,48,Serenoa,battle,male,serenoa,assets/triangle-strategy/approved_voice_references/serenoa.wav,ข้าต้องการสิ่งนี้,,,READY_FOR_GENERATION,,triangle-strategy
3324,V_M_SEL_BTL_17410.wav,V_M_SEL_BTL_17410,48,48,48,49,Serenoa,battle,male,serenoa,assets/triangle-strategy/approved_voice_references/serenoa.wav,ตอนนี้ข้าจะจบเรื่องนี้,,,READY_FOR_GENERATION,,triangle-strategy
3325,V_M_SEL_BTL_17411.wav,V_M_SEL_BTL_17411,49,49,49,50,Serenoa,battle,male,serenoa,assets/triangle-strategy/approved_voice_references/serenoa.wav,ข้าจะรีบจัดการ!,,,READY_FOR_GENERATION,,triangle-strategy
3326,V_M_SEL_BTL_17412.wav,V_M_SEL_BTL_17412,50,50,50,51,Serenoa,battle,male,serenoa,assets/triangle-strategy/approved_voice_references/serenoa.wav,อ๊ากก!,,,READY_FOR_GENERATION,,triangle-strategy
3327,V_M_SEL_BTL_17413.wav,V_M_SEL_BTL_17413,51,51,51,52,Serenoa,battle,male,serenoa,assets/triangle-strategy/approved_voice_references/serenoa.wav,เชื่อใจข้า,,,READY_FOR_GENERATION,,triangle-strategy
3328,V_M_SEL_BTL_17414.wav,V_M_SEL_BTL_17414,52,52,52,53,Serenoa,battle,male,serenoa,assets/triangle-strategy/approved_voice_references/serenoa.wav,ข้าจะไม่ถอยแม้แต่นิ้วเดียว!,,,READY_FOR_GENERATION,,triangle-strategy
3329,V_M_SEL_BTL_17415.wav,V_M_SEL_BTL_17415,53,53,53,54,Serenoa,battle,male,serenoa,assets/triangle-strategy/approved_voice_references/serenoa.wav,เราสู้ไปด้วยกัน!,,,READY_FOR_GENERATION,,triangle-strategy
3330,V_M_SEL_BTL_17420.wav,V_M_SEL_BTL_17420,54,54,54,55,Serenoa,battle,male,serenoa,assets/triangle-strategy/approved_voice_references/serenoa.wav,รอตาของเจ้า!,,,READY_FOR_GENERATION,,triangle-strategy
3331,V_M_SEL_BTL_17421.wav,V_M_SEL_BTL_17421,55,55,55,56,Serenoa,battle,male,serenoa,assets/triangle-strategy/approved_voice_references/serenoa.wav,ความตายจากเบื้องบน!,,,READY_FOR_GENERATION,,triangle-strategy
3332,V_M_SEL_BTL_17422.wav,V_M_SEL_BTL_17422,56,56,56,57,Serenoa,battle,male,serenoa,assets/triangle-strategy/approved_voice_references/serenoa.wav,คิดว่าจัดการข้าได้แล้วหรือ?,,,READY_FOR_GENERATION,,triangle-strategy
3333,V_M_SEL_BTL_17470.wav,V_M_SEL_BTL_17470,57,57,57,58,Serenoa,battle,male,serenoa,assets/triangle-strategy/approved_voice_references/serenoa.wav,ข้าคือโล่ของเจ้า,,,READY_FOR_GENERATION,,triangle-strategy
3334,V_M_SEL_BTL_17480.wav,V_M_SEL_BTL_17480,58,58,58,59,Serenoa,battle,male,serenoa,assets/triangle-strategy/approved_voice_references/serenoa.wav,รวมพลใต้ธงวูลฟอร์ต!,,,READY_FOR_GENERATION,,triangle-strategy
3335,V_M_SEL_BTL_17500.wav,V_M_SEL_BTL_17500,59,59,59,60,Serenoa,battle,male,serenoa,assets/triangle-strategy/approved_voice_references/serenoa.wav,ฝีมือของข้าคมขึ้น,,,READY_FOR_GENERATION,,triangle-strategy
3336,V_M_SEL_BTL_17600.wav,V_M_SEL_BTL_17600,60,60,60,61,Serenoa,battle,male,serenoa,assets/triangle-strategy/approved_voice_references/serenoa.wav,ข้าได้รับพลังใหม่,,,READY_FOR_GENERATION,,triangle-strategy
3337,V_M_SEL_BTL_17700.wav,V_M_SEL_BTL_17700,61,61,61,62,Serenoa,battle,male,serenoa,assets/triangle-strategy/approved_voice_references/serenoa.wav,เพื่อเป็นผู้นำ ข้าต้องเติบโต,,,READY_FOR_GENERATION,,triangle-strategy
3338,V_M_SEL_BTL_17800.wav,V_M_SEL_BTL_17800,62,62,62,63,Serenoa,battle,male,serenoa,assets/triangle-strategy/approved_voice_references/serenoa.wav,เพื่อญาติพี่น้องของข้า,,,READY_FOR_GENERATION,,triangle-strategy
3339,V_M_SEL_BTL_17900.wav,V_M_SEL_BTL_17900,63,63,63,64,Serenoa,battle,male,serenoa,assets/triangle-strategy/approved_voice_references/serenoa.wav,ดีมาก,,,READY_FOR_GENERATION,,triangle-strategy
3340,V_M_SEL_BTL_18000.wav,V_M_SEL_BTL_18000,64,64,64,65,Serenoa,battle,male,serenoa,assets/triangle-strategy/approved_voice_references/serenoa.wav,เพื่อเกียรติแห่งตระกูลวูลฟอร์ต,,,READY_FOR_GENERATION,,triangle-strategy
3341,V_M_SEL_BTL_18200.wav,V_M_SEL_BTL_18200,65,65,65,66,Serenoa,battle,male,serenoa,assets/triangle-strategy/approved_voice_references/serenoa.wav,ข้าคงมาไม่ถึงตรงนี้หากไม่มีสหาย,,,READY_FOR_GENERATION,,triangle-strategy
3342,V_M_SEL_BTL_18300.wav,V_M_SEL_BTL_18300,66,66,66,67,Serenoa,battle,male,serenoa,assets/triangle-strategy/approved_voice_references/serenoa.wav,คมดาบของข้าจะพิสูจน์ความเชื่อของข้า,,,READY_FOR_GENERATION,,triangle-strategy
3343,V_M_SLS_E_BTL_00400.wav,V_M_SLS_E_BTL_00400,0,0,0,1,Sorsley,battle,male,sorsley,assets/triangle-strategy/approved_voice_references/sorsley.wav,ข้าจะทำลายเจ้าแบบไหนดี?,,,READY_FOR_GENERATION,,triangle-strategy
3344,V_M_SLS_E_BTL_00500.wav,V_M_SLS_E_BTL_00500,1,1,1,2,Sorsley,battle,male,sorsley,assets/triangle-strategy/approved_voice_references/sorsley.wav,คงต้องสู้สินะ,,,READY_FOR_GENERATION,,triangle-strategy
3345,V_M_SLS_E_BTL_00600.wav,V_M_SLS_E_BTL_00600,2,2,2,3,Sorsley,battle,male,sorsley,assets/triangle-strategy/approved_voice_references/sorsley.wav,เอาล่ะ!,,,READY_FOR_GENERATION,,triangle-strategy
3346,V_M_SLS_E_BTL_01700.wav,V_M_SLS_E_BTL_01700,3,3,3,4,Sorsley,battle,male,sorsley,assets/triangle-strategy/approved_voice_references/sorsley.wav,อ้ะ!,,HURT_CRY,READY_FOR_GENERATION,,triangle-strategy
3347,V_M_SLS_E_BTL_01800.wav,V_M_SLS_E_BTL_01800,4,4,4,5,Sorsley,battle,male,sorsley,assets/triangle-strategy/approved_voice_references/sorsley.wav,เป็นไปได้อย่างไร?,,,READY_FOR_GENERATION,,triangle-strategy
3348,V_M_SLS_E_BTL_01900.wav,V_M_SLS_E_BTL_01900,5,5,5,6,Sorsley,battle,male,sorsley,assets/triangle-strategy/approved_voice_references/sorsley.wav,ไม่น่ายินดีเลย,,,READY_FOR_GENERATION,,triangle-strategy
3349,V_M_SLS_E_BTL_02700.wav,V_M_SLS_E_BTL_02700,6,6,6,7,Sorsley,battle,male,sorsley,assets/triangle-strategy/approved_voice_references/sorsley.wav,อั่ก!,,,READY_FOR_GENERATION,,triangle-strategy
3350,V_M_SLS_E_BTL_02800.wav,V_M_SLS_E_BTL_02800,7,7,7,8,Sorsley,battle,male,sorsley,assets/triangle-strategy/approved_voice_references/sorsley.wav,โอ๊ย!,,,READY_FOR_GENERATION,,triangle-strategy
3351,V_M_SLS_E_BTL_02900.wav,V_M_SLS_E_BTL_02900,8,8,8,9,Sorsley,battle,male,sorsley,assets/triangle-strategy/approved_voice_references/sorsley.wav,ฮึ่ย!,,ATTACK_CRY,READY_FOR_GENERATION,,triangle-strategy
3352,V_M_SLS_E_BTL_03000.wav,V_M_SLS_E_BTL_03000,9,9,9,10,Sorsley,battle,male,sorsley,assets/triangle-strategy/approved_voice_references/sorsley.wav,ฮ่า!,,ATTACK_CRY,READY_FOR_GENERATION,,triangle-strategy
3353,V_M_SLS_E_BTL_03100.wav,V_M_SLS_E_BTL_03100,10,10,10,11,Sorsley,battle,male,sorsley,assets/triangle-strategy/approved_voice_references/sorsley.wav,ฮ่า ฮ่า ฮ่า!,,,READY_FOR_GENERATION,,triangle-strategy
3354,V_M_SLS_E_BTL_03200.wav,V_M_SLS_E_BTL_03200,11,11,11,12,Sorsley,battle,male,sorsley,assets/triangle-strategy/approved_voice_references/sorsley.wav,อึ่ก!,,,READY_FOR_GENERATION,,triangle-strategy
3355,V_M_SLS_E_BTL_03500.wav,V_M_SLS_E_BTL_03500,12,12,12,13,Sorsley,battle,male,sorsley,assets/triangle-strategy/approved_voice_references/sorsley.wav,ได้เวลาตาย,,,READY_FOR_GENERATION,,triangle-strategy
3356,V_M_SLS_E_BTL_08800.wav,V_M_SLS_E_BTL_08800,13,13,13,14,Sorsley,battle,male,sorsley,assets/triangle-strategy/approved_voice_references/sorsley.wav,ตัวนี้ข้าจัดการเอง!,,,READY_FOR_GENERATION,,triangle-strategy
3357,V_M_SLS_E_BTL_08900.wav,V_M_SLS_E_BTL_08900,14,14,14,15,Sorsley,battle,male,sorsley,assets/triangle-strategy/approved_voice_references/sorsley.wav,ข้าจะฟันเจ้าให้ล้ม!,,,READY_FOR_GENERATION,,triangle-strategy
3358,V_M_SLS_E_BTL_09000.wav,V_M_SLS_E_BTL_09000,15,15,15,16,Sorsley,battle,male,sorsley,assets/triangle-strategy/approved_voice_references/sorsley.wav,เอาล่ะ ลงมือ!,,,READY_FOR_GENERATION,,triangle-strategy
3359,V_M_SLS_E_BTL_14200.wav,V_M_SLS_E_BTL_14200,16,16,16,17,Sorsley,battle,male,sorsley,assets/triangle-strategy/approved_voice_references/sorsley.wav,ใช่! ใช่!,,,READY_FOR_GENERATION,,triangle-strategy
3360,V_M_SLS_E_BTL_14300.wav,V_M_SLS_E_BTL_14300,17,17,17,18,Sorsley,battle,male,sorsley,assets/triangle-strategy/approved_voice_references/sorsley.wav,เจ็บไหม? หืม?,,,READY_FOR_GENERATION,,triangle-strategy
3361,V_M_SLS_E_BTL_14400.wav,V_M_SLS_E_BTL_14400,18,18,18,19,Sorsley,battle,male,sorsley,assets/triangle-strategy/approved_voice_references/sorsley.wav,โห!,,STATUS_REACTION,READY_FOR_GENERATION,,triangle-strategy
3362,V_M_SLS_E_BTL_14500.wav,V_M_SLS_E_BTL_14500,19,19,19,20,Sorsley,battle,male,sorsley,assets/triangle-strategy/approved_voice_references/sorsley.wav,น่าเบื่อเสียจริง,,,READY_FOR_GENERATION,,triangle-strategy
3363,V_M_SLS_E_BTL_14600.wav,V_M_SLS_E_BTL_14600,20,20,20,21,Sorsley,battle,male,sorsley,assets/triangle-strategy/approved_voice_references/sorsley.wav,อึก!,,HURT_CRY,READY_FOR_GENERATION,,triangle-strategy
3364,V_M_SLS_E_BTL_14700.wav,V_M_SLS_E_BTL_14700,21,21,21,22,Sorsley,battle,male,sorsley,assets/triangle-strategy/approved_voice_references/sorsley.wav,อึก!,,HURT_CRY,READY_FOR_GENERATION,,triangle-strategy
3365,V_M_SLS_E_BTL_14800.wav,V_M_SLS_E_BTL_14800,22,22,22,23,Sorsley,battle,male,sorsley,assets/triangle-strategy/approved_voice_references/sorsley.wav,อุ้ก!,,,READY_FOR_GENERATION,,triangle-strategy
3366,V_M_SLS_E_BTL_15000.wav,V_M_SLS_E_BTL_15000,23,23,23,24,Sorsley,battle,male,sorsley,assets/triangle-strategy/approved_voice_references/sorsley.wav,โอ๊ย!,,HURT_CRY,READY_FOR_GENERATION,,triangle-strategy
3367,V_M_SLS_E_BTL_15100.wav,V_M_SLS_E_BTL_15100,24,24,24,25,Sorsley,battle,male,sorsley,assets/triangle-strategy/approved_voice_references/sorsley.wav,อั่ก!,,HURT_CRY,READY_FOR_GENERATION,,triangle-strategy
3368,V_M_SLS_E_BTL_15400.wav,V_M_SLS_E_BTL_15400,25,25,25,26,Sorsley,battle,male,sorsley,assets/triangle-strategy/approved_voice_references/sorsley.wav,หึ!,,EVADE_GUARD,READY_FOR_GENERATION,,triangle-strategy
3369,V_M_SLS_E_BTL_15500.wav,V_M_SLS_E_BTL_15500,26,26,26,27,Sorsley,battle,male,sorsley,assets/triangle-strategy/approved_voice_references/sorsley.wav,ฮึบ!,,EVADE_GUARD,READY_FOR_GENERATION,,triangle-strategy
3370,V_M_SLS_E_BTL_15600.wav,V_M_SLS_E_BTL_15600,27,27,27,28,Sorsley,battle,male,sorsley,assets/triangle-strategy/approved_voice_references/sorsley.wav,ครั้งนี้ทำได้ดีนะ,,,READY_FOR_GENERATION,,triangle-strategy
3371,V_M_SLS_E_BTL_15700.wav,V_M_SLS_E_BTL_15700,28,28,28,29,Sorsley,battle,male,sorsley,assets/triangle-strategy/approved_voice_references/sorsley.wav,เท่านี้ก็พอ,,,READY_FOR_GENERATION,,triangle-strategy
3372,V_M_SLS_E_BTL_15900.wav,V_M_SLS_E_BTL_15900,29,29,29,30,Sorsley,battle,male,sorsley,assets/triangle-strategy/approved_voice_references/sorsley.wav,ใช่!,,,READY_FOR_GENERATION,,triangle-strategy
3373,V_M_SLS_E_BTL_16000.wav,V_M_SLS_E_BTL_16000,30,30,30,31,Sorsley,battle,male,sorsley,assets/triangle-strategy/approved_voice_references/sorsley.wav,ชัยชนะเป็นของเรา!,,,READY_FOR_GENERATION,,triangle-strategy
3374,V_M_SLS_E_BTL_16200.wav,V_M_SLS_E_BTL_16200,31,31,31,32,Sorsley,battle,male,sorsley,assets/triangle-strategy/approved_voice_references/sorsley.wav,ป-เป็นไปไม่ได้!,,,READY_FOR_GENERATION,,triangle-strategy
3375,V_M_SLS_E_BTL_17410.wav,V_M_SLS_E_BTL_17410,32,32,32,33,Sorsley,battle,male,sorsley,assets/triangle-strategy/approved_voice_references/sorsley.wav,เอื้อ!,,ATTACK_CRY,READY_FOR_GENERATION,,triangle-strategy
3376,V_M_SLS_E_BTL_17411.wav,V_M_SLS_E_BTL_17411,33,33,33,34,Sorsley,battle,male,sorsley,assets/triangle-strategy/approved_voice_references/sorsley.wav,เจ้าหนีไม่ได้!,,,READY_FOR_GENERATION,,triangle-strategy
3377,V_M_SLS_E_BTL_17450.wav,V_M_SLS_E_BTL_17450,34,34,34,35,Sorsley,battle,male,sorsley,assets/triangle-strategy/approved_voice_references/sorsley.wav,คุกเข่าซะ!,,,READY_FOR_GENERATION,,triangle-strategy
3378,V_M_SLS_E_BTL_17460.wav,V_M_SLS_E_BTL_17460,35,35,35,36,Sorsley,battle,male,sorsley,assets/triangle-strategy/approved_voice_references/sorsley.wav,หลับไปซะ,,,READY_FOR_GENERATION,,triangle-strategy
3379,V_M_SLS_E_BTL_17461.wav,V_M_SLS_E_BTL_17461,36,36,36,37,Sorsley,battle,male,sorsley,assets/triangle-strategy/approved_voice_references/sorsley.wav,พวกหนอนกระจอก!,,,READY_FOR_GENERATION,,triangle-strategy
3380,V_M_SLS_E_BTL_17462.wav,V_M_SLS_E_BTL_17462,37,37,37,38,Sorsley,battle,male,sorsley,assets/triangle-strategy/approved_voice_references/sorsley.wav,ว่ะฮ่ะฮ่ะฮ่า!,,STATUS_REACTION,READY_FOR_GENERATION,,triangle-strategy
3381,V_M_SLV_E_BTL_00400.wav,V_M_SLV_E_BTL_00400,0,0,0,1,ซิลวิโอ้,battle,male,silvio,assets/triangle-strategy/approved_voice_references/silvio.wav,เตรียมตาย!,,,READY_FOR_GENERATION,,triangle-strategy
3382,V_M_SLV_E_BTL_00500.wav,V_M_SLV_E_BTL_00500,1,1,1,2,ซิลวิโอ้,battle,male,silvio,assets/triangle-strategy/approved_voice_references/silvio.wav,ข้าจะไม่ล้มเหลว,,,READY_FOR_GENERATION,,triangle-strategy
3383,V_M_SLV_E_BTL_00600.wav,V_M_SLV_E_BTL_00600,2,2,2,3,ซิลวิโอ้,battle,male,silvio,assets/triangle-strategy/approved_voice_references/silvio.wav,ชัยชนะเป็นของข้า!,,,READY_FOR_GENERATION,,triangle-strategy
3384,V_M_SLV_E_BTL_01700.wav,V_M_SLV_E_BTL_01700,3,3,3,4,ซิลวิโอ้,battle,male,silvio,assets/triangle-strategy/approved_voice_references/silvio.wav,อ่ะ!,,HURT_CRY,READY_FOR_GENERATION,,triangle-strategy
3385,V_M_SLV_E_BTL_01800.wav,V_M_SLV_E_BTL_01800,4,4,4,5,ซิลวิโอ้,battle,male,silvio,assets/triangle-strategy/approved_voice_references/silvio.wav,ปล่อยไว้แบบนี้ไม่ได้,,,READY_FOR_GENERATION,,triangle-strategy
3386,V_M_SLV_E_BTL_01900.wav,V_M_SLV_E_BTL_01900,5,5,5,6,ซิลวิโอ้,battle,male,silvio,assets/triangle-strategy/approved_voice_references/silvio.wav,นี่แหละเหตุผลที่ข้าเกลียดการต่อสู้!,,,READY_FOR_GENERATION,,triangle-strategy
3387,V_M_SLV_E_BTL_02700.wav,V_M_SLV_E_BTL_02700,6,6,6,7,ซิลวิโอ้,battle,male,silvio,assets/triangle-strategy/approved_voice_references/silvio.wav,โอ้ โอ้ โอ้,,,READY_FOR_GENERATION,,triangle-strategy
3388,V_M_SLV_E_BTL_02800.wav,V_M_SLV_E_BTL_02800,7,7,7,8,ซิลวิโอ้,battle,male,silvio,assets/triangle-strategy/approved_voice_references/silvio.wav,ใครก็ได้ช่วยที!,,,READY_FOR_GENERATION,,triangle-strategy
3389,V_M_SLV_E_BTL_02900.wav,V_M_SLV_E_BTL_02900,8,8,8,9,ซิลวิโอ้,battle,male,silvio,assets/triangle-strategy/approved_voice_references/silvio.wav,ฮึ่ย!,,ATTACK_CRY,READY_FOR_GENERATION,,triangle-strategy
3390,V_M_SLV_E_BTL_03000.wav,V_M_SLV_E_BTL_03000,9,9,9,10,ซิลวิโอ้,battle,male,silvio,assets/triangle-strategy/approved_voice_references/silvio.wav,ฮ่า!,,ATTACK_CRY,READY_FOR_GENERATION,,triangle-strategy
3391,V_M_SLV_E_BTL_03100.wav,V_M_SLV_E_BTL_03100,10,10,10,11,ซิลวิโอ้,battle,male,silvio,assets/triangle-strategy/approved_voice_references/silvio.wav,ฮึ่ย!,,ATTACK_CRY,READY_FOR_GENERATION,,triangle-strategy
3392,V_M_SLV_E_BTL_03200.wav,V_M_SLV_E_BTL_03200,11,11,11,12,ซิลวิโอ้,battle,male,silvio,assets/triangle-strategy/approved_voice_references/silvio.wav,ย๊าก!,,ATTACK_CRY,READY_FOR_GENERATION,,triangle-strategy
3393,V_M_SLV_E_BTL_03500.wav,V_M_SLV_E_BTL_03500,12,12,12,13,ซิลวิโอ้,battle,male,silvio,assets/triangle-strategy/approved_voice_references/silvio.wav,เจ้าจบแล้ว!,,,READY_FOR_GENERATION,,triangle-strategy
3394,V_M_SLV_E_BTL_08800.wav,V_M_SLV_E_BTL_08800,13,13,13,14,ซิลวิโอ้,battle,male,silvio,assets/triangle-strategy/approved_voice_references/silvio.wav,ช่างโชคดี!,,,READY_FOR_GENERATION,,triangle-strategy
3395,V_M_SLV_E_BTL_08900.wav,V_M_SLV_E_BTL_08900,14,14,14,15,ซิลวิโอ้,battle,male,silvio,assets/triangle-strategy/approved_voice_references/silvio.wav,ช่างเป็นของขวัญ!,,,READY_FOR_GENERATION,,triangle-strategy
3396,V_M_SLV_E_BTL_09000.wav,V_M_SLV_E_BTL_09000,15,15,15,16,ซิลวิโอ้,battle,male,silvio,assets/triangle-strategy/approved_voice_references/silvio.wav,แบบนี้เป็นไง?,,,READY_FOR_GENERATION,,triangle-strategy
3397,V_M_SLV_E_BTL_14200.wav,V_M_SLV_E_BTL_14200,16,16,16,17,ซิลวิโอ้,battle,male,silvio,assets/triangle-strategy/approved_voice_references/silvio.wav,ฮ่า! ได้ผล!,,,READY_FOR_GENERATION,,triangle-strategy
3398,V_M_SLV_E_BTL_14300.wav,V_M_SLV_E_BTL_14300,17,17,17,18,ซิลวิโอ้,battle,male,silvio,assets/triangle-strategy/approved_voice_references/silvio.wav,ง่ายจริง,,,READY_FOR_GENERATION,,triangle-strategy
3399,V_M_SLV_E_BTL_14400.wav,V_M_SLV_E_BTL_14400,18,18,18,19,ซิลวิโอ้,battle,male,silvio,assets/triangle-strategy/approved_voice_references/silvio.wav,หือ!,,STATUS_REACTION,READY_FOR_GENERATION,,triangle-strategy
3400,V_M_SLV_E_BTL_14500.wav,V_M_SLV_E_BTL_14500,19,19,19,20,ซิลวิโอ้,battle,male,silvio,assets/triangle-strategy/approved_voice_references/silvio.wav,ไม่สนุกเลย,,,READY_FOR_GENERATION,,triangle-strategy
3401,V_M_SLV_E_BTL_14600.wav,V_M_SLV_E_BTL_14600,20,20,20,21,ซิลวิโอ้,battle,male,silvio,assets/triangle-strategy/approved_voice_references/silvio.wav,อึก!,,HURT_CRY,READY_FOR_GENERATION,,triangle-strategy
3402,V_M_SLV_E_BTL_14700.wav,V_M_SLV_E_BTL_14700,21,21,21,22,ซิลวิโอ้,battle,male,silvio,assets/triangle-strategy/approved_voice_references/silvio.wav,โว้ว!,,,READY_FOR_GENERATION,,triangle-strategy
3403,V_M_SLV_E_BTL_14800.wav,V_M_SLV_E_BTL_14800,22,22,22,23,ซิลวิโอ้,battle,male,silvio,assets/triangle-strategy/approved_voice_references/silvio.wav,อ๊าก!,,HURT_CRY,READY_FOR_GENERATION,,triangle-strategy
3404,V_M_SLV_E_BTL_15000.wav,V_M_SLV_E_BTL_15000,23,23,23,24,ซิลวิโอ้,battle,male,silvio,assets/triangle-strategy/approved_voice_references/silvio.wav,โอ๊ย!,,HURT_CRY,READY_FOR_GENERATION,,triangle-strategy
3405,V_M_SLV_E_BTL_15100.wav,V_M_SLV_E_BTL_15100,24,24,24,25,ซิลวิโอ้,battle,male,silvio,assets/triangle-strategy/approved_voice_references/silvio.wav,ไม่!,,,READY_FOR_GENERATION,,triangle-strategy
3406,V_M_SLV_E_BTL_15400.wav,V_M_SLV_E_BTL_15400,25,25,25,26,ซิลวิโอ้,battle,male,silvio,assets/triangle-strategy/approved_voice_references/silvio.wav,ว้าว!,,,READY_FOR_GENERATION,,triangle-strategy
3407,V_M_SLV_E_BTL_15500.wav,V_M_SLV_E_BTL_15500,26,26,26,27,ซิลวิโอ้,battle,male,silvio,assets/triangle-strategy/approved_voice_references/silvio.wav,พระเจ้า!,,,READY_FOR_GENERATION,,triangle-strategy
3408,V_M_SLV_E_BTL_15600.wav,V_M_SLV_E_BTL_15600,27,27,27,28,ซิลวิโอ้,battle,male,silvio,assets/triangle-strategy/approved_voice_references/silvio.wav,ทำไมช้านัก?,,,READY_FOR_GENERATION,,triangle-strategy
3409,V_M_SLV_E_BTL_15700.wav,V_M_SLV_E_BTL_15700,28,28,28,29,ซิลวิโอ้,battle,male,silvio,assets/triangle-strategy/approved_voice_references/silvio.wav,ช้าเสียจริง,,,READY_FOR_GENERATION,,triangle-strategy
3410,V_M_SLV_E_BTL_15900.wav,V_M_SLV_E_BTL_15900,29,29,29,30,ซิลวิโอ้,battle,male,silvio,assets/triangle-strategy/approved_voice_references/silvio.wav,ใช่ แบบนั้นแหละ,,,READY_FOR_GENERATION,,triangle-strategy
3411,V_M_SLV_E_BTL_16000.wav,V_M_SLV_E_BTL_16000,30,30,30,31,ซิลวิโอ้,battle,male,silvio,assets/triangle-strategy/approved_voice_references/silvio.wav,เราต้องสู้ต่อไป!,,,READY_FOR_GENERATION,,triangle-strategy
3412,V_M_SLV_E_BTL_16200.wav,V_M_SLV_E_BTL_16200,31,31,31,32,ซิลวิโอ้,battle,male,silvio,assets/triangle-strategy/approved_voice_references/silvio.wav,เป็นไปได้อย่างไร?,,,READY_FOR_GENERATION,,triangle-strategy
3413,V_M_SLV_E_BTL_17410.wav,V_M_SLV_E_BTL_17410,32,32,32,33,ซิลวิโอ้,battle,male,silvio,assets/triangle-strategy/approved_voice_references/silvio.wav,ย้าก!,,ATTACK_CRY,READY_FOR_GENERATION,,triangle-strategy
3414,V_M_SLV_E_BTL_17411.wav,V_M_SLV_E_BTL_17411,33,33,33,34,ซิลวิโอ้,battle,male,silvio,assets/triangle-strategy/approved_voice_references/silvio.wav,ขอให้มรดกของเจ้าสลายไป!,,,READY_FOR_GENERATION,,triangle-strategy
3415,V_M_SLV_E_BTL_17440.wav,V_M_SLV_E_BTL_17440,34,34,34,35,ซิลวิโอ้,battle,male,silvio,assets/triangle-strategy/approved_voice_references/silvio.wav,เดินหน้า เดินหน้าต่อไป,,,READY_FOR_GENERATION,,triangle-strategy
3416,V_M_SLV_E_BTL_17441.wav,V_M_SLV_E_BTL_17441,35,35,35,36,ซิลวิโอ้,battle,male,silvio,assets/triangle-strategy/approved_voice_references/silvio.wav,สู้ให้หนักกว่านี้ พวกขี้เกียจ!,,,READY_FOR_GENERATION,,triangle-strategy
3417,V_M_SLV_E_BTL_17450.wav,V_M_SLV_E_BTL_17450,36,36,36,37,ซิลวิโอ้,battle,male,silvio,assets/triangle-strategy/approved_voice_references/silvio.wav,แบบนี้น่าจะได้,,,READY_FOR_GENERATION,,triangle-strategy
3418,V_M_SLV_E_BTL_17451.wav,V_M_SLV_E_BTL_17451,37,37,37,38,ซิลวิโอ้,battle,male,silvio,assets/triangle-strategy/approved_voice_references/silvio.wav,วันนี้ไม่ใช่วันที่ข้าจะตาย,,,READY_FOR_GENERATION,,triangle-strategy
3419,V_M_SLV_E_BTL_17460.wav,V_M_SLV_E_BTL_17460,38,38,38,39,ซิลวิโอ้,battle,male,silvio,assets/triangle-strategy/approved_voice_references/silvio.wav,ตายซะ!,,,READY_FOR_GENERATION,,triangle-strategy
3420,V_M_SLV_E_BTL_17461.wav,V_M_SLV_E_BTL_17461,39,39,39,40,ซิลวิโอ้,battle,male,silvio,assets/triangle-strategy/approved_voice_references/silvio.wav,ข้าจะไม่เสียเวลากับเจ้า!,,,READY_FOR_GENERATION,,triangle-strategy
3421,V_M_SLV_E_BTL_17462.wav,V_M_SLV_E_BTL_17462,40,40,40,41,ซิลวิโอ้,battle,male,silvio,assets/triangle-strategy/approved_voice_references/silvio.wav,ตระกูลเทลลิออร์ไร้ผู้เทียบเทียม!,,,READY_FOR_GENERATION,,triangle-strategy
3422,V_M_SLV_E_BTL_17463.wav,V_M_SLV_E_BTL_17463,41,41,41,42,ซิลวิโอ้,battle,male,silvio,assets/triangle-strategy/approved_voice_references/silvio.wav,พวกเจ้าจะออกจากที่นี่แบบมีชีวิตไม่ได้,,,READY_FOR_GENERATION,,triangle-strategy
3423,V_M_SMN_G_BTL_00400.wav,V_M_SMN_G_BTL_00400,0,0,0,1,Symon,battle,male,symon,assets/triangle-strategy/approved_voice_references/symon.wav,ตระกูลวูลฟอร์ตจะยืนหยัด!,,,READY_FOR_GENERATION,,triangle-strategy
3424,V_M_SMN_G_BTL_00500.wav,V_M_SMN_G_BTL_00500,1,1,1,2,Symon,battle,male,symon,assets/triangle-strategy/approved_voice_references/symon.wav,ข้ายังไม่ถูกทำลาย!,,,READY_FOR_GENERATION,,triangle-strategy
3425,V_M_SMN_G_BTL_00600.wav,V_M_SMN_G_BTL_00600,2,2,2,3,Symon,battle,male,symon,assets/triangle-strategy/approved_voice_references/symon.wav,ตามข้ามาหรือ?,,,READY_FOR_GENERATION,,triangle-strategy
3426,V_M_SMN_G_BTL_01700.wav,V_M_SMN_G_BTL_01700,3,3,3,4,Symon,battle,male,symon,assets/triangle-strategy/approved_voice_references/symon.wav,อั่ก!,,,READY_FOR_GENERATION,,triangle-strategy
3427,V_M_SMN_G_BTL_01800.wav,V_M_SMN_G_BTL_01800,4,4,4,5,Symon,battle,male,symon,assets/triangle-strategy/approved_voice_references/symon.wav,ข้ายังล้มไม่ได้! ยังไม่ใช่ตอนนี้!,,,READY_FOR_GENERATION,,triangle-strategy
3428,V_M_SMN_G_BTL_01900.wav,V_M_SMN_G_BTL_01900,5,5,5,6,Symon,battle,male,symon,assets/triangle-strategy/approved_voice_references/symon.wav,ให้ข้าทำให้ถึงที่สุด,,,READY_FOR_GENERATION,,triangle-strategy
3429,V_M_SMN_G_BTL_02700.wav,V_M_SMN_G_BTL_02700,6,6,6,7,Symon,battle,male,symon,assets/triangle-strategy/approved_voice_references/symon.wav,หือ? หือ?,,,READY_FOR_GENERATION,,triangle-strategy
3430,V_M_SMN_G_BTL_02800.wav,V_M_SMN_G_BTL_02800,7,7,7,8,Symon,battle,male,symon,assets/triangle-strategy/approved_voice_references/symon.wav,กรร คอร์ซัส!,,,READY_FOR_GENERATION,,triangle-strategy
3431,V_M_SMN_G_BTL_02900.wav,V_M_SMN_G_BTL_02900,8,8,8,9,Symon,battle,male,symon,assets/triangle-strategy/approved_voice_references/symon.wav,ฮ่า!,,ATTACK_CRY,READY_FOR_GENERATION,,triangle-strategy
3432,V_M_SMN_G_BTL_03000.wav,V_M_SMN_G_BTL_03000,9,9,9,10,Symon,battle,male,symon,assets/triangle-strategy/approved_voice_references/symon.wav,อ๊ากก!,,,READY_FOR_GENERATION,,triangle-strategy
3433,V_M_SMN_G_BTL_03100.wav,V_M_SMN_G_BTL_03100,10,10,10,11,Symon,battle,male,symon,assets/triangle-strategy/approved_voice_references/symon.wav,ยังไม่จบ!,,,READY_FOR_GENERATION,,triangle-strategy
3434,V_M_SMN_G_BTL_03200.wav,V_M_SMN_G_BTL_03200,11,11,11,12,Symon,battle,male,symon,assets/triangle-strategy/approved_voice_references/symon.wav,หลีกไป!,,,READY_FOR_GENERATION,,triangle-strategy
3435,V_M_SMN_G_BTL_03500.wav,V_M_SMN_G_BTL_03500,12,12,12,13,Symon,battle,male,symon,assets/triangle-strategy/approved_voice_references/symon.wav,เจ้ามาได้แค่นี้!,,,READY_FOR_GENERATION,,triangle-strategy
3436,V_M_SMN_G_BTL_08800.wav,V_M_SMN_G_BTL_08800,13,13,13,14,Symon,battle,male,symon,assets/triangle-strategy/approved_voice_references/symon.wav,ฮัยย่ะ!,,ATTACK_CRY,READY_FOR_GENERATION,,triangle-strategy
3437,V_M_SMN_G_BTL_08900.wav,V_M_SMN_G_BTL_08900,14,14,14,15,Symon,battle,male,symon,assets/triangle-strategy/approved_voice_references/symon.wav,เข้ามาเลย!,,,READY_FOR_GENERATION,,triangle-strategy
3438,V_M_SMN_G_BTL_09000.wav,V_M_SMN_G_BTL_09000,15,15,15,16,Symon,battle,male,symon,assets/triangle-strategy/approved_voice_references/symon.wav,เรายืนหยัดร่วมกัน!,,,READY_FOR_GENERATION,,triangle-strategy
3439,V_M_SMN_G_BTL_14200.wav,V_M_SMN_G_BTL_14200,16,16,16,17,Symon,battle,male,symon,assets/triangle-strategy/approved_voice_references/symon.wav,ยอดเยี่ยม!,,,READY_FOR_GENERATION,,triangle-strategy
3440,V_M_SMN_G_BTL_14300.wav,V_M_SMN_G_BTL_14300,17,17,17,18,Symon,battle,male,symon,assets/triangle-strategy/approved_voice_references/symon.wav,แบบนี้ดี,,,READY_FOR_GENERATION,,triangle-strategy
3441,V_M_SMN_G_BTL_14400.wav,V_M_SMN_G_BTL_14400,18,18,18,19,Symon,battle,male,symon,assets/triangle-strategy/approved_voice_references/symon.wav,อะไรนะ?,,,READY_FOR_GENERATION,,triangle-strategy
3442,V_M_SMN_G_BTL_14500.wav,V_M_SMN_G_BTL_14500,19,19,19,20,Symon,battle,male,symon,assets/triangle-strategy/approved_voice_references/symon.wav,ห่ะ!,,STATUS_REACTION,READY_FOR_GENERATION,,triangle-strategy
3443,V_M_SMN_G_BTL_14600.wav,V_M_SMN_G_BTL_14600,20,20,20,21,Symon,battle,male,symon,assets/triangle-strategy/approved_voice_references/symon.wav,อ๊าก!,,HURT_CRY,READY_FOR_GENERATION,,triangle-strategy
3444,V_M_SMN_G_BTL_14700.wav,V_M_SMN_G_BTL_14700,21,21,21,22,Symon,battle,male,symon,assets/triangle-strategy/approved_voice_references/symon.wav,อั่ก!,,HURT_CRY,READY_FOR_GENERATION,,triangle-strategy
3445,V_M_SMN_G_BTL_14800.wav,V_M_SMN_G_BTL_14800,22,22,22,23,Symon,battle,male,symon,assets/triangle-strategy/approved_voice_references/symon.wav,อึก!,,HURT_CRY,READY_FOR_GENERATION,,triangle-strategy
3446,V_M_SMN_G_BTL_15000.wav,V_M_SMN_G_BTL_15000,23,23,23,24,Symon,battle,male,symon,assets/triangle-strategy/approved_voice_references/symon.wav,อั่ก!,,HURT_CRY,READY_FOR_GENERATION,,triangle-strategy
3447,V_M_SMN_G_BTL_15100.wav,V_M_SMN_G_BTL_15100,24,24,24,25,Symon,battle,male,symon,assets/triangle-strategy/approved_voice_references/symon.wav,อึ่ก!,,HURT_CRY,READY_FOR_GENERATION,,triangle-strategy
3448,V_M_SMN_G_BTL_15200.wav,V_M_SMN_G_BTL_15200,25,25,25,26,Symon,battle,male,symon,assets/triangle-strategy/approved_voice_references/symon.wav,เจ้าปล่อยการป้องกันโล่งแล้ว!,,,READY_FOR_GENERATION,,triangle-strategy
3449,V_M_SMN_G_BTL_15300.wav,V_M_SMN_G_BTL_15300,26,26,26,27,Symon,battle,male,symon,assets/triangle-strategy/approved_voice_references/symon.wav,อย่าดูถูกข้า,,,READY_FOR_GENERATION,,triangle-strategy
3450,V_M_SMN_G_BTL_15310.wav,V_M_SMN_G_BTL_15310,27,27,27,28,Symon,battle,male,symon,assets/triangle-strategy/approved_voice_references/symon.wav,ยังเร็วไป!,,,READY_FOR_GENERATION,,triangle-strategy
3451,V_M_SMN_G_BTL_15320.wav,V_M_SMN_G_BTL_15320,28,28,28,29,Symon,battle,male,symon,assets/triangle-strategy/approved_voice_references/symon.wav,เตรียมตัว!,,,READY_FOR_GENERATION,,triangle-strategy
3452,V_M_SMN_G_BTL_15400.wav,V_M_SMN_G_BTL_15400,29,29,29,30,Symon,battle,male,symon,assets/triangle-strategy/approved_voice_references/symon.wav,ฮ่า!,,EVADE_GUARD,READY_FOR_GENERATION,,triangle-strategy
3453,V_M_SMN_G_BTL_15500.wav,V_M_SMN_G_BTL_15500,30,30,30,31,Symon,battle,male,symon,assets/triangle-strategy/approved_voice_references/symon.wav,ฮึบ!,,EVADE_GUARD,READY_FOR_GENERATION,,triangle-strategy
3454,V_M_SMN_G_BTL_15600.wav,V_M_SMN_G_BTL_15600,31,31,31,32,Symon,battle,male,symon,assets/triangle-strategy/approved_voice_references/symon.wav,ข้าติดหนี้บุญคุณเจ้า,,,READY_FOR_GENERATION,,triangle-strategy
3455,V_M_SMN_G_BTL_15700.wav,V_M_SMN_G_BTL_15700,32,32,32,33,Symon,battle,male,symon,assets/triangle-strategy/approved_voice_references/symon.wav,ทำได้ดี,,,READY_FOR_GENERATION,,triangle-strategy
3456,V_M_SMN_G_BTL_15800.wav,V_M_SMN_G_BTL_15800,33,33,33,34,Symon,battle,male,symon,assets/triangle-strategy/approved_voice_references/symon.wav,โปรดช่วยคนอื่นด้วย,,,READY_FOR_GENERATION,,triangle-strategy
3457,V_M_SMN_G_BTL_15900.wav,V_M_SMN_G_BTL_15900,34,34,34,35,Symon,battle,male,symon,assets/triangle-strategy/approved_voice_references/symon.wav,ข้าต้องเดินหน้าต่อ,,,READY_FOR_GENERATION,,triangle-strategy
3458,V_M_SMN_G_BTL_16000.wav,V_M_SMN_G_BTL_16000,35,35,35,36,Symon,battle,male,symon,assets/triangle-strategy/approved_voice_references/symon.wav,ข้าจะทำให้สำเร็จ,,,READY_FOR_GENERATION,,triangle-strategy
3459,V_M_SMN_G_BTL_16100.wav,V_M_SMN_G_BTL_16100,36,36,36,37,Symon,battle,male,symon,assets/triangle-strategy/approved_voice_references/symon.wav,ยังไม่จบ,,,READY_FOR_GENERATION,,triangle-strategy
3460,V_M_SMN_G_BTL_16200.wav,V_M_SMN_G_BTL_16200,37,37,37,38,Symon,battle,male,symon,assets/triangle-strategy/approved_voice_references/symon.wav,ข้าล้มแล้ว,,,READY_FOR_GENERATION,,triangle-strategy
3461,V_M_SMN_G_BTL_16300.wav,V_M_SMN_G_BTL_16300,38,38,38,39,Symon,battle,male,symon,assets/triangle-strategy/approved_voice_references/symon.wav,อะไรนะ?,,,READY_FOR_GENERATION,,triangle-strategy
3462,V_M_SMN_G_BTL_17410.wav,V_M_SMN_G_BTL_17410,39,39,39,40,Symon,battle,male,symon,assets/triangle-strategy/approved_voice_references/symon.wav,ย้าก!,,ATTACK_CRY,READY_FOR_GENERATION,,triangle-strategy
3463,V_M_SMN_G_BTL_17411.wav,V_M_SMN_G_BTL_17411,40,40,40,41,Symon,battle,male,symon,assets/triangle-strategy/approved_voice_references/symon.wav,เจ้าหนีข้าไม่พ้น,,,READY_FOR_GENERATION,,triangle-strategy
3464,V_M_SMN_G_BTL_17420.wav,V_M_SMN_G_BTL_17420,41,41,41,42,Symon,battle,male,symon,assets/triangle-strategy/approved_voice_references/symon.wav,ด้วยเกียรติแห่งตระกูลวูลฟอร์ต!,,,READY_FOR_GENERATION,,triangle-strategy
3465,V_M_SMN_G_BTL_17421.wav,V_M_SMN_G_BTL_17421,42,42,42,43,Symon,battle,male,symon,assets/triangle-strategy/approved_voice_references/symon.wav,ยังต้องไปอีกไกล!,,,READY_FOR_GENERATION,,triangle-strategy
3466,V_M_SMN_G_BTL_17450.wav,V_M_SMN_G_BTL_17450,43,43,43,44,Symon,battle,male,symon,assets/triangle-strategy/approved_voice_references/symon.wav,ข้าจะสู้จนลมหายใจสุดท้าย!,,,READY_FOR_GENERATION,,triangle-strategy
3467,V_M_SMN_G_BTL_17480.wav,V_M_SMN_G_BTL_17480,44,44,44,45,Symon,battle,male,symon,assets/triangle-strategy/approved_voice_references/symon.wav,เกียรติจงมีแก่วูลฟอร์ต!,,,READY_FOR_GENERATION,,triangle-strategy
3468,V_M_SVR_G_BTL_00400.wav,V_M_SVR_G_BTL_00400,0,0,0,1,สวาร็อค,battle,male,svarog,assets/triangle-strategy/approved_voice_references/svarog.wav,ข้าแพ้ไม่ได้,,,READY_FOR_GENERATION,,triangle-strategy
3469,V_M_SVR_G_BTL_00500.wav,V_M_SVR_G_BTL_00500,1,1,1,2,สวาร็อค,battle,male,svarog,assets/triangle-strategy/approved_voice_references/svarog.wav,ข้าจัดการเอง,,,READY_FOR_GENERATION,,triangle-strategy
3470,V_M_SVR_G_BTL_00600.wav,V_M_SVR_G_BTL_00600,2,2,2,3,สวาร็อค,battle,male,svarog,assets/triangle-strategy/approved_voice_references/svarog.wav,ไม่มีใครขวางทางข้าได้,,,READY_FOR_GENERATION,,triangle-strategy
3471,V_M_SVR_G_BTL_01700.wav,V_M_SVR_G_BTL_01700,3,3,3,4,สวาร็อค,battle,male,svarog,assets/triangle-strategy/approved_voice_references/svarog.wav,อ้ะ!,,HURT_CRY,READY_FOR_GENERATION,,triangle-strategy
3472,V_M_SVR_G_BTL_01800.wav,V_M_SVR_G_BTL_01800,4,4,4,5,สวาร็อค,battle,male,svarog,assets/triangle-strategy/approved_voice_references/svarog.wav,ต้องมากกว่านี้!,,,READY_FOR_GENERATION,,triangle-strategy
3473,V_M_SVR_G_BTL_01900.wav,V_M_SVR_G_BTL_01900,5,5,5,6,สวาร็อค,battle,male,svarog,assets/triangle-strategy/approved_voice_references/svarog.wav,ข้าจะสู้ต่อ!,,,READY_FOR_GENERATION,,triangle-strategy
3474,V_M_SVR_G_BTL_02700.wav,V_M_SVR_G_BTL_02700,6,6,6,7,สวาร็อค,battle,male,svarog,assets/triangle-strategy/approved_voice_references/svarog.wav,อูย...,,STATUS_REACTION,READY_FOR_GENERATION,,triangle-strategy
3475,V_M_SVR_G_BTL_02800.wav,V_M_SVR_G_BTL_02800,7,7,7,8,สวาร็อค,battle,male,svarog,assets/triangle-strategy/approved_voice_references/svarog.wav,นี่มัน...,,,READY_FOR_GENERATION,,triangle-strategy
3476,V_M_SVR_G_BTL_02900.wav,V_M_SVR_G_BTL_02900,8,8,8,9,สวาร็อค,battle,male,svarog,assets/triangle-strategy/approved_voice_references/svarog.wav,อั่ก!,,,READY_FOR_GENERATION,,triangle-strategy
3477,V_M_SVR_G_BTL_03000.wav,V_M_SVR_G_BTL_03000,9,9,9,10,สวาร็อค,battle,male,svarog,assets/triangle-strategy/approved_voice_references/svarog.wav,ย๊าก!,,ATTACK_CRY,READY_FOR_GENERATION,,triangle-strategy
3478,V_M_SVR_G_BTL_03100.wav,V_M_SVR_G_BTL_03100,10,10,10,11,สวาร็อค,battle,male,svarog,assets/triangle-strategy/approved_voice_references/svarog.wav,ย๊าก!,,ATTACK_CRY,READY_FOR_GENERATION,,triangle-strategy
3479,V_M_SVR_G_BTL_03200.wav,V_M_SVR_G_BTL_03200,11,11,11,12,สวาร็อค,battle,male,svarog,assets/triangle-strategy/approved_voice_references/svarog.wav,ฮึ่ย!,,,READY_FOR_GENERATION,,triangle-strategy
3480,V_M_SVR_G_BTL_03500.wav,V_M_SVR_G_BTL_03500,12,12,12,13,สวาร็อค,battle,male,svarog,assets/triangle-strategy/approved_voice_references/svarog.wav,ตายสักที!,,,READY_FOR_GENERATION,,triangle-strategy
3481,V_M_SVR_G_BTL_08800.wav,V_M_SVR_G_BTL_08800,13,13,13,14,สวาร็อค,battle,male,svarog,assets/triangle-strategy/approved_voice_references/svarog.wav,ข้ายังหายใจอยู่!,,,READY_FOR_GENERATION,,triangle-strategy
3482,V_M_SVR_G_BTL_08900.wav,V_M_SVR_G_BTL_08900,14,14,14,15,สวาร็อค,battle,male,svarog,assets/triangle-strategy/approved_voice_references/svarog.wav,เจ้าเป็นของข้า!,,,READY_FOR_GENERATION,,triangle-strategy
3483,V_M_SVR_G_BTL_09000.wav,V_M_SVR_G_BTL_09000,15,15,15,16,สวาร็อค,battle,male,svarog,assets/triangle-strategy/approved_voice_references/svarog.wav,เตรียมตัว!,,,READY_FOR_GENERATION,,triangle-strategy
3484,V_M_SVR_G_BTL_14200.wav,V_M_SVR_G_BTL_14200,16,16,16,17,สวาร็อค,battle,male,svarog,assets/triangle-strategy/approved_voice_references/svarog.wav,ข้าจะโค่นเจ้า!,,,READY_FOR_GENERATION,,triangle-strategy
3485,V_M_SVR_G_BTL_14300.wav,V_M_SVR_G_BTL_14300,17,17,17,18,สวาร็อค,battle,male,svarog,assets/triangle-strategy/approved_voice_references/svarog.wav,นั่นเป็นเดิมพันที่แน่นหนา!,,,READY_FOR_GENERATION,,triangle-strategy
3486,V_M_SVR_G_BTL_14400.wav,V_M_SVR_G_BTL_14400,18,18,18,19,สวาร็อค,battle,male,svarog,assets/triangle-strategy/approved_voice_references/svarog.wav,อะไรนะ?,,,READY_FOR_GENERATION,,triangle-strategy
3487,V_M_SVR_G_BTL_14500.wav,V_M_SVR_G_BTL_14500,19,19,19,20,สวาร็อค,battle,male,svarog,assets/triangle-strategy/approved_voice_references/svarog.wav,พวกมันต่อต้านข้าหรือ?,,,READY_FOR_GENERATION,,triangle-strategy
3488,V_M_SVR_G_BTL_14600.wav,V_M_SVR_G_BTL_14600,20,20,20,21,สวาร็อค,battle,male,svarog,assets/triangle-strategy/approved_voice_references/svarog.wav,อึ่ก!,,HURT_CRY,READY_FOR_GENERATION,,triangle-strategy
3489,V_M_SVR_G_BTL_14700.wav,V_M_SVR_G_BTL_14700,21,21,21,22,สวาร็อค,battle,male,svarog,assets/triangle-strategy/approved_voice_references/svarog.wav,นี่อะไร?,,,READY_FOR_GENERATION,,triangle-strategy
3490,V_M_SVR_G_BTL_14800.wav,V_M_SVR_G_BTL_14800,22,22,22,23,สวาร็อค,battle,male,svarog,assets/triangle-strategy/approved_voice_references/svarog.wav,อ๊าก!,,HURT_CRY,READY_FOR_GENERATION,,triangle-strategy
3491,V_M_SVR_G_BTL_15000.wav,V_M_SVR_G_BTL_15000,23,23,23,24,สวาร็อค,battle,male,svarog,assets/triangle-strategy/approved_voice_references/svarog.wav,อึก! อึก!,,,READY_FOR_GENERATION,,triangle-strategy
3492,V_M_SVR_G_BTL_15100.wav,V_M_SVR_G_BTL_15100,24,24,24,25,สวาร็อค,battle,male,svarog,assets/triangle-strategy/approved_voice_references/svarog.wav,อ๊าก!,,HURT_CRY,READY_FOR_GENERATION,,triangle-strategy
3493,V_M_SVR_G_BTL_15200.wav,V_M_SVR_G_BTL_15200,25,25,25,26,สวาร็อค,battle,male,svarog,assets/triangle-strategy/approved_voice_references/svarog.wav,อ่อนแอจริง!,,,READY_FOR_GENERATION,,triangle-strategy
3494,V_M_SVR_G_BTL_15300.wav,V_M_SVR_G_BTL_15300,26,26,26,27,สวาร็อค,battle,male,svarog,assets/triangle-strategy/approved_voice_references/svarog.wav,หลีกไป!,,,READY_FOR_GENERATION,,triangle-strategy
3495,V_M_SVR_G_BTL_15310.wav,V_M_SVR_G_BTL_15310,27,27,27,28,สวาร็อค,battle,male,svarog,assets/triangle-strategy/approved_voice_references/svarog.wav,ข้าไม่คิดอย่างนั้น,,,READY_FOR_GENERATION,,triangle-strategy
3496,V_M_SVR_G_BTL_15320.wav,V_M_SVR_G_BTL_15320,28,28,28,29,สวาร็อค,battle,male,svarog,assets/triangle-strategy/approved_voice_references/svarog.wav,เจ้าไม่มีทางหนี!,,,READY_FOR_GENERATION,,triangle-strategy
3497,V_M_SVR_G_BTL_15400.wav,V_M_SVR_G_BTL_15400,29,29,29,30,สวาร็อค,battle,male,svarog,assets/triangle-strategy/approved_voice_references/svarog.wav,ฮ่า!,,EVADE_GUARD,READY_FOR_GENERATION,,triangle-strategy
3498,V_M_SVR_G_BTL_15500.wav,V_M_SVR_G_BTL_15500,30,30,30,31,สวาร็อค,battle,male,svarog,assets/triangle-strategy/approved_voice_references/svarog.wav,โว้ว!,,,READY_FOR_GENERATION,,triangle-strategy
3499,V_M_SVR_G_BTL_15600.wav,V_M_SVR_G_BTL_15600,31,31,31,32,สวาร็อค,battle,male,svarog,assets/triangle-strategy/approved_voice_references/svarog.wav,ขอขอบคุณ,,,READY_FOR_GENERATION,,triangle-strategy
3500,V_M_SVR_G_BTL_15700.wav,V_M_SVR_G_BTL_15700,32,32,32,33,สวาร็อค,battle,male,svarog,assets/triangle-strategy/approved_voice_references/svarog.wav,ยอดเยี่ยม,,,READY_FOR_GENERATION,,triangle-strategy
3501,V_M_SVR_G_BTL_15800.wav,V_M_SVR_G_BTL_15800,33,33,33,34,สวาร็อค,battle,male,svarog,assets/triangle-strategy/approved_voice_references/svarog.wav,ขอบคุณ!,,,READY_FOR_GENERATION,,triangle-strategy
3502,V_M_SVR_G_BTL_15900.wav,V_M_SVR_G_BTL_15900,34,34,34,35,สวาร็อค,battle,male,svarog,assets/triangle-strategy/approved_voice_references/svarog.wav,ยอดเยี่ยม!,,,READY_FOR_GENERATION,,triangle-strategy
3503,V_M_SVR_G_BTL_16000.wav,V_M_SVR_G_BTL_16000,35,35,35,36,สวาร็อค,battle,male,svarog,assets/triangle-strategy/approved_voice_references/svarog.wav,ฝากไว้กับข้า!,,,READY_FOR_GENERATION,,triangle-strategy
3504,V_M_SVR_G_BTL_16100.wav,V_M_SVR_G_BTL_16100,36,36,36,37,สวาร็อค,battle,male,svarog,assets/triangle-strategy/approved_voice_references/svarog.wav,จะจัดการให้!,,,READY_FOR_GENERATION,,triangle-strategy
3505,V_M_SVR_G_BTL_16200.wav,V_M_SVR_G_BTL_16200,37,37,37,38,สวาร็อค,battle,male,svarog,assets/triangle-strategy/approved_voice_references/svarog.wav,ยกโทษให้ข้าด้วย ดรากัน,,,READY_FOR_GENERATION,,triangle-strategy
3506,V_M_SVR_G_BTL_16300.wav,V_M_SVR_G_BTL_16300,38,38,38,39,สวาร็อค,battle,male,svarog,assets/triangle-strategy/approved_voice_references/svarog.wav,ข้ายอมแพ้,,,READY_FOR_GENERATION,,triangle-strategy
3507,V_M_SVR_G_BTL_17410.wav,V_M_SVR_G_BTL_17410,39,39,39,40,สวาร็อค,battle,male,svarog,assets/triangle-strategy/approved_voice_references/svarog.wav,จงสั่นกลัวต่อหน้าข้า!,,,READY_FOR_GENERATION,,triangle-strategy
3508,V_M_SVR_G_BTL_17411.wav,V_M_SVR_G_BTL_17411,40,40,40,41,สวาร็อค,battle,male,svarog,assets/triangle-strategy/approved_voice_references/svarog.wav,ว้าก!,,HURT_CRY,READY_FOR_GENERATION,,triangle-strategy
3509,V_M_SVR_G_BTL_17420.wav,V_M_SVR_G_BTL_17420,41,41,41,42,สวาร็อค,battle,male,svarog,assets/triangle-strategy/approved_voice_references/svarog.wav,ปล่อยเปลวไฟออกไป!,,,READY_FOR_GENERATION,,triangle-strategy
3510,V_M_SVR_G_BTL_17421.wav,V_M_SVR_G_BTL_17421,42,42,42,43,สวาร็อค,battle,male,svarog,assets/triangle-strategy/approved_voice_references/svarog.wav,สัมผัสความพิโรธแห่งเอสฟรอสต์!,,,READY_FOR_GENERATION,,triangle-strategy
3511,V_M_SVR_G_BTL_17422.wav,V_M_SVR_G_BTL_17422,43,43,43,44,สวาร็อค,battle,male,svarog,assets/triangle-strategy/approved_voice_references/svarog.wav,ข้าจะบดขยี้เจ้า!,,,READY_FOR_GENERATION,,triangle-strategy
3512,V_M_SVR_G_BTL_17450.wav,V_M_SVR_G_BTL_17450,44,44,44,45,สวาร็อค,battle,male,svarog,assets/triangle-strategy/approved_voice_references/svarog.wav,ความพิโรธของข้าลุกโชน!,,,READY_FOR_GENERATION,,triangle-strategy
3513,V_M_TRA_BTL_00400.wav,V_M_TRA_BTL_00400,0,0,0,1,Travis,battle,male,travis,assets/triangle-strategy/approved_voice_references/travis.wav,หวังว่าเจ้าพร้อมนะ,,,READY_FOR_GENERATION,,triangle-strategy
3514,V_M_TRA_BTL_00500.wav,V_M_TRA_BTL_00500,1,1,1,2,Travis,battle,male,travis,assets/triangle-strategy/approved_voice_references/travis.wav,ข้าจะฝ่าไป!,,,READY_FOR_GENERATION,,triangle-strategy
3515,V_M_TRA_BTL_00600.wav,V_M_TRA_BTL_00600,2,2,2,3,Travis,battle,male,travis,assets/triangle-strategy/approved_voice_references/travis.wav,ฮ่า ฮ่า ฮ่า ฮ่า!,,,READY_FOR_GENERATION,,triangle-strategy
3516,V_M_TRA_BTL_00700.wav,V_M_TRA_BTL_00700,3,3,3,4,Travis,battle,male,travis,assets/triangle-strategy/approved_voice_references/travis.wav,ตาข้าแล้ว,,,READY_FOR_GENERATION,,triangle-strategy
3517,V_M_TRA_BTL_01700.wav,V_M_TRA_BTL_01700,4,4,4,5,Travis,battle,male,travis,assets/triangle-strategy/approved_voice_references/travis.wav,บ้าเอ๊ย!,,,READY_FOR_GENERATION,,triangle-strategy
3518,V_M_TRA_BTL_01800.wav,V_M_TRA_BTL_01800,5,5,5,6,Travis,battle,male,travis,assets/triangle-strategy/approved_voice_references/travis.wav,ข้าประมาทไป,,,READY_FOR_GENERATION,,triangle-strategy
3519,V_M_TRA_BTL_01900.wav,V_M_TRA_BTL_01900,6,6,6,7,Travis,battle,male,travis,assets/triangle-strategy/approved_voice_references/travis.wav,ข้าต้องชิงความได้เปรียบ!,,,READY_FOR_GENERATION,,triangle-strategy
3520,V_M_TRA_BTL_02000.wav,V_M_TRA_BTL_02000,7,7,7,8,Travis,battle,male,travis,assets/triangle-strategy/approved_voice_references/travis.wav,โชคร้ายจริง,,,READY_FOR_GENERATION,,triangle-strategy
3521,V_M_TRA_BTL_02700.wav,V_M_TRA_BTL_02700,8,8,8,9,Travis,battle,male,travis,assets/triangle-strategy/approved_voice_references/travis.wav,แบบนี้ไม่ดีแน่,,,READY_FOR_GENERATION,,triangle-strategy
3522,V_M_TRA_BTL_02800.wav,V_M_TRA_BTL_02800,9,9,9,10,Travis,battle,male,travis,assets/triangle-strategy/approved_voice_references/travis.wav,อา บ้าเอ๊ย!,,,READY_FOR_GENERATION,,triangle-strategy
3523,V_M_TRA_BTL_02900.wav,V_M_TRA_BTL_02900,10,10,10,11,Travis,battle,male,travis,assets/triangle-strategy/approved_voice_references/travis.wav,ฮึ่ย!,,ATTACK_CRY,READY_FOR_GENERATION,,triangle-strategy
3524,V_M_TRA_BTL_03000.wav,V_M_TRA_BTL_03000,11,11,11,12,Travis,battle,male,travis,assets/triangle-strategy/approved_voice_references/travis.wav,ฮ่า!,,ATTACK_CRY,READY_FOR_GENERATION,,triangle-strategy
3525,V_M_TRA_BTL_03100.wav,V_M_TRA_BTL_03100,12,12,12,13,Travis,battle,male,travis,assets/triangle-strategy/approved_voice_references/travis.wav,ฮ่า!,,ATTACK_CRY,READY_FOR_GENERATION,,triangle-strategy
3526,V_M_TRA_BTL_03200.wav,V_M_TRA_BTL_03200,13,13,13,14,Travis,battle,male,travis,assets/triangle-strategy/approved_voice_references/travis.wav,ฮ้า!,,ATTACK_CRY,READY_FOR_GENERATION,,triangle-strategy
3527,V_M_TRA_BTL_03300.wav,V_M_TRA_BTL_03300,14,14,14,15,Travis,battle,male,travis,assets/triangle-strategy/approved_voice_references/travis.wav,เคียะ!,,,READY_FOR_GENERATION,,triangle-strategy
3528,V_M_TRA_BTL_03400.wav,V_M_TRA_BTL_03400,15,15,15,16,Travis,battle,male,travis,assets/triangle-strategy/approved_voice_references/travis.wav,เคียะ!,,,READY_FOR_GENERATION,,triangle-strategy
3529,V_M_TRA_BTL_03500.wav,V_M_TRA_BTL_03500,16,16,16,17,Travis,battle,male,travis,assets/triangle-strategy/approved_voice_references/travis.wav,เจ้าจบแล้ว!,,,READY_FOR_GENERATION,,triangle-strategy
3530,V_M_TRA_BTL_03600.wav,V_M_TRA_BTL_03600,17,17,17,18,Travis,battle,male,travis,assets/triangle-strategy/approved_voice_references/travis.wav,รับนี่ไป!,,,READY_FOR_GENERATION,,triangle-strategy
3531,V_M_TRA_BTL_08800.wav,V_M_TRA_BTL_08800,18,18,18,19,Travis,battle,male,travis,assets/triangle-strategy/approved_voice_references/travis.wav,โง่เขลา!,,,READY_FOR_GENERATION,,triangle-strategy
3532,V_M_TRA_BTL_08900.wav,V_M_TRA_BTL_08900,19,19,19,20,Travis,battle,male,travis,assets/triangle-strategy/approved_voice_references/travis.wav,รับไปอีกที!,,,READY_FOR_GENERATION,,triangle-strategy
3533,V_M_TRA_BTL_09000.wav,V_M_TRA_BTL_09000,20,20,20,21,Travis,battle,male,travis,assets/triangle-strategy/approved_voice_references/travis.wav,ทางนี้!,,,READY_FOR_GENERATION,,triangle-strategy
3534,V_M_TRA_BTL_14200.wav,V_M_TRA_BTL_14200,21,21,21,22,Travis,battle,male,travis,assets/triangle-strategy/approved_voice_references/travis.wav,เห็นไหมล่ะ?,,,READY_FOR_GENERATION,,triangle-strategy
3535,V_M_TRA_BTL_14300.wav,V_M_TRA_BTL_14300,22,22,22,23,Travis,battle,male,travis,assets/triangle-strategy/approved_voice_references/travis.wav,ฮ่า ฮ่า ฮ่า ฮ่า ฮ่า!,,,READY_FOR_GENERATION,,triangle-strategy
3536,V_M_TRA_BTL_14400.wav,V_M_TRA_BTL_14400,23,23,23,24,Travis,battle,male,travis,assets/triangle-strategy/approved_voice_references/travis.wav,อะไรนะ?,,,READY_FOR_GENERATION,,triangle-strategy
3537,V_M_TRA_BTL_14500.wav,V_M_TRA_BTL_14500,24,24,24,25,Travis,battle,male,travis,assets/triangle-strategy/approved_voice_references/travis.wav,ข้าทำพลาด,,,READY_FOR_GENERATION,,triangle-strategy
3538,V_M_TRA_BTL_14600.wav,V_M_TRA_BTL_14600,25,25,25,26,Travis,battle,male,travis,assets/triangle-strategy/approved_voice_references/travis.wav,อึ่ก!,,HURT_CRY,READY_FOR_GENERATION,,triangle-strategy
3539,V_M_TRA_BTL_14700.wav,V_M_TRA_BTL_14700,26,26,26,27,Travis,battle,male,travis,assets/triangle-strategy/approved_voice_references/travis.wav,อึก!,,HURT_CRY,READY_FOR_GENERATION,,triangle-strategy
3540,V_M_TRA_BTL_14800.wav,V_M_TRA_BTL_14800,27,27,27,28,Travis,battle,male,travis,assets/triangle-strategy/approved_voice_references/travis.wav,ชิยะ!,,,READY_FOR_GENERATION,,triangle-strategy
3541,V_M_TRA_BTL_14900.wav,V_M_TRA_BTL_14900,28,28,28,29,Travis,battle,male,travis,assets/triangle-strategy/approved_voice_references/travis.wav,ไม่!,,,READY_FOR_GENERATION,,triangle-strategy
3542,V_M_TRA_BTL_15000.wav,V_M_TRA_BTL_15000,29,29,29,30,Travis,battle,male,travis,assets/triangle-strategy/approved_voice_references/travis.wav,อ๊าก!,,HURT_CRY,READY_FOR_GENERATION,,triangle-strategy
3543,V_M_TRA_BTL_15100.wav,V_M_TRA_BTL_15100,30,30,30,31,Travis,battle,male,travis,assets/triangle-strategy/approved_voice_references/travis.wav,อั่ก!,,HURT_CRY,READY_FOR_GENERATION,,triangle-strategy
3544,V_M_TRA_BTL_15200.wav,V_M_TRA_BTL_15200,31,31,31,32,Travis,battle,male,travis,assets/triangle-strategy/approved_voice_references/travis.wav,คิดว่าจัดการข้าได้แล้วหรือ?,,,READY_FOR_GENERATION,,triangle-strategy
3545,V_M_TRA_BTL_15300.wav,V_M_TRA_BTL_15300,32,32,32,33,Travis,battle,male,travis,assets/triangle-strategy/approved_voice_references/travis.wav,พอได้แล้ว!,,,READY_FOR_GENERATION,,triangle-strategy
3546,V_M_TRA_BTL_15310.wav,V_M_TRA_BTL_15310,33,33,33,34,Travis,battle,male,travis,assets/triangle-strategy/approved_voice_references/travis.wav,ตั้งสมาธิ!,,,READY_FOR_GENERATION,,triangle-strategy
3547,V_M_TRA_BTL_15320.wav,V_M_TRA_BTL_15320,34,34,34,35,Travis,battle,male,travis,assets/triangle-strategy/approved_voice_references/travis.wav,ติดกับแล้ว!,,,READY_FOR_GENERATION,,triangle-strategy
3548,V_M_TRA_BTL_15400.wav,V_M_TRA_BTL_15400,35,35,35,36,Travis,battle,male,travis,assets/triangle-strategy/approved_voice_references/travis.wav,ฮึบ!,,,READY_FOR_GENERATION,,triangle-strategy
3549,V_M_TRA_BTL_15500.wav,V_M_TRA_BTL_15500,36,36,36,37,Travis,battle,male,travis,assets/triangle-strategy/approved_voice_references/travis.wav,เฮ้อ!,,,READY_FOR_GENERATION,,triangle-strategy
3550,V_M_TRA_BTL_15600.wav,V_M_TRA_BTL_15600,37,37,37,38,Travis,battle,male,travis,assets/triangle-strategy/approved_voice_references/travis.wav,ขอบใจ,,,READY_FOR_GENERATION,,triangle-strategy
3551,V_M_TRA_BTL_15700.wav,V_M_TRA_BTL_15700,38,38,38,39,Travis,battle,male,travis,assets/triangle-strategy/approved_voice_references/travis.wav,ขอบใจนะ,,,READY_FOR_GENERATION,,triangle-strategy
3552,V_M_TRA_BTL_15800.wav,V_M_TRA_BTL_15800,39,39,39,40,Travis,battle,male,travis,assets/triangle-strategy/approved_voice_references/travis.wav,ข้าติดหนี้เจ้า,,,READY_FOR_GENERATION,,triangle-strategy
3553,V_M_TRA_BTL_15900.wav,V_M_TRA_BTL_15900,40,40,40,41,Travis,battle,male,travis,assets/triangle-strategy/approved_voice_references/travis.wav,ข้าชักจะชอบแบบนี้แล้ว,,,READY_FOR_GENERATION,,triangle-strategy
3554,V_M_TRA_BTL_16000.wav,V_M_TRA_BTL_16000,41,41,41,42,Travis,battle,male,travis,assets/triangle-strategy/approved_voice_references/travis.wav,ไม่เลว!,,,READY_FOR_GENERATION,,triangle-strategy
3555,V_M_TRA_BTL_16100.wav,V_M_TRA_BTL_16100,42,42,42,43,Travis,battle,male,travis,assets/triangle-strategy/approved_voice_references/travis.wav,พร้อมอีก,,,READY_FOR_GENERATION,,triangle-strategy
3556,V_M_TRA_BTL_16200.wav,V_M_TRA_BTL_16200,43,43,43,44,Travis,battle,male,travis,assets/triangle-strategy/approved_voice_references/travis.wav,เป็น...ไปไม่ได้...,,,READY_FOR_GENERATION,,triangle-strategy
3557,V_M_TRA_BTL_16300.wav,V_M_TRA_BTL_16300,44,44,44,45,Travis,battle,male,travis,assets/triangle-strategy/approved_voice_references/travis.wav,น่าสมเพชจริง,,,READY_FOR_GENERATION,,triangle-strategy
3558,V_M_TRA_BTL_16400.wav,V_M_TRA_BTL_16400,45,45,45,46,Travis,battle,male,travis,assets/triangle-strategy/approved_voice_references/travis.wav,ฮัยย่ะ!,,ATTACK_CRY,READY_FOR_GENERATION,,triangle-strategy
3559,V_M_TRA_BTL_16500.wav,V_M_TRA_BTL_16500,46,46,46,47,Travis,battle,male,travis,assets/triangle-strategy/approved_voice_references/travis.wav,นี่ของเจ้า,,,READY_FOR_GENERATION,,triangle-strategy
3560,V_M_TRA_BTL_16600.wav,V_M_TRA_BTL_16600,47,47,47,48,Travis,battle,male,travis,assets/triangle-strategy/approved_voice_references/travis.wav,ข้าต้องการแบบนี้พอดี,,,READY_FOR_GENERATION,,triangle-strategy
3561,V_M_TRA_BTL_17410.wav,V_M_TRA_BTL_17410,48,48,48,49,Travis,battle,male,travis,assets/triangle-strategy/approved_voice_references/travis.wav,ว้าก!,,HURT_CRY,READY_FOR_GENERATION,,triangle-strategy
3562,V_M_TRA_BTL_17411.wav,V_M_TRA_BTL_17411,49,49,49,50,Travis,battle,male,travis,assets/triangle-strategy/approved_voice_references/travis.wav,อันนี้ต้องเจ็บ,,,READY_FOR_GENERATION,,triangle-strategy
3563,V_M_TRA_BTL_17412.wav,V_M_TRA_BTL_17412,50,50,50,51,Travis,battle,male,travis,assets/triangle-strategy/approved_voice_references/travis.wav,หลีกไป!,,,READY_FOR_GENERATION,,triangle-strategy
3564,V_M_TRA_BTL_17413.wav,V_M_TRA_BTL_17413,51,51,51,52,Travis,battle,male,travis,assets/triangle-strategy/approved_voice_references/travis.wav,ข้าขอรับไปล่ะ,,,READY_FOR_GENERATION,,triangle-strategy
3565,V_M_TRA_BTL_17414.wav,V_M_TRA_BTL_17414,52,52,52,53,Travis,battle,male,travis,assets/triangle-strategy/approved_voice_references/travis.wav,ได้เวลาทำงาน,,,READY_FOR_GENERATION,,triangle-strategy
3566,V_M_TRA_BTL_17415.wav,V_M_TRA_BTL_17415,53,53,53,54,Travis,battle,male,travis,assets/triangle-strategy/approved_voice_references/travis.wav,ติดเป็นนิสัย,,,READY_FOR_GENERATION,,triangle-strategy
3567,V_M_TRA_BTL_17420.wav,V_M_TRA_BTL_17420,54,54,54,55,Travis,battle,male,travis,assets/triangle-strategy/approved_voice_references/travis.wav,กรรร!,,,READY_FOR_GENERATION,,triangle-strategy
3568,V_M_TRA_BTL_17421.wav,V_M_TRA_BTL_17421,55,55,55,56,Travis,battle,male,travis,assets/triangle-strategy/approved_voice_references/travis.wav,ข้าทนเจ้าไม่ไหวแล้ว!,,,READY_FOR_GENERATION,,triangle-strategy
3569,V_M_TRA_BTL_17422.wav,V_M_TRA_BTL_17422,56,56,56,57,Travis,battle,male,travis,assets/triangle-strategy/approved_voice_references/travis.wav,ยอมแพ้เถอะ!,,,READY_FOR_GENERATION,,triangle-strategy
3570,V_M_TRA_BTL_17470.wav,V_M_TRA_BTL_17470,57,57,57,58,Travis,battle,male,travis,assets/triangle-strategy/approved_voice_references/travis.wav,ตายสักที!,,,READY_FOR_GENERATION,,triangle-strategy
3571,V_M_TRA_BTL_17471.wav,V_M_TRA_BTL_17471,58,58,58,59,Travis,battle,male,travis,assets/triangle-strategy/approved_voice_references/travis.wav,ข้ากลับมือเปล่าไม่ได้!,,,READY_FOR_GENERATION,,triangle-strategy
3572,V_M_TRA_BTL_17480.wav,V_M_TRA_BTL_17480,59,59,59,60,Travis,battle,male,travis,assets/triangle-strategy/approved_voice_references/travis.wav,อย่าบังอาจดูถูกข้า!,,,READY_FOR_GENERATION,,triangle-strategy
3573,V_M_TRA_BTL_17500.wav,V_M_TRA_BTL_17500,60,60,60,61,Travis,battle,male,travis,assets/triangle-strategy/approved_voice_references/travis.wav,ฮ่า ฮ่า ฮ่า ฮ่า,,,READY_FOR_GENERATION,,triangle-strategy
3574,V_M_TRA_BTL_17600.wav,V_M_TRA_BTL_17600,61,61,61,62,Travis,battle,male,travis,assets/triangle-strategy/approved_voice_references/travis.wav,มีลูกเล่นมากเท่าไรก็ไม่เคยพอ,,,READY_FOR_GENERATION,,triangle-strategy
3575,V_M_TRA_BTL_17700.wav,V_M_TRA_BTL_17700,62,62,62,63,Travis,battle,male,travis,assets/triangle-strategy/approved_voice_references/travis.wav,ดูนั่นสิ,,,READY_FOR_GENERATION,,triangle-strategy
3576,V_M_TRA_BTL_17800.wav,V_M_TRA_BTL_17800,63,63,63,64,Travis,battle,male,travis,assets/triangle-strategy/approved_voice_references/travis.wav,ข้าแข็งแกร่งขึ้นเรื่อย ๆ,,,READY_FOR_GENERATION,,triangle-strategy
3577,V_M_TRA_BTL_17900.wav,V_M_TRA_BTL_17900,64,64,64,65,Travis,battle,male,travis,assets/triangle-strategy/approved_voice_references/travis.wav,ข้าเกิดมาพร้อม!,,,READY_FOR_GENERATION,,triangle-strategy
3578,V_M_TRA_BTL_18000.wav,V_M_TRA_BTL_18000,65,65,65,66,Travis,battle,male,travis,assets/triangle-strategy/approved_voice_references/travis.wav,ตอนนี้คงปฏิเสธเจ้าไม่ได้สินะ?,,,READY_FOR_GENERATION,,triangle-strategy
3579,V_M_TRA_BTL_18200.wav,V_M_TRA_BTL_18200,66,66,66,67,Travis,battle,male,travis,assets/triangle-strategy/approved_voice_references/travis.wav,ฮ่า! พร้อมทั้งหมดแล้วหรือ?,,,READY_FOR_GENERATION,,triangle-strategy
3580,V_M_TRA_BTL_18300.wav,V_M_TRA_BTL_18300,67,67,67,68,Travis,battle,male,travis,assets/triangle-strategy/approved_voice_references/travis.wav,คิดว่าข้าควรออมมือให้มันไหม?,,,READY_FOR_GENERATION,,triangle-strategy
3581,V_M_TRS_E_BTL_00400.wav,V_M_TRS_E_BTL_00400,0,0,0,1,Thalas,battle,male,thalas,assets/triangle-strategy/approved_voice_references/thalas.wav,อา กลิ่นของสนามรบ,,,READY_FOR_GENERATION,,triangle-strategy
3582,V_M_TRS_E_BTL_00500.wav,V_M_TRS_E_BTL_00500,1,1,1,2,Thalas,battle,male,thalas,assets/triangle-strategy/approved_voice_references/thalas.wav,การสังหารช่างหอมหวาน,,,READY_FOR_GENERATION,,triangle-strategy
3583,V_M_TRS_E_BTL_00600.wav,V_M_TRS_E_BTL_00600,2,2,2,3,Thalas,battle,male,thalas,assets/triangle-strategy/approved_voice_references/thalas.wav,เพื่อครอบครัวของข้า ละมั้ง,,,READY_FOR_GENERATION,,triangle-strategy
3584,V_M_TRS_E_BTL_01700.wav,V_M_TRS_E_BTL_01700,3,3,3,4,Thalas,battle,male,thalas,assets/triangle-strategy/approved_voice_references/thalas.wav,น่ากลัวจริง,,,READY_FOR_GENERATION,,triangle-strategy
3585,V_M_TRS_E_BTL_01800.wav,V_M_TRS_E_BTL_01800,4,4,4,5,Thalas,battle,male,thalas,assets/triangle-strategy/approved_voice_references/thalas.wav,มันเกิดขึ้นได้ยังไง?,,,READY_FOR_GENERATION,,triangle-strategy
3586,V_M_TRS_E_BTL_01900.wav,V_M_TRS_E_BTL_01900,5,5,5,6,Thalas,battle,male,thalas,assets/triangle-strategy/approved_voice_references/thalas.wav,โอ้ ข้าสวยเกินกว่าจะตาย,,,READY_FOR_GENERATION,,triangle-strategy
3587,V_M_TRS_E_BTL_02700.wav,V_M_TRS_E_BTL_02700,6,6,6,7,Thalas,battle,male,thalas,assets/triangle-strategy/approved_voice_references/thalas.wav,อึก...,,STATUS_REACTION,READY_FOR_GENERATION,,triangle-strategy
3588,V_M_TRS_E_BTL_02800.wav,V_M_TRS_E_BTL_02800,7,7,7,8,Thalas,battle,male,thalas,assets/triangle-strategy/approved_voice_references/thalas.wav,ต้องทำอะไรสักอย่าง,,,READY_FOR_GENERATION,,triangle-strategy
3589,V_M_TRS_E_BTL_02900.wav,V_M_TRS_E_BTL_02900,8,8,8,9,Thalas,battle,male,thalas,assets/triangle-strategy/approved_voice_references/thalas.wav,ว๊าก!,,,READY_FOR_GENERATION,,triangle-strategy
3590,V_M_TRS_E_BTL_03000.wav,V_M_TRS_E_BTL_03000,9,9,9,10,Thalas,battle,male,thalas,assets/triangle-strategy/approved_voice_references/thalas.wav,ฮึ่ย!,,,READY_FOR_GENERATION,,triangle-strategy
3591,V_M_TRS_E_BTL_03100.wav,V_M_TRS_E_BTL_03100,10,10,10,11,Thalas,battle,male,thalas,assets/triangle-strategy/approved_voice_references/thalas.wav,ไปให้พ้น!,,,READY_FOR_GENERATION,,triangle-strategy
3592,V_M_TRS_E_BTL_03200.wav,V_M_TRS_E_BTL_03200,11,11,11,12,Thalas,battle,male,thalas,assets/triangle-strategy/approved_voice_references/thalas.wav,ย๊าก!,,ATTACK_CRY,READY_FOR_GENERATION,,triangle-strategy
3593,V_M_TRS_E_BTL_03500.wav,V_M_TRS_E_BTL_03500,12,12,12,13,Thalas,battle,male,thalas,assets/triangle-strategy/approved_voice_references/thalas.wav,ลาก่อน,,,READY_FOR_GENERATION,,triangle-strategy
3594,V_M_TRS_E_BTL_08800.wav,V_M_TRS_E_BTL_08800,13,13,13,14,Thalas,battle,male,thalas,assets/triangle-strategy/approved_voice_references/thalas.wav,ฮ่า ฮ่า ฮ่า ฮ่า!,,,READY_FOR_GENERATION,,triangle-strategy
3595,V_M_TRS_E_BTL_08900.wav,V_M_TRS_E_BTL_08900,14,14,14,15,Thalas,battle,male,thalas,assets/triangle-strategy/approved_voice_references/thalas.wav,รับนี่ไป!,,,READY_FOR_GENERATION,,triangle-strategy
3596,V_M_TRS_E_BTL_09000.wav,V_M_TRS_E_BTL_09000,15,15,15,16,Thalas,battle,male,thalas,assets/triangle-strategy/approved_voice_references/thalas.wav,เจ้าโง่!,,,READY_FOR_GENERATION,,triangle-strategy
3597,V_M_TRS_E_BTL_14200.wav,V_M_TRS_E_BTL_14200,16,16,16,17,Thalas,battle,male,thalas,assets/triangle-strategy/approved_voice_references/thalas.wav,แม้แต่ข้ายังประทับใจตัวเอง,,,READY_FOR_GENERATION,,triangle-strategy
3598,V_M_TRS_E_BTL_14300.wav,V_M_TRS_E_BTL_14300,17,17,17,18,Thalas,battle,male,thalas,assets/triangle-strategy/approved_voice_references/thalas.wav,เหลือเชื่อ,,,READY_FOR_GENERATION,,triangle-strategy
3599,V_M_TRS_E_BTL_14400.wav,V_M_TRS_E_BTL_14400,18,18,18,19,Thalas,battle,male,thalas,assets/triangle-strategy/approved_voice_references/thalas.wav,ช่างเป็นเรื่องตลก!,,,READY_FOR_GENERATION,,triangle-strategy
3600,V_M_TRS_E_BTL_14500.wav,V_M_TRS_E_BTL_14500,19,19,19,20,Thalas,battle,male,thalas,assets/triangle-strategy/approved_voice_references/thalas.wav,แต่ทำไม?,,,READY_FOR_GENERATION,,triangle-strategy
3601,V_M_TRS_E_BTL_14600.wav,V_M_TRS_E_BTL_14600,20,20,20,21,Thalas,battle,male,thalas,assets/triangle-strategy/approved_voice_references/thalas.wav,อ๊าก!,,HURT_CRY,READY_FOR_GENERATION,,triangle-strategy
3602,V_M_TRS_E_BTL_14700.wav,V_M_TRS_E_BTL_14700,21,21,21,22,Thalas,battle,male,thalas,assets/triangle-strategy/approved_voice_references/thalas.wav,อ๊าก!,,HURT_CRY,READY_FOR_GENERATION,,triangle-strategy
3603,V_M_TRS_E_BTL_14800.wav,V_M_TRS_E_BTL_14800,22,22,22,23,Thalas,battle,male,thalas,assets/triangle-strategy/approved_voice_references/thalas.wav,บ้าเอ๊ย!,,,READY_FOR_GENERATION,,triangle-strategy
3604,V_M_TRS_E_BTL_15000.wav,V_M_TRS_E_BTL_15000,23,23,23,24,Thalas,battle,male,thalas,assets/triangle-strategy/approved_voice_references/thalas.wav,อ๊าก!,,HURT_CRY,READY_FOR_GENERATION,,triangle-strategy
3605,V_M_TRS_E_BTL_15100.wav,V_M_TRS_E_BTL_15100,24,24,24,25,Thalas,battle,male,thalas,assets/triangle-strategy/approved_voice_references/thalas.wav,เจ้า... เจ้าต้องชดใช้...,,,READY_FOR_GENERATION,,triangle-strategy
3606,V_M_TRS_E_BTL_15200.wav,V_M_TRS_E_BTL_15200,25,25,25,26,Thalas,battle,male,thalas,assets/triangle-strategy/approved_voice_references/thalas.wav,แปลกใจหรือ?,,,READY_FOR_GENERATION,,triangle-strategy
3607,V_M_TRS_E_BTL_15300.wav,V_M_TRS_E_BTL_15300,26,26,26,27,Thalas,battle,male,thalas,assets/triangle-strategy/approved_voice_references/thalas.wav,ข้ามองเจ้าออกหมดแล้ว,,,READY_FOR_GENERATION,,triangle-strategy
3608,V_M_TRS_E_BTL_15400.wav,V_M_TRS_E_BTL_15400,27,27,27,28,Thalas,battle,male,thalas,assets/triangle-strategy/approved_voice_references/thalas.wav,ไม่!,,,READY_FOR_GENERATION,,triangle-strategy
3609,V_M_TRS_E_BTL_15500.wav,V_M_TRS_E_BTL_15500,28,28,28,29,Thalas,battle,male,thalas,assets/triangle-strategy/approved_voice_references/thalas.wav,อ้าฮ่า!,,,READY_FOR_GENERATION,,triangle-strategy
3610,V_M_TRS_E_BTL_15600.wav,V_M_TRS_E_BTL_15600,29,29,29,30,Thalas,battle,male,thalas,assets/triangle-strategy/approved_voice_references/thalas.wav,ทำได้ดี,,,READY_FOR_GENERATION,,triangle-strategy
3611,V_M_TRS_E_BTL_15700.wav,V_M_TRS_E_BTL_15700,30,30,30,31,Thalas,battle,male,thalas,assets/triangle-strategy/approved_voice_references/thalas.wav,ข้าเห็นด้วย,,,READY_FOR_GENERATION,,triangle-strategy
3612,V_M_TRS_E_BTL_15900.wav,V_M_TRS_E_BTL_15900,31,31,31,32,Thalas,battle,male,thalas,assets/triangle-strategy/approved_voice_references/thalas.wav,อา เอาล่ะ มาดูกัน,,,READY_FOR_GENERATION,,triangle-strategy
3613,V_M_TRS_E_BTL_16000.wav,V_M_TRS_E_BTL_16000,32,32,32,33,Thalas,battle,male,thalas,assets/triangle-strategy/approved_voice_references/thalas.wav,อา พยายามอย่าทำสิ่งนี้เสียเปล่านะ,,,READY_FOR_GENERATION,,triangle-strategy
3614,V_M_TRS_E_BTL_16200.wav,V_M_TRS_E_BTL_16200,33,33,33,34,Thalas,battle,male,thalas,assets/triangle-strategy/approved_voice_references/thalas.wav,นี่...คือที่ที่ข้าจะล้มหรือ?,,,READY_FOR_GENERATION,,triangle-strategy
3615,V_M_TRS_E_BTL_17410.wav,V_M_TRS_E_BTL_17410,34,34,34,35,Thalas,battle,male,thalas,assets/triangle-strategy/approved_voice_references/thalas.wav,ฮ่า!,,ATTACK_CRY,READY_FOR_GENERATION,,triangle-strategy
3616,V_M_TRS_E_BTL_17411.wav,V_M_TRS_E_BTL_17411,35,35,35,36,Thalas,battle,male,thalas,assets/triangle-strategy/approved_voice_references/thalas.wav,เข้ามาสิ!,,,READY_FOR_GENERATION,,triangle-strategy
3617,V_M_TRS_E_BTL_17420.wav,V_M_TRS_E_BTL_17420,36,36,36,37,Thalas,battle,male,thalas,assets/triangle-strategy/approved_voice_references/thalas.wav,จงถูกพัดไป!,,,READY_FOR_GENERATION,,triangle-strategy
3618,V_M_TRS_E_BTL_17421.wav,V_M_TRS_E_BTL_17421,37,37,37,38,Thalas,battle,male,thalas,assets/triangle-strategy/approved_voice_references/thalas.wav,สายลมกำลังคลั่ง!,,,READY_FOR_GENERATION,,triangle-strategy
3619,V_M_TRS_E_BTL_17422.wav,V_M_TRS_E_BTL_17422,38,38,38,39,Thalas,battle,male,thalas,assets/triangle-strategy/approved_voice_references/thalas.wav,ฮ่ะ!,,ATTACK_CRY,READY_FOR_GENERATION,,triangle-strategy
3620,V_M_TRS_E_BTL_17440.wav,V_M_TRS_E_BTL_17440,39,39,39,40,Thalas,battle,male,thalas,assets/triangle-strategy/approved_voice_references/thalas.wav,นี่เพิ่งเริ่มเท่านั้น!,,,READY_FOR_GENERATION,,triangle-strategy
3621,V_M_TRS_E_BTL_17441.wav,V_M_TRS_E_BTL_17441,40,40,40,41,Thalas,battle,male,thalas,assets/triangle-strategy/approved_voice_references/thalas.wav,หลีกทาง!,,,READY_FOR_GENERATION,,triangle-strategy
3622,V_M_TRS_E_BTL_17442.wav,V_M_TRS_E_BTL_17442,41,41,41,42,Thalas,battle,male,thalas,assets/triangle-strategy/approved_voice_references/thalas.wav,ความตายไม่ใช่จุดจบ!,,,READY_FOR_GENERATION,,triangle-strategy
3623,V_M_TRS_E_BTL_17450.wav,V_M_TRS_E_BTL_17450,42,42,42,43,Thalas,battle,male,thalas,assets/triangle-strategy/approved_voice_references/thalas.wav,คงต้องเป็นข้า,,,READY_FOR_GENERATION,,triangle-strategy
3624,V_M_TRS_E_BTL_17451.wav,V_M_TRS_E_BTL_17451,43,43,43,44,Thalas,battle,male,thalas,assets/triangle-strategy/approved_voice_references/thalas.wav,ข้าต้องทำอะไรสักอย่าง!,,,READY_FOR_GENERATION,,triangle-strategy
3625,V_M_YEN_BTL_00400.wav,V_M_YEN_BTL_00400,0,0,0,1,เอียนส์,battle,male,jens,assets/triangle-strategy/approved_voice_references/jens.wav,ถึงเวลาแล้ว,,,READY_FOR_GENERATION,,triangle-strategy
3626,V_M_YEN_BTL_00500.wav,V_M_YEN_BTL_00500,1,1,1,2,เอียนส์,battle,male,jens,assets/triangle-strategy/approved_voice_references/jens.wav,ข้าจะทำให้ดีที่สุด,,,READY_FOR_GENERATION,,triangle-strategy
3627,V_M_YEN_BTL_00600.wav,V_M_YEN_BTL_00600,2,2,2,3,เอียนส์,battle,male,jens,assets/triangle-strategy/approved_voice_references/jens.wav,สุดท้ายก็ต้องสู้,,,READY_FOR_GENERATION,,triangle-strategy
3628,V_M_YEN_BTL_00700.wav,V_M_YEN_BTL_00700,3,3,3,4,เอียนส์,battle,male,jens,assets/triangle-strategy/approved_voice_references/jens.wav,ข้าต้องใจเย็น,,,READY_FOR_GENERATION,,triangle-strategy
3629,V_M_YEN_BTL_01700.wav,V_M_YEN_BTL_01700,4,4,4,5,เอียนส์,battle,male,jens,assets/triangle-strategy/approved_voice_references/jens.wav,ไม่ดี,,,READY_FOR_GENERATION,,triangle-strategy
3630,V_M_YEN_BTL_01800.wav,V_M_YEN_BTL_01800,5,5,5,6,เอียนส์,battle,male,jens,assets/triangle-strategy/approved_voice_references/jens.wav,ข้าควรทำยังไง?,,,READY_FOR_GENERATION,,triangle-strategy
3631,V_M_YEN_BTL_01900.wav,V_M_YEN_BTL_01900,6,6,6,7,เอียนส์,battle,male,jens,assets/triangle-strategy/approved_voice_references/jens.wav,ต้องตายหรือ?,,,READY_FOR_GENERATION,,triangle-strategy
3632,V_M_YEN_BTL_02000.wav,V_M_YEN_BTL_02000,7,7,7,8,เอียนส์,battle,male,jens,assets/triangle-strategy/approved_voice_references/jens.wav,พวกมันแข็งแกร่งทีเดียว,,,READY_FOR_GENERATION,,triangle-strategy
3633,V_M_YEN_BTL_02700.wav,V_M_YEN_BTL_02700,8,8,8,9,เอียนส์,battle,male,jens,assets/triangle-strategy/approved_voice_references/jens.wav,อุ้ก,,,READY_FOR_GENERATION,,triangle-strategy
3634,V_M_YEN_BTL_02800.wav,V_M_YEN_BTL_02800,9,9,9,10,เอียนส์,battle,male,jens,assets/triangle-strategy/approved_voice_references/jens.wav,ข้าต้องการการรักษา,,,READY_FOR_GENERATION,,triangle-strategy
3635,V_M_YEN_BTL_02900.wav,V_M_YEN_BTL_02900,10,10,10,11,เอียนส์,battle,male,jens,assets/triangle-strategy/approved_voice_references/jens.wav,ย๊าก!,,ATTACK_CRY,READY_FOR_GENERATION,,triangle-strategy
3636,V_M_YEN_BTL_03000.wav,V_M_YEN_BTL_03000,11,11,11,12,เอียนส์,battle,male,jens,assets/triangle-strategy/approved_voice_references/jens.wav,ย๊าก!,,ATTACK_CRY,READY_FOR_GENERATION,,triangle-strategy
3637,V_M_YEN_BTL_03100.wav,V_M_YEN_BTL_03100,12,12,12,13,เอียนส์,battle,male,jens,assets/triangle-strategy/approved_voice_references/jens.wav,ฮ่า!,,ATTACK_CRY,READY_FOR_GENERATION,,triangle-strategy
3638,V_M_YEN_BTL_03200.wav,V_M_YEN_BTL_03200,13,13,13,14,เอียนส์,battle,male,jens,assets/triangle-strategy/approved_voice_references/jens.wav,เอ้า!,,ATTACK_CRY,READY_FOR_GENERATION,,triangle-strategy
3639,V_M_YEN_BTL_03300.wav,V_M_YEN_BTL_03300,14,14,14,15,เอียนส์,battle,male,jens,assets/triangle-strategy/approved_voice_references/jens.wav,ย๊าก!,,ATTACK_CRY,READY_FOR_GENERATION,,triangle-strategy
3640,V_M_YEN_BTL_03400.wav,V_M_YEN_BTL_03400,15,15,15,16,เอียนส์,battle,male,jens,assets/triangle-strategy/approved_voice_references/jens.wav,ฮึ่ย!,,ATTACK_CRY,READY_FOR_GENERATION,,triangle-strategy
3641,V_M_YEN_BTL_03500.wav,V_M_YEN_BTL_03500,16,16,16,17,เอียนส์,battle,male,jens,assets/triangle-strategy/approved_voice_references/jens.wav,แบบนี้ได้แน่!,,,READY_FOR_GENERATION,,triangle-strategy
3642,V_M_YEN_BTL_03600.wav,V_M_YEN_BTL_03600,17,17,17,18,เอียนส์,battle,male,jens,assets/triangle-strategy/approved_voice_references/jens.wav,เจ้าจบแล้ว!,,,READY_FOR_GENERATION,,triangle-strategy
3643,V_M_YEN_BTL_08800.wav,V_M_YEN_BTL_08800,18,18,18,19,เอียนส์,battle,male,jens,assets/triangle-strategy/approved_voice_references/jens.wav,ตอนนี้!,,,READY_FOR_GENERATION,,triangle-strategy
3644,V_M_YEN_BTL_08900.wav,V_M_YEN_BTL_08900,19,19,19,20,เอียนส์,battle,male,jens,assets/triangle-strategy/approved_voice_references/jens.wav,รับอีกอันไป!,,,READY_FOR_GENERATION,,triangle-strategy
3645,V_M_YEN_BTL_09000.wav,V_M_YEN_BTL_09000,20,20,20,21,เอียนส์,battle,male,jens,assets/triangle-strategy/approved_voice_references/jens.wav,ข้าจะช่วยเจ้า!,,,READY_FOR_GENERATION,,triangle-strategy
3646,V_M_YEN_BTL_14200.wav,V_M_YEN_BTL_14200,21,21,21,22,เอียนส์,battle,male,jens,assets/triangle-strategy/approved_voice_references/jens.wav,ผลลัพธ์ยอดเยี่ยม!,,,READY_FOR_GENERATION,,triangle-strategy
3647,V_M_YEN_BTL_14300.wav,V_M_YEN_BTL_14300,22,22,22,23,เอียนส์,battle,male,jens,assets/triangle-strategy/approved_voice_references/jens.wav,สมบูรณ์แบบ!,,,READY_FOR_GENERATION,,triangle-strategy
3648,V_M_YEN_BTL_14400.wav,V_M_YEN_BTL_14400,23,23,23,24,เอียนส์,battle,male,jens,assets/triangle-strategy/approved_voice_references/jens.wav,น่าเสียดาย,,,READY_FOR_GENERATION,,triangle-strategy
3649,V_M_YEN_BTL_14500.wav,V_M_YEN_BTL_14500,24,24,24,25,เอียนส์,battle,male,jens,assets/triangle-strategy/approved_voice_references/jens.wav,บ้าเอ๊ย,,,READY_FOR_GENERATION,,triangle-strategy
3650,V_M_YEN_BTL_14600.wav,V_M_YEN_BTL_14600,25,25,25,26,เอียนส์,battle,male,jens,assets/triangle-strategy/approved_voice_references/jens.wav,อึก!,,HURT_CRY,READY_FOR_GENERATION,,triangle-strategy
3651,V_M_YEN_BTL_14700.wav,V_M_YEN_BTL_14700,26,26,26,27,เอียนส์,battle,male,jens,assets/triangle-strategy/approved_voice_references/jens.wav,ถ้า...,,,READY_FOR_GENERATION,,triangle-strategy
3652,V_M_YEN_BTL_14800.wav,V_M_YEN_BTL_14800,27,27,27,28,เอียนส์,battle,male,jens,assets/triangle-strategy/approved_voice_references/jens.wav,อั่ก!,,HURT_CRY,READY_FOR_GENERATION,,triangle-strategy
3653,V_M_YEN_BTL_14900.wav,V_M_YEN_BTL_14900,28,28,28,29,เอียนส์,battle,male,jens,assets/triangle-strategy/approved_voice_references/jens.wav,โอ๊ย!,,HURT_CRY,READY_FOR_GENERATION,,triangle-strategy
3654,V_M_YEN_BTL_15000.wav,V_M_YEN_BTL_15000,29,29,29,30,เอียนส์,battle,male,jens,assets/triangle-strategy/approved_voice_references/jens.wav,อั่ก!,,,READY_FOR_GENERATION,,triangle-strategy
3655,V_M_YEN_BTL_15100.wav,V_M_YEN_BTL_15100,30,30,30,31,เอียนส์,battle,male,jens,assets/triangle-strategy/approved_voice_references/jens.wav,พระเจ้า!,,,READY_FOR_GENERATION,,triangle-strategy
3656,V_M_YEN_BTL_15200.wav,V_M_YEN_BTL_15200,31,31,31,32,เอียนส์,battle,male,jens,assets/triangle-strategy/approved_voice_references/jens.wav,เรายังไม่จบ!,,,READY_FOR_GENERATION,,triangle-strategy
3657,V_M_YEN_BTL_15300.wav,V_M_YEN_BTL_15300,32,32,32,33,เอียนส์,battle,male,jens,assets/triangle-strategy/approved_voice_references/jens.wav,เอาคืนไป!,,,READY_FOR_GENERATION,,triangle-strategy
3658,V_M_YEN_BTL_15310.wav,V_M_YEN_BTL_15310,33,33,33,34,เอียนส์,battle,male,jens,assets/triangle-strategy/approved_voice_references/jens.wav,ตามใจเจ้า!,,,READY_FOR_GENERATION,,triangle-strategy
3659,V_M_YEN_BTL_15320.wav,V_M_YEN_BTL_15320,34,34,34,35,เอียนส์,battle,male,jens,assets/triangle-strategy/approved_voice_references/jens.wav,นี่สำหรับเจ้า!,,,READY_FOR_GENERATION,,triangle-strategy
3660,V_M_YEN_BTL_15400.wav,V_M_YEN_BTL_15400,35,35,35,36,เอียนส์,battle,male,jens,assets/triangle-strategy/approved_voice_references/jens.wav,ฮ่า ฮ่า!,,,READY_FOR_GENERATION,,triangle-strategy
3661,V_M_YEN_BTL_15500.wav,V_M_YEN_BTL_15500,36,36,36,37,เอียนส์,battle,male,jens,assets/triangle-strategy/approved_voice_references/jens.wav,เกือบไปแล้ว,,,READY_FOR_GENERATION,,triangle-strategy
3662,V_M_YEN_BTL_15600.wav,V_M_YEN_BTL_15600,37,37,37,38,เอียนส์,battle,male,jens,assets/triangle-strategy/approved_voice_references/jens.wav,ขอบคุณ,,,READY_FOR_GENERATION,,triangle-strategy
3663,V_M_YEN_BTL_15700.wav,V_M_YEN_BTL_15700,38,38,38,39,เอียนส์,battle,male,jens,assets/triangle-strategy/approved_voice_references/jens.wav,ข้ารอดแล้ว,,,READY_FOR_GENERATION,,triangle-strategy
3664,V_M_YEN_BTL_15800.wav,V_M_YEN_BTL_15800,39,39,39,40,เอียนส์,battle,male,jens,assets/triangle-strategy/approved_voice_references/jens.wav,โล่งอกจริง!,,,READY_FOR_GENERATION,,triangle-strategy
3665,V_M_YEN_BTL_15900.wav,V_M_YEN_BTL_15900,40,40,40,41,เอียนส์,battle,male,jens,assets/triangle-strategy/approved_voice_references/jens.wav,นี่สิของดี!,,,READY_FOR_GENERATION,,triangle-strategy
3666,V_M_YEN_BTL_16000.wav,V_M_YEN_BTL_16000,41,41,41,42,เอียนส์,battle,male,jens,assets/triangle-strategy/approved_voice_references/jens.wav,รู้สึกว่าข้าทำได้ทุกอย่าง,,,READY_FOR_GENERATION,,triangle-strategy
3667,V_M_YEN_BTL_16100.wav,V_M_YEN_BTL_16100,42,42,42,43,เอียนส์,battle,male,jens,assets/triangle-strategy/approved_voice_references/jens.wav,อาจมีประโยชน์,,,READY_FOR_GENERATION,,triangle-strategy
3668,V_M_YEN_BTL_16200.wav,V_M_YEN_BTL_16200,43,43,43,44,เอียนส์,battle,male,jens,assets/triangle-strategy/approved_voice_references/jens.wav,ไปต่อ...ไม่ไหว...,,,READY_FOR_GENERATION,,triangle-strategy
3669,V_M_YEN_BTL_16300.wav,V_M_YEN_BTL_16300,44,44,44,45,เอียนส์,battle,male,jens,assets/triangle-strategy/approved_voice_references/jens.wav,ข้าคงไม่รอดแล้ว,,,READY_FOR_GENERATION,,triangle-strategy
3670,V_M_YEN_BTL_16400.wav,V_M_YEN_BTL_16400,45,45,45,46,เอียนส์,battle,male,jens,assets/triangle-strategy/approved_voice_references/jens.wav,รับนี่ไป!,,,READY_FOR_GENERATION,,triangle-strategy
3671,V_M_YEN_BTL_16500.wav,V_M_YEN_BTL_16500,46,46,46,47,เอียนส์,battle,male,jens,assets/triangle-strategy/approved_voice_references/jens.wav,นี่ไง!,,,READY_FOR_GENERATION,,triangle-strategy
3672,V_M_YEN_BTL_16600.wav,V_M_YEN_BTL_16600,47,47,47,48,เอียนส์,battle,male,jens,assets/triangle-strategy/approved_voice_references/jens.wav,ลองนี่กัน,,,READY_FOR_GENERATION,,triangle-strategy
3673,V_M_YEN_BTL_17410.wav,V_M_YEN_BTL_17410,48,48,48,49,เอียนส์,battle,male,jens,assets/triangle-strategy/approved_voice_references/jens.wav,แบบนี้เป็นไง?,,,READY_FOR_GENERATION,,triangle-strategy
3674,V_M_YEN_BTL_17411.wav,V_M_YEN_BTL_17411,49,49,49,50,เอียนส์,battle,male,jens,assets/triangle-strategy/approved_voice_references/jens.wav,เอาล่ะ!,,,READY_FOR_GENERATION,,triangle-strategy
3675,V_M_YEN_BTL_17412.wav,V_M_YEN_BTL_17412,50,50,50,51,เอียนส์,battle,male,jens,assets/triangle-strategy/approved_voice_references/jens.wav,เล็งให้นิ่ง,,,READY_FOR_GENERATION,,triangle-strategy
3676,V_M_YEN_BTL_17413.wav,V_M_YEN_BTL_17413,51,51,51,52,เอียนส์,battle,male,jens,assets/triangle-strategy/approved_voice_references/jens.wav,ข้าจะแสดงให้เห็นว่าทำอะไรได้,,,READY_FOR_GENERATION,,triangle-strategy
3677,V_M_YEN_BTL_17414.wav,V_M_YEN_BTL_17414,52,52,52,53,เอียนส์,battle,male,jens,assets/triangle-strategy/approved_voice_references/jens.wav,แบบนี้น่าจะได้!,,,READY_FOR_GENERATION,,triangle-strategy
3678,V_M_YEN_BTL_17415.wav,V_M_YEN_BTL_17415,53,53,53,54,เอียนส์,battle,male,jens,assets/triangle-strategy/approved_voice_references/jens.wav,เข้าใจแล้ว,,,READY_FOR_GENERATION,,triangle-strategy
3679,V_M_YEN_BTL_17460.wav,V_M_YEN_BTL_17460,54,54,54,55,เอียนส์,battle,male,jens,assets/triangle-strategy/approved_voice_references/jens.wav,อาเมน,,,READY_FOR_GENERATION,,triangle-strategy
3680,V_M_YEN_BTL_17461.wav,V_M_YEN_BTL_17461,55,55,55,56,เอียนส์,battle,male,jens,assets/triangle-strategy/approved_voice_references/jens.wav,ขอโทษ,,,READY_FOR_GENERATION,,triangle-strategy
3681,V_M_YEN_BTL_17462.wav,V_M_YEN_BTL_17462,56,56,56,57,เอียนส์,battle,male,jens,assets/triangle-strategy/approved_voice_references/jens.wav,ย้าก!,,ATTACK_CRY,READY_FOR_GENERATION,,triangle-strategy
3682,V_M_YEN_BTL_17470.wav,V_M_YEN_BTL_17470,57,57,57,58,เอียนส์,battle,male,jens,assets/triangle-strategy/approved_voice_references/jens.wav,ได้โปรด ได้ผลที!,,,READY_FOR_GENERATION,,triangle-strategy
3683,V_M_YEN_BTL_17471.wav,V_M_YEN_BTL_17471,58,58,58,59,เอียนส์,battle,male,jens,assets/triangle-strategy/approved_voice_references/jens.wav,ถ้าข้าไปถึงตรงนั้นได้...,,,READY_FOR_GENERATION,,triangle-strategy
3684,V_M_YEN_BTL_17472.wav,V_M_YEN_BTL_17472,59,59,59,60,เอียนส์,battle,male,jens,assets/triangle-strategy/approved_voice_references/jens.wav,ข้าจะถ่วงพวกมันไว้,,,READY_FOR_GENERATION,,triangle-strategy
3685,V_M_YEN_BTL_17473.wav,V_M_YEN_BTL_17473,60,60,60,61,เอียนส์,battle,male,jens,assets/triangle-strategy/approved_voice_references/jens.wav,นี่คือวิธีของข้า,,,READY_FOR_GENERATION,,triangle-strategy
3686,V_M_YEN_BTL_17480.wav,V_M_YEN_BTL_17480,61,61,61,62,เอียนส์,battle,male,jens,assets/triangle-strategy/approved_voice_references/jens.wav,นี่ของพิเศษเล็ก ๆ น้อย ๆ สำหรับเจ้า,,,READY_FOR_GENERATION,,triangle-strategy
3687,V_M_YEN_BTL_17500.wav,V_M_YEN_BTL_17500,62,62,62,63,เอียนส์,battle,male,jens,assets/triangle-strategy/approved_voice_references/jens.wav,ข้าค้นพบทางใหม่แล้ว!,,,READY_FOR_GENERATION,,triangle-strategy
3688,V_M_YEN_BTL_17600.wav,V_M_YEN_BTL_17600,63,63,63,64,เอียนส์,battle,male,jens,assets/triangle-strategy/approved_voice_references/jens.wav,ข้าทำได้,,,READY_FOR_GENERATION,,triangle-strategy
3689,V_M_YEN_BTL_17700.wav,V_M_YEN_BTL_17700,64,64,64,65,เอียนส์,battle,male,jens,assets/triangle-strategy/approved_voice_references/jens.wav,ยังมีอีกมากให้เรียนรู้,,,READY_FOR_GENERATION,,triangle-strategy
3690,V_M_YEN_BTL_17800.wav,V_M_YEN_BTL_17800,65,65,65,66,เอียนส์,battle,male,jens,assets/triangle-strategy/approved_voice_references/jens.wav,ข้ารู้สึกว่าตัวเองเติบโตขึ้นจริง ๆ,,,READY_FOR_GENERATION,,triangle-strategy
3691,V_M_YEN_BTL_17900.wav,V_M_YEN_BTL_17900,66,66,66,67,เอียนส์,battle,male,jens,assets/triangle-strategy/approved_voice_references/jens.wav,ข้า...ข้าจะทำให้ดีที่สุด,,,READY_FOR_GENERATION,,triangle-strategy
3692,V_M_YEN_BTL_18000.wav,V_M_YEN_BTL_18000,67,67,67,68,เอียนส์,battle,male,jens,assets/triangle-strategy/approved_voice_references/jens.wav,ข้าจะลองดู,,,READY_FOR_GENERATION,,triangle-strategy
3693,V_M_YEN_BTL_18200.wav,V_M_YEN_BTL_18200,68,68,68,69,เอียนส์,battle,male,jens,assets/triangle-strategy/approved_voice_references/jens.wav,ข้าเก่งขึ้นแล้ว,,,READY_FOR_GENERATION,,triangle-strategy
3694,V_M_YEN_BTL_18300.wav,V_M_YEN_BTL_18300,69,69,69,70,เอียนส์,battle,male,jens,assets/triangle-strategy/approved_voice_references/jens.wav,ข้าควรเชื่อในตัวเองบ้าง ใช่ไหม?,,,READY_FOR_GENERATION,,triangle-strategy
3695,V_N_DEC_BTL_00400.wav,V_N_DEC_BTL_00400,0,0,0,1,เดซิมอล,battle,unknown,decimal,assets/triangle-strategy/approved_voice_references/decimal.wav,ข้า,,,READY_FOR_GENERATION,,triangle-strategy
3696,V_N_DEC_BTL_00500.wav,V_N_DEC_BTL_00500,1,1,1,2,เดซิมอล,battle,unknown,decimal,assets/triangle-strategy/approved_voice_references/decimal.wav,จงดู! จงดู!,,,READY_FOR_GENERATION,,triangle-strategy
3697,V_N_DEC_BTL_00600.wav,V_N_DEC_BTL_00600,2,2,2,3,เดซิมอล,battle,unknown,decimal,assets/triangle-strategy/approved_voice_references/decimal.wav,เดซิมัล กำลังออกตัว,,,READY_FOR_GENERATION,,triangle-strategy
3698,V_N_DEC_BTL_00700.wav,V_N_DEC_BTL_00700,3,3,3,4,เดซิมอล,battle,unknown,decimal,assets/triangle-strategy/approved_voice_references/decimal.wav,ข้าไปล่ะ!,,,READY_FOR_GENERATION,,triangle-strategy
3699,V_N_DEC_BTL_01700.wav,V_N_DEC_BTL_01700,4,4,4,5,เดซิมอล,battle,unknown,decimal,assets/triangle-strategy/approved_voice_references/decimal.wav,โอ้ตาย โอ้ตาย,,,READY_FOR_GENERATION,,triangle-strategy
3700,V_N_DEC_BTL_01800.wav,V_N_DEC_BTL_01800,5,5,5,6,เดซิมอล,battle,unknown,decimal,assets/triangle-strategy/approved_voice_references/decimal.wav,เสี่ยงอันตราย,,,READY_FOR_GENERATION,,triangle-strategy
3701,V_N_DEC_BTL_01900.wav,V_N_DEC_BTL_01900,6,6,6,7,เดซิมอล,battle,unknown,decimal,assets/triangle-strategy/approved_voice_references/decimal.wav,นี่หนักเกินไปสำหรับข้า,,,READY_FOR_GENERATION,,triangle-strategy
3702,V_N_DEC_BTL_02000.wav,V_N_DEC_BTL_02000,7,7,7,8,เดซิมอล,battle,unknown,decimal,assets/triangle-strategy/approved_voice_references/decimal.wav,จะทำอย่างไรดี,,,READY_FOR_GENERATION,,triangle-strategy
3703,V_N_DEC_BTL_02700.wav,V_N_DEC_BTL_02700,8,8,8,9,เดซิมอล,battle,unknown,decimal,assets/triangle-strategy/approved_voice_references/decimal.wav,มีบางอย่างแปลกไป,,,READY_FOR_GENERATION,,triangle-strategy
3704,V_N_DEC_BTL_02800.wav,V_N_DEC_BTL_02800,9,9,9,10,เดซิมอล,battle,unknown,decimal,assets/triangle-strategy/approved_voice_references/decimal.wav,สภาพของข้าไม่สมบูรณ์,,,READY_FOR_GENERATION,,triangle-strategy
3705,V_N_DEC_BTL_02900.wav,V_N_DEC_BTL_02900,10,10,10,11,เดซิมอล,battle,unknown,decimal,assets/triangle-strategy/approved_voice_references/decimal.wav,ฮ่า ย่า!,,,READY_FOR_GENERATION,,triangle-strategy
3706,V_N_DEC_BTL_03000.wav,V_N_DEC_BTL_03000,11,11,11,12,เดซิมอล,battle,unknown,decimal,assets/triangle-strategy/approved_voice_references/decimal.wav,ฮ่า!,,ATTACK_CRY,READY_FOR_GENERATION,,triangle-strategy
3707,V_N_DEC_BTL_03100.wav,V_N_DEC_BTL_03100,12,12,12,13,เดซิมอล,battle,unknown,decimal,assets/triangle-strategy/approved_voice_references/decimal.wav,สวัสดี!,,,READY_FOR_GENERATION,,triangle-strategy
3708,V_N_DEC_BTL_03200.wav,V_N_DEC_BTL_03200,13,13,13,14,เดซิมอล,battle,unknown,decimal,assets/triangle-strategy/approved_voice_references/decimal.wav,เชา!,,,READY_FOR_GENERATION,,triangle-strategy
3709,V_N_DEC_BTL_03300.wav,V_N_DEC_BTL_03300,14,14,14,15,เดซิมอล,battle,unknown,decimal,assets/triangle-strategy/approved_voice_references/decimal.wav,ย๊าก!,,ATTACK_CRY,READY_FOR_GENERATION,,triangle-strategy
3710,V_N_DEC_BTL_03400.wav,V_N_DEC_BTL_03400,15,15,15,16,เดซิมอล,battle,unknown,decimal,assets/triangle-strategy/approved_voice_references/decimal.wav,เอ้า!,,ATTACK_CRY,READY_FOR_GENERATION,,triangle-strategy
3711,V_N_DEC_BTL_03500.wav,V_N_DEC_BTL_03500,16,16,16,17,เดซิมอล,battle,unknown,decimal,assets/triangle-strategy/approved_voice_references/decimal.wav,จบแล้ว,,,READY_FOR_GENERATION,,triangle-strategy
3712,V_N_DEC_BTL_03600.wav,V_N_DEC_BTL_03600,17,17,17,18,เดซิมอล,battle,unknown,decimal,assets/triangle-strategy/approved_voice_references/decimal.wav,ลาก่อน,,,READY_FOR_GENERATION,,triangle-strategy
3713,V_N_DEC_BTL_08800.wav,V_N_DEC_BTL_08800,18,18,18,19,เดซิมอล,battle,unknown,decimal,assets/triangle-strategy/approved_voice_references/decimal.wav,ตอนนี้ข้ามีประโยชน์ไหม?,,,READY_FOR_GENERATION,,triangle-strategy
3714,V_N_DEC_BTL_08900.wav,V_N_DEC_BTL_08900,19,19,19,20,เดซิมอล,battle,unknown,decimal,assets/triangle-strategy/approved_voice_references/decimal.wav,ตอนนี้!,,,READY_FOR_GENERATION,,triangle-strategy
3715,V_N_DEC_BTL_09000.wav,V_N_DEC_BTL_09000,20,20,20,21,เดซิมอล,battle,unknown,decimal,assets/triangle-strategy/approved_voice_references/decimal.wav,อีกหนึ่ง,,,READY_FOR_GENERATION,,triangle-strategy
3716,V_N_DEC_BTL_14200.wav,V_N_DEC_BTL_14200,21,21,21,22,เดซิมอล,battle,unknown,decimal,assets/triangle-strategy/approved_voice_references/decimal.wav,ข้าทำได้! ข้าทำได้!,,,READY_FOR_GENERATION,,triangle-strategy
3717,V_N_DEC_BTL_14300.wav,V_N_DEC_BTL_14300,22,22,22,23,เดซิมอล,battle,unknown,decimal,assets/triangle-strategy/approved_voice_references/decimal.wav,เป็นไปตามการคำนวณ,,,READY_FOR_GENERATION,,triangle-strategy
3718,V_N_DEC_BTL_14400.wav,V_N_DEC_BTL_14400,23,23,23,24,เดซิมอล,battle,unknown,decimal,assets/triangle-strategy/approved_voice_references/decimal.wav,ล้มเหลวอีกครั้ง,,,READY_FOR_GENERATION,,triangle-strategy
3719,V_N_DEC_BTL_14500.wav,V_N_DEC_BTL_14500,24,24,24,25,เดซิมอล,battle,unknown,decimal,assets/triangle-strategy/approved_voice_references/decimal.wav,ยกโทษให้ข้าด้วย นายท่าน,,,READY_FOR_GENERATION,,triangle-strategy
3720,V_N_DEC_BTL_14600.wav,V_N_DEC_BTL_14600,25,25,25,26,เดซิมอล,battle,unknown,decimal,assets/triangle-strategy/approved_voice_references/decimal.wav,อึก!,,HURT_CRY,READY_FOR_GENERATION,,triangle-strategy
3721,V_N_DEC_BTL_14700.wav,V_N_DEC_BTL_14700,26,26,26,27,เดซิมอล,battle,unknown,decimal,assets/triangle-strategy/approved_voice_references/decimal.wav,ว้า!,,,READY_FOR_GENERATION,,triangle-strategy
3722,V_N_DEC_BTL_14800.wav,V_N_DEC_BTL_14800,27,27,27,28,เดซิมอล,battle,unknown,decimal,assets/triangle-strategy/approved_voice_references/decimal.wav,แบร่!,,,READY_FOR_GENERATION,,triangle-strategy
3723,V_N_DEC_BTL_14900.wav,V_N_DEC_BTL_14900,28,28,28,29,เดซิมอล,battle,unknown,decimal,assets/triangle-strategy/approved_voice_references/decimal.wav,บ้าน...,,,READY_FOR_GENERATION,,triangle-strategy
3724,V_N_DEC_BTL_15000.wav,V_N_DEC_BTL_15000,29,29,29,30,เดซิมอล,battle,unknown,decimal,assets/triangle-strategy/approved_voice_references/decimal.wav,เย่ อา อา,,,READY_FOR_GENERATION,,triangle-strategy
3725,V_N_DEC_BTL_15100.wav,V_N_DEC_BTL_15100,30,30,30,31,เดซิมอล,battle,unknown,decimal,assets/triangle-strategy/approved_voice_references/decimal.wav,อึ่ก!,,HURT_CRY,READY_FOR_GENERATION,,triangle-strategy
3726,V_N_DEC_BTL_15200.wav,V_N_DEC_BTL_15200,31,31,31,32,เดซิมอล,battle,unknown,decimal,assets/triangle-strategy/approved_voice_references/decimal.wav,แย่แล้ว สถานการณ์พลิกกลับ,,,READY_FOR_GENERATION,,triangle-strategy
3727,V_N_DEC_BTL_15300.wav,V_N_DEC_BTL_15300,32,32,32,33,เดซิมอล,battle,unknown,decimal,assets/triangle-strategy/approved_voice_references/decimal.wav,ดี ดี ดี,,,READY_FOR_GENERATION,,triangle-strategy
3728,V_N_DEC_BTL_15310.wav,V_N_DEC_BTL_15310,33,33,33,34,เดซิมอล,battle,unknown,decimal,assets/triangle-strategy/approved_voice_references/decimal.wav,เริ่มมาตรการตอบโต้,,,READY_FOR_GENERATION,,triangle-strategy
3729,V_N_DEC_BTL_15320.wav,V_N_DEC_BTL_15320,34,34,34,35,เดซิมอล,battle,unknown,decimal,assets/triangle-strategy/approved_voice_references/decimal.wav,แบบนี้น่าจะได้,,,READY_FOR_GENERATION,,triangle-strategy
3730,V_N_DEC_BTL_15400.wav,V_N_DEC_BTL_15400,35,35,35,36,เดซิมอล,battle,unknown,decimal,assets/triangle-strategy/approved_voice_references/decimal.wav,เยี่ยม!,,,READY_FOR_GENERATION,,triangle-strategy
3731,V_N_DEC_BTL_15500.wav,V_N_DEC_BTL_15500,36,36,36,37,เดซิมอล,battle,unknown,decimal,assets/triangle-strategy/approved_voice_references/decimal.wav,หึ!,,EVADE_GUARD,READY_FOR_GENERATION,,triangle-strategy
3732,V_N_DEC_BTL_15600.wav,V_N_DEC_BTL_15600,37,37,37,38,เดซิมอล,battle,unknown,decimal,assets/triangle-strategy/approved_voice_references/decimal.wav,ขอบคุณมาก,,,READY_FOR_GENERATION,,triangle-strategy
3733,V_N_DEC_BTL_15700.wav,V_N_DEC_BTL_15700,38,38,38,39,เดซิมอล,battle,unknown,decimal,assets/triangle-strategy/approved_voice_references/decimal.wav,ขอบใจนะ,,,READY_FOR_GENERATION,,triangle-strategy
3734,V_N_DEC_BTL_15800.wav,V_N_DEC_BTL_15800,39,39,39,40,เดซิมอล,battle,unknown,decimal,assets/triangle-strategy/approved_voice_references/decimal.wav,ข้าติดหนี้บุญคุณเจ้า,,,READY_FOR_GENERATION,,triangle-strategy
3735,V_N_DEC_BTL_15900.wav,V_N_DEC_BTL_15900,40,40,40,41,เดซิมอล,battle,unknown,decimal,assets/triangle-strategy/approved_voice_references/decimal.wav,ข้าจะพยายามอย่างเต็มที่,,,READY_FOR_GENERATION,,triangle-strategy
3736,V_N_DEC_BTL_16000.wav,V_N_DEC_BTL_16000,41,41,41,42,เดซิมอล,battle,unknown,decimal,assets/triangle-strategy/approved_voice_references/decimal.wav,ดูข้าตอนนี้,,,READY_FOR_GENERATION,,triangle-strategy
3737,V_N_DEC_BTL_16100.wav,V_N_DEC_BTL_16100,42,42,42,43,เดซิมอล,battle,unknown,decimal,assets/triangle-strategy/approved_voice_references/decimal.wav,ข้ายินดีรับใช้,,,READY_FOR_GENERATION,,triangle-strategy
3738,V_N_DEC_BTL_16200.wav,V_N_DEC_BTL_16200,43,43,43,44,เดซิมอล,battle,unknown,decimal,assets/triangle-strategy/approved_voice_references/decimal.wav,กำลังปิดระบบ,,,READY_FOR_GENERATION,,triangle-strategy
3739,V_N_DEC_BTL_16300.wav,V_N_DEC_BTL_16300,44,44,44,45,เดซิมอล,battle,unknown,decimal,assets/triangle-strategy/approved_voice_references/decimal.wav,ข้าไปต่อไม่ได้,,,READY_FOR_GENERATION,,triangle-strategy
3740,V_N_DEC_BTL_16400.wav,V_N_DEC_BTL_16400,45,45,45,46,เดซิมอล,battle,unknown,decimal,assets/triangle-strategy/approved_voice_references/decimal.wav,นั่น!,,,READY_FOR_GENERATION,,triangle-strategy
3741,V_N_DEC_BTL_16500.wav,V_N_DEC_BTL_16500,46,46,46,47,เดซิมอล,battle,unknown,decimal,assets/triangle-strategy/approved_voice_references/decimal.wav,นี่ของเจ้า,,,READY_FOR_GENERATION,,triangle-strategy
3742,V_N_DEC_BTL_16600.wav,V_N_DEC_BTL_16600,47,47,47,48,เดซิมอล,battle,unknown,decimal,assets/triangle-strategy/approved_voice_references/decimal.wav,นี่น่าจะช่วยได้,,,READY_FOR_GENERATION,,triangle-strategy
3743,V_N_DEC_BTL_17410.wav,V_N_DEC_BTL_17410,48,48,48,49,เดซิมอล,battle,unknown,decimal,assets/triangle-strategy/approved_voice_references/decimal.wav,เริ่มการคำนวณ,,,READY_FOR_GENERATION,,triangle-strategy
3744,V_N_DEC_BTL_17411.wav,V_N_DEC_BTL_17411,49,49,49,50,เดซิมอล,battle,unknown,decimal,assets/triangle-strategy/approved_voice_references/decimal.wav,แกร๊ก แกร๊ก แกร๊ก แกร๊ก,,,READY_FOR_GENERATION,,triangle-strategy
3745,V_N_DEC_BTL_17412.wav,V_N_DEC_BTL_17412,50,50,50,51,เดซิมอล,battle,unknown,decimal,assets/triangle-strategy/approved_voice_references/decimal.wav,ข้ามีคำตอบแล้ว,,,READY_FOR_GENERATION,,triangle-strategy
3746,V_N_DEC_BTL_17413.wav,V_N_DEC_BTL_17413,51,51,51,52,เดซิมอล,battle,unknown,decimal,assets/triangle-strategy/approved_voice_references/decimal.wav,ข้าเต็มเปี่ยมด้วยพลัง,,,READY_FOR_GENERATION,,triangle-strategy
3747,V_N_DEC_BTL_17414.wav,V_N_DEC_BTL_17414,52,52,52,53,เดซิมอล,battle,unknown,decimal,assets/triangle-strategy/approved_voice_references/decimal.wav,เจ้าทำได้! เจ้าทำได้!,,,READY_FOR_GENERATION,,triangle-strategy
3748,V_N_DEC_BTL_17415.wav,V_N_DEC_BTL_17415,53,53,53,54,เดซิมอล,battle,unknown,decimal,assets/triangle-strategy/approved_voice_references/decimal.wav,ข้าเชื่อในตัวเจ้า,,,READY_FOR_GENERATION,,triangle-strategy
3749,V_N_DEC_BTL_17416.wav,V_N_DEC_BTL_17416,54,54,54,55,เดซิมอล,battle,unknown,decimal,assets/triangle-strategy/approved_voice_references/decimal.wav,แม้แต่ข้าก็ทำได้,,,READY_FOR_GENERATION,,triangle-strategy
3750,V_N_DEC_BTL_17417.wav,V_N_DEC_BTL_17417,55,55,55,56,เดซิมอล,battle,unknown,decimal,assets/triangle-strategy/approved_voice_references/decimal.wav,ข้าจะทุ่มสุดกำลัง,,,READY_FOR_GENERATION,,triangle-strategy
3751,V_N_DEC_BTL_17418.wav,V_N_DEC_BTL_17418,56,56,56,57,เดซิมอล,battle,unknown,decimal,assets/triangle-strategy/approved_voice_references/decimal.wav,ลองนี่กัน,,,READY_FOR_GENERATION,,triangle-strategy
3752,V_N_DEC_BTL_17420.wav,V_N_DEC_BTL_17420,57,57,57,58,เดซิมอล,battle,unknown,decimal,assets/triangle-strategy/approved_voice_references/decimal.wav,กำลังคำนวณ สาม,,,READY_FOR_GENERATION,,triangle-strategy
3753,V_N_DEC_BTL_17421.wav,V_N_DEC_BTL_17421,58,58,58,59,เดซิมอล,battle,unknown,decimal,assets/triangle-strategy/approved_voice_references/decimal.wav,กำลังคำนวณ สี่,,,READY_FOR_GENERATION,,triangle-strategy
3754,V_N_DEC_BTL_17422.wav,V_N_DEC_BTL_17422,59,59,59,60,เดซิมอล,battle,unknown,decimal,assets/triangle-strategy/approved_voice_references/decimal.wav,กำลังคำนวณ ห้า,,,READY_FOR_GENERATION,,triangle-strategy
3755,V_N_DEC_BTL_17423.wav,V_N_DEC_BTL_17423,60,60,60,61,เดซิมอล,battle,unknown,decimal,assets/triangle-strategy/approved_voice_references/decimal.wav,ล็อกเป้าหมายแล้ว,,,READY_FOR_GENERATION,,triangle-strategy
3756,V_N_DEC_BTL_17424.wav,V_N_DEC_BTL_17424,61,61,61,62,เดซิมอล,battle,unknown,decimal,assets/triangle-strategy/approved_voice_references/decimal.wav,ปัง!,,,READY_FOR_GENERATION,,triangle-strategy
3757,V_N_DEC_BTL_17440.wav,V_N_DEC_BTL_17440,62,62,62,63,เดซิมอล,battle,unknown,decimal,assets/triangle-strategy/approved_voice_references/decimal.wav,นับสาม,,,READY_FOR_GENERATION,,triangle-strategy
3758,V_N_DEC_BTL_17441.wav,V_N_DEC_BTL_17441,63,63,63,64,เดซิมอล,battle,unknown,decimal,assets/triangle-strategy/approved_voice_references/decimal.wav,หากการคำนวณของข้าถูกต้อง...,,,READY_FOR_GENERATION,,triangle-strategy
3759,V_N_DEC_BTL_17450.wav,V_N_DEC_BTL_17450,64,64,64,65,เดซิมอล,battle,unknown,decimal,assets/triangle-strategy/approved_voice_references/decimal.wav,แบบนี้น่าจะได้,,,READY_FOR_GENERATION,,triangle-strategy
3760,V_N_DEC_BTL_17480.wav,V_N_DEC_BTL_17480,65,65,65,66,เดซิมอล,battle,unknown,decimal,assets/triangle-strategy/approved_voice_references/decimal.wav,ขอให้เจ้าพบแต่ความสุข,,,READY_FOR_GENERATION,,triangle-strategy
3761,V_N_DEC_BTL_17500.wav,V_N_DEC_BTL_17500,66,66,66,67,เดซิมอล,battle,unknown,decimal,assets/triangle-strategy/approved_voice_references/decimal.wav,ข้ามีความคิดแล้ว,,,READY_FOR_GENERATION,,triangle-strategy
3762,V_N_DEC_BTL_17600.wav,V_N_DEC_BTL_17600,67,67,67,68,เดซิมอล,battle,unknown,decimal,assets/triangle-strategy/approved_voice_references/decimal.wav,ได้มาแล้ว,,,READY_FOR_GENERATION,,triangle-strategy
3763,V_N_DEC_BTL_17700.wav,V_N_DEC_BTL_17700,68,68,68,69,เดซิมอล,battle,unknown,decimal,assets/triangle-strategy/approved_voice_references/decimal.wav,เลเวล อัป,,,READY_FOR_GENERATION,,triangle-strategy
3764,V_N_DEC_BTL_17800.wav,V_N_DEC_BTL_17800,69,69,69,70,เดซิมอล,battle,unknown,decimal,assets/triangle-strategy/approved_voice_references/decimal.wav,ข้ามีความสุขมาก,,,READY_FOR_GENERATION,,triangle-strategy
3765,V_N_DEC_BTL_17900.wav,V_N_DEC_BTL_17900,70,70,70,71,เดซิมอล,battle,unknown,decimal,assets/triangle-strategy/approved_voice_references/decimal.wav,เข้าใจแล้ว,,,READY_FOR_GENERATION,,triangle-strategy
3766,V_N_DEC_BTL_18000.wav,V_N_DEC_BTL_18000,71,71,71,72,เดซิมอล,battle,unknown,decimal,assets/triangle-strategy/approved_voice_references/decimal.wav,ให้ข้าช่วยเถอะ,,,READY_FOR_GENERATION,,triangle-strategy
3767,V_N_DEC_BTL_18200.wav,V_N_DEC_BTL_18200,72,72,72,73,เดซิมอล,battle,unknown,decimal,assets/triangle-strategy/approved_voice_references/decimal.wav,ตอนนี้ข้าจะมีประโยชน์มากขึ้น,,,READY_FOR_GENERATION,,triangle-strategy
3768,V_N_DEC_BTL_18300.wav,V_N_DEC_BTL_18300,73,73,73,74,เดซิมอล,battle,unknown,decimal,assets/triangle-strategy/approved_voice_references/decimal.wav,ว้าว! ดูข้าสิ!,,,READY_FOR_GENERATION,,triangle-strategy
