line_no,file_name,self_id,cue,sequence,waveform,awb_stream,character_name,role,gender,voice_target,reference_audio,thai_text,pronunciation_note,prosody_note,status,tts_text,voice_project
1,MS15_F01_A0_0010_F_FRE_0010.wav,MS15_F01_A0_0010_F_FRE_0010,0,0,0,1,Frederica,main,female,frederica,assets/triangle-strategy/approved_voice_references/frederica.wav,ไม่อยากเชื่อว่าลอร์ดซีมอนอาการทรุดรวดเร็วขนาดนี้...,,,PENDING_MANUAL_GENERATION,,triangle-strategy
2,MS15_F01_A0_0010_F_FRE_0020.wav,MS15_F01_A0_0010_F_FRE_0020,1,1,1,2,Frederica,main,female,frederica,assets/triangle-strategy/approved_voice_references/frederica.wav,แล้วมีเรื่องอื่นนอกเหนือจากนั้นไหมเจ้าคะ ฝ่าบาทโรแลนด์?,,,PENDING_MANUAL_GENERATION,,triangle-strategy
3,MS15_F01_A0_0010_F_FRE_0030.wav,MS15_F01_A0_0010_F_FRE_0030,2,2,2,3,Frederica,main,female,frederica,assets/triangle-strategy/approved_voice_references/frederica.wav,ฟังดูอาจไม่น่าเชื่อ... แต่เราเห็นตำนานเหล่านั้นมากับตาเจ้าค่ะ,,,PENDING_MANUAL_GENERATION,,triangle-strategy
4,MS15_F01_A0_0010_F_FRE_0040.wav,MS15_F01_A0_0010_F_FRE_0040,3,3,3,4,Frederica,main,female,frederica,assets/triangle-strategy/approved_voice_references/frederica.wav,มันคือเศษคริสตัลจากเสาเกลือในรูปปั้นเทพธิดา ซึ่งแม่ของข้าชิงบางส่วนมาได้ระหว่างการปฏิวัติ,,,PENDING_MANUAL_GENERATION,,triangle-strategy
5,MS15_F01_A0_0010_F_FRE_0050.wav,MS15_F01_A0_0010_F_FRE_0050,4,4,4,5,Frederica,main,female,frederica,assets/triangle-strategy/approved_voice_references/frederica.wav,หากท่านยังไม่เชื่ออีก... ข้าขอแสดงสิ่งนี้ให้ท่านดูดีกว่า,,,PENDING_MANUAL_GENERATION,,triangle-strategy
6,MS15_F01_A0_0010_F_FRE_0060.wav,MS15_F01_A0_0010_F_FRE_0060,5,5,5,6,Frederica,main,female,frederica,assets/triangle-strategy/approved_voice_references/frederica.wav,คริสตัลเกลือเจ้าค่ะ,,,PENDING_MANUAL_GENERATION,,triangle-strategy
7,MS15_F01_A0_0010_F_FRE_0070.wav,MS15_F01_A0_0010_F_FRE_0070,6,6,6,7,Frederica,main,female,frederica,assets/triangle-strategy/approved_voice_references/frederica.wav,มันถูกซ่อนไว้ในหมู่บ้านโรเซลล์,,,PENDING_MANUAL_GENERATION,,triangle-strategy
8,MS15_F01_A0_0010_F_FRE_0080.wav,MS15_F01_A0_0010_F_FRE_0080,7,7,7,8,Frederica,main,female,frederica,assets/triangle-strategy/approved_voice_references/frederica.wav,มันคือเศษคริสตัลจากเสาเกลือในรูปปั้นเทพธิดา ซึ่งแม่ของข้าชิงบางส่วนมาได้ระหว่างการปฏิวัติ,,,PENDING_MANUAL_GENERATION,,triangle-strategy
9,MS15_F01_A0_0010_F_FRE_0090.wav,MS15_F01_A0_0010_F_FRE_0090,8,8,8,9,Frederica,main,female,frederica,assets/triangle-strategy/approved_voice_references/frederica.wav,ใช่แล้วล่ะ ท่านแม่ผนึกหนังสือไม่ให้ใครเปิดอ่าน ทิ้งไว้เพียงสร้อยคอซึ่งเป็นกุญแจให้ข้าปลดผนึกมันออก,,,PENDING_MANUAL_GENERATION,,triangle-strategy
10,MS15_F01_A0_0010_M_BND_0010.wav,MS15_F01_A0_0010_M_BND_0010,9,9,9,10,Benedict,main,male,benedict,assets/triangle-strategy/approved_voice_references/benedict.wav,...ฝ่าบาทขอรับ จะเอายังไงกับพวกขุนนางที่แอบขโมยเสบียงดีขอรับ?,,,PENDING_MANUAL_GENERATION,,triangle-strategy
11,MS15_F01_A0_0010_M_BND_0020.wav,MS15_F01_A0_0010_M_BND_0020,10,10,10,11,Benedict,main,male,benedict,assets/triangle-strategy/approved_voice_references/benedict.wav,แต่คนพวกนั้นคอยสนับสนุนราชวงศ์เกลนบรู๊คมาตลอด มันจะไม่ส่งผลกระทบต่อการปกครองของท่านใช่ไหมขอรับ?,,,PENDING_MANUAL_GENERATION,,triangle-strategy
12,MS15_F01_A0_0010_M_BND_0030.wav,MS15_F01_A0_0010_M_BND_0030,11,11,11,12,Benedict,main,male,benedict,assets/triangle-strategy/approved_voice_references/benedict.wav,มีทั้งเรื่องเซนทราเลีย...ดินแดนมาตุภูมิซึ่งปกคลุมด้วยน้ำทะเล,,,PENDING_MANUAL_GENERATION,,triangle-strategy
13,MS15_F01_A0_0010_M_BND_0040.wav,MS15_F01_A0_0010_M_BND_0040,12,12,12,13,Benedict,main,male,benedict,assets/triangle-strategy/approved_voice_references/benedict.wav,อีกทั้งคริสตัลเกลือที่ถูกฝังไว้ใต้แผ่นดินนอร์เซเลีย,,,PENDING_MANUAL_GENERATION,,triangle-strategy
14,MS15_F01_A0_0010_M_BND_0050.wav,MS15_F01_A0_0010_M_BND_0050,13,13,13,14,Benedict,main,male,benedict,assets/triangle-strategy/approved_voice_references/benedict.wav,รวมถึงไฮแซนต์ผู้ยัดเยียดความผิดให้ชาวโรเซลล์เพื่อผูกขาดเกลือ,,,PENDING_MANUAL_GENERATION,,triangle-strategy
15,MS15_F01_A0_0010_M_BND_0060.wav,MS15_F01_A0_0010_M_BND_0060,14,14,14,15,Benedict,main,male,benedict,assets/triangle-strategy/approved_voice_references/benedict.wav,และเสาเกลือของชาวโรเซลล์ที่ไฮแซนต์ขโมยไปซ่อนในรูปปั้นเทพธิดางั้นเหรอ?,,,PENDING_MANUAL_GENERATION,,triangle-strategy
16,MS15_F01_A0_0010_M_BND_0070.wav,MS15_F01_A0_0010_M_BND_0070,15,15,15,16,Benedict,main,male,benedict,assets/triangle-strategy/approved_voice_references/benedict.wav,หากมันเป็นเรื่องจริง...แสดงว่าคำสอนของรัฐศักดิ์สิทธิ์เป็นเรื่องแหกตาสินะ,,,PENDING_MANUAL_GENERATION,,triangle-strategy
17,MS15_F01_A0_0010_M_BND_0080.wav,MS15_F01_A0_0010_M_BND_0080,16,16,16,17,Benedict,main,male,benedict,assets/triangle-strategy/approved_voice_references/benedict.wav,ใส่ได้พอดีเลย...,,,PENDING_MANUAL_GENERATION,,triangle-strategy
18,MS15_F01_A0_0010_M_M268_0010.wav,MS15_F01_A0_0010_M_M268_0010,17,17,17,18,ชายชาวเมือง/ทหาร/ผู้ติดตาม,generic,male,MALE_ADULT_A,assets/triangle-strategy/approved_voice_references/MALE_ADULT_A.wav,ฝ่าบาท! กองกำลังข้าศึกผู้รอดชีวิตกำลังชุมนุมกันขอรับ!,,,PENDING_MANUAL_GENERATION,,triangle-strategy
19,MS15_F01_A0_0010_M_M268_0020.wav,MS15_F01_A0_0010_M_M268_0020,18,18,18,19,ชายชาวเมือง/ทหาร/ผู้ติดตาม,generic,male,MALE_ADULT_A,assets/triangle-strategy/approved_voice_references/MALE_ADULT_A.wav,ที่เหมืองนอร์เซเลียขอรับ!,,,PENDING_MANUAL_GENERATION,,triangle-strategy
20,MS15_F01_A0_0010_M_M268_0030.wav,MS15_F01_A0_0010_M_M268_0030,19,19,19,20,ชายชาวเมือง/ทหาร/ผู้ติดตาม,generic,male,MALE_ADULT_A,assets/triangle-strategy/approved_voice_references/MALE_ADULT_A.wav,พวกเราไม่ทราบได้ว่าเกิดอะไรขึ้น เพราะหน่วยลาดตระเวนของเรายังไม่กลับมา,,,PENDING_MANUAL_GENERATION,,triangle-strategy
21,MS15_F01_A0_0010_M_RLN_0010.wav,MS15_F01_A0_0010_M_RLN_0010,20,20,20,21,Roland,main,male,roland,assets/triangle-strategy/approved_voice_references/roland.wav,เสียใจด้วยนะ... เซเรโนอา พ่อของเจ้าไม่ได้พูดอะไรเลยหรอ? ก่อนที่เขาจะ...,,,PENDING_MANUAL_GENERATION,,triangle-strategy
22,MS15_F01_A0_0010_M_RLN_0020.wav,MS15_F01_A0_0010_M_RLN_0020,21,21,21,22,Roland,main,male,roland,assets/triangle-strategy/approved_voice_references/roland.wav,...งั้นเหรอ ถ้างั้นเราจะช่วยอย่างเต็มที่ เพื่อสนองความต้องการของพ่อเจ้าเอง,,,PENDING_MANUAL_GENERATION,,triangle-strategy
23,MS15_F01_A0_0010_M_RLN_0030.wav,MS15_F01_A0_0010_M_RLN_0030,22,22,22,23,Roland,main,male,roland,assets/triangle-strategy/approved_voice_references/roland.wav,เท่าที่ข้ารู้ คนพวกนั้นมันโลภมากและเห็นแก่ตัว,,,PENDING_MANUAL_GENERATION,,triangle-strategy
24,MS15_F01_A0_0010_M_RLN_0040.wav,MS15_F01_A0_0010_M_RLN_0040,23,23,23,24,Roland,main,male,roland,assets/triangle-strategy/approved_voice_references/roland.wav,พวกมันต้องถูกลงโทษให้สาสม หากไม่ถูกประหารก็ต้องโดนขับไล่ออกจากอาณาจักร,,,PENDING_MANUAL_GENERATION,,triangle-strategy
25,MS15_F01_A0_0010_M_RLN_0050.wav,MS15_F01_A0_0010_M_RLN_0050,24,24,24,25,Roland,main,male,roland,assets/triangle-strategy/approved_voice_references/roland.wav,แต่การอภัยโทษพวกเขาจะทำให้ประชาชนเดือดดาลเป็นแน่,,,PENDING_MANUAL_GENERATION,,triangle-strategy
26,MS15_F01_A0_0010_M_RLN_0060.wav,MS15_F01_A0_0010_M_RLN_0060,25,25,25,26,Roland,main,male,roland,assets/triangle-strategy/approved_voice_references/roland.wav,เราต้องเชือดไก่ให้ลิงดู,,,PENDING_MANUAL_GENERATION,,triangle-strategy
27,MS15_F01_A0_0010_M_RLN_0070.wav,MS15_F01_A0_0010_M_RLN_0070,26,26,26,27,Roland,main,male,roland,assets/triangle-strategy/approved_voice_references/roland.wav,เพื่อความพอใจของประชาชน เพื่อให้เห็นว่าทำชั่วก็ต้องได้รับผลกรรมนั้น...,,,PENDING_MANUAL_GENERATION,,triangle-strategy
28,MS15_F01_A0_0010_M_RLN_0080.wav,MS15_F01_A0_0010_M_RLN_0080,27,27,27,28,Roland,main,male,roland,assets/triangle-strategy/approved_voice_references/roland.wav,...ไม่จำเป็นต้องกังวลหรอก,,,PENDING_MANUAL_GENERATION,,triangle-strategy
29,MS15_F01_A0_0010_M_RLN_0090.wav,MS15_F01_A0_0010_M_RLN_0090,28,28,28,29,Roland,main,male,roland,assets/triangle-strategy/approved_voice_references/roland.wav,แต่ข้าตกใจที่ได้ยินตำนานของชาวโรเซลล์จริงๆนะ คิดว่าเนื้อหาในหนังสือเป็นเรื่องจริงใช่ไหม?,,,PENDING_MANUAL_GENERATION,,triangle-strategy
30,MS15_F01_A0_0010_M_RLN_0100.wav,MS15_F01_A0_0010_M_RLN_0100,29,29,29,30,Roland,main,male,roland,assets/triangle-strategy/approved_voice_references/roland.wav,คริสตัลจากหมู่บ้านโรเซลล์เหรอ?,,,PENDING_MANUAL_GENERATION,,triangle-strategy
31,MS15_F01_A0_0010_M_RLN_0110.wav,MS15_F01_A0_0010_M_RLN_0110,30,30,30,31,Roland,main,male,roland,assets/triangle-strategy/approved_voice_references/roland.wav,หินชมพูนี่มัน? ไม่จริงน่า...,,,PENDING_MANUAL_GENERATION,,triangle-strategy
32,MS15_F01_A0_0010_M_RLN_0120.wav,MS15_F01_A0_0010_M_RLN_0120,31,31,31,32,Roland,main,male,roland,assets/triangle-strategy/approved_voice_references/roland.wav,เช่นนั้นเราเห็นพ้องกันว่าเรื่องนี้มีมูลเหตุอยู่บ้างสินะ,,,PENDING_MANUAL_GENERATION,,triangle-strategy
33,MS15_F01_A0_0010_M_RLN_0130.wav,MS15_F01_A0_0010_M_RLN_0130,32,32,32,33,Roland,main,male,roland,assets/triangle-strategy/approved_voice_references/roland.wav,หา!? ที่ไหน?,,,PENDING_MANUAL_GENERATION,,triangle-strategy
34,MS15_F01_A0_0010_M_RLN_0140.wav,MS15_F01_A0_0010_M_RLN_0140,33,33,33,34,Roland,main,male,roland,assets/triangle-strategy/approved_voice_references/roland.wav,ไอ้พวกเอสฟรอสต์...,,,PENDING_MANUAL_GENERATION,,triangle-strategy
35,MS15_F01_A0_0010_M_RLN_0150.wav,MS15_F01_A0_0010_M_RLN_0150,34,34,34,35,Roland,main,male,roland,assets/triangle-strategy/approved_voice_references/roland.wav,ไว้ค่อยคุยเรื่องนี้กันทีหลังนะเซเรโนอา ตอนนี้เราต้องยุติแผนชั่วของราชรัฐที่เหมืองให้ได้ก่อน!,,,PENDING_MANUAL_GENERATION,,triangle-strategy
36,MS15_F01_A0_0010_M_RLN_0160.wav,MS15_F01_A0_0010_M_RLN_0160,35,35,35,36,Roland,main,male,roland,assets/triangle-strategy/approved_voice_references/roland.wav,ข้าต้องการเจ้ากับพรรคพวกอยู่ข้างกายข้า,,,PENDING_MANUAL_GENERATION,,triangle-strategy
37,MS15_F01_A0_0010_M_SEL_0010.wav,MS15_F01_A0_0010_M_SEL_0010,36,36,36,37,Serenoa,main,male,serenoa,assets/triangle-strategy/approved_voice_references/serenoa.wav,...นั่นคือเรื่องราวทั้งหมดระหว่างที่เราไปปฏิบัติภารกิจสินะ,,,PENDING_MANUAL_GENERATION,,triangle-strategy
38,MS15_F01_A0_0010_M_SEL_0020.wav,MS15_F01_A0_0010_M_SEL_0020,37,37,37,38,Serenoa,main,male,serenoa,assets/triangle-strategy/approved_voice_references/serenoa.wav,การจากไปของท่านพ่อ การใส่ร้ายของพวกขุนนาง หนังสือที่เผยความจริงเรื่องชาวโรเซลล์และเกลือ...,,,PENDING_MANUAL_GENERATION,,triangle-strategy
39,MS15_F01_A0_0010_M_SEL_0030.wav,MS15_F01_A0_0010_M_SEL_0030,38,38,38,39,Serenoa,main,male,serenoa,assets/triangle-strategy/approved_voice_references/serenoa.wav,เราควรคิดหาวิธีผ่านพ้นอุปสรรคพวกนี้แล้วล่ะ,,,PENDING_MANUAL_GENERATION,,triangle-strategy
40,MS15_F01_A0_0010_M_SEL_0050.wav,MS15_F01_A0_0010_M_SEL_0050,40,40,40,41,Serenoa,main,male,serenoa,assets/triangle-strategy/approved_voice_references/serenoa.wav,เขา...เขาบอกให้ข้าเป็นผู้นำตระกูลที่ดีน่ะ,,,PENDING_MANUAL_GENERATION,,triangle-strategy
41,MS15_F01_A0_0010_M_SEL_0060.wav,MS15_F01_A0_0010_M_SEL_0060,41,41,41,42,Serenoa,main,male,serenoa,assets/triangle-strategy/approved_voice_references/serenoa.wav,ท่านหญิงออลายา จดบันทึกตำนานเพื่อส่งต่อให้เฟรเดอริก้าสินะ...,,,PENDING_MANUAL_GENERATION,,triangle-strategy
42,MS15_F01_A0_0010_M_SEL_0070.wav,MS15_F01_A0_0010_M_SEL_0070,42,42,42,43,Serenoa,main,male,serenoa,assets/triangle-strategy/approved_voice_references/serenoa.wav,แม่ของเจ้าไม่น่าลงทุนโกหกลูกตัวเองขนาดนี้หรอก,,,PENDING_MANUAL_GENERATION,,triangle-strategy
43,MS15_F01_A0_0010_M_SEL_0080.wav,MS15_F01_A0_0010_M_SEL_0080,43,43,43,44,Serenoa,main,male,serenoa,assets/triangle-strategy/approved_voice_references/serenoa.wav,ได้ขอรับ เราจะเตรียมพร้อมศึกครั้งนี้ทันที,,,PENDING_MANUAL_GENERATION,,triangle-strategy
44,MS15_F01_A0_0020_M_BND_0010.wav,MS15_F01_A0_0020_M_BND_0010,44,44,44,45,Benedict,main,male,benedict,assets/triangle-strategy/approved_voice_references/benedict.wav,...ลอร์ดเซเรโนอา ข้ามีข่าวร้ายมาแจ้งให้ทราบ ช่วยใจเย็นและตั้งสติด้วยนะขอรับ,,,PENDING_MANUAL_GENERATION,,triangle-strategy
45,MS15_F01_A0_0020_M_BND_0020.wav,MS15_F01_A0_0020_M_BND_0020,45,45,45,46,Benedict,main,male,benedict,assets/triangle-strategy/approved_voice_references/benedict.wav,พ่อของท่าน...จากเราไปแล้ว,,,PENDING_MANUAL_GENERATION,,triangle-strategy
46,MS15_F01_A0_0020_M_BND_0030.wav,MS15_F01_A0_0020_M_BND_0030,46,46,46,47,Benedict,main,male,benedict,assets/triangle-strategy/approved_voice_references/benedict.wav,โรคร้ายไม่ได้พรากชีวิตเขาไป แต่เขาถูกลอบสังหารขอรับ,,,PENDING_MANUAL_GENERATION,,triangle-strategy
47,MS15_F01_A0_0020_M_BND_0040.wav,MS15_F01_A0_0020_M_BND_0040,47,47,47,48,Benedict,main,male,benedict,assets/triangle-strategy/approved_voice_references/benedict.wav,อภัยให้ข้าด้วย... ข้าหยุดคนร้ายไม่ได้,,,PENDING_MANUAL_GENERATION,,triangle-strategy
48,MS15_F01_A0_0020_M_BND_0050.wav,MS15_F01_A0_0020_M_BND_0050,48,48,48,49,Benedict,main,male,benedict,assets/triangle-strategy/approved_voice_references/benedict.wav,ฝีมือขุนนางพาทริเอ็ทท์ขอรับ,,,PENDING_MANUAL_GENERATION,,triangle-strategy
49,MS15_F01_A0_0020_M_BND_0060.wav,MS15_F01_A0_0020_M_BND_0060,49,49,49,50,Benedict,main,male,benedict,assets/triangle-strategy/approved_voice_references/benedict.wav,เขาเชื่อว่าตระกูลวูล์ฟฟอร์ตเป็นภัยต่อกษัตริย์,,,PENDING_MANUAL_GENERATION,,triangle-strategy
50,MS15_F01_A0_0020_M_BND_0070.wav,MS15_F01_A0_0020_M_BND_0070,50,50,50,51,Benedict,main,male,benedict,assets/triangle-strategy/approved_voice_references/benedict.wav,เขาจึงอยากสังหารท่านและพ่อของท่านภายในคราเดียว,,,PENDING_MANUAL_GENERATION,,triangle-strategy
51,MS15_F01_A0_0020_M_BND_0090.wav,MS15_F01_A0_0020_M_BND_0090,51,51,51,52,Benedict,main,male,benedict,assets/triangle-strategy/approved_voice_references/benedict.wav,รับประกันได้ว่าฝ่าบาทไม่มีส่วนเกี่ยวข้องขอรับ,,,PENDING_MANUAL_GENERATION,,triangle-strategy
52,MS15_F01_A0_0020_M_BND_0100.wav,MS15_F01_A0_0020_M_BND_0100,52,52,52,53,Benedict,main,male,benedict,assets/triangle-strategy/approved_voice_references/benedict.wav,แต่การเผยความจริงจะทำให้เราตกที่นั่งลำบาก หรืออาจจะเกิดสงครามกลางเมืองก็เป็นได้...,,,PENDING_MANUAL_GENERATION,,triangle-strategy
53,MS15_F01_A0_0020_M_BND_0110.wav,MS15_F01_A0_0020_M_BND_0110,53,53,53,54,Benedict,main,male,benedict,assets/triangle-strategy/approved_voice_references/benedict.wav,ข้าคิดว่าท่านไม่ควรบอกว่าลอร์ดซีมอนถูกลอบสังหาร,,,PENDING_MANUAL_GENERATION,,triangle-strategy
54,MS15_F01_A0_0020_M_BND_0130.wav,MS15_F01_A0_0020_M_BND_0130,55,55,55,56,Benedict,main,male,benedict,assets/triangle-strategy/approved_voice_references/benedict.wav,พ่อของท่าน...ได้ขอสิ่งสุดท้ายกับข้า,,,PENDING_MANUAL_GENERATION,,triangle-strategy
55,MS15_F01_A0_0020_M_BND_0140.wav,MS15_F01_A0_0020_M_BND_0140,56,56,56,57,Benedict,main,male,benedict,assets/triangle-strategy/approved_voice_references/benedict.wav,เขาขอให้ข้าพูดความจริงกับท่าน,,,PENDING_MANUAL_GENERATION,,triangle-strategy
56,MS15_F01_A0_0020_M_BND_0150.wav,MS15_F01_A0_0020_M_BND_0150,57,57,57,58,Benedict,main,male,benedict,assets/triangle-strategy/approved_voice_references/benedict.wav,ค่อยๆ ฟังนะขอรับ นายท่าน,,,PENDING_MANUAL_GENERATION,,triangle-strategy
57,MS15_F01_A0_0020_M_BND_0160.wav,MS15_F01_A0_0020_M_BND_0160,58,58,58,59,Benedict,main,male,benedict,assets/triangle-strategy/approved_voice_references/benedict.wav,สายเลือดของท่านมิใช่ของลอร์ดซีมอน แต่เป็นฝ่าบาทเร็กน่า,,,PENDING_MANUAL_GENERATION,,triangle-strategy
58,MS15_F01_A0_0020_M_BND_0165.wav,MS15_F01_A0_0020_M_BND_0165,59,59,59,60,Benedict,main,male,benedict,assets/triangle-strategy/approved_voice_references/benedict.wav,ฝ่าบาทพบรักกับท่านหญิงเดสตร้า และให้กำเนิดท่านออกมา,,,PENDING_MANUAL_GENERATION,,triangle-strategy
59,MS15_F01_A0_0020_M_BND_0170.wav,MS15_F01_A0_0020_M_BND_0170,60,60,60,61,Benedict,main,male,benedict,assets/triangle-strategy/approved_voice_references/benedict.wav,ท่านหญิงเดสตร้าคือสามัญชนที่อาศัยอยู่ในนครหลวง ฐานันดรของนางไม่สามารถแต่งงานกับกษัตริย์ได้...,,,PENDING_MANUAL_GENERATION,,triangle-strategy
60,MS15_F01_A0_0020_M_BND_0180.wav,MS15_F01_A0_0020_M_BND_0180,61,61,61,62,Benedict,main,male,benedict,assets/triangle-strategy/approved_voice_references/benedict.wav,หรือแม้กระทั่งต้องเอาชีวิตรอดจากเหล่าขุนนางที่รู้เรื่องนี้,,,PENDING_MANUAL_GENERATION,,triangle-strategy
61,MS15_F01_A0_0020_M_BND_0190.wav,MS15_F01_A0_0020_M_BND_0190,62,62,62,63,Benedict,main,male,benedict,assets/triangle-strategy/approved_voice_references/benedict.wav,พอลอร์ดซีมอนรู้เข้า เขาจึงต้อนรับท่านหญิงและบุตรของนางมาอาศัยในตระกูลวูล์ฟฟอร์ต,,,PENDING_MANUAL_GENERATION,,triangle-strategy
62,MS15_F01_A0_0020_M_BND_0200.wav,MS15_F01_A0_0020_M_BND_0200,63,63,63,64,Benedict,main,male,benedict,assets/triangle-strategy/approved_voice_references/benedict.wav,มีเพียงลอร์ดซีมอนกับข้าเท่านั้นที่รู้เรื่องนี้ เราตั้งใจจะเก็บความลับนี้จนสิ้นลมหายใจ,,,PENDING_MANUAL_GENERATION,,triangle-strategy
63,MS15_F01_A0_0020_M_BND_0210.wav,MS15_F01_A0_0020_M_BND_0210,64,64,64,65,Benedict,main,male,benedict,assets/triangle-strategy/approved_voice_references/benedict.wav,แต่ในวาระสุดท้ายของเขา ลอร์ดซีมอนขอให้ข้ามอบสิ่งนี้ให้ท่าน,,,PENDING_MANUAL_GENERATION,,triangle-strategy
64,MS15_F01_A0_0020_M_BND_0220.wav,MS15_F01_A0_0020_M_BND_0220,65,65,65,66,Benedict,main,male,benedict,assets/triangle-strategy/approved_voice_references/benedict.wav,ฝ่าบาทเร็กน่ามอบสิ่งนี้ให้ลอร์ดซีมอนเก็บไว้ มันคือเครื่องพิสูจน์สายเลือดราชวงศ์ในตัวท่าน,,,PENDING_MANUAL_GENERATION,,triangle-strategy
65,MS15_F01_A0_0020_M_BND_0230.wav,MS15_F01_A0_0020_M_BND_0230,66,66,66,67,Benedict,main,male,benedict,assets/triangle-strategy/approved_voice_references/benedict.wav,ข้ารู้ว่าเป็นเรื่องยากที่จะยอมรับ...,,,PENDING_MANUAL_GENERATION,,triangle-strategy
66,MS15_F01_A0_0020_M_BND_0240.wav,MS15_F01_A0_0020_M_BND_0240,67,67,67,68,Benedict,main,male,benedict,assets/triangle-strategy/approved_voice_references/benedict.wav,...ท่านยังเรียกเขาว่าพ่อได้อีกเหรอ?,,,PENDING_MANUAL_GENERATION,,triangle-strategy
67,MS15_F01_A0_0020_M_BND_0260.wav,MS15_F01_A0_0020_M_BND_0260,69,69,69,70,Benedict,main,male,benedict,assets/triangle-strategy/approved_voice_references/benedict.wav,ตามบัญชาขอรับนายท่าน,,,PENDING_MANUAL_GENERATION,,triangle-strategy
68,MS15_F01_A0_0020_M_SEL_0010.wav,MS15_F01_A0_0020_M_SEL_0010,70,70,70,71,Serenoa,main,male,serenoa,assets/triangle-strategy/approved_voice_references/serenoa.wav,มีเรื่องสำคัญอะไรที่ท่านอยากคุยกับข้าเป็นการส่วนตัวเหรอขอรับ?,,,PENDING_MANUAL_GENERATION,,triangle-strategy
69,MS15_F01_A0_0020_M_SEL_0020.wav,MS15_F01_A0_0020_M_SEL_0020,71,71,71,72,Serenoa,main,male,serenoa,assets/triangle-strategy/approved_voice_references/serenoa.wav,ว่าไงนะ!?,,,PENDING_MANUAL_GENERATION,,triangle-strategy
70,MS15_F01_A0_0020_M_SEL_0030.wav,MS15_F01_A0_0020_M_SEL_0030,72,72,72,73,Serenoa,main,male,serenoa,assets/triangle-strategy/approved_voice_references/serenoa.wav,ได้ยังไงกัน!? เขากำลังฟื้นตัวไม่ใช่เหรอ!,,,PENDING_MANUAL_GENERATION,,triangle-strategy
71,MS15_F01_A0_0020_M_SEL_0040.wav,MS15_F01_A0_0020_M_SEL_0040,73,73,73,74,Serenoa,main,male,serenoa,assets/triangle-strategy/approved_voice_references/serenoa.wav,ถูกลอบสังหาร!?,,,PENDING_MANUAL_GENERATION,,triangle-strategy
72,MS15_F01_A0_0020_M_SEL_0050.wav,MS15_F01_A0_0020_M_SEL_0050,74,74,74,75,Serenoa,main,male,serenoa,assets/triangle-strategy/approved_voice_references/serenoa.wav,ใครบังอาจส่งคนมาสังหารท่านพ่อกัน? เพื่ออะไร?,,,PENDING_MANUAL_GENERATION,,triangle-strategy
73,MS15_F01_A0_0020_M_SEL_0060.wav,MS15_F01_A0_0020_M_SEL_0060,75,75,75,76,Serenoa,main,male,serenoa,assets/triangle-strategy/approved_voice_references/serenoa.wav,เป็นภัยเหรอ?,,,PENDING_MANUAL_GENERATION,,triangle-strategy
74,MS15_F01_A0_0020_M_SEL_0065.wav,MS15_F01_A0_0020_M_SEL_0065,76,76,76,77,Serenoa,main,male,serenoa,assets/triangle-strategy/approved_voice_references/serenoa.wav,นี่คงไม่ใช่แผนของโรแลนด์ใช่ไหม...?,,,PENDING_MANUAL_GENERATION,,triangle-strategy
75,MS15_F01_A0_0020_M_SEL_0070.wav,MS15_F01_A0_0020_M_SEL_0070,77,77,77,78,Serenoa,main,male,serenoa,assets/triangle-strategy/approved_voice_references/serenoa.wav,ท่าน...อยากให้ข้าบอกว่า เขาสิ้นใจด้วยโรคร้ายสินะ,,,PENDING_MANUAL_GENERATION,,triangle-strategy
76,MS15_F01_A0_0020_M_SEL_0080.wav,MS15_F01_A0_0020_M_SEL_0080,78,78,78,79,Serenoa,main,male,serenoa,assets/triangle-strategy/approved_voice_references/serenoa.wav,หากต้องโกหกเช่นนี้ แล้วข้าจะไว้อาลัยท่านพ่อได้ยังไง?,,,PENDING_MANUAL_GENERATION,,triangle-strategy
77,MS15_F01_A0_0020_M_SEL_0090.wav,MS15_F01_A0_0020_M_SEL_0090,79,79,79,80,Serenoa,main,male,serenoa,assets/triangle-strategy/approved_voice_references/serenoa.wav,เขาพูดว่าอะไรขอรับ!?,,,PENDING_MANUAL_GENERATION,,triangle-strategy
78,MS15_F01_A0_0020_M_SEL_0100.wav,MS15_F01_A0_0020_M_SEL_0100,80,80,80,81,Serenoa,main,male,serenoa,assets/triangle-strategy/approved_voice_references/serenoa.wav,ความจริงเรื่องอะไร?,,,PENDING_MANUAL_GENERATION,,triangle-strategy
79,MS15_F01_A0_0020_M_SEL_0120.wav,MS15_F01_A0_0020_M_SEL_0120,82,82,82,83,Serenoa,main,male,serenoa,assets/triangle-strategy/approved_voice_references/serenoa.wav,ตราสัญลักษณ์เกลนบรู๊ค!,,,PENDING_MANUAL_GENERATION,,triangle-strategy
80,MS15_F01_A0_0020_M_SEL_0130.wav,MS15_F01_A0_0020_M_SEL_0130,83,83,83,84,Serenoa,main,male,serenoa,assets/triangle-strategy/approved_voice_references/serenoa.wav,นี่คือ...ตัวตนที่แท้จริงของข้างั้นเหรอ?,,,PENDING_MANUAL_GENERATION,,triangle-strategy
81,MS15_F01_A0_0020_M_SEL_0140.wav,MS15_F01_A0_0020_M_SEL_0140,84,84,84,85,Serenoa,main,male,serenoa,assets/triangle-strategy/approved_voice_references/serenoa.wav,...ข้าเชื่อขอรับ ท่านไม่มีวันโกหกข้าแน่นอน,,,PENDING_MANUAL_GENERATION,,triangle-strategy
82,MS15_F01_A0_0020_M_SEL_0150.wav,MS15_F01_A0_0020_M_SEL_0150,85,85,85,86,Serenoa,main,male,serenoa,assets/triangle-strategy/approved_voice_references/serenoa.wav,ขอบคุณที่ช่วยส่งต่อข้อความของท่านพ่อด้วยนะ,,,PENDING_MANUAL_GENERATION,,triangle-strategy
83,MS15_F01_A0_0020_M_SEL_0160.wav,MS15_F01_A0_0020_M_SEL_0160,86,86,86,87,Serenoa,main,male,serenoa,assets/triangle-strategy/approved_voice_references/serenoa.wav,เขาเป็นคนเลี้ยงดูข้ามากับมือ และข้าจะปกปิดเรื่องนี้ไม่ให้ใครรู้เช่นกัน,,,PENDING_MANUAL_GENERATION,,triangle-strategy
84,MS15_F01_A0_0020_M_SEL_0170.wav,MS15_F01_A0_0020_M_SEL_0170,87,87,87,88,Serenoa,main,male,serenoa,assets/triangle-strategy/approved_voice_references/serenoa.wav,โดนเฉพาะกับโรแลนด์,,,PENDING_MANUAL_GENERATION,,triangle-strategy
85,MS15_F01_A0_0020_M_SEL_0180.wav,MS15_F01_A0_0020_M_SEL_0180,88,88,88,89,Serenoa,main,male,serenoa,assets/triangle-strategy/approved_voice_references/serenoa.wav,รู้กันแค่สองคนนะเบเนดิกต์ อย่าปล่อยให้ใครรู้เรื่องสายเลือด หรือแหวนวงนี้เด็ดขาด,,,PENDING_MANUAL_GENERATION,,triangle-strategy
86,MS15_F01_A0_0030_M_RLN_0010.wav,MS15_F01_A0_0030_M_RLN_0010,89,89,89,90,Roland,main,male,roland,assets/triangle-strategy/approved_voice_references/roland.wav,เซเรโนอา... ข้าไม่รู้ควรทำยังไงดี,,,PENDING_MANUAL_GENERATION,,triangle-strategy
87,MS15_F01_A0_0030_M_RLN_0020.wav,MS15_F01_A0_0030_M_RLN_0020,90,90,90,91,Roland,main,male,roland,assets/triangle-strategy/approved_voice_references/roland.wav,เปล่าหรอก ข้าจัดการขุนนางเฮงซวยพวกนั้นไปเรียบร้อยแล้วล่ะ สบายใจได้เลย,,,PENDING_MANUAL_GENERATION,,triangle-strategy
88,MS15_F01_A0_0030_M_RLN_0030.wav,MS15_F01_A0_0030_M_RLN_0030,91,91,91,92,Roland,main,male,roland,assets/triangle-strategy/approved_voice_references/roland.wav,จำเป็นสิ แทนที่จะเอาเวลามาช่วยซ่อมเมือง กลับไปรีดไถประชาชนที่กำลังทุกข์ร้อนซะได้!,,,PENDING_MANUAL_GENERATION,,triangle-strategy
89,MS15_F01_A0_0030_M_RLN_0040.wav,MS15_F01_A0_0030_M_RLN_0040,92,92,92,93,Roland,main,male,roland,assets/triangle-strategy/approved_voice_references/roland.wav,แถมพวกมันจงใจจะใช้ข้าเป็นหุ่นเชิดอีก!,,,PENDING_MANUAL_GENERATION,,triangle-strategy
90,MS15_F01_A0_0030_M_RLN_0050.wav,MS15_F01_A0_0030_M_RLN_0050,93,93,93,94,Roland,main,male,roland,assets/triangle-strategy/approved_voice_references/roland.wav,"เจ้ารู้ไหมพวกมันบอกข้าว่ายังไง? พวกมันบอกว่า ""นี่แหละ"" คือเกลนบรู๊ค",,,PENDING_MANUAL_GENERATION,,triangle-strategy
91,MS15_F01_A0_0030_M_RLN_0060.wav,MS15_F01_A0_0030_M_RLN_0060,94,94,94,95,Roland,main,male,roland,assets/triangle-strategy/approved_voice_references/roland.wav,ขุนนางมีหน้าที่ปกครองอาณาจักร และทำให้ความสัมพันธ์ระหว่างประชาชนกับราชวงศ์ราบรื่น,,,PENDING_MANUAL_GENERATION,,triangle-strategy
92,MS15_F01_A0_0030_M_RLN_0070.wav,MS15_F01_A0_0030_M_RLN_0070,95,95,95,96,Roland,main,male,roland,assets/triangle-strategy/approved_voice_references/roland.wav,พวกมันบอกว่ากษัตริย์ที่ดีไม่ควรคิดถึงตนเอง พวกมันบอกว่าพ่อและพี่ของข้ารู้ดีกว่าใคร,,,PENDING_MANUAL_GENERATION,,triangle-strategy
93,MS15_F01_A0_0030_M_RLN_0080.wav,MS15_F01_A0_0030_M_RLN_0080,96,96,96,97,Roland,main,male,roland,assets/triangle-strategy/approved_voice_references/roland.wav,ข้าลองแล้ว! ถึงต้องกลับมาครองบัลลังก์นี่ไง,,,PENDING_MANUAL_GENERATION,,triangle-strategy
94,MS15_F01_A0_0030_M_RLN_0090.wav,MS15_F01_A0_0030_M_RLN_0090,97,97,97,98,Roland,main,male,roland,assets/triangle-strategy/approved_voice_references/roland.wav,แต่ทุกอย่างก็เหมือนเดิม ไม่ว่าจะขับไล่ขุนนางห่วยๆไปสักกี่คน...,,,PENDING_MANUAL_GENERATION,,triangle-strategy
95,MS15_F01_A0_0030_M_RLN_0100.wav,MS15_F01_A0_0030_M_RLN_0100,98,98,98,99,Roland,main,male,roland,assets/triangle-strategy/approved_voice_references/roland.wav,แต่อาณาจักรก็แตกแยกกันเหมือนเดิม พวกเอสฟรอสต์มันรุกรานจนประเทศชาติไม่สามารถปรองดองกันได้อีกแล้ว,,,PENDING_MANUAL_GENERATION,,triangle-strategy
96,MS15_F01_A0_0030_M_RLN_0110.wav,MS15_F01_A0_0030_M_RLN_0110,99,99,99,100,Roland,main,male,roland,assets/triangle-strategy/approved_voice_references/roland.wav,อาณาจักรที่ถูกครอบงำด้วยความโลภและความเกลียดชังน่ะ... ข้าทำให้มันสามัคคีกันไม่ได้หรอกนะ,,,PENDING_MANUAL_GENERATION,,triangle-strategy
97,MS15_F01_A0_0030_M_RLN_0120.wav,MS15_F01_A0_0030_M_RLN_0120,100,100,100,101,Roland,main,male,roland,assets/triangle-strategy/approved_voice_references/roland.wav,กษัตริย์อย่างข้าสิ่งที่เกลนบรู๊คต้องการไม่ได้จริงๆ...,,,PENDING_MANUAL_GENERATION,,triangle-strategy
98,MS15_F01_A0_0030_M_RLN_0130.wav,MS15_F01_A0_0030_M_RLN_0130,101,101,101,102,Roland,main,male,roland,assets/triangle-strategy/approved_voice_references/roland.wav,...โทษทีนะสหาย เผลอทำให้เครียดตามซะแล้ว,,,PENDING_MANUAL_GENERATION,,triangle-strategy
99,MS15_F01_A0_0030_M_RLN_0140.wav,MS15_F01_A0_0030_M_RLN_0140,102,102,102,103,Roland,main,male,roland,assets/triangle-strategy/approved_voice_references/roland.wav,ตราบใดที่มีเจ้าอยู่ข้างกาย...,,,PENDING_MANUAL_GENERATION,,triangle-strategy
100,MS15_F01_A0_0030_M_RLN_0150.wav,MS15_F01_A0_0030_M_RLN_0150,103,103,103,104,Roland,main,male,roland,assets/triangle-strategy/approved_voice_references/roland.wav,ข้าจะไม่เป็นไร เชื่อข้าสิ,,,PENDING_MANUAL_GENERATION,,triangle-strategy
101,MS15_F01_A0_0030_M_SEL_0010.wav,MS15_F01_A0_0030_M_SEL_0010,104,104,104,105,Serenoa,main,male,serenoa,assets/triangle-strategy/approved_voice_references/serenoa.wav,เครียดอะไรอยู่หรือเปล่า โรแลนด์?,,,PENDING_MANUAL_GENERATION,,triangle-strategy
102,MS15_F01_A0_0030_M_SEL_0020.wav,MS15_F01_A0_0030_M_SEL_0020,105,105,105,106,Serenoa,main,male,serenoa,assets/triangle-strategy/approved_voice_references/serenoa.wav,เกิดเรื่องขึ้นในเมืองอีกแล้วเหรอ?,,,PENDING_MANUAL_GENERATION,,triangle-strategy
103,MS15_F01_A0_0030_M_SEL_0030.wav,MS15_F01_A0_0030_M_SEL_0030,106,106,106,107,Serenoa,main,male,serenoa,assets/triangle-strategy/approved_voice_references/serenoa.wav,เราจำเป็นต้องตัดสินโทษหนักขนาดนี้จริงๆใช่ไหม?,,,PENDING_MANUAL_GENERATION,,triangle-strategy
104,MS15_F01_A0_0030_M_SEL_0040.wav,MS15_F01_A0_0030_M_SEL_0040,107,107,107,108,Serenoa,main,male,serenoa,assets/triangle-strategy/approved_voice_references/serenoa.wav,ข้าเข้าใจ แต่ว่า...,,,PENDING_MANUAL_GENERATION,,triangle-strategy
105,MS15_F01_A0_0030_M_SEL_0050.wav,MS15_F01_A0_0030_M_SEL_0050,108,108,108,109,Serenoa,main,male,serenoa,assets/triangle-strategy/approved_voice_references/serenoa.wav,แม้มันจะจริง... แต่ท่านมีอำนาจในการเปลี่ยนแปลงสิ่งนั้นขอรับ,,,PENDING_MANUAL_GENERATION,,triangle-strategy
106,MS15_F01_A0_0030_M_SEL_0060.wav,MS15_F01_A0_0030_M_SEL_0060,109,109,109,110,Serenoa,main,male,serenoa,assets/triangle-strategy/approved_voice_references/serenoa.wav,โรแลนด์...,,,PENDING_MANUAL_GENERATION,,triangle-strategy
107,MS15_F01_A0_0030_M_SEL_0070.wav,MS15_F01_A0_0030_M_SEL_0070,110,110,110,111,Serenoa,main,male,serenoa,assets/triangle-strategy/approved_voice_references/serenoa.wav,เปล่าเลยขอรับ แต่หากท่านต้องดิ้นรนเช่นนี้ล่ะก็...,,,PENDING_MANUAL_GENERATION,,triangle-strategy
108,MS15_F01_A0_0040_F_FRE_0010.wav,MS15_F01_A0_0040_F_FRE_0010,111,111,111,112,Frederica,main,female,frederica,assets/triangle-strategy/approved_voice_references/frederica.wav,เซเรโนอา ข้าขอพูดกับเจ้าเป็นการส่วนตัวจะได้ไหม?,,,PENDING_MANUAL_GENERATION,,triangle-strategy
109,MS15_F01_A0_0040_F_FRE_0020.wav,MS15_F01_A0_0040_F_FRE_0020,112,112,112,113,Frederica,main,female,frederica,assets/triangle-strategy/approved_voice_references/frederica.wav,ดูนี่ก่อนสิ,,,PENDING_MANUAL_GENERATION,,triangle-strategy
110,MS15_F01_A0_0040_F_FRE_0030.wav,MS15_F01_A0_0040_F_FRE_0030,113,113,113,114,Frederica,main,female,frederica,assets/triangle-strategy/approved_voice_references/frederica.wav,พวกเราชิงคืนมาจากกลุ่มโจรน่ะ มันเป็นหนังสือในหอสมุดเอสฟรอสต์,,,PENDING_MANUAL_GENERATION,,triangle-strategy
111,MS15_F01_A0_0040_F_FRE_0040.wav,MS15_F01_A0_0040_F_FRE_0040,114,114,114,115,Frederica,main,female,frederica,assets/triangle-strategy/approved_voice_references/frederica.wav,เขียนโดยออลายา... แม่ข้าเอง,,,PENDING_MANUAL_GENERATION,,triangle-strategy
112,MS15_F01_A0_0040_F_FRE_0050.wav,MS15_F01_A0_0040_F_FRE_0050,115,115,115,116,Frederica,main,female,frederica,assets/triangle-strategy/approved_voice_references/frederica.wav,ความจริงแห่งชาวโรเซลล์ถูกบันทึกไว้ในหนังสือ... ไม่สิ เกี่ยวกับนอร์เซเลียต่างหาก,,,PENDING_MANUAL_GENERATION,,triangle-strategy
113,MS15_F01_A0_0040_F_FRE_0060.wav,MS15_F01_A0_0040_F_FRE_0060,116,116,116,117,Frederica,main,female,frederica,assets/triangle-strategy/approved_voice_references/frederica.wav,ชาวโรเซลล์รู้ความลับแห่งเกลือเป็นอย่างดี และแม่ของข้าคือผู้ถูกเลือกให้กุมความลับนั่นไว้,,,PENDING_MANUAL_GENERATION,,triangle-strategy
114,MS15_F01_A0_0040_F_FRE_0070.wav,MS15_F01_A0_0040_F_FRE_0070,117,117,117,118,Frederica,main,female,frederica,assets/triangle-strategy/approved_voice_references/frederica.wav,ในยุคบรรพกาล ชาวโรเซลล์ได้อาศัยอยู่ในเซนทราเลีย ดินแดนฝั่งใต้อันไกลโพ้นจากนอร์เซเลีย,,,PENDING_MANUAL_GENERATION,,triangle-strategy
115,MS15_F01_A0_0040_F_FRE_0080.wav,MS15_F01_A0_0040_F_FRE_0080,118,118,118,119,Frederica,main,female,frederica,assets/triangle-strategy/approved_voice_references/frederica.wav,ว่ากันว่าสถานที่แห่งนั้นมีแหล่งน้ำเค็มอันแผ่ไพศาลที่พวกเขาเรียกว่าทะเล,,,PENDING_MANUAL_GENERATION,,triangle-strategy
116,MS15_F01_A0_0040_F_FRE_0090.wav,MS15_F01_A0_0040_F_FRE_0090,119,119,119,120,Frederica,main,female,frederica,assets/triangle-strategy/approved_voice_references/frederica.wav,ในยุคนั้น...ทวีปนอร์เซเลียยังจมอยู่ใต้บาดาล แต่แล้วก็ได้เกิดมหันตภัยขึ้น...ซึ่งมันได้ยกระดับผืนดินขึ้นเหนือน้ำ,,,PENDING_MANUAL_GENERATION,,triangle-strategy
117,MS15_F01_A0_0040_F_FRE_0100.wav,MS15_F01_A0_0040_F_FRE_0100,120,120,120,121,Frederica,main,female,frederica,assets/triangle-strategy/approved_voice_references/frederica.wav,เกลือเหล่านั้นได้ตกผลึก และจมลงไปใต้แผ่นดินที่เราเหยียบย่ำอยู่นี้,,,PENDING_MANUAL_GENERATION,,triangle-strategy
118,MS15_F01_A0_0040_F_FRE_0110.wav,MS15_F01_A0_0040_F_FRE_0110,121,121,121,122,Frederica,main,female,frederica,assets/triangle-strategy/approved_voice_references/frederica.wav,หลังจากมหันตภัยก็ได้เกิดสงครามปะทุขึ้น เพื่อแย่งชิงทะเลสาบเกลือที่หลงเหลืออยู่...,,,PENDING_MANUAL_GENERATION,,triangle-strategy
119,MS15_F01_A0_0040_F_FRE_0120.wav,MS15_F01_A0_0040_F_FRE_0120,122,122,122,123,Frederica,main,female,frederica,assets/triangle-strategy/approved_voice_references/frederica.wav,ชาวโรเซลล์จึงพยายามยุติสงครามด้วยการขุดเสาเกลือขนาดใหญ่ ซึ่งเป็นความลับที่พวกเขาเก็บไว้มานาน,,,PENDING_MANUAL_GENERATION,,triangle-strategy
120,MS15_F01_A0_0040_F_FRE_0130.wav,MS15_F01_A0_0040_F_FRE_0130,123,123,123,124,Frederica,main,female,frederica,assets/triangle-strategy/approved_voice_references/frederica.wav,แต่ไฮแซนต์ผู้มีอำนาจผลิตเกลือและปกครองนาเกลือ ไม่ยอมให้ความจริงถูกเปิดเผยเป็นอันขาด,,,PENDING_MANUAL_GENERATION,,triangle-strategy
121,MS15_F01_A0_0040_F_FRE_0140.wav,MS15_F01_A0_0040_F_FRE_0140,124,124,124,125,Frederica,main,female,frederica,assets/triangle-strategy/approved_voice_references/frederica.wav,พวกมันจึงจับชาวโรเซลล์ไว้ และตราหน้าว่าเป็นคนบาป เป็นอาชญากรผู้หวังจะยึดครองนาเกลือไว้เพียงผู้เดียว,,,PENDING_MANUAL_GENERATION,,triangle-strategy
122,MS15_F01_A0_0040_F_FRE_0150.wav,MS15_F01_A0_0040_F_FRE_0150,125,125,125,126,Frederica,main,female,frederica,assets/triangle-strategy/approved_voice_references/frederica.wav,ไฮแซนต์ขโมยมันไป แล้วซ่อนไว้ในรูปปั้นเทพธิดากลางนาเกลือ,,,PENDING_MANUAL_GENERATION,,triangle-strategy
123,MS15_F01_A0_0040_F_FRE_0160.wav,MS15_F01_A0_0040_F_FRE_0160,126,126,126,127,Frederica,main,female,frederica,assets/triangle-strategy/approved_voice_references/frederica.wav,ระหว่างการปฏิวัติ แม่ข้าเป็นคนพังรูปปั้นเทพธิดา และคว้าเศษเสาเกลือภายในรูปปั้นมาได้,,,PENDING_MANUAL_GENERATION,,triangle-strategy
124,MS15_F01_A0_0040_F_FRE_0170.wav,MS15_F01_A0_0040_F_FRE_0170,127,127,127,128,Frederica,main,female,frederica,assets/triangle-strategy/approved_voice_references/frederica.wav,ข้าเจอคริสตัลระหว่างสำรวจหมู่บ้านนั่นแหละ,,,PENDING_MANUAL_GENERATION,,triangle-strategy
125,MS15_F01_A0_0040_F_FRE_0180.wav,MS15_F01_A0_0040_F_FRE_0180,128,128,128,129,Frederica,main,female,frederica,assets/triangle-strategy/approved_voice_references/frederica.wav,และชาวโรเซลล์จะถูกปลดปล่อยให้เป็นอิสระยังไงล่ะ,,,PENDING_MANUAL_GENERATION,,triangle-strategy
126,MS15_F01_A0_0040_F_FRE_0190.wav,MS15_F01_A0_0040_F_FRE_0190,129,129,129,130,Frederica,main,female,frederica,assets/triangle-strategy/approved_voice_references/frederica.wav,ได้สิ ข้าเชื่อมั่นในตระกูลวูล์ฟฟอร์ตสุดใจ,,,PENDING_MANUAL_GENERATION,,triangle-strategy
127,MS15_F01_A0_0040_F_FRE_0200.wav,MS15_F01_A0_0040_F_FRE_0200,130,130,130,131,Frederica,main,female,frederica,assets/triangle-strategy/approved_voice_references/frederica.wav,...รวมถึงเจ้าด้วย,,,PENDING_MANUAL_GENERATION,,triangle-strategy
128,MS15_F01_A0_0040_M_SEL_0010.wav,MS15_F01_A0_0040_M_SEL_0010,131,131,131,132,Serenoa,main,male,serenoa,assets/triangle-strategy/approved_voice_references/serenoa.wav,มีอะไรงั้นเหรอ? ได้ข่าวว่าหมู่บ้านโรเซลล์ไม่ได้รับความเสียหายนี่...,,,PENDING_MANUAL_GENERATION,,triangle-strategy
129,MS15_F01_A0_0040_M_SEL_0020.wav,MS15_F01_A0_0040_M_SEL_0020,132,132,132,133,Serenoa,main,male,serenoa,assets/triangle-strategy/approved_voice_references/serenoa.wav,หนังสือเหรอ?,,,PENDING_MANUAL_GENERATION,,triangle-strategy
130,MS15_F01_A0_0040_M_SEL_0030.wav,MS15_F01_A0_0040_M_SEL_0030,133,133,133,134,Serenoa,main,male,serenoa,assets/triangle-strategy/approved_voice_references/serenoa.wav,ความจริง? แม่ของเจ้ารู้อะไรเช่นนั้นด้วยเหรอ?,,,PENDING_MANUAL_GENERATION,,triangle-strategy
131,MS15_F01_A0_0040_M_SEL_0040.wav,MS15_F01_A0_0040_M_SEL_0040,134,134,134,135,Serenoa,main,male,serenoa,assets/triangle-strategy/approved_voice_references/serenoa.wav,เกลืออยู่ใต้เท้าเราเนี่ยนะ!?,,,PENDING_MANUAL_GENERATION,,triangle-strategy
132,MS15_F01_A0_0040_M_SEL_0050.wav,MS15_F01_A0_0040_M_SEL_0050,135,135,135,136,Serenoa,main,male,serenoa,assets/triangle-strategy/approved_voice_references/serenoa.wav,นึกภาพไม่ออกเลย!,,,PENDING_MANUAL_GENERATION,,triangle-strategy
133,MS15_F01_A0_0040_M_SEL_0060.wav,MS15_F01_A0_0040_M_SEL_0060,136,136,136,137,Serenoa,main,male,serenoa,assets/triangle-strategy/approved_voice_references/serenoa.wav,แล้วเสานั่นล่ะ?,,,PENDING_MANUAL_GENERATION,,triangle-strategy
134,MS15_F01_A0_0040_M_SEL_0070.wav,MS15_F01_A0_0040_M_SEL_0070,137,137,137,138,Serenoa,main,male,serenoa,assets/triangle-strategy/approved_voice_references/serenoa.wav,เจ้าแน่ใจเหรอ?,,,PENDING_MANUAL_GENERATION,,triangle-strategy
135,MS15_F01_A0_0040_M_SEL_0080.wav,MS15_F01_A0_0040_M_SEL_0080,138,138,138,139,Serenoa,main,male,serenoa,assets/triangle-strategy/approved_voice_references/serenoa.wav,คริสตัลเกลือที่พบในหมู่บ้านโรเซลล์สินะ!,,,PENDING_MANUAL_GENERATION,,triangle-strategy
136,MS15_F01_A0_0040_M_SEL_0090.wav,MS15_F01_A0_0040_M_SEL_0090,139,139,139,140,Serenoa,main,male,serenoa,assets/triangle-strategy/approved_voice_references/serenoa.wav,สุดยอดเลยนะ,,,PENDING_MANUAL_GENERATION,,triangle-strategy
137,MS15_F01_A0_0040_M_SEL_0095.wav,MS15_F01_A0_0040_M_SEL_0095,140,140,140,141,Serenoa,main,male,serenoa,assets/triangle-strategy/approved_voice_references/serenoa.wav,หากสิ่งที่เจ้าพูดเป็นความจริง แสดงว่าคำสอนมันลวงโลกน่ะสิ... รับรองสะเทือนวงการไฮแซนต์แน่,,,PENDING_MANUAL_GENERATION,,triangle-strategy
138,MS15_F01_A0_0040_M_SEL_0100.wav,MS15_F01_A0_0040_M_SEL_0100,141,141,141,142,Serenoa,main,male,serenoa,assets/triangle-strategy/approved_voice_references/serenoa.wav,เรามีหลายสิ่งต้องเดิมพัน จะทำอะไรก็ระวังด้วยนะเฟรเดอริก้า ข้าขอเวลาคิดอีกสักหน่อยก็แล้วกัน,,,PENDING_MANUAL_GENERATION,,triangle-strategy
139,MS15_F01_A1_0010_M_M270_0010.wav,MS15_F01_A1_0010_M_M270_0010,142,142,142,143,ชายชาวเมือง/ทหาร/ผู้ติดตาม,generic,male,MALE_ADULT_B,assets/triangle-strategy/approved_voice_references/MALE_ADULT_B.wav,การขุดเจาะใกล้สำเร็จแล้ว เราได้แร่ตามจำนวนที่ต้องการแล้วนะ,,,PENDING_MANUAL_GENERATION,,triangle-strategy
140,MS15_F01_A1_0010_M_M270_0020.wav,MS15_F01_A1_0010_M_M270_0020,143,143,143,144,ชายชาวเมือง/ทหาร/ผู้ติดตาม,generic,male,MALE_ADULT_B,assets/triangle-strategy/approved_voice_references/MALE_ADULT_B.wav,หากเหลือทิ้งไว้คงเสียดายแย่...,,,PENDING_MANUAL_GENERATION,,triangle-strategy
141,MS15_F01_A1_0010_M_M270_0030.wav,MS15_F01_A1_0010_M_M270_0030,144,144,144,145,ชายชาวเมือง/ทหาร/ผู้ติดตาม,generic,male,MALE_ADULT_B,assets/triangle-strategy/approved_voice_references/MALE_ADULT_B.wav,ขอรับ!,,,PENDING_MANUAL_GENERATION,,triangle-strategy
142,MS15_F01_A1_0010_M_M271_0020.wav,MS15_F01_A1_0010_M_M271_0020,145,145,145,146,ชายชาวเมือง/ทหาร/ผู้ติดตาม,generic,male,MALE_ADULT_C,assets/triangle-strategy/approved_voice_references/MALE_ADULT_C.wav,อาร์ชดยุกคงไม่สนเรื่องนั้นหรอก,,,PENDING_MANUAL_GENERATION,,triangle-strategy
143,MS15_F01_A1_0010_M_M271_0030.wav,MS15_F01_A1_0010_M_M271_0030,146,146,146,147,ชายชาวเมือง/ทหาร/ผู้ติดตาม,generic,male,MALE_ADULT_C,assets/triangle-strategy/approved_voice_references/MALE_ADULT_C.wav,เร็วเข้า! รีบขุดให้เสร็จก่อนที่เกลนบรู๊คจะตามมาจับเราทัน,,,PENDING_MANUAL_GENERATION,,triangle-strategy
144,MS15_F01_WD_0010_N_NNN_0010.wav,MS15_F01_WD_0010_N_NNN_0010,147,147,147,148,Narrator,narrator,female,narrator,assets/triangle-strategy/approved_voice_references/narrator.wav,โรแลนด์ เบเนดิกต์ และเฟรเดอริก้ากลับมารวมตัวกันที่นครหลวง,,,PENDING_MANUAL_GENERATION,,triangle-strategy
145,MS15_F01_WD_0010_N_NNN_0020.wav,MS15_F01_WD_0010_N_NNN_0020,148,148,148,149,Narrator,narrator,female,narrator,assets/triangle-strategy/approved_voice_references/narrator.wav,แต่สิ่งที่พวกเขาทั้งหลายได้ค้นพบ ล้วนสามารถเปลี่ยนแปลงชะตาในอนาคตได้ทั้งสิ้น,,,PENDING_MANUAL_GENERATION,,triangle-strategy
146,MS15_H01_A0_0010_F_HEW_0010.wav,MS15_H01_A0_0010_F_HEW_0010,149,149,149,150,Hughette,main,female,hughette,assets/triangle-strategy/approved_voice_references/hughette.wav,ฝ่าบาท อยู่นี่เองเหรอเจ้าคะ,,,PENDING_MANUAL_GENERATION,,triangle-strategy
147,MS15_H01_A0_0010_F_HEW_0020.wav,MS15_H01_A0_0010_F_HEW_0020,150,150,150,151,Hughette,main,female,hughette,assets/triangle-strategy/approved_voice_references/hughette.wav,อย่าห่อเหี่ยวใจไปเลยเจ้าค่ะ,,,PENDING_MANUAL_GENERATION,,triangle-strategy
148,MS15_H01_A0_0010_F_HEW_0030.wav,MS15_H01_A0_0010_F_HEW_0030,151,151,151,152,Hughette,main,female,hughette,assets/triangle-strategy/approved_voice_references/hughette.wav,ในเมื่อเรายึดปราสาทไวท์โฮล์มกลับคืนมาสำเร็จ ท่านก็ได้เป็นกษัตริย์ผู้ชอบธรรมแห่งเกลนบรู๊คแล้วนะ,,,PENDING_MANUAL_GENERATION,,triangle-strategy
149,MS15_H01_A0_0010_F_HEW_0040.wav,MS15_H01_A0_0010_F_HEW_0040,152,152,152,153,Hughette,main,female,hughette,assets/triangle-strategy/approved_voice_references/hughette.wav,ตอนนี้ทุกคนกำลังฟื้นฟูอาณาจักรจากสงคราม พาทริเอ็ทท์กับคนอื่นๆกำลังเร่งมือให้อยู่เจ้าค่ะ,,,PENDING_MANUAL_GENERATION,,triangle-strategy
150,MS15_H01_A0_0010_F_HEW_0050.wav,MS15_H01_A0_0010_F_HEW_0050,153,153,153,154,Hughette,main,female,hughette,assets/triangle-strategy/approved_voice_references/hughette.wav,ข้ารู้ว่าท่านผ่านร้อนผ่านหนาวมามาก แต่ว่า...อย่าให้ความสิ้นหวังเข้าครอบงำท่านสิเจ้าคะ,,,PENDING_MANUAL_GENERATION,,triangle-strategy
151,MS15_H01_A0_0010_F_HEW_0060.wav,MS15_H01_A0_0010_F_HEW_0060,154,154,154,155,Hughette,main,female,hughette,assets/triangle-strategy/approved_voice_references/hughette.wav,ทั้งข้า มิตรสหาย และราษฎรของท่าน... ต่างเฝ้ารอยุคแห่งสันติในยามกษัตริย์องค์ใหม่ขึ้นครองราชย์,,,PENDING_MANUAL_GENERATION,,triangle-strategy
152,MS15_H01_A0_0010_F_HEW_0070.wav,MS15_H01_A0_0010_F_HEW_0070,155,155,155,156,Hughette,main,female,hughette,assets/triangle-strategy/approved_voice_references/hughette.wav,ด้วยความยินดีเจ้าค่ะ,,,PENDING_MANUAL_GENERATION,,triangle-strategy
153,MS15_H01_A0_0010_F_HEW_0080.wav,MS15_H01_A0_0010_F_HEW_0080,156,156,156,157,Hughette,main,female,hughette,assets/triangle-strategy/approved_voice_references/hughette.wav,อ๋อ ข้าแค่... ไม่นึกว่าท่านจะหายกังวลได้เร็วขนาดนี้เจ้าค่ะ,,,PENDING_MANUAL_GENERATION,,triangle-strategy
154,MS15_H01_A0_0010_F_HEW_0090.wav,MS15_H01_A0_0010_F_HEW_0090,157,157,157,158,Hughette,main,female,hughette,assets/triangle-strategy/approved_voice_references/hughette.wav,เดี๋ยวข้าไปตามคนอื่นมาให้นะ,,,PENDING_MANUAL_GENERATION,,triangle-strategy
155,MS15_H01_A0_0010_M_M325_0010.wav,MS15_H01_A0_0010_M_M325_0010,158,158,158,159,ชายชาวเมือง/ทหาร/ผู้ติดตาม,generic,male,MALE_ADULT_C,assets/triangle-strategy/approved_voice_references/MALE_ADULT_C.wav,ฝ่าบาท ข้านำสารจากห้องพยาบาลมาแจ้งให้ทราบขอรับ,,,PENDING_MANUAL_GENERATION,,triangle-strategy
156,MS15_H01_A0_0010_M_M325_0020.wav,MS15_H01_A0_0010_M_M325_0020,159,159,159,160,ชายชาวเมือง/ทหาร/ผู้ติดตาม,generic,male,MALE_ADULT_C,assets/triangle-strategy/approved_voice_references/MALE_ADULT_C.wav,นางกำลังฟื้นตัวขอรับ ฝ่าบาท,,,PENDING_MANUAL_GENERATION,,triangle-strategy
157,MS15_H01_A0_0010_M_M325_0030.wav,MS15_H01_A0_0010_M_M325_0030,160,160,160,161,ชายชาวเมือง/ทหาร/ผู้ติดตาม,generic,male,MALE_ADULT_C,assets/triangle-strategy/approved_voice_references/MALE_ADULT_C.wav,เหมือนว่านางมีบางสิ่งที่อยากพูดคุยกับพวกท่านขอรับ,,,PENDING_MANUAL_GENERATION,,triangle-strategy
158,MS15_H01_A0_0010_M_M325_0040.wav,MS15_H01_A0_0010_M_M325_0040,161,161,161,162,ชายชาวเมือง/ทหาร/ผู้ติดตาม,generic,male,MALE_ADULT_C,assets/triangle-strategy/approved_voice_references/MALE_ADULT_C.wav,ขอรับ,,,PENDING_MANUAL_GENERATION,,triangle-strategy
159,MS15_H01_A0_0010_M_RLN_0010.wav,MS15_H01_A0_0010_M_RLN_0010,162,162,162,163,Roland,main,male,roland,assets/triangle-strategy/approved_voice_references/roland.wav,อ้าว...ฮิวเอทท์,,,PENDING_MANUAL_GENERATION,,triangle-strategy
160,MS15_H01_A0_0010_M_RLN_0020.wav,MS15_H01_A0_0010_M_RLN_0020,163,163,163,164,Roland,main,male,roland,assets/triangle-strategy/approved_voice_references/roland.wav,ข้าเข้าใจ แต่ว่า...,,,PENDING_MANUAL_GENERATION,,triangle-strategy
161,MS15_H01_A0_0010_M_RLN_0030.wav,MS15_H01_A0_0010_M_RLN_0030,164,164,164,165,Roland,main,male,roland,assets/triangle-strategy/approved_voice_references/roland.wav,โถ คอร์เดเลีย... ไอ้ราชรัฐเฮงซวย...,,,PENDING_MANUAL_GENERATION,,triangle-strategy
162,MS15_H01_A0_0010_M_RLN_0040.wav,MS15_H01_A0_0010_M_RLN_0040,165,165,165,166,Roland,main,male,roland,assets/triangle-strategy/approved_voice_references/roland.wav,พวกมันจะพรากทุกอย่างจากข้าไป พวกมันต้องชดใช้...,,,PENDING_MANUAL_GENERATION,,triangle-strategy
163,MS15_H01_A0_0010_M_RLN_0050.wav,MS15_H01_A0_0010_M_RLN_0050,166,166,166,167,Roland,main,male,roland,assets/triangle-strategy/approved_voice_references/roland.wav,โถ คอร์เดเลีย...,,,PENDING_MANUAL_GENERATION,,triangle-strategy
164,MS15_H01_A0_0010_M_RLN_0060.wav,MS15_H01_A0_0010_M_RLN_0060,167,167,167,168,Roland,main,male,roland,assets/triangle-strategy/approved_voice_references/roland.wav,หากข้าเสียเจ้าไป ข้า... ข้าคง...,,,PENDING_MANUAL_GENERATION,,triangle-strategy
165,MS15_H01_A0_0010_M_RLN_0070.wav,MS15_H01_A0_0010_M_RLN_0070,168,168,168,169,Roland,main,male,roland,assets/triangle-strategy/approved_voice_references/roland.wav,กษัตริย์งั้นเหรอ...?,,,PENDING_MANUAL_GENERATION,,triangle-strategy
166,MS15_H01_A0_0010_M_RLN_0080.wav,MS15_H01_A0_0010_M_RLN_0080,169,169,169,170,Roland,main,male,roland,assets/triangle-strategy/approved_voice_references/roland.wav,พ่อของข้าไม่เคยปล่อยให้อารมณ์ครอบงำ แม้กระทั่งวันที่แม่ของข้าเสียชีวิตด้วยซ้ำ...,,,PENDING_MANUAL_GENERATION,,triangle-strategy
167,MS15_H01_A0_0010_M_RLN_0090.wav,MS15_H01_A0_0010_M_RLN_0090,170,170,170,171,Roland,main,male,roland,assets/triangle-strategy/approved_voice_references/roland.wav,ข้าตั้งใจจะเจริญตามรอยเขาแล้ว แต่ว่า-,,,PENDING_MANUAL_GENERATION,,triangle-strategy
168,MS15_H01_A0_0010_M_RLN_0100.wav,MS15_H01_A0_0010_M_RLN_0100,171,171,171,172,Roland,main,male,roland,assets/triangle-strategy/approved_voice_references/roland.wav,เรื่องคอร์เดเลียหรือเปล่า? บอกข้าสิว่านางสบายดี!,,,PENDING_MANUAL_GENERATION,,triangle-strategy
169,MS15_H01_A0_0010_M_RLN_0110.wav,MS15_H01_A0_0010_M_RLN_0110,172,172,172,173,Roland,main,male,roland,assets/triangle-strategy/approved_voice_references/roland.wav,โอ้ ขอบคุณสวรรค์...,,,PENDING_MANUAL_GENERATION,,triangle-strategy
170,MS15_H01_A0_0010_M_RLN_0120.wav,MS15_H01_A0_0010_M_RLN_0120,173,173,173,174,Roland,main,male,roland,assets/triangle-strategy/approved_voice_references/roland.wav,ได้สิ ถ้านางไหว ฝากบอกนางด้วยว่ามาเจอกันที่สวน,,,PENDING_MANUAL_GENERATION,,triangle-strategy
171,MS15_H01_A0_0010_M_RLN_0130.wav,MS15_H01_A0_0010_M_RLN_0130,174,174,174,175,Roland,main,male,roland,assets/triangle-strategy/approved_voice_references/roland.wav,ฮิวเอทท์ ช่วยไปตามเซเรโนอากับคนอื่นทีนะ บอกพวกเขาด้วยว่าให้รีบมาที่สวน,,,PENDING_MANUAL_GENERATION,,triangle-strategy
172,MS15_H01_A0_0010_M_RLN_0140.wav,MS15_H01_A0_0010_M_RLN_0140,175,175,175,176,Roland,main,male,roland,assets/triangle-strategy/approved_voice_references/roland.wav,...มีอะไรหรือเปล่า? ทำไมถึงยิ้มล่ะ,,,PENDING_MANUAL_GENERATION,,triangle-strategy
173,MS15_H01_A0_0010_M_RLN_0150.wav,MS15_H01_A0_0010_M_RLN_0150,176,176,176,177,Roland,main,male,roland,assets/triangle-strategy/approved_voice_references/roland.wav,คอร์เดเลีย... ในที่สุดเจ้าก็กลับมาหาข้าเสียที...,,,PENDING_MANUAL_GENERATION,,triangle-strategy
174,MS15_H01_A0_0010_M_RLN_0160.wav,MS15_H01_A0_0010_M_RLN_0160,177,177,177,178,Roland,main,male,roland,assets/triangle-strategy/approved_voice_references/roland.wav,ค่อยๆรักษาตัวพยุงอาการไปนะ ไม่ต้องรีบร้อนเลย...,,,PENDING_MANUAL_GENERATION,,triangle-strategy
175,MS15_H01_A0_0020_F_CRD_0010.wav,MS15_H01_A0_0020_F_CRD_0010,178,178,178,179,Cordelia,npc,female,cordelia,assets/triangle-strategy/approved_voice_references/cordelia.wav,เจ้าค่ะ กุสตาดอล์ฟเป็นคนเจ้าเล่ห์มาก,,,PENDING_MANUAL_GENERATION,,triangle-strategy
176,MS15_H01_A0_0020_F_CRD_0020.wav,MS15_H01_A0_0020_F_CRD_0020,179,179,179,180,Cordelia,npc,female,cordelia,assets/triangle-strategy/approved_voice_references/cordelia.wav,พาทริเอ็ทท์กับพวกขุนนางฝ่ายขวา รวมหัวกับเอสฟรอสต์เพื่อปกป้องตนเองหลังการรุกราน,,,PENDING_MANUAL_GENERATION,,triangle-strategy
177,MS15_H01_A0_0020_F_CRD_0030.wav,MS15_H01_A0_0020_F_CRD_0030,180,180,180,181,Cordelia,npc,female,cordelia,assets/triangle-strategy/approved_voice_references/cordelia.wav,กุสตาดอล์ฟหลอกใช้พวกเขาทุกอย่าง,,,PENDING_MANUAL_GENERATION,,triangle-strategy
178,MS15_H01_A0_0020_F_CRD_0040.wav,MS15_H01_A0_0020_F_CRD_0040,181,181,181,182,Cordelia,npc,female,cordelia,assets/triangle-strategy/approved_voice_references/cordelia.wav,เขาถอดยศฐานะทั้งหมด และให้พวกเขาปกครองบ้านเมืองต่อไป,,,PENDING_MANUAL_GENERATION,,triangle-strategy
179,MS15_H01_A0_0020_F_CRD_0050.wav,MS15_H01_A0_0020_F_CRD_0050,182,182,182,183,Cordelia,npc,female,cordelia,assets/triangle-strategy/approved_voice_references/cordelia.wav,แต่พาทริเอ็ทท์คงไม่น่าจะใส่ใจอะไรนักหรอก เพราะมันทำให้แผนการดำเนินไปอย่างราบรื่นโดยที่ไม่ยุ่มย่ามกับชีวิตประชาชน,,,PENDING_MANUAL_GENERATION,,triangle-strategy
180,MS15_H01_A0_0020_F_CRD_0060.wav,MS15_H01_A0_0020_F_CRD_0060,183,183,183,184,Cordelia,npc,female,cordelia,assets/triangle-strategy/approved_voice_references/cordelia.wav,เหมือนเขากำลังเตรียมเผชิญศึกครั้งถัดไปแล้วล่ะ,,,PENDING_MANUAL_GENERATION,,triangle-strategy
181,MS15_H01_A0_0020_F_CRD_0070.wav,MS15_H01_A0_0020_F_CRD_0070,184,184,184,185,Cordelia,npc,female,cordelia,assets/triangle-strategy/approved_voice_references/cordelia.wav,อาจจะเป็นเช่นนั้น เสียดายที่ข้ารู้ไม่ละเอียด...,,,PENDING_MANUAL_GENERATION,,triangle-strategy
182,MS15_H01_A0_0020_F_CRD_0080.wav,MS15_H01_A0_0020_F_CRD_0080,185,185,185,186,Cordelia,npc,female,cordelia,assets/triangle-strategy/approved_voice_references/cordelia.wav,...แต่โล่แห่งเทพธิดาคงมิอาจปกป้องรัฐศักดิ์สิทธิ์จากเอสฟรอสต์ได้อีกต่อไปแล้วล่ะ,,,PENDING_MANUAL_GENERATION,,triangle-strategy
183,MS15_H01_A0_0020_F_CRD_0090.wav,MS15_H01_A0_0020_F_CRD_0090,186,186,186,187,Cordelia,npc,female,cordelia,assets/triangle-strategy/approved_voice_references/cordelia.wav,เพราะมันจะถูกทำลายโดยปืนใหญ่เสียงสังเวย,,,PENDING_MANUAL_GENERATION,,triangle-strategy
184,MS15_H01_A0_0020_F_CRD_0100.wav,MS15_H01_A0_0020_F_CRD_0100,187,187,187,188,Cordelia,npc,female,cordelia,assets/triangle-strategy/approved_voice_references/cordelia.wav,มันคืออาวุธที่ถูกพัฒนามาจากภูมิปัญญากระสุนระเบิดและแร่เหล็กของเอสฟรอสต์น่ะ,,,PENDING_MANUAL_GENERATION,,triangle-strategy
185,MS15_H01_A0_0020_F_CRD_0110.wav,MS15_H01_A0_0020_F_CRD_0110,188,188,188,189,Cordelia,npc,female,cordelia,assets/triangle-strategy/approved_voice_references/cordelia.wav,ธาลาสเคยบอกว่า แม้แต่โล่แห่งเทพธิดาก็จะพินาศด้วยแรงระเบิดของมัน,,,PENDING_MANUAL_GENERATION,,triangle-strategy
186,MS15_H01_A0_0020_F_CRD_0115.wav,MS15_H01_A0_0020_F_CRD_0115,1258,1258,1258,190,Cordelia,npc,female,cordelia,assets/triangle-strategy/approved_voice_references/cordelia.wav,อ๊ะ...,,,PENDING_MANUAL_GENERATION,,triangle-strategy
187,MS15_H01_A0_0020_F_CRD_0120.wav,MS15_H01_A0_0020_F_CRD_0120,189,189,189,191,Cordelia,npc,female,cordelia,assets/triangle-strategy/approved_voice_references/cordelia.wav,ขอโทษเจ้าค่ะท่านพี่... ข้าเวียนหัวนิดหน่อย...,,,PENDING_MANUAL_GENERATION,,triangle-strategy
188,MS15_H01_A0_0020_F_CRD_0130.wav,MS15_H01_A0_0020_F_CRD_0130,190,190,190,192,Cordelia,npc,female,cordelia,assets/triangle-strategy/approved_voice_references/cordelia.wav,พาทริเอ็ทท์!?,,,PENDING_MANUAL_GENERATION,,triangle-strategy
189,MS15_H01_A0_0020_F_CRD_0150.wav,MS15_H01_A0_0020_F_CRD_0150,192,192,192,194,Cordelia,npc,female,cordelia,assets/triangle-strategy/approved_voice_references/cordelia.wav,ก็ได้เจ้าค่ะ...,,,PENDING_MANUAL_GENERATION,,triangle-strategy
190,MS15_H01_A0_0020_F_FRE_0010.wav,MS15_H01_A0_0020_F_FRE_0010,193,193,193,195,Frederica,main,female,frederica,assets/triangle-strategy/approved_voice_references/frederica.wav,เพราะแบบนี้เองสินะ ข้าจึงรู้สึกว่าบ้านเมืองของเรายังวุ่นวายอยู่,,,PENDING_MANUAL_GENERATION,,triangle-strategy
191,MS15_H01_A0_0020_F_FRE_0020.wav,MS15_H01_A0_0020_F_FRE_0020,194,194,194,196,Frederica,main,female,frederica,assets/triangle-strategy/approved_voice_references/frederica.wav,ทำไมเอสฟรอสต์ถึงมีปัญญาผลิตอะไรที่น่ากลัวได้ขนาดนี้กันนะ...,,,PENDING_MANUAL_GENERATION,,triangle-strategy
192,MS15_H01_A0_0020_F_FRE_0030.wav,MS15_H01_A0_0020_F_FRE_0030,195,195,195,197,Frederica,main,female,frederica,assets/triangle-strategy/approved_voice_references/frederica.wav,คอร์เดเลีย?,,,PENDING_MANUAL_GENERATION,,triangle-strategy
193,MS15_H01_A0_0020_F_HEW_0010.wav,MS15_H01_A0_0020_F_HEW_0010,196,196,196,198,Hughette,main,female,hughette,assets/triangle-strategy/approved_voice_references/hughette.wav,เดี๋ยวนะเจ้าคะ อย่าบอกนะว่าเขาจะเดินทัพไปเล่นงานไฮแซนต์น่ะ!?,,,PENDING_MANUAL_GENERATION,,triangle-strategy
194,MS15_H01_A0_0020_F_YRA_0010.wav,MS15_H01_A0_0020_F_YRA_0010,197,197,197,199,Geela,main,female,geela,assets/triangle-strategy/approved_voice_references/geela.wav,ช่างเป็นแผนการยึดครองที่ไร้ที่ติ จากผู้บัญชาการแนวหน้าเสียจริง,,,PENDING_MANUAL_GENERATION,,triangle-strategy
195,MS15_H01_A0_0020_M_BND_0010.wav,MS15_H01_A0_0020_M_BND_0010,198,198,198,200,Benedict,main,male,benedict,assets/triangle-strategy/approved_voice_references/benedict.wav,"""ปืนใหญ่เสียงสังเวย"" คืออะไรเหรอขอรับ?",,,PENDING_MANUAL_GENERATION,,triangle-strategy
196,MS15_H01_A0_0020_M_ELA_0010.wav,MS15_H01_A0_0020_M_ELA_0010,199,199,199,201,Erador,main,male,erador,assets/triangle-strategy/approved_voice_references/erador.wav,"เห้อ ""ยุคแห่งสันติ"" บ้าบออะไรของมันวะ การยึดครองเกลนบรู๊คถือเป็นส่วนหนึ่งของแผนการเพื่อยึดครองนาเกลือสินะ",,,PENDING_MANUAL_GENERATION,,triangle-strategy
197,MS15_H01_A0_0020_M_PTR_0010.wav,MS15_H01_A0_0020_M_PTR_0010,200,200,200,202,พาทริเอ็ทท์,npc,male,patriatte,assets/triangle-strategy/approved_voice_references/patriatte.wav,ข้าตามหาท่านซะทั่วเลย องค์หญิง!,,,PENDING_MANUAL_GENERATION,,triangle-strategy
198,MS15_H01_A0_0020_M_PTR_0020.wav,MS15_H01_A0_0020_M_PTR_0020,201,201,201,203,พาทริเอ็ทท์,npc,male,patriatte,assets/triangle-strategy/approved_voice_references/patriatte.wav,ข้าสั่งห้ามไม่ให้ท่านออกจากห้องพยาบาลไม่ใช่เหรอขอรับ!? ท่านยังต้องพักฟื้นนะ!,,,PENDING_MANUAL_GENERATION,,triangle-strategy
199,MS15_H01_A0_0020_M_PTR_0030.wav,MS15_H01_A0_0020_M_PTR_0030,202,202,202,204,พาทริเอ็ทท์,npc,male,patriatte,assets/triangle-strategy/approved_voice_references/patriatte.wav,ข้าดูแลดีขนาดนี้ ท่านอยากทำให้มันสูญเปล่าจริงๆเหรอ?,,,PENDING_MANUAL_GENERATION,,triangle-strategy
200,MS15_H01_A0_0020_M_PTR_0040.wav,MS15_H01_A0_0020_M_PTR_0040,203,203,203,205,พาทริเอ็ทท์,npc,male,patriatte,assets/triangle-strategy/approved_voice_references/patriatte.wav,รบกวนช่วยกลับไปที่ห้องพยาบาลด้วยขอรับ!,,,PENDING_MANUAL_GENERATION,,triangle-strategy
201,MS15_H01_A0_0020_M_RLN_0010.wav,MS15_H01_A0_0020_M_RLN_0010,204,204,204,206,Roland,main,male,roland,assets/triangle-strategy/approved_voice_references/roland.wav,นั่นคือเรื่องที่เกิดขึ้นระหว่างที่ข้าไม่อยู่สินะ...,,,PENDING_MANUAL_GENERATION,,triangle-strategy
202,MS15_H01_A0_0020_M_RLN_0020.wav,MS15_H01_A0_0020_M_RLN_0020,205,205,205,207,Roland,main,male,roland,assets/triangle-strategy/approved_voice_references/roland.wav,ข้าฟังแล้วหงุดหงิดชะมัด แต่การซ่อมแซมนครหลวงสำคัญกว่านะ,,,PENDING_MANUAL_GENERATION,,triangle-strategy
203,MS15_H01_A0_0020_M_RLN_0030.wav,MS15_H01_A0_0020_M_RLN_0030,206,206,206,208,Roland,main,male,roland,assets/triangle-strategy/approved_voice_references/roland.wav,ขอบคุณนะ เซเรโนอา,,,PENDING_MANUAL_GENERATION,,triangle-strategy
204,MS15_H01_A0_0020_M_RLN_0040.wav,MS15_H01_A0_0020_M_RLN_0040,207,207,207,209,Roland,main,male,roland,assets/triangle-strategy/approved_voice_references/roland.wav,ไหนๆเจ้าก็เป็นผู้ศักดิ์สิทธิ์แล้ว ฝากจับตาดูไฮแซนต์ด้วยเช่นกันนะ,,,PENDING_MANUAL_GENERATION,,triangle-strategy
205,MS15_H01_A0_0020_M_RLN_0050.wav,MS15_H01_A0_0020_M_RLN_0050,208,208,208,210,Roland,main,male,roland,assets/triangle-strategy/approved_voice_references/roland.wav,อย่าฝืนต่อเลยคอร์เดเลีย ไปนอนพักเอาแรงเสียเถอะ หลังจากนี้ข้าจัดการเอง,,,PENDING_MANUAL_GENERATION,,triangle-strategy
206,MS15_H01_A0_0020_M_SEL_0010.wav,MS15_H01_A0_0020_M_SEL_0010,209,209,209,211,Serenoa,main,male,serenoa,assets/triangle-strategy/approved_voice_references/serenoa.wav,ถ้างั้นเราควรประเมินความเสียหายเพื่อหาหนทางแก้ไขต่อไปขอรับ,,,PENDING_MANUAL_GENERATION,,triangle-strategy
207,MS15_H01_A0_0020_M_SEL_0020.wav,MS15_H01_A0_0020_M_SEL_0020,210,210,210,212,Serenoa,main,male,serenoa,assets/triangle-strategy/approved_voice_references/serenoa.wav,ตระกูลวูล์ฟฟอร์ตจะช่วยท่านอย่างสุดความสามารถ,,,PENDING_MANUAL_GENERATION,,triangle-strategy
208,MS15_H01_A0_0030_F_HEW_0010.wav,MS15_H01_A0_0030_F_HEW_0010,211,211,211,213,Hughette,main,female,hughette,assets/triangle-strategy/approved_voice_references/hughette.wav,คือว่า... เราได้รับเสบียงจำนวนมากจากไฮแซนต์ก็จริง แต่ก็มีคนบางส่วนไม่พอใจเจ้าค่ะ,,,PENDING_MANUAL_GENERATION,,triangle-strategy
209,MS15_H01_A0_0030_F_HEW_0020.wav,MS15_H01_A0_0030_F_HEW_0020,212,212,212,214,Hughette,main,female,hughette,assets/triangle-strategy/approved_voice_references/hughette.wav,เหมือนว่าเสบียงส่วนใหญ่จะส่งไม่ถึงมือพวกเขาเลยด้วยซ้ำ,,,PENDING_MANUAL_GENERATION,,triangle-strategy
210,MS15_H01_A0_0030_F_HEW_0030.wav,MS15_H01_A0_0030_F_HEW_0030,213,213,213,215,Hughette,main,female,hughette,assets/triangle-strategy/approved_voice_references/hughette.wav,ไม่แน่ใจเจ้าค่ะ เห็นว่าพาทริเอ็ทท์กับคณะขุนนางฝ่ายขวาของเขาเป็นคนแจกจ่ายเสบียง,,,PENDING_MANUAL_GENERATION,,triangle-strategy
211,MS15_H01_A0_0030_M_PTR_0010.wav,MS15_H01_A0_0030_M_PTR_0010,214,214,214,216,พาทริเอ็ทท์,npc,male,patriatte,assets/triangle-strategy/approved_voice_references/patriatte.wav,แต่พิธีนี้มันสำคัญนะขอรับ มันจะทำให้ราษฎรของเราละทิ้งความกลัวและเสริมสร้างความเชื่อมั่นต่อสถาบัน ซึ่งเป็นเป้าหมายของขุนนางอย่างเราขอรับ,,,PENDING_MANUAL_GENERATION,,triangle-strategy
212,MS15_H01_A0_0030_M_PTR_0020.wav,MS15_H01_A0_0030_M_PTR_0020,215,215,215,217,พาทริเอ็ทท์,npc,male,patriatte,assets/triangle-strategy/approved_voice_references/patriatte.wav,อาณาจักรของเรานั้นแข็งแกร่งได้ด้วยความเชื่อมั่นของราษฎร ซึ่งขณะนี้ทั่วโลกกลับมองเกลนบรู๊คว่าอ่อนแอ พิธีครั้งนี้จะทำให้พวกเขาเปลี่ยนใจเป็นแน่ขอรับ,,,PENDING_MANUAL_GENERATION,,triangle-strategy
213,MS15_H01_A0_0030_M_PTR_0030.wav,MS15_H01_A0_0030_M_PTR_0030,216,216,216,218,พาทริเอ็ทท์,npc,male,patriatte,assets/triangle-strategy/approved_voice_references/patriatte.wav,สบายใจได้ขอรับ วูล์ฟฟอร์ตจะไม่ปล่อยให้ราษฎรของท่านต้องหิวโซ,,,PENDING_MANUAL_GENERATION,,triangle-strategy
214,MS15_H01_A0_0030_M_PTR_0040.wav,MS15_H01_A0_0030_M_PTR_0040,217,217,217,219,พาทริเอ็ทท์,npc,male,patriatte,assets/triangle-strategy/approved_voice_references/patriatte.wav,แต่เชื่อข้าเถอะขอรับ พิธีราชาภิเษกนั้นจะทำให้เกลนบรู๊คกลับมารุ่งเรืองอีกครั้งในเร็ววันแน่นอน,,,PENDING_MANUAL_GENERATION,,triangle-strategy
215,MS15_H01_A0_0030_M_PTR_0050.wav,MS15_H01_A0_0030_M_PTR_0050,218,218,218,220,พาทริเอ็ทท์,npc,male,patriatte,assets/triangle-strategy/approved_voice_references/patriatte.wav,ท่านแค่ซื้อใจประชาชนด้วยการขึ้นครองบัลลังก์เท่านั้นเอง,,,PENDING_MANUAL_GENERATION,,triangle-strategy
216,MS15_H01_A0_0030_M_PTR_0060.wav,MS15_H01_A0_0030_M_PTR_0060,219,219,219,221,พาทริเอ็ทท์,npc,male,patriatte,assets/triangle-strategy/approved_voice_references/patriatte.wav,ก็มีส่วนถูกขอรับ หน้าที่สำคัญของกษัตริย์คือการดำรงอยู่เป็นเครื่องหมายแห่งอาณาจักร,,,PENDING_MANUAL_GENERATION,,triangle-strategy
217,MS15_H01_A0_0030_M_PTR_0070.wav,MS15_H01_A0_0030_M_PTR_0070,220,220,220,222,พาทริเอ็ทท์,npc,male,patriatte,assets/triangle-strategy/approved_voice_references/patriatte.wav,ท่านไม่จำเป็นต้องมากำกับดูแลใครด้วยซ้ำ พวกเราจะทำหน้าที่นั้นแทนท่านทั้งหมด,,,PENDING_MANUAL_GENERATION,,triangle-strategy
218,MS15_H01_A0_0030_M_PTR_0080.wav,MS15_H01_A0_0030_M_PTR_0080,221,221,221,223,พาทริเอ็ทท์,npc,male,patriatte,assets/triangle-strategy/approved_voice_references/patriatte.wav,เพราะท่านเพิ่งขึ้นครองราชย์ยังไงล่ะขอรับ,,,PENDING_MANUAL_GENERATION,,triangle-strategy
219,MS15_H01_A0_0030_M_PTR_0100.wav,MS15_H01_A0_0030_M_PTR_0100,223,223,223,225,พาทริเอ็ทท์,npc,male,patriatte,assets/triangle-strategy/approved_voice_references/patriatte.wav,ตามประสงค์ขอรับฝ่าบาท,,,PENDING_MANUAL_GENERATION,,triangle-strategy
220,MS15_H01_A0_0030_M_RLN_0010.wav,MS15_H01_A0_0030_M_RLN_0010,224,224,224,226,Roland,main,male,roland,assets/triangle-strategy/approved_voice_references/roland.wav,พิธีราชาภิเษกงั้นเหรอ? ไม่มีเรื่องสำคัญกว่านี้ให้ทำแล้วหรือไงกัน,,,PENDING_MANUAL_GENERATION,,triangle-strategy
221,MS15_H01_A0_0030_M_RLN_0020.wav,MS15_H01_A0_0030_M_RLN_0020,225,225,225,227,Roland,main,male,roland,assets/triangle-strategy/approved_voice_references/roland.wav,มันช่วยได้จริงๆเหรอ? ดูทรงแล้วพวกเขาคงสนใจเรื่องปากท้องของตัวเองมากกว่านะ,,,PENDING_MANUAL_GENERATION,,triangle-strategy
222,MS15_H01_A0_0030_M_RLN_0030.wav,MS15_H01_A0_0030_M_RLN_0030,226,226,226,228,Roland,main,male,roland,assets/triangle-strategy/approved_voice_references/roland.wav,มันก็แค่ขึ้นไปนั่งบนเก้าอี้เฉยๆ ไม่ใช่หรือไง!?,,,PENDING_MANUAL_GENERATION,,triangle-strategy
223,MS15_H01_A0_0030_M_RLN_0040.wav,MS15_H01_A0_0030_M_RLN_0040,227,227,227,229,Roland,main,male,roland,assets/triangle-strategy/approved_voice_references/roland.wav,ไม่ต้องจัดพิธีอะไรทั้งนั้น...นี่คือคำสั่งของข้า ราษฎรต้องการอะไรพวกเขาจะบอกเอง เจ้าหัดฟังเสียงของพวกเขาเสียบ้างเถอะ,,,PENDING_MANUAL_GENERATION,,triangle-strategy
224,MS15_H01_A0_0030_M_RLN_0050.wav,MS15_H01_A0_0030_M_RLN_0050,228,228,228,230,Roland,main,male,roland,assets/triangle-strategy/approved_voice_references/roland.wav,เป็นไงบ้างฮิวเอทท์? เสบียงส่งถึงมือประชาชนไหม?,,,PENDING_MANUAL_GENERATION,,triangle-strategy
225,MS15_H01_A0_0030_M_RLN_0060.wav,MS15_H01_A0_0030_M_RLN_0060,229,229,229,231,Roland,main,male,roland,assets/triangle-strategy/approved_voice_references/roland.wav,ทำไมงั้นล่ะ!?,,,PENDING_MANUAL_GENERATION,,triangle-strategy
226,MS15_H01_A0_0030_M_RLN_0070.wav,MS15_H01_A0_0030_M_RLN_0070,230,230,230,232,Roland,main,male,roland,assets/triangle-strategy/approved_voice_references/roland.wav,ไอ้พวกขุนนาง... คิดจะทำตามอำเภอใจไปถึงไหน,,,PENDING_MANUAL_GENERATION,,triangle-strategy
227,MS15_H01_A0_0040_F_FRE_0010.wav,MS15_H01_A0_0040_F_FRE_0010,231,231,231,233,Frederica,main,female,frederica,assets/triangle-strategy/approved_voice_references/frederica.wav,มีคนที่ยอมรับในระบอบการปกครองเอสฟรอสต์มากกว่าที่คิดเสียอีก...,,,PENDING_MANUAL_GENERATION,,triangle-strategy
228,MS15_H01_A0_0040_F_FRE_0020.wav,MS15_H01_A0_0040_F_FRE_0020,232,232,232,234,Frederica,main,female,frederica,assets/triangle-strategy/approved_voice_references/frederica.wav,"น่าจะ แต่ว่า ""เสรีภาพ"" ของเขามันเป็นเพียงความโลภและความโหดร้าย...",,,PENDING_MANUAL_GENERATION,,triangle-strategy
229,MS15_H01_A0_0040_F_FRE_0030.wav,MS15_H01_A0_0040_F_FRE_0030,233,233,233,235,Frederica,main,female,frederica,assets/triangle-strategy/approved_voice_references/frederica.wav,ผู้ส่งสารวูล์ฟฟอร์ต! นี่ท่านถ่อมาหาข้าถึงนี่เชียวเหรอ!? เกิดอะไรขึ้นน่ะ?,,,PENDING_MANUAL_GENERATION,,triangle-strategy
230,MS15_H01_A0_0040_F_FRE_0040.wav,MS15_H01_A0_0040_F_FRE_0040,234,234,234,236,Frederica,main,female,frederica,assets/triangle-strategy/approved_voice_references/frederica.wav,เขาฟื้นสติแล้วเหรอ!?,,,PENDING_MANUAL_GENERATION,,triangle-strategy
231,MS15_H01_A0_0040_F_FRE_0050.wav,MS15_H01_A0_0040_F_FRE_0050,235,235,235,237,Frederica,main,female,frederica,assets/triangle-strategy/approved_voice_references/frederica.wav,ตายจริง สงสัยต้องเอาไปบอกเซเรโนอาซะแล้ว! ข้าไม่ได้เห็นรอยยิ้มของเขามานานมากเลยล่ะ...,,,PENDING_MANUAL_GENERATION,,triangle-strategy
232,MS15_H01_A0_0040_F_FRE_0060.wav,MS15_H01_A0_0040_F_FRE_0060,236,236,236,238,Frederica,main,female,frederica,assets/triangle-strategy/approved_voice_references/frederica.wav,ศัตรูของเราต้องแข็งแกร่งเป็นแน่... เราต้องเป็นที่พึ่งให้หมู่บ้านโรเซลล์,,,PENDING_MANUAL_GENERATION,,triangle-strategy
233,MS15_H01_A0_0040_F_MIR_0010.wav,MS15_H01_A0_0040_F_MIR_0010,237,237,237,239,ไมโล,npc,female,milo,assets/triangle-strategy/approved_voice_references/milo.wav,แหมๆ ชักเริ่มสนุกซะแล้วสิ...,,,PENDING_MANUAL_GENERATION,,triangle-strategy
234,MS15_H01_A0_0040_F_YRA_0010.wav,MS15_H01_A0_0040_F_YRA_0010,238,238,238,240,Geela,main,female,geela,assets/triangle-strategy/approved_voice_references/geela.wav,เกลนบรู๊คมีประวัติความเป็นมาอันยาวนาน,,,PENDING_MANUAL_GENERATION,,triangle-strategy
235,MS15_H01_A0_0040_F_YRA_0020.wav,MS15_H01_A0_0040_F_YRA_0020,239,239,239,241,Geela,main,female,geela,assets/triangle-strategy/approved_voice_references/geela.wav,ขนบธรรมเนียบและระบอบกษัตริย์จึงเป็นสิ่งสำคัญเจ้าค่ะ เพราะอาณาจักรแห่งนี้ค่อนข้างอนุรักษ์นิยมเอาเสียมาก,,,PENDING_MANUAL_GENERATION,,triangle-strategy
236,MS15_H01_A0_0040_F_YRA_0030.wav,MS15_H01_A0_0040_F_YRA_0030,240,240,240,242,Geela,main,female,geela,assets/triangle-strategy/approved_voice_references/geela.wav,"แม้อาร์ชดยุกผู้สนับสนุน ""เสรีภาพ"" จะมอบอภิสิทธิ์แก่คนที่มีอำนาจอยู่แล้วก็ตาม",,,PENDING_MANUAL_GENERATION,,triangle-strategy
237,MS15_H01_A0_0040_F_YRA_0040.wav,MS15_H01_A0_0040_F_YRA_0040,241,241,241,243,Geela,main,female,geela,assets/triangle-strategy/approved_voice_references/geela.wav,สิ่งนั้นทำให้คนที่คุ้นชินกับธรรมเนียมเก่าๆ กระหายอำนาจยิ่งขึ้นกว่าเดิม,,,PENDING_MANUAL_GENERATION,,triangle-strategy
238,MS15_H01_A0_0040_F_YRA_0050.wav,MS15_H01_A0_0040_F_YRA_0050,242,242,242,244,Geela,main,female,geela,assets/triangle-strategy/approved_voice_references/geela.wav,มีปัญหาอะไรในแคว้นวูล์ฟฟอร์ตงั้นเหรอ?,,,PENDING_MANUAL_GENERATION,,triangle-strategy
239,MS15_H01_A0_0040_F_YRA_0060.wav,MS15_H01_A0_0040_F_YRA_0060,243,243,243,245,Geela,main,female,geela,assets/triangle-strategy/approved_voice_references/geela.wav,ผู้ส่งสาร...ตามเรามา รีบไปแจ้งคนอื่นกันเถอะ,,,PENDING_MANUAL_GENERATION,,triangle-strategy
240,MS15_H01_A0_0040_M_M326_0010.wav,MS15_H01_A0_0040_M_M326_0010,244,244,244,246,ชายชาวเมือง/ทหาร/ผู้ติดตาม,generic,male,MALE_YOUNG_A,assets/triangle-strategy/approved_voice_references/MALE_YOUNG_A.wav,ท่านหญิงเฟรเดอริก้า ข้าตามหาท่านซะทั่วเลย!,,,PENDING_MANUAL_GENERATION,,triangle-strategy
241,MS15_H01_A0_0040_M_M326_0020.wav,MS15_H01_A0_0040_M_M326_0020,245,245,245,247,ชายชาวเมือง/ทหาร/ผู้ติดตาม,generic,male,MALE_YOUNG_A,assets/triangle-strategy/approved_voice_references/MALE_YOUNG_A.wav,ข้านำข่าวของลอร์ดซีมอนจากปราสาทวูล์ฟฟอร์ตมาแจ้งให้ทราบขอรับท่านหญิง!,,,PENDING_MANUAL_GENERATION,,triangle-strategy
242,MS15_H01_A0_0040_M_M326_0030.wav,MS15_H01_A0_0040_M_M326_0030,246,246,246,248,ชายชาวเมือง/ทหาร/ผู้ติดตาม,generic,male,MALE_YOUNG_A,assets/triangle-strategy/approved_voice_references/MALE_YOUNG_A.wav,ใช่ขอรับ ตอนนี้ร่าเริงแจ่มใสสุดๆขอรับ,,,PENDING_MANUAL_GENERATION,,triangle-strategy
243,MS15_H01_A0_0040_M_M326_0040.wav,MS15_H01_A0_0040_M_M326_0040,247,247,247,249,ชายชาวเมือง/ทหาร/ผู้ติดตาม,generic,male,MALE_YOUNG_A,assets/triangle-strategy/approved_voice_references/MALE_YOUNG_A.wav,และเขาปลื้มใจอย่างมากที่รู้ว่าเรายึดนครหลวงกลับคืนมาได้สำเร็จ เขาอยากขอบคุณท่านที่ปราสาทด้วยตนเองขอรับ,,,PENDING_MANUAL_GENERATION,,triangle-strategy
244,MS15_H01_A0_0040_M_M326_0050.wav,MS15_H01_A0_0040_M_M326_0050,248,248,248,250,ชายชาวเมือง/ทหาร/ผู้ติดตาม,generic,male,MALE_YOUNG_A,assets/triangle-strategy/approved_voice_references/MALE_YOUNG_A.wav,ท่านหญิง ข้ายังมีข่าวสำหรับท่านอีกด้วย แต่ครั้งนี้เป็นข่าวร้ายนะขอรับ,,,PENDING_MANUAL_GENERATION,,triangle-strategy
245,MS15_H01_A0_0040_M_M326_0060.wav,MS15_H01_A0_0040_M_M326_0060,249,249,249,251,ชายชาวเมือง/ทหาร/ผู้ติดตาม,generic,male,MALE_YOUNG_A,assets/triangle-strategy/approved_voice_references/MALE_YOUNG_A.wav,ตอนนี้เหล่าโจรชั่วกำลังถล่มหมู่บ้านโรเซลล์ขอรับ,,,PENDING_MANUAL_GENERATION,,triangle-strategy
246,MS15_H01_A0_0040_M_M326_0070.wav,MS15_H01_A0_0040_M_M326_0070,250,250,250,252,ชายชาวเมือง/ทหาร/ผู้ติดตาม,generic,male,MALE_YOUNG_A,assets/triangle-strategy/approved_voice_references/MALE_YOUNG_A.wav,น่าเสียดายที่ปราสาทวูล์ฟฟอร์ตมีทหารน้อยเกินกว่าจะหยุดยั้งพวกเขา เราจึงอยากได้คำแนะนำจากลอร์ดเซเรโนอาขอรับ,,,PENDING_MANUAL_GENERATION,,triangle-strategy
247,MS15_H01_A0_1010_F_ANA_0010.wav,MS15_H01_A0_1010_F_ANA_0010,251,251,251,253,Anna,main,female,anna,assets/triangle-strategy/approved_voice_references/anna.wav,เจ้าค่ะ ตอนนี้รัฐมนตรีพาทริเอ็ทท์กำลังขยายอำนาจของตนในฐานะแกนนำขุนนาง,,,PENDING_MANUAL_GENERATION,,triangle-strategy
248,MS15_H01_A0_1010_F_ANA_0020.wav,MS15_H01_A0_1010_F_ANA_0020,252,252,252,254,Anna,main,female,anna,assets/triangle-strategy/approved_voice_references/anna.wav,เขาโด่งดังจนเป็นที่รู้จักของกุสตาดอล์ฟ,,,PENDING_MANUAL_GENERATION,,triangle-strategy
249,MS15_H01_A0_1010_F_ANA_0030.wav,MS15_H01_A0_1010_F_ANA_0030,253,253,253,255,Anna,main,female,anna,assets/triangle-strategy/approved_voice_references/anna.wav,เขาอยากอุทิศตนให้ฝ่าบาทโรแลนด์ เช่นเดียวกับที่ถวายชีวิตให้อาร์ชดยุก,,,PENDING_MANUAL_GENERATION,,triangle-strategy
250,MS15_H01_A0_1010_F_ANA_0040.wav,MS15_H01_A0_1010_F_ANA_0040,254,254,254,256,Anna,main,female,anna,assets/triangle-strategy/approved_voice_references/anna.wav,แบบนี้มันไม่น่าเชื่อใจเลยนะเจ้าคะ,,,PENDING_MANUAL_GENERATION,,triangle-strategy
251,MS15_H01_A0_1010_F_FRE_0010.wav,MS15_H01_A0_1010_F_FRE_0010,255,255,255,257,Frederica,main,female,frederica,assets/triangle-strategy/approved_voice_references/frederica.wav,เหมือนที่เอสฟรอสต์เลย...,,,PENDING_MANUAL_GENERATION,,triangle-strategy
252,MS15_H01_A0_1010_F_FRE_0020.wav,MS15_H01_A0_1010_F_FRE_0020,256,256,256,258,Frederica,main,female,frederica,assets/triangle-strategy/approved_voice_references/frederica.wav,ข้าขอเดินชมเมืองกับจีล่าอีกสักหน่อยนะ เผื่อได้คุยกับประชาชนด้วย,,,PENDING_MANUAL_GENERATION,,triangle-strategy
253,MS15_H01_A0_1010_M_BND_0010.wav,MS15_H01_A0_1010_M_BND_0010,257,257,257,259,Benedict,main,male,benedict,assets/triangle-strategy/approved_voice_references/benedict.wav,เช่นนั้นประชาชนจึงชื่นชอบรูปแบบการปกครองของกุสตาดอล์ฟมากกว่าสินะ,,,PENDING_MANUAL_GENERATION,,triangle-strategy
254,MS15_H01_A0_1010_M_BND_0020.wav,MS15_H01_A0_1010_M_BND_0020,258,258,258,260,Benedict,main,male,benedict,assets/triangle-strategy/approved_voice_references/benedict.wav,แอนนา เจ้าลองเข้าไปดูสถานการณ์ในปราสาทหรือยัง?,,,PENDING_MANUAL_GENERATION,,triangle-strategy
255,MS15_H01_A0_1010_M_BND_0030.wav,MS15_H01_A0_1010_M_BND_0030,259,259,259,261,Benedict,main,male,benedict,assets/triangle-strategy/approved_voice_references/benedict.wav,ท่านรัฐมนตรี นับเป็นเกียรติที่ท่านสละเวลาทำงานของตนเพื่อมาหาพวกเราจริงๆขอรับ,,,PENDING_MANUAL_GENERATION,,triangle-strategy
256,MS15_H01_A0_1010_M_BND_0040.wav,MS15_H01_A0_1010_M_BND_0040,260,260,260,262,Benedict,main,male,benedict,assets/triangle-strategy/approved_voice_references/benedict.wav,ขู่กันเลยเหรอ...,,,PENDING_MANUAL_GENERATION,,triangle-strategy
257,MS15_H01_A0_1010_M_BND_0050.wav,MS15_H01_A0_1010_M_BND_0050,261,261,261,263,Benedict,main,male,benedict,assets/triangle-strategy/approved_voice_references/benedict.wav,อืม เรากลับไปรายงานสถานการณ์ให้ฝ่าบาททราบกันดีกว่าขอรับ,,,PENDING_MANUAL_GENERATION,,triangle-strategy
258,MS15_H01_A0_1010_M_ELA_0010.wav,MS15_H01_A0_1010_M_ELA_0010,262,262,262,264,Erador,main,male,erador,assets/triangle-strategy/approved_voice_references/erador.wav,ประเมินความเสียหายโดยรวมในนครหลวงเรียบร้อยแล้วขอรับนายท่าน มัน...เสียหายหนักกว่าที่คิด,,,PENDING_MANUAL_GENERATION,,triangle-strategy
259,MS15_H01_A0_1010_M_ELA_0020.wav,MS15_H01_A0_1010_M_ELA_0020,263,263,263,265,Erador,main,male,erador,assets/triangle-strategy/approved_voice_references/erador.wav,มัน...จะพูดยังไงดีล่ะ คือประชาชนบางส่วนไม่พอใจที่องค์ชายโรแลนด์กลับมาขอรับ,,,PENDING_MANUAL_GENERATION,,triangle-strategy
260,MS15_H01_A0_1010_M_ELA_0030.wav,MS15_H01_A0_1010_M_ELA_0030,264,264,264,266,Erador,main,male,erador,assets/triangle-strategy/approved_voice_references/erador.wav,เพราะเอสฟรอสต์ซื้อใจประชาชนด้วยการยกเลิกภาษีเกลือ...แถมได้ผลซะด้วย,,,PENDING_MANUAL_GENERATION,,triangle-strategy
261,MS15_H01_A0_1010_M_ELA_0040.wav,MS15_H01_A0_1010_M_ELA_0040,265,265,265,267,Erador,main,male,erador,assets/triangle-strategy/approved_voice_references/erador.wav,มากไปกว่านั้น แนวคิดเสรีภาพของกุสตาดอล์ฟสร้างกระแสลุกฮือต่อประชาชนอย่างมาก,,,PENDING_MANUAL_GENERATION,,triangle-strategy
262,MS15_H01_A0_1010_M_ELA_0050.wav,MS15_H01_A0_1010_M_ELA_0050,266,266,266,268,Erador,main,male,erador,assets/triangle-strategy/approved_voice_references/erador.wav,เขาโละทิ้งขนบธรรมเนียมแบบเก่า เพื่อให้ทุกคนไต่เต้าขึ้นไปตามความสามารถของตนแทนสิทธิโดยกำเนิด,,,PENDING_MANUAL_GENERATION,,triangle-strategy
263,MS15_H01_A0_1010_M_ELA_0060.wav,MS15_H01_A0_1010_M_ELA_0060,267,267,267,269,Erador,main,male,erador,assets/triangle-strategy/approved_voice_references/erador.wav,พนันได้เลย พวกเขาคงเหม็นขี้หน้าเรา เพราะรู้ตัวเองว่าจะต้องกลับไปใช้ชีวิตแบบเดิม,,,PENDING_MANUAL_GENERATION,,triangle-strategy
264,MS15_H01_A0_1010_M_PTR_0010.wav,MS15_H01_A0_1010_M_PTR_0010,268,268,268,270,พาทริเอ็ทท์,npc,male,patriatte,assets/triangle-strategy/approved_voice_references/patriatte.wav,ตระกูลวูล์ฟฟอร์ตผู้เก่งกล้าสามารถ! พวกท่านคงเหน็ดเหนื่อยกับการสร้างนครหลวงเป็นแน่,,,PENDING_MANUAL_GENERATION,,triangle-strategy
265,MS15_H01_A0_1010_M_PTR_0020.wav,MS15_H01_A0_1010_M_PTR_0020,269,269,269,271,พาทริเอ็ทท์,npc,male,patriatte,assets/triangle-strategy/approved_voice_references/patriatte.wav,เห็นแล้วชื่นใจเสียเหลือเกิน,,,PENDING_MANUAL_GENERATION,,triangle-strategy
266,MS15_H01_A0_1010_M_PTR_0030.wav,MS15_H01_A0_1010_M_PTR_0030,270,270,270,272,พาทริเอ็ทท์,npc,male,patriatte,assets/triangle-strategy/approved_voice_references/patriatte.wav,ไม่เอาน่า อย่าคิดว่าตัวพวกท่านไม่สำคัญสิ! ทั้งอาณาจักรรวมถึงตัวข้าติดค้างท่านไว้เยอะเลยนะ,,,PENDING_MANUAL_GENERATION,,triangle-strategy
267,MS15_H01_A0_1010_M_PTR_0040.wav,MS15_H01_A0_1010_M_PTR_0040,271,271,271,273,พาทริเอ็ทท์,npc,male,patriatte,assets/triangle-strategy/approved_voice_references/patriatte.wav,พวกเราซาบซึ้งในความช่วยเหลือของวูล์ฟฟอร์ตมากๆ ถึงแม้ตอนนี้ท่านกำลังรับใช้เจ้านายคนใหม่ก็ตาม,,,PENDING_MANUAL_GENERATION,,triangle-strategy
268,MS15_H01_A0_1010_M_PTR_0050.wav,MS15_H01_A0_1010_M_PTR_0050,272,272,272,274,พาทริเอ็ทท์,npc,male,patriatte,assets/triangle-strategy/approved_voice_references/patriatte.wav,เออ พูดถึงกษัตริย์... เกรงว่าตอนนี้พวกเราจะมีปัญหานิดหน่อย...,,,PENDING_MANUAL_GENERATION,,triangle-strategy
269,MS15_H01_A0_1010_M_PTR_0060.wav,MS15_H01_A0_1010_M_PTR_0060,273,273,273,275,พาทริเอ็ทท์,npc,male,patriatte,assets/triangle-strategy/approved_voice_references/patriatte.wav,ตอนนี้ฝ่าบาทมัวแต่คิดจะล้างแค้นเอสฟรอสต์ขอรับ,,,PENDING_MANUAL_GENERATION,,triangle-strategy
270,MS15_H01_A0_1010_M_PTR_0070.wav,MS15_H01_A0_1010_M_PTR_0070,274,274,274,276,พาทริเอ็ทท์,npc,male,patriatte,assets/triangle-strategy/approved_voice_references/patriatte.wav,แต่ราษฎรของเราคงเบื่อหน่ายกับสงครามเต็มทนแล้ว พวกท่านน่าจะรู้ดีใช่ไหมว่าตอนนี้สถาบันกษัตริย์...กำลังถูกเกลียดชัง,,,PENDING_MANUAL_GENERATION,,triangle-strategy
271,MS15_H01_A0_1010_M_PTR_0080.wav,MS15_H01_A0_1010_M_PTR_0080,275,275,275,277,พาทริเอ็ทท์,npc,male,patriatte,assets/triangle-strategy/approved_voice_references/patriatte.wav,จะทำอะไรก็คิดดีๆนะขอรับ,,,PENDING_MANUAL_GENERATION,,triangle-strategy
272,MS15_H01_A0_1010_M_SEL_0010.wav,MS15_H01_A0_1010_M_SEL_0010,276,276,276,278,Serenoa,main,male,serenoa,assets/triangle-strategy/approved_voice_references/serenoa.wav,อืม... เช่นนั้นเราควรเร่งซ่อมแซมแล้วล่ะนะ ต้องกลับไปรายงานไฮแซนต์...เผื่อพวกเขาจะช่วยอะไรได้บ้าง,,,PENDING_MANUAL_GENERATION,,triangle-strategy
273,MS15_H01_A0_1010_M_SEL_0020.wav,MS15_H01_A0_1010_M_SEL_0020,277,277,277,279,Serenoa,main,male,serenoa,assets/triangle-strategy/approved_voice_references/serenoa.wav,มีเรื่องสำคัญนอกเหนือจากความเสียหายไหมขอรับ?,,,PENDING_MANUAL_GENERATION,,triangle-strategy
274,MS15_H01_A0_1010_M_SEL_0030.wav,MS15_H01_A0_1010_M_SEL_0030,278,278,278,280,Serenoa,main,male,serenoa,assets/triangle-strategy/approved_voice_references/serenoa.wav,โรแลนด์เองก็เคยพูดเช่นนั้น ต้องมีสักทางที่ทำให้ประชาชนรู้สึกยินดีในการกลับมาของเขาสิ,,,PENDING_MANUAL_GENERATION,,triangle-strategy
275,MS15_H01_A0_1010_M_SEL_0040.wav,MS15_H01_A0_1010_M_SEL_0040,279,279,279,281,Serenoa,main,male,serenoa,assets/triangle-strategy/approved_voice_references/serenoa.wav,เราแค่ทำตามหน้าที่ในฐานะข้ารับใช้ผู้ภักดีของกษัตริย์ขอรับ,,,PENDING_MANUAL_GENERATION,,triangle-strategy
276,MS15_H01_A0_1010_M_SEL_0060.wav,MS15_H01_A0_1010_M_SEL_0060,281,281,281,283,Serenoa,main,male,serenoa,assets/triangle-strategy/approved_voice_references/serenoa.wav,ยังไงซะ เราคงทำอะไรไม่ได้นอกจากซ่อมแซมนครหลวง,,,PENDING_MANUAL_GENERATION,,triangle-strategy
277,MS15_H01_A0_1010_M_SEL_0070.wav,MS15_H01_A0_1010_M_SEL_0070,282,282,282,284,Serenoa,main,male,serenoa,assets/triangle-strategy/approved_voice_references/serenoa.wav,ได้สิที่รัก แต่ระวังตัวด้วยนะ เพราะที่นี่ไม่ใช่เมืองที่เจ้าเคยรู้จักอีกต่อไปแล้ว,,,PENDING_MANUAL_GENERATION,,triangle-strategy
278,MS15_H01_C0_1010_M_ENG_0010.wav,MS15_H01_C0_1010_M_ENG_0010,283,283,283,285,เทเนบริส,npc,male,tenebris,assets/triangle-strategy/approved_voice_references/tenebris.wav,วูล์ฟฟอร์ตและรัฐมนตรีเอกซ์เฮมกอบกู้นครหลวงได้สำเร็จสินะ,,,PENDING_MANUAL_GENERATION,,triangle-strategy
279,MS15_H01_C0_1010_M_ENG_0015.wav,MS15_H01_C0_1010_M_ENG_0015,284,284,284,286,เทเนบริส,npc,male,tenebris,assets/triangle-strategy/approved_voice_references/tenebris.wav,อีกทั้งยังสร้างความเสียหายต่อทัพเอสฟรอสต์อย่างหนัก ด้วยการสังหารธาลาสและผู้บัญชาการคนอื่นๆอีกด้วย,,,PENDING_MANUAL_GENERATION,,triangle-strategy
280,MS15_H01_C0_1010_M_ENG_0020.wav,MS15_H01_C0_1010_M_ENG_0020,285,285,285,287,เทเนบริส,npc,male,tenebris,assets/triangle-strategy/approved_voice_references/tenebris.wav,นึกสภาพตอนที่กุสตาดอล์ฟรู้เรื่องนี้เข้าสิ... เขาคงหมดปัญญาจนต้องคุกเข่าร้องขอเกลือจากเราเป็นแน่,,,PENDING_MANUAL_GENERATION,,triangle-strategy
281,MS15_H01_C0_1010_M_ENG_0030.wav,MS15_H01_C0_1010_M_ENG_0030,286,286,286,288,เทเนบริส,npc,male,tenebris,assets/triangle-strategy/approved_voice_references/tenebris.wav,แต่ก็นะ...นี่เป็นโอกาสเดียวของเราในการทำลายราชรัฐให้สิ้นซาก,,,PENDING_MANUAL_GENERATION,,triangle-strategy
282,MS15_H01_C0_1010_M_ENG_0040.wav,MS15_H01_C0_1010_M_ENG_0040,287,287,287,289,เทเนบริส,npc,male,tenebris,assets/triangle-strategy/approved_voice_references/tenebris.wav,เหล็ก! ใช่แล้วล่ะท่าน,,,PENDING_MANUAL_GENERATION,,triangle-strategy
283,MS15_H01_C0_1010_M_ENG_0050.wav,MS15_H01_C0_1010_M_ENG_0050,288,288,288,290,เทเนบริส,npc,male,tenebris,assets/triangle-strategy/approved_voice_references/tenebris.wav,เราแค่ต้องเกลี้ยกล่อมให้เกลนบรู๊คมอบเหมืองนอร์เซเลียแก่เรา,,,PENDING_MANUAL_GENERATION,,triangle-strategy
284,MS15_H01_C0_1010_M_ENG_0060.wav,MS15_H01_C0_1010_M_ENG_0060,289,289,289,291,เทเนบริส,npc,male,tenebris,assets/triangle-strategy/approved_voice_references/tenebris.wav,เป็นค่าตอบแทนสำหรับความช่วยเหลือของเราในการฟื้นฟูนครหลวงยังไงล่ะ,,,PENDING_MANUAL_GENERATION,,triangle-strategy
285,MS15_H01_C0_1010_M_ENG_0070.wav,MS15_H01_C0_1010_M_ENG_0070,290,290,290,292,เทเนบริส,npc,male,tenebris,assets/triangle-strategy/approved_voice_references/tenebris.wav,รัฐมนตรีอีดอร์?,,,PENDING_MANUAL_GENERATION,,triangle-strategy
286,MS15_H01_C0_1010_M_ENG_0080.wav,MS15_H01_C0_1010_M_ENG_0080,291,291,291,293,เทเนบริส,npc,male,tenebris,assets/triangle-strategy/approved_voice_references/tenebris.wav,ขอรับ ทั้งฝ่าบาทโรแลนด์และรัฐมนตรีเซเรโนอาได้รายงานขอบเขตความเสียหายของนครหลวงให้เราทราบแล้ว,,,PENDING_MANUAL_GENERATION,,triangle-strategy
287,MS15_H01_C0_1010_M_ENG_0090.wav,MS15_H01_C0_1010_M_ENG_0090,292,292,292,294,เทเนบริส,npc,male,tenebris,assets/triangle-strategy/approved_voice_references/tenebris.wav,จริงด้วยสินะ การแสดงความกรุณาของเทพธิดาให้ประชาชนเห็น จะสร้างความแตกแยกระหว่างเขากับกษัตริย์...,,,PENDING_MANUAL_GENERATION,,triangle-strategy
288,MS15_H01_C0_1010_M_IDO_0010.wav,MS15_H01_C0_1010_M_IDO_0010,293,293,293,295,อีดอร์,npc,male,idore,assets/triangle-strategy/approved_voice_references/idore.wav,ดีกว่านี้ไม่มีอีกแล้ว,,,PENDING_MANUAL_GENERATION,,triangle-strategy
289,MS15_H01_C0_1010_M_IDO_0015.wav,MS15_H01_C0_1010_M_IDO_0015,294,294,294,296,อีดอร์,npc,male,idore,assets/triangle-strategy/approved_voice_references/idore.wav,การที่เอสฟรอสต์กำลังฟื้นตัวจากสงครามไม่ได้แปลว่าพวกเขากำลังอ่อนแอ พวกเขายังมีแร่เหล็กอยู่นะ อย่าลืมสิ,,,PENDING_MANUAL_GENERATION,,triangle-strategy
290,MS15_H01_C0_1010_M_IDO_0020.wav,MS15_H01_C0_1010_M_IDO_0020,295,295,295,297,อีดอร์,npc,male,idore,assets/triangle-strategy/approved_voice_references/idore.wav,เหมืองนอร์เซเลีย... ตัวจุดประกายไฟสงครามของเอสฟรอสต์,,,PENDING_MANUAL_GENERATION,,triangle-strategy
291,MS15_H01_C0_1010_M_IDO_0030.wav,MS15_H01_C0_1010_M_IDO_0030,296,296,296,298,อีดอร์,npc,male,idore,assets/triangle-strategy/approved_voice_references/idore.wav,ทั้งๆ ที่พวกเขามีแร่เหล็กเพียงพอ ท่านจะเปลืองตัวไปยึดเหมืองเหล็กทำไม? ข้าจะส่งไมโลไปดูสถานการณ์ก็แล้วกัน,,,PENDING_MANUAL_GENERATION,,triangle-strategy
292,MS15_H01_C0_1010_M_IDO_0040.wav,MS15_H01_C0_1010_M_IDO_0040,297,297,297,299,อีดอร์,npc,male,idore,assets/triangle-strategy/approved_voice_references/idore.wav,เพราะยังไงเกลือก็เป็นของเรา ข้าคิดว่าเราควรยื้อเวลาจนเอสฟรอสต์ยอมรับความพ่ายแพ้ของตนเสียดีกว่า,,,PENDING_MANUAL_GENERATION,,triangle-strategy
293,MS15_H01_C0_1010_M_IDO_0050.wav,MS15_H01_C0_1010_M_IDO_0050,298,298,298,300,อีดอร์,npc,male,idore,assets/triangle-strategy/approved_voice_references/idore.wav,แถมอีกอย่าง เกลนบรู๊คต้องการให้เราช่วยฟื้นฟูนครหลวงไม่ใช่เหรอ?,,,PENDING_MANUAL_GENERATION,,triangle-strategy
294,MS15_H01_C0_1010_M_IDO_0060.wav,MS15_H01_C0_1010_M_IDO_0060,299,299,299,301,อีดอร์,npc,male,idore,assets/triangle-strategy/approved_voice_references/idore.wav,ส่งเสบียงช่วยเหลือไปเยอะๆเลย,,,PENDING_MANUAL_GENERATION,,triangle-strategy
295,MS15_H01_C0_1010_M_IDO_0065.wav,MS15_H01_C0_1010_M_IDO_0065,300,300,300,302,อีดอร์,npc,male,idore,assets/triangle-strategy/approved_voice_references/idore.wav,ส่งให้รัฐมนตรีเซเรโนอาแห่งเจ็ดผู้ศักดิ์สิทธิ์เป็นคนจัดการ,,,PENDING_MANUAL_GENERATION,,triangle-strategy
296,MS15_H01_C0_1010_M_IDO_0070.wav,MS15_H01_C0_1010_M_IDO_0070,301,301,301,303,อีดอร์,npc,male,idore,assets/triangle-strategy/approved_voice_references/idore.wav,และเอสฟรอสต์กับเกลนบรู๊ค... จะเป็นของเราในอีกไม่ช้า,,,PENDING_MANUAL_GENERATION,,triangle-strategy
297,MS15_H01_VOTE_110_F_FRE_0010.wav,MS15_H01_VOTE_110_F_FRE_0010,302,302,302,304,Frederica,main,female,frederica,assets/triangle-strategy/approved_voice_references/frederica.wav,และข้าจะไปหมู่บ้านโรเซลล์ ฝากความคิดถึงให้ลอร์ดซีมอนด้วยนะ,,,PENDING_MANUAL_GENERATION,,triangle-strategy
298,MS15_H01_VOTE_110_F_MIR_0010.wav,MS15_H01_VOTE_110_F_MIR_0010,303,303,303,305,ไมโล,npc,female,milo,assets/triangle-strategy/approved_voice_references/milo.wav,อ้าว ลอร์ดเซเรโนอา จะกลับบ้านเหรอเจ้าคะ?,,,PENDING_MANUAL_GENERATION,,triangle-strategy
299,MS15_H01_VOTE_110_F_MIR_0020.wav,MS15_H01_VOTE_110_F_MIR_0020,304,304,304,306,ไมโล,npc,female,milo,assets/triangle-strategy/approved_voice_references/milo.wav,จังหวะดีจริงๆ ข้ากำลังจะไปแคว้นวูล์ฟฟอร์ตเหมือนกัน,,,PENDING_MANUAL_GENERATION,,triangle-strategy
300,MS15_H01_VOTE_110_F_MIR_0030.wav,MS15_H01_VOTE_110_F_MIR_0030,305,305,305,307,ไมโล,npc,female,milo,assets/triangle-strategy/approved_voice_references/milo.wav,ขอร่วมทางไปด้วยได้ไหมเจ้าคะ?,,,PENDING_MANUAL_GENERATION,,triangle-strategy
301,MS15_H01_VOTE_110_F_MIR_0040.wav,MS15_H01_VOTE_110_F_MIR_0040,306,306,306,308,ไมโล,npc,female,milo,assets/triangle-strategy/approved_voice_references/milo.wav,คิคิ ด้วยวิธีของข้าไง,,,PENDING_MANUAL_GENERATION,,triangle-strategy
302,MS15_H01_VOTE_110_F_MIR_0050.wav,MS15_H01_VOTE_110_F_MIR_0050,307,307,307,309,ไมโล,npc,female,milo,assets/triangle-strategy/approved_voice_references/milo.wav,สตรีเก่งกล้าเช่นข้า ใครได้เป็นเพื่อนร่วมทางคงโชคดีมิใช่น้อยนะเจ้าคะ,,,PENDING_MANUAL_GENERATION,,triangle-strategy
303,MS15_H01_VOTE_110_F_MIR_0060.wav,MS15_H01_VOTE_110_F_MIR_0060,308,308,308,310,ไมโล,npc,female,milo,assets/triangle-strategy/approved_voice_references/milo.wav,เจ้าค่ะนายท่าน,,,PENDING_MANUAL_GENERATION,,triangle-strategy
304,MS15_H01_VOTE_110_M_BND_0010.wav,MS15_H01_VOTE_110_M_BND_0010,309,309,309,311,Benedict,main,male,benedict,assets/triangle-strategy/approved_voice_references/benedict.wav,ลอร์ดซีมอนคงดีใจที่ได้เห็นท่านเป็นแน่,,,PENDING_MANUAL_GENERATION,,triangle-strategy
305,MS15_H01_VOTE_110_M_BND_0020.wav,MS15_H01_VOTE_110_M_BND_0020,310,310,310,312,Benedict,main,male,benedict,assets/triangle-strategy/approved_voice_references/benedict.wav,ข้าไม่รู้ว่านางต้องการอะไร แต่หากมีท่านอยู่ด้วย...ก็คงจะจับตาดูนางได้สะดวกขึ้นขอรับนายท่าน,,,PENDING_MANUAL_GENERATION,,triangle-strategy
306,MS15_H01_VOTE_110_M_ELA_0010.wav,MS15_H01_VOTE_110_M_ELA_0010,311,311,311,313,Erador,main,male,erador,assets/triangle-strategy/approved_voice_references/erador.wav,ไมโล!? แอบเข้าปราสาทมาได้ไงเนี่ย!?,,,PENDING_MANUAL_GENERATION,,triangle-strategy
307,MS15_H01_VOTE_110_M_RLN_0010.wav,MS15_H01_VOTE_110_M_RLN_0010,312,312,312,314,Roland,main,male,roland,assets/triangle-strategy/approved_voice_references/roland.wav,เอาล่ะ ไปจัดการเรื่องที่พ่อได้มอบหมายเจ้าเสียเถิด ทางนี้เดี๋ยวข้าจัดการเอง,,,PENDING_MANUAL_GENERATION,,triangle-strategy
308,MS15_H01_VOTE_110_M_SEL_0010.wav,MS15_H01_VOTE_110_M_SEL_0010,313,313,313,315,Serenoa,main,male,serenoa,assets/triangle-strategy/approved_voice_references/serenoa.wav,ข้าต้องกลับไปหาพ่อ... ที่ปราสาทวูล์ฟฟอร์ต,,,PENDING_MANUAL_GENERATION,,triangle-strategy
309,MS15_H01_VOTE_110_M_SEL_0020.wav,MS15_H01_VOTE_110_M_SEL_0020,314,314,314,316,Serenoa,main,male,serenoa,assets/triangle-strategy/approved_voice_references/serenoa.wav,จริงสินะ,,,PENDING_MANUAL_GENERATION,,triangle-strategy
310,MS15_H01_VOTE_110_M_SEL_0030.wav,MS15_H01_VOTE_110_M_SEL_0030,315,315,315,317,Serenoa,main,male,serenoa,assets/triangle-strategy/approved_voice_references/serenoa.wav,มากับข้าสิไมโล แต่ข้าจะมอบหมายให้เจ้าทำงานบ้านด้วยนะ ตกลงไหม?,,,PENDING_MANUAL_GENERATION,,triangle-strategy
311,MS15_H01_VOTE_110_M_SEL_0040.wav,MS15_H01_VOTE_110_M_SEL_0040,316,316,316,318,Serenoa,main,male,serenoa,assets/triangle-strategy/approved_voice_references/serenoa.wav,ลากันตรงนี้นะ แล้วเดี๋ยวกลับมาเจอกันที่นครหลวงนะขอรับ ฝ่าบาทโรแลนด์ เฟรเดอริก้า,,,PENDING_MANUAL_GENERATION,,triangle-strategy
312,MS15_H01_VOTE_120_F_FRE_0010.wav,MS15_H01_VOTE_120_F_FRE_0010,317,317,317,319,Frederica,main,female,frederica,assets/triangle-strategy/approved_voice_references/frederica.wav,และข้าจะไปจัดการปัญหาที่หมู่บ้านโรเซลล์ ข้าไปไม่นาน ไม่ต้องห่วงหรอกนะ,,,PENDING_MANUAL_GENERATION,,triangle-strategy
313,MS15_H01_VOTE_120_M_BND_0010.wav,MS15_H01_VOTE_120_M_BND_0010,318,318,318,320,Benedict,main,male,benedict,assets/triangle-strategy/approved_voice_references/benedict.wav,เช่นนั้นข้าจะกลับไปที่ปราสาทวูล์ฟฟอร์ต เพื่อรายงานสถานการณ์ให้ลอร์ดซีมอนทราบแทนท่านเองขอรับ,,,PENDING_MANUAL_GENERATION,,triangle-strategy
314,MS15_H01_VOTE_120_M_RLN_0010.wav,MS15_H01_VOTE_120_M_RLN_0010,319,319,319,321,Roland,main,male,roland,assets/triangle-strategy/approved_voice_references/roland.wav,สงสัยคงเป็นหนี้เจ้าซะแล้วสหายข้า เป็นบุญของข้าจริงๆที่มีเจ้าอยู่ข้างกาย,,,PENDING_MANUAL_GENERATION,,triangle-strategy
315,MS15_H01_VOTE_120_M_SEL_0010.wav,MS15_H01_VOTE_120_M_SEL_0010,320,320,320,322,Serenoa,main,male,serenoa,assets/triangle-strategy/approved_voice_references/serenoa.wav,ข้าจะอยู่ช่วยฝ่าบาทโรแลนด์สืบสวนขุนนางขุนนางฝ่ายขวา,,,PENDING_MANUAL_GENERATION,,triangle-strategy
316,MS15_H01_VOTE_120_M_SEL_0020.wav,MS15_H01_VOTE_120_M_SEL_0020,321,321,321,323,Serenoa,main,male,serenoa,assets/triangle-strategy/approved_voice_references/serenoa.wav,ลากันตรงนี้ แล้วเดี๋ยวกลับมาเจอกันที่นครหลวงขอรับ เบเนดิกต์ เฟรเดอริก้า,,,PENDING_MANUAL_GENERATION,,triangle-strategy
317,MS15_H01_VOTE_130_F_FRE_0010.wav,MS15_H01_VOTE_130_F_FRE_0010,322,322,322,324,Frederica,main,female,frederica,assets/triangle-strategy/approved_voice_references/frederica.wav,ขอบคุณนะเซเรโนอา ดีใจเหลือเกินที่มีเจ้าอยู่เคียงข้าง,,,PENDING_MANUAL_GENERATION,,triangle-strategy
318,MS15_H01_VOTE_130_M_BND_0010.wav,MS15_H01_VOTE_130_M_BND_0010,323,323,323,325,Benedict,main,male,benedict,assets/triangle-strategy/approved_voice_references/benedict.wav,เช่นนั้นข้าจะกลับไปที่ปราสาทวูล์ฟฟอร์ต เพื่อรายงานสถานการณ์ให้ลอร์ดซีมอนทราบแทนท่านเองขอรับ,,,PENDING_MANUAL_GENERATION,,triangle-strategy
319,MS15_H01_VOTE_130_M_RLN_0010.wav,MS15_H01_VOTE_130_M_RLN_0010,324,324,324,326,Roland,main,male,roland,assets/triangle-strategy/approved_voice_references/roland.wav,เอาล่ะ จงไปทำหน้าที่ปกป้องดินแดนของตนเสียเถิด ส่วนเรื่องนครหลวงเดี๋ยวข้าจัดการให้เอง,,,PENDING_MANUAL_GENERATION,,triangle-strategy
320,MS15_H01_VOTE_130_M_SEL_0010.wav,MS15_H01_VOTE_130_M_SEL_0010,325,325,325,327,Serenoa,main,male,serenoa,assets/triangle-strategy/approved_voice_references/serenoa.wav,ข้าจะไปช่วยเฟรเดอริก้าคุ้มกันหมู่บ้านโรเซลล์,,,PENDING_MANUAL_GENERATION,,triangle-strategy
321,MS15_H01_VOTE_130_M_SEL_0020.wav,MS15_H01_VOTE_130_M_SEL_0020,326,326,326,328,Serenoa,main,male,serenoa,assets/triangle-strategy/approved_voice_references/serenoa.wav,ข้าไม่รู้หรอกนะว่าโจรพวกนั้นตามหาอะไรกันอยู่ แต่ข้าไม่ยอมให้พวกมันมาสร้างความเดือดร้อนในเขตแดนของเราแน่นอน,,,PENDING_MANUAL_GENERATION,,triangle-strategy
322,MS15_H01_VOTE_130_M_SEL_0030.wav,MS15_H01_VOTE_130_M_SEL_0030,327,327,327,329,Serenoa,main,male,serenoa,assets/triangle-strategy/approved_voice_references/serenoa.wav,ลากันตรงนี้นะ แล้วเดี๋ยวกลับมาเจอกันที่นครหลวงนะขอรับ ฝ่าบาทโรแลนด์ เบเนดิกต์,,,PENDING_MANUAL_GENERATION,,triangle-strategy
323,MS15_H01_VOTE_START_F_FRE_0010.wav,MS15_H01_VOTE_START_F_FRE_0010,328,328,328,330,Frederica,main,female,frederica,assets/triangle-strategy/approved_voice_references/frederica.wav,หมู่บ้านโรเซลล์ของเรากำลังถูกโจรเล่นงานน่ะ,,,PENDING_MANUAL_GENERATION,,triangle-strategy
324,MS15_H01_VOTE_START_F_FRE_0020.wav,MS15_H01_VOTE_START_F_FRE_0020,329,329,329,331,Frederica,main,female,frederica,assets/triangle-strategy/approved_voice_references/frederica.wav,ผู้ส่งสารแจ้งมาว่า โจรพวกนั้นมีฝีมือพอตัวเจ้าค่ะ,,,PENDING_MANUAL_GENERATION,,triangle-strategy
325,MS15_H01_VOTE_START_F_FRE_0030.wav,MS15_H01_VOTE_START_F_FRE_0030,330,330,330,332,Frederica,main,female,frederica,assets/triangle-strategy/approved_voice_references/frederica.wav,ไม่รู้หรอกนะว่าพวกมันต้องการอะไร แต่ข้าไม่ยอมปล่อยให้พวกมันทำตามอำเภอใจแน่นอน ถ้าไม่ปกป้องหมู่บ้านแล้วชาวโรเซลล์จะกลับมาอาศัยที่ไหนล่ะ,,,PENDING_MANUAL_GENERATION,,triangle-strategy
326,MS15_H01_VOTE_START_F_FRE_0040.wav,MS15_H01_VOTE_START_F_FRE_0040,331,331,331,333,Frederica,main,female,frederica,assets/triangle-strategy/approved_voice_references/frederica.wav,ข้ารู้สึกแย่จริงๆ ข้าจะไปปกป้องหมู่บ้าน แม้จะต้องไปคนเดียวข้าก็จะทำ,,,PENDING_MANUAL_GENERATION,,triangle-strategy
327,MS15_H01_VOTE_START_F_FRE_0050.wav,MS15_H01_VOTE_START_F_FRE_0050,332,332,332,334,Frederica,main,female,frederica,assets/triangle-strategy/approved_voice_references/frederica.wav,ไม่เป็นไร ข้าจะให้ทหารวูล์ฟฟอร์ตไปกับข้าด้วย แล้วก็...,,,PENDING_MANUAL_GENERATION,,triangle-strategy
328,MS15_H01_VOTE_START_F_FRE_0060.wav,MS15_H01_VOTE_START_F_FRE_0060,333,333,333,335,Frederica,main,female,frederica,assets/triangle-strategy/approved_voice_references/frederica.wav,เจ้าจำวันแรกที่เราพบกันได้ไหม?,,,PENDING_MANUAL_GENERATION,,triangle-strategy
329,MS15_H01_VOTE_START_F_FRE_0070.wav,MS15_H01_VOTE_START_F_FRE_0070,334,334,334,336,Frederica,main,female,frederica,assets/triangle-strategy/approved_voice_references/frederica.wav,หากวันนั้นเจ้าไม่มาช่วยข้า ป่านนี้ข้าอาจไม่รอดแล้วก็ได้...,,,PENDING_MANUAL_GENERATION,,triangle-strategy
330,MS15_H01_VOTE_START_F_FRE_0080.wav,MS15_H01_VOTE_START_F_FRE_0080,335,335,335,337,Frederica,main,female,frederica,assets/triangle-strategy/approved_voice_references/frederica.wav,แต่ตอนนี้ข้าไม่ได้อ่อนแอเหมือนแต่ก่อนแล้ว ข้าแข็งแกร่งมากพอที่จะไม่ทำให้วูล์ฟฟอร์ตเสียชื่อเสียง,,,PENDING_MANUAL_GENERATION,,triangle-strategy
331,MS15_H01_VOTE_START_F_FRE_0090.wav,MS15_H01_VOTE_START_F_FRE_0090,336,336,336,338,Frederica,main,female,frederica,assets/triangle-strategy/approved_voice_references/frederica.wav,เชื่อข้าเถอะนะ ข้าขอไปเอง,,,PENDING_MANUAL_GENERATION,,triangle-strategy
332,MS15_H01_VOTE_START_F_HEW_0010.wav,MS15_H01_VOTE_START_F_HEW_0010,337,337,337,339,Hughette,main,female,hughette,assets/triangle-strategy/approved_voice_references/hughette.wav,แม้เราไม่มีหลักฐานมัดตัว แต่ความจริงที่ปรากฎคือประชาชนไม่ได้รับเสบียงตามที่ต้องการ,,,PENDING_MANUAL_GENERATION,,triangle-strategy
333,MS15_H01_VOTE_START_M_BND_0010.wav,MS15_H01_VOTE_START_M_BND_0010,338,338,338,340,Benedict,main,male,benedict,assets/triangle-strategy/approved_voice_references/benedict.wav,ช่างเป็นข่าวดีจริงๆขอรับ!,,,PENDING_MANUAL_GENERATION,,triangle-strategy
334,MS15_H01_VOTE_START_M_BND_0020.wav,MS15_H01_VOTE_START_M_BND_0020,339,339,339,341,Benedict,main,male,benedict,assets/triangle-strategy/approved_voice_references/benedict.wav,นั่นก็เป็นอีกเรื่องขอรับ แต่ตอนนี้ลอร์ดซีมอนฟื้นสติแล้ว ต้องมีคนคอยดูแลและเล่าเหตุการณ์ที่ผ่านมาให้ฟัง,,,PENDING_MANUAL_GENERATION,,triangle-strategy
335,MS15_H01_VOTE_START_M_BND_0030.wav,MS15_H01_VOTE_START_M_BND_0030,340,340,340,342,Benedict,main,male,benedict,assets/triangle-strategy/approved_voice_references/benedict.wav,ข้าจะกลับปราสาทวูล์ฟฟอร์ต ตกลงไหมขอรับ ลอร์ดเซเรโนอา,,,PENDING_MANUAL_GENERATION,,triangle-strategy
336,MS15_H01_VOTE_START_M_ELA_0010.wav,MS15_H01_VOTE_START_M_ELA_0010,341,341,341,343,Erador,main,male,erador,assets/triangle-strategy/approved_voice_references/erador.wav,จะรออะไรอยู่ล่ะถ้างั้น? ข้าขอไปเตรียมม้าก่อนนะขอรับ!,,,PENDING_MANUAL_GENERATION,,triangle-strategy
337,MS15_H01_VOTE_START_M_ELA_0020.wav,MS15_H01_VOTE_START_M_ELA_0020,342,342,342,344,Erador,main,male,erador,assets/triangle-strategy/approved_voice_references/erador.wav,เจอร์รอมกับคนอื่นๆ ก็อยู่ไม่ใช่เหรอ โจรกระจอกแค่นี้เรื่องจิ๊บจ๊อยอยู่แล้ว,,,PENDING_MANUAL_GENERATION,,triangle-strategy
338,MS15_H01_VOTE_START_M_ELA_0030.wav,MS15_H01_VOTE_START_M_ELA_0030,343,343,343,345,Erador,main,male,erador,assets/triangle-strategy/approved_voice_references/erador.wav,หมู่บ้านมันร้างแล้วไม่ใช่เหรอ จะลำบากเราทำไมล่ะ? พวกมันอยากได้บ้านใหม่หรือไงกัน?,,,PENDING_MANUAL_GENERATION,,triangle-strategy
339,MS15_H01_VOTE_START_M_RLN_0010.wav,MS15_H01_VOTE_START_M_RLN_0010,344,344,344,346,Roland,main,male,roland,assets/triangle-strategy/approved_voice_references/roland.wav,ขอโทษที่ช้านะ เรื่องนี้ด่วนมาก ข้าขอความช่วยเหลือจากพวกเจ้าหน่อย,,,PENDING_MANUAL_GENERATION,,triangle-strategy
340,MS15_H01_VOTE_START_M_RLN_0020.wav,MS15_H01_VOTE_START_M_RLN_0020,345,345,345,347,Roland,main,male,roland,assets/triangle-strategy/approved_voice_references/roland.wav,ข้าคิดว่าพาทริเอ็ทท์กับขุนนางของเขาแอบขโมยเสบียงไป,,,PENDING_MANUAL_GENERATION,,triangle-strategy
341,MS15_H01_VOTE_START_M_RLN_0030.wav,MS15_H01_VOTE_START_M_RLN_0030,346,346,346,348,Roland,main,male,roland,assets/triangle-strategy/approved_voice_references/roland.wav,เราต้องสืบสวนเรื่องนี้ ข้าจึงอยากได้ความช่วยเหลือจากวูล์ฟฟอร์ต,,,PENDING_MANUAL_GENERATION,,triangle-strategy
342,MS15_H01_VOTE_START_M_RLN_0040.wav,MS15_H01_VOTE_START_M_RLN_0040,347,347,347,349,Roland,main,male,roland,assets/triangle-strategy/approved_voice_references/roland.wav,ลอร์ดซีมอนฟื้นแล้วเหรอ!? วิเศษจริงๆ!,,,PENDING_MANUAL_GENERATION,,triangle-strategy
343,MS15_H01_VOTE_START_M_RLN_0050.wav,MS15_H01_VOTE_START_M_RLN_0050,348,348,348,350,Roland,main,male,roland,assets/triangle-strategy/approved_voice_references/roland.wav,ข้าอยากกลับไปขอบคุณที่ตระกูลของเขาได้ทำเพื่อข้าขนาดนี้เหลือเกิน...,,,PENDING_MANUAL_GENERATION,,triangle-strategy
344,MS15_H01_VOTE_START_M_RLN_0060.wav,MS15_H01_VOTE_START_M_RLN_0060,349,349,349,351,Roland,main,male,roland,assets/triangle-strategy/approved_voice_references/roland.wav,แต่นครหลวงกำลังมีเรื่องอื้อฉาว ข้าไม่อยากให้ประชาชนดูถูกราชวงศ์ไปมากกว่านี้แล้ว,,,PENDING_MANUAL_GENERATION,,triangle-strategy
345,MS15_H01_VOTE_START_M_RLN_0070.wav,MS15_H01_VOTE_START_M_RLN_0070,350,350,350,352,Roland,main,male,roland,assets/triangle-strategy/approved_voice_references/roland.wav,อืม... เหมือนว่าเบเนดิกต์ เฟรเดอริก้า และตัวข้า มีความเห็นต่างกันสินะ,,,PENDING_MANUAL_GENERATION,,triangle-strategy
346,MS15_H01_VOTE_START_M_SEL_0010.wav,MS15_H01_VOTE_START_M_SEL_0010,351,351,351,353,Serenoa,main,male,serenoa,assets/triangle-strategy/approved_voice_references/serenoa.wav,ขอบคุณพวกท่านทุกคนที่ช่วยประเมินความเสียหายในนครหลวงด้วยนะ ข้อมูลนี้สำคัญต่อการฟื้นตัวของอาณาจักรอย่างมาก,,,PENDING_MANUAL_GENERATION,,triangle-strategy
347,MS15_H01_VOTE_START_M_SEL_0020.wav,MS15_H01_VOTE_START_M_SEL_0020,352,352,352,354,Serenoa,main,male,serenoa,assets/triangle-strategy/approved_voice_references/serenoa.wav,แล้วก็ มีข่าวดีจากปราสาทวูล์ฟฟอร์ตด้วยล่ะ,,,PENDING_MANUAL_GENERATION,,triangle-strategy
348,MS15_H01_VOTE_START_M_SEL_0030.wav,MS15_H01_VOTE_START_M_SEL_0030,353,353,353,355,Serenoa,main,male,serenoa,assets/triangle-strategy/approved_voice_references/serenoa.wav,พ่อของข้าฟื้นแล้ว อาการของเขากำลังดีขึ้นอย่างต่อเนื่องและสามารถเดินได้ด้วยตัวเองแล้ว,,,PENDING_MANUAL_GENERATION,,triangle-strategy
349,MS15_H01_VOTE_START_M_SEL_0040.wav,MS15_H01_VOTE_START_M_SEL_0040,354,354,354,356,Serenoa,main,male,serenoa,assets/triangle-strategy/approved_voice_references/serenoa.wav,เขาอยากให้เรากลับไปเล่าเรื่องทั้งหมดที่เกิดขึ้นขณะที่เขานอนป่วยไม่ได้สติน่ะ,,,PENDING_MANUAL_GENERATION,,triangle-strategy
350,MS15_H01_VOTE_START_M_SEL_0050.wav,MS15_H01_VOTE_START_M_SEL_0050,355,355,355,357,Serenoa,main,male,serenoa,assets/triangle-strategy/approved_voice_references/serenoa.wav,คงทำเช่นนั้นไม่ได้หรอก เพราะผู้ส่งสารนำข่าวร้ายมาแจ้งเราเช่นกัน,,,PENDING_MANUAL_GENERATION,,triangle-strategy
351,MS15_H01_VOTE_START_M_SEL_0060.wav,MS15_H01_VOTE_START_M_SEL_0060,356,356,356,358,Serenoa,main,male,serenoa,assets/triangle-strategy/approved_voice_references/serenoa.wav,พวกเขาถึงขอความช่วยเหลือจากเรานี่ไง,,,PENDING_MANUAL_GENERATION,,triangle-strategy
352,MS15_H01_VOTE_START_M_SEL_0070.wav,MS15_H01_VOTE_START_M_SEL_0070,357,357,357,359,Serenoa,main,male,serenoa,assets/triangle-strategy/approved_voice_references/serenoa.wav,เรื่องอะไรขอรับ?,,,PENDING_MANUAL_GENERATION,,triangle-strategy
353,MS15_H01_VOTE_START_M_SEL_0080.wav,MS15_H01_VOTE_START_M_SEL_0080,358,358,358,360,Serenoa,main,male,serenoa,assets/triangle-strategy/approved_voice_references/serenoa.wav,ก็นะ... เมื่อกี้พวกเราเพิ่งประชุมกันว่าจะทำอะไรต่อไปดี,,,PENDING_MANUAL_GENERATION,,triangle-strategy
354,MS15_H01_VOTE_START_M_SEL_0090.wav,MS15_H01_VOTE_START_M_SEL_0090,359,359,359,361,Serenoa,main,male,serenoa,assets/triangle-strategy/approved_voice_references/serenoa.wav,ข้าขอสรุปทางเลือกทั้งสามเลยก็แล้วกัน,,,PENDING_MANUAL_GENERATION,,triangle-strategy
355,MS15_H01_VOTE_START_M_SEL_0100.wav,MS15_H01_VOTE_START_M_SEL_0100,360,360,360,362,Serenoa,main,male,serenoa,assets/triangle-strategy/approved_voice_references/serenoa.wav,ทางเลือกแรก : กลับปราสาทวูล์ฟฟอร์ตตามคำขอของท่านพ่อ,,,PENDING_MANUAL_GENERATION,,triangle-strategy
356,MS15_H01_VOTE_START_M_SEL_0110.wav,MS15_H01_VOTE_START_M_SEL_0110,361,361,361,363,Serenoa,main,male,serenoa,assets/triangle-strategy/approved_voice_references/serenoa.wav,ทางเลือกที่สอง : ปกป้องหมู่บ้านโรเซลล์จากโจรชั่ว,,,PENDING_MANUAL_GENERATION,,triangle-strategy
357,MS15_H01_VOTE_START_M_SEL_0120.wav,MS15_H01_VOTE_START_M_SEL_0120,362,362,362,364,Serenoa,main,male,serenoa,assets/triangle-strategy/approved_voice_references/serenoa.wav,ทางเลือกที่สาม : อยู่นครหลวงเพื่อสืบสวนขุนนางฝ่ายขวา,,,PENDING_MANUAL_GENERATION,,triangle-strategy
358,MS15_H01_VOTE_START_M_SEL_0130.wav,MS15_H01_VOTE_START_M_SEL_0130,363,363,363,365,Serenoa,main,male,serenoa,assets/triangle-strategy/approved_voice_references/serenoa.wav,อย่าเลย มันอันตรายเกินกว่าที่จะไปคนเดียวนะ,,,PENDING_MANUAL_GENERATION,,triangle-strategy
359,MS15_H01_VOTE_START_M_SEL_0140.wav,MS15_H01_VOTE_START_M_SEL_0140,364,364,364,366,Serenoa,main,male,serenoa,assets/triangle-strategy/approved_voice_references/serenoa.wav,จำได้สิ เจ้าถูกโจรพวกนั้นลอบโจมตีบนท่าเรือ,,,PENDING_MANUAL_GENERATION,,triangle-strategy
360,MS15_H01_VOTE_START_M_SEL_0150.wav,MS15_H01_VOTE_START_M_SEL_0150,365,365,365,367,Serenoa,main,male,serenoa,assets/triangle-strategy/approved_voice_references/serenoa.wav,...ก็ได้,,,PENDING_MANUAL_GENERATION,,triangle-strategy
361,MS15_H01_VOTE_START_M_SEL_0160.wav,MS15_H01_VOTE_START_M_SEL_0160,366,366,366,368,Serenoa,main,male,serenoa,assets/triangle-strategy/approved_voice_references/serenoa.wav,แต่เราทุกคนจัดการปัญหาได้ทีละเรื่องนะขอรับ คงต้องเลือกแล้วล่ะ...,,,PENDING_MANUAL_GENERATION,,triangle-strategy
362,MS15_H01_VOTE_START_M_SEL_0170.wav,MS15_H01_VOTE_START_M_SEL_0170,367,367,367,369,Serenoa,main,male,serenoa,assets/triangle-strategy/approved_voice_references/serenoa.wav,ไปเอาตาชั่งมา,,,PENDING_MANUAL_GENERATION,,triangle-strategy
363,MS15_H01_WD_0010_N_NNN_0010.wav,MS15_H01_WD_0010_N_NNN_0010,368,368,368,370,Narrator,narrator,female,narrator,assets/triangle-strategy/approved_voice_references/narrator.wav,ภายหลังการทวงคืนปราสาทไวท์โฮล์ม โรแลนด์ได้ขึ้นครองราชย์ นำพาความสุขมาสู่ราษฎรทั่วอาณาจักร,,,PENDING_MANUAL_GENERATION,,triangle-strategy
364,MS15_H01_WD_0010_N_NNN_0020.wav,MS15_H01_WD_0010_N_NNN_0020,369,369,369,371,Narrator,narrator,female,narrator,assets/triangle-strategy/approved_voice_references/narrator.wav,แต่ไม่ใช่ทุกคนที่อ้าแขนต้อนรับโรแลนด์อย่างเต็มใจ เพราะชีวิตที่เหล่าเอสฟรอสต์มอบให้นั้นสุขสบายยิ่งกว่า จึงทำให้ผู้คนบางส่วนคิดว่าเขาเป็นเพียงแค่หุ่นเชิดไร้อำนาจ,,,PENDING_MANUAL_GENERATION,,triangle-strategy
365,MS15_H01_WD_0010_N_NNN_0030.wav,MS15_H01_WD_0010_N_NNN_0030,370,370,370,372,Narrator,narrator,female,narrator,assets/triangle-strategy/approved_voice_references/narrator.wav,ดูเหมือนว่าการหายไปของโรแลนด์ จะสร้างความแตกแยกในอาณาจักรมิใช่น้อย,,,PENDING_MANUAL_GENERATION,,triangle-strategy
366,MS15_X30_A1_0010_F_ANA_0010.wav,MS15_X30_A1_0010_F_ANA_0010,371,371,371,373,Anna,main,female,anna,assets/triangle-strategy/approved_voice_references/anna.wav,พอใกล้ชิดประชาชน ก็ไม่มีความเกรงใจกัน,,,PENDING_MANUAL_GENERATION,,triangle-strategy
367,MS15_X30_A1_0010_F_M234_0010.wav,MS15_X30_A1_0010_F_M234_0010,372,372,372,374,หญิงชาวเมือง/ผู้ติดตาม,generic,female,FEMALE_ADULT_B,assets/triangle-strategy/approved_voice_references/FEMALE_ADULT_B.wav,ฟังเสียเถิด! ท่านลอร์ดของเรากลับมาแล้ว!,,,PENDING_MANUAL_GENERATION,,triangle-strategy
368,MS15_X30_A1_0010_F_M234_0020.wav,MS15_X30_A1_0010_F_M234_0020,373,373,373,375,หญิงชาวเมือง/ผู้ติดตาม,generic,female,FEMALE_ADULT_B,assets/triangle-strategy/approved_voice_references/FEMALE_ADULT_B.wav,เป็นเพราะท่าน ที่ทำให้หัวหน้านักบวชมอบเกลือแก่พวกเราทุกคนเจ้าค่ะ,,,PENDING_MANUAL_GENERATION,,triangle-strategy
369,MS15_X30_A1_0010_F_M234_0030.wav,MS15_X30_A1_0010_F_M234_0030,374,374,374,376,หญิงชาวเมือง/ผู้ติดตาม,generic,female,FEMALE_ADULT_B,assets/triangle-strategy/approved_voice_references/FEMALE_ADULT_B.wav,ขอสรรเสริญตระกูลวูล์ฟฟอร์ต!,,,PENDING_MANUAL_GENERATION,,triangle-strategy
370,MS15_X30_A1_0010_F_MIR_0010.wav,MS15_X30_A1_0010_F_MIR_0010,375,375,375,377,ไมโล,npc,female,milo,assets/triangle-strategy/approved_voice_references/milo.wav,เซเรโนอา ขวัญใจประชาชนสินะ,,,PENDING_MANUAL_GENERATION,,triangle-strategy
371,MS15_X30_A1_0010_F_MIR_0020.wav,MS15_X30_A1_0010_F_MIR_0020,376,376,376,378,ไมโล,npc,female,milo,assets/triangle-strategy/approved_voice_references/milo.wav,คนแบบนี้เป็นกษัตริย์ก็ดีนะ ข้าชอบคนที่แข็งแกร่งเช่นนี้เหลือเกิน...,,,PENDING_MANUAL_GENERATION,,triangle-strategy
372,MS15_X30_A1_0010_F_MIR_0030.wav,MS15_X30_A1_0010_F_MIR_0030,377,377,377,379,ไมโล,npc,female,milo,assets/triangle-strategy/approved_voice_references/milo.wav,หรือข้าควรสนับสนุนเขา แทนที่จะยึดติดอยู่กับอดีต...,,,PENDING_MANUAL_GENERATION,,triangle-strategy
373,MS15_X30_A1_0010_M_BND_0010.wav,MS15_X30_A1_0010_M_BND_0010,378,378,378,380,Benedict,main,male,benedict,assets/triangle-strategy/approved_voice_references/benedict.wav,องค์ชายใจเสาะ คงหมายถึงฝ่าบาทโรแลนด์สินะ,,,PENDING_MANUAL_GENERATION,,triangle-strategy
374,MS15_X30_A1_0010_M_BND_0020.wav,MS15_X30_A1_0010_M_BND_0020,379,379,379,381,Benedict,main,male,benedict,assets/triangle-strategy/approved_voice_references/benedict.wav,อย่ามีอะไรบานปลายกว่านี้เลย,,,PENDING_MANUAL_GENERATION,,triangle-strategy
375,MS15_X30_A1_0010_M_BND_0030.wav,MS15_X30_A1_0010_M_BND_0030,380,380,380,382,Benedict,main,male,benedict,assets/triangle-strategy/approved_voice_references/benedict.wav,ไฮแซนต์ช่างกล้าเสนอตัวจริงๆ สงสัยคงอยากให้เราตอบตกลงสินะ...,,,PENDING_MANUAL_GENERATION,,triangle-strategy
376,MS15_X30_A1_0010_M_ELA_0010.wav,MS15_X30_A1_0010_M_ELA_0010,381,381,381,383,Erador,main,male,erador,assets/triangle-strategy/approved_voice_references/erador.wav,เขามีปัญญาปกป้องประชาชน ทุกคนเลยรักเขายังไงล่ะ,,,PENDING_MANUAL_GENERATION,,triangle-strategy
377,MS15_X30_A1_0010_M_M235_0010.wav,MS15_X30_A1_0010_M_M235_0010,382,382,382,384,เด็กชาย,generic,male,MALE_CHILD_A,assets/triangle-strategy/approved_voice_references/MALE_CHILD_A.wav,ท่านยังไม่ตาย! ท่านกลับมาแล้ว!,,,PENDING_MANUAL_GENERATION,,triangle-strategy
378,MS15_X30_A1_0010_M_M235_0020.wav,MS15_X30_A1_0010_M_M235_0020,383,383,383,385,เด็กชาย,generic,male,MALE_CHILD_A,assets/triangle-strategy/approved_voice_references/MALE_CHILD_A.wav,ขออภัยด้วยนะขอรับ ท่านลอร์ด...ฝ่าบาท เอ่อ ข้าไม่ได้ตั้งใจเสียมารยาทขอรับ,,,PENDING_MANUAL_GENERATION,,triangle-strategy
379,MS15_X30_A1_0010_M_M235_0030.wav,MS15_X30_A1_0010_M_M235_0030,384,384,384,386,เด็กชาย,generic,male,MALE_CHILD_A,assets/triangle-strategy/approved_voice_references/MALE_CHILD_A.wav,ว้าว! เจ๋งชะมัด!,,,PENDING_MANUAL_GENERATION,,triangle-strategy
380,MS15_X30_A1_0010_M_M235_0040.wav,MS15_X30_A1_0010_M_M235_0040,385,385,385,387,เด็กชาย,generic,male,MALE_CHILD_A,assets/triangle-strategy/approved_voice_references/MALE_CHILD_A.wav,ขอสรรเสริญท่านลอร์ด!,,,PENDING_MANUAL_GENERATION,,triangle-strategy
381,MS15_X30_A1_0010_M_M236_0010.wav,MS15_X30_A1_0010_M_M236_0010,386,386,386,388,ชายชาวเมือง/ทหาร/ผู้ติดตาม,generic,male,MALE_YOUNG_A,assets/triangle-strategy/approved_voice_references/MALE_YOUNG_A.wav,อย่าเสียมารยาทสิเจ้าหนู,,,PENDING_MANUAL_GENERATION,,triangle-strategy
382,MS15_X30_A1_0010_M_M236_0020.wav,MS15_X30_A1_0010_M_M236_0020,387,387,387,389,ชายชาวเมือง/ทหาร/ผู้ติดตาม,generic,male,MALE_YOUNG_A,assets/triangle-strategy/approved_voice_references/MALE_YOUNG_A.wav,พวกเขาขับไล่เอสฟรอสต์ออกจากดินแดน และกอบกู้อาณาจักรของเรากลับคืนมาเชียวนะ!,,,PENDING_MANUAL_GENERATION,,triangle-strategy
383,MS15_X30_A1_0010_M_M236_0030.wav,MS15_X30_A1_0010_M_M236_0030,388,388,388,390,ชายชาวเมือง/ทหาร/ผู้ติดตาม,generic,male,MALE_YOUNG_A,assets/triangle-strategy/approved_voice_references/MALE_YOUNG_A.wav,และเขาก็เป็นเจ็ดผู้ศักดิ์สิทธิ์เช่นเดียวกัน,,,PENDING_MANUAL_GENERATION,,triangle-strategy
384,MS15_X30_A1_0010_M_M236_0040.wav,MS15_X30_A1_0010_M_M236_0040,389,389,389,391,ชายชาวเมือง/ทหาร/ผู้ติดตาม,generic,male,MALE_YOUNG_A,assets/triangle-strategy/approved_voice_references/MALE_YOUNG_A.wav,ท่านช่างใจดีเหลือล้น,,,PENDING_MANUAL_GENERATION,,triangle-strategy
385,MS15_X30_A1_0010_M_M236_0050.wav,MS15_X30_A1_0010_M_M236_0050,390,390,390,392,ชายชาวเมือง/ทหาร/ผู้ติดตาม,generic,male,MALE_YOUNG_A,assets/triangle-strategy/approved_voice_references/MALE_YOUNG_A.wav,ใช่ไหมล่ะ! ตอนนี้ไม่มีใครกล้าดูแคลนตระกูลวูล์ฟฟอร์ตของท่านแล้วล่ะ!,,,PENDING_MANUAL_GENERATION,,triangle-strategy
386,MS15_X30_A1_0010_M_M236_0060.wav,MS15_X30_A1_0010_M_M236_0060,391,391,391,393,ชายชาวเมือง/ทหาร/ผู้ติดตาม,generic,male,MALE_YOUNG_A,assets/triangle-strategy/approved_voice_references/MALE_YOUNG_A.wav,ไม่มีทางเสียหรอก! ก็ชายคนนี้เป็นคนทำให้องค์ชายใจเสาะ ได้ก้าวสู่บัลลังก์กษัตริย์มิใช่เหรอ!,,,PENDING_MANUAL_GENERATION,,triangle-strategy
387,MS15_X30_A1_0010_M_M237_0010.wav,MS15_X30_A1_0010_M_M237_0010,392,392,392,394,ชายชาวเมือง/ทหาร/ผู้ติดตาม,generic,male,MALE_ADULT_A,assets/triangle-strategy/approved_voice_references/MALE_ADULT_A.wav,วีรกรรมของท่าน อาจยิ่งใหญ่กว่าลอร์ดซีมอนในสงครามซอลท์ไอรอนเสียอีก,,,PENDING_MANUAL_GENERATION,,triangle-strategy
388,MS15_X30_A1_0010_M_M237_0020.wav,MS15_X30_A1_0010_M_M237_0020,393,393,393,395,ชายชาวเมือง/ทหาร/ผู้ติดตาม,generic,male,MALE_ADULT_A,assets/triangle-strategy/approved_voice_references/MALE_ADULT_A.wav,ข้าภูมิใจจนเหมือนได้กอบกู้อาณาจักรเองด้วยซ้ำขอรับ!,,,PENDING_MANUAL_GENERATION,,triangle-strategy
389,MS15_X30_A1_0010_M_M237_0030.wav,MS15_X30_A1_0010_M_M237_0030,394,394,394,396,ชายชาวเมือง/ทหาร/ผู้ติดตาม,generic,male,MALE_ADULT_A,assets/triangle-strategy/approved_voice_references/MALE_ADULT_A.wav,ขนาดฝ่าบาทเองคงยังไม่กล้าเลยด้วยซ้ำ!,,,PENDING_MANUAL_GENERATION,,triangle-strategy
390,MS15_X30_A1_0010_M_SEL_0010.wav,MS15_X30_A1_0010_M_SEL_0010,395,395,395,397,Serenoa,main,male,serenoa,assets/triangle-strategy/approved_voice_references/serenoa.wav,อยากเรียกข้าเช่นไร ตามสบายเจ้าเลย เจ้าไม่ได้ทำอะไรผิดหรอก,,,PENDING_MANUAL_GENERATION,,triangle-strategy
391,MS15_X30_A1_0010_M_SEL_0020.wav,MS15_X30_A1_0010_M_SEL_0020,396,396,396,398,Serenoa,main,male,serenoa,assets/triangle-strategy/approved_voice_references/serenoa.wav,ขอบคุณพวกท่านที่เป็นส่วนหนึ่งในชัยชนะของเราด้วยนะ,,,PENDING_MANUAL_GENERATION,,triangle-strategy
392,MS15_X30_A1_0010_M_SEL_0030.wav,MS15_X30_A1_0010_M_SEL_0030,397,397,397,399,Serenoa,main,male,serenoa,assets/triangle-strategy/approved_voice_references/serenoa.wav,หัวหน้านักบวชเหรอ...?,,,PENDING_MANUAL_GENERATION,,triangle-strategy
393,MS15_X30_A1_1010_M_BND_0010.wav,MS15_X30_A1_1010_M_BND_0010,398,398,398,400,Benedict,main,male,benedict,assets/triangle-strategy/approved_voice_references/benedict.wav,ลูกของท่านกอบกู้เกลนบรู๊คกลับมาแล้ว ท่านหญิงเดสตร้า,,,PENDING_MANUAL_GENERATION,,triangle-strategy
394,MS15_X30_A1_1010_M_BND_0020.wav,MS15_X30_A1_1010_M_BND_0020,399,399,399,401,Benedict,main,male,benedict,assets/triangle-strategy/approved_voice_references/benedict.wav,เขาสู้อย่างกล้าหาญเช่นเดียวกับซีมอนและเร็กน่า อยากให้ท่านได้มาเห็นกับตาเหลือเกิน,,,PENDING_MANUAL_GENERATION,,triangle-strategy
395,MS15_X30_A1_1010_M_BND_0030.wav,MS15_X30_A1_1010_M_BND_0030,400,400,400,402,Benedict,main,male,benedict,assets/triangle-strategy/approved_voice_references/benedict.wav,ข้าสิที่ต้องพูดคำนั้น...ขอตัวก่อนนะขอรับ,,,PENDING_MANUAL_GENERATION,,triangle-strategy
396,MS15_X30_A1_1010_M_BND_0040.wav,MS15_X30_A1_1010_M_BND_0040,401,401,401,403,Benedict,main,male,benedict,assets/triangle-strategy/approved_voice_references/benedict.wav,ใจดีเหลือเกินนะท่าน,,,PENDING_MANUAL_GENERATION,,triangle-strategy
397,MS15_X30_A1_1010_M_BND_0050.wav,MS15_X30_A1_1010_M_BND_0050,402,402,402,404,Benedict,main,male,benedict,assets/triangle-strategy/approved_voice_references/benedict.wav,ข้าติดค้างลอร์ดซีมอนและท่านหญิงเดสตร้าไว้มาก พวกเขาทำให้ข้ามีเป้าหมายในชีวิต,,,PENDING_MANUAL_GENERATION,,triangle-strategy
398,MS15_X30_A1_1010_M_BND_0060.wav,MS15_X30_A1_1010_M_BND_0060,403,403,403,405,Benedict,main,male,benedict,assets/triangle-strategy/approved_voice_references/benedict.wav,เขาให้ข้าดูแลท่าน,,,PENDING_MANUAL_GENERATION,,triangle-strategy
399,MS15_X30_A1_1010_M_BND_0070.wav,MS15_X30_A1_1010_M_BND_0070,404,404,404,406,Benedict,main,male,benedict,assets/triangle-strategy/approved_voice_references/benedict.wav,แต่เหมือนว่า ท่านได้แสดงพลังของตนให้ทุกคนได้รับรู้แล้ว,,,PENDING_MANUAL_GENERATION,,triangle-strategy
400,MS15_X30_A1_1010_M_BND_0080.wav,MS15_X30_A1_1010_M_BND_0080,405,405,405,407,Benedict,main,male,benedict,assets/triangle-strategy/approved_voice_references/benedict.wav,ตอนนี้ท่านพึ่งพาตัวเองได้,,,PENDING_MANUAL_GENERATION,,triangle-strategy
401,MS15_X30_A1_1010_M_BND_0090.wav,MS15_X30_A1_1010_M_BND_0090,406,406,406,408,Benedict,main,male,benedict,assets/triangle-strategy/approved_voice_references/benedict.wav,ข้าเชื่อว่าท่านสามารถนำพานอร์เซเลียไปสู่ยุคแห่งสันติสุขอันรุ่งเรืองได้แน่นอน โดยมีฝ่าบาทโรแลนด์อยู่ข้างกายขอรับ,,,PENDING_MANUAL_GENERATION,,triangle-strategy
402,MS15_X30_A1_1010_M_BND_0100.wav,MS15_X30_A1_1010_M_BND_0100,407,407,407,409,Benedict,main,male,benedict,assets/triangle-strategy/approved_voice_references/benedict.wav,หมดหน้าที่ของข้าแล้ว ลอร์ดเซเรโนอา,,,PENDING_MANUAL_GENERATION,,triangle-strategy
403,MS15_X30_A1_1010_M_BND_0110.wav,MS15_X30_A1_1010_M_BND_0110,408,408,408,410,Benedict,main,male,benedict,assets/triangle-strategy/approved_voice_references/benedict.wav,หากท่านไม่ติดขัดอะไร ข้าจะให้แอนนารับช่วงต่อจากข้า...หลังสิ้นสุดงานเลี้ยงฉลองยามเย็นขอรับ,,,PENDING_MANUAL_GENERATION,,triangle-strategy
404,MS15_X30_A1_1010_M_BND_0120.wav,MS15_X30_A1_1010_M_BND_0120,409,409,409,411,Benedict,main,male,benedict,assets/triangle-strategy/approved_voice_references/benedict.wav,ข้ารู้ว่ามันไม่ใช่เวลา แต่พ่อของท่านคงอยู่ได้อีกไม่นาน ข้าจึงอยากจะทดแทนบุญคุณด้วยการดูแลเขาในวาระสุดท้ายของชีวิตขอรับ,,,PENDING_MANUAL_GENERATION,,triangle-strategy
405,MS15_X30_A1_1010_M_BND_0130.wav,MS15_X30_A1_1010_M_BND_0130,410,410,410,412,Benedict,main,male,benedict,assets/triangle-strategy/approved_voice_references/benedict.wav,หลังจากนั้น ข้าจะเล่าวีรกรรมของท่านให้พวกเขาทุกคนได้ฟังที่นี่,,,PENDING_MANUAL_GENERATION,,triangle-strategy
406,MS15_X30_A1_1010_M_BND_0140.wav,MS15_X30_A1_1010_M_BND_0140,411,411,411,413,Benedict,main,male,benedict,assets/triangle-strategy/approved_voice_references/benedict.wav,...ขอรับนายท่าน,,,PENDING_MANUAL_GENERATION,,triangle-strategy
407,MS15_X30_A1_1010_M_BND_0150.wav,MS15_X30_A1_1010_M_BND_0150,412,412,412,414,Benedict,main,male,benedict,assets/triangle-strategy/approved_voice_references/benedict.wav,เช่นนั้น เรากลับปราสาทไปเตรียมงานเลี้ยงฉลองกันดีกว่า,,,PENDING_MANUAL_GENERATION,,triangle-strategy
408,MS15_X30_A1_1010_M_SEL_0010.wav,MS15_X30_A1_1010_M_SEL_0010,413,413,413,415,Serenoa,main,male,serenoa,assets/triangle-strategy/approved_voice_references/serenoa.wav,เบเนดิกต์ ข้าขอโทษนะ,,,PENDING_MANUAL_GENERATION,,triangle-strategy
409,MS15_X30_A1_1010_M_SEL_0020.wav,MS15_X30_A1_1010_M_SEL_0020,414,414,414,416,Serenoa,main,male,serenoa,assets/triangle-strategy/approved_voice_references/serenoa.wav,ไม่ใช่เลย ที่ข้ามาถึงจุดนี้ได้ก็เพราะท่านขอรับ และข้าอยากจะบอกท่านแม่ด้วยตัวเอง,,,PENDING_MANUAL_GENERATION,,triangle-strategy
410,MS15_X30_A1_1010_M_SEL_0030.wav,MS15_X30_A1_1010_M_SEL_0030,415,415,415,417,Serenoa,main,male,serenoa,assets/triangle-strategy/approved_voice_references/serenoa.wav,ช่วยอยู่ที่นี่ก่อนขอรับ,,,PENDING_MANUAL_GENERATION,,triangle-strategy
411,MS15_X30_A1_1010_M_SEL_0040.wav,MS15_X30_A1_1010_M_SEL_0040,416,416,416,418,Serenoa,main,male,serenoa,assets/triangle-strategy/approved_voice_references/serenoa.wav,เบเนดิกต์ มีสิ่งใดติดค้างในใจท่านหรือเปล่า?,,,PENDING_MANUAL_GENERATION,,triangle-strategy
412,MS15_X30_A1_1010_M_SEL_0050.wav,MS15_X30_A1_1010_M_SEL_0050,417,417,417,419,Serenoa,main,male,serenoa,assets/triangle-strategy/approved_voice_references/serenoa.wav,นี่ท่านจะปล่อยให้ข้าเคว้งคว้างในเวลาเช่นนี้จริงเหรอ?,,,PENDING_MANUAL_GENERATION,,triangle-strategy
413,MS15_X30_A1_1010_M_SEL_0060.wav,MS15_X30_A1_1010_M_SEL_0060,418,418,418,420,Serenoa,main,male,serenoa,assets/triangle-strategy/approved_voice_references/serenoa.wav,ข้าคงเปลี่ยนใจท่านไม่ได้เสียด้วย,,,PENDING_MANUAL_GENERATION,,triangle-strategy
414,MS15_X30_A1_1010_M_SEL_0070.wav,MS15_X30_A1_1010_M_SEL_0070,419,419,419,421,Serenoa,main,male,serenoa,assets/triangle-strategy/approved_voice_references/serenoa.wav,สายธารแห่งนอร์เซเลียคงมิอาจงดงามเท่าน้ำใจของท่านจริงๆ แต่ตอนนี้ข้าขอเวลาทำใจสักพักนะขอรับ,,,PENDING_MANUAL_GENERATION,,triangle-strategy
415,MS15_X30_A1_1020_F_ANA_0010.wav,MS15_X30_A1_1020_F_ANA_0010,420,420,420,422,Anna,main,female,anna,assets/triangle-strategy/approved_voice_references/anna.wav,จะหนีไปไหน พาทริเอ็ทท์,,,PENDING_MANUAL_GENERATION,,triangle-strategy
416,MS15_X30_A1_1020_F_ANA_0020.wav,MS15_X30_A1_1020_F_ANA_0020,421,421,421,423,Anna,main,female,anna,assets/triangle-strategy/approved_voice_references/anna.wav,ขุนนางฝ่ายขวาเช่นเจ้า จะทำร้ายลอร์ดซีมอนทำไม?,,,PENDING_MANUAL_GENERATION,,triangle-strategy
417,MS15_X30_A1_1020_F_ANA_0030.wav,MS15_X30_A1_1020_F_ANA_0030,422,422,422,424,Anna,main,female,anna,assets/triangle-strategy/approved_voice_references/anna.wav,แต่เราสามารถทำให้พวกเขาร่วมใจกันสนับสนุนฝ่าบาทโรแลนด์ได้นะ,,,PENDING_MANUAL_GENERATION,,triangle-strategy
418,MS15_X30_A1_1020_F_ANA_0040.wav,MS15_X30_A1_1020_F_ANA_0040,423,423,423,425,Anna,main,female,anna,assets/triangle-strategy/approved_voice_references/anna.wav,เลิกกล่าวหาได้ยัง,,,PENDING_MANUAL_GENERATION,,triangle-strategy
419,MS15_X30_A1_1020_F_ANA_0050.wav,MS15_X30_A1_1020_F_ANA_0050,424,424,424,426,Anna,main,female,anna,assets/triangle-strategy/approved_voice_references/anna.wav,ฝ่าบาทโรแลนด์เป็นคนสั่งเจ้าหรือไง?,,,PENDING_MANUAL_GENERATION,,triangle-strategy
420,MS15_X30_A1_1020_F_ANA_0060.wav,MS15_X30_A1_1020_F_ANA_0060,425,425,425,427,Anna,main,female,anna,assets/triangle-strategy/approved_voice_references/anna.wav,งั้นเราคงต้องฆ่าเจ้าทิ้งซะ,,,PENDING_MANUAL_GENERATION,,triangle-strategy
421,MS15_X30_A1_1020_F_ANA_0070.wav,MS15_X30_A1_1020_F_ANA_0070,426,426,426,428,Anna,main,female,anna,assets/triangle-strategy/approved_voice_references/anna.wav,ถือว่าเมตตาแล้วนะ,,,PENDING_MANUAL_GENERATION,,triangle-strategy
422,MS15_X30_A1_1020_F_MIR_0010.wav,MS15_X30_A1_1020_F_MIR_0010,427,427,427,429,ไมโล,npc,female,milo,assets/triangle-strategy/approved_voice_references/milo.wav,ถูกต้อง เพิ่งกอบกู้เกลนบรู๊คได้แท้ๆ จะพังมันซะแล้วหรอ?,,,PENDING_MANUAL_GENERATION,,triangle-strategy
423,MS15_X30_A1_1020_F_MIR_0020.wav,MS15_X30_A1_1020_F_MIR_0020,428,428,428,430,ไมโล,npc,female,milo,assets/triangle-strategy/approved_voice_references/milo.wav,เจ้าคิดแบบนั้นเหรอ...,,,PENDING_MANUAL_GENERATION,,triangle-strategy
424,MS15_X30_A1_1020_M_PTR_0010.wav,MS15_X30_A1_1020_M_PTR_0010,429,429,429,431,พาทริเอ็ทท์,npc,male,patriatte,assets/triangle-strategy/approved_voice_references/patriatte.wav,วูล์ฟฟอร์ตอันตรายอย่างที่คิดไว้จริงๆ พวกมันต้องถูกกำจัด เพื่อประโยชน์สุขของเกลนบรู๊ค!,,,PENDING_MANUAL_GENERATION,,triangle-strategy
425,MS15_X30_A1_1020_M_PTR_0020.wav,MS15_X30_A1_1020_M_PTR_0020,430,430,430,432,พาทริเอ็ทท์,npc,male,patriatte,assets/triangle-strategy/approved_voice_references/patriatte.wav,กอบกู้! กอบกู้บ้าอะไร!?,,,PENDING_MANUAL_GENERATION,,triangle-strategy
426,MS15_X30_A1_1020_M_PTR_0030.wav,MS15_X30_A1_1020_M_PTR_0030,431,431,431,433,พาทริเอ็ทท์,npc,male,patriatte,assets/triangle-strategy/approved_voice_references/patriatte.wav,ราชรัฐปลงพระชนม์กษัตริย์ของเจ้าและเข้ายึดครองอาณาจักร พวกมัน...เหลืออะไรให้บ้างล่ะ? อัฐิของราชวงศ์เหรอ?,,,PENDING_MANUAL_GENERATION,,triangle-strategy
427,MS15_X30_A1_1020_M_PTR_0040.wav,MS15_X30_A1_1020_M_PTR_0040,432,432,432,434,พาทริเอ็ทท์,npc,male,patriatte,assets/triangle-strategy/approved_voice_references/patriatte.wav,ผู้ที่ร่วมมือกับราชรัฐจะเจริญงอกงาม ส่วนคนที่ขัดขืนก็ถูกบดขยี้ใต้บาทา,,,PENDING_MANUAL_GENERATION,,triangle-strategy
428,MS15_X30_A1_1020_M_PTR_0050.wav,MS15_X30_A1_1020_M_PTR_0050,433,433,433,435,พาทริเอ็ทท์,npc,male,patriatte,assets/triangle-strategy/approved_voice_references/patriatte.wav,พวกขุนนางกับประชาชนไม่เคยเหลื่อมล้ำเท่านี้มาก่อน แต่พวกเขาเป็นหนึ่งเดียวกันได้ด้วยความโลภ ไม่ใช่เพราะกษัตริย์,,,PENDING_MANUAL_GENERATION,,triangle-strategy
429,MS15_X30_A1_1020_M_PTR_0060.wav,MS15_X30_A1_1020_M_PTR_0060,434,434,434,436,พาทริเอ็ทท์,npc,male,patriatte,assets/triangle-strategy/approved_voice_references/patriatte.wav,นั่นมันจุดอ่อนของอาณาจักรโดยแท้!,,,PENDING_MANUAL_GENERATION,,triangle-strategy
430,MS15_X30_A1_1020_M_PTR_0070.wav,MS15_X30_A1_1020_M_PTR_0070,435,435,435,437,พาทริเอ็ทท์,npc,male,patriatte,assets/triangle-strategy/approved_voice_references/patriatte.wav,องค์ชายผู้ละทิ้งครอบครัว! ก็คงเป็นได้แค่กษัตริย์ในนามเท่านั้นแหละ,,,PENDING_MANUAL_GENERATION,,triangle-strategy
431,MS15_X30_A1_1020_M_PTR_0080.wav,MS15_X30_A1_1020_M_PTR_0080,436,436,436,438,พาทริเอ็ทท์,npc,male,patriatte,assets/triangle-strategy/approved_voice_references/patriatte.wav,ชื่อเสียงของวูล์ฟฟอร์ตทำให้เขาแปดเปื้อน มันจะทำให้เขาพินาศ!,,,PENDING_MANUAL_GENERATION,,triangle-strategy
432,MS15_X30_A1_1020_M_PTR_0090.wav,MS15_X30_A1_1020_M_PTR_0090,437,437,437,439,พาทริเอ็ทท์,npc,male,patriatte,assets/triangle-strategy/approved_voice_references/patriatte.wav,พวกเจ้ามันมืดบอดไปหมด! ยอมรับมันซะสิ!,,,PENDING_MANUAL_GENERATION,,triangle-strategy
433,MS15_X30_A1_1020_M_PTR_0100.wav,MS15_X30_A1_1020_M_PTR_0100,438,438,438,440,พาทริเอ็ทท์,npc,male,patriatte,assets/triangle-strategy/approved_voice_references/patriatte.wav,เจ้าลองดีกับทหารเอสฟรอสต์! เลียแข้งขาเจ็ดผู้ศักดิ์สิทธิ์! ปกป้องโรแลนด์และให้เขาครองบัลลังก์โดยไม่ยั้งคิด!,,,PENDING_MANUAL_GENERATION,,triangle-strategy
434,MS15_X30_A1_1020_M_PTR_0110.wav,MS15_X30_A1_1020_M_PTR_0110,439,439,439,441,พาทริเอ็ทท์,npc,male,patriatte,assets/triangle-strategy/approved_voice_references/patriatte.wav,เจ้าคิดว่าตัวเองสำคัญเหนือกว่าตระกูลสูงส่งทั้งหลาย รวมถึงฝ่าบาทด้วยงั้นเหรอ!? ใครได้ยินคงอยากกำจัดพวกหนักแผ่นดินเช่นนี้ให้หมดไปซะ!,,,PENDING_MANUAL_GENERATION,,triangle-strategy
435,MS15_X30_A1_1020_M_PTR_0120.wav,MS15_X30_A1_1020_M_PTR_0120,440,440,440,442,พาทริเอ็ทท์,npc,male,patriatte,assets/triangle-strategy/approved_voice_references/patriatte.wav,หากเขามีเหตุผลสักนิด พวกเราคงไม่เละเทะเช่นนี้หรอก!,,,PENDING_MANUAL_GENERATION,,triangle-strategy
436,MS15_X30_A1_1020_M_PTR_0130.wav,MS15_X30_A1_1020_M_PTR_0130,441,441,441,443,พาทริเอ็ทท์,npc,male,patriatte,assets/triangle-strategy/approved_voice_references/patriatte.wav,ข้าจึงต้องแทรกแซง เพื่ออาณาจักรของเรา,,,PENDING_MANUAL_GENERATION,,triangle-strategy
437,MS15_X30_A1_2010_M_BND_0020.wav,MS15_X30_A1_2010_M_BND_0020,443,443,443,445,Benedict,main,male,benedict,assets/triangle-strategy/approved_voice_references/benedict.wav,ยอมๆเขาหน่อยเถอะขอรับนายท่าน เขาเป็นพ่อของท่านนะ,,,PENDING_MANUAL_GENERATION,,triangle-strategy
438,MS15_X30_A1_2010_M_M238_0010.wav,MS15_X30_A1_2010_M_M238_0010,444,444,444,446,ชายชาวเมือง/ทหาร/ผู้ติดตาม,generic,male,MALE_ADULT_B,assets/triangle-strategy/approved_voice_references/MALE_ADULT_B.wav,ตอนนี้เขากำลังหลับอยู่ขอรับ แต่สติสัมปชัญญะครบถ้วน,,,PENDING_MANUAL_GENERATION,,triangle-strategy
439,MS15_X30_A1_2010_M_M238_0020.wav,MS15_X30_A1_2010_M_M238_0020,445,445,445,447,ชายชาวเมือง/ทหาร/ผู้ติดตาม,generic,male,MALE_ADULT_B,assets/triangle-strategy/approved_voice_references/MALE_ADULT_B.wav,เกรงว่าโรคร้ายที่กำลังต่อสู้ ทำให้เขาหมดกำลังขอรับ,,,PENDING_MANUAL_GENERATION,,triangle-strategy
440,MS15_X30_A1_2010_M_M238_0030.wav,MS15_X30_A1_2010_M_M238_0030,446,446,446,448,ชายชาวเมือง/ทหาร/ผู้ติดตาม,generic,male,MALE_ADULT_B,assets/triangle-strategy/approved_voice_references/MALE_ADULT_B.wav,อาจจะไม่ใช่ข่าวร้ายซะทีเดียว เพราะเขาเบิกบานขึ้นมาก หลังจากที่รู้ถึงความสำเร็จของท่าน,,,PENDING_MANUAL_GENERATION,,triangle-strategy
441,MS15_X30_A1_2010_M_M238_0040.wav,MS15_X30_A1_2010_M_M238_0040,447,447,447,449,ชายชาวเมือง/ทหาร/ผู้ติดตาม,generic,male,MALE_ADULT_B,assets/triangle-strategy/approved_voice_references/MALE_ADULT_B.wav,เขาถึงกับอดชื่นชมท่านไม่ได้ แถมต้องการจัดงานเลี้ยงฉลองด้วยนะขอรับ,,,PENDING_MANUAL_GENERATION,,triangle-strategy
442,MS15_X30_A1_2010_M_SEL_0010.wav,MS15_X30_A1_2010_M_SEL_0010,448,448,448,450,Serenoa,main,male,serenoa,assets/triangle-strategy/approved_voice_references/serenoa.wav,พ่อของข้าเป็นยังไงบ้าง?,,,PENDING_MANUAL_GENERATION,,triangle-strategy
443,MS15_X30_A1_2010_M_SEL_0020.wav,MS15_X30_A1_2010_M_SEL_0020,449,449,449,451,Serenoa,main,male,serenoa,assets/triangle-strategy/approved_voice_references/serenoa.wav,งั้นเหรอ...,,,PENDING_MANUAL_GENERATION,,triangle-strategy
444,MS15_X30_A1_2010_M_SEL_0030.wav,MS15_X30_A1_2010_M_SEL_0030,450,450,450,452,Serenoa,main,male,serenoa,assets/triangle-strategy/approved_voice_references/serenoa.wav,ฮ่า! ฟื้นขึ้นมารอบนี้ ก็ขอให้ลืมที่ตัวเองเคยพูดไปก็แล้วกันนะท่านพ่อ,,,PENDING_MANUAL_GENERATION,,triangle-strategy
445,MS15_X30_A1_2010_M_SEL_0040.wav,MS15_X30_A1_2010_M_SEL_0040,451,451,451,453,Serenoa,main,male,serenoa,assets/triangle-strategy/approved_voice_references/serenoa.wav,ด้วยความยินดีเลยขอรับ ข้าฟังคำชมจากท่านพ่อจนจะหลงตัวเองอยู่แล้ว,,,PENDING_MANUAL_GENERATION,,triangle-strategy
446,MS15_X30_A1_2020_F_ANA_0010.wav,MS15_X30_A1_2020_F_ANA_0010,452,452,452,454,Anna,main,female,anna,assets/triangle-strategy/approved_voice_references/anna.wav,ข้ายืนยันได้ว่าเขาลงมือโดยพลการ ไม่ใช่คำสั่งของฝ่าบาทโรแลนด์เจ้าค่ะ,,,PENDING_MANUAL_GENERATION,,triangle-strategy
447,MS15_X30_A1_2020_F_MIR_0010.wav,MS15_X30_A1_2020_F_MIR_0010,453,453,453,455,ไมโล,npc,female,milo,assets/triangle-strategy/approved_voice_references/milo.wav,เจ้าค่ะ เขาสารภาพออกมาเอง,,,PENDING_MANUAL_GENERATION,,triangle-strategy
448,MS15_X30_A1_2020_F_MIR_0020.wav,MS15_X30_A1_2020_F_MIR_0020,454,454,454,456,ไมโล,npc,female,milo,assets/triangle-strategy/approved_voice_references/milo.wav,สบายใจได้เจ้าค่ะ เพื่อตระกูลวูล์ฟฟอร์ต,,,PENDING_MANUAL_GENERATION,,triangle-strategy
449,MS15_X30_A1_2020_M_BND_0010.wav,MS15_X30_A1_2020_M_BND_0010,455,455,455,457,Benedict,main,male,benedict,assets/triangle-strategy/approved_voice_references/benedict.wav,นางคือหญิงสาวแสนต่ำต้อย ผู้ฉลาดหลักแหลมและมีความรักอย่างล้นเหลือ,,,PENDING_MANUAL_GENERATION,,triangle-strategy
450,MS15_X30_A1_2020_M_BND_0020.wav,MS15_X30_A1_2020_M_BND_0020,456,456,456,458,Benedict,main,male,benedict,assets/triangle-strategy/approved_voice_references/benedict.wav,ฝ่าบาทมักปลอมตัวเข้าเมืองอย่างลับๆเสมอ และเย็นวันนั้น...โชคชะตาได้พาพวกเขาทั้งสองให้ตกหลุมรักกัน และได้ให้กำเนิดท่านในเวลาต่อมา,,,PENDING_MANUAL_GENERATION,,triangle-strategy
451,MS15_X30_A1_2020_M_BND_0030.wav,MS15_X30_A1_2020_M_BND_0030,457,457,457,459,Benedict,main,male,benedict,assets/triangle-strategy/approved_voice_references/benedict.wav,ลอร์ดซีมอนจึงต้องรับนางมาเป็นภรรยา เพื่อความปลอดภัย,,,PENDING_MANUAL_GENERATION,,triangle-strategy
452,MS15_X30_A1_2020_M_BND_0040.wav,MS15_X30_A1_2020_M_BND_0040,458,458,458,460,Benedict,main,male,benedict,assets/triangle-strategy/approved_voice_references/benedict.wav,ขอรับ...,,,PENDING_MANUAL_GENERATION,,triangle-strategy
453,MS15_X30_A1_2020_M_BND_0050.wav,MS15_X30_A1_2020_M_BND_0050,459,459,459,461,Benedict,main,male,benedict,assets/triangle-strategy/approved_voice_references/benedict.wav,พาทริเอ็ทท์จงใจกำจัดตระกูลวูล์ฟฟอร์ตเพื่อปกป้องราชวงศ์สินะ,,,PENDING_MANUAL_GENERATION,,triangle-strategy
454,MS15_X30_A1_2020_M_BND_0060.wav,MS15_X30_A1_2020_M_BND_0060,460,460,460,462,Benedict,main,male,benedict,assets/triangle-strategy/approved_voice_references/benedict.wav,โชคดีของเราไป แต่หากเรื่องนี้หลุดออกสู่สาธารณะ มีหวังเกลนบรู๊คได้แตกหักแน่,,,PENDING_MANUAL_GENERATION,,triangle-strategy
455,MS15_X30_A1_2020_M_BND_0070.wav,MS15_X30_A1_2020_M_BND_0070,461,461,461,463,Benedict,main,male,benedict,assets/triangle-strategy/approved_voice_references/benedict.wav,เรื่องที่ลอร์ดซีมอนถูกลอบสังหาร เราต้องเก็บไว้เป็นความลับนะขอรับ,,,PENDING_MANUAL_GENERATION,,triangle-strategy
456,MS15_X30_A1_2020_M_BND_0080.wav,MS15_X30_A1_2020_M_BND_0080,462,462,462,464,Benedict,main,male,benedict,assets/triangle-strategy/approved_voice_references/benedict.wav,ขอบคุณที่ช่วยนะไมโล อย่าปริปากบอกใครเชียวล่ะ,,,PENDING_MANUAL_GENERATION,,triangle-strategy
457,MS15_X30_A1_2020_M_BND_0090.wav,MS15_X30_A1_2020_M_BND_0090,463,463,463,465,Benedict,main,male,benedict,assets/triangle-strategy/approved_voice_references/benedict.wav,แม้ว่าเขาจะคิดไปเอง แต่เราก็ต้องเตรียมพร้อมรับมือใครก็ตามที่ตั้งใจจะมาทำร้ายเรา,,,PENDING_MANUAL_GENERATION,,triangle-strategy
458,MS15_X30_A1_2020_M_BND_0100.wav,MS15_X30_A1_2020_M_BND_0100,464,464,464,466,Benedict,main,male,benedict,assets/triangle-strategy/approved_voice_references/benedict.wav,รวมถึงฝ่าบาทโรแลนด์ด้วย,,,PENDING_MANUAL_GENERATION,,triangle-strategy
459,MS15_X30_A1_2020_M_BND_0110.wav,MS15_X30_A1_2020_M_BND_0110,465,465,465,467,Benedict,main,male,benedict,assets/triangle-strategy/approved_voice_references/benedict.wav,ข้าแค่อยากให้ตระกูลวูล์ฟฟอร์ตอยู่รอดปลอดภัยขอรับ!,,,PENDING_MANUAL_GENERATION,,triangle-strategy
460,MS15_X30_A1_2020_M_BND_0120.wav,MS15_X30_A1_2020_M_BND_0120,466,466,466,468,Benedict,main,male,benedict,assets/triangle-strategy/approved_voice_references/benedict.wav,ลอร์ดซีมอนเพิ่งถูกสังหารไป! อาจมีศัตรูแอบแฝงอยู่ในหมู่เราก็เป็นได้!,,,PENDING_MANUAL_GENERATION,,triangle-strategy
461,MS15_X30_A1_2020_M_BND_0130.wav,MS15_X30_A1_2020_M_BND_0130,467,467,467,469,Benedict,main,male,benedict,assets/triangle-strategy/approved_voice_references/benedict.wav,ไม่ว่าพวกเขาจะเป็นใคร เราต้องหยุดพวกเขาซะ!,,,PENDING_MANUAL_GENERATION,,triangle-strategy
462,MS15_X30_A1_2020_M_BND_0140.wav,MS15_X30_A1_2020_M_BND_0140,468,468,468,470,Benedict,main,male,benedict,assets/triangle-strategy/approved_voice_references/benedict.wav,บัลลังก์เกลนบรู๊คเป็นของท่าน ท่านมีสิทธิและอำนาจมากพอที่จะครอบครองมันขอรับ,,,PENDING_MANUAL_GENERATION,,triangle-strategy
463,MS15_X30_A1_2020_M_BND_0150.wav,MS15_X30_A1_2020_M_BND_0150,469,469,469,471,Benedict,main,male,benedict,assets/triangle-strategy/approved_voice_references/benedict.wav,พ่อของท่าน ต้องการให้ท่านได้เลือกเดินในเส้นทางของตนเพื่อชี้นำประชาชน,,,PENDING_MANUAL_GENERATION,,triangle-strategy
464,MS15_X30_A1_2020_M_BND_0160.wav,MS15_X30_A1_2020_M_BND_0160,470,470,470,472,Benedict,main,male,benedict,assets/triangle-strategy/approved_voice_references/benedict.wav,การขึ้นเป็นกษัตริย์ คงทำให้ท่านบรรลุเป้าหมายเป็นอย่างดีไม่ใช่เหรอขอรับ?,,,PENDING_MANUAL_GENERATION,,triangle-strategy
465,MS15_X30_A1_2020_M_BND_0180.wav,MS15_X30_A1_2020_M_BND_0180,472,472,472,474,Benedict,main,male,benedict,assets/triangle-strategy/approved_voice_references/benedict.wav,ขอรับนายท่าน ข้าเชื่อในการตัดสินใจของท่านนะ,,,PENDING_MANUAL_GENERATION,,triangle-strategy
466,MS15_X30_A1_2020_M_M242_0010.wav,MS15_X30_A1_2020_M_M242_0010,473,473,473,475,ชายชาวเมือง/ทหาร/ผู้ติดตาม,generic,male,MALE_ADULT_A,assets/triangle-strategy/approved_voice_references/MALE_ADULT_A.wav,มีสารจากฝ่าบาทโรแลนด์ขอรับ!,,,PENDING_MANUAL_GENERATION,,triangle-strategy
467,MS15_X30_A1_2020_M_M242_0020.wav,MS15_X30_A1_2020_M_M242_0020,474,474,474,476,ชายชาวเมือง/ทหาร/ผู้ติดตาม,generic,male,MALE_ADULT_A,assets/triangle-strategy/approved_voice_references/MALE_ADULT_A.wav,เขาต้องการให้ท่านกลับนครหลวงเดี๋ยวนี้ เหล่าทหารเอสฟรอสต์ผู้รอดชีวิตเริ่มมีการเคลื่อนไหวแล้วขอรับ,,,PENDING_MANUAL_GENERATION,,triangle-strategy
468,MS15_X30_A1_2020_M_SEL_0010.wav,MS15_X30_A1_2020_M_SEL_0010,475,475,475,477,Serenoa,main,male,serenoa,assets/triangle-strategy/approved_voice_references/serenoa.wav,ว่ายังไงนะขอรับ!?,,,PENDING_MANUAL_GENERATION,,triangle-strategy
469,MS15_X30_A1_2020_M_SEL_0020.wav,MS15_X30_A1_2020_M_SEL_0020,476,476,476,478,Serenoa,main,male,serenoa,assets/triangle-strategy/approved_voice_references/serenoa.wav,...ข้าจึงกลายเป็นบุตรแห่งวูล์ฟฟอร์ตสินะ,,,PENDING_MANUAL_GENERATION,,triangle-strategy
470,MS15_X30_A1_2020_M_SEL_0030.wav,MS15_X30_A1_2020_M_SEL_0030,477,477,477,479,Serenoa,main,male,serenoa,assets/triangle-strategy/approved_voice_references/serenoa.wav,ตราราชวงศ์เหรอขอรับ?,,,PENDING_MANUAL_GENERATION,,triangle-strategy
471,MS15_X30_A1_2020_M_SEL_0040.wav,MS15_X30_A1_2020_M_SEL_0040,478,478,478,480,Serenoa,main,male,serenoa,assets/triangle-strategy/approved_voice_references/serenoa.wav,ท่านพ่อ ข้าทำตัวไม่ถูกเลย...,,,PENDING_MANUAL_GENERATION,,triangle-strategy
472,MS15_X30_A1_2020_M_SEL_0045.wav,MS15_X30_A1_2020_M_SEL_0045,479,479,479,481,Serenoa,main,male,serenoa,assets/triangle-strategy/approved_voice_references/serenoa.wav,เอาไปเล่าให้ใครฟังก็ไม่ได้...ข้าต้องทำยังไงกับเรื่องนี้ล่ะ!?,,,PENDING_MANUAL_GENERATION,,triangle-strategy
473,MS15_X30_A1_2020_M_SEL_0050.wav,MS15_X30_A1_2020_M_SEL_0050,480,480,480,482,Serenoa,main,male,serenoa,assets/triangle-strategy/approved_voice_references/serenoa.wav,ไม่นะท่านพ่อ! อยู่กับข้านะขอรับ!,,,PENDING_MANUAL_GENERATION,,triangle-strategy
474,MS15_X30_A1_2020_M_SEL_0060.wav,MS15_X30_A1_2020_M_SEL_0060,481,481,481,483,Serenoa,main,male,serenoa,assets/triangle-strategy/approved_voice_references/serenoa.wav,อย่านะขอรับ! ท่านพ่อ! ข้าขอล่ะ!,,,PENDING_MANUAL_GENERATION,,triangle-strategy
475,MS15_X30_A1_2020_M_SEL_0070.wav,MS15_X30_A1_2020_M_SEL_0070,482,482,482,484,Serenoa,main,male,serenoa,assets/triangle-strategy/approved_voice_references/serenoa.wav,ท่านอยากให้ข้าบอกประชาชนว่า เขาถูกโรคร้ายพรากชีวิตไปสินะขอรับ,,,PENDING_MANUAL_GENERATION,,triangle-strategy
476,MS15_X30_A1_2020_M_SEL_0080.wav,MS15_X30_A1_2020_M_SEL_0080,483,483,483,485,Serenoa,main,male,serenoa,assets/triangle-strategy/approved_voice_references/serenoa.wav,ทำไมถึงคิดว่าเราเป็นศัตรูของพวกเขากันนะ,,,PENDING_MANUAL_GENERATION,,triangle-strategy
477,MS15_X30_A1_2020_M_SEL_0090.wav,MS15_X30_A1_2020_M_SEL_0090,484,484,484,486,Serenoa,main,male,serenoa,assets/triangle-strategy/approved_voice_references/serenoa.wav,เราไม่ได้เป็นภัยต่อราชวงศ์เสียหน่อย,,,PENDING_MANUAL_GENERATION,,triangle-strategy
478,MS15_X30_A1_2020_M_SEL_0100.wav,MS15_X30_A1_2020_M_SEL_0100,485,485,485,487,Serenoa,main,male,serenoa,assets/triangle-strategy/approved_voice_references/serenoa.wav,ท่านได้ยินที่แอนนาพูดแล้วนี่ โรแลนด์ไม่ได้เป็นคนสั่งขอรับ! ท่านกำลังคิดอะไรอยู่เนี่ยเบเนดิกต์!?,,,PENDING_MANUAL_GENERATION,,triangle-strategy
479,MS15_X30_A1_2020_M_SEL_0110.wav,MS15_X30_A1_2020_M_SEL_0110,486,486,486,488,Serenoa,main,male,serenoa,assets/triangle-strategy/approved_voice_references/serenoa.wav,ข้าหวังพึ่งท่านได้หรือเปล่า เบเนดิกต์?,,,PENDING_MANUAL_GENERATION,,triangle-strategy
480,MS15_X30_A1_2020_M_SEL_0130.wav,MS15_X30_A1_2020_M_SEL_0130,488,488,488,490,Serenoa,main,male,serenoa,assets/triangle-strategy/approved_voice_references/serenoa.wav,มันก็คงใช่,,,PENDING_MANUAL_GENERATION,,triangle-strategy
481,MS15_X30_A1_2020_M_SEL_0140.wav,MS15_X30_A1_2020_M_SEL_0140,489,489,489,491,Serenoa,main,male,serenoa,assets/triangle-strategy/approved_voice_references/serenoa.wav,แต่ข้าคงยอมตายดีกว่าแย่งชิงบัลลังก์จากสหายของตน,,,PENDING_MANUAL_GENERATION,,triangle-strategy
482,MS15_X30_A1_2020_M_SEL_0150.wav,MS15_X30_A1_2020_M_SEL_0150,490,490,490,492,Serenoa,main,male,serenoa,assets/triangle-strategy/approved_voice_references/serenoa.wav,ความลับนี้จะไม่หลุดออกไปที่ไหน ข้าจะเก็บมันไว้พร้อมกับแหวนวงนี้,,,PENDING_MANUAL_GENERATION,,triangle-strategy
483,MS15_X30_A1_2020_M_SEL_0160.wav,MS15_X30_A1_2020_M_SEL_0160,491,491,491,493,Serenoa,main,male,serenoa,assets/triangle-strategy/approved_voice_references/serenoa.wav,ไม่เว้นช่วงให้เสียใจสักนิด... นำข้าไปเลย,,,PENDING_MANUAL_GENERATION,,triangle-strategy
484,MS15_X30_A1_2020_M_SMN_0010.wav,MS15_X30_A1_2020_M_SMN_0010,492,492,492,494,Symon,npc,male,symon,assets/triangle-strategy/approved_voice_references/symon.wav,เรื่องที่ข้าจะบอกกับเจ้านั้น มีเพียงเบเนดิกต์กับข้าที่รู้,,,PENDING_MANUAL_GENERATION,,triangle-strategy
485,MS15_X30_A1_2020_M_SMN_0020.wav,MS15_X30_A1_2020_M_SMN_0020,493,493,493,495,Symon,npc,male,symon,assets/triangle-strategy/approved_voice_references/symon.wav,ช่วยฟังและตั้งสติให้ดี ข้า...ไม่ใช่พ่อผู้ให้กำเนิดเจ้า,,,PENDING_MANUAL_GENERATION,,triangle-strategy
486,MS15_X30_A1_2020_M_SMN_0030.wav,MS15_X30_A1_2020_M_SMN_0030,494,494,494,496,Symon,npc,male,symon,assets/triangle-strategy/approved_voice_references/symon.wav,เจ้ามีสายเลือดของฝ่าบาทเร็กน่า,,,PENDING_MANUAL_GENERATION,,triangle-strategy
487,MS15_X30_A1_2020_M_SMN_0040.wav,MS15_X30_A1_2020_M_SMN_0040,495,495,495,497,Symon,npc,male,symon,assets/triangle-strategy/approved_voice_references/symon.wav,ข้าสัญญากับฝ่าบาทไว้ว่าจะปกปิดความจริงจากเจ้า อภัยให้ข้าด้วยนะลูก,,,PENDING_MANUAL_GENERATION,,triangle-strategy
488,MS15_X30_A1_2020_M_SMN_0050.wav,MS15_X30_A1_2020_M_SMN_0050,496,496,496,498,Symon,npc,male,symon,assets/triangle-strategy/approved_voice_references/symon.wav,แน่นอนว่าเดสตร้าคือแม่ของเจ้า นางเป็นสามัญชนในนครหลวง,,,PENDING_MANUAL_GENERATION,,triangle-strategy
489,MS15_X30_A1_2020_M_SMN_0060.wav,MS15_X30_A1_2020_M_SMN_0060,497,497,497,499,Symon,npc,male,symon,assets/triangle-strategy/approved_voice_references/symon.wav,การแต่งงานกับนางนั้นถูกจำกัดด้วยชนชั้น เมื่อเหล่าขุนนางรู้เข้า...พวกเขาจึงได้วางแผนฆาตกรรม,,,PENDING_MANUAL_GENERATION,,triangle-strategy
490,MS15_X30_A1_2020_M_SMN_0070.wav,MS15_X30_A1_2020_M_SMN_0070,498,498,498,500,Symon,npc,male,symon,assets/triangle-strategy/approved_voice_references/symon.wav,น่าเสียดายที่นางจากไป...หลังให้กำเนิดเจ้าได้ไม่นานนัก,,,PENDING_MANUAL_GENERATION,,triangle-strategy
491,MS15_X30_A1_2020_M_SMN_0080.wav,MS15_X30_A1_2020_M_SMN_0080,499,499,499,501,Symon,npc,male,symon,assets/triangle-strategy/approved_voice_references/symon.wav,นางเป็นคนตั้งชื่อให้เจ้า เป็นสิ่งเดียวที่ตกทอดมาสู่เจ้า,,,PENDING_MANUAL_GENERATION,,triangle-strategy
492,MS15_X30_A1_2020_M_SMN_0090.wav,MS15_X30_A1_2020_M_SMN_0090,500,500,500,502,Symon,npc,male,symon,assets/triangle-strategy/approved_voice_references/symon.wav,และข้า... ขอมอบสิ่งนี้ให้,,,PENDING_MANUAL_GENERATION,,triangle-strategy
493,MS15_X30_A1_2020_M_SMN_0100.wav,MS15_X30_A1_2020_M_SMN_0100,501,501,501,503,Symon,npc,male,symon,assets/triangle-strategy/approved_voice_references/symon.wav,มีเพียงเชื้อพระวงศ์เท่านั้นที่สามารถใส่มันได้,,,PENDING_MANUAL_GENERATION,,triangle-strategy
494,MS15_X30_A1_2020_M_SMN_0110.wav,MS15_X30_A1_2020_M_SMN_0110,502,502,502,504,Symon,npc,male,symon,assets/triangle-strategy/approved_voice_references/symon.wav,ข้าตั้งใจจะเก็บไว้จนกว่าจะถึงเวลาอันเหมาะสม ซึ่งก็คงจะเป็นตอนนี้ล่ะนะ,,,PENDING_MANUAL_GENERATION,,triangle-strategy
495,MS15_X30_A1_2020_M_SMN_0120.wav,MS15_X30_A1_2020_M_SMN_0120,503,503,503,505,Symon,npc,male,symon,assets/triangle-strategy/approved_voice_references/symon.wav,ข้ารู้ ข้าทิ้งภาระหนักอึ้งไว้ให้เจ้า...,,,PENDING_MANUAL_GENERATION,,triangle-strategy
496,MS15_X30_A1_2020_M_SMN_0130.wav,MS15_X30_A1_2020_M_SMN_0130,504,504,504,506,Symon,npc,male,symon,assets/triangle-strategy/approved_voice_references/symon.wav,จงเข้มแข็งเข้าไว้นะเซเรโนอา... จงเดินหน้า... ชี้นำประชาชนของเจ้า...,,,PENDING_MANUAL_GENERATION,,triangle-strategy
497,MS15_X30_A1_2020_M_SMN_0140.wav,MS15_X30_A1_2020_M_SMN_0140,505,505,505,507,Symon,npc,male,symon,assets/triangle-strategy/approved_voice_references/symon.wav,เบเนดิกต์... ฝาก... ดูแลเขาด้วยนะ...,,,PENDING_MANUAL_GENERATION,,triangle-strategy
498,MS15_X30_A1_2020_M_SMN_0150.wav,MS15_X30_A1_2020_M_SMN_0150,506,506,506,508,Symon,npc,male,symon,assets/triangle-strategy/approved_voice_references/symon.wav,เจ้า...ยังเรียกข้าว่าพ่อได้ลงอีกเหรอ...,,,PENDING_MANUAL_GENERATION,,triangle-strategy
499,MS15_X30_A1_2020_M_SMN_0160.wav,MS15_X30_A1_2020_M_SMN_0160,507,507,507,509,Symon,npc,male,symon,assets/triangle-strategy/approved_voice_references/symon.wav,ข้าภูมิใจในตัวเจ้านะ... ลูกข้า...,,,PENDING_MANUAL_GENERATION,,triangle-strategy
500,MS15_X30_B0_0010_M_SEC_0010.wav,MS15_X30_B0_0010_M_SEC_0010,508,508,508,510,ซิคราส,npc,male,sycras,assets/triangle-strategy/approved_voice_references/sycras.wav,ลอร์ดสวาร็อค! ขอเชิญท่านไปที่เมืองหลวง เรื่องปืนใหญ่เสียงสังเวยขอรับ,,,PENDING_MANUAL_GENERATION,,triangle-strategy
501,MS15_X30_B0_0010_M_SEC_0020.wav,MS15_X30_B0_0010_M_SEC_0020,509,509,509,511,ซิคราส,npc,male,sycras,assets/triangle-strategy/approved_voice_references/sycras.wav,ท่านจะขัดขืนคำสั่งของอาร์ชดยุกไปถึงไหนกัน?,,,PENDING_MANUAL_GENERATION,,triangle-strategy
502,MS15_X30_B0_0010_M_SEC_0030.wav,MS15_X30_B0_0010_M_SEC_0030,510,510,510,512,ซิคราส,npc,male,sycras,assets/triangle-strategy/approved_voice_references/sycras.wav,คำสั่งนี้เป็นของข้าขอรับ ไม่ใช่ของท่าน,,,PENDING_MANUAL_GENERATION,,triangle-strategy
503,MS15_X30_B0_0010_M_SEC_0040.wav,MS15_X30_B0_0010_M_SEC_0040,511,511,511,513,ซิคราส,npc,male,sycras,assets/triangle-strategy/approved_voice_references/sycras.wav,อาร์ชดยุกจะเป็นผู้ตัดสินใ-,,,PENDING_MANUAL_GENERATION,,triangle-strategy
504,MS15_X30_B0_0010_M_SEC_0050.wav,MS15_X30_B0_0010_M_SEC_0050,512,512,512,514,ซิคราส,npc,male,sycras,assets/triangle-strategy/approved_voice_references/sycras.wav,เช่นนั้น ข้าจะเอาถ้อยคำของท่านไปรายงานอาร์ชดยุกนะขอรับ,,,PENDING_MANUAL_GENERATION,,triangle-strategy
505,MS15_X30_B0_0010_M_SVR_0010.wav,MS15_X30_B0_0010_M_SVR_0010,513,513,513,515,สวาร็อค,npc,male,svarog,assets/triangle-strategy/approved_voice_references/svarog.wav,สูญเสียเกลนบรู๊คไปขนาดนี้ คิดว่าข้ามีเวลาไปตอบคำถามไร้สาระของเขานักเหรอ,,,PENDING_MANUAL_GENERATION,,triangle-strategy
506,MS15_X30_B0_0010_M_SVR_0020.wav,MS15_X30_B0_0010_M_SVR_0020,514,514,514,516,สวาร็อค,npc,male,svarog,assets/triangle-strategy/approved_voice_references/svarog.wav,อีกเดี๋ยวคงจะมีการจู่โจมราชรัฐเกิดขึ้น เราต้องเสริมการป้องกันประตูแฝดโดยเร็ว,,,PENDING_MANUAL_GENERATION,,triangle-strategy
507,MS15_X30_B0_0010_M_SVR_0030.wav,MS15_X30_B0_0010_M_SVR_0030,515,515,515,517,สวาร็อค,npc,male,svarog,assets/triangle-strategy/approved_voice_references/svarog.wav,ไสหัวไปซะ ข้ามันโง่เองที่คิดว่าเจ้าสามารถปกป้องราชรัฐได้,,,PENDING_MANUAL_GENERATION,,triangle-strategy
508,MS15_X30_B0_0010_M_SVR_0040.wav,MS15_X30_B0_0010_M_SVR_0040,516,516,516,518,สวาร็อค,npc,male,svarog,assets/triangle-strategy/approved_voice_references/svarog.wav,มันตัดสินใจจนชิบหายวายป่วงไปหมดแล้ว!,,,PENDING_MANUAL_GENERATION,,triangle-strategy
509,MS15_X30_B0_0010_M_SVR_0050.wav,MS15_X30_B0_0010_M_SVR_0050,517,517,517,519,สวาร็อค,npc,male,svarog,assets/triangle-strategy/approved_voice_references/svarog.wav,ปล่อยให้ธาลาสมันคุมเกลนบรู๊คได้ยังไงวะ พินาศไปหมด,,,PENDING_MANUAL_GENERATION,,triangle-strategy
510,MS15_X30_B0_0010_M_SVR_0060.wav,MS15_X30_B0_0010_M_SVR_0060,518,518,518,520,สวาร็อค,npc,male,svarog,assets/triangle-strategy/approved_voice_references/svarog.wav,รายงานให้ครบทุกประโยคนะ พ่อหนุ่มส่งข่าว,,,PENDING_MANUAL_GENERATION,,triangle-strategy
511,MS15_X30_B0_0010_M_SVR_0070.wav,MS15_X30_B0_0010_M_SVR_0070,519,519,519,521,สวาร็อค,npc,male,svarog,assets/triangle-strategy/approved_voice_references/svarog.wav,ฝากไปบอกเขาด้วย ถ้าอยากให้ข้าร่วมมือก็ต้องซื่อตรงกับข้าเสียก่อน,,,PENDING_MANUAL_GENERATION,,triangle-strategy
512,MS15_X30_BATTLE_01_AFTER_M_BND_0010.wav,MS15_X30_BATTLE_01_AFTER_M_BND_0010,520,520,520,522,Benedict,main,male,benedict,assets/triangle-strategy/approved_voice_references/benedict.wav,อภัยให้ข้าด้วยขอรับ ข้าปกป้องท่านไม่ได้...,,,PENDING_MANUAL_GENERATION,,triangle-strategy
513,MS15_X30_BATTLE_01_AFTER_M_BND_0020.wav,MS15_X30_BATTLE_01_AFTER_M_BND_0020,521,521,521,523,Benedict,main,male,benedict,assets/triangle-strategy/approved_voice_references/benedict.wav,ตามบัญชาขอรับ เอราดอร์,,,PENDING_MANUAL_GENERATION,,triangle-strategy
514,MS15_X30_BATTLE_01_AFTER_M_ELA_0010.wav,MS15_X30_BATTLE_01_AFTER_M_ELA_0010,522,522,522,524,Erador,main,male,erador,assets/triangle-strategy/approved_voice_references/erador.wav,อืม...,,,PENDING_MANUAL_GENERATION,,triangle-strategy
515,MS15_X30_BATTLE_01_AFTER_M_SEL_0010.wav,MS15_X30_BATTLE_01_AFTER_M_SEL_0010,523,523,523,525,Serenoa,main,male,serenoa,assets/triangle-strategy/approved_voice_references/serenoa.wav,แข็งใจไว้ขอรับท่านพ่อ! ข้าจะส่งท่านไปรักษาเดี๋ยวนี้!,,,PENDING_MANUAL_GENERATION,,triangle-strategy
516,MS15_X30_BATTLE_01_AFTER_M_SEL_0020.wav,MS15_X30_BATTLE_01_AFTER_M_SEL_0020,524,524,524,526,Serenoa,main,male,serenoa,assets/triangle-strategy/approved_voice_references/serenoa.wav,พอได้แล้ว! ท่านต้องรอดนะ!,,,PENDING_MANUAL_GENERATION,,triangle-strategy
517,MS15_X30_BATTLE_01_AFTER_M_SMN_0010.wav,MS15_X30_BATTLE_01_AFTER_M_SMN_0010,525,525,525,527,Symon,npc,male,symon,assets/triangle-strategy/approved_voice_references/symon.wav,ดาบของข้า...มันหนักขนาดนี้เลยหรือ? ความชรา...เป็นศัตรูตัวฉกาจเสียจริงนะ...,,,PENDING_MANUAL_GENERATION,,triangle-strategy
518,MS15_X30_BATTLE_01_AFTER_M_SMN_0020.wav,MS15_X30_BATTLE_01_AFTER_M_SMN_0020,526,526,526,528,Symon,npc,male,symon,assets/triangle-strategy/approved_voice_references/symon.wav,อ้ากกก!,,,PENDING_MANUAL_GENERATION,,triangle-strategy
519,MS15_X30_BATTLE_01_AFTER_M_SMN_0030.wav,MS15_X30_BATTLE_01_AFTER_M_SMN_0030,527,527,527,529,Symon,npc,male,symon,assets/triangle-strategy/approved_voice_references/symon.wav,เซเรโนอา... หากข้าต้องตาย... อย่างน้อยก็ได้ตายเคียงคู่เจ้า... บนสมรภูมินี้,,,PENDING_MANUAL_GENERATION,,triangle-strategy
520,MS15_X30_BATTLE_01_AFTER_M_SMN_0040.wav,MS15_X30_BATTLE_01_AFTER_M_SMN_0040,528,528,528,530,Symon,npc,male,symon,assets/triangle-strategy/approved_voice_references/symon.wav,ข้าเห็นทหารล้มตายมาเยอะแล้ว ลูกเอ๋ย... มีเกิดก็ต้องมีจาก...,,,PENDING_MANUAL_GENERATION,,triangle-strategy
521,MS15_X30_BATTLE_01_AFTER_M_SMN_0050.wav,MS15_X30_BATTLE_01_AFTER_M_SMN_0050,529,529,529,531,Symon,npc,male,symon,assets/triangle-strategy/approved_voice_references/symon.wav,ใช่ไหมล่ะ... เบเนดิกต์?,,,PENDING_MANUAL_GENERATION,,triangle-strategy
522,MS15_X30_BATTLE_01_AFTER_M_SMN_0060.wav,MS15_X30_BATTLE_01_AFTER_M_SMN_0060,530,530,530,532,Symon,npc,male,symon,assets/triangle-strategy/approved_voice_references/symon.wav,ข้าขอ... พวกเราสามคน (อึก!) ได้อยู่กันตามลำพังจะได้ไหม...,,,PENDING_MANUAL_GENERATION,,triangle-strategy
523,MS15_X30_BATTLE_01_BEFORE_F_ANA_0010.wav,MS15_X30_BATTLE_01_BEFORE_F_ANA_0010,531,531,531,533,Anna,main,female,anna,assets/triangle-strategy/approved_voice_references/anna.wav,ขอบคุณนะไมโล,,,PENDING_MANUAL_GENERATION,,triangle-strategy
524,MS15_X30_BATTLE_01_BEFORE_F_M241_0010.wav,MS15_X30_BATTLE_01_BEFORE_F_M241_0010,532,532,532,534,หญิงชาวเมือง/ผู้ติดตาม,generic,female,FEMALE_YOUNG_A,assets/triangle-strategy/approved_voice_references/FEMALE_YOUNG_A.wav,ถ้างั้นก็เอาไปอีก!,,,PENDING_MANUAL_GENERATION,,triangle-strategy
525,MS15_X30_BATTLE_01_BEFORE_F_M241_0020.wav,MS15_X30_BATTLE_01_BEFORE_F_M241_0020,533,533,533,535,หญิงชาวเมือง/ผู้ติดตาม,generic,female,FEMALE_YOUNG_A,assets/triangle-strategy/approved_voice_references/FEMALE_YOUNG_A.wav,อ้ากกก!,,,PENDING_MANUAL_GENERATION,,triangle-strategy
526,MS15_X30_BATTLE_01_BEFORE_F_MIR_0010.wav,MS15_X30_BATTLE_01_BEFORE_F_MIR_0010,534,534,534,536,ไมโล,npc,female,milo,assets/triangle-strategy/approved_voice_references/milo.wav,อย่าหวังเลย!,,,PENDING_MANUAL_GENERATION,,triangle-strategy
527,MS15_X30_BATTLE_01_BEFORE_F_MIR_0020.wav,MS15_X30_BATTLE_01_BEFORE_F_MIR_0020,535,535,535,537,ไมโล,npc,female,milo,assets/triangle-strategy/approved_voice_references/milo.wav,ไว้ขอบคุณทีหลังเถอะ! จัดการมือลอบสังหารให้หมดก่อน!,,,PENDING_MANUAL_GENERATION,,triangle-strategy
528,MS15_X30_BATTLE_01_BEFORE_F_MIR_0030.wav,MS15_X30_BATTLE_01_BEFORE_F_MIR_0030,536,536,536,538,ไมโล,npc,female,milo,assets/triangle-strategy/approved_voice_references/milo.wav,ด้วยความยินดีเจ้าค่ะ!,,,PENDING_MANUAL_GENERATION,,triangle-strategy
529,MS15_X30_BATTLE_01_BEFORE_M_PTR_0010.wav,MS15_X30_BATTLE_01_BEFORE_M_PTR_0010,537,537,537,539,พาทริเอ็ทท์,npc,male,patriatte,assets/triangle-strategy/approved_voice_references/patriatte.wav,ฆ่าพวกมันให้หมด! โอกาสแบบนี้ไม่ได้หาง่ายๆนะ!,,,PENDING_MANUAL_GENERATION,,triangle-strategy
530,MS15_X30_BATTLE_01_BEFORE_M_SEL_0010.wav,MS15_X30_BATTLE_01_BEFORE_M_SEL_0010,538,538,538,540,Serenoa,main,male,serenoa,assets/triangle-strategy/approved_voice_references/serenoa.wav,ท่านพ่อ มองตาข้าขอรับ! แข็งใจไว้ก่อน!,,,PENDING_MANUAL_GENERATION,,triangle-strategy
531,MS15_X30_BATTLE_01_BEFORE_M_SEL_0020.wav,MS15_X30_BATTLE_01_BEFORE_M_SEL_0020,539,539,539,541,Serenoa,main,male,serenoa,assets/triangle-strategy/approved_voice_references/serenoa.wav,ฆ่าพวกมันซะ ไมโล!,,,PENDING_MANUAL_GENERATION,,triangle-strategy
532,MS15_X30_BATTLE_01_BEFORE_M_SEL_0030.wav,MS15_X30_BATTLE_01_BEFORE_M_SEL_0030,540,540,540,542,Serenoa,main,male,serenoa,assets/triangle-strategy/approved_voice_references/serenoa.wav,พาทริเอ็ทท์!? พูดอะไรของท่าน-,,,PENDING_MANUAL_GENERATION,,triangle-strategy
533,MS15_X30_BATTLE_01_BEFORE_M_SMN_0010.wav,MS15_X30_BATTLE_01_BEFORE_M_SMN_0010,541,541,541,543,Symon,npc,male,symon,assets/triangle-strategy/approved_voice_references/symon.wav,โอย... ข้าประมาทไปหน่อย...,,,PENDING_MANUAL_GENERATION,,triangle-strategy
534,MS15_X30_BATTLE_01_BEFORE_M_SMN_0020.wav,MS15_X30_BATTLE_01_BEFORE_M_SMN_0020,542,542,542,544,Symon,npc,male,symon,assets/triangle-strategy/approved_voice_references/symon.wav,ถูกฟันแค่นี้...ฆ่า ซีมอน วูล์ฟฟอร์ต ไม่ตายหรอก!,,,PENDING_MANUAL_GENERATION,,triangle-strategy
535,MS15_X30_BATTLE_01_BEFORE_M_SMN_0030.wav,MS15_X30_BATTLE_01_BEFORE_M_SMN_0030,543,543,543,545,Symon,npc,male,symon,assets/triangle-strategy/approved_voice_references/symon.wav,ไอ้คนทรยศ!,,,PENDING_MANUAL_GENERATION,,triangle-strategy
536,MS15_X30_BATTLE_01_DRAMA_M_BND_0010.wav,MS15_X30_BATTLE_01_DRAMA_M_BND_0010,544,544,544,546,Benedict,main,male,benedict,assets/triangle-strategy/approved_voice_references/benedict.wav,รีบจัดการปัญหาให้เสร็จขอรับ สภาพแบบนี้ลอร์ดซีมอนสู้ไม่ไหวหรอก,,,PENDING_MANUAL_GENERATION,,triangle-strategy
537,MS15_X30_BATTLE_01_DRAMA_M_BND_0020.wav,MS15_X30_BATTLE_01_DRAMA_M_BND_0020,545,545,545,547,Benedict,main,male,benedict,assets/triangle-strategy/approved_voice_references/benedict.wav,น่าอับอายจริงๆ ที่ต้องมาเสียหลักเพราะบาดแพ้เล็กน้อยเช่นนี้...,,,PENDING_MANUAL_GENERATION,,triangle-strategy
538,MS15_X30_BATTLE_01_DRAMA_M_BND_0030.wav,MS15_X30_BATTLE_01_DRAMA_M_BND_0030,546,546,546,548,Benedict,main,male,benedict,assets/triangle-strategy/approved_voice_references/benedict.wav,ขอให้ท่านปลอดภัยขอรับ นายท่าน...,,,PENDING_MANUAL_GENERATION,,triangle-strategy
539,MS15_X30_BATTLE_01_DRAMA_M_ELA_0010.wav,MS15_X30_BATTLE_01_DRAMA_M_ELA_0010,547,547,547,549,Erador,main,male,erador,assets/triangle-strategy/approved_voice_references/erador.wav,ไม่ว่ายังไง ข้าจะปกป้องลอร์ดซีมอนและลูกชายของเขาให้ได้,,,PENDING_MANUAL_GENERATION,,triangle-strategy
540,MS15_X30_BATTLE_01_DRAMA_M_ELA_0020.wav,MS15_X30_BATTLE_01_DRAMA_M_ELA_0020,548,548,548,550,Erador,main,male,erador,assets/triangle-strategy/approved_voice_references/erador.wav,ข้าเคยสาบานว่าจะปกป้องลอร์ดซีมอนด้วยชีวิต... แต่วันนี้... ข้าอาจจะ...,,,PENDING_MANUAL_GENERATION,,triangle-strategy
541,MS15_X30_BATTLE_01_DRAMA_M_ELA_0030.wav,MS15_X30_BATTLE_01_DRAMA_M_ELA_0030,549,549,549,551,Erador,main,male,erador,assets/triangle-strategy/approved_voice_references/erador.wav,แต่พวกมันมีเยอะกว่า...โอย รับทราบขอรับนายท่าน,,,PENDING_MANUAL_GENERATION,,triangle-strategy
542,MS15_X30_BATTLE_01_DRAMA_M_PTR_0010.wav,MS15_X30_BATTLE_01_DRAMA_M_PTR_0010,550,550,550,552,พาทริเอ็ทท์,npc,male,patriatte,assets/triangle-strategy/approved_voice_references/patriatte.wav,วูล์ฟฟอร์ตคือมลทินแปดเปื้อนดินแดนนี้ ซึ่งข้าจะชำระล้างมันเอง!,,,PENDING_MANUAL_GENERATION,,triangle-strategy
543,MS15_X30_BATTLE_01_DRAMA_M_PTR_0020.wav,MS15_X30_BATTLE_01_DRAMA_M_PTR_0020,551,551,551,553,พาทริเอ็ทท์,npc,male,patriatte,assets/triangle-strategy/approved_voice_references/patriatte.wav,ไอ้พวกนี้ไม่รู้จักพอจริงๆ,,,PENDING_MANUAL_GENERATION,,triangle-strategy
544,MS15_X30_BATTLE_01_DRAMA_M_PTR_0030.wav,MS15_X30_BATTLE_01_DRAMA_M_PTR_0030,552,552,552,554,พาทริเอ็ทท์,npc,male,patriatte,assets/triangle-strategy/approved_voice_references/patriatte.wav,อยู่ไปก็หนักแผ่นดินเกลนบรู๊ค ไอ้วูล์ฟฟอร์ต!,,,PENDING_MANUAL_GENERATION,,triangle-strategy
545,MS15_X30_BATTLE_01_DRAMA_M_PTR_0040.wav,MS15_X30_BATTLE_01_DRAMA_M_PTR_0040,553,553,553,555,พาทริเอ็ทท์,npc,male,patriatte,assets/triangle-strategy/approved_voice_references/patriatte.wav,หวังว่าข้าจะมีโอกาสได้เล่นงานพวกมันอีก... รอบหน้าข้าจะไม่ประมาทอีกแล้ว!,,,PENDING_MANUAL_GENERATION,,triangle-strategy
546,MS15_X30_BATTLE_01_DRAMA_M_SEL_0010.wav,MS15_X30_BATTLE_01_DRAMA_M_SEL_0010,554,554,554,556,Serenoa,main,male,serenoa,assets/triangle-strategy/approved_voice_references/serenoa.wav,สังหารพาทริเอ็ทท์กับพรรคพวกซะ! จงปกป้องพ่อข้าด้วยชีวิต!,,,PENDING_MANUAL_GENERATION,,triangle-strategy
547,MS15_X30_BATTLE_01_DRAMA_M_SEL_0020.wav,MS15_X30_BATTLE_01_DRAMA_M_SEL_0020,555,555,555,557,Serenoa,main,male,serenoa,assets/triangle-strategy/approved_voice_references/serenoa.wav,เป็นไปไม่ได้!,,,PENDING_MANUAL_GENERATION,,triangle-strategy
548,MS15_X30_BATTLE_01_DRAMA_M_SEL_0030.wav,MS15_X30_BATTLE_01_DRAMA_M_SEL_0030,556,556,556,558,Serenoa,main,male,serenoa,assets/triangle-strategy/approved_voice_references/serenoa.wav,...ขอรับท่านพ่อ,,,PENDING_MANUAL_GENERATION,,triangle-strategy
549,MS15_X30_BATTLE_01_DRAMA_M_SEL_0040.wav,MS15_X30_BATTLE_01_DRAMA_M_SEL_0040,557,557,557,559,Serenoa,main,male,serenoa,assets/triangle-strategy/approved_voice_references/serenoa.wav,อยู่กับเราก่อนขอรับท่านพ่อ! ข้ามาช่วยแล้ว!,,,PENDING_MANUAL_GENERATION,,triangle-strategy
550,MS15_X30_BATTLE_01_DRAMA_M_SEL_0050.wav,MS15_X30_BATTLE_01_DRAMA_M_SEL_0050,558,558,558,560,Serenoa,main,male,serenoa,assets/triangle-strategy/approved_voice_references/serenoa.wav,ไม่นะ! อย่าเพิ่งทิ้งข้าไปขอรับ!,,,PENDING_MANUAL_GENERATION,,triangle-strategy
551,MS15_X30_BATTLE_01_DRAMA_M_SMN_0010.wav,MS15_X30_BATTLE_01_DRAMA_M_SMN_0010,559,559,559,561,Symon,npc,male,symon,assets/triangle-strategy/approved_voice_references/symon.wav,มันจบแล้ว พาทริเอ็ทท์! ข้าขอสาบานด้วยเกียรติของตระกูล...,,,PENDING_MANUAL_GENERATION,,triangle-strategy
552,MS15_X30_BATTLE_01_DRAMA_M_SMN_0020.wav,MS15_X30_BATTLE_01_DRAMA_M_SMN_0020,560,560,560,562,Symon,npc,male,symon,assets/triangle-strategy/approved_voice_references/symon.wav,ถอนตัวก่อน เบเนดิกต์! มีแค่เจ้าเท่านั้นที่ข้าไว้ใจให้ดูแลลูกของข้านะ!,,,PENDING_MANUAL_GENERATION,,triangle-strategy
553,MS15_X30_BATTLE_01_DRAMA_M_SMN_0030.wav,MS15_X30_BATTLE_01_DRAMA_M_SMN_0030,561,561,561,563,Symon,npc,male,symon,assets/triangle-strategy/approved_voice_references/symon.wav,ข้าสั่งให้เจ้าถอนตัวซะ เอราดอร์! ใครจะเป็นโล่ให้เซเรโนอาได้ดีไปกว่าเจ้าล่ะ?,,,PENDING_MANUAL_GENERATION,,triangle-strategy
554,MS15_X30_BATTLE_01_DRAMA_M_SMN_0040.wav,MS15_X30_BATTLE_01_DRAMA_M_SMN_0040,562,562,562,564,Symon,npc,male,symon,assets/triangle-strategy/approved_voice_references/symon.wav,เก็บแรงของเจ้าไว้เถิด เซเรโนอา ตระกูลของเราต้องการผู้นำนะ,,,PENDING_MANUAL_GENERATION,,triangle-strategy
555,MS15_X30_BATTLE_01_DRAMA_M_SMN_0050.wav,MS15_X30_BATTLE_01_DRAMA_M_SMN_0050,563,563,563,565,Symon,npc,male,symon,assets/triangle-strategy/approved_voice_references/symon.wav,ข้าจะไม่มาตายที่นี่! ยังไม่ถึงเวลาของข้า!,,,PENDING_MANUAL_GENERATION,,triangle-strategy
556,MS15_X30_BATTLE_01_DRAMA_M_SMN_0060.wav,MS15_X30_BATTLE_01_DRAMA_M_SMN_0060,564,564,564,566,Symon,npc,male,symon,assets/triangle-strategy/approved_voice_references/symon.wav,โอยยย! ทำไมต้องเป็นคืนนี้ด้วยเนี่ย?,,,PENDING_MANUAL_GENERATION,,triangle-strategy
557,MS15_X30_BATTLE_01_DRAMA_M_SMN_0065.wav,MS15_X30_BATTLE_01_DRAMA_M_SMN_0065,565,565,565,567,Symon,npc,male,symon,assets/triangle-strategy/approved_voice_references/symon.wav,ข้ายอมรับความตายในครั้งนี้...,,,PENDING_MANUAL_GENERATION,,triangle-strategy
558,MS15_X30_BATTLE_01_DRAMA_M_SMN_0070.wav,MS15_X30_BATTLE_01_DRAMA_M_SMN_0070,566,566,566,568,Symon,npc,male,symon,assets/triangle-strategy/approved_voice_references/symon.wav,ดีใจจริงๆ...ที่ข้ามีลูกชายเป็นเจ้า เซเรโนอา...,,,PENDING_MANUAL_GENERATION,,triangle-strategy
559,MS15_X30_C0_0010_F_LYL_0010.wav,MS15_X30_C0_0010_F_LYL_0010,567,567,567,569,Lyla,npc,female,lyla,assets/triangle-strategy/approved_voice_references/lyla.wav,ข่าวดีเจ้าค่ะ ตอนนี้พวกเราดึงพลังจากเอลฟริคได้มากพอที่จะใช้งานกับจักรกลได้แล้ว,,,PENDING_MANUAL_GENERATION,,triangle-strategy
560,MS15_X30_C0_0010_F_LYL_0020.wav,MS15_X30_C0_0010_F_LYL_0020,568,568,568,570,Lyla,npc,female,lyla,assets/triangle-strategy/approved_voice_references/lyla.wav,วูล์ฟฟอร์ตก็คงถามตัวเองเช่นนั้นเจ้าค่ะ แล้วท่านไม่กลัวผลประโยชน์ที่พวกเขาได้รับเลยเหรอ?,,,PENDING_MANUAL_GENERATION,,triangle-strategy
561,MS15_X30_C0_0010_F_LYL_0030.wav,MS15_X30_C0_0010_F_LYL_0030,569,569,569,571,Lyla,npc,female,lyla,assets/triangle-strategy/approved_voice_references/lyla.wav,ป่านนี้ชาวเกลนบรู๊คคงรวมตัวกัน สรรเสริญวีรบุรุษผู้กลับมาของพวกเขา,,,PENDING_MANUAL_GENERATION,,triangle-strategy
562,MS15_X30_C0_0010_F_LYL_0040.wav,MS15_X30_C0_0010_F_LYL_0040,570,570,570,572,Lyla,npc,female,lyla,assets/triangle-strategy/approved_voice_references/lyla.wav,เกรงว่าเรา... บังเอิญสร้างศัตรูที่แข็งแกร่งเทียบเคียงเอสฟรอสต์ไปแล้วเจ้าค่ะ,,,PENDING_MANUAL_GENERATION,,triangle-strategy
563,MS15_X30_C0_0010_F_LYL_0050.wav,MS15_X30_C0_0010_F_LYL_0050,571,571,571,573,Lyla,npc,female,lyla,assets/triangle-strategy/approved_voice_references/lyla.wav,"แล้วท่านไว้ใจไมโล ""คนนี้"" จริงๆเหรอเจ้าคะ?",,,PENDING_MANUAL_GENERATION,,triangle-strategy
564,MS15_X30_C0_0010_F_LYL_0060.wav,MS15_X30_C0_0010_F_LYL_0060,572,572,572,574,Lyla,npc,female,lyla,assets/triangle-strategy/approved_voice_references/lyla.wav,ไม่ว่าจะเป็นสายลับ...หรือเจ็ดผู้ศักดิ์สิทธิ์ก็หนีไม่พ้น,,,PENDING_MANUAL_GENERATION,,triangle-strategy
565,MS15_X30_C0_0010_M_IDO_0010.wav,MS15_X30_C0_0010_M_IDO_0010,573,573,573,575,อีดอร์,npc,male,idore,assets/triangle-strategy/approved_voice_references/idore.wav,เอสฟรอสต์อันภาคภูมินั้นถูกพิชิต และองค์ชายโรแลนด์ได้ครองบัลลังก์กษัตริย์แห่งเกลนบรู๊ค,,,PENDING_MANUAL_GENERATION,,triangle-strategy
566,MS15_X30_C0_0010_M_IDO_0020.wav,MS15_X30_C0_0010_M_IDO_0020,574,574,574,576,อีดอร์,npc,male,idore,assets/triangle-strategy/approved_voice_references/idore.wav,พวกเขาคงรู้ตัวแล้ว ว่าพวกเรามีอำนาจแข็งแกร่งเพียงใด,,,PENDING_MANUAL_GENERATION,,triangle-strategy
567,MS15_X30_C0_0010_M_IDO_0030.wav,MS15_X30_C0_0010_M_IDO_0030,575,575,575,577,อีดอร์,npc,male,idore,assets/triangle-strategy/approved_voice_references/idore.wav,โอโห... สงครามส่งผลดีต่อเราขนาดนี้เลยหรือนี่?,,,PENDING_MANUAL_GENERATION,,triangle-strategy
568,MS15_X30_C0_0010_M_IDO_0040.wav,MS15_X30_C0_0010_M_IDO_0040,576,576,576,578,อีดอร์,npc,male,idore,assets/triangle-strategy/approved_voice_references/idore.wav,ข้าถึงต้องส่งไมโลไปจับตาดูพวกเขาไง,,,PENDING_MANUAL_GENERATION,,triangle-strategy
569,MS15_X30_C0_0010_M_IDO_0050.wav,MS15_X30_C0_0010_M_IDO_0050,577,577,577,579,อีดอร์,npc,male,idore,assets/triangle-strategy/approved_voice_references/idore.wav,รับรองว่าเรารู้ทันแผนพวกนั้นแน่นอน,,,PENDING_MANUAL_GENERATION,,triangle-strategy
570,MS15_X30_C0_0010_M_IDO_0060.wav,MS15_X30_C0_0010_M_IDO_0060,578,578,578,580,อีดอร์,npc,male,idore,assets/triangle-strategy/approved_voice_references/idore.wav,"ไมโล ""คนนี้"" มันทำไมเหรอ? ทรยศเมื่อไหร่...เดี๋ยวก็โดนเทพธิดาลงโทษอยู่ดีนั่นแหละ",,,PENDING_MANUAL_GENERATION,,triangle-strategy
571,MS15_X30_C0_0010_M_IDO_0070.wav,MS15_X30_C0_0010_M_IDO_0070,579,579,579,581,อีดอร์,npc,male,idore,assets/triangle-strategy/approved_voice_references/idore.wav,ถูกต้อง ขอให้เราอย่าได้พบเจอเรื่องเช่นนั้นอีกเลย,,,PENDING_MANUAL_GENERATION,,triangle-strategy
572,MS15_X30_RESEARCH_01_AFTER_F_ANA_0010.wav,MS15_X30_RESEARCH_01_AFTER_F_ANA_0010,580,580,580,582,Anna,main,female,anna,assets/triangle-strategy/approved_voice_references/anna.wav,หือ!?,,,PENDING_MANUAL_GENERATION,,triangle-strategy
573,MS15_X30_RESEARCH_01_AFTER_F_M239_0010.wav,MS15_X30_RESEARCH_01_AFTER_F_M239_0010,581,581,581,583,หญิงชาวเมือง/ผู้ติดตาม,generic,female,FEMALE_ADULT_A,assets/triangle-strategy/approved_voice_references/FEMALE_ADULT_A.wav,ลอร์ดซีมอนยังมีชีวิตอยู่!,,,PENDING_MANUAL_GENERATION,,triangle-strategy
574,MS15_X30_RESEARCH_01_AFTER_M_BND_0010.wav,MS15_X30_RESEARCH_01_AFTER_M_BND_0010,582,582,582,584,Benedict,main,male,benedict,assets/triangle-strategy/approved_voice_references/benedict.wav,แอนนา!,,,PENDING_MANUAL_GENERATION,,triangle-strategy
575,MS15_X30_RESEARCH_01_AFTER_M_BND_0020.wav,MS15_X30_RESEARCH_01_AFTER_M_BND_0020,583,583,583,585,Benedict,main,male,benedict,assets/triangle-strategy/approved_voice_references/benedict.wav,มือลอบสังหาร!,,,PENDING_MANUAL_GENERATION,,triangle-strategy
576,MS15_X30_RESEARCH_01_AFTER_M_M240_0010.wav,MS15_X30_RESEARCH_01_AFTER_M_M240_0010,584,584,584,586,ชายชาวเมือง/ทหาร/ผู้ติดตาม,generic,male,MALE_ADULT_C,assets/triangle-strategy/approved_voice_references/MALE_ADULT_C.wav,ไม่เจอหน้าเขาตั้งนาน ยังดูแข็งแรงอยู่เลย ขอบคุณสวรรค์!,,,PENDING_MANUAL_GENERATION,,triangle-strategy
577,MS15_X30_RESEARCH_01_AFTER_M_SEL_0010.wav,MS15_X30_RESEARCH_01_AFTER_M_SEL_0010,585,585,585,587,Serenoa,main,male,serenoa,assets/triangle-strategy/approved_voice_references/serenoa.wav,จับมือพยุงไว้นะขอรับ,,,PENDING_MANUAL_GENERATION,,triangle-strategy
578,MS15_X30_RESEARCH_01_AFTER_M_SEL_0020.wav,MS15_X30_RESEARCH_01_AFTER_M_SEL_0020,586,586,586,588,Serenoa,main,male,serenoa,assets/triangle-strategy/approved_voice_references/serenoa.wav,ยินดีมากๆ ขอรับท่านพ่อ,,,PENDING_MANUAL_GENERATION,,triangle-strategy
579,MS15_X30_RESEARCH_01_AFTER_M_SEL_0030.wav,MS15_X30_RESEARCH_01_AFTER_M_SEL_0030,587,587,587,589,Serenoa,main,male,serenoa,assets/triangle-strategy/approved_voice_references/serenoa.wav,ท่านพ่อ!,,,PENDING_MANUAL_GENERATION,,triangle-strategy
580,MS15_X30_RESEARCH_01_AFTER_M_SMN_0010.wav,MS15_X30_RESEARCH_01_AFTER_M_SMN_0010,588,588,588,590,Symon,npc,male,symon,assets/triangle-strategy/approved_voice_references/symon.wav,พ่อเดินไหว ลูกรัก... ไม่ได้รู้สึกดีเท่านี้มาตั้งนานแล้ว,,,PENDING_MANUAL_GENERATION,,triangle-strategy
581,MS15_X30_RESEARCH_01_AFTER_M_SMN_0020.wav,MS15_X30_RESEARCH_01_AFTER_M_SMN_0020,589,589,589,591,Symon,npc,male,symon,assets/triangle-strategy/approved_voice_references/symon.wav,เย็นนี้ช่วยอยู่เป็นเพื่อนพ่อหน่อยนะ อยากฟังวีรกรรมลูกชายใจจะขาด,,,PENDING_MANUAL_GENERATION,,triangle-strategy
582,MS15_X30_RESEARCH_01_AFTER_M_SMN_0030.wav,MS15_X30_RESEARCH_01_AFTER_M_SMN_0030,590,590,590,592,Symon,npc,male,symon,assets/triangle-strategy/approved_voice_references/symon.wav,ขอบคุณพวกท่านทุกคน ที่มาร่วมฉลองชัยชนะของเราในครั้งนี้ด้วย,,,PENDING_MANUAL_GENERATION,,triangle-strategy
583,MS15_X30_RESEARCH_01_AFTER_M_SMN_0040.wav,MS15_X30_RESEARCH_01_AFTER_M_SMN_0040,591,591,591,593,Symon,npc,male,symon,assets/triangle-strategy/approved_voice_references/symon.wav,ลูกชายข้าและสหายของเขา คือผู้กอบกู้อาณาจักรเกลนบรู๊ค!,,,PENDING_MANUAL_GENERATION,,triangle-strategy
584,MS15_X30_RESEARCH_01_AFTER_M_SMN_0050.wav,MS15_X30_RESEARCH_01_AFTER_M_SMN_0050,592,592,592,594,Symon,npc,male,symon,assets/triangle-strategy/approved_voice_references/symon.wav,โล่งใจจริงๆ ที่ได้เห็นลูกตัวเองเติบโตเป็นคนมีความสามารถ คู่ควรกับบัลลังก์,,,PENDING_MANUAL_GENERATION,,triangle-strategy
585,MS15_X30_RESEARCH_01_AFTER_M_SMN_0060.wav,MS15_X30_RESEARCH_01_AFTER_M_SMN_0060,593,593,593,595,Symon,npc,male,symon,assets/triangle-strategy/approved_voice_references/symon.wav,ไม่เคยภูมิใจขนาดนี้มาก่อนเลย,,,PENDING_MANUAL_GENERATION,,triangle-strategy
586,MS15_X30_RESEARCH_01_AFTER_M_SMN_0070.wav,MS15_X30_RESEARCH_01_AFTER_M_SMN_0070,594,594,594,596,Symon,npc,male,symon,assets/triangle-strategy/approved_voice_references/symon.wav,ขออนุญาตดื่มฉลองให้ลูกชาย ความภูมิใจของข้า และ-,,,PENDING_MANUAL_GENERATION,,triangle-strategy
587,MS15_X30_RESEARCH_01_AFTER_M_SMN_0080.wav,MS15_X30_RESEARCH_01_AFTER_M_SMN_0080,595,595,595,597,Symon,npc,male,symon,assets/triangle-strategy/approved_voice_references/symon.wav,อ้าก!,,,PENDING_MANUAL_GENERATION,,triangle-strategy
588,MS15_X30_RESEARCH_01_BEFORE_F_MIR_0010.wav,MS15_X30_RESEARCH_01_BEFORE_F_MIR_0010,596,596,596,598,ไมโล,npc,female,milo,assets/triangle-strategy/approved_voice_references/milo.wav,ลอร์ดเซเรโนอา...ขอบคุณที่เชิญมานะเจ้าคะ เอ๊ะ หรือต้องเรียกว่าวีรบุรุษเกลนบรู๊คดีล่ะ?,,,PENDING_MANUAL_GENERATION,,triangle-strategy
589,MS15_X30_RESEARCH_01_BEFORE_F_MIR_0020.wav,MS15_X30_RESEARCH_01_BEFORE_F_MIR_0020,597,597,597,599,ไมโล,npc,female,milo,assets/triangle-strategy/approved_voice_references/milo.wav,ขอปฏิเสธเจ้าค่ะ วีรกรรมของท่านมันฟ้อง,,,PENDING_MANUAL_GENERATION,,triangle-strategy
590,MS15_X30_RESEARCH_01_BEFORE_F_MIR_0030.wav,MS15_X30_RESEARCH_01_BEFORE_F_MIR_0030,598,598,598,600,ไมโล,npc,female,milo,assets/triangle-strategy/approved_voice_references/milo.wav,ผู้แข็งแกร่งเช่นท่าน มีเสน่ห์ดึงดูดคนอย่างข้า,,,PENDING_MANUAL_GENERATION,,triangle-strategy
591,MS15_X30_RESEARCH_01_BEFORE_F_MIR_0040.wav,MS15_X30_RESEARCH_01_BEFORE_F_MIR_0040,599,599,599,601,ไมโล,npc,female,milo,assets/triangle-strategy/approved_voice_references/milo.wav,ข้าขอร่วมเดินไปกับท่าน จะยามนี้หรือยามไหนข้าก็ไม่หวั่น,,,PENDING_MANUAL_GENERATION,,triangle-strategy
592,MS15_X30_RESEARCH_01_BEFORE_M_BND_0010.wav,MS15_X30_RESEARCH_01_BEFORE_M_BND_0010,600,600,600,602,Benedict,main,male,benedict,assets/triangle-strategy/approved_voice_references/benedict.wav,ระวังตัวด้วยนะขอรับ ทุกคนต่างเข้าหาท่านเพราะผลประโยชน์ทั้งนั้น,,,PENDING_MANUAL_GENERATION,,triangle-strategy
593,MS15_X30_RESEARCH_01_BEFORE_M_BND_0030.wav,MS15_X30_RESEARCH_01_BEFORE_M_BND_0030,602,602,602,604,Benedict,main,male,benedict,assets/triangle-strategy/approved_voice_references/benedict.wav,ก็จริง แต่มันน่าใจหายอย่างบอกไม่ถูกเลยล่ะ,,,PENDING_MANUAL_GENERATION,,triangle-strategy
594,MS15_X30_RESEARCH_01_BEFORE_M_ELA_0010.wav,MS15_X30_RESEARCH_01_BEFORE_M_ELA_0010,603,603,603,605,Erador,main,male,erador,assets/triangle-strategy/approved_voice_references/erador.wav,ได้เห็นพวกเขาเติบโตแล้วมันชื่นใจจริงๆ เลยนะ ว่าไหมเบเนดิกต์?,,,PENDING_MANUAL_GENERATION,,triangle-strategy
595,MS15_X30_RESEARCH_01_BEFORE_M_ELA_0020.wav,MS15_X30_RESEARCH_01_BEFORE_M_ELA_0020,604,604,604,606,Erador,main,male,erador,assets/triangle-strategy/approved_voice_references/erador.wav,อืม ก็ความเป็นพ่อของเจ้านี่นะ,,,PENDING_MANUAL_GENERATION,,triangle-strategy
596,MS15_X30_RESEARCH_01_BEFORE_M_SEL_0010.wav,MS15_X30_RESEARCH_01_BEFORE_M_SEL_0010,605,605,605,607,Serenoa,main,male,serenoa,assets/triangle-strategy/approved_voice_references/serenoa.wav,คนมางานกันเยอะอยู่นะ,,,PENDING_MANUAL_GENERATION,,triangle-strategy
597,MS15_X30_RESEARCH_01_BEFORE_M_SEL_0020.wav,MS15_X30_RESEARCH_01_BEFORE_M_SEL_0020,606,606,606,608,Serenoa,main,male,serenoa,assets/triangle-strategy/approved_voice_references/serenoa.wav,ไม่จำเป็นหรอก พวกเขาทั้งหมดล้วนเป็นคนดีที่ท่านพ่อคัดมาให้ช่วยเหลือข้าขอรับ,,,PENDING_MANUAL_GENERATION,,triangle-strategy
598,MS15_X30_RESEARCH_01_BEFORE_M_SEL_0030.wav,MS15_X30_RESEARCH_01_BEFORE_M_SEL_0030,607,607,607,609,Serenoa,main,male,serenoa,assets/triangle-strategy/approved_voice_references/serenoa.wav,ยังไงก็เถอะ อย่าปล่อยให้พวกเขาต้องคอยนานเลย,,,PENDING_MANUAL_GENERATION,,triangle-strategy
599,MS15_X30_RESEARCH_01_BEFORE_M_SEL_0040.wav,MS15_X30_RESEARCH_01_BEFORE_M_SEL_0040,608,608,608,610,Serenoa,main,male,serenoa,assets/triangle-strategy/approved_voice_references/serenoa.wav,อย่าเลย เจ้าก็พูดเกินไป,,,PENDING_MANUAL_GENERATION,,triangle-strategy
600,MS15_X30_RESEARCH_01_BEFORE_M_SEL_0060.wav,MS15_X30_RESEARCH_01_BEFORE_M_SEL_0060,610,610,610,612,Serenoa,main,male,serenoa,assets/triangle-strategy/approved_voice_references/serenoa.wav,ข้าขอเก็บไปคิดอีกทีก็แล้วกัน,,,PENDING_MANUAL_GENERATION,,triangle-strategy
601,MS15_X30_WD_0010_N_NNN_0010.wav,MS15_X30_WD_0010_N_NNN_0010,611,611,611,613,Narrator,narrator,female,narrator,assets/triangle-strategy/approved_voice_references/narrator.wav,เมื่อนครหลวงอยู่ภายใต้การควบคุมอีกครั้ง เหล่าวูล์ฟฟอร์ตจึงแยกย้ายกันไปที่เขตต่างๆในแคว้นของตน,,,PENDING_MANUAL_GENERATION,,triangle-strategy
602,MS15_X30_WD_0010_N_NNN_0020.wav,MS15_X30_WD_0010_N_NNN_0020,612,612,612,614,Narrator,narrator,female,narrator,assets/triangle-strategy/approved_voice_references/narrator.wav,โรแลนด์ลงมือสืบสวน เพื่อกำจัดศัตรูทางการเมืองในนครหลวง,,,PENDING_MANUAL_GENERATION,,triangle-strategy
603,MS15_X30_WD_0010_N_NNN_0030.wav,MS15_X30_WD_0010_N_NNN_0030,613,613,613,615,Narrator,narrator,female,narrator,assets/triangle-strategy/approved_voice_references/narrator.wav,เฟรเดอริก้า มุ่งหน้าสู่หมู่บ้านโรเซลล์,,,PENDING_MANUAL_GENERATION,,triangle-strategy
604,MS15_X30_WD_0010_N_NNN_0040.wav,MS15_X30_WD_0010_N_NNN_0040,614,614,614,616,Narrator,narrator,female,narrator,assets/triangle-strategy/approved_voice_references/narrator.wav,ส่วนเซเรโนอา เบเนดิกต์ และสหายคนอื่นๆ มุ่งหน้าคว้าชัยกลับสู่ปราสาทวูล์ฟฟอร์ต โดยมีลอร์ดซีมอนที่รอคอยการกลับมาถึงของพวกเขา,,,PENDING_MANUAL_GENERATION,,triangle-strategy
605,MS15_X31_A0_0010_F_M244_0010.wav,MS15_X31_A0_0010_F_M244_0010,615,615,615,617,หญิงชาวเมือง/ผู้ติดตาม,generic,female,FEMALE_YOUNG_A,assets/triangle-strategy/approved_voice_references/FEMALE_YOUNG_A.wav,แต่พวกเราทานเสบียงเข้าไปแล้วนะขอรับ... ลูกของเราไม่มีจะกินแล้ว,,,PENDING_MANUAL_GENERATION,,triangle-strategy
606,MS15_X31_A0_0010_F_M244_0020.wav,MS15_X31_A0_0010_F_M244_0020,616,616,616,618,หญิงชาวเมือง/ผู้ติดตาม,generic,female,FEMALE_YOUNG_A,assets/triangle-strategy/approved_voice_references/FEMALE_YOUNG_A.wav,เดี๋ยวก่อนสิ!,,,PENDING_MANUAL_GENERATION,,triangle-strategy
607,MS15_X31_A0_0010_F_M244_0030.wav,MS15_X31_A0_0010_F_M244_0030,617,617,617,619,หญิงชาวเมือง/ผู้ติดตาม,generic,female,FEMALE_YOUNG_A,assets/triangle-strategy/approved_voice_references/FEMALE_YOUNG_A.wav,ขุนนางกับกษัตริย์มันไร้ประโยชน์ทั้งคู่เลย!,,,PENDING_MANUAL_GENERATION,,triangle-strategy
608,MS15_X31_A0_0010_F_M244_0040.wav,MS15_X31_A0_0010_F_M244_0040,618,618,618,620,หญิงชาวเมือง/ผู้ติดตาม,generic,female,FEMALE_YOUNG_A,assets/triangle-strategy/approved_voice_references/FEMALE_YOUNG_A.wav,ตอนที่พวกเอสฟรอสต์รุกราน ท่านก็เอาแต่นิ่งเฉยไม่แยแสอะไรทั้งนั้นเลยนี่!,,,PENDING_MANUAL_GENERATION,,triangle-strategy
609,MS15_X31_A0_0010_F_M244_0050.wav,MS15_X31_A0_0010_F_M244_0050,619,619,619,621,หญิงชาวเมือง/ผู้ติดตาม,generic,female,FEMALE_YOUNG_A,assets/triangle-strategy/approved_voice_references/FEMALE_YOUNG_A.wav,อ้ากกก!,,,PENDING_MANUAL_GENERATION,,triangle-strategy
610,MS15_X31_A0_0010_F_M245_0010.wav,MS15_X31_A0_0010_F_M245_0010,620,620,620,622,เด็กหญิง,generic,female,FEMALE_CHILD_A,assets/triangle-strategy/approved_voice_references/FEMALE_CHILD_A.wav,พะ-พวกเราขอโทษเจ้าค่ะ!,,,PENDING_MANUAL_GENERATION,,triangle-strategy
611,MS15_X31_A0_0010_F_M245_0020.wav,MS15_X31_A0_0010_F_M245_0020,621,621,621,623,เด็กหญิง,generic,female,FEMALE_CHILD_A,assets/triangle-strategy/approved_voice_references/FEMALE_CHILD_A.wav,ท่านแม่! ท่านพ่อ!,,,PENDING_MANUAL_GENERATION,,triangle-strategy
612,MS15_X31_A0_0010_F_M245_0030.wav,MS15_X31_A0_0010_F_M245_0030,622,622,622,624,เด็กหญิง,generic,female,FEMALE_CHILD_A,assets/triangle-strategy/approved_voice_references/FEMALE_CHILD_A.wav,ท่านแม่ ไม่นะ!,,,PENDING_MANUAL_GENERATION,,triangle-strategy
613,MS15_X31_A0_0010_M_M243_0010.wav,MS15_X31_A0_0010_M_M243_0010,623,623,623,625,ชายชาวเมือง/ทหาร/ผู้ติดตาม,generic,male,MALE_ADULT_B,assets/triangle-strategy/approved_voice_references/MALE_ADULT_B.wav,ท่านจะพรากเสบียงอันน้อยนิดที่ฝ่าบาททรงมอบให้ไปจากพวกเราทำไม? ไม่รู้สึกแย่กันบ้างเหรอ!?,,,PENDING_MANUAL_GENERATION,,triangle-strategy
614,MS15_X31_A0_0010_M_M243_0020.wav,MS15_X31_A0_0010_M_M243_0020,624,624,624,626,ชายชาวเมือง/ทหาร/ผู้ติดตาม,generic,male,MALE_ADULT_B,assets/triangle-strategy/approved_voice_references/MALE_ADULT_B.wav,เขาพูดถูก ตระกูลวูล์ฟฟอร์ตเป็นผู้จัดสรรเสบียงมาให้ต่างหาก,,,PENDING_MANUAL_GENERATION,,triangle-strategy
615,MS15_X31_A0_0010_M_M243_0030.wav,MS15_X31_A0_0010_M_M243_0030,625,625,625,627,ชายชาวเมือง/ทหาร/ผู้ติดตาม,generic,male,MALE_ADULT_B,assets/triangle-strategy/approved_voice_references/MALE_ADULT_B.wav,ท่านไม่มีสิทธิมาแสดงความเป็นเจ้าของหรอกนะ!,,,PENDING_MANUAL_GENERATION,,triangle-strategy
616,MS15_X31_A0_0010_M_M243_0040.wav,MS15_X31_A0_0010_M_M243_0040,626,626,626,628,ชายชาวเมือง/ทหาร/ผู้ติดตาม,generic,male,MALE_ADULT_B,assets/triangle-strategy/approved_voice_references/MALE_ADULT_B.wav,ต้องขอบคุณท่านลอร์ดมากเลยนะ ที่ทำให้ขุนนางหนักแผ่นดินเช่นท่านมีอาณาจักรไว้กดขี่พวกเราเช่นนี้!,,,PENDING_MANUAL_GENERATION,,triangle-strategy
617,MS15_X31_A0_0010_M_M243_0050.wav,MS15_X31_A0_0010_M_M243_0050,627,627,627,629,ชายชาวเมือง/ทหาร/ผู้ติดตาม,generic,male,MALE_ADULT_B,assets/triangle-strategy/approved_voice_references/MALE_ADULT_B.wav,นางพูดถูก ที่แย่ไปกว่านั้นคือพวกท่านรีบเข้าไปเลียแข้งเลียขากุสตาดอล์ฟด้วยซ้ำ!,,,PENDING_MANUAL_GENERATION,,triangle-strategy
618,MS15_X31_A0_0010_M_M243_0060.wav,MS15_X31_A0_0010_M_M243_0060,628,628,628,630,ชายชาวเมือง/ทหาร/ผู้ติดตาม,generic,male,MALE_ADULT_B,assets/triangle-strategy/approved_voice_references/MALE_ADULT_B.wav,แล้วท่านยังมีหน้ามากล่าวหาเราว่าเป็นพวกล้มเจ้าอีกเหรอ!? ช้างตายทั้งตัวเอาใบบัวมาปิดไม่มิดหรอกนะ!,,,PENDING_MANUAL_GENERATION,,triangle-strategy
619,MS15_X31_A0_0010_M_M243_0070.wav,MS15_X31_A0_0010_M_M243_0070,629,629,629,631,ชายชาวเมือง/ทหาร/ผู้ติดตาม,generic,male,MALE_ADULT_B,assets/triangle-strategy/approved_voice_references/MALE_ADULT_B.wav,ข้ายอมก้มหัวให้เอสฟรอสต์ ดีกว่าต้องอาศัยอยู่กับคนหนักแผ่นดินเช่นนี้,,,PENDING_MANUAL_GENERATION,,triangle-strategy
620,MS15_X31_A0_0010_M_M243_0080.wav,MS15_X31_A0_0010_M_M243_0080,630,630,630,632,ชายชาวเมือง/ทหาร/ผู้ติดตาม,generic,male,MALE_ADULT_B,assets/triangle-strategy/approved_voice_references/MALE_ADULT_B.wav,โอย!,,,PENDING_MANUAL_GENERATION,,triangle-strategy
621,MS15_X31_A0_0010_M_M246_0010.wav,MS15_X31_A0_0010_M_M246_0010,631,631,631,633,เด็กชาย,generic,male,MALE_CHILD_A,assets/triangle-strategy/approved_voice_references/MALE_CHILD_A.wav,อย่าไปขอโทษพวกมัน! ไอ้พวกขุนนางสถุน!,,,PENDING_MANUAL_GENERATION,,triangle-strategy
622,MS15_X31_A0_0010_M_M246_0020.wav,MS15_X31_A0_0010_M_M246_0020,632,632,632,634,เด็กชาย,generic,male,MALE_CHILD_A,assets/triangle-strategy/approved_voice_references/MALE_CHILD_A.wav,พวกท่านมิสิทธิอะไร ในเมื่อไม่ได้เป็นคนมอบเสบียงให้เราตั้งแต่แรก! เสบียงนี่ของไฮแซนต์ต่างหาก!,,,PENDING_MANUAL_GENERATION,,triangle-strategy
623,MS15_X31_A0_0010_M_M246_0030.wav,MS15_X31_A0_0010_M_M246_0030,633,633,633,635,เด็กชาย,generic,male,MALE_CHILD_A,assets/triangle-strategy/approved_voice_references/MALE_CHILD_A.wav,อย่านะ!,,,PENDING_MANUAL_GENERATION,,triangle-strategy
624,MS15_X31_A0_0010_M_M246_0040.wav,MS15_X31_A0_0010_M_M246_0040,634,634,634,636,เด็กชาย,generic,male,MALE_CHILD_A,assets/triangle-strategy/approved_voice_references/MALE_CHILD_A.wav,อย่าตายนะ! ท่านแม่! ท่านพ่อ!,,,PENDING_MANUAL_GENERATION,,triangle-strategy
625,MS15_X31_A0_0010_M_M247_0010.wav,MS15_X31_A0_0010_M_M247_0010,635,635,635,637,ชายชาวเมือง/ทหาร/ผู้ติดตาม,generic,male,MALE_ADULT_B,assets/triangle-strategy/approved_voice_references/MALE_ADULT_B.wav,"ไอ้สารเลว! เป็น ""ขุนนาง"" ประสาอะไรวะ!",,,PENDING_MANUAL_GENERATION,,triangle-strategy
626,MS15_X31_A0_0010_M_M247_0020.wav,MS15_X31_A0_0010_M_M247_0020,636,636,636,638,ชายชาวเมือง/ทหาร/ผู้ติดตาม,generic,male,MALE_ADULT_B,assets/triangle-strategy/approved_voice_references/MALE_ADULT_B.wav,ลอร์ดวูล์ฟฟอร์ตนี่น่า!,,,PENDING_MANUAL_GENERATION,,triangle-strategy
627,MS15_X31_A0_0010_M_M248_0010.wav,MS15_X31_A0_0010_M_M248_0010,637,637,637,639,ชายชาวเมือง/ทหาร/ผู้ติดตาม,generic,male,MALE_ADULT_C,assets/triangle-strategy/approved_voice_references/MALE_ADULT_C.wav,พวกเราเจ็บมาเยอะแล้ว! ถึงเวลาที่เราต้องลุกขึ้นสู้เพื่อตัวเองบ้าง!,,,PENDING_MANUAL_GENERATION,,triangle-strategy
628,MS15_X31_A0_0010_M_PTR_0010.wav,MS15_X31_A0_0010_M_PTR_0010,638,638,638,640,พาทริเอ็ทท์,npc,male,patriatte,assets/triangle-strategy/approved_voice_references/patriatte.wav,ระวังปากของเจ้าหน่อยนะ ฝ่าบาททรงมอบหมายให้ตระกูลคอนซาร์ดูแลบ้านเมืองเป็นประจำทุกวัน ลำดับความสำคัญของพวกเรามันเปลี่ยนไปแล้ว,,,PENDING_MANUAL_GENERATION,,triangle-strategy
629,MS15_X31_A0_0010_M_PTR_0020.wav,MS15_X31_A0_0010_M_PTR_0020,639,639,639,641,พาทริเอ็ทท์,npc,male,patriatte,assets/triangle-strategy/approved_voice_references/patriatte.wav,เสบียงเหล่านี้ถูกจัดส่งโดยขาดการทะนุถนอม เราจึงมาเก็บเสบียงเพื่อจัดส่งใหม่อีกครั้งตามบัญชาของฝ่าบาท,,,PENDING_MANUAL_GENERATION,,triangle-strategy
630,MS15_X31_A0_0010_M_PTR_0030.wav,MS15_X31_A0_0010_M_PTR_0030,640,640,640,642,พาทริเอ็ทท์,npc,male,patriatte,assets/triangle-strategy/approved_voice_references/patriatte.wav,น้อมรับคำสารภาพ ขโมยของหลวงแบบนี้คงต้องจับไปขังซะแล้ว,,,PENDING_MANUAL_GENERATION,,triangle-strategy
631,MS15_X31_A0_0010_M_PTR_0040.wav,MS15_X31_A0_0010_M_PTR_0040,641,641,641,643,พาทริเอ็ทท์,npc,male,patriatte,assets/triangle-strategy/approved_voice_references/patriatte.wav,ไอ้พวกสามัญชนน่าสมเพช! แหกตาดูพวกมันก่อนเถอะ ต้นตอความเดือดร้อนพวกเจ้าชัดๆ!,,,PENDING_MANUAL_GENERATION,,triangle-strategy
632,MS15_X31_A0_0010_M_PTR_0050.wav,MS15_X31_A0_0010_M_PTR_0050,642,642,642,644,พาทริเอ็ทท์,npc,male,patriatte,assets/triangle-strategy/approved_voice_references/patriatte.wav,หนอย!,,,PENDING_MANUAL_GENERATION,,triangle-strategy
633,MS15_X31_A0_0010_M_PTR_0060.wav,MS15_X31_A0_0010_M_PTR_0060,643,643,643,645,พาทริเอ็ทท์,npc,male,patriatte,assets/triangle-strategy/approved_voice_references/patriatte.wav,ยักยอกของหลวงคงยังไม่พอ... อยากจะมีคดีก่อกบฎติดตัวด้วยสินะ เจ้าได้เจอดีแน่,,,PENDING_MANUAL_GENERATION,,triangle-strategy
634,MS15_X31_A0_0010_M_PTR_0070.wav,MS15_X31_A0_0010_M_PTR_0070,644,644,644,646,พาทริเอ็ทท์,npc,male,patriatte,assets/triangle-strategy/approved_voice_references/patriatte.wav,ฆ่ากบฎพวกนี้ทิ้งซะให้หมด!,,,PENDING_MANUAL_GENERATION,,triangle-strategy
635,MS15_X31_A0_0010_M_PTR_0080.wav,MS15_X31_A0_0010_M_PTR_0080,645,645,645,647,พาทริเอ็ทท์,npc,male,patriatte,assets/triangle-strategy/approved_voice_references/patriatte.wav,พวกมันไม่ใช่ประชาชนของเรา ไอ้พวกนี้มันเป็นกบฎล้มเจ้าขอรับ!,,,PENDING_MANUAL_GENERATION,,triangle-strategy
636,MS15_X31_A0_0010_M_PTR_0090.wav,MS15_X31_A0_0010_M_PTR_0090,646,646,646,648,พาทริเอ็ทท์,npc,male,patriatte,assets/triangle-strategy/approved_voice_references/patriatte.wav,ยังมีประชาชนบางส่วนที่สนับสนุนเอสฟรอสต์ ข้าต้องย้ำเตือนให้พวกมันเห็นความสำคัญถึงสถาบันกษัตริย์,,,PENDING_MANUAL_GENERATION,,triangle-strategy
637,MS15_X31_A0_0010_M_PTR_0100.wav,MS15_X31_A0_0010_M_PTR_0100,647,647,647,649,พาทริเอ็ทท์,npc,male,patriatte,assets/triangle-strategy/approved_voice_references/patriatte.wav,ข้าจะไม่ยอมให้บัลลังก์นี้ถูกแย่งชิงไปอีก,,,PENDING_MANUAL_GENERATION,,triangle-strategy
638,MS15_X31_A0_0010_M_RLN_0010.wav,MS15_X31_A0_0010_M_RLN_0010,648,648,648,650,Roland,main,male,roland,assets/triangle-strategy/approved_voice_references/roland.wav,หยุดเดี๋ยวนี้เลยนะ พาทริเอ็ทท์!,,,PENDING_MANUAL_GENERATION,,triangle-strategy
639,MS15_X31_A0_0010_M_RLN_0020.wav,MS15_X31_A0_0010_M_RLN_0020,649,649,649,651,Roland,main,male,roland,assets/triangle-strategy/approved_voice_references/roland.wav,เจ้าทำร้ายประชาชนทำไม? ตอบมาเดี๋ยวนี้!,,,PENDING_MANUAL_GENERATION,,triangle-strategy
640,MS15_X31_A0_0010_M_RLN_0030.wav,MS15_X31_A0_0010_M_RLN_0030,650,650,650,652,Roland,main,male,roland,assets/triangle-strategy/approved_voice_references/roland.wav,เจ้าเลยถือโอกาสฆ่าพวกเขางั้นเหรอ!?,,,PENDING_MANUAL_GENERATION,,triangle-strategy
641,MS15_X31_A0_0010_M_SEL_0010.wav,MS15_X31_A0_0010_M_SEL_0010,652,652,652,654,Serenoa,main,male,serenoa,assets/triangle-strategy/approved_voice_references/serenoa.wav,คิดจะทำอะไรของท่านเนี่ย!?,,,PENDING_MANUAL_GENERATION,,triangle-strategy
642,MS15_X31_A0_0010_M_SEL_0020.wav,MS15_X31_A0_0010_M_SEL_0020,653,653,653,655,Serenoa,main,male,serenoa,assets/triangle-strategy/approved_voice_references/serenoa.wav,ใจเย็นก่อน ข้าขอล่ะ!,,,PENDING_MANUAL_GENERATION,,triangle-strategy
643,MS15_X31_A0_0020_F_CRD_0010.wav,MS15_X31_A0_0020_F_CRD_0010,654,654,654,656,Cordelia,npc,female,cordelia,assets/triangle-strategy/approved_voice_references/cordelia.wav,ไม่นะ...,,,PENDING_MANUAL_GENERATION,,triangle-strategy
644,MS15_X31_A0_0020_F_CRD_0020.wav,MS15_X31_A0_0020_F_CRD_0020,655,655,655,657,Cordelia,npc,female,cordelia,assets/triangle-strategy/approved_voice_references/cordelia.wav,มันไม่ใช่ความผิดของเจ้าเลยนะ,,,PENDING_MANUAL_GENERATION,,triangle-strategy
645,MS15_X31_A0_0020_F_HEW_0010.wav,MS15_X31_A0_0020_F_HEW_0010,656,656,656,658,Hughette,main,female,hughette,assets/triangle-strategy/approved_voice_references/hughette.wav,ทำอะไรของเจ้าเนี่ย!?,,,PENDING_MANUAL_GENERATION,,triangle-strategy
646,MS15_X31_A0_0020_F_M259_0020.wav,MS15_X31_A0_0020_F_M259_0020,658,658,658,660,เด็กหญิง,generic,female,FEMALE_CHILD_A,assets/triangle-strategy/approved_voice_references/FEMALE_CHILD_A.wav,*สะอื้น*,,,PENDING_MANUAL_GENERATION,,triangle-strategy
647,MS15_X31_A0_0020_F_M259_0030.wav,MS15_X31_A0_0020_F_M259_0030,659,659,659,661,เด็กหญิง,generic,female,FEMALE_CHILD_A,assets/triangle-strategy/approved_voice_references/FEMALE_CHILD_A.wav,ย้ากกกกก!,,,PENDING_MANUAL_GENERATION,,triangle-strategy
648,MS15_X31_A0_0020_F_M259_0040.wav,MS15_X31_A0_0020_F_M259_0040,660,660,660,662,เด็กหญิง,generic,female,FEMALE_CHILD_A,assets/triangle-strategy/approved_voice_references/FEMALE_CHILD_A.wav,*สะอื้น* ท่าน...ทำแบบนั้นทำไม?,,,PENDING_MANUAL_GENERATION,,triangle-strategy
649,MS15_X31_A0_0020_F_M259_0050.wav,MS15_X31_A0_0020_F_M259_0050,661,661,661,663,เด็กหญิง,generic,female,FEMALE_CHILD_A,assets/triangle-strategy/approved_voice_references/FEMALE_CHILD_A.wav,*ร้องไห้*,,,PENDING_MANUAL_GENERATION,,triangle-strategy
650,MS15_X31_A0_0020_F_M259_0060.wav,MS15_X31_A0_0020_F_M259_0060,662,662,662,664,เด็กหญิง,generic,female,FEMALE_CHILD_A,assets/triangle-strategy/approved_voice_references/FEMALE_CHILD_A.wav,อย่ามาโกหก! ท่านเป็นคนสั่งให้พวกเขาทำใช่ไหมล่ะ!? ท่านฆ่าพ่อแม่ของเรา!,,,PENDING_MANUAL_GENERATION,,triangle-strategy
651,MS15_X31_A0_0020_F_M259_0070.wav,MS15_X31_A0_0020_F_M259_0070,663,663,663,665,เด็กหญิง,generic,female,FEMALE_CHILD_A,assets/triangle-strategy/approved_voice_references/FEMALE_CHILD_A.wav,ความผิดท่านทั้งนั้น! ท่านไม่ควรกลับมาเลย!,,,PENDING_MANUAL_GENERATION,,triangle-strategy
652,MS15_X31_A0_0020_F_M259_0080.wav,MS15_X31_A0_0020_F_M259_0080,664,664,664,666,เด็กหญิง,generic,female,FEMALE_CHILD_A,assets/triangle-strategy/approved_voice_references/FEMALE_CHILD_A.wav,อย่างน้อยก็ช่วยบอกข้าทีเถอะ...,,,PENDING_MANUAL_GENERATION,,triangle-strategy
653,MS15_X31_A0_0020_F_M259_0090.wav,MS15_X31_A0_0020_F_M259_0090,665,665,665,667,เด็กหญิง,generic,female,FEMALE_CHILD_A,assets/triangle-strategy/approved_voice_references/FEMALE_CHILD_A.wav,ทำไมพ่อแม่ข้าต้องตายด้วย...,,,PENDING_MANUAL_GENERATION,,triangle-strategy
654,MS15_X31_A0_0020_M_M260_0010.wav,MS15_X31_A0_0020_M_M260_0010,666,666,666,668,ชายชาวเมือง/ทหาร/ผู้ติดตาม,generic,male,MALE_ADULT_A,assets/triangle-strategy/approved_voice_references/MALE_ADULT_A.wav,อภัยให้ข้าด้วยขอรับ!,,,PENDING_MANUAL_GENERATION,,triangle-strategy
655,MS15_X31_A0_0020_M_M260_0020.wav,MS15_X31_A0_0020_M_M260_0020,667,667,667,669,ชายชาวเมือง/ทหาร/ผู้ติดตาม,generic,male,MALE_ADULT_A,assets/triangle-strategy/approved_voice_references/MALE_ADULT_A.wav,ตั้งแต่ที่พ่อแม่ของเราจากไป...,,,PENDING_MANUAL_GENERATION,,triangle-strategy
656,MS15_X31_A0_0020_M_M260_0030.wav,MS15_X31_A0_0020_M_M260_0030,668,668,668,670,ชายชาวเมือง/ทหาร/ผู้ติดตาม,generic,male,MALE_ADULT_A,assets/triangle-strategy/approved_voice_references/MALE_ADULT_A.wav,นางไม่เป็นตัวเองเลยขอรับ,,,PENDING_MANUAL_GENERATION,,triangle-strategy
657,MS15_X31_A0_0020_M_M260_0040.wav,MS15_X31_A0_0020_M_M260_0040,669,669,669,671,ชายชาวเมือง/ทหาร/ผู้ติดตาม,generic,male,MALE_ADULT_A,assets/triangle-strategy/approved_voice_references/MALE_ADULT_A.wav,จริงๆก็มีขอรับ... แพทย์ของเราปฏิเสธการรักษา,,,PENDING_MANUAL_GENERATION,,triangle-strategy
658,MS15_X31_A0_0020_M_M260_0050.wav,MS15_X31_A0_0020_M_M260_0050,670,670,670,672,ชายชาวเมือง/ทหาร/ผู้ติดตาม,generic,male,MALE_ADULT_A,assets/triangle-strategy/approved_voice_references/MALE_ADULT_A.wav,พวกเขาดูแลเพียงทหารองครักษ์และองค์หญิงคอร์เดเลียเสมอ,,,PENDING_MANUAL_GENERATION,,triangle-strategy
659,MS15_X31_A0_0020_M_M260_0060.wav,MS15_X31_A0_0020_M_M260_0060,671,671,671,673,ชายชาวเมือง/ทหาร/ผู้ติดตาม,generic,male,MALE_ADULT_A,assets/triangle-strategy/approved_voice_references/MALE_ADULT_A.wav,พวกเรา...ห้ามเลือดตัวเองไม่ได้ด้วยซ้ำ,,,PENDING_MANUAL_GENERATION,,triangle-strategy
660,MS15_X31_A0_0020_M_M260_0070.wav,MS15_X31_A0_0020_M_M260_0070,672,672,672,674,ชายชาวเมือง/ทหาร/ผู้ติดตาม,generic,male,MALE_ADULT_A,assets/triangle-strategy/approved_voice_references/MALE_ADULT_A.wav,อภัยให้พวกเราด้วยขอรับ! พวกเราจะไม่พูดให้ร้ายกษัตริย์อีกแล้ว!,,,PENDING_MANUAL_GENERATION,,triangle-strategy
661,MS15_X31_A0_0020_M_M260_0080.wav,MS15_X31_A0_0020_M_M260_0080,673,673,673,675,ชายชาวเมือง/ทหาร/ผู้ติดตาม,generic,male,MALE_ADULT_A,assets/triangle-strategy/approved_voice_references/MALE_ADULT_A.wav,เราจะเชื่อฟังคำสั่ง หากเราสร้างเรื่องอีก ข้าจะขอรับโทษไว้เอง! แค่...,,,PENDING_MANUAL_GENERATION,,triangle-strategy
662,MS15_X31_A0_0020_M_M260_0090.wav,MS15_X31_A0_0020_M_M260_0090,674,674,674,676,ชายชาวเมือง/ทหาร/ผู้ติดตาม,generic,male,MALE_ADULT_A,assets/triangle-strategy/approved_voice_references/MALE_ADULT_A.wav,ปล่อยน้องสาวข้าไปเถอะขอรับ!,,,PENDING_MANUAL_GENERATION,,triangle-strategy
663,MS15_X31_A0_0020_M_RLN_0010.wav,MS15_X31_A0_0020_M_RLN_0010,675,675,675,677,Roland,main,male,roland,assets/triangle-strategy/approved_voice_references/roland.wav,ใช่แล้ว เจ็บหนักด้วยซ้ำ,,,PENDING_MANUAL_GENERATION,,triangle-strategy
664,MS15_X31_A0_0020_M_RLN_0020.wav,MS15_X31_A0_0020_M_RLN_0020,676,676,676,678,Roland,main,male,roland,assets/triangle-strategy/approved_voice_references/roland.wav,ข้าไม่รู้จะชดใช้เรื่องที่เกิดขึ้นยังไงดีเลย... พ่อแม่ของเจ้าเป็นยังไงบ้าง?,,,PENDING_MANUAL_GENERATION,,triangle-strategy
665,MS15_X31_A0_0020_M_RLN_0040.wav,MS15_X31_A0_0020_M_RLN_0040,678,678,678,680,Roland,main,male,roland,assets/triangle-strategy/approved_voice_references/roland.wav,อะไรกัน?,,,PENDING_MANUAL_GENERATION,,triangle-strategy
666,MS15_X31_A0_0020_M_RLN_0050.wav,MS15_X31_A0_0020_M_RLN_0050,679,679,679,681,Roland,main,male,roland,assets/triangle-strategy/approved_voice_references/roland.wav,ไม่มีใครเสียชีวิตไม่ใช่เหรอ!?,,,PENDING_MANUAL_GENERATION,,triangle-strategy
667,MS15_X31_A0_0020_M_RLN_0060.wav,MS15_X31_A0_0020_M_RLN_0060,680,680,680,682,Roland,main,male,roland,assets/triangle-strategy/approved_voice_references/roland.wav,ข้าไม่รู้เรื่องนี้เลยจริงๆ,,,PENDING_MANUAL_GENERATION,,triangle-strategy
668,MS15_X31_A0_0020_M_RLN_0070.wav,MS15_X31_A0_0020_M_RLN_0070,681,681,681,683,Roland,main,male,roland,assets/triangle-strategy/approved_voice_references/roland.wav,ไม่ใช่นะ! ข้าไม่มีวันออกคำสั่งเช่นนั้นเด็ดขาด!,,,PENDING_MANUAL_GENERATION,,triangle-strategy
669,MS15_X31_A0_0020_M_RLN_0080.wav,MS15_X31_A0_0020_M_RLN_0080,682,682,682,684,Roland,main,male,roland,assets/triangle-strategy/approved_voice_references/roland.wav,ข้าไม่รู้จะต้องทำยังไง.... คือพวกเขา-,,,PENDING_MANUAL_GENERATION,,triangle-strategy
670,MS15_X31_A0_0020_M_RLN_0090.wav,MS15_X31_A0_0020_M_RLN_0090,683,683,683,685,Roland,main,male,roland,assets/triangle-strategy/approved_voice_references/roland.wav,ถูกต้อง เจ้าไม่ได้ผิดอะไรทั้งนั้น,,,PENDING_MANUAL_GENERATION,,triangle-strategy
671,MS15_X31_A0_0020_M_RLN_0100.wav,MS15_X31_A0_0020_M_RLN_0100,684,684,684,686,Roland,main,male,roland,assets/triangle-strategy/approved_voice_references/roland.wav,ถ้าจะโทษ ก็โทษข้าเสียเถอะ,,,PENDING_MANUAL_GENERATION,,triangle-strategy
672,MS15_X31_A0_0020_M_SEL_0010.wav,MS15_X31_A0_0020_M_SEL_0010,685,685,685,687,Serenoa,main,male,serenoa,assets/triangle-strategy/approved_voice_references/serenoa.wav,นั่นเด็กที่พ่อแม่ถูกทหารของพาทริเอ็ทท์ทำร้ายไม่ใช่เหรอ?,,,PENDING_MANUAL_GENERATION,,triangle-strategy
673,MS15_X31_A0_1010_F_HEW_0010.wav,MS15_X31_A0_1010_F_HEW_0010,686,686,686,688,Hughette,main,female,hughette,assets/triangle-strategy/approved_voice_references/hughette.wav,ตอนนี้สถานการณ์คลี่คลายแล้วเจ้าค่ะ,,,PENDING_MANUAL_GENERATION,,triangle-strategy
674,MS15_X31_A0_1010_F_HEW_0020.wav,MS15_X31_A0_1010_F_HEW_0020,687,687,687,689,Hughette,main,female,hughette,assets/triangle-strategy/approved_voice_references/hughette.wav,แพทย์ของเราบอกว่า ชาวบ้านกับขุนนางได้รับบาดเจ็บสาหัสทั้งคู่,,,PENDING_MANUAL_GENERATION,,triangle-strategy
675,MS15_X31_A0_1010_F_HEW_0030.wav,MS15_X31_A0_1010_F_HEW_0030,688,688,688,690,Hughette,main,female,hughette,assets/triangle-strategy/approved_voice_references/hughette.wav,ท่านพูดเหมือนมันเป็นเรื่องเล็กเลยนะเจ้าคะ พาทริเอ็ทท์กับขุนนางของเขานั้นแข็งแกร่งด้วยเส้นสาย,,,PENDING_MANUAL_GENERATION,,triangle-strategy
676,MS15_X31_A0_1010_F_HEW_0040.wav,MS15_X31_A0_1010_F_HEW_0040,689,689,689,691,Hughette,main,female,hughette,assets/triangle-strategy/approved_voice_references/hughette.wav,พูดแล้วก็ปวดใจเหลือเกิน แต่ท่านไม่สามารถปกครองอาณาจักรได้โดยปราศจากพวกเขาเจ้าค่ะ,,,PENDING_MANUAL_GENERATION,,triangle-strategy
677,MS15_X31_A0_1010_F_HEW_0050.wav,MS15_X31_A0_1010_F_HEW_0050,690,690,690,692,Hughette,main,female,hughette,assets/triangle-strategy/approved_voice_references/hughette.wav,แต่คอร์เดเลียคืออุปสรรคของท่านในแผนการนี้นะเจ้าคะ,,,PENDING_MANUAL_GENERATION,,triangle-strategy
678,MS15_X31_A0_1010_F_HEW_0060.wav,MS15_X31_A0_1010_F_HEW_0060,691,691,691,693,Hughette,main,female,hughette,assets/triangle-strategy/approved_voice_references/hughette.wav,เพราะตอนนี้แพทย์หลวงของพาทริเอ็ทท์กำลังรักษาตัวนางอยู่,,,PENDING_MANUAL_GENERATION,,triangle-strategy
679,MS15_X31_A0_1010_F_HEW_0070.wav,MS15_X31_A0_1010_F_HEW_0070,692,692,692,694,Hughette,main,female,hughette,assets/triangle-strategy/approved_voice_references/hughette.wav,หากท่านไม่รอบคอบ นางได้กลายเป็นตัวประกันแน่,,,PENDING_MANUAL_GENERATION,,triangle-strategy
680,MS15_X31_A0_1010_F_HEW_0080.wav,MS15_X31_A0_1010_F_HEW_0080,693,693,693,695,Hughette,main,female,hughette,assets/triangle-strategy/approved_voice_references/hughette.wav,ประชาชนจะได้เห็นว่าราชวงศ์ไม่ยอมอ่อนข้อให้ขุนนางหัวเสีย ใช่แล้วล่ะ นี่อาจได้ผล,,,PENDING_MANUAL_GENERATION,,triangle-strategy
681,MS15_X31_A0_1010_M_ELA_0010.wav,MS15_X31_A0_1010_M_ELA_0010,694,694,694,696,Erador,main,male,erador,assets/triangle-strategy/approved_voice_references/erador.wav,คนบางกลุ่มที่เชื่อฟังกุสตาดอล์ฟเพิ่งมาสำนึกผิดเอาป่านนี้... จึงออกมาอาละวาดอย่างที่เห็นสินะ,,,PENDING_MANUAL_GENERATION,,triangle-strategy
682,MS15_X31_A0_1010_M_ELA_0020.wav,MS15_X31_A0_1010_M_ELA_0020,695,695,695,697,Erador,main,male,erador,assets/triangle-strategy/approved_voice_references/erador.wav,ตัดไฟแต่ต้นลมเลยสินะขอรับ,,,PENDING_MANUAL_GENERATION,,triangle-strategy
683,MS15_X31_A0_1010_M_RLN_0010.wav,MS15_X31_A0_1010_M_RLN_0010,696,696,696,698,Roland,main,male,roland,assets/triangle-strategy/approved_voice_references/roland.wav,อย่างน้อยก็โล่งใจที่ไม่มีผู้เสียชีวิต,,,PENDING_MANUAL_GENERATION,,triangle-strategy
684,MS15_X31_A0_1010_M_RLN_0020.wav,MS15_X31_A0_1010_M_RLN_0020,697,697,697,699,Roland,main,male,roland,assets/triangle-strategy/approved_voice_references/roland.wav,เจ้าคิดเหมือนข้าไหม เซเรโนอา?,,,PENDING_MANUAL_GENERATION,,triangle-strategy
685,MS15_X31_A0_1010_M_RLN_0030.wav,MS15_X31_A0_1010_M_RLN_0030,698,698,698,700,Roland,main,male,roland,assets/triangle-strategy/approved_voice_references/roland.wav,พาทริเอ็ทท์กับพรรคพวกของเขา ใช้ความรุนแรงเพื่อชิงอำนาจที่ตนสูญเสียกลับมา,,,PENDING_MANUAL_GENERATION,,triangle-strategy
686,MS15_X31_A0_1010_M_RLN_0040.wav,MS15_X31_A0_1010_M_RLN_0040,699,699,699,701,Roland,main,male,roland,assets/triangle-strategy/approved_voice_references/roland.wav,แต่ก็ยังมีคนที่สนับสนุนพวกเขา ยิ่งนานวันเข้าประชาชนก็จะแค้นเคืองราชวงศ์มากขึ้น,,,PENDING_MANUAL_GENERATION,,triangle-strategy
687,MS15_X31_A0_1010_M_RLN_0050.wav,MS15_X31_A0_1010_M_RLN_0050,700,700,700,702,Roland,main,male,roland,assets/triangle-strategy/approved_voice_references/roland.wav,ข้าอยากจะคืนดีกับพวกเขาเหลือเกิน แต่โอกาสคงมีเพียงน้อยนิด,,,PENDING_MANUAL_GENERATION,,triangle-strategy
688,MS15_X31_A0_1010_M_RLN_0060.wav,MS15_X31_A0_1010_M_RLN_0060,701,701,701,703,Roland,main,male,roland,assets/triangle-strategy/approved_voice_references/roland.wav,ไม่ได้ ทำแบบนั้นประชาชนคงสิ้นศรัทธากันหมด เราต้องตัดสินใจให้เด็ดขาดกว่านี้,,,PENDING_MANUAL_GENERATION,,triangle-strategy
689,MS15_X31_A0_1010_M_RLN_0070.wav,MS15_X31_A0_1010_M_RLN_0070,702,702,702,704,Roland,main,male,roland,assets/triangle-strategy/approved_voice_references/roland.wav,พวกเราต้องจับกุมพาทริเอ็ทท์กับผู้สมรู้ร่วมคิด...และขับไล่ออกจากอาณาจักรทีเดียว,,,PENDING_MANUAL_GENERATION,,triangle-strategy
690,MS15_X31_A0_1010_M_RLN_0080.wav,MS15_X31_A0_1010_M_RLN_0080,703,703,703,705,Roland,main,male,roland,assets/triangle-strategy/approved_voice_references/roland.wav,หลังจากที่เชือดไก่ให้ลิงดู ข้าคิดว่าคงไม่มีปัญหาร้ายแรงตามมา,,,PENDING_MANUAL_GENERATION,,triangle-strategy
691,MS15_X31_A0_1010_M_RLN_0090.wav,MS15_X31_A0_1010_M_RLN_0090,704,704,704,706,Roland,main,male,roland,assets/triangle-strategy/approved_voice_references/roland.wav,เราถึงต้องจับกุมพวกเขากลางเมืองเลยนี่ไง จะได้ไม่ต้องใช้คอร์เดเลียเป็นโล่กำบัง,,,PENDING_MANUAL_GENERATION,,triangle-strategy
692,MS15_X31_A0_1010_M_RLN_0100.wav,MS15_X31_A0_1010_M_RLN_0100,705,705,705,707,Roland,main,male,roland,assets/triangle-strategy/approved_voice_references/roland.wav,ช่วยข้าหน่อยนะเซเรโนอา,,,PENDING_MANUAL_GENERATION,,triangle-strategy
693,MS15_X31_A0_1010_M_RLN_0110.wav,MS15_X31_A0_1010_M_RLN_0110,706,706,706,708,Roland,main,male,roland,assets/triangle-strategy/approved_voice_references/roland.wav,ข้าเป็นกษัตริย์แค่ในนามเท่านั้น...แต่การสร้างเกลนบรู๊คต้องใช้พละกำลังมหาศาล,,,PENDING_MANUAL_GENERATION,,triangle-strategy
694,MS15_X31_A0_1010_M_RLN_0120.wav,MS15_X31_A0_1010_M_RLN_0120,707,707,707,709,Roland,main,male,roland,assets/triangle-strategy/approved_voice_references/roland.wav,ขอบคุณมากนะ สหายรักของข้า,,,PENDING_MANUAL_GENERATION,,triangle-strategy
695,MS15_X31_A0_1010_M_SEL_0010.wav,MS15_X31_A0_1010_M_SEL_0010,708,708,708,710,Serenoa,main,male,serenoa,assets/triangle-strategy/approved_voice_references/serenoa.wav,เราต้องเปลี่ยนมุมมองของพวกเขาเสียใหม่,,,PENDING_MANUAL_GENERATION,,triangle-strategy
696,MS15_X31_A0_1010_M_SEL_0020.wav,MS15_X31_A0_1010_M_SEL_0020,709,709,709,711,Serenoa,main,male,serenoa,assets/triangle-strategy/approved_voice_references/serenoa.wav,ข้าเชื่อในความสามารถของท่านขอรับฝ่าบาท,,,PENDING_MANUAL_GENERATION,,triangle-strategy
697,MS15_X31_A0_1010_M_SEL_0030.wav,MS15_X31_A0_1010_M_SEL_0030,710,710,710,712,Serenoa,main,male,serenoa,assets/triangle-strategy/approved_voice_references/serenoa.wav,เช่นเดียวกับตระกูลวูล์ฟฟอร์ต ที่จะยืนเคียงคู่ท่านเสมอไป,,,PENDING_MANUAL_GENERATION,,triangle-strategy
698,MS15_X31_A0_1020_M_M261_0010.wav,MS15_X31_A0_1020_M_M261_0010,711,711,711,713,ชายชาวเมือง/ทหาร/ผู้ติดตาม,generic,male,MALE_ADULT_B,assets/triangle-strategy/approved_voice_references/MALE_ADULT_B.wav,ขออนุญาตขอรับฝ่าบาท เฟรเดอริก้า กับ เบเนดิกต์ กลับมาแล้ว,,,PENDING_MANUAL_GENERATION,,triangle-strategy
699,MS15_X31_A0_1020_M_RLN_0020.wav,MS15_X31_A0_1020_M_RLN_0020,713,713,713,715,Roland,main,male,roland,assets/triangle-strategy/approved_voice_references/roland.wav,เรียกข้าโรแลนด์เถอะ ภาระกษัตริย์ของข้ามันช่างหนักหนาเหลือเกิน...,,,PENDING_MANUAL_GENERATION,,triangle-strategy
700,MS15_X31_A0_1020_M_RLN_0030.wav,MS15_X31_A0_1020_M_RLN_0030,714,714,714,716,Roland,main,male,roland,assets/triangle-strategy/approved_voice_references/roland.wav,ก็แค่นั้นเอง,,,PENDING_MANUAL_GENERATION,,triangle-strategy
701,MS15_X31_A0_1020_M_RLN_0040.wav,MS15_X31_A0_1020_M_RLN_0040,715,715,715,717,Roland,main,male,roland,assets/triangle-strategy/approved_voice_references/roland.wav,เซเรโนอา ตัวข้ามืดบอดเพราะความแค้น ข้าทำทุกหนทาง เพื่อล้างแค้นและช่วยเหลือน้องของตน,,,PENDING_MANUAL_GENERATION,,triangle-strategy
702,MS15_X31_A0_1020_M_RLN_0045.wav,MS15_X31_A0_1020_M_RLN_0045,716,716,716,718,Roland,main,male,roland,assets/triangle-strategy/approved_voice_references/roland.wav,ข้านึกว่าการกำจัดเอสฟรอสต์ จะกอบกู้เกียรติยศมาสู่อาณาจักรและราษฎรของข้าได้,,,PENDING_MANUAL_GENERATION,,triangle-strategy
703,MS15_X31_A0_1020_M_RLN_0050.wav,MS15_X31_A0_1020_M_RLN_0050,717,717,717,719,Roland,main,male,roland,assets/triangle-strategy/approved_voice_references/roland.wav,ดูสิว่าต้องแลกกับอะไรบ้าง เด็กพวกนั้นสูญเสียพ่อแม่ไปหมดแล้ว มีอีกกี่คนที่ต้องพบเจอชะตาเช่นนี้?,,,PENDING_MANUAL_GENERATION,,triangle-strategy
704,MS15_X31_A0_1020_M_RLN_0060.wav,MS15_X31_A0_1020_M_RLN_0060,718,718,718,720,Roland,main,male,roland,assets/triangle-strategy/approved_voice_references/roland.wav,คนบริสุทธิ์ต้องล้มตายอีกสักเท่าไร?,,,PENDING_MANUAL_GENERATION,,triangle-strategy
705,MS15_X31_A0_1020_M_RLN_0070.wav,MS15_X31_A0_1020_M_RLN_0070,719,719,719,721,Roland,main,male,roland,assets/triangle-strategy/approved_voice_references/roland.wav,จะมีอีกสักกี่คน ที่ข้าปกป้องไม่ได้?,,,PENDING_MANUAL_GENERATION,,triangle-strategy
706,MS15_X31_A0_1020_M_RLN_0080.wav,MS15_X31_A0_1020_M_RLN_0080,720,720,720,722,Roland,main,male,roland,assets/triangle-strategy/approved_voice_references/roland.wav,ข้าต้องสู้ทนกับมันเพื่อไม่ให้ซ้ำรอย ปลอบใจแล้วมันแก้ไขอะไรได้?,,,PENDING_MANUAL_GENERATION,,triangle-strategy
707,MS15_X31_A0_1020_M_RLN_0090.wav,MS15_X31_A0_1020_M_RLN_0090,721,721,721,723,Roland,main,male,roland,assets/triangle-strategy/approved_voice_references/roland.wav,ข้ายังคงโง่เขลา ปล่อยให้ความแค้นที่มีต่อเอสฟรอสต์ครอบงำจิตใจเสมอมา,,,PENDING_MANUAL_GENERATION,,triangle-strategy
708,MS15_X31_A0_1020_M_RLN_0100.wav,MS15_X31_A0_1020_M_RLN_0100,722,722,722,724,Roland,main,male,roland,assets/triangle-strategy/approved_voice_references/roland.wav,พวกมันสิที่ต้องชดใช้! หากพวกมันไม่ก่อสงคราม... บ้านเมืองคงไม่แตกแยกเช่นนี้หรอก!,,,PENDING_MANUAL_GENERATION,,triangle-strategy
709,MS15_X31_A0_1020_M_RLN_0110.wav,MS15_X31_A0_1020_M_RLN_0110,723,723,723,725,Roland,main,male,roland,assets/triangle-strategy/approved_voice_references/roland.wav,เจ้าใจดีกับข้าเสมอเลยนะ,,,PENDING_MANUAL_GENERATION,,triangle-strategy
710,MS15_X31_A0_1020_M_RLN_0120.wav,MS15_X31_A0_1020_M_RLN_0120,724,724,724,726,Roland,main,male,roland,assets/triangle-strategy/approved_voice_references/roland.wav,ข้ารู้อยู่แก่ใจว่าเกลนบรู๊คไม่มีวันกลับไปเป็นเช่นเดิม บางทีมันอาจพังมาตั้งแต่เริ่มแล้วด้วยซ้ำ,,,PENDING_MANUAL_GENERATION,,triangle-strategy
711,MS15_X31_A0_1020_M_RLN_0130.wav,MS15_X31_A0_1020_M_RLN_0130,725,725,725,727,Roland,main,male,roland,assets/triangle-strategy/approved_voice_references/roland.wav,ทุกอย่างจะลงตัวได้ หากเราวางรากฐานอาณาจักรขึ้นใหม่,,,PENDING_MANUAL_GENERATION,,triangle-strategy
712,MS15_X31_A0_1020_M_RLN_0140.wav,MS15_X31_A0_1020_M_RLN_0140,726,726,726,728,Roland,main,male,roland,assets/triangle-strategy/approved_voice_references/roland.wav,เราต้องการสิ่งยึดเหนี่ยวจิตใจ เช่นเดียวกับเทพธิดาของไฮแซนต์...,,,PENDING_MANUAL_GENERATION,,triangle-strategy
713,MS15_X31_A0_1020_M_RLN_0150.wav,MS15_X31_A0_1020_M_RLN_0150,727,727,727,729,Roland,main,male,roland,assets/triangle-strategy/approved_voice_references/roland.wav,อืม ข้าก็คิดเช่นนั้นแหละ,,,PENDING_MANUAL_GENERATION,,triangle-strategy
714,MS15_X31_A0_1020_M_RLN_0160.wav,MS15_X31_A0_1020_M_RLN_0160,728,728,728,730,Roland,main,male,roland,assets/triangle-strategy/approved_voice_references/roland.wav,แต่ตัวข้าคนเดียว... ไม่สิ ถึงจะยกมาทั้งราชวงศ์ก็คงไม่อาจ-,,,PENDING_MANUAL_GENERATION,,triangle-strategy
715,MS15_X31_A0_1020_M_RLN_0170.wav,MS15_X31_A0_1020_M_RLN_0170,729,729,729,731,Roland,main,male,roland,assets/triangle-strategy/approved_voice_references/roland.wav,ข้าก็คิดเช่นนั้น ขอบคุณที่รับฟังข้านะ,,,PENDING_MANUAL_GENERATION,,triangle-strategy
716,MS15_X31_A0_1020_M_RLN_0180.wav,MS15_X31_A0_1020_M_RLN_0180,730,730,730,732,Roland,main,male,roland,assets/triangle-strategy/approved_voice_references/roland.wav,ตราบใดที่มีเจ้าอยู่เคียงข้าง,,,PENDING_MANUAL_GENERATION,,triangle-strategy
717,MS15_X31_A0_1020_M_RLN_0190.wav,MS15_X31_A0_1020_M_RLN_0190,731,731,731,733,Roland,main,male,roland,assets/triangle-strategy/approved_voice_references/roland.wav,ข้าจะไม่เป็นไร เชื่อข้าเถอะ...,,,PENDING_MANUAL_GENERATION,,triangle-strategy
718,MS15_X31_A0_1020_M_SEL_0010.wav,MS15_X31_A0_1020_M_SEL_0010,732,732,732,734,Serenoa,main,male,serenoa,assets/triangle-strategy/approved_voice_references/serenoa.wav,อย่าคิดมากเลยขอรับฝ่าบาท ท่านไม่ได้ตั้งใจนี่น่า,,,PENDING_MANUAL_GENERATION,,triangle-strategy
719,MS15_X31_A0_1020_M_SEL_0020.wav,MS15_X31_A0_1020_M_SEL_0020,733,733,733,735,Serenoa,main,male,serenoa,assets/triangle-strategy/approved_voice_references/serenoa.wav,ขอรับ ถ้างั้นเรามาพูดคุยในฐานะสหายกันดีกว่า,,,PENDING_MANUAL_GENERATION,,triangle-strategy
720,MS15_X31_A0_1020_M_SEL_0030.wav,MS15_X31_A0_1020_M_SEL_0030,734,734,734,736,Serenoa,main,male,serenoa,assets/triangle-strategy/approved_voice_references/serenoa.wav,ซึ่งท่านก็ทำได้ไม่ใช่เหรอ?,,,PENDING_MANUAL_GENERATION,,triangle-strategy
721,MS15_X31_A0_1020_M_SEL_0050.wav,MS15_X31_A0_1020_M_SEL_0050,736,736,736,738,Serenoa,main,male,serenoa,assets/triangle-strategy/approved_voice_references/serenoa.wav,มันไม่ใช่ภาระของท่านคนเดียวขอรับ แม้ข้าจะอยู่เคียงข้างท่าน สุดท้ายผลลัพธ์ก็ออกมาเช่นเดิมอยู่ดี,,,PENDING_MANUAL_GENERATION,,triangle-strategy
722,MS15_X31_A0_1020_M_SEL_0060.wav,MS15_X31_A0_1020_M_SEL_0060,737,737,737,739,Serenoa,main,male,serenoa,assets/triangle-strategy/approved_voice_references/serenoa.wav,และท่านเสียครอบครัวไปด้วย ข้าเข้าใจดีว่าท่านแค้นเคืองเพียงใดขอรับ,,,PENDING_MANUAL_GENERATION,,triangle-strategy
723,MS15_X31_A0_1020_M_SEL_0070.wav,MS15_X31_A0_1020_M_SEL_0070,738,738,738,740,Serenoa,main,male,serenoa,assets/triangle-strategy/approved_voice_references/serenoa.wav,หมายความว่ายังไงขอรับ?,,,PENDING_MANUAL_GENERATION,,triangle-strategy
724,MS15_X31_A0_1020_M_SEL_0080.wav,MS15_X31_A0_1020_M_SEL_0080,739,739,739,741,Serenoa,main,male,serenoa,assets/triangle-strategy/approved_voice_references/serenoa.wav,ตัวท่านยังไงล่ะ ฝ่าบาทโรแลนด์,,,PENDING_MANUAL_GENERATION,,triangle-strategy
725,MS15_X31_A0_1020_M_SEL_0090.wav,MS15_X31_A0_1020_M_SEL_0090,740,740,740,742,Serenoa,main,male,serenoa,assets/triangle-strategy/approved_voice_references/serenoa.wav,ลองเอาเรื่องนี้ไปหารือกับทุกคนก่อนไหม,,,PENDING_MANUAL_GENERATION,,triangle-strategy
726,MS15_X31_A0_1020_M_SEL_0100.wav,MS15_X31_A0_1020_M_SEL_0100,741,741,741,743,Serenoa,main,male,serenoa,assets/triangle-strategy/approved_voice_references/serenoa.wav,ไม่เห็นจะเป็นอะไรเลยขอรับ แล้วท่านแน่ใจนะว่า-?,,,PENDING_MANUAL_GENERATION,,triangle-strategy
727,MS15_X31_BATTLE_01_AFTER_F_CRD_0010.wav,MS15_X31_BATTLE_01_AFTER_F_CRD_0010,742,742,742,744,Cordelia,npc,female,cordelia,assets/triangle-strategy/approved_voice_references/cordelia.wav,ข้าแค่ทำในสิ่งที่สมควรเจ้าค่ะ,,,PENDING_MANUAL_GENERATION,,triangle-strategy
728,MS15_X31_BATTLE_01_AFTER_F_HEW_0010.wav,MS15_X31_BATTLE_01_AFTER_F_HEW_0010,743,743,743,745,Hughette,main,female,hughette,assets/triangle-strategy/approved_voice_references/hughette.wav,หุบปากซะ! เอสฟรอสต์ต่างหากที่ก่อเรื่องก่อน!,,,PENDING_MANUAL_GENERATION,,triangle-strategy
729,MS15_X31_BATTLE_01_AFTER_F_M257_0010.wav,MS15_X31_BATTLE_01_AFTER_F_M257_0010,744,744,744,746,หญิงชาวเมือง/ผู้ติดตาม,generic,female,FEMALE_ADULT_A,assets/triangle-strategy/approved_voice_references/FEMALE_ADULT_A.wav,ฝ่าบาทเป็นทรราชจริงด้วย...,,,PENDING_MANUAL_GENERATION,,triangle-strategy
730,MS15_X31_BATTLE_01_AFTER_F_M380_0010.wav,MS15_X31_BATTLE_01_AFTER_F_M380_0010,745,745,745,747,หญิงชาวเมือง/ผู้ติดตาม,generic,female,FEMALE_ADULT_A,assets/triangle-strategy/approved_voice_references/FEMALE_ADULT_A.wav,เอสฟรอสต์ยังไม่อำมหิตเท่านี้เลย...,,,PENDING_MANUAL_GENERATION,,triangle-strategy
731,MS15_X31_BATTLE_01_AFTER_M_M255_0010.wav,MS15_X31_BATTLE_01_AFTER_M_M255_0010,746,746,746,748,ชายชาวเมือง/ทหาร/ผู้ติดตาม,generic,male,MALE_ADULT_A,assets/triangle-strategy/approved_voice_references/MALE_ADULT_A.wav,ขะ-ขอบคุณมากขอรับฝ่าบาท... ข้าจะจ่ายภาษีที่ติดค้างแน่นอนขอรับ! โปรดเมตตาข้าด้วย!,,,PENDING_MANUAL_GENERATION,,triangle-strategy
732,MS15_X31_BATTLE_01_AFTER_M_M256_0010.wav,MS15_X31_BATTLE_01_AFTER_M_M256_0010,747,747,747,749,ชายชาวเมือง/ทหาร/ผู้ติดตาม,generic,male,MALE_ADULT_B,assets/triangle-strategy/approved_voice_references/MALE_ADULT_B.wav,ไม่เห็นหรือไง เขาเอาดาบฟันพาทริเอ็ทท์อย่างโหดเหี้ยม,,,PENDING_MANUAL_GENERATION,,triangle-strategy
733,MS15_X31_BATTLE_01_AFTER_M_M258_0010.wav,MS15_X31_BATTLE_01_AFTER_M_M258_0010,748,748,748,750,ชายชาวเมือง/ทหาร/ผู้ติดตาม,generic,male,MALE_YOUNG_A,assets/triangle-strategy/approved_voice_references/MALE_YOUNG_A.wav,ฮ่าๆๆ! ยินดีต้อนรับกลับมาขอรับ ฝ่าบาทโรแลนด์!,,,PENDING_MANUAL_GENERATION,,triangle-strategy
734,MS15_X31_BATTLE_01_AFTER_M_M258_0020.wav,MS15_X31_BATTLE_01_AFTER_M_M258_0020,749,749,749,751,ชายชาวเมือง/ทหาร/ผู้ติดตาม,generic,male,MALE_YOUNG_A,assets/triangle-strategy/approved_voice_references/MALE_YOUNG_A.wav,ดูสิว่าเกิดอะไรขึ้นบ้าง ระหว่างที่ท่านหลบหนีออกจากอาณาจักร!,,,PENDING_MANUAL_GENERATION,,triangle-strategy
735,MS15_X31_BATTLE_01_AFTER_M_M258_0030.wav,MS15_X31_BATTLE_01_AFTER_M_M258_0030,750,750,750,752,ชายชาวเมือง/ทหาร/ผู้ติดตาม,generic,male,MALE_YOUNG_A,assets/triangle-strategy/approved_voice_references/MALE_YOUNG_A.wav,คิดว่าเราจะเชื่องั้นเหรอ!,,,PENDING_MANUAL_GENERATION,,triangle-strategy
736,MS15_X31_BATTLE_01_AFTER_M_RLN_0010.wav,MS15_X31_BATTLE_01_AFTER_M_RLN_0010,751,751,751,753,Roland,main,male,roland,assets/triangle-strategy/approved_voice_references/roland.wav,ขอบคุณนะคอร์เดเลีย หากไม่ได้เจ้าช่วยไว้คงแพ้แน่,,,PENDING_MANUAL_GENERATION,,triangle-strategy
737,MS15_X31_BATTLE_01_AFTER_M_RLN_0020.wav,MS15_X31_BATTLE_01_AFTER_M_RLN_0020,752,752,752,754,Roland,main,male,roland,assets/triangle-strategy/approved_voice_references/roland.wav,ราษฎรเอ๋ย! การกดขี่ของพาทริเอ็ทท์จบสิ้นแล้ว นี่คือโทษที่เขาสมควรได้รับในสิ่งที่ก่อไว้,,,PENDING_MANUAL_GENERATION,,triangle-strategy
738,MS15_X31_BATTLE_01_AFTER_M_RLN_0030.wav,MS15_X31_BATTLE_01_AFTER_M_RLN_0030,753,753,753,755,Roland,main,male,roland,assets/triangle-strategy/approved_voice_references/roland.wav,บ้านเมืองเราจะได้สงบสุขเสียที,,,PENDING_MANUAL_GENERATION,,triangle-strategy
739,MS15_X31_BATTLE_01_AFTER_M_RLN_0040.wav,MS15_X31_BATTLE_01_AFTER_M_RLN_0040,754,754,754,756,Roland,main,male,roland,assets/triangle-strategy/approved_voice_references/roland.wav,พวกเจ้าจะสั่นกลัวทำไม? บัดนี้ไม่มีสิ่งใดมาทำร้ายเจ้าอีกแล้ว,,,PENDING_MANUAL_GENERATION,,triangle-strategy
740,MS15_X31_BATTLE_01_AFTER_M_RLN_0050.wav,MS15_X31_BATTLE_01_AFTER_M_RLN_0050,755,755,755,757,Roland,main,male,roland,assets/triangle-strategy/approved_voice_references/roland.wav,คิดจะทำอะไร-,,,PENDING_MANUAL_GENERATION,,triangle-strategy
741,MS15_X31_BATTLE_01_AFTER_M_RLN_0070.wav,MS15_X31_BATTLE_01_AFTER_M_RLN_0070,757,757,757,759,Roland,main,male,roland,assets/triangle-strategy/approved_voice_references/roland.wav,ขอให้เป็นเช่นนั้นนะ...,,,PENDING_MANUAL_GENERATION,,triangle-strategy
742,MS15_X31_BATTLE_01_AFTER_M_SEL_0010.wav,MS15_X31_BATTLE_01_AFTER_M_SEL_0010,758,758,758,760,Serenoa,main,male,serenoa,assets/triangle-strategy/approved_voice_references/serenoa.wav,เดี๋ยวพวกเขาก็เข้าใจขอรับ เชื่อข้าสิ,,,PENDING_MANUAL_GENERATION,,triangle-strategy
743,MS15_X31_BATTLE_01_BEFORE_F_CRD_0010.wav,MS15_X31_BATTLE_01_BEFORE_F_CRD_0010,759,759,759,761,Cordelia,npc,female,cordelia,assets/triangle-strategy/approved_voice_references/cordelia.wav,ท่านพี่! ข้ามาช่วยแล้ว!,,,PENDING_MANUAL_GENERATION,,triangle-strategy
744,MS15_X31_BATTLE_01_BEFORE_F_CRD_0020.wav,MS15_X31_BATTLE_01_BEFORE_F_CRD_0020,760,760,760,762,Cordelia,npc,female,cordelia,assets/triangle-strategy/approved_voice_references/cordelia.wav,ข้าได้ยินแพทย์หลวงคุยกันว่าพาทริเอ็ทท์สร้างความเดือดร้อนให้ผู้อื่น,,,PENDING_MANUAL_GENERATION,,triangle-strategy
745,MS15_X31_BATTLE_01_BEFORE_F_CRD_0030.wav,MS15_X31_BATTLE_01_BEFORE_F_CRD_0030,761,761,761,763,Cordelia,npc,female,cordelia,assets/triangle-strategy/approved_voice_references/cordelia.wav,จะให้นอนเฉยอยู่บนเตียงก็คงไม่ได้หรอก!,,,PENDING_MANUAL_GENERATION,,triangle-strategy
746,MS15_X31_BATTLE_01_BEFORE_F_CRD_0040.wav,MS15_X31_BATTLE_01_BEFORE_F_CRD_0040,762,762,762,764,Cordelia,npc,female,cordelia,assets/triangle-strategy/approved_voice_references/cordelia.wav,สภาพไหนก็สู้ไหวเพื่อประชาชนของเราเจ้าค่ะ ยังไงข้าก็เป็นเชื้อพระวงศ์ไม่ใช่เหรอ?,,,PENDING_MANUAL_GENERATION,,triangle-strategy
747,MS15_X31_BATTLE_01_BEFORE_M_PTR_0010.wav,MS15_X31_BATTLE_01_BEFORE_M_PTR_0010,763,763,763,765,พาทริเอ็ทท์,npc,male,patriatte,assets/triangle-strategy/approved_voice_references/patriatte.wav,อ้าว ฝ่าบาท! ส่งสุนัขวูล์ฟฟอร์ตมาสะกดรอยตามงั้นเหรอขอรับ?,,,PENDING_MANUAL_GENERATION,,triangle-strategy
748,MS15_X31_BATTLE_01_BEFORE_M_PTR_0020.wav,MS15_X31_BATTLE_01_BEFORE_M_PTR_0020,764,764,764,766,พาทริเอ็ทท์,npc,male,patriatte,assets/triangle-strategy/approved_voice_references/patriatte.wav,แล้วใครจะช่วยท่านปกครองอาณาจักรขอรับ? ตระกูลวูล์ฟฟอร์ตเหรอ? ไม่น่าไหวมั้ง!,,,PENDING_MANUAL_GENERATION,,triangle-strategy
749,MS15_X31_BATTLE_01_BEFORE_M_PTR_0030.wav,MS15_X31_BATTLE_01_BEFORE_M_PTR_0030,765,765,765,767,พาทริเอ็ทท์,npc,male,patriatte,assets/triangle-strategy/approved_voice_references/patriatte.wav,ท่านคงต้องเขลามากแน่ๆ หากคิดว่าตัวเองสามารถปกครองทุกคนได้อยู่หมัด ท่านกำลังถูกหลอกใช้โดยไม่รู้ตัวขอรับ,,,PENDING_MANUAL_GENERATION,,triangle-strategy
750,MS15_X31_BATTLE_01_BEFORE_M_PTR_0040.wav,MS15_X31_BATTLE_01_BEFORE_M_PTR_0040,766,766,766,768,พาทริเอ็ทท์,npc,male,patriatte,assets/triangle-strategy/approved_voice_references/patriatte.wav,การตัดสินใจของท่านเหรอ? ฮ่า! โง่ตามคาด,,,PENDING_MANUAL_GENERATION,,triangle-strategy
751,MS15_X31_BATTLE_01_BEFORE_M_PTR_0050.wav,MS15_X31_BATTLE_01_BEFORE_M_PTR_0050,767,767,767,769,พาทริเอ็ทท์,npc,male,patriatte,assets/triangle-strategy/approved_voice_references/patriatte.wav,เกลนบรู๊คไม่คู่ควรกับระบอบเอสฟรอสต์ หรือพวกไฮแซนต์คลั่งศาสนา,,,PENDING_MANUAL_GENERATION,,triangle-strategy
752,MS15_X31_BATTLE_01_BEFORE_M_PTR_0060.wav,MS15_X31_BATTLE_01_BEFORE_M_PTR_0060,768,768,768,770,พาทริเอ็ทท์,npc,male,patriatte,assets/triangle-strategy/approved_voice_references/patriatte.wav,เกลนบรู๊คต้องถูกปกครองโดยราชวงศ์และขุนนางที่ภักดี นี่คือเหตุผลที่ท่านต้องการพวกเรา,,,PENDING_MANUAL_GENERATION,,triangle-strategy
753,MS15_X31_BATTLE_01_BEFORE_M_PTR_0070.wav,MS15_X31_BATTLE_01_BEFORE_M_PTR_0070,769,769,769,771,พาทริเอ็ทท์,npc,male,patriatte,assets/triangle-strategy/approved_voice_references/patriatte.wav,หากเป็นฝ่าบาทเร็กน่าและองค์ชายฟรานิก็คงเข้าใจ เพราะพวกเขาเก่งกาจโดยสายเลือดอยู่แล้ว...,,,PENDING_MANUAL_GENERATION,,triangle-strategy
754,MS15_X31_BATTLE_01_BEFORE_M_PTR_0080.wav,MS15_X31_BATTLE_01_BEFORE_M_PTR_0080,770,770,770,772,พาทริเอ็ทท์,npc,male,patriatte,assets/triangle-strategy/approved_voice_references/patriatte.wav,มันคือเรื่องจริงขอรับ! ที่ข้าทำแบบนี้เพราะอยากให้ท่านตาสว่างได้แล้ว!,,,PENDING_MANUAL_GENERATION,,triangle-strategy
755,MS15_X31_BATTLE_01_BEFORE_M_PTR_0090.wav,MS15_X31_BATTLE_01_BEFORE_M_PTR_0090,771,771,771,773,พาทริเอ็ทท์,npc,male,patriatte,assets/triangle-strategy/approved_voice_references/patriatte.wav,ท่านแยกไม่ออกด้วยซ้ำว่าใครคือมิตรหรือศัตรู ตอนนี้วูล์ฟฟอร์ตกำลังแย่งชิงบัลลังก์ของท่านอยู่นะ!,,,PENDING_MANUAL_GENERATION,,triangle-strategy
756,MS15_X31_BATTLE_01_BEFORE_M_PTR_0100.wav,MS15_X31_BATTLE_01_BEFORE_M_PTR_0100,772,772,772,774,พาทริเอ็ทท์,npc,male,patriatte,assets/triangle-strategy/approved_voice_references/patriatte.wav,เสียดายที่เจ้าไม่เชื่อฟังกฎระเบียบและตัดสินใจด้วยตัวเอง...,,,PENDING_MANUAL_GENERATION,,triangle-strategy
757,MS15_X31_BATTLE_01_BEFORE_M_PTR_0110.wav,MS15_X31_BATTLE_01_BEFORE_M_PTR_0110,773,773,773,775,พาทริเอ็ทท์,npc,male,patriatte,assets/triangle-strategy/approved_voice_references/patriatte.wav,เจ้าทำฝ่าบาทโรแลนด์เสียคนหมดแล้ว เจ้าสมควรตาย,,,PENDING_MANUAL_GENERATION,,triangle-strategy
758,MS15_X31_BATTLE_01_BEFORE_M_PTR_0120.wav,MS15_X31_BATTLE_01_BEFORE_M_PTR_0120,774,774,774,776,พาทริเอ็ทท์,npc,male,patriatte,assets/triangle-strategy/approved_voice_references/patriatte.wav,ข้าจะทำให้ท่านตาสว่างเองขอรับ ร่วมมือกับข้าเถิดฝ่าบาท!,,,PENDING_MANUAL_GENERATION,,triangle-strategy
759,MS15_X31_BATTLE_01_BEFORE_M_PTR_0130.wav,MS15_X31_BATTLE_01_BEFORE_M_PTR_0130,775,775,775,777,พาทริเอ็ทท์,npc,male,patriatte,assets/triangle-strategy/approved_voice_references/patriatte.wav,ทนทายาดกันทั้งตระกูลจริงๆ เอาเถอะ!,,,PENDING_MANUAL_GENERATION,,triangle-strategy
760,MS15_X31_BATTLE_01_BEFORE_M_PTR_0140.wav,MS15_X31_BATTLE_01_BEFORE_M_PTR_0140,776,776,776,778,พาทริเอ็ทท์,npc,male,patriatte,assets/triangle-strategy/approved_voice_references/patriatte.wav,พวกแกมันไร้ประโยชน์สิ้นดี!,,,PENDING_MANUAL_GENERATION,,triangle-strategy
761,MS15_X31_BATTLE_01_BEFORE_M_RLN_0010.wav,MS15_X31_BATTLE_01_BEFORE_M_RLN_0010,777,777,777,779,Roland,main,male,roland,assets/triangle-strategy/approved_voice_references/roland.wav,เปล่าเลย ข้าเห็นด้วยตาตัวเองแล้ว เจ้าจะถูกลงโทษข้อหาแอบอ้างสถาบันกษัตริย์ เพื่อแสวงหากำไรเข้าตัว!,,,PENDING_MANUAL_GENERATION,,triangle-strategy
762,MS15_X31_BATTLE_01_BEFORE_M_RLN_0020.wav,MS15_X31_BATTLE_01_BEFORE_M_RLN_0020,778,778,778,780,Roland,main,male,roland,assets/triangle-strategy/approved_voice_references/roland.wav,อืม ทุกอย่างเป็นการตัดสินใจของข้าเพียงผู้เดียวเท่านั้น,,,PENDING_MANUAL_GENERATION,,triangle-strategy
763,MS15_X31_BATTLE_01_BEFORE_M_RLN_0030.wav,MS15_X31_BATTLE_01_BEFORE_M_RLN_0030,779,779,779,781,Roland,main,male,roland,assets/triangle-strategy/approved_voice_references/roland.wav,นี่จะบอกว่าข้าไม่คู่ควรกับบัลลังก์งั้นเหรอ!?,,,PENDING_MANUAL_GENERATION,,triangle-strategy
764,MS15_X31_BATTLE_01_BEFORE_M_RLN_0040.wav,MS15_X31_BATTLE_01_BEFORE_M_RLN_0040,780,780,780,782,Roland,main,male,roland,assets/triangle-strategy/approved_voice_references/roland.wav,หุบปากไปเลย ไม่งั้นเจ้าโดนคดีก่อกบฎแน่!,,,PENDING_MANUAL_GENERATION,,triangle-strategy
765,MS15_X31_BATTLE_01_BEFORE_M_RLN_0050.wav,MS15_X31_BATTLE_01_BEFORE_M_RLN_0050,781,781,781,783,Roland,main,male,roland,assets/triangle-strategy/approved_voice_references/roland.wav,คอร์เดเลีย มาทำอะไรของเจ้าที่นี่เนี่ย!?,,,PENDING_MANUAL_GENERATION,,triangle-strategy
766,MS15_X31_BATTLE_01_BEFORE_M_RLN_0060.wav,MS15_X31_BATTLE_01_BEFORE_M_RLN_0060,782,782,782,784,Roland,main,male,roland,assets/triangle-strategy/approved_voice_references/roland.wav,สภาพแบบนี้สู้ไหวหรือไง?,,,PENDING_MANUAL_GENERATION,,triangle-strategy
767,MS15_X31_BATTLE_01_BEFORE_M_SEL_0010.wav,MS15_X31_BATTLE_01_BEFORE_M_SEL_0010,783,783,783,785,Serenoa,main,male,serenoa,assets/triangle-strategy/approved_voice_references/serenoa.wav,ข้าไม่มีวันทำเช่นนั้นแน่,,,PENDING_MANUAL_GENERATION,,triangle-strategy
768,MS15_X31_BATTLE_01_BEFORE_M_SEL_0020.wav,MS15_X31_BATTLE_01_BEFORE_M_SEL_0020,784,784,784,786,Serenoa,main,male,serenoa,assets/triangle-strategy/approved_voice_references/serenoa.wav,มอบตัวเงียบๆซะ ก่อนที่ข้าจะฟันเจ้าทิ้ง,,,PENDING_MANUAL_GENERATION,,triangle-strategy
769,MS15_X31_BATTLE_01_DRAMA_F_CRD_0010.wav,MS15_X31_BATTLE_01_DRAMA_F_CRD_0010,785,785,785,787,Cordelia,npc,female,cordelia,assets/triangle-strategy/approved_voice_references/cordelia.wav,ให้ข้าได้ช่วยท่านนะเจ้าคะ ท่านพี่!,,,PENDING_MANUAL_GENERATION,,triangle-strategy
770,MS15_X31_BATTLE_01_DRAMA_F_CRD_0020.wav,MS15_X31_BATTLE_01_DRAMA_F_CRD_0020,786,786,786,788,Cordelia,npc,female,cordelia,assets/triangle-strategy/approved_voice_references/cordelia.wav,ราชวงศ์ของเราเป็นหนึ่งเดียวแน่นแฟ้น พาทริเอ็ทท์... จงชดใช้กรรมที่ก่อไว้ซะ!,,,PENDING_MANUAL_GENERATION,,triangle-strategy
771,MS15_X31_BATTLE_01_DRAMA_F_CRD_0030.wav,MS15_X31_BATTLE_01_DRAMA_F_CRD_0030,787,787,787,789,Cordelia,npc,female,cordelia,assets/triangle-strategy/approved_voice_references/cordelia.wav,จริงอยู่ที่ข้าเคยขอคำปรึกษาจากเจ้า ในยามที่กุสตาดอล์ฟปกครองอาณาจักร,,,PENDING_MANUAL_GENERATION,,triangle-strategy
772,MS15_X31_BATTLE_01_DRAMA_F_CRD_0040.wav,MS15_X31_BATTLE_01_DRAMA_F_CRD_0040,788,788,788,790,Cordelia,npc,female,cordelia,assets/triangle-strategy/approved_voice_references/cordelia.wav,แต่คนที่ทำให้บ้านเมืองแตกแยกมันต้องตาย!,,,PENDING_MANUAL_GENERATION,,triangle-strategy
773,MS15_X31_BATTLE_01_DRAMA_F_CRD_0050.wav,MS15_X31_BATTLE_01_DRAMA_F_CRD_0050,789,789,789,791,Cordelia,npc,female,cordelia,assets/triangle-strategy/approved_voice_references/cordelia.wav,ข้าคิดว่าเขาคงเจ็บหนักแล้วล่ะ เราควรปรานีเขาสักหน่อยไหมเจ้าคะ?,,,PENDING_MANUAL_GENERATION,,triangle-strategy
774,MS15_X31_BATTLE_01_DRAMA_F_CRD_0060.wav,MS15_X31_BATTLE_01_DRAMA_F_CRD_0060,790,790,790,792,Cordelia,npc,female,cordelia,assets/triangle-strategy/approved_voice_references/cordelia.wav,ข้าสู้ไม่ไหวแล้วเจ้าค่ะ...,,,PENDING_MANUAL_GENERATION,,triangle-strategy
775,MS15_X31_BATTLE_01_DRAMA_M_PTR_0010.wav,MS15_X31_BATTLE_01_DRAMA_M_PTR_0010,791,791,791,793,พาทริเอ็ทท์,npc,male,patriatte,assets/triangle-strategy/approved_voice_references/patriatte.wav,ท่านไม่ได้กอบกู้อะไรทั้งนั้น!,,,PENDING_MANUAL_GENERATION,,triangle-strategy
776,MS15_X31_BATTLE_01_DRAMA_M_PTR_0020.wav,MS15_X31_BATTLE_01_DRAMA_M_PTR_0020,792,792,792,794,พาทริเอ็ทท์,npc,male,patriatte,assets/triangle-strategy/approved_voice_references/patriatte.wav,การรุกรานของเอสฟรอสต์ได้พรากชีวิตกษัตริย์แห่งเกลนบรู๊คไปแล้ว พวกเราแทบไม่ได้พักหายใจก่อนที่ท่านจะขึ้นครองราชย์ด้วยซ้ำ,,,PENDING_MANUAL_GENERATION,,triangle-strategy
777,MS15_X31_BATTLE_01_DRAMA_M_PTR_0030.wav,MS15_X31_BATTLE_01_DRAMA_M_PTR_0030,793,793,793,795,พาทริเอ็ทท์,npc,male,patriatte,assets/triangle-strategy/approved_voice_references/patriatte.wav,ผู้ใดที่เชื่อฟังเอสฟรอสต์จะเฟื่องฟู ส่วนผู้ขัดขืนจะพินาศล้มตายไป,,,PENDING_MANUAL_GENERATION,,triangle-strategy
778,MS15_X31_BATTLE_01_DRAMA_M_PTR_0040.wav,MS15_X31_BATTLE_01_DRAMA_M_PTR_0040,794,794,794,796,พาทริเอ็ทท์,npc,male,patriatte,assets/triangle-strategy/approved_voice_references/patriatte.wav,ขุนนางกับสามัญชนมันเหลื่อมล้ำกันอยู่แล้ว คิดว่าอาณาจักรนี้จะสามัคคีได้เพราะท่านเหรอ?,,,PENDING_MANUAL_GENERATION,,triangle-strategy
779,MS15_X31_BATTLE_01_DRAMA_M_PTR_0050.wav,MS15_X31_BATTLE_01_DRAMA_M_PTR_0050,795,795,795,797,พาทริเอ็ทท์,npc,male,patriatte,assets/triangle-strategy/approved_voice_references/patriatte.wav,ท่านคิดผิดมหันต์แล้ว... เหตุใดจึงต้องกล่าวโทษข้าด้วยล่ะ!?,,,PENDING_MANUAL_GENERATION,,triangle-strategy
780,MS15_X31_BATTLE_01_DRAMA_M_PTR_0060.wav,MS15_X31_BATTLE_01_DRAMA_M_PTR_0060,796,796,796,798,พาทริเอ็ทท์,npc,male,patriatte,assets/triangle-strategy/approved_voice_references/patriatte.wav,ท่านหาขุนนางที่ดีกว่านี้ไม่ได้แล้วนะ!,,,PENDING_MANUAL_GENERATION,,triangle-strategy
781,MS15_X31_BATTLE_01_DRAMA_M_PTR_0070.wav,MS15_X31_BATTLE_01_DRAMA_M_PTR_0070,797,797,797,799,พาทริเอ็ทท์,npc,male,patriatte,assets/triangle-strategy/approved_voice_references/patriatte.wav,บอกพวกเขาไปสิคอร์เดเลีย! ท่านรู้ใช่ไหมว่าข้าทำอะไรลงไปบ้าง!,,,PENDING_MANUAL_GENERATION,,triangle-strategy
782,MS15_X31_BATTLE_01_DRAMA_M_PTR_0080.wav,MS15_X31_BATTLE_01_DRAMA_M_PTR_0080,798,798,798,800,พาทริเอ็ทท์,npc,male,patriatte,assets/triangle-strategy/approved_voice_references/patriatte.wav,สมคำร่ำลือจริงๆ นะวูล์ฟฟอร์ตเอ๋ย ข้านึกว่าตัวเองเตรียมตัวมาดีแล้วแท้ๆ...,,,PENDING_MANUAL_GENERATION,,triangle-strategy
783,MS15_X31_BATTLE_01_DRAMA_M_PTR_0090.wav,MS15_X31_BATTLE_01_DRAMA_M_PTR_0090,799,799,799,801,พาทริเอ็ทท์,npc,male,patriatte,assets/triangle-strategy/approved_voice_references/patriatte.wav,เออ หลอกตัวเองเข้าไปเถอะ ท่านมันก็ทรราชดีๆ คนหนึ่งนี่เอง,,,PENDING_MANUAL_GENERATION,,triangle-strategy
784,MS15_X31_BATTLE_01_DRAMA_M_PTR_0100.wav,MS15_X31_BATTLE_01_DRAMA_M_PTR_0100,800,800,800,802,พาทริเอ็ทท์,npc,male,patriatte,assets/triangle-strategy/approved_voice_references/patriatte.wav,อาณาจักรเดินหน้าได้ด้วยแนวร่วมและข้อตกลงขอรับ ไม่ใช่ความฝัน,,,PENDING_MANUAL_GENERATION,,triangle-strategy
785,MS15_X31_BATTLE_01_DRAMA_M_PTR_0110.wav,MS15_X31_BATTLE_01_DRAMA_M_PTR_0110,801,801,801,803,พาทริเอ็ทท์,npc,male,patriatte,assets/triangle-strategy/approved_voice_references/patriatte.wav,สังหารข้าไป...ประชาชนก็ไม่สามัคคีกันหรอก พวกเขาเป็นแบบนี้... ไม่ใช่เพราะความแค้นเคืองเพียงอย่างเดียว...,,,PENDING_MANUAL_GENERATION,,triangle-strategy
786,MS15_X31_BATTLE_01_DRAMA_M_PTR_0120.wav,MS15_X31_BATTLE_01_DRAMA_M_PTR_0120,802,802,802,804,พาทริเอ็ทท์,npc,male,patriatte,assets/triangle-strategy/approved_voice_references/patriatte.wav,ชะตาของราชวงศ์... ท่านทำลายมันเองกับมือ...,,,PENDING_MANUAL_GENERATION,,triangle-strategy
787,MS15_X31_BATTLE_01_DRAMA_M_PTR_0130.wav,MS15_X31_BATTLE_01_DRAMA_M_PTR_0130,803,803,803,805,พาทริเอ็ทท์,npc,male,patriatte,assets/triangle-strategy/approved_voice_references/patriatte.wav,สำเร็จแล้ว ข้าทำสำเร็จ!,,,PENDING_MANUAL_GENERATION,,triangle-strategy
788,MS15_X31_BATTLE_01_DRAMA_M_PTR_0140.wav,MS15_X31_BATTLE_01_DRAMA_M_PTR_0140,804,804,804,806,พาทริเอ็ทท์,npc,male,patriatte,assets/triangle-strategy/approved_voice_references/patriatte.wav,ฝ่าบาทตายแล้ว! เกลนบรู๊ึคจะเป็นของข้าเพียงผู้เดียว!,,,PENDING_MANUAL_GENERATION,,triangle-strategy
789,MS15_X31_BATTLE_01_DRAMA_M_RLN_0010.wav,MS15_X31_BATTLE_01_DRAMA_M_RLN_0010,805,805,805,807,Roland,main,male,roland,assets/triangle-strategy/approved_voice_references/roland.wav,เพิ่งกอบกู้นครหลวงได้แท้ๆ คิดจะโค่นล้มกันซะแล้วเหรอ!?,,,PENDING_MANUAL_GENERATION,,triangle-strategy
790,MS15_X31_BATTLE_01_DRAMA_M_RLN_0020.wav,MS15_X31_BATTLE_01_DRAMA_M_RLN_0020,806,806,806,808,Roland,main,male,roland,assets/triangle-strategy/approved_voice_references/roland.wav,สามัคคีได้สิวะ! ข้าจะกอบกู้เกียรติยศให้อาณาจักรนี้เอง!,,,PENDING_MANUAL_GENERATION,,triangle-strategy
791,MS15_X31_BATTLE_01_DRAMA_M_RLN_0030.wav,MS15_X31_BATTLE_01_DRAMA_M_RLN_0030,807,807,807,809,Roland,main,male,roland,assets/triangle-strategy/approved_voice_references/roland.wav,น้องข้า เวทย์ฟื้นฟูของเจ้ามีประโยชน์ยิ่งนัก,,,PENDING_MANUAL_GENERATION,,triangle-strategy
792,MS15_X31_BATTLE_01_DRAMA_M_RLN_0040.wav,MS15_X31_BATTLE_01_DRAMA_M_RLN_0040,808,808,808,810,Roland,main,male,roland,assets/triangle-strategy/approved_voice_references/roland.wav,ตอนนี้ไม่ใช่เวลามาปรานีใครนะคอร์เดเลีย ราชวงศ์ของเราต้องร่วมมือกัน,,,PENDING_MANUAL_GENERATION,,triangle-strategy
793,MS15_X31_BATTLE_01_DRAMA_M_RLN_0050.wav,MS15_X31_BATTLE_01_DRAMA_M_RLN_0050,809,809,809,811,Roland,main,male,roland,assets/triangle-strategy/approved_voice_references/roland.wav,เพื่อกำจัดคนที่บ่อนทำลายเราออกไปซะ!,,,PENDING_MANUAL_GENERATION,,triangle-strategy
794,MS15_X31_BATTLE_01_DRAMA_M_RLN_0060.wav,MS15_X31_BATTLE_01_DRAMA_M_RLN_0060,810,810,810,812,Roland,main,male,roland,assets/triangle-strategy/approved_voice_references/roland.wav,เมื่อกี้ว่ายังไงนะ!?,,,PENDING_MANUAL_GENERATION,,triangle-strategy
795,MS15_X31_BATTLE_01_DRAMA_M_RLN_0070.wav,MS15_X31_BATTLE_01_DRAMA_M_RLN_0070,811,811,811,813,Roland,main,male,roland,assets/triangle-strategy/approved_voice_references/roland.wav,แล้วเราจะมีอนาคตที่ดีโดยไม่วาดฝันได้ยังไง? ถ้ายังไม่อยากตายก็เลือกใช้คำพูดดีๆ นะพาทริเอ็ทท์!,,,PENDING_MANUAL_GENERATION,,triangle-strategy
796,MS15_X31_BATTLE_01_DRAMA_M_RLN_0080.wav,MS15_X31_BATTLE_01_DRAMA_M_RLN_0080,812,812,812,814,Roland,main,male,roland,assets/triangle-strategy/approved_voice_references/roland.wav,เจ้าทำมากพอแล้วคอร์เดเลีย ที่เหลือเดี๋ยวข้าจัดการให้เอง,,,PENDING_MANUAL_GENERATION,,triangle-strategy
797,MS15_X31_BATTLE_01_DRAMA_M_RLN_0090.wav,MS15_X31_BATTLE_01_DRAMA_M_RLN_0090,813,813,813,815,Roland,main,male,roland,assets/triangle-strategy/approved_voice_references/roland.wav,ข้าสาบานจะฟื้นฟูเกลนบรู๊คกลับคืนมา ไม่ว่าต้องแลกด้วยอะไรก็ตาม,,,PENDING_MANUAL_GENERATION,,triangle-strategy
798,MS15_X31_BATTLE_01_DRAMA_M_RLN_0100.wav,MS15_X31_BATTLE_01_DRAMA_M_RLN_0100,814,814,814,816,Roland,main,male,roland,assets/triangle-strategy/approved_voice_references/roland.wav,ขอบคุณที่รับใช้มาตลอด พาทริเอ็ทท์,,,PENDING_MANUAL_GENERATION,,triangle-strategy
799,MS15_X31_BATTLE_01_DRAMA_M_RLN_0110.wav,MS15_X31_BATTLE_01_DRAMA_M_RLN_0110,815,815,815,817,Roland,main,male,roland,assets/triangle-strategy/approved_voice_references/roland.wav,อาณาจักรจะล่มสลายหากไร้ตัวข้า... ข้าไม่ยอมแพ้หรอกนะ!,,,PENDING_MANUAL_GENERATION,,triangle-strategy
800,MS15_X31_BATTLE_01_DRAMA_M_RLN_0120.wav,MS15_X31_BATTLE_01_DRAMA_M_RLN_0120,816,816,816,818,Roland,main,male,roland,assets/triangle-strategy/approved_voice_references/roland.wav,ไม่จริง... เป็นไปไม่ได้...,,,PENDING_MANUAL_GENERATION,,triangle-strategy
801,MS15_X31_RESEARCH_01_AFTER_F_HEW_0010.wav,MS15_X31_RESEARCH_01_AFTER_F_HEW_0010,817,817,817,819,Hughette,main,female,hughette,assets/triangle-strategy/approved_voice_references/hughette.wav,ฝ่าบาท ข้าทนไม่ไหวแล้วนะเจ้าคะ!,,,PENDING_MANUAL_GENERATION,,triangle-strategy
802,MS15_X31_RESEARCH_01_AFTER_M_M253_0010.wav,MS15_X31_RESEARCH_01_AFTER_M_M253_0010,818,818,818,820,ชายชาวเมือง/ทหาร/ผู้ติดตาม,generic,male,MALE_ADULT_C,assets/triangle-strategy/approved_voice_references/MALE_ADULT_C.wav,ท่านคงต้องเข้าใจผิดเป็นแน่! ทำไมข้าต้องจ่ายเงินเพื่อเปิดร้านค้าด้วยล่ะ?,,,PENDING_MANUAL_GENERATION,,triangle-strategy
803,MS15_X31_RESEARCH_01_AFTER_M_M253_0020.wav,MS15_X31_RESEARCH_01_AFTER_M_M253_0020,819,819,819,821,ชายชาวเมือง/ทหาร/ผู้ติดตาม,generic,male,MALE_ADULT_C,assets/triangle-strategy/approved_voice_references/MALE_ADULT_C.wav,ไร้สาระ! พวกเรามีสิทธิจะค้าขายอะไรก็ได้ในระบอบของราชรัฐไม่ใช่หรือไง!,,,PENDING_MANUAL_GENERATION,,triangle-strategy
804,MS15_X31_RESEARCH_01_AFTER_M_M253_0030.wav,MS15_X31_RESEARCH_01_AFTER_M_M253_0030,820,820,820,822,ชายชาวเมือง/ทหาร/ผู้ติดตาม,generic,male,MALE_ADULT_C,assets/triangle-strategy/approved_voice_references/MALE_ADULT_C.wav,มะ-ไม่มีทางอยู่แล้วขอรับ! ก็ได้ ข้าจ่ายแล้วท่านจบนะ!,,,PENDING_MANUAL_GENERATION,,triangle-strategy
805,MS15_X31_RESEARCH_01_AFTER_M_M253_0040.wav,MS15_X31_RESEARCH_01_AFTER_M_M253_0040,821,821,821,823,ชายชาวเมือง/ทหาร/ผู้ติดตาม,generic,male,MALE_ADULT_C,assets/triangle-strategy/approved_voice_references/MALE_ADULT_C.wav,ข้าจะจ่ายภาษี เพื่อราชวงศ์อันเป็นที่รักของเราขอรับ,,,PENDING_MANUAL_GENERATION,,triangle-strategy
806,MS15_X31_RESEARCH_01_AFTER_M_M253_0050.wav,MS15_X31_RESEARCH_01_AFTER_M_M253_0050,822,822,822,824,ชายชาวเมือง/ทหาร/ผู้ติดตาม,generic,male,MALE_ADULT_C,assets/triangle-strategy/approved_voice_references/MALE_ADULT_C.wav,โปรดรับมันไว้ด้วยเถิด,,,PENDING_MANUAL_GENERATION,,triangle-strategy
807,MS15_X31_RESEARCH_01_AFTER_M_PTR_0010.wav,MS15_X31_RESEARCH_01_AFTER_M_PTR_0010,823,823,823,825,พาทริเอ็ทท์,npc,male,patriatte,assets/triangle-strategy/approved_voice_references/patriatte.wav,ก็เจ้าค้าขายกับพวกเอสฟรอสต์นี่น่า,,,PENDING_MANUAL_GENERATION,,triangle-strategy
808,MS15_X31_RESEARCH_01_AFTER_M_PTR_0020.wav,MS15_X31_RESEARCH_01_AFTER_M_PTR_0020,824,824,824,826,พาทริเอ็ทท์,npc,male,patriatte,assets/triangle-strategy/approved_voice_references/patriatte.wav,ป่านนี้เจ้าคงรวยล้นฟ้า โดยที่เกลนบรู๊คไม่ได้รับผลประโยชน์อันใดเลย,,,PENDING_MANUAL_GENERATION,,triangle-strategy
809,MS15_X31_RESEARCH_01_AFTER_M_PTR_0030.wav,MS15_X31_RESEARCH_01_AFTER_M_PTR_0030,825,825,825,827,พาทริเอ็ทท์,npc,male,patriatte,assets/triangle-strategy/approved_voice_references/patriatte.wav,กล้าพูดนักนะ แบบนี้ถือว่าหมิ่นเบื้องสูงใช่เล่น หรืออยากจะก่อกบฎกันล่ะ?,,,PENDING_MANUAL_GENERATION,,triangle-strategy
810,MS15_X31_RESEARCH_01_AFTER_M_PTR_0040.wav,MS15_X31_RESEARCH_01_AFTER_M_PTR_0040,826,826,826,828,พาทริเอ็ทท์,npc,male,patriatte,assets/triangle-strategy/approved_voice_references/patriatte.wav,ก็ต้องจ่ายอยู่แล้วสิ มันคือหน้าที่ของราษฎรเกลนบรู๊คยังไงล่ะ แต่เรื่องที่เจ้าหมิ่นเบื้องสูงนี่จะเอายังไงดี?,,,PENDING_MANUAL_GENERATION,,triangle-strategy
811,MS15_X31_RESEARCH_01_AFTER_M_PTR_0050.wav,MS15_X31_RESEARCH_01_AFTER_M_PTR_0050,827,827,827,829,พาทริเอ็ทท์,npc,male,patriatte,assets/triangle-strategy/approved_voice_references/patriatte.wav,สงสัยคงเรียนรู้แล้วสินะ ฝ่าบาทโรแลนด์คงต้องดีใจเป็นแน่,,,PENDING_MANUAL_GENERATION,,triangle-strategy
812,MS15_X31_RESEARCH_01_AFTER_M_RLN_0010.wav,MS15_X31_RESEARCH_01_AFTER_M_RLN_0010,828,828,828,830,Roland,main,male,roland,assets/triangle-strategy/approved_voice_references/roland.wav,ข้าเหมือนกัน จับกุมพาทริเอ็ทท์ซะ!,,,PENDING_MANUAL_GENERATION,,triangle-strategy
813,MS15_X31_RESEARCH_01_AFTER_M_SEL_0010.wav,MS15_X31_RESEARCH_01_AFTER_M_SEL_0010,829,829,829,831,Serenoa,main,male,serenoa,assets/triangle-strategy/approved_voice_references/serenoa.wav,ไอ้สารเลวนี่...,,,PENDING_MANUAL_GENERATION,,triangle-strategy
814,MS15_X31_RESEARCH_01_BEFORE_F_M250_0010.wav,MS15_X31_RESEARCH_01_BEFORE_F_M250_0010,830,830,830,832,หญิงชาวเมือง/ผู้ติดตาม,generic,female,FEMALE_YOUNG_A,assets/triangle-strategy/approved_voice_references/FEMALE_YOUNG_A.wav,โปรดแบ่งเศษขนมปังให้ข้าเถิด... ข้าขอล่ะเจ้าค่ะ...,,,PENDING_MANUAL_GENERATION,,triangle-strategy
815,MS15_X31_RESEARCH_01_BEFORE_M_M251_0010.wav,MS15_X31_RESEARCH_01_BEFORE_M_M251_0010,831,831,831,833,ชายชาวเมือง/ทหาร/ผู้ติดตาม,generic,male,MALE_ADULT_A,assets/triangle-strategy/approved_voice_references/MALE_ADULT_A.wav,ไม่มีทาง! คนที่ก้มหัวให้อำนาจเอสฟรอสต์เช่นเจ้า สมควรหิวตายไปซะ!,,,PENDING_MANUAL_GENERATION,,triangle-strategy
816,MS15_X31_RESEARCH_01_BEFORE_M_M251_0020.wav,MS15_X31_RESEARCH_01_BEFORE_M_M251_0020,832,832,832,834,ชายชาวเมือง/ทหาร/ผู้ติดตาม,generic,male,MALE_ADULT_A,assets/triangle-strategy/approved_voice_references/MALE_ADULT_A.wav,ใครๆเขาก็พูดกันทั้งนั้นแหละ! หรือเจ้าอยากมีเรื่องกับคนครึ่งอาณาจักร!?,,,PENDING_MANUAL_GENERATION,,triangle-strategy
817,MS15_X31_RESEARCH_01_BEFORE_M_M252_0010.wav,MS15_X31_RESEARCH_01_BEFORE_M_M252_0010,833,833,833,835,ชายชาวเมือง/ทหาร/ผู้ติดตาม,generic,male,MALE_ADULT_B,assets/triangle-strategy/approved_voice_references/MALE_ADULT_B.wav,"พูดได้ไม่อายปากจริงๆนะ! เจ้าเองก็เอาแต่พูดว่า ""ราชรัฐจงเจริญ"" ทุกครั้งที่พวกเอสฟรอสต์เดินผ่านไม่ใช่หรือไง!?",,,PENDING_MANUAL_GENERATION,,triangle-strategy
818,MS15_X31_RESEARCH_01_BEFORE_M_RLN_0010.wav,MS15_X31_RESEARCH_01_BEFORE_M_RLN_0010,834,834,834,836,Roland,main,male,roland,assets/triangle-strategy/approved_voice_references/roland.wav,ระบอบเอสฟรอสต์ ทำอาณาจักรของเราแตกหัก,,,PENDING_MANUAL_GENERATION,,triangle-strategy
819,MS15_X31_RESEARCH_01_BEFORE_M_RLN_0020.wav,MS15_X31_RESEARCH_01_BEFORE_M_RLN_0020,835,835,835,837,Roland,main,male,roland,assets/triangle-strategy/approved_voice_references/roland.wav,และเจ้าต้องช่วยข้ารักษามันไว้ ภายใต้ระบอบของข้านะ!,,,PENDING_MANUAL_GENERATION,,triangle-strategy
820,MS15_X31_WD_0010_N_NNN_0010.wav,MS15_X31_WD_0010_N_NNN_0010,837,837,837,839,Narrator,narrator,female,narrator,assets/triangle-strategy/approved_voice_references/narrator.wav,ด้วยความสงบสุขที่หวนคืนสู่นครหลวงในชั่วขณะหนึ่ง เหล่าวูล์ฟฟอร์ตจึงแยกย้ายไปตามทางของตน,,,PENDING_MANUAL_GENERATION,,triangle-strategy
821,MS15_X31_WD_0010_N_NNN_0020.wav,MS15_X31_WD_0010_N_NNN_0020,838,838,838,840,Narrator,narrator,female,narrator,assets/triangle-strategy/approved_voice_references/narrator.wav,เบเนดิกต์มุ่งหน้าสู่ปราสาทวูล์ฟฟอร์ตคนเดียว,,,PENDING_MANUAL_GENERATION,,triangle-strategy
822,MS15_X31_WD_0010_N_NNN_0030.wav,MS15_X31_WD_0010_N_NNN_0030,839,839,839,841,Narrator,narrator,female,narrator,assets/triangle-strategy/approved_voice_references/narrator.wav,เช่นเดียวกับเฟรเดอริก้าผู้มุ่งหน้าสู่หมู่บ้านโรเซลล์,,,PENDING_MANUAL_GENERATION,,triangle-strategy
823,MS15_X31_WD_0010_N_NNN_0040.wav,MS15_X31_WD_0010_N_NNN_0040,840,840,840,842,Narrator,narrator,female,narrator,assets/triangle-strategy/approved_voice_references/narrator.wav,ขณะเดียวกัน เซเรโนอาและฝ่าบาทโรแลนด์ได้ลงมือสืบสวนขบวนการขุนนางผู้กระหายอำนาจที่ตนสูญเสียไป,,,PENDING_MANUAL_GENERATION,,triangle-strategy
824,MS15_X32_A1_0010_F_TRI_0010.wav,MS15_X32_A1_0010_F_TRI_0010,841,841,841,843,Trish,npc,female,trish,assets/triangle-strategy/approved_voice_references/trish.wav,ชิ... ไม่อยากเชื่อเลยเนอะป๊า ว่าพวกวูล์ฟฟอร์ตจะขับไล่ชาวโรเซลล์กลับไฮแซนต์ได้ลงคอ... ไอ้พวกสารเลวไร้หัวใจ!,,,PENDING_MANUAL_GENERATION,,triangle-strategy
825,MS15_X32_A1_0010_F_TRI_0020.wav,MS15_X32_A1_0010_F_TRI_0020,842,842,842,844,Trish,npc,female,trish,assets/triangle-strategy/approved_voice_references/trish.wav,นี่ป๊าคิดว่ามีสมบัติซ่อนอยู่ที่นั่นจริงๆเหรอ ถึงมันจะตรงตามหนังสือก็เถอะ แต่ว่า...,,,PENDING_MANUAL_GENERATION,,triangle-strategy
826,MS15_X32_A1_0010_F_TRI_0030.wav,MS15_X32_A1_0010_F_TRI_0030,843,843,843,845,Trish,npc,female,trish,assets/triangle-strategy/approved_voice_references/trish.wav,ป๊าจะเลิกเป็นโจรเหรอ!?,,,PENDING_MANUAL_GENERATION,,triangle-strategy
827,MS15_X32_A1_0010_F_TRI_0040.wav,MS15_X32_A1_0010_F_TRI_0040,844,844,844,846,Trish,npc,female,trish,assets/triangle-strategy/approved_voice_references/trish.wav,บ้าไปแล้ว ศักดิ์ศรีโจรของป๊ามันหายไปไหนกัน!?,,,PENDING_MANUAL_GENERATION,,triangle-strategy
828,MS15_X32_A1_0010_F_TRI_0050.wav,MS15_X32_A1_0010_F_TRI_0050,845,845,845,847,Trish,npc,female,trish,assets/triangle-strategy/approved_voice_references/trish.wav,การปล้นคือบันไดสู่ขุมทรัพย์อันยิ่งใหญ่! ป๊าพูดเช่นนั้นเสมอไม่ใช่เหรอ!?,,,PENDING_MANUAL_GENERATION,,triangle-strategy
829,MS15_X32_A1_0010_F_TRI_0060.wav,MS15_X32_A1_0010_F_TRI_0060,846,846,846,848,Trish,npc,female,trish,assets/triangle-strategy/approved_voice_references/trish.wav,ก็ได้ ข้าเข้าใจแล้ว ป๊ามันก็แค่คนขี้ขลาด!,,,PENDING_MANUAL_GENERATION,,triangle-strategy
830,MS15_X32_A1_0010_F_TRI_0070.wav,MS15_X32_A1_0010_F_TRI_0070,847,847,847,849,Trish,npc,female,trish,assets/triangle-strategy/approved_voice_references/trish.wav,ป๊าจะวางมือหรือเปล่าข้าไม่สนหรอก! ตัวข้าคนเดียวก็เป็นยอดโจรได้แล้ว!,,,PENDING_MANUAL_GENERATION,,triangle-strategy
831,MS15_X32_A1_0010_F_TRI_0080.wav,MS15_X32_A1_0010_F_TRI_0080,848,848,848,850,Trish,npc,female,trish,assets/triangle-strategy/approved_voice_references/trish.wav,ข้าไม่อยากเชื่อฟังป๊าแล้ว!,,,PENDING_MANUAL_GENERATION,,triangle-strategy
832,MS15_X32_A1_0010_M_M328_0010.wav,MS15_X32_A1_0010_M_M328_0010,849,849,849,851,ชายชาวเมือง/ทหาร/ผู้ติดตาม,generic,male,MALE_ADULT_B,assets/triangle-strategy/approved_voice_references/MALE_ADULT_B.wav,บอสขอรับ... จะปล่อยให้นางเดินหนีไปแบบนั้นจริงๆเหรอ?,,,PENDING_MANUAL_GENERATION,,triangle-strategy
833,MS15_X32_A1_0010_M_TRA_0010.wav,MS15_X32_A1_0010_M_TRA_0010,850,850,850,852,Travis,npc,male,travis,assets/triangle-strategy/approved_voice_references/travis.wav,หน่วยลาดตระเวนของเรายืนยันข่าวแล้ว หมู่บ้านโรเซลล์ถูกทิ้งร้างจริงๆด้วย,,,PENDING_MANUAL_GENERATION,,triangle-strategy
834,MS15_X32_A1_0010_M_TRA_0020.wav,MS15_X32_A1_0010_M_TRA_0020,851,851,851,853,Travis,npc,male,travis,assets/triangle-strategy/approved_voice_references/travis.wav,ถ้างั้นก็ค้นหมู่บ้านหาสมบัติได้ตามสบาย ไม่ต้องรีบร้อนเลยสินะ,,,PENDING_MANUAL_GENERATION,,triangle-strategy
835,MS15_X32_A1_0010_M_TRA_0030.wav,MS15_X32_A1_0010_M_TRA_0030,852,852,852,854,Travis,npc,male,travis,assets/triangle-strategy/approved_voice_references/travis.wav,ข้าเชื่ออยู่แล้ว! ขโมยมาจากหอสมุดเอสฟรอสต์เชียวนะ!,,,PENDING_MANUAL_GENERATION,,triangle-strategy
836,MS15_X32_A1_0010_M_TRA_0040.wav,MS15_X32_A1_0010_M_TRA_0040,853,853,853,855,Travis,npc,male,travis,assets/triangle-strategy/approved_voice_references/travis.wav,ที่นั่นต้องมีสมบัติลับสุดยอดแน่ๆ เราจะได้ทำมาหากินสุจริตสักที,,,PENDING_MANUAL_GENERATION,,triangle-strategy
837,MS15_X32_A1_0010_M_TRA_0050.wav,MS15_X32_A1_0010_M_TRA_0050,854,854,854,856,Travis,npc,male,travis,assets/triangle-strategy/approved_voice_references/travis.wav,ข้าเคยพูดเช่นนั้น แต่นอร์เซเลียกำลังเปลี่ยนไปแล้ว,,,PENDING_MANUAL_GENERATION,,triangle-strategy
838,MS15_X32_A1_0010_M_TRA_0060.wav,MS15_X32_A1_0010_M_TRA_0060,855,855,855,857,Travis,npc,male,travis,assets/triangle-strategy/approved_voice_references/travis.wav,ตอนนี้กำลังเกิดสงครามทั่วดินแดน เราไม่ควรเอาชีวิตตัวเองไปทิ้งมั่วซั่วนะ,,,PENDING_MANUAL_GENERATION,,triangle-strategy
839,MS15_X32_A1_0010_M_TRA_0070.wav,MS15_X32_A1_0010_M_TRA_0070,856,856,856,858,Travis,npc,male,travis,assets/triangle-strategy/approved_voice_references/travis.wav,เข้าใจป๊าใช่ไหม ทริช?,,,PENDING_MANUAL_GENERATION,,triangle-strategy
840,MS15_X32_A1_0010_M_TRA_0080.wav,MS15_X32_A1_0010_M_TRA_0080,857,857,857,859,Travis,npc,male,travis,assets/triangle-strategy/approved_voice_references/travis.wav,เออ ตามใจเจ้าก็แล้วกัน ไอ้เด็กบื้อ!,,,PENDING_MANUAL_GENERATION,,triangle-strategy
841,MS15_X32_A1_0010_M_TRA_0090.wav,MS15_X32_A1_0010_M_TRA_0090,858,858,858,860,Travis,npc,male,travis,assets/triangle-strategy/approved_voice_references/travis.wav,ข้าอยากบอกว่านางทำให้ข้านึกถึงใครคนหนึ่ง แต่นางไม่น่าฟังข้าหรอก...,,,PENDING_MANUAL_GENERATION,,triangle-strategy
842,MS15_X32_A1_0010_M_TRA_0100.wav,MS15_X32_A1_0010_M_TRA_0100,859,859,859,861,Travis,npc,male,travis,assets/triangle-strategy/approved_voice_references/travis.wav,ช่างเถอะ ไปตามหาสมบัติที่หมู่บ้านโรเซลล์กันก่อน,,,PENDING_MANUAL_GENERATION,,triangle-strategy
843,MS15_X32_A1_0020_F_FRE_0010.wav,MS15_X32_A1_0020_F_FRE_0010,860,860,860,862,Frederica,main,female,frederica,assets/triangle-strategy/approved_voice_references/frederica.wav,คำสอนของรัฐศักดิ์สิทธิ์มันลวงโลก ของขวัญแห่งเทพธิดาที่ถูกส่งต่อให้ชาวนอร์เซเลียทุกคน,,,PENDING_MANUAL_GENERATION,,triangle-strategy
844,MS15_X32_A1_0020_F_FRE_0020.wav,MS15_X32_A1_0020_F_FRE_0020,861,861,861,863,Frederica,main,female,frederica,assets/triangle-strategy/approved_voice_references/frederica.wav,ของขวัญอันแท้จริง คือกุญแจปลดโซ่พันธนาการให้คนของเรา,,,PENDING_MANUAL_GENERATION,,triangle-strategy
845,MS15_X32_A1_0020_F_FRE_0030.wav,MS15_X32_A1_0020_F_FRE_0030,862,862,862,864,Frederica,main,female,frederica,assets/triangle-strategy/approved_voice_references/frederica.wav,"ใช่แล้วล่ะ ""ของขวัญ"" ที่แม่ของข้าพูดถึงคือคริสตัลเกลือ",,,PENDING_MANUAL_GENERATION,,triangle-strategy
846,MS15_X32_A1_0020_F_FRE_0040.wav,MS15_X32_A1_0020_F_FRE_0040,863,863,863,865,Frederica,main,female,frederica,assets/triangle-strategy/approved_voice_references/frederica.wav,แต่ข้าไม่มีวันอภัยไฮแซนต์แน่!,,,PENDING_MANUAL_GENERATION,,triangle-strategy
847,MS15_X32_A1_0020_F_FRE_0050.wav,MS15_X32_A1_0020_F_FRE_0050,864,864,864,866,Frederica,main,female,frederica,assets/triangle-strategy/approved_voice_references/frederica.wav,พวกมันเปลี่ยนแปลงประวัติศาสตร์ด้วยคำสอนลวงๆ เพื่อกดขี่ชาวโรเซลล์! พวกมันก็แค่อยากมีอำนาจผูกขาดเกลือ!,,,PENDING_MANUAL_GENERATION,,triangle-strategy
848,MS15_X32_A1_0020_F_FRE_0060.wav,MS15_X32_A1_0020_F_FRE_0060,865,865,865,867,Frederica,main,female,frederica,assets/triangle-strategy/approved_voice_references/frederica.wav,เซเรโนอา เราใช้ข้อมูลนี้ปลดปล่อยชาวโรเซลล์ได้ไหม?,,,PENDING_MANUAL_GENERATION,,triangle-strategy
849,MS15_X32_A1_0020_F_FRE_0070.wav,MS15_X32_A1_0020_F_FRE_0070,866,866,866,868,Frederica,main,female,frederica,assets/triangle-strategy/approved_voice_references/frederica.wav,ต่อให้ใช้เวลานานข้าก็ไม่สนหรอก ทำไมเราถึงตามหาความจริงไม่ได้ล่ะ?,,,PENDING_MANUAL_GENERATION,,triangle-strategy
850,MS15_X32_A1_0020_F_FRE_0080.wav,MS15_X32_A1_0020_F_FRE_0080,867,867,867,869,Frederica,main,female,frederica,assets/triangle-strategy/approved_voice_references/frederica.wav,ข้ารู้ว่าสิ่งที่ขอมันเสี่ยงเกินไป,,,PENDING_MANUAL_GENERATION,,triangle-strategy
851,MS15_X32_A1_0020_F_FRE_0090.wav,MS15_X32_A1_0020_F_FRE_0090,868,868,868,870,Frederica,main,female,frederica,assets/triangle-strategy/approved_voice_references/frederica.wav,แต่ท่านแม่มอบโอกาสแก้แค้นให้เราผ่านหนังสือเล่มนี้ ข้าไม่ยอมให้มันหลุดมือไปง่ายๆหรอกนะ!,,,PENDING_MANUAL_GENERATION,,triangle-strategy
852,MS15_X32_A1_0020_F_FRE_0100.wav,MS15_X32_A1_0020_F_FRE_0100,869,869,869,871,Frederica,main,female,frederica,assets/triangle-strategy/approved_voice_references/frederica.wav,ได้สิ ข้าเชื่อมั่นในตระกูลวูล์ฟฟอร์ต...,,,PENDING_MANUAL_GENERATION,,triangle-strategy
853,MS15_X32_A1_0020_F_FRE_0110.wav,MS15_X32_A1_0020_F_FRE_0110,870,870,870,872,Frederica,main,female,frederica,assets/triangle-strategy/approved_voice_references/frederica.wav,รวมถึงเจ้าด้วยนะ เซเรโนอา,,,PENDING_MANUAL_GENERATION,,triangle-strategy
854,MS15_X32_A1_0020_F_YRA_0010.wav,MS15_X32_A1_0020_F_YRA_0010,871,871,871,873,Geela,main,female,geela,assets/triangle-strategy/approved_voice_references/geela.wav,ถ้อยคำของท่านหญิงออลายา เจอร์รอมเคยพูดเรื่องนี้มาก่อน...,,,PENDING_MANUAL_GENERATION,,triangle-strategy
855,MS15_X32_A1_0020_M_SEL_0010.wav,MS15_X32_A1_0020_M_SEL_0010,872,872,872,874,Serenoa,main,male,serenoa,assets/triangle-strategy/approved_voice_references/serenoa.wav,คำสอนลวงโลกพวกนั้น พูดถึงเกลือนอกเหนือจากในนาเกลือสินะ,,,PENDING_MANUAL_GENERATION,,triangle-strategy
856,MS15_X32_A1_0020_M_SEL_0020.wav,MS15_X32_A1_0020_M_SEL_0020,873,873,873,875,Serenoa,main,male,serenoa,assets/triangle-strategy/approved_voice_references/serenoa.wav,มันเป็นกุญแจสำคัญ เพื่อทำลายการผูกขาดเกลือของไฮแซนต์...,,,PENDING_MANUAL_GENERATION,,triangle-strategy
857,MS15_X32_A1_0020_M_SEL_0030.wav,MS15_X32_A1_0020_M_SEL_0030,874,874,874,876,Serenoa,main,male,serenoa,assets/triangle-strategy/approved_voice_references/serenoa.wav,สิ่งนี้มีอำนาจในการพลิกโฉมนอร์เซเลียแน่นอน แต่มันเป็นเรื่องละเอียดอ่อนที่จะพูดออกมา,,,PENDING_MANUAL_GENERATION,,triangle-strategy
858,MS15_X32_A1_0020_M_SEL_0040.wav,MS15_X32_A1_0020_M_SEL_0040,875,875,875,877,Serenoa,main,male,serenoa,assets/triangle-strategy/approved_voice_references/serenoa.wav,เราต้องมีหลักฐานมัดตัวก่อน ตอนนี้เรามีเพียงคริสตัลเกลือเท่านั้น,,,PENDING_MANUAL_GENERATION,,triangle-strategy
859,MS15_X32_A1_0020_M_SEL_0050.wav,MS15_X32_A1_0020_M_SEL_0050,876,876,876,878,Serenoa,main,male,serenoa,assets/triangle-strategy/approved_voice_references/serenoa.wav,ทั้งเรื่องเกลือใต้ดิน รวมถึงความจริงแห่งรูปปั้นเทพธิดา ตอนนี้เรายังสรุปไม่ได้ทั้งคู่,,,PENDING_MANUAL_GENERATION,,triangle-strategy
860,MS15_X32_A1_0020_M_SEL_0060.wav,MS15_X32_A1_0020_M_SEL_0060,877,877,877,879,Serenoa,main,male,serenoa,assets/triangle-strategy/approved_voice_references/serenoa.wav,...เพราะตอนนี้ตระกูลวูล์ฟฟอร์ตกำลังรับใช้ไฮแซนต์อยู่,,,PENDING_MANUAL_GENERATION,,triangle-strategy
861,MS15_X32_A1_0020_M_SEL_0070.wav,MS15_X32_A1_0020_M_SEL_0070,878,878,878,880,Serenoa,main,male,serenoa,assets/triangle-strategy/approved_voice_references/serenoa.wav,รัฐศักดิ์สิทธิ์อาจตราหน้าเราเป็นกบฎ หากสิ่งที่เราทำนั้นเป็นการลบหลู่เทพธิดา,,,PENDING_MANUAL_GENERATION,,triangle-strategy
862,MS15_X32_A1_0020_M_SEL_0080.wav,MS15_X32_A1_0020_M_SEL_0080,879,879,879,881,Serenoa,main,male,serenoa,assets/triangle-strategy/approved_voice_references/serenoa.wav,ข้าเข้าใจความรู้สึกของเจ้า รวมถึงหน้าที่พิทักษ์ชาวโรเซลล์ของเราวูล์ฟฟอร์ตด้วย...,,,PENDING_MANUAL_GENERATION,,triangle-strategy
863,MS15_X32_A1_0020_M_SEL_0090.wav,MS15_X32_A1_0020_M_SEL_0090,880,880,880,882,Serenoa,main,male,serenoa,assets/triangle-strategy/approved_voice_references/serenoa.wav,ขอเวลาคิดสักพักได้ไหม เฟรเดอริก้า,,,PENDING_MANUAL_GENERATION,,triangle-strategy
864,MS15_X32_A1_0020_M_SEL_0100.wav,MS15_X32_A1_0020_M_SEL_0100,881,881,881,883,Serenoa,main,male,serenoa,assets/triangle-strategy/approved_voice_references/serenoa.wav,ข้าขอหารือกับเบเนดิกต์และโรแลนด์ เกี่ยวกับหนังสือเล่มนี้ก่อนนะ,,,PENDING_MANUAL_GENERATION,,triangle-strategy
865,MS15_X32_A1_0020_M_SEL_0110.wav,MS15_X32_A1_0020_M_SEL_0110,882,882,882,884,Serenoa,main,male,serenoa,assets/triangle-strategy/approved_voice_references/serenoa.wav,กลับนครหลวงกันเถอะ,,,PENDING_MANUAL_GENERATION,,triangle-strategy
866,MS15_X32_BATTLE_01_AFTER_F_FRE_0010.wav,MS15_X32_BATTLE_01_AFTER_F_FRE_0010,883,883,883,885,Frederica,main,female,frederica,assets/triangle-strategy/approved_voice_references/frederica.wav,แล้วทำไมเจ้าถึงต้องทำขนาดนี้ด้วยล่ะ?,,,PENDING_MANUAL_GENERATION,,triangle-strategy
867,MS15_X32_BATTLE_01_AFTER_F_FRE_0020.wav,MS15_X32_BATTLE_01_AFTER_F_FRE_0020,884,884,884,886,Frederica,main,female,frederica,assets/triangle-strategy/approved_voice_references/frederica.wav,งั้นเรามาทำข้อตกลงกันเถอะ,,,PENDING_MANUAL_GENERATION,,triangle-strategy
868,MS15_X32_BATTLE_01_AFTER_F_FRE_0030.wav,MS15_X32_BATTLE_01_AFTER_F_FRE_0030,885,885,885,887,Frederica,main,female,frederica,assets/triangle-strategy/approved_voice_references/frederica.wav,เราจะอภัยโทษให้เจ้ากับลูกสาว และอนุญาตให้เจ้าทำงานสุจริตในแคว้นของเรา,,,PENDING_MANUAL_GENERATION,,triangle-strategy
869,MS15_X32_BATTLE_01_AFTER_F_FRE_0040.wav,MS15_X32_BATTLE_01_AFTER_F_FRE_0040,886,886,886,888,Frederica,main,female,frederica,assets/triangle-strategy/approved_voice_references/frederica.wav,แต่เจ้าจะต้องรับใช้วูล์ฟฟอร์ตเป็นการตอบแทน ตกลงไหม?,,,PENDING_MANUAL_GENERATION,,triangle-strategy
870,MS15_X32_BATTLE_01_AFTER_F_FRE_0050.wav,MS15_X32_BATTLE_01_AFTER_F_FRE_0050,887,887,887,889,Frederica,main,female,frederica,assets/triangle-strategy/approved_voice_references/frederica.wav,ข้าอยากให้เจ้าช่วยตามหาสมบัติในหมู่บ้านแห่งนี้,,,PENDING_MANUAL_GENERATION,,triangle-strategy
871,MS15_X32_BATTLE_01_AFTER_F_FRE_0060.wav,MS15_X32_BATTLE_01_AFTER_F_FRE_0060,888,888,888,890,Frederica,main,female,frederica,assets/triangle-strategy/approved_voice_references/frederica.wav,ขอโทษที่ทำอะไรโดยพลการนะ,,,PENDING_MANUAL_GENERATION,,triangle-strategy
872,MS15_X32_BATTLE_01_AFTER_F_FRE_0070.wav,MS15_X32_BATTLE_01_AFTER_F_FRE_0070,889,889,889,891,Frederica,main,female,frederica,assets/triangle-strategy/approved_voice_references/frederica.wav,แต่หากมีสมบัติที่นี่จริงๆ มันอาจจะช่วยชาวโรเซลล์ได้,,,PENDING_MANUAL_GENERATION,,triangle-strategy
873,MS15_X32_BATTLE_01_AFTER_F_FRE_0080.wav,MS15_X32_BATTLE_01_AFTER_F_FRE_0080,890,890,890,892,Frederica,main,female,frederica,assets/triangle-strategy/approved_voice_references/frederica.wav,มันก็ใช่ ข้ารู้ว่ามันเห็นแก่ตัว แต่ว่า...,,,PENDING_MANUAL_GENERATION,,triangle-strategy
874,MS15_X32_BATTLE_01_AFTER_F_FRE_0090.wav,MS15_X32_BATTLE_01_AFTER_F_FRE_0090,891,891,891,893,Frederica,main,female,frederica,assets/triangle-strategy/approved_voice_references/frederica.wav,ข้าเองก็ยอมแพ้ไม่ได้เช่นกัน,,,PENDING_MANUAL_GENERATION,,triangle-strategy
875,MS15_X32_BATTLE_01_AFTER_F_TRI_0010.wav,MS15_X32_BATTLE_01_AFTER_F_TRI_0010,892,892,892,894,Trish,npc,female,trish,assets/triangle-strategy/approved_voice_references/trish.wav,เอาจริงไหมเนี่ยป๊า!?,,,PENDING_MANUAL_GENERATION,,triangle-strategy
876,MS15_X32_BATTLE_01_AFTER_F_TRI_0020.wav,MS15_X32_BATTLE_01_AFTER_F_TRI_0020,893,893,893,895,Trish,npc,female,trish,assets/triangle-strategy/approved_voice_references/trish.wav,คิดว่าข้าจะยอมให้ท่านก้มหัวให้วูล์ฟฟอร์ตเพื่อข้าจริงเหรอ!?,,,PENDING_MANUAL_GENERATION,,triangle-strategy
877,MS15_X32_BATTLE_01_AFTER_F_TRI_0030.wav,MS15_X32_BATTLE_01_AFTER_F_TRI_0030,894,894,894,896,Trish,npc,female,trish,assets/triangle-strategy/approved_voice_references/trish.wav,เข้าใจอะไรเจ้าคะ!? ท่านใฝ่ฝันจะเป็นยอดโจรแห่งนอร์เซเลียไม่ใช่เหรอ!?,,,PENDING_MANUAL_GENERATION,,triangle-strategy
878,MS15_X32_BATTLE_01_AFTER_F_TRI_0040.wav,MS15_X32_BATTLE_01_AFTER_F_TRI_0040,895,895,895,897,Trish,npc,female,trish,assets/triangle-strategy/approved_voice_references/trish.wav,แล้วความฝันของข้าล่ะ!? ข้าไม่อยากจะนั่งเครียดชีวิตตัวเอง...ต้องคอยนับเงินที่เหลืออยู่ในทุกวัน! ข้าแค่อยากเป็นอิสระ!,,,PENDING_MANUAL_GENERATION,,triangle-strategy
879,MS15_X32_BATTLE_01_AFTER_F_TRI_0050.wav,MS15_X32_BATTLE_01_AFTER_F_TRI_0050,896,896,896,898,Trish,npc,female,trish,assets/triangle-strategy/approved_voice_references/trish.wav,ข้าอยากจะเป็นเหมือนท่านนะป๊า!,,,PENDING_MANUAL_GENERATION,,triangle-strategy
880,MS15_X32_BATTLE_01_AFTER_F_TRI_0060.wav,MS15_X32_BATTLE_01_AFTER_F_TRI_0060,897,897,897,899,Trish,npc,female,trish,assets/triangle-strategy/approved_voice_references/trish.wav,เงียบปากไปเลย ข้าไม่อยากฟังแล้ว!,,,PENDING_MANUAL_GENERATION,,triangle-strategy
881,MS15_X32_BATTLE_01_AFTER_F_YRA_0010.wav,MS15_X32_BATTLE_01_AFTER_F_YRA_0010,898,898,898,900,Geela,main,female,geela,assets/triangle-strategy/approved_voice_references/geela.wav,แม่หนูคนนั้นที่ตัวติดกับเจ้าน่ะเหรอ?,,,PENDING_MANUAL_GENERATION,,triangle-strategy
882,MS15_X32_BATTLE_01_AFTER_F_YRA_0020.wav,MS15_X32_BATTLE_01_AFTER_F_YRA_0020,899,899,899,901,Geela,main,female,geela,assets/triangle-strategy/approved_voice_references/geela.wav,เราอาจใช้สิ่งนั้นเพื่อช่วยเหลือพวกเขา หรือเจรจากับไฮแซนต์ ขึ้นอยู่กับว่ามันคืออะไรเจ้าค่ะ,,,PENDING_MANUAL_GENERATION,,triangle-strategy
883,MS15_X32_BATTLE_01_AFTER_M_ELA_0010.wav,MS15_X32_BATTLE_01_AFTER_M_ELA_0010,900,900,900,902,Erador,main,male,erador,assets/triangle-strategy/approved_voice_references/erador.wav,พอเถอะ เดี๋ยวก็ฆ่าทิ้งซะนี่,,,PENDING_MANUAL_GENERATION,,triangle-strategy
884,MS15_X32_BATTLE_01_AFTER_M_ELA_0020.wav,MS15_X32_BATTLE_01_AFTER_M_ELA_0020,901,901,901,903,Erador,main,male,erador,assets/triangle-strategy/approved_voice_references/erador.wav,เจ้าเห็นแก่ตัวไม่ใช่น้อยเลยนะ,,,PENDING_MANUAL_GENERATION,,triangle-strategy
885,MS15_X32_BATTLE_01_AFTER_M_ELA_0030.wav,MS15_X32_BATTLE_01_AFTER_M_ELA_0030,902,902,902,904,Erador,main,male,erador,assets/triangle-strategy/approved_voice_references/erador.wav,ข้าคิดว่าเขาช่วยเราสู้ได้นะ เอาแรงไปปล้นชาวบ้านคงเสียดายเปล่า,,,PENDING_MANUAL_GENERATION,,triangle-strategy
886,MS15_X32_BATTLE_01_AFTER_M_ELA_0040.wav,MS15_X32_BATTLE_01_AFTER_M_ELA_0040,903,903,903,905,Erador,main,male,erador,assets/triangle-strategy/approved_voice_references/erador.wav,ไม่ตามนางไปเหรอ?,,,PENDING_MANUAL_GENERATION,,triangle-strategy
887,MS15_X32_BATTLE_01_AFTER_M_SEL_0010.wav,MS15_X32_BATTLE_01_AFTER_M_SEL_0010,904,904,904,906,Serenoa,main,male,serenoa,assets/triangle-strategy/approved_voice_references/serenoa.wav,เฟรเดอริก้า?,,,PENDING_MANUAL_GENERATION,,triangle-strategy
888,MS15_X32_BATTLE_01_AFTER_M_SEL_0020.wav,MS15_X32_BATTLE_01_AFTER_M_SEL_0020,905,905,905,907,Serenoa,main,male,serenoa,assets/triangle-strategy/approved_voice_references/serenoa.wav,ข้าเข้าใจในสิ่งที่เจ้าต้องการนะเฟรเดอริก้า แล้วเจ้าล่ะทราวิส?,,,PENDING_MANUAL_GENERATION,,triangle-strategy
889,MS15_X32_BATTLE_01_AFTER_M_TRA_0010.wav,MS15_X32_BATTLE_01_AFTER_M_TRA_0010,906,906,906,908,Travis,npc,male,travis,assets/triangle-strategy/approved_voice_references/travis.wav,ขะ-เข้ามาเลย... ทั้งวันก็ยังไหว...,,,PENDING_MANUAL_GENERATION,,triangle-strategy
890,MS15_X32_BATTLE_01_AFTER_M_TRA_0020.wav,MS15_X32_BATTLE_01_AFTER_M_TRA_0020,907,907,907,909,Travis,npc,male,travis,assets/triangle-strategy/approved_voice_references/travis.wav,ขอโทษด้วยนะ เรื่องนั้นข้าไม่ยอมหรอก จนกว่าจะหาสมบัตินั่นเจอ!,,,PENDING_MANUAL_GENERATION,,triangle-strategy
891,MS15_X32_BATTLE_01_AFTER_M_TRA_0030.wav,MS15_X32_BATTLE_01_AFTER_M_TRA_0030,908,908,908,910,Travis,npc,male,travis,assets/triangle-strategy/approved_voice_references/travis.wav,...เพื่อทริช ลูกสาวข้า,,,PENDING_MANUAL_GENERATION,,triangle-strategy
892,MS15_X32_BATTLE_01_AFTER_M_TRA_0040.wav,MS15_X32_BATTLE_01_AFTER_M_TRA_0040,909,909,909,911,Travis,npc,male,travis,assets/triangle-strategy/approved_voice_references/travis.wav,นางจำเป็นต้องใช้ชีวิตเยี่ยงโจรอย่างเลี่ยงไม่ได้ก็เพราะข้า แน่นอนว่าพวกเราชอบสร้างเรื่องไปทั่ว แต่ว่า...,,,PENDING_MANUAL_GENERATION,,triangle-strategy
893,MS15_X32_BATTLE_01_AFTER_M_TRA_0050.wav,MS15_X32_BATTLE_01_AFTER_M_TRA_0050,910,910,910,912,Travis,npc,male,travis,assets/triangle-strategy/approved_voice_references/travis.wav,ข้าเพิ่งมานึกขึ้นได้ ว่านางไม่มีบ้านให้อยู่อาศัยด้วยซ้ำ,,,PENDING_MANUAL_GENERATION,,triangle-strategy
894,MS15_X32_BATTLE_01_AFTER_M_TRA_0060.wav,MS15_X32_BATTLE_01_AFTER_M_TRA_0060,911,911,911,913,Travis,npc,male,travis,assets/triangle-strategy/approved_voice_references/travis.wav,ข้าจึงอยากเก็บสมบัติไปขาย เพื่อสร้างสถานที่ปลอดภัยให้นางได้ซุกหัวนอนในยามค่ำคืน,,,PENDING_MANUAL_GENERATION,,triangle-strategy
895,MS15_X32_BATTLE_01_AFTER_M_TRA_0070.wav,MS15_X32_BATTLE_01_AFTER_M_TRA_0070,912,912,912,914,Travis,npc,male,travis,assets/triangle-strategy/approved_voice_references/travis.wav,คิดว่าข้าไม่รู้ตัวเองหรือไง!?,,,PENDING_MANUAL_GENERATION,,triangle-strategy
896,MS15_X32_BATTLE_01_AFTER_M_TRA_0080.wav,MS15_X32_BATTLE_01_AFTER_M_TRA_0080,913,913,913,915,Travis,npc,male,travis,assets/triangle-strategy/approved_voice_references/travis.wav,ข้ารู้ว่ามันเห็นแก่ตัว แต่...จะให้ข้ายอมแพ้ได้ยังไง,,,PENDING_MANUAL_GENERATION,,triangle-strategy
897,MS15_X32_BATTLE_01_AFTER_M_TRA_0090.wav,MS15_X32_BATTLE_01_AFTER_M_TRA_0090,914,914,914,916,Travis,npc,male,travis,assets/triangle-strategy/approved_voice_references/travis.wav,ข้อตกลงแบบไหนเหรอ?,,,PENDING_MANUAL_GENERATION,,triangle-strategy
898,MS15_X32_BATTLE_01_AFTER_M_TRA_0100.wav,MS15_X32_BATTLE_01_AFTER_M_TRA_0100,915,915,915,917,Travis,npc,male,travis,assets/triangle-strategy/approved_voice_references/travis.wav,อยากจะช่วยพวกโรเซลล์เหรอ? เห็นตอนแรกเจ้าเป็นคนส่งพวกเขากลับไปเองนี่,,,PENDING_MANUAL_GENERATION,,triangle-strategy
899,MS15_X32_BATTLE_01_AFTER_M_TRA_0110.wav,MS15_X32_BATTLE_01_AFTER_M_TRA_0110,916,916,916,918,Travis,npc,male,travis,assets/triangle-strategy/approved_voice_references/travis.wav,ฮ่าๆๆ! ทำเอาข้าซึ้งเลย! ข้ายอมแล้ว,,,PENDING_MANUAL_GENERATION,,triangle-strategy
900,MS15_X32_BATTLE_01_AFTER_M_TRA_0120.wav,MS15_X32_BATTLE_01_AFTER_M_TRA_0120,917,917,917,919,Travis,npc,male,travis,assets/triangle-strategy/approved_voice_references/travis.wav,ข้าจะทำทุกอย่างตามที่ขอ หากท่านยอมอโหสิให้ลูกน้องกับลูกสาวข้า,,,PENDING_MANUAL_GENERATION,,triangle-strategy
901,MS15_X32_BATTLE_01_AFTER_M_TRA_0130.wav,MS15_X32_BATTLE_01_AFTER_M_TRA_0130,918,918,918,920,Travis,npc,male,travis,assets/triangle-strategy/approved_voice_references/travis.wav,และข้ารับปากว่าพวกเขาทุกคนจะทำงานสุจริต,,,PENDING_MANUAL_GENERATION,,triangle-strategy
902,MS15_X32_BATTLE_01_AFTER_M_TRA_0140.wav,MS15_X32_BATTLE_01_AFTER_M_TRA_0140,919,919,919,921,Travis,npc,male,travis,assets/triangle-strategy/approved_voice_references/travis.wav,ได้ยินหมดแล้วสินะ เข้าใจข้าด้วย,,,PENDING_MANUAL_GENERATION,,triangle-strategy
903,MS15_X32_BATTLE_01_AFTER_M_TRA_0150.wav,MS15_X32_BATTLE_01_AFTER_M_TRA_0150,920,920,920,922,Travis,npc,male,travis,assets/triangle-strategy/approved_voice_references/travis.wav,มันก็ใช่... แต่เวลานั้นมันสิ้นสุดลงแล้วล่ะ,,,PENDING_MANUAL_GENERATION,,triangle-strategy
904,MS15_X32_BATTLE_01_AFTER_M_TRA_0160.wav,MS15_X32_BATTLE_01_AFTER_M_TRA_0160,921,921,921,923,Travis,npc,male,travis,assets/triangle-strategy/approved_voice_references/travis.wav,หลังจากที่ข้าได้กลายเป็นพ่อคน... ข้าใฝ่ฝันจะใช้ชีวิตเหมือนคนทั่วไปมาโดยตลอด,,,PENDING_MANUAL_GENERATION,,triangle-strategy
905,MS15_X32_BATTLE_01_AFTER_M_TRA_0170.wav,MS15_X32_BATTLE_01_AFTER_M_TRA_0170,922,922,922,924,Travis,npc,male,travis,assets/triangle-strategy/approved_voice_references/travis.wav,ป๊าขอโทษลูก ป๊ามันเห็นแก่ตัว,,,PENDING_MANUAL_GENERATION,,triangle-strategy
906,MS15_X32_BATTLE_01_AFTER_M_TRA_0180.wav,MS15_X32_BATTLE_01_AFTER_M_TRA_0180,923,923,923,925,Travis,npc,male,travis,assets/triangle-strategy/approved_voice_references/travis.wav,...ไม่ต้องหรอก สักวันเดี๋ยวก็คิดได้เอง ถึงนางจะโง่เง่า...แต่ก็เป็นลูกที่ดีของข้าคนหนึ่ง,,,PENDING_MANUAL_GENERATION,,triangle-strategy
907,MS15_X32_BATTLE_01_AFTER_M_TRA_0190.wav,MS15_X32_BATTLE_01_AFTER_M_TRA_0190,924,924,924,926,Travis,npc,male,travis,assets/triangle-strategy/approved_voice_references/travis.wav,เอาล่ะ ไปตามหาสมบัติกันเถอะ!,,,PENDING_MANUAL_GENERATION,,triangle-strategy
908,MS15_X32_BATTLE_01_BEFORE_F_FRE_0010.wav,MS15_X32_BATTLE_01_BEFORE_F_FRE_0010,925,925,925,927,Frederica,main,female,frederica,assets/triangle-strategy/approved_voice_references/frederica.wav,สมบัติ? หอสมุด?,,,PENDING_MANUAL_GENERATION,,triangle-strategy
909,MS15_X32_BATTLE_01_BEFORE_F_YRA_0010.wav,MS15_X32_BATTLE_01_BEFORE_F_YRA_0010,926,926,926,928,Geela,main,female,geela,assets/triangle-strategy/approved_voice_references/geela.wav,ข้าก็อยากพูดแบบนั้นเช่นกัน,,,PENDING_MANUAL_GENERATION,,triangle-strategy
910,MS15_X32_BATTLE_01_BEFORE_M_ELA_0010.wav,MS15_X32_BATTLE_01_BEFORE_M_ELA_0010,927,927,927,929,Erador,main,male,erador,assets/triangle-strategy/approved_voice_references/erador.wav,ใครๆก็บอกว่าข้าพูดเสียงดังนะ บอกไว้ก่อน! จับตัวได้เมื่อไหร่ รับรองว่าโดนรีดข้อมูลหมดตัวแน่!,,,PENDING_MANUAL_GENERATION,,triangle-strategy
911,MS15_X32_BATTLE_01_BEFORE_M_M265_0010.wav,MS15_X32_BATTLE_01_BEFORE_M_M265_0010,928,928,928,930,ชายชาวเมือง/ทหาร/ผู้ติดตาม,generic,male,MALE_ADULT_B,assets/triangle-strategy/approved_voice_references/MALE_ADULT_B.wav,พวกเจ้าจะมาแย่งชิงสมบัติไปจากเรางั้นเหรอ!?,,,PENDING_MANUAL_GENERATION,,triangle-strategy
912,MS15_X32_BATTLE_01_BEFORE_M_M266_0010.wav,MS15_X32_BATTLE_01_BEFORE_M_M266_0010,929,929,929,931,ชายชาวเมือง/ทหาร/ผู้ติดตาม,generic,male,MALE_ADULT_C,assets/triangle-strategy/approved_voice_references/MALE_ADULT_C.wav,ไม่จริงน่า! พวกมัน...มีหนังสือเล่มเดียวกับเราด้วยเหรอ!?,,,PENDING_MANUAL_GENERATION,,triangle-strategy
913,MS15_X32_BATTLE_01_BEFORE_M_SEL_0010.wav,MS15_X32_BATTLE_01_BEFORE_M_SEL_0010,930,930,930,932,Serenoa,main,male,serenoa,assets/triangle-strategy/approved_voice_references/serenoa.wav,ข้าไม่ยอมให้พวกเจ้าแตะต้องหมู่บ้านแห่งนี้หรอกนะ,,,PENDING_MANUAL_GENERATION,,triangle-strategy
914,MS15_X32_BATTLE_01_BEFORE_M_SEL_0020.wav,MS15_X32_BATTLE_01_BEFORE_M_SEL_0020,931,931,931,933,Serenoa,main,male,serenoa,assets/triangle-strategy/approved_voice_references/serenoa.wav,แคว้นวูล์ฟฟอร์ตไม่ปรานีโจรชั่วอย่างพวกเจ้าเป็นอันขาด,,,PENDING_MANUAL_GENERATION,,triangle-strategy
915,MS15_X32_BATTLE_01_BEFORE_M_TRA_0010.wav,MS15_X32_BATTLE_01_BEFORE_M_TRA_0010,932,932,932,934,Travis,npc,male,travis,assets/triangle-strategy/approved_voice_references/travis.wav,พวกเจ้าอีกแล้วเหรอ!,,,PENDING_MANUAL_GENERATION,,triangle-strategy
916,MS15_X32_BATTLE_01_BEFORE_M_TRA_0020.wav,MS15_X32_BATTLE_01_BEFORE_M_TRA_0020,933,933,933,935,Travis,npc,male,travis,assets/triangle-strategy/approved_voice_references/travis.wav,มาตามจับเราหรือไง? หรือว่า...,,,PENDING_MANUAL_GENERATION,,triangle-strategy
917,MS15_X32_BATTLE_01_BEFORE_M_TRA_0030.wav,MS15_X32_BATTLE_01_BEFORE_M_TRA_0030,934,934,934,936,Travis,npc,male,travis,assets/triangle-strategy/approved_voice_references/travis.wav,หุบปาก ไอ้สมองกลวง!,,,PENDING_MANUAL_GENERATION,,triangle-strategy
918,MS15_X32_BATTLE_01_BEFORE_M_TRA_0040.wav,MS15_X32_BATTLE_01_BEFORE_M_TRA_0040,935,935,935,937,Travis,npc,male,travis,assets/triangle-strategy/approved_voice_references/travis.wav,จะไปบอกพวกมันทำไม ว่าเราขโมยหนังสือมาจากหอสมุด!?,,,PENDING_MANUAL_GENERATION,,triangle-strategy
919,MS15_X32_BATTLE_01_BEFORE_M_TRA_0050.wav,MS15_X32_BATTLE_01_BEFORE_M_TRA_0050,936,936,936,938,Travis,npc,male,travis,assets/triangle-strategy/approved_voice_references/travis.wav,หนอย... รู้ความลับขนาดนี้ สงสัยต้องเจอดีสักหน่อย!,,,PENDING_MANUAL_GENERATION,,triangle-strategy
920,MS15_X32_BATTLE_01_DRAMA_M_ELA_0010.wav,MS15_X32_BATTLE_01_DRAMA_M_ELA_0010,937,937,937,939,Erador,main,male,erador,assets/triangle-strategy/approved_voice_references/erador.wav,ลูกสาวเจ้าไปไหนแล้วล่ะ? นึกว่าจะตัวติดกันเสียอีก,,,PENDING_MANUAL_GENERATION,,triangle-strategy
921,MS15_X32_BATTLE_01_DRAMA_M_SEL_0010.wav,MS15_X32_BATTLE_01_DRAMA_M_SEL_0010,938,938,938,940,Serenoa,main,male,serenoa,assets/triangle-strategy/approved_voice_references/serenoa.wav,จับตัวพวกเจ้าได้เมื่อไหร่ ข้าจะเค้นให้หมดว่ามาที่นี่ทำไม,,,PENDING_MANUAL_GENERATION,,triangle-strategy
922,MS15_X32_BATTLE_01_DRAMA_M_SEL_0020.wav,MS15_X32_BATTLE_01_DRAMA_M_SEL_0020,939,939,939,941,Serenoa,main,male,serenoa,assets/triangle-strategy/approved_voice_references/serenoa.wav,พวกเราคุยกันดีๆก็ได้ เจ้าแค่ต้องบอกเรื่องสมบัติกับข้า,,,PENDING_MANUAL_GENERATION,,triangle-strategy
923,MS15_X32_BATTLE_01_DRAMA_M_SEL_0030.wav,MS15_X32_BATTLE_01_DRAMA_M_SEL_0030,940,940,940,942,Serenoa,main,male,serenoa,assets/triangle-strategy/approved_voice_references/serenoa.wav,อึดได้โล่จริงๆ สงสัยสมบัติของเจ้าคงสำคัญน่าดู,,,PENDING_MANUAL_GENERATION,,triangle-strategy
924,MS15_X32_BATTLE_01_DRAMA_M_TRA_0010.wav,MS15_X32_BATTLE_01_DRAMA_M_TRA_0010,941,941,941,943,Travis,npc,male,travis,assets/triangle-strategy/approved_voice_references/travis.wav,เด็กปากแจ๋วอย่างเจ้าคิดว่าจะจับพวกข้าได้เหรอ? ถ้างั้นพวกเราคงเป็นแค่โจรกระจอกน่ะสิ,,,PENDING_MANUAL_GENERATION,,triangle-strategy
925,MS15_X32_BATTLE_01_DRAMA_M_TRA_0020.wav,MS15_X32_BATTLE_01_DRAMA_M_TRA_0020,942,942,942,944,Travis,npc,male,travis,assets/triangle-strategy/approved_voice_references/travis.wav,แหม ช่างใจดีเหลือเกินนะ แต่ข้าไม่ยอมให้เจ้าแตะต้องสมบัติของเราหรอก!,,,PENDING_MANUAL_GENERATION,,triangle-strategy
926,MS15_X32_BATTLE_01_DRAMA_M_TRA_0030.wav,MS15_X32_BATTLE_01_DRAMA_M_TRA_0030,943,943,943,945,Travis,npc,male,travis,assets/triangle-strategy/approved_voice_references/travis.wav,หนอย... เลิกยุ่งไม่เข้าเรื่องเสียทีเถอะ,,,PENDING_MANUAL_GENERATION,,triangle-strategy
927,MS15_X32_BATTLE_01_DRAMA_M_TRA_0040.wav,MS15_X32_BATTLE_01_DRAMA_M_TRA_0040,944,944,944,946,Travis,npc,male,travis,assets/triangle-strategy/approved_voice_references/travis.wav,เร็วเข้า อย่าไปออมมือให้พวกมัน! สมบัตินั่นเป็นของเรานะ!,,,PENDING_MANUAL_GENERATION,,triangle-strategy
928,MS15_X32_BATTLE_01_DRAMA_M_TRA_0050.wav,MS15_X32_BATTLE_01_DRAMA_M_TRA_0050,945,945,945,947,Travis,npc,male,travis,assets/triangle-strategy/approved_voice_references/travis.wav,โอย... ก็แค่แผลถลอก! แค่นี้ข้าไม่ยอมหรอกนะ...,,,PENDING_MANUAL_GENERATION,,triangle-strategy
929,MS15_X32_BATTLE_01_DRAMA_M_TRA_0060.wav,MS15_X32_BATTLE_01_DRAMA_M_TRA_0060,946,946,946,948,Travis,npc,male,travis,assets/triangle-strategy/approved_voice_references/travis.wav,หนอย! ถ้าอยากจะเอาสมบัติของเราไปนัก ข้าก็จะไม่ปรานีเจ้าแล้วนะ!,,,PENDING_MANUAL_GENERATION,,triangle-strategy
930,MS15_X32_BATTLE_01_DRAMA_M_TRA_0070.wav,MS15_X32_BATTLE_01_DRAMA_M_TRA_0070,947,947,947,949,Travis,npc,male,travis,assets/triangle-strategy/approved_voice_references/travis.wav,หลีกทางไปซะ! นั่นมันสมบัติของเรา!,,,PENDING_MANUAL_GENERATION,,triangle-strategy
931,MS15_X32_BATTLE_01_DRAMA_M_TRA_0080.wav,MS15_X32_BATTLE_01_DRAMA_M_TRA_0080,948,948,948,950,Travis,npc,male,travis,assets/triangle-strategy/approved_voice_references/travis.wav,ชิ... เวรเอ๊ย...,,,PENDING_MANUAL_GENERATION,,triangle-strategy
932,MS15_X32_RESEARCH_01_AFTER_F_FRE_0010.wav,MS15_X32_RESEARCH_01_AFTER_F_FRE_0010,949,949,949,951,Frederica,main,female,frederica,assets/triangle-strategy/approved_voice_references/frederica.wav,ไม่มีใครอยู่ที่นี่เลย...,,,PENDING_MANUAL_GENERATION,,triangle-strategy
933,MS15_X32_RESEARCH_01_AFTER_F_FRE_0020.wav,MS15_X32_RESEARCH_01_AFTER_F_FRE_0020,950,950,950,952,Frederica,main,female,frederica,assets/triangle-strategy/approved_voice_references/frederica.wav,พวกเราพรากทุกสิ่งไปจากชาวโรเซลล์...,,,PENDING_MANUAL_GENERATION,,triangle-strategy
934,MS15_X32_RESEARCH_01_AFTER_F_FRE_0030.wav,MS15_X32_RESEARCH_01_AFTER_F_FRE_0030,951,951,951,953,Frederica,main,female,frederica,assets/triangle-strategy/approved_voice_references/frederica.wav,พวกเราทำลายความสงบสุขของพวกเขา ไม่เหลือแม้แต่เสียงหัวเราะของเด็กๆ หรือกลิ่นโชยอาหารแสนโอชะ... มันถูกทำลายสิ้นแล้ว,,,PENDING_MANUAL_GENERATION,,triangle-strategy
935,MS15_X32_RESEARCH_01_AFTER_F_FRE_0040.wav,MS15_X32_RESEARCH_01_AFTER_F_FRE_0040,952,952,952,954,Frederica,main,female,frederica,assets/triangle-strategy/approved_voice_references/frederica.wav,การกลับมาที่นี่...,,,PENDING_MANUAL_GENERATION,,triangle-strategy
936,MS15_X32_RESEARCH_01_AFTER_F_FRE_0050.wav,MS15_X32_RESEARCH_01_AFTER_F_FRE_0050,953,953,953,955,Frederica,main,female,frederica,assets/triangle-strategy/approved_voice_references/frederica.wav,ทำให้ข้ารู้สึกว่าเราตัดสินใจผิดพลาดมหันต์...,,,PENDING_MANUAL_GENERATION,,triangle-strategy
937,MS15_X32_RESEARCH_01_AFTER_M_ELA_0010.wav,MS15_X32_RESEARCH_01_AFTER_M_ELA_0010,954,954,954,956,Erador,main,male,erador,assets/triangle-strategy/approved_voice_references/erador.wav,นายท่าน ข้าพบเห็นโจรขอรับ เหมือนจะเป็นทราวิสกับลูกสมุน,,,PENDING_MANUAL_GENERATION,,triangle-strategy
938,MS15_X32_RESEARCH_01_AFTER_M_SEL_0010.wav,MS15_X32_RESEARCH_01_AFTER_M_SEL_0010,955,955,955,957,Serenoa,main,male,serenoa,assets/triangle-strategy/approved_voice_references/serenoa.wav,...จริงด้วย,,,PENDING_MANUAL_GENERATION,,triangle-strategy
939,MS15_X32_RESEARCH_01_AFTER_M_SEL_0030.wav,MS15_X32_RESEARCH_01_AFTER_M_SEL_0030,957,957,957,959,Serenoa,main,male,serenoa,assets/triangle-strategy/approved_voice_references/serenoa.wav,...เดี๋ยวข้าไปเอง ฝากบอกคนอื่นด้วยนะ,,,PENDING_MANUAL_GENERATION,,triangle-strategy
940,MS15_X32_RESEARCH_01_BEFORE_F_YRA_0010.wav,MS15_X32_RESEARCH_01_BEFORE_F_YRA_0010,959,959,959,961,Geela,main,female,geela,assets/triangle-strategy/approved_voice_references/geela.wav,เหมือนว่าโจรพวกนั้นยังไม่ได้ทำลายหมู่บ้านนะเจ้าคะ,,,PENDING_MANUAL_GENERATION,,triangle-strategy
941,MS15_X32_RESEARCH_01_BEFORE_M_SEL_0010.wav,MS15_X32_RESEARCH_01_BEFORE_M_SEL_0010,960,960,960,962,Serenoa,main,male,serenoa,assets/triangle-strategy/approved_voice_references/serenoa.wav,ลองสำรวจรอบๆ ให้แน่ใจก่อนก็ได้,,,PENDING_MANUAL_GENERATION,,triangle-strategy
942,MS15_X32_RESEARCH_02_AFTER_F_FRE_0010.wav,MS15_X32_RESEARCH_02_AFTER_F_FRE_0010,961,961,961,963,Frederica,main,female,frederica,assets/triangle-strategy/approved_voice_references/frederica.wav,เพราะแบบนี้... ไฮแซนต์จึงต้องขังพวกเขาไว้ในนาเกลือ,,,PENDING_MANUAL_GENERATION,,triangle-strategy
943,MS15_X32_RESEARCH_02_AFTER_F_FRE_0020.wav,MS15_X32_RESEARCH_02_AFTER_F_FRE_0020,962,962,962,964,Frederica,main,female,frederica,assets/triangle-strategy/approved_voice_references/frederica.wav,พวกมันจงใจผูกขาดเกลือเป็นของตัวเอง!,,,PENDING_MANUAL_GENERATION,,triangle-strategy
944,MS15_X32_RESEARCH_02_AFTER_F_FRE_0030.wav,MS15_X32_RESEARCH_02_AFTER_F_FRE_0030,963,963,963,965,Frederica,main,female,frederica,assets/triangle-strategy/approved_voice_references/frederica.wav,มีคนๆ หนึ่งที่พยายามทำให้อาณาจักรมหาอำนาจทั้งสาม เป็นหนึ่งเดียวกัน,,,PENDING_MANUAL_GENERATION,,triangle-strategy
945,MS15_X32_RESEARCH_02_AFTER_F_FRE_0040.wav,MS15_X32_RESEARCH_02_AFTER_F_FRE_0040,964,964,964,966,Frederica,main,female,frederica,assets/triangle-strategy/approved_voice_references/frederica.wav,ซึ่งก็คือแม่ของข้า ออลายา,,,PENDING_MANUAL_GENERATION,,triangle-strategy
946,MS15_X32_RESEARCH_02_AFTER_F_FRE_0050.wav,MS15_X32_RESEARCH_02_AFTER_F_FRE_0050,965,965,965,967,Frederica,main,female,frederica,assets/triangle-strategy/approved_voice_references/frederica.wav,หลังจากนั้น นางได้พบกับอาร์ชดยุกคนก่อนและให้กำเนิดข้า...,,,PENDING_MANUAL_GENERATION,,triangle-strategy
947,MS15_X32_RESEARCH_02_AFTER_F_FRE_0060.wav,MS15_X32_RESEARCH_02_AFTER_F_FRE_0060,966,966,966,968,Frederica,main,female,frederica,assets/triangle-strategy/approved_voice_references/frederica.wav,หรือกุญแจเปิดหนังสือเล่มนี้จะเป็น...,,,PENDING_MANUAL_GENERATION,,triangle-strategy
948,MS15_X32_RESEARCH_02_AFTER_F_FRE_0070.wav,MS15_X32_RESEARCH_02_AFTER_F_FRE_0070,967,967,967,969,Frederica,main,female,frederica,assets/triangle-strategy/approved_voice_references/frederica.wav,สร้อยของท่านแม่เหรอ?,,,PENDING_MANUAL_GENERATION,,triangle-strategy
949,MS15_X32_RESEARCH_02_AFTER_F_FRE_0080.wav,MS15_X32_RESEARCH_02_AFTER_F_FRE_0080,968,968,968,970,Frederica,main,female,frederica,assets/triangle-strategy/approved_voice_references/frederica.wav,นี่คือหนังสือของแม่ข้าสินะ...,,,PENDING_MANUAL_GENERATION,,triangle-strategy
950,MS15_X32_RESEARCH_02_AFTER_F_FRE_0090.wav,MS15_X32_RESEARCH_02_AFTER_F_FRE_0090,969,969,969,971,Frederica,main,female,frederica,assets/triangle-strategy/approved_voice_references/frederica.wav,"...""นี่คือตำนานแห่งชาวโรเซลล์ที่เล่าขานกันมาตั้งแต่สมัยบรรพกาล ประวัติศาสตร์แห่งความลับของนอร์เซเลีย""",,,PENDING_MANUAL_GENERATION,,triangle-strategy
951,MS15_X32_RESEARCH_02_AFTER_F_FRE_0100.wav,MS15_X32_RESEARCH_02_AFTER_F_FRE_0100,970,970,970,972,Frederica,main,female,frederica,assets/triangle-strategy/approved_voice_references/frederica.wav,ข้า... ออลายา โรเซลล์ ผู้จดบันทึกเหตุการณ์ในฐานะผู้พิทักษ์คนสุดท้ายแห่งหนังสือเล่มนี้,,,PENDING_MANUAL_GENERATION,,triangle-strategy
952,MS15_X32_RESEARCH_02_AFTER_F_ORL_0010.wav,MS15_X32_RESEARCH_02_AFTER_F_ORL_0010,971,971,971,973,Orlaea,npc,female,NEEDS_VOICE_TARGET,,ในยุคบรรพกาล ชาวโรเซลล์ได้อาศัยอยู่ในเซนทราเลีย ดินแดนฝั่งใต้อันไกลโพ้นจากนอร์เซเลีย,,,BLOCKED_NEEDS_VOICE_TARGET,,triangle-strategy
953,MS15_X32_RESEARCH_02_AFTER_F_ORL_0020.wav,MS15_X32_RESEARCH_02_AFTER_F_ORL_0020,972,972,972,974,Orlaea,npc,female,NEEDS_VOICE_TARGET,,ดินแดนติดทะเลแห่งนั้น มีนาเกลืออันแผ่ไพศาลจนถึงเส้นขอบฟ้า... เปรียบดั่งสรวงสวรรค์ที่ไม่มีวันขัดสนในเกลือ,,,BLOCKED_NEEDS_VOICE_TARGET,,triangle-strategy
954,MS15_X32_RESEARCH_02_AFTER_F_ORL_0030.wav,MS15_X32_RESEARCH_02_AFTER_F_ORL_0030,973,973,973,975,Orlaea,npc,female,NEEDS_VOICE_TARGET,,ชาวโรเซลล์มีความรู้ด้านนี้มากกว่าใคร เพราะเกลือคือชีวิตประจำวันของพวกเขา,,,BLOCKED_NEEDS_VOICE_TARGET,,triangle-strategy
955,MS15_X32_RESEARCH_02_AFTER_F_ORL_0040.wav,MS15_X32_RESEARCH_02_AFTER_F_ORL_0040,974,974,974,976,Orlaea,npc,female,NEEDS_VOICE_TARGET,,ในยุคนั้น...ทวีปนอร์เซเลียยังจมอยู่ใต้บาดาล แต่แล้วก็ได้เกิดมหันตภัยขึ้น...ซึ่งมันได้ยกระดับผืนดินขึ้นเหนือน้ำ,,,BLOCKED_NEEDS_VOICE_TARGET,,triangle-strategy
956,MS15_X32_RESEARCH_02_AFTER_F_ORL_0050.wav,MS15_X32_RESEARCH_02_AFTER_F_ORL_0050,975,975,975,977,Orlaea,npc,female,NEEDS_VOICE_TARGET,,"น้ำทะเลได้แห้งเหือด มีเพียงบางส่วนที่หลงเหลืออยู่ซึ่งถูกเรียกกันว่า ""นาเกลือ"" ในปัจจุบัน",,,BLOCKED_NEEDS_VOICE_TARGET,,triangle-strategy
957,MS15_X32_RESEARCH_02_AFTER_F_ORL_0060.wav,MS15_X32_RESEARCH_02_AFTER_F_ORL_0060,976,976,976,978,Orlaea,npc,female,NEEDS_VOICE_TARGET,,ท้ายที่สุด ผู้คนมากมายได้แห่อพยพกันไปที่นอร์เซเลีย,,,BLOCKED_NEEDS_VOICE_TARGET,,triangle-strategy
958,MS15_X32_RESEARCH_02_AFTER_F_ORL_0070.wav,MS15_X32_RESEARCH_02_AFTER_F_ORL_0070,977,977,977,979,Orlaea,npc,female,NEEDS_VOICE_TARGET,,พวกเขาได้ทำสงครามแย่งชิงเกลืออันล้ำค่าอย่างดุเดือด,,,BLOCKED_NEEDS_VOICE_TARGET,,triangle-strategy
959,MS15_X32_RESEARCH_02_AFTER_F_ORL_0080.wav,MS15_X32_RESEARCH_02_AFTER_F_ORL_0080,978,978,978,980,Orlaea,npc,female,NEEDS_VOICE_TARGET,,บรรพบุรุษของเราจึงเดินทางมาเพื่อยุติสงครามครั้งนี้,,,BLOCKED_NEEDS_VOICE_TARGET,,triangle-strategy
960,MS15_X32_RESEARCH_02_AFTER_F_ORL_0090.wav,MS15_X32_RESEARCH_02_AFTER_F_ORL_0090,979,979,979,981,Orlaea,npc,female,NEEDS_VOICE_TARGET,,แม้ปราศจากทะเล...แต่ก็ยังมีเกลือที่เหลืออยู่ มันได้ตกผลึกและจมลงไปใต้พิภพ...,,,BLOCKED_NEEDS_VOICE_TARGET,,triangle-strategy
961,MS15_X32_RESEARCH_02_AFTER_F_ORL_0100.wav,MS15_X32_RESEARCH_02_AFTER_F_ORL_0100,980,980,980,982,Orlaea,npc,female,NEEDS_VOICE_TARGET,,หลังจากที่พวกเขาตามหามานาน พวกเขาได้พบกับคริสตัลยักษ์... ไม่สิ มันคือเสาเกลือขนาดใหญ่,,,BLOCKED_NEEDS_VOICE_TARGET,,triangle-strategy
962,MS15_X32_RESEARCH_02_AFTER_F_ORL_0110.wav,MS15_X32_RESEARCH_02_AFTER_F_ORL_0110,981,981,981,983,Orlaea,npc,female,NEEDS_VOICE_TARGET,,พวกเขาจึงนำเกลือนั้นมาแสดงให้ชาวนอร์เซเลียประจักษ์ และบอกพวกเขาว่าเกลือเหล่านี้สามารถพบได้ในดิน,,,BLOCKED_NEEDS_VOICE_TARGET,,triangle-strategy
963,MS15_X32_RESEARCH_02_AFTER_F_ORL_0120.wav,MS15_X32_RESEARCH_02_AFTER_F_ORL_0120,982,982,982,984,Orlaea,npc,female,NEEDS_VOICE_TARGET,,แต่ผู้ที่ยึดครองผูกขาดนาเกลือนั้น แสวงหาอำนาจเหนือชาวนอร์เซเลียทั้งปวง,,,BLOCKED_NEEDS_VOICE_TARGET,,triangle-strategy
964,MS15_X32_RESEARCH_02_AFTER_F_ORL_0130.wav,MS15_X32_RESEARCH_02_AFTER_F_ORL_0130,983,983,983,985,Orlaea,npc,female,NEEDS_VOICE_TARGET,,รัฐศักดิ์สิทธิ์ไฮแซนต์จึงโจมตีและสังหารชาวโรเซลล์,,,BLOCKED_NEEDS_VOICE_TARGET,,triangle-strategy
965,MS15_X32_RESEARCH_02_AFTER_F_ORL_0140.wav,MS15_X32_RESEARCH_02_AFTER_F_ORL_0140,984,984,984,986,Orlaea,npc,female,NEEDS_VOICE_TARGET,,พวกเขานำเสาเกลือไปซ่อนไว้ ทำลายการมีอยู่ของคริสตัลเกลือ และกักขังชาวโรเซลล์ผู้เหลือรอดในเกลือ,,,BLOCKED_NEEDS_VOICE_TARGET,,triangle-strategy
966,MS15_X32_RESEARCH_02_AFTER_F_ORL_0150.wav,MS15_X32_RESEARCH_02_AFTER_F_ORL_0150,985,985,985,987,Orlaea,npc,female,NEEDS_VOICE_TARGET,,เราจึงถูกตราหน้าว่าเป็นคนบาป เป็นอาชญากรผู้ต้องการยึดครองนาเกลือไว้เพียงผู้เดียว,,,BLOCKED_NEEDS_VOICE_TARGET,,triangle-strategy
967,MS15_X32_RESEARCH_02_AFTER_F_ORL_0160.wav,MS15_X32_RESEARCH_02_AFTER_F_ORL_0160,986,986,986,988,Orlaea,npc,female,NEEDS_VOICE_TARGET,,ไฮแซนต์ได้สร้างคำสอนของเทพธิดามาเป็นเหตุผลรองรับการผูกขาดเกลือ แต่เทพธิดานั้นย่อมต้องการศัตรู,,,BLOCKED_NEEDS_VOICE_TARGET,,triangle-strategy
968,MS15_X32_RESEARCH_02_AFTER_F_ORL_0170.wav,MS15_X32_RESEARCH_02_AFTER_F_ORL_0170,987,987,987,989,Orlaea,npc,female,NEEDS_VOICE_TARGET,,ทำให้ชาวโรเซลล์ถูกกล่าวหา ต้องสละเลือดเนื้อและน้ำตาเพื่อนาง...,,,BLOCKED_NEEDS_VOICE_TARGET,,triangle-strategy
969,MS15_X32_RESEARCH_02_AFTER_F_ORL_0180.wav,MS15_X32_RESEARCH_02_AFTER_F_ORL_0180,988,988,988,990,Orlaea,npc,female,NEEDS_VOICE_TARGET,,เทพธิดาคือเครื่องพิสูจน์ตำนานแห่งชาวโรเซลล์,,,BLOCKED_NEEDS_VOICE_TARGET,,triangle-strategy
970,MS15_X32_RESEARCH_02_AFTER_F_ORL_0190.wav,MS15_X32_RESEARCH_02_AFTER_F_ORL_0190,989,989,989,991,Orlaea,npc,female,NEEDS_VOICE_TARGET,,ระหว่างการปฏิวัติ ข้าได้เห็นเสาเกลือในรูปปั้นเทพธิดา ที่ถูกพรากไปจากบรรพบุรุษของเรา,,,BLOCKED_NEEDS_VOICE_TARGET,,triangle-strategy
971,MS15_X32_RESEARCH_02_AFTER_F_ORL_0200.wav,MS15_X32_RESEARCH_02_AFTER_F_ORL_0200,990,990,990,992,Orlaea,npc,female,NEEDS_VOICE_TARGET,,แต่ข้าไม่สามารถเปิดโปงความจริงแห่งเทพธิดาได้เลย ข้ายอมทำทุกวิถีทางเพื่อคว้าเศษเสี้ยวของมันมา...,,,BLOCKED_NEEDS_VOICE_TARGET,,triangle-strategy
972,MS15_X32_RESEARCH_02_AFTER_F_ORL_0210.wav,MS15_X32_RESEARCH_02_AFTER_F_ORL_0210,991,991,991,993,Orlaea,npc,female,NEEDS_VOICE_TARGET,,และเศษเสี้ยวนั้น คือกุญแจสำคัญสู่การปลดปล่อยชาวโรเซลล์,,,BLOCKED_NEEDS_VOICE_TARGET,,triangle-strategy
973,MS15_X32_RESEARCH_02_AFTER_F_ORL_0220.wav,MS15_X32_RESEARCH_02_AFTER_F_ORL_0220,992,992,992,994,Orlaea,npc,female,NEEDS_VOICE_TARGET,,ขอให้เป็นเช่นนั้น เพื่อพี่น้องของข้าผู้ต้องรับกรรมที่ตนไม่ได้ก่อไว้...,,,BLOCKED_NEEDS_VOICE_TARGET,,triangle-strategy
974,MS15_X32_RESEARCH_02_AFTER_F_YRA_0010.wav,MS15_X32_RESEARCH_02_AFTER_F_YRA_0010,993,993,993,995,Geela,main,female,geela,assets/triangle-strategy/approved_voice_references/geela.wav,แม้จะเอาเกลือทั้งหมดจากนาเกลือมาบีบอัด มันก็ไม่มีวันขึ้นรูปเช่นนี้ แสดงว่ามันมาจากที่อื่นน่ะสิ,,,PENDING_MANUAL_GENERATION,,triangle-strategy
975,MS15_X32_RESEARCH_02_AFTER_F_YRA_0020.wav,MS15_X32_RESEARCH_02_AFTER_F_YRA_0020,994,994,994,996,Geela,main,female,geela,assets/triangle-strategy/approved_voice_references/geela.wav,แล้วทำไม จึงมีหนังสือลายแทงสมบัติอยู่ในเอสฟรอสต์ด้วยล่ะเจ้าคะ?,,,PENDING_MANUAL_GENERATION,,triangle-strategy
976,MS15_X32_RESEARCH_02_AFTER_F_YRA_0030.wav,MS15_X32_RESEARCH_02_AFTER_F_YRA_0030,995,995,995,997,Geela,main,female,geela,assets/triangle-strategy/approved_voice_references/geela.wav,เปิดได้แล้ว!,,,PENDING_MANUAL_GENERATION,,triangle-strategy
977,MS15_X32_RESEARCH_02_AFTER_M_ELA_0010.wav,MS15_X32_RESEARCH_02_AFTER_M_ELA_0010,996,996,996,998,Erador,main,male,erador,assets/triangle-strategy/approved_voice_references/erador.wav,ข้าลองชิมแล้ว มันคือเกลือแน่นอน นี่มันหินอะไรกันเนี่ย?,,,PENDING_MANUAL_GENERATION,,triangle-strategy
978,MS15_X32_RESEARCH_02_AFTER_M_ELA_0020.wav,MS15_X32_RESEARCH_02_AFTER_M_ELA_0020,997,997,997,999,Erador,main,male,erador,assets/triangle-strategy/approved_voice_references/erador.wav,เดี๋ยวก่อนนะ เจ้าจะบอกว่ามีเกลือจากแหล่งอื่นด้วยเหรอ!?,,,PENDING_MANUAL_GENERATION,,triangle-strategy
979,MS15_X32_RESEARCH_02_AFTER_M_ELA_0030.wav,MS15_X32_RESEARCH_02_AFTER_M_ELA_0030,998,998,998,1000,Erador,main,male,erador,assets/triangle-strategy/approved_voice_references/erador.wav,หากเป็นเรื่องจริง แบบนี้พลิกโฉมนอร์เซเลียเป็นแน่!,,,PENDING_MANUAL_GENERATION,,triangle-strategy
980,MS15_X32_RESEARCH_02_AFTER_M_SEL_0010.wav,MS15_X32_RESEARCH_02_AFTER_M_SEL_0010,999,999,999,1001,Serenoa,main,male,serenoa,assets/triangle-strategy/approved_voice_references/serenoa.wav,ไม่อยากเชื่อว่าเราจะเจอสิ่งนี้ระหว่างตามหากุญแจ...,,,PENDING_MANUAL_GENERATION,,triangle-strategy
981,MS15_X32_RESEARCH_02_AFTER_M_SEL_0020.wav,MS15_X32_RESEARCH_02_AFTER_M_SEL_0020,1000,1000,1000,1002,Serenoa,main,male,serenoa,assets/triangle-strategy/approved_voice_references/serenoa.wav,ไม่รู้เหมือนกัน น่าจะเป็นคริสตัลที่ประกอบด้วยเกลือ หรือเรียกว่าคริสตัลเกลือดีไหม?,,,PENDING_MANUAL_GENERATION,,triangle-strategy
982,MS15_X32_RESEARCH_02_AFTER_M_SEL_0030.wav,MS15_X32_RESEARCH_02_AFTER_M_SEL_0030,1001,1001,1001,1003,Serenoa,main,male,serenoa,assets/triangle-strategy/approved_voice_references/serenoa.wav,...พวกโรเซลล์รู้เรื่องนี้หรือเปล่านะ,,,PENDING_MANUAL_GENERATION,,triangle-strategy
983,MS15_X32_RESEARCH_02_AFTER_M_SEL_0040.wav,MS15_X32_RESEARCH_02_AFTER_M_SEL_0040,1002,1002,1002,1004,Serenoa,main,male,serenoa,assets/triangle-strategy/approved_voice_references/serenoa.wav,นางคือแกนนำปฏิวัติของชาวโรเซลล์นี่น่า! นางคือคนที่หลบหนีจากนาเกลือ และก่อตั้งหมู่บ้านแห่งนี้,,,PENDING_MANUAL_GENERATION,,triangle-strategy
984,MS15_X32_RESEARCH_02_AFTER_M_SEL_0050.wav,MS15_X32_RESEARCH_02_AFTER_M_SEL_0050,1003,1003,1003,1005,Serenoa,main,male,serenoa,assets/triangle-strategy/approved_voice_references/serenoa.wav,ช่วยอ่านให้เราฟังหน่อยได้ไหม เฟรเดอริก้า,,,PENDING_MANUAL_GENERATION,,triangle-strategy
985,MS15_X32_RESEARCH_02_BEFORE_F_FRE_0010.wav,MS15_X32_RESEARCH_02_BEFORE_F_FRE_0010,1004,1004,1004,1006,Frederica,main,female,frederica,assets/triangle-strategy/approved_voice_references/frederica.wav,แล้วเราต้องหาเวทย์ปลดผนึกหรือเปล่า?,,,PENDING_MANUAL_GENERATION,,triangle-strategy
986,MS15_X32_RESEARCH_02_BEFORE_F_FRE_0020.wav,MS15_X32_RESEARCH_02_BEFORE_F_FRE_0020,1005,1005,1005,1007,Frederica,main,female,frederica,assets/triangle-strategy/approved_voice_references/frederica.wav,หมู่บ้านแห่งนี้!,,,PENDING_MANUAL_GENERATION,,triangle-strategy
987,MS15_X32_RESEARCH_02_BEFORE_F_FRE_0030.wav,MS15_X32_RESEARCH_02_BEFORE_F_FRE_0030,1006,1006,1006,1008,Frederica,main,female,frederica,assets/triangle-strategy/approved_voice_references/frederica.wav,แสดงว่าต้องมีกุญแจอยู่ในหมู่บ้านแห่งนี้,,,PENDING_MANUAL_GENERATION,,triangle-strategy
988,MS15_X32_RESEARCH_02_BEFORE_F_FRE_0040.wav,MS15_X32_RESEARCH_02_BEFORE_F_FRE_0040,1007,1007,1007,1009,Frederica,main,female,frederica,assets/triangle-strategy/approved_voice_references/frederica.wav,และสมบัติที่หนังสือกล่าวถึง ต้องเกี่ยวโยงกับชาวโรเซลล์,,,PENDING_MANUAL_GENERATION,,triangle-strategy
989,MS15_X32_RESEARCH_02_BEFORE_F_YRA_0010.wav,MS15_X32_RESEARCH_02_BEFORE_F_YRA_0010,1008,1008,1008,1010,Geela,main,female,geela,assets/triangle-strategy/approved_voice_references/geela.wav,...งั้นเหรอ ถูกผนึกด้วยเวทย์ทรงพลังสินะ,,,PENDING_MANUAL_GENERATION,,triangle-strategy
990,MS15_X32_RESEARCH_02_BEFORE_F_YRA_0020.wav,MS15_X32_RESEARCH_02_BEFORE_F_YRA_0020,1009,1009,1009,1011,Geela,main,female,geela,assets/triangle-strategy/approved_voice_references/geela.wav,คงมีกุญแจไว้ไขอยู่เจ้าค่ะ,,,PENDING_MANUAL_GENERATION,,triangle-strategy
991,MS15_X32_RESEARCH_02_BEFORE_F_YRA_0030.wav,MS15_X32_RESEARCH_02_BEFORE_F_YRA_0030,1010,1010,1010,1012,Geela,main,female,geela,assets/triangle-strategy/approved_voice_references/geela.wav,จริงด้วย! หากนี่คือแม่น้ำนอร์เซเลีย แสดงว่านี่ต้องเป็นแคว้นวูล์ฟฟอร์ต...,,,PENDING_MANUAL_GENERATION,,triangle-strategy
992,MS15_X32_RESEARCH_02_BEFORE_F_YRA_0040.wav,MS15_X32_RESEARCH_02_BEFORE_F_YRA_0040,1011,1011,1011,1013,Geela,main,female,geela,assets/triangle-strategy/approved_voice_references/geela.wav,แล้วถ้ามันไม่ใช่เรื่องบังเอิญล่ะเจ้าคะ...,,,PENDING_MANUAL_GENERATION,,triangle-strategy
993,MS15_X32_RESEARCH_02_BEFORE_M_ELA_0010.wav,MS15_X32_RESEARCH_02_BEFORE_M_ELA_0010,1012,1012,1012,1014,Erador,main,male,erador,assets/triangle-strategy/approved_voice_references/erador.wav,หนังสือเล่มนี้จะช่วยเราตามหาสมบัติได้สินะ?,,,PENDING_MANUAL_GENERATION,,triangle-strategy
994,MS15_X32_RESEARCH_02_BEFORE_M_ELA_0020.wav,MS15_X32_RESEARCH_02_BEFORE_M_ELA_0020,1013,1013,1013,1015,Erador,main,male,erador,assets/triangle-strategy/approved_voice_references/erador.wav,ไม่คิดไม่ฝันเลยว่าต้องพูดเช่นนี้ แต่...เจ้าขโมยได้ยอดมาก,,,PENDING_MANUAL_GENERATION,,triangle-strategy
995,MS15_X32_RESEARCH_02_BEFORE_M_ELA_0030.wav,MS15_X32_RESEARCH_02_BEFORE_M_ELA_0030,1014,1014,1014,1016,Erador,main,male,erador,assets/triangle-strategy/approved_voice_references/erador.wav,ทำไมถึงมั่นใจล่ะ?,,,PENDING_MANUAL_GENERATION,,triangle-strategy
996,MS15_X32_RESEARCH_02_BEFORE_M_ELA_0040.wav,MS15_X32_RESEARCH_02_BEFORE_M_ELA_0040,1015,1015,1015,1017,Erador,main,male,erador,assets/triangle-strategy/approved_voice_references/erador.wav,ไม่บังเอิญไปหน่อยเหรอ?,,,PENDING_MANUAL_GENERATION,,triangle-strategy
997,MS15_X32_RESEARCH_02_BEFORE_M_SEL_0010.wav,MS15_X32_RESEARCH_02_BEFORE_M_SEL_0010,1016,1016,1016,1018,Serenoa,main,male,serenoa,assets/triangle-strategy/approved_voice_references/serenoa.wav,ข้อมูลลับสุดยอดของเอสฟรอสต์ถูกเก็บไว้ในหอสมุด แสดงว่าคงเป็นเรื่องสำคัญมากแน่ๆ,,,PENDING_MANUAL_GENERATION,,triangle-strategy
998,MS15_X32_RESEARCH_02_BEFORE_M_SEL_0020.wav,MS15_X32_RESEARCH_02_BEFORE_M_SEL_0020,1017,1017,1017,1019,Serenoa,main,male,serenoa,assets/triangle-strategy/approved_voice_references/serenoa.wav,ซึ่งอัญมณีเหล่านั้นจะอยู่ที่...,,,PENDING_MANUAL_GENERATION,,triangle-strategy
999,MS15_X32_RESEARCH_02_BEFORE_M_SEL_0030.wav,MS15_X32_RESEARCH_02_BEFORE_M_SEL_0030,1018,1018,1018,1020,Serenoa,main,male,serenoa,assets/triangle-strategy/approved_voice_references/serenoa.wav,เรามาค้นหมู่บ้านกันเถอะ,,,PENDING_MANUAL_GENERATION,,triangle-strategy
1000,MS15_X32_RESEARCH_02_BEFORE_M_SEL_0040.wav,MS15_X32_RESEARCH_02_BEFORE_M_SEL_0040,1019,1019,1019,1021,Serenoa,main,male,serenoa,assets/triangle-strategy/approved_voice_references/serenoa.wav,"เจ้าใช้ ""สัญชาตญาณโจร"" ช่วยค้นสมบัติให้เราหน่อยได้ไหม ทราวิส?",,,PENDING_MANUAL_GENERATION,,triangle-strategy
1001,MS15_X32_RESEARCH_02_BEFORE_M_TRA_0010.wav,MS15_X32_RESEARCH_02_BEFORE_M_TRA_0010,1020,1020,1020,1022,Travis,npc,male,travis,assets/triangle-strategy/approved_voice_references/travis.wav,แม่นแล้ว อุตส่าห์ไปเอามาจากซอกมุมมืดในหอสมุดเอสฟรอสต์เชียวนะ,,,PENDING_MANUAL_GENERATION,,triangle-strategy
1002,MS15_X32_RESEARCH_02_BEFORE_M_TRA_0020.wav,MS15_X32_RESEARCH_02_BEFORE_M_TRA_0020,1021,1021,1021,1023,Travis,npc,male,travis,assets/triangle-strategy/approved_voice_references/travis.wav,สัญชาตญาณโจรของข้ามันบอกว่า หนังสือนี้จะพาเราไปพบสมบัติล้ำค่า,,,PENDING_MANUAL_GENERATION,,triangle-strategy
1003,MS15_X32_RESEARCH_02_BEFORE_M_TRA_0030.wav,MS15_X32_RESEARCH_02_BEFORE_M_TRA_0030,1022,1022,1022,1024,Travis,npc,male,travis,assets/triangle-strategy/approved_voice_references/travis.wav,มันไม่ง่ายเลย แต่ข้าต้องทำเพื่อทริช,,,PENDING_MANUAL_GENERATION,,triangle-strategy
1004,MS15_X32_RESEARCH_02_BEFORE_M_TRA_0040.wav,MS15_X32_RESEARCH_02_BEFORE_M_TRA_0040,1023,1023,1023,1025,Travis,npc,male,travis,assets/triangle-strategy/approved_voice_references/travis.wav,น่าเสียดายที่หนังสือถูกผนึกไว้ พวกเจ้างัดออกมาไม่ได้หรอก,,,PENDING_MANUAL_GENERATION,,triangle-strategy
1005,MS15_X32_RESEARCH_02_BEFORE_M_TRA_0050.wav,MS15_X32_RESEARCH_02_BEFORE_M_TRA_0050,1024,1024,1024,1026,Travis,npc,male,travis,assets/triangle-strategy/approved_voice_references/travis.wav,ข้าเองก็คิดเช่นนั้น น่าจะอยู่แถวหมู่บ้านเนี่ยแหละ,,,PENDING_MANUAL_GENERATION,,triangle-strategy
1006,MS15_X32_RESEARCH_02_BEFORE_M_TRA_0060.wav,MS15_X32_RESEARCH_02_BEFORE_M_TRA_0060,1025,1025,1025,1027,Travis,npc,male,travis,assets/triangle-strategy/approved_voice_references/travis.wav,เจ้าลองดูปกหนังสือเสียก่อน นี่มันแผนที่นอร์เซเลียเห็นๆ,,,PENDING_MANUAL_GENERATION,,triangle-strategy
1007,MS15_X32_RESEARCH_02_BEFORE_M_TRA_0070.wav,MS15_X32_RESEARCH_02_BEFORE_M_TRA_0070,1026,1026,1026,1028,Travis,npc,male,travis,assets/triangle-strategy/approved_voice_references/travis.wav,ถูกแล้วล่ะ เรามาที่นี่เพื่อหาวิธีเปิดผนึก,,,PENDING_MANUAL_GENERATION,,triangle-strategy
1008,MS15_X32_RESEARCH_02_BEFORE_M_TRA_0080.wav,MS15_X32_RESEARCH_02_BEFORE_M_TRA_0080,1027,1027,1027,1029,Travis,npc,male,travis,assets/triangle-strategy/approved_voice_references/travis.wav,ได้สิ งานถนัดหัวขโมยอย่างข้าอยู่แล้ว,,,PENDING_MANUAL_GENERATION,,triangle-strategy
1009,MS15_X32_WD_0010_N_NNN_0010.wav,MS15_X32_WD_0010_N_NNN_0010,1028,1028,1028,1030,Narrator,narrator,female,narrator,assets/triangle-strategy/approved_voice_references/narrator.wav,เหล่าวูล์ฟฟอร์ตได้พักผ่อนจากศึกสงครามเพียงชั่วครู่หลังจากกอบกู้นครหลวงสำเร็จ และได้ตัดสินใจแยกย้ายไปตามทางของตน,,,PENDING_MANUAL_GENERATION,,triangle-strategy
1010,MS15_X32_WD_0010_N_NNN_0020.wav,MS15_X32_WD_0010_N_NNN_0020,1029,1029,1029,1031,Narrator,narrator,female,narrator,assets/triangle-strategy/approved_voice_references/narrator.wav,โรแลนด์คงอยู่ในนครหลวงเพื่อกำจัดศัตรูทางการเมือง,,,PENDING_MANUAL_GENERATION,,triangle-strategy
1011,MS15_X32_WD_0010_N_NNN_0030.wav,MS15_X32_WD_0010_N_NNN_0030,1030,1030,1030,1032,Narrator,narrator,female,narrator,assets/triangle-strategy/approved_voice_references/narrator.wav,เบเนดิกต์กลับปราสาทวูล์ฟฟอร์ตเพื่อเยี่ยมเยียนลอร์ดซีมอนผู้ป่วยไข้,,,PENDING_MANUAL_GENERATION,,triangle-strategy
1012,MS15_X32_WD_0010_N_NNN_0040.wav,MS15_X32_WD_0010_N_NNN_0040,1031,1031,1031,1033,Narrator,narrator,female,narrator,assets/triangle-strategy/approved_voice_references/narrator.wav,เซเรโนอาและเฟรเดอริก้ามุ่งหน้าสำรวจหมู่บ้านร้างโรเซลล์ หลังได้รับรายงานว่าพบเห็นโจรกลุ่มหนึ่ง,,,PENDING_MANUAL_GENERATION,,triangle-strategy
1013,MS15_X33_A1_0010_F_TRI_0010.wav,MS15_X33_A1_0010_F_TRI_0010,1032,1032,1032,1034,Trish,npc,female,trish,assets/triangle-strategy/approved_voice_references/trish.wav,ใช่แล้วป๊า ตามแผนที่บนหนังสือที่เราขโมยมาจากหอสมุดเป๊ะๆเลย,,,PENDING_MANUAL_GENERATION,,triangle-strategy
1014,MS15_X33_A1_0010_F_TRI_0020.wav,MS15_X33_A1_0010_F_TRI_0020,1033,1033,1033,1035,Trish,npc,female,trish,assets/triangle-strategy/approved_voice_references/trish.wav,อู้ววว! ป๊าได้กลิ่นไหม? กลิ่นเหมือนขุมทรัพย์เลยล่ะ,,,PENDING_MANUAL_GENERATION,,triangle-strategy
1015,MS15_X33_A1_0010_F_TRI_0030.wav,MS15_X33_A1_0010_F_TRI_0030,1034,1034,1034,1036,Trish,npc,female,trish,assets/triangle-strategy/approved_voice_references/trish.wav,สภาพแบบนี้ไม่น่าเรียกว่าหมู่บ้านแล้วล่ะ แต่เดี๋ยวพวกเราคงรวยเละแน่,,,PENDING_MANUAL_GENERATION,,triangle-strategy
1016,MS15_X33_A1_0010_F_TRI_0040.wav,MS15_X33_A1_0010_F_TRI_0040,1035,1035,1035,1037,Trish,npc,female,trish,assets/triangle-strategy/approved_voice_references/trish.wav,ลังเลอะไรของป๊าเนี่ย? จะสู้กันนิดหน่อยต้องเข่าอ่อนขนาดนี้เลยเหรอ?,,,PENDING_MANUAL_GENERATION,,triangle-strategy
1017,MS15_X33_A1_0010_F_TRI_0050.wav,MS15_X33_A1_0010_F_TRI_0050,1036,1036,1036,1038,Trish,npc,female,trish,assets/triangle-strategy/approved_voice_references/trish.wav,ป๊าแก่แล้วเพี้ยนนะเนี่ย ก็ได้...ตามใจป๊าเลย ขู่พวกมันซะหน่อย จากนั้นก็คว้าสมบัติแล้วชิ่งหนี,,,PENDING_MANUAL_GENERATION,,triangle-strategy
1018,MS15_X33_A1_0010_F_TRI_0060.wav,MS15_X33_A1_0010_F_TRI_0060,1037,1037,1037,1039,Trish,npc,female,trish,assets/triangle-strategy/approved_voice_references/trish.wav,นี่ป๊านอนท่าไหนถึงตื่นมาเป็นตาแก่ขี้บ่นเช่นนี้เนี่ย!? หยิบอาวุธแล้วไปกันต่อได้แล้ว!,,,PENDING_MANUAL_GENERATION,,triangle-strategy
1019,MS15_X33_A1_0010_F_TRI_0070.wav,MS15_X33_A1_0010_F_TRI_0070,1038,1038,1038,1040,Trish,npc,female,trish,assets/triangle-strategy/approved_voice_references/trish.wav,คนอย่างเราคว้าโอกาสได้ครั้งเดียวนะป๊า!,,,PENDING_MANUAL_GENERATION,,triangle-strategy
1020,MS15_X33_A1_0010_F_TRI_0080.wav,MS15_X33_A1_0010_F_TRI_0080,1039,1039,1039,1041,Trish,npc,female,trish,assets/triangle-strategy/approved_voice_references/trish.wav,ป๊าเป็นคนสอนให้เราช่วงชิง เพราะโลกนี้ไม่เคยมอบสิ่งใดแก่เราเลยไม่ใช่เหรอ!?,,,PENDING_MANUAL_GENERATION,,triangle-strategy
1021,MS15_X33_A1_0010_F_TRI_0090.wav,MS15_X33_A1_0010_F_TRI_0090,1040,1040,1040,1042,Trish,npc,female,trish,assets/triangle-strategy/approved_voice_references/trish.wav,คืองี้นะ ข้าไม่อยากฟังป๊าบ่นแล้ว! ถ้าจะนอนก็กลับบ้านไปเถอะ ข้าไม่ต้องการท่านหรอก!,,,PENDING_MANUAL_GENERATION,,triangle-strategy
1022,MS15_X33_A1_0010_F_TRI_0100.wav,MS15_X33_A1_0010_F_TRI_0100,1041,1041,1041,1043,Trish,npc,female,trish,assets/triangle-strategy/approved_voice_references/trish.wav,ข้ากับคนอื่นๆจะไปล่าขุมทรัพย์,,,PENDING_MANUAL_GENERATION,,triangle-strategy
1023,MS15_X33_A1_0010_M_TRA_0010.wav,MS15_X33_A1_0010_M_TRA_0010,1042,1042,1042,1044,Travis,npc,male,travis,assets/triangle-strategy/approved_voice_references/travis.wav,ถึงแล้วสินะ หมู่บ้านโรเซลล์,,,PENDING_MANUAL_GENERATION,,triangle-strategy
1024,MS15_X33_A1_0010_M_TRA_0020.wav,MS15_X33_A1_0010_M_TRA_0020,1043,1043,1043,1045,Travis,npc,male,travis,assets/triangle-strategy/approved_voice_references/travis.wav,ใจเย็นก่อนทริช ปล่อยสมบัติไว้เช่นนั้นเถอะ,,,PENDING_MANUAL_GENERATION,,triangle-strategy
1025,MS15_X33_A1_0010_M_TRA_0030.wav,MS15_X33_A1_0010_M_TRA_0030,1044,1044,1044,1046,Travis,npc,male,travis,assets/triangle-strategy/approved_voice_references/travis.wav,หุบปากแล้วใช้สมองของเจ้าเสียบ้างนะลูกรัก รู้ใช่ไหมว่าพวกเขาลี้ภัยมาจากไฮแซนต์ผู้โหดเหี้ยม,,,PENDING_MANUAL_GENERATION,,triangle-strategy
1026,MS15_X33_A1_0010_M_TRA_0040.wav,MS15_X33_A1_0010_M_TRA_0040,1045,1045,1045,1047,Travis,npc,male,travis,assets/triangle-strategy/approved_voice_references/travis.wav,พวกเราเองก็มีบางสิ่งที่คล้ายคลึงกับพวกเขา ช่วยเห็นใจแล้วอย่าสร้างความเดือดร้อนให้ใครเกินเหตุเลยลูก,,,PENDING_MANUAL_GENERATION,,triangle-strategy
1027,MS15_X33_A1_0010_M_TRA_0050.wav,MS15_X33_A1_0010_M_TRA_0050,1046,1046,1046,1048,Travis,npc,male,travis,assets/triangle-strategy/approved_voice_references/travis.wav,แล้วก็อีกอย่าง- อ้าก! ปวดหลังเหลือเกิน... สงสัยร่างกายยังไม่ฟื้นสภาพหลังจากปล้นครั้งก่อนสินะ...,,,PENDING_MANUAL_GENERATION,,triangle-strategy
1028,MS15_X33_A1_0010_M_TRA_0060.wav,MS15_X33_A1_0010_M_TRA_0060,1047,1047,1047,1049,Travis,npc,male,travis,assets/triangle-strategy/approved_voice_references/travis.wav,เหมือนจะปวดกว่าเดิมด้วยซ้ำ...,,,PENDING_MANUAL_GENERATION,,triangle-strategy
1029,MS15_X33_A1_0010_M_TRA_0070.wav,MS15_X33_A1_0010_M_TRA_0070,1048,1048,1048,1050,Travis,npc,male,travis,assets/triangle-strategy/approved_voice_references/travis.wav,ข้ารู้... แต่... แต่ข้า...,,,PENDING_MANUAL_GENERATION,,triangle-strategy
1030,MS15_X33_A1_0010_M_TRA_0080.wav,MS15_X33_A1_0010_M_TRA_0080,1049,1049,1049,1051,Travis,npc,male,travis,assets/triangle-strategy/approved_voice_references/travis.wav,เดี๋ยว...ทริช! ปวดหลัง! บ้าชิบ...,,,PENDING_MANUAL_GENERATION,,triangle-strategy
1031,MS15_X33_A1_0020_F_FRE_0010.wav,MS15_X33_A1_0020_F_FRE_0010,1050,1050,1050,1052,Frederica,main,female,frederica,assets/triangle-strategy/approved_voice_references/frederica.wav,คำสอนของรัฐศักดิ์สิทธิ์มันลวงโลก ของขวัญแห่งเทพธิดาที่ถูกส่งต่อให้ชาวนอร์เซเลียทุกคน,,,PENDING_MANUAL_GENERATION,,triangle-strategy
1032,MS15_X33_A1_0020_F_FRE_0020.wav,MS15_X33_A1_0020_F_FRE_0020,1051,1051,1051,1053,Frederica,main,female,frederica,assets/triangle-strategy/approved_voice_references/frederica.wav,ของขวัญอันแท้จริง คือกุญแจปลดโซ่พันธนาการให้คนของเรา,,,PENDING_MANUAL_GENERATION,,triangle-strategy
1033,MS15_X33_A1_0020_F_FRE_0030.wav,MS15_X33_A1_0020_F_FRE_0030,1052,1052,1052,1054,Frederica,main,female,frederica,assets/triangle-strategy/approved_voice_references/frederica.wav,"""ของขวัญ"" ที่แม่ของข้าพูดถึงคือคริสตัลเกลือ",,,PENDING_MANUAL_GENERATION,,triangle-strategy
1034,MS15_X33_A1_0020_F_FRE_0040.wav,MS15_X33_A1_0020_F_FRE_0040,1053,1053,1053,1055,Frederica,main,female,frederica,assets/triangle-strategy/approved_voice_references/frederica.wav,แต่ข้าไม่มีวันอภัยไฮแซนต์แน่!,,,PENDING_MANUAL_GENERATION,,triangle-strategy
1035,MS15_X33_A1_0020_F_FRE_0050.wav,MS15_X33_A1_0020_F_FRE_0050,1054,1054,1054,1056,Frederica,main,female,frederica,assets/triangle-strategy/approved_voice_references/frederica.wav,พวกมันเปลี่ยนแปลงประวัติศาสตร์ด้วยคำสอนลวงๆ เพื่อกดขี่ชาวโรเซลล์! พวกมันก็แค่อยากมีอำนาจผูกขาดเกลือ!,,,PENDING_MANUAL_GENERATION,,triangle-strategy
1036,MS15_X33_A1_0020_F_FRE_0060.wav,MS15_X33_A1_0020_F_FRE_0060,1055,1055,1055,1057,Frederica,main,female,frederica,assets/triangle-strategy/approved_voice_references/frederica.wav,ต่อให้ใช้เวลานานข้าก็ไม่สนหรอก ทำไมเราถึงตามหาความจริงไม่ได้ล่ะ?,,,PENDING_MANUAL_GENERATION,,triangle-strategy
1037,MS15_X33_A1_0020_F_FRE_0070.wav,MS15_X33_A1_0020_F_FRE_0070,1056,1056,1056,1058,Frederica,main,female,frederica,assets/triangle-strategy/approved_voice_references/frederica.wav,แต่ท่านแม่มอบโอกาสแก้แค้นให้เราผ่านหนังสือเล่มนี้ ข้าไม่ยอมให้มันหลุดมือไปง่ายๆหรอกนะ!,,,PENDING_MANUAL_GENERATION,,triangle-strategy
1038,MS15_X33_A1_0020_F_FRE_0080.wav,MS15_X33_A1_0020_F_FRE_0080,1057,1057,1057,1059,Frederica,main,female,frederica,assets/triangle-strategy/approved_voice_references/frederica.wav,ได้สิ ข้าเชื่อมั่นในตระกูลวูล์ฟฟอร์ต...,,,PENDING_MANUAL_GENERATION,,triangle-strategy
1039,MS15_X33_A1_0020_F_FRE_0090.wav,MS15_X33_A1_0020_F_FRE_0090,1058,1058,1058,1060,Frederica,main,female,frederica,assets/triangle-strategy/approved_voice_references/frederica.wav,รวมถึงเจ้าด้วยนะ เซเรโนอา,,,PENDING_MANUAL_GENERATION,,triangle-strategy
1040,MS15_X33_A1_0020_F_FRE_0100.wav,MS15_X33_A1_0020_F_FRE_0100,1059,1059,1059,1061,Frederica,main,female,frederica,assets/triangle-strategy/approved_voice_references/frederica.wav,แน่นอน ขอบคุณนะเจอร์รอม,,,PENDING_MANUAL_GENERATION,,triangle-strategy
1041,MS15_X33_A1_0020_F_FRE_0110.wav,MS15_X33_A1_0020_F_FRE_0110,1060,1060,1060,1062,Frederica,main,female,frederica,assets/triangle-strategy/approved_voice_references/frederica.wav,ได้สิ,,,PENDING_MANUAL_GENERATION,,triangle-strategy
1042,MS15_X33_A1_0020_F_TRI_0010.wav,MS15_X33_A1_0020_F_TRI_0010,1061,1061,1061,1063,Trish,npc,female,trish,assets/triangle-strategy/approved_voice_references/trish.wav,"ข้าพอเข้าใจแล้ว... ""คริสตัลเกลือ"" ของเจ้า... คือสมบัติที่เราตามหาสินะ?",,,PENDING_MANUAL_GENERATION,,triangle-strategy
1043,MS15_X33_A1_0020_F_TRI_0020.wav,MS15_X33_A1_0020_F_TRI_0020,1062,1062,1062,1064,Trish,npc,female,trish,assets/triangle-strategy/approved_voice_references/trish.wav,ข้ารับปาก! ท่านคงไม่อยากให้มีพวกประหลาดเข้ามาเหยียบย่ำแถวนี้สินะ,,,PENDING_MANUAL_GENERATION,,triangle-strategy
1044,MS15_X33_A1_0020_F_TRI_0030.wav,MS15_X33_A1_0020_F_TRI_0030,1063,1063,1063,1065,Trish,npc,female,trish,assets/triangle-strategy/approved_voice_references/trish.wav,เอาล่ะ ถึงจะยังไม่ได้ตกลงกัน แต่ถ้าหากให้ข้ากับป๊าดูแลหมู่บ้านนี้ให้ ท่านคิดว่ายังไงล่ะ?,,,PENDING_MANUAL_GENERATION,,triangle-strategy
1045,MS15_X33_A1_0020_F_TRI_0040.wav,MS15_X33_A1_0020_F_TRI_0040,1064,1064,1064,1066,Trish,npc,female,trish,assets/triangle-strategy/approved_voice_references/trish.wav,แม้ว่าป๊าจะแก่อย่างที่เห็น แต่รับรองว่าใครก็สู้ไม่ได้แน่นอน,,,PENDING_MANUAL_GENERATION,,triangle-strategy
1046,MS15_X33_A1_0020_M_ELA_0010.wav,MS15_X33_A1_0020_M_ELA_0010,1065,1065,1065,1067,Erador,main,male,erador,assets/triangle-strategy/approved_voice_references/erador.wav,ข้าเชื่อนางนะ คนอย่างนางไม่โกหกหรอก,,,PENDING_MANUAL_GENERATION,,triangle-strategy
1047,MS15_X33_A1_0020_M_JRM_0010.wav,MS15_X33_A1_0020_M_JRM_0010,1066,1066,1066,1068,เจอร์รอม,npc,male,jerrom,assets/triangle-strategy/approved_voice_references/jerrom.wav,เรามีกุญแจที่สามารถปลดโซ่ที่ล่ามเราไว้แล้ว หาวิธีใช้มันให้เจอก็สิ้นเรื่อง...,,,PENDING_MANUAL_GENERATION,,triangle-strategy
1048,MS15_X33_A1_0020_M_JRM_0020.wav,MS15_X33_A1_0020_M_JRM_0020,1067,1067,1067,1069,เจอร์รอม,npc,male,jerrom,assets/triangle-strategy/approved_voice_references/jerrom.wav,และประวัติศาสตร์จะซ้ำรอย...,,,PENDING_MANUAL_GENERATION,,triangle-strategy
1049,MS15_X33_A1_0020_M_JRM_0030.wav,MS15_X33_A1_0020_M_JRM_0030,1068,1068,1068,1070,เจอร์รอม,npc,male,jerrom,assets/triangle-strategy/approved_voice_references/jerrom.wav,ท่านหญิงเองก็สมควรได้รับคำยกย่อง เพราะท่านและแม่ของท่านทำให้เราได้รู้ความจริง,,,PENDING_MANUAL_GENERATION,,triangle-strategy
1050,MS15_X33_A1_0020_M_JRM_0040.wav,MS15_X33_A1_0020_M_JRM_0040,1069,1069,1069,1071,เจอร์รอม,npc,male,jerrom,assets/triangle-strategy/approved_voice_references/jerrom.wav,ท่านคือสหายตลอดกาลของชาวโรเซลล์ ขอให้ท่านภูมิใจที่ได้รับใช้ประชาชนอย่างดีขอรับ,,,PENDING_MANUAL_GENERATION,,triangle-strategy
1051,MS15_X33_A1_0020_M_JRM_0050.wav,MS15_X33_A1_0020_M_JRM_0050,1070,1070,1070,1072,เจอร์รอม,npc,male,jerrom,assets/triangle-strategy/approved_voice_references/jerrom.wav,มีเพียงท่านเท่านั้น ที่ข้าไว้ใจให้ชี้นำทาง,,,PENDING_MANUAL_GENERATION,,triangle-strategy
1052,MS15_X33_A1_0020_M_JRM_0060.wav,MS15_X33_A1_0020_M_JRM_0060,1071,1071,1071,1073,เจอร์รอม,npc,male,jerrom,assets/triangle-strategy/approved_voice_references/jerrom.wav,ข้าจะตามติดท่านไปทุกที่ขอรับ,,,PENDING_MANUAL_GENERATION,,triangle-strategy
1053,MS15_X33_A1_0020_M_JRM_0070.wav,MS15_X33_A1_0020_M_JRM_0070,1072,1072,1072,1074,เจอร์รอม,npc,male,jerrom,assets/triangle-strategy/approved_voice_references/jerrom.wav,ชาวโรเซลล์ทำดีกับทุกคน หากพวกเขาทำดีกับเราเป็นการตอบแทนขอรับ,,,PENDING_MANUAL_GENERATION,,triangle-strategy
1054,MS15_X33_A1_0020_M_SEL_0010.wav,MS15_X33_A1_0020_M_SEL_0010,1073,1073,1073,1075,Serenoa,main,male,serenoa,assets/triangle-strategy/approved_voice_references/serenoa.wav,คำสอนลวงโลกพวกนั้น พูดถึงเกลือนอกเหนือจากในนาเกลือสินะ,,,PENDING_MANUAL_GENERATION,,triangle-strategy
1055,MS15_X33_A1_0020_M_SEL_0020.wav,MS15_X33_A1_0020_M_SEL_0020,1074,1074,1074,1076,Serenoa,main,male,serenoa,assets/triangle-strategy/approved_voice_references/serenoa.wav,มันเป็นกุญแจสำคัญ เพื่อทำลายการผูกขาดเกลือของไฮแซนต์...,,,PENDING_MANUAL_GENERATION,,triangle-strategy
1056,MS15_X33_A1_0020_M_SEL_0030.wav,MS15_X33_A1_0020_M_SEL_0030,1075,1075,1075,1077,Serenoa,main,male,serenoa,assets/triangle-strategy/approved_voice_references/serenoa.wav,สิ่งนี้มีอำนาจในการพลิกโฉมนอร์เซเลียแน่นอน แต่มันเป็นเรื่องละเอียดอ่อนที่จะพูดออกมา,,,PENDING_MANUAL_GENERATION,,triangle-strategy
1057,MS15_X33_A1_0020_M_SEL_0040.wav,MS15_X33_A1_0020_M_SEL_0040,1076,1076,1076,1078,Serenoa,main,male,serenoa,assets/triangle-strategy/approved_voice_references/serenoa.wav,เราต้องมีหลักฐานมัดตัวก่อน ตอนนี้เรามีเพียงคริสตัลเกลือเท่านั้น,,,PENDING_MANUAL_GENERATION,,triangle-strategy
1058,MS15_X33_A1_0020_M_SEL_0050.wav,MS15_X33_A1_0020_M_SEL_0050,1077,1077,1077,1079,Serenoa,main,male,serenoa,assets/triangle-strategy/approved_voice_references/serenoa.wav,ทั้งเรื่องเกลือใต้ดิน รวมถึงความจริงแห่งรูปปั้นเทพธิดา ตอนนี้เรายังสรุปไม่ได้ทั้งคู่,,,PENDING_MANUAL_GENERATION,,triangle-strategy
1059,MS15_X33_A1_0020_M_SEL_0060.wav,MS15_X33_A1_0020_M_SEL_0060,1078,1078,1078,1080,Serenoa,main,male,serenoa,assets/triangle-strategy/approved_voice_references/serenoa.wav,...เพราะตอนนี้ตระกูลวูล์ฟฟอร์ตกำลังรับใช้ไฮแซนต์อยู่,,,PENDING_MANUAL_GENERATION,,triangle-strategy
1060,MS15_X33_A1_0020_M_SEL_0070.wav,MS15_X33_A1_0020_M_SEL_0070,1079,1079,1079,1081,Serenoa,main,male,serenoa,assets/triangle-strategy/approved_voice_references/serenoa.wav,รัฐศักดิ์สิทธิ์อาจตราหน้าเราเป็นกบฎ หากสิ่งที่เราทำนั้นเป็นการลบหลู่เทพธิดา,,,PENDING_MANUAL_GENERATION,,triangle-strategy
1061,MS15_X33_A1_0020_M_SEL_0080.wav,MS15_X33_A1_0020_M_SEL_0080,1080,1080,1080,1082,Serenoa,main,male,serenoa,assets/triangle-strategy/approved_voice_references/serenoa.wav,ข้าเข้าใจความรู้สึกของเจ้า รวมถึงหน้าที่พิทักษ์ชาวโรเซลล์ของเราวูล์ฟฟอร์ตด้วย...,,,PENDING_MANUAL_GENERATION,,triangle-strategy
1062,MS15_X33_A1_0020_M_SEL_0090.wav,MS15_X33_A1_0020_M_SEL_0090,1081,1081,1081,1083,Serenoa,main,male,serenoa,assets/triangle-strategy/approved_voice_references/serenoa.wav,ขอเวลาคิดสักพักได้ไหม เฟรเดอริก้า,,,PENDING_MANUAL_GENERATION,,triangle-strategy
1063,MS15_X33_A1_0020_M_SEL_0100.wav,MS15_X33_A1_0020_M_SEL_0100,1082,1082,1082,1084,Serenoa,main,male,serenoa,assets/triangle-strategy/approved_voice_references/serenoa.wav,ถูกต้อง แล้วก็อย่าเอาเรื่องในหนังสือไปบอกคนอื่นด้วยล่ะ,,,PENDING_MANUAL_GENERATION,,triangle-strategy
1064,MS15_X33_A1_0020_M_SEL_0110.wav,MS15_X33_A1_0020_M_SEL_0110,1083,1083,1083,1085,Serenoa,main,male,serenoa,assets/triangle-strategy/approved_voice_references/serenoa.wav,ข้าเชื่อเหมือนกัน ถ้างั้น...ระหว่างนี้ข้าจะให้ทราวิสคุ้มกันหมู่บ้านให้ หวังว่าเจ้าจะไม่ติดขัดอะไรนะเจอร์รอม,,,PENDING_MANUAL_GENERATION,,triangle-strategy
1065,MS15_X33_A1_0020_M_SEL_0120.wav,MS15_X33_A1_0020_M_SEL_0120,1084,1084,1084,1086,Serenoa,main,male,serenoa,assets/triangle-strategy/approved_voice_references/serenoa.wav,ขอบคุณที่เข้าใจนะ เช่นนั้นเราขอตัวกลับนครหลวง,,,PENDING_MANUAL_GENERATION,,triangle-strategy
1066,MS15_X33_A1_0020_M_SEL_0130.wav,MS15_X33_A1_0020_M_SEL_0130,1085,1085,1085,1087,Serenoa,main,male,serenoa,assets/triangle-strategy/approved_voice_references/serenoa.wav,ข้าขอหารือกับเบเนดิกต์และโรแลนด์ในเรื่องนี้ก่อนนะ,,,PENDING_MANUAL_GENERATION,,triangle-strategy
1067,MS15_X33_BATTLE_01_AFTER_F_FRE_0010.wav,MS15_X33_BATTLE_01_AFTER_F_FRE_0010,1086,1086,1086,1088,Frederica,main,female,frederica,assets/triangle-strategy/approved_voice_references/frederica.wav,เรามาทำข้อตกลงกันไหม,,,PENDING_MANUAL_GENERATION,,triangle-strategy
1068,MS15_X33_BATTLE_01_AFTER_F_FRE_0020.wav,MS15_X33_BATTLE_01_AFTER_F_FRE_0020,1087,1087,1087,1089,Frederica,main,female,frederica,assets/triangle-strategy/approved_voice_references/frederica.wav,เราจะอภัยโทษให้พวกเจ้าทั้งหมด และยอมให้พวกเจ้าทำงานในแคว้นอย่างถูกกฎหมาย,,,PENDING_MANUAL_GENERATION,,triangle-strategy
1069,MS15_X33_BATTLE_01_AFTER_F_FRE_0030.wav,MS15_X33_BATTLE_01_AFTER_F_FRE_0030,1088,1088,1088,1090,Frederica,main,female,frederica,assets/triangle-strategy/approved_voice_references/frederica.wav,แต่เจ้าจะรับใช้ตระกูลวูล์ฟฟอร์ตของเราเป็นการตอบแทน,,,PENDING_MANUAL_GENERATION,,triangle-strategy
1070,MS15_X33_BATTLE_01_AFTER_F_FRE_0040.wav,MS15_X33_BATTLE_01_AFTER_F_FRE_0040,1089,1089,1089,1091,Frederica,main,female,frederica,assets/triangle-strategy/approved_voice_references/frederica.wav,ข้าอยากให้เจ้าช่วยเราตามหาสมบัติในหมู่บ้านนี้,,,PENDING_MANUAL_GENERATION,,triangle-strategy
1071,MS15_X33_BATTLE_01_AFTER_F_FRE_0050.wav,MS15_X33_BATTLE_01_AFTER_F_FRE_0050,1090,1090,1090,1092,Frederica,main,female,frederica,assets/triangle-strategy/approved_voice_references/frederica.wav,ขอโทษที่ตัดสินใจโดยพลการนะ ข้าคิดว่ามันอาจจะดีก็ได้,,,PENDING_MANUAL_GENERATION,,triangle-strategy
1072,MS15_X33_BATTLE_01_AFTER_F_FRE_0060.wav,MS15_X33_BATTLE_01_AFTER_F_FRE_0060,1091,1091,1091,1093,Frederica,main,female,frederica,assets/triangle-strategy/approved_voice_references/frederica.wav,ทำนองนั้น มันอาจเกี่ยวข้องกับคริสตัลเกลือก็ได้,,,PENDING_MANUAL_GENERATION,,triangle-strategy
1073,MS15_X33_BATTLE_01_AFTER_F_FRE_0070.wav,MS15_X33_BATTLE_01_AFTER_F_FRE_0070,1092,1092,1092,1094,Frederica,main,female,frederica,assets/triangle-strategy/approved_voice_references/frederica.wav,อย่างน้อยก็คว้าโอกาสนั่นไว้ แล้วลงมือสำรวจเสียเถอะ,,,PENDING_MANUAL_GENERATION,,triangle-strategy
1074,MS15_X33_BATTLE_01_AFTER_F_TRI_0010.wav,MS15_X33_BATTLE_01_AFTER_F_TRI_0010,1093,1093,1093,1095,Trish,npc,female,trish,assets/triangle-strategy/approved_voice_references/trish.wav,อยากจะฆ่าจะแกงยังไงตามใจพวกแกเลย ไอ้สารเลว! จำคำข้าไว้ สมบัตินั่นต้องเป็นของเรา!,,,PENDING_MANUAL_GENERATION,,triangle-strategy
1075,MS15_X33_BATTLE_01_AFTER_F_TRI_0020.wav,MS15_X33_BATTLE_01_AFTER_F_TRI_0020,1094,1094,1094,1096,Trish,npc,female,trish,assets/triangle-strategy/approved_voice_references/trish.wav,ป๊า!? ข้าบอกให้อยู่เฉยๆไง!,,,PENDING_MANUAL_GENERATION,,triangle-strategy
1076,MS15_X33_BATTLE_01_AFTER_F_TRI_0030.wav,MS15_X33_BATTLE_01_AFTER_F_TRI_0030,1095,1095,1095,1097,Trish,npc,female,trish,assets/triangle-strategy/approved_voice_references/trish.wav,ป๊าจะบ้าไปแล้วเหรอ!? ข้าเป็นคนพาเรามาที่นี่นะ!,,,PENDING_MANUAL_GENERATION,,triangle-strategy
1077,MS15_X33_BATTLE_01_AFTER_F_TRI_0040.wav,MS15_X33_BATTLE_01_AFTER_F_TRI_0040,1096,1096,1096,1098,Trish,npc,female,trish,assets/triangle-strategy/approved_voice_references/trish.wav,ป๊าเงียบๆไปเลย!,,,PENDING_MANUAL_GENERATION,,triangle-strategy
1078,MS15_X33_BATTLE_01_AFTER_F_TRI_0050.wav,MS15_X33_BATTLE_01_AFTER_F_TRI_0050,1097,1097,1097,1099,Trish,npc,female,trish,assets/triangle-strategy/approved_voice_references/trish.wav,เจ้ากำลังบอกว่าสมบัติชิ้นนี้จะช่วยเราทุกคน ไม่ใช่แค่คนบางกลุ่มงั้นเหรอ?,,,PENDING_MANUAL_GENERATION,,triangle-strategy
1079,MS15_X33_BATTLE_01_AFTER_F_TRI_0060.wav,MS15_X33_BATTLE_01_AFTER_F_TRI_0060,1098,1098,1098,1100,Trish,npc,female,trish,assets/triangle-strategy/approved_voice_references/trish.wav,หากเป็นเช่นนั้นข้ายอมก็ได้! ข้าขอช่วยแทนป๊าเอง ไม่งั้นกว่าจะหาสมบัติเจอคงแก่ตายก่อน!,,,PENDING_MANUAL_GENERATION,,triangle-strategy
1080,MS15_X33_BATTLE_01_AFTER_F_TRI_0070.wav,MS15_X33_BATTLE_01_AFTER_F_TRI_0070,1099,1099,1099,1101,Trish,npc,female,trish,assets/triangle-strategy/approved_voice_references/trish.wav,เห็นมั้ยป๊า กลับบ้านไปพักเถอะ ให้วัยรุ่นไฟแรงอย่างข้าจัดการเอง,,,PENDING_MANUAL_GENERATION,,triangle-strategy
1081,MS15_X33_BATTLE_01_AFTER_F_TRI_0080.wav,MS15_X33_BATTLE_01_AFTER_F_TRI_0080,1100,1100,1100,1102,Trish,npc,female,trish,assets/triangle-strategy/approved_voice_references/trish.wav,สุดท้ายคนเป็นลูกต้องรับช่วงต่อจากพ่อใช่ไหมล่ะ เพราะงั้นป๊าเลิกบ่นได้แล้ว,,,PENDING_MANUAL_GENERATION,,triangle-strategy
1082,MS15_X33_BATTLE_01_AFTER_F_TRI_0090.wav,MS15_X33_BATTLE_01_AFTER_F_TRI_0090,1101,1101,1101,1103,Trish,npc,female,trish,assets/triangle-strategy/approved_voice_references/trish.wav,เจ้าค่ะนายท่าน! ให้ข้าจัดการเอง!,,,PENDING_MANUAL_GENERATION,,triangle-strategy
1083,MS15_X33_BATTLE_01_AFTER_F_YRA_0010.wav,MS15_X33_BATTLE_01_AFTER_F_YRA_0010,1102,1102,1102,1104,Geela,main,female,geela,assets/triangle-strategy/approved_voice_references/geela.wav,ลูกไม้หล่นไม่ไกลต้นจริงๆ,,,PENDING_MANUAL_GENERATION,,triangle-strategy
1084,MS15_X33_BATTLE_01_AFTER_M_ELA_0010.wav,MS15_X33_BATTLE_01_AFTER_M_ELA_0010,1103,1103,1103,1105,Erador,main,male,erador,assets/triangle-strategy/approved_voice_references/erador.wav,ถ้าไม่อยากหัวหลุดจากบ่า ก็เลิกโวยวายสักที,,,PENDING_MANUAL_GENERATION,,triangle-strategy
1085,MS15_X33_BATTLE_01_AFTER_M_ELA_0020.wav,MS15_X33_BATTLE_01_AFTER_M_ELA_0020,1104,1104,1104,1106,Erador,main,male,erador,assets/triangle-strategy/approved_voice_references/erador.wav,นึกไม่ถึงเลยนะเนี่ย คนเลวอย่างเจ้าก็มีความเป็นพ่อเหมือนกันสินะ,,,PENDING_MANUAL_GENERATION,,triangle-strategy
1086,MS15_X33_BATTLE_01_AFTER_M_JRM_0010.wav,MS15_X33_BATTLE_01_AFTER_M_JRM_0010,1105,1105,1105,1107,เจอร์รอม,npc,male,jerrom,assets/triangle-strategy/approved_voice_references/jerrom.wav,รับได้ขอรับ พวกเขาไม่ได้สร้างความเสียหายให้กับเรา,,,PENDING_MANUAL_GENERATION,,triangle-strategy
1087,MS15_X33_BATTLE_01_AFTER_M_SEL_0010.wav,MS15_X33_BATTLE_01_AFTER_M_SEL_0010,1106,1106,1106,1108,Serenoa,main,male,serenoa,assets/triangle-strategy/approved_voice_references/serenoa.wav,ยอมซะเถอะ มันจบแล้ว,,,PENDING_MANUAL_GENERATION,,triangle-strategy
1088,MS15_X33_BATTLE_01_AFTER_M_SEL_0030.wav,MS15_X33_BATTLE_01_AFTER_M_SEL_0030,1108,1108,1108,1110,Serenoa,main,male,serenoa,assets/triangle-strategy/approved_voice_references/serenoa.wav,เฟรเดอริก้า?,,,PENDING_MANUAL_GENERATION,,triangle-strategy
1089,MS15_X33_BATTLE_01_AFTER_M_SEL_0040.wav,MS15_X33_BATTLE_01_AFTER_M_SEL_0040,1109,1109,1109,1111,Serenoa,main,male,serenoa,assets/triangle-strategy/approved_voice_references/serenoa.wav,เจ้าเชื่อว่ามีสมบัติอยู่จริงๆเหรอ?,,,PENDING_MANUAL_GENERATION,,triangle-strategy
1090,MS15_X33_BATTLE_01_AFTER_M_SEL_0050.wav,MS15_X33_BATTLE_01_AFTER_M_SEL_0050,1110,1110,1110,1112,Serenoa,main,male,serenoa,assets/triangle-strategy/approved_voice_references/serenoa.wav,เจ้ารับได้ใช่ไหม เจอร์รอม?,,,PENDING_MANUAL_GENERATION,,triangle-strategy
1091,MS15_X33_BATTLE_01_AFTER_M_SEL_0060.wav,MS15_X33_BATTLE_01_AFTER_M_SEL_0060,1111,1111,1111,1113,Serenoa,main,male,serenoa,assets/triangle-strategy/approved_voice_references/serenoa.wav,ถ้างั้นก็ตกลงตามนี้ ไปตามล่าสมบัติกันเลยไหม?,,,PENDING_MANUAL_GENERATION,,triangle-strategy
1092,MS15_X33_BATTLE_01_AFTER_M_TRA_0010.wav,MS15_X33_BATTLE_01_AFTER_M_TRA_0010,1112,1112,1112,1114,Travis,npc,male,travis,assets/triangle-strategy/approved_voice_references/travis.wav,ทริช หยุดเถอะลูก,,,PENDING_MANUAL_GENERATION,,triangle-strategy
1093,MS15_X33_BATTLE_01_AFTER_M_TRA_0020.wav,MS15_X33_BATTLE_01_AFTER_M_TRA_0020,1113,1113,1113,1115,Travis,npc,male,travis,assets/triangle-strategy/approved_voice_references/travis.wav,อยู่เฉยให้เจ้าเอาชีวิตตัวเองไปทิ้งเนี่ยนะ!? ทำไมลูกต้องใจร้อนขนาดนี้ด้วย,,,PENDING_MANUAL_GENERATION,,triangle-strategy
1094,MS15_X33_BATTLE_01_AFTER_M_TRA_0030.wav,MS15_X33_BATTLE_01_AFTER_M_TRA_0030,1114,1114,1114,1116,Travis,npc,male,travis,assets/triangle-strategy/approved_voice_references/travis.wav,ขอโทษสำหรับความวุ่นวายจริงๆ ช่วยไว้ชีวิตพวกเราด้วยนะ...,,,PENDING_MANUAL_GENERATION,,triangle-strategy
1095,MS15_X33_BATTLE_01_AFTER_M_TRA_0040.wav,MS15_X33_BATTLE_01_AFTER_M_TRA_0040,1115,1115,1115,1117,Travis,npc,male,travis,assets/triangle-strategy/approved_voice_references/travis.wav,โลกมันก็เป็นแบบนี้แหละ พวกเจ้าคงปล่อยให้โจรอย่างเราสร้างความวุ่นวายไปตลอดไม่ได้หรอก เจ้าต้องลงโทษพวกเราซะ,,,PENDING_MANUAL_GENERATION,,triangle-strategy
1096,MS15_X33_BATTLE_01_AFTER_M_TRA_0050.wav,MS15_X33_BATTLE_01_AFTER_M_TRA_0050,1116,1116,1116,1118,Travis,npc,male,travis,assets/triangle-strategy/approved_voice_references/travis.wav,จะจับข้าไปแขวนหรือบั่นคอก็ได้ แค่ไว้ชีวิตลูกสาวกับคนของข้าก็พอ ขอล่ะนะ,,,PENDING_MANUAL_GENERATION,,triangle-strategy
1097,MS15_X33_BATTLE_01_AFTER_M_TRA_0060.wav,MS15_X33_BATTLE_01_AFTER_M_TRA_0060,1117,1117,1117,1119,Travis,npc,male,travis,assets/triangle-strategy/approved_voice_references/travis.wav,ข้ารักนางอยู่แล้ว แต่นางได้ความบ้าระห่ำมาจากข้าเยอะเกินไปเฉยๆ,,,PENDING_MANUAL_GENERATION,,triangle-strategy
1098,MS15_X33_BATTLE_01_AFTER_M_TRA_0070.wav,MS15_X33_BATTLE_01_AFTER_M_TRA_0070,1118,1118,1118,1120,Travis,npc,male,travis,assets/triangle-strategy/approved_voice_references/travis.wav,นางแค่อยากหาขุมทรัพย์ให้ข้า...จะได้ใช้ชีวิตบั้นปลายอย่างสุขสบาย แบบนั้นก็คงโทษอะไรนางไม่ได้หรอกถูกไหม?,,,PENDING_MANUAL_GENERATION,,triangle-strategy
1099,MS15_X33_BATTLE_01_AFTER_M_TRA_0080.wav,MS15_X33_BATTLE_01_AFTER_M_TRA_0080,1119,1119,1119,1121,Travis,npc,male,travis,assets/triangle-strategy/approved_voice_references/travis.wav,ข้าคือจ่าฝูง คนที่สมควรรับกรรมคือข้าเพียงผู้เดียวเท่านั้น,,,PENDING_MANUAL_GENERATION,,triangle-strategy
1100,MS15_X33_BATTLE_01_AFTER_M_TRA_0090.wav,MS15_X33_BATTLE_01_AFTER_M_TRA_0090,1120,1120,1120,1122,Travis,npc,male,travis,assets/triangle-strategy/approved_voice_references/travis.wav,ในฐานะที่เราเป็นผู้นำเหมือนกัน ข้าขอร้องท่านให้ไว้ชีวิตพวกเขาด้วยเถิด,,,PENDING_MANUAL_GENERATION,,triangle-strategy
1101,MS15_X33_BATTLE_01_AFTER_M_TRA_0100.wav,MS15_X33_BATTLE_01_AFTER_M_TRA_0100,1121,1121,1121,1123,Travis,npc,male,travis,assets/triangle-strategy/approved_voice_references/travis.wav,ข้อตกลงอะไรเหรอ?,,,PENDING_MANUAL_GENERATION,,triangle-strategy
1102,MS15_X33_BATTLE_01_AFTER_M_TRA_0110.wav,MS15_X33_BATTLE_01_AFTER_M_TRA_0110,1122,1122,1122,1124,Travis,npc,male,travis,assets/triangle-strategy/approved_voice_references/travis.wav,เลิกโม้สักที! ข้ายังไหวอยู่-,,,PENDING_MANUAL_GENERATION,,triangle-strategy
1103,MS15_X33_BATTLE_01_AFTER_M_TRA_0120.wav,MS15_X33_BATTLE_01_AFTER_M_TRA_0120,1123,1123,1123,1125,Travis,npc,male,travis,assets/triangle-strategy/approved_voice_references/travis.wav,อะ-อ้ากกกก! หลังข้า...,,,PENDING_MANUAL_GENERATION,,triangle-strategy
1104,MS15_X33_BATTLE_01_AFTER_M_TRA_0130.wav,MS15_X33_BATTLE_01_AFTER_M_TRA_0130,1124,1124,1124,1126,Travis,npc,male,travis,assets/triangle-strategy/approved_voice_references/travis.wav,สักวันข้าจะได้ซวยเพราะเจ้าแน่...,,,PENDING_MANUAL_GENERATION,,triangle-strategy
1105,MS15_X33_BATTLE_01_BEFORE_F_FRE_0010.wav,MS15_X33_BATTLE_01_BEFORE_F_FRE_0010,1125,1125,1125,1127,Frederica,main,female,frederica,assets/triangle-strategy/approved_voice_references/frederica.wav,หนังสือ? นี่ขโมยมาจากหอสมุดเลยเหรอ?,,,PENDING_MANUAL_GENERATION,,triangle-strategy
1106,MS15_X33_BATTLE_01_BEFORE_F_TRI_0010.wav,MS15_X33_BATTLE_01_BEFORE_F_TRI_0010,1126,1126,1126,1128,Trish,npc,female,trish,assets/triangle-strategy/approved_voice_references/trish.wav,ส่งสมบัติมาซะ,,,PENDING_MANUAL_GENERATION,,triangle-strategy
1107,MS15_X33_BATTLE_01_BEFORE_F_TRI_0020.wav,MS15_X33_BATTLE_01_BEFORE_F_TRI_0020,1127,1127,1127,1129,Trish,npc,female,trish,assets/triangle-strategy/approved_voice_references/trish.wav,อย่ามาทำไขสือ ข้ารู้ว่ามันอยู่ที่นี่,,,PENDING_MANUAL_GENERATION,,triangle-strategy
1108,MS15_X33_BATTLE_01_BEFORE_F_TRI_0030.wav,MS15_X33_BATTLE_01_BEFORE_F_TRI_0030,1128,1128,1128,1130,Trish,npc,female,trish,assets/triangle-strategy/approved_voice_references/trish.wav,อีบ้านี่! ความแตกหมดแล้ว!,,,PENDING_MANUAL_GENERATION,,triangle-strategy
1109,MS15_X33_BATTLE_01_BEFORE_F_TRI_0040.wav,MS15_X33_BATTLE_01_BEFORE_F_TRI_0040,1129,1129,1129,1131,Trish,npc,female,trish,assets/triangle-strategy/approved_voice_references/trish.wav,รู้ตัวไหมเนี่ยว่าโดนปั่นหัวอยู่ เจ้าโง่!,,,PENDING_MANUAL_GENERATION,,triangle-strategy
1110,MS15_X33_BATTLE_01_BEFORE_F_TRI_0050.wav,MS15_X33_BATTLE_01_BEFORE_F_TRI_0050,1130,1130,1130,1132,Trish,npc,female,trish,assets/triangle-strategy/approved_voice_references/trish.wav,หากพวกมันเอาแต่ปฏิเสธว่าไม่มีสมบัติ สงสัยคงต้องขับไล่พวกมันแล้วค้นหมู่บ้านด้วยตัวเองแล้วล่ะ!,,,PENDING_MANUAL_GENERATION,,triangle-strategy
1111,MS15_X33_BATTLE_01_BEFORE_F_TRI_0060.wav,MS15_X33_BATTLE_01_BEFORE_F_TRI_0060,1131,1131,1131,1133,Trish,npc,female,trish,assets/triangle-strategy/approved_voice_references/trish.wav,ถ้าเจ็บตัวก็อย่าหาว่าไม่เตือนก็แล้วกัน,,,PENDING_MANUAL_GENERATION,,triangle-strategy
1112,MS15_X33_BATTLE_01_BEFORE_F_TRI_0070.wav,MS15_X33_BATTLE_01_BEFORE_F_TRI_0070,1132,1132,1132,1134,Trish,npc,female,trish,assets/triangle-strategy/approved_voice_references/trish.wav,ทำไมเราต้องเชื่อฟังขุนนางอย่างพวกเจ้าด้วย!? แล้วเจ้าจะเสียใจที่ได้ประชันดาบกับข้า!,,,PENDING_MANUAL_GENERATION,,triangle-strategy
1113,MS15_X33_BATTLE_01_BEFORE_F_TRI_0080.wav,MS15_X33_BATTLE_01_BEFORE_F_TRI_0080,1133,1133,1133,1135,Trish,npc,female,trish,assets/triangle-strategy/approved_voice_references/trish.wav,โอกาสสุดท้ายแล้วนะ...รีบส่งสมบัติมาซะ ข้าไม่อยากกลับไปฟังป๊าบ่นว่าตัวเองยากจนอีกแล้ว,,,PENDING_MANUAL_GENERATION,,triangle-strategy
1114,MS15_X33_BATTLE_01_BEFORE_F_TRI_0090.wav,MS15_X33_BATTLE_01_BEFORE_F_TRI_0090,1134,1134,1134,1136,Trish,npc,female,trish,assets/triangle-strategy/approved_voice_references/trish.wav,แต่หากเจ้าไม่ยอมล่ะก็ รับรองเจอดีแน่!,,,PENDING_MANUAL_GENERATION,,triangle-strategy
1115,MS15_X33_BATTLE_01_BEFORE_M_JRM_0010.wav,MS15_X33_BATTLE_01_BEFORE_M_JRM_0010,1135,1135,1135,1137,เจอร์รอม,npc,male,jerrom,assets/triangle-strategy/approved_voice_references/jerrom.wav,สมบัติเหรอ? ชาวบ้านอย่างข้าจะมีสิ่งนั้นได้ยังไง,,,PENDING_MANUAL_GENERATION,,triangle-strategy
1116,MS15_X33_BATTLE_01_BEFORE_M_JRM_0020.wav,MS15_X33_BATTLE_01_BEFORE_M_JRM_0020,1136,1136,1136,1138,เจอร์รอม,npc,male,jerrom,assets/triangle-strategy/approved_voice_references/jerrom.wav,เจ้าแหกตาดูซะสิ หากเราซ่อนสมบัติไว้จริง...ทำไมหมู่บ้านยังทรุดโทรมเช่นนี้อยู่ล่ะ?,,,PENDING_MANUAL_GENERATION,,triangle-strategy
1117,MS15_X33_BATTLE_01_BEFORE_M_M275_0010.wav,MS15_X33_BATTLE_01_BEFORE_M_M275_0010,1137,1137,1137,1139,ชายชาวเมือง/ทหาร/ผู้ติดตาม,generic,male,MALE_ADULT_C,assets/triangle-strategy/approved_voice_references/MALE_ADULT_C.wav,จริง! เอสฟรอสต์จะซ่อนหนังสือเล่มนี้ไปทำไม หากที่นี่ไม่มีขุมทรัพย์!,,,PENDING_MANUAL_GENERATION,,triangle-strategy
1118,MS15_X33_BATTLE_01_BEFORE_M_M275_0020.wav,MS15_X33_BATTLE_01_BEFORE_M_M275_0020,1138,1138,1138,1140,ชายชาวเมือง/ทหาร/ผู้ติดตาม,generic,male,MALE_ADULT_C,assets/triangle-strategy/approved_voice_references/MALE_ADULT_C.wav,ข้า... เอ่อ... หนังสือเหรอ? หนังสือไรอะ? เราไม่รู้เรื่องอะไรทั้งนั้น!,,,PENDING_MANUAL_GENERATION,,triangle-strategy
1119,MS15_X33_BATTLE_01_BEFORE_M_M275_0030.wav,MS15_X33_BATTLE_01_BEFORE_M_M275_0030,1139,1139,1139,1141,ชายชาวเมือง/ทหาร/ผู้ติดตาม,generic,male,MALE_ADULT_C,assets/triangle-strategy/approved_voice_references/MALE_ADULT_C.wav,จะ...จริงด้วย,,,PENDING_MANUAL_GENERATION,,triangle-strategy
1120,MS15_X33_BATTLE_01_BEFORE_M_SEL_0010.wav,MS15_X33_BATTLE_01_BEFORE_M_SEL_0010,1140,1140,1140,1142,Serenoa,main,male,serenoa,assets/triangle-strategy/approved_voice_references/serenoa.wav,ข้าสิต้องเตือนเจ้า หยุดเรื่องบ้าบอนี่ซะ...แล้วเราจะให้อภัยเจ้า,,,PENDING_MANUAL_GENERATION,,triangle-strategy
1121,MS15_X33_BATTLE_01_BEFORE_M_SEL_0020.wav,MS15_X33_BATTLE_01_BEFORE_M_SEL_0020,1141,1141,1141,1143,Serenoa,main,male,serenoa,assets/triangle-strategy/approved_voice_references/serenoa.wav,ที่นี่อยู่ในการปกครองของข้า เราไม่ไว้หน้ากลุ่มโจรที่สร้างปัญหาให้ชาวบ้านหรอกนะ,,,PENDING_MANUAL_GENERATION,,triangle-strategy
1122,MS15_X33_BATTLE_01_DRAMA_F_TRI_0010.wav,MS15_X33_BATTLE_01_DRAMA_F_TRI_0010,1142,1142,1142,1144,Trish,npc,female,trish,assets/triangle-strategy/approved_voice_references/trish.wav,เร่เข้ามา! บริการกระทืบฟรี ไม่คิดค่าใช้จ่ายจ้า!,,,PENDING_MANUAL_GENERATION,,triangle-strategy
1123,MS15_X33_BATTLE_01_DRAMA_F_TRI_0020.wav,MS15_X33_BATTLE_01_DRAMA_F_TRI_0020,1143,1143,1143,1145,Trish,npc,female,trish,assets/triangle-strategy/approved_voice_references/trish.wav,เงียบปากไป! คนที่ซ่อนสมบัติเขาก็พูดแบบนี้กันหมด สมบัตินั่นเป็นของเราแล้ว!,,,PENDING_MANUAL_GENERATION,,triangle-strategy
1124,MS15_X33_BATTLE_01_DRAMA_F_TRI_0030.wav,MS15_X33_BATTLE_01_DRAMA_F_TRI_0030,1144,1144,1144,1146,Trish,npc,female,trish,assets/triangle-strategy/approved_voice_references/trish.wav,เอางี้ เรามาทำข้อตกลงกันดีไหม? มอบสมบัติแลกกับชีวิตพวกเจ้า,,,PENDING_MANUAL_GENERATION,,triangle-strategy
1125,MS15_X33_BATTLE_01_DRAMA_F_TRI_0040.wav,MS15_X33_BATTLE_01_DRAMA_F_TRI_0040,1145,1145,1145,1147,Trish,npc,female,trish,assets/triangle-strategy/approved_voice_references/trish.wav,ไอ้พวกขุนนางโลภมาก! ตระกูลข้าไม่มีวันเสื่อมเสียเพราะเจ้าเป็นอันขาด!,,,PENDING_MANUAL_GENERATION,,triangle-strategy
1126,MS15_X33_BATTLE_01_DRAMA_F_TRI_0050.wav,MS15_X33_BATTLE_01_DRAMA_F_TRI_0050,1146,1146,1146,1148,Trish,npc,female,trish,assets/triangle-strategy/approved_voice_references/trish.wav,ข้าจะเอาสมบัตินั่นไปขายเป็นเงินมรดกให้ป๊า!,,,PENDING_MANUAL_GENERATION,,triangle-strategy
1127,MS15_X33_BATTLE_01_DRAMA_F_TRI_0060.wav,MS15_X33_BATTLE_01_DRAMA_F_TRI_0060,1147,1147,1147,1149,Trish,npc,female,trish,assets/triangle-strategy/approved_voice_references/trish.wav,หัดใช้อาวุธให้เก่งเท่าปากบ้างก็ดีนะ ขอร้องล่ะ!,,,PENDING_MANUAL_GENERATION,,triangle-strategy
1128,MS15_X33_BATTLE_01_DRAMA_F_TRI_0070.wav,MS15_X33_BATTLE_01_DRAMA_F_TRI_0070,1148,1148,1148,1150,Trish,npc,female,trish,assets/triangle-strategy/approved_voice_references/trish.wav,หนอย... มันยังไม่จบหรอก!,,,PENDING_MANUAL_GENERATION,,triangle-strategy
1129,MS15_X33_BATTLE_01_DRAMA_F_TRI_0080.wav,MS15_X33_BATTLE_01_DRAMA_F_TRI_0080,1149,1149,1149,1151,Trish,npc,female,trish,assets/triangle-strategy/approved_voice_references/trish.wav,ข้าจะให้เจ้าได้เจ็บปวดเป็นสามเท่า!,,,PENDING_MANUAL_GENERATION,,triangle-strategy
1130,MS15_X33_BATTLE_01_DRAMA_F_TRI_0090.wav,MS15_X33_BATTLE_01_DRAMA_F_TRI_0090,1150,1150,1150,1152,Trish,npc,female,trish,assets/triangle-strategy/approved_voice_references/trish.wav,ถึงตาของข้าแล้ว อยู่นิ่งๆไว้ จะได้ปิดฉากให้มันจบๆไป,,,PENDING_MANUAL_GENERATION,,triangle-strategy
1131,MS15_X33_BATTLE_01_DRAMA_F_TRI_0100.wav,MS15_X33_BATTLE_01_DRAMA_F_TRI_0100,1151,1151,1151,1153,Trish,npc,female,trish,assets/triangle-strategy/approved_voice_references/trish.wav,ข้าจะกลับไปหาท่านพ่อมือเปล่าไม่ได้หรอกนะ...,,,PENDING_MANUAL_GENERATION,,triangle-strategy
1132,MS15_X33_BATTLE_01_DRAMA_M_MS15X33B01M01_0010.wav,MS15_X33_BATTLE_01_DRAMA_M_MS15X33B01M01_0010,1152,1152,1152,1154,ชายชาวเมือง/ทหาร/ผู้ติดตาม,generic,male,MALE_ADULT_A,assets/triangle-strategy/approved_voice_references/MALE_ADULT_A.wav,พูดจาเหมือนเขาถังแตกเลยนะทริช,,,PENDING_MANUAL_GENERATION,,triangle-strategy
1133,MS15_X33_BATTLE_01_DRAMA_M_SEL_0010.wav,MS15_X33_BATTLE_01_DRAMA_M_SEL_0010,1153,1153,1153,1155,Serenoa,main,male,serenoa,assets/triangle-strategy/approved_voice_references/serenoa.wav,สมบัติที่เจ้าถวิลหาไม่ได้อยู่ที่นี่หรอกนะ ช่วยกลับไปซะ อย่าสร้างความเดือดร้อนเลย,,,PENDING_MANUAL_GENERATION,,triangle-strategy
1134,MS15_X33_BATTLE_01_DRAMA_M_SEL_0020.wav,MS15_X33_BATTLE_01_DRAMA_M_SEL_0020,1154,1154,1154,1156,Serenoa,main,male,serenoa,assets/triangle-strategy/approved_voice_references/serenoa.wav,เราไม่ซื้อขายกับโจรหรอก ถ้ายังไม่หยุดก็ระวังโดนดีแล้วกัน,,,PENDING_MANUAL_GENERATION,,triangle-strategy
1135,MS15_X33_RESEARCH_01_AFTER_F_FRE_0010.wav,MS15_X33_RESEARCH_01_AFTER_F_FRE_0010,1155,1155,1155,1157,Frederica,main,female,frederica,assets/triangle-strategy/approved_voice_references/frederica.wav,อืม แม้จะผ่านอะไรมาหลายอย่าง...แต่วิถีชีวิตในหมู่บ้านแห่งนี้ไม่เปลี่ยนไปเลย เหลือเชื่อจริงๆนะ,,,PENDING_MANUAL_GENERATION,,triangle-strategy
1136,MS15_X33_RESEARCH_01_AFTER_F_FRE_0020.wav,MS15_X33_RESEARCH_01_AFTER_F_FRE_0020,1156,1156,1156,1158,Frederica,main,female,frederica,assets/triangle-strategy/approved_voice_references/frederica.wav,บ้าแล้ว! ข้าไม่ยอมให้พวกมันทำนิสัยเสียแบบตระกูลเทลลิออร์เด็ดขาด!,,,PENDING_MANUAL_GENERATION,,triangle-strategy
1137,MS15_X33_RESEARCH_01_AFTER_F_YRA_0010.wav,MS15_X33_RESEARCH_01_AFTER_F_YRA_0010,1157,1157,1157,1159,Geela,main,female,geela,assets/triangle-strategy/approved_voice_references/geela.wav,ชาวบ้านดูมีความสุขดีจัง หวังว่าโจรพวกนั้นจะถูกขับไล่ไปหมดแล้วนะ,,,PENDING_MANUAL_GENERATION,,triangle-strategy
1138,MS15_X33_RESEARCH_01_AFTER_F_YRA_0020.wav,MS15_X33_RESEARCH_01_AFTER_F_YRA_0020,1158,1158,1158,1160,Geela,main,female,geela,assets/triangle-strategy/approved_voice_references/geela.wav,สรุปแล้วโจรพวกนั้นมาทำอะไรที่นี่กันแน่,,,PENDING_MANUAL_GENERATION,,triangle-strategy
1139,MS15_X33_RESEARCH_01_AFTER_F_YRA_0030.wav,MS15_X33_RESEARCH_01_AFTER_F_YRA_0030,1159,1159,1159,1161,Geela,main,female,geela,assets/triangle-strategy/approved_voice_references/geela.wav,อืม... หรือโจรพวกนั้นขัดสนจนต้องลักพาตัวชาวโรเซลล์ไปขายไฮแซนต์?,,,PENDING_MANUAL_GENERATION,,triangle-strategy
1140,MS15_X33_RESEARCH_01_AFTER_F_YRA_0040.wav,MS15_X33_RESEARCH_01_AFTER_F_YRA_0040,1160,1160,1160,1162,Geela,main,female,geela,assets/triangle-strategy/approved_voice_references/geela.wav,แค่เดาเฉยๆเจ้าค่ะท่านหญิง ตอนนี้เรายังไม่รู้แน่ชัด,,,PENDING_MANUAL_GENERATION,,triangle-strategy
1141,MS15_X33_RESEARCH_01_AFTER_M_ELA_0010.wav,MS15_X33_RESEARCH_01_AFTER_M_ELA_0010,1161,1161,1161,1163,Erador,main,male,erador,assets/triangle-strategy/approved_voice_references/erador.wav,คิดว่าเกี่ยวกับคริสตัลเกลือหรือเปล่าขอรับ?,,,PENDING_MANUAL_GENERATION,,triangle-strategy
1142,MS15_X33_RESEARCH_01_AFTER_M_ELA_0020.wav,MS15_X33_RESEARCH_01_AFTER_M_ELA_0020,1162,1162,1162,1164,Erador,main,male,erador,assets/triangle-strategy/approved_voice_references/erador.wav,ขอรับ...โจรอย่างพวกมันก็รักษาชีวิตตัวเองเช่นกัน หากไม่ได้จนตรอก พวกมันคงไม่ทำอะไรบ้าๆหรอก,,,PENDING_MANUAL_GENERATION,,triangle-strategy
1143,MS15_X33_RESEARCH_01_AFTER_M_ELA_0030.wav,MS15_X33_RESEARCH_01_AFTER_M_ELA_0030,1163,1163,1163,1165,Erador,main,male,erador,assets/triangle-strategy/approved_voice_references/erador.wav,ว่าไงนะ!? สงสัยคนพวกนี้คงโง่จริงๆด้วย,,,PENDING_MANUAL_GENERATION,,triangle-strategy
1144,MS15_X33_RESEARCH_01_AFTER_M_M274_0010.wav,MS15_X33_RESEARCH_01_AFTER_M_M274_0010,1164,1164,1164,1166,ชายชาวเมือง/ทหาร/ผู้ติดตาม,generic,male,MALE_ADULT_B,assets/triangle-strategy/approved_voice_references/MALE_ADULT_B.wav,ลอร์ดเซเรโนอา! โจรขอรับ! มีพวกมันเต็มไปหมดเลย!,,,PENDING_MANUAL_GENERATION,,triangle-strategy
1145,MS15_X33_RESEARCH_01_AFTER_M_SEL_0010.wav,MS15_X33_RESEARCH_01_AFTER_M_SEL_0010,1165,1165,1165,1167,Serenoa,main,male,serenoa,assets/triangle-strategy/approved_voice_references/serenoa.wav,พวกเขาจะรู้เรื่องนี้ได้ยังไง? ไฮแซนต์ปิดบังเรื่องนั้นยิ่งกว่าเทพธิดาอีกนะ,,,PENDING_MANUAL_GENERATION,,triangle-strategy
1146,MS15_X33_RESEARCH_01_AFTER_M_SEL_0020.wav,MS15_X33_RESEARCH_01_AFTER_M_SEL_0020,1166,1166,1166,1168,Serenoa,main,male,serenoa,assets/triangle-strategy/approved_voice_references/serenoa.wav,ถูกต้อง เดาไปก็คงไม่ได้อะไรขึ้นมาหรอก เราต้องไปเค้นออกจากปากพวกเขาเอง,,,PENDING_MANUAL_GENERATION,,triangle-strategy
1147,MS15_X33_RESEARCH_01_AFTER_M_SEL_0030.wav,MS15_X33_RESEARCH_01_AFTER_M_SEL_0030,1167,1167,1167,1169,Serenoa,main,male,serenoa,assets/triangle-strategy/approved_voice_references/serenoa.wav,ต้องรีบแล้ว!,,,PENDING_MANUAL_GENERATION,,triangle-strategy
1148,MS15_X33_RESEARCH_01_BEFORE_F_FRE_0010.wav,MS15_X33_RESEARCH_01_BEFORE_F_FRE_0010,1168,1168,1168,1170,Frederica,main,female,frederica,assets/triangle-strategy/approved_voice_references/frederica.wav,ได้ข่าวว่าพวกเจ้ากำลังมีปัญหากับโจรน่ะ,,,PENDING_MANUAL_GENERATION,,triangle-strategy
1149,MS15_X33_RESEARCH_01_BEFORE_F_FRE_0020.wav,MS15_X33_RESEARCH_01_BEFORE_F_FRE_0020,1169,1169,1169,1171,Frederica,main,female,frederica,assets/triangle-strategy/approved_voice_references/frederica.wav,ดีใจที่ไม่มีใครบาดเจ็บนะ,,,PENDING_MANUAL_GENERATION,,triangle-strategy
1150,MS15_X33_RESEARCH_01_BEFORE_M_ELA_0010.wav,MS15_X33_RESEARCH_01_BEFORE_M_ELA_0010,1170,1170,1170,1172,Erador,main,male,erador,assets/triangle-strategy/approved_voice_references/erador.wav,โจรทั่วไปไม่วางแผนปล้นสักเท่าไหร่หรอกนะ...แต่นี่อาจจะเป็นครั้งแรกของพวกเขาก็ได้ เราควรสืบเรื่องนี้ขอรับนายท่าน,,,PENDING_MANUAL_GENERATION,,triangle-strategy
1151,MS15_X33_RESEARCH_01_BEFORE_M_ELA_0020.wav,MS15_X33_RESEARCH_01_BEFORE_M_ELA_0020,1171,1171,1171,1173,Erador,main,male,erador,assets/triangle-strategy/approved_voice_references/erador.wav,รับรองได้ฟังจนเบื่อแน่! ขอแค่มีเหล้ามากินแกล้มก็พอ!,,,PENDING_MANUAL_GENERATION,,triangle-strategy
1152,MS15_X33_RESEARCH_01_BEFORE_M_JRM_0010.wav,MS15_X33_RESEARCH_01_BEFORE_M_JRM_0010,1172,1172,1172,1174,เจอร์รอม,npc,male,jerrom,assets/triangle-strategy/approved_voice_references/jerrom.wav,อ๊ะ ลอร์ดเซเรโนอา ท่านหญิงเฟรเดอริก้า!,,,PENDING_MANUAL_GENERATION,,triangle-strategy
1153,MS15_X33_RESEARCH_01_BEFORE_M_JRM_0020.wav,MS15_X33_RESEARCH_01_BEFORE_M_JRM_0020,1173,1173,1173,1175,เจอร์รอม,npc,male,jerrom,assets/triangle-strategy/approved_voice_references/jerrom.wav,บัดนี้อาณาจักรเกลนบรู๊คเจริญยิ่งขึ้น...เป็นเพราะท่านทั้งสองนะขอรับ,,,PENDING_MANUAL_GENERATION,,triangle-strategy
1154,MS15_X33_RESEARCH_01_BEFORE_M_JRM_0030.wav,MS15_X33_RESEARCH_01_BEFORE_M_JRM_0030,1174,1174,1174,1176,เจอร์รอม,npc,male,jerrom,assets/triangle-strategy/approved_voice_references/jerrom.wav,เช่นกันขอรับ ว่าแต่ท่านมาที่นี่ทำไมเหรอ?,,,PENDING_MANUAL_GENERATION,,triangle-strategy
1155,MS15_X33_RESEARCH_01_BEFORE_M_JRM_0040.wav,MS15_X33_RESEARCH_01_BEFORE_M_JRM_0040,1175,1175,1175,1177,เจอร์รอม,npc,male,jerrom,assets/triangle-strategy/approved_voice_references/jerrom.wav,พวกท่านจึงมาที่นี่ด้วยตัวเองเลยเหรอ? ข้าซึ้งใจเหลือเกินขอรับ,,,PENDING_MANUAL_GENERATION,,triangle-strategy
1156,MS15_X33_RESEARCH_01_BEFORE_M_JRM_0050.wav,MS15_X33_RESEARCH_01_BEFORE_M_JRM_0050,1176,1176,1176,1178,เจอร์รอม,npc,male,jerrom,assets/triangle-strategy/approved_voice_references/jerrom.wav,จริงๆแล้วเราพบเห็นโจรที่ดักซุ่มอยู่ในป่าละแวกนี้เช่นกัน แต่พวกเขาไม่ได้สร้างความเดือดร้อนให้เราขอรับ,,,PENDING_MANUAL_GENERATION,,triangle-strategy
1157,MS15_X33_RESEARCH_01_BEFORE_M_JRM_0060.wav,MS15_X33_RESEARCH_01_BEFORE_M_JRM_0060,1177,1177,1177,1179,เจอร์รอม,npc,male,jerrom,assets/triangle-strategy/approved_voice_references/jerrom.wav,ในอนาคตคงไม่แน่ขอรับ คาดว่าพวกมันกำลังประเมินหาจุดอ่อนของเราอยู่,,,PENDING_MANUAL_GENERATION,,triangle-strategy
1158,MS15_X33_RESEARCH_01_BEFORE_M_JRM_0070.wav,MS15_X33_RESEARCH_01_BEFORE_M_JRM_0070,1178,1178,1178,1180,เจอร์รอม,npc,male,jerrom,assets/triangle-strategy/approved_voice_references/jerrom.wav,แม้พวกมันยังไม่ลงมือ แต่ข้าสัมผัสได้ถึงสายตาที่จับจ้องตลอดเวลา,,,PENDING_MANUAL_GENERATION,,triangle-strategy
1159,MS15_X33_RESEARCH_01_BEFORE_M_JRM_0080.wav,MS15_X33_RESEARCH_01_BEFORE_M_JRM_0080,1179,1179,1179,1181,เจอร์รอม,npc,male,jerrom,assets/triangle-strategy/approved_voice_references/jerrom.wav,หากเช่นนั้นคงจะดีมากขอรับนายท่าน แม้เราได้ส่งหน่วยสอดแนมไปแล้ว แต่ความช่วยเหลือของท่านจะทำให้เสร็จงานเร็วขึ้นเป็นแน่,,,PENDING_MANUAL_GENERATION,,triangle-strategy
1160,MS15_X33_RESEARCH_01_BEFORE_M_JRM_0090.wav,MS15_X33_RESEARCH_01_BEFORE_M_JRM_0090,1180,1180,1180,1182,เจอร์รอม,npc,male,jerrom,assets/triangle-strategy/approved_voice_references/jerrom.wav,พวกท่านคงเดินทางฝ่าฟันจนเหนื่อยล้า เรามาจัดงานเลี้ยงฉลองแด่ท่านด้วยกันเถิด,,,PENDING_MANUAL_GENERATION,,triangle-strategy
1161,MS15_X33_RESEARCH_01_BEFORE_M_JRM_0100.wav,MS15_X33_RESEARCH_01_BEFORE_M_JRM_0100,1181,1181,1181,1183,เจอร์รอม,npc,male,jerrom,assets/triangle-strategy/approved_voice_references/jerrom.wav,พวกเราขอตัวจัดเตรียมมื้ออาหารก่อน ข้ารอฟังวีรกรรมของท่านอยู่นะขอรับ,,,PENDING_MANUAL_GENERATION,,triangle-strategy
1162,MS15_X33_RESEARCH_01_BEFORE_M_SEL_0010.wav,MS15_X33_RESEARCH_01_BEFORE_M_SEL_0010,1182,1182,1182,1184,Serenoa,main,male,serenoa,assets/triangle-strategy/approved_voice_references/serenoa.wav,นั่นคือสิ่งที่เกลนบรู๊คควรมอบให้แก่ทุกคนอยู่แล้วเจอร์รอม หวังว่ามันจะเป็นจุดเริ่มต้นแห่งสันติภาพของเรา,,,PENDING_MANUAL_GENERATION,,triangle-strategy
1163,MS15_X33_RESEARCH_01_BEFORE_M_SEL_0020.wav,MS15_X33_RESEARCH_01_BEFORE_M_SEL_0020,1183,1183,1183,1185,Serenoa,main,male,serenoa,assets/triangle-strategy/approved_voice_references/serenoa.wav,เราวูล์ฟฟอร์ตสัญญาจะปกป้องพวกเจ้า... ข้าเพียงแค่ทำตามหน้าที่ก็เท่านั้น,,,PENDING_MANUAL_GENERATION,,triangle-strategy
1164,MS15_X33_RESEARCH_01_BEFORE_M_SEL_0030.wav,MS15_X33_RESEARCH_01_BEFORE_M_SEL_0030,1184,1184,1184,1186,Serenoa,main,male,serenoa,assets/triangle-strategy/approved_voice_references/serenoa.wav,เห็นด้วย หากมีโจรย่างกรายอยู่จริง เราควรขับไล่พวกเขาออกไปซะ,,,PENDING_MANUAL_GENERATION,,triangle-strategy
1165,MS15_X33_RESEARCH_01_BEFORE_M_SEL_0040.wav,MS15_X33_RESEARCH_01_BEFORE_M_SEL_0040,1185,1185,1185,1187,Serenoa,main,male,serenoa,assets/triangle-strategy/approved_voice_references/serenoa.wav,ขอบคุณนะเจอร์รอม อย่างน้อยได้ผ่อนคลายสักคืนก็คงดี,,,PENDING_MANUAL_GENERATION,,triangle-strategy
1166,MS15_X33_RESEARCH_02_AFTER_F_FRE_0010.wav,MS15_X33_RESEARCH_02_AFTER_F_FRE_0010,1186,1186,1186,1188,Frederica,main,female,frederica,assets/triangle-strategy/approved_voice_references/frederica.wav,เราค้นหมู่บ้านทั่วแล้ว แต่กลับไม่เจอกุญแจสักดอก,,,PENDING_MANUAL_GENERATION,,triangle-strategy
1167,MS15_X33_RESEARCH_02_AFTER_F_FRE_0020.wav,MS15_X33_RESEARCH_02_AFTER_F_FRE_0020,1187,1187,1187,1189,Frederica,main,female,frederica,assets/triangle-strategy/approved_voice_references/frederica.wav,ชื่อแม่ของข้า!,,,PENDING_MANUAL_GENERATION,,triangle-strategy
1168,MS15_X33_RESEARCH_02_AFTER_F_FRE_0030.wav,MS15_X33_RESEARCH_02_AFTER_F_FRE_0030,1188,1188,1188,1190,Frederica,main,female,frederica,assets/triangle-strategy/approved_voice_references/frederica.wav,นางคือแกนนำปฏิวัติของชาวโรเซลล์ นางก่อตั้งหมู่บ้านแห่งนี้หลังการหลบหนีจากนาเกลือ,,,PENDING_MANUAL_GENERATION,,triangle-strategy
1169,MS15_X33_RESEARCH_02_AFTER_F_FRE_0040.wav,MS15_X33_RESEARCH_02_AFTER_F_FRE_0040,1189,1189,1189,1191,Frederica,main,female,frederica,assets/triangle-strategy/approved_voice_references/frederica.wav,และนางก็ได้พบกับพ่อของข้า อดีตอาร์ชดยุก,,,PENDING_MANUAL_GENERATION,,triangle-strategy
1170,MS15_X33_RESEARCH_02_AFTER_F_FRE_0050.wav,MS15_X33_RESEARCH_02_AFTER_F_FRE_0050,1190,1190,1190,1192,Frederica,main,female,frederica,assets/triangle-strategy/approved_voice_references/frederica.wav,นั่นสินะ... กุญแจที่เราตามหา...,,,PENDING_MANUAL_GENERATION,,triangle-strategy
1171,MS15_X33_RESEARCH_02_AFTER_F_FRE_0060.wav,MS15_X33_RESEARCH_02_AFTER_F_FRE_0060,1191,1191,1191,1193,Frederica,main,female,frederica,assets/triangle-strategy/approved_voice_references/frederica.wav,...คล้องคอข้ามาโดยตลอด,,,PENDING_MANUAL_GENERATION,,triangle-strategy
1172,MS15_X33_RESEARCH_02_AFTER_F_FRE_0070.wav,MS15_X33_RESEARCH_02_AFTER_F_FRE_0070,1192,1192,1192,1194,Frederica,main,female,frederica,assets/triangle-strategy/approved_voice_references/frederica.wav,นี่คือหนังสือของแม่ข้าสินะ...,,,PENDING_MANUAL_GENERATION,,triangle-strategy
1173,MS15_X33_RESEARCH_02_AFTER_F_FRE_0080.wav,MS15_X33_RESEARCH_02_AFTER_F_FRE_0080,1193,1193,1193,1195,Frederica,main,female,frederica,assets/triangle-strategy/approved_voice_references/frederica.wav,"...""นี่คือตำนานแห่งชาวโรเซลล์ที่เล่าขานกันมาตั้งแต่สมัยบรรพกาล ประวัติศาสตร์แห่งความลับของนอร์เซเลีย""",,,PENDING_MANUAL_GENERATION,,triangle-strategy
1174,MS15_X33_RESEARCH_02_AFTER_F_FRE_0090.wav,MS15_X33_RESEARCH_02_AFTER_F_FRE_0090,1194,1194,1194,1196,Frederica,main,female,frederica,assets/triangle-strategy/approved_voice_references/frederica.wav,ข้า... ออลายา โรเซลล์ ผู้จดบันทึกเหตุการณ์ในฐานะผู้พิทักษ์คนสุดท้ายแห่งหนังสือเล่มนี้,,,PENDING_MANUAL_GENERATION,,triangle-strategy
1175,MS15_X33_RESEARCH_02_AFTER_F_ORL_0010.wav,MS15_X33_RESEARCH_02_AFTER_F_ORL_0010,1195,1195,1195,1197,Orlaea,npc,female,NEEDS_VOICE_TARGET,,ในยุคบรรพกาล ชาวโรเซลล์ได้อาศัยอยู่ในเซนทราเลีย ดินแดนฝั่งใต้อันไกลโพ้นจากนอร์เซเลีย,,,BLOCKED_NEEDS_VOICE_TARGET,,triangle-strategy
1176,MS15_X33_RESEARCH_02_AFTER_F_ORL_0020.wav,MS15_X33_RESEARCH_02_AFTER_F_ORL_0020,1196,1196,1196,1198,Orlaea,npc,female,NEEDS_VOICE_TARGET,,ดินแดนติดทะเลแห่งนั้น มีนาเกลืออันแผ่ไพศาลจนถึงเส้นขอบฟ้า... เปรียบดั่งสรวงสวรรค์ที่ไม่มีวันขัดสนในเกลือ,,,BLOCKED_NEEDS_VOICE_TARGET,,triangle-strategy
1177,MS15_X33_RESEARCH_02_AFTER_F_ORL_0030.wav,MS15_X33_RESEARCH_02_AFTER_F_ORL_0030,1197,1197,1197,1199,Orlaea,npc,female,NEEDS_VOICE_TARGET,,ชาวโรเซลล์มีความรู้ด้านนี้มากกว่าใคร เพราะเกลือคือชีวิตประจำวันของพวกเขา,,,BLOCKED_NEEDS_VOICE_TARGET,,triangle-strategy
1178,MS15_X33_RESEARCH_02_AFTER_F_ORL_0040.wav,MS15_X33_RESEARCH_02_AFTER_F_ORL_0040,1198,1198,1198,1200,Orlaea,npc,female,NEEDS_VOICE_TARGET,,ในยุคนั้น...ทวีปนอร์เซเลียยังจมอยู่ใต้บาดาล แต่แล้วก็ได้เกิดมหันตภัยขึ้น...ซึ่งมันได้ยกระดับผืนดินขึ้นเหนือน้ำ,,,BLOCKED_NEEDS_VOICE_TARGET,,triangle-strategy
1179,MS15_X33_RESEARCH_02_AFTER_F_ORL_0050.wav,MS15_X33_RESEARCH_02_AFTER_F_ORL_0050,1199,1199,1199,1201,Orlaea,npc,female,NEEDS_VOICE_TARGET,,"น้ำทะเลได้แห้งเหือด มีเพียงบางส่วนที่หลงเหลืออยู่ซึ่งถูกเรียกกันว่า ""นาเกลือ"" ในปัจจุบัน",,,BLOCKED_NEEDS_VOICE_TARGET,,triangle-strategy
1180,MS15_X33_RESEARCH_02_AFTER_F_ORL_0060.wav,MS15_X33_RESEARCH_02_AFTER_F_ORL_0060,1200,1200,1200,1202,Orlaea,npc,female,NEEDS_VOICE_TARGET,,ท้ายที่สุด ผู้คนมากมายได้แห่อพยพกันไปที่นอร์เซเลีย,,,BLOCKED_NEEDS_VOICE_TARGET,,triangle-strategy
1181,MS15_X33_RESEARCH_02_AFTER_F_ORL_0070.wav,MS15_X33_RESEARCH_02_AFTER_F_ORL_0070,1201,1201,1201,1203,Orlaea,npc,female,NEEDS_VOICE_TARGET,,พวกเขาได้ทำสงครามแย่งชิงเกลืออันล้ำค่าอย่างดุเดือด,,,BLOCKED_NEEDS_VOICE_TARGET,,triangle-strategy
1182,MS15_X33_RESEARCH_02_AFTER_F_ORL_0080.wav,MS15_X33_RESEARCH_02_AFTER_F_ORL_0080,1202,1202,1202,1204,Orlaea,npc,female,NEEDS_VOICE_TARGET,,บรรพบุรุษของเราจึงเดินทางมาเพื่อยุติสงครามครั้งนี้,,,BLOCKED_NEEDS_VOICE_TARGET,,triangle-strategy
1183,MS15_X33_RESEARCH_02_AFTER_F_ORL_0090.wav,MS15_X33_RESEARCH_02_AFTER_F_ORL_0090,1203,1203,1203,1205,Orlaea,npc,female,NEEDS_VOICE_TARGET,,แม้ปราศจากทะเล...แต่ก็ยังมีเกลือที่เหลืออยู่ มันได้ตกผลึกและจมลงไปใต้พิภพ...,,,BLOCKED_NEEDS_VOICE_TARGET,,triangle-strategy
1184,MS15_X33_RESEARCH_02_AFTER_F_ORL_0100.wav,MS15_X33_RESEARCH_02_AFTER_F_ORL_0100,1204,1204,1204,1206,Orlaea,npc,female,NEEDS_VOICE_TARGET,,หลังจากที่พวกเขาตามหามานาน พวกเขาได้พบกับคริสตัลยักษ์... ไม่สิ มันคือเสาเกลือขนาดใหญ่,,,BLOCKED_NEEDS_VOICE_TARGET,,triangle-strategy
1185,MS15_X33_RESEARCH_02_AFTER_F_ORL_0110.wav,MS15_X33_RESEARCH_02_AFTER_F_ORL_0110,1205,1205,1205,1207,Orlaea,npc,female,NEEDS_VOICE_TARGET,,พวกเขาจึงนำเกลือนั้นมาแสดงให้ชาวนอร์เซเลียประจักษ์ และบอกพวกเขาว่าเกลือเหล่านี้สามารถพบได้ในดิน,,,BLOCKED_NEEDS_VOICE_TARGET,,triangle-strategy
1186,MS15_X33_RESEARCH_02_AFTER_F_ORL_0120.wav,MS15_X33_RESEARCH_02_AFTER_F_ORL_0120,1206,1206,1206,1208,Orlaea,npc,female,NEEDS_VOICE_TARGET,,แต่ผู้ที่ยึดครองผูกขาดนาเกลือนั้น แสวงหาอำนาจเหนือชาวนอร์เซเลียทั้งปวง,,,BLOCKED_NEEDS_VOICE_TARGET,,triangle-strategy
1187,MS15_X33_RESEARCH_02_AFTER_F_ORL_0130.wav,MS15_X33_RESEARCH_02_AFTER_F_ORL_0130,1207,1207,1207,1209,Orlaea,npc,female,NEEDS_VOICE_TARGET,,รัฐศักดิ์สิทธิ์ไฮแซนต์จึงโจมตีและสังหารชาวโรเซลล์,,,BLOCKED_NEEDS_VOICE_TARGET,,triangle-strategy
1188,MS15_X33_RESEARCH_02_AFTER_F_ORL_0140.wav,MS15_X33_RESEARCH_02_AFTER_F_ORL_0140,1208,1208,1208,1210,Orlaea,npc,female,NEEDS_VOICE_TARGET,,พวกเขานำเสาเกลือไปซ่อนไว้ ทำลายการมีอยู่ของคริสตัลเกลือ และกักขังชาวโรเซลล์ผู้เหลือรอดในเกลือ,,,BLOCKED_NEEDS_VOICE_TARGET,,triangle-strategy
1189,MS15_X33_RESEARCH_02_AFTER_F_ORL_0150.wav,MS15_X33_RESEARCH_02_AFTER_F_ORL_0150,1209,1209,1209,1211,Orlaea,npc,female,NEEDS_VOICE_TARGET,,เราจึงถูกตราหน้าว่าเป็นคนบาป เป็นอาชญากรผู้ต้องการยึดครองนาเกลือไว้เพียงผู้เดียว,,,BLOCKED_NEEDS_VOICE_TARGET,,triangle-strategy
1190,MS15_X33_RESEARCH_02_AFTER_F_ORL_0160.wav,MS15_X33_RESEARCH_02_AFTER_F_ORL_0160,1210,1210,1210,1212,Orlaea,npc,female,NEEDS_VOICE_TARGET,,ไฮแซนต์ได้สร้างคำสอนของเทพธิดามาเป็นเหตุผลรองรับการผูกขาดเกลือ แต่เทพธิดานั้นย่อมต้องการศัตรู,,,BLOCKED_NEEDS_VOICE_TARGET,,triangle-strategy
1191,MS15_X33_RESEARCH_02_AFTER_F_ORL_0170.wav,MS15_X33_RESEARCH_02_AFTER_F_ORL_0170,1211,1211,1211,1213,Orlaea,npc,female,NEEDS_VOICE_TARGET,,ทำให้ชาวโรเซลล์ถูกกล่าวหา ต้องสละเลือดเนื้อและน้ำตาเพื่อนาง...,,,BLOCKED_NEEDS_VOICE_TARGET,,triangle-strategy
1192,MS15_X33_RESEARCH_02_AFTER_F_ORL_0180.wav,MS15_X33_RESEARCH_02_AFTER_F_ORL_0180,1212,1212,1212,1214,Orlaea,npc,female,NEEDS_VOICE_TARGET,,เทพธิดาคือเครื่องพิสูจน์ตำนานแห่งชาวโรเซลล์,,,BLOCKED_NEEDS_VOICE_TARGET,,triangle-strategy
1193,MS15_X33_RESEARCH_02_AFTER_F_ORL_0190.wav,MS15_X33_RESEARCH_02_AFTER_F_ORL_0190,1213,1213,1213,1215,Orlaea,npc,female,NEEDS_VOICE_TARGET,,ระหว่างการปฏิวัติ ข้าได้เห็นเสาเกลือในรูปปั้นเทพธิดา ที่ถูกพรากไปจากบรรพบุรุษของเรา,,,BLOCKED_NEEDS_VOICE_TARGET,,triangle-strategy
1194,MS15_X33_RESEARCH_02_AFTER_F_ORL_0200.wav,MS15_X33_RESEARCH_02_AFTER_F_ORL_0200,1214,1214,1214,1216,Orlaea,npc,female,NEEDS_VOICE_TARGET,,แต่ข้าไม่สามารถเปิดโปงความจริงแห่งเทพธิดาได้เลย ข้ายอมทำทุกวิถีทางเพื่อคว้าเศษเสี้ยวของมันมา...,,,BLOCKED_NEEDS_VOICE_TARGET,,triangle-strategy
1195,MS15_X33_RESEARCH_02_AFTER_F_ORL_0210.wav,MS15_X33_RESEARCH_02_AFTER_F_ORL_0210,1215,1215,1215,1217,Orlaea,npc,female,NEEDS_VOICE_TARGET,,และเศษเสี้ยวนั้น คือกุญแจสำคัญสู่การปลดปล่อยชาวโรเซลล์,,,BLOCKED_NEEDS_VOICE_TARGET,,triangle-strategy
1196,MS15_X33_RESEARCH_02_AFTER_F_ORL_0220.wav,MS15_X33_RESEARCH_02_AFTER_F_ORL_0220,1216,1216,1216,1218,Orlaea,npc,female,NEEDS_VOICE_TARGET,,ขอให้เป็นเช่นนั้น เพื่อพี่น้องของข้าผู้ต้องรับกรรมที่ตนไม่ได้ก่อไว้...,,,BLOCKED_NEEDS_VOICE_TARGET,,triangle-strategy
1197,MS15_X33_RESEARCH_02_AFTER_F_TRI_0010.wav,MS15_X33_RESEARCH_02_AFTER_F_TRI_0010,1217,1217,1217,1219,Trish,npc,female,trish,assets/triangle-strategy/approved_voice_references/trish.wav,"หนังสือนี้เหมือนจะมีชื่อว่า ""ไดอารี่ของออลายา""",,,PENDING_MANUAL_GENERATION,,triangle-strategy
1198,MS15_X33_RESEARCH_02_AFTER_F_TRI_0020.wav,MS15_X33_RESEARCH_02_AFTER_F_TRI_0020,1218,1218,1218,1220,Trish,npc,female,trish,assets/triangle-strategy/approved_voice_references/trish.wav,ข้าได้ยินมาแบบนั้นนะ แต่ข้าเองก็ไม่ได้ใส่ใจเท่าไหร่หรอก...,,,PENDING_MANUAL_GENERATION,,triangle-strategy
1199,MS15_X33_RESEARCH_02_AFTER_F_YRA_0010.wav,MS15_X33_RESEARCH_02_AFTER_F_YRA_0010,1219,1219,1219,1221,Geela,main,female,geela,assets/triangle-strategy/approved_voice_references/geela.wav,มันเปิดแล้วเจ้าค่ะ!,,,PENDING_MANUAL_GENERATION,,triangle-strategy
1200,MS15_X33_RESEARCH_02_AFTER_M_JRM_0010.wav,MS15_X33_RESEARCH_02_AFTER_M_JRM_0010,1220,1220,1220,1222,เจอร์รอม,npc,male,jerrom,assets/triangle-strategy/approved_voice_references/jerrom.wav,ออลายาเหรอ? นั่นมัน...,,,PENDING_MANUAL_GENERATION,,triangle-strategy
1201,MS15_X33_RESEARCH_02_AFTER_M_SEL_0010.wav,MS15_X33_RESEARCH_02_AFTER_M_SEL_0010,1221,1221,1221,1223,Serenoa,main,male,serenoa,assets/triangle-strategy/approved_voice_references/serenoa.wav,แต่มันก็ไม่ได้สูญเปล่าซะทีเดียว ทริชบอกข้าว่าหนังสือเล่มนี้มีบางสิ่งที่น่าสนใจอยู่,,,PENDING_MANUAL_GENERATION,,triangle-strategy
1202,MS15_X33_RESEARCH_02_AFTER_M_SEL_0020.wav,MS15_X33_RESEARCH_02_AFTER_M_SEL_0020,1222,1222,1222,1224,Serenoa,main,male,serenoa,assets/triangle-strategy/approved_voice_references/serenoa.wav,ช่วยเล่าให้พวกเขาฟังหน่อยนะ,,,PENDING_MANUAL_GENERATION,,triangle-strategy
1203,MS15_X33_RESEARCH_02_AFTER_M_SEL_0030.wav,MS15_X33_RESEARCH_02_AFTER_M_SEL_0030,1223,1223,1223,1225,Serenoa,main,male,serenoa,assets/triangle-strategy/approved_voice_references/serenoa.wav,เฟรเดอริก้า หากแม่ของเจ้าเป็นคนจดบันทึกหนังสือเล่มนี้จริง แสดงว่าเจ้าคงมีกุญแจอยู่แล้ว,,,PENDING_MANUAL_GENERATION,,triangle-strategy
1204,MS15_X33_RESEARCH_02_AFTER_M_SEL_0040.wav,MS15_X33_RESEARCH_02_AFTER_M_SEL_0040,1224,1224,1224,1226,Serenoa,main,male,serenoa,assets/triangle-strategy/approved_voice_references/serenoa.wav,ช่วยอ่านให้ฟังหน่อยสิ เฟรเดอริก้า,,,PENDING_MANUAL_GENERATION,,triangle-strategy
1205,MS15_X33_RESEARCH_02_BEFORE_F_FRE_0010.wav,MS15_X33_RESEARCH_02_BEFORE_F_FRE_0010,1225,1225,1225,1227,Frederica,main,female,frederica,assets/triangle-strategy/approved_voice_references/frederica.wav,แล้วเราต้องหาเวทย์ปลดผนึกหรือเปล่า?,,,PENDING_MANUAL_GENERATION,,triangle-strategy
1206,MS15_X33_RESEARCH_02_BEFORE_F_FRE_0020.wav,MS15_X33_RESEARCH_02_BEFORE_F_FRE_0020,1226,1226,1226,1228,Frederica,main,female,frederica,assets/triangle-strategy/approved_voice_references/frederica.wav,หมู่บ้านแห่งนี้!,,,PENDING_MANUAL_GENERATION,,triangle-strategy
1207,MS15_X33_RESEARCH_02_BEFORE_F_FRE_0030.wav,MS15_X33_RESEARCH_02_BEFORE_F_FRE_0030,1227,1227,1227,1229,Frederica,main,female,frederica,assets/triangle-strategy/approved_voice_references/frederica.wav,เช่นนั้นกุญแจก็อยู่ในหมู่บ้านนี้แหละ,,,PENDING_MANUAL_GENERATION,,triangle-strategy
1208,MS15_X33_RESEARCH_02_BEFORE_F_FRE_0040.wav,MS15_X33_RESEARCH_02_BEFORE_F_FRE_0040,1228,1228,1228,1230,Frederica,main,female,frederica,assets/triangle-strategy/approved_voice_references/frederica.wav,และสมบัติที่หนังสือกล่าวถึง ต้องเกี่ยวโยงกับชาวโรเซลล์,,,PENDING_MANUAL_GENERATION,,triangle-strategy
1209,MS15_X33_RESEARCH_02_BEFORE_F_FRE_0050.wav,MS15_X33_RESEARCH_02_BEFORE_F_FRE_0050,1229,1229,1229,1231,Frederica,main,female,frederica,assets/triangle-strategy/approved_voice_references/frederica.wav,มันอาจจะเผยความเป็นมาของคริสตัลเกลือได้,,,PENDING_MANUAL_GENERATION,,triangle-strategy
1210,MS15_X33_RESEARCH_02_BEFORE_F_TRI_0010.wav,MS15_X33_RESEARCH_02_BEFORE_F_TRI_0010,1230,1230,1230,1232,Trish,npc,female,trish,assets/triangle-strategy/approved_voice_references/trish.wav,แม่นแล้ว อุตส่าห์ไปเอามาจากซอกมุมมืดในหอสมุดเอสฟรอสต์เชียวนะ,,,PENDING_MANUAL_GENERATION,,triangle-strategy
1211,MS15_X33_RESEARCH_02_BEFORE_F_TRI_0020.wav,MS15_X33_RESEARCH_02_BEFORE_F_TRI_0020,1231,1231,1231,1233,Trish,npc,female,trish,assets/triangle-strategy/approved_voice_references/trish.wav,สัญชาตญาณโจรของข้ามันบอกว่า นี่แหละคือกลิ่นแห่งความร่ำรวย,,,PENDING_MANUAL_GENERATION,,triangle-strategy
1212,MS15_X33_RESEARCH_02_BEFORE_F_TRI_0030.wav,MS15_X33_RESEARCH_02_BEFORE_F_TRI_0030,1232,1232,1232,1234,Trish,npc,female,trish,assets/triangle-strategy/approved_voice_references/trish.wav,มันไม่ง่ายเลย แต่ข้าต้องทำเพื่อป๊า,,,PENDING_MANUAL_GENERATION,,triangle-strategy
1213,MS15_X33_RESEARCH_02_BEFORE_F_TRI_0040.wav,MS15_X33_RESEARCH_02_BEFORE_F_TRI_0040,1233,1233,1233,1235,Trish,npc,female,trish,assets/triangle-strategy/approved_voice_references/trish.wav,น่าเสียดายที่หนังสือถูกผนึกไว้ พวกเจ้างัดออกมาไม่ได้หรอก,,,PENDING_MANUAL_GENERATION,,triangle-strategy
1214,MS15_X33_RESEARCH_02_BEFORE_F_TRI_0050.wav,MS15_X33_RESEARCH_02_BEFORE_F_TRI_0050,1234,1234,1234,1236,Trish,npc,female,trish,assets/triangle-strategy/approved_voice_references/trish.wav,ข้าเองก็คิดเช่นนั้น น่าจะอยู่แถวหมู่บ้านเนี่ยแหละ,,,PENDING_MANUAL_GENERATION,,triangle-strategy
1215,MS15_X33_RESEARCH_02_BEFORE_F_TRI_0060.wav,MS15_X33_RESEARCH_02_BEFORE_F_TRI_0060,1235,1235,1235,1237,Trish,npc,female,trish,assets/triangle-strategy/approved_voice_references/trish.wav,เจ้าลองดูปกหนังสือเสียก่อน นี่มันแผนที่นอร์เซเลียเห็นๆ,,,PENDING_MANUAL_GENERATION,,triangle-strategy
1216,MS15_X33_RESEARCH_02_BEFORE_F_TRI_0070.wav,MS15_X33_RESEARCH_02_BEFORE_F_TRI_0070,1236,1236,1236,1238,Trish,npc,female,trish,assets/triangle-strategy/approved_voice_references/trish.wav,ถูกแล้วล่ะ เรามาที่นี่เพื่อหาวิธีเปิดผนึก,,,PENDING_MANUAL_GENERATION,,triangle-strategy
1217,MS15_X33_RESEARCH_02_BEFORE_F_TRI_0080.wav,MS15_X33_RESEARCH_02_BEFORE_F_TRI_0080,1237,1237,1237,1239,Trish,npc,female,trish,assets/triangle-strategy/approved_voice_references/trish.wav,คริสตัล...เกลือ? คืออะไรนะ?,,,PENDING_MANUAL_GENERATION,,triangle-strategy
1218,MS15_X33_RESEARCH_02_BEFORE_F_TRI_0090.wav,MS15_X33_RESEARCH_02_BEFORE_F_TRI_0090,1238,1238,1238,1240,Trish,npc,female,trish,assets/triangle-strategy/approved_voice_references/trish.wav,ได้เจ้าค่ะท่านหัวหน้า งานถนัดข้าเห็นๆ,,,PENDING_MANUAL_GENERATION,,triangle-strategy
1219,MS15_X33_RESEARCH_02_BEFORE_F_YRA_0010.wav,MS15_X33_RESEARCH_02_BEFORE_F_YRA_0010,1239,1239,1239,1241,Geela,main,female,geela,assets/triangle-strategy/approved_voice_references/geela.wav,...งั้นเหรอ ถูกผนึกด้วยเวทย์ทรงพลังสินะ,,,PENDING_MANUAL_GENERATION,,triangle-strategy
1220,MS15_X33_RESEARCH_02_BEFORE_F_YRA_0020.wav,MS15_X33_RESEARCH_02_BEFORE_F_YRA_0020,1240,1240,1240,1242,Geela,main,female,geela,assets/triangle-strategy/approved_voice_references/geela.wav,คงมีกุญแจไว้ไขอยู่เจ้าค่ะ,,,PENDING_MANUAL_GENERATION,,triangle-strategy
1221,MS15_X33_RESEARCH_02_BEFORE_F_YRA_0030.wav,MS15_X33_RESEARCH_02_BEFORE_F_YRA_0030,1241,1241,1241,1243,Geela,main,female,geela,assets/triangle-strategy/approved_voice_references/geela.wav,จริงด้วย! หากนี่คือแม่น้ำนอร์เซเลีย แสดงว่านี่ต้องเป็นแคว้นวูล์ฟฟอร์ต...,,,PENDING_MANUAL_GENERATION,,triangle-strategy
1222,MS15_X33_RESEARCH_02_BEFORE_F_YRA_0040.wav,MS15_X33_RESEARCH_02_BEFORE_F_YRA_0040,1242,1242,1242,1244,Geela,main,female,geela,assets/triangle-strategy/approved_voice_references/geela.wav,แล้วถ้ามันไม่ใช่เรื่องบังเอิญล่ะเจ้าคะ...,,,PENDING_MANUAL_GENERATION,,triangle-strategy
1223,MS15_X33_RESEARCH_02_BEFORE_M_ELA_0010.wav,MS15_X33_RESEARCH_02_BEFORE_M_ELA_0010,1243,1243,1243,1245,Erador,main,male,erador,assets/triangle-strategy/approved_voice_references/erador.wav,...หนังสือนี้จะช่วยเราตามหาสมบัติได้จริงเหรอ?,,,PENDING_MANUAL_GENERATION,,triangle-strategy
1224,MS15_X33_RESEARCH_02_BEFORE_M_ELA_0020.wav,MS15_X33_RESEARCH_02_BEFORE_M_ELA_0020,1244,1244,1244,1246,Erador,main,male,erador,assets/triangle-strategy/approved_voice_references/erador.wav,ไม่คิดไม่ฝันเลยว่าต้องพูดเช่นนี้ แต่...เจ้าขโมยได้ยอดมาก,,,PENDING_MANUAL_GENERATION,,triangle-strategy
1225,MS15_X33_RESEARCH_02_BEFORE_M_ELA_0030.wav,MS15_X33_RESEARCH_02_BEFORE_M_ELA_0030,1245,1245,1245,1247,Erador,main,male,erador,assets/triangle-strategy/approved_voice_references/erador.wav,ทำไมถึงมั่นใจล่ะ?,,,PENDING_MANUAL_GENERATION,,triangle-strategy
1226,MS15_X33_RESEARCH_02_BEFORE_M_ELA_0040.wav,MS15_X33_RESEARCH_02_BEFORE_M_ELA_0040,1246,1246,1246,1248,Erador,main,male,erador,assets/triangle-strategy/approved_voice_references/erador.wav,ไม่บังเอิญไปหน่อยเหรอ?,,,PENDING_MANUAL_GENERATION,,triangle-strategy
1227,MS15_X33_RESEARCH_02_BEFORE_M_JRM_0010.wav,MS15_X33_RESEARCH_02_BEFORE_M_JRM_0010,1247,1247,1247,1249,เจอร์รอม,npc,male,jerrom,assets/triangle-strategy/approved_voice_references/jerrom.wav,อืม... ข้าไม่เคยเห็นกุญแจที่เสียบเข้ารูแบบนี้ได้นะขอรับ,,,PENDING_MANUAL_GENERATION,,triangle-strategy
1228,MS15_X33_RESEARCH_02_BEFORE_M_SEL_0010.wav,MS15_X33_RESEARCH_02_BEFORE_M_SEL_0010,1248,1248,1248,1250,Serenoa,main,male,serenoa,assets/triangle-strategy/approved_voice_references/serenoa.wav,ข้อมูลลับสุดยอดของเอสฟรอสต์ถูกเก็บไว้ในหอสมุด แสดงว่าคงเป็นเรื่องสำคัญมากแน่ๆ,,,PENDING_MANUAL_GENERATION,,triangle-strategy
1229,MS15_X33_RESEARCH_02_BEFORE_M_SEL_0020.wav,MS15_X33_RESEARCH_02_BEFORE_M_SEL_0020,1249,1249,1249,1251,Serenoa,main,male,serenoa,assets/triangle-strategy/approved_voice_references/serenoa.wav,ซึ่งอัญมณีเหล่านั้นจะอยู่ที่...,,,PENDING_MANUAL_GENERATION,,triangle-strategy
1230,MS15_X33_RESEARCH_02_BEFORE_M_SEL_0030.wav,MS15_X33_RESEARCH_02_BEFORE_M_SEL_0030,1250,1250,1250,1252,Serenoa,main,male,serenoa,assets/triangle-strategy/approved_voice_references/serenoa.wav,เจอร์รอม เจ้าพอจำได้บ้างไหมว่ามันอยู่ที่ไหน?,,,PENDING_MANUAL_GENERATION,,triangle-strategy
1231,MS15_X33_RESEARCH_02_BEFORE_M_SEL_0040.wav,MS15_X33_RESEARCH_02_BEFORE_M_SEL_0040,1251,1251,1251,1253,Serenoa,main,male,serenoa,assets/triangle-strategy/approved_voice_references/serenoa.wav,เรามาค้นหมู่บ้านกันเถอะ,,,PENDING_MANUAL_GENERATION,,triangle-strategy
1232,MS15_X33_RESEARCH_02_BEFORE_M_SEL_0050.wav,MS15_X33_RESEARCH_02_BEFORE_M_SEL_0050,1252,1252,1252,1254,Serenoa,main,male,serenoa,assets/triangle-strategy/approved_voice_references/serenoa.wav,ระหว่างนี้หากุญแจกันก่อนเถอะ,,,PENDING_MANUAL_GENERATION,,triangle-strategy
1233,MS15_X33_RESEARCH_02_BEFORE_M_SEL_0060.wav,MS15_X33_RESEARCH_02_BEFORE_M_SEL_0060,1253,1253,1253,1255,Serenoa,main,male,serenoa,assets/triangle-strategy/approved_voice_references/serenoa.wav,เรื่องค้นข้าวของนี่งานถนัดของโจรเลย รบกวนเจ้าช่วยหน่อยได้ไหมทริช?,,,PENDING_MANUAL_GENERATION,,triangle-strategy
1234,MS15_X33_WD_0010_N_NNN_0010.wav,MS15_X33_WD_0010_N_NNN_0010,1254,1254,1254,1256,Narrator,narrator,female,narrator,assets/triangle-strategy/approved_voice_references/narrator.wav,เหล่าวูล์ฟฟอร์ตได้พักผ่อนจากศึกสงครามเพียงชั่วครู่หลังจากกอบกู้นครหลวงสำเร็จ และได้ตัดสินใจแยกย้ายไปตามทางของตน,,,PENDING_MANUAL_GENERATION,,triangle-strategy
1235,MS15_X33_WD_0010_N_NNN_0020.wav,MS15_X33_WD_0010_N_NNN_0020,1255,1255,1255,1257,Narrator,narrator,female,narrator,assets/triangle-strategy/approved_voice_references/narrator.wav,โรแลนด์คงอยู่ในนครหลวงเพื่อกำจัดศัตรูทางการเมือง,,,PENDING_MANUAL_GENERATION,,triangle-strategy
1236,MS15_X33_WD_0010_N_NNN_0030.wav,MS15_X33_WD_0010_N_NNN_0030,1256,1256,1256,1258,Narrator,narrator,female,narrator,assets/triangle-strategy/approved_voice_references/narrator.wav,เบเนดิกต์กลับปราสาทวูล์ฟฟอร์ตเพื่อเยี่ยมเยียนลอร์ดซีมอนผู้ป่วยไข้,,,PENDING_MANUAL_GENERATION,,triangle-strategy
1237,MS15_X33_WD_0010_N_NNN_0040.wav,MS15_X33_WD_0010_N_NNN_0040,1257,1257,1257,1259,Narrator,narrator,female,narrator,assets/triangle-strategy/approved_voice_references/narrator.wav,เซเรโนอาและเฟรเดอริก้ามุ่งหน้าสำรวจหมู่บ้านร้างโรเซลล์ หลังได้รับรายงานว่าพบเห็นโจรกลุ่มหนึ่งจากเจอร์รอม,,,PENDING_MANUAL_GENERATION,,triangle-strategy
