line_no,file_name,self_id,cue,sequence,waveform,awb_stream,character_name,role,gender,voice_target,reference_audio,thai_text,pronunciation_note,prosody_note,status,tts_text,voice_project
1,MS09_H01_A0_0010_F_ABR_0010.wav,MS09_H01_A0_0010_F_ABR_0010,0,0,0,1,Avlora,npc,female,avlora,assets/triangle-strategy/approved_voice_references/avlora.wav,ด้วยความเคารพนะเจ้าคะ ข้าคิดว่าราชินีคอร์เดเลียไม่คู่ควรกับการปกครองเกลนบรู๊ค,,,PENDING_MANUAL_GENERATION,,triangle-strategy
2,MS09_H01_A0_0010_F_ABR_0020.wav,MS09_H01_A0_0010_F_ABR_0020,1,1,1,2,Avlora,npc,female,avlora,assets/triangle-strategy/approved_voice_references/avlora.wav,...ข้าไม่อยากยุ่งเกี่ยวในสงครามการเมืองเลย มันโหดร้ายกว่าสงครามใดเสียอีก,,,PENDING_MANUAL_GENERATION,,triangle-strategy
3,MS09_H01_A0_0010_F_CRD_0010.wav,MS09_H01_A0_0010_F_CRD_0010,2,2,2,3,Cordelia,npc,female,cordelia,assets/triangle-strategy/approved_voice_references/cordelia.wav,ราษฎรของข้า... ตอนนี้ทุกอย่างช่างมืดมน เปี่ยมล้นด้วยปัญหามิรู้สิ้น,,,PENDING_MANUAL_GENERATION,,triangle-strategy
4,MS09_H01_A0_0010_F_CRD_0020.wav,MS09_H01_A0_0010_F_CRD_0020,3,3,3,4,Cordelia,npc,female,cordelia,assets/triangle-strategy/approved_voice_references/cordelia.wav,เกลนบรู๊คและเอสฟรอสต์ต่างสูญเสียไปนับไม่ถ้วน,,,PENDING_MANUAL_GENERATION,,triangle-strategy
5,MS09_H01_A0_0010_F_CRD_0030.wav,MS09_H01_A0_0010_F_CRD_0030,4,4,4,5,Cordelia,npc,female,cordelia,assets/triangle-strategy/approved_voice_references/cordelia.wav,และเราเองก็สูญเสียองค์ชายผู้เป็นที่รักทั้งสองไป...,,,PENDING_MANUAL_GENERATION,,triangle-strategy
6,MS09_H01_A0_0010_F_CRD_0040.wav,MS09_H01_A0_0010_F_CRD_0040,5,5,5,6,Cordelia,npc,female,cordelia,assets/triangle-strategy/approved_voice_references/cordelia.wav,ข้าขอแสดงความเสียใจอย่างสุดซึ้ง ขอให้พวกเขาไปสู่สุคติด้วยเถิด...,,,PENDING_MANUAL_GENERATION,,triangle-strategy
7,MS09_H01_A0_0010_F_CRD_0050.wav,MS09_H01_A0_0010_F_CRD_0050,6,6,6,7,Cordelia,npc,female,cordelia,assets/triangle-strategy/approved_voice_references/cordelia.wav,อย่างที่พวกท่านทราบ พ่อของข้าถูกตัดสินประหารชีวิตเพราะมีส่วนร่วมในเหตุสลดครั้งนี้,,,PENDING_MANUAL_GENERATION,,triangle-strategy
8,MS09_H01_A0_0010_F_CRD_0060.wav,MS09_H01_A0_0010_F_CRD_0060,7,7,7,8,Cordelia,npc,female,cordelia,assets/triangle-strategy/approved_voice_references/cordelia.wav,แต่เราจะจัดการกับความเศร้าหมองและแค้นเคืองยังไง? มีทางใดที่สามารถชดใช้ความผิดของเราได้บ้าง?,,,PENDING_MANUAL_GENERATION,,triangle-strategy
9,MS09_H01_A0_0010_F_CRD_0070.wav,MS09_H01_A0_0010_F_CRD_0070,8,8,8,9,Cordelia,npc,female,cordelia,assets/triangle-strategy/approved_voice_references/cordelia.wav,ให้เรายอมรับความผิดของตน พร้อมก้าวเดินไปข้างหน้า,,,PENDING_MANUAL_GENERATION,,triangle-strategy
10,MS09_H01_A0_0010_F_CRD_0080.wav,MS09_H01_A0_0010_F_CRD_0080,9,9,9,10,Cordelia,npc,female,cordelia,assets/triangle-strategy/approved_voice_references/cordelia.wav,อาร์ชดยุกได้เผื่อแผ่ มอบโอกาสให้เราอีกครั้งหนึ่ง,,,PENDING_MANUAL_GENERATION,,triangle-strategy
11,MS09_H01_A0_0010_F_CRD_0090.wav,MS09_H01_A0_0010_F_CRD_0090,10,10,10,11,Cordelia,npc,female,cordelia,assets/triangle-strategy/approved_voice_references/cordelia.wav,โอกาสที่เกลนบรู๊คจะมีอนาคตที่ดี และเป็นอิสระ,,,PENDING_MANUAL_GENERATION,,triangle-strategy
12,MS09_H01_A0_0010_F_CRD_0100.wav,MS09_H01_A0_0010_F_CRD_0100,11,11,11,12,Cordelia,npc,female,cordelia,assets/triangle-strategy/approved_voice_references/cordelia.wav,ในฐานะราชินีแห่งอาณาจักรนี้ ข้า... คอร์เดเลียแห่งเกลนบรู๊ค...,,,PENDING_MANUAL_GENERATION,,triangle-strategy
13,MS09_H01_A0_0010_F_CRD_0110.wav,MS09_H01_A0_0010_F_CRD_0110,12,12,12,13,Cordelia,npc,female,cordelia,assets/triangle-strategy/approved_voice_references/cordelia.wav,ข้าน้อมรับการปกครองของเอสฟรอสต์ และสัญญาจะทำทุกหนทางเพื่ออยู่ร่วมกันอย่างสันติกับอาร์ชดยุก,,,PENDING_MANUAL_GENERATION,,triangle-strategy
14,MS09_H01_A0_0010_F_CRD_0120.wav,MS09_H01_A0_0010_F_CRD_0120,13,13,13,14,Cordelia,npc,female,cordelia,assets/triangle-strategy/approved_voice_references/cordelia.wav,ท่านพ่อ ท่านพี่... ข้าสาบานว่าจะล้างแค้นให้พวกท่านเอง,,,PENDING_MANUAL_GENERATION,,triangle-strategy
15,MS09_H01_A0_0010_F_M061_0010.wav,MS09_H01_A0_0010_F_M061_0010,14,14,14,15,หญิงชาวเมืองเกลนบรู๊ค,generic,female,FEMALE_ADULT_A,assets/triangle-strategy/approved_voice_references/FEMALE_ADULT_A.wav,ก็ไปโทษที่ฝ่าบาทเร็กน่าพยายามผูกขาดเหมืองแร่ซะสิ!,,,PENDING_MANUAL_GENERATION,,triangle-strategy
16,MS09_H01_A0_0010_M_GST_0010.wav,MS09_H01_A0_0010_M_GST_0010,15,15,15,16,กุสตาดอล์ฟ,npc,male,gustadolph,,ไม่เห็นจำเป็นเลยนี่ นางเป็นหุ่นเชิดของเราไง นางเป็นสนามอารมณ์ให้กับทุกคนที่มีความหวังและความเกลียดชัง,,,BLOCKED_PENDING_REFERENCE_AUDIO,,triangle-strategy
17,MS09_H01_A0_0010_M_GST_0020.wav,MS09_H01_A0_0010_M_GST_0020,16,16,16,17,กุสตาดอล์ฟ,npc,male,gustadolph,,ในขณะที่ชาวเกลนบรู๊คที่น่าสมเพชกำลังคลำทางในความมืด เราจะสร้างระบบการปกครองใหม่ที่ยึดหลักเสรีภาพ,,,BLOCKED_PENDING_REFERENCE_AUDIO,,triangle-strategy
18,MS09_H01_A0_0010_M_GST_0030.wav,MS09_H01_A0_0010_M_GST_0030,17,17,17,18,กุสตาดอล์ฟ,npc,male,gustadolph,,เมื่อประชาชนได้ลิ้มรสแห่งเสรีภาพอันแท้จริงของเอสฟรอสต์ พวกเขาจะไม่กลับไปเป็นเช่นเดิมอีก,,,BLOCKED_PENDING_REFERENCE_AUDIO,,triangle-strategy
19,MS09_H01_A0_0010_M_GST_0040.wav,MS09_H01_A0_0010_M_GST_0040,18,18,18,19,กุสตาดอล์ฟ,npc,male,gustadolph,,กว่าคอร์เดเลียจะมีลูก อาณาจักรและผู้คนที่นี่จะตกเป็นของเอสฟรอสต์แต่เพียงผู้เดียว,,,BLOCKED_PENDING_REFERENCE_AUDIO,,triangle-strategy
20,MS09_H01_A0_0010_M_GST_0050.wav,MS09_H01_A0_0010_M_GST_0050,19,19,19,20,กุสตาดอล์ฟ,npc,male,gustadolph,,ข้าแค่กำลังมอบชีวิตใหม่ให้อาณาจักรอันน่าเบื่อ รับรองว่าพวกเขาจะมาขอบคุณข้าทีหลัง,,,BLOCKED_PENDING_REFERENCE_AUDIO,,triangle-strategy
21,MS09_H01_A0_0010_M_M060_0010.wav,MS09_H01_A0_0010_M_M060_0010,20,20,20,21,ชาวเมืองเกลนบรู๊ค,generic,male,MALE_ADULT_A,assets/triangle-strategy/approved_voice_references/MALE_ADULT_A.wav,องค์หญิงคอร์เดเลียจะแต่งงานกับอาร์ชดยุกงั้นเหรอ!?,,,PENDING_MANUAL_GENERATION,,triangle-strategy
22,MS09_H01_A0_0010_M_M060_0020.wav,MS09_H01_A0_0010_M_M060_0020,21,21,21,22,ชาวเมืองเกลนบรู๊ค,generic,male,MALE_ADULT_A,assets/triangle-strategy/approved_voice_references/MALE_ADULT_A.wav,หมายความว่าไงกัน? กุสตาดอล์ฟมันรุกรานบ้านเมืองของเราแท้ๆ!,,,PENDING_MANUAL_GENERATION,,triangle-strategy
23,MS09_H01_A0_0010_M_M060_0030.wav,MS09_H01_A0_0010_M_M060_0030,22,22,22,23,ชาวเมืองเกลนบรู๊ค,generic,male,MALE_ADULT_A,assets/triangle-strategy/approved_voice_references/MALE_ADULT_A.wav,มันสำคัญกับข้าไงเล่า!,,,PENDING_MANUAL_GENERATION,,triangle-strategy
24,MS09_H01_A0_0010_M_M062_0010.wav,MS09_H01_A0_0010_M_M062_0010,23,23,23,24,ชาวเมืองเกลนบรู๊ค,generic,male,MALE_ADULT_B,assets/triangle-strategy/approved_voice_references/MALE_ADULT_B.wav,เอสฟรอสต์ไม่สมควรได้รับการอภัยจากท่าน! อย่าไปตามใจกุสตาดอล์ฟเชียวนะขอรับ!,,,PENDING_MANUAL_GENERATION,,triangle-strategy
25,MS09_H01_A0_0010_M_M080_0010.wav,MS09_H01_A0_0010_M_M080_0010,24,24,24,25,ชาวเมืองเกลนบรู๊ค,generic,male,MALE_ADULT_C,assets/triangle-strategy/approved_voice_references/MALE_ADULT_C.wav,ในเมื่อเกลนบรู๊คของเรายังอยู่ดี มันสำคัญด้วยเหรอว่าองค์หญิงจะแต่งกับใคร?,,,PENDING_MANUAL_GENERATION,,triangle-strategy
26,MS09_H01_A1_0010_F_HEW_0010.wav,MS09_H01_A1_0010_F_HEW_0010,25,25,25,26,Hughette,main,female,hughette,assets/triangle-strategy/approved_voice_references/hughette.wav,ข้าไม่ยอมอภัยที่พวกมันบีบบังคับให้องค์ราชินีพูดเรื่องแย่ๆออกมาเช่นนั้นแน่!,,,PENDING_MANUAL_GENERATION,,triangle-strategy
27,MS09_H01_A1_0010_F_HEW_0020.wav,MS09_H01_A1_0010_F_HEW_0020,26,26,26,27,Hughette,main,female,hughette,assets/triangle-strategy/approved_voice_references/hughette.wav,แต่พวกมันกุเรื่องการตายของฝ่าบาทขึ้นมาก่อนนี่เจ้าคะ! ทำอย่างกับกุสตาดอล์ฟเป็นฝ่ายถูกไปได้!,,,PENDING_MANUAL_GENERATION,,triangle-strategy
28,MS09_H01_A1_0010_F_HEW_0030.wav,MS09_H01_A1_0010_F_HEW_0030,27,27,27,28,Hughette,main,female,hughette,assets/triangle-strategy/approved_voice_references/hughette.wav,...ขออภัยด้วยเจ้าค่ะ องค์ชาย,,,PENDING_MANUAL_GENERATION,,triangle-strategy
29,MS09_H01_A1_0010_F_HEW_0040.wav,MS09_H01_A1_0010_F_HEW_0040,28,28,28,29,Hughette,main,female,hughette,assets/triangle-strategy/approved_voice_references/hughette.wav,หน้ากากนั่น... ดูเหมือนเซอร์แม็กซ์เวลล์เลย!,,,PENDING_MANUAL_GENERATION,,triangle-strategy
30,MS09_H01_A1_0010_M_BND_0010.wav,MS09_H01_A1_0010_M_BND_0010,29,29,29,30,Benedict,main,male,benedict,assets/triangle-strategy/approved_voice_references/benedict.wav,องค์ชายโรแลนด์ ท่านได้ฟังคำปราศรัยในนครหลวงหรือยังขอรับ?,,,PENDING_MANUAL_GENERATION,,triangle-strategy
31,MS09_H01_A1_0010_M_BND_0020.wav,MS09_H01_A1_0010_M_BND_0020,30,30,30,31,Benedict,main,male,benedict,assets/triangle-strategy/approved_voice_references/benedict.wav,ถูกต้องขอรับ ตอนนี้ทุกคนทราบการตายของท่านแล้ว,,,PENDING_MANUAL_GENERATION,,triangle-strategy
32,MS09_H01_A1_0010_M_BND_0030.wav,MS09_H01_A1_0010_M_BND_0030,31,31,31,32,Benedict,main,male,benedict,assets/triangle-strategy/approved_voice_references/benedict.wav,หมายความว่าเราสามารถดำเนินแผนได้อย่างอิสระ,,,PENDING_MANUAL_GENERATION,,triangle-strategy
33,MS09_H01_A1_0010_M_BND_0040.wav,MS09_H01_A1_0010_M_BND_0040,32,32,32,33,Benedict,main,male,benedict,assets/triangle-strategy/approved_voice_references/benedict.wav,นี่เป็นความลับที่รู้กันแค่ในตระกูลวูล์ฟฟอร์ตนะขอรับ,,,PENDING_MANUAL_GENERATION,,triangle-strategy
34,MS09_H01_A1_0010_M_RLN_0010.wav,MS09_H01_A1_0010_M_RLN_0010,33,33,33,34,Roland,main,male,roland,assets/triangle-strategy/approved_voice_references/roland.wav,ข้าฟังแล้ว,,,PENDING_MANUAL_GENERATION,,triangle-strategy
35,MS09_H01_A1_0010_M_RLN_0020.wav,MS09_H01_A1_0010_M_RLN_0020,34,34,34,35,Roland,main,male,roland,assets/triangle-strategy/approved_voice_references/roland.wav,พอก่อน ฮิวเอทท์,,,PENDING_MANUAL_GENERATION,,triangle-strategy
36,MS09_H01_A1_0010_M_RLN_0030.wav,MS09_H01_A1_0010_M_RLN_0030,35,35,35,36,Roland,main,male,roland,assets/triangle-strategy/approved_voice_references/roland.wav,ข้าบอกให้พอก่อนไง! โมโหตอนนี้มันไม่ได้อะไรขึ้นมาหรอก!,,,PENDING_MANUAL_GENERATION,,triangle-strategy
37,MS09_H01_A1_0010_M_RLN_0040.wav,MS09_H01_A1_0010_M_RLN_0040,36,36,36,37,Roland,main,male,roland,assets/triangle-strategy/approved_voice_references/roland.wav,คอร์เดเลียสู้สุดใจตัวคนเดียวมาตลอด ข้าปวดใจทุกวันที่ช่วยนางไม่ได้...,,,PENDING_MANUAL_GENERATION,,triangle-strategy
38,MS09_H01_A1_0010_M_RLN_0050.wav,MS09_H01_A1_0010_M_RLN_0050,37,37,37,38,Roland,main,male,roland,assets/triangle-strategy/approved_voice_references/roland.wav,พอได้แล้วนะ หากคอร์เดเลียทนได้ พวกเราก็ทนได้...,,,PENDING_MANUAL_GENERATION,,triangle-strategy
39,MS09_H01_A1_0010_M_RLN_0060.wav,MS09_H01_A1_0010_M_RLN_0060,38,38,38,39,Roland,main,male,roland,assets/triangle-strategy/approved_voice_references/roland.wav,หากนางยังมีชีวิต แค่นั้นก็เพียงพอสำหรับข้าแล้ว...,,,PENDING_MANUAL_GENERATION,,triangle-strategy
40,MS09_H01_A1_0010_M_RLN_0070.wav,MS09_H01_A1_0010_M_RLN_0070,39,39,39,40,Roland,main,male,roland,assets/triangle-strategy/approved_voice_references/roland.wav,ไม่หรอก ข้าขอโทษด้วยนะ ข้าคุมตัวเองไม่อยู่...,,,PENDING_MANUAL_GENERATION,,triangle-strategy
41,MS09_H01_A1_0010_M_RLN_0080.wav,MS09_H01_A1_0010_M_RLN_0080,40,40,40,41,Roland,main,male,roland,assets/triangle-strategy/approved_voice_references/roland.wav,คิดถึงเรื่องนั้นไปคงไม่ช่วยอะไรขึ้นมา เราต้องลงมือทำอะไรสักอย่างแล้ว,,,PENDING_MANUAL_GENERATION,,triangle-strategy
42,MS09_H01_A1_0010_M_RLN_0090.wav,MS09_H01_A1_0010_M_RLN_0090,41,41,41,42,Roland,main,male,roland,assets/triangle-strategy/approved_voice_references/roland.wav,สหายทุกคนจงฟังข้า องค์ชายโรแลนด์แห่งเกลนบรู๊คได้ตายไปแล้ว,,,PENDING_MANUAL_GENERATION,,triangle-strategy
43,MS09_H01_A1_0010_M_RLN_0100.wav,MS09_H01_A1_0010_M_RLN_0100,42,42,42,43,Roland,main,male,roland,assets/triangle-strategy/approved_voice_references/roland.wav,ตอนนี้ข้าเป็นเพียงโรแลนด์ นักสู้ผู้หลบหนีมาจากอาณาจักรล่มสลาย,,,PENDING_MANUAL_GENERATION,,triangle-strategy
44,MS09_H01_A1_0010_M_RLN_0110.wav,MS09_H01_A1_0010_M_RLN_0110,43,43,43,44,Roland,main,male,roland,assets/triangle-strategy/approved_voice_references/roland.wav,ข้าขอให้พวกเจ้าช่วยสนับสนุนข้า จนกว่าตะวันจะทอแสงให้ราชวงศ์ของเราอีกครั้งด้วย,,,PENDING_MANUAL_GENERATION,,triangle-strategy
45,MS09_H01_A1_0010_M_RLN_0120.wav,MS09_H01_A1_0010_M_RLN_0120,44,44,44,45,Roland,main,male,roland,assets/triangle-strategy/approved_voice_references/roland.wav,อาจารย์...,,,PENDING_MANUAL_GENERATION,,triangle-strategy
46,MS09_H01_A1_0010_M_RLN_0130.wav,MS09_H01_A1_0010_M_RLN_0130,45,45,45,46,Roland,main,male,roland,assets/triangle-strategy/approved_voice_references/roland.wav,โปรดมอบพละกำลังแก่ข้า เพื่อปลดปล่อยบ้านเมืองเราจากเงื้อมมือเอสฟรอสต์ด้วยเถิด...,,,PENDING_MANUAL_GENERATION,,triangle-strategy
47,MS09_H01_A1_0010_M_SEL_0010.wav,MS09_H01_A1_0010_M_SEL_0010,46,46,46,47,Serenoa,main,male,serenoa,assets/triangle-strategy/approved_voice_references/serenoa.wav,พวกเราทุกคนเข้าใจท่านดีนะ องค์ชายโรแลนด์,,,PENDING_MANUAL_GENERATION,,triangle-strategy
48,MS09_H01_A1_0010_M_SEL_0020.wav,MS09_H01_A1_0010_M_SEL_0020,47,47,47,48,Serenoa,main,male,serenoa,assets/triangle-strategy/approved_voice_references/serenoa.wav,นั่นของเซอร์แม็กซ์เวลล์เหรอ...?,,,PENDING_MANUAL_GENERATION,,triangle-strategy
49,MS09_H01_A1_0020_M_BND_0010.wav,MS09_H01_A1_0020_M_BND_0010,48,48,48,49,Benedict,main,male,benedict,assets/triangle-strategy/approved_voice_references/benedict.wav,ลอร์ดเซเรโนอา หากพ่อของท่านตื่นขึ้นมา...,,,PENDING_MANUAL_GENERATION,,triangle-strategy
50,MS09_H01_A1_0020_M_BND_0020.wav,MS09_H01_A1_0020_M_BND_0020,49,49,49,50,Benedict,main,male,benedict,assets/triangle-strategy/approved_voice_references/benedict.wav,ข้ามั่นใจว่าเขาจะชื่นชมท่านที่ปกป้องวูล์ฟฟอร์ตเป็นอย่างดีแน่นอนขอรับ,,,PENDING_MANUAL_GENERATION,,triangle-strategy
51,MS09_H01_A1_0020_M_BND_0030.wav,MS09_H01_A1_0020_M_BND_0030,50,50,50,51,Benedict,main,male,benedict,assets/triangle-strategy/approved_voice_references/benedict.wav,ถูกต้อง รัฐมนตรีซอสเลย์เป็นคนเห็นแก่ตัว,,,PENDING_MANUAL_GENERATION,,triangle-strategy
52,MS09_H01_A1_0020_M_BND_0040.wav,MS09_H01_A1_0020_M_BND_0040,51,51,51,52,Benedict,main,male,benedict,assets/triangle-strategy/approved_voice_references/benedict.wav,ข้าคงจะรีดไถ่พวกเราให้หมด แล้วค่อยหาโอกาสที่จะ-,,,PENDING_MANUAL_GENERATION,,triangle-strategy
53,MS09_H01_A1_0020_M_BND_0050.wav,MS09_H01_A1_0020_M_BND_0050,52,52,52,53,Benedict,main,male,benedict,assets/triangle-strategy/approved_voice_references/benedict.wav,แน่อยู่แล้วสิ ตอนนี้แอนนาเริ่มลงมือแล้ว,,,PENDING_MANUAL_GENERATION,,triangle-strategy
54,MS09_H01_A1_0020_M_BND_0060.wav,MS09_H01_A1_0020_M_BND_0060,53,53,53,54,Benedict,main,male,benedict,assets/triangle-strategy/approved_voice_references/benedict.wav,หน้าที่ของเราคือการปกป้องและชี้นำตระกูล,,,PENDING_MANUAL_GENERATION,,triangle-strategy
55,MS09_H01_A1_0020_M_ELA_0010.wav,MS09_H01_A1_0020_M_ELA_0010,54,54,54,55,Erador,main,male,erador,assets/triangle-strategy/approved_voice_references/erador.wav,อาการดีขึ้นขอรับ แต่ยังมีร้องโอดครวญอยู่บ้าง,,,PENDING_MANUAL_GENERATION,,triangle-strategy
56,MS09_H01_A1_0020_M_ELA_0015.wav,MS09_H01_A1_0020_M_ELA_0015,55,55,55,56,Erador,main,male,erador,assets/triangle-strategy/approved_voice_references/erador.wav,ทานแล้วขอรับ ตอนนี้เขายังไม่ฟื้นแต่น่าจะหายใจคล่องขึ้นแล้ว,,,PENDING_MANUAL_GENERATION,,triangle-strategy
57,MS09_H01_A1_0020_M_ELA_0020.wav,MS09_H01_A1_0020_M_ELA_0020,56,56,56,57,Erador,main,male,erador,assets/triangle-strategy/approved_voice_references/erador.wav,น่าเศร้าที่ปัญหาจริงๆมันเพิ่งจะเริ่มต้นขึ้นน่ะสิ,,,PENDING_MANUAL_GENERATION,,triangle-strategy
58,MS09_H01_A1_0020_M_ELA_0030.wav,MS09_H01_A1_0020_M_ELA_0030,57,57,57,58,Erador,main,male,erador,assets/triangle-strategy/approved_voice_references/erador.wav,ข้าไม่เชื่อหรอกว่าตระกูลเอนด์จะคุ้มครองเราฟรีๆ ยิ่งพึ่งพวกเขานานเท่าใด ราคาที่ต้องจ่ายจะยิ่งสูงมากขึ้นเท่านั้น,,,PENDING_MANUAL_GENERATION,,triangle-strategy
59,MS09_H01_A1_0020_M_ELA_0040.wav,MS09_H01_A1_0020_M_ELA_0040,58,58,58,59,Erador,main,male,erador,assets/triangle-strategy/approved_voice_references/erador.wav,หากเจ้าเป็นเขา เจ้าจะทำยังไงล่ะ?,,,PENDING_MANUAL_GENERATION,,triangle-strategy
60,MS09_H01_A1_0020_M_ELA_0050.wav,MS09_H01_A1_0020_M_ELA_0050,59,59,59,60,Erador,main,male,erador,assets/triangle-strategy/approved_voice_references/erador.wav,เราไม่ปล่อยให้เกิดเรื่องนั้นขึ้นหรอก,,,PENDING_MANUAL_GENERATION,,triangle-strategy
61,MS09_H01_A1_0020_M_ELA_0060.wav,MS09_H01_A1_0020_M_ELA_0060,60,60,60,61,Erador,main,male,erador,assets/triangle-strategy/approved_voice_references/erador.wav,นับตั้งแต่วันที่ลอร์ดซีมอนรับข้าเข้ามา ใจของข้ายังเป็นเช่นเดิมนะพ่อหนุ่ม,,,PENDING_MANUAL_GENERATION,,triangle-strategy
62,MS09_H01_A1_0020_M_ELA_0070.wav,MS09_H01_A1_0020_M_ELA_0070,61,61,61,62,Erador,main,male,erador,assets/triangle-strategy/approved_voice_references/erador.wav,ข้าพร้อมเสี่ยงชีวิตเพื่อวงศ์ตระกูล ไม่ว่าจะครั้งนี้หรือครั้งไหน พวกเราจะผ่านมันไปด้วยกัน,,,PENDING_MANUAL_GENERATION,,triangle-strategy
63,MS09_H01_A1_0020_M_SEL_0010.wav,MS09_H01_A1_0020_M_SEL_0010,62,62,62,63,Serenoa,main,male,serenoa,assets/triangle-strategy/approved_voice_references/serenoa.wav,ท่านพ่อเป็นยังไงบ้าง?,,,PENDING_MANUAL_GENERATION,,triangle-strategy
64,MS09_H01_A1_0020_M_SEL_0020.wav,MS09_H01_A1_0020_M_SEL_0020,63,63,63,64,Serenoa,main,male,serenoa,assets/triangle-strategy/approved_voice_references/serenoa.wav,เข้าใจแล้ว...,,,PENDING_MANUAL_GENERATION,,triangle-strategy
65,MS09_H01_A1_0020_M_SEL_0022.wav,MS09_H01_A1_0020_M_SEL_0022,64,64,64,65,Serenoa,main,male,serenoa,assets/triangle-strategy/approved_voice_references/serenoa.wav,แล้วเขาได้ทานยาที่ไฮแซนต์มอบให้เราหรือยัง?,,,PENDING_MANUAL_GENERATION,,triangle-strategy
66,MS09_H01_A1_0020_M_SEL_0025.wav,MS09_H01_A1_0020_M_SEL_0025,65,65,65,66,Serenoa,main,male,serenoa,assets/triangle-strategy/approved_voice_references/serenoa.wav,ขอบคุณนะท่าน ดีใจที่อย่างน้อยความเจ็บปวดของเขาได้รับการบรรเทาลงบ้าง,,,PENDING_MANUAL_GENERATION,,triangle-strategy
67,MS09_H01_A1_0020_M_SEL_0027.wav,MS09_H01_A1_0020_M_SEL_0027,66,66,66,67,Serenoa,main,male,serenoa,assets/triangle-strategy/approved_voice_references/serenoa.wav,อยากจะเล่าสถานการณ์ให้ท่านพ่อฟังตอนนี้จริงๆ แต่...,,,PENDING_MANUAL_GENERATION,,triangle-strategy
68,MS09_H01_A1_0020_M_SEL_0040.wav,MS09_H01_A1_0020_M_SEL_0040,68,68,68,69,Serenoa,main,male,serenoa,assets/triangle-strategy/approved_voice_references/serenoa.wav,ขอบคุณพวกท่านทั้งสองจริงๆนะ,,,PENDING_MANUAL_GENERATION,,triangle-strategy
69,MS09_H01_A1_0030_F_FRE_0010.wav,MS09_H01_A1_0030_F_FRE_0010,69,69,69,70,Frederica,main,female,frederica,assets/triangle-strategy/approved_voice_references/frederica.wav,เขา...ใจดีจังเลยนะ,,,PENDING_MANUAL_GENERATION,,triangle-strategy
70,MS09_H01_A1_0030_F_HEW_0010.wav,MS09_H01_A1_0030_F_HEW_0010,70,70,70,71,Hughette,main,female,hughette,assets/triangle-strategy/approved_voice_references/hughette.wav,มีสารจากรัฐมนตรีซอสเลย์มาถึงเจ้าค่ะ,,,PENDING_MANUAL_GENERATION,,triangle-strategy
71,MS09_H01_A1_0030_M_BND_0010.wav,MS09_H01_A1_0030_M_BND_0010,71,71,71,72,Benedict,main,male,benedict,assets/triangle-strategy/approved_voice_references/benedict.wav,ขอรับ ของส่วนใหญ่เป็นเสบียงกับวัสดุ แล้วก็เงินจำนวนมากขอรับ,,,PENDING_MANUAL_GENERATION,,triangle-strategy
72,MS09_H01_A1_0030_M_BND_0020.wav,MS09_H01_A1_0030_M_BND_0020,72,72,72,73,Benedict,main,male,benedict,assets/triangle-strategy/approved_voice_references/benedict.wav,แม้จะเทียบกับมาตรฐานไฮแซนต์ ตระกูลเอนด์ถือว่าร่ำรวยอยู่ดี เงินแค่นี้ไม่กระทบคลังสมบัติของเขาหรอกขอรับ,,,PENDING_MANUAL_GENERATION,,triangle-strategy
73,MS09_H01_A1_0030_M_BND_0030.wav,MS09_H01_A1_0030_M_BND_0030,73,73,73,74,Benedict,main,male,benedict,assets/triangle-strategy/approved_voice_references/benedict.wav,พวกเราแจกจ่ายทรัพยากรจำเป็นเรียบร้อย และเติมเสบียงให้เราแล้วด้วย,,,PENDING_MANUAL_GENERATION,,triangle-strategy
74,MS09_H01_A1_0030_M_BND_0040.wav,MS09_H01_A1_0030_M_BND_0040,74,74,74,75,Benedict,main,male,benedict,assets/triangle-strategy/approved_voice_references/benedict.wav,ข้าคิดว่านั่นเป็นจุดประสงค์อันแท้จริงของพวกเขาขอรับ,,,PENDING_MANUAL_GENERATION,,triangle-strategy
75,MS09_H01_A1_0030_M_BND_0050.wav,MS09_H01_A1_0030_M_BND_0050,75,75,75,76,Benedict,main,male,benedict,assets/triangle-strategy/approved_voice_references/benedict.wav,ตราบใดที่เรายังมุ่งหน้าต่อในเส้นทางนี้ สักวันต้องเป็นวันของเราแน่นอน,,,PENDING_MANUAL_GENERATION,,triangle-strategy
76,MS09_H01_A1_0030_M_BND_0060.wav,MS09_H01_A1_0030_M_BND_0060,76,76,76,77,Benedict,main,male,benedict,assets/triangle-strategy/approved_voice_references/benedict.wav,...เขารีบลงมือเหลือเกิน รอบนี้จะขออะไรพิศดารจากเราอีกล่ะ?,,,PENDING_MANUAL_GENERATION,,triangle-strategy
77,MS09_H01_A1_0030_M_ELA_0010.wav,MS09_H01_A1_0030_M_ELA_0010,77,77,77,78,Erador,main,male,erador,assets/triangle-strategy/approved_voice_references/erador.wav,ข้าก็อยากพูดว่าดีใจที่ช่วยอยู่หรอก แต่เกรงว่าจะพูดเช่นนั้นไม่ได้น่ะสิ,,,PENDING_MANUAL_GENERATION,,triangle-strategy
78,MS09_H01_A1_0030_M_ELA_0020.wav,MS09_H01_A1_0030_M_ELA_0020,78,78,78,79,Erador,main,male,erador,assets/triangle-strategy/approved_voice_references/erador.wav,ข้ารู้แค่ว่า ไม่น่าเป็นเรื่องดีแน่นอน,,,PENDING_MANUAL_GENERATION,,triangle-strategy
79,MS09_H01_A1_0030_M_RLN_0010.wav,MS09_H01_A1_0030_M_RLN_0010,79,79,79,80,Roland,main,male,roland,assets/triangle-strategy/approved_voice_references/roland.wav,ถูกต้อง การพึ่งพาพวกเขานั้นมีราคาที่ต้องจ่าย พวกเขากำลังหาโอกาสให้เราชดเชยเป็นแน่,,,PENDING_MANUAL_GENERATION,,triangle-strategy
80,MS09_H01_A1_0030_M_SEL_0010.wav,MS09_H01_A1_0030_M_SEL_0010,80,80,80,81,Serenoa,main,male,serenoa,assets/triangle-strategy/approved_voice_references/serenoa.wav,เมื่อกี้ท่านบอกว่า รัฐมนตรีซอสเลย์ส่งของมาให้เหรอ?,,,PENDING_MANUAL_GENERATION,,triangle-strategy
81,MS09_H01_A1_0030_M_SEL_0020.wav,MS09_H01_A1_0030_M_SEL_0020,81,81,81,82,Serenoa,main,male,serenoa,assets/triangle-strategy/approved_voice_references/serenoa.wav,แต่นี่เป็นเส้นทางที่พวกเราเลือกเดินด้วยกัน,,,PENDING_MANUAL_GENERATION,,triangle-strategy
82,MS09_H01_A1_1010_F_FRE_0010.wav,MS09_H01_A1_1010_F_FRE_0010,82,82,82,83,Frederica,main,female,frederica,assets/triangle-strategy/approved_voice_references/frederica.wav,เซเรโนอา เจ้าว่างคุยไหม?,,,PENDING_MANUAL_GENERATION,,triangle-strategy
83,MS09_H01_A1_1010_F_FRE_0020.wav,MS09_H01_A1_1010_F_FRE_0020,83,83,83,84,Frederica,main,female,frederica,assets/triangle-strategy/approved_voice_references/frederica.wav,ข้าอยากคุย...เรื่องงานแต่งงานของเราน่ะ,,,PENDING_MANUAL_GENERATION,,triangle-strategy
84,MS09_H01_A1_1010_F_FRE_0030.wav,MS09_H01_A1_1010_F_FRE_0030,84,84,84,85,Frederica,main,female,frederica,assets/triangle-strategy/approved_voice_references/frederica.wav,ในเมื่อตอนนี้เกลนบรู๊คล่มสลายด้วยน้ำมือของเอสฟรอสต์...,,,PENDING_MANUAL_GENERATION,,triangle-strategy
85,MS09_H01_A1_1010_F_FRE_0040.wav,MS09_H01_A1_1010_F_FRE_0040,85,85,85,86,Frederica,main,female,frederica,assets/triangle-strategy/approved_voice_references/frederica.wav,การแต่งงานของเรายังมีความหมายอยู่รึเปล่า?,,,PENDING_MANUAL_GENERATION,,triangle-strategy
86,MS09_H01_A1_1010_F_FRE_0050.wav,MS09_H01_A1_1010_F_FRE_0050,86,86,86,87,Frederica,main,female,frederica,assets/triangle-strategy/approved_voice_references/frederica.wav,ท่านพี่คงวางแผนมาตั้งแต่ต้นแล้ว,,,PENDING_MANUAL_GENERATION,,triangle-strategy
87,MS09_H01_A1_1010_F_FRE_0060.wav,MS09_H01_A1_1010_F_FRE_0060,87,87,87,88,Frederica,main,female,frederica,assets/triangle-strategy/approved_voice_references/frederica.wav,ส่วนข้าก็เต็มใจมาแต่งงานกับเจ้าโดยที่ไม่รู้เรื่องอะไรเลย,,,PENDING_MANUAL_GENERATION,,triangle-strategy
88,MS09_H01_A1_1010_F_FRE_0070.wav,MS09_H01_A1_1010_F_FRE_0070,88,88,88,89,Frederica,main,female,frederica,assets/triangle-strategy/approved_voice_references/frederica.wav,มันเป็นแบบนี้ตลอด ไม่มีอะไรสมหวังข้าเลยสักนิด...,,,PENDING_MANUAL_GENERATION,,triangle-strategy
89,MS09_H01_A1_1010_F_FRE_0080.wav,MS09_H01_A1_1010_F_FRE_0080,89,89,89,90,Frederica,main,female,frederica,assets/triangle-strategy/approved_voice_references/frederica.wav,ข้าไม่เคยมีชีวิตเป็นของตัวเองเลยด้วยซ้ำ,,,PENDING_MANUAL_GENERATION,,triangle-strategy
90,MS09_H01_A1_1010_F_FRE_0090.wav,MS09_H01_A1_1010_F_FRE_0090,90,90,90,91,Frederica,main,female,frederica,assets/triangle-strategy/approved_voice_references/frederica.wav,แต่เจ้ายังมีบ้านให้อยู่อาศัย เจ้าล้อมรอบไปด้วยคนที่ห่วงใยและรักเจ้า,,,PENDING_MANUAL_GENERATION,,triangle-strategy
91,MS09_H01_A1_1010_F_FRE_0100.wav,MS09_H01_A1_1010_F_FRE_0100,91,91,91,92,Frederica,main,female,frederica,assets/triangle-strategy/approved_voice_references/frederica.wav,เซเรโนอา...,,,PENDING_MANUAL_GENERATION,,triangle-strategy
92,MS09_H01_A1_1010_F_FRE_0110.wav,MS09_H01_A1_1010_F_FRE_0110,92,92,92,93,Frederica,main,female,frederica,assets/triangle-strategy/approved_voice_references/frederica.wav,ที่เจ้าพูดมามันก็ถูก ข้าควรทำอะไรดีล่ะ...?,,,PENDING_MANUAL_GENERATION,,triangle-strategy
93,MS09_H01_A1_1010_F_YRA_0010.wav,MS09_H01_A1_1010_F_YRA_0010,93,93,93,94,Geela,main,female,geela,assets/triangle-strategy/approved_voice_references/geela.wav,เจอตัวแล้ว,,,PENDING_MANUAL_GENERATION,,triangle-strategy
94,MS09_H01_A1_1010_F_YRA_0020.wav,MS09_H01_A1_1010_F_YRA_0020,94,94,94,95,Geela,main,female,geela,assets/triangle-strategy/approved_voice_references/geela.wav,นายท่านเบเนดิกต์กำลังตามหาท่านทั้งสองอยู่เจ้าค่ะ,,,PENDING_MANUAL_GENERATION,,triangle-strategy
95,MS09_H01_A1_1010_M_SEL_0020.wav,MS09_H01_A1_1010_M_SEL_0020,96,96,96,97,Serenoa,main,male,serenoa,assets/triangle-strategy/approved_voice_references/serenoa.wav,ข้าเองก็เหมือนกัน,,,PENDING_MANUAL_GENERATION,,triangle-strategy
96,MS09_H01_A1_1010_M_SEL_0030.wav,MS09_H01_A1_1010_M_SEL_0030,97,97,97,98,Serenoa,main,male,serenoa,assets/triangle-strategy/approved_voice_references/serenoa.wav,แทบไม่มีสิ่งใดที่เป็นไปตามความคิดของข้าเลย,,,PENDING_MANUAL_GENERATION,,triangle-strategy
97,MS09_H01_A1_1010_M_SEL_0040.wav,MS09_H01_A1_1010_M_SEL_0040,98,98,98,99,Serenoa,main,male,serenoa,assets/triangle-strategy/approved_voice_references/serenoa.wav,เจ้าก็เหมือนกันนะ ในฐานะที่เจ้าเป็นหนึ่งเดียวกับวูล์ฟฟอร์ต ที่นี่เองก็เป็นของเจ้าเช่นกัน,,,PENDING_MANUAL_GENERATION,,triangle-strategy
98,MS09_H01_A1_1010_M_SEL_0050.wav,MS09_H01_A1_1010_M_SEL_0050,99,99,99,100,Serenoa,main,male,serenoa,assets/triangle-strategy/approved_voice_references/serenoa.wav,ถึงมันอาจจะฟังดูเสแสร้ง...,,,PENDING_MANUAL_GENERATION,,triangle-strategy
99,MS09_H01_A1_1010_M_SEL_0060.wav,MS09_H01_A1_1010_M_SEL_0060,100,100,100,101,Serenoa,main,male,serenoa,assets/triangle-strategy/approved_voice_references/serenoa.wav,แต่มันถึงเวลาที่เจ้าต้องคิดถึงอนาคตและสิ่งที่ควรต้องทำแล้วล่ะเฟรเดอริก้า เหมือนที่ข้ากำลังคิดอยู่ตอนนี้,,,PENDING_MANUAL_GENERATION,,triangle-strategy
100,MS09_H01_A1_1010_M_SEL_0070.wav,MS09_H01_A1_1010_M_SEL_0070,101,101,101,102,Serenoa,main,male,serenoa,assets/triangle-strategy/approved_voice_references/serenoa.wav,เข้าใจแล้ว ฝากบอกเขาด้วยนะว่าเดี๋ยวเรากลับไป,,,PENDING_MANUAL_GENERATION,,triangle-strategy
101,MS09_H01_A1_2010_F_ANA_0010.wav,MS09_H01_A1_2010_F_ANA_0010,102,102,102,103,Anna,main,female,anna,assets/triangle-strategy/approved_voice_references/anna.wav,...งั้นเหรอ แสดงว่ามีการค้าเกลือผิดกฎหมายเกิดขึ้นนอกสมาคมนอร์เซเลียด้วยสินะ?,,,PENDING_MANUAL_GENERATION,,triangle-strategy
102,MS09_H01_A1_2010_F_ANA_0020.wav,MS09_H01_A1_2010_F_ANA_0020,103,103,103,104,Anna,main,female,anna,assets/triangle-strategy/approved_voice_references/anna.wav,แล้วใครมันอยู่เบื้องหลังกันล่ะ?,,,PENDING_MANUAL_GENERATION,,triangle-strategy
103,MS09_H01_A1_2010_F_ANA_0030.wav,MS09_H01_A1_2010_F_ANA_0030,104,104,104,105,Anna,main,female,anna,assets/triangle-strategy/approved_voice_references/anna.wav,ข้าไม่ได้ขอให้เจ้าบอกฟรีๆซะหน่อย,,,PENDING_MANUAL_GENERATION,,triangle-strategy
104,MS09_H01_A1_2010_F_ANA_0040.wav,MS09_H01_A1_2010_F_ANA_0040,105,105,105,106,Anna,main,female,anna,assets/triangle-strategy/approved_voice_references/anna.wav,ทำไมล่ะ?,,,PENDING_MANUAL_GENERATION,,triangle-strategy
105,MS09_H01_A1_2010_F_ANA_0050.wav,MS09_H01_A1_2010_F_ANA_0050,106,106,106,107,Anna,main,female,anna,assets/triangle-strategy/approved_voice_references/anna.wav,ชิ...,,,PENDING_MANUAL_GENERATION,,triangle-strategy
106,MS09_H01_A1_2010_M_M063_0010.wav,MS09_H01_A1_2010_M_M063_0010,107,107,107,108,พ่อค้าข่าวสาร,generic,male,MALE_ADULT_C,assets/triangle-strategy/approved_voice_references/MALE_ADULT_C.wav,ในแวดวงธุรกิจ พยายามเท่าไรก็หนีไม่พ้นข่าวลือหรอกท่าน,,,PENDING_MANUAL_GENERATION,,triangle-strategy
107,MS09_H01_A1_2010_M_M063_0020.wav,MS09_H01_A1_2010_M_M063_0020,108,108,108,109,พ่อค้าข่าวสาร,generic,male,MALE_ADULT_C,assets/triangle-strategy/approved_voice_references/MALE_ADULT_C.wav,ว่ากันว่า การแอบค้าขายนอกสมาคมมันคุ้มค่าเสี่ยง แต่ข้าไม่กล้าพอที่จะทำเช่นนั้นหรอก,,,PENDING_MANUAL_GENERATION,,triangle-strategy
108,MS09_H01_A1_2010_M_M063_0030.wav,MS09_H01_A1_2010_M_M063_0030,109,109,109,110,พ่อค้าข่าวสาร,generic,male,MALE_ADULT_C,assets/triangle-strategy/approved_voice_references/MALE_ADULT_C.wav,ถ้ารู้ก็คงดีสินะ...,,,PENDING_MANUAL_GENERATION,,triangle-strategy
109,MS09_H01_A1_2010_M_M063_0040.wav,MS09_H01_A1_2010_M_M063_0040,110,110,110,111,พ่อค้าข่าวสาร,generic,male,MALE_ADULT_C,assets/triangle-strategy/approved_voice_references/MALE_ADULT_C.wav,...ท่านหญิงน้ำใจงามแท้ แต่มันเป็นเพียงข่าวลือนะขอรับ...,,,PENDING_MANUAL_GENERATION,,triangle-strategy
110,MS09_H01_A1_2010_M_M063_0050.wav,MS09_H01_A1_2010_M_M063_0050,111,111,111,112,พ่อค้าข่าวสาร,generic,male,MALE_ADULT_C,assets/triangle-strategy/approved_voice_references/MALE_ADULT_C.wav,ลือกันว่า รัฐมนตรีเอนด์ในไฮแซนต์คือผู้ชักใยเรื่องทั้งหมด,,,PENDING_MANUAL_GENERATION,,triangle-strategy
111,MS09_H01_A1_2010_M_M063_0060.wav,MS09_H01_A1_2010_M_M063_0060,112,112,112,113,พ่อค้าข่าวสาร,generic,male,MALE_ADULT_C,assets/triangle-strategy/approved_voice_references/MALE_ADULT_C.wav,แต่ข้าขอแนะนำอย่างนะ อย่าเข้าไปวุ่นวายเลยดีกว่า,,,PENDING_MANUAL_GENERATION,,triangle-strategy
112,MS09_H01_A1_2010_M_M063_0070.wav,MS09_H01_A1_2010_M_M063_0070,113,113,113,114,พ่อค้าข่าวสาร,generic,male,MALE_ADULT_C,assets/triangle-strategy/approved_voice_references/MALE_ADULT_C.wav,เกรงว่าท่านต้องจ่ายเพิ่มแล้วล่ะ,,,PENDING_MANUAL_GENERATION,,triangle-strategy
113,MS09_H01_A1_2010_M_M063_0080.wav,MS09_H01_A1_2010_M_M063_0080,114,114,114,115,พ่อค้าข่าวสาร,generic,male,MALE_ADULT_C,assets/triangle-strategy/approved_voice_references/MALE_ADULT_C.wav,ขอบคุณขอรับ...,,,PENDING_MANUAL_GENERATION,,triangle-strategy
114,MS09_H01_B0_0010_M_MB011T01_0010.wav,MS09_H01_B0_0010_M_MB011T01_0010,115,115,115,116,ผู้ติดตามสวาร็อค,generic,male,MALE_ADULT_B,assets/triangle-strategy/approved_voice_references/MALE_ADULT_B.wav,ลอร์ดสวาร็อคขอรับ ร่างของลอร์ดดราแกน...,,,PENDING_MANUAL_GENERATION,,triangle-strategy
115,MS09_H01_B0_0010_M_MB011T01_0020.wav,MS09_H01_B0_0010_M_MB011T01_0020,116,116,116,117,ผู้ติดตามสวาร็อค,generic,male,MALE_ADULT_B,assets/triangle-strategy/approved_voice_references/MALE_ADULT_B.wav,...แนะนำว่าอย่าดูเลยจะดีกว่าขอรับนายท่าน,,,PENDING_MANUAL_GENERATION,,triangle-strategy
116,MS09_H01_B0_0010_M_MB011T01_0030.wav,MS09_H01_B0_0010_M_MB011T01_0030,117,117,117,118,ผู้ติดตามสวาร็อค,generic,male,MALE_ADULT_B,assets/triangle-strategy/approved_voice_references/MALE_ADULT_B.wav,ใบหน้าของเขา... ตอนนี้ไร้ซึ่งความสง่างามที่เคยมีขอรับ...,,,PENDING_MANUAL_GENERATION,,triangle-strategy
117,MS09_H01_B0_0010_M_SVR_0010.wav,MS09_H01_B0_0010_M_SVR_0010,118,118,118,119,สวาร็อค,npc,male,svarog,,...อ้าว ลูกข้ากลับมาแล้วเหรอ เดี๋ยวข้าไปหานะ,,,BLOCKED_PENDING_REFERENCE_AUDIO,,triangle-strategy
118,MS09_H01_B0_0010_M_SVR_0020.wav,MS09_H01_B0_0010_M_SVR_0020,119,119,119,120,สวาร็อค,npc,male,svarog,,มีอะไรหรือเปล่า?,,,BLOCKED_PENDING_REFERENCE_AUDIO,,triangle-strategy
119,MS09_H01_B0_0010_M_SVR_0030.wav,MS09_H01_B0_0010_M_SVR_0030,120,120,120,121,สวาร็อค,npc,male,svarog,,แล้ว...ทำไมล่ะ?,,,BLOCKED_PENDING_REFERENCE_AUDIO,,triangle-strategy
120,MS09_H01_B0_0010_M_SVR_0050.wav,MS09_H01_B0_0010_M_SVR_0050,122,122,122,123,สวาร็อค,npc,male,svarog,,ลูกพ่อ...,,,BLOCKED_PENDING_REFERENCE_AUDIO,,triangle-strategy
121,MS09_H01_B0_0010_M_SVR_0060.wav,MS09_H01_B0_0010_M_SVR_0060,123,123,123,124,สวาร็อค,npc,male,svarog,,เข้าใจแล้ว ออกไปได้,,,BLOCKED_PENDING_REFERENCE_AUDIO,,triangle-strategy
122,MS09_H01_B0_0010_M_SVR_0070.wav,MS09_H01_B0_0010_M_SVR_0070,124,124,124,125,สวาร็อค,npc,male,svarog,,พ่อขอโทษนะลูก ให้อภัยคนน่าสมเพชอย่างพ่อด้วย...,,,BLOCKED_PENDING_REFERENCE_AUDIO,,triangle-strategy
123,MS09_H01_B0_0010_M_SVR_0080.wav,MS09_H01_B0_0010_M_SVR_0080,125,125,125,126,สวาร็อค,npc,male,svarog,,พ่อสาบานว่าจะตามหาคนที่ทำแบบนี้กับลูกให้เจอ,,,BLOCKED_PENDING_REFERENCE_AUDIO,,triangle-strategy
124,MS09_H01_C0_0010_M_M065_0010.wav,MS09_H01_C0_0010_M_M065_0010,126,126,126,127,กรรมกร,generic,male,MALE_ADULT_A,assets/triangle-strategy/approved_voice_references/MALE_ADULT_A.wav,(แฮ่ก...แฮ่ก...) นะ-น้ำ!,,,PENDING_MANUAL_GENERATION,,triangle-strategy
125,MS09_H01_C0_0010_M_M065_0020.wav,MS09_H01_C0_0010_M_M065_0020,127,127,127,128,กรรมกร,generic,male,MALE_ADULT_A,assets/triangle-strategy/approved_voice_references/MALE_ADULT_A.wav,ขอน้ำหน่อยขอรับ...,,,PENDING_MANUAL_GENERATION,,triangle-strategy
126,MS09_H01_C0_0010_M_M065_0030.wav,MS09_H01_C0_0010_M_M065_0030,128,128,128,129,กรรมกร,generic,male,MALE_ADULT_A,assets/triangle-strategy/approved_voice_references/MALE_ADULT_A.wav,นะ-น้ำ...,,,PENDING_MANUAL_GENERATION,,triangle-strategy
127,MS09_H01_C0_0010_M_M065_0040.wav,MS09_H01_C0_0010_M_M065_0040,129,129,129,130,กรรมกร,generic,male,MALE_ADULT_A,assets/triangle-strategy/approved_voice_references/MALE_ADULT_A.wav,เอื้อก!,,,PENDING_MANUAL_GENERATION,,triangle-strategy
128,MS09_H01_C0_0010_M_M066_0010.wav,MS09_H01_C0_0010_M_M066_0010,130,130,130,131,ผู้คุมงาน,generic,male,MALE_ADULT_B,assets/triangle-strategy/approved_voice_references/MALE_ADULT_B.wav,อย่ามาอู้!,,,PENDING_MANUAL_GENERATION,,triangle-strategy
129,MS09_H01_C0_0010_M_M066_0020.wav,MS09_H01_C0_0010_M_M066_0020,131,131,131,132,ผู้คุมงาน,generic,male,MALE_ADULT_B,assets/triangle-strategy/approved_voice_references/MALE_ADULT_B.wav,กลับไปทำงานโว้ย! คิดว่าหิวน้ำคนเดียวหรือไง!?,,,PENDING_MANUAL_GENERATION,,triangle-strategy
130,MS09_H01_C0_0010_M_M066_0030.wav,MS09_H01_C0_0010_M_M066_0030,132,132,132,133,ผู้คุมงาน,generic,male,MALE_ADULT_B,assets/triangle-strategy/approved_voice_references/MALE_ADULT_B.wav,ราบรื่นดีขอรับ ตอนนี้พวกเราคืบหน้าก่อนกำหนด,,,PENDING_MANUAL_GENERATION,,triangle-strategy
131,MS09_H01_C0_0010_M_M066_0040.wav,MS09_H01_C0_0010_M_M066_0040,133,133,133,134,ผู้คุมงาน,generic,male,MALE_ADULT_B,assets/triangle-strategy/approved_voice_references/MALE_ADULT_B.wav,ขอรับ,,,PENDING_MANUAL_GENERATION,,triangle-strategy
132,MS09_H01_C0_0010_M_M066_0050.wav,MS09_H01_C0_0010_M_M066_0050,134,134,134,135,ผู้คุมงาน,generic,male,MALE_ADULT_B,assets/triangle-strategy/approved_voice_references/MALE_ADULT_B.wav,ได้เลยขอรับท่าน,,,PENDING_MANUAL_GENERATION,,triangle-strategy
133,MS09_H01_C0_0010_M_M066_0060.wav,MS09_H01_C0_0010_M_M066_0060,135,135,135,136,ผู้คุมงาน,generic,male,MALE_ADULT_B,assets/triangle-strategy/approved_voice_references/MALE_ADULT_B.wav,ขะ-ขอรับ!,,,PENDING_MANUAL_GENERATION,,triangle-strategy
134,MS09_H01_C0_0010_M_SLS_0010.wav,MS09_H01_C0_0010_M_SLS_0010,136,136,136,137,Sorsley,npc,male,sorsley,assets/triangle-strategy/approved_voice_references/sorsley.wav,ทุกอย่างราบรื่นดีใช่ไหม?,,,PENDING_MANUAL_GENERATION,,triangle-strategy
135,MS09_H01_C0_0010_M_SLS_0020.wav,MS09_H01_C0_0010_M_SLS_0020,137,137,137,138,Sorsley,npc,male,sorsley,assets/triangle-strategy/approved_voice_references/sorsley.wav,วิเศษไปเลย ข้าขอสมุดบัญชีด้วยนะ,,,PENDING_MANUAL_GENERATION,,triangle-strategy
136,MS09_H01_C0_0010_M_SLS_0030.wav,MS09_H01_C0_0010_M_SLS_0030,138,138,138,139,Sorsley,npc,male,sorsley,assets/triangle-strategy/approved_voice_references/sorsley.wav,...ข้าไม่อยากให้มีปัญหาการเดินบัญชีตอนนี้ ฉะนั้นขอเก็บมันไว้ก่อนแล้วกัน,,,PENDING_MANUAL_GENERATION,,triangle-strategy
137,MS09_H01_C0_0010_M_SLS_0040.wav,MS09_H01_C0_0010_M_SLS_0040,139,139,139,140,Sorsley,npc,male,sorsley,assets/triangle-strategy/approved_voice_references/sorsley.wav,ช่วยทำให้มันพ้นทุกข์ที บุ๊กเกอร์,,,PENDING_MANUAL_GENERATION,,triangle-strategy
138,MS09_H01_C0_0010_M_SLS_0050.wav,MS09_H01_C0_0010_M_SLS_0050,140,140,140,141,Sorsley,npc,male,sorsley,assets/triangle-strategy/approved_voice_references/sorsley.wav,อยู่กับโรเซลล์ต้องหนักแน่นหน่อย อย่าเมตตาให้พวกมันได้ใจ,,,PENDING_MANUAL_GENERATION,,triangle-strategy
139,MS09_H01_VOTE_110_F_ANA_0010.wav,MS09_H01_VOTE_110_F_ANA_0010,141,141,141,142,Anna,main,female,anna,assets/triangle-strategy/approved_voice_references/anna.wav,ตามประสงค์เจ้าค่ะ,,,PENDING_MANUAL_GENERATION,,triangle-strategy
140,MS09_H01_VOTE_110_F_FRE_0010.wav,MS09_H01_VOTE_110_F_FRE_0010,142,142,142,143,Frederica,main,female,frederica,assets/triangle-strategy/approved_voice_references/frederica.wav,ถูกต้องเจ้าค่ะ ไม่ว่าหนทางข้างหน้าจะอันตรายเพียงใด แต่เราอย่าได้หวั่นไปเลย,,,PENDING_MANUAL_GENERATION,,triangle-strategy
141,MS09_H01_VOTE_110_M_BND_0010.wav,MS09_H01_VOTE_110_M_BND_0010,143,143,143,144,Benedict,main,male,benedict,assets/triangle-strategy/approved_voice_references/benedict.wav,แอนนา ฝากเตรียมพร้อมให้ทีนะ,,,PENDING_MANUAL_GENERATION,,triangle-strategy
142,MS09_H01_VOTE_110_M_RLN_0010.wav,MS09_H01_VOTE_110_M_RLN_0010,144,144,144,145,Roland,main,male,roland,assets/triangle-strategy/approved_voice_references/roland.wav,ในเมื่อตอนนี้มีเป้าหมายกันแล้ว พวกเรารีบไปกันเลยเถอะ,,,PENDING_MANUAL_GENERATION,,triangle-strategy
143,MS09_H01_VOTE_110_M_SEL_0010.wav,MS09_H01_VOTE_110_M_SEL_0010,145,145,145,146,Serenoa,main,male,serenoa,assets/triangle-strategy/approved_voice_references/serenoa.wav,เส้นทางของพวกเราถูกเลือกแล้ว,,,PENDING_MANUAL_GENERATION,,triangle-strategy
144,MS09_H01_VOTE_110_M_SEL_0020.wav,MS09_H01_VOTE_110_M_SEL_0020,146,146,146,147,Serenoa,main,male,serenoa,assets/triangle-strategy/approved_voice_references/serenoa.wav,เราจะทำตามคำไหว้วานของรัฐมนตรีซอสเลย์ และนำส่งเกลือไปสู่เอสฟรอสต์,,,PENDING_MANUAL_GENERATION,,triangle-strategy
145,MS09_H01_VOTE_120_F_ANA_0010.wav,MS09_H01_VOTE_120_F_ANA_0010,147,147,147,148,Anna,main,female,anna,assets/triangle-strategy/approved_voice_references/anna.wav,ตามประสงค์เจ้าค่ะ,,,PENDING_MANUAL_GENERATION,,triangle-strategy
146,MS09_H01_VOTE_120_F_FRE_0010.wav,MS09_H01_VOTE_120_F_FRE_0010,148,148,148,149,Frederica,main,female,frederica,assets/triangle-strategy/approved_voice_references/frederica.wav,ถูกต้องเจ้าค่ะ ไม่ว่าหนทางข้างหน้าจะอันตรายเพียงใด แต่เราอย่าได้หวั่นไปเลย,,,PENDING_MANUAL_GENERATION,,triangle-strategy
147,MS09_H01_VOTE_120_M_BND_0010.wav,MS09_H01_VOTE_120_M_BND_0010,149,149,149,150,Benedict,main,male,benedict,assets/triangle-strategy/approved_voice_references/benedict.wav,แอนนา ฝากเตรียมพร้อมให้ทีนะ,,,PENDING_MANUAL_GENERATION,,triangle-strategy
148,MS09_H01_VOTE_120_M_RLN_0010.wav,MS09_H01_VOTE_120_M_RLN_0010,150,150,150,151,Roland,main,male,roland,assets/triangle-strategy/approved_voice_references/roland.wav,ในเมื่อตอนนี้มีเป้าหมายกันแล้ว พวกเรารีบไปกันเลยเถอะ,,,PENDING_MANUAL_GENERATION,,triangle-strategy
149,MS09_H01_VOTE_120_M_SEL_0010.wav,MS09_H01_VOTE_120_M_SEL_0010,151,151,151,152,Serenoa,main,male,serenoa,assets/triangle-strategy/approved_voice_references/serenoa.wav,เส้นทางของพวกเราถูกเลือกแล้ว,,,PENDING_MANUAL_GENERATION,,triangle-strategy
150,MS09_H01_VOTE_120_M_SEL_0020.wav,MS09_H01_VOTE_120_M_SEL_0020,152,152,152,153,Serenoa,main,male,serenoa,assets/triangle-strategy/approved_voice_references/serenoa.wav,เราจะมุ่งหน้าสู่ไฮแซนต์ และเปิดโปงการกระทำผิดของรัฐมนตรีซอสเลย์,,,PENDING_MANUAL_GENERATION,,triangle-strategy
151,MS09_H01_VOTE_START_F_ANA_0010.wav,MS09_H01_VOTE_START_F_ANA_0010,153,153,153,154,Anna,main,female,anna,assets/triangle-strategy/approved_voice_references/anna.wav,เป็นเกลือที่หลุดรอดจากสายตาของสมาคมน่ะ,,,PENDING_MANUAL_GENERATION,,triangle-strategy
152,MS09_H01_VOTE_START_F_FRE_0010.wav,MS09_H01_VOTE_START_F_FRE_0010,154,154,154,155,Frederica,main,female,frederica,assets/triangle-strategy/approved_voice_references/frederica.wav,เขากำลังขอให้เราร่วมมือกระทำผิด โทษฐานลักลอบเกลือสินะ,,,PENDING_MANUAL_GENERATION,,triangle-strategy
153,MS09_H01_VOTE_START_F_FRE_0020.wav,MS09_H01_VOTE_START_F_FRE_0020,155,155,155,156,Frederica,main,female,frederica,assets/triangle-strategy/approved_voice_references/frederica.wav,หากเราเอาไปบอกรัฐมนตรีเอกซ์เฮม เขาจะช่วยพูดกับหัวหน้านักบวชไหมนะ?,,,PENDING_MANUAL_GENERATION,,triangle-strategy
154,MS09_H01_VOTE_START_F_FRE_0030.wav,MS09_H01_VOTE_START_F_FRE_0030,156,156,156,157,Frederica,main,female,frederica,assets/triangle-strategy/approved_voice_references/frederica.wav,เพราะตัวเขาเองก็พยายามจะเปิดโปงการกระทำผิดของซอสเลย์เช่นกัน...,,,PENDING_MANUAL_GENERATION,,triangle-strategy
155,MS09_H01_VOTE_START_F_FRE_0040.wav,MS09_H01_VOTE_START_F_FRE_0040,157,157,157,158,Frederica,main,female,frederica,assets/triangle-strategy/approved_voice_references/frederica.wav,ถ้าเกิดเรามีหลักฐานมัดตัวเขาล่ะก็...,,,PENDING_MANUAL_GENERATION,,triangle-strategy
156,MS09_H01_VOTE_START_F_HEW_0010.wav,MS09_H01_VOTE_START_F_HEW_0010,158,158,158,159,Hughette,main,female,hughette,assets/triangle-strategy/approved_voice_references/hughette.wav,เผลอๆ เราอาจได้ความวางใจจากหัวหน้านักบวชด้วยนะ!,,,PENDING_MANUAL_GENERATION,,triangle-strategy
157,MS09_H01_VOTE_START_F_HEW_0020.wav,MS09_H01_VOTE_START_F_HEW_0020,159,159,159,160,Hughette,main,female,hughette,assets/triangle-strategy/approved_voice_references/hughette.wav,น่าเสียดายจังนะเจ้าคะ...,,,PENDING_MANUAL_GENERATION,,triangle-strategy
158,MS09_H01_VOTE_START_F_YRA_0010.wav,MS09_H01_VOTE_START_F_YRA_0010,160,160,160,161,Geela,main,female,geela,assets/triangle-strategy/approved_voice_references/geela.wav,ท่านกำลังจะบอกว่า เราควรเดินทางไปแฉเขาที่ไฮแซนต์เหรอเจ้าคะ?,,,PENDING_MANUAL_GENERATION,,triangle-strategy
159,MS09_H01_VOTE_START_F_YRA_0020.wav,MS09_H01_VOTE_START_F_YRA_0020,161,161,161,162,Geela,main,female,geela,assets/triangle-strategy/approved_voice_references/geela.wav,พวกท่านลืมไปแล้วเหรอ? รัฐมนตรีซอสเลย์คือหนึ่งในผู้ศักดิ์สิทธิ์เชียวนะ,,,PENDING_MANUAL_GENERATION,,triangle-strategy
160,MS09_H01_VOTE_START_F_YRA_0030.wav,MS09_H01_VOTE_START_F_YRA_0030,162,162,162,163,Geela,main,female,geela,assets/triangle-strategy/approved_voice_references/geela.wav,เขามีเส้นสายอำนาจมากกว่าพวกเราเยอะ ระวังเรื่องนี้ไว้ด้วย,,,PENDING_MANUAL_GENERATION,,triangle-strategy
161,MS09_H01_VOTE_START_M_BND_0010.wav,MS09_H01_VOTE_START_M_BND_0010,163,163,163,164,Benedict,main,male,benedict,assets/triangle-strategy/approved_voice_references/benedict.wav,ขอรับ พวกเราเพิ่งได้รับคำไหว้วอนจากรัฐมนตรีซอสเลย์,,,PENDING_MANUAL_GENERATION,,triangle-strategy
162,MS09_H01_VOTE_START_M_BND_0020.wav,MS09_H01_VOTE_START_M_BND_0020,164,164,164,165,Benedict,main,male,benedict,assets/triangle-strategy/approved_voice_references/benedict.wav,เขาขอให้เราส่งสินค้าไปที่เอสฟรอสต์,,,PENDING_MANUAL_GENERATION,,triangle-strategy
163,MS09_H01_VOTE_START_M_BND_0030.wav,MS09_H01_VOTE_START_M_BND_0030,165,165,165,166,Benedict,main,male,benedict,assets/triangle-strategy/approved_voice_references/benedict.wav,เป็นอย่างที่รัฐมนตรีเอกซ์เฮมคาดไว้จริงๆด้วย รัฐมนตรีซอสเลย์กำลังใช้อำนาจในทางที่ผิด,,,PENDING_MANUAL_GENERATION,,triangle-strategy
164,MS09_H01_VOTE_START_M_BND_0040.wav,MS09_H01_VOTE_START_M_BND_0040,166,166,166,167,Benedict,main,male,benedict,assets/triangle-strategy/approved_voice_references/benedict.wav,ลองคิดดูนะ หากเราตอบตกลงไป เราคงมีความผิดร่วมกับเขาไปด้วยแน่,,,PENDING_MANUAL_GENERATION,,triangle-strategy
165,MS09_H01_VOTE_START_M_BND_0050.wav,MS09_H01_VOTE_START_M_BND_0050,167,167,167,168,Benedict,main,male,benedict,assets/triangle-strategy/approved_voice_references/benedict.wav,ข้าแค่พูดว่า มันคือทางเลือกเฉยๆ,,,PENDING_MANUAL_GENERATION,,triangle-strategy
166,MS09_H01_VOTE_START_M_ELA_0010.wav,MS09_H01_VOTE_START_M_ELA_0010,168,168,168,169,Erador,main,male,erador,assets/triangle-strategy/approved_voice_references/erador.wav,กล้าดียังไงถึงมาขอให้ตระกูลทรงเกียรติอย่างเราลดตัวไปทำเรื่องสกปรกเช่นนี้! ใครจะไปยอมกันเล่า!,,,PENDING_MANUAL_GENERATION,,triangle-strategy
167,MS09_H01_VOTE_START_M_ELA_0020.wav,MS09_H01_VOTE_START_M_ELA_0020,169,169,169,170,Erador,main,male,erador,assets/triangle-strategy/approved_voice_references/erador.wav,ที่พูดมาก็มีเหตุผล เราควรจะพูดความจริงเมื่อบางสิ่งไม่ถูกต้อง มันมีเกียรติมากเลยนะ,,,PENDING_MANUAL_GENERATION,,triangle-strategy
168,MS09_H01_VOTE_START_M_RLN_0010.wav,MS09_H01_VOTE_START_M_RLN_0010,170,170,170,171,Roland,main,male,roland,assets/triangle-strategy/approved_voice_references/roland.wav,สินค้าเหรอ?,,,PENDING_MANUAL_GENERATION,,triangle-strategy
169,MS09_H01_VOTE_START_M_RLN_0020.wav,MS09_H01_VOTE_START_M_RLN_0020,171,171,171,172,Roland,main,male,roland,assets/triangle-strategy/approved_voice_references/roland.wav,เราจึงต้องมีหลักฐานมัดตัวยังไงล่ะ,,,PENDING_MANUAL_GENERATION,,triangle-strategy
170,MS09_H01_VOTE_START_M_RLN_0030.wav,MS09_H01_VOTE_START_M_RLN_0030,172,172,172,173,Roland,main,male,roland,assets/triangle-strategy/approved_voice_references/roland.wav,...ข้าคิดว่าเกลือที่เราต้องลักลอบไปส่งน่าจะเพียงพอ แต่ก็มีแค่พวกเราที่รู้,,,PENDING_MANUAL_GENERATION,,triangle-strategy
171,MS09_H01_VOTE_START_M_RLN_0040.wav,MS09_H01_VOTE_START_M_RLN_0040,173,173,173,174,Roland,main,male,roland,assets/triangle-strategy/approved_voice_references/roland.wav,ถึงจะเป็นเกลือผิดกฎหมาย แต่ยังไงก็ดูไม่ต่างจากเกลือถูกกฎหมายอยู่ดี หลักฐานแค่นี้ยังมัดตัวไม่ได้หรอก...,,,PENDING_MANUAL_GENERATION,,triangle-strategy
172,MS09_H01_VOTE_START_M_RLN_0050.wav,MS09_H01_VOTE_START_M_RLN_0050,174,174,174,175,Roland,main,male,roland,assets/triangle-strategy/approved_voice_references/roland.wav,ตัดสินใจพลาดครั้งเดียว เราจะเสียทั้งการสนับสนุนจากรัฐมนตรีซอสเลย์ และความเชื่อใจจากไฮแซนต์,,,PENDING_MANUAL_GENERATION,,triangle-strategy
173,MS09_H01_VOTE_START_M_RLN_0060.wav,MS09_H01_VOTE_START_M_RLN_0060,175,175,175,176,Roland,main,male,roland,assets/triangle-strategy/approved_voice_references/roland.wav,หากเราไม่มีหลักฐาน เกรงว่าเราต้องจำใจไปเอสฟรอสต์แล้วล่ะ,,,PENDING_MANUAL_GENERATION,,triangle-strategy
174,MS09_H01_VOTE_START_M_SEL_0010.wav,MS09_H01_VOTE_START_M_SEL_0010,176,176,176,177,Serenoa,main,male,serenoa,assets/triangle-strategy/approved_voice_references/serenoa.wav,มีปัญหาเพิ่มขึ้นมาอย่างที่เราคาดไว้เลย ข้าอยากจะถามความเห็นของทุกคนก่อน,,,PENDING_MANUAL_GENERATION,,triangle-strategy
175,MS09_H01_VOTE_START_M_SEL_0020.wav,MS09_H01_VOTE_START_M_SEL_0020,177,177,177,178,Serenoa,main,male,serenoa,assets/triangle-strategy/approved_voice_references/serenoa.wav,เบเนดิกต์ รบกวนด้วยนะท่าน,,,PENDING_MANUAL_GENERATION,,triangle-strategy
176,MS09_H01_VOTE_START_M_SEL_0030.wav,MS09_H01_VOTE_START_M_SEL_0030,178,178,178,179,Serenoa,main,male,serenoa,assets/triangle-strategy/approved_voice_references/serenoa.wav,ไม่แปลกใจที่พวกเราเห็นต่างกัน แต่เราต้องตัดสินใจอยู่ดี,,,PENDING_MANUAL_GENERATION,,triangle-strategy
177,MS09_H01_VOTE_START_M_SEL_0040.wav,MS09_H01_VOTE_START_M_SEL_0040,179,179,179,180,Serenoa,main,male,serenoa,assets/triangle-strategy/approved_voice_references/serenoa.wav,เราจะเดินทางไปแฉรัฐมนตรีซอสเลย์ที่ไฮแซนต์ หรือจะเป็นผู้สมรู้ร่วมคิดอย่างลับๆ,,,PENDING_MANUAL_GENERATION,,triangle-strategy
178,MS09_H01_VOTE_START_M_SEL_0050.wav,MS09_H01_VOTE_START_M_SEL_0050,180,180,180,181,Serenoa,main,male,serenoa,assets/triangle-strategy/approved_voice_references/serenoa.wav,นำตาชั่งมาเลย เราจะตัดสินใจกันแล้ว,,,PENDING_MANUAL_GENERATION,,triangle-strategy
179,MS09_H01_WD_0010_N_NNN_0010.wav,MS09_H01_WD_0010_N_NNN_0010,181,181,181,182,Narrator,narrator,female,narrator,assets/triangle-strategy/approved_voice_references/narrator.wav,ข่าวการสิ้นพระชนม์ขององค์ชายโรแลนด์ แพร่กระจายรวดเร็วเยี่ยงไฟป่า,,,PENDING_MANUAL_GENERATION,,triangle-strategy
180,MS09_H01_WD_0010_N_NNN_0020.wav,MS09_H01_WD_0010_N_NNN_0020,182,182,182,183,Narrator,narrator,female,narrator,assets/triangle-strategy/approved_voice_references/narrator.wav,จุดจบของเขา อาจนำมาซึ่งการล่มสลายแห่งอาณาจักรเกลนบรู๊ค,,,PENDING_MANUAL_GENERATION,,triangle-strategy
181,MS09_H01_WD_0010_N_NNN_0030.wav,MS09_H01_WD_0010_N_NNN_0030,183,183,183,184,Narrator,narrator,female,narrator,assets/triangle-strategy/approved_voice_references/narrator.wav,แต่กลับมีแถลงการณ์สานสัมพันธ์แห่งเอสฟรอสต์และเกลนบรู๊คในไม่กี่วันต่อมา,,,PENDING_MANUAL_GENERATION,,triangle-strategy
182,MS09_H01_WD_0010_N_NNN_0040.wav,MS09_H01_WD_0010_N_NNN_0040,184,184,184,185,Narrator,narrator,female,narrator,assets/triangle-strategy/approved_voice_references/narrator.wav,คอร์เดเลีย บุตรีคนสุดท้ายแห่งราชวงศ์ จะขึ้นครองบัลลังก์แห่งเกลนบรู๊คในฐานะราชินี...,,,PENDING_MANUAL_GENERATION,,triangle-strategy
183,MS09_H01_WD_0010_N_NNN_0050.wav,MS09_H01_WD_0010_N_NNN_0050,185,185,185,186,Narrator,narrator,female,narrator,assets/triangle-strategy/approved_voice_references/narrator.wav,...และสมรสกับอาร์ชดยุกกุสตาดอล์ฟ,,,PENDING_MANUAL_GENERATION,,triangle-strategy
184,MS09_X14_A0_0010_F_ABR_0010.wav,MS09_X14_A0_0010_F_ABR_0010,186,186,186,187,Avlora,npc,female,avlora,assets/triangle-strategy/approved_voice_references/avlora.wav,ควรเชื่อฟังคำสั่งของอาร์ชดยุกและปฏิบัติตามเจ้าค่ะ,,,PENDING_MANUAL_GENERATION,,triangle-strategy
185,MS09_X14_A0_0010_F_ABR_0020.wav,MS09_X14_A0_0010_F_ABR_0020,187,187,187,188,Avlora,npc,female,avlora,assets/triangle-strategy/approved_voice_references/avlora.wav,ตราบใดที่ท่านต้องพึ่งพาคนอื่น ท่านก็ไม่สมควรได้รับมัน,,,PENDING_MANUAL_GENERATION,,triangle-strategy
186,MS09_X14_A0_0010_F_ABR_0030.wav,MS09_X14_A0_0010_F_ABR_0030,188,188,188,189,Avlora,npc,female,avlora,assets/triangle-strategy/approved_voice_references/avlora.wav,อิสรภาพคืออภิสิทธิ์ ผู้ใดเข้มแข็งพอที่จะทำให้ฝันเป็นจริงคือผู้คู่ควรกับมัน อิสระคือสิ่งที่ถูกพรากไปเจ้าค่ะ ไม่ใช่สิ่งที่ได้ีรับมา,,,PENDING_MANUAL_GENERATION,,triangle-strategy
187,MS09_X14_A0_0010_F_ABR_0040.wav,MS09_X14_A0_0010_F_ABR_0040,189,189,189,190,Avlora,npc,female,avlora,assets/triangle-strategy/approved_voice_references/avlora.wav,และการช่วงชิงอิสรภาพมันไม่ใช่เรื่องง่ายเลยสำหรับข้า,,,PENDING_MANUAL_GENERATION,,triangle-strategy
188,MS09_X14_A0_0010_F_ABR_0050.wav,MS09_X14_A0_0010_F_ABR_0050,190,190,190,191,Avlora,npc,female,avlora,assets/triangle-strategy/approved_voice_references/avlora.wav,รอบหน้าหากท่านจะถามเรื่องนี้ ท่านตอบตัวเองดีกว่า,,,PENDING_MANUAL_GENERATION,,triangle-strategy
189,MS09_X14_A0_0010_F_CRD_0010.wav,MS09_X14_A0_0010_F_CRD_0010,191,191,191,192,Cordelia,npc,female,cordelia,assets/triangle-strategy/approved_voice_references/cordelia.wav,สรุปแล้ว...ข้าเป็นราชินี แล้วข้าควรทำอะไรเหรอ?,,,PENDING_MANUAL_GENERATION,,triangle-strategy
190,MS09_X14_A0_0010_F_CRD_0020.wav,MS09_X14_A0_0010_F_CRD_0020,192,192,192,193,Cordelia,npc,female,cordelia,assets/triangle-strategy/approved_voice_references/cordelia.wav,อาร์ชดยุกต้องการแค่นี้จริงๆเหรอ? ภรรยาผู้เชื่อฟังโดยไม่ขัดขืน? นึกว่าเอสฟรอสต์จะให้ความสำคัญกับอิสรภาพเสียอีก,,,PENDING_MANUAL_GENERATION,,triangle-strategy
191,MS09_X14_A0_0010_F_CRD_0040.wav,MS09_X14_A0_0010_F_CRD_0040,194,194,194,195,Cordelia,npc,female,cordelia,assets/triangle-strategy/approved_voice_references/cordelia.wav,อืม... ขอบคุณนะ,,,PENDING_MANUAL_GENERATION,,triangle-strategy
192,MS09_X14_A0_0010_F_CRD_0050.wav,MS09_X14_A0_0010_F_CRD_0050,195,195,195,196,Cordelia,npc,female,cordelia,assets/triangle-strategy/approved_voice_references/cordelia.wav,ท่านพี่ ท่านพ่อ... ช่วยดูแลข้า จนกว่าข้าจะเข้มแข็งพอด้วยนะเจ้าคะ,,,PENDING_MANUAL_GENERATION,,triangle-strategy
193,MS09_X14_A0_0010_F_ERK_0010.wav,MS09_X14_A0_0010_F_ERK_0010,196,196,196,197,Erika,npc,female,erika,assets/triangle-strategy/approved_voice_references/erika.wav,กุสตาดอล์ฟคิดอะไรของเขา ถึงไปแต่งงานกับนังเด็กขี้แยนั่นล่ะเนี่ย? อยู่กับนางแล้วตกต่ำเปล่าๆ,,,PENDING_MANUAL_GENERATION,,triangle-strategy
194,MS09_X14_A0_0010_F_ERK_0020.wav,MS09_X14_A0_0010_F_ERK_0020,197,197,197,198,Erika,npc,female,erika,assets/triangle-strategy/approved_voice_references/erika.wav,ชิ,,,PENDING_MANUAL_GENERATION,,triangle-strategy
195,MS09_X14_A0_0010_M_TRS_0010.wav,MS09_X14_A0_0010_M_TRS_0010,198,198,198,199,Thalas,npc,male,thalas,assets/triangle-strategy/approved_voice_references/thalas.wav,ข้า...รับไม่ได้ เขาควรให้ข้าจัดการกับไอ้พวกเกลนบรู๊คหัวดื้อตั้งแต่แรก,,,PENDING_MANUAL_GENERATION,,triangle-strategy
196,MS09_X14_A1_0010_F_HEW_0010.wav,MS09_X14_A1_0010_F_HEW_0010,199,199,199,200,Hughette,main,female,hughette,assets/triangle-strategy/approved_voice_references/hughette.wav,ปลอมตัวเสร็จแล้วเช่นกันเจ้าค่ะ ตอนนี้เราเนียนเป็นนักค้าขายกันหมดแล้ว,,,PENDING_MANUAL_GENERATION,,triangle-strategy
197,MS09_X14_A1_0010_M_ELA_0010.wav,MS09_X14_A1_0010_M_ELA_0010,200,200,200,201,Erador,main,male,erador,assets/triangle-strategy/approved_voice_references/erador.wav,รถม้าพร้อมแล้วขอรับ นายท่าน,,,PENDING_MANUAL_GENERATION,,triangle-strategy
198,MS09_X14_A1_0010_M_ELA_0020.wav,MS09_X14_A1_0010_M_ELA_0020,201,201,201,202,Erador,main,male,erador,assets/triangle-strategy/approved_voice_references/erador.wav,นี่พวกเราตกต่ำจนถึงขั้นที่...ต้องลดตัวลงมาทำงานสกปรกหลอกลวงชาวบ้านแล้วเหรอ!,,,PENDING_MANUAL_GENERATION,,triangle-strategy
199,MS09_X14_A1_0010_M_ELA_0030.wav,MS09_X14_A1_0010_M_ELA_0030,202,202,202,203,Erador,main,male,erador,assets/triangle-strategy/approved_voice_references/erador.wav,ยิ่งวันยิ่งไร้ศักดิ์ศรีเสียจริง...,,,PENDING_MANUAL_GENERATION,,triangle-strategy
200,MS09_X14_A1_0010_M_SEL_0010.wav,MS09_X14_A1_0010_M_SEL_0010,203,203,203,204,Serenoa,main,male,serenoa,assets/triangle-strategy/approved_voice_references/serenoa.wav,ดีเลย เตรียมออกเดินทางกันเถอะ,,,PENDING_MANUAL_GENERATION,,triangle-strategy
201,MS09_X14_A1_1010_F_ANA_0010.wav,MS09_X14_A1_1010_F_ANA_0010,204,204,204,205,Anna,main,female,anna,assets/triangle-strategy/approved_voice_references/anna.wav,พวกเราวาดแผนที่เรียบร้อยเจ้าค่ะ ต้องขึ้นภูเขาลุยป่านานาสารพัด ไม่มีนักเดินทางหน้าไหนกล้าใช้เส้นทางนี้แน่นอน,,,PENDING_MANUAL_GENERATION,,triangle-strategy
202,MS09_X14_A1_1010_F_ANA_0020.wav,MS09_X14_A1_1010_F_ANA_0020,205,205,205,206,Anna,main,female,anna,assets/triangle-strategy/approved_voice_references/anna.wav,หน่วยสอดแนมของข้ารายงานให้ฟังว่า บริเวณนั้นเป็นที่อยู่อาศัยของโจรและสัตว์ป่ามากมาย,,,PENDING_MANUAL_GENERATION,,triangle-strategy
203,MS09_X14_A1_1010_F_YRA_0010.wav,MS09_X14_A1_1010_F_YRA_0010,206,206,206,207,Geela,main,female,geela,assets/triangle-strategy/approved_voice_references/geela.wav,นี่ยังไม่รวมสภาพอากาศที่ย่ำแย่ขนาดนี้นะเนี่ย,,,PENDING_MANUAL_GENERATION,,triangle-strategy
204,MS09_X14_A1_1010_M_BND_0010.wav,MS09_X14_A1_1010_M_BND_0010,207,207,207,208,Benedict,main,male,benedict,assets/triangle-strategy/approved_voice_references/benedict.wav,ทุกคนขึ้นรถม้าเรียบร้อย รอคำสั่งจากท่านขอรับ,,,PENDING_MANUAL_GENERATION,,triangle-strategy
205,MS09_X14_A1_1010_M_BND_0020.wav,MS09_X14_A1_1010_M_BND_0020,208,208,208,209,Benedict,main,male,benedict,assets/triangle-strategy/approved_voice_references/benedict.wav,ไม่น่าจะลำบากนะขอรับ,,,PENDING_MANUAL_GENERATION,,triangle-strategy
206,MS09_X14_A1_1010_M_BND_0030.wav,MS09_X14_A1_1010_M_BND_0030,209,209,209,210,Benedict,main,male,benedict,assets/triangle-strategy/approved_voice_references/benedict.wav,รัฐมนตรีซอสเลย์ชี้แจงชัดเจนแล้ว พวกเราต้องใช้เส้นทางใหม่ผ่านแคว้นของเราเพื่อไม่ให้เป็นจุดสนใจ,,,PENDING_MANUAL_GENERATION,,triangle-strategy
207,MS09_X14_A1_1010_M_SEL_0010.wav,MS09_X14_A1_1010_M_SEL_0010,210,210,210,211,Serenoa,main,male,serenoa,assets/triangle-strategy/approved_voice_references/serenoa.wav,เราใช้เส้นทางหลักไม่ได้ รอบนี้เดินทางลำบากแน่,,,PENDING_MANUAL_GENERATION,,triangle-strategy
208,MS09_X14_A1_1010_M_SEL_0020.wav,MS09_X14_A1_1010_M_SEL_0020,211,211,211,212,Serenoa,main,male,serenoa,assets/triangle-strategy/approved_voice_references/serenoa.wav,ยังไงซะเราก็ต้องเดินทางอยู่ดี เราต้องไปตามนัดนี่นะ,,,PENDING_MANUAL_GENERATION,,triangle-strategy
209,MS09_X14_B0_0010_F_ANA_0010.wav,MS09_X14_B0_0010_F_ANA_0010,212,212,212,213,Anna,main,female,anna,assets/triangle-strategy/approved_voice_references/anna.wav,ไม่ทันแล้วเจ้าค่ะ...,,,PENDING_MANUAL_GENERATION,,triangle-strategy
210,MS09_X14_B0_0010_M_BND_0010.wav,MS09_X14_B0_0010_M_BND_0010,213,213,213,214,Benedict,main,male,benedict,assets/triangle-strategy/approved_voice_references/benedict.wav,เราอาจบังเอิญไปเจอกับโจรก็ได้ แอนนา ช่วยไปสำรวจพื้นที่แล้วก็-,,,PENDING_MANUAL_GENERATION,,triangle-strategy
211,MS09_X14_B0_0010_M_ELA_0010.wav,MS09_X14_B0_0010_M_ELA_0010,214,214,214,215,Erador,main,male,erador,assets/triangle-strategy/approved_voice_references/erador.wav,ใช่ข้างหน้ารึเปล่านะ... หมอกหนาทำข้าหลงทิศไปหมดแล้ว,,,PENDING_MANUAL_GENERATION,,triangle-strategy
212,MS09_X14_B0_0010_M_M067_0010.wav,MS09_X14_B0_0010_M_M067_0010,215,215,215,216,ทหาร,generic,male,MALE_ADULT_C,assets/triangle-strategy/approved_voice_references/MALE_ADULT_C.wav,อย่าขยับ ไม่งั้นพวกเจ้าซวยแน่,,,PENDING_MANUAL_GENERATION,,triangle-strategy
213,MS09_X14_B0_0010_M_SEL_0010.wav,MS09_X14_B0_0010_M_SEL_0010,216,216,216,217,Serenoa,main,male,serenoa,assets/triangle-strategy/approved_voice_references/serenoa.wav,ได้เลย เราไม่ขัดขืนแน่นอน,,,PENDING_MANUAL_GENERATION,,triangle-strategy
214,MS09_X14_B0_0010_M_SVR_0010.wav,MS09_X14_B0_0010_M_SVR_0010,217,217,217,218,สวาร็อค,npc,male,svarog,,หา? สีผมนั่น...,,,BLOCKED_PENDING_REFERENCE_AUDIO,,triangle-strategy
215,MS09_X14_B0_0010_M_SVR_0020.wav,MS09_X14_B0_0010_M_SVR_0020,218,218,218,219,สวาร็อค,npc,male,svarog,,ว่าแล้วเชียว! เฟรเดอริก้า!,,,BLOCKED_PENDING_REFERENCE_AUDIO,,triangle-strategy
216,MS09_X14_B0_0010_M_SVR_0030.wav,MS09_X14_B0_0010_M_SVR_0030,219,219,219,220,สวาร็อค,npc,male,svarog,,แสดงว่าเพื่อนของเจ้าคือพวกวูล์ฟฟอร์ตแน่ๆ แล้วพวกเจ้ามาทำอะไรในที่วิเวกเช่นนี้กันล่ะ?,,,BLOCKED_PENDING_REFERENCE_AUDIO,,triangle-strategy
217,MS09_X14_BATTLE_01_AFTER_F_FRE_0010.wav,MS09_X14_BATTLE_01_AFTER_F_FRE_0010,220,220,220,221,Frederica,main,female,frederica,assets/triangle-strategy/approved_voice_references/frederica.wav,แย่จังที่พวกเขาหนีเราไปแล้ว,,,PENDING_MANUAL_GENERATION,,triangle-strategy
218,MS09_X14_BATTLE_01_AFTER_F_FRE_0020.wav,MS09_X14_BATTLE_01_AFTER_F_FRE_0020,221,221,221,222,Frederica,main,female,frederica,assets/triangle-strategy/approved_voice_references/frederica.wav,หวังว่าพรุ่งนี้เช้าคงไม่เจอโจรดักตีหัวอีกนะ,,,PENDING_MANUAL_GENERATION,,triangle-strategy
219,MS09_X14_BATTLE_01_AFTER_F_HEW_0010.wav,MS09_X14_BATTLE_01_AFTER_F_HEW_0010,222,222,222,223,Hughette,main,female,hughette,assets/triangle-strategy/approved_voice_references/hughette.wav,ข้าคิดว่าคืนนี้เราคุยกันพอแล้วมั้งท่าน,,,PENDING_MANUAL_GENERATION,,triangle-strategy
220,MS09_X14_BATTLE_01_AFTER_F_TRI_0010.wav,MS09_X14_BATTLE_01_AFTER_F_TRI_0010,223,223,223,224,Trish,npc,female,trish,assets/triangle-strategy/approved_voice_references/trish.wav,ฝากไว้ก่อนเถอะ! พวกเจ้าค้างหนี้เราอยู่ รอบหน้าจะมาทวงคืน!,,,PENDING_MANUAL_GENERATION,,triangle-strategy
221,MS09_X14_BATTLE_01_AFTER_F_YRA_0010.wav,MS09_X14_BATTLE_01_AFTER_F_YRA_0010,224,224,224,225,Geela,main,female,geela,assets/triangle-strategy/approved_voice_references/geela.wav,พรุ่งนี้ก็วันใหม่แล้ว เรามาตั้งตารอวันข้างหน้าดีกว่านะ,,,PENDING_MANUAL_GENERATION,,triangle-strategy
222,MS09_X14_BATTLE_01_AFTER_M_BND_0010.wav,MS09_X14_BATTLE_01_AFTER_M_BND_0010,225,225,225,226,Benedict,main,male,benedict,assets/triangle-strategy/approved_voice_references/benedict.wav,มีอะไรอยากค้านไหมขอรับ นายท่าน?,,,PENDING_MANUAL_GENERATION,,triangle-strategy
223,MS09_X14_BATTLE_01_AFTER_M_ELA_0010.wav,MS09_X14_BATTLE_01_AFTER_M_ELA_0010,226,226,226,227,Erador,main,male,erador,assets/triangle-strategy/approved_voice_references/erador.wav,เอาล่ะ เมื่อกี้พูดถึงไหนแล้วนะ,,,PENDING_MANUAL_GENERATION,,triangle-strategy
224,MS09_X14_BATTLE_01_AFTER_M_RLN_0010.wav,MS09_X14_BATTLE_01_AFTER_M_RLN_0010,227,227,227,228,Roland,main,male,roland,assets/triangle-strategy/approved_voice_references/roland.wav,ตอนนี้เราได้เกลือคืนมาแล้ว พวกนั้นคงไม่กลับมาเล่นงานเราหรอก ตอนนี้พักฟื้นกันก่อนเถอะ,,,PENDING_MANUAL_GENERATION,,triangle-strategy
225,MS09_X14_BATTLE_01_AFTER_M_SEL_0010.wav,MS09_X14_BATTLE_01_AFTER_M_SEL_0010,228,228,228,229,Serenoa,main,male,serenoa,assets/triangle-strategy/approved_voice_references/serenoa.wav,ดีใจที่ได้ร่วมสู้ด้วยกันนะ,,,PENDING_MANUAL_GENERATION,,triangle-strategy
226,MS09_X14_BATTLE_01_AFTER_M_SEL_0020.wav,MS09_X14_BATTLE_01_AFTER_M_SEL_0020,229,229,229,230,Serenoa,main,male,serenoa,assets/triangle-strategy/approved_voice_references/serenoa.wav,ไม่มี เรามาตั้งค่ายพักกันเถอะ,,,PENDING_MANUAL_GENERATION,,triangle-strategy
227,MS09_X14_BATTLE_01_AFTER_M_TRA_0010.wav,MS09_X14_BATTLE_01_AFTER_M_TRA_0010,230,230,230,231,Travis,npc,male,travis,assets/triangle-strategy/approved_voice_references/travis.wav,ได้ข่าวว่าวูล์ฟฟอร์ตตกที่นั่งลำบาก สิ่งนั้นทำให้พวกมันแกร่งขึ้นสินะ...,,,PENDING_MANUAL_GENERATION,,triangle-strategy
228,MS09_X14_BATTLE_01_AFTER_M_TRA_0020.wav,MS09_X14_BATTLE_01_AFTER_M_TRA_0020,231,231,231,232,Travis,npc,male,travis,assets/triangle-strategy/approved_voice_references/travis.wav,วันนี้ข้ายังไม่อยากตายเท่าไร เราเผ่นก่อนดีกว่า,,,PENDING_MANUAL_GENERATION,,triangle-strategy
229,MS09_X14_BATTLE_01_BEFORE_F_FRE_0010.wav,MS09_X14_BATTLE_01_BEFORE_F_FRE_0010,232,232,232,233,Frederica,main,female,frederica,assets/triangle-strategy/approved_voice_references/frederica.wav,พวกเจ้า! โจรที่เคยปล้นเรานี่น่า!,,,PENDING_MANUAL_GENERATION,,triangle-strategy
230,MS09_X14_BATTLE_01_BEFORE_F_TRI_0010.wav,MS09_X14_BATTLE_01_BEFORE_F_TRI_0010,233,233,233,234,Trish,npc,female,trish,assets/triangle-strategy/approved_voice_references/trish.wav,นี่พวกเจ้าโง่หรือบ้ากันแน่เนี่ยที่ใช้เส้นทางนี้ แต่ข้ารู้คำตอบแล้วล่ะ,,,PENDING_MANUAL_GENERATION,,triangle-strategy
231,MS09_X14_BATTLE_01_BEFORE_F_TRI_0020.wav,MS09_X14_BATTLE_01_BEFORE_F_TRI_0020,234,234,234,235,Trish,npc,female,trish,assets/triangle-strategy/approved_voice_references/trish.wav,อ้าว พาท่านลอร์ดมาแก้แค้นเหรอด้วยเหรอเนี่ย?,,,PENDING_MANUAL_GENERATION,,triangle-strategy
232,MS09_X14_BATTLE_01_BEFORE_F_TRI_0030.wav,MS09_X14_BATTLE_01_BEFORE_F_TRI_0030,235,235,235,236,Trish,npc,female,trish,assets/triangle-strategy/approved_voice_references/trish.wav,สุนัขเหรอ!? อีพวกร่ำรวยด้วยการลักลอบเกลือนี่ก็กล้าพูดซะเหลือเกิน,,,PENDING_MANUAL_GENERATION,,triangle-strategy
233,MS09_X14_BATTLE_01_BEFORE_F_TRI_0040.wav,MS09_X14_BATTLE_01_BEFORE_F_TRI_0040,236,236,236,237,Trish,npc,female,trish,assets/triangle-strategy/approved_voice_references/trish.wav,พวกเราไม่ได้โง่นะ ถ้าเรามีสิทธิที่จะเอาสินค้าของเจ้าไปขายล่ะก็ เราคงไม่มาเจอกันในป่าเช่นนี้หรอก,,,PENDING_MANUAL_GENERATION,,triangle-strategy
234,MS09_X14_BATTLE_01_BEFORE_F_TRI_0050.wav,MS09_X14_BATTLE_01_BEFORE_F_TRI_0050,237,237,237,238,Trish,npc,female,trish,assets/triangle-strategy/approved_voice_references/trish.wav,หากเจ้าไม่ยอม ก็เชิญมาชิงคืนจากเราได้เลย!,,,PENDING_MANUAL_GENERATION,,triangle-strategy
235,MS09_X14_BATTLE_01_BEFORE_M_ELA_0010.wav,MS09_X14_BATTLE_01_BEFORE_M_ELA_0010,238,238,238,239,Erador,main,male,erador,assets/triangle-strategy/approved_voice_references/erador.wav,หุบปากเน่าๆของพวกแกไปซะ! ไม่มีใครอยากฟังสุนัขเห่าหอนหรอก!,,,PENDING_MANUAL_GENERATION,,triangle-strategy
236,MS09_X14_BATTLE_01_BEFORE_M_SEL_0010.wav,MS09_X14_BATTLE_01_BEFORE_M_SEL_0010,239,239,239,240,Serenoa,main,male,serenoa,assets/triangle-strategy/approved_voice_references/serenoa.wav,พวกเจ้าสินะที่ขโมยสินค้าของเราไป หากเจ้าไม่ถือสา ข้าขอคืนก็แล้วกัน,,,PENDING_MANUAL_GENERATION,,triangle-strategy
237,MS09_X14_BATTLE_01_BEFORE_M_TRA_0010.wav,MS09_X14_BATTLE_01_BEFORE_M_TRA_0010,241,241,241,242,Travis,npc,male,travis,assets/triangle-strategy/approved_voice_references/travis.wav,คนที่เป็นลอร์ดมันปากดีขนาดนี้ทุกคนหรือไง เจ้ารุกล้ำพื้นที่ของข้ายังไม่พอ ตอนนี้ยังจะปล้นของจากเราไปอีกเหรอ?,,,PENDING_MANUAL_GENERATION,,triangle-strategy
238,MS09_X14_BATTLE_01_BEFORE_M_TRA_0020.wav,MS09_X14_BATTLE_01_BEFORE_M_TRA_0020,242,242,242,243,Travis,npc,male,travis,assets/triangle-strategy/approved_voice_references/travis.wav,ยศสูงขนาดไหนก็ช่วยอะไรเจ้าที่นี่ไม่ได้หรอกน่า เจ้าสิที่ควรร้องขอความเมตตาจากเรา,,,PENDING_MANUAL_GENERATION,,triangle-strategy
239,MS09_X14_BATTLE_01_BEFORE_M_TRA_0030.wav,MS09_X14_BATTLE_01_BEFORE_M_TRA_0030,243,243,243,244,Travis,npc,male,travis,assets/triangle-strategy/approved_voice_references/travis.wav,พูดไม่ออกล่ะสิ? ถ้างั้นหากเจ้าไม่ถือสา เราขอเอาเกลือของพวกเจ้าไปขายแทนค่าพักแรมแล้วกันนะ,,,PENDING_MANUAL_GENERATION,,triangle-strategy
240,MS09_X14_BATTLE_01_DRAMA_F_TRI_0010.wav,MS09_X14_BATTLE_01_DRAMA_F_TRI_0010,244,244,244,245,Trish,npc,female,trish,assets/triangle-strategy/approved_voice_references/trish.wav,ฮ่า! ก็แย่ละ! ยังไงซะเราก็ไม่ได้ทำอะไรผิดอยู่แล้วนี่ คราวหลังถ้าไม่อยากให้ของหายก็ช่วยมีสติแหกตาดูสักหน่อยสิจ๊ะ!,,,PENDING_MANUAL_GENERATION,,triangle-strategy
241,MS09_X14_BATTLE_01_DRAMA_F_TRI_0020.wav,MS09_X14_BATTLE_01_DRAMA_F_TRI_0020,245,245,245,246,Trish,npc,female,trish,assets/triangle-strategy/approved_voice_references/trish.wav,ช่างกล้าดีนี่ แต่เจ้าจะต้องเจ็บมากกว่าข้าเป็นสิบเท่า!,,,PENDING_MANUAL_GENERATION,,triangle-strategy
242,MS09_X14_BATTLE_01_DRAMA_F_TRI_0030.wav,MS09_X14_BATTLE_01_DRAMA_F_TRI_0030,246,246,246,247,Trish,npc,female,trish,assets/triangle-strategy/approved_voice_references/trish.wav,ถ้าจะโทษใครก็ช่วยโทษตัวเอง แล้วอย่ามาใส่ร้ายเราก็พอ!,,,PENDING_MANUAL_GENERATION,,triangle-strategy
243,MS09_X14_BATTLE_01_DRAMA_F_TRI_0040.wav,MS09_X14_BATTLE_01_DRAMA_F_TRI_0040,247,247,247,248,Trish,npc,female,trish,assets/triangle-strategy/approved_voice_references/trish.wav,หนอย! ไอ้เลวใจเสาะ อาวุธแกมันของดีระดับปราสาททั้งนั้น เจอกันรอบหน้าจะแทงให้ยับเลย!,,,PENDING_MANUAL_GENERATION,,triangle-strategy
244,MS09_X14_BATTLE_01_DRAMA_M_SEL_0010.wav,MS09_X14_BATTLE_01_DRAMA_M_SEL_0010,248,248,248,249,Serenoa,main,male,serenoa,assets/triangle-strategy/approved_voice_references/serenoa.wav,คืนเกลือมาซะ แล้วข้าจะเมตตาพวกเจ้า!,,,PENDING_MANUAL_GENERATION,,triangle-strategy
245,MS09_X14_BATTLE_01_DRAMA_M_SEL_0020.wav,MS09_X14_BATTLE_01_DRAMA_M_SEL_0020,249,249,249,250,Serenoa,main,male,serenoa,assets/triangle-strategy/approved_voice_references/serenoa.wav,พวกเราไม่เหมือนเจ้าหรอกนะ,,,PENDING_MANUAL_GENERATION,,triangle-strategy
246,MS09_X14_BATTLE_01_DRAMA_M_SEL_0030.wav,MS09_X14_BATTLE_01_DRAMA_M_SEL_0030,250,250,250,251,Serenoa,main,male,serenoa,assets/triangle-strategy/approved_voice_references/serenoa.wav,เราแค่มาเอาของคืน ถ้าอยากจะเก็บไปแค้นก็เอาเลย,,,PENDING_MANUAL_GENERATION,,triangle-strategy
247,MS09_X14_BATTLE_01_DRAMA_M_TRA_0010.wav,MS09_X14_BATTLE_01_DRAMA_M_TRA_0010,251,251,251,252,Travis,npc,male,travis,assets/triangle-strategy/approved_voice_references/travis.wav,อย่าไปเปลืองน้ำลายกับพวกขุนนางเหล่านี้เลยลูก แทงๆ ให้มันจบไปเถอะนะ!,,,PENDING_MANUAL_GENERATION,,triangle-strategy
248,MS09_X14_BATTLE_01_DRAMA_M_TRA_0020.wav,MS09_X14_BATTLE_01_DRAMA_M_TRA_0020,252,252,252,253,Travis,npc,male,travis,assets/triangle-strategy/approved_voice_references/travis.wav,หนอย! เกลือนั่นเป็นของเรานะ! เขตของเรา กฎของเรา!,,,PENDING_MANUAL_GENERATION,,triangle-strategy
249,MS09_X14_BATTLE_01_DRAMA_M_TRA_0030.wav,MS09_X14_BATTLE_01_DRAMA_M_TRA_0030,253,253,253,254,Travis,npc,male,travis,assets/triangle-strategy/approved_voice_references/travis.wav,เตรียมโดนอัดน่วมได้เลย! ถ้ายังดื้อดึงจะเอาเกลือ ก็เผื่อใจไว้เจอตีนสักหน่อยแล้วกัน!,,,PENDING_MANUAL_GENERATION,,triangle-strategy
250,MS09_X14_BATTLE_01_DRAMA_M_TRA_0040.wav,MS09_X14_BATTLE_01_DRAMA_M_TRA_0040,254,254,254,255,Travis,npc,male,travis,assets/triangle-strategy/approved_voice_references/travis.wav,เจอกันครั้งก่อนนี่อวดดีเหลือเกินนะไอ้หนู รอบนี้ไม่เห็นจะตึงมือพวกเราเท่าไรเลย,,,PENDING_MANUAL_GENERATION,,triangle-strategy
251,MS09_X14_BATTLE_01_DRAMA_M_TRA_0050.wav,MS09_X14_BATTLE_01_DRAMA_M_TRA_0050,255,255,255,256,Travis,npc,male,travis,assets/triangle-strategy/approved_voice_references/travis.wav,แกทำลูกสาวข้าเจ็บ ไอ้พวกระยำ! สงสัยคงต้องเอาอย่างอื่นนอกจากเกลือไปด้วยแล้วมั้ง!,,,PENDING_MANUAL_GENERATION,,triangle-strategy
252,MS09_X14_BATTLE_01_DRAMA_M_TRA_0060.wav,MS09_X14_BATTLE_01_DRAMA_M_TRA_0060,256,256,256,257,Travis,npc,male,travis,assets/triangle-strategy/approved_voice_references/travis.wav,หนอย! ถึงเราจะแพ้พวกแกในวันนี้ แต่เขาทุกลูกเป็นประจักษ์พยานไม่ลืมเลือน จำคำข้าไว้เลย!,,,PENDING_MANUAL_GENERATION,,triangle-strategy
253,MS09_X14_RESEARCH_01_AFTER_F_ANA_0010.wav,MS09_X14_RESEARCH_01_AFTER_F_ANA_0010,257,257,257,258,Anna,main,female,anna,assets/triangle-strategy/approved_voice_references/anna.wav,โจรเจ้าค่ะ พวกมันเอาทุกอย่างจากรถม้าของเราไปหมดเลย,,,PENDING_MANUAL_GENERATION,,triangle-strategy
254,MS09_X14_RESEARCH_01_AFTER_F_ANA_0020.wav,MS09_X14_RESEARCH_01_AFTER_F_ANA_0020,258,258,258,259,Anna,main,female,anna,assets/triangle-strategy/approved_voice_references/anna.wav,ขออภัยที่ประมาทเจ้าค่ะ... ปกติคนแถวนี้จะไม่เก่งการลอบเร้นสักเท่าไรนัก,,,PENDING_MANUAL_GENERATION,,triangle-strategy
255,MS09_X14_RESEARCH_01_AFTER_F_FRE_0010.wav,MS09_X14_RESEARCH_01_AFTER_F_FRE_0010,259,259,259,260,Frederica,main,female,frederica,assets/triangle-strategy/approved_voice_references/frederica.wav,นอนไม่หลับหรอเซเรโนอา? พรุ่งนี้เหนื่อยนะ,,,PENDING_MANUAL_GENERATION,,triangle-strategy
256,MS09_X14_RESEARCH_01_AFTER_F_FRE_0020.wav,MS09_X14_RESEARCH_01_AFTER_F_FRE_0020,260,260,260,261,Frederica,main,female,frederica,assets/triangle-strategy/approved_voice_references/frederica.wav,ฝนน่ะ... มันจะหยุดตกเมื่อไหร่กัน?,,,PENDING_MANUAL_GENERATION,,triangle-strategy
257,MS09_X14_RESEARCH_01_AFTER_F_FRE_0030.wav,MS09_X14_RESEARCH_01_AFTER_F_FRE_0030,261,261,261,262,Frederica,main,female,frederica,assets/triangle-strategy/approved_voice_references/frederica.wav,หวังว่านะ,,,PENDING_MANUAL_GENERATION,,triangle-strategy
258,MS09_X14_RESEARCH_01_AFTER_F_HEW_0010.wav,MS09_X14_RESEARCH_01_AFTER_F_HEW_0010,262,262,262,263,Hughette,main,female,hughette,assets/triangle-strategy/approved_voice_references/hughette.wav,ไม่ว่าจะเลือกไปเส้นทางไหน แต่เป้าหมายของเรายังคงเดิม...,,,PENDING_MANUAL_GENERATION,,triangle-strategy
259,MS09_X14_RESEARCH_01_AFTER_F_HEW_0020.wav,MS09_X14_RESEARCH_01_AFTER_F_HEW_0020,263,263,263,264,Hughette,main,female,hughette,assets/triangle-strategy/approved_voice_references/hughette.wav,จะฝ่าดินโคลนหรือแมลงสัตว์กัดต่อย ยังไงเราก็สมควรทำ...เพราะตอนนี้แทบไม่มีศักดิ์ศรีให้เสียแล้ว,,,PENDING_MANUAL_GENERATION,,triangle-strategy
260,MS09_X14_RESEARCH_01_AFTER_F_YRA_0010.wav,MS09_X14_RESEARCH_01_AFTER_F_YRA_0010,264,264,264,265,Geela,main,female,geela,assets/triangle-strategy/approved_voice_references/geela.wav,ในยามลำบากเช่นนี้เราต้องคิดบวกให้มาก แต่เตรียมตัวรับสถานการณ์ย่ำแย่สักหน่อยก็ดีเจ้าค่ะ,,,PENDING_MANUAL_GENERATION,,triangle-strategy
261,MS09_X14_RESEARCH_01_AFTER_F_YRA_0020.wav,MS09_X14_RESEARCH_01_AFTER_F_YRA_0020,265,265,265,266,Geela,main,female,geela,assets/triangle-strategy/approved_voice_references/geela.wav,ชนะใจเขาแล้วมันคุ้มจริงๆเหรอเจ้าคะ? เขาแค่เอารางวัลมาล่อคนที่โง่มากพอที่จะไขว่คว้ามันต่างหาก,,,PENDING_MANUAL_GENERATION,,triangle-strategy
262,MS09_X14_RESEARCH_01_AFTER_F_YRA_0030.wav,MS09_X14_RESEARCH_01_AFTER_F_YRA_0030,266,266,266,267,Geela,main,female,geela,assets/triangle-strategy/approved_voice_references/geela.wav,ข้าเองก็คิดว่าเขาคงคิดแบบท่านนั่นแหละเจ้าค่ะ,,,PENDING_MANUAL_GENERATION,,triangle-strategy
263,MS09_X14_RESEARCH_01_AFTER_M_BND_0010.wav,MS09_X14_RESEARCH_01_AFTER_M_BND_0010,267,267,267,268,Benedict,main,male,benedict,assets/triangle-strategy/approved_voice_references/benedict.wav,เกลือหายไปแล้ว!,,,PENDING_MANUAL_GENERATION,,triangle-strategy
264,MS09_X14_RESEARCH_01_AFTER_M_ELA_0010.wav,MS09_X14_RESEARCH_01_AFTER_M_ELA_0010,268,268,268,269,Erador,main,male,erador,assets/triangle-strategy/approved_voice_references/erador.wav,อย่าไปสั่งสอนขัดจังหวะสิ เขาปลอบว่าที่เจ้าสาวอยู่นะ,,,PENDING_MANUAL_GENERATION,,triangle-strategy
265,MS09_X14_RESEARCH_01_AFTER_M_ELA_0020.wav,MS09_X14_RESEARCH_01_AFTER_M_ELA_0020,269,269,269,270,Erador,main,male,erador,assets/triangle-strategy/approved_voice_references/erador.wav,ข้าไม่ยอมให้มันหลอกแน่นอน,,,PENDING_MANUAL_GENERATION,,triangle-strategy
266,MS09_X14_RESEARCH_01_AFTER_M_ELA_0030.wav,MS09_X14_RESEARCH_01_AFTER_M_ELA_0030,270,270,270,271,Erador,main,male,erador,assets/triangle-strategy/approved_voice_references/erador.wav,เป็นไปได้ยังไงกัน?,,,PENDING_MANUAL_GENERATION,,triangle-strategy
267,MS09_X14_RESEARCH_01_AFTER_M_RLN_0010.wav,MS09_X14_RESEARCH_01_AFTER_M_RLN_0010,271,271,271,272,Roland,main,male,roland,assets/triangle-strategy/approved_voice_references/roland.wav,ข้าเข้าใจความกังวลของเจ้าดี ซึ่งก็เป็นอีกเหตุผลที่เราควรชนะใจซอสเลย์,,,PENDING_MANUAL_GENERATION,,triangle-strategy
268,MS09_X14_RESEARCH_01_AFTER_M_RLN_0020.wav,MS09_X14_RESEARCH_01_AFTER_M_RLN_0020,272,272,272,273,Roland,main,male,roland,assets/triangle-strategy/approved_voice_references/roland.wav,อะไรที่เกิดขึ้นแล้วก็ช่างมัน ตอนนี้พวกมันไม่น่าไปได้ไกล ตามจับพวกมันซะ!,,,PENDING_MANUAL_GENERATION,,triangle-strategy
269,MS09_X14_RESEARCH_01_AFTER_M_SEL_0010.wav,MS09_X14_RESEARCH_01_AFTER_M_SEL_0010,273,273,273,274,Serenoa,main,male,serenoa,assets/triangle-strategy/approved_voice_references/serenoa.wav,ขอบคุณที่เป็นห่วงนะ แต่ไม่เป็นไรหรอก แล้วทำไมเจ้ายังไม่นอนล่ะ?,,,PENDING_MANUAL_GENERATION,,triangle-strategy
270,MS09_X14_RESEARCH_01_AFTER_M_SEL_0020.wav,MS09_X14_RESEARCH_01_AFTER_M_SEL_0020,274,274,274,275,Serenoa,main,male,serenoa,assets/triangle-strategy/approved_voice_references/serenoa.wav,เดี๋ยวพายุก็สงบเองแหละน่า พรุ่งนี้เช้าเดี๋ยวฟ้าก็โปร่งแล้ว,,,PENDING_MANUAL_GENERATION,,triangle-strategy
271,MS09_X14_RESEARCH_01_AFTER_M_SEL_0030.wav,MS09_X14_RESEARCH_01_AFTER_M_SEL_0030,275,275,275,276,Serenoa,main,male,serenoa,assets/triangle-strategy/approved_voice_references/serenoa.wav,ไม่หรอก ถูกของจีล่า หากฝนไม่หยุดตก สงสัยคงต้องหาทางอื่นแล้วล่ะ,,,PENDING_MANUAL_GENERATION,,triangle-strategy
272,MS09_X14_RESEARCH_01_AFTER_M_SEL_0040.wav,MS09_X14_RESEARCH_01_AFTER_M_SEL_0040,276,276,276,277,Serenoa,main,male,serenoa,assets/triangle-strategy/approved_voice_references/serenoa.wav,แถมพวกเราไม่รู้ตัวอีกต่างหาก,,,PENDING_MANUAL_GENERATION,,triangle-strategy
273,MS09_X14_RESEARCH_01_BEFORE_F_HEW_0010.wav,MS09_X14_RESEARCH_01_BEFORE_F_HEW_0010,277,277,277,278,Hughette,main,female,hughette,assets/triangle-strategy/approved_voice_references/hughette.wav,ท่าน...แน่ใจเหรอเจ้าคะ?,,,PENDING_MANUAL_GENERATION,,triangle-strategy
274,MS09_X14_RESEARCH_01_BEFORE_F_HEW_0020.wav,MS09_X14_RESEARCH_01_BEFORE_F_HEW_0020,278,278,278,279,Hughette,main,female,hughette,assets/triangle-strategy/approved_voice_references/hughette.wav,เชื่อเจ้าค่ะนายท่าน! ข้าแค่...รู้สึกว่าองค์ชายแห่งเกลนบรู๊คอย่างท่านคงนอนลำบากเฉยๆ,,,PENDING_MANUAL_GENERATION,,triangle-strategy
275,MS09_X14_RESEARCH_01_BEFORE_F_HEW_0030.wav,MS09_X14_RESEARCH_01_BEFORE_F_HEW_0030,279,279,279,280,Hughette,main,female,hughette,assets/triangle-strategy/approved_voice_references/hughette.wav,นี่เราต้องหลบซ่อนนอนขดในสถานที่เปียกปอน ระหว่างลักลอบขนส่งสินค้าจริงๆเหรอเนี่ย?,,,PENDING_MANUAL_GENERATION,,triangle-strategy
276,MS09_X14_RESEARCH_01_BEFORE_F_HEW_0040.wav,MS09_X14_RESEARCH_01_BEFORE_F_HEW_0040,280,280,280,281,Hughette,main,female,hughette,assets/triangle-strategy/approved_voice_references/hughette.wav,ถึงยังไง ก็ไม่มีเหตุผลที่ท่านต้องลืมว่าตัวเองเคยเป็นใครนี่เจ้าคะ,,,PENDING_MANUAL_GENERATION,,triangle-strategy
277,MS09_X14_RESEARCH_01_BEFORE_M_BND_0010.wav,MS09_X14_RESEARCH_01_BEFORE_M_BND_0010,281,281,281,282,Benedict,main,male,benedict,assets/triangle-strategy/approved_voice_references/benedict.wav,ข้าเห็นด้วยขอรับนายท่าน ฝืนเดินทางภายใต้สภาพอากาศเช่นนี้คงไม่เหมาะสมเท่าไรนัก,,,PENDING_MANUAL_GENERATION,,triangle-strategy
278,MS09_X14_RESEARCH_01_BEFORE_M_RLN_0010.wav,MS09_X14_RESEARCH_01_BEFORE_M_RLN_0010,282,282,282,283,Roland,main,male,roland,assets/triangle-strategy/approved_voice_references/roland.wav,ไม่มีใครแถวนี้เลย น่าจะเหมาะแก่การตั้งค่ายพัก,,,PENDING_MANUAL_GENERATION,,triangle-strategy
279,MS09_X14_RESEARCH_01_BEFORE_M_RLN_0020.wav,MS09_X14_RESEARCH_01_BEFORE_M_RLN_0020,283,283,283,284,Roland,main,male,roland,assets/triangle-strategy/approved_voice_references/roland.wav,แล้วไม่เชื่อใจหน่วยลาดตระเวนของเราเหรอ?,,,PENDING_MANUAL_GENERATION,,triangle-strategy
280,MS09_X14_RESEARCH_01_BEFORE_M_RLN_0030.wav,MS09_X14_RESEARCH_01_BEFORE_M_RLN_0030,284,284,284,285,Roland,main,male,roland,assets/triangle-strategy/approved_voice_references/roland.wav,ให้ข้าเตือนเจ้าอีกสักครั้งไหม? ข้าไม่ใช่องค์ชายแล้ว และตอนนี้พักที่ไหนได้ก็พักไปก่อนเถอะ,,,PENDING_MANUAL_GENERATION,,triangle-strategy
281,MS09_X14_RESEARCH_01_BEFORE_M_RLN_0040.wav,MS09_X14_RESEARCH_01_BEFORE_M_RLN_0040,285,285,285,286,Roland,main,male,roland,assets/triangle-strategy/approved_voice_references/roland.wav,เปล่า,,,PENDING_MANUAL_GENERATION,,triangle-strategy
282,MS09_X14_RESEARCH_01_BEFORE_M_RLN_0050.wav,MS09_X14_RESEARCH_01_BEFORE_M_RLN_0050,286,286,286,287,Roland,main,male,roland,assets/triangle-strategy/approved_voice_references/roland.wav,ยังไงก็เถอะ ข้าคิดว่าเราจะพักกันที่นี่ เส้นทางข้างหน้ามันอันตราย รอฝนซาลงแล้วค่อยเดินทางต่อเถอะ,,,PENDING_MANUAL_GENERATION,,triangle-strategy
283,MS09_X14_RESEARCH_01_BEFORE_M_SEL_0010.wav,MS09_X14_RESEARCH_01_BEFORE_M_SEL_0010,287,287,287,288,Serenoa,main,male,serenoa,assets/triangle-strategy/approved_voice_references/serenoa.wav,เป็นอะไรงั้นเหรอ?,,,PENDING_MANUAL_GENERATION,,triangle-strategy
284,MS09_X14_RESEARCH_01_BEFORE_M_SEL_0020.wav,MS09_X14_RESEARCH_01_BEFORE_M_SEL_0020,288,288,288,289,Serenoa,main,male,serenoa,assets/triangle-strategy/approved_voice_references/serenoa.wav,เอาล่ะ มาสำรวจพื้นที่ก่อนตั้งค่ายสักหน่อยดีกว่า,,,PENDING_MANUAL_GENERATION,,triangle-strategy
285,MS09_X14_WD_0010_N_NNN_0010.wav,MS09_X14_WD_0010_N_NNN_0010,289,289,289,290,Narrator,narrator,female,narrator,assets/triangle-strategy/approved_voice_references/narrator.wav,ทุกการเสียสละย่อมมีเจตนาแอบแฝง การแทรกแซงเข้าช่วยตระกูลวูล์ฟฟอร์ตของรัฐมนตรีซอสเลย์ก็ไม่ต่างกัน เพื่อความอยู่รอดของพวกเขา เซเรโนอากับผองเพื่อนจำเป็นต้องลักลอบขนส่งเกลือผิดกฎหมายของซอสเลย์ข้ามชายแดนของตน,,,PENDING_MANUAL_GENERATION,,triangle-strategy
286,MS09_X14_WD_0010_N_NNN_0020.wav,MS09_X14_WD_0010_N_NNN_0020,290,290,290,291,Narrator,narrator,female,narrator,assets/triangle-strategy/approved_voice_references/narrator.wav,ด้วยความไร้อำนาจและศักดิ์ศรี การออกเดินทางครั้งนี้เปี่ยมล้นไปด้วยความเศร้าหมอง พวกเขามีทางเลือกไม่มากนอกเสียจากต้องเคารพเชื่อฟัง,,,PENDING_MANUAL_GENERATION,,triangle-strategy
287,MS09_X14_WD_0015_N_NNN_0010.wav,MS09_X14_WD_0015_N_NNN_0010,291,291,291,292,Narrator,narrator,female,narrator,assets/triangle-strategy/approved_voice_references/narrator.wav,ตระกูลวูล์ฟฟอร์ตมุ่งหน้าไปทางเหนือ พร้อมขนสินค้าท่ามกลางฝนพรำและเส้นทางภูเขาสุดวิบากซึ่งไม่มีผู้ใดกล้าย่างกรายเข้าไป,,,PENDING_MANUAL_GENERATION,,triangle-strategy
288,MS09_X14_WD_0015_N_NNN_0020.wav,MS09_X14_WD_0015_N_NNN_0020,292,292,292,293,Narrator,narrator,female,narrator,assets/triangle-strategy/approved_voice_references/narrator.wav,แต่แล้วสายฝนนั้นกลับสร้างความลำบากต่อการเดินทาง ทัศนวิสัยถูกบดบังด้วยหมอกหนา พวกเขาจึงหยุดเดินทางและรอให้ฝนซา ก่อนที่จะมาวางแผนในวันข้างหน้าต่อไป,,,PENDING_MANUAL_GENERATION,,triangle-strategy
289,MS09_X14_WD_0020_N_NNN_0010.wav,MS09_X14_WD_0020_N_NNN_0010,293,293,293,294,Narrator,narrator,female,narrator,assets/triangle-strategy/approved_voice_references/narrator.wav,ตระกูลวูล์ฟฟอร์ตขับไล่กลุ่มโจรจนหนีเตลิดไปพร้อมศักดิ์ศรีที่ถูกทำลาย ก่อนแสร้งเป็นนักค้าขายผู้มุ่งหน้าสู่ชายแดนเอสฟรอสต์ต่อไป,,,PENDING_MANUAL_GENERATION,,triangle-strategy
290,MS09_X15_BATTLE_01_AFTER_F_ANA_0010.wav,MS09_X15_BATTLE_01_AFTER_F_ANA_0010,294,294,294,295,Anna,main,female,anna,assets/triangle-strategy/approved_voice_references/anna.wav,ก็ไม่ได้นานกว่าที่จำเป็นนี่เจ้าคะ,,,PENDING_MANUAL_GENERATION,,triangle-strategy
291,MS09_X15_BATTLE_01_AFTER_F_FRE_0010.wav,MS09_X15_BATTLE_01_AFTER_F_FRE_0010,295,295,295,296,Frederica,main,female,frederica,assets/triangle-strategy/approved_voice_references/frederica.wav,พวกเราชนะแล้ว อย่าหลั่งเลือดไปมากกว่านี้เลย,,,PENDING_MANUAL_GENERATION,,triangle-strategy
292,MS09_X15_BATTLE_01_AFTER_F_YRA_0010.wav,MS09_X15_BATTLE_01_AFTER_F_YRA_0010,296,296,296,297,Geela,main,female,geela,assets/triangle-strategy/approved_voice_references/geela.wav,ตอนนี้ยังปิดปากเงียบได้ แต่อีกไม่ช้าคงความแตกแน่,,,PENDING_MANUAL_GENERATION,,triangle-strategy
293,MS09_X15_BATTLE_01_AFTER_M_BKR_0010.wav,MS09_X15_BATTLE_01_AFTER_M_BKR_0010,297,297,297,298,บุ๊กเกอร์,npc,male,booker,,มะ-เมตตาข้าด้วย!,,,BLOCKED_PENDING_REFERENCE_AUDIO,,triangle-strategy
294,MS09_X15_BATTLE_01_AFTER_M_BKR_0020.wav,MS09_X15_BATTLE_01_AFTER_M_BKR_0020,298,298,298,299,บุ๊กเกอร์,npc,male,booker,,ขอรับท่าน! ข้าจะบอกให้หมดเปลือก ถามมาได้เลยขอรับ!,,,BLOCKED_PENDING_REFERENCE_AUDIO,,triangle-strategy
295,MS09_X15_BATTLE_01_AFTER_M_BKR_0030.wav,MS09_X15_BATTLE_01_AFTER_M_BKR_0030,299,299,299,300,บุ๊กเกอร์,npc,male,booker,,ไอ้พวกโง่!,,,BLOCKED_PENDING_REFERENCE_AUDIO,,triangle-strategy
296,MS09_X15_BATTLE_01_AFTER_M_BKR_0040.wav,MS09_X15_BATTLE_01_AFTER_M_BKR_0040,300,300,300,301,บุ๊กเกอร์,npc,male,booker,,คิดว่าชนะแล้วเหรอ!? ข้ารายงานรัฐมนตรีซอสเลย์เมื่อไหร่ ตระกูลน่าสมเพชของเจ้าถูกบดขยี้แน่นอ-,,,BLOCKED_PENDING_REFERENCE_AUDIO,,triangle-strategy
297,MS09_X15_BATTLE_01_AFTER_M_BKR_0050.wav,MS09_X15_BATTLE_01_AFTER_M_BKR_0050,301,301,301,302,บุ๊กเกอร์,npc,male,booker,,โอยยย!,,,BLOCKED_PENDING_REFERENCE_AUDIO,,triangle-strategy
298,MS09_X15_BATTLE_01_AFTER_M_BND_0010.wav,MS09_X15_BATTLE_01_AFTER_M_BND_0010,302,302,302,303,Benedict,main,male,benedict,assets/triangle-strategy/approved_voice_references/benedict.wav,อย่าเมตตาเขาขอรับ ตอนนี้เขารู้เป้าหมายของเราแล้ว,,,PENDING_MANUAL_GENERATION,,triangle-strategy
299,MS09_X15_BATTLE_01_AFTER_M_BND_0020.wav,MS09_X15_BATTLE_01_AFTER_M_BND_0020,303,303,303,304,Benedict,main,male,benedict,assets/triangle-strategy/approved_voice_references/benedict.wav,ขอลองถามหน่อยก็แล้วกัน,,,PENDING_MANUAL_GENERATION,,triangle-strategy
300,MS09_X15_BATTLE_01_AFTER_M_BND_0030.wav,MS09_X15_BATTLE_01_AFTER_M_BND_0030,304,304,304,305,Benedict,main,male,benedict,assets/triangle-strategy/approved_voice_references/benedict.wav,กว่าจะลงมือนะแอนนา,,,PENDING_MANUAL_GENERATION,,triangle-strategy
301,MS09_X15_BATTLE_01_AFTER_M_SEL_0010.wav,MS09_X15_BATTLE_01_AFTER_M_SEL_0010,305,305,305,306,Serenoa,main,male,serenoa,assets/triangle-strategy/approved_voice_references/serenoa.wav,เขาเองก็มีส่วนร่วมในการลักลอบเกลือด้วยไม่ใช่เหรอท่าน? บางทีเขาอาจให้ความร่วมมือกับเราก็ได้,,,PENDING_MANUAL_GENERATION,,triangle-strategy
302,MS09_X15_BATTLE_01_AFTER_M_SEL_0020.wav,MS09_X15_BATTLE_01_AFTER_M_SEL_0020,306,306,306,307,Serenoa,main,male,serenoa,assets/triangle-strategy/approved_voice_references/serenoa.wav,น่าเสียดายที่ต้องหาพยานคนใหม่ซะแล้ว,,,PENDING_MANUAL_GENERATION,,triangle-strategy
303,MS09_X15_BATTLE_01_AFTER_M_SEL_0030.wav,MS09_X15_BATTLE_01_AFTER_M_SEL_0030,307,307,307,308,Serenoa,main,male,serenoa,assets/triangle-strategy/approved_voice_references/serenoa.wav,เราต้องรีบพิสูจน์ให้พวกเขาเห็น ก่อนที่จะเกิดเรื่องเช่นนั้นขึ้น รีบไปที่ไฮแซนต์กันเถอะ,,,PENDING_MANUAL_GENERATION,,triangle-strategy
304,MS09_X15_BATTLE_01_BEFORE_F_ANA_0010.wav,MS09_X15_BATTLE_01_BEFORE_F_ANA_0010,308,308,308,309,Anna,main,female,anna,assets/triangle-strategy/approved_voice_references/anna.wav,ถึงจะไม่ค่อยมีคนใช้เส้นทางนี้ แต่ก็มีคนสัญจรผ่านเรื่อยๆนะ...,,,PENDING_MANUAL_GENERATION,,triangle-strategy
305,MS09_X15_BATTLE_01_BEFORE_F_FRE_0010.wav,MS09_X15_BATTLE_01_BEFORE_F_FRE_0010,309,309,309,310,Frederica,main,female,frederica,assets/triangle-strategy/approved_voice_references/frederica.wav,ไม่เลย มีแค่รอยเท้าของพวกเราเนี่ยแหละ,,,PENDING_MANUAL_GENERATION,,triangle-strategy
306,MS09_X15_BATTLE_01_BEFORE_M_BKR_0010.wav,MS09_X15_BATTLE_01_BEFORE_M_BKR_0010,310,310,310,311,บุ๊กเกอร์,npc,male,booker,,แหมๆ พวกวูล์ฟฟอร์ตเองเหรอเนี่ย คิดว่าข้าตกใจไหมล่ะที่เจอพวกเจ้าที่นี่,,,BLOCKED_PENDING_REFERENCE_AUDIO,,triangle-strategy
307,MS09_X15_BATTLE_01_BEFORE_M_BKR_0020.wav,MS09_X15_BATTLE_01_BEFORE_M_BKR_0020,311,311,311,312,บุ๊กเกอร์,npc,male,booker,,พวกเจ้ามาทำอะไร?,,,BLOCKED_PENDING_REFERENCE_AUDIO,,triangle-strategy
308,MS09_X15_BATTLE_01_BEFORE_M_BKR_0030.wav,MS09_X15_BATTLE_01_BEFORE_M_BKR_0030,312,312,312,313,บุ๊กเกอร์,npc,male,booker,,เจ้าคิดผิดแล้วล่ะ ตายซะเถอะ!,,,BLOCKED_PENDING_REFERENCE_AUDIO,,triangle-strategy
309,MS09_X15_BATTLE_01_BEFORE_M_BND_0010.wav,MS09_X15_BATTLE_01_BEFORE_M_BND_0010,313,313,313,314,Benedict,main,male,benedict,assets/triangle-strategy/approved_voice_references/benedict.wav,น่าแปลก,,,PENDING_MANUAL_GENERATION,,triangle-strategy
310,MS09_X15_BATTLE_01_BEFORE_M_BND_0020.wav,MS09_X15_BATTLE_01_BEFORE_M_BND_0020,314,314,314,315,Benedict,main,male,benedict,assets/triangle-strategy/approved_voice_references/benedict.wav,ไม่จำเป็นต้องเล่นละครขอรับนายท่าน ชีวิตของเขาจบสิ้นตั้งแต่ที่เราถูกพบแล้ว,,,PENDING_MANUAL_GENERATION,,triangle-strategy
311,MS09_X15_BATTLE_01_BEFORE_M_ELA_0010.wav,MS09_X15_BATTLE_01_BEFORE_M_ELA_0010,315,315,315,316,Erador,main,male,erador,assets/triangle-strategy/approved_voice_references/erador.wav,ต้องมีคนกลบรอยเท้าตัวเองแน่,,,PENDING_MANUAL_GENERATION,,triangle-strategy
312,MS09_X15_BATTLE_01_BEFORE_M_SEL_0010.wav,MS09_X15_BATTLE_01_BEFORE_M_SEL_0010,316,316,316,317,Serenoa,main,male,serenoa,assets/triangle-strategy/approved_voice_references/serenoa.wav,เจออะไรบ้างไหม?,,,PENDING_MANUAL_GENERATION,,triangle-strategy
313,MS09_X15_BATTLE_01_BEFORE_M_SEL_0020.wav,MS09_X15_BATTLE_01_BEFORE_M_SEL_0020,317,317,317,318,Serenoa,main,male,serenoa,assets/triangle-strategy/approved_voice_references/serenoa.wav,พวกเรากำลังเดินทางไปที่-,,,PENDING_MANUAL_GENERATION,,triangle-strategy
314,MS09_X15_BATTLE_01_DRAMA_M_BKR_0010.wav,MS09_X15_BATTLE_01_DRAMA_M_BKR_0010,318,318,318,319,บุ๊กเกอร์,npc,male,booker,,จะหลอกข้าได้ต้องมีสมองมากกว่านี้หน่อยนะ,,,BLOCKED_PENDING_REFERENCE_AUDIO,,triangle-strategy
315,MS09_X15_BATTLE_01_DRAMA_M_BKR_0020.wav,MS09_X15_BATTLE_01_DRAMA_M_BKR_0020,319,319,319,320,บุ๊กเกอร์,npc,male,booker,,นี่สำหรับที่พวกเจ้าพยายามหลอกเรา!,,,BLOCKED_PENDING_REFERENCE_AUDIO,,triangle-strategy
316,MS09_X15_BATTLE_01_DRAMA_M_BKR_0030.wav,MS09_X15_BATTLE_01_DRAMA_M_BKR_0030,320,320,320,321,บุ๊กเกอร์,npc,male,booker,,ฮ่าๆๆ! พวกเจ้าหนีฝนกระสุนไม่พ้นหรอกนะ!,,,BLOCKED_PENDING_REFERENCE_AUDIO,,triangle-strategy
317,MS09_X15_BATTLE_01_DRAMA_M_BKR_0040.wav,MS09_X15_BATTLE_01_DRAMA_M_BKR_0040,321,321,321,322,บุ๊กเกอร์,npc,male,booker,,ปะ-เป็นไปไม่ได้! คนของเราเยอะกว่าไม่ใช่หรือไง!,,,BLOCKED_PENDING_REFERENCE_AUDIO,,triangle-strategy
318,MS09_X15_BATTLE_01_DRAMA_M_BKR_0050.wav,MS09_X15_BATTLE_01_DRAMA_M_BKR_0050,322,322,322,323,บุ๊กเกอร์,npc,male,booker,,ชิ... ข้าไม่ยอมให้ใครมาหยามเกียรติตระกูลเอนด์หรอก!,,,BLOCKED_PENDING_REFERENCE_AUDIO,,triangle-strategy
319,MS09_X15_BATTLE_01_DRAMA_M_BKR_0060.wav,MS09_X15_BATTLE_01_DRAMA_M_BKR_0060,323,323,323,324,บุ๊กเกอร์,npc,male,booker,,โอย... พวกเจ้าช่างโง่เขลาเหลือเกิน... ที่พยายามฝืนสู้ในสิ่งที่เลี่ยงไม่ได้...,,,BLOCKED_PENDING_REFERENCE_AUDIO,,triangle-strategy
320,MS09_X15_BATTLE_01_DRAMA_M_BKR_0070.wav,MS09_X15_BATTLE_01_DRAMA_M_BKR_0070,324,324,324,325,บุ๊กเกอร์,npc,male,booker,,แย่จริง เหมือนว่าข้าต้องลงมือสังหารพวกเจ้าเองซะแล้ว,,,BLOCKED_PENDING_REFERENCE_AUDIO,,triangle-strategy
321,MS09_X15_BATTLE_01_DRAMA_M_BKR_0080.wav,MS09_X15_BATTLE_01_DRAMA_M_BKR_0080,325,325,325,326,บุ๊กเกอร์,npc,male,booker,,ไม่นะ... ข้าหยุดพวกมันไม่ได้... ข้าทำให้ตระกูลเอนด์ผิดหวัง...,,,BLOCKED_PENDING_REFERENCE_AUDIO,,triangle-strategy
322,MS09_X15_BATTLE_01_DRAMA_M_BND_0010.wav,MS09_X15_BATTLE_01_DRAMA_M_BND_0010,326,326,326,327,Benedict,main,male,benedict,assets/triangle-strategy/approved_voice_references/benedict.wav,อาจจะใช่ แต่เจ้าเอาชนะเราที่กำลังพลไม่ได้!,,,PENDING_MANUAL_GENERATION,,triangle-strategy
323,MS09_X15_BATTLE_01_DRAMA_M_ELA_0010.wav,MS09_X15_BATTLE_01_DRAMA_M_ELA_0010,327,327,327,328,Erador,main,male,erador,assets/triangle-strategy/approved_voice_references/erador.wav,พวกมันใช้พื้นที่สูง เพื่อทำให้เราเสียเปรียบสินะ,,,PENDING_MANUAL_GENERATION,,triangle-strategy
324,MS09_X15_BATTLE_01_DRAMA_M_RLN_0010.wav,MS09_X15_BATTLE_01_DRAMA_M_RLN_0010,328,328,328,329,Roland,main,male,roland,assets/triangle-strategy/approved_voice_references/roland.wav,เซเรโนอา ต้องทำอะไรสักอย่างแล้วนะ ขืนหยุดเคลื่อนไหวเมื่อไหร่พวกเราโดนยิงแน่,,,PENDING_MANUAL_GENERATION,,triangle-strategy
325,MS09_X15_BATTLE_01_DRAMA_M_SEL_0010.wav,MS09_X15_BATTLE_01_DRAMA_M_SEL_0010,329,329,329,330,Serenoa,main,male,serenoa,assets/triangle-strategy/approved_voice_references/serenoa.wav,เราต้องหยุดเรื่องนี้ให้ได้ ปราบพวกมันให้หมด!,,,PENDING_MANUAL_GENERATION,,triangle-strategy
326,MS09_X15_BATTLE_01_DRAMA_M_SEL_0020.wav,MS09_X15_BATTLE_01_DRAMA_M_SEL_0020,330,330,330,331,Serenoa,main,male,serenoa,assets/triangle-strategy/approved_voice_references/serenoa.wav,ระวังนักธนูข้างบนด้วยล่ะ!,,,PENDING_MANUAL_GENERATION,,triangle-strategy
327,MS09_X15_C0_0010_M_BKR_0010.wav,MS09_X15_C0_0010_M_BKR_0010,331,331,331,332,บุ๊กเกอร์,npc,male,booker,,ขอรับท่านรัฐมนตรี ช่วยตามมาที่โถงใหญ่ด้วยขอรับ พวกเราจะคุยรายละเอียดกันที่นั่น,,,BLOCKED_PENDING_REFERENCE_AUDIO,,triangle-strategy
328,MS09_X15_C0_0010_M_BND_0010.wav,MS09_X15_C0_0010_M_BND_0010,332,332,332,333,Benedict,main,male,benedict,assets/triangle-strategy/approved_voice_references/benedict.wav,เขาหมายถึง ท่านไม่ควรพูดโจ่งแจ้งเช่นนี้ขอรับนายท่าน,,,PENDING_MANUAL_GENERATION,,triangle-strategy
329,MS09_X15_C0_0010_M_BND_0020.wav,MS09_X15_C0_0010_M_BND_0020,333,333,333,334,Benedict,main,male,benedict,assets/triangle-strategy/approved_voice_references/benedict.wav,สิ่งสำคัญคือการพูดให้น้อยที่สุดเท่าที่ทำได้เพื่อไม่ให้...เกิดปัญหาตามมา บางทีอาจจะมีคนแอบฟังเราอยู่ก็ได้ขอรับ,,,PENDING_MANUAL_GENERATION,,triangle-strategy
330,MS09_X15_C0_0010_M_BND_0030.wav,MS09_X15_C0_0010_M_BND_0030,334,334,334,335,Benedict,main,male,benedict,assets/triangle-strategy/approved_voice_references/benedict.wav,ขออภัยด้วย ท่านรัฐมนตรี อย่าลืมสิ่งที่จะมอบให้เราเป็นการตอบแทนนะขอรับ,,,PENDING_MANUAL_GENERATION,,triangle-strategy
331,MS09_X15_C0_0010_M_SEL_0010.wav,MS09_X15_C0_0010_M_SEL_0010,335,335,335,336,Serenoa,main,male,serenoa,assets/triangle-strategy/approved_voice_references/serenoa.wav,ตามที่ท่านไหว้วานขอรับ จะไม่มีใครรู้ว่าเราจะไปส่งเกลือที่-,,,PENDING_MANUAL_GENERATION,,triangle-strategy
332,MS09_X15_C0_0010_M_SLS_0010.wav,MS09_X15_C0_0010_M_SLS_0010,337,337,337,338,Sorsley,npc,male,sorsley,assets/triangle-strategy/approved_voice_references/sorsley.wav,สรุปแล้วท่านยอมรับข้อเสนอของข้าไว้สินะ ตัดสินใจได้ดีขอรับ ลอร์ดเซเรโนอา,,,PENDING_MANUAL_GENERATION,,triangle-strategy
333,MS09_X15_C0_0010_M_SLS_0020.wav,MS09_X15_C0_0010_M_SLS_0020,338,338,338,339,Sorsley,npc,male,sorsley,assets/triangle-strategy/approved_voice_references/sorsley.wav,ดูเหมือนว่าท่านยังเด็กและอ่อนประสบการณ์สินะ,,,PENDING_MANUAL_GENERATION,,triangle-strategy
334,MS09_X15_C0_0010_M_SLS_0030.wav,MS09_X15_C0_0010_M_SLS_0030,339,339,339,340,Sorsley,npc,male,sorsley,assets/triangle-strategy/approved_voice_references/sorsley.wav,เหอะ ท่านโชคดีเหลือเกินที่มีข้ารับใช้ผู้รอบรู้เช่นนี้,,,PENDING_MANUAL_GENERATION,,triangle-strategy
335,MS09_X15_C0_0010_M_SLS_0040.wav,MS09_X15_C0_0010_M_SLS_0040,340,340,340,341,Sorsley,npc,male,sorsley,assets/triangle-strategy/approved_voice_references/sorsley.wav,ข้าไม่ผิดสัญญาหรอกน่า บุ๊กเกอร์ ฝากเตรียมที่เหลือให้ด้วยนะ,,,PENDING_MANUAL_GENERATION,,triangle-strategy
336,MS09_X15_C0_0020_F_ANA_0010.wav,MS09_X15_C0_0020_F_ANA_0010,341,341,341,342,Anna,main,female,anna,assets/triangle-strategy/approved_voice_references/anna.wav,ข้าไปสำรวจเส้นทางมาแล้ว ทางลัดของเราจะผ่านหุบเขาเจ้าค่ะ,,,PENDING_MANUAL_GENERATION,,triangle-strategy
337,MS09_X15_C0_0020_F_FRE_0020.wav,MS09_X15_C0_0020_F_FRE_0020,342,342,342,343,Frederica,main,female,frederica,assets/triangle-strategy/approved_voice_references/frederica.wav,เอราดอร์...,,,PENDING_MANUAL_GENERATION,,triangle-strategy
338,MS09_X15_C0_0020_F_HEW_0010.wav,MS09_X15_C0_0020_F_HEW_0010,343,343,343,344,Hughette,main,female,hughette,assets/triangle-strategy/approved_voice_references/hughette.wav,แสดงว่าท่านจะใช้สินค้าผิดกฎหมายเป็นหลักฐานมัดตัวรัฐมนตรีซอสเลย์ ต่อหัวหน้านักบวชสินะ,,,PENDING_MANUAL_GENERATION,,triangle-strategy
339,MS09_X15_C0_0020_F_HEW_0020.wav,MS09_X15_C0_0020_F_HEW_0020,344,344,344,345,Hughette,main,female,hughette,assets/triangle-strategy/approved_voice_references/hughette.wav,ถูกต้อง คนไม่เชื่อใจเขาก็มีอยู่เหมือนกัน ดูรัฐมนตรีเอกซ์เฮมเป็นตัวอย่างสิเจ้าคะ,,,PENDING_MANUAL_GENERATION,,triangle-strategy
340,MS09_X15_C0_0020_F_YRA_0010.wav,MS09_X15_C0_0020_F_YRA_0010,345,345,345,346,Geela,main,female,geela,assets/triangle-strategy/approved_voice_references/geela.wav,แต่เกลือแค่นี้จะส่งหนึ่งในเจ็ดผู้ศักดิ์สิทธิ์เข้าคุกได้เหรอ?,,,PENDING_MANUAL_GENERATION,,triangle-strategy
341,MS09_X15_C0_0020_F_YRA_0020.wav,MS09_X15_C0_0020_F_YRA_0020,346,346,346,347,Geela,main,female,geela,assets/triangle-strategy/approved_voice_references/geela.wav,เขาคือคนที่มีอำนาจและเส้นสายมากพอที่จะหลุดพ้นข้อกล่าวหาเป็นปีๆเลยนะ,,,PENDING_MANUAL_GENERATION,,triangle-strategy
342,MS09_X15_C0_0020_F_YRA_0030.wav,MS09_X15_C0_0020_F_YRA_0030,347,347,347,348,Geela,main,female,geela,assets/triangle-strategy/approved_voice_references/geela.wav,ถ้าเราไม่วางแผนอย่างสมบูรณ์ มีหวังเราโดนขังคุกแทนแน่,,,PENDING_MANUAL_GENERATION,,triangle-strategy
343,MS09_X15_C0_0020_M_BND_0010.wav,MS09_X15_C0_0020_M_BND_0010,348,348,348,349,Benedict,main,male,benedict,assets/triangle-strategy/approved_voice_references/benedict.wav,เขาอาจสงสัยในเจตนาอันแท้จริงของเราก็ได้ ยังไงก็เถอะ...,,,PENDING_MANUAL_GENERATION,,triangle-strategy
344,MS09_X15_C0_0020_M_BND_0020.wav,MS09_X15_C0_0020_M_BND_0020,349,349,349,350,Benedict,main,male,benedict,assets/triangle-strategy/approved_voice_references/benedict.wav,รัฐมนตรีซอสเลย์ขอให้เราส่งเกลือผิดกฎหมายไปยังเอสฟรอสต์โดยใช้เส้นทางลับ,,,PENDING_MANUAL_GENERATION,,triangle-strategy
345,MS09_X15_C0_0020_M_BND_0030.wav,MS09_X15_C0_0020_M_BND_0030,350,350,350,351,Benedict,main,male,benedict,assets/triangle-strategy/approved_voice_references/benedict.wav,เราจะเล่นละครตบตาเหมือนว่าเดินทางไปเอสฟรอสต์ แต่แท้จริงแล้วจุดหมายปลายทางของเราคือไฮแซนต์,,,PENDING_MANUAL_GENERATION,,triangle-strategy
346,MS09_X15_C0_0020_M_BND_0040.wav,MS09_X15_C0_0020_M_BND_0040,351,351,351,352,Benedict,main,male,benedict,assets/triangle-strategy/approved_voice_references/benedict.wav,เราแค่ไปให้ถึงเมืองหลวงก็พอ,,,PENDING_MANUAL_GENERATION,,triangle-strategy
347,MS09_X15_C0_0020_M_BND_0050.wav,MS09_X15_C0_0020_M_BND_0050,352,352,352,353,Benedict,main,male,benedict,assets/triangle-strategy/approved_voice_references/benedict.wav,แม้ว่าเจ็ดผู้ศักดิ์สิทธิ์ดูเหมือนจะสามัคคีกัน แต่หาใช่ว่าภายในพวกเขาจะไม่ร้าวฉาน ถ้าเรากดดันพวกเขาสำเร็จ ซอสเลย์จบเห่แน่นอน,,,PENDING_MANUAL_GENERATION,,triangle-strategy
348,MS09_X15_C0_0020_M_ELA_0005.wav,MS09_X15_C0_0020_M_ELA_0005,353,353,353,354,Erador,main,male,erador,assets/triangle-strategy/approved_voice_references/erador.wav,ถูกต้อง ลูกน้องของมันจ้องเบเนดิกต์ไม่หยุดเลย,,,PENDING_MANUAL_GENERATION,,triangle-strategy
349,MS09_X15_C0_0020_M_ELA_0010.wav,MS09_X15_C0_0020_M_ELA_0010,354,354,354,355,Erador,main,male,erador,assets/triangle-strategy/approved_voice_references/erador.wav,ตามบัญชาขอรับ!,,,PENDING_MANUAL_GENERATION,,triangle-strategy
350,MS09_X15_C0_0020_M_ELA_0020.wav,MS09_X15_C0_0020_M_ELA_0020,355,355,355,356,Erador,main,male,erador,assets/triangle-strategy/approved_voice_references/erador.wav,อะแฮ่ม ลืมเลย ข้าจะเบาเสียงนะ...,,,PENDING_MANUAL_GENERATION,,triangle-strategy
351,MS09_X15_C0_0020_M_RLN_0010.wav,MS09_X15_C0_0020_M_RLN_0010,356,356,356,357,Roland,main,male,roland,assets/triangle-strategy/approved_voice_references/roland.wav,เจรจากับรัฐมนตรีซอสเลย์สำเร็จใช่ไหม?,,,PENDING_MANUAL_GENERATION,,triangle-strategy
352,MS09_X15_C0_0020_M_SEL_0010.wav,MS09_X15_C0_0020_M_SEL_0010,357,357,357,358,Serenoa,main,male,serenoa,assets/triangle-strategy/approved_voice_references/serenoa.wav,มีคนอื่นอยู่ด้วยขอรับ อย่าพึ่งชะล่าใจไปเลย,,,PENDING_MANUAL_GENERATION,,triangle-strategy
353,MS09_X15_C0_0020_M_SEL_0020.wav,MS09_X15_C0_0020_M_SEL_0020,358,358,358,359,Serenoa,main,male,serenoa,assets/triangle-strategy/approved_voice_references/serenoa.wav,เราไม่ควรไขว้เขวในสิ่งที่เราตัดสินใจเลือกนะขอรับ หากท่านรู้สึกกังวลใจ,,,PENDING_MANUAL_GENERATION,,triangle-strategy
354,MS09_X15_C0_0020_M_SEL_0030.wav,MS09_X15_C0_0020_M_SEL_0030,359,359,359,360,Serenoa,main,male,serenoa,assets/triangle-strategy/approved_voice_references/serenoa.wav,บอกพวกเขาไปเลย เบเนดิกต์,,,PENDING_MANUAL_GENERATION,,triangle-strategy
355,MS09_X15_C0_0020_M_SEL_0040.wav,MS09_X15_C0_0020_M_SEL_0040,360,360,360,361,Serenoa,main,male,serenoa,assets/triangle-strategy/approved_voice_references/serenoa.wav,จริงด้วยนะ เอาล่ะ เที่ยงคืนเราจะออกเดินทางกัน,,,PENDING_MANUAL_GENERATION,,triangle-strategy
356,MS09_X15_C0_0030_M_BKR_0010.wav,MS09_X15_C0_0030_M_BKR_0010,361,361,361,362,บุ๊กเกอร์,npc,male,booker,,คนรับใช้ของข้าพบเห็นหญิงน่าสงสัยคนหนึ่ง นางกำลังสำรวจเส้นทางสู่เมืองหลวงขอรับ,,,BLOCKED_PENDING_REFERENCE_AUDIO,,triangle-strategy
357,MS09_X15_C0_0030_M_BKR_0020.wav,MS09_X15_C0_0030_M_BKR_0020,362,362,362,363,บุ๊กเกอร์,npc,male,booker,,ดูจากรูปพรรณสัณฐาน นางต้องเป็นแอนนาแห่งวูล์ฟฟอร์ตแน่นอน,,,BLOCKED_PENDING_REFERENCE_AUDIO,,triangle-strategy
358,MS09_X15_C0_0030_M_BKR_0030.wav,MS09_X15_C0_0030_M_BKR_0030,363,363,363,364,บุ๊กเกอร์,npc,male,booker,,นางคือมือขวาของเบเนดิกต์ขอรับ,,,BLOCKED_PENDING_REFERENCE_AUDIO,,triangle-strategy
359,MS09_X15_C0_0030_M_BKR_0040.wav,MS09_X15_C0_0030_M_BKR_0040,364,364,364,365,บุ๊กเกอร์,npc,male,booker,,เรื่องนี้อันตรายเกินกว่าจะเพิกเฉยนะขอรับ ท่านรัฐมนตรี,,,BLOCKED_PENDING_REFERENCE_AUDIO,,triangle-strategy
360,MS09_X15_C0_0030_M_BKR_0050.wav,MS09_X15_C0_0030_M_BKR_0050,365,365,365,366,บุ๊กเกอร์,npc,male,booker,,แน่นอนขอรับ ข้าส่งทหารไปก่อนหน้านี้แล้ว อีกไม่ช้าข้าจะตามพวกเขาไปด้วย,,,BLOCKED_PENDING_REFERENCE_AUDIO,,triangle-strategy
361,MS09_X15_C0_0030_M_SLS_0010.wav,MS09_X15_C0_0030_M_SLS_0010,366,366,366,367,Sorsley,npc,male,sorsley,assets/triangle-strategy/approved_voice_references/sorsley.wav,วูล์ฟฟอร์ตจะหักหลังข้าเหรอ? ทำไมถึงคิดเช่นนั้นล่ะ?,,,PENDING_MANUAL_GENERATION,,triangle-strategy
362,MS09_X15_C0_0030_M_SLS_0020.wav,MS09_X15_C0_0030_M_SLS_0020,367,367,367,368,Sorsley,npc,male,sorsley,assets/triangle-strategy/approved_voice_references/sorsley.wav,นางเป็นลูกน้องเขาเหรอเนี่ย? เข้าใจแล้ว... พวกมันกำลังหาหลักฐานมัดตัวข้าสินะ,,,PENDING_MANUAL_GENERATION,,triangle-strategy
363,MS09_X15_C0_0030_M_SLS_0030.wav,MS09_X15_C0_0030_M_SLS_0030,368,368,368,369,Sorsley,npc,male,sorsley,assets/triangle-strategy/approved_voice_references/sorsley.wav,ถูกต้อง แล้วเจ้าช่วยจัดการก่อนที่จะเกิดปัญหาได้ไหมล่ะ?,,,PENDING_MANUAL_GENERATION,,triangle-strategy
364,MS09_X15_C0_2010_M_BND_0010.wav,MS09_X15_C0_2010_M_BND_0010,369,369,369,370,Benedict,main,male,benedict,assets/triangle-strategy/approved_voice_references/benedict.wav,ว่าแต่รัฐมนตรีเอกซ์เฮมจะกลับมาที่เมืองหลวงเมื่อใดหรือขอรับ?,,,PENDING_MANUAL_GENERATION,,triangle-strategy
365,MS09_X15_C0_2010_M_BND_0020.wav,MS09_X15_C0_2010_M_BND_0020,370,370,370,371,Benedict,main,male,benedict,assets/triangle-strategy/approved_voice_references/benedict.wav,เขาต้องการให้เราหาหลักฐานเพิ่มเติม ก่อนที่จะตกลงช่วยเรา,,,PENDING_MANUAL_GENERATION,,triangle-strategy
366,MS09_X15_C0_2010_M_BND_0030.wav,MS09_X15_C0_2010_M_BND_0030,371,371,371,372,Benedict,main,male,benedict,assets/triangle-strategy/approved_voice_references/benedict.wav,ขนาดเจ็ดผู้ศักดิ์สิทธิ์ยังต้องอาศัยหลักฐานที่ชัดเจนในการเคลื่อนไหวสินะ...,,,PENDING_MANUAL_GENERATION,,triangle-strategy
367,MS09_X15_C0_2010_M_KNS_0010.wav,MS09_X15_C0_2010_M_KNS_0010,372,372,372,373,แคมเซลล์,npc,male,kamsell,,ขอบคุณที่นำเรื่องนี้มาแจ้งให้ทราบนะ แต่หลักฐานเพียงแค่เกลืออย่างเดียวคงยังไม่พอหรอก,,,BLOCKED_PENDING_REFERENCE_AUDIO,,triangle-strategy
368,MS09_X15_C0_2010_M_KNS_0020.wav,MS09_X15_C0_2010_M_KNS_0020,373,373,373,374,แคมเซลล์,npc,male,kamsell,,เราแยกเกลือผิดกฎหมายกับถูกกฎหมายไม่ออกซะหน่อย,,,BLOCKED_PENDING_REFERENCE_AUDIO,,triangle-strategy
369,MS09_X15_C0_2010_M_KNS_0030.wav,MS09_X15_C0_2010_M_KNS_0030,374,374,374,375,แคมเซลล์,npc,male,kamsell,,ข้ารับรู้เรื่องนั้นแล้ว แต่มันก็แค่ข่าวลือ แถมมาจากคนนอกด้วย,,,BLOCKED_PENDING_REFERENCE_AUDIO,,triangle-strategy
370,MS09_X15_C0_2010_M_KNS_0040.wav,MS09_X15_C0_2010_M_KNS_0040,375,375,375,376,แคมเซลล์,npc,male,kamsell,,แต่ข้าอดสงสัยไม่ได้จริงๆ ว่าข่าวลือนี้จงใจสร้างความร้าวฉานระหว่างเรากับซอสเลย์รึเปล่า มิเช่นนั้นอาณาจักรวุ่นวายแน่,,,BLOCKED_PENDING_REFERENCE_AUDIO,,triangle-strategy
371,MS09_X15_C0_2010_M_KNS_0050.wav,MS09_X15_C0_2010_M_KNS_0050,376,376,376,377,แคมเซลล์,npc,male,kamsell,,ที่ข้าพูดไม่ได้หมายความว่าจะสงสัยในเจตนารมณ์ของพวกท่านหรอกนะ,,,BLOCKED_PENDING_REFERENCE_AUDIO,,triangle-strategy
372,MS09_X15_C0_2010_M_KNS_0060.wav,MS09_X15_C0_2010_M_KNS_0060,377,377,377,378,แคมเซลล์,npc,male,kamsell,,พูดยากนะ เขาเป็นคนยุ่งๆน่ะ,,,BLOCKED_PENDING_REFERENCE_AUDIO,,triangle-strategy
373,MS09_X15_C0_2010_M_KNS_0070.wav,MS09_X15_C0_2010_M_KNS_0070,378,378,378,379,แคมเซลล์,npc,male,kamsell,,แต่การขจัดปัญหาการฉ้อโกง คือหน้าที่ของตระกูลแฟแรนท์อยู่แล้ว,,,BLOCKED_PENDING_REFERENCE_AUDIO,,triangle-strategy
374,MS09_X15_C0_2010_M_KNS_0080.wav,MS09_X15_C0_2010_M_KNS_0080,379,379,379,380,แคมเซลล์,npc,male,kamsell,,หากท่านพบสิ่งใด โปรดแจ้งให้ข้าทราบด้วย,,,BLOCKED_PENDING_REFERENCE_AUDIO,,triangle-strategy
375,MS09_X15_C0_2010_M_SEL_0010.wav,MS09_X15_C0_2010_M_SEL_0010,380,380,380,381,Serenoa,main,male,serenoa,assets/triangle-strategy/approved_voice_references/serenoa.wav,ในฐานะที่ท่านเป็นรัฐมนตรีแห่งกิจการภายในประเทศ แน่นอนว่าข่าวลือคงถึงหูท่านแล้วสินะขอรับ,,,PENDING_MANUAL_GENERATION,,triangle-strategy
376,MS09_X15_C0_2010_M_SEL_0020.wav,MS09_X15_C0_2010_M_SEL_0020,381,381,381,382,Serenoa,main,male,serenoa,assets/triangle-strategy/approved_voice_references/serenoa.wav,ด้วยตำแหน่งของท่าน ข้าเข้าใจดีว่าท่านมีเหตุสมควรในการสงสัยขอรับ,,,PENDING_MANUAL_GENERATION,,triangle-strategy
377,MS09_X15_C0_2010_M_SEL_0030.wav,MS09_X15_C0_2010_M_SEL_0030,382,382,382,383,Serenoa,main,male,serenoa,assets/triangle-strategy/approved_voice_references/serenoa.wav,...ขอรับ,,,PENDING_MANUAL_GENERATION,,triangle-strategy
378,MS09_X15_C0_3010_M_CLR_0010.wav,MS09_X15_C0_3010_M_CLR_0010,383,383,383,384,แคลรุส,npc,male,clarus,,แสดงว่าข่าวลือเป็นจริงสินะขอรับ รัฐมนตรีแคมเซลล์?,,,BLOCKED_PENDING_REFERENCE_AUDIO,,triangle-strategy
379,MS09_X15_C0_3010_M_CLR_0020.wav,MS09_X15_C0_3010_M_CLR_0020,384,384,384,385,แคลรุส,npc,male,clarus,,เพราะแบบนี้ท่านถึงควรที่จะไปสอบสวนไงขอรับ! ท่านคือรัฐมนตรีแห่งกิจการภายในประเทศของไฮแซนต์ไม่ใช่เหรอ?,,,BLOCKED_PENDING_REFERENCE_AUDIO,,triangle-strategy
380,MS09_X15_C0_3010_M_CLR_0030.wav,MS09_X15_C0_3010_M_CLR_0030,385,385,385,386,แคลรุส,npc,male,clarus,,ยิ่งวันตลาดเกลือผิดกฎหมายยิ่งเติบโต แถมกิจการของเราได้รับผลกระทบนะขอรับ,,,BLOCKED_PENDING_REFERENCE_AUDIO,,triangle-strategy
381,MS09_X15_C0_3010_M_CLR_0040.wav,MS09_X15_C0_3010_M_CLR_0040,386,386,386,387,แคลรุส,npc,male,clarus,,ถ้าเป็นท่านคงทำไม่ได้ แต่ตอนนี้เริ่มดำเนินแผนสำรองหรือยังขอรับ?,,,BLOCKED_PENDING_REFERENCE_AUDIO,,triangle-strategy
382,MS09_X15_C0_3010_M_KNS_0010.wav,MS09_X15_C0_3010_M_KNS_0010,387,387,387,388,แคมเซลล์,npc,male,kamsell,,ว่ายังไงนะ? ใครบังอาจส่งทหารไปสู้รบที่ชายแดนกัน?,,,BLOCKED_PENDING_REFERENCE_AUDIO,,triangle-strategy
383,MS09_X15_C0_3010_M_KNS_0020.wav,MS09_X15_C0_3010_M_KNS_0020,388,388,388,389,แคมเซลล์,npc,male,kamsell,,ซอสเลย์... พักนี้ชักไปกันใหญ่แล้วนะ,,,BLOCKED_PENDING_REFERENCE_AUDIO,,triangle-strategy
384,MS09_X15_C0_3010_M_KNS_0030.wav,MS09_X15_C0_3010_M_KNS_0030,389,389,389,390,แคมเซลล์,npc,male,kamsell,,ตอนนี้ยังไม่มีข้อพิสูจน์ชี้ชัดว่าตระกูลเอนด์มีส่วนร่วมในการค้าเกลือผิดกฎหมายหรือเปล่า,,,BLOCKED_PENDING_REFERENCE_AUDIO,,triangle-strategy
385,MS09_X15_C0_3010_M_KNS_0040.wav,MS09_X15_C0_3010_M_KNS_0040,390,390,390,391,แคมเซลล์,npc,male,kamsell,,หากไม่มีคำอนุญาตจากหัวหน้านักบวช ข้าก็ทำอะไรเจ็ดผู้ศักดิ์สิทธิ์ไม่ได้,,,BLOCKED_PENDING_REFERENCE_AUDIO,,triangle-strategy
386,MS09_X15_C0_3010_M_KNS_0050.wav,MS09_X15_C0_3010_M_KNS_0050,391,391,391,392,แคมเซลล์,npc,male,kamsell,,...เจ้าหมายถึงเอกซ์เฮมสินะ,,,BLOCKED_PENDING_REFERENCE_AUDIO,,triangle-strategy
387,MS09_X15_C0_3010_M_KNS_0060.wav,MS09_X15_C0_3010_M_KNS_0060,392,392,392,393,แคมเซลล์,npc,male,kamsell,,ถึงยังไงข้าก็ไม่สามารถลงมือได้ตามพลการ ความมั่นคงแห่งอาณาจักรต้องมาก่อนเสมอ,,,BLOCKED_PENDING_REFERENCE_AUDIO,,triangle-strategy
388,MS09_X15_C0_3010_M_M068_0010.wav,MS09_X15_C0_3010_M_M068_0010,393,393,393,394,ผู้ติดตาม,generic,male,MALE_ADULT_A,assets/triangle-strategy/approved_voice_references/MALE_ADULT_A.wav,ดูจากการแต่งกายแล้ว เหมือนจะเป็นทหารตระกูลเอนด์ขอรับ,,,PENDING_MANUAL_GENERATION,,triangle-strategy
389,MS09_X15_RESEARCH_01_BEFORE_F_FRE_0010.wav,MS09_X15_RESEARCH_01_BEFORE_F_FRE_0010,394,394,394,395,Frederica,main,female,frederica,assets/triangle-strategy/approved_voice_references/frederica.wav,ดีจังที่ไม่มีใครตามเรามา,,,PENDING_MANUAL_GENERATION,,triangle-strategy
390,MS09_X15_RESEARCH_01_BEFORE_F_HEW_0010.wav,MS09_X15_RESEARCH_01_BEFORE_F_HEW_0010,395,395,395,396,Hughette,main,female,hughette,assets/triangle-strategy/approved_voice_references/hughette.wav,อืม ที่นี่คงทำให้ผู้ล่าถือไพ่เหนือกว่าแน่นอน,,,PENDING_MANUAL_GENERATION,,triangle-strategy
391,MS09_X15_RESEARCH_01_BEFORE_M_BND_0010.wav,MS09_X15_RESEARCH_01_BEFORE_M_BND_0010,396,396,396,397,Benedict,main,male,benedict,assets/triangle-strategy/approved_voice_references/benedict.wav,ถูกต้อง ข้าคิดว่าทำเลเช่นนี้เหมาะสมแก่การลอบโจมตีอย่างมาก,,,PENDING_MANUAL_GENERATION,,triangle-strategy
392,MS09_X15_RESEARCH_01_BEFORE_M_ELA_0010.wav,MS09_X15_RESEARCH_01_BEFORE_M_ELA_0010,397,397,397,398,Erador,main,male,erador,assets/triangle-strategy/approved_voice_references/erador.wav,อย่าพึ่งนิ่งนอนใจสิท่านหญิง การทำเช่นนั้นจะเผยช่องโหว่ให้ศัตรูจู่โจมนะขอรับ,,,PENDING_MANUAL_GENERATION,,triangle-strategy
393,MS09_X15_RESEARCH_01_BEFORE_M_ELA_0020.wav,MS09_X15_RESEARCH_01_BEFORE_M_ELA_0020,398,398,398,399,Erador,main,male,erador,assets/triangle-strategy/approved_voice_references/erador.wav,ใช่ไหมล่ะ เบเนดิกต์?,,,PENDING_MANUAL_GENERATION,,triangle-strategy
394,MS09_X15_RESEARCH_01_BEFORE_M_SEL_0010.wav,MS09_X15_RESEARCH_01_BEFORE_M_SEL_0010,399,399,399,400,Serenoa,main,male,serenoa,assets/triangle-strategy/approved_voice_references/serenoa.wav,เราสำรวจพื้นที่เผื่อไว้ก่อนดีกว่า,,,PENDING_MANUAL_GENERATION,,triangle-strategy
395,MS09_X15_WD_0010_N_NNN_0010.wav,MS09_X15_WD_0010_N_NNN_0010,400,400,400,401,Narrator,narrator,female,narrator,assets/triangle-strategy/approved_voice_references/narrator.wav,ซอสเลย์มอบหมายให้วูล์ฟฟอร์ตลักลอบเกลือผิดกฎหมาย แลกกับความช่วยเหลือของเขา,,,PENDING_MANUAL_GENERATION,,triangle-strategy
396,MS09_X15_WD_0010_N_NNN_0020.wav,MS09_X15_WD_0010_N_NNN_0020,401,401,401,402,Narrator,narrator,female,narrator,assets/triangle-strategy/approved_voice_references/narrator.wav,อย่างไรก็ดี เซเรโนอาต้องการจะเปิดโปงความผิดของเขาให้รัฐศักดิ์สิทธิ์ไฮแซนต์ได้รับรู้,,,PENDING_MANUAL_GENERATION,,triangle-strategy
397,MS09_X15_WD_0010_N_NNN_0030.wav,MS09_X15_WD_0010_N_NNN_0030,402,402,402,403,Narrator,narrator,female,narrator,assets/triangle-strategy/approved_voice_references/narrator.wav,เพื่อการนั้น เขาจึงต้องสืบสวนปัญหาภายในอาณาจักรแห่งนี้โดยที่ซอสเลย์ไม่สังเกตเห็น,,,PENDING_MANUAL_GENERATION,,triangle-strategy
398,MS09_X15_WD_0020_N_NNN_0010.wav,MS09_X15_WD_0020_N_NNN_0010,403,403,403,404,Narrator,narrator,female,narrator,assets/triangle-strategy/approved_voice_references/narrator.wav,เซเรโนอากับผองเพื่อนเดินทางออกจากปราการแห่งผืนทรายในยามค่ำคืน พร้อมมุ่งหน้าสู่มหานครไฮแซนต์,,,PENDING_MANUAL_GENERATION,,triangle-strategy
399,MS09_X15_WD_0020_N_NNN_0020.wav,MS09_X15_WD_0020_N_NNN_0020,404,404,404,405,Narrator,narrator,female,narrator,assets/triangle-strategy/approved_voice_references/narrator.wav,แม้ยามราตรีไร้ซึ่งแสงจันทร์ แต่ความหวังนั้นคือแสงริบหรี่ที่นำทางพวกเขาให้มุ่งเดินต่อไป,,,PENDING_MANUAL_GENERATION,,triangle-strategy
400,MS09_X15_WD_0030_N_NNN_0010.wav,MS09_X15_WD_0030_N_NNN_0010,405,405,405,406,Narrator,narrator,female,narrator,assets/triangle-strategy/approved_voice_references/narrator.wav,หลังจากที่รอดชีวิตจากการซุ่มโจมตีของบุ๊กเกอร์ เซเรโนอากับผองเพื่อนได้เดินทางมาถึงมหานครไฮแซนต์,,,PENDING_MANUAL_GENERATION,,triangle-strategy
401,MS09_X15_WD_0030_N_NNN_0020.wav,MS09_X15_WD_0030_N_NNN_0020,406,406,406,407,Narrator,narrator,female,narrator,assets/triangle-strategy/approved_voice_references/narrator.wav,โชคร้ายที่เอกซ์เฮมไม่อยู่ที่นี่ระหว่างที่พวกเขากำลังเปิดโปงความผิดของตระกูลเอนด์ และถูกปฏิเสธการเข้าพบหัวหน้านักบวช,,,PENDING_MANUAL_GENERATION,,triangle-strategy
402,MS09_X15_WD_0030_N_NNN_0030.wav,MS09_X15_WD_0030_N_NNN_0030,407,407,407,408,Narrator,narrator,female,narrator,assets/triangle-strategy/approved_voice_references/narrator.wav,ถึงอย่างไร รัฐมนตรีแคมเซลล์ แฟแรนท์ เจ็ดผู้ศักดิ์สิทธิ์ผู้ดูแลกิจการภายในประเทศได้ตกลงที่จะรับฟังพวกเขา,,,PENDING_MANUAL_GENERATION,,triangle-strategy
