line_no,file_name,self_id,cue,sequence,waveform,awb_stream,character_name,role,gender,voice_target,reference_audio,thai_text,pronunciation_note,prosody_note,status,tts_text,voice_project
1,MS07_H01_A0_0010_F_CRD_0030.wav,MS07_H01_A0_0010_F_CRD_0030,2,2,2,3,คอร์เดเลีย,npc,female,cordelia,assets/triangle-strategy/approved_voice_references/cordelia.wav,ท่านพ่อ...,,,PENDING_MANUAL_GENERATION,,triangle-strategy
2,MS07_H01_A0_0010_F_ERK_0010.wav,MS07_H01_A0_0010_F_ERK_0010,3,3,3,4,เอริก้า,npc,female,erika,assets/triangle-strategy/approved_voice_references/erika.wav,ขอบใจที่มาส่งนะ ตอนนี้เจ้าไปได้แล้วล่ะ,,,PENDING_MANUAL_GENERATION,,triangle-strategy
3,MS07_H01_A0_0010_F_ERK_0020.wav,MS07_H01_A0_0010_F_ERK_0020,4,4,4,5,เอริก้า,npc,female,erika,assets/triangle-strategy/approved_voice_references/erika.wav,ถ้างั้นช่วยนำไวน์เลิศรสกับผลไม้สดไปวางไว้ที่ห้องข้าด้วย,,,PENDING_MANUAL_GENERATION,,triangle-strategy
4,MS07_H01_A0_0010_F_ERK_0030.wav,MS07_H01_A0_0010_F_ERK_0030,5,5,5,6,เอริก้า,npc,female,erika,assets/triangle-strategy/approved_voice_references/erika.wav,เอาอกเอาใจเก่งเหลือเกินนะคนนี้,,,PENDING_MANUAL_GENERATION,,triangle-strategy
5,MS07_H01_A0_0010_F_ERK_0040.wav,MS07_H01_A0_0010_F_ERK_0040,6,6,6,7,เอริก้า,npc,female,erika,assets/triangle-strategy/approved_voice_references/erika.wav,แคว้นอื่นๆ เริ่มต่อต้านกันบ้างแล้วเจ้าค่ะ,,,PENDING_MANUAL_GENERATION,,triangle-strategy
6,MS07_H01_A0_0010_F_ERK_0050.wav,MS07_H01_A0_0010_F_ERK_0050,7,7,7,8,เอริก้า,npc,female,erika,assets/triangle-strategy/approved_voice_references/erika.wav,ลอร์ดเทลลิออร์สั่นกลัวอยู่ในแคว้นของตน ส่วนลอร์ดฟ็อลคส์ก็ไม่รู้เรื่องอะไรทั้งนั้นจนกระทั่งมันสายไปแล้ว,,,PENDING_MANUAL_GENERATION,,triangle-strategy
7,MS07_H01_A0_0010_F_ERK_0060.wav,MS07_H01_A0_0010_F_ERK_0060,8,8,8,9,เอริก้า,npc,female,erika,assets/triangle-strategy/approved_voice_references/erika.wav,หมายความว่าไงเจ้าคะ?,,,PENDING_MANUAL_GENERATION,,triangle-strategy
8,MS07_H01_A0_0010_M_GST_0010.wav,MS07_H01_A0_0010_M_GST_0010,9,9,9,10,กุสตาดอล์ฟ,npc,male,gustadolph,,เรียบร้อยแล้ว,,,BLOCKED_PENDING_REFERENCE_AUDIO,,triangle-strategy
9,MS07_H01_A0_0010_M_GST_0020.wav,MS07_H01_A0_0010_M_GST_0020,10,10,10,11,กุสตาดอล์ฟ,npc,male,gustadolph,,วูล์ฟฟอร์ตจะถูกกำจัดเป็นตระกูลสุดท้าย เดี๋ยวอัฟโลร่าจัดการส่วนนี้ให้ องค์ชายโรแลนด์จะเป็นของเราในอีกไม่ช้า,,,BLOCKED_PENDING_REFERENCE_AUDIO,,triangle-strategy
10,MS07_H01_A0_0010_M_GST_0030.wav,MS07_H01_A0_0010_M_GST_0030,11,11,11,12,กุสตาดอล์ฟ,npc,male,gustadolph,,นั่นแหละคือสิ่งที่ข้าต้องการ,,,BLOCKED_PENDING_REFERENCE_AUDIO,,triangle-strategy
11,MS07_H01_A0_0010_M_GST_0040.wav,MS07_H01_A0_0010_M_GST_0040,12,12,12,13,กุสตาดอล์ฟ,npc,male,gustadolph,,เมื่อทุกอย่างสงบลง ข้าจะให้นางครองราชย์พร้อมองครักษ์ข้างกาย,,,BLOCKED_PENDING_REFERENCE_AUDIO,,triangle-strategy
12,MS07_H01_A0_0010_M_GST_0050.wav,MS07_H01_A0_0010_M_GST_0050,13,13,13,14,กุสตาดอล์ฟ,npc,male,gustadolph,,ข้าจะประหารเร็กน่าในอีกไม่กี่วันต่อจากนี้ รวมถึงแจ้งให้พาทริเอ็ทท์ทราบแล้วด้วย,,,BLOCKED_PENDING_REFERENCE_AUDIO,,triangle-strategy
13,MS07_H01_A0_0010_M_PTR_0010.wav,MS07_H01_A0_0010_M_PTR_0010,14,14,14,15,พาทริเอ็ทท์,npc,male,patriatte,,ญาติผู้มีเกียรติของท่าน ลอร์ดธาลาส และ ท่านหญิงเอริก้า มาถึงแล้วขอรับ,,,BLOCKED_PENDING_REFERENCE_AUDIO,,triangle-strategy
14,MS07_H01_A0_0010_M_PTR_0020.wav,MS07_H01_A0_0010_M_PTR_0020,15,15,15,16,พาทริเอ็ทท์,npc,male,patriatte,,หากท่านต้องการสิ่งใด โปรดเรียกข้าได้เลยนะขอรับ,,,BLOCKED_PENDING_REFERENCE_AUDIO,,triangle-strategy
15,MS07_H01_A0_0010_M_PTR_0030.wav,MS07_H01_A0_0010_M_PTR_0030,16,16,16,17,พาทริเอ็ทท์,npc,male,patriatte,,ขอรับนายหญิง จะบอกคนใช้ให้จัดการทันทีขอรับ,,,BLOCKED_PENDING_REFERENCE_AUDIO,,triangle-strategy
16,MS07_H01_A0_0010_M_TRS_0010.wav,MS07_H01_A0_0010_M_TRS_0010,17,17,17,18,ธาลาส,npc,male,thalas,assets/triangle-strategy/approved_voice_references/thalas.wav,"ข้าคิดว่าเจ้าควรพูดว่า ""เลียแข้งเลียขา"" มากกว่านะ",,,PENDING_MANUAL_GENERATION,,triangle-strategy
17,MS07_H01_A0_0010_M_TRS_0020.wav,MS07_H01_A0_0010_M_TRS_0020,18,18,18,19,ธาลาส,npc,male,thalas,assets/triangle-strategy/approved_voice_references/thalas.wav,ดีใจด้วยนะท่านพี่ที่ทำให้เกลนบรู๊คยอมจำนน สิ่งที่พี่ทำช่างเป็นสิ่งสวยงามเหลือเกิน,,,PENDING_MANUAL_GENERATION,,triangle-strategy
18,MS07_H01_A0_0010_M_TRS_0030.wav,MS07_H01_A0_0010_M_TRS_0030,19,19,19,20,ธาลาส,npc,male,thalas,assets/triangle-strategy/approved_voice_references/thalas.wav,แล้วท่านพี่จัดการปัญหานอกรั้วปราสาทรึยังขอรับ?,,,PENDING_MANUAL_GENERATION,,triangle-strategy
19,MS07_H01_A0_0010_M_TRS_0040.wav,MS07_H01_A0_0010_M_TRS_0040,20,20,20,21,ธาลาส,npc,male,thalas,assets/triangle-strategy/approved_voice_references/thalas.wav,ไตรตระกูลสูงศักดิ์แห่งเกลนบรู๊คถูกบดขยี้ใต้บาทาของท่านอย่างง่ายดายจริงๆขอรับ,,,PENDING_MANUAL_GENERATION,,triangle-strategy
20,MS07_H01_A0_0010_M_TRS_0050.wav,MS07_H01_A0_0010_M_TRS_0050,21,21,21,22,ธาลาส,npc,male,thalas,assets/triangle-strategy/approved_voice_references/thalas.wav,ด้วยความเคารพนะท่านพี่ ตอนแรกนึกว่าคอร์เดเลียจะถูกฆ่า หรือไม่ก็ปล่อยให้เน่าตายในคุก,,,PENDING_MANUAL_GENERATION,,triangle-strategy
21,MS07_H01_A0_0010_M_TRS_0060.wav,MS07_H01_A0_0010_M_TRS_0060,22,22,22,23,ธาลาส,npc,male,thalas,assets/triangle-strategy/approved_voice_references/thalas.wav,แต่ทำไมนางถึงต้องมานั่งบนบัลลังก์ด้วยล่ะ สภาพนางตอนนี้ดูเหมือนราชินีมากกว่าองค์หญิงหมดสภาพเสียอีก,,,PENDING_MANUAL_GENERATION,,triangle-strategy
22,MS07_H01_A0_0010_M_TRS_0070.wav,MS07_H01_A0_0010_M_TRS_0070,23,23,23,24,ธาลาส,npc,male,thalas,assets/triangle-strategy/approved_voice_references/thalas.wav,กษัตริย์เร็กน่าผู้ปราดเปรื่องและใจบุญของเราพบจุดจบสักทีสินะ ฮ่าๆๆๆ!,,,PENDING_MANUAL_GENERATION,,triangle-strategy
23,MS07_H01_A0_1010_M_M148_0010.wav,MS07_H01_A0_1010_M_M148_0010,24,24,24,25,ชาวเมืองเกลนบรู๊ค,generic,male,MALE_ADULT_A,assets/triangle-strategy/approved_voice_references/MALE_ADULT_A.wav,...แล้วพวกเราจะเป็นยังไงต่อไปล่ะ?,,,PENDING_MANUAL_GENERATION,,triangle-strategy
24,MS07_H01_A0_1010_M_M148_0020.wav,MS07_H01_A0_1010_M_M148_0020,25,25,25,26,ชาวเมืองเกลนบรู๊ค,generic,male,MALE_ADULT_A,assets/triangle-strategy/approved_voice_references/MALE_ADULT_A.wav,ได้ยินว่าทหารองครักษ์ถูกสังหารเรียบ พวกเราต้องหนีเอาชีวิตรอดแล้วล่ะ,,,PENDING_MANUAL_GENERATION,,triangle-strategy
25,MS07_H01_A0_1010_M_M149_0010.wav,MS07_H01_A0_1010_M_M149_0010,26,26,26,27,ชาวเมืองเกลนบรู๊ค,generic,male,MALE_ADULT_B,assets/triangle-strategy/approved_voice_references/MALE_ADULT_B.wav,ถ้าพวกเขาตั้งใจจะฆ่าปราชาชนธรรมดาอย่างเรา พวกเขาน่าจะทำไปแล้วนี่?,,,PENDING_MANUAL_GENERATION,,triangle-strategy
26,MS07_H01_A0_1010_M_M149_0020.wav,MS07_H01_A0_1010_M_M149_0020,27,27,27,28,ชาวเมืองเกลนบรู๊ค,generic,male,MALE_ADULT_B,assets/triangle-strategy/approved_voice_references/MALE_ADULT_B.wav,ใครจะไปรู้ล่ะ ว่าสุนัขเอสฟรอสต์ก็มีศักดิ์ศรีกับเขาเหมือนกัน,,,PENDING_MANUAL_GENERATION,,triangle-strategy
27,MS07_H01_A0_1010_M_M149_0030.wav,MS07_H01_A0_1010_M_M149_0030,28,28,28,29,ชาวเมืองเกลนบรู๊ค,generic,male,MALE_ADULT_B,assets/triangle-strategy/approved_voice_references/MALE_ADULT_B.wav,ยังไงก็เถอะ สู้ไปก็ไม่ได้อะไรขึ้นมาหรอก อะไรจะเกิดก็ต้องเกิด,,,PENDING_MANUAL_GENERATION,,triangle-strategy
28,MS07_H01_A0_1010_M_PTR_0010.wav,MS07_H01_A0_1010_M_PTR_0010,29,29,29,30,พาทริเอ็ทท์,npc,male,patriatte,,เหมือนว่าสถานการณ์นอกปราสาทจะสงบลงแล้วสินะ,,,BLOCKED_PENDING_REFERENCE_AUDIO,,triangle-strategy
29,MS07_H01_A0_1010_M_PTR_0020.wav,MS07_H01_A0_1010_M_PTR_0020,30,30,30,31,พาทริเอ็ทท์,npc,male,patriatte,,ประชาชนของเราดูจะโกรธเอสฟรอสต์น้อยกว่าที่คิดนะเนี่ย...,,,BLOCKED_PENDING_REFERENCE_AUDIO,,triangle-strategy
30,MS07_H01_A0_1010_M_PTR_0030.wav,MS07_H01_A0_1010_M_PTR_0030,31,31,31,32,พาทริเอ็ทท์,npc,male,patriatte,,...คงเพราะอาร์ชดยุกตัดสินใจเพ่งเป้าไปที่ปราสาท โดยไม่สร้างความเสียหายให้กับตัวเมืองสินะ,,,BLOCKED_PENDING_REFERENCE_AUDIO,,triangle-strategy
31,MS07_H01_A0_1010_M_PTR_0040.wav,MS07_H01_A0_1010_M_PTR_0040,32,32,32,33,พาทริเอ็ทท์,npc,male,patriatte,,ดังนั้นประชาชนคงไม่ใช่ปัญหา คงเหลือเพียงแค่ราชวงศ์แล้วล่ะ...,,,BLOCKED_PENDING_REFERENCE_AUDIO,,triangle-strategy
32,MS07_H01_A0_1010_M_PTR_0050.wav,MS07_H01_A0_1010_M_PTR_0050,33,33,33,34,พาทริเอ็ทท์,npc,male,patriatte,,ฝ่าบาทกับมกุฏราชกุมารถูกจัดการเรียบร้อย ส่วนองค์หญิงคอร์เดเลียก็ถูกทำให้เชื่อฟังเช่นเดียวกัน,,,BLOCKED_PENDING_REFERENCE_AUDIO,,triangle-strategy
33,MS07_H01_A0_1010_M_PTR_0060.wav,MS07_H01_A0_1010_M_PTR_0060,34,34,34,35,พาทริเอ็ทท์,npc,male,patriatte,,เหลือเพียงแค่องค์ชายโรแลนด์เท่านั้น ซึ่งคนของข้ากำลังไปตามล่าอยู่ในตอนนี้,,,BLOCKED_PENDING_REFERENCE_AUDIO,,triangle-strategy
34,MS07_H01_A0_1010_M_PTR_0070.wav,MS07_H01_A0_1010_M_PTR_0070,35,35,35,36,พาทริเอ็ทท์,npc,male,patriatte,,ได้ยินว่าค่าหัวเขาแพง คงจะอยู่รอดได้อีกไม่นานหรอก...,,,BLOCKED_PENDING_REFERENCE_AUDIO,,triangle-strategy
35,MS07_H01_A0_1010_M_PTR_0080.wav,MS07_H01_A0_1010_M_PTR_0080,36,36,36,37,พาทริเอ็ทท์,npc,male,patriatte,,ข้ารู้ว่ากุสตาดอล์ฟเป็นคนหลักแหลม แต่ความใส่ใจรายละเอียดเล็กน้อยของเขาถือว่าน่าทึ่งเหลือเกิน,,,BLOCKED_PENDING_REFERENCE_AUDIO,,triangle-strategy
36,MS07_H01_A0_1010_M_PTR_0090.wav,MS07_H01_A0_1010_M_PTR_0090,37,37,37,38,พาทริเอ็ทท์,npc,male,patriatte,,ตอนนี้ข้าเห็นทุกอย่างที่ต้องการแล้ว กลับกันดีกว่า,,,BLOCKED_PENDING_REFERENCE_AUDIO,,triangle-strategy
37,MS07_H01_A0_1020_M_GST_0010.wav,MS07_H01_A0_1020_M_GST_0010,38,38,38,39,กุสตาดอล์ฟ,npc,male,gustadolph,,ราษฎรแห่งเกลนบรู๊คเอ๋ย ข้าคือกุสตาดอล์ฟ อาร์ชดยุกและผู้บัญชาการสูงสุดแห่งราชรัฐเอสฟรอสต์,,,BLOCKED_PENDING_REFERENCE_AUDIO,,triangle-strategy
38,MS07_H01_A0_1020_M_GST_0020.wav,MS07_H01_A0_1020_M_GST_0020,39,39,39,40,กุสตาดอล์ฟ,npc,male,gustadolph,,จงฟังข้าเสียเถิด บาปกรรมที่กษัตริย์เร็กน่าได้ทำต่อพวกเราและพวกเจ้าทุกคน มันช่างหนักหนาสาหัส,,,BLOCKED_PENDING_REFERENCE_AUDIO,,triangle-strategy
39,MS07_H01_A0_1020_M_GST_0030.wav,MS07_H01_A0_1020_M_GST_0030,40,40,40,41,กุสตาดอล์ฟ,npc,male,gustadolph,,สามทศวรรษล่วงเลยไปตั้งแต่สงครามสงบลง และพวกเราได้ใช้เวลาไปกับการสร้างชาตินับแต่นั้นมา,,,BLOCKED_PENDING_REFERENCE_AUDIO,,triangle-strategy
40,MS07_H01_A0_1020_M_GST_0040.wav,MS07_H01_A0_1020_M_GST_0040,41,41,41,42,กุสตาดอล์ฟ,npc,male,gustadolph,,การเปิดตัวของเหมืองแร่นอร์เซเลียถือเป็นรุ่งอรุณแห่งยุคใหม่ ยุคที่อาณาจักรทั้งสามจะร่วมมือกันเพื่อสันติภาพและความเจริญรุ่งเรืองของทุกฝ่าย,,,BLOCKED_PENDING_REFERENCE_AUDIO,,triangle-strategy
41,MS07_H01_A0_1020_M_GST_0050.wav,MS07_H01_A0_1020_M_GST_0050,42,42,42,43,กุสตาดอล์ฟ,npc,male,gustadolph,,แต่กษัตริย์เร็กน่ากลับทำลายความฝันอันยิ่งใหญ่ของเรา!,,,BLOCKED_PENDING_REFERENCE_AUDIO,,triangle-strategy
42,MS07_H01_A0_1020_M_GST_0060.wav,MS07_H01_A0_1020_M_GST_0060,43,43,43,44,กุสตาดอล์ฟ,npc,male,gustadolph,,ระหว่างที่วิศวกรของเราโหมงานหนักเพื่อทำให้ฝันเป็นจริง กษัตริย์เร็กน่าของพวกเจ้ากลับวางแผนชั่ว และเข้ายึดเหมืองเพื่อผลประโยชน์ของตน,,,BLOCKED_PENDING_REFERENCE_AUDIO,,triangle-strategy
43,MS07_H01_A0_1020_M_GST_0070.wav,MS07_H01_A0_1020_M_GST_0070,44,44,44,45,กุสตาดอล์ฟ,npc,male,gustadolph,,และเมื่อดราแกน ผู้ดูแลเหมืองและเป็นญาติพี่น้องของข้า รู้ทันแผนชั่ว กษัตริย์เร็กน่าจึงสั่งเก็บเขาอย่างเลือดเย็น,,,BLOCKED_PENDING_REFERENCE_AUDIO,,triangle-strategy
44,MS07_H01_A0_1020_M_GST_0080.wav,MS07_H01_A0_1020_M_GST_0080,45,45,45,46,กุสตาดอล์ฟ,npc,male,gustadolph,,นอกจากจะเป็นการหักหลังอาณาจักรของข้ากับไฮแซนต์แล้ว เขายังหักหลังพวกเจ้าอีกด้วย ทั้งๆที่พวกเจ้าสมควรได้รับเงินทองจากเหมืองแห่งนี้!,,,BLOCKED_PENDING_REFERENCE_AUDIO,,triangle-strategy
45,MS07_H01_A0_1020_M_GST_0090.wav,MS07_H01_A0_1020_M_GST_0090,46,46,46,47,กุสตาดอล์ฟ,npc,male,gustadolph,,พวกเราไม่มีทางเลือกนอกเสียจากการเคลื่อนพลมายังปราสาทไวท์โฮล์ม เพื่อยุติการก่อกบฏของเร็กน่า...ด้วยกำลัง,,,BLOCKED_PENDING_REFERENCE_AUDIO,,triangle-strategy
46,MS07_H01_A0_1020_M_GST_0100.wav,MS07_H01_A0_1020_M_GST_0100,47,47,47,48,กุสตาดอล์ฟ,npc,male,gustadolph,,สิ่งที่เราทำไปมันเป็นหน้าที่เพื่อจะล้างแค้นให้กับการตายของดราแกน และเพื่อยุติการทรยศแห่งสนธิสัญญาระหว่างอาณาจักรของเรา,,,BLOCKED_PENDING_REFERENCE_AUDIO,,triangle-strategy
47,MS07_H01_A0_1020_M_GST_0110.wav,MS07_H01_A0_1020_M_GST_0110,48,48,48,49,กุสตาดอล์ฟ,npc,male,gustadolph,,แล้วท่านล่ะ ฝ่าบาทเร็กน่า? ท่านมีข้อโต้แย้งอะไรไหม?,,,BLOCKED_PENDING_REFERENCE_AUDIO,,triangle-strategy
48,MS07_H01_A0_1020_M_GST_0120.wav,MS07_H01_A0_1020_M_GST_0120,49,49,49,50,กุสตาดอล์ฟ,npc,male,gustadolph,,ราษฎรเกลนบรู๊คเอ๋ย! กษัตริย์ผู้ทรยศ ยอมรับความผิดต่อหน้าพวกเจ้าแล้ว!,,,BLOCKED_PENDING_REFERENCE_AUDIO,,triangle-strategy
49,MS07_H01_A0_1020_M_GST_0130.wav,MS07_H01_A0_1020_M_GST_0130,50,50,50,51,กุสตาดอล์ฟ,npc,male,gustadolph,,บทลงโทษสำหรับอาชญากรรมนี้ คือความตาย,,,BLOCKED_PENDING_REFERENCE_AUDIO,,triangle-strategy
50,MS07_H01_A0_1020_M_GST_0140.wav,MS07_H01_A0_1020_M_GST_0140,51,51,51,52,กุสตาดอล์ฟ,npc,male,gustadolph,,บั่นคอเขาซะ!,,,BLOCKED_PENDING_REFERENCE_AUDIO,,triangle-strategy
51,MS07_H01_A0_1020_M_LGN_0040.wav,MS07_H01_A0_1020_M_LGN_0040,55,55,55,56,เร็กน่า,npc,male,regna,assets/triangle-strategy/approved_voice_references/regna.wav,...ข้าไม่คัดค้าน,,,PENDING_MANUAL_GENERATION,,triangle-strategy
52,MS07_H01_A0_1020_M_LGN_0050.wav,MS07_H01_A0_1020_M_LGN_0050,56,56,56,57,เร็กน่า,npc,male,regna,assets/triangle-strategy/approved_voice_references/regna.wav,แต่ท่านช่วย... ไว้ชีวิตลูกข้าด้วย...,,,PENDING_MANUAL_GENERATION,,triangle-strategy
53,MS07_H01_A0_1020_M_LGN_0060.wav,MS07_H01_A0_1020_M_LGN_0060,57,57,57,58,เร็กน่า,npc,male,regna,assets/triangle-strategy/approved_voice_references/regna.wav,โรแลนด์... คอร์เดเลีย... อนาคตของอาณาจักร... อยู่ในกำมือพวกลูกแล้วนะ...,,,PENDING_MANUAL_GENERATION,,triangle-strategy
54,MS07_H01_A1_0010_F_ANA_0010.wav,MS07_H01_A1_0010_F_ANA_0010,63,63,63,64,แอนนา,main,female,anna,assets/triangle-strategy/approved_voice_references/anna.wav,เราจะแพ้ภัยตัวเองแน่นอน ภูมิประเทศของเราคือคุกดีๆนี่เอง,,,PENDING_MANUAL_GENERATION,,triangle-strategy
55,MS07_H01_A1_0010_F_FRE_0010.wav,MS07_H01_A1_0010_F_FRE_0010,64,64,64,65,เฟรเดอริก้า,main,female,frederica,assets/triangle-strategy/approved_voice_references/frederica.wav,เอาจริงเหรอเนี่ย!?,,,PENDING_MANUAL_GENERATION,,triangle-strategy
56,MS07_H01_A1_0010_F_FRE_0020.wav,MS07_H01_A1_0010_F_FRE_0020,65,65,65,66,เฟรเดอริก้า,main,female,frederica,assets/triangle-strategy/approved_voice_references/frederica.wav,ใช่แล้วล่ะ!,,,PENDING_MANUAL_GENERATION,,triangle-strategy
57,MS07_H01_A1_0010_F_FRE_0030.wav,MS07_H01_A1_0010_F_FRE_0030,66,66,66,67,เฟรเดอริก้า,main,female,frederica,assets/triangle-strategy/approved_voice_references/frederica.wav,เซอร์แม็กซ์เวลล์ขอให้เราคุ้มกันองค์ชาย และพวกเราก็ตอบตกลงไม่ใช่เหรอ?,,,PENDING_MANUAL_GENERATION,,triangle-strategy
58,MS07_H01_A1_0010_F_FRE_0040.wav,MS07_H01_A1_0010_F_FRE_0040,67,67,67,68,เฟรเดอริก้า,main,female,frederica,assets/triangle-strategy/approved_voice_references/frederica.wav,แสดงว่าเจ้าเสนอจะทิ้งองค์ชายเหรอ? เราจะสละชีวิตของเขาเพื่อความอยู่รอดของเราเนี่ยนะ!?,,,PENDING_MANUAL_GENERATION,,triangle-strategy
59,MS07_H01_A1_0010_F_FRE_0050.wav,MS07_H01_A1_0010_F_FRE_0050,68,68,68,69,เฟรเดอริก้า,main,female,frederica,assets/triangle-strategy/approved_voice_references/frederica.wav,ข้าไม่คิดว่าการเสียสละจะเป็นเส้นทางที่ถูกต้องเจ้าค่ะ,,,PENDING_MANUAL_GENERATION,,triangle-strategy
60,MS07_H01_A1_0010_F_FRE_0060.wav,MS07_H01_A1_0010_F_FRE_0060,69,69,69,70,เฟรเดอริก้า,main,female,frederica,assets/triangle-strategy/approved_voice_references/frederica.wav,...ข้าเข้าใจความรู้สึกของเจ้าดีเลยล่ะ,,,PENDING_MANUAL_GENERATION,,triangle-strategy
61,MS07_H01_A1_0010_F_FRE_0070.wav,MS07_H01_A1_0010_F_FRE_0070,70,70,70,71,เฟรเดอริก้า,main,female,frederica,assets/triangle-strategy/approved_voice_references/frederica.wav,ท่านพี่ทำให้ตระกูลวูล์ฟฟอร์ตตกที่นั่งลำบาก ข้าไม่รู้จะขอโทษเจ้ายังไงดีเลย...,,,PENDING_MANUAL_GENERATION,,triangle-strategy
62,MS07_H01_A1_0010_F_HEW_0010.wav,MS07_H01_A1_0010_F_HEW_0010,71,71,71,72,ฮิวเอทท์,main,female,hughette,assets/triangle-strategy/approved_voice_references/hughette.wav,ข้าขอปฏิเสธ! พวกเราเป็นหนี้เซอร์แม็กซ์เวลล์มากๆเลยนะ!,,,PENDING_MANUAL_GENERATION,,triangle-strategy
63,MS07_H01_A1_0010_F_YRA_0010.wav,MS07_H01_A1_0010_F_YRA_0010,72,72,72,73,จีล่า,main,female,geela,assets/triangle-strategy/approved_voice_references/geela.wav,ไม่มีสถานที่ใดปลอดภัยกว่าปราสาทแห่งนี้แล้ว อยู่ที่นี่เขาปลอดภัยที่สุดเจ้าค่ะ,,,PENDING_MANUAL_GENERATION,,triangle-strategy
64,MS07_H01_A1_0010_F_YRA_0020.wav,MS07_H01_A1_0010_F_YRA_0020,73,73,73,74,จีล่า,main,female,geela,assets/triangle-strategy/approved_voice_references/geela.wav,แต่ถ้าเกิดเขานำทัพทหารที่ใหญ่พอๆกับนครหลวง หรือใหญ่กว่านั้นมาที่นี่ล่ะ...,,,PENDING_MANUAL_GENERATION,,triangle-strategy
65,MS07_H01_A1_0010_M_BND_0010.wav,MS07_H01_A1_0010_M_BND_0010,74,74,74,75,เบเนดิกต์,main,male,benedict,assets/triangle-strategy/approved_voice_references/benedict.wav,ขอบคุณขอรับ ข้าขอถามพวกท่านตรงๆอีกครั้ง,,,PENDING_MANUAL_GENERATION,,triangle-strategy
66,MS07_H01_A1_0010_M_BND_0020.wav,MS07_H01_A1_0010_M_BND_0020,75,75,75,76,เบเนดิกต์,main,male,benedict,assets/triangle-strategy/approved_voice_references/benedict.wav,เราควรขับไล่องค์ชายโรแลนด์สู่เอสฟรอสต์หรือไม่?,,,PENDING_MANUAL_GENERATION,,triangle-strategy
67,MS07_H01_A1_0010_M_BND_0030.wav,MS07_H01_A1_0010_M_BND_0030,76,76,76,77,เบเนดิกต์,main,male,benedict,assets/triangle-strategy/approved_voice_references/benedict.wav,นายท่าน เราจะให้พวกเขามาทำสงครามในแคว้นวูล์ฟฟอร์ตไม่ได้ขอรับ ท่านต้องคิดถึงประชาชนของตัวเองเป็นหลักนะ,,,PENDING_MANUAL_GENERATION,,triangle-strategy
68,MS07_H01_A1_0010_M_BND_0035.wav,MS07_H01_A1_0010_M_BND_0035,77,77,77,78,เบเนดิกต์,main,male,benedict,assets/triangle-strategy/approved_voice_references/benedict.wav,ช่วยตัดสินใจด้วยขอรับ,,,PENDING_MANUAL_GENERATION,,triangle-strategy
69,MS07_H01_A1_0010_M_BND_0040.wav,MS07_H01_A1_0010_M_BND_0040,78,78,78,79,เบเนดิกต์,main,male,benedict,assets/triangle-strategy/approved_voice_references/benedict.wav,ขอรับ เลือกทางไหนก็มีแต่อันตราย,,,PENDING_MANUAL_GENERATION,,triangle-strategy
70,MS07_H01_A1_0010_M_BND_0050.wav,MS07_H01_A1_0010_M_BND_0050,79,79,79,80,เบเนดิกต์,main,male,benedict,assets/triangle-strategy/approved_voice_references/benedict.wav,ซึ่งเราต้องเลือกเส้นทางที่จะทำให้เราอยู่รอด เพื่อกลับมาทวงคืนในสิ่งที่สูญเสียไป,,,PENDING_MANUAL_GENERATION,,triangle-strategy
71,MS07_H01_A1_0010_M_BND_0060.wav,MS07_H01_A1_0010_M_BND_0060,80,80,80,81,เบเนดิกต์,main,male,benedict,assets/triangle-strategy/approved_voice_references/benedict.wav,ในฐานะผู้ปกครองแห่งแคว้นนี้ ท่านต้องเป็นคนตัดสินใจเลือกวิธีการขอรับ,,,PENDING_MANUAL_GENERATION,,triangle-strategy
72,MS07_H01_A1_0010_M_ELA_0010.wav,MS07_H01_A1_0010_M_ELA_0010,81,81,81,82,เอราดอร์,main,male,erador,assets/triangle-strategy/approved_voice_references/erador.wav,แต่องค์ชายขอรับ ข้าว่าท่านเข้าใจผิดแล้วล่ะ,,,PENDING_MANUAL_GENERATION,,triangle-strategy
73,MS07_H01_A1_0010_M_ELA_0020.wav,MS07_H01_A1_0010_M_ELA_0020,82,82,82,83,เอราดอร์,main,male,erador,assets/triangle-strategy/approved_voice_references/erador.wav,ตระกูลวูล์ฟฟอร์ตคือดาบและโล่ของราชวงศ์ หากท่านไปรบ พวกเราพร้อมไปกับท่านเสมอ,,,PENDING_MANUAL_GENERATION,,triangle-strategy
74,MS07_H01_A1_0010_M_RLN_0010.wav,MS07_H01_A1_0010_M_RLN_0010,83,83,83,84,โรแลนด์,main,male,roland,assets/triangle-strategy/approved_voice_references/roland.wav,ไม่เป็นไร เฟรเดอริก้า,,,PENDING_MANUAL_GENERATION,,triangle-strategy
75,MS07_H01_A1_0010_M_RLN_0020.wav,MS07_H01_A1_0010_M_RLN_0020,84,84,84,85,โรแลนด์,main,male,roland,assets/triangle-strategy/approved_voice_references/roland.wav,ไม่ต้องคิดถึงชีวิตของข้าเลย นี่เป็นศึกของข้า และข้าไม่อยากเห็นมิตรสหายสละเลือดเนื้อเพื่อข้าหรอก,,,PENDING_MANUAL_GENERATION,,triangle-strategy
76,MS07_H01_A1_0010_M_RLN_0030.wav,MS07_H01_A1_0010_M_RLN_0030,85,85,85,86,โรแลนด์,main,male,roland,assets/triangle-strategy/approved_voice_references/roland.wav,...พอได้แล้ว ข้าจะไปจากที่นี่ก่อนที่แคว้นของเจ้าจะพังพินาศจากการสู้รบ,,,PENDING_MANUAL_GENERATION,,triangle-strategy
77,MS07_H01_A1_0010_M_RLN_0040.wav,MS07_H01_A1_0010_M_RLN_0040,86,86,86,87,โรแลนด์,main,male,roland,assets/triangle-strategy/approved_voice_references/roland.wav,มีแค่ทางนี้เท่านั้น เจ้าเข้าใจข้าใช่ไหม?,,,PENDING_MANUAL_GENERATION,,triangle-strategy
78,MS07_H01_A1_0010_M_RLN_0050.wav,MS07_H01_A1_0010_M_RLN_0050,87,87,87,88,โรแลนด์,main,male,roland,assets/triangle-strategy/approved_voice_references/roland.wav,ข้าขอโทษนะ เซเรโนอา...,,,PENDING_MANUAL_GENERATION,,triangle-strategy
79,MS07_H01_A1_0010_M_RLN_0060.wav,MS07_H01_A1_0010_M_RLN_0060,88,88,88,89,โรแลนด์,main,male,roland,assets/triangle-strategy/approved_voice_references/roland.wav,ทำในสิ่งที่เจ้าเห็นสมควรต่อตระกูลของเจ้าเถอะ เดี๋ยวข้าก็ดิ้นรนหาทางช่วยครอบครัวของข้าได้เอง,,,PENDING_MANUAL_GENERATION,,triangle-strategy
80,MS07_H01_A1_0010_M_SEL_0010.wav,MS07_H01_A1_0010_M_SEL_0010,89,89,89,90,เซเรโนอา,main,male,serenoa,assets/triangle-strategy/approved_voice_references/serenoa.wav,พูดต่อเลย เบเนดิกต์,,,PENDING_MANUAL_GENERATION,,triangle-strategy
81,MS07_H01_A1_0010_M_SEL_0021.wav,MS07_H01_A1_0010_M_SEL_0021,90,90,90,91,เซเรโนอา,main,male,serenoa,assets/triangle-strategy/approved_voice_references/serenoa.wav,ตอนนี้ข้ายังตัดสินใจไม่ได้หรอก... มันต้องมีหนทางอื่นสิ...,,,PENDING_MANUAL_GENERATION,,triangle-strategy
82,MS07_H01_A1_0010_M_SEL_0023.wav,MS07_H01_A1_0010_M_SEL_0023,91,91,91,92,เซเรโนอา,main,male,serenoa,assets/triangle-strategy/approved_voice_references/serenoa.wav,เจ้าไม่ใช่ฝ่ายผิดเลย ข้าเองก็ไม่ควรพูดเช่นนั้นเหมือนกัน อภัยให้ข้าด้วยนะ,,,PENDING_MANUAL_GENERATION,,triangle-strategy
83,MS07_H01_A1_0010_M_SEL_0025.wav,MS07_H01_A1_0010_M_SEL_0025,92,92,92,93,เซเรโนอา,main,male,serenoa,assets/triangle-strategy/approved_voice_references/serenoa.wav,ในฐานะผู้รับใช้ของเขา ข้าต้องสู้เพื่อปกป้ององค์ชาย แต่ในฐานะลอร์ด ข้าต้องรับประกันความปลอดภัยให้คนของข้าด้วย...,,,PENDING_MANUAL_GENERATION,,triangle-strategy
84,MS07_H01_A1_0010_M_SEL_0027.wav,MS07_H01_A1_0010_M_SEL_0027,93,93,93,94,เซเรโนอา,main,male,serenoa,assets/triangle-strategy/approved_voice_references/serenoa.wav,...ท่านตัดสินใจแล้วสินะ,,,PENDING_MANUAL_GENERATION,,triangle-strategy
85,MS07_H01_A1_0010_M_SEL_0029.wav,MS07_H01_A1_0010_M_SEL_0029,94,94,94,95,เซเรโนอา,main,male,serenoa,assets/triangle-strategy/approved_voice_references/serenoa.wav,เราเอาชนะเอสฟรอสต์ไม่ได้หรอก แต่ถ้าเราไม่หยุดพวกเขาล่ะก็ มีหวังคนล้มตายอีกเพียบแน่...,,,PENDING_MANUAL_GENERATION,,triangle-strategy
86,MS07_H01_A1_0010_M_SEL_0030.wav,MS07_H01_A1_0010_M_SEL_0030,95,95,95,96,เซเรโนอา,main,male,serenoa,assets/triangle-strategy/approved_voice_references/serenoa.wav,แสดงว่าเราต้องซื้อเวลาให้ตัวเองสินะ...,,,PENDING_MANUAL_GENERATION,,triangle-strategy
87,MS07_H01_A1_0010_M_SEL_0040.wav,MS07_H01_A1_0010_M_SEL_0040,96,96,96,97,เซเรโนอา,main,male,serenoa,assets/triangle-strategy/approved_voice_references/serenoa.wav,เข้าใจแล้วล่ะเบเนดิกต์ เตรียมตาชั่งแห่งความเชื่อได้เลย,,,PENDING_MANUAL_GENERATION,,triangle-strategy
88,MS07_H01_A1_0010_M_SEL_0050.wav,MS07_H01_A1_0010_M_SEL_0050,97,97,97,98,เซเรโนอา,main,male,serenoa,assets/triangle-strategy/approved_voice_references/serenoa.wav,ข้าอยากฟังความเห็นของทุกคนในเรื่องนี้,,,PENDING_MANUAL_GENERATION,,triangle-strategy
89,MS07_H01_A1_1020_F_ANA_0010.wav,MS07_H01_A1_1020_F_ANA_0010,98,98,98,99,แอนนา,main,female,anna,assets/triangle-strategy/approved_voice_references/anna.wav,เบเนดิกต์ มีข่าวมาแจ้งเจ้าค่ะ,,,PENDING_MANUAL_GENERATION,,triangle-strategy
90,MS07_H01_A1_1020_F_HEW_0010.wav,MS07_H01_A1_1020_F_HEW_0010,99,99,99,100,ฮิวเอทท์,main,female,hughette,assets/triangle-strategy/approved_voice_references/hughette.wav,ปราสาทวูล์ฟฟอร์ตคือฐานที่มั่นที่แข็งแรงที่สุดในอาณาจักรเจ้าค่ะ อยู่ที่นี่แล้วท่านจะปลอดภัย,,,PENDING_MANUAL_GENERATION,,triangle-strategy
91,MS07_H01_A1_1020_M_BND_0010.wav,MS07_H01_A1_1020_M_BND_0010,100,100,100,101,เบเนดิกต์,main,male,benedict,assets/triangle-strategy/approved_voice_references/benedict.wav,องค์ชาย นายท่าน ช่วยพยายามคุมสติด้วยนะขอรับ,,,PENDING_MANUAL_GENERATION,,triangle-strategy
92,MS07_H01_A1_1020_M_BND_0020.wav,MS07_H01_A1_1020_M_BND_0020,101,101,101,102,เบเนดิกต์,main,male,benedict,assets/triangle-strategy/approved_voice_references/benedict.wav,ฝ่าบาทถูกบั่นศีรษะที่นครหลวงเมื่อไม่กี่ชั่วโมงก่อน,,,PENDING_MANUAL_GENERATION,,triangle-strategy
93,MS07_H01_A1_1020_M_BND_0030.wav,MS07_H01_A1_1020_M_BND_0030,102,102,102,103,เบเนดิกต์,main,male,benedict,assets/triangle-strategy/approved_voice_references/benedict.wav,ข้าเข้าใจความรู้สึกท่านดีขอรับ องค์ชาย แต่เกรงว่าเราคงไม่มีเวลามาเศร้าเสียใจหรอก,,,PENDING_MANUAL_GENERATION,,triangle-strategy
94,MS07_H01_A1_1020_M_BND_0040.wav,MS07_H01_A1_1020_M_BND_0040,103,103,103,104,เบเนดิกต์,main,male,benedict,assets/triangle-strategy/approved_voice_references/benedict.wav,ในฐานะที่ท่านเป็นเชื้อพระวงศ์คนสุดท้ายแห่งการสืบบัลลังก์ แน่นอนว่าอาร์ชดยุกคงเพ่งเล็งท่านอยู่,,,PENDING_MANUAL_GENERATION,,triangle-strategy
95,MS07_H01_A1_1020_M_M147_0010.wav,MS07_H01_A1_1020_M_M147_0010,104,104,104,105,ผู้ติดตามวูล์ฟฟอร์ต,generic,male,MALE_ADULT_A,assets/triangle-strategy/approved_voice_references/MALE_ADULT_A.wav,ลอร์ดเซเรโนอา! ขอบคุณสวรรค์ที่ท่านปลอดภัยขอรับ,,,PENDING_MANUAL_GENERATION,,triangle-strategy
96,MS07_H01_A1_1020_M_M147_0020.wav,MS07_H01_A1_1020_M_M147_0020,105,105,105,106,ผู้ติดตามวูล์ฟฟอร์ต,generic,male,MALE_ADULT_A,assets/triangle-strategy/approved_voice_references/MALE_ADULT_A.wav,เรื่องลอร์ดซีมอน...,,,PENDING_MANUAL_GENERATION,,triangle-strategy
97,MS07_H01_A1_1020_M_RLN_0010.wav,MS07_H01_A1_1020_M_RLN_0010,106,106,106,107,โรแลนด์,main,male,roland,assets/triangle-strategy/approved_voice_references/roland.wav,ขอบคุณนะ หวังว่าท่านพ่อกับเซอร์แม็กซ์เวลล์จะปลอดภัยเหมือนกัน...,,,PENDING_MANUAL_GENERATION,,triangle-strategy
98,MS07_H01_A1_1020_M_RLN_0020.wav,MS07_H01_A1_1020_M_RLN_0020,107,107,107,108,โรแลนด์,main,male,roland,assets/triangle-strategy/approved_voice_references/roland.wav,มีอะไรเหรอ เบเนดิกต์? หน้าซีดเหมือนเห็นผีเลย,,,PENDING_MANUAL_GENERATION,,triangle-strategy
99,MS07_H01_A1_1020_M_RLN_0030.wav,MS07_H01_A1_1020_M_RLN_0030,108,108,108,109,โรแลนด์,main,male,roland,assets/triangle-strategy/approved_voice_references/roland.wav,ท่านพ่อ... ไม่จริง... ช่วยบอกทีสิว่ามันไม่จริง!,,,PENDING_MANUAL_GENERATION,,triangle-strategy
100,MS07_H01_A1_1020_M_SEL_0010.wav,MS07_H01_A1_1020_M_SEL_0010,109,109,109,110,เซเรโนอา,main,male,serenoa,assets/triangle-strategy/approved_voice_references/serenoa.wav,ดีใจจริงๆที่ได้กลับบ้านเสียที,,,PENDING_MANUAL_GENERATION,,triangle-strategy
101,MS07_H01_A1_1020_M_SEL_0020.wav,MS07_H01_A1_1020_M_SEL_0020,110,110,110,111,เซเรโนอา,main,male,serenoa,assets/triangle-strategy/approved_voice_references/serenoa.wav,โรแลนด์...,,,PENDING_MANUAL_GENERATION,,triangle-strategy
102,MS07_H01_A1_1020_M_SEL_0030.wav,MS07_H01_A1_1020_M_SEL_0030,111,111,111,112,เซเรโนอา,main,male,serenoa,assets/triangle-strategy/approved_voice_references/serenoa.wav,ใช่แล้ว เราต้องรีบตัดสินใจ ข้าขอไปหารือกับท่านพ่อก่อนนะ,,,PENDING_MANUAL_GENERATION,,triangle-strategy
103,MS07_H01_A1_1020_M_SEL_0040.wav,MS07_H01_A1_1020_M_SEL_0040,112,112,112,113,เซเรโนอา,main,male,serenoa,assets/triangle-strategy/approved_voice_references/serenoa.wav,หืม? มีอะไรขอรับ? ท่านพ่อเป็นอะไรหรือเปล่า?,,,PENDING_MANUAL_GENERATION,,triangle-strategy
104,MS07_H01_A1_1030_F_FRE_0010.wav,MS07_H01_A1_1030_F_FRE_0010,113,113,113,114,เฟรเดอริก้า,main,female,frederica,assets/triangle-strategy/approved_voice_references/frederica.wav,เราจะเสียลอร์ดซีมอนไปไม่ได้ โดยเฉพาะตอนนี้...,,,PENDING_MANUAL_GENERATION,,triangle-strategy
105,MS07_H01_A1_1030_M_BND_0010.wav,MS07_H01_A1_1030_M_BND_0010,114,114,114,115,เบเนดิกต์,main,male,benedict,assets/triangle-strategy/approved_voice_references/benedict.wav,ลอร์ดซีมอน! หมายความว่ายังไงกัน!?,,,PENDING_MANUAL_GENERATION,,triangle-strategy
106,MS07_H01_A1_1030_M_BND_0020.wav,MS07_H01_A1_1030_M_BND_0020,115,115,115,116,เบเนดิกต์,main,male,benedict,assets/triangle-strategy/approved_voice_references/benedict.wav,มีโอกาสที่เขาจะดีขึ้นไหม?,,,PENDING_MANUAL_GENERATION,,triangle-strategy
107,MS07_H01_A1_1030_M_BND_0030.wav,MS07_H01_A1_1030_M_BND_0030,116,116,116,117,เบเนดิกต์,main,male,benedict,assets/triangle-strategy/approved_voice_references/benedict.wav,...เข้าใจแล้ว,,,PENDING_MANUAL_GENERATION,,triangle-strategy
108,MS07_H01_A1_1030_M_ELA_0010.wav,MS07_H01_A1_1030_M_ELA_0010,117,117,117,118,เอราดอร์,main,male,erador,assets/triangle-strategy/approved_voice_references/erador.wav,ก็บ้าแล้ว! เขาแข็งแกร่งกว่ากระทิงอีกนะ!,,,PENDING_MANUAL_GENERATION,,triangle-strategy
109,MS07_H01_A1_1030_M_M199_0010.wav,MS07_H01_A1_1030_M_M199_0010,118,118,118,119,ผู้ติดตามวูล์ฟฟอร์ต,generic,male,MALE_ADULT_C,assets/triangle-strategy/approved_voice_references/MALE_ADULT_C.wav,อาการของเขาทรุดลงหลังจากที่ได้ข่าวจากนครหลวง จนตอนนี้ยังไม่ฟื้นขึ้นมาเลยขอรับ...,,,PENDING_MANUAL_GENERATION,,triangle-strategy
110,MS07_H01_A1_1030_M_M199_0020.wav,MS07_H01_A1_1030_M_M199_0020,119,119,119,120,ผู้ติดตามวูล์ฟฟอร์ต,generic,male,MALE_ADULT_C,assets/triangle-strategy/approved_voice_references/MALE_ADULT_C.wav,ผู้รักษาของเราทำทุกหนทางแล้วขอรับ...แต่ไม่มีใครบอกได้เลย,,,PENDING_MANUAL_GENERATION,,triangle-strategy
111,MS07_H01_A1_1030_M_RLN_0010.wav,MS07_H01_A1_1030_M_RLN_0010,120,120,120,121,โรแลนด์,main,male,roland,assets/triangle-strategy/approved_voice_references/roland.wav,เซเรโนอา...,,,PENDING_MANUAL_GENERATION,,triangle-strategy
112,MS07_H01_A1_1030_M_SEL_0010.wav,MS07_H01_A1_1030_M_SEL_0010,121,121,121,122,เซเรโนอา,main,male,serenoa,assets/triangle-strategy/approved_voice_references/serenoa.wav,ท่านพ่อ!,,,PENDING_MANUAL_GENERATION,,triangle-strategy
113,MS07_H01_A1_1030_M_SEL_0020.wav,MS07_H01_A1_1030_M_SEL_0020,122,122,122,123,เซเรโนอา,main,male,serenoa,assets/triangle-strategy/approved_voice_references/serenoa.wav,ท่านพ่อ... เข้มแข็งเข้าไว้นะขอรับ! ดินแดนนี้ยังต้องการท่านอยู่...,,,PENDING_MANUAL_GENERATION,,triangle-strategy
114,MS07_H01_A1_1030_M_SEL_0030.wav,MS07_H01_A1_1030_M_SEL_0030,123,123,123,124,เซเรโนอา,main,male,serenoa,assets/triangle-strategy/approved_voice_references/serenoa.wav,ข้าต้องการท่านอยู่... ท่านพ่อ! ท่านพ่อ!,,,PENDING_MANUAL_GENERATION,,triangle-strategy
115,MS07_H01_A1_1040_M_BND_0010.wav,MS07_H01_A1_1040_M_BND_0010,124,124,124,125,เบเนดิกต์,main,male,benedict,assets/triangle-strategy/approved_voice_references/benedict.wav,จากใครเหรอ?,,,PENDING_MANUAL_GENERATION,,triangle-strategy
116,MS07_H01_A1_1040_M_M200_0010.wav,MS07_H01_A1_1040_M_M200_0010,125,125,125,126,ผู้ส่งสารวูล์ฟฟอร์ต,generic,male,MALE_YOUNG_B,assets/triangle-strategy/approved_voice_references/MALE_YOUNG_B.wav,ขออภัยขอรับ นายท่าน! มีสารมาส่งขอรับ,,,PENDING_MANUAL_GENERATION,,triangle-strategy
117,MS07_H01_A1_1040_M_M200_0020.wav,MS07_H01_A1_1040_M_M200_0020,126,126,126,127,ผู้ส่งสารวูล์ฟฟอร์ต,generic,male,MALE_YOUNG_B,assets/triangle-strategy/approved_voice_references/MALE_YOUNG_B.wav,หน่วยลาดตระเวนที่เราส่งไปตามหาเซอร์แม็กซ์เวลล์ กลับมาด้วยสิ่งนี้ขอรับ,,,PENDING_MANUAL_GENERATION,,triangle-strategy
118,MS07_H01_A1_1040_M_M200_0030.wav,MS07_H01_A1_1040_M_M200_0030,127,127,127,128,ผู้ส่งสารวูล์ฟฟอร์ต,generic,male,MALE_YOUNG_B,assets/triangle-strategy/approved_voice_references/MALE_YOUNG_B.wav,พวกเขารายงานว่า พบหน้ากากอยู่แถวสะพานไวท์โฮล์มขอรับ,,,PENDING_MANUAL_GENERATION,,triangle-strategy
119,MS07_H01_A1_1040_M_M200_0040.wav,MS07_H01_A1_1040_M_M200_0040,128,128,128,129,ผู้ส่งสารวูล์ฟฟอร์ต,generic,male,MALE_YOUNG_B,assets/triangle-strategy/approved_voice_references/MALE_YOUNG_B.wav,สะพานมันเต็มไปด้วยศพของผู้ถูกสังหาร เลยระบุตัวตนของทุกคนไม่ได้,,,PENDING_MANUAL_GENERATION,,triangle-strategy
120,MS07_H01_A1_1040_M_M200_0050.wav,MS07_H01_A1_1040_M_M200_0050,129,129,129,130,ผู้ส่งสารวูล์ฟฟอร์ต,generic,male,MALE_YOUNG_B,assets/triangle-strategy/approved_voice_references/MALE_YOUNG_B.wav,และกระแสน้ำที่เชี่ยวกราก ทำให้เราไม่สามารถค้นหาต่อไปได้ขอรับ,,,PENDING_MANUAL_GENERATION,,triangle-strategy
121,MS07_H01_A1_1040_M_M200_0060.wav,MS07_H01_A1_1040_M_M200_0060,130,130,130,131,ผู้ส่งสารวูล์ฟฟอร์ต,generic,male,MALE_YOUNG_B,assets/triangle-strategy/approved_voice_references/MALE_YOUNG_B.wav,ขอรับ นายท่าน,,,PENDING_MANUAL_GENERATION,,triangle-strategy
122,MS07_H01_A1_1040_M_RLN_0010.wav,MS07_H01_A1_1040_M_RLN_0010,131,131,131,132,โรแลนด์,main,male,roland,assets/triangle-strategy/approved_voice_references/roland.wav,อย่าพึ่งสิ้นหวังไปเลย เซเรโนอา โรคร้ายไปพรากชีวิตพ่อเจ้าไปง่ายๆหรอก,,,PENDING_MANUAL_GENERATION,,triangle-strategy
123,MS07_H01_A1_1040_M_RLN_0020.wav,MS07_H01_A1_1040_M_RLN_0020,132,132,132,133,โรแลนด์,main,male,roland,assets/triangle-strategy/approved_voice_references/roland.wav,ข้าต้องเข้มแข็ง ข้าไม่ยอมให้การตายของท่านพ่อต้องสูญเปล่า,,,PENDING_MANUAL_GENERATION,,triangle-strategy
124,MS07_H01_A1_1040_M_RLN_0030.wav,MS07_H01_A1_1040_M_RLN_0030,133,133,133,134,โรแลนด์,main,male,roland,assets/triangle-strategy/approved_voice_references/roland.wav,เจ้าเองก็ต้องมีสติเช่นกัน เพื่อลอร์ดซีมอน...รวมถึงคนที่พึ่งพาเจ้าแทนท่านพ่อด้วย,,,PENDING_MANUAL_GENERATION,,triangle-strategy
125,MS07_H01_A1_1040_M_RLN_0040.wav,MS07_H01_A1_1040_M_RLN_0040,134,134,134,135,โรแลนด์,main,male,roland,assets/triangle-strategy/approved_voice_references/roland.wav,เลือดเหรอ? ไม่จริง... เป็นไปไม่ได้...,,,PENDING_MANUAL_GENERATION,,triangle-strategy
126,MS07_H01_A1_1040_M_RLN_0050.wav,MS07_H01_A1_1040_M_RLN_0050,135,135,135,136,โรแลนด์,main,male,roland,assets/triangle-strategy/approved_voice_references/roland.wav,เซอร์แม็กซ์เวลล์... ตอนนี้ท่านก็ทอดทิ้งข้างั้นเหรอ?,,,PENDING_MANUAL_GENERATION,,triangle-strategy
127,MS07_H01_A1_1040_M_SEL_0010.wav,MS07_H01_A1_1040_M_SEL_0010,136,136,136,137,เซเรโนอา,main,male,serenoa,assets/triangle-strategy/approved_voice_references/serenoa.wav,อภัยให้ข้าด้วยนะโรแลนด์ ข้าเข้าใจความรู้สึกท่านแล้ว...,,,PENDING_MANUAL_GENERATION,,triangle-strategy
128,MS07_H01_A1_1040_M_SEL_0020.wav,MS07_H01_A1_1040_M_SEL_0020,137,137,137,138,เซเรโนอา,main,male,serenoa,assets/triangle-strategy/approved_voice_references/serenoa.wav,...ข้าจะพยายามนะ,,,PENDING_MANUAL_GENERATION,,triangle-strategy
129,MS07_H01_A1_1040_M_SEL_0030.wav,MS07_H01_A1_1040_M_SEL_0030,138,138,138,139,เซเรโนอา,main,male,serenoa,assets/triangle-strategy/approved_voice_references/serenoa.wav,หน้ากากของเซอร์แม็กซ์เวลล์เหรอ...,,,PENDING_MANUAL_GENERATION,,triangle-strategy
130,MS07_H01_A1_1040_M_SEL_0040.wav,MS07_H01_A1_1040_M_SEL_0040,139,139,139,140,เซเรโนอา,main,male,serenoa,assets/triangle-strategy/approved_voice_references/serenoa.wav,เจ้าเจอแค่หน้ากากสินะ?,,,PENDING_MANUAL_GENERATION,,triangle-strategy
131,MS07_H01_A1_1040_M_SEL_0050.wav,MS07_H01_A1_1040_M_SEL_0050,140,140,140,141,เซเรโนอา,main,male,serenoa,assets/triangle-strategy/approved_voice_references/serenoa.wav,...เข้าใจแล้ว,,,PENDING_MANUAL_GENERATION,,triangle-strategy
132,MS07_H01_A1_1040_M_SEL_0060.wav,MS07_H01_A1_1040_M_SEL_0060,141,141,141,142,เซเรโนอา,main,male,serenoa,assets/triangle-strategy/approved_voice_references/serenoa.wav,ขอบคุณสำหรับการรายงานนะ เจ้าไปพักผ่อนเสียเถอะ,,,PENDING_MANUAL_GENERATION,,triangle-strategy
133,MS07_H01_A1_1050_M_BND_0010.wav,MS07_H01_A1_1050_M_BND_0010,143,143,143,144,เบเนดิกต์,main,male,benedict,assets/triangle-strategy/approved_voice_references/benedict.wav,นายท่านขอรับ ตอนนี้ทหารเอสฟรอสต์กำลังเคลื่อนพล,,,PENDING_MANUAL_GENERATION,,triangle-strategy
134,MS07_H01_A1_1050_M_BND_0020.wav,MS07_H01_A1_1050_M_BND_0020,144,144,144,145,เบเนดิกต์,main,male,benedict,assets/triangle-strategy/approved_voice_references/benedict.wav,มีสารจากลอร์ดกุสตาดอล์ฟมาส่งถึงเรา เนื้อหาข้างในบอกว่า เขาจะถอยทัพ หากเรามอบองค์ชายโรแลนด์ให้พวกเขา,,,PENDING_MANUAL_GENERATION,,triangle-strategy
135,MS07_H01_A1_1050_M_BND_0030.wav,MS07_H01_A1_1050_M_BND_0030,145,145,145,146,เบเนดิกต์,main,male,benedict,assets/triangle-strategy/approved_voice_references/benedict.wav,ได้ข่าวว่าแม่ทัพอัฟโลร่าเป็นผู้นำกองทัพนี้ด้วย,,,PENDING_MANUAL_GENERATION,,triangle-strategy
136,MS07_H01_A1_1050_M_ELA_0010.wav,MS07_H01_A1_1050_M_ELA_0010,146,146,146,147,เอราดอร์,main,male,erador,assets/triangle-strategy/approved_voice_references/erador.wav,พวกเรามีเวลาไม่มากก่อนที่ทัพทหารเอสฟรอสต์จะมาถึงนะขอรับ นายท่าน,,,PENDING_MANUAL_GENERATION,,triangle-strategy
137,MS07_H01_A1_1050_M_ELA_0020.wav,MS07_H01_A1_1050_M_ELA_0020,147,147,147,148,เอราดอร์,main,male,erador,assets/triangle-strategy/approved_voice_references/erador.wav,กุสตาดอล์ฟระมัดระวังตัวเหลือเกิน...ไอ้เวรร้อยเล่ห์,,,PENDING_MANUAL_GENERATION,,triangle-strategy
138,MS07_H01_A1_1050_M_SEL_0010.wav,MS07_H01_A1_1050_M_SEL_0010,149,149,149,150,เซเรโนอา,main,male,serenoa,assets/triangle-strategy/approved_voice_references/serenoa.wav,เรามาประชุมสงครามกันเถอะ ต้องรีบลงมือแล้ว,,,PENDING_MANUAL_GENERATION,,triangle-strategy
139,MS07_H01_A2_0010_M_SLV_0010.wav,MS07_H01_A2_0010_M_SLV_0010,150,150,150,151,ซิลวิโอ้,npc,male,silvio,,แล้วตระกูลเทลลิออร์ต้องทำยังไงล่ะ?,,,BLOCKED_PENDING_REFERENCE_AUDIO,,triangle-strategy
140,MS07_H01_A2_0010_M_SLV_0020.wav,MS07_H01_A2_0010_M_SLV_0020,151,151,151,152,ซิลวิโอ้,npc,male,silvio,,ฝ่าบาทเร็กน่าจากไปแล้ว เราต้องหาหนทางรอดให้ตัวเองแล้วนะ,,,BLOCKED_PENDING_REFERENCE_AUDIO,,triangle-strategy
141,MS07_H01_A2_0010_M_SLV_0030.wav,MS07_H01_A2_0010_M_SLV_0030,152,152,152,153,ซิลวิโอ้,npc,male,silvio,,คนไร้สมองแสนภาคภูมิอย่างแลนดรอยต้องสู้จนตัวตายแน่ๆ แต่ตระกูลฟ็อลคส์คนเดียวสู้กับราชรัฐไม่ได้หรอก,,,BLOCKED_PENDING_REFERENCE_AUDIO,,triangle-strategy
142,MS07_H01_A2_0010_M_SLV_0040.wav,MS07_H01_A2_0010_M_SLV_0040,153,153,153,154,ซิลวิโอ้,npc,male,silvio,,แต่ถ้าตระกูลวูล์ฟฟอร์ตร่วมสู้เคียงข้างล่ะ...,,,BLOCKED_PENDING_REFERENCE_AUDIO,,triangle-strategy
143,MS07_H01_A2_0010_M_SLV_0050.wav,MS07_H01_A2_0010_M_SLV_0050,154,154,154,155,ซิลวิโอ้,npc,male,silvio,,เห็นพวกเขาบอกว่ามีองค์ชายโรแลนด์อยู่ในทัพด้วย หากเป็นเรื่องจริง ก็มีโอกาสสูงที่พวกเขาจะร่วมทัพ,,,BLOCKED_PENDING_REFERENCE_AUDIO,,triangle-strategy
144,MS07_H01_A2_0010_M_SLV_0060.wav,MS07_H01_A2_0010_M_SLV_0060,155,155,155,156,ซิลวิโอ้,npc,male,silvio,,...รึเปล่านะ?,,,BLOCKED_PENDING_REFERENCE_AUDIO,,triangle-strategy
145,MS07_H01_A2_0010_M_SLV_0070.wav,MS07_H01_A2_0010_M_SLV_0070,156,156,156,157,ซิลวิโอ้,npc,male,silvio,,วูล์ฟฟอร์ตอาจจะไถ่ชีวิตองค์ชายให้เอสฟรอสต์ แลกกับการนิรโทษกรรมให้แคว้นของพวกเขา,,,BLOCKED_PENDING_REFERENCE_AUDIO,,triangle-strategy
146,MS07_H01_A2_0010_M_SLV_0080.wav,MS07_H01_A2_0010_M_SLV_0080,157,157,157,158,ซิลวิโอ้,npc,male,silvio,,หากเป็นเช่นนั้น เอสฟรอสต์จะเลือกฆ่าองค์ชายหรือไม่ก็องค์หญิง หรืออาจจะใช้พวกเขาเป็นหมากตัวหนึ่ง และเกลนบรู๊คจะล่มสลาย...,,,BLOCKED_PENDING_REFERENCE_AUDIO,,triangle-strategy
147,MS07_H01_A2_0010_M_SLV_0090.wav,MS07_H01_A2_0010_M_SLV_0090,158,158,158,159,ซิลวิโอ้,npc,male,silvio,,การเชื่อฟังเอสฟรอสต์เป็นความหวังเดียวที่จะทำให้เรามีชีวิตต่อไปในวันข้างหน้า...,,,BLOCKED_PENDING_REFERENCE_AUDIO,,triangle-strategy
148,MS07_H01_A3_0010_M_LND_0010.wav,MS07_H01_A3_0010_M_LND_0010,159,159,159,160,แลนดรอย,npc,male,landroi,,ฝ่าบาท... ตระกูลฟ็อลคส์ทำให้ท่านผิดหวัง... ข้าทำให้ท่านผิดหวัง!,,,BLOCKED_PENDING_REFERENCE_AUDIO,,triangle-strategy
149,MS07_H01_A3_0010_M_LND_0020.wav,MS07_H01_A3_0010_M_LND_0020,160,160,160,161,แลนดรอย,npc,male,landroi,,ตระกูลสูงศักดิ์ฉิบหายอะไรกัน! ตอนที่ท่านต้องการเรา แต่เรากลับไม่สามารถช่วยท่านได้!,,,BLOCKED_PENDING_REFERENCE_AUDIO,,triangle-strategy
150,MS07_H01_A3_0010_M_LND_0030.wav,MS07_H01_A3_0010_M_LND_0030,161,161,161,162,แลนดรอย,npc,male,landroi,,ทำไมเราถึงดูไม่ออกว่าพวกมันวางแผนอะไรกันอยู่!? ทำไมเราถึงเสียรู้จนช่วยท่านไม่ได้ล่ะ!?,,,BLOCKED_PENDING_REFERENCE_AUDIO,,triangle-strategy
151,MS07_H01_A3_0010_M_LND_0040.wav,MS07_H01_A3_0010_M_LND_0040,162,162,162,163,แลนดรอย,npc,male,landroi,,...แต่เปล่าเลย โทษโชคชะตาไปก็คงพาท่านกลับมาไม่ได้แล้ว,,,BLOCKED_PENDING_REFERENCE_AUDIO,,triangle-strategy
152,MS07_H01_A3_0010_M_LND_0050.wav,MS07_H01_A3_0010_M_LND_0050,163,163,163,164,แลนดรอย,npc,male,landroi,,เราต้องพยายามช่วยเหลือคนที่สามารถกอบกู้เกลนบรู๊คจากการล่มสลาย เราต้องปกป้ององค์ชายโรแลนด์ด้วยชีวิต!,,,BLOCKED_PENDING_REFERENCE_AUDIO,,triangle-strategy
153,MS07_H01_C0_0010_M_BKR_0010.wav,MS07_H01_C0_0010_M_BKR_0010,164,164,164,165,บุ๊กเกอร์,npc,male,booker,,รัฐมนตรีซอสเลย์ขอรับ!,,,BLOCKED_PENDING_REFERENCE_AUDIO,,triangle-strategy
154,MS07_H01_C0_0010_M_BKR_0020.wav,MS07_H01_C0_0010_M_BKR_0020,165,165,165,166,บุ๊กเกอร์,npc,male,booker,,เราได้รับข่าวมาว่า เอสฟรอสต์ทำการโจมตีเกลนบรู๊คอย่างไม่ทันตั้งตัว ซึ่งไวท์โฮล์มกำลังมอดไหม้อยู่ตอนนี้ขอรับ,,,BLOCKED_PENDING_REFERENCE_AUDIO,,triangle-strategy
155,MS07_H01_C0_0010_M_BKR_0030.wav,MS07_H01_C0_0010_M_BKR_0030,166,166,166,167,บุ๊กเกอร์,npc,male,booker,,นครหลวงแตกพ่าย ฝ่าบาทเร็กน่าถูกตัดหัว มกุฎราชกุมารก็ถูกสังหารในการต่อสู้ขอรับ,,,BLOCKED_PENDING_REFERENCE_AUDIO,,triangle-strategy
156,MS07_H01_C0_0010_M_BKR_0040.wav,MS07_H01_C0_0010_M_BKR_0040,167,167,167,168,บุ๊กเกอร์,npc,male,booker,,ส่วนองค์ชายโรแลนด์ก็หลบหนีไปยังปราสาทวูล์ฟฟอร์ต พร้อมกับทัพทหารเอสฟรอสต์ที่ตามล่าพวกเขาอยู่,,,BLOCKED_PENDING_REFERENCE_AUDIO,,triangle-strategy
157,MS07_H01_C0_0010_M_BKR_0050.wav,MS07_H01_C0_0010_M_BKR_0050,168,168,168,169,บุ๊กเกอร์,npc,male,booker,,ท่านรัฐมนตรี ในเรื่องร้ายก็ยังมีเรื่องดีนะขอรับ,,,BLOCKED_PENDING_REFERENCE_AUDIO,,triangle-strategy
158,MS07_H01_C0_0010_M_BKR_0060.wav,MS07_H01_C0_0010_M_BKR_0060,169,169,169,170,บุ๊กเกอร์,npc,male,booker,,ข้าคิดว่าสถานการณ์เช่นนี้อาจส่งผลดีต่อตระกูลเอนด์ของเรา,,,BLOCKED_PENDING_REFERENCE_AUDIO,,triangle-strategy
159,MS07_H01_C0_0010_M_BKR_0070.wav,MS07_H01_C0_0010_M_BKR_0070,170,170,170,171,บุ๊กเกอร์,npc,male,booker,,ได้ขอรับ นายท่าน,,,BLOCKED_PENDING_REFERENCE_AUDIO,,triangle-strategy
160,MS07_H01_C0_0010_M_SLS_0010.wav,MS07_H01_C0_0010_M_SLS_0010,171,171,171,172,ซอสเลย์,npc,male,sorsley,assets/triangle-strategy/approved_voice_references/sorsley.wav,มีอะไรเหรอ บุ๊กเกอร์?,,,PENDING_MANUAL_GENERATION,,triangle-strategy
161,MS07_H01_C0_0010_M_SLS_0020.wav,MS07_H01_C0_0010_M_SLS_0020,172,172,172,173,ซอสเลย์,npc,male,sorsley,assets/triangle-strategy/approved_voice_references/sorsley.wav,ว่ายังไงนะ!?,,,PENDING_MANUAL_GENERATION,,triangle-strategy
162,MS07_H01_C0_0010_M_SLS_0030.wav,MS07_H01_C0_0010_M_SLS_0030,173,173,173,174,ซอสเลย์,npc,male,sorsley,assets/triangle-strategy/approved_voice_references/sorsley.wav,คุณพระคุณเจ้า...,,,PENDING_MANUAL_GENERATION,,triangle-strategy
163,MS07_H01_C0_0010_M_SLS_0040.wav,MS07_H01_C0_0010_M_SLS_0040,174,174,174,175,ซอสเลย์,npc,male,sorsley,assets/triangle-strategy/approved_voice_references/sorsley.wav,อาร์ชดยุกวางแผนอะไรของเขากันเนี่ย? แล้วคนอื่นมีความเห็นอย่างไรบ้างล่ะ?,,,PENDING_MANUAL_GENERATION,,triangle-strategy
164,MS07_H01_C0_0010_M_SLS_0050.wav,MS07_H01_C0_0010_M_SLS_0050,175,175,175,176,ซอสเลย์,npc,male,sorsley,assets/triangle-strategy/approved_voice_references/sorsley.wav,ยังไงข้าก็ต้องพูดคุยกับหัวหน้านักบวชก่อน,,,PENDING_MANUAL_GENERATION,,triangle-strategy
165,MS07_H01_C0_0010_M_SLS_0060.wav,MS07_H01_C0_0010_M_SLS_0060,176,176,176,177,ซอสเลย์,npc,male,sorsley,assets/triangle-strategy/approved_voice_references/sorsley.wav,ส่งผลดีต่อตระกูลเอนด์ของเราเหรอ?,,,PENDING_MANUAL_GENERATION,,triangle-strategy
166,MS07_H01_C0_0010_M_SLS_0070.wav,MS07_H01_C0_0010_M_SLS_0070,177,177,177,178,ซอสเลย์,npc,male,sorsley,assets/triangle-strategy/approved_voice_references/sorsley.wav,...ใช่แล้วล่ะ ที่เจ้าพูดมาก็อาจจะถูก,,,PENDING_MANUAL_GENERATION,,triangle-strategy
167,MS07_H01_C0_0010_M_SLS_0080.wav,MS07_H01_C0_0010_M_SLS_0080,178,178,178,179,ซอสเลย์,npc,male,sorsley,assets/triangle-strategy/approved_voice_references/sorsley.wav,บุ๊กเกอร์ที่รักของข้า ตระกูลเอนด์จะเป็นยังไงหากไม่มีเจ้ากันนะ?,,,PENDING_MANUAL_GENERATION,,triangle-strategy
168,MS07_H01_C0_0010_M_SLS_0090.wav,MS07_H01_C0_0010_M_SLS_0090,179,179,179,180,ซอสเลย์,npc,male,sorsley,assets/triangle-strategy/approved_voice_references/sorsley.wav,ส่งนกไปที่ตำหนัก บอกพระองค์ว่า ซอสเลย์ผู้ศรัทธาอยากเข้าพบ,,,PENDING_MANUAL_GENERATION,,triangle-strategy
169,MS07_H01_VOTE_110_F_FRE_0010.wav,MS07_H01_VOTE_110_F_FRE_0010,180,180,180,181,เฟรเดอริก้า,main,female,frederica,assets/triangle-strategy/approved_voice_references/frederica.wav,ไม่มีทางอื่นจริงๆเหรอ?,,,PENDING_MANUAL_GENERATION,,triangle-strategy
170,MS07_H01_VOTE_110_M_BND_0010.wav,MS07_H01_VOTE_110_M_BND_0010,181,181,181,182,เบเนดิกต์,main,male,benedict,assets/triangle-strategy/approved_voice_references/benedict.wav,มันถูกตัดสินแล้ว นี่คือเส้นทางที่เราเลือกเดิน,,,PENDING_MANUAL_GENERATION,,triangle-strategy
171,MS07_H01_VOTE_110_M_RLN_0010.wav,MS07_H01_VOTE_110_M_RLN_0010,182,182,182,183,โรแลนด์,main,male,roland,assets/triangle-strategy/approved_voice_references/roland.wav,...ก็ตามนั้น,,,PENDING_MANUAL_GENERATION,,triangle-strategy
172,MS07_H01_VOTE_110_M_RLN_0020.wav,MS07_H01_VOTE_110_M_RLN_0020,183,183,183,184,โรแลนด์,main,male,roland,assets/triangle-strategy/approved_voice_references/roland.wav,...ไม่ต้องหรอก,,,PENDING_MANUAL_GENERATION,,triangle-strategy
173,MS07_H01_VOTE_110_M_RLN_0030.wav,MS07_H01_VOTE_110_M_RLN_0030,184,184,184,185,โรแลนด์,main,male,roland,assets/triangle-strategy/approved_voice_references/roland.wav,ขอบคุณที่ให้พักอาศัยนะ สหายข้า,,,PENDING_MANUAL_GENERATION,,triangle-strategy
174,MS07_H01_VOTE_110_M_RLN_0040.wav,MS07_H01_VOTE_110_M_RLN_0040,185,185,185,186,โรแลนด์,main,male,roland,assets/triangle-strategy/approved_voice_references/roland.wav,สิ่งที่เจ้าเลือกนั้นยุติธรรมแล้ว จงเดินหน้าต่ออย่างภาคภูมิเสียเถิด,,,PENDING_MANUAL_GENERATION,,triangle-strategy
175,MS07_H01_VOTE_110_M_SEL_0010.wav,MS07_H01_VOTE_110_M_SEL_0010,186,186,186,187,เซเรโนอา,main,male,serenoa,assets/triangle-strategy/approved_voice_references/serenoa.wav,โรแลนด์...,,,PENDING_MANUAL_GENERATION,,triangle-strategy
176,MS07_H01_VOTE_120_M_BND_0010.wav,MS07_H01_VOTE_120_M_BND_0010,188,188,188,189,เบเนดิกต์,main,male,benedict,assets/triangle-strategy/approved_voice_references/benedict.wav,เส้นทางถูกตัดสินแล้ว,,,PENDING_MANUAL_GENERATION,,triangle-strategy
177,MS07_H01_VOTE_120_M_BND_0015.wav,MS07_H01_VOTE_120_M_BND_0015,189,189,189,190,เบเนดิกต์,main,male,benedict,assets/triangle-strategy/approved_voice_references/benedict.wav,ตาชั่งเอียงไปในเส้นทางที่เราได้เลือก จงเตรียมพร้อมรับศึกที่กำลังมาถึงเสียเถิด,,,PENDING_MANUAL_GENERATION,,triangle-strategy
178,MS07_H01_VOTE_120_M_BND_0020.wav,MS07_H01_VOTE_120_M_BND_0020,190,190,190,191,เบเนดิกต์,main,male,benedict,assets/triangle-strategy/approved_voice_references/benedict.wav,เตรียมตั้งรับ พวกเราจะขับไล่ทัพเอสฟรอสต์ออกไป,,,PENDING_MANUAL_GENERATION,,triangle-strategy
179,MS07_H01_VOTE_120_M_RLN_0010.wav,MS07_H01_VOTE_120_M_RLN_0010,191,191,191,192,โรแลนด์,main,male,roland,assets/triangle-strategy/approved_voice_references/roland.wav,ไม่ ข้ารับไม่ได้!,,,PENDING_MANUAL_GENERATION,,triangle-strategy
180,MS07_H01_VOTE_120_M_RLN_0020.wav,MS07_H01_VOTE_120_M_RLN_0020,192,192,192,193,โรแลนด์,main,male,roland,assets/triangle-strategy/approved_voice_references/roland.wav,เจ้ารู้ไหมว่าพวกเราจะเสียเลือดเนื้อไปอีกเท่าไร!? ต้องมีคนตายเพื่อข้าอีกสักกี่คน!?,,,PENDING_MANUAL_GENERATION,,triangle-strategy
181,MS07_H01_VOTE_120_M_RLN_0030.wav,MS07_H01_VOTE_120_M_RLN_0030,193,193,193,194,โรแลนด์,main,male,roland,assets/triangle-strategy/approved_voice_references/roland.wav,...ก็ได้ ข้าจะทำเต็มที่เพื่อให้มันเป็นทางเลือกที่ถูกนะ,,,PENDING_MANUAL_GENERATION,,triangle-strategy
182,MS07_H01_VOTE_120_M_RLN_0040.wav,MS07_H01_VOTE_120_M_RLN_0040,194,194,194,195,โรแลนด์,main,male,roland,assets/triangle-strategy/approved_voice_references/roland.wav,ข้าจะร่วมสู้กับเจ้า สหายข้า,,,PENDING_MANUAL_GENERATION,,triangle-strategy
183,MS07_H01_VOTE_120_M_SEL_0010.wav,MS07_H01_VOTE_120_M_SEL_0010,195,195,195,196,เซเรโนอา,main,male,serenoa,assets/triangle-strategy/approved_voice_references/serenoa.wav,นี่เป็นการตัดสินใจร่วมกันของพวกเรา ซึ่งมันไม่ใช่เรื่องเล่นขอรับ,,,PENDING_MANUAL_GENERATION,,triangle-strategy
184,MS07_H01_VOTE_DRAMA_M_RLN_S01_0010.wav,MS07_H01_VOTE_DRAMA_M_RLN_S01_0010,196,196,196,197,โรแลนด์,main,male,roland,assets/triangle-strategy/approved_voice_references/roland.wav,ข้าศรัทธาในตัวเจ้าเสมอ สหายข้า,,,PENDING_MANUAL_GENERATION,,triangle-strategy
185,MS07_H01_VOTE_DRAMA_M_RLN_S02_0010.wav,MS07_H01_VOTE_DRAMA_M_RLN_S02_0010,197,197,197,198,โรแลนด์,main,male,roland,assets/triangle-strategy/approved_voice_references/roland.wav,ขออภัยด้วยนะ แต่ข้าคงยอมไม่ได้จริงๆในตอนนี้,,,PENDING_MANUAL_GENERATION,,triangle-strategy
186,MS07_H01_VOTE_START_M_BND_0010.wav,MS07_H01_VOTE_START_M_BND_0010,199,199,199,200,เบเนดิกต์,main,male,benedict,assets/triangle-strategy/approved_voice_references/benedict.wav,ขอรับนายท่าน จะเริ่มหารือกันแล้วนะขอรับ,,,PENDING_MANUAL_GENERATION,,triangle-strategy
187,MS07_H01_VOTE_START_M_SEL_0010.wav,MS07_H01_VOTE_START_M_SEL_0010,200,200,200,201,เซเรโนอา,main,male,serenoa,assets/triangle-strategy/approved_voice_references/serenoa.wav,ข้าจะส่งสัญญาณเมื่อถึงเวลาลงคะแนนเสียง ขอให้พวกท่านทั้งหมดพิจารณาอย่างถี่ถ้วนด้วย,,,PENDING_MANUAL_GENERATION,,triangle-strategy
188,MS07_H01_WD_0010_N_NNN_0010.wav,MS07_H01_WD_0010_N_NNN_0010,201,201,201,202,Narrator,narrator,female,narrator,assets/triangle-strategy/approved_voice_references/narrator.wav,และแล้ว อาณาจักรอันภาคภูมิแห่งเกลนบรู๊คจึงล่มสลายอีกครั้ง,,,PENDING_MANUAL_GENERATION,,triangle-strategy
189,MS07_H01_WD_0010_N_NNN_0020.wav,MS07_H01_WD_0010_N_NNN_0020,202,202,202,203,Narrator,narrator,female,narrator,assets/triangle-strategy/approved_voice_references/narrator.wav,"เอสฟรอสต์เข้ายึดครองนครหลวง
ข่มขวัญว่าจะครองพื้นที่โดยรอบของมัน",,,PENDING_MANUAL_GENERATION,,triangle-strategy
190,MS07_H01_WD_0010_N_NNN_0030.wav,MS07_H01_WD_0010_N_NNN_0030,203,203,203,204,Narrator,narrator,female,narrator,assets/triangle-strategy/approved_voice_references/narrator.wav,บัดนี้ ทัพของอาร์ชดยุกได้มุ่งหน้าสู่ฐานที่มั่นของวูล์ฟฟอร์ต ที่ซึ่งองค์ชายโรแลนด์ลี้ภัยอยู่กับมิตรสหายผู้ภักดีของเขา...,,,PENDING_MANUAL_GENERATION,,triangle-strategy
191,MS07_H01_WD_0020_N_NNN_0010.wav,MS07_H01_WD_0020_N_NNN_0010,204,204,204,205,Narrator,narrator,female,narrator,assets/triangle-strategy/approved_voice_references/narrator.wav,ไม่กี่วันถัดมาหลังจากการล่มสลายของนครหลวง กษัตริย์เร็กน่าแห่งเกลนบรู๊คถูกบั่นคอต่อหน้าราษฎรของเขา,,,PENDING_MANUAL_GENERATION,,triangle-strategy
192,MS07_H01_WD_0020_N_NNN_0020.wav,MS07_H01_WD_0020_N_NNN_0020,205,205,205,206,Narrator,narrator,female,narrator,assets/triangle-strategy/approved_voice_references/narrator.wav,การสิ้นพระชนม์ของกษัตริย์ผู้ใจดีมีเมตตา นำพาอาณาจักรเข้าสู่กลียุค,,,PENDING_MANUAL_GENERATION,,triangle-strategy
193,MS07_H01_WD_0020_N_NNN_0030.wav,MS07_H01_WD_0020_N_NNN_0030,206,206,206,207,Narrator,narrator,female,narrator,assets/triangle-strategy/approved_voice_references/narrator.wav,สันติสุขอันแสนสั้นได้สิ้นลง ในขณะที่การนองเลือดและความโกลาหลได้ถือกำเนิดขึ้น,,,PENDING_MANUAL_GENERATION,,triangle-strategy
194,MS07_H01_WD_0030_N_NNN_0010.wav,MS07_H01_WD_0030_N_NNN_0010,207,207,207,208,Narrator,narrator,female,narrator,assets/triangle-strategy/approved_voice_references/narrator.wav,กองทัพเอสฟรอสต์รวบรวมกำลังพลที่ปราสาทไวท์โฮล์มตามคำบัญชาของกุสตาดอล์ฟ พร้อมเดินทัพสู่แคว้นวูล์ฟฟอร์ต,,,PENDING_MANUAL_GENERATION,,triangle-strategy
195,MS07_H01_WD_0030_N_NNN_0020.wav,MS07_H01_WD_0030_N_NNN_0020,208,208,208,209,Narrator,narrator,female,narrator,assets/triangle-strategy/approved_voice_references/narrator.wav,เป้าหมายพวกเขาคือการครอบครององค์ชายโรแลนด์ ผู้สืบบัลลังก์เกลนบรู๊คที่ไม่มีผู้ใดต้องการ...,,,PENDING_MANUAL_GENERATION,,triangle-strategy
196,MS07_X08_A0_0010_M_GST_0010.wav,MS07_X08_A0_0010_M_GST_0010,209,209,209,210,กุสตาดอล์ฟ,npc,male,gustadolph,,เรื่ององค์ชายโรแลนด์สินะ,,,BLOCKED_PENDING_REFERENCE_AUDIO,,triangle-strategy
197,MS07_X08_A0_0010_M_GST_0020.wav,MS07_X08_A0_0010_M_GST_0020,210,210,210,211,กุสตาดอล์ฟ,npc,male,gustadolph,,สรุปแล้วพวกมันจะไม่ส่งองค์ชายให้เรา ช่าง...น่าสนใจดีนี่,,,BLOCKED_PENDING_REFERENCE_AUDIO,,triangle-strategy
198,MS07_X08_A0_0010_M_GST_0030.wav,MS07_X08_A0_0010_M_GST_0030,211,211,211,212,กุสตาดอล์ฟ,npc,male,gustadolph,,อยากจะภักดีต่อราชวงศ์จนตัวตายเลยสินะ,,,BLOCKED_PENDING_REFERENCE_AUDIO,,triangle-strategy
199,MS07_X08_A0_0010_M_GST_0040.wav,MS07_X08_A0_0010_M_GST_0040,212,212,212,213,กุสตาดอล์ฟ,npc,male,gustadolph,,...ย่อมได้ ส่งนกไปหาแม่ทัพอัฟโลร่า,,,BLOCKED_PENDING_REFERENCE_AUDIO,,triangle-strategy
200,MS07_X08_A0_0010_M_GST_0050.wav,MS07_X08_A0_0010_M_GST_0050,213,213,213,214,กุสตาดอล์ฟ,npc,male,gustadolph,,บอกนางให้บุกไปแคว้นวูล์ฟฟอร์ตได้เลย หากไม่ได้ตัวองค์ชายก็ไม่ต้องกลับมาอีก,,,BLOCKED_PENDING_REFERENCE_AUDIO,,triangle-strategy
201,MS07_X08_A0_0010_M_M159_0010.wav,MS07_X08_A0_0010_M_M159_0010,214,214,214,215,ผู้ส่งสาร,generic,male,MALE_YOUNG_A,assets/triangle-strategy/approved_voice_references/MALE_YOUNG_A.wav,ขออภัยที่ขัดจังหวะขอรับ มีนกส่งสารมาจากวูล์ฟฟอร์ตขอรับนายท่าน,,,PENDING_MANUAL_GENERATION,,triangle-strategy
202,MS07_X08_A0_0010_M_M159_0020.wav,MS07_X08_A0_0010_M_M159_0020,215,215,215,216,ผู้ส่งสาร,generic,male,MALE_YOUNG_A,assets/triangle-strategy/approved_voice_references/MALE_YOUNG_A.wav,ขอรับ นายท่าน,,,PENDING_MANUAL_GENERATION,,triangle-strategy
203,MS07_X08_A0_0020_F_ERK_0010.wav,MS07_X08_A0_0020_F_ERK_0010,216,216,216,217,เอริก้า,npc,female,erika,assets/triangle-strategy/approved_voice_references/erika.wav,ยอมตายดีกว่าเชื่อฟังเหรอ? วูล์ฟฟอร์ตนี่มันโง่สิ้นดี...,,,PENDING_MANUAL_GENERATION,,triangle-strategy
204,MS07_X08_A0_0020_F_ERK_0020.wav,MS07_X08_A0_0020_F_ERK_0020,217,217,217,218,เอริก้า,npc,female,erika,assets/triangle-strategy/approved_voice_references/erika.wav,อย่างน้อยอัฟโลร่าจะได้โอกาสพิสูจน์ฝีมือในสนามรบแล้วล่ะ,,,PENDING_MANUAL_GENERATION,,triangle-strategy
205,MS07_X08_A0_0020_F_ERK_0030.wav,MS07_X08_A0_0020_F_ERK_0030,218,218,218,219,เอริก้า,npc,female,erika,assets/triangle-strategy/approved_voice_references/erika.wav,ก็ขอให้เป็นเช่นนั้น...เพื่อตัวนางเอง,,,PENDING_MANUAL_GENERATION,,triangle-strategy
206,MS07_X08_A0_0020_F_ERK_0040.wav,MS07_X08_A0_0020_F_ERK_0040,219,219,219,220,เอริก้า,npc,female,erika,assets/triangle-strategy/approved_voice_references/erika.wav,เมื่อตระกูลสูงสุดแห่งเกลนบรู๊คถูกกำจัด อีกสองตระกูลที่เหลือจะเอายังไงดี?,,,PENDING_MANUAL_GENERATION,,triangle-strategy
207,MS07_X08_A0_0020_F_ERK_0050.wav,MS07_X08_A0_0020_F_ERK_0050,220,220,220,221,เอริก้า,npc,female,erika,assets/triangle-strategy/approved_voice_references/erika.wav,ไม่มีวันซะหรอก น้องข้า...,,,PENDING_MANUAL_GENERATION,,triangle-strategy
208,MS07_X08_A0_0020_M_TRS_0010.wav,MS07_X08_A0_0020_M_TRS_0010,221,221,221,222,ธาลาส,npc,male,thalas,assets/triangle-strategy/approved_voice_references/thalas.wav,นั่นคือเหตุผลที่เรารับนางเข้ามาไม่ใช่เหรอ? นางยังมีประโยชน์อยู่บ้างแหละน่า,,,PENDING_MANUAL_GENERATION,,triangle-strategy
209,MS07_X08_A0_0020_M_TRS_0020.wav,MS07_X08_A0_0020_M_TRS_0020,222,222,222,223,ธาลาส,npc,male,thalas,assets/triangle-strategy/approved_voice_references/thalas.wav,หึ... คำตอบก็น่าจะชัดเจนอยู่แล้วนะน้องรัก,,,PENDING_MANUAL_GENERATION,,triangle-strategy
210,MS07_X08_A0_0020_M_TRS_0030.wav,MS07_X08_A0_0020_M_TRS_0030,223,223,223,224,ธาลาส,npc,male,thalas,assets/triangle-strategy/approved_voice_references/thalas.wav,ตระกูลเทลลิออร์ผู้ขลาดเขลาจะอยู่ใต้บัญชาของเรา... ส่วนฟ็อลคส์ผู้คลั่งกษัตริย์จะทำตรงกันข้าม...,,,PENDING_MANUAL_GENERATION,,triangle-strategy
211,MS07_X08_A0_0020_M_TRS_0040.wav,MS07_X08_A0_0020_M_TRS_0040,224,224,224,225,ธาลาส,npc,male,thalas,assets/triangle-strategy/approved_voice_references/thalas.wav,แต่ตระกูลฟ็อลคส์มีดินแดนอุดมสมบูรณ์ คิดว่าท่านพี่จะปล่อยผ่านโอกาสช่วงชิงขุมทรัพย์ชั้นเลิศเช่นนี้ได้เหรอ?,,,PENDING_MANUAL_GENERATION,,triangle-strategy
212,MS07_X08_A0_0030_F_ABR_0010.wav,MS07_X08_A0_0030_F_ABR_0010,225,225,225,226,อัฟโลร่า,npc,female,avlora,assets/triangle-strategy/approved_voice_references/avlora.wav,ข้าไม่ขอแก้ตัวใดๆ ทั้งสิ้นเจ้าค่ะ,,,PENDING_MANUAL_GENERATION,,triangle-strategy
213,MS07_X08_A0_0030_F_ABR_0020.wav,MS07_X08_A0_0030_F_ABR_0020,226,226,226,227,อัฟโลร่า,npc,female,avlora,assets/triangle-strategy/approved_voice_references/avlora.wav,ข้าประเมินทัพวูล์ฟฟอร์ตต่ำไป ต่อไปนี้มันจะไม่เกิดขึ้นอีก,,,PENDING_MANUAL_GENERATION,,triangle-strategy
214,MS07_X08_A0_0030_F_ABR_0030.wav,MS07_X08_A0_0030_F_ABR_0030,227,227,227,228,อัฟโลร่า,npc,female,avlora,assets/triangle-strategy/approved_voice_references/avlora.wav,รอบนี้จะไม่ทำให้ท่านผิดหวังเจ้าค่ะ ข้ารับปาก,,,PENDING_MANUAL_GENERATION,,triangle-strategy
215,MS07_X08_A0_0030_M_GST_0010.wav,MS07_X08_A0_0030_M_GST_0010,228,228,228,229,กุสตาดอล์ฟ,npc,male,gustadolph,,มันจะไม่เกิดขึ้นอยู่แล้ว และข้าไม่รับคำขอโทษในความอ่อนหัดที่ทำให้เจ้าพ่ายแพ้หรอกนะ,,,BLOCKED_PENDING_REFERENCE_AUDIO,,triangle-strategy
216,MS07_X08_A0_0030_M_GST_0020.wav,MS07_X08_A0_0030_M_GST_0020,229,229,229,230,กุสตาดอล์ฟ,npc,male,gustadolph,,ชัยชนะของวูล์ฟฟอร์ตมีราคาที่ต้องจ่าย เราต้องบุกโจมตีอีกครั้งก่อนที่พวกมันตั้งตัวสำเร็จ,,,BLOCKED_PENDING_REFERENCE_AUDIO,,triangle-strategy
217,MS07_X08_A0_0030_M_GST_0030.wav,MS07_X08_A0_0030_M_GST_0030,230,230,230,231,กุสตาดอล์ฟ,npc,male,gustadolph,,พักเสียเถอะ อัฟโลร่า อีกไม่นานเจ้าจะได้ทำหน้าที่อีกครั้ง,,,BLOCKED_PENDING_REFERENCE_AUDIO,,triangle-strategy
218,MS07_X08_A0_0030_M_GST_0040.wav,MS07_X08_A0_0030_M_GST_0040,231,231,231,232,กุสตาดอล์ฟ,npc,male,gustadolph,,ถ้างั้นก็รักษาคำพูดด้วย ข้าไม่ยอมให้ใครมาขัดขวางข้าเด็ดขาด,,,BLOCKED_PENDING_REFERENCE_AUDIO,,triangle-strategy
219,MS07_X08_A1_0010_F_ANA_0010.wav,MS07_X08_A1_0010_F_ANA_0010,232,232,232,233,แอนนา,main,female,anna,assets/triangle-strategy/approved_voice_references/anna.wav,...เจ้าค่ะ พวกเราถูกทัพหลักของอาร์ชดยุกห้อมล้อม โดยมีอัฟโลร่าเป็นแม่ทัพ,,,PENDING_MANUAL_GENERATION,,triangle-strategy
220,MS07_X08_A1_0010_F_HEW_0010.wav,MS07_X08_A1_0010_F_HEW_0010,233,233,233,234,ฮิวเอทท์,main,female,hughette,assets/triangle-strategy/approved_voice_references/hughette.wav,องค์ชาย ชีวิตของท่านมีค่ามากกว่าจะโยนทิ้งไปง่ายๆแบบนี้นะเจ้าคะ,,,PENDING_MANUAL_GENERATION,,triangle-strategy
221,MS07_X08_A1_0010_M_BND_0010.wav,MS07_X08_A1_0010_M_BND_0010,234,234,234,235,เบเนดิกต์,main,male,benedict,assets/triangle-strategy/approved_voice_references/benedict.wav,การเผชิญหน้ากับทัพเอสฟรอสต์โดยตรงถือเป็นกิจที่โง่เขลาขอรับ พวกมันขับไล่เราได้อย่างไม่มีปัญหา,,,PENDING_MANUAL_GENERATION,,triangle-strategy
222,MS07_X08_A1_0010_M_BND_0020.wav,MS07_X08_A1_0010_M_BND_0020,235,235,235,236,เบเนดิกต์,main,male,benedict,assets/triangle-strategy/approved_voice_references/benedict.wav,พวกเราลองคิดแผนอื่นกันดีกว่า,,,PENDING_MANUAL_GENERATION,,triangle-strategy
223,MS07_X08_A1_0010_M_BND_0030.wav,MS07_X08_A1_0010_M_BND_0030,236,236,236,237,เบเนดิกต์,main,male,benedict,assets/triangle-strategy/approved_voice_references/benedict.wav,ความจริงแล้ว เมืองนี้มีสิ่งอื่นมากกว่าที่ตาเห็นขอรับ,,,PENDING_MANUAL_GENERATION,,triangle-strategy
224,MS07_X08_A1_0010_M_BND_0040.wav,MS07_X08_A1_0010_M_BND_0040,237,237,237,238,เบเนดิกต์,main,male,benedict,assets/triangle-strategy/approved_voice_references/benedict.wav,เป็นความลับที่จะถูกเปิดเผยต่อลอร์ดคนใหม่ภายใต้สถานการณ์ปกติ หลังการสืบตำแหน่งอย่างเป็นทางการ แต่ในช่วงเวลายากลำบากนั้น...,,,PENDING_MANUAL_GENERATION,,triangle-strategy
225,MS07_X08_A1_0010_M_BND_0050.wav,MS07_X08_A1_0010_M_BND_0050,238,238,238,239,เบเนดิกต์,main,male,benedict,assets/triangle-strategy/approved_voice_references/benedict.wav,ข้าส่งคนไปเตรียมการให้แล้วขอรับ รบกวนช่วยมากับข้าด้วย เรามีเวลาไม่มากขอรับ,,,PENDING_MANUAL_GENERATION,,triangle-strategy
226,MS07_X08_A1_0010_M_RLN_0010.wav,MS07_X08_A1_0010_M_RLN_0010,239,239,239,240,โรแลนด์,main,male,roland,assets/triangle-strategy/approved_voice_references/roland.wav,อัฟโลร่า? เจ้าแน่ใจเหรอ!?,,,PENDING_MANUAL_GENERATION,,triangle-strategy
227,MS07_X08_A1_0010_M_RLN_0020.wav,MS07_X08_A1_0010_M_RLN_0020,240,240,240,241,โรแลนด์,main,male,roland,assets/triangle-strategy/approved_voice_references/roland.wav,นางสังหารท่านพี่...รวมถึงอาจารย์ของข้าด้วย ข้าจะแก้แค้นให้พวกเขา แม้ต้องแลกด้วยชีวิตก็ตาม!,,,PENDING_MANUAL_GENERATION,,triangle-strategy
228,MS07_X08_A1_0010_M_RLN_0030.wav,MS07_X08_A1_0010_M_RLN_0030,241,241,241,242,โรแลนด์,main,male,roland,assets/triangle-strategy/approved_voice_references/roland.wav,ข้ารู้แล้วน่า แต่ว่า-!,,,PENDING_MANUAL_GENERATION,,triangle-strategy
229,MS07_X08_A1_0020_F_ANA_0010.wav,MS07_X08_A1_0020_F_ANA_0010,244,244,244,245,แอนนา,main,female,anna,assets/triangle-strategy/approved_voice_references/anna.wav,พร้อมแล้วเจ้าค่ะ,,,PENDING_MANUAL_GENERATION,,triangle-strategy
230,MS07_X08_A1_0020_F_ANA_0020.wav,MS07_X08_A1_0020_F_ANA_0020,245,245,245,246,แอนนา,main,female,anna,assets/triangle-strategy/approved_voice_references/anna.wav,รับทราบเจ้าค่ะ,,,PENDING_MANUAL_GENERATION,,triangle-strategy
231,MS07_X08_A1_0020_F_HEW_0010.wav,MS07_X08_A1_0020_F_HEW_0010,246,246,246,247,ฮิวเอทท์,main,female,hughette,assets/triangle-strategy/approved_voice_references/hughette.wav,ข้าจะช่วยด้วย เหยี่ยวของข้าจัดการซากอาคารได้เจ้าค่ะ,,,PENDING_MANUAL_GENERATION,,triangle-strategy
232,MS07_X08_A1_0020_F_YRA_0010.wav,MS07_X08_A1_0020_F_YRA_0010,247,247,247,248,จีล่า,main,female,geela,assets/triangle-strategy/approved_voice_references/geela.wav,ข้าขอตัวไปรักษาคนเจ็บก่อนนะเจ้าคะ,,,PENDING_MANUAL_GENERATION,,triangle-strategy
233,MS07_X08_A1_0020_M_BND_0010.wav,MS07_X08_A1_0020_M_BND_0010,248,248,248,249,เบเนดิกต์,main,male,benedict,assets/triangle-strategy/approved_voice_references/benedict.wav,เดินทางปลอดภัยนะแอนนา ฝากทักทายคนอื่นๆด้วย,,,PENDING_MANUAL_GENERATION,,triangle-strategy
234,MS07_X08_A1_0020_M_BND_0020.wav,MS07_X08_A1_0020_M_BND_0020,249,249,249,250,เบเนดิกต์,main,male,benedict,assets/triangle-strategy/approved_voice_references/benedict.wav,พวกเราคงต้องเสี่ยงขอความช่วยเหลือจากอาณาจักรมหาอำนาจ ข้าอยากให้เจ้าช่วยประเมินให้หน่อยว่าพวกเราเชื่อใจพวกเขาได้มากแค่ไหน,,,PENDING_MANUAL_GENERATION,,triangle-strategy
235,MS07_X08_A1_0020_M_BND_0030.wav,MS07_X08_A1_0020_M_BND_0030,250,250,250,251,เบเนดิกต์,main,male,benedict,assets/triangle-strategy/approved_voice_references/benedict.wav,ข้าส่งแอนนาไปรัฐศักดิ์สิทธิ์ไฮแซนต์แล้วขอรับ,,,PENDING_MANUAL_GENERATION,,triangle-strategy
236,MS07_X08_A1_0020_M_BND_0040.wav,MS07_X08_A1_0020_M_BND_0040,251,251,251,252,เบเนดิกต์,main,male,benedict,assets/triangle-strategy/approved_voice_references/benedict.wav,แม้ว่าความสัมพันธ์ของเราจะไม่เหมือนเดิม แต่เราต้องการความช่วยเหลือ ไม่ว่ามันจะอยู่ที่ใดก็ตาม,,,PENDING_MANUAL_GENERATION,,triangle-strategy
237,MS07_X08_A1_0020_M_BND_0050.wav,MS07_X08_A1_0020_M_BND_0050,252,252,252,253,เบเนดิกต์,main,male,benedict,assets/triangle-strategy/approved_voice_references/benedict.wav,ใช่แล้วขอรับ ความสามัคคีในเกลนบรู๊คคือสิ่งสำคัญที่สุด โดยเฉพาะในเวลาที่เราต้องปกป้ององค์ชายโรแลนด์ให้ปลอดภัย,,,PENDING_MANUAL_GENERATION,,triangle-strategy
238,MS07_X08_A1_0020_M_BND_0060.wav,MS07_X08_A1_0020_M_BND_0060,253,253,253,254,เบเนดิกต์,main,male,benedict,assets/triangle-strategy/approved_voice_references/benedict.wav,เพราะยังไง...เราคงหวังให้พวกเขามาทำเพื่อเราไม่ได้หรอก ไม่ว่าจะเป็นตระกูลเทลลิออร์หรือฟ็อลคส์ก็ตาม,,,PENDING_MANUAL_GENERATION,,triangle-strategy
239,MS07_X08_A1_0020_M_BND_0070.wav,MS07_X08_A1_0020_M_BND_0070,254,254,254,255,เบเนดิกต์,main,male,benedict,assets/triangle-strategy/approved_voice_references/benedict.wav,เราต้องเตรียมรับมือสถานการณ์ที่ไม่คาดคิดด้วยขอรับ,,,PENDING_MANUAL_GENERATION,,triangle-strategy
240,MS07_X08_A1_0020_M_SEL_0010.wav,MS07_X08_A1_0020_M_SEL_0010,255,255,255,256,เซเรโนอา,main,male,serenoa,assets/triangle-strategy/approved_voice_references/serenoa.wav,ขอบคุณพวกเจ้าทั้งสองจริงๆ ข้ารู้สึกยินดีเป็นอย่างมากเลยล่ะ,,,PENDING_MANUAL_GENERATION,,triangle-strategy
241,MS07_X08_A1_0020_M_SEL_0020.wav,MS07_X08_A1_0020_M_SEL_0020,256,256,256,257,เซเรโนอา,main,male,serenoa,assets/triangle-strategy/approved_voice_references/serenoa.wav,หากเราขอความช่วยเหลือจากพวกเขาได้ก็คงจะดีสินะ...,,,PENDING_MANUAL_GENERATION,,triangle-strategy
242,MS07_X08_A1_0020_M_SEL_0030.wav,MS07_X08_A1_0020_M_SEL_0030,257,257,257,258,เซเรโนอา,main,male,serenoa,assets/triangle-strategy/approved_voice_references/serenoa.wav,ท่านพูดถูกเสมอ เบเนดิกต์ พวกเราก้าวเดินในเส้นทางที่เลือกแล้ว คงบอกไม่ได้หรอกว่ามีสิ่งใดรอเราอยู่,,,PENDING_MANUAL_GENERATION,,triangle-strategy
243,MS07_X08_A1_0030_F_FRE_0010.wav,MS07_X08_A1_0030_F_FRE_0010,258,258,258,259,เฟรเดอริก้า,main,female,frederica,assets/triangle-strategy/approved_voice_references/frederica.wav,องค์ชาย พอจะมีเวลาไหมเจ้าคะ?,,,PENDING_MANUAL_GENERATION,,triangle-strategy
244,MS07_X08_A1_0030_F_FRE_0020.wav,MS07_X08_A1_0030_F_FRE_0020,259,259,259,260,เฟรเดอริก้า,main,female,frederica,assets/triangle-strategy/approved_voice_references/frederica.wav,ข้าขอเสียมารยาทนะเจ้าคะ... มันไม่ใช่ดวงของท่านหรอก,,,PENDING_MANUAL_GENERATION,,triangle-strategy
245,MS07_X08_A1_0030_F_FRE_0030.wav,MS07_X08_A1_0030_F_FRE_0030,260,260,260,261,เฟรเดอริก้า,main,female,frederica,assets/triangle-strategy/approved_voice_references/frederica.wav,พวกเราปกป้องท่านต่างหาก,,,PENDING_MANUAL_GENERATION,,triangle-strategy
246,MS07_X08_A1_0030_F_HEW_0010.wav,MS07_X08_A1_0030_F_HEW_0010,261,261,261,262,ฮิวเอทท์,main,female,hughette,assets/triangle-strategy/approved_voice_references/hughette.wav,ลอร์ดวูล์ฟฟอร์ตพูดถูกเจ้าค่ะ ตาชั่งแห่งความเชื่อได้นำทางเรา และนี่คือสิ่งที่เราตัดสินใจ พวกเราเลือกเดินบนเส้นทางนี้ด้วยกันกับท่านนะเจ้าคะ,,,PENDING_MANUAL_GENERATION,,triangle-strategy
247,MS07_X08_A1_0030_M_RLN_0010.wav,MS07_X08_A1_0030_M_RLN_0010,262,262,262,263,โรแลนด์,main,male,roland,assets/triangle-strategy/approved_voice_references/roland.wav,อ้าว เจ้าเองเหรอ,,,PENDING_MANUAL_GENERATION,,triangle-strategy
248,MS07_X08_A1_0030_M_RLN_0020.wav,MS07_X08_A1_0030_M_RLN_0020,263,263,263,264,โรแลนด์,main,male,roland,assets/triangle-strategy/approved_voice_references/roland.wav,มันอาจฟังดูงี่เง่านะ... แต่ตอนนี้ข้ายังไม่เข้าใจความหมายของการเป็นเชื้อพระวงศ์เลย,,,PENDING_MANUAL_GENERATION,,triangle-strategy
249,MS07_X08_A1_0030_M_RLN_0030.wav,MS07_X08_A1_0030_M_RLN_0030,264,264,264,265,โรแลนด์,main,male,roland,assets/triangle-strategy/approved_voice_references/roland.wav,สรุปแล้วชีวิตของข้ามีค่ามากกว่าคนอื่น...เพราะเชื้อสายของข้าเหรอ? แสดงว่าคนอื่นต้องมาสละชีวิตเพื่อข้างั้นสิ?,,,PENDING_MANUAL_GENERATION,,triangle-strategy
250,MS07_X08_A1_0030_M_RLN_0040.wav,MS07_X08_A1_0030_M_RLN_0040,265,265,265,266,โรแลนด์,main,male,roland,assets/triangle-strategy/approved_voice_references/roland.wav,ข้านั้นเป็นองค์ชายคนเล็ก ไม่มีใครคาดหวังอะไรจากข้าหรอก,,,PENDING_MANUAL_GENERATION,,triangle-strategy
251,MS07_X08_A1_0030_M_RLN_0050.wav,MS07_X08_A1_0030_M_RLN_0050,266,266,266,267,โรแลนด์,main,male,roland,assets/triangle-strategy/approved_voice_references/roland.wav,ที่ข้ารอดมาได้ก็เพราะดวงดีต่างหากล่ะ การมีชีวิตของข้าในตอนนี้ทำให้ผู้อื่นต้องเดือดร้อน...,,,PENDING_MANUAL_GENERATION,,triangle-strategy
252,MS07_X08_A1_0030_M_RLN_0070.wav,MS07_X08_A1_0030_M_RLN_0070,268,268,268,269,โรแลนด์,main,male,roland,assets/triangle-strategy/approved_voice_references/roland.wav,ข้ารู้แล้วล่ะ,,,PENDING_MANUAL_GENERATION,,triangle-strategy
253,MS07_X08_A1_0030_M_RLN_0080.wav,MS07_X08_A1_0030_M_RLN_0080,269,269,269,270,โรแลนด์,main,male,roland,assets/triangle-strategy/approved_voice_references/roland.wav,เพราะแบบนี้มันถึงเป็นเรื่องยากไง! พวกเจ้าดิ้นรนสู้ตายเพื่อข้า ทั้งๆที่ข้าดูแลตัวเองแทบไม่ได้ด้วยซ้ำ...,,,PENDING_MANUAL_GENERATION,,triangle-strategy
254,MS07_X08_A1_0030_M_RLN_0090.wav,MS07_X08_A1_0030_M_RLN_0090,270,270,270,271,โรแลนด์,main,male,roland,assets/triangle-strategy/approved_voice_references/roland.wav,ข้าต้องแข็งแกร่งขึ้นให้ได้! เพื่อตัวข้าและพวกเจ้าทุกคน...,,,PENDING_MANUAL_GENERATION,,triangle-strategy
255,MS07_X08_A1_0030_M_SEL_0010.wav,MS07_X08_A1_0030_M_SEL_0010,271,271,271,272,เซเรโนอา,main,male,serenoa,assets/triangle-strategy/approved_voice_references/serenoa.wav,อย่าได้กังวลเลย โรแลนด์,,,PENDING_MANUAL_GENERATION,,triangle-strategy
256,MS07_X08_A2_0010_M_M160_0010.wav,MS07_X08_A2_0010_M_M160_0010,272,272,272,273,ผู้ติดตามเทลลิออร์,generic,male,MALE_ADULT_B,assets/triangle-strategy/approved_voice_references/MALE_ADULT_B.wav,อ้าว ลอร์ดเทลลิออร์ อยู่นี่เองเหรอขอรับ,,,PENDING_MANUAL_GENERATION,,triangle-strategy
257,MS07_X08_A2_0010_M_M160_0020.wav,MS07_X08_A2_0010_M_M160_0020,273,273,273,274,ผู้ติดตามเทลลิออร์,generic,male,MALE_ADULT_B,assets/triangle-strategy/approved_voice_references/MALE_ADULT_B.wav,ข่าวสารจากไวท์โฮล์มขอรับ,,,PENDING_MANUAL_GENERATION,,triangle-strategy
258,MS07_X08_A2_0010_M_M160_0030.wav,MS07_X08_A2_0010_M_M160_0030,274,274,274,275,ผู้ติดตามเทลลิออร์,generic,male,MALE_ADULT_B,assets/triangle-strategy/approved_voice_references/MALE_ADULT_B.wav,ตระกูลวูล์ฟฟอร์ตให้องค์ชายลี้ภัยอยู่ในปราสาทของพวกเขา และปฏิเสธการส่งมอบองค์ชายตามความต้องการของเอสฟรอสต์ขอรับ,,,PENDING_MANUAL_GENERATION,,triangle-strategy
259,MS07_X08_A2_0010_M_M160_0040.wav,MS07_X08_A2_0010_M_M160_0040,275,275,275,276,ผู้ติดตามเทลลิออร์,generic,male,MALE_ADULT_B,assets/triangle-strategy/approved_voice_references/MALE_ADULT_B.wav,ขณะนี้ทัพเอสฟรอสต์กำลังเคลื่อนพลขอรับ,,,PENDING_MANUAL_GENERATION,,triangle-strategy
260,MS07_X08_A2_0010_M_M160_0050.wav,MS07_X08_A2_0010_M_M160_0050,276,276,276,277,ผู้ติดตามเทลลิออร์,generic,male,MALE_ADULT_B,assets/triangle-strategy/approved_voice_references/MALE_ADULT_B.wav,พวกเขาจะจับตัวองค์ชายและทำลายตระกูลวูล์ฟฟอร์ตในคราวเดียว,,,PENDING_MANUAL_GENERATION,,triangle-strategy
261,MS07_X08_A2_0010_M_M160_0060.wav,MS07_X08_A2_0010_M_M160_0060,277,277,277,278,ผู้ติดตามเทลลิออร์,generic,male,MALE_ADULT_B,assets/triangle-strategy/approved_voice_references/MALE_ADULT_B.wav,ขอรับ นายท่าน,,,PENDING_MANUAL_GENERATION,,triangle-strategy
262,MS07_X08_A2_0010_M_SLV_0010.wav,MS07_X08_A2_0010_M_SLV_0010,278,278,278,279,ซิลวิโอ้,npc,male,silvio,,หืม? มีอะไร?,,,BLOCKED_PENDING_REFERENCE_AUDIO,,triangle-strategy
263,MS07_X08_A2_0010_M_SLV_0020.wav,MS07_X08_A2_0010_M_SLV_0020,279,279,279,280,ซิลวิโอ้,npc,male,silvio,,บ้าอะไรเนี่ย!? ไอ้บื้อพวกนี้กล้าต่อต้านราชรัฐด้วยเหรอ?,,,BLOCKED_PENDING_REFERENCE_AUDIO,,triangle-strategy
264,MS07_X08_A2_0010_M_SLV_0040.wav,MS07_X08_A2_0010_M_SLV_0040,281,281,281,282,ซิลวิโอ้,npc,male,silvio,,ตระกูลวูล์ฟฟอร์ตนั้นแข็งแกร่ง แต่คงรับมือการโจมตีเต็มรูปแบบของราชรัฐไม่ได้หรอก,,,BLOCKED_PENDING_REFERENCE_AUDIO,,triangle-strategy
265,MS07_X08_A2_0010_M_SLV_0050.wav,MS07_X08_A2_0010_M_SLV_0050,282,282,282,283,ซิลวิโอ้,npc,male,silvio,,ยังไงซะ...ก็ยังมีโอกาสอันน้อยนิดที่พวกเขาจะชนะ พวกเราเฝ้าดูสถานการณ์กันต่อไปดีกว่า...,,,BLOCKED_PENDING_REFERENCE_AUDIO,,triangle-strategy
266,MS07_X08_A2_0010_M_SLV_0060.wav,MS07_X08_A2_0010_M_SLV_0060,283,283,283,284,ซิลวิโอ้,npc,male,silvio,,ใช่แล้วล่ะ...ไม่ต้องเร่งรีบอะไร พวกเราหาทางรอดให้ตัวเองดีที่สุดแล้ว,,,BLOCKED_PENDING_REFERENCE_AUDIO,,triangle-strategy
267,MS07_X08_A2_0010_M_SLV_0070.wav,MS07_X08_A2_0010_M_SLV_0070,284,284,284,285,ซิลวิโอ้,npc,male,silvio,,จับตาดูแคว้นอื่นเอาไว้ ไม่ว่ามันจะเป็นเรื่องเล็กน้อยเพียงใด...ยังไงข้าต้องได้รับรู้ความเคลื่อนไหวของวูล์ฟฟอร์ตกับฟ็อลคส์,,,BLOCKED_PENDING_REFERENCE_AUDIO,,triangle-strategy
268,MS07_X08_A2_0020_M_M162_0010.wav,MS07_X08_A2_0020_M_M162_0010,285,285,285,286,ผู้ติดตามเทลลิออร์,generic,male,MALE_ADULT_C,assets/triangle-strategy/approved_voice_references/MALE_ADULT_C.wav,ถูกต้องขอรับนายท่าน ทัพอาร์ชดยุกถอนกำลังกลับนครหลวงเรียบร้อยแล้ว,,,PENDING_MANUAL_GENERATION,,triangle-strategy
269,MS07_X08_A2_0020_M_M162_0020.wav,MS07_X08_A2_0020_M_M162_0020,286,286,286,287,ผู้ติดตามเทลลิออร์,generic,male,MALE_ADULT_C,assets/triangle-strategy/approved_voice_references/MALE_ADULT_C.wav,ยังไงก็ตาม เหมือนว่าทัพวูล์ฟฟอร์ตก็สูญเสียหนักเอาการนะขอรับ,,,PENDING_MANUAL_GENERATION,,triangle-strategy
270,MS07_X08_A2_0020_M_M162_0030.wav,MS07_X08_A2_0020_M_M162_0030,287,287,287,288,ผู้ติดตามเทลลิออร์,generic,male,MALE_ADULT_C,assets/triangle-strategy/approved_voice_references/MALE_ADULT_C.wav,นายท่านขอรับ?,,,PENDING_MANUAL_GENERATION,,triangle-strategy
271,MS07_X08_A2_0020_M_M162_0040.wav,MS07_X08_A2_0020_M_M162_0040,288,288,288,289,ผู้ติดตามเทลลิออร์,generic,male,MALE_ADULT_C,assets/triangle-strategy/approved_voice_references/MALE_ADULT_C.wav,ตามบัญชาขอรับ,,,PENDING_MANUAL_GENERATION,,triangle-strategy
272,MS07_X08_A2_0020_M_SLV_0010.wav,MS07_X08_A2_0020_M_SLV_0010,289,289,289,290,ซิลวิโอ้,npc,male,silvio,,วูล์ฟฟอร์ตชนะเหรอ?,,,BLOCKED_PENDING_REFERENCE_AUDIO,,triangle-strategy
273,MS07_X08_A2_0020_M_SLV_0020.wav,MS07_X08_A2_0020_M_SLV_0020,290,290,290,291,ซิลวิโอ้,npc,male,silvio,,...จริงเหรอเนี่ย?,,,BLOCKED_PENDING_REFERENCE_AUDIO,,triangle-strategy
274,MS07_X08_A2_0020_M_SLV_0030.wav,MS07_X08_A2_0020_M_SLV_0030,291,291,291,292,ซิลวิโอ้,npc,male,silvio,,ไม่ใช่ว่าข้าคิดผิดเรื่องโอกาสที่เอสฟรอสต์จะพ่ายแพ้หรอก...,,,BLOCKED_PENDING_REFERENCE_AUDIO,,triangle-strategy
275,MS07_X08_A2_0020_M_SLV_0040.wav,MS07_X08_A2_0020_M_SLV_0040,292,292,292,293,ซิลวิโอ้,npc,male,silvio,,แต่มันก็เป็นสถานการณ์ที่ย่ำแย่ พวกเราจะทำยังไงดีล่ะ?,,,BLOCKED_PENDING_REFERENCE_AUDIO,,triangle-strategy
276,MS07_X08_A2_0020_M_SLV_0050.wav,MS07_X08_A2_0020_M_SLV_0050,293,293,293,294,ซิลวิโอ้,npc,male,silvio,,วูล์ฟฟอร์ตชนะศึกครั้งนี้ แต่พวกเขาจะชนะสงครามได้หรือเปล่า?,,,BLOCKED_PENDING_REFERENCE_AUDIO,,triangle-strategy
277,MS07_X08_A2_0020_M_SLV_0070.wav,MS07_X08_A2_0020_M_SLV_0070,295,295,295,296,ซิลวิโอ้,npc,male,silvio,,เตรียมนกให้ที ข้ามีสารต้องการจะส่ง,,,BLOCKED_PENDING_REFERENCE_AUDIO,,triangle-strategy
278,MS07_X08_A3_0010_M_LND_0010.wav,MS07_X08_A3_0010_M_LND_0010,296,296,296,297,แลนดรอย,npc,male,landroi,,พวกเจ้าทราบกันดีว่าองค์ชายโรแลนด์หลบหนีไปที่แคว้นวูล์ฟฟอร์ตหลังนครหลวงล่มสลาย,,,BLOCKED_PENDING_REFERENCE_AUDIO,,triangle-strategy
279,MS07_X08_A3_0010_M_LND_0020.wav,MS07_X08_A3_0010_M_LND_0020,297,297,297,298,แลนดรอย,npc,male,landroi,,เอสฟรอสต์ต้องการให้มอบตัวองค์ชาย เพื่อนำเขาไปจองจำ,,,BLOCKED_PENDING_REFERENCE_AUDIO,,triangle-strategy
280,MS07_X08_A3_0010_M_LND_0030.wav,MS07_X08_A3_0010_M_LND_0030,298,298,298,299,แลนดรอย,npc,male,landroi,,และเราได้ยินมาว่า วูล์ฟฟอร์ตปฏิเสธพวกเขา,,,BLOCKED_PENDING_REFERENCE_AUDIO,,triangle-strategy
281,MS07_X08_A3_0010_M_LND_0040.wav,MS07_X08_A3_0010_M_LND_0040,299,299,299,300,แลนดรอย,npc,male,landroi,,ถือเป็นความภักดีต่อเกลนบรู๊คอันน่าเชยชมยิ่งนัก ข้าไม่เคยเห็นอะไรเช่นนี้มาก่อน!,,,BLOCKED_PENDING_REFERENCE_AUDIO,,triangle-strategy
282,MS07_X08_A3_0010_M_LND_0050.wav,MS07_X08_A3_0010_M_LND_0050,300,300,300,301,แลนดรอย,npc,male,landroi,,และพวกเขาไม่ได้เป็นกลุ่มเดียวที่ซื่อสัตย์หรอกนะ ในนามของฝ่าบาทเร็กน่า ตระกูลฟ็อลคส์จะต่อกรกับสวะเอสฟรอสต์ด้วยเช่นกัน!,,,BLOCKED_PENDING_REFERENCE_AUDIO,,triangle-strategy
283,MS07_X08_A3_0010_M_LND_0060.wav,MS07_X08_A3_0010_M_LND_0060,301,301,301,302,แลนดรอย,npc,male,landroi,,พวกเราคือหนึ่งในไตรตระกูลสูงศักดิ์แห่งเกลนบรู๊ค! พวกเราจะไม่ทำให้เสื่อมเสียชื่อเสียง สู้จนตัวตายเพื่อบ้านเกิดของเรา!,,,BLOCKED_PENDING_REFERENCE_AUDIO,,triangle-strategy
284,MS07_X08_A3_0010_M_LND_0070.wav,MS07_X08_A3_0010_M_LND_0070,302,302,302,303,แลนดรอย,npc,male,landroi,,ขอให้โล่และดาบของเจ้าฟาดฟันอย่างแน่วแน่ แด่เกลนบรู๊ค ประชาชนทั้งหลายของข้า!,,,BLOCKED_PENDING_REFERENCE_AUDIO,,triangle-strategy
285,MS07_X08_A3_0010_N_M161_0010.wav,MS07_X08_A3_0010_N_M161_0010,304,304,304,305,ทหารเทลลิออร์,generic,male,MALE_ADULT_A,assets/triangle-strategy/approved_voice_references/MALE_ADULT_A.wav,ขอรับ!,,,PENDING_MANUAL_GENERATION,,triangle-strategy
286,MS07_X08_A3_0020_M_LND_0010.wav,MS07_X08_A3_0020_M_LND_0010,305,305,305,306,แลนดรอย,npc,male,landroi,,ช่างน่ายินดียิ่งนัก! นึกอยู่แล้วว่าวูล์ฟฟอร์ตจะไม่ทำให้ผิดหวัง!,,,BLOCKED_PENDING_REFERENCE_AUDIO,,triangle-strategy
287,MS07_X08_A3_0020_M_LND_0020.wav,MS07_X08_A3_0020_M_LND_0020,306,306,306,307,แลนดรอย,npc,male,landroi,,เหมือนว่าหนุ่มน้อยเซเรโนอา เหมาะสมกับการสืบต่อจากลอร์ดซีมอนจริงๆ,,,BLOCKED_PENDING_REFERENCE_AUDIO,,triangle-strategy
288,MS07_X08_A3_0020_M_LND_0030.wav,MS07_X08_A3_0020_M_LND_0030,307,307,307,308,แลนดรอย,npc,male,landroi,,...เข้าใจแล้ว ถ้างั้นเราก็ส่งทหารของเราไป ช่วยดูให้หน่อยว่าส่งไปช่วยวูล์ฟฟอร์ตได้กี่คน เพราะเราต้องเหลือทหารไว้คุ้มกันตัวเองด้วย,,,BLOCKED_PENDING_REFERENCE_AUDIO,,triangle-strategy
289,MS07_X08_A3_0020_M_LND_0040.wav,MS07_X08_A3_0020_M_LND_0040,308,308,308,309,แลนดรอย,npc,male,landroi,,ถึงเวลาต่อกรของเราแล้ว หากตระกูลทั้งสามรวมเป็นหนึ่งเดียว ข้ามั่นใจว่าเราเอาชนะได้แน่,,,BLOCKED_PENDING_REFERENCE_AUDIO,,triangle-strategy
290,MS07_X08_A3_0020_M_M163_0010.wav,MS07_X08_A3_0020_M_M163_0010,309,309,309,310,ผู้ส่งสารเทลลิออร์,generic,male,MALE_YOUNG_A,assets/triangle-strategy/approved_voice_references/MALE_YOUNG_A.wav,ข่าวดีขอรับนายท่าน,,,PENDING_MANUAL_GENERATION,,triangle-strategy
291,MS07_X08_A3_0020_M_M163_0020.wav,MS07_X08_A3_0020_M_M163_0020,310,310,310,311,ผู้ส่งสารเทลลิออร์,generic,male,MALE_YOUNG_A,assets/triangle-strategy/approved_voice_references/MALE_YOUNG_A.wav,ทัพเอสฟรอสต์เคลื่อนพลไปยังปราสาทวูล์ฟฟอร์ตเพื่อจับตัวองค์ชาย...,,,PENDING_MANUAL_GENERATION,,triangle-strategy
292,MS07_X08_A3_0020_M_M163_0030.wav,MS07_X08_A3_0020_M_M163_0030,311,311,311,312,ผู้ส่งสารเทลลิออร์,generic,male,MALE_YOUNG_A,assets/triangle-strategy/approved_voice_references/MALE_YOUNG_A.wav,...แต่พวกมันถูกทัพวูล์ฟฟอร์ตกำจัด พร้อมถอนกำลังกลับนครหลวงแล้วขอรับ,,,PENDING_MANUAL_GENERATION,,triangle-strategy
293,MS07_X08_A3_0020_M_M163_0040.wav,MS07_X08_A3_0020_M_M163_0040,312,312,312,313,ผู้ส่งสารเทลลิออร์,generic,male,MALE_YOUNG_A,assets/triangle-strategy/approved_voice_references/MALE_YOUNG_A.wav,และข้ายินดีอย่างยิ่งที่จะบอกว่า องค์ชายโรแลนด์ไม่บาดเจ็บอะไรขอรับ,,,PENDING_MANUAL_GENERATION,,triangle-strategy
294,MS07_X08_A3_0020_M_M164_0010.wav,MS07_X08_A3_0020_M_M164_0010,313,313,313,314,ผู้ติดตามเทลลิออร์,generic,male,MALE_ADULT_C,assets/triangle-strategy/approved_voice_references/MALE_ADULT_C.wav,แม้ว่าพวกเขาจะชนะ แต่ก็สูญเสียไปไม่น้อยเลย,,,PENDING_MANUAL_GENERATION,,triangle-strategy
295,MS07_X08_A3_0020_M_M164_0020.wav,MS07_X08_A3_0020_M_M164_0020,314,314,314,315,ผู้ติดตามเทลลิออร์,generic,male,MALE_ADULT_C,assets/triangle-strategy/approved_voice_references/MALE_ADULT_C.wav,และดูเหมือนว่าเอสฟรอสต์กำลังเตรียมการเพื่อโจมตีครั้งที่สองแล้วขอรับ,,,PENDING_MANUAL_GENERATION,,triangle-strategy
296,MS07_X08_A3_0020_M_M164_0030.wav,MS07_X08_A3_0020_M_M164_0030,315,315,315,316,ผู้ติดตามเทลลิออร์,generic,male,MALE_ADULT_C,assets/triangle-strategy/approved_voice_references/MALE_ADULT_C.wav,ขอรับ นายท่าน,,,PENDING_MANUAL_GENERATION,,triangle-strategy
297,MS07_X08_BATTLE_01_AFTER_F_ABR_0010.wav,MS07_X08_BATTLE_01_AFTER_F_ABR_0010,316,316,316,317,อัฟโลร่า,npc,female,avlora,assets/triangle-strategy/approved_voice_references/avlora.wav,ไอ้สารเลวพวกนี้... ไม่นึกเลยว่าจะเผาบ้านเมืองตัวเองได้ลงคอ!,,,PENDING_MANUAL_GENERATION,,triangle-strategy
298,MS07_X08_BATTLE_01_AFTER_F_ABR_0020.wav,MS07_X08_BATTLE_01_AFTER_F_ABR_0020,317,317,317,318,อัฟโลร่า,npc,female,avlora,assets/triangle-strategy/approved_voice_references/avlora.wav,ถอยทัพ! ทุกคนถอยทัพเดี๋ยวนี้!,,,PENDING_MANUAL_GENERATION,,triangle-strategy
299,MS07_X08_BATTLE_01_AFTER_M_BND_0010.wav,MS07_X08_BATTLE_01_AFTER_M_BND_0010,318,318,318,319,เบเนดิกต์,main,male,benedict,assets/triangle-strategy/approved_voice_references/benedict.wav,...พวกเราชนะแล้ว,,,PENDING_MANUAL_GENERATION,,triangle-strategy
300,MS07_X08_BATTLE_01_BEFORE_F_ABR_0010.wav,MS07_X08_BATTLE_01_BEFORE_F_ABR_0010,319,319,319,320,อัฟโลร่า,npc,female,avlora,assets/triangle-strategy/approved_voice_references/avlora.wav,สมรภูมินี้ไม่ใช่สนามเด็กเล่นหรอกนะ,,,PENDING_MANUAL_GENERATION,,triangle-strategy
301,MS07_X08_BATTLE_01_BEFORE_F_ABR_0020.wav,MS07_X08_BATTLE_01_BEFORE_F_ABR_0020,320,320,320,321,อัฟโลร่า,npc,female,avlora,assets/triangle-strategy/approved_voice_references/avlora.wav,ขู่ไปก็เท่านั้นแหละ องค์ชายขี้สำออย เดี๋ยวเจ้าจะได้รู้เองว่าพลังที่แท้จริงคืออะไร,,,PENDING_MANUAL_GENERATION,,triangle-strategy
302,MS07_X08_BATTLE_01_BEFORE_F_ABR_0030.wav,MS07_X08_BATTLE_01_BEFORE_F_ABR_0030,321,321,321,322,อัฟโลร่า,npc,female,avlora,assets/triangle-strategy/approved_voice_references/avlora.wav,ทหารทั้งหลาย บุก! อย่าปล่อยให้เหลือรอด!,,,PENDING_MANUAL_GENERATION,,triangle-strategy
303,MS07_X08_BATTLE_01_BEFORE_M_BND_0010.wav,MS07_X08_BATTLE_01_BEFORE_M_BND_0010,322,322,322,323,เบเนดิกต์,main,male,benedict,assets/triangle-strategy/approved_voice_references/benedict.wav,ดีมาก ทีนี้เราแค่ล่อพวกมัน แล้วจัดการเปิดเครื่องได้เลย,,,PENDING_MANUAL_GENERATION,,triangle-strategy
304,MS07_X08_BATTLE_01_BEFORE_M_BND_0020.wav,MS07_X08_BATTLE_01_BEFORE_M_BND_0020,323,323,323,324,เบเนดิกต์,main,male,benedict,assets/triangle-strategy/approved_voice_references/benedict.wav,...ท่านรู้ใช่ไหมว่าจะเกิดอะไรขึ้นต่อไป?,,,PENDING_MANUAL_GENERATION,,triangle-strategy
305,MS07_X08_BATTLE_01_BEFORE_M_ELA_0010.wav,MS07_X08_BATTLE_01_BEFORE_M_ELA_0010,324,324,324,325,เอราดอร์,main,male,erador,assets/triangle-strategy/approved_voice_references/erador.wav,เรียบร้อยขอรับนายท่าน! หากท่านพร้อมก็จัดการได้เลย!,,,PENDING_MANUAL_GENERATION,,triangle-strategy
306,MS07_X08_BATTLE_01_BEFORE_M_RLN_0010.wav,MS07_X08_BATTLE_01_BEFORE_M_RLN_0010,325,325,325,326,โรแลนด์,main,male,roland,assets/triangle-strategy/approved_voice_references/roland.wav,ข้าจะล้างแค้นให้ครอบครัวกับอาจารย์ของข้า เตรียมตัวตายได้เลย,,,PENDING_MANUAL_GENERATION,,triangle-strategy
307,MS07_X08_BATTLE_01_BEFORE_M_SEL_0010.wav,MS07_X08_BATTLE_01_BEFORE_M_SEL_0010,326,326,326,327,เซเรโนอา,main,male,serenoa,assets/triangle-strategy/approved_voice_references/serenoa.wav,รู้แล้วล่ะ และข้าพร้อมเสียสละแล้ว ตามข้ามาเลยทุกคน!,,,PENDING_MANUAL_GENERATION,,triangle-strategy
308,MS07_X08_BATTLE_01_DRAMA_F_ABR_0010.wav,MS07_X08_BATTLE_01_DRAMA_F_ABR_0010,327,327,327,328,อัฟโลร่า,npc,female,avlora,assets/triangle-strategy/approved_voice_references/avlora.wav,ตระกูลวูล์ฟฟอร์ตเผาบ้านเมืองตัวเองเพื่อเอาชนะเราสินะ ข้าชื่นชมในการดิ้นรนของพวกเจ้าจริงๆ!,,,PENDING_MANUAL_GENERATION,,triangle-strategy
309,MS07_X08_BATTLE_01_DRAMA_F_ABR_0020.wav,MS07_X08_BATTLE_01_DRAMA_F_ABR_0020,328,328,328,329,อัฟโลร่า,npc,female,avlora,assets/triangle-strategy/approved_voice_references/avlora.wav,บุก! อย่าปล่อยให้เหลือรอด!,,,PENDING_MANUAL_GENERATION,,triangle-strategy
310,MS07_X08_BATTLE_01_DRAMA_F_ABR_0030.wav,MS07_X08_BATTLE_01_DRAMA_F_ABR_0030,329,329,329,330,อัฟโลร่า,npc,female,avlora,assets/triangle-strategy/approved_voice_references/avlora.wav,การที่เราต้องใช้กำลังเสริมทั้งหมด... แสดงว่าพวกเจ้าเป็นคู่ต่อสู้ที่เอาเรื่องจริงๆ แต่ชะตาของพวกเจ้าคงจบที่นี่ วูล์ฟฟอร์ต!,,,PENDING_MANUAL_GENERATION,,triangle-strategy
311,MS07_X08_BATTLE_01_DRAMA_F_ABR_0040.wav,MS07_X08_BATTLE_01_DRAMA_F_ABR_0040,330,330,330,331,อัฟโลร่า,npc,female,avlora,assets/triangle-strategy/approved_voice_references/avlora.wav,ชิ! สุนัขอย่างพวกเจ้ามันสู้เอสฟรอสต์ไม่ได้หรอก!,,,PENDING_MANUAL_GENERATION,,triangle-strategy
312,MS07_X08_BATTLE_01_DRAMA_F_ABR_0050.wav,MS07_X08_BATTLE_01_DRAMA_F_ABR_0050,331,331,331,332,อัฟโลร่า,npc,female,avlora,assets/triangle-strategy/approved_voice_references/avlora.wav,เดี๋ยวแกก็ตายตามอาจารย์ของแกนั่นแหละ,,,PENDING_MANUAL_GENERATION,,triangle-strategy
313,MS07_X08_BATTLE_01_DRAMA_F_ABR_0060.wav,MS07_X08_BATTLE_01_DRAMA_F_ABR_0060,332,332,332,333,อัฟโลร่า,npc,female,avlora,assets/triangle-strategy/approved_voice_references/avlora.wav,นี่เราไม่มีทางเลือกนอกจากต้องถอยทัพเหรอ!?,,,PENDING_MANUAL_GENERATION,,triangle-strategy
314,MS07_X08_BATTLE_01_DRAMA_F_ABR_0070.wav,MS07_X08_BATTLE_01_DRAMA_F_ABR_0070,333,333,333,334,อัฟโลร่า,npc,female,avlora,assets/triangle-strategy/approved_voice_references/avlora.wav,...โฮ่ น้อยคนนักที่สร้างบาดแผลให้ข้า และน้อยยิ่งกว่าที่สามารถรอดชีวิตกลับไปได้,,,PENDING_MANUAL_GENERATION,,triangle-strategy
315,MS07_X08_BATTLE_01_DRAMA_F_ABR_0080.wav,MS07_X08_BATTLE_01_DRAMA_F_ABR_0080,334,334,334,335,อัฟโลร่า,npc,female,avlora,assets/triangle-strategy/approved_voice_references/avlora.wav,เจ้ากล้าหาญนะ ข้าขอพูดเลย แต่ความกล้ามันพาเจ้ามาได้แค่นี้แหละ...,,,PENDING_MANUAL_GENERATION,,triangle-strategy
316,MS07_X08_BATTLE_01_DRAMA_F_ABR_0090.wav,MS07_X08_BATTLE_01_DRAMA_F_ABR_0090,335,335,335,336,อัฟโลร่า,npc,female,avlora,assets/triangle-strategy/approved_voice_references/avlora.wav,มาสิ จงสัมผัสความพิโรธแห่งคมดาบของข้า!,,,PENDING_MANUAL_GENERATION,,triangle-strategy
317,MS07_X08_BATTLE_01_DRAMA_F_ANA_0010.wav,MS07_X08_BATTLE_01_DRAMA_F_ANA_0010,336,336,336,337,แอนนา,main,female,anna,assets/triangle-strategy/approved_voice_references/anna.wav,กำลังเสริมข้าศึกฝ่ากำแพงรอบนอกมาได้แล้วเจ้าค่ะ!,,,PENDING_MANUAL_GENERATION,,triangle-strategy
318,MS07_X08_BATTLE_01_DRAMA_F_FRE_0010.wav,MS07_X08_BATTLE_01_DRAMA_F_FRE_0010,337,337,337,338,เฟรเดอริก้า,main,female,frederica,assets/triangle-strategy/approved_voice_references/frederica.wav,ดูเมืองสิ... สภาพไม่ดีเลย...,,,PENDING_MANUAL_GENERATION,,triangle-strategy
319,MS07_X08_BATTLE_01_DRAMA_M_BND_0010.wav,MS07_X08_BATTLE_01_DRAMA_M_BND_0010,338,338,338,339,เบเนดิกต์,main,male,benedict,assets/triangle-strategy/approved_voice_references/benedict.wav,กับดักไฟป่าทำงานอย่างสมบูรณ์แล้วขอรับ,,,PENDING_MANUAL_GENERATION,,triangle-strategy
320,MS07_X08_BATTLE_01_DRAMA_M_ELA_0010.wav,MS07_X08_BATTLE_01_DRAMA_M_ELA_0010,339,339,339,340,เอราดอร์,main,male,erador,assets/triangle-strategy/approved_voice_references/erador.wav,ถึงแม้เราจะมีกำลังพลน้อยกว่า แต่เรายังเอาชนะพวกมันได้อยู่ หากเราเล่นเล่ห์กับพวกมันขอรับ!,,,PENDING_MANUAL_GENERATION,,triangle-strategy
321,MS07_X08_BATTLE_01_DRAMA_M_MS07X08B01M03_0010.wav,MS07_X08_BATTLE_01_DRAMA_M_MS07X08B01M03_0010,343,343,343,344,ทหารเอสฟรอสต์,generic,male,MALE_ADULT_A,assets/triangle-strategy/approved_voice_references/MALE_ADULT_A.wav,ตามแม่ทัพอัฟโลร่าไป! อย่าให้สุนัขวูล์ฟฟอร์ตเหลือรอด!,,,PENDING_MANUAL_GENERATION,,triangle-strategy
322,MS07_X08_BATTLE_01_DRAMA_M_MS07X08B01M04_0010.wav,MS07_X08_BATTLE_01_DRAMA_M_MS07X08B01M04_0010,344,344,344,345,ทหารเอสฟรอสต์,generic,male,MALE_YOUNG_B,assets/triangle-strategy/approved_voice_references/MALE_YOUNG_B.wav,แม่ทัพอัฟโลร่า! กองทหารที่สองมาถึงแล้วขอรับ!,,,PENDING_MANUAL_GENERATION,,triangle-strategy
323,MS07_X08_BATTLE_01_DRAMA_M_MS07X08B01M05_0010.wav,MS07_X08_BATTLE_01_DRAMA_M_MS07X08B01M05_0010,345,345,345,346,ทหารเอสฟรอสต์,generic,male,MALE_ADULT_B,assets/triangle-strategy/approved_voice_references/MALE_ADULT_B.wav,กองทหารที่สามมาถึงแล้วขอรับ!,,,PENDING_MANUAL_GENERATION,,triangle-strategy
324,MS07_X08_BATTLE_01_DRAMA_M_RLN_0010.wav,MS07_X08_BATTLE_01_DRAMA_M_RLN_0010,346,346,346,347,โรแลนด์,main,male,roland,assets/triangle-strategy/approved_voice_references/roland.wav,อัฟโลร่า... จำคำข้าไว้เลยนะ ข้าจะส่งเจ้าลงนรกด้วยน้ำมือของข้าเอง!,,,PENDING_MANUAL_GENERATION,,triangle-strategy
325,MS07_X08_BATTLE_01_DRAMA_M_RLN_0020.wav,MS07_X08_BATTLE_01_DRAMA_M_RLN_0020,347,347,347,348,โรแลนด์,main,male,roland,assets/triangle-strategy/approved_voice_references/roland.wav,อัฟโลร่า นังฆาตกร... แกต้องชดใช้!,,,PENDING_MANUAL_GENERATION,,triangle-strategy
326,MS07_X08_BATTLE_01_DRAMA_M_RLN_0030.wav,MS07_X08_BATTLE_01_DRAMA_M_RLN_0030,348,348,348,349,โรแลนด์,main,male,roland,assets/triangle-strategy/approved_voice_references/roland.wav,อาจารย์... พวกเราชนะแล้วขอรับ!,,,PENDING_MANUAL_GENERATION,,triangle-strategy
327,MS07_X08_BATTLE_01_DRAMA_M_RLN_0040.wav,MS07_X08_BATTLE_01_DRAMA_M_RLN_0040,349,349,349,350,โรแลนด์,main,male,roland,assets/triangle-strategy/approved_voice_references/roland.wav,จบแบบนี้ไม่ได้สิ...,,,PENDING_MANUAL_GENERATION,,triangle-strategy
328,MS07_X08_BATTLE_01_DRAMA_M_SEL_0010.wav,MS07_X08_BATTLE_01_DRAMA_M_SEL_0010,350,350,350,351,เซเรโนอา,main,male,serenoa,assets/triangle-strategy/approved_voice_references/serenoa.wav,ทั้งเมืองถูกล้อม ส่วนศัตรูก็มาไม่ขาดสาย...,,,PENDING_MANUAL_GENERATION,,triangle-strategy
329,MS07_X08_BATTLE_01_DRAMA_M_SEL_0015.wav,MS07_X08_BATTLE_01_DRAMA_M_SEL_0015,351,351,351,352,เซเรโนอา,main,male,serenoa,assets/triangle-strategy/approved_voice_references/serenoa.wav,แต่ข้าไม่อยากจะเสียสละคนของตัวเองน่ะสิ... นี่ข้าจำเป็นต้องทำแบบนี้เพื่อผลลัพธ์ที่ดีกว่าจริงๆเหรอ?,,,PENDING_MANUAL_GENERATION,,triangle-strategy
330,MS07_X08_BATTLE_01_DRAMA_M_SEL_0020.wav,MS07_X08_BATTLE_01_DRAMA_M_SEL_0020,352,352,352,353,เซเรโนอา,main,male,serenoa,assets/triangle-strategy/approved_voice_references/serenoa.wav,อย่าไปกลัวจำนวนพวกมัน!,,,PENDING_MANUAL_GENERATION,,triangle-strategy
331,MS07_X08_BATTLE_01_DRAMA_M_SEL_0030.wav,MS07_X08_BATTLE_01_DRAMA_M_SEL_0030,353,353,353,354,เซเรโนอา,main,male,serenoa,assets/triangle-strategy/approved_voice_references/serenoa.wav,ชัยชนะอยู่แค่เอื้อมแล้ว!,,,PENDING_MANUAL_GENERATION,,triangle-strategy
332,MS07_X08_BATTLE_02_AFTER_F_ABR_0010.wav,MS07_X08_BATTLE_02_AFTER_F_ABR_0010,354,354,354,355,อัฟโลร่า,npc,female,avlora,assets/triangle-strategy/approved_voice_references/avlora.wav,โอย... พวกมันแข็งแกร่ง... นี่มันไม่ใช่เพราะข้อได้เปรียบทางพื้นที่อย่างเดียวแล้ว...,,,PENDING_MANUAL_GENERATION,,triangle-strategy
333,MS07_X08_BATTLE_02_AFTER_F_ABR_0020.wav,MS07_X08_BATTLE_02_AFTER_F_ABR_0020,355,355,355,356,อัฟโลร่า,npc,female,avlora,assets/triangle-strategy/approved_voice_references/avlora.wav,ถอยทัพ! ทุกคนถอนกำลังเดี๋ยวนี้!,,,PENDING_MANUAL_GENERATION,,triangle-strategy
334,MS07_X08_BATTLE_02_AFTER_M_ELA_0010.wav,MS07_X08_BATTLE_02_AFTER_M_ELA_0010,356,356,356,357,เอราดอร์,main,male,erador,assets/triangle-strategy/approved_voice_references/erador.wav,ฮ่าๆๆ! หนีหางจุกตูดเลย! แถมไม่ต้องใช้กับดักนั่นด้วยซ้ำ!,,,PENDING_MANUAL_GENERATION,,triangle-strategy
335,MS07_X08_BATTLE_02_AFTER_M_SEL_0010.wav,MS07_X08_BATTLE_02_AFTER_M_SEL_0010,357,357,357,358,เซเรโนอา,main,male,serenoa,assets/triangle-strategy/approved_voice_references/serenoa.wav,ใช่แล้วล่ะ ข้าขอบคุณพวกเจ้ามากเลยนะที่ทำให้เมืองเสียหายน้อยที่สุด... ข้าซึ้งใจจริงๆ,,,PENDING_MANUAL_GENERATION,,triangle-strategy
336,MS07_X08_C0_0010_M_BKR_0010.wav,MS07_X08_C0_0010_M_BKR_0010,358,358,358,359,บุ๊กเกอร์,npc,male,booker,,พูดตรงๆนะขอรับ เหมือนว่าข้าจะประเมินความสามารถของวูล์ฟฟอร์ตต่ำไปหน่อย,,,BLOCKED_PENDING_REFERENCE_AUDIO,,triangle-strategy
337,MS07_X08_C0_0010_M_BKR_0020.wav,MS07_X08_C0_0010_M_BKR_0020,359,359,359,360,บุ๊กเกอร์,npc,male,booker,,ไม่อยากเชื่อเลยว่าจะขับไล่ทัพเอสฟรอสต์ได้แบบนั้น...,,,BLOCKED_PENDING_REFERENCE_AUDIO,,triangle-strategy
338,MS07_X08_C0_0010_M_BKR_0030.wav,MS07_X08_C0_0010_M_BKR_0030,360,360,360,361,บุ๊กเกอร์,npc,male,booker,,ข้าจะจำไว้ขอรับ,,,BLOCKED_PENDING_REFERENCE_AUDIO,,triangle-strategy
339,MS07_X08_C0_0010_M_BKR_0040.wav,MS07_X08_C0_0010_M_BKR_0040,361,361,361,362,บุ๊กเกอร์,npc,male,booker,,ถูกต้องขอรับ ทุกอย่างเป็นไปตามที่ท่านคิดเลย,,,BLOCKED_PENDING_REFERENCE_AUDIO,,triangle-strategy
340,MS07_X08_C0_0010_M_SLS_0010.wav,MS07_X08_C0_0010_M_SLS_0010,362,362,362,363,ซอสเลย์,npc,male,sorsley,assets/triangle-strategy/approved_voice_references/sorsley.wav,ข้าคิดว่าผลการต่อสู้คงทำให้อาร์ชดยุกประหลาดใจไม่แพ้กัน,,,PENDING_MANUAL_GENERATION,,triangle-strategy
341,MS07_X08_C0_0010_M_SLS_0020.wav,MS07_X08_C0_0010_M_SLS_0020,363,363,363,364,ซอสเลย์,npc,male,sorsley,assets/triangle-strategy/approved_voice_references/sorsley.wav,ถึงยังไง ข้ามีความรู้สึกว่า ชัยชนะของวูล์ฟฟอร์ตครั้งนี้ไม่ได้เกิดขึ้นโดยบังเอิญ...,,,PENDING_MANUAL_GENERATION,,triangle-strategy
342,MS07_X08_C0_0010_M_SLS_0030.wav,MS07_X08_C0_0010_M_SLS_0030,364,364,364,365,ซอสเลย์,npc,male,sorsley,assets/triangle-strategy/approved_voice_references/sorsley.wav,สถานการณ์นี้จะส่งผลดีแก่เรา มันจะทำให้แผนการของเราราบรื่นยิ่งขึ้น,,,PENDING_MANUAL_GENERATION,,triangle-strategy
343,MS07_X08_C0_0010_M_SLS_0040.wav,MS07_X08_C0_0010_M_SLS_0040,365,365,365,366,ซอสเลย์,npc,male,sorsley,assets/triangle-strategy/approved_voice_references/sorsley.wav,...อืม รออีกสักหน่อยเถอะ เดี๋ยวก็ได้สิ่งที่ต้องการแล้ว,,,PENDING_MANUAL_GENERATION,,triangle-strategy
344,MS07_X08_RESEARCH_01_AFTER_F_HEW_0010.wav,MS07_X08_RESEARCH_01_AFTER_F_HEW_0010,366,366,366,367,ฮิวเอทท์,main,female,hughette,assets/triangle-strategy/approved_voice_references/hughette.wav,นายท่าน! เอสฟรอสต์เคลื่อนทัพแล้วเจ้าค่ะ!,,,PENDING_MANUAL_GENERATION,,triangle-strategy
345,MS07_X08_RESEARCH_01_AFTER_M_BND_0010.wav,MS07_X08_RESEARCH_01_AFTER_M_BND_0010,367,367,367,368,เบเนดิกต์,main,male,benedict,assets/triangle-strategy/approved_voice_references/benedict.wav,เตรียมการพร้อมแล้วขอรับ ท่านเองก็พร้อมใช่ไหม?,,,PENDING_MANUAL_GENERATION,,triangle-strategy
346,MS07_X08_RESEARCH_01_AFTER_M_BND_0020.wav,MS07_X08_RESEARCH_01_AFTER_M_BND_0020,368,368,368,369,เบเนดิกต์,main,male,benedict,assets/triangle-strategy/approved_voice_references/benedict.wav,พวกเราทำทุกทางเพื่อให้ได้เปรียบแล้วขอรับ นายท่าน,,,PENDING_MANUAL_GENERATION,,triangle-strategy
347,MS07_X08_RESEARCH_01_AFTER_M_BND_0030.wav,MS07_X08_RESEARCH_01_AFTER_M_BND_0030,369,369,369,370,เบเนดิกต์,main,male,benedict,assets/triangle-strategy/approved_voice_references/benedict.wav,ข้าศึกเดินทัพแล้ว ประจำที่รอสัญญาณได้เลยทุกคน,,,PENDING_MANUAL_GENERATION,,triangle-strategy
348,MS07_X08_RESEARCH_01_AFTER_M_BND_0040.wav,MS07_X08_RESEARCH_01_AFTER_M_BND_0040,370,370,370,371,เบเนดิกต์,main,male,benedict,assets/triangle-strategy/approved_voice_references/benedict.wav,เอาเลยไหมขอรับ นายท่าน?,,,PENDING_MANUAL_GENERATION,,triangle-strategy
349,MS07_X08_RESEARCH_01_AFTER_M_SEL_0010.wav,MS07_X08_RESEARCH_01_AFTER_M_SEL_0010,371,371,371,372,เซเรโนอา,main,male,serenoa,assets/triangle-strategy/approved_voice_references/serenoa.wav,เป็นยังไงบ้าง เบเนดิกต์?,,,PENDING_MANUAL_GENERATION,,triangle-strategy
350,MS07_X08_RESEARCH_01_AFTER_M_SEL_0020.wav,MS07_X08_RESEARCH_01_AFTER_M_SEL_0020,372,372,372,373,เซเรโนอา,main,male,serenoa,assets/triangle-strategy/approved_voice_references/serenoa.wav,ข้าพร้อมเสมอ,,,PENDING_MANUAL_GENERATION,,triangle-strategy
351,MS07_X08_RESEARCH_01_AFTER_M_SEL_0030.wav,MS07_X08_RESEARCH_01_AFTER_M_SEL_0030,373,373,373,374,เซเรโนอา,main,male,serenoa,assets/triangle-strategy/approved_voice_references/serenoa.wav,อืม หวังว่ามันจะเพียงพอนะ,,,PENDING_MANUAL_GENERATION,,triangle-strategy
352,MS07_X08_RESEARCH_01_AFTER_M_SEL_0040.wav,MS07_X08_RESEARCH_01_AFTER_M_SEL_0040,374,374,374,375,เซเรโนอา,main,male,serenoa,assets/triangle-strategy/approved_voice_references/serenoa.wav,...เริ่มแล้วสินะ,,,PENDING_MANUAL_GENERATION,,triangle-strategy
353,MS07_X08_RESEARCH_01_AFTER_M_SEL_0050.wav,MS07_X08_RESEARCH_01_AFTER_M_SEL_0050,375,375,375,376,เซเรโนอา,main,male,serenoa,assets/triangle-strategy/approved_voice_references/serenoa.wav,อืม... ถึงเวลาแล้วล่ะ,,,PENDING_MANUAL_GENERATION,,triangle-strategy
354,MS07_X08_RESEARCH_01_BEFORE_F_FRE_0020.wav,MS07_X08_RESEARCH_01_BEFORE_F_FRE_0020,377,377,377,378,เฟรเดอริก้า,main,female,frederica,assets/triangle-strategy/approved_voice_references/frederica.wav,เขาบอกว่าปราสาทวูล์ฟฟอร์ตถูกสร้างติดภูเขา แสดงว่ายังมีกลไกลับบางอย่างที่ถูกซ่อนไว้สินะ?,,,PENDING_MANUAL_GENERATION,,triangle-strategy
355,MS07_X08_RESEARCH_01_BEFORE_F_FRE_0030.wav,MS07_X08_RESEARCH_01_BEFORE_F_FRE_0030,378,378,378,379,เฟรเดอริก้า,main,female,frederica,assets/triangle-strategy/approved_voice_references/frederica.wav,กำแพงกั้นรอบทิศของเรานั้น... คือระบบทางเดินน้ำ...,,,PENDING_MANUAL_GENERATION,,triangle-strategy
356,MS07_X08_RESEARCH_01_BEFORE_F_FRE_0040.wav,MS07_X08_RESEARCH_01_BEFORE_F_FRE_0040,379,379,379,380,เฟรเดอริก้า,main,female,frederica,assets/triangle-strategy/approved_voice_references/frederica.wav,มองผิวเผินที่นี่ก็เหมือนเมืองธรรมดา หรือสายตาข้ายังไม่ชำนาญพอรึเปล่านะ?,,,PENDING_MANUAL_GENERATION,,triangle-strategy
357,MS07_X08_RESEARCH_01_BEFORE_F_FRE_0050.wav,MS07_X08_RESEARCH_01_BEFORE_F_FRE_0050,380,380,380,381,เฟรเดอริก้า,main,female,frederica,assets/triangle-strategy/approved_voice_references/frederica.wav,แสดงว่าท่านจะเผาบ้าน... ไม่สิ ท่านจะเผาเมืองไปพร้อมๆกับข้าศึกของเราเหรอ? ท่านลองคิดถึงชีวิตที่ถูกสังเวยให้กับดักนี้สิ...,,,PENDING_MANUAL_GENERATION,,triangle-strategy
358,MS07_X08_RESEARCH_01_BEFORE_M_BND_0010.wav,MS07_X08_RESEARCH_01_BEFORE_M_BND_0010,381,381,381,382,เบเนดิกต์,main,male,benedict,assets/triangle-strategy/approved_voice_references/benedict.wav,ใช่แล้วขอรับ มีกลไกที่ถูกติดตั้งไว้ในเมือง ซึ่งเอาไว้ใช้ในยามคับขันเท่านั้น,,,PENDING_MANUAL_GENERATION,,triangle-strategy
359,MS07_X08_RESEARCH_01_BEFORE_M_BND_0020.wav,MS07_X08_RESEARCH_01_BEFORE_M_BND_0020,382,382,382,383,เบเนดิกต์,main,male,benedict,assets/triangle-strategy/approved_voice_references/benedict.wav,ท่านไม่รู้หรอกขอรับ เพราะเรื่องนี้จะถูกเปิดเผยแค่ลอร์ดกับที่ปรึกษาคนสนิทของเขา มันเป็นสิ่งที่สำคัญอย่างแท้จริงของเมืองนี้,,,PENDING_MANUAL_GENERATION,,triangle-strategy
360,MS07_X08_RESEARCH_01_BEFORE_M_BND_0030.wav,MS07_X08_RESEARCH_01_BEFORE_M_BND_0030,383,383,383,384,เบเนดิกต์,main,male,benedict,assets/triangle-strategy/approved_voice_references/benedict.wav,พวกเราจะใช้คูน้ำเพื่อเทน้ำมันร้อนจากข้างบน และแผดเผาข้าศึกให้มอดไหม้ขอรับ,,,PENDING_MANUAL_GENERATION,,triangle-strategy
361,MS07_X08_RESEARCH_01_BEFORE_M_BND_0040.wav,MS07_X08_RESEARCH_01_BEFORE_M_BND_0040,384,384,384,385,เบเนดิกต์,main,male,benedict,assets/triangle-strategy/approved_voice_references/benedict.wav,ท่านเห็นรูปปั้นเหยี่ยวรอบเมืองใช่ไหม?,,,PENDING_MANUAL_GENERATION,,triangle-strategy
362,MS07_X08_RESEARCH_01_BEFORE_M_BND_0050.wav,MS07_X08_RESEARCH_01_BEFORE_M_BND_0050,385,385,385,386,เบเนดิกต์,main,male,benedict,assets/triangle-strategy/approved_voice_references/benedict.wav,ใช่แล้วล่ะ การพังรูปปั้นจะทำให้แนวกั้นถูกยกระดับขึ้นมารอบๆคูน้ำ และจะไม่มีใครออกไปได้จนกว่าไฟจะมอดลง,,,PENDING_MANUAL_GENERATION,,triangle-strategy
363,MS07_X08_RESEARCH_01_BEFORE_M_BND_0060.wav,MS07_X08_RESEARCH_01_BEFORE_M_BND_0060,386,386,386,387,เบเนดิกต์,main,male,benedict,assets/triangle-strategy/approved_voice_references/benedict.wav,นี่คือเส้นทางที่เราเลือกเดินขอรับ ข้าคิดว่านี่คงเป็นทางเลือกสุดท้ายแล้วถ้าเราอยากรอด,,,PENDING_MANUAL_GENERATION,,triangle-strategy
364,MS07_X08_RESEARCH_01_BEFORE_M_BND_0070.wav,MS07_X08_RESEARCH_01_BEFORE_M_BND_0070,387,387,387,388,เบเนดิกต์,main,male,benedict,assets/triangle-strategy/approved_voice_references/benedict.wav,เตรียมรบได้ขอรับ ไม่ว่าต้องแลกด้วยอะไร พวกเราต้องชนะให้ได้,,,PENDING_MANUAL_GENERATION,,triangle-strategy
365,MS07_X08_RESEARCH_01_BEFORE_M_RLN_0010.wav,MS07_X08_RESEARCH_01_BEFORE_M_RLN_0010,388,388,388,389,โรแลนด์,main,male,roland,assets/triangle-strategy/approved_voice_references/roland.wav,เป็นกลไกแบบไหนเหรอท่าน? ข้าไม่เคยได้ยินอะไรเช่นนั้นเลย,,,PENDING_MANUAL_GENERATION,,triangle-strategy
366,MS07_X08_RESEARCH_01_BEFORE_M_RLN_0020.wav,MS07_X08_RESEARCH_01_BEFORE_M_RLN_0020,389,389,389,390,โรแลนด์,main,male,roland,assets/triangle-strategy/approved_voice_references/roland.wav,"อย่างงี้นี่เอง แล้วท่านช่วยบอกได้ไหมว่า ""สิ่งสำคัญอย่างแท้จริง"" ของเมืองนี้คืออะไร?",,,PENDING_MANUAL_GENERATION,,triangle-strategy
367,MS07_X08_RESEARCH_01_BEFORE_M_RLN_0030.wav,MS07_X08_RESEARCH_01_BEFORE_M_RLN_0030,390,390,390,391,โรแลนด์,main,male,roland,assets/triangle-strategy/approved_voice_references/roland.wav,อะไรกัน!? บ้าไปแล้วเหรอเบเนดิกต์!?,,,PENDING_MANUAL_GENERATION,,triangle-strategy
368,MS07_X08_RESEARCH_01_BEFORE_M_SEL_0010.wav,MS07_X08_RESEARCH_01_BEFORE_M_SEL_0010,391,391,391,392,เซเรโนอา,main,male,serenoa,assets/triangle-strategy/approved_voice_references/serenoa.wav,ข้าขอฟังแผนของท่านหน่อยขอรับ เบเนดิกต์,,,PENDING_MANUAL_GENERATION,,triangle-strategy
369,MS07_X08_RESEARCH_01_BEFORE_M_SEL_0020.wav,MS07_X08_RESEARCH_01_BEFORE_M_SEL_0020,392,392,392,393,เซเรโนอา,main,male,serenoa,assets/triangle-strategy/approved_voice_references/serenoa.wav,ข้าเห็น พวกมันมีไว้เพื่อใช้งานกับดักสินะขอรับ?,,,PENDING_MANUAL_GENERATION,,triangle-strategy
370,MS07_X08_WD_0010_N_NNN_0010.wav,MS07_X08_WD_0010_N_NNN_0010,393,393,393,394,Narrator,narrator,female,narrator,assets/triangle-strategy/approved_voice_references/narrator.wav,หลังจากที่ปรึกษาหารือกันจนได้เสียงข้างมากจากตาชั่ง ตระกูลวูล์ฟฟอร์ตจึงตัดสินใจปกป้ององค์ชายโรแลนด์,,,PENDING_MANUAL_GENERATION,,triangle-strategy
371,MS07_X08_WD_0010_N_NNN_0020.wav,MS07_X08_WD_0010_N_NNN_0020,394,394,394,395,Narrator,narrator,female,narrator,assets/triangle-strategy/approved_voice_references/narrator.wav,ไม่นานนัก พวกเขาถูกห้อมล้อมด้วยทัพทหารระดับสูงของเอสฟรอสต์,,,PENDING_MANUAL_GENERATION,,triangle-strategy
372,MS07_X08_WD_0010_N_NNN_0030.wav,MS07_X08_WD_0010_N_NNN_0030,395,395,395,396,Narrator,narrator,female,narrator,assets/triangle-strategy/approved_voice_references/narrator.wav,ผู้บัญชาการของราชรัฐไม่ใช่ใครอื่นใดนอกเหนือจาก แม่ทัพอัฟโลร่า นักรบมฤตยูผู้พรากชีวิตขององค์ชายแฟรนี่กับแม็กซ์เวลล์ด้วยน้ำมือของนาง,,,PENDING_MANUAL_GENERATION,,triangle-strategy
373,MS07_X08_WD_0020_N_NNN_0010.wav,MS07_X08_WD_0020_N_NNN_0010,396,396,396,397,Narrator,narrator,female,narrator,assets/triangle-strategy/approved_voice_references/narrator.wav,แม้ว่าทั้งสองฝ่ายจะสูญเสียอย่างสาหัส แต่ตระกูลวูล์ฟฟอร์ตก็เป็นฝ่ายคว้าชัยในตอนจบ,,,PENDING_MANUAL_GENERATION,,triangle-strategy
374,MS07_X08_WD_0020_N_NNN_0020.wav,MS07_X08_WD_0020_N_NNN_0020,397,397,397,398,Narrator,narrator,female,narrator,assets/triangle-strategy/approved_voice_references/narrator.wav,แม่ทัพอัฟโลร่าผู้พ่ายแพ้ จึงถอยทัพกลับสู่ปราสาทไวท์โฮล์มอย่างเลี่ยงไม่ได้,,,PENDING_MANUAL_GENERATION,,triangle-strategy
375,MS07_X09_A0_0010_F_ABR_0010.wav,MS07_X09_A0_0010_F_ABR_0010,398,398,398,399,อัฟโลร่า,npc,female,avlora,assets/triangle-strategy/approved_voice_references/avlora.wav,ข้านำตัวองค์ชายมาแล้วเจ้าค่ะ นายท่าน,,,PENDING_MANUAL_GENERATION,,triangle-strategy
376,MS07_X09_A0_0010_F_ABR_0020.wav,MS07_X09_A0_0010_F_ABR_0020,399,399,399,400,อัฟโลร่า,npc,female,avlora,assets/triangle-strategy/approved_voice_references/avlora.wav,ข้าสาบานว่าจะทำทุกหนทางเพื่อไม่ให้ท่านได้รับอันตรายเจ้าค่ะ นายท่าน,,,PENDING_MANUAL_GENERATION,,triangle-strategy
377,MS07_X09_A0_0010_F_CRD_0010.wav,MS07_X09_A0_0010_F_CRD_0010,401,401,401,402,คอร์เดเลีย,npc,female,cordelia,assets/triangle-strategy/approved_voice_references/cordelia.wav,ท่านพี่!,,,PENDING_MANUAL_GENERATION,,triangle-strategy
378,MS07_X09_A0_0010_F_CRD_0020.wav,MS07_X09_A0_0010_F_CRD_0020,402,402,402,403,คอร์เดเลีย,npc,female,cordelia,assets/triangle-strategy/approved_voice_references/cordelia.wav,ปล่อยเขานะ!,,,PENDING_MANUAL_GENERATION,,triangle-strategy
379,MS07_X09_A0_0010_F_CRD_0030.wav,MS07_X09_A0_0010_F_CRD_0030,403,403,403,404,คอร์เดเลีย,npc,female,cordelia,assets/triangle-strategy/approved_voice_references/cordelia.wav,ตายจริง ท่านพี่เจ้าคะ! ขอบคุณสวรรค์ที่ท่านพี่ปลอดภัยดี!,,,PENDING_MANUAL_GENERATION,,triangle-strategy
380,MS07_X09_A0_0010_F_CRD_0040.wav,MS07_X09_A0_0010_F_CRD_0040,404,404,404,405,คอร์เดเลีย,npc,female,cordelia,assets/triangle-strategy/approved_voice_references/cordelia.wav,พวกเขาไม่ได้ทำร้ายท่านพี่ใช่ไหม?,,,PENDING_MANUAL_GENERATION,,triangle-strategy
381,MS07_X09_A0_0010_F_CRD_0050.wav,MS07_X09_A0_0010_F_CRD_0050,405,405,405,406,คอร์เดเลีย,npc,female,cordelia,assets/triangle-strategy/approved_voice_references/cordelia.wav,จะ-เจ้าค่ะ...ไว้ค่อยคุยทีหลัง,,,PENDING_MANUAL_GENERATION,,triangle-strategy
382,MS07_X09_A0_0010_M_GST_0020.wav,MS07_X09_A0_0010_M_GST_0020,407,407,407,408,กุสตาดอล์ฟ,npc,male,gustadolph,,ใจเย็น อัฟโลร่า ตอนนี้เราต้องการให้เขามีชีวิตอยู่,,,BLOCKED_PENDING_REFERENCE_AUDIO,,triangle-strategy
383,MS07_X09_A0_0010_M_GST_0030.wav,MS07_X09_A0_0010_M_GST_0030,408,408,408,409,กุสตาดอล์ฟ,npc,male,gustadolph,,เด็กนี่มันคุมอารมณ์ไม่อยู่ จะโทษใครได้ล่ะ? แต่ข้าคิดว่านี่อาจจะช่วยสงบสติอารมณ์เขาได้บ้าง,,,BLOCKED_PENDING_REFERENCE_AUDIO,,triangle-strategy
384,MS07_X09_A0_0010_M_GST_0040.wav,MS07_X09_A0_0010_M_GST_0040,409,409,409,410,กุสตาดอล์ฟ,npc,male,gustadolph,,ตามใจนางเถอะ อัฟโลร่า,,,BLOCKED_PENDING_REFERENCE_AUDIO,,triangle-strategy
385,MS07_X09_A0_0010_M_GST_0050.wav,MS07_X09_A0_0010_M_GST_0050,410,410,410,411,กุสตาดอล์ฟ,npc,male,gustadolph,,องค์ชายโรแลนด์ ท่านรู้สถานการณ์ของเกลนบรู๊คในตอนนี้ดีใช่ไหม?,,,BLOCKED_PENDING_REFERENCE_AUDIO,,triangle-strategy
386,MS07_X09_A0_0010_M_GST_0060.wav,MS07_X09_A0_0010_M_GST_0060,411,411,411,412,กุสตาดอล์ฟ,npc,male,gustadolph,,อาณาจักรของท่านเป็นของเราแล้ว ทั้งตระกูลเทลลิออร์และวูล์ฟฟอร์ตต่างก้มหัวให้เรา,,,BLOCKED_PENDING_REFERENCE_AUDIO,,triangle-strategy
387,MS07_X09_A0_0010_M_GST_0070.wav,MS07_X09_A0_0010_M_GST_0070,412,412,412,413,กุสตาดอล์ฟ,npc,male,gustadolph,,ท่ามกลางไตรตระกูลสูงศักดิ์ มีเพียงแค่ตระกูลฟ็อลคส์เท่านั้นที่ยัง...ดื้อด้าน,,,BLOCKED_PENDING_REFERENCE_AUDIO,,triangle-strategy
388,MS07_X09_A0_0010_M_GST_0080.wav,MS07_X09_A0_0010_M_GST_0080,413,413,413,414,กุสตาดอล์ฟ,npc,male,gustadolph,,โถ แบบนั้นก็จะน่าเบื่อเกินไปหน่อย ข้าอยากให้ท่านออกคำสั่งฆ่าเขาซะ,,,BLOCKED_PENDING_REFERENCE_AUDIO,,triangle-strategy
389,MS07_X09_A0_0010_M_GST_0090.wav,MS07_X09_A0_0010_M_GST_0090,414,414,414,415,กุสตาดอล์ฟ,npc,male,gustadolph,,ข้ามั่นใจว่าตระกูลวูล์ฟฟอร์ตจะยอมปฏิบัติตามโดยดี,,,BLOCKED_PENDING_REFERENCE_AUDIO,,triangle-strategy
390,MS07_X09_A0_0010_M_GST_0100.wav,MS07_X09_A0_0010_M_GST_0100,415,415,415,416,กุสตาดอล์ฟ,npc,male,gustadolph,,ข้ารู้ว่าท่านเพิ่งมีโอกาสได้ทำหน้าที่ เลยอยากจะแนะนำอะไรอย่างให้ทราบ องค์ชายควรนึกถึงประชาชนเป็นอันดับแรกนะ,,,BLOCKED_PENDING_REFERENCE_AUDIO,,triangle-strategy
391,MS07_X09_A0_0010_M_GST_0110.wav,MS07_X09_A0_0010_M_GST_0110,416,416,416,417,กุสตาดอล์ฟ,npc,male,gustadolph,,แลนดรอยไม่ยืนเฉยอยู่นานหรอก...เมื่อเขาเริ่มลงมือ แผ่นดินนี้จะถูกไฟสงครามแผดเผาอีกครั้งแน่นอน,,,BLOCKED_PENDING_REFERENCE_AUDIO,,triangle-strategy
392,MS07_X09_A0_0010_M_GST_0120.wav,MS07_X09_A0_0010_M_GST_0120,417,417,417,418,กุสตาดอล์ฟ,npc,male,gustadolph,,หน้าที่ในฐานะองค์ชายของท่านคือการดับไฟสงครามในขณะที่มันกำลังก่อตัวขึ้น ไม่งั้นอาณาจักรที่ท่านปกครองคงจะเต็มไปด้วยซากศพเป็นแน่,,,BLOCKED_PENDING_REFERENCE_AUDIO,,triangle-strategy
393,MS07_X09_A0_0010_M_GST_0130.wav,MS07_X09_A0_0010_M_GST_0130,418,418,418,419,กุสตาดอล์ฟ,npc,male,gustadolph,,หรือว่ามันไม่จริงล่ะ ออกคำสั่งซะสิ,,,BLOCKED_PENDING_REFERENCE_AUDIO,,triangle-strategy
394,MS07_X09_A0_0010_M_RLN_0010.wav,MS07_X09_A0_0010_M_RLN_0010,419,419,419,420,โรแลนด์,main,male,roland,assets/triangle-strategy/approved_voice_references/roland.wav,กุสตาดอล์ฟ ไอ้กบฎสารเลว!,,,PENDING_MANUAL_GENERATION,,triangle-strategy
395,MS07_X09_A0_0010_M_RLN_0020.wav,MS07_X09_A0_0010_M_RLN_0020,420,420,420,421,โรแลนด์,main,male,roland,assets/triangle-strategy/approved_voice_references/roland.wav,แกต้องชดใช้ในสิ่งที่ทำกับครอบครัวของข้า! จำใส่สมองไว้เลยนะ!,,,PENDING_MANUAL_GENERATION,,triangle-strategy
396,MS07_X09_A0_0010_M_RLN_0040.wav,MS07_X09_A0_0010_M_RLN_0040,422,422,422,423,โรแลนด์,main,male,roland,assets/triangle-strategy/approved_voice_references/roland.wav,คอร์เดเลีย!,,,PENDING_MANUAL_GENERATION,,triangle-strategy
397,MS07_X09_A0_0010_M_RLN_0050.wav,MS07_X09_A0_0010_M_RLN_0050,423,423,423,424,โรแลนด์,main,male,roland,assets/triangle-strategy/approved_voice_references/roland.wav,ข้าไม่เป็นไร นึกว่า...จะไม่ได้เจอเจ้าซะแล้ว,,,PENDING_MANUAL_GENERATION,,triangle-strategy
398,MS07_X09_A0_0010_M_RLN_0060.wav,MS07_X09_A0_0010_M_RLN_0060,424,424,424,425,โรแลนด์,main,male,roland,assets/triangle-strategy/approved_voice_references/roland.wav,ไว้ค่อยคุยกันทีหลังดีกว่า ข้าคิดว่าอาร์ชดยุกคงเมตตาเราสักนิด,,,PENDING_MANUAL_GENERATION,,triangle-strategy
399,MS07_X09_A0_0010_M_RLN_0080.wav,MS07_X09_A0_0010_M_RLN_0080,426,426,426,427,โรแลนด์,main,male,roland,assets/triangle-strategy/approved_voice_references/roland.wav,…คืออยากให้ข้าโน้มน้าวลอร์ดแลนดรอยให้ยอมจำนนสินะ,,,PENDING_MANUAL_GENERATION,,triangle-strategy
400,MS07_X09_A0_0010_M_RLN_0090.wav,MS07_X09_A0_0010_M_RLN_0090,427,427,427,428,โรแลนด์,main,male,roland,assets/triangle-strategy/approved_voice_references/roland.wav,จะบ้าไปแล้วหรือไง!? ข้าไม่ยอมเป็นกระบอกเสียงให้ความทารุณของเจ้าหรอกนะ!,,,PENDING_MANUAL_GENERATION,,triangle-strategy
401,MS07_X09_A0_0010_M_RLN_0100.wav,MS07_X09_A0_0010_M_RLN_0100,428,428,428,429,โรแลนด์,main,male,roland,assets/triangle-strategy/approved_voice_references/roland.wav,พูดอะไรของเจ้า?,,,PENDING_MANUAL_GENERATION,,triangle-strategy
402,MS07_X09_A0_0020_F_ERK_0010.wav,MS07_X09_A0_0020_F_ERK_0010,431,431,431,432,เอริก้า,npc,female,erika,assets/triangle-strategy/approved_voice_references/erika.wav,ธาลาส! สนองอารมณ์เพลินเลยงั้นสิ!?,,,PENDING_MANUAL_GENERATION,,triangle-strategy
403,MS07_X09_A0_0020_F_ERK_0020.wav,MS07_X09_A0_0020_F_ERK_0020,432,432,432,433,เอริก้า,npc,female,erika,assets/triangle-strategy/approved_voice_references/erika.wav,คุมประพฤติตัวเองบ้างก็ดีนะ น้องข้า,,,PENDING_MANUAL_GENERATION,,triangle-strategy
404,MS07_X09_A0_0020_F_ERK_0030.wav,MS07_X09_A0_0020_F_ERK_0030,433,433,433,434,เอริก้า,npc,female,erika,assets/triangle-strategy/approved_voice_references/erika.wav,เราต้องไปแคว้นฟ็อลคส์เดี๋ยวนี้,,,PENDING_MANUAL_GENERATION,,triangle-strategy
405,MS07_X09_A0_0020_F_ERK_0040.wav,MS07_X09_A0_0020_F_ERK_0040,434,434,434,435,เอริก้า,npc,female,erika,assets/triangle-strategy/approved_voice_references/erika.wav,เจ้าหัดใช้หัวซะบ้างเถอะ หัวบนนะ ไม่ใช่หัวล่าง,,,PENDING_MANUAL_GENERATION,,triangle-strategy
406,MS07_X09_A0_0020_F_ERK_0050.wav,MS07_X09_A0_0020_F_ERK_0050,435,435,435,436,เอริก้า,npc,female,erika,assets/triangle-strategy/approved_voice_references/erika.wav,เจ้าเคยเห็นสุนัขตัวไหนที่เชื่อฟังโดยไม่มีใครคุมบ้างไหมล่ะ?,,,PENDING_MANUAL_GENERATION,,triangle-strategy
407,MS07_X09_A0_0020_F_M165_0010.wav,MS07_X09_A0_0020_F_M165_0010,436,436,436,437,หญิงชาวเทลลิออร์,generic,female,FEMALE_YOUNG_A,assets/triangle-strategy/approved_voice_references/FEMALE_YOUNG_A.wav,อ๊าาา... อ๊าาาห์! อื้มมมห์...,,,PENDING_MANUAL_GENERATION,,triangle-strategy
408,MS07_X09_A0_0020_F_M165_0020.wav,MS07_X09_A0_0020_F_M165_0020,437,437,437,438,หญิงชาวเทลลิออร์,generic,female,FEMALE_YOUNG_A,assets/triangle-strategy/approved_voice_references/FEMALE_YOUNG_A.wav,อุ้ย!,,,PENDING_MANUAL_GENERATION,,triangle-strategy
409,MS07_X09_A0_0020_M_TRS_0010.wav,MS07_X09_A0_0020_M_TRS_0010,438,438,438,439,ธาลาส,npc,male,thalas,assets/triangle-strategy/approved_voice_references/thalas.wav,ส่วนเจ้าก็หัดใช้ชีวิตซะบ้างนะ ท่านพี่,,,PENDING_MANUAL_GENERATION,,triangle-strategy
410,MS07_X09_A0_0020_M_TRS_0020.wav,MS07_X09_A0_0020_M_TRS_0020,439,439,439,440,ธาลาส,npc,male,thalas,assets/triangle-strategy/approved_voice_references/thalas.wav,เอ้า มีอะไรก็ว่ามาสิ,,,PENDING_MANUAL_GENERATION,,triangle-strategy
411,MS07_X09_A0_0020_M_TRS_0030.wav,MS07_X09_A0_0020_M_TRS_0030,440,440,440,441,ธาลาส,npc,male,thalas,assets/triangle-strategy/approved_voice_references/thalas.wav,นึกว่าพวกสุนัขวูล์ฟฟอร์ตจะลงมือเองซะอีก ทำไมเราต้องไปด้วยล่ะ?,,,PENDING_MANUAL_GENERATION,,triangle-strategy
412,MS07_X09_A0_0020_M_TRS_0040.wav,MS07_X09_A0_0020_M_TRS_0040,441,441,441,442,ธาลาส,npc,male,thalas,assets/triangle-strategy/approved_voice_references/thalas.wav,…จริงด้วยสินะ ถ้างั้นข้าขอไปเตรียมตัวก่อนนะท่านพี่,,,PENDING_MANUAL_GENERATION,,triangle-strategy
413,MS07_X09_A0_0030_F_CRD_0010.wav,MS07_X09_A0_0030_F_CRD_0010,442,442,442,443,คอร์เดเลีย,npc,female,cordelia,assets/triangle-strategy/approved_voice_references/cordelia.wav,ท่านพี่! ข้า… พวกเขา…,,,PENDING_MANUAL_GENERATION,,triangle-strategy
414,MS07_X09_A0_0030_F_CRD_0020.wav,MS07_X09_A0_0030_F_CRD_0020,443,443,443,444,คอร์เดเลีย,npc,female,cordelia,assets/triangle-strategy/approved_voice_references/cordelia.wav,ข้า…ข้าได้ยินพวกเขาคุยกัน จริงๆก็ไม่สมควรจะได้ยินหรอกเจ้าค่ะ… แต่ว่าธาลาสกับ… โอ๊ะ โรแลนด์​!,,,PENDING_MANUAL_GENERATION,,triangle-strategy
415,MS07_X09_A0_0030_F_CRD_0030.wav,MS07_X09_A0_0030_F_CRD_0030,444,444,444,445,คอร์เดเลีย,npc,female,cordelia,assets/triangle-strategy/approved_voice_references/cordelia.wav,อาร์ชดยุกน่ะ… เขาจะ… เขาจะประหารชีวิตท่านพี่!,,,PENDING_MANUAL_GENERATION,,triangle-strategy
416,MS07_X09_A0_0030_M_RLN_0010.wav,MS07_X09_A0_0030_M_RLN_0010,445,445,445,446,โรแลนด์,main,male,roland,assets/triangle-strategy/approved_voice_references/roland.wav,คอร์เดเลีย มีอะไร!?,,,PENDING_MANUAL_GENERATION,,triangle-strategy
417,MS07_X09_A0_0030_M_RLN_0020.wav,MS07_X09_A0_0030_M_RLN_0020,446,446,446,447,โรแลนด์,main,male,roland,assets/triangle-strategy/approved_voice_references/roland.wav,ใจเย็นๆ หายใจลึกๆ ตอนนี้…บอกข้าทีว่าเกิดอะไรขึ้น,,,PENDING_MANUAL_GENERATION,,triangle-strategy
418,MS07_X09_A1_0010_F_FRE_0010.wav,MS07_X09_A1_0010_F_FRE_0010,448,448,448,449,เฟรเดอริก้า,main,female,frederica,assets/triangle-strategy/approved_voice_references/frederica.wav,ใช่แล้วล่ะ โดยพี่ชายของข้าเอง,,,PENDING_MANUAL_GENERATION,,triangle-strategy
419,MS07_X09_A1_0010_F_FRE_0020.wav,MS07_X09_A1_0010_F_FRE_0020,449,449,449,450,เฟรเดอริก้า,main,female,frederica,assets/triangle-strategy/approved_voice_references/frederica.wav,หากเราฝ่าฝืน อาร์ชดยุกก็คงมีเหตุผลดีๆ ไว้เชือดไก่ให้ลิงดู,,,PENDING_MANUAL_GENERATION,,triangle-strategy
420,MS07_X09_A1_0010_F_HEW_0010.wav,MS07_X09_A1_0010_F_HEW_0010,450,450,450,451,ฮิวเอทท์,main,female,hughette,assets/triangle-strategy/approved_voice_references/hughette.wav,บ้าบอสิ้นดี! จะให้ตระกูลสูงศักดิ์ตีกันเองแล้วหรือไง!?,,,PENDING_MANUAL_GENERATION,,triangle-strategy
421,MS07_X09_A1_0010_F_HEW_0020.wav,MS07_X09_A1_0010_F_HEW_0020,451,451,451,452,ฮิวเอทท์,main,female,hughette,assets/triangle-strategy/approved_voice_references/hughette.wav,พวกเราควรร่วมมือกับตระกูลฟ็อลคส์แทนที่จะมาแทงข้างหลังกันสิ!,,,PENDING_MANUAL_GENERATION,,triangle-strategy
422,MS07_X09_A1_0010_F_YRA_0010.wav,MS07_X09_A1_0010_F_YRA_0010,452,452,452,453,จีล่า,main,female,geela,assets/triangle-strategy/approved_voice_references/geela.wav,อาร์ชดยุกไม่ได้คิดถึงศักดิ์ศรีเกียรติยศระหว่างตระกูลหรอก เขามองฟ็อลคส์เป็นเพียงผลไม้สุกงอมพร้อมเก็บเกี่ยวเท่านั้น,,,PENDING_MANUAL_GENERATION,,triangle-strategy
423,MS07_X09_A1_0010_M_BND_0010.wav,MS07_X09_A1_0010_M_BND_0010,453,453,453,454,เบเนดิกต์,main,male,benedict,assets/triangle-strategy/approved_voice_references/benedict.wav,นั่นคือคำสั่งที่ผู้ถือสารเอสฟรอสต์ส่งมาให้เราขอรับ,,,PENDING_MANUAL_GENERATION,,triangle-strategy
424,MS07_X09_A1_0010_M_BND_0020.wav,MS07_X09_A1_0010_M_BND_0020,454,454,454,455,เบเนดิกต์,main,male,benedict,assets/triangle-strategy/approved_voice_references/benedict.wav,องค์ชายโรแลนด์คือผู้ออกคำสั่งด้วยตัวเองขอรับ,,,PENDING_MANUAL_GENERATION,,triangle-strategy
425,MS07_X09_A1_0010_M_BND_0030.wav,MS07_X09_A1_0010_M_BND_0030,455,455,455,456,เบเนดิกต์,main,male,benedict,assets/triangle-strategy/approved_voice_references/benedict.wav,แต่กับดักทุกอัน ย่อมมีข้อบกพร่องขอรับนายท่าน,,,PENDING_MANUAL_GENERATION,,triangle-strategy
426,MS07_X09_A1_0010_M_BND_0040.wav,MS07_X09_A1_0010_M_BND_0040,456,456,456,457,เบเนดิกต์,main,male,benedict,assets/triangle-strategy/approved_voice_references/benedict.wav,น่าจะพอมีวิธีหลีกเลี่ยงสงครามกลางเมืองที่อาร์ชดยุกตั้งใจจะทำให้เกิดขึ้น,,,PENDING_MANUAL_GENERATION,,triangle-strategy
427,MS07_X09_A1_0010_M_BND_0050.wav,MS07_X09_A1_0010_M_BND_0050,457,457,457,458,เบเนดิกต์,main,male,benedict,assets/triangle-strategy/approved_voice_references/benedict.wav,หากกุสตาดอล์ฟต้องการที่ดินล่ะก็ บางทีอาจจะพอแลกเปลี่ยนกันได้อยู่,,,PENDING_MANUAL_GENERATION,,triangle-strategy
428,MS07_X09_A1_0010_M_BND_0060.wav,MS07_X09_A1_0010_M_BND_0060,458,458,458,459,เบเนดิกต์,main,male,benedict,assets/triangle-strategy/approved_voice_references/benedict.wav,ใช่แล้วล่ะ ตระกูลเทลลิออร์ก็ทำแบบเดียวกัน ถึงจะไม่น่าพอใจนัก…แต่ก็ดีกว่าทางเลือกอื่น,,,PENDING_MANUAL_GENERATION,,triangle-strategy
429,MS07_X09_A1_0010_M_BND_0070.wav,MS07_X09_A1_0010_M_BND_0070,459,459,459,460,เบเนดิกต์,main,male,benedict,assets/triangle-strategy/approved_voice_references/benedict.wav,แต่ลอร์ดแลนดรอยจะยอมรับเงื่อนไขนี้ได้หรือไม่ พวกเราไม่อาจทราบได้ขอรับ,,,PENDING_MANUAL_GENERATION,,triangle-strategy
430,MS07_X09_A1_0010_M_BND_0080.wav,MS07_X09_A1_0010_M_BND_0080,460,460,460,461,เบเนดิกต์,main,male,benedict,assets/triangle-strategy/approved_voice_references/benedict.wav,ขอรับ นายท่าน,,,PENDING_MANUAL_GENERATION,,triangle-strategy
431,MS07_X09_A1_0010_M_ELA_0010.wav,MS07_X09_A1_0010_M_ELA_0010,461,461,461,462,เอราดอร์,main,male,erador,assets/triangle-strategy/approved_voice_references/erador.wav,โกหก! เขาถูกบังคับเห็นๆ!,,,PENDING_MANUAL_GENERATION,,triangle-strategy
432,MS07_X09_A1_0010_M_ELA_0020.wav,MS07_X09_A1_0010_M_ELA_0020,462,462,462,463,เอราดอร์,main,male,erador,assets/triangle-strategy/approved_voice_references/erador.wav,อืม ข้าคิดว่าลอร์ดแลนดรอยคงคิดเช่นเดียวกันกับเรา เขาคงไม่อยากเห็นประชาชนฆ่าฟันกันเองหรอก,,,PENDING_MANUAL_GENERATION,,triangle-strategy
433,MS07_X09_A1_0010_M_SEL_0010.wav,MS07_X09_A1_0010_M_SEL_0010,463,463,463,464,เซเรโนอา,main,male,serenoa,assets/triangle-strategy/approved_voice_references/serenoa.wav,ว่ายังไงนะ? รุกรานแคว้นฟ็อลคส์งั้นเหรอ!?,,,PENDING_MANUAL_GENERATION,,triangle-strategy
434,MS07_X09_A1_0010_M_SEL_0020.wav,MS07_X09_A1_0010_M_SEL_0020,464,464,464,465,เซเรโนอา,main,male,serenoa,assets/triangle-strategy/approved_voice_references/serenoa.wav,เป็นผลไม้ที่พวกเขาจะเด็ดด้วยตัวเอง หรือไม่ก็ใช้ให้เราไปเด็ดแทนสินะ,,,PENDING_MANUAL_GENERATION,,triangle-strategy
435,MS07_X09_A1_0010_M_SEL_0030.wav,MS07_X09_A1_0010_M_SEL_0030,465,465,465,466,เซเรโนอา,main,male,serenoa,assets/triangle-strategy/approved_voice_references/serenoa.wav,ไม่ว่ายังไงกุสตาดอล์ฟก็เป็นฝ่ายชนะ พวกเราติดกับเข้าให้แล้ว,,,PENDING_MANUAL_GENERATION,,triangle-strategy
436,MS07_X09_A1_0010_M_SEL_0040.wav,MS07_X09_A1_0010_M_SEL_0040,466,466,466,467,เซเรโนอา,main,male,serenoa,assets/triangle-strategy/approved_voice_references/serenoa.wav,…ข้าเห็นด้วยนะ แต่ว่าเราต้องระมัดระวังด้วย,,,PENDING_MANUAL_GENERATION,,triangle-strategy
437,MS07_X09_A1_0010_M_SEL_0050.wav,MS07_X09_A1_0010_M_SEL_0050,467,467,467,468,เซเรโนอา,main,male,serenoa,assets/triangle-strategy/approved_voice_references/serenoa.wav,แลกเปลี่ยนอะไรท่าน? ดินแดนเหรอขอรับ?,,,PENDING_MANUAL_GENERATION,,triangle-strategy
438,MS07_X09_A1_0010_M_SEL_0060.wav,MS07_X09_A1_0010_M_SEL_0060,468,468,468,469,เซเรโนอา,main,male,serenoa,assets/triangle-strategy/approved_voice_references/serenoa.wav,แต่มันก็เป็นโอกาสที่ดีที่สุดของเราแล้วล่ะ ไปเจรจากับลอร์ดแลนดรอยกันดีกว่า,,,PENDING_MANUAL_GENERATION,,triangle-strategy
439,MS07_X09_A1_0010_M_SEL_0070.wav,MS07_X09_A1_0010_M_SEL_0070,469,469,469,470,เซเรโนอา,main,male,serenoa,assets/triangle-strategy/approved_voice_references/serenoa.wav,ในขณะเดียวกัน เอสฟรอสต์คงคิดว่าเรากำลังเล่นตามน้ำไปกับพวกมัน พวกเรามุ่งหน้าไปที่แคว้นฟ็อลคส์กันดีกว่า,,,PENDING_MANUAL_GENERATION,,triangle-strategy
440,MS07_X09_A1_0020_F_FRE_0010.wav,MS07_X09_A1_0020_F_FRE_0010,470,470,470,471,เฟรเดอริก้า,main,female,frederica,assets/triangle-strategy/approved_voice_references/frederica.wav,ท่านจะไปจริงๆเหรอ?,,,PENDING_MANUAL_GENERATION,,triangle-strategy
441,MS07_X09_A1_0020_F_FRE_0020.wav,MS07_X09_A1_0020_F_FRE_0020,471,471,471,472,เฟรเดอริก้า,main,female,frederica,assets/triangle-strategy/approved_voice_references/frederica.wav,นี่พวกเราเป็นแค่สุนัขที่ขานตอบเสียงเรียกของเขาหรือไงกัน!?,,,PENDING_MANUAL_GENERATION,,triangle-strategy
442,MS07_X09_A1_0020_F_FRE_0030.wav,MS07_X09_A1_0020_F_FRE_0030,472,472,472,473,เฟรเดอริก้า,main,female,frederica,assets/triangle-strategy/approved_voice_references/frederica.wav,ข้ารู้…คือว่าข้าขอโทษนะ มันก็แค่แบบ…,,,PENDING_MANUAL_GENERATION,,triangle-strategy
443,MS07_X09_A1_0020_F_FRE_0040.wav,MS07_X09_A1_0020_F_FRE_0040,473,473,473,474,เฟรเดอริก้า,main,female,frederica,assets/triangle-strategy/approved_voice_references/frederica.wav,บางสิ่งเราก็สมควรจะปกป้อง มันเป็นสิ่งที่ข้าควรปกป้อง ไม่งั้นเราจะไม่มีความเป็นมนุษย์หลงเหลืออยู่เลย…,,,PENDING_MANUAL_GENERATION,,triangle-strategy
444,MS07_X09_A1_0020_M_BND_0010.wav,MS07_X09_A1_0020_M_BND_0010,474,474,474,475,เบเนดิกต์,main,male,benedict,assets/triangle-strategy/approved_voice_references/benedict.wav,ข่าวร้ายขอรับ องค์ชายโรแลนด์…จะถูกประหารด้วยการตัดศีรษะตามบัญชาของอาร์ชดยุกขอรับ,,,PENDING_MANUAL_GENERATION,,triangle-strategy
445,MS07_X09_A1_0020_M_BND_0020.wav,MS07_X09_A1_0020_M_BND_0020,475,475,475,476,เบเนดิกต์,main,male,benedict,assets/triangle-strategy/approved_voice_references/benedict.wav,ข้อหาสร้างความเดือดร้อนด้วยคำสั่งรุกรานแคว้นฟ็อลคส์ขอรับ,,,PENDING_MANUAL_GENERATION,,triangle-strategy
446,MS07_X09_A1_0020_M_BND_0030.wav,MS07_X09_A1_0020_M_BND_0030,476,476,476,477,เบเนดิกต์,main,male,benedict,assets/triangle-strategy/approved_voice_references/benedict.wav,มากไปกว่านั้น ตระกูลวูล์ฟฟอร์ตถูกเชื้อเชิญให้มาดูการประหารด้วยขอรับ ดังนั้นพวกเราจำเป็นต้องไป,,,PENDING_MANUAL_GENERATION,,triangle-strategy
447,MS07_X09_A1_0020_M_BND_0040.wav,MS07_X09_A1_0020_M_BND_0040,477,477,477,478,เบเนดิกต์,main,male,benedict,assets/triangle-strategy/approved_voice_references/benedict.wav,หากเราปฏิเสธคำเชิญ อาจมีผลร้ายแรงที่ตามมาก็ได้ขอรับ,,,PENDING_MANUAL_GENERATION,,triangle-strategy
448,MS07_X09_A1_0020_M_ELA_0010.wav,MS07_X09_A1_0020_M_ELA_0010,478,478,478,479,เอราดอร์,main,male,erador,assets/triangle-strategy/approved_voice_references/erador.wav,ก็แหงอยู่แล้วสิวะ! ไอ้งูพิษเอ๊ย…,,,PENDING_MANUAL_GENERATION,,triangle-strategy
449,MS07_X09_A1_0020_M_SEL_0010.wav,MS07_X09_A1_0020_M_SEL_0010,479,479,479,480,เซเรโนอา,main,male,serenoa,assets/triangle-strategy/approved_voice_references/serenoa.wav,หา!? เพราะอะไรกัน?,,,PENDING_MANUAL_GENERATION,,triangle-strategy
450,MS07_X09_A1_0020_M_SEL_0020.wav,MS07_X09_A1_0020_M_SEL_0020,480,480,480,481,เซเรโนอา,main,male,serenoa,assets/triangle-strategy/approved_voice_references/serenoa.wav,หน้าไม่อายจริงๆ!,,,PENDING_MANUAL_GENERATION,,triangle-strategy
451,MS07_X09_A1_0020_M_SEL_0030.wav,MS07_X09_A1_0020_M_SEL_0030,481,481,481,482,เซเรโนอา,main,male,serenoa,assets/triangle-strategy/approved_voice_references/serenoa.wav,เฟรเดอริก้า…,,,PENDING_MANUAL_GENERATION,,triangle-strategy
452,MS07_X09_A1_0020_M_SEL_0040.wav,MS07_X09_A1_0020_M_SEL_0040,482,482,482,483,เซเรโนอา,main,male,serenoa,assets/triangle-strategy/approved_voice_references/serenoa.wav,ได้โปรด ข้าเข้าใจเจ้าดี…แต่เราไม่มีทางเลือกจริงๆ,,,PENDING_MANUAL_GENERATION,,triangle-strategy
453,MS07_X09_A1_1010_F_M166_0010.wav,MS07_X09_A1_1010_F_M166_0010,483,483,483,484,หญิงผู้ติดตามเทลลิออร์,generic,female,FEMALE_ADULT_A,assets/triangle-strategy/approved_voice_references/FEMALE_ADULT_A.wav,นายท่าน จะออกไปรบอีกแล้วเหรอขอรับ?,,,PENDING_MANUAL_GENERATION,,triangle-strategy
454,MS07_X09_A1_1010_M_M167_0010.wav,MS07_X09_A1_1010_M_M167_0010,484,484,484,485,ทหารเทลลิออร์,generic,male,MALE_YOUNG_B,assets/triangle-strategy/approved_voice_references/MALE_YOUNG_B.wav,ขอให้คว้าชัยกลับมานะขอรับ นายท่าน!,,,PENDING_MANUAL_GENERATION,,triangle-strategy
455,MS07_X09_A1_1010_M_PTR_0010.wav,MS07_X09_A1_1010_M_PTR_0010,485,485,485,486,พาทริเอ็ทท์,npc,male,patriatte,,อ้าว ลอร์ดหนุ่มวูล์ฟฟอร์ตของเรานี่น่า!,,,BLOCKED_PENDING_REFERENCE_AUDIO,,triangle-strategy
456,MS07_X09_A1_1010_M_PTR_0020.wav,MS07_X09_A1_1010_M_PTR_0020,486,486,486,487,พาทริเอ็ทท์,npc,male,patriatte,,อ๊ะ ลอร์ดวูล์ฟฟอร์ต ไม่ต้องเป็นห่วงข้าหรอกขอรับ พอดีข้าพึ่งเสร็จงาน อีกเดี๋ยวก็จะกลับแล้วล่ะ,,,BLOCKED_PENDING_REFERENCE_AUDIO,,triangle-strategy
457,MS07_X09_A1_1010_M_PTR_0030.wav,MS07_X09_A1_1010_M_PTR_0030,487,487,487,488,พาทริเอ็ทท์,npc,male,patriatte,,ข้าขอชื่นชมท่านจริงๆนะ ที่พยายามรักษากฎระเบียบและความสงบสุขในแคว้นของท่านได้…แม้จะเกิดเหตุร้ายก็ตาม,,,BLOCKED_PENDING_REFERENCE_AUDIO,,triangle-strategy
458,MS07_X09_A1_1010_M_PTR_0040.wav,MS07_X09_A1_1010_M_PTR_0040,488,488,488,489,พาทริเอ็ทท์,npc,male,patriatte,,น่าชื่นชมจริงๆขอรับ…,,,BLOCKED_PENDING_REFERENCE_AUDIO,,triangle-strategy
459,MS07_X09_A1_1010_M_PTR_0050.wav,MS07_X09_A1_1010_M_PTR_0050,489,489,489,490,พาทริเอ็ทท์,npc,male,patriatte,,แต่สุดท้ายแล้ว หน้าที่ของเราคือการภักดีต่อราชวงศ์ ไม่ใช่ผู้ที่นั่งบนบัลลังก์,,,BLOCKED_PENDING_REFERENCE_AUDIO,,triangle-strategy
460,MS07_X09_A1_1010_M_PTR_0060.wav,MS07_X09_A1_1010_M_PTR_0060,490,490,490,491,พาทริเอ็ทท์,npc,male,patriatte,,ในยามอลหม่านเช่นนี้ พวกเราต้องรักษากฎระเบียบเหนือสิ่งอื่นใด ขอให้ท่านจำไว้ด้วยขอรับ,,,BLOCKED_PENDING_REFERENCE_AUDIO,,triangle-strategy
461,MS07_X09_A1_1010_M_PTR_0070.wav,MS07_X09_A1_1010_M_PTR_0070,491,491,491,492,พาทริเอ็ทท์,npc,male,patriatte,,หากท่านปฏิบัติตาม ข้าเชื่อว่าอนาคตของท่านภายใต้การปกครองของเอสฟรอสต์ต้องรุ่งเรืองแน่นอน,,,BLOCKED_PENDING_REFERENCE_AUDIO,,triangle-strategy
462,MS07_X09_A1_1010_M_PTR_0080.wav,MS07_X09_A1_1010_M_PTR_0080,492,492,492,493,พาทริเอ็ทท์,npc,male,patriatte,,ขอตัวก่อนนะขอรับ นายท่าน,,,BLOCKED_PENDING_REFERENCE_AUDIO,,triangle-strategy
463,MS07_X09_A1_1010_M_SEL_0010.wav,MS07_X09_A1_1010_M_SEL_0010,493,493,493,494,เซเรโนอา,main,male,serenoa,assets/triangle-strategy/approved_voice_references/serenoa.wav,อืม ตามบัญชาของราชวงศ์น่ะ คราวนี้ข้าต้องการคนที่แข็งแกร่งมาร่วมด้วย,,,PENDING_MANUAL_GENERATION,,triangle-strategy
464,MS07_X09_A1_1010_M_SEL_0020.wav,MS07_X09_A1_1010_M_SEL_0020,494,494,494,495,เซเรโนอา,main,male,serenoa,assets/triangle-strategy/approved_voice_references/serenoa.wav,ไม่ต้องห่วงหรอก ชนะแน่นอน,,,PENDING_MANUAL_GENERATION,,triangle-strategy
465,MS07_X09_A1_1010_M_SEL_0030.wav,MS07_X09_A1_1010_M_SEL_0030,495,495,495,496,เซเรโนอา,main,male,serenoa,assets/triangle-strategy/approved_voice_references/serenoa.wav,รัฐมนตรีพาทริเอทท์ ไม่เห็นรู้เลยว่าท่านจะมาเยี่ยมแคว้นของเราด้วย,,,PENDING_MANUAL_GENERATION,,triangle-strategy
466,MS07_X09_A1_1010_M_SEL_0040.wav,MS07_X09_A1_1010_M_SEL_0040,496,496,496,497,เซเรโนอา,main,male,serenoa,assets/triangle-strategy/approved_voice_references/serenoa.wav,...ข้าเข้าใจดีขอรับ ขอบคุณที่ชี้แนะให้ข้านะ,,,PENDING_MANUAL_GENERATION,,triangle-strategy
467,MS07_X09_A1_1020_M_BND_0010.wav,MS07_X09_A1_1020_M_BND_0010,497,497,497,498,เบเนดิกต์,main,male,benedict,assets/triangle-strategy/approved_voice_references/benedict.wav,ที่แน่ๆ...ชัยชนะไม่ใช่สิ่งที่ได้มาง่ายๆหรอก พวกเรามีโอกาส และเราต้องคว้ามันเอาไว้,,,PENDING_MANUAL_GENERATION,,triangle-strategy
468,MS07_X09_A1_1020_M_BND_0020.wav,MS07_X09_A1_1020_M_BND_0020,498,498,498,499,เบเนดิกต์,main,male,benedict,assets/triangle-strategy/approved_voice_references/benedict.wav,ในยามสิ้นหวังเช่นนี้เราต้องกัดฟันสู้ เราจะยอมจำนนอย่างเงียบๆต่อโชคชะตาน่าสมเพชไม่ได้หรอกนะ,,,PENDING_MANUAL_GENERATION,,triangle-strategy
469,MS07_X09_A1_1020_M_BND_0030.wav,MS07_X09_A1_1020_M_BND_0030,499,499,499,500,เบเนดิกต์,main,male,benedict,assets/triangle-strategy/approved_voice_references/benedict.wav,หน้าที่ต่อตระกูลวูล์ฟฟอร์ตของข้านั้นเป็นสิ่งสำคัญ หากข้าละเลยก็คงเป็นเรื่องที่บกพร่องน่าดู,,,PENDING_MANUAL_GENERATION,,triangle-strategy
470,MS07_X09_A1_1020_M_ELA_0010.wav,MS07_X09_A1_1020_M_ELA_0010,500,500,500,501,เอราดอร์,main,male,erador,assets/triangle-strategy/approved_voice_references/erador.wav,...กะแล้วเชียวว่าต้องอยู่ที่นี่,,,PENDING_MANUAL_GENERATION,,triangle-strategy
471,MS07_X09_A1_1020_M_ELA_0020.wav,MS07_X09_A1_1020_M_ELA_0020,501,501,501,502,เอราดอร์,main,male,erador,assets/triangle-strategy/approved_voice_references/erador.wav,ตอบข้าตรงๆนะ เจ้าคิดว่าเราจะเอาชนะกุสตาดอล์ฟได้ไหม?,,,PENDING_MANUAL_GENERATION,,triangle-strategy
472,MS07_X09_A1_1020_M_ELA_0030.wav,MS07_X09_A1_1020_M_ELA_0030,502,502,502,503,เอราดอร์,main,male,erador,assets/triangle-strategy/approved_voice_references/erador.wav,เจ้าเป็นคนที่มุ่งมั่นตลอดเลยนะ เบเนดิกต์ เห็นแล้วชื่นใจเหลือเกิน,,,PENDING_MANUAL_GENERATION,,triangle-strategy
473,MS07_X09_A3_0010_M_LND_0010.wav,MS07_X09_A3_0010_M_LND_0010,503,503,503,504,แลนดรอย,npc,male,landroi,,ทหารเอ๋ย เมื่อลองมองที่รูปวาดนี้แล้ว เจ้ารู้สึกเช่นไร?,,,BLOCKED_PENDING_REFERENCE_AUDIO,,triangle-strategy
474,MS07_X09_A3_0010_M_LND_0020.wav,MS07_X09_A3_0010_M_LND_0020,504,504,504,505,แลนดรอย,npc,male,landroi,,...ถูกต้องแล้ว ดินแดนของเราคือขุมทรัพย์ที่ฝ่าบาททรงมอบแก่เรา...ขอให้ดวงวิญญาณของท่านพบเจอสันติสุขนิรันดร,,,BLOCKED_PENDING_REFERENCE_AUDIO,,triangle-strategy
475,MS07_X09_A3_0010_M_LND_0030.wav,MS07_X09_A3_0010_M_LND_0030,505,505,505,506,แลนดรอย,npc,male,landroi,,เป็นหน้าที่ทรงเกียรติ...อันหาที่เปรียบไม่ได้ เป็นหน้าที่อันควรค่าแก่การลุล่วงอย่างไร้ข้อแม้,,,BLOCKED_PENDING_REFERENCE_AUDIO,,triangle-strategy
476,MS07_X09_A3_0010_M_LND_0040.wav,MS07_X09_A3_0010_M_LND_0040,506,506,506,507,แลนดรอย,npc,male,landroi,,เป็นหน้าที่ที่ข้าไม่มีวันละเลย...ไม่ว่าตอนนี้หรือตอนไหนก็ตาม,,,BLOCKED_PENDING_REFERENCE_AUDIO,,triangle-strategy
477,MS07_X09_A3_0010_M_M143_0010.wav,MS07_X09_A3_0010_M_M143_0010,507,507,507,508,ผู้ติดตามฟอล์กส์,generic,male,MALE_ADULT_A,assets/triangle-strategy/approved_voice_references/MALE_ADULT_A.wav,ข่าวลือที่ว่านั้นเป็นจริงขอรับนายท่าน ตระกูลวูล์ฟฟอร์ตมอบตัวองค์ชายโรแลนด์สู่เงื้อมมือของเอสฟรอสต์แล้ว,,,PENDING_MANUAL_GENERATION,,triangle-strategy
478,MS07_X09_A3_0010_M_M143_0020.wav,MS07_X09_A3_0010_M_M143_0020,508,508,508,509,ผู้ติดตามฟอล์กส์,generic,male,MALE_ADULT_A,assets/triangle-strategy/approved_voice_references/MALE_ADULT_A.wav,ส่วนตระกูลเทลลิออร์นั้น... นายท่านขอรับ พวกเขาก็-,,,PENDING_MANUAL_GENERATION,,triangle-strategy
479,MS07_X09_A3_0010_M_M143_0030.wav,MS07_X09_A3_0010_M_M143_0030,509,509,509,510,ผู้ติดตามฟอล์กส์,generic,male,MALE_ADULT_A,assets/triangle-strategy/approved_voice_references/MALE_ADULT_A.wav,...นายท่านขอรับ?,,,PENDING_MANUAL_GENERATION,,triangle-strategy
480,MS07_X09_A3_0010_M_M143_0040.wav,MS07_X09_A3_0010_M_M143_0040,510,510,510,511,ผู้ติดตามฟอล์กส์,generic,male,MALE_ADULT_A,assets/triangle-strategy/approved_voice_references/MALE_ADULT_A.wav,มันคือบ้านของเราขอรับ เขียวขจีงามตาสมจริง ราวกับถูกวาดโดยจิตรกรฝีมือดี,,,PENDING_MANUAL_GENERATION,,triangle-strategy
481,MS07_X09_A3_0020_M_LND_0010.wav,MS07_X09_A3_0020_M_LND_0010,511,511,511,512,แลนดรอย,npc,male,landroi,,อาร์ชดยุกสั่งให้พวกเขายกทัพมาหาเราในนามขององค์ชายโรแลนด์น่ะ,,,BLOCKED_PENDING_REFERENCE_AUDIO,,triangle-strategy
482,MS07_X09_A3_0020_M_LND_0020.wav,MS07_X09_A3_0020_M_LND_0020,512,512,512,513,แลนดรอย,npc,male,landroi,,เป็นแผนที่ฉลาดมาก ไม่ว่าผลจะเป็นอย่างไร เอสฟรอสต์จะได้ผลประโยชน์อยู่ดี,,,BLOCKED_PENDING_REFERENCE_AUDIO,,triangle-strategy
483,MS07_X09_A3_0020_M_LND_0030.wav,MS07_X09_A3_0020_M_LND_0030,513,513,513,514,แลนดรอย,npc,male,landroi,,เพราะยังไง วูล์ฟฟอร์ตก็บอกเราว่า พวกเขามีเหตุจำเป็นที่ต้องทำตามคำสั่งเหล่านี้,,,BLOCKED_PENDING_REFERENCE_AUDIO,,triangle-strategy
484,MS07_X09_A3_0020_M_LND_0040.wav,MS07_X09_A3_0020_M_LND_0040,514,514,514,515,แลนดรอย,npc,male,landroi,,แสดงว่า พวกเขาต้องการเจรจาหาทางยับยั้งการล่มสลายของไตรตระกูลสูงศักดิ์สินะ,,,BLOCKED_PENDING_REFERENCE_AUDIO,,triangle-strategy
485,MS07_X09_A3_0020_M_LND_0050.wav,MS07_X09_A3_0020_M_LND_0050,515,515,515,516,แลนดรอย,npc,male,landroi,,นั่นสินะ...,,,BLOCKED_PENDING_REFERENCE_AUDIO,,triangle-strategy
486,MS07_X09_A3_0020_M_LND_0060.wav,MS07_X09_A3_0020_M_LND_0060,516,516,516,517,แลนดรอย,npc,male,landroi,,พวกวูล์ฟฟอร์ตมอบตัวองค์ชายเพื่อเอาตัวรอด เป็นการกระทำที่บั่นทอนความเชื่อใจของเราอย่างยิ่ง,,,BLOCKED_PENDING_REFERENCE_AUDIO,,triangle-strategy
487,MS07_X09_A3_0020_M_LND_0070.wav,MS07_X09_A3_0020_M_LND_0070,517,517,517,518,แลนดรอย,npc,male,landroi,,ยังไงซะ พวกเขาคงไม่อยากให้มีการนองเลือดเกิดขึ้นจริงๆ แม้ว่ามันเป็นเพียงการซื้อเวลาเพื่อพักฟื้นก็ตาม,,,BLOCKED_PENDING_REFERENCE_AUDIO,,triangle-strategy
488,MS07_X09_A3_0020_M_LND_0080.wav,MS07_X09_A3_0020_M_LND_0080,518,518,518,519,แลนดรอย,npc,male,landroi,,แต่ข้ากลับรู้สึกว่า แผนการของพวกเขามันไม่ชอบมาพากล...,,,BLOCKED_PENDING_REFERENCE_AUDIO,,triangle-strategy
489,MS07_X09_A3_0020_M_LND_0090.wav,MS07_X09_A3_0020_M_LND_0090,519,519,519,520,แลนดรอย,npc,male,landroi,,ข้าจะให้พวกเขามาเข้าพบ ส่งจดหมายตอบกลับไป,,,BLOCKED_PENDING_REFERENCE_AUDIO,,triangle-strategy
490,MS07_X09_A3_0020_M_M168_0010.wav,MS07_X09_A3_0020_M_M168_0010,520,520,520,521,ผู้ติดตามฟอล์กส์,generic,male,MALE_ADULT_B,assets/triangle-strategy/approved_voice_references/MALE_ADULT_B.wav,มีข่าวจากตระกูลวูล์ฟฟอร์ตเหรอขอรับ?,,,PENDING_MANUAL_GENERATION,,triangle-strategy
491,MS07_X09_A3_0020_M_M168_0020.wav,MS07_X09_A3_0020_M_M168_0020,521,521,521,522,ผู้ติดตามฟอล์กส์,generic,male,MALE_ADULT_B,assets/triangle-strategy/approved_voice_references/MALE_ADULT_B.wav,แล้วท่านจะทำเช่นไรขอรับ?,,,PENDING_MANUAL_GENERATION,,triangle-strategy
492,MS07_X09_A3_0020_M_M168_0030.wav,MS07_X09_A3_0020_M_M168_0030,522,522,522,523,ผู้ติดตามฟอล์กส์,generic,male,MALE_ADULT_B,assets/triangle-strategy/approved_voice_references/MALE_ADULT_B.wav,นายท่านขอรับ สรุปแล้วท่าน...?,,,PENDING_MANUAL_GENERATION,,triangle-strategy
493,MS07_X09_A3_0020_M_M168_0040.wav,MS07_X09_A3_0020_M_M168_0040,523,523,523,524,ผู้ติดตามฟอล์กส์,generic,male,MALE_ADULT_B,assets/triangle-strategy/approved_voice_references/MALE_ADULT_B.wav,ขอรับ นายท่าน!,,,PENDING_MANUAL_GENERATION,,triangle-strategy
494,MS07_X09_A3_0030_F_FRE_0010.wav,MS07_X09_A3_0030_F_FRE_0010,524,524,524,525,เฟรเดอริก้า,main,female,frederica,assets/triangle-strategy/approved_voice_references/frederica.wav,สุดท้ายแล้วนี่คือผลแห่งความภักดีงั้นเหรอ? ศพไหม้เป็นตอตะโก กับดินแดนพังพินาศเนี่ยนะ?,,,PENDING_MANUAL_GENERATION,,triangle-strategy
495,MS07_X09_A3_0030_M_BND_0010.wav,MS07_X09_A3_0030_M_BND_0010,525,525,525,526,เบเนดิกต์,main,male,benedict,assets/triangle-strategy/approved_voice_references/benedict.wav,เหมือนว่าชาวบ้านจะอพยพไป ก่อนเกิดการสู้กันขอรับ,,,PENDING_MANUAL_GENERATION,,triangle-strategy
496,MS07_X09_A3_0030_M_ELA_0010.wav,MS07_X09_A3_0030_M_ELA_0010,527,527,527,528,เอราดอร์,main,male,erador,assets/triangle-strategy/approved_voice_references/erador.wav,ไม่ว่าข้าศึกจะเป็นใครก็ตาม สงครามนั้นเป็นสิ่งที่ไม่น่าดูชม โดยเฉพาะตอนที่ศัตรูของเราคือพวกเดียวกันเอง...,,,PENDING_MANUAL_GENERATION,,triangle-strategy
497,MS07_X09_A3_0030_M_SEL_0010.wav,MS07_X09_A3_0030_M_SEL_0010,528,528,528,529,เซเรโนอา,main,male,serenoa,assets/triangle-strategy/approved_voice_references/serenoa.wav,คงจบแบบนี้สินะ...,,,PENDING_MANUAL_GENERATION,,triangle-strategy
498,MS07_X09_A3_0030_M_SEL_0020.wav,MS07_X09_A3_0030_M_SEL_0020,529,529,529,530,เซเรโนอา,main,male,serenoa,assets/triangle-strategy/approved_voice_references/serenoa.wav,ฝีมือแลนดรอยเห็นๆ,,,PENDING_MANUAL_GENERATION,,triangle-strategy
499,MS07_X09_A3_0030_M_SEL_0030.wav,MS07_X09_A3_0030_M_SEL_0030,530,530,530,531,เซเรโนอา,main,male,serenoa,assets/triangle-strategy/approved_voice_references/serenoa.wav,พวกเรากลับกันเถอะ หมดธุระที่นี่แล้ว,,,PENDING_MANUAL_GENERATION,,triangle-strategy
500,MS07_X09_B0_0010_M_SEC_0010.wav,MS07_X09_B0_0010_M_SEC_0010,531,531,531,532,ซิคราส,npc,male,sycras,,ช่วงนี้มีแต่เรื่องวุ่นวายแถวชายแดนตลอด คงเป็นเพราะเกลนบรู๊คเสียศูนย์สินะขอรับ,,,BLOCKED_PENDING_REFERENCE_AUDIO,,triangle-strategy
501,MS07_X09_B0_0010_M_SEC_0020.wav,MS07_X09_B0_0010_M_SEC_0020,532,532,532,533,ซิคราส,npc,male,sycras,,ลอร์ดสวาร็อค คือข้า-,,,BLOCKED_PENDING_REFERENCE_AUDIO,,triangle-strategy
502,MS07_X09_B0_0010_M_SEC_0030.wav,MS07_X09_B0_0010_M_SEC_0030,533,533,533,534,ซิคราส,npc,male,sycras,,อ๊ะ ขออภัยขอรับ ข้า...ลืมตัว,,,BLOCKED_PENDING_REFERENCE_AUDIO,,triangle-strategy
503,MS07_X09_B0_0010_M_SEC_0040.wav,MS07_X09_B0_0010_M_SEC_0040,534,534,534,535,ซิคราส,npc,male,sycras,,คือว่าพลทหารของเราส่วนใหญ่ออกไปทำภารกิจในแดนไกล จนแทบไม่เหลือทหารในดินแดนของเราเลยขอรับ,,,BLOCKED_PENDING_REFERENCE_AUDIO,,triangle-strategy
504,MS07_X09_B0_0010_M_SEC_0050.wav,MS07_X09_B0_0010_M_SEC_0050,535,535,535,536,ซิคราส,npc,male,sycras,,หากภารกิจยังดำเนินเช่นนี้ต่อไป สถานการณ์บ้านเมืองของเราคงจะตึงเครียดขึ้นเรื่อยๆ,,,BLOCKED_PENDING_REFERENCE_AUDIO,,triangle-strategy
505,MS07_X09_B0_0010_M_SEC_0060.wav,MS07_X09_B0_0010_M_SEC_0060,536,536,536,537,ซิคราส,npc,male,sycras,,มาตรการขั้นเด็ดขาดเหรอขอรับ?,,,BLOCKED_PENDING_REFERENCE_AUDIO,,triangle-strategy
506,MS07_X09_B0_0010_M_SVR_0010.wav,MS07_X09_B0_0010_M_SVR_0010,537,537,537,538,สวาร็อค,npc,male,svarog,,...ถูกต้องแล้ว,,,BLOCKED_PENDING_REFERENCE_AUDIO,,triangle-strategy
507,MS07_X09_B0_0010_M_SVR_0020.wav,MS07_X09_B0_0010_M_SVR_0020,538,538,538,539,สวาร็อค,npc,male,svarog,,ไม่ทันแล้วล่ะ พูดออกมาสิ,,,BLOCKED_PENDING_REFERENCE_AUDIO,,triangle-strategy
508,MS07_X09_B0_0010_M_SVR_0030.wav,MS07_X09_B0_0010_M_SVR_0030,539,539,539,540,สวาร็อค,npc,male,svarog,,ข้ารู้ว่าเจ้าเป็นห่วง แต่อาร์ชดยุกไม่เพิกเฉยต่อปัญหาเช่นนี้หรอก วางใจได้เลย,,,BLOCKED_PENDING_REFERENCE_AUDIO,,triangle-strategy
509,MS07_X09_B0_0010_M_SVR_0040.wav,MS07_X09_B0_0010_M_SVR_0040,540,540,540,541,สวาร็อค,npc,male,svarog,,แถมอีกอย่าง...,,,BLOCKED_PENDING_REFERENCE_AUDIO,,triangle-strategy
510,MS07_X09_B0_0010_M_SVR_0050.wav,MS07_X09_B0_0010_M_SVR_0050,541,541,541,542,สวาร็อค,npc,male,svarog,,การรักษาความสงบไม่จำเป็นต้องพึ่งทหารเสมอไป ถึงเวลาใช้มาตรการขั้นเด็ดขาดแล้วล่ะ,,,BLOCKED_PENDING_REFERENCE_AUDIO,,triangle-strategy
511,MS07_X09_B0_0010_M_SVR_0060.wav,MS07_X09_B0_0010_M_SVR_0060,542,542,542,543,สวาร็อค,npc,male,svarog,,ถูกต้อง พวกเราจะได้ออกโรงกันสักที,,,BLOCKED_PENDING_REFERENCE_AUDIO,,triangle-strategy
512,MS07_X09_BATTLE_01_AFTER_M_BND_0020.wav,MS07_X09_BATTLE_01_AFTER_M_BND_0020,543,543,543,544,เบเนดิกต์,main,male,benedict,assets/triangle-strategy/approved_voice_references/benedict.wav,นายท่าน...,,,PENDING_MANUAL_GENERATION,,triangle-strategy
513,MS07_X09_BATTLE_01_AFTER_M_ELA_0010.wav,MS07_X09_BATTLE_01_AFTER_M_ELA_0010,544,544,544,545,เอราดอร์,main,male,erador,assets/triangle-strategy/approved_voice_references/erador.wav,..มันจบแล้ว ชนะสักที,,,PENDING_MANUAL_GENERATION,,triangle-strategy
514,MS07_X09_BATTLE_01_AFTER_M_SEL_0010.wav,MS07_X09_BATTLE_01_AFTER_M_SEL_0010,545,545,545,546,เซเรโนอา,main,male,serenoa,assets/triangle-strategy/approved_voice_references/serenoa.wav,ชนะอะไรล่ะ? แลนดรอยวางเพลิงจนมอดไหม้ทุกอย่างแล้ว...,,,PENDING_MANUAL_GENERATION,,triangle-strategy
515,MS07_X09_BATTLE_01_AFTER_M_SEL_0020.wav,MS07_X09_BATTLE_01_AFTER_M_SEL_0020,546,546,546,547,เซเรโนอา,main,male,serenoa,assets/triangle-strategy/approved_voice_references/serenoa.wav,กลายเป็นขี้เถ้าทั้งเมืองเช่นนี้เรียกว่าชนะได้ด้วยเหรอ?,,,PENDING_MANUAL_GENERATION,,triangle-strategy
516,MS07_X09_BATTLE_01_BEFORE_F_FRE_0010.wav,MS07_X09_BATTLE_01_BEFORE_F_FRE_0010,547,547,547,548,เฟรเดอริก้า,main,female,frederica,assets/triangle-strategy/approved_voice_references/frederica.wav,ทำไมถึงมีขี้เถ้าปลิวมากับลมด้วยล่ะ?,,,PENDING_MANUAL_GENERATION,,triangle-strategy
517,MS07_X09_BATTLE_01_BEFORE_F_HEW_0010.wav,MS07_X09_BATTLE_01_BEFORE_F_HEW_0010,548,548,548,549,ฮิวเอทท์,main,female,hughette,assets/triangle-strategy/approved_voice_references/hughette.wav,พวกเขาจุดไฟลูกธนูแล้ว!,,,PENDING_MANUAL_GENERATION,,triangle-strategy
518,MS07_X09_BATTLE_01_BEFORE_F_YRA_0010.wav,MS07_X09_BATTLE_01_BEFORE_F_YRA_0010,549,549,549,550,จีล่า,main,female,geela,assets/triangle-strategy/approved_voice_references/geela.wav,ควันจากหมู่บ้าน! ไฟไหม้!,,,PENDING_MANUAL_GENERATION,,triangle-strategy
519,MS07_X09_BATTLE_01_BEFORE_M_BND_0020.wav,MS07_X09_BATTLE_01_BEFORE_M_BND_0020,550,550,550,551,เบเนดิกต์,main,male,benedict,assets/triangle-strategy/approved_voice_references/benedict.wav,...พวกเราถูกหลอกแล้ว กุสตาดอล์ฟต้องการให้เราสู้กันเองมาตั้งแต่ต้นสินะ บ้าจริง...,,,PENDING_MANUAL_GENERATION,,triangle-strategy
520,MS07_X09_BATTLE_01_BEFORE_M_BND_0030.wav,MS07_X09_BATTLE_01_BEFORE_M_BND_0030,551,551,551,552,เบเนดิกต์,main,male,benedict,assets/triangle-strategy/approved_voice_references/benedict.wav,นี่มันเรื่องอะไรเนี่ยแลนดรอย!? ท่านจะเผาบ้านเผาเมืองตัวเองทำไม!?,,,PENDING_MANUAL_GENERATION,,triangle-strategy
521,MS07_X09_BATTLE_01_BEFORE_M_ELA_0010.wav,MS07_X09_BATTLE_01_BEFORE_M_ELA_0010,552,552,552,553,เอราดอร์,main,male,erador,assets/triangle-strategy/approved_voice_references/erador.wav,เขาพร้อมง้างธนูใส่เราแล้ว! ไม่คิดจะต้อนรับกันเลยเหรอ!?,,,PENDING_MANUAL_GENERATION,,triangle-strategy
522,MS07_X09_BATTLE_01_BEFORE_M_ELA_0015.wav,MS07_X09_BATTLE_01_BEFORE_M_ELA_0015,553,553,553,554,เอราดอร์,main,male,erador,assets/triangle-strategy/approved_voice_references/erador.wav,ท่านจะบ้าเหรอ!? พวกเราไม่รู้ด้วยซ้ำว่าเอสฟรอสต์วางแผนอะไรอยู่!,,,PENDING_MANUAL_GENERATION,,triangle-strategy
523,MS07_X09_BATTLE_01_BEFORE_M_LND_0010.wav,MS07_X09_BATTLE_01_BEFORE_M_LND_0010,554,554,554,555,แลนดรอย,npc,male,landroi,,พอกันทีกับแผนบ้าๆของพวกเจ้า ไอ้สุนัขลอบกัด!,,,BLOCKED_PENDING_REFERENCE_AUDIO,,triangle-strategy
524,MS07_X09_BATTLE_01_BEFORE_M_LND_0020.wav,MS07_X09_BATTLE_01_BEFORE_M_LND_0020,555,555,555,556,แลนดรอย,npc,male,landroi,,พวกเจ้าไม่ได้ต้องการเช่นนั้นหรอกเหรอ? อยากให้ข้าโอบกอดพวกเจ้าอย่างอบอุ่น...ระหว่างที่เอสฟรอสต์ลอบกัดข้า!,,,BLOCKED_PENDING_REFERENCE_AUDIO,,triangle-strategy
525,MS07_X09_BATTLE_01_BEFORE_M_LND_0030.wav,MS07_X09_BATTLE_01_BEFORE_M_LND_0030,556,556,556,557,แลนดรอย,npc,male,landroi,,ฮ่า! แผนทุเรศสมกับหนังหน้าของพวกละทิ้งองค์ชายเหลือเกิน!,,,BLOCKED_PENDING_REFERENCE_AUDIO,,triangle-strategy
526,MS07_X09_BATTLE_01_BEFORE_M_LND_0040.wav,MS07_X09_BATTLE_01_BEFORE_M_LND_0040,557,557,557,558,แลนดรอย,npc,male,landroi,,ตอแหลสิ้นดี! ข้าไม่อยากฟังคำพูดจากปากอสรพิษแล้ว!,,,BLOCKED_PENDING_REFERENCE_AUDIO,,triangle-strategy
527,MS07_X09_BATTLE_01_BEFORE_M_LND_0045.wav,MS07_X09_BATTLE_01_BEFORE_M_LND_0045,558,558,558,559,แลนดรอย,npc,male,landroi,,แล้วจะให้ข้าทำอะไรล่ะ!?,,,BLOCKED_PENDING_REFERENCE_AUDIO,,triangle-strategy
528,MS07_X09_BATTLE_01_BEFORE_M_LND_0050.wav,MS07_X09_BATTLE_01_BEFORE_M_LND_0050,559,559,559,560,แลนดรอย,npc,male,landroi,,ทิ้งบ้านเมืองให้เอสฟรอสต์ปล้นทรัพย์งั้นเหรอ!? สิ่งเดียวที่ข้าจะให้พวกมันเอากลับบ้านไป คือลูกธนูปักหน้าพวกมัน!,,,BLOCKED_PENDING_REFERENCE_AUDIO,,triangle-strategy
529,MS07_X09_BATTLE_01_BEFORE_M_LND_0060.wav,MS07_X09_BATTLE_01_BEFORE_M_LND_0060,560,560,560,561,แลนดรอย,npc,male,landroi,,"ไม่มีทางอื่นแล้วพ่อหนุ่ม การทรยศของเจ้าคือทางตัน
ฝ่าบาทขอรับ อีกเดี๋ยวเราจะได้พบกันแล้วนะ!",,,BLOCKED_PENDING_REFERENCE_AUDIO,,triangle-strategy
530,MS07_X09_BATTLE_01_BEFORE_M_SEL_0010.wav,MS07_X09_BATTLE_01_BEFORE_M_SEL_0010,561,561,561,562,เซเรโนอา,main,male,serenoa,assets/triangle-strategy/approved_voice_references/serenoa.wav,ลอร์ดแลนดรอย! อะไรของท่านเนี่ย!?,,,PENDING_MANUAL_GENERATION,,triangle-strategy
531,MS07_X09_BATTLE_01_BEFORE_M_SEL_0020.wav,MS07_X09_BATTLE_01_BEFORE_M_SEL_0020,562,562,562,563,เซเรโนอา,main,male,serenoa,assets/triangle-strategy/approved_voice_references/serenoa.wav,แลนดรอย อย่านะ! มันต้องมีทางอื่นสิ!,,,PENDING_MANUAL_GENERATION,,triangle-strategy
532,MS07_X09_BATTLE_01_BEFORE_M_SEL_0030.wav,MS07_X09_BATTLE_01_BEFORE_M_SEL_0030,563,563,563,564,เซเรโนอา,main,male,serenoa,assets/triangle-strategy/approved_voice_references/serenoa.wav,เขาทำให้เราไม่มีทางเลือกแล้ว! ชักดาบขึ้นมา!,,,PENDING_MANUAL_GENERATION,,triangle-strategy
533,MS07_X09_BATTLE_01_DRAMA_M_BND_0010.wav,MS07_X09_BATTLE_01_DRAMA_M_BND_0010,564,564,564,565,เบเนดิกต์,main,male,benedict,assets/triangle-strategy/approved_voice_references/benedict.wav,พวกเขามีตำแหน่งที่ได้เปรียบ ไฟที่แผดเผาจะทำให้เราหนีไม่ได้,,,PENDING_MANUAL_GENERATION,,triangle-strategy
534,MS07_X09_BATTLE_01_DRAMA_M_ELA_0010.wav,MS07_X09_BATTLE_01_DRAMA_M_ELA_0010,565,565,565,566,เอราดอร์,main,male,erador,assets/triangle-strategy/approved_voice_references/erador.wav,เพราะข้าเชื่อในการตัดสินใจของนายท่านยังไงล่ะ เสียดายที่ท่านไม่เข้าใจ,,,PENDING_MANUAL_GENERATION,,triangle-strategy
535,MS07_X09_BATTLE_01_DRAMA_M_LND_0010.wav,MS07_X09_BATTLE_01_DRAMA_M_LND_0010,566,566,566,567,แลนดรอย,npc,male,landroi,,เผาไอ้พวกระยำวูล์ฟฟอร์ตให้เกรียม! เอาให้ดินแดนพินาศไปเลย!,,,BLOCKED_PENDING_REFERENCE_AUDIO,,triangle-strategy
536,MS07_X09_BATTLE_01_DRAMA_M_LND_0020.wav,MS07_X09_BATTLE_01_DRAMA_M_LND_0020,567,567,567,568,แลนดรอย,npc,male,landroi,,มาสิวะ! ใจเสาะแบบพวกเจ้ามันมีดีขนาดไหนกันเชียว!,,,BLOCKED_PENDING_REFERENCE_AUDIO,,triangle-strategy
537,MS07_X09_BATTLE_01_DRAMA_M_LND_0030.wav,MS07_X09_BATTLE_01_DRAMA_M_LND_0030,568,568,568,569,แลนดรอย,npc,male,landroi,,สันติไม่ใช่ทางออกตั้งแต่ที่เจ้ายอมคุกเข่าให้ทรราชเอสฟรอสต์แล้ว,,,BLOCKED_PENDING_REFERENCE_AUDIO,,triangle-strategy
538,MS07_X09_BATTLE_01_DRAMA_M_LND_0040.wav,MS07_X09_BATTLE_01_DRAMA_M_LND_0040,569,569,569,570,แลนดรอย,npc,male,landroi,,มรดกของข้า...ใช่แล้วล่ะ ฝ่าบาทเร็กน่ามอบดินแดนนี้ให้ข้า ทั้งทุ่งนา สัตว์ป่า และผู้คน...อยู่ในการดูแลของข้าทั้งสิ้น,,,BLOCKED_PENDING_REFERENCE_AUDIO,,triangle-strategy
539,MS07_X09_BATTLE_01_DRAMA_M_LND_0050.wav,MS07_X09_BATTLE_01_DRAMA_M_LND_0050,570,570,570,571,แลนดรอย,npc,male,landroi,,ข้าไม่มีวันมอบของขวัญชิ้นนี้ให้เอสฟรอสต์หรอก! ข้าจะพิสูจน์ให้ฝ่าบาทเห็นว่าเขาวางใจถูกคนแล้ว!,,,BLOCKED_PENDING_REFERENCE_AUDIO,,triangle-strategy
540,MS07_X09_BATTLE_01_DRAMA_M_LND_0060.wav,MS07_X09_BATTLE_01_DRAMA_M_LND_0060,571,571,571,572,แลนดรอย,npc,male,landroi,,ก็ดีกว่าฆาตกรขี้ประจบอย่างเจ้าก็แล้วกัน!,,,BLOCKED_PENDING_REFERENCE_AUDIO,,triangle-strategy
541,MS07_X09_BATTLE_01_DRAMA_M_LND_0070.wav,MS07_X09_BATTLE_01_DRAMA_M_LND_0070,572,572,572,573,แลนดรอย,npc,male,landroi,,ข้าไม่ยอมให้ชื่อฝ่าบาทต้องแปดเปื้อนด้วยถ้อยคำจากกบฎอย่างเจ้าหรอก! ตระกูลฟ็อลคส์จะไม่ยอมเสียเกียรติให้กับสุนัขรับใช้ของเอสฟรอสต์!,,,BLOCKED_PENDING_REFERENCE_AUDIO,,triangle-strategy
542,MS07_X09_BATTLE_01_DRAMA_M_LND_0080.wav,MS07_X09_BATTLE_01_DRAMA_M_LND_0080,573,573,573,574,แลนดรอย,npc,male,landroi,,เจ้าก็อีกคน เอราดอร์! นึกว่าจะเป็นทหารโดยแท้เสียอีก! นี่เจ้าปล่อยให้เรื่องอัปยศเช่นนี้เกิดขึ้นได้ยังไง!?,,,BLOCKED_PENDING_REFERENCE_AUDIO,,triangle-strategy
543,MS07_X09_BATTLE_01_DRAMA_M_LND_0090.wav,MS07_X09_BATTLE_01_DRAMA_M_LND_0090,574,574,574,575,แลนดรอย,npc,male,landroi,,หนอย... ฝ่าบาท... โปรดรู้ไว้ว่าข้าได้รับใช้ท่าน... ตราบจนสิ้นลม...,,,BLOCKED_PENDING_REFERENCE_AUDIO,,triangle-strategy
544,MS07_X09_BATTLE_01_DRAMA_M_LND_0100.wav,MS07_X09_BATTLE_01_DRAMA_M_LND_0100,575,575,575,576,แลนดรอย,npc,male,landroi,,...ข้าเข้าใจถึงความสิ้นหวังของพวกเจ้าแล้ว วูล์ฟฟอร์ต เจ้ามีทางเลือกอื่นด้วยเหรอ...?,,,BLOCKED_PENDING_REFERENCE_AUDIO,,triangle-strategy
545,MS07_X09_BATTLE_01_DRAMA_M_LND_0110.wav,MS07_X09_BATTLE_01_DRAMA_M_LND_0110,576,576,576,577,แลนดรอย,npc,male,landroi,,...ไม่สิ นี่ไม่ใช่เวลามาตั้งคำถามแล้ว พวกเจ้าต้องชดใช้การทรยศด้วยเลือด,,,BLOCKED_PENDING_REFERENCE_AUDIO,,triangle-strategy
546,MS07_X09_BATTLE_01_DRAMA_M_LND_0120.wav,MS07_X09_BATTLE_01_DRAMA_M_LND_0120,577,577,577,578,แลนดรอย,npc,male,landroi,,ไปตายซะ...จงมอดไหม้พร้อมกับทุ่งนี้ซะให้หมด!,,,BLOCKED_PENDING_REFERENCE_AUDIO,,triangle-strategy
547,MS07_X09_BATTLE_01_DRAMA_M_MS07X09B01M03_0010.wav,MS07_X09_BATTLE_01_DRAMA_M_MS07X09B01M03_0010,579,579,579,580,ทหารฟอล์กส์,generic,male,MALE_ADULT_A,assets/triangle-strategy/approved_voice_references/MALE_ADULT_A.wav,ขอรับ นายท่าน!,,,PENDING_MANUAL_GENERATION,,triangle-strategy
548,MS07_X09_BATTLE_01_DRAMA_M_SEL_0010.wav,MS07_X09_BATTLE_01_DRAMA_M_SEL_0010,580,580,580,581,เซเรโนอา,main,male,serenoa,assets/triangle-strategy/approved_voice_references/serenoa.wav,เขาจะเปลี่ยนให้ที่นี่กลายเป็นนรกบนดิน... พวกเรามองไม่เห็นอะไรในสมรภูมิแน่,,,PENDING_MANUAL_GENERATION,,triangle-strategy
549,MS07_X09_BATTLE_01_DRAMA_M_SEL_0020.wav,MS07_X09_BATTLE_01_DRAMA_M_SEL_0020,581,581,581,582,เซเรโนอา,main,male,serenoa,assets/triangle-strategy/approved_voice_references/serenoa.wav,ลอร์ดแลนดรอย ท่านช่วยฟังเหตุผลก่อนเถอะ! พวกเรายังสร้างสันติกันได้นะขอรับ!,,,PENDING_MANUAL_GENERATION,,triangle-strategy
550,MS07_X09_BATTLE_01_DRAMA_M_SEL_0030.wav,MS07_X09_BATTLE_01_DRAMA_M_SEL_0030,582,582,582,583,เซเรโนอา,main,male,serenoa,assets/triangle-strategy/approved_voice_references/serenoa.wav,ขืนท่านเป็นแบบนี้ มีหวังพวกเราได้ตายเป็นเถ้าธุลีกันหมดแน่!,,,PENDING_MANUAL_GENERATION,,triangle-strategy
551,MS07_X09_BATTLE_01_DRAMA_M_SEL_0040.wav,MS07_X09_BATTLE_01_DRAMA_M_SEL_0040,583,583,583,584,เซเรโนอา,main,male,serenoa,assets/triangle-strategy/approved_voice_references/serenoa.wav,เป็นอะไรของท่านเนี่ย แลนดรอย!? นี่คือมรดกที่ท่านต้องการจะทิ้งไว้งั้นเหรอ!?,,,PENDING_MANUAL_GENERATION,,triangle-strategy
552,MS07_X09_BATTLE_01_DRAMA_M_SEL_0050.wav,MS07_X09_BATTLE_01_DRAMA_M_SEL_0050,584,584,584,585,เซเรโนอา,main,male,serenoa,assets/triangle-strategy/approved_voice_references/serenoa.wav,ท่านเผาไร่นา ทำให้สัตว์ไม่มีที่อยู่อาศัย ทำให้ชาวบ้านไม่มีที่ซุกหัวนอน!,,,PENDING_MANUAL_GENERATION,,triangle-strategy
553,MS07_X09_BATTLE_01_DRAMA_M_SEL_0060.wav,MS07_X09_BATTLE_01_DRAMA_M_SEL_0060,585,585,585,586,เซเรโนอา,main,male,serenoa,assets/triangle-strategy/approved_voice_references/serenoa.wav,ทำแบบนี้มันให้เกียรติฝ่าบาทตรงไหนขอรับ!?,,,PENDING_MANUAL_GENERATION,,triangle-strategy
554,MS07_X09_BT910_010_N_NNN_0010.wav,MS07_X09_BT910_010_N_NNN_0010,586,586,586,587,Narrator,narrator,female,narrator,assets/triangle-strategy/approved_voice_references/narrator.wav,กุสตาดอล์ฟได้วางรากฐานแห่งการปกครองใหม่ของเขา บนตระกูลสูงส่งแห่งเกลนบรู๊คที่ล่มสลาย,,,PENDING_MANUAL_GENERATION,,triangle-strategy
555,MS07_X09_BT910_010_N_NNN_0020.wav,MS07_X09_BT910_010_N_NNN_0020,587,587,587,588,Narrator,narrator,female,narrator,assets/triangle-strategy/approved_voice_references/narrator.wav,หลังจากชัยชนะที่ขื่นขม เหล่าวูล์ฟฟอร์ตทำได้เพียงรอบททดสอบต่อไป ด้วยใจอันแสนระทม,,,PENDING_MANUAL_GENERATION,,triangle-strategy
556,MS07_X09_C0_0010_M_BKR_0010.wav,MS07_X09_C0_0010_M_BKR_0010,588,588,588,589,บุ๊กเกอร์,npc,male,booker,,เหมือนจะเป็นเช่นนั้นขอรับ พวกเขาขอให้เราส่งอาวุธและเสบียงไปสนับสนุนในศึกครั้งถัดไป,,,BLOCKED_PENDING_REFERENCE_AUDIO,,triangle-strategy
557,MS07_X09_C0_0010_M_BKR_0020.wav,MS07_X09_C0_0010_M_BKR_0020,589,589,589,590,บุ๊กเกอร์,npc,male,booker,,ได้ขอรับ,,,BLOCKED_PENDING_REFERENCE_AUDIO,,triangle-strategy
558,MS07_X09_C0_0010_M_BKR_0030.wav,MS07_X09_C0_0010_M_BKR_0030,590,590,590,591,บุ๊กเกอร์,npc,male,booker,,...และมันจะเป็นเช่นนั้นขอรับ,,,BLOCKED_PENDING_REFERENCE_AUDIO,,triangle-strategy
559,MS07_X09_C0_0010_M_SLS_0010.wav,MS07_X09_C0_0010_M_SLS_0010,591,591,591,592,ซอสเลย์,npc,male,sorsley,assets/triangle-strategy/approved_voice_references/sorsley.wav,...โฮ่ วูล์ฟฟอร์ตถูกสั่งให้ไปเก็บตระกูลฟ็อลคส์งั้นเหรอ?,,,PENDING_MANUAL_GENERATION,,triangle-strategy
560,MS07_X09_C0_0010_M_SLS_0020.wav,MS07_X09_C0_0010_M_SLS_0020,592,592,592,593,ซอสเลย์,npc,male,sorsley,assets/triangle-strategy/approved_voice_references/sorsley.wav,แน่นอนว่าเราจะปฏิเสธ ข้าฝากเจ้าไปเจรจากับพวกเขาด้วยเหตุผลที่น่าฟังหน่อยนะ,,,PENDING_MANUAL_GENERATION,,triangle-strategy
561,MS07_X09_C0_0010_M_SLS_0030.wav,MS07_X09_C0_0010_M_SLS_0030,593,593,593,594,ซอสเลย์,npc,male,sorsley,assets/triangle-strategy/approved_voice_references/sorsley.wav,ข้าคิดว่าปัญหาเล็กๆระหว่างเพื่อนร่วมชาติ จะส่งผลประโยชน์ต่อเรา...,,,PENDING_MANUAL_GENERATION,,triangle-strategy
562,MS07_X09_C0_0010_M_SLS_0040.wav,MS07_X09_C0_0010_M_SLS_0040,594,594,594,595,ซอสเลย์,npc,male,sorsley,assets/triangle-strategy/approved_voice_references/sorsley.wav,ส่วนแลนดรอยก็เตรียมสู้จนตัวตาย...,,,PENDING_MANUAL_GENERATION,,triangle-strategy
563,MS07_X09_C0_0010_M_SLS_0050.wav,MS07_X09_C0_0010_M_SLS_0050,595,595,595,596,ซอสเลย์,npc,male,sorsley,assets/triangle-strategy/approved_voice_references/sorsley.wav,วันของเราใกล้มาถึงแล้ว บุ๊กเกอร์ พวกเราต้องเตรียมตัวให้พร้อมสำหรับวันนั้น,,,PENDING_MANUAL_GENERATION,,triangle-strategy
564,MS07_X09_RESEARCH_01_AFTER_M_LND_0010.wav,MS07_X09_RESEARCH_01_AFTER_M_LND_0010,596,596,596,597,แลนดรอย,npc,male,landroi,,เอสฟรอสต์เหรอ!? นี่มันเรื่องบ้าอะไรกัน!?,,,BLOCKED_PENDING_REFERENCE_AUDIO,,triangle-strategy
565,MS07_X09_RESEARCH_01_AFTER_M_LND_0020.wav,MS07_X09_RESEARCH_01_AFTER_M_LND_0020,597,597,597,598,แลนดรอย,npc,male,landroi,,ยังไม่ทันไร สุนัขวูล์ฟฟอร์ตก็ได้วิชาสกปรกมาจากนายคนใหม่ของมันแล้วเหรอ?,,,BLOCKED_PENDING_REFERENCE_AUDIO,,triangle-strategy
566,MS07_X09_RESEARCH_01_AFTER_M_LND_0030.wav,MS07_X09_RESEARCH_01_AFTER_M_LND_0030,598,598,598,599,แลนดรอย,npc,male,landroi,,แยกทัพออกเป็นสองส่วน ทัพแรกส่งไปที่ชายแดน ส่วนอีกทัพก็ส่งไปเจอกับวูล์ฟฟอร์ตในทุ่งนา ข้าจะนำไปเอง,,,BLOCKED_PENDING_REFERENCE_AUDIO,,triangle-strategy
567,MS07_X09_RESEARCH_01_AFTER_M_LND_0040.wav,MS07_X09_RESEARCH_01_AFTER_M_LND_0040,599,599,599,600,แลนดรอย,npc,male,landroi,,พวกเราจะคุ้มกันของขวัญจากฝ่าบาทเร็กน่าจนตัวตาย!,,,BLOCKED_PENDING_REFERENCE_AUDIO,,triangle-strategy
568,MS07_X09_RESEARCH_01_AFTER_M_LND_0050.wav,MS07_X09_RESEARCH_01_AFTER_M_LND_0050,600,600,600,601,แลนดรอย,npc,male,landroi,,ประวัติศาสตร์จะได้จารึกว่า ตระกูลฟ็อลคส์ไม่ยอมก้มหัวให้ใคร!,,,BLOCKED_PENDING_REFERENCE_AUDIO,,triangle-strategy
569,MS07_X09_RESEARCH_01_AFTER_M_M144_0010.wav,MS07_X09_RESEARCH_01_AFTER_M_M144_0010,601,601,601,602,ผู้ส่งสารฟอล์กส์,generic,male,MALE_ADULT_B,assets/triangle-strategy/approved_voice_references/MALE_ADULT_B.wav,เอสฟรอสต์กำลังรวมพลที่ชายแดน! พวกมันเตรียมบุกแล้วขอรับ!,,,PENDING_MANUAL_GENERATION,,triangle-strategy
570,MS07_X09_RESEARCH_01_AFTER_M_M144_0020.wav,MS07_X09_RESEARCH_01_AFTER_M_M144_0020,602,602,602,603,ผู้ส่งสารฟอล์กส์,generic,male,MALE_ADULT_B,assets/triangle-strategy/approved_voice_references/MALE_ADULT_B.wav,ระหว่างที่พวกเรากำลังเตรียมการเจรจา พวกมันก็ค่อยๆเคลื่อนทัพหาเราโดยไม่ทันตั้งตัวขอรับ,,,PENDING_MANUAL_GENERATION,,triangle-strategy
571,MS07_X09_RESEARCH_01_AFTER_M_M144_0030.wav,MS07_X09_RESEARCH_01_AFTER_M_M144_0030,603,603,603,604,ผู้ส่งสารฟอล์กส์,generic,male,MALE_ADULT_B,assets/triangle-strategy/approved_voice_references/MALE_ADULT_B.wav,ทำยังไงดีล่ะ นายท่าน!?,,,PENDING_MANUAL_GENERATION,,triangle-strategy
572,MS07_X09_RESEARCH_01_AFTER_M_M144_0040.wav,MS07_X09_RESEARCH_01_AFTER_M_M144_0040,604,604,604,605,ผู้ส่งสารฟอล์กส์,generic,male,MALE_ADULT_B,assets/triangle-strategy/approved_voice_references/MALE_ADULT_B.wav,พวกเรารอคำสั่งของท่านอยู่ขอรับ!,,,PENDING_MANUAL_GENERATION,,triangle-strategy
573,MS07_X09_RESEARCH_01_AFTER_M_M144_0050.wav,MS07_X09_RESEARCH_01_AFTER_M_M144_0050,605,605,605,606,ผู้ส่งสารฟอล์กส์,generic,male,MALE_ADULT_B,assets/triangle-strategy/approved_voice_references/MALE_ADULT_B.wav,ขอรับ นายท่าน!,,,PENDING_MANUAL_GENERATION,,triangle-strategy
574,MS07_X09_RESEARCH_01_BEFORE_F_HEW_0010.wav,MS07_X09_RESEARCH_01_BEFORE_F_HEW_0010,606,606,606,607,ฮิวเอทท์,main,female,hughette,assets/triangle-strategy/approved_voice_references/hughette.wav,แคว้นฟ็อลคส์คือเพชรเม็ดงามแห่งเกลนบรู๊คจริงๆ,,,PENDING_MANUAL_GENERATION,,triangle-strategy
575,MS07_X09_RESEARCH_01_BEFORE_M_BND_0010.wav,MS07_X09_RESEARCH_01_BEFORE_M_BND_0010,607,607,607,608,เบเนดิกต์,main,male,benedict,assets/triangle-strategy/approved_voice_references/benedict.wav,ใช่ขอรับ นายท่าน,,,PENDING_MANUAL_GENERATION,,triangle-strategy
576,MS07_X09_RESEARCH_01_BEFORE_M_BND_0020.wav,MS07_X09_RESEARCH_01_BEFORE_M_BND_0020,608,608,608,609,เบเนดิกต์,main,male,benedict,assets/triangle-strategy/approved_voice_references/benedict.wav,แต่หากไม่ได้พูดคุยซึ่งๆหน้า เขาคงไม่ยอมฟังเราแน่,,,PENDING_MANUAL_GENERATION,,triangle-strategy
577,MS07_X09_RESEARCH_01_BEFORE_M_ELA_0010.wav,MS07_X09_RESEARCH_01_BEFORE_M_ELA_0010,609,609,609,610,เอราดอร์,main,male,erador,assets/triangle-strategy/approved_voice_references/erador.wav,อืม แลนดรอยไม่มีวันยกที่ดินนี้ให้ใครง่ายๆหรอก แม้จะเกิดสงครามก็ตาม,,,PENDING_MANUAL_GENERATION,,triangle-strategy
578,MS07_X09_RESEARCH_01_BEFORE_M_SEL_0010.wav,MS07_X09_RESEARCH_01_BEFORE_M_SEL_0010,610,610,610,611,เซเรโนอา,main,male,serenoa,assets/triangle-strategy/approved_voice_references/serenoa.wav,นั่นแหละคือเหตุผลที่เราจะไม่แบ่งดินแดนให้พวกมัน พวกเราต้องเจรจาให้ได้ผลประโยชน์ต่อทุกฝ่าย โดยเฉพาะลอร์ดแลนดรอยคนแรกก่อนเลย,,,PENDING_MANUAL_GENERATION,,triangle-strategy
579,MS07_X09_RESEARCH_01_BEFORE_M_SEL_0020.wav,MS07_X09_RESEARCH_01_BEFORE_M_SEL_0020,611,611,611,612,เซเรโนอา,main,male,serenoa,assets/triangle-strategy/approved_voice_references/serenoa.wav,เขาเป็นคนมีเหตุผลใช่ไหม?,,,PENDING_MANUAL_GENERATION,,triangle-strategy
580,MS07_X09_WD_0010_N_NNN_0010.wav,MS07_X09_WD_0010_N_NNN_0010,612,612,612,613,Narrator,narrator,female,narrator,assets/triangle-strategy/approved_voice_references/narrator.wav,เพื่อเลี่ยงความพิโรธแห่งราชรัฐ ตระกูลวูล์ฟฟอร์ตจึงมอบองค์ชายโรแลนด์ของพวกเขา ตามคำสั่งของกุสตาดอล์ฟ,,,PENDING_MANUAL_GENERATION,,triangle-strategy
581,MS07_X09_WD_0010_N_NNN_0020.wav,MS07_X09_WD_0010_N_NNN_0020,613,613,613,614,Narrator,narrator,female,narrator,assets/triangle-strategy/approved_voice_references/narrator.wav,ส่วนตระกูลเทลลิออร์ ยอมมอบดินแดนเพื่อซื้อชีวิตของทุกคน และลอร์ดซิลวิโอ้ยอมก้มหัวอุทิศชีวิตของตนต่อเอสฟรอสต์ ผู้เป็นนายคนใหม่ของเขา,,,PENDING_MANUAL_GENERATION,,triangle-strategy
582,MS07_X09_WD_0010_N_NNN_0030.wav,MS07_X09_WD_0010_N_NNN_0030,614,614,614,615,Narrator,narrator,female,narrator,assets/triangle-strategy/approved_voice_references/narrator.wav,ตระกูลฟ็อลคส์ผู้ซื่อสัตย์ต่อราชวงศ์นั้นไม่เสียสละสิ่งใดให้เลย การยอมจำนนของสหายร่วมชาติทำให้ลอร์ดแลนดรอยตกใจไม่น้อย เขาจึงเหลือเพียงทางเลือกอันแสนโหดร้ายเท่านั้น,,,PENDING_MANUAL_GENERATION,,triangle-strategy
583,MS07_X09_WD_0020_N_NNN_0010.wav,MS07_X09_WD_0020_N_NNN_0010,615,615,615,616,Narrator,narrator,female,narrator,assets/triangle-strategy/approved_voice_references/narrator.wav,ในวันนั้น องค์ชายโรแลนด์ออกคำสั่งทำลายตระกูลฟ็อลคส์ให้สิ้นซาก,,,PENDING_MANUAL_GENERATION,,triangle-strategy
584,MS07_X09_WD_0020_N_NNN_0020.wav,MS07_X09_WD_0020_N_NNN_0020,616,616,616,617,Narrator,narrator,female,narrator,assets/triangle-strategy/approved_voice_references/narrator.wav,...คำสั่งอันน่าขนลุก ซึ่งทำลายหนึ่งในตระกูลสูงส่งแห่งเกลนบรู๊คจนราบเป็นหน้ากลอง,,,PENDING_MANUAL_GENERATION,,triangle-strategy
585,MS07_X09_WD_0020_N_NNN_0030.wav,MS07_X09_WD_0020_N_NNN_0030,617,617,617,618,Narrator,narrator,female,narrator,assets/triangle-strategy/approved_voice_references/narrator.wav,แม้ว่าจะมันจะถูกเขียนขึ้นมาด้วยน้ำมือขององค์ชาย แท้จริงแล้วมันไม่ใช่คำสั่งของเขา แต่กลับเป็นฝีมือของอาร์ชดยุกผู้กดดันตั้งแต่เริ่มเขียนจนน้ำหมึกเหือดแห้ง,,,PENDING_MANUAL_GENERATION,,triangle-strategy
586,MS07_X09_WD_0020_N_NNN_0040.wav,MS07_X09_WD_0020_N_NNN_0040,618,618,618,619,Narrator,narrator,female,narrator,assets/triangle-strategy/approved_voice_references/narrator.wav,"ตระกูลวูล์ฟฟอร์ตคือผู้รับคำสั่งให้ถอนรากถอนโคนอดีตสหายร่วมชาติ
พวกเขาเดินทัพด้วยใจอันแสนระทม",,,PENDING_MANUAL_GENERATION,,triangle-strategy
587,MS07_X09_WD_0020_N_NNN_0050.wav,MS07_X09_WD_0020_N_NNN_0050,619,619,619,620,Narrator,narrator,female,narrator,assets/triangle-strategy/approved_voice_references/narrator.wav,"เซเรโนอาหวังลึกๆว่าตัวเองสามารถหยุดการนองเลือดในครั้งนี้ได้
ความหวังที่จะโน้มน้าวให้ลอร์ดแลนดรอยเข้าใจเหตุผล
ความหวังที่จะกอบกู้สันติภาพกลับมาสู่ดินแดนนี้อีกครั้ง",,,PENDING_MANUAL_GENERATION,,triangle-strategy
