line_no,file_name,self_id,cue,sequence,waveform,awb_stream,character_name,role,gender,voice_target,reference_audio,thai_text,pronunciation_note,prosody_note,status,tts_text,voice_project
1,MS11_F01_A1_0010_F_ANA_0010.wav,MS11_F01_A1_0010_F_ANA_0010,0,0,0,1,Anna,main,female,anna,assets/triangle-strategy/approved_voice_references/anna.wav,รายงานเจ้าค่ะ ไฮแซนต์กำลังเคลื่อนทัพใกล้เข้ามาแล้ว,,,PENDING_MANUAL_GENERATION,,triangle-strategy
2,MS11_F01_A1_0010_F_FRE_0010.wav,MS11_F01_A1_0010_F_FRE_0010,1,1,1,2,Frederica,main,female,frederica,assets/triangle-strategy/approved_voice_references/frederica.wav,แม่ของข้าเหรอเจ้าคะ!?,,,PENDING_MANUAL_GENERATION,,triangle-strategy
3,MS11_F01_A1_0010_F_FRE_0020.wav,MS11_F01_A1_0010_F_FRE_0020,2,2,2,3,Frederica,main,female,frederica,assets/triangle-strategy/approved_voice_references/frederica.wav,ขออภัยจริงๆ แต่ข้าเองก็เพิ่งได้ยินเป็นครั้งแรกเช่นกัน...,,,PENDING_MANUAL_GENERATION,,triangle-strategy
4,MS11_F01_A1_0010_F_FRE_0030.wav,MS11_F01_A1_0010_F_FRE_0030,3,3,3,4,Frederica,main,female,frederica,assets/triangle-strategy/approved_voice_references/frederica.wav,หากชาวไฮแซนต์รู้เข้าว่าหลักคำสอนที่พวกเขาเทิดทูนนั้นเป็นแค่เรื่องงมงาย อาณาจักรคงสั่นคลอนเป็นแน่,,,PENDING_MANUAL_GENERATION,,triangle-strategy
5,MS11_F01_A1_0010_M_BND_0010.wav,MS11_F01_A1_0010_M_BND_0010,4,4,4,5,Benedict,main,male,benedict,assets/triangle-strategy/approved_voice_references/benedict.wav,ตายจริง... รสชาติเหมือนเกลือเลย! ไม่สิ นี่มันเกลือชัดๆ!,,,PENDING_MANUAL_GENERATION,,triangle-strategy
6,MS11_F01_A1_0010_M_BND_0020.wav,MS11_F01_A1_0010_M_BND_0020,5,5,5,6,Benedict,main,male,benedict,assets/triangle-strategy/approved_voice_references/benedict.wav,แล้วท่านหญิงเฟรเดอริก้าล่ะ? ท่านพอจะรู้อะไรบ้างไหมขอรับ?,,,PENDING_MANUAL_GENERATION,,triangle-strategy
7,MS11_F01_A1_0010_M_BND_0030.wav,MS11_F01_A1_0010_M_BND_0030,6,6,6,7,Benedict,main,male,benedict,assets/triangle-strategy/approved_voice_references/benedict.wav,แม่ของท่านเคยพูดถึงคริสตัลเหล่านี้บ้างหรือเปล่า? มันสำคัญมากเลยนะขอรับ!,,,PENDING_MANUAL_GENERATION,,triangle-strategy
8,MS11_F01_A1_0010_M_BND_0040.wav,MS11_F01_A1_0010_M_BND_0040,7,7,7,8,Benedict,main,male,benedict,assets/triangle-strategy/approved_voice_references/benedict.wav,ให้ใจเย็นเนี่ยนะ!? การมีอยู่ของคริสตัลนี้มันเปลี่ยนแปลงระบบกฎเกณฑ์ทั้งหมดจนสิ้น!,,,PENDING_MANUAL_GENERATION,,triangle-strategy
9,MS11_F01_A1_0010_M_BND_0050.wav,MS11_F01_A1_0010_M_BND_0050,8,8,8,9,Benedict,main,male,benedict,assets/triangle-strategy/approved_voice_references/benedict.wav,ไม่สงสัยหน่อยเหรอว่าทำไมพวกไฮแซนต์ต้องกดขี่ชาวโรเซลล์ และกักขังพวกเขาไว้ในนาเกลือ...,,,PENDING_MANUAL_GENERATION,,triangle-strategy
10,MS11_F01_A1_0010_M_BND_0060.wav,MS11_F01_A1_0010_M_BND_0060,9,9,9,10,Benedict,main,male,benedict,assets/triangle-strategy/approved_voice_references/benedict.wav,"นี่ไง ""คำตอบ"" ของเจ้า",,,PENDING_MANUAL_GENERATION,,triangle-strategy
11,MS11_F01_A1_0010_M_BND_0070.wav,MS11_F01_A1_0010_M_BND_0070,10,10,10,11,Benedict,main,male,benedict,assets/triangle-strategy/approved_voice_references/benedict.wav,ไม่ใช่แค่นั้นขอรับ ผู้ใดก็ตามที่พบสถานที่นั้น...,,,PENDING_MANUAL_GENERATION,,triangle-strategy
12,MS11_F01_A1_0010_M_BND_0080.wav,MS11_F01_A1_0010_M_BND_0080,11,11,11,12,Benedict,main,male,benedict,assets/triangle-strategy/approved_voice_references/benedict.wav,...จะมีอำนาจเหนือนอร์เซเลียทั้งทวีป,,,PENDING_MANUAL_GENERATION,,triangle-strategy
13,MS11_F01_A1_0010_M_BND_0090.wav,MS11_F01_A1_0010_M_BND_0090,12,12,12,13,Benedict,main,male,benedict,assets/triangle-strategy/approved_voice_references/benedict.wav,เกลือคือสิ่งศักดิ์สิทธิ์ เป็นของขวัญที่เทพธิดาทรงมอบให้แก่ผู้ศรัทธาอย่างแท้จริง,,,PENDING_MANUAL_GENERATION,,triangle-strategy
14,MS11_F01_A1_0010_M_BND_0100.wav,MS11_F01_A1_0010_M_BND_0100,13,13,13,14,Benedict,main,male,benedict,assets/triangle-strategy/approved_voice_references/benedict.wav,นั่นคือรากฐานความเชื่อของไฮแซนต์ ซึ่งส่งเสริมแนวคิดการผูกขาดเกลือให้เป็นเรื่องที่ถูกต้องมาโดยตลอด,,,PENDING_MANUAL_GENERATION,,triangle-strategy
15,MS11_F01_A1_0010_M_BND_0110.wav,MS11_F01_A1_0010_M_BND_0110,14,14,14,15,Benedict,main,male,benedict,assets/triangle-strategy/approved_voice_references/benedict.wav,เราจะทำลายหลักคำสอนจอมปลอมด้วยคริสตัลนี้,,,PENDING_MANUAL_GENERATION,,triangle-strategy
16,MS11_F01_A1_0010_M_BND_0120.wav,MS11_F01_A1_0010_M_BND_0120,15,15,15,16,Benedict,main,male,benedict,assets/triangle-strategy/approved_voice_references/benedict.wav,ลอร์ดเซเรโนอา ข้าขออนุญาตไปเจรจากับพวกเขาเองขอรับ,,,PENDING_MANUAL_GENERATION,,triangle-strategy
17,MS11_F01_A1_0010_M_ELA_0010.wav,MS11_F01_A1_0010_M_ELA_0010,16,16,16,17,Erador,main,male,erador,assets/triangle-strategy/approved_voice_references/erador.wav,ใจเย็นๆ สิเบเนดิกต์ ท่านหญิงเสียขวัญหมดแล้ว!,,,PENDING_MANUAL_GENERATION,,triangle-strategy
18,MS11_F01_A1_0010_M_ELD_0010.wav,MS11_F01_A1_0010_M_ELD_0010,17,17,17,18,ผู้อาวุโสชาวโรเซลล์,generic,male,MALE_OLD_A,assets/triangle-strategy/approved_voice_references/MALE_OLD_A.wav,ลองชิมดูเดี๋ยวท่านก็รู้,,,PENDING_MANUAL_GENERATION,,triangle-strategy
19,MS11_F01_A1_0010_M_ELD_0020.wav,MS11_F01_A1_0010_M_ELD_0020,18,18,18,19,ผู้อาวุโสชาวโรเซลล์,generic,male,MALE_OLD_A,assets/triangle-strategy/approved_voice_references/MALE_OLD_A.wav,ใช่แล้วล่ะ ถ้าจะให้เล่าก็คงยาว,,,PENDING_MANUAL_GENERATION,,triangle-strategy
20,MS11_F01_A1_0010_M_ELD_0030.wav,MS11_F01_A1_0010_M_ELD_0030,19,19,19,20,ผู้อาวุโสชาวโรเซลล์,generic,male,MALE_OLD_A,assets/triangle-strategy/approved_voice_references/MALE_OLD_A.wav,คริสตัลเบื้องหน้าพวกท่านนั้น... ท่านหญิงออลายาเป็นผู้นำมันมาที่นี่,,,PENDING_MANUAL_GENERATION,,triangle-strategy
21,MS11_F01_A1_0010_M_ELD_0040.wav,MS11_F01_A1_0010_M_ELD_0040,20,20,20,21,ผู้อาวุโสชาวโรเซลล์,generic,male,MALE_OLD_A,assets/triangle-strategy/approved_voice_references/MALE_OLD_A.wav,ใช่แล้วล่ะ แต่เราต้องจัดการต้นตอปัญหาก่อนที่มันจะบานปลายมากกว่านี้,,,PENDING_MANUAL_GENERATION,,triangle-strategy
22,MS11_F01_A1_0010_M_ELD_0050.wav,MS11_F01_A1_0010_M_ELD_0050,21,21,21,22,ผู้อาวุโสชาวโรเซลล์,generic,male,MALE_OLD_A,assets/triangle-strategy/approved_voice_references/MALE_OLD_A.wav,มันคือการตัดสินใจของเรา,,,PENDING_MANUAL_GENERATION,,triangle-strategy
23,MS11_F01_A1_0010_M_ELD_0060.wav,MS11_F01_A1_0010_M_ELD_0060,22,22,22,23,ผู้อาวุโสชาวโรเซลล์,generic,male,MALE_OLD_A,assets/triangle-strategy/approved_voice_references/MALE_OLD_A.wav,มีอีกขอรับ ท่านหญิงออลายาเคยพูดถึงสถานที่แห่งหนึ่งในนอร์เซเลียซึ่งอุดมไปด้วยเกลือ,,,PENDING_MANUAL_GENERATION,,triangle-strategy
24,MS11_F01_A1_0010_M_ELD_0070.wav,MS11_F01_A1_0010_M_ELD_0070,23,23,23,24,ผู้อาวุโสชาวโรเซลล์,generic,male,MALE_OLD_A,assets/triangle-strategy/approved_voice_references/MALE_OLD_A.wav,เสียดายที่ข้าไม่ทราบเรื่องนั้น และมันคงสูญหายไปพร้อมกับท่านหญิงออลายา,,,PENDING_MANUAL_GENERATION,,triangle-strategy
25,MS11_F01_A1_0010_M_JRM_0010.wav,MS11_F01_A1_0010_M_JRM_0010,24,24,24,25,เจอร์รอม,npc,male,jerrom,,ท่านผู้อาวุโสรู้เรื่องนี้มาตลอดเลยเหรอขอรับ?,,,BLOCKED_PENDING_REFERENCE_AUDIO,,triangle-strategy
26,MS11_F01_A1_0010_M_RLN_0010.wav,MS11_F01_A1_0010_M_RLN_0010,25,25,25,26,Roland,main,male,roland,assets/triangle-strategy/approved_voice_references/roland.wav,ยังมีคริสตัลแบบนี้อีกไหมท่าน?,,,PENDING_MANUAL_GENERATION,,triangle-strategy
27,MS11_F01_A1_0010_M_RLN_0020.wav,MS11_F01_A1_0010_M_RLN_0020,26,26,26,27,Roland,main,male,roland,assets/triangle-strategy/approved_voice_references/roland.wav,มันมีอิทธิพลได้ขนาดนั้นเชียวเหรอเนี่ย?,,,PENDING_MANUAL_GENERATION,,triangle-strategy
28,MS11_F01_A1_0010_M_SEL_0010.wav,MS11_F01_A1_0010_M_SEL_0010,27,27,27,28,Serenoa,main,male,serenoa,assets/triangle-strategy/approved_voice_references/serenoa.wav,หินชมพูประหลาดนี่มันอะไรกัน?,,,PENDING_MANUAL_GENERATION,,triangle-strategy
29,MS11_F01_A1_0010_M_SEL_0020.wav,MS11_F01_A1_0010_M_SEL_0020,28,28,28,29,Serenoa,main,male,serenoa,assets/triangle-strategy/approved_voice_references/serenoa.wav,จริงเหรอเนี่ย? ก้อนเกลืองั้นเหรอท่าน?,,,PENDING_MANUAL_GENERATION,,triangle-strategy
30,MS11_F01_A1_0010_M_SEL_0030.wav,MS11_F01_A1_0010_M_SEL_0030,29,29,29,30,Serenoa,main,male,serenoa,assets/triangle-strategy/approved_voice_references/serenoa.wav,"แล้ว ""สถานที่แห่งนั้น"" คือที่ใดกันนะ?",,,PENDING_MANUAL_GENERATION,,triangle-strategy
31,MS11_F01_A1_0010_M_SEL_0040.wav,MS11_F01_A1_0010_M_SEL_0040,30,30,30,31,Serenoa,main,male,serenoa,assets/triangle-strategy/approved_voice_references/serenoa.wav,สรุปแล้วพวกเขาทำเพื่อปิดบังการมีอยู่ของสถานที่แห่งนั้นและผูกขาดเกลืองั้นเหรอ?,,,PENDING_MANUAL_GENERATION,,triangle-strategy
32,MS11_F01_A1_0010_M_SEL_0050.wav,MS11_F01_A1_0010_M_SEL_0050,31,31,31,32,Serenoa,main,male,serenoa,assets/triangle-strategy/approved_voice_references/serenoa.wav,พวกเรายังมีหวังอยู่,,,PENDING_MANUAL_GENERATION,,triangle-strategy
33,MS11_F01_A1_0010_M_SEL_0060.wav,MS11_F01_A1_0010_M_SEL_0060,32,32,32,33,Serenoa,main,male,serenoa,assets/triangle-strategy/approved_voice_references/serenoa.wav,ได้เลยเบเนดิกต์ เรื่องนี้ข้าฝากท่านด้วยนะ,,,PENDING_MANUAL_GENERATION,,triangle-strategy
34,MS11_F01_A1_0020_M_BND_0010.wav,MS11_F01_A1_0020_M_BND_0010,33,33,33,34,Benedict,main,male,benedict,assets/triangle-strategy/approved_voice_references/benedict.wav,เศษเสี้ยวของสิ่งนี้ที่เราพบในหมู่บ้าน,,,PENDING_MANUAL_GENERATION,,triangle-strategy
35,MS11_F01_A1_0020_M_BND_0020.wav,MS11_F01_A1_0020_M_BND_0020,34,34,34,35,Benedict,main,male,benedict,assets/triangle-strategy/approved_voice_references/benedict.wav,มันคือคริสตัลที่ทำจากเกลือทั้งหมดขอรับ,,,PENDING_MANUAL_GENERATION,,triangle-strategy
36,MS11_F01_A1_0020_M_BND_0030.wav,MS11_F01_A1_0020_M_BND_0030,35,35,35,36,Benedict,main,male,benedict,assets/triangle-strategy/approved_voice_references/benedict.wav,เหมือนว่ามันจะถูกส่งต่อให้ชาวโรเซลล์ ในจำนวนมากพอที่จะต่อกรกับนาเกลือได้,,,PENDING_MANUAL_GENERATION,,triangle-strategy
37,MS11_F01_A1_0020_M_BND_0040.wav,MS11_F01_A1_0020_M_BND_0040,36,36,36,37,Benedict,main,male,benedict,assets/triangle-strategy/approved_voice_references/benedict.wav,อาจจะดูเหลือเชื่อ แต่พวกเรามีหลักฐานขอรับ,,,PENDING_MANUAL_GENERATION,,triangle-strategy
38,MS11_F01_A1_0020_M_BND_0050.wav,MS11_F01_A1_0020_M_BND_0050,37,37,37,38,Benedict,main,male,benedict,assets/triangle-strategy/approved_voice_references/benedict.wav,นอกเหนือจากแดนศักดิ์สิทธิ์แห่งเทพธิดา บัดนี้ท่านก็คงทราบแล้วว่าเราสามารถพบแหล่งเกลือได้ที่อื่นอีก,,,PENDING_MANUAL_GENERATION,,triangle-strategy
39,MS11_F01_A1_0020_M_EGS_0010.wav,MS11_F01_A1_0020_M_EGS_0010,38,38,38,39,Exharme,npc,male,exharme,assets/triangle-strategy/approved_voice_references/exharme.wav,ลอร์ดเซเรโนอา โชคร้ายเหลือเกินที่เราต้องเจอกันในสถานการณ์เช่นนี้,,,PENDING_MANUAL_GENERATION,,triangle-strategy
40,MS11_F01_A1_0020_M_EGS_0020.wav,MS11_F01_A1_0020_M_EGS_0020,39,39,39,40,Exharme,npc,male,exharme,assets/triangle-strategy/approved_voice_references/exharme.wav,ในเมื่อท่านไม่ปฏิบัติตามคำสั่งของหัวหน้านักบวช ข้าจำเป็นต้องกำจัดท่าน,,,PENDING_MANUAL_GENERATION,,triangle-strategy
41,MS11_F01_A1_0020_M_EGS_0030.wav,MS11_F01_A1_0020_M_EGS_0030,40,40,40,41,Exharme,npc,male,exharme,assets/triangle-strategy/approved_voice_references/exharme.wav,พูดบ้าอะไรของเจ้าเนี่ย!?,,,PENDING_MANUAL_GENERATION,,triangle-strategy
42,MS11_F01_A1_0020_M_EGS_0040.wav,MS11_F01_A1_0020_M_EGS_0040,41,41,41,42,Exharme,npc,male,exharme,assets/triangle-strategy/approved_voice_references/exharme.wav,...นี่คือเกลือจริงด้วย แต่เป็นไปได้ยังไงกัน?,,,PENDING_MANUAL_GENERATION,,triangle-strategy
43,MS11_F01_A1_0020_M_EGS_0050.wav,MS11_F01_A1_0020_M_EGS_0050,42,42,42,43,Exharme,npc,male,exharme,assets/triangle-strategy/approved_voice_references/exharme.wav,ไม่อยากจะเชื่อ...,,,PENDING_MANUAL_GENERATION,,triangle-strategy
44,MS11_F01_A1_0020_M_EGS_0060.wav,MS11_F01_A1_0020_M_EGS_0060,43,43,43,44,Exharme,npc,male,exharme,assets/triangle-strategy/approved_voice_references/exharme.wav,ท่านต้องการอะไร?,,,PENDING_MANUAL_GENERATION,,triangle-strategy
45,MS11_F01_A1_0020_M_EGS_0070.wav,MS11_F01_A1_0020_M_EGS_0070,44,44,44,45,Exharme,npc,male,exharme,assets/triangle-strategy/approved_voice_references/exharme.wav,จะกำจัดคริสตัลและวูล์ฟฟอร์ตที่นี่คงเสียดายแย่...,,,PENDING_MANUAL_GENERATION,,triangle-strategy
46,MS11_F01_A1_0020_M_EGS_0080.wav,MS11_F01_A1_0020_M_EGS_0080,45,45,45,46,Exharme,npc,male,exharme,assets/triangle-strategy/approved_voice_references/exharme.wav,ก็ได้ ข้าจะให้ท่านเข้าพบหัวหน้านักบวช,,,PENDING_MANUAL_GENERATION,,triangle-strategy
47,MS11_F01_A1_0020_M_EGS_0090.wav,MS11_F01_A1_0020_M_EGS_0090,46,46,46,47,Exharme,npc,male,exharme,assets/triangle-strategy/approved_voice_references/exharme.wav,และข้ารับปากว่าหมู่บ้านแห่งนี้จะปลอดภัย,,,PENDING_MANUAL_GENERATION,,triangle-strategy
48,MS11_F01_A1_0020_M_EGS_0100.wav,MS11_F01_A1_0020_M_EGS_0100,47,47,47,48,Exharme,npc,male,exharme,assets/triangle-strategy/approved_voice_references/exharme.wav,ข้าอยากรู้จริงๆ ว่าหัวหน้านักบวชจะฉุนเฉียวเพียงใด,,,PENDING_MANUAL_GENERATION,,triangle-strategy
49,MS11_F01_A1_0020_M_SEL_0010.wav,MS11_F01_A1_0020_M_SEL_0010,48,48,48,49,Serenoa,main,male,serenoa,assets/triangle-strategy/approved_voice_references/serenoa.wav,ก่อนอื่นเลยท่านรัฐมนตรีเอกซ์เฮม มีบางสิ่งที่เราอยากให้ท่านได้เห็น,,,PENDING_MANUAL_GENERATION,,triangle-strategy
50,MS11_F01_A1_0020_M_SEL_0020.wav,MS11_F01_A1_0020_M_SEL_0020,49,49,49,50,Serenoa,main,male,serenoa,assets/triangle-strategy/approved_voice_references/serenoa.wav,พวกเราอยากเข้าพบหัวหน้านักบวช,,,PENDING_MANUAL_GENERATION,,triangle-strategy
51,MS11_F01_A1_0020_M_SEL_0030.wav,MS11_F01_A1_0020_M_SEL_0030,50,50,50,51,Serenoa,main,male,serenoa,assets/triangle-strategy/approved_voice_references/serenoa.wav,และช่วยคุ้มครองเรากับทุกคนในหมู่บ้านแห่งนี้ด้วย,,,PENDING_MANUAL_GENERATION,,triangle-strategy
52,MS11_F01_A1_0020_M_SEL_0040.wav,MS11_F01_A1_0020_M_SEL_0040,51,51,51,52,Serenoa,main,male,serenoa,assets/triangle-strategy/approved_voice_references/serenoa.wav,ขอบคุณขอรับ ท่านรัฐมนตรี,,,PENDING_MANUAL_GENERATION,,triangle-strategy
53,MS11_F01_A1_0030_F_FRE_0010.wav,MS11_F01_A1_0030_F_FRE_0010,52,52,52,53,Frederica,main,female,frederica,assets/triangle-strategy/approved_voice_references/frederica.wav,ของขวัญจากเทพธิดาของพวกเขา... หลักคำสอนของรัฐศักดิ์สิทธิ์มันแหกตา,,,PENDING_MANUAL_GENERATION,,triangle-strategy
54,MS11_F01_A1_0030_F_FRE_0020.wav,MS11_F01_A1_0030_F_FRE_0020,53,53,53,54,Frederica,main,female,frederica,assets/triangle-strategy/approved_voice_references/frederica.wav,"""เกลือคือของขวัญจากเทพธิดาแท้จริง มันคือหนทางรอดของชาวโรเซลล์""",,,PENDING_MANUAL_GENERATION,,triangle-strategy
55,MS11_F01_A1_0030_F_FRE_0030.wav,MS11_F01_A1_0030_F_FRE_0030,54,54,54,55,Frederica,main,female,frederica,assets/triangle-strategy/approved_voice_references/frederica.wav,ถ้าคำสอนของพวกเขาเป็นเรื่องแหกตาจริงๆ ท่านช่วยขอให้เขามอบอิสระแก่ชาวโรเซลล์ที่นาเกลือจะได้ไหม?,,,PENDING_MANUAL_GENERATION,,triangle-strategy
56,MS11_F01_A1_0030_F_FRE_0040.wav,MS11_F01_A1_0030_F_FRE_0040,55,55,55,56,Frederica,main,female,frederica,assets/triangle-strategy/approved_voice_references/frederica.wav,จริงด้วย... ถูกของท่าน...,,,PENDING_MANUAL_GENERATION,,triangle-strategy
57,MS11_F01_A1_0030_M_BND_0010.wav,MS11_F01_A1_0030_M_BND_0010,56,56,56,57,Benedict,main,male,benedict,assets/triangle-strategy/approved_voice_references/benedict.wav,เห็นด้วยขอรับ,,,PENDING_MANUAL_GENERATION,,triangle-strategy
58,MS11_F01_A1_0030_M_BND_0020.wav,MS11_F01_A1_0030_M_BND_0020,57,57,57,58,Benedict,main,male,benedict,assets/triangle-strategy/approved_voice_references/benedict.wav,ซึ่งข้าเชื่อว่า พวกเขาคอยกดขี่ข่มเหงชาวโรเซลล์ไม่ให้เรื่องนี้หลุดออกไป,,,PENDING_MANUAL_GENERATION,,triangle-strategy
59,MS11_F01_A1_0030_M_BND_0030.wav,MS11_F01_A1_0030_M_BND_0030,58,58,58,59,Benedict,main,male,benedict,assets/triangle-strategy/approved_voice_references/benedict.wav,"ถูกต้องแล้ว ด้วยคริสตัลเกลือในมือของเรา...การเจรจาครั้งนี้จะเกิดผล ไฮแซนต์จะ ""สนับสนุน"" เราอย่างแน่นอน",,,PENDING_MANUAL_GENERATION,,triangle-strategy
60,MS11_F01_A1_0030_M_BND_0040.wav,MS11_F01_A1_0030_M_BND_0040,59,59,59,60,Benedict,main,male,benedict,assets/triangle-strategy/approved_voice_references/benedict.wav,ตอนนี้มันยังเสี่ยงเกินไปขอรับ,,,PENDING_MANUAL_GENERATION,,triangle-strategy
61,MS11_F01_A1_0030_M_BND_0050.wav,MS11_F01_A1_0030_M_BND_0050,60,60,60,61,Benedict,main,male,benedict,assets/triangle-strategy/approved_voice_references/benedict.wav,เป้าหมายหลักของเราคือการฟื้นฟูปราสาทวูล์ฟฟอร์ต,,,PENDING_MANUAL_GENERATION,,triangle-strategy
62,MS11_F01_A1_0030_M_BND_0060.wav,MS11_F01_A1_0030_M_BND_0060,61,61,61,62,Benedict,main,male,benedict,assets/triangle-strategy/approved_voice_references/benedict.wav,ถ้าไม่มีปราสาทนั่น เราคงปกป้องใครในหมู่บ้านโรเซลล์ไม่ได้เช่นกัน หวังว่าท่านคงเข้าใจนะขอรับ,,,PENDING_MANUAL_GENERATION,,triangle-strategy
63,MS11_F01_A1_0030_M_BND_0070.wav,MS11_F01_A1_0030_M_BND_0070,62,62,62,63,Benedict,main,male,benedict,assets/triangle-strategy/approved_voice_references/benedict.wav,เรื่องนั้นน่ะเหรอ?,,,PENDING_MANUAL_GENERATION,,triangle-strategy
64,MS11_F01_A1_0030_M_RLN_0010.wav,MS11_F01_A1_0030_M_RLN_0010,63,63,63,64,Roland,main,male,roland,assets/triangle-strategy/approved_voice_references/roland.wav,พวกไฮแซนต์ไม่รู้เรื่องนี้ได้ยังไง? เกลือคือชีวิตของพวกเขาเชียวนะ,,,PENDING_MANUAL_GENERATION,,triangle-strategy
65,MS11_F01_A1_0030_M_RLN_0020.wav,MS11_F01_A1_0030_M_RLN_0020,64,64,64,65,Roland,main,male,roland,assets/triangle-strategy/approved_voice_references/roland.wav,ถ้าเจรจาได้ในสิ่งที่ต้องการ แล้วท่านจะเอาไงต่อเหรอเบเนดิกต์?,,,PENDING_MANUAL_GENERATION,,triangle-strategy
66,MS11_F01_A1_0030_M_RLN_0030.wav,MS11_F01_A1_0030_M_RLN_0030,65,65,65,66,Roland,main,male,roland,assets/triangle-strategy/approved_voice_references/roland.wav,คือข้าเหนื่อยจะตัดสินใจในเวลาเช่นนี้แล้ว เจ้าไม่เหนื่อยหรือไงเซเรโนอา?,,,PENDING_MANUAL_GENERATION,,triangle-strategy
67,MS11_F01_A1_0030_M_RLN_0040.wav,MS11_F01_A1_0030_M_RLN_0040,66,66,66,67,Roland,main,male,roland,assets/triangle-strategy/approved_voice_references/roland.wav,ถึงเวลาตัดสินใจให้ตัวเองแล้วล่ะ,,,PENDING_MANUAL_GENERATION,,triangle-strategy
68,MS11_F01_A1_0030_M_RLN_0050.wav,MS11_F01_A1_0030_M_RLN_0050,67,67,67,68,Roland,main,male,roland,assets/triangle-strategy/approved_voice_references/roland.wav,ข้าอยากจะกอบกู้เกลนบรู๊ค,,,PENDING_MANUAL_GENERATION,,triangle-strategy
69,MS11_F01_A1_0030_M_RLN_0060.wav,MS11_F01_A1_0030_M_RLN_0060,68,68,68,69,Roland,main,male,roland,assets/triangle-strategy/approved_voice_references/roland.wav,เราเอาชนะเอสฟรอสต์ได้ หากมีไฮแซนต์อยู่เคียงข้าง!,,,PENDING_MANUAL_GENERATION,,triangle-strategy
70,MS11_F01_A1_0030_M_RLN_0070.wav,MS11_F01_A1_0030_M_RLN_0070,69,69,69,70,Roland,main,male,roland,assets/triangle-strategy/approved_voice_references/roland.wav,พบกันครั้งหน้า ข้าจะขอรัฐศักดิ์สิทธิ์ให้ร่วมรบไปกับเรา,,,PENDING_MANUAL_GENERATION,,triangle-strategy
71,MS11_F01_A1_0030_M_SEL_0010.wav,MS11_F01_A1_0030_M_SEL_0010,70,70,70,71,Serenoa,main,male,serenoa,assets/triangle-strategy/approved_voice_references/serenoa.wav,เจ้านี่ช่วยชีวิตเราไว้เหรอเนี่ย...,,,PENDING_MANUAL_GENERATION,,triangle-strategy
72,MS11_F01_A1_0030_M_SEL_0020.wav,MS11_F01_A1_0030_M_SEL_0020,71,71,71,72,Serenoa,main,male,serenoa,assets/triangle-strategy/approved_voice_references/serenoa.wav,เรียกมันว่ายังไงดีล่ะ เกลือผลึกคริสตัล... หรือว่าคริสตัลเกลือดีนะ?,,,PENDING_MANUAL_GENERATION,,triangle-strategy
73,MS11_F01_A1_0030_M_SEL_0030.wav,MS11_F01_A1_0030_M_SEL_0030,72,72,72,73,Serenoa,main,male,serenoa,assets/triangle-strategy/approved_voice_references/serenoa.wav,ลองนึกดูสิว่ามีคริสตัลเช่นนี้ถูกฝังไว้ใต้นอร์เซเลียมากน้อยเพียงใด,,,PENDING_MANUAL_GENERATION,,triangle-strategy
74,MS11_F01_A1_0030_M_SEL_0040.wav,MS11_F01_A1_0030_M_SEL_0040,73,73,73,74,Serenoa,main,male,serenoa,assets/triangle-strategy/approved_voice_references/serenoa.wav,ท่านอยากเจรจากับหัวหน้านักบวชสินะ,,,PENDING_MANUAL_GENERATION,,triangle-strategy
75,MS11_F01_A1_0030_M_SEL_0050.wav,MS11_F01_A1_0030_M_SEL_0050,74,74,74,75,Serenoa,main,male,serenoa,assets/triangle-strategy/approved_voice_references/serenoa.wav,ข้าก็เหนื่อย... ยิ่งวันก็ยิ่งตัดสินใจยากขึ้นเรื่อยๆ แต่ละครั้งก็ปวดใจทั้งนั้น,,,PENDING_MANUAL_GENERATION,,triangle-strategy
76,MS11_F01_C0_0010_F_LYL_0010.wav,MS11_F01_C0_0010_F_LYL_0010,75,75,75,76,Lyla,npc,female,lyla,assets/triangle-strategy/approved_voice_references/lyla.wav,ฮ่า องค์ชายของเรารอจังหวะแก้แค้นผู้รุกรานอาณาจักรอยู่เลยสินะ แบบนี้สิค่อยเรียกว่าสมเหตุสมผล,,,PENDING_MANUAL_GENERATION,,triangle-strategy
77,MS11_F01_C0_0010_M_BND_0010.wav,MS11_F01_C0_0010_M_BND_0010,76,76,76,77,Benedict,main,male,benedict,assets/triangle-strategy/approved_voice_references/benedict.wav,ด้วยความเคารพขอรับ ข้าขอถามท่านกลับบ้าง,,,PENDING_MANUAL_GENERATION,,triangle-strategy
78,MS11_F01_C0_0010_M_BND_0020.wav,MS11_F01_C0_0010_M_BND_0020,77,77,77,78,Benedict,main,male,benedict,assets/triangle-strategy/approved_voice_references/benedict.wav,จะเกิดอะไรขึ้น หากเอสฟรอสต์และเกลนบรู๊คมีคำสั่งยกเลิกการค้าขายกับไฮแซนต์?,,,PENDING_MANUAL_GENERATION,,triangle-strategy
79,MS11_F01_C0_0010_M_BND_0030.wav,MS11_F01_C0_0010_M_BND_0030,78,78,78,79,Benedict,main,male,benedict,assets/triangle-strategy/approved_voice_references/benedict.wav,กุสตาดอล์ฟเป็นคนรอบคอบนะขอรับ คำสั่งเช่นนั้นย่อมมาพร้อมมาตรการตอบโต้อยู่แล้ว,,,PENDING_MANUAL_GENERATION,,triangle-strategy
80,MS11_F01_C0_0010_M_BND_0040.wav,MS11_F01_C0_0010_M_BND_0040,79,79,79,80,Benedict,main,male,benedict,assets/triangle-strategy/approved_voice_references/benedict.wav,และมาตรการที่ว่านั่นก็คือ แหล่งผลิตเกลือแห่งใหม่นั่นเอง,,,PENDING_MANUAL_GENERATION,,triangle-strategy
81,MS11_F01_C0_0010_M_BND_0050.wav,MS11_F01_C0_0010_M_BND_0050,80,80,80,81,Benedict,main,male,benedict,assets/triangle-strategy/approved_voice_references/benedict.wav,การที่พวกเขามีเกลือเป็นของตัวเองคงทำให้ไฮแซนต์มีคู่แข่ง และอาณาจักรของท่านจะตกที่นั่งลำบากโดยปราศจากรายได้ภาษีเกลือ,,,PENDING_MANUAL_GENERATION,,triangle-strategy
82,MS11_F01_C0_0010_M_BND_0060.wav,MS11_F01_C0_0010_M_BND_0060,81,81,81,82,Benedict,main,male,benedict,assets/triangle-strategy/approved_voice_references/benedict.wav,การสนับสนุนเต็มกำลังของท่านขอรับ,,,PENDING_MANUAL_GENERATION,,triangle-strategy
83,MS11_F01_C0_0010_M_EGS_0010.wav,MS11_F01_C0_0010_M_EGS_0010,82,82,82,83,Exharme,npc,male,exharme,assets/triangle-strategy/approved_voice_references/exharme.wav,ต้องเป็นเขาไม่ผิดแน่!,,,PENDING_MANUAL_GENERATION,,triangle-strategy
84,MS11_F01_C0_0010_M_IDO_0010.wav,MS11_F01_C0_0010_M_IDO_0010,83,83,83,84,อีดอร์,npc,male,idore,,"ตอนแรกพวกเราให้ท่านได้เข้าพบตามคำร้องของรัฐมนตรีเอกซ์เฮม แต่ก็ไม่คิดว่าจะนำ ""สิ่งนี้"" มาให้เราชม",,,BLOCKED_PENDING_REFERENCE_AUDIO,,triangle-strategy
85,MS11_F01_C0_0010_M_IDO_0020.wav,MS11_F01_C0_0010_M_IDO_0020,84,84,84,85,อีดอร์,npc,male,idore,,คริสตัลจากเกลือ... งดงามยิ่งนัก,,,BLOCKED_PENDING_REFERENCE_AUDIO,,triangle-strategy
86,MS11_F01_C0_0010_M_IDO_0030.wav,MS11_F01_C0_0010_M_IDO_0030,85,85,85,86,อีดอร์,npc,male,idore,,มันคงขัดแย้งต่อหลักคำสอนในแดนศักดิ์สิทธิ์ของเรา,,,BLOCKED_PENDING_REFERENCE_AUDIO,,triangle-strategy
87,MS11_F01_C0_0010_M_IDO_0040.wav,MS11_F01_C0_0010_M_IDO_0040,86,86,86,87,อีดอร์,npc,male,idore,,...หากเป็นของจริง มันขัดแย้งแน่ๆ,,,BLOCKED_PENDING_REFERENCE_AUDIO,,triangle-strategy
88,MS11_F01_C0_0010_M_IDO_0050.wav,MS11_F01_C0_0010_M_IDO_0050,87,87,87,88,อีดอร์,npc,male,idore,,แล้วท่านมีหลักฐานหรือไม่ ว่ามันไม่ได้ถูกสร้างขึ้นโดยเวทมนตร์หรือเทคโนโลยีอื่นใด?,,,BLOCKED_PENDING_REFERENCE_AUDIO,,triangle-strategy
89,MS11_F01_C0_0010_M_IDO_0060.wav,MS11_F01_C0_0010_M_IDO_0060,88,88,88,89,อีดอร์,npc,male,idore,,สำหรับข้ามันก็แค่การข่มขู่ ทั้งสองอาณาจักรขาดเกลือของเราไม่ได้หรอก,,,BLOCKED_PENDING_REFERENCE_AUDIO,,triangle-strategy
90,MS11_F01_C0_0010_M_IDO_0070.wav,MS11_F01_C0_0010_M_IDO_0070,89,89,89,90,อีดอร์,npc,male,idore,,...ต้องการอะไรจากเรากันแน่?,,,BLOCKED_PENDING_REFERENCE_AUDIO,,triangle-strategy
91,MS11_F01_C0_0010_M_IDO_0080.wav,MS11_F01_C0_0010_M_IDO_0080,90,90,90,91,อีดอร์,npc,male,idore,,...ท่านจะทำสงครามงั้นเหรอ,,,BLOCKED_PENDING_REFERENCE_AUDIO,,triangle-strategy
92,MS11_F01_C0_0010_M_IDO_0090.wav,MS11_F01_C0_0010_M_IDO_0090,91,91,91,92,อีดอร์,npc,male,idore,,ตอนนี้อาณาจักรของท่านอาจเป็นเพียงแค่หุ่นเชิด แต่ท่านรู้ดีใช่ไหมว่ามันเคยเป็นบ้านเกิดของท่านด้วย?,,,BLOCKED_PENDING_REFERENCE_AUDIO,,triangle-strategy
93,MS11_F01_C0_0010_M_IDO_0100.wav,MS11_F01_C0_0010_M_IDO_0100,92,92,92,93,อีดอร์,npc,male,idore,,ถึงยังไงประชาชนของข้าคงไม่ต้องการสงคราม พวกเรามักเจรจาอย่างสันติเป็นอันดับแรกเสมอ,,,BLOCKED_PENDING_REFERENCE_AUDIO,,triangle-strategy
94,MS11_F01_C0_0010_M_IDO_0110.wav,MS11_F01_C0_0010_M_IDO_0110,93,93,93,94,อีดอร์,npc,male,idore,,ถึงจะว่างั้นก็ตามเถอะ นั่นคงไม่ใช่เหตุผลที่ประชาชนและทหารของข้าจะตกลงทำสงครามด้วย,,,BLOCKED_PENDING_REFERENCE_AUDIO,,triangle-strategy
95,MS11_F01_C0_0010_M_IDO_0120.wav,MS11_F01_C0_0010_M_IDO_0120,94,94,94,95,อีดอร์,npc,male,idore,,โฮะๆๆ! ข้าเข้าใจแล้ว,,,BLOCKED_PENDING_REFERENCE_AUDIO,,triangle-strategy
96,MS11_F01_C0_0010_M_IDO_0130.wav,MS11_F01_C0_0010_M_IDO_0130,95,95,95,96,อีดอร์,npc,male,idore,,ท่านหัวหน้านักบวชเอ๋ย ท่านได้ยินหรือไม่? โปรดบอกข้าเถิดว่าเราควรทำเช่นไร,,,BLOCKED_PENDING_REFERENCE_AUDIO,,triangle-strategy
97,MS11_F01_C0_0010_M_IDO_0140.wav,MS11_F01_C0_0010_M_IDO_0140,96,96,96,97,อีดอร์,npc,male,idore,,...ได้ขอรับ,,,BLOCKED_PENDING_REFERENCE_AUDIO,,triangle-strategy
98,MS11_F01_C0_0010_M_IDO_0150.wav,MS11_F01_C0_0010_M_IDO_0150,97,97,97,98,อีดอร์,npc,male,idore,,วูล์ฟฟอร์ต องค์ชายโรแลนด์ โปรดสดับฟังถ้อยคำของพระองค์เสียเถิด,,,BLOCKED_PENDING_REFERENCE_AUDIO,,triangle-strategy
99,MS11_F01_C0_0010_M_IDO_0160.wav,MS11_F01_C0_0010_M_IDO_0160,98,98,98,99,อีดอร์,npc,male,idore,,รัฐศักดิ์สิทธิ์ไฮแซนต์อยู่เคียงข้างท่านแล้ว,,,BLOCKED_PENDING_REFERENCE_AUDIO,,triangle-strategy
100,MS11_F01_C0_0010_M_IDO_0170.wav,MS11_F01_C0_0010_M_IDO_0170,99,99,99,100,อีดอร์,npc,male,idore,,พระองค์ประสงค์ให้ท่านเอาชนะเอสฟรอสต์ และนำสันติสุขกลับคืนสู่แผ่นดินแห่งนอร์เซเลีย,,,BLOCKED_PENDING_REFERENCE_AUDIO,,triangle-strategy
101,MS11_F01_C0_0010_M_IDO_0180.wav,MS11_F01_C0_0010_M_IDO_0180,100,100,100,101,อีดอร์,npc,male,idore,,อาณาจักรของเราจะสนับสนุนท่านอย่างเต็มที่เพื่อต่อกรกับกุสตาดอล์ฟ,,,BLOCKED_PENDING_REFERENCE_AUDIO,,triangle-strategy
102,MS11_F01_C0_0010_M_IDO_0190.wav,MS11_F01_C0_0010_M_IDO_0190,101,101,101,102,อีดอร์,npc,male,idore,,นับแต่วันนี้ไป พวกเราจะสนับสนุนองค์ชายโรแลนด์ในฐานะผู้บัญชาการ และลอร์ดเซเรโนอาในฐานะเจ็ดผู้ศักดิ์สิทธิ์,,,BLOCKED_PENDING_REFERENCE_AUDIO,,triangle-strategy
103,MS11_F01_C0_0010_M_IDO_0200.wav,MS11_F01_C0_0010_M_IDO_0200,102,102,102,103,อีดอร์,npc,male,idore,,บัดนี้เราเป็นพี่น้องกันแล้ว เราจะร่วมรบไปด้วยกัน!,,,BLOCKED_PENDING_REFERENCE_AUDIO,,triangle-strategy
104,MS11_F01_C0_0010_M_KNS_0010.wav,MS11_F01_C0_0010_M_KNS_0010,103,103,103,104,แคมเซลล์,npc,male,kamsell,,ท่านยังมีชีวิตอยู่เหรอเนี่ย!?,,,BLOCKED_PENDING_REFERENCE_AUDIO,,triangle-strategy
105,MS11_F01_C0_0010_M_RLN_0010.wav,MS11_F01_C0_0010_M_RLN_0010,104,104,104,105,Roland,main,male,roland,assets/triangle-strategy/approved_voice_references/roland.wav,แล้วคนอย่างกุสตาดอล์ฟมันเจรจาอะไรได้เหรอท่าน? ข้าต้องย้ำเตือนอีกครั้งไหม ว่าใครเป็นคนรุกรานเกลนบรู๊คก่อน?,,,PENDING_MANUAL_GENERATION,,triangle-strategy
106,MS11_F01_C0_0010_M_RLN_0020.wav,MS11_F01_C0_0010_M_RLN_0020,105,105,105,106,Roland,main,male,roland,assets/triangle-strategy/approved_voice_references/roland.wav,เขาก็เหมือนหมาป่าในคราบแกะนั่นแหละ,,,PENDING_MANUAL_GENERATION,,triangle-strategy
107,MS11_F01_C0_0010_M_RLN_0030.wav,MS11_F01_C0_0010_M_RLN_0030,106,106,106,107,Roland,main,male,roland,assets/triangle-strategy/approved_voice_references/roland.wav,ถ้างั้นข้าจะให้เหตุผลท่านอีกข้อ,,,PENDING_MANUAL_GENERATION,,triangle-strategy
108,MS11_F01_C0_0010_M_RLN_0040.wav,MS11_F01_C0_0010_M_RLN_0040,107,107,107,108,Roland,main,male,roland,assets/triangle-strategy/approved_voice_references/roland.wav,เพราะข้าคือ...,,,PENDING_MANUAL_GENERATION,,triangle-strategy
109,MS11_F01_C0_0010_M_RLN_0050.wav,MS11_F01_C0_0010_M_RLN_0050,108,108,108,109,Roland,main,male,roland,assets/triangle-strategy/approved_voice_references/roland.wav,บุตรชายคนที่สองแห่งกษัตริย์เร็กน่า...,,,PENDING_MANUAL_GENERATION,,triangle-strategy
110,MS11_F01_C0_0010_M_RLN_0060.wav,MS11_F01_C0_0010_M_RLN_0060,109,109,109,110,Roland,main,male,roland,assets/triangle-strategy/approved_voice_references/roland.wav,โรแลนด์ เกลนบรู๊ค,,,PENDING_MANUAL_GENERATION,,triangle-strategy
111,MS11_F01_C0_0010_M_RLN_0070.wav,MS11_F01_C0_0010_M_RLN_0070,110,110,110,111,Roland,main,male,roland,assets/triangle-strategy/approved_voice_references/roland.wav,หากพวกท่านต้องการเหตุผลไปสู้รบ ก็เอาข้าเป็นที่ตั้งได้เลย,,,PENDING_MANUAL_GENERATION,,triangle-strategy
112,MS11_F01_C0_0010_M_RLN_0080.wav,MS11_F01_C0_0010_M_RLN_0080,111,111,111,112,Roland,main,male,roland,assets/triangle-strategy/approved_voice_references/roland.wav,พวกเราต้องหยุดกุสตาดอล์ฟให้จงได้!,,,PENDING_MANUAL_GENERATION,,triangle-strategy
113,MS11_F01_C0_0010_M_SEL_0010.wav,MS11_F01_C0_0010_M_SEL_0010,112,112,112,113,Serenoa,main,male,serenoa,assets/triangle-strategy/approved_voice_references/serenoa.wav,ก็...,,,PENDING_MANUAL_GENERATION,,triangle-strategy
114,MS11_F01_C0_0010_M_SEL_0020.wav,MS11_F01_C0_0010_M_SEL_0020,113,113,113,114,Serenoa,main,male,serenoa,assets/triangle-strategy/approved_voice_references/serenoa.wav,หากท่านร่วมมือกำจัดเอสฟรอสต์พร้อมกับเรา ข้ารับปากว่าความสัมพันธ์ของไฮแซนต์ต่ออาณาจักรอื่นจะไม่ร้าวฉาน,,,PENDING_MANUAL_GENERATION,,triangle-strategy
115,MS11_F01_C0_0010_M_SEL_0030.wav,MS11_F01_C0_0010_M_SEL_0030,114,114,114,115,Serenoa,main,male,serenoa,assets/triangle-strategy/approved_voice_references/serenoa.wav,ขอรับ,,,PENDING_MANUAL_GENERATION,,triangle-strategy
116,MS11_F01_C0_0010_M_SEL_0040.wav,MS11_F01_C0_0010_M_SEL_0040,115,115,115,116,Serenoa,main,male,serenoa,assets/triangle-strategy/approved_voice_references/serenoa.wav,ข้าเป็นผู้ศักดิ์สิทธิ์เหรอขอรับ?,,,PENDING_MANUAL_GENERATION,,triangle-strategy
117,MS11_F01_C0_1010_F_FRE_0010.wav,MS11_F01_C0_1010_F_FRE_0010,117,117,117,118,Frederica,main,female,frederica,assets/triangle-strategy/approved_voice_references/frederica.wav,...ไม่มีอะไรหรอก ขอโทษที่ทำให้กังวลนะ,,,PENDING_MANUAL_GENERATION,,triangle-strategy
118,MS11_F01_C0_1010_F_HEW_0010.wav,MS11_F01_C0_1010_F_HEW_0010,118,118,118,119,Hughette,main,female,hughette,assets/triangle-strategy/approved_voice_references/hughette.wav,และท่านจะได้รับมันเจ้าค่ะ! ข้าพร้อมเดินไปพร้อมท่านทุกย่างก้าว!,,,PENDING_MANUAL_GENERATION,,triangle-strategy
119,MS11_F01_C0_1010_F_YRA_0010.wav,MS11_F01_C0_1010_F_YRA_0010,119,119,119,120,Geela,main,female,geela,assets/triangle-strategy/approved_voice_references/geela.wav,มีอะไรหรือเปล่า ท่านเฟรเดอริก้า?,,,PENDING_MANUAL_GENERATION,,triangle-strategy
120,MS11_F01_C0_1010_M_BND_0010.wav,MS11_F01_C0_1010_M_BND_0010,120,120,120,121,Benedict,main,male,benedict,assets/triangle-strategy/approved_voice_references/benedict.wav,นอกจากนี้ยังมีการเซ็นเอกสารมอบอำนาจการดูแลชาวโรเซลล์ผู้อาศัยในเขตวูล์ฟฟอร์ตให้พวกเราอีกด้วย,,,PENDING_MANUAL_GENERATION,,triangle-strategy
121,MS11_F01_C0_1010_M_ELA_0010.wav,MS11_F01_C0_1010_M_ELA_0010,121,121,121,122,Erador,main,male,erador,assets/triangle-strategy/approved_voice_references/erador.wav,แหมๆ ดูเข้าสิ! ได้การสนับสนุนจากไฮแซนต์ยังไม่พอ ตอนนี้ท่านกลายเป็นเจ็ดผู้ศักดิ์สิทธิ์ซะแล้ว!,,,PENDING_MANUAL_GENERATION,,triangle-strategy
122,MS11_F01_C0_1010_M_ELA_0020.wav,MS11_F01_C0_1010_M_ELA_0020,122,122,122,123,Erador,main,male,erador,assets/triangle-strategy/approved_voice_references/erador.wav,ทำดีมากพ่อหนุ่ม!,,,PENDING_MANUAL_GENERATION,,triangle-strategy
123,MS11_F01_C0_1010_M_ELA_0030.wav,MS11_F01_C0_1010_M_ELA_0030,123,123,123,124,Erador,main,male,erador,assets/triangle-strategy/approved_voice_references/erador.wav,ท่านจะขอโทษทำไมขอรับ ข้าบอกท่านไปแล้วว่าตระกูลวูล์ฟฟอร์ตคือโล่และดาบของราชวงศ์,,,PENDING_MANUAL_GENERATION,,triangle-strategy
124,MS11_F01_C0_1010_M_ELA_0040.wav,MS11_F01_C0_1010_M_ELA_0040,124,124,124,125,Erador,main,male,erador,assets/triangle-strategy/approved_voice_references/erador.wav,เอาล่ะ ลุยได้เลย!,,,PENDING_MANUAL_GENERATION,,triangle-strategy
125,MS11_F01_C0_1010_M_ELA_0050.wav,MS11_F01_C0_1010_M_ELA_0050,125,125,125,126,Erador,main,male,erador,assets/triangle-strategy/approved_voice_references/erador.wav,เราจะชิงเกลนบรู๊คกลับมาด้วยกัน!,,,PENDING_MANUAL_GENERATION,,triangle-strategy
126,MS11_F01_C0_1010_M_RLN_0010.wav,MS11_F01_C0_1010_M_RLN_0010,126,126,126,127,Roland,main,male,roland,assets/triangle-strategy/approved_voice_references/roland.wav,ทุกคนเดือดร้อนเพราะข้ามากพอแล้ว,,,PENDING_MANUAL_GENERATION,,triangle-strategy
127,MS11_F01_C0_1010_M_RLN_0020.wav,MS11_F01_C0_1010_M_RLN_0020,127,127,127,128,Roland,main,male,roland,assets/triangle-strategy/approved_voice_references/roland.wav,ความอ่อนแอและเหลวแหลกของข้าทำคนอื่นทุกข์ร้อนไปหมด เรื่องนั้นต้องขอโทษพวกท่านด้วย,,,PENDING_MANUAL_GENERATION,,triangle-strategy
128,MS11_F01_C0_1010_M_RLN_0030.wav,MS11_F01_C0_1010_M_RLN_0030,128,128,128,129,Roland,main,male,roland,assets/triangle-strategy/approved_voice_references/roland.wav,ไม่ว่าจะล้มลุกคลุกคลานยังไง ข้าตัดสินใจแล้วว่าจะเดินหน้าต่อ,,,PENDING_MANUAL_GENERATION,,triangle-strategy
129,MS11_F01_C0_1010_M_RLN_0040.wav,MS11_F01_C0_1010_M_RLN_0040,129,129,129,130,Roland,main,male,roland,assets/triangle-strategy/approved_voice_references/roland.wav,การสนับสนุนของพวกท่านจำเป็นอย่างยิ่ง,,,PENDING_MANUAL_GENERATION,,triangle-strategy
130,MS11_F01_C0_1010_M_SEL_0010.wav,MS11_F01_C0_1010_M_SEL_0010,130,130,130,131,Serenoa,main,male,serenoa,assets/triangle-strategy/approved_voice_references/serenoa.wav,เปล่าหรอก เบเนดิกต์กับโรแลนด์ต่างหากที่ทำให้เราเจรจาสำเร็จ,,,PENDING_MANUAL_GENERATION,,triangle-strategy
131,MS11_F01_C0_1020_M_EGS_0010.wav,MS11_F01_C0_1020_M_EGS_0010,131,131,131,132,Exharme,npc,male,exharme,assets/triangle-strategy/approved_voice_references/exharme.wav,เปล่าเลย,,,PENDING_MANUAL_GENERATION,,triangle-strategy
132,MS11_F01_C0_1020_M_EGS_0020.wav,MS11_F01_C0_1020_M_EGS_0020,132,132,132,133,Exharme,npc,male,exharme,assets/triangle-strategy/approved_voice_references/exharme.wav,เรื่องที่องค์ชายยังมีชีวิตอยู่ก็เหมือนกัน นึกว่าเขาตายไปแล้วเสียอีก,,,PENDING_MANUAL_GENERATION,,triangle-strategy
133,MS11_F01_C0_1020_M_EGS_0030.wav,MS11_F01_C0_1020_M_EGS_0030,133,133,133,134,Exharme,npc,male,exharme,assets/triangle-strategy/approved_voice_references/exharme.wav,ไฮแซนต์เป็นอาณาจักรมหาอำนาจ แต่ไม่มีทรัพยากรอื่นใดนอกจากเกลือ,,,PENDING_MANUAL_GENERATION,,triangle-strategy
134,MS11_F01_C0_1020_M_EGS_0040.wav,MS11_F01_C0_1020_M_EGS_0040,134,134,134,135,Exharme,npc,male,exharme,assets/triangle-strategy/approved_voice_references/exharme.wav,หากการซื้อขายของเราถูกตัดขาด รับรองว่าอาณาจักรพินาศเป็นแน่,,,PENDING_MANUAL_GENERATION,,triangle-strategy
135,MS11_F01_C0_1020_M_EGS_0050.wav,MS11_F01_C0_1020_M_EGS_0050,135,135,135,136,Exharme,npc,male,exharme,assets/triangle-strategy/approved_voice_references/exharme.wav,พวกเราเอาแต่พึ่งพาเกลือ จนกระทั่งความจริงอันแสนรวดร้าว...ปรากฎต่อหน้าเรา,,,PENDING_MANUAL_GENERATION,,triangle-strategy
136,MS11_F01_C0_1020_M_EGS_0060.wav,MS11_F01_C0_1020_M_EGS_0060,136,136,136,137,Exharme,npc,male,exharme,assets/triangle-strategy/approved_voice_references/exharme.wav,"จำคำข้าไว้นะรัฐมนตรีแคมเซลล์ ""ไม่มีศึกใดที่ เอกซ์เฮม มาเชียล เอาชนะไม่ได้""",,,PENDING_MANUAL_GENERATION,,triangle-strategy
137,MS11_F01_C0_1020_M_KNS_0010.wav,MS11_F01_C0_1020_M_KNS_0010,137,137,137,138,แคมเซลล์,npc,male,kamsell,,ท่านทราบเรื่องคริสตัลเกลือมาก่อนหรือเปล่า เอกซ์เฮม?,,,BLOCKED_PENDING_REFERENCE_AUDIO,,triangle-strategy
138,MS11_F01_C0_1020_M_KNS_0020.wav,MS11_F01_C0_1020_M_KNS_0020,138,138,138,139,แคมเซลล์,npc,male,kamsell,,แล้วท่านคิดเห็นอย่างไรกับคำสั่งของพระองค์ล่ะ?,,,BLOCKED_PENDING_REFERENCE_AUDIO,,triangle-strategy
139,MS11_F01_C0_1020_M_KNS_0030.wav,MS11_F01_C0_1020_M_KNS_0030,139,139,139,140,แคมเซลล์,npc,male,kamsell,,ฮ่าๆ แทงใจดำมาก...,,,BLOCKED_PENDING_REFERENCE_AUDIO,,triangle-strategy
140,MS11_F01_C0_1020_M_KNS_0040.wav,MS11_F01_C0_1020_M_KNS_0040,140,140,140,141,แคมเซลล์,npc,male,kamsell,,แต่ก็เป็นเรื่องจริง คิดว่าเราเอาชนะเอสฟรอสต์ได้ไหม?,,,BLOCKED_PENDING_REFERENCE_AUDIO,,triangle-strategy
141,MS11_F01_C0_1030_F_LYL_0010.wav,MS11_F01_C0_1030_F_LYL_0010,141,141,141,142,Lyla,npc,female,lyla,assets/triangle-strategy/approved_voice_references/lyla.wav,"ท่านหัวหน้านักบวชมีคำสั่งให้เราส่ง ""เอลฟริค"" ไปให้วูล์ฟฟอร์ตเจ้าค่ะ",,,PENDING_MANUAL_GENERATION,,triangle-strategy
142,MS11_F01_C0_1030_F_LYL_0020.wav,MS11_F01_C0_1030_F_LYL_0020,142,142,142,143,Lyla,npc,female,lyla,assets/triangle-strategy/approved_voice_references/lyla.wav,สงสัยพระองค์เห็นสมควรที่จะทดลองใช้มันในสมรภูมิล่ะมั้ง,,,PENDING_MANUAL_GENERATION,,triangle-strategy
143,MS11_F01_C0_1030_F_LYL_0030.wav,MS11_F01_C0_1030_F_LYL_0030,143,143,143,144,Lyla,npc,female,lyla,assets/triangle-strategy/approved_voice_references/lyla.wav,คงเอาไปจมเรือเอสฟรอสต์ได้ง่ายๆเลยล่ะ,,,PENDING_MANUAL_GENERATION,,triangle-strategy
144,MS11_F01_C0_1030_F_LYL_0040.wav,MS11_F01_C0_1030_F_LYL_0040,144,144,144,145,Lyla,npc,female,lyla,assets/triangle-strategy/approved_voice_references/lyla.wav,แล้วคิดว่าข้าอยากสร้างอาวุธสงครามหรือไง,,,PENDING_MANUAL_GENERATION,,triangle-strategy
145,MS11_F01_C0_1030_F_LYL_0050.wav,MS11_F01_C0_1030_F_LYL_0050,145,145,145,146,Lyla,npc,female,lyla,assets/triangle-strategy/approved_voice_references/lyla.wav,เดี๋ยวเถอะนะ!,,,PENDING_MANUAL_GENERATION,,triangle-strategy
146,MS11_F01_C0_1030_F_LYL_0060.wav,MS11_F01_C0_1030_F_LYL_0060,146,146,146,147,Lyla,npc,female,lyla,assets/triangle-strategy/approved_voice_references/lyla.wav,สุนัขรับใช้ของอีดอร์มันปากดีเหลือเกิน!,,,PENDING_MANUAL_GENERATION,,triangle-strategy
147,MS11_F01_C0_1030_F_MIR_0010.wav,MS11_F01_C0_1030_F_MIR_0010,147,147,147,148,ไมโล,npc,female,milo,,ทีแรกนึกว่าจะเก็บงานวิจัยของท่านไว้เป็นความลับเสียอีก น่าประหลาดใจเสียจริง,,,BLOCKED_PENDING_REFERENCE_AUDIO,,triangle-strategy
148,MS11_F01_C0_1030_F_MIR_0020.wav,MS11_F01_C0_1030_F_MIR_0020,148,148,148,149,ไมโล,npc,female,milo,,สุดท้ายท่านก็ยังไม่ยิ้มสักที,,,BLOCKED_PENDING_REFERENCE_AUDIO,,triangle-strategy
149,MS11_F01_C0_1030_F_MIR_0030.wav,MS11_F01_C0_1030_F_MIR_0030,149,149,149,150,ไมโล,npc,female,milo,,ช่างน่าขันเสียเหลือเกิน ชีวิตมนุษย์คงเป็นเรื่องล้อเล่นสำหรับข้าเท่านั้นแหละเจ้าค่ะ,,,BLOCKED_PENDING_REFERENCE_AUDIO,,triangle-strategy
150,MS11_F01_C0_1030_F_MIR_0040.wav,MS11_F01_C0_1030_F_MIR_0040,150,150,150,151,ไมโล,npc,female,milo,,ขอให้เป็นวันที่ดีนะเจ้าคะ,,,BLOCKED_PENDING_REFERENCE_AUDIO,,triangle-strategy
151,MS11_F01_WD_0010_N_NNN_0010.wav,MS11_F01_WD_0010_N_NNN_0010,151,151,151,152,Narrator,narrator,female,narrator,assets/triangle-strategy/approved_voice_references/narrator.wav,วูล์ฟฟอร์ตฝ่าฝืนคำสั่งหัวหน้านักบวชเพื่อปกป้องชาวโรเซลล์ ทางไฮแซนต์จึงส่งทหารมาสั่งสอนในความลำพองของพวกเขา,,,PENDING_MANUAL_GENERATION,,triangle-strategy
152,MS11_F01_WD_0010_N_NNN_0020.wav,MS11_F01_WD_0010_N_NNN_0020,152,152,152,153,Narrator,narrator,female,narrator,assets/triangle-strategy/approved_voice_references/narrator.wav,แม้จะจนมุม แต่เซเรโนอากับผองเพื่อนนั้นค้นพบคริสตัลเกลือที่เก็บซ่อนไว้ในหมู่บ้านโรเซลล์ เบเนดิกต์จึงถือโอกาสนำมันมาเจรตาต่อรองกับผู้บัญชาการเอกซ์เฮมจนสำเร็จ,,,PENDING_MANUAL_GENERATION,,triangle-strategy
153,MS11_F01_WD_0010_N_NNN_0030.wav,MS11_F01_WD_0010_N_NNN_0030,153,153,153,154,Narrator,narrator,female,narrator,assets/triangle-strategy/approved_voice_references/narrator.wav,เซเรโนอาจึงเร่งรุดไปหาหัวหน้านักบวช เพราะนอกจากไฮแซนต์แล้ว อำนาจแห่งคริสตัลยังสามารถเปลี่ยนแปลงนอร์เซเลียได้แผ่นดิน,,,PENDING_MANUAL_GENERATION,,triangle-strategy
154,MS11_F02_A1_0010_F_ANA_0010.wav,MS11_F02_A1_0010_F_ANA_0010,154,154,154,155,Anna,main,female,anna,assets/triangle-strategy/approved_voice_references/anna.wav,เบเนดิกต์...,,,PENDING_MANUAL_GENERATION,,triangle-strategy
155,MS11_F02_A1_0010_F_ANA_0020.wav,MS11_F02_A1_0010_F_ANA_0020,155,155,155,156,Anna,main,female,anna,assets/triangle-strategy/approved_voice_references/anna.wav,ไม่ต้องพูดแล้วเจ้าค่ะ ข้าจะอยู่กับท่าน,,,PENDING_MANUAL_GENERATION,,triangle-strategy
156,MS11_F02_A1_0010_F_FRE_0010.wav,MS11_F02_A1_0010_F_FRE_0010,156,156,156,157,Frederica,main,female,frederica,assets/triangle-strategy/approved_voice_references/frederica.wav,เซเรโนอา!?,,,PENDING_MANUAL_GENERATION,,triangle-strategy
157,MS11_F02_A1_0010_F_FRE_0020.wav,MS11_F02_A1_0010_F_FRE_0020,157,157,157,158,Frederica,main,female,frederica,assets/triangle-strategy/approved_voice_references/frederica.wav,แล้วเจ้าล่ะ!?,,,PENDING_MANUAL_GENERATION,,triangle-strategy
158,MS11_F02_A1_0010_F_FRE_0030.wav,MS11_F02_A1_0010_F_FRE_0030,158,158,158,159,Frederica,main,female,frederica,assets/triangle-strategy/approved_voice_references/frederica.wav,ไหนบอกว่าข้าเป็นครอบครัวเดียวกันแล้วไง สรุปเจ้ากำลังโกหกข้างั้นเหรอ,,,PENDING_MANUAL_GENERATION,,triangle-strategy
159,MS11_F02_A1_0010_F_FRE_0040.wav,MS11_F02_A1_0010_F_FRE_0040,159,159,159,160,Frederica,main,female,frederica,assets/triangle-strategy/approved_voice_references/frederica.wav,ข้าจะอยู่ที่นี่ ในฐานะภรรยาของเจ้า,,,PENDING_MANUAL_GENERATION,,triangle-strategy
160,MS11_F02_A1_0010_F_HEW_0010.wav,MS11_F02_A1_0010_F_HEW_0010,160,160,160,161,Hughette,main,female,hughette,assets/triangle-strategy/approved_voice_references/hughette.wav,ข้าจะปกป้ององค์ชายตราบจนลมหายใจสุดท้ายเจ้าค่ะ,,,PENDING_MANUAL_GENERATION,,triangle-strategy
161,MS11_F02_A1_0010_F_YRA_0010.wav,MS11_F02_A1_0010_F_YRA_0010,161,161,161,162,Geela,main,female,geela,assets/triangle-strategy/approved_voice_references/geela.wav,และข้าไม่มีวันทิ้งเฟรเดอริก้าอย่างแน่นอน,,,PENDING_MANUAL_GENERATION,,triangle-strategy
162,MS11_F02_A1_0010_M_BND_0010.wav,MS11_F02_A1_0010_M_BND_0010,162,162,162,163,Benedict,main,male,benedict,assets/triangle-strategy/approved_voice_references/benedict.wav,ตะวันทอแสงแล้ว...,,,PENDING_MANUAL_GENERATION,,triangle-strategy
163,MS11_F02_A1_0010_M_BND_0020.wav,MS11_F02_A1_0010_M_BND_0020,163,163,163,164,Benedict,main,male,benedict,assets/triangle-strategy/approved_voice_references/benedict.wav,แอนนา เจ้า...,,,PENDING_MANUAL_GENERATION,,triangle-strategy
164,MS11_F02_A1_0010_M_BND_0030.wav,MS11_F02_A1_0010_M_BND_0030,164,164,164,165,Benedict,main,male,benedict,assets/triangle-strategy/approved_voice_references/benedict.wav,แอนนา...,,,PENDING_MANUAL_GENERATION,,triangle-strategy
165,MS11_F02_A1_0010_M_BND_0040.wav,MS11_F02_A1_0010_M_BND_0040,165,165,165,166,Benedict,main,male,benedict,assets/triangle-strategy/approved_voice_references/benedict.wav,ถูกของเจ้า เราต้องเดินหน้าต่ออย่างภาคภูมิจนถึงนาทีสุดท้าย,,,PENDING_MANUAL_GENERATION,,triangle-strategy
166,MS11_F02_A1_0010_M_ELA_0010.wav,MS11_F02_A1_0010_M_ELA_0010,166,166,166,167,Erador,main,male,erador,assets/triangle-strategy/approved_voice_references/erador.wav,พวกเรายังทำอะไรไม่เป็นชิ้นเป็นอันด้วยซ้ำ,,,PENDING_MANUAL_GENERATION,,triangle-strategy
167,MS11_F02_A1_0010_M_ELA_0020.wav,MS11_F02_A1_0010_M_ELA_0020,167,167,167,168,Erador,main,male,erador,assets/triangle-strategy/approved_voice_references/erador.wav,เลิกซึมกันได้แล้ว! วูล์ฟฟอร์ตเขาไม่ทำกันแบบนี้หรอกนะ,,,PENDING_MANUAL_GENERATION,,triangle-strategy
168,MS11_F02_A1_0010_M_RLN_0010.wav,MS11_F02_A1_0010_M_RLN_0010,168,168,168,169,Roland,main,male,roland,assets/triangle-strategy/approved_voice_references/roland.wav,เรื่องอะไรเหรอ?,,,PENDING_MANUAL_GENERATION,,triangle-strategy
169,MS11_F02_A1_0010_M_RLN_0020.wav,MS11_F02_A1_0010_M_RLN_0020,169,169,169,170,Roland,main,male,roland,assets/triangle-strategy/approved_voice_references/roland.wav,ข้าเองก็เช่นกัน,,,PENDING_MANUAL_GENERATION,,triangle-strategy
170,MS11_F02_A1_0010_M_RLN_0030.wav,MS11_F02_A1_0010_M_RLN_0030,170,170,170,171,Roland,main,male,roland,assets/triangle-strategy/approved_voice_references/roland.wav,สหายข้า ข้าพร้อมสู้เคียงข้างจนตัวตาย,,,PENDING_MANUAL_GENERATION,,triangle-strategy
171,MS11_F02_A1_0010_M_SEL_0010.wav,MS11_F02_A1_0010_M_SEL_0010,171,171,171,172,Serenoa,main,male,serenoa,assets/triangle-strategy/approved_voice_references/serenoa.wav,โรแลนด์ ข้ามีเรื่องอยากจะขอท่าน,,,PENDING_MANUAL_GENERATION,,triangle-strategy
172,MS11_F02_A1_0010_M_SEL_0020.wav,MS11_F02_A1_0010_M_SEL_0020,172,172,172,173,Serenoa,main,male,serenoa,assets/triangle-strategy/approved_voice_references/serenoa.wav,พาเฟรเดอริก้าหนีไปจากที่นี่ซะ,,,PENDING_MANUAL_GENERATION,,triangle-strategy
173,MS11_F02_A1_0010_M_SEL_0030.wav,MS11_F02_A1_0010_M_SEL_0030,173,173,173,174,Serenoa,main,male,serenoa,assets/triangle-strategy/approved_voice_references/serenoa.wav,เจ้าต้องมีชีวิตต่อ,,,PENDING_MANUAL_GENERATION,,triangle-strategy
174,MS11_F02_A1_0010_M_SEL_0040.wav,MS11_F02_A1_0010_M_SEL_0040,174,174,174,175,Serenoa,main,male,serenoa,assets/triangle-strategy/approved_voice_references/serenoa.wav,ข้าจะอยู่ที่นี่,,,PENDING_MANUAL_GENERATION,,triangle-strategy
175,MS11_F02_A1_0010_M_SEL_0060.wav,MS11_F02_A1_0010_M_SEL_0060,176,176,176,177,Serenoa,main,male,serenoa,assets/triangle-strategy/approved_voice_references/serenoa.wav,เฟรเดอริก้า...,,,PENDING_MANUAL_GENERATION,,triangle-strategy
176,MS11_F02_A1_0010_M_SEL_0070.wav,MS11_F02_A1_0010_M_SEL_0070,177,177,177,178,Serenoa,main,male,serenoa,assets/triangle-strategy/approved_voice_references/serenoa.wav,โรแลนด์...,,,PENDING_MANUAL_GENERATION,,triangle-strategy
177,MS11_F02_A1_0010_M_SEL_0080.wav,MS11_F02_A1_0010_M_SEL_0080,178,178,178,179,Serenoa,main,male,serenoa,assets/triangle-strategy/approved_voice_references/serenoa.wav,พวกเจ้าจะอยู่ที่นี่กันหมดเลยงั้นเหรอ?,,,PENDING_MANUAL_GENERATION,,triangle-strategy
178,MS11_F02_A1_0010_M_SEL_0090.wav,MS11_F02_A1_0010_M_SEL_0090,179,179,179,180,Serenoa,main,male,serenoa,assets/triangle-strategy/approved_voice_references/serenoa.wav,...เข้าใจแล้ว,,,PENDING_MANUAL_GENERATION,,triangle-strategy
179,MS11_F02_A1_0010_M_SEL_0100.wav,MS11_F02_A1_0010_M_SEL_0100,180,180,180,181,Serenoa,main,male,serenoa,assets/triangle-strategy/approved_voice_references/serenoa.wav,เราจะยืนหยัดสู้ด้วยกัน,,,PENDING_MANUAL_GENERATION,,triangle-strategy
180,MS11_F02_A1_0010_M_SEL_0110.wav,MS11_F02_A1_0010_M_SEL_0110,181,181,181,182,Serenoa,main,male,serenoa,assets/triangle-strategy/approved_voice_references/serenoa.wav,แม้วันนี้วูล์ฟฟอร์ตจะถูกลบหายไปจากประวัติศาสตร์,,,PENDING_MANUAL_GENERATION,,triangle-strategy
181,MS11_F02_A1_0010_M_SEL_0120.wav,MS11_F02_A1_0010_M_SEL_0120,182,182,182,183,Serenoa,main,male,serenoa,assets/triangle-strategy/approved_voice_references/serenoa.wav,แต่จงอย่าได้กลัวเลย,,,PENDING_MANUAL_GENERATION,,triangle-strategy
182,MS11_F02_A1_0010_M_SEL_0130.wav,MS11_F02_A1_0010_M_SEL_0130,183,183,183,184,Serenoa,main,male,serenoa,assets/triangle-strategy/approved_voice_references/serenoa.wav,เพราะพวกเราจะถูกจารึกไว้ในความทรงจำของทัพทหารไฮแซนต์,,,PENDING_MANUAL_GENERATION,,triangle-strategy
183,MS11_F02_A1_0010_M_SEL_0140.wav,MS11_F02_A1_0010_M_SEL_0140,184,184,184,185,Serenoa,main,male,serenoa,assets/triangle-strategy/approved_voice_references/serenoa.wav,อย่างน้อยให้พวกเขาได้จดจำเราในฐานะวูล์ฟฟอร์ตผู้ต่อสู้อย่างภาคภูมิแห่งนอร์เซเลีย!,,,PENDING_MANUAL_GENERATION,,triangle-strategy
184,MS11_F02_WD_0010_N_NNN_0010.wav,MS11_F02_WD_0010_N_NNN_0010,185,185,185,186,Narrator,narrator,female,narrator,assets/triangle-strategy/approved_voice_references/narrator.wav,กองทหารไฮแซนต์เข้าโจมตีในรุ่งเช้า ทำลายหมู่บ้านโรเซลล์ซึ่งเป็นที่มั่นของวูล์ฟฟอร์ต,,,PENDING_MANUAL_GENERATION,,triangle-strategy
185,MS11_F02_WD_0010_N_NNN_0020.wav,MS11_F02_WD_0010_N_NNN_0020,186,186,186,187,Narrator,narrator,female,narrator,assets/triangle-strategy/approved_voice_references/narrator.wav,ศึกครั้งนี้ดำเนินต่อไป แม้กำลังพลของทั้งสองฝั่งจะต่างกันอย่างลิบลับ...,,,PENDING_MANUAL_GENERATION,,triangle-strategy
186,MS11_F02_WD_0010_N_NNN_0030.wav,MS11_F02_WD_0010_N_NNN_0030,187,187,187,188,Narrator,narrator,female,narrator,assets/triangle-strategy/approved_voice_references/narrator.wav,คืนนั้น ชื่อของวูล์ฟฟอร์ตได้เลือนหายไปจากแผนที่แห่งนอร์เซเลีย,,,PENDING_MANUAL_GENERATION,,triangle-strategy
187,MS11_F02_WD_0010_N_NNN_0040.wav,MS11_F02_WD_0010_N_NNN_0040,188,188,188,189,Narrator,narrator,female,narrator,assets/triangle-strategy/approved_voice_references/narrator.wav,บ้างก็ว่าพวกเขาเป็นวีรชนผู้น่าสงสารที่ยึดมั่นในหลักธรรมของตนจนตัวตาย บ้างก็มองพวกเขาเป็นนักฝันที่พูดถึงแต่ความยุติธรรม,,,PENDING_MANUAL_GENERATION,,triangle-strategy
188,MS11_F02_WD_0010_N_NNN_0050.wav,MS11_F02_WD_0010_N_NNN_0050,189,189,189,190,Narrator,narrator,female,narrator,assets/triangle-strategy/approved_voice_references/narrator.wav,ในไม่ช้า ถ้อยคำที่กล่าวขานถึงพวกเขาก็ค่อยๆหายไป,,,PENDING_MANUAL_GENERATION,,triangle-strategy
189,MS11_F02_WD_0010_N_NNN_0060.wav,MS11_F02_WD_0010_N_NNN_0060,190,190,190,191,Narrator,narrator,female,narrator,assets/triangle-strategy/approved_voice_references/narrator.wav,สงครามยังคงปะทุต่อไปอย่างไร้จุดจบ เหลือไว้เพียงคราบเลือดและเปลวเพลิงแดงฉานที่ไม่รู้จะจบสิ้นเมื่อใด,,,PENDING_MANUAL_GENERATION,,triangle-strategy
190,MS11_H01_A0_0010_F_ERK_0010.wav,MS11_H01_A0_0010_F_ERK_0010,191,191,191,192,Erika,npc,female,erika,assets/triangle-strategy/approved_voice_references/erika.wav,มีสิ่งใดที่ข้าช่วยท่านพี่ได้บ้างไหม?,,,PENDING_MANUAL_GENERATION,,triangle-strategy
191,MS11_H01_A0_0010_M_GST_0010.wav,MS11_H01_A0_0010_M_GST_0010,193,193,193,194,กุสตาดอล์ฟ,npc,male,gustadolph,,ธาสาส ขอบคุณที่ช่วยเตรียมการให้ข้า,,,BLOCKED_PENDING_REFERENCE_AUDIO,,triangle-strategy
192,MS11_H01_A0_0010_M_GST_0020.wav,MS11_H01_A0_0010_M_GST_0020,194,194,194,195,กุสตาดอล์ฟ,npc,male,gustadolph,,หากทุกอย่างพร้อม ก็คงถึงเวลาแล้ว,,,BLOCKED_PENDING_REFERENCE_AUDIO,,triangle-strategy
193,MS11_H01_A0_0010_M_GST_0030.wav,MS11_H01_A0_0010_M_GST_0030,195,195,195,196,กุสตาดอล์ฟ,npc,male,gustadolph,,ถ้ามีก็คงบอกไปแล้ว,,,BLOCKED_PENDING_REFERENCE_AUDIO,,triangle-strategy
194,MS11_H01_A0_0010_M_GST_0040.wav,MS11_H01_A0_0010_M_GST_0040,196,196,196,197,กุสตาดอล์ฟ,npc,male,gustadolph,,แล้วเรื่องสมาคมล่ะ ธาลาส?,,,BLOCKED_PENDING_REFERENCE_AUDIO,,triangle-strategy
195,MS11_H01_A0_0010_M_GST_0050.wav,MS11_H01_A0_0010_M_GST_0050,197,197,197,198,กุสตาดอล์ฟ,npc,male,gustadolph,,ดี ที่เหลือก็แค่รอสินะ,,,BLOCKED_PENDING_REFERENCE_AUDIO,,triangle-strategy
196,MS11_H01_A0_0010_M_GST_0060.wav,MS11_H01_A0_0010_M_GST_0060,198,198,198,199,กุสตาดอล์ฟ,npc,male,gustadolph,,ไอ้พวกไฮแซนต์มันจะอึดสักแค่ไหนกันเชียว...,,,BLOCKED_PENDING_REFERENCE_AUDIO,,triangle-strategy
197,MS11_H01_A0_0010_M_TRS_0010.wav,MS11_H01_A0_0010_M_TRS_0010,199,199,199,200,Thalas,npc,male,thalas,assets/triangle-strategy/approved_voice_references/thalas.wav,ไม่เป็นไรท่านพี่ ข้าเป็นนายกรัฐมนตรีของท่านนี่นะ,,,PENDING_MANUAL_GENERATION,,triangle-strategy
198,MS11_H01_A0_0010_M_TRS_0020.wav,MS11_H01_A0_0010_M_TRS_0020,200,200,200,201,Thalas,npc,male,thalas,assets/triangle-strategy/approved_voice_references/thalas.wav,รับรองว่าผู้มีอิทธิพลในเกลนบรู๊คจะรู้จักที่ต่ำที่สูง พวกมันทุกคนจะเชื่อฟังเรา,,,PENDING_MANUAL_GENERATION,,triangle-strategy
199,MS11_H01_A0_0010_M_TRS_0030.wav,MS11_H01_A0_0010_M_TRS_0030,201,201,201,202,Thalas,npc,male,thalas,assets/triangle-strategy/approved_voice_references/thalas.wav,อ้อ พวกเขาไม่น่าจะวุ่นวายหรอก เพราะข้าติดสินบนพวกเขาไปอย่างงามทีเดียว,,,PENDING_MANUAL_GENERATION,,triangle-strategy
200,MS11_H01_A1_1010_F_MIR_0010.wav,MS11_H01_A1_1010_F_MIR_0010,202,202,202,203,ไมโล,npc,female,milo,,ซิลวิโอ้ เทลลิออร์ สินะ?,,,BLOCKED_PENDING_REFERENCE_AUDIO,,triangle-strategy
201,MS11_H01_A1_1010_F_MIR_0020.wav,MS11_H01_A1_1010_F_MIR_0020,203,203,203,204,ไมโล,npc,female,milo,,ข้าคือผู้ประกาศข่าวดี รับรองว่าโดนใจท่านแน่,,,BLOCKED_PENDING_REFERENCE_AUDIO,,triangle-strategy
202,MS11_H01_A1_1010_F_MIR_0030.wav,MS11_H01_A1_1010_F_MIR_0030,204,204,204,205,ไมโล,npc,female,milo,,มาจากรัฐมนตรีอีดอร์เจ้าค่ะ สรุปอยากฟังไหม?,,,BLOCKED_PENDING_REFERENCE_AUDIO,,triangle-strategy
203,MS11_H01_A1_1010_F_MIR_0040.wav,MS11_H01_A1_1010_F_MIR_0040,205,205,205,206,ไมโล,npc,female,milo,,เห็นว่าท่านใกล้ชิดกับวูล์ฟฟอร์ต นายของข้าจึงมีเรื่องอยากจะขอให้ท่านช่วย,,,BLOCKED_PENDING_REFERENCE_AUDIO,,triangle-strategy
204,MS11_H01_A1_1010_M_SLV_0010.wav,MS11_H01_A1_1010_M_SLV_0010,206,206,206,207,ซิลวิโอ้,npc,male,silvio,,แล้วเจ้าล่ะเป็นใคร?,,,BLOCKED_PENDING_REFERENCE_AUDIO,,triangle-strategy
205,MS11_H01_A1_1010_M_SLV_0020.wav,MS11_H01_A1_1010_M_SLV_0020,207,207,207,208,ซิลวิโอ้,npc,male,silvio,,ชีวิตวอดวายขนาดนี้ ยังจะมีใครยื่นข้อเสนอให้ข้าอีกเหรอ?,,,BLOCKED_PENDING_REFERENCE_AUDIO,,triangle-strategy
206,MS11_H01_A1_1010_M_SLV_0030.wav,MS11_H01_A1_1010_M_SLV_0030,208,208,208,209,ซิลวิโอ้,npc,male,silvio,,ผู้ศักดิ์สิทธิ์งั้นเหรอ!,,,BLOCKED_PENDING_REFERENCE_AUDIO,,triangle-strategy
207,MS11_H01_A1_1010_M_SLV_0040.wav,MS11_H01_A1_1010_M_SLV_0040,209,209,209,210,ซิลวิโอ้,npc,male,silvio,,แสดงว่า...เจ้าเป็นชาวไฮแซนต์สินะ,,,BLOCKED_PENDING_REFERENCE_AUDIO,,triangle-strategy
208,MS11_H01_C0_0010_F_YRA_0010.wav,MS11_H01_C0_0010_F_YRA_0010,210,210,210,211,Geela,main,female,geela,assets/triangle-strategy/approved_voice_references/geela.wav,อ๋อ พอดีว่านาง...ไปนาเกลือกับองค์ชายโรแลนด์เจ้าค่ะ นางต้องการเห็นความเป็นอยู่ของชาวโรเซลล์ด้วยตนเอง,,,PENDING_MANUAL_GENERATION,,triangle-strategy
209,MS11_H01_C0_0010_F_YRA_0020.wav,MS11_H01_C0_0010_F_YRA_0020,211,211,211,212,Geela,main,female,geela,assets/triangle-strategy/approved_voice_references/geela.wav,นางคงเศร้าใจเป็นแน่ ลอร์ดเซเรโนอาเจ้าคะ รบกวนท่านช่วย...,,,PENDING_MANUAL_GENERATION,,triangle-strategy
210,MS11_H01_C0_0010_M_BND_0010.wav,MS11_H01_C0_0010_M_BND_0010,212,212,212,213,Benedict,main,male,benedict,assets/triangle-strategy/approved_voice_references/benedict.wav,ลอร์ดเซเรโนอา ข้าคิดว่าเราควรมอบตัวชาวโรเซลล์ขอรับ,,,PENDING_MANUAL_GENERATION,,triangle-strategy
211,MS11_H01_C0_0010_M_BND_0020.wav,MS11_H01_C0_0010_M_BND_0020,213,213,213,214,Benedict,main,male,benedict,assets/triangle-strategy/approved_voice_references/benedict.wav,เราทำเช่นนี้เพื่อแสดงความศรัทธาต่อเจ็ดผู้ศักดิ์สิทธิ์ และปกป้องตระกูลของเรา,,,PENDING_MANUAL_GENERATION,,triangle-strategy
212,MS11_H01_C0_0010_M_BND_0030.wav,MS11_H01_C0_0010_M_BND_0030,214,214,214,215,Benedict,main,male,benedict,assets/triangle-strategy/approved_voice_references/benedict.wav,หากสถานการณ์มันบานปลาย...,,,PENDING_MANUAL_GENERATION,,triangle-strategy
213,MS11_H01_C0_0010_M_BND_0040.wav,MS11_H01_C0_0010_M_BND_0040,215,215,215,216,Benedict,main,male,benedict,assets/triangle-strategy/approved_voice_references/benedict.wav,เราต้องเตรียมตัวพร้อมสู้ศึก ขอยืมคำพูดของรัฐมนตรีเอกซ์เฮมหน่อยก็แล้วกัน,,,PENDING_MANUAL_GENERATION,,triangle-strategy
214,MS11_H01_C0_0010_M_SEL_0010.wav,MS11_H01_C0_0010_M_SEL_0010,216,216,216,217,Serenoa,main,male,serenoa,assets/triangle-strategy/approved_voice_references/serenoa.wav,แต่พวกเขาอุตส่าห์ดิ้นรนออกมาจากไฮแซนต์เชียวนะ พวกเขาไม่ยอมเราหรอกท่าน,,,PENDING_MANUAL_GENERATION,,triangle-strategy
215,MS11_H01_C0_0010_M_SEL_0020.wav,MS11_H01_C0_0010_M_SEL_0020,217,217,217,218,Serenoa,main,male,serenoa,assets/triangle-strategy/approved_voice_references/serenoa.wav,จะ...จริงด้วย ข้าขอเวลาคิดสักหน่อยนะท่าน,,,PENDING_MANUAL_GENERATION,,triangle-strategy
216,MS11_H01_C0_0010_M_SEL_0030.wav,MS11_H01_C0_0010_M_SEL_0030,218,218,218,219,Serenoa,main,male,serenoa,assets/triangle-strategy/approved_voice_references/serenoa.wav,แล้วเฟรเดอริก้าไปไหนแล้วล่ะ?,,,PENDING_MANUAL_GENERATION,,triangle-strategy
217,MS11_H01_C0_0010_M_SEL_0040.wav,MS11_H01_C0_0010_M_SEL_0040,219,219,219,220,Serenoa,main,male,serenoa,assets/triangle-strategy/approved_voice_references/serenoa.wav,จริงด้วยสินะ บัญญัติไฮแซนต์ระบุไว้ว่าชาวโรเซลล์ทุกคนต้องตั้งหลักปักฐานที่นาเกลือ,,,PENDING_MANUAL_GENERATION,,triangle-strategy
218,MS11_H01_C0_0010_M_SEL_0050.wav,MS11_H01_C0_0010_M_SEL_0050,220,220,220,221,Serenoa,main,male,serenoa,assets/triangle-strategy/approved_voice_references/serenoa.wav,เข้าใจแล้ว ข้าจะไปที่นาเกลือเดี๋ยวนี้เลย,,,PENDING_MANUAL_GENERATION,,triangle-strategy
219,MS11_H01_C0_0020_F_FRE_0010.wav,MS11_H01_C0_0020_F_FRE_0010,221,221,221,222,Frederica,main,female,frederica,assets/triangle-strategy/approved_voice_references/frederica.wav,ข้าไม่สนหรอกว่าพวกเราจะปลอดภัยหรือเปล่า แบบนี้มันไม่ถูกต้องเลยนะ,,,PENDING_MANUAL_GENERATION,,triangle-strategy
220,MS11_H01_C0_0020_M_RLN_0010.wav,MS11_H01_C0_0020_M_RLN_0010,223,223,223,224,Roland,main,male,roland,assets/triangle-strategy/approved_voice_references/roland.wav,เจ้ายังอยากจะส่งชาวโรเซลล์จากเขตของเรามาที่นี่อีกเหรอ?,,,PENDING_MANUAL_GENERATION,,triangle-strategy
221,MS11_H01_C0_0020_M_RLN_0020.wav,MS11_H01_C0_0020_M_RLN_0020,224,224,224,225,Roland,main,male,roland,assets/triangle-strategy/approved_voice_references/roland.wav,ปล่อยให้พวกเขาถูกกดขี่เช่นนี้เนี่ยนะ?,,,PENDING_MANUAL_GENERATION,,triangle-strategy
222,MS11_H01_C0_0020_M_RLN_0030.wav,MS11_H01_C0_0020_M_RLN_0030,225,225,225,226,Roland,main,male,roland,assets/triangle-strategy/approved_voice_references/roland.wav,"ถึงมันจะไม่น่าอภัยก็จริง แต่ ""ความถูกต้อง"" มันขึ้นอยู่กับสถานการณ์",,,PENDING_MANUAL_GENERATION,,triangle-strategy
223,MS11_H01_C0_0020_M_RLN_0040.wav,MS11_H01_C0_0020_M_RLN_0040,226,226,226,227,Roland,main,male,roland,assets/triangle-strategy/approved_voice_references/roland.wav,ยังไงซะการปกป้องคนก็เป็นเรื่องที่สมควรทำอยู่แล้ว จริงไหมล่ะเซเรโนอา?,,,PENDING_MANUAL_GENERATION,,triangle-strategy
224,MS11_H01_C0_0020_M_RLN_0050.wav,MS11_H01_C0_0020_M_RLN_0050,227,227,227,228,Roland,main,male,roland,assets/triangle-strategy/approved_voice_references/roland.wav,ขอโทษที ข้าไม่ได้ตั้งใจจะโบ้ยความผิดให้เจ้าหรอก แต่พวกเรา...,,,PENDING_MANUAL_GENERATION,,triangle-strategy
225,MS11_H01_C0_0020_M_RLN_0060.wav,MS11_H01_C0_0020_M_RLN_0060,228,228,228,229,Roland,main,male,roland,assets/triangle-strategy/approved_voice_references/roland.wav,พวกเรายังต้องดิ้นรนในเส้นทางข้างหน้ากันต่อไป,,,PENDING_MANUAL_GENERATION,,triangle-strategy
226,MS11_H01_C0_0020_M_SEL_0010.wav,MS11_H01_C0_0020_M_SEL_0010,229,229,229,230,Serenoa,main,male,serenoa,assets/triangle-strategy/approved_voice_references/serenoa.wav,โห...นี่มันแย่กว่าที่คิดเสียอีก,,,PENDING_MANUAL_GENERATION,,triangle-strategy
227,MS11_H01_C0_0020_M_SEL_0020.wav,MS11_H01_C0_0020_M_SEL_0020,230,230,230,231,Serenoa,main,male,serenoa,assets/triangle-strategy/approved_voice_references/serenoa.wav,คือ...,,,PENDING_MANUAL_GENERATION,,triangle-strategy
228,MS11_H01_C0_0020_M_SEL_0030.wav,MS11_H01_C0_0020_M_SEL_0030,231,231,231,232,Serenoa,main,male,serenoa,assets/triangle-strategy/approved_voice_references/serenoa.wav,ข้าเองก็เห็นด้วยกับพวกท่านทั้งสอง แต่ว่า...,,,PENDING_MANUAL_GENERATION,,triangle-strategy
229,MS11_H01_C0_1010_F_FRE_0010.wav,MS11_H01_C0_1010_F_FRE_0010,232,232,232,233,Frederica,main,female,frederica,assets/triangle-strategy/approved_voice_references/frederica.wav,เนี่ยเหรอคือการไถ่บาป? แล้วพวกเขาก็ยอมรับมันทั้งแบบนี้เนี่ยนะ?,,,PENDING_MANUAL_GENERATION,,triangle-strategy
230,MS11_H01_C0_1010_F_FRE_0020.wav,MS11_H01_C0_1010_F_FRE_0020,233,233,233,234,Frederica,main,female,frederica,assets/triangle-strategy/approved_voice_references/frederica.wav,สมมุติว่าอีดอร์พูดความจริง แต่ก็ไม่มีบาปไหนสมควรไถ่โทษด้วยวิธีโหดร้ายเช่นนี้หรอกนะ!,,,PENDING_MANUAL_GENERATION,,triangle-strategy
231,MS11_H01_C0_1010_F_FRE_0030.wav,MS11_H01_C0_1010_F_FRE_0030,234,234,234,235,Frederica,main,female,frederica,assets/triangle-strategy/approved_voice_references/frederica.wav,แล้วไฮแซนต์ที่ผูกขาดเกลือ แบบนี้ไม่เรียกว่าบาปใช่ไหม?,,,PENDING_MANUAL_GENERATION,,triangle-strategy
232,MS11_H01_C0_1010_F_M321_0010.wav,MS11_H01_C0_1010_F_M321_0010,235,235,235,236,หญิงชาวโรเซลล์,generic,female,FEMALE_ADULT_A,assets/triangle-strategy/approved_voice_references/FEMALE_ADULT_A.wav,เทพธิดาแห่งเกลือเอ๋ย... ตัวข้าผู้แปดเปื้อน ขออุทิศชีวิตแด่นาเกลือเพื่อท่าน...,,,PENDING_MANUAL_GENERATION,,triangle-strategy
233,MS11_H01_C0_1010_F_M321_0020.wav,MS11_H01_C0_1010_F_M321_0020,236,236,236,237,หญิงชาวโรเซลล์,generic,female,FEMALE_ADULT_A,assets/triangle-strategy/approved_voice_references/FEMALE_ADULT_A.wav,ขอบพระคุณที่ทรงมอบโอกาสไถ่บาปให้เราทุกคนเจ้าค่ะ...,,,PENDING_MANUAL_GENERATION,,triangle-strategy
234,MS11_H01_C0_1010_M_IDO_0010.wav,MS11_H01_C0_1010_M_IDO_0010,237,237,237,238,อีดอร์,npc,male,idore,,ชาวโรเซลล์เอ๋ย เหตุใดพวกเจ้าจึงถูกพันธนาการให้ตรากตรำที่นาเกลืองั้นหรือ?,,,BLOCKED_PENDING_REFERENCE_AUDIO,,triangle-strategy
235,MS11_H01_C0_1010_M_IDO_0020.wav,MS11_H01_C0_1010_M_IDO_0020,238,238,238,239,อีดอร์,npc,male,idore,,เป็นเพราะบรรพบุรุษของพวกเจ้าสร้างบาปมหันต์,,,BLOCKED_PENDING_REFERENCE_AUDIO,,triangle-strategy
236,MS11_H01_C0_1010_M_IDO_0030.wav,MS11_H01_C0_1010_M_IDO_0030,239,239,239,240,อีดอร์,npc,male,idore,,นานมาแล้ว พวกมันตั้งใจจะยึดเกลือที่เทพธิดามอบให้ชาวนอร์เซเลียทุกคนเป็นของตนเอง,,,BLOCKED_PENDING_REFERENCE_AUDIO,,triangle-strategy
237,MS11_H01_C0_1010_M_IDO_0040.wav,MS11_H01_C0_1010_M_IDO_0040,240,240,240,241,อีดอร์,npc,male,idore,,พวกมันริบนาเกลือให้ตัวเองใช้สอย แย่งชิงเกลือทุกเม็ดจากผู้ที่ดิ้นรนและต้องการมัน,,,BLOCKED_PENDING_REFERENCE_AUDIO,,triangle-strategy
238,MS11_H01_C0_1010_M_IDO_0050.wav,MS11_H01_C0_1010_M_IDO_0050,241,241,241,242,อีดอร์,npc,male,idore,,ทั่วดินแดนต่างถูกพวกมันคุกคามโดยใช้เกลือเป็นโล่กำบัง ทำลายทุกคนที่ขวางหน้าเพื่อสนองความยิ่งใหญ่ของตน,,,BLOCKED_PENDING_REFERENCE_AUDIO,,triangle-strategy
239,MS11_H01_C0_1010_M_IDO_0060.wav,MS11_H01_C0_1010_M_IDO_0060,242,242,242,243,อีดอร์,npc,male,idore,,สงครามปะทุต่อเนื่องยาวนานโดยมีความโลภของพวกมันเป็นเชื้อไฟ แผดเผาผู้บริสุทธิ์ไปนับไม่ถ้วน...,,,BLOCKED_PENDING_REFERENCE_AUDIO,,triangle-strategy
240,MS11_H01_C0_1010_M_IDO_0070.wav,MS11_H01_C0_1010_M_IDO_0070,243,243,243,244,อีดอร์,npc,male,idore,,คนอวดดีเหล่านี้ทำให้ชีวิตของเจ้าแปดเปื้อนมลทินมาจนถึงปัจจุบัน,,,BLOCKED_PENDING_REFERENCE_AUDIO,,triangle-strategy
241,MS11_H01_C0_1010_M_IDO_0075.wav,MS11_H01_C0_1010_M_IDO_0075,244,244,244,245,อีดอร์,npc,male,idore,,หลักฐานนั้นอยู่ในเส้นผมของเจ้า สีแดงฉานราวกับเลือดผู้บริสุทธิ์ที่ถูกพรากชีวิตไปนับไม่ถ้วน,,,BLOCKED_PENDING_REFERENCE_AUDIO,,triangle-strategy
242,MS11_H01_C0_1010_M_IDO_0080.wav,MS11_H01_C0_1010_M_IDO_0080,245,245,245,246,อีดอร์,npc,male,idore,,จงอย่าได้สิ้นหวังไปเลย เพราะเทพธิดานั้นทรงเมตตาเราทุกคน,,,BLOCKED_PENDING_REFERENCE_AUDIO,,triangle-strategy
243,MS11_H01_C0_1010_M_IDO_0090.wav,MS11_H01_C0_1010_M_IDO_0090,246,246,246,247,อีดอร์,npc,male,idore,,แม้แต่ผู้มีมลทินเช่นเจ้า นางก็ยังมอบโอกาสให้,,,BLOCKED_PENDING_REFERENCE_AUDIO,,triangle-strategy
244,MS11_H01_C0_1010_M_IDO_0100.wav,MS11_H01_C0_1010_M_IDO_0100,247,247,247,248,อีดอร์,npc,male,idore,,นาเกลือคือสถานที่ชดใช้บาปของพวกเจ้าทุกคน,,,BLOCKED_PENDING_REFERENCE_AUDIO,,triangle-strategy
245,MS11_H01_C0_1010_M_IDO_0110.wav,MS11_H01_C0_1010_M_IDO_0110,248,248,248,249,อีดอร์,npc,male,idore,,วิญญาณแสนอัปรีย์ของพวกเจ้าจะถูกชำระล้าง และต้อนรับกลับเข้าสู่อ้อมอกแห่งเทพธิดาอีกครั้ง ผ่านการอุทิศตนด้วยหยาดเหงื่อแรงกาย,,,BLOCKED_PENDING_REFERENCE_AUDIO,,triangle-strategy
246,MS11_H01_C0_1010_M_IDO_0120.wav,MS11_H01_C0_1010_M_IDO_0120,249,249,249,250,อีดอร์,npc,male,idore,,เมื่อถึงครานั้น พวกเจ้าจักเกิดใหม่ในร่างอันนิรมล บนแผ่นดินนอร์เซเลียอีกครั้ง,,,BLOCKED_PENDING_REFERENCE_AUDIO,,triangle-strategy
247,MS11_H01_C0_1010_M_IDO_0130.wav,MS11_H01_C0_1010_M_IDO_0130,250,250,250,251,อีดอร์,npc,male,idore,,เหล่าโรเซลล์เอ๋ย จงมอบชีวิตของพวกเจ้าแด่นาเกลือ จงขอบพระคุณองค์เทพธิดาผู้ยิ่งใหญ่เสียเถิด!,,,BLOCKED_PENDING_REFERENCE_AUDIO,,triangle-strategy
248,MS11_H01_C0_1010_M_IDO_0140.wav,MS11_H01_C0_1010_M_IDO_0140,251,251,251,252,อีดอร์,npc,male,idore,,พอแล้ว สำนึกบุญคุณแล้วกลับไปทำงานต่อซะ,,,BLOCKED_PENDING_REFERENCE_AUDIO,,triangle-strategy
249,MS11_H01_C0_1010_M_M318_0010.wav,MS11_H01_C0_1010_M_M318_0010,252,252,252,253,ผู้คุมไฮแซนต์,generic,male,MALE_ADULT_C,assets/triangle-strategy/approved_voice_references/MALE_ADULT_C.wav,เอาล่ะ ไอ้พวกโรเซลล์ต่ำช้าทั้งหลาย! ได้เวลาสักการะแล้ว!,,,PENDING_MANUAL_GENERATION,,triangle-strategy
250,MS11_H01_C0_1010_M_M318_0020.wav,MS11_H01_C0_1010_M_M318_0020,253,253,253,254,ผู้คุมไฮแซนต์,generic,male,MALE_ADULT_C,assets/triangle-strategy/approved_voice_references/MALE_ADULT_C.wav,วันนี้รัฐมนตรีอิดอร์แห่งเจ็ดผู้ศักดิ์สิทธิ์จะเทศนาสั่งสอนด้วยตนเอง สำนึกไว้ซะบ้างนะ จงสดับฟังถ้อยคำของเขา แล้วบาปมลทินของพวกเจ้าจะถูกชำระล้าง,,,PENDING_MANUAL_GENERATION,,triangle-strategy
251,MS11_H01_C0_1010_M_M319_0010.wav,MS11_H01_C0_1010_M_M319_0010,254,254,254,255,ชาวโรเซลล์,generic,male,MALE_ADULT_A,assets/triangle-strategy/approved_voice_references/MALE_ADULT_A.wav,ผู้น่ารังเกียจอย่างเรานั้นผิดบาปต่อเทพธิดา เรานั้นคือหายนะแห่งนอร์เซเลีย....,,,PENDING_MANUAL_GENERATION,,triangle-strategy
252,MS11_H01_C0_1010_M_M319_0020.wav,MS11_H01_C0_1010_M_M319_0020,255,255,255,256,ชาวโรเซลล์,generic,male,MALE_ADULT_A,assets/triangle-strategy/approved_voice_references/MALE_ADULT_A.wav,ขอบพระคุณขอรับ...,,,PENDING_MANUAL_GENERATION,,triangle-strategy
253,MS11_H01_C0_1010_M_M320_0010.wav,MS11_H01_C0_1010_M_M320_0010,256,256,256,257,ชาวโรเซลล์,generic,male,MALE_ADULT_B,assets/triangle-strategy/approved_voice_references/MALE_ADULT_B.wav,เทพธิดาแห่งเกลือเอ๋ย โปรดช่วยเรา.... ให้พ้นจากบาปทั้งมวลด้วยเทอญ...,,,PENDING_MANUAL_GENERATION,,triangle-strategy
254,MS11_H01_C0_1010_M_M320_0020.wav,MS11_H01_C0_1010_M_M320_0020,257,257,257,258,ชาวโรเซลล์,generic,male,MALE_ADULT_B,assets/triangle-strategy/approved_voice_references/MALE_ADULT_B.wav,ขอบพระคุณขอรับ...,,,PENDING_MANUAL_GENERATION,,triangle-strategy
255,MS11_H01_C0_1010_M_RLN_0010.wav,MS11_H01_C0_1010_M_RLN_0010,258,258,258,259,Roland,main,male,roland,assets/triangle-strategy/approved_voice_references/roland.wav,นี่ข้ากำลังดูอะไรอยู่เนี่ย...,,,PENDING_MANUAL_GENERATION,,triangle-strategy
256,MS11_H01_C0_1010_M_SEL_0010.wav,MS11_H01_C0_1010_M_SEL_0010,259,259,259,260,Serenoa,main,male,serenoa,assets/triangle-strategy/approved_voice_references/serenoa.wav,มันก็ถูกของเจ้า... แต่นี่เป็นพระประสงค์ของเทพธิดา...ไม่ใช่เหรอ?,,,PENDING_MANUAL_GENERATION,,triangle-strategy
257,MS11_H01_RESEARCH_01_BEFORE_F_FRE_0010.wav,MS11_H01_RESEARCH_01_BEFORE_F_FRE_0010,260,260,260,261,Frederica,main,female,frederica,assets/triangle-strategy/approved_voice_references/frederica.wav,ขอร้องล่ะ ให้ข้าเข้าไปในเขตศักดิ์สิทธิ์แห่งเทพธิดาเถอะนะ แค่แปปเดียวก็ได้,,,PENDING_MANUAL_GENERATION,,triangle-strategy
258,MS11_H01_RESEARCH_01_BEFORE_F_FRE_0030.wav,MS11_H01_RESEARCH_01_BEFORE_F_FRE_0030,262,262,262,263,Frederica,main,female,frederica,assets/triangle-strategy/approved_voice_references/frederica.wav,เซเรโนอา... ขอโทษที่ทำอะไรไม่ยั้งคิดด้วยนะ...,,,PENDING_MANUAL_GENERATION,,triangle-strategy
259,MS11_H01_RESEARCH_01_BEFORE_M_M087_0010.wav,MS11_H01_RESEARCH_01_BEFORE_M_M087_0010,263,263,263,264,เจ้าหน้าที่ไฮแซนต์,generic,male,MALE_ADULT_B,assets/triangle-strategy/approved_voice_references/MALE_ADULT_B.wav,ถึงจะแปปเดียว แต่ทางเราไม่อนุญาตให้คนนอกเข้ามาเหยียบย่ำนาเกลือขำๆหรอกนะ,,,PENDING_MANUAL_GENERATION,,triangle-strategy
260,MS11_H01_RESEARCH_01_BEFORE_M_M087_0020.wav,MS11_H01_RESEARCH_01_BEFORE_M_M087_0020,264,264,264,265,เจ้าหน้าที่ไฮแซนต์,generic,male,MALE_ADULT_B,assets/triangle-strategy/approved_voice_references/MALE_ADULT_B.wav,ท่านเองก็เป็นชาวโรเซลล์! ก็ควรจะรู้ดีในหลักคำสอนมากกว่าใครด้วยซ้ำ!,,,PENDING_MANUAL_GENERATION,,triangle-strategy
261,MS11_H01_RESEARCH_01_BEFORE_M_M087_0030.wav,MS11_H01_RESEARCH_01_BEFORE_M_M087_0030,265,265,265,266,เจ้าหน้าที่ไฮแซนต์,generic,male,MALE_ADULT_B,assets/triangle-strategy/approved_voice_references/MALE_ADULT_B.wav,เซเรโนอา? จากตระกูลวูล์ฟฟอร์ตน่ะเหรอ?,,,PENDING_MANUAL_GENERATION,,triangle-strategy
262,MS11_H01_RESEARCH_01_BEFORE_M_M087_0040.wav,MS11_H01_RESEARCH_01_BEFORE_M_M087_0040,266,266,266,267,เจ้าหน้าที่ไฮแซนต์,generic,male,MALE_ADULT_B,assets/triangle-strategy/approved_voice_references/MALE_ADULT_B.wav,ข่าวลือเป็นจริงสินะ,,,PENDING_MANUAL_GENERATION,,triangle-strategy
263,MS11_H01_RESEARCH_01_BEFORE_M_M087_0050.wav,MS11_H01_RESEARCH_01_BEFORE_M_M087_0050,267,267,267,268,เจ้าหน้าที่ไฮแซนต์,generic,male,MALE_ADULT_B,assets/triangle-strategy/approved_voice_references/MALE_ADULT_B.wav,มะ-ไม่ใช่นะขอรับ! ตามข้ามาได้เลยขอรับ,,,PENDING_MANUAL_GENERATION,,triangle-strategy
264,MS11_H01_RESEARCH_01_BEFORE_M_RLN_0010.wav,MS11_H01_RESEARCH_01_BEFORE_M_RLN_0010,268,268,268,269,Roland,main,male,roland,assets/triangle-strategy/approved_voice_references/roland.wav,ใช่แล้ว ลอร์ดเซเรโนอา วูล์ฟฟอร์ต นั่นแหละ,,,PENDING_MANUAL_GENERATION,,triangle-strategy
265,MS11_H01_RESEARCH_01_BEFORE_M_RLN_0020.wav,MS11_H01_RESEARCH_01_BEFORE_M_RLN_0020,269,269,269,270,Roland,main,male,roland,assets/triangle-strategy/approved_voice_references/roland.wav,เขาจะมาควบคุมการค้าเกลือในอีกไม่ช้า เช่นเดียวกับที่ตระกูลเอนด์เคยทำ,,,PENDING_MANUAL_GENERATION,,triangle-strategy
266,MS11_H01_RESEARCH_01_BEFORE_M_RLN_0030.wav,MS11_H01_RESEARCH_01_BEFORE_M_RLN_0030,270,270,270,271,Roland,main,male,roland,assets/triangle-strategy/approved_voice_references/roland.wav,พวกเราจึงอยากตรวจสอบสถานที่ของพวกเจ้าเบื้องต้นสักหน่อย,,,PENDING_MANUAL_GENERATION,,triangle-strategy
267,MS11_H01_RESEARCH_01_BEFORE_M_RLN_0040.wav,MS11_H01_RESEARCH_01_BEFORE_M_RLN_0040,271,271,271,272,Roland,main,male,roland,assets/triangle-strategy/approved_voice_references/roland.wav,แล้วไงต่อ? สรุปแล้ว...ว่าที่รัฐมนตรีศักดิ์สิทธิ์ของเราก็ถูกห้ามไม่ให้เข้านาเกลืออยู่ดีใช่ไหม?,,,PENDING_MANUAL_GENERATION,,triangle-strategy
268,MS11_H01_RESEARCH_01_BEFORE_M_SEL_0010.wav,MS11_H01_RESEARCH_01_BEFORE_M_SEL_0010,272,272,272,273,Serenoa,main,male,serenoa,assets/triangle-strategy/approved_voice_references/serenoa.wav,เฟรเดอริก้า,,,PENDING_MANUAL_GENERATION,,triangle-strategy
269,MS11_H01_RESEARCH_01_BEFORE_M_SEL_0020.wav,MS11_H01_RESEARCH_01_BEFORE_M_SEL_0020,273,273,273,274,Serenoa,main,male,serenoa,assets/triangle-strategy/approved_voice_references/serenoa.wav,ไม่ต้องขอโทษหรอก ข้าเองก็อยากรู้เรื่องของชาวโรเซลล์ในไฮแซนต์เช่นกัน,,,PENDING_MANUAL_GENERATION,,triangle-strategy
270,MS11_H01_RESEARCH_01_BEFORE_M_SEL_0030.wav,MS11_H01_RESEARCH_01_BEFORE_M_SEL_0030,274,274,274,275,Serenoa,main,male,serenoa,assets/triangle-strategy/approved_voice_references/serenoa.wav,การไม่รู้เรื่องราวของพวกเขาทำให้ข้าตัดสินใจได้ง่ายขึ้น... แต่ข้าแค่รู้สึกว่าตัวเองต้องรู้ให้ได้,,,PENDING_MANUAL_GENERATION,,triangle-strategy
271,MS11_H01_VOTE_110_M_SEL_0010.wav,MS11_H01_VOTE_110_M_SEL_0010,276,276,276,277,Serenoa,main,male,serenoa,assets/triangle-strategy/approved_voice_references/serenoa.wav,พวกเราจะส่งชาวโรเซลล์ในเขตแดนของเรากลับสู่ไฮแซนต์,,,PENDING_MANUAL_GENERATION,,triangle-strategy
272,MS11_H01_VOTE_110_M_SEL_0020.wav,MS11_H01_VOTE_110_M_SEL_0020,277,277,277,278,Serenoa,main,male,serenoa,assets/triangle-strategy/approved_voice_references/serenoa.wav,ไม่ว่ายังไง ความช่วยเหลือของไฮแซนต์นั้นคือสิ่งสำคัญยิ่ง,,,PENDING_MANUAL_GENERATION,,triangle-strategy
273,MS11_H01_VOTE_110_M_SEL_0030.wav,MS11_H01_VOTE_110_M_SEL_0030,278,278,278,279,Serenoa,main,male,serenoa,assets/triangle-strategy/approved_voice_references/serenoa.wav,พวกเราเตรียมการกันได้เลย,,,PENDING_MANUAL_GENERATION,,triangle-strategy
274,MS11_H01_VOTE_120_M_SEL_0010.wav,MS11_H01_VOTE_120_M_SEL_0010,280,280,280,281,Serenoa,main,male,serenoa,assets/triangle-strategy/approved_voice_references/serenoa.wav,สงสัยต้องเลือกทางนี้แล้วสินะ,,,PENDING_MANUAL_GENERATION,,triangle-strategy
275,MS11_H01_VOTE_120_M_SEL_0020.wav,MS11_H01_VOTE_120_M_SEL_0020,281,281,281,282,Serenoa,main,male,serenoa,assets/triangle-strategy/approved_voice_references/serenoa.wav,พวกเราตัดสินใจแล้ว และเราต้องผ่านไปให้ได้,,,PENDING_MANUAL_GENERATION,,triangle-strategy
276,MS11_H01_VOTE_120_M_SEL_0030.wav,MS11_H01_VOTE_120_M_SEL_0030,282,282,282,283,Serenoa,main,male,serenoa,assets/triangle-strategy/approved_voice_references/serenoa.wav,พวกเราจะไม่ส่งชาวโรเซลล์กลับไฮแซนต์,,,PENDING_MANUAL_GENERATION,,triangle-strategy
277,MS11_H01_VOTE_START_F_ANA_0010.wav,MS11_H01_VOTE_START_F_ANA_0010,283,283,283,284,Anna,main,female,anna,assets/triangle-strategy/approved_voice_references/anna.wav,แต่ถ้าเราขัดขืนหัวหน้านักบวช เราอาจพบจุดจบเช่นเดียวกับตระกูลเอนด์ก็เป็นได้นะเจ้าคะ,,,PENDING_MANUAL_GENERATION,,triangle-strategy
278,MS11_H01_VOTE_START_F_ANA_0020.wav,MS11_H01_VOTE_START_F_ANA_0020,284,284,284,285,Anna,main,female,anna,assets/triangle-strategy/approved_voice_references/anna.wav,ซึ่งก็ส่งผลเสียต่อชาวโรเซลล์ในเขตแดนของเราเช่นกันไม่ใช่เหรอ?,,,PENDING_MANUAL_GENERATION,,triangle-strategy
279,MS11_H01_VOTE_START_F_FRE_0010.wav,MS11_H01_VOTE_START_F_FRE_0010,285,285,285,286,Frederica,main,female,frederica,assets/triangle-strategy/approved_voice_references/frederica.wav,พี่ข้... กุสตาดอล์ฟจะไม่สู้ศึกที่ตนไม่ชนะ ข้าแน่ใจว่าเขามีแผนการยิ่งใหญ่กว่านี้แน่นอน,,,PENDING_MANUAL_GENERATION,,triangle-strategy
280,MS11_H01_VOTE_START_F_FRE_0030.wav,MS11_H01_VOTE_START_F_FRE_0030,287,287,287,288,Frederica,main,female,frederica,assets/triangle-strategy/approved_voice_references/frederica.wav,หรือจะบอกว่า การสละชาวโรเซลล์เพื่อปกป้องวูล์ฟฟอร์ตเป็นเรื่องที่ถูกต้องสินะ?,,,PENDING_MANUAL_GENERATION,,triangle-strategy
281,MS11_H01_VOTE_START_F_FRE_0040.wav,MS11_H01_VOTE_START_F_FRE_0040,288,288,288,289,Frederica,main,female,frederica,assets/triangle-strategy/approved_voice_references/frederica.wav,เซเรโนอา ครั้งนี้ข้าไม่ได้กำลังของร้องเจ้าในฐานะชาวโรเซลล์...,,,PENDING_MANUAL_GENERATION,,triangle-strategy
282,MS11_H01_VOTE_START_F_FRE_0050.wav,MS11_H01_VOTE_START_F_FRE_0050,289,289,289,290,Frederica,main,female,frederica,assets/triangle-strategy/approved_voice_references/frederica.wav,แต่ในฐานะเพื่อนมนุษย์และเป็นตระกูลวูล์ฟฟอร์ตเหมือนกัน อย่าส่งชาวโรเซลล์กลับไฮแซนต์เลยนะ,,,PENDING_MANUAL_GENERATION,,triangle-strategy
283,MS11_H01_VOTE_START_M_BND_0010.wav,MS11_H01_VOTE_START_M_BND_0010,290,290,290,291,Benedict,main,male,benedict,assets/triangle-strategy/approved_voice_references/benedict.wav,ข่าวพึ่งมาถึงสดๆร้อนๆเลยขอรับ และไม่ใช่ข่าวลือแน่นอนเพราะเพิ่งประกาศอย่างเป็นทางการไป,,,PENDING_MANUAL_GENERATION,,triangle-strategy
284,MS11_H01_VOTE_START_M_BND_0020.wav,MS11_H01_VOTE_START_M_BND_0020,291,291,291,292,Benedict,main,male,benedict,assets/triangle-strategy/approved_voice_references/benedict.wav,แต่ละอาณาจักรกำลังเดินเกมของตน เราเองก็ต้องลงมือเช่นกันก่อนที่มันจะสายเกินไปขอรับ,,,PENDING_MANUAL_GENERATION,,triangle-strategy
285,MS11_H01_VOTE_START_M_BND_0030.wav,MS11_H01_VOTE_START_M_BND_0030,292,292,292,293,Benedict,main,male,benedict,assets/triangle-strategy/approved_voice_references/benedict.wav,เพื่อปกป้องเขตแดนวูล์ฟฟอร์ตและประชาชน ข้ามั่นใจว่าทุกคนจะปฏิบัติตามท่าน,,,PENDING_MANUAL_GENERATION,,triangle-strategy
286,MS11_H01_VOTE_START_M_BND_0040.wav,MS11_H01_VOTE_START_M_BND_0040,293,293,293,294,Benedict,main,male,benedict,assets/triangle-strategy/approved_voice_references/benedict.wav,ลอร์ดเซเรโนอา ท่านต้องเป็นคนตัดสินใจขอรับ,,,PENDING_MANUAL_GENERATION,,triangle-strategy
287,MS11_H01_VOTE_START_M_BND_0050.wav,MS11_H01_VOTE_START_M_BND_0050,294,294,294,295,Benedict,main,male,benedict,assets/triangle-strategy/approved_voice_references/benedict.wav,ไม่มีใครถูกใครผิดทั้งนั้น มีแต่ต้องตัดสินใจขอรับ,,,PENDING_MANUAL_GENERATION,,triangle-strategy
288,MS11_H01_VOTE_START_M_BND_0060.wav,MS11_H01_VOTE_START_M_BND_0060,295,295,295,296,Benedict,main,male,benedict,assets/triangle-strategy/approved_voice_references/benedict.wav,เราต้องยึดความอยู่รอดของตนเป็นสำคัญ,,,PENDING_MANUAL_GENERATION,,triangle-strategy
289,MS11_H01_VOTE_START_M_BND_0070.wav,MS11_H01_VOTE_START_M_BND_0070,296,296,296,297,Benedict,main,male,benedict,assets/triangle-strategy/approved_voice_references/benedict.wav,หากได้การสนับสนุนจากไฮแซนต์พวกเราก็จะรอดพ้น เว้นเสียแต่ท่านมีความคิดที่ดีกว่านี้เหรอ?,,,PENDING_MANUAL_GENERATION,,triangle-strategy
290,MS11_H01_VOTE_START_M_RLN_0010.wav,MS11_H01_VOTE_START_M_RLN_0010,297,297,297,298,Roland,main,male,roland,assets/triangle-strategy/approved_voice_references/roland.wav,บ้าแล้ว! ไอ้กุสตาดอล์ฟมันขู่เข็ญน้องข้าแน่ๆ!,,,PENDING_MANUAL_GENERATION,,triangle-strategy
291,MS11_H01_VOTE_START_M_RLN_0020.wav,MS11_H01_VOTE_START_M_RLN_0020,298,298,298,299,Roland,main,male,roland,assets/triangle-strategy/approved_voice_references/roland.wav,สงสัยอยากตัดขาดการส่งเกลือของไฮแซนต์สู่สมาคมนอร์เซเลียสินะ,,,PENDING_MANUAL_GENERATION,,triangle-strategy
292,MS11_H01_VOTE_START_M_RLN_0030.wav,MS11_H01_VOTE_START_M_RLN_0030,299,299,299,300,Roland,main,male,roland,assets/triangle-strategy/approved_voice_references/roland.wav,ทำกันแบบนี้ก็เหมือนตัดแขนขาของเอสฟรอสต์และเกลนบรู๊คออกไป...,,,PENDING_MANUAL_GENERATION,,triangle-strategy
293,MS11_H01_VOTE_START_M_RLN_0040.wav,MS11_H01_VOTE_START_M_RLN_0040,300,300,300,301,Roland,main,male,roland,assets/triangle-strategy/approved_voice_references/roland.wav,ข้าเห็นแล้วว่าชีวิตในนาเกลือเป็นเช่นไร,,,PENDING_MANUAL_GENERATION,,triangle-strategy
294,MS11_H01_VOTE_START_M_RLN_0050.wav,MS11_H01_VOTE_START_M_RLN_0050,301,301,301,302,Roland,main,male,roland,assets/triangle-strategy/approved_voice_references/roland.wav,ชาวโรเซลล์ถูกบังคับให้ทำงานจนหลังแทบหัก,,,PENDING_MANUAL_GENERATION,,triangle-strategy
295,MS11_H01_VOTE_START_M_RLN_0060.wav,MS11_H01_VOTE_START_M_RLN_0060,302,302,302,303,Roland,main,male,roland,assets/triangle-strategy/approved_voice_references/roland.wav,สร้างความเดือดร้อนแบบนี้ มีคนดีๆที่ไหนเขาทำกัน?,,,PENDING_MANUAL_GENERATION,,triangle-strategy
296,MS11_H01_VOTE_START_M_SEL_0010.wav,MS11_H01_VOTE_START_M_SEL_0010,304,304,304,305,Serenoa,main,male,serenoa,assets/triangle-strategy/approved_voice_references/serenoa.wav,เอสฟรอสต์กับเกลนบรู๊คทำข้อตกลงถอดถอนไฮแซนต์งั้นเหรอท่าน!?,,,PENDING_MANUAL_GENERATION,,triangle-strategy
297,MS11_H01_VOTE_START_M_SEL_0020.wav,MS11_H01_VOTE_START_M_SEL_0020,305,305,305,306,Serenoa,main,male,serenoa,assets/triangle-strategy/approved_voice_references/serenoa.wav,ตอนนี้เหมือนนอร์เซเลียกำลังยืนอยู่หน้าปากเหว... แต่ไม่รู้ว่าเรื่องอะไรเหมือนกัน,,,PENDING_MANUAL_GENERATION,,triangle-strategy
298,MS11_H01_VOTE_START_M_SEL_0030.wav,MS11_H01_VOTE_START_M_SEL_0030,306,306,306,307,Serenoa,main,male,serenoa,assets/triangle-strategy/approved_voice_references/serenoa.wav,ที่ท่านบอกว่าจะขับไล่ชาวโรเซลล์งั้นเหรอ,,,PENDING_MANUAL_GENERATION,,triangle-strategy
299,MS11_H01_VOTE_START_M_SEL_0040.wav,MS11_H01_VOTE_START_M_SEL_0040,307,307,307,308,Serenoa,main,male,serenoa,assets/triangle-strategy/approved_voice_references/serenoa.wav,ข้า...ขอบคุณที่เสนอแนะกันมานะ แต่จะถกเถียงกันทั้งวันคงไม่ได้หรอก เราต้องเลือกสักทางหนึ่ง,,,PENDING_MANUAL_GENERATION,,triangle-strategy
300,MS11_H01_VOTE_START_M_SEL_0050.wav,MS11_H01_VOTE_START_M_SEL_0050,308,308,308,309,Serenoa,main,male,serenoa,assets/triangle-strategy/approved_voice_references/serenoa.wav,ได้เวลาของตาชั่งแห่งความเชื่ออีกแล้วสินะ,,,PENDING_MANUAL_GENERATION,,triangle-strategy
301,MS11_H01_WD_0010_N_NNN_0010.wav,MS11_H01_WD_0010_N_NNN_0010,309,309,309,310,Narrator,narrator,female,narrator,assets/triangle-strategy/approved_voice_references/narrator.wav,ในยุคของลอร์ดซีมอน เขาได้ปกป้องชาวโรเซลล์ผู้หลบหนีจากไฮแซนต์ และสร้างหมู่บ้านขึ้นภายในเขตปกครองวูล์ฟฟอร์ต,,,PENDING_MANUAL_GENERATION,,triangle-strategy
302,MS11_H01_WD_0010_N_NNN_0020.wav,MS11_H01_WD_0010_N_NNN_0020,310,310,310,311,Narrator,narrator,female,narrator,assets/triangle-strategy/approved_voice_references/narrator.wav,สามสิบปีล่วงเลยไป หัวหน้านักบวชใช้การค้าเกลือเป็นข้ออ้างในการส่งชาวโรเซลล์กลับมายังนาเกลือ สถานที่ซึ่งชาวไฮแซนต์บังคับให้พวกเขาอยู่อาศัย,,,PENDING_MANUAL_GENERATION,,triangle-strategy
303,MS11_H01_WD_0010_N_NNN_0030.wav,MS11_H01_WD_0010_N_NNN_0030,311,311,311,312,Narrator,narrator,female,narrator,assets/triangle-strategy/approved_voice_references/narrator.wav,หลังพบว่ามีความผิดในการตัดสินคดี เซเรโนอาจึงไม่มีทางเลือกนอกเสียจากต้องยินยอม,,,PENDING_MANUAL_GENERATION,,triangle-strategy
304,MS11_H01_WD_0010_N_NNN_0040.wav,MS11_H01_WD_0010_N_NNN_0040,312,312,312,313,Narrator,narrator,female,narrator,assets/triangle-strategy/approved_voice_references/narrator.wav,เพื่อรักษาไมตรีของหัวหน้านักบวชและการคุ้มครองจากพวกเขา เซเรโนอาจึงต้องยินยอมแต่โดยดี,,,PENDING_MANUAL_GENERATION,,triangle-strategy
305,MS11_H01_WD_0010_N_NNN_0050.wav,MS11_H01_WD_0010_N_NNN_0050,313,313,313,314,Narrator,narrator,female,narrator,assets/triangle-strategy/approved_voice_references/narrator.wav,เนื่องจากตระกูลเอนด์ได้พังพินาศไม่เหลือชิ้นดี จึงเหลือตำแหน่งผู้ศักดิ์สิทธิ์ที่รอคนสืบต่อ ข่าวลือของตระกูลวูล์ฟฟอร์ตก็เริ่มแพร่กระจายไปทั่วไฮแซนต์,,,PENDING_MANUAL_GENERATION,,triangle-strategy
306,MS11_H01_WD_0020_N_NNN_0010.wav,MS11_H01_WD_0020_N_NNN_0010,314,314,314,315,Narrator,narrator,female,narrator,assets/triangle-strategy/approved_voice_references/narrator.wav,เซเรโนอากับเหล่าสหายได้กลับแคว้นของตนด้วยความหนักใจในภาระหนักอึ้งที่ไฮแซนต์มอบให้พวกเขา,,,PENDING_MANUAL_GENERATION,,triangle-strategy
307,MS11_H01_WD_0020_N_NNN_0020.wav,MS11_H01_WD_0020_N_NNN_0020,315,315,315,316,Narrator,narrator,female,narrator,assets/triangle-strategy/approved_voice_references/narrator.wav,ในขณะเดียวกัน อาณาจักรเกลนบรู๊คก็เริ่มเดินเกมภายใต้การปกครองของราชินีคอร์เดเลีย,,,PENDING_MANUAL_GENERATION,,triangle-strategy
308,MS11_H01_WD_0020_N_NNN_0030.wav,MS11_H01_WD_0020_N_NNN_0030,316,316,316,317,Narrator,narrator,female,narrator,assets/triangle-strategy/approved_voice_references/narrator.wav,ทางอาณาจักรได้ปฏิญญาร่วมกับเอสฟรอสต์เพื่อต่อกรกับไฮแซนต์ ตัดขาดการซื้อขายและสายสัมพันธ์ระหว่างรัฐศักดิ์สิทธิ์,,,PENDING_MANUAL_GENERATION,,triangle-strategy
309,MS11_X20_A1_0010_F_FRE_0010.wav,MS11_X20_A1_0010_F_FRE_0010,317,317,317,318,Frederica,main,female,frederica,assets/triangle-strategy/approved_voice_references/frederica.wav,ดีใจที่เห็นชอบตรงกันนะ,,,PENDING_MANUAL_GENERATION,,triangle-strategy
310,MS11_X20_A1_0010_F_FRE_0020.wav,MS11_X20_A1_0010_F_FRE_0020,318,318,318,319,Frederica,main,female,frederica,assets/triangle-strategy/approved_voice_references/frederica.wav,ท่านทำอะไร ซิลวิโอ้!?,,,PENDING_MANUAL_GENERATION,,triangle-strategy
311,MS11_X20_A1_0010_M_BND_0010.wav,MS11_X20_A1_0010_M_BND_0010,319,319,319,320,Benedict,main,male,benedict,assets/triangle-strategy/approved_voice_references/benedict.wav,การเจรจาครั้งนี้เป็นเรื่องละเอียดอ่อน ระวังคำพูดให้ดีนะขอรับ,,,PENDING_MANUAL_GENERATION,,triangle-strategy
312,MS11_X20_A1_0010_M_BND_0020.wav,MS11_X20_A1_0010_M_BND_0020,320,320,320,321,Benedict,main,male,benedict,assets/triangle-strategy/approved_voice_references/benedict.wav,"พา ""ผู้พิชิตวีรชน"" มาด้วยเหรอเนี่ย...",,,PENDING_MANUAL_GENERATION,,triangle-strategy
313,MS11_X20_A1_0010_M_BND_0030.wav,MS11_X20_A1_0010_M_BND_0030,321,321,321,322,Benedict,main,male,benedict,assets/triangle-strategy/approved_voice_references/benedict.wav,พูดจาเหมือนตัวเองเชื่อใจได้เลยนะ...,,,PENDING_MANUAL_GENERATION,,triangle-strategy
314,MS11_X20_A1_0010_M_BND_0040.wav,MS11_X20_A1_0010_M_BND_0040,322,322,322,323,Benedict,main,male,benedict,assets/triangle-strategy/approved_voice_references/benedict.wav,นายท่านขอรับ เหมือนว่าสถานการณ์ของเราตอนนี้...กำลังอยู่ในอันตราย,,,PENDING_MANUAL_GENERATION,,triangle-strategy
315,MS11_X20_A1_0010_M_ELA_0010.wav,MS11_X20_A1_0010_M_ELA_0010,323,323,323,324,Erador,main,male,erador,assets/triangle-strategy/approved_voice_references/erador.wav,ซิลวิโอ้!? ยังจะเสนอหน้ามาที่นี่อีกเหรอ มันจะยิ้มระรื่นอะไรขนาดนี้!,,,PENDING_MANUAL_GENERATION,,triangle-strategy
316,MS11_X20_A1_0010_M_ELA_0020.wav,MS11_X20_A1_0010_M_ELA_0020,324,324,324,325,Erador,main,male,erador,assets/triangle-strategy/approved_voice_references/erador.wav,"นายท่านขอรับ ชายผู้นั้นที่ยืนอยู่ข้างเขา... มีสมญานามว่า ""ผู้พิชิตติดตลก""",,,PENDING_MANUAL_GENERATION,,triangle-strategy
317,MS11_X20_A1_0010_M_RLN_0010.wav,MS11_X20_A1_0010_M_RLN_0010,325,325,325,326,Roland,main,male,roland,assets/triangle-strategy/approved_voice_references/roland.wav,เอาล่ะ คำถามคือเราจะเจรจาขอความร่วมมือจากชาวโรเซลล์ยังไง?,,,PENDING_MANUAL_GENERATION,,triangle-strategy
318,MS11_X20_A1_0010_M_ROF_0010.wav,MS11_X20_A1_0010_M_ROF_0010,326,326,326,327,รูฟัส,npc,male,rufus,,อย่าโกรธกันนะ ข้ามาทำงานเฉยๆ,,,BLOCKED_PENDING_REFERENCE_AUDIO,,triangle-strategy
319,MS11_X20_A1_0010_M_ROF_0020.wav,MS11_X20_A1_0010_M_ROF_0020,327,327,327,328,รูฟัส,npc,male,rufus,,"""ผู้พิชิตวีรชน"" โว้ย แต่พวกติดตลกนี่ก็ตายคาตีนข้ามาพอสมควรเลยนะ",,,BLOCKED_PENDING_REFERENCE_AUDIO,,triangle-strategy
320,MS11_X20_A1_0010_M_ROF_0030.wav,MS11_X20_A1_0010_M_ROF_0030,328,328,328,329,รูฟัส,npc,male,rufus,,พอดีลอร์ดซิลวิโอ้เขาจ้างข้ามาน่ะ,,,BLOCKED_PENDING_REFERENCE_AUDIO,,triangle-strategy
321,MS11_X20_A1_0010_M_ROF_0040.wav,MS11_X20_A1_0010_M_ROF_0040,329,329,329,330,รูฟัส,npc,male,rufus,,ตอนแรกเขาตั้งใจจะสร้างผลงานคนเดียว แต่ประสบการณ์ครั้งนั้นทำให้เขาต้องแบ่งปันให้คนอื่นด้วย,,,BLOCKED_PENDING_REFERENCE_AUDIO,,triangle-strategy
322,MS11_X20_A1_0010_M_SEL_0010.wav,MS11_X20_A1_0010_M_SEL_0010,330,330,330,331,Serenoa,main,male,serenoa,assets/triangle-strategy/approved_voice_references/serenoa.wav,อย่าใช้กำลังเพื่อแก้ปัญหาขอรับ ไม่ว่าจะนานเพียงใดก็ต้องเจรจาอย่างสันติ,,,PENDING_MANUAL_GENERATION,,triangle-strategy
323,MS11_X20_A1_0010_M_SEL_0020.wav,MS11_X20_A1_0010_M_SEL_0020,331,331,331,332,Serenoa,main,male,serenoa,assets/triangle-strategy/approved_voice_references/serenoa.wav,ลอร์ดซิลวิโอ้!? ท่านยังไม่ตาย!,,,PENDING_MANUAL_GENERATION,,triangle-strategy
324,MS11_X20_A1_0010_M_SEL_0030.wav,MS11_X20_A1_0010_M_SEL_0030,332,332,332,333,Serenoa,main,male,serenoa,assets/triangle-strategy/approved_voice_references/serenoa.wav,แสดงว่าเขาเสนอที่ซุกหัวนอนให้ท่านน่ะสิ,,,PENDING_MANUAL_GENERATION,,triangle-strategy
325,MS11_X20_A1_0010_M_SEL_0040.wav,MS11_X20_A1_0010_M_SEL_0040,333,333,333,334,Serenoa,main,male,serenoa,assets/triangle-strategy/approved_voice_references/serenoa.wav,ขอบคุณรัฐมนตรีอิดอร์ที่เป็นห่วง รวมถึงพวกท่านที่อุตส่าห์เดินทางไกลมาหาเราด้วย แต่เราจะเจรจากับพวกเขาด้วยคำพูด ไม่ใช่คมดาบขอรับ,,,PENDING_MANUAL_GENERATION,,triangle-strategy
326,MS11_X20_A1_0010_M_SEL_0060.wav,MS11_X20_A1_0010_M_SEL_0060,335,335,335,336,Serenoa,main,male,serenoa,assets/triangle-strategy/approved_voice_references/serenoa.wav,น่าจะเป็นเช่นนั้น เราต้องใช้วิธีที่รอบคอบกว่านี้แล้วล่ะ,,,PENDING_MANUAL_GENERATION,,triangle-strategy
327,MS11_X20_A1_0010_M_SLV_0010.wav,MS11_X20_A1_0010_M_SLV_0010,336,336,336,337,ซิลวิโอ้,npc,male,silvio,,ข้ารู้ทางน่า...ไม่ต้องมาบอกข้าหรอก! จะปราสาทไหนมันก็เหมือนๆกันนั่นแหละ!,,,BLOCKED_PENDING_REFERENCE_AUDIO,,triangle-strategy
328,MS11_X20_A1_0010_M_SLV_0020.wav,MS11_X20_A1_0010_M_SLV_0020,337,337,337,338,ซิลวิโอ้,npc,male,silvio,,แหมๆ สหายเอ๋ย ไม่ได้เจอกันนานเลยนะ!,,,BLOCKED_PENDING_REFERENCE_AUDIO,,triangle-strategy
329,MS11_X20_A1_0010_M_SLV_0030.wav,MS11_X20_A1_0010_M_SLV_0030,338,338,338,339,ซิลวิโอ้,npc,male,silvio,,ตายจริง ปกติเจ้าหยาบคาบกับผู้นำตระกูลเช่นนี้เลยเหรอ? ข้าเป็นผู้ส่งสารแห่งเจ็ดผู้ศักดิ์สิทธิ์เชียวนะ,,,BLOCKED_PENDING_REFERENCE_AUDIO,,triangle-strategy
330,MS11_X20_A1_0010_M_SLV_0040.wav,MS11_X20_A1_0010_M_SLV_0040,339,339,339,340,ซิลวิโอ้,npc,male,silvio,,ปัญหาการเมืองแค่นี้โค่นผู้นำตระกูลอย่างข้าไม่ลงหรอกน่า เว้นเสียแต่ท่านจะทำตัวเหมือนแลนดรอยผู้เอาชีวิตตัวเองไปทิ้งในศักดิ์ศรีไร้สาระ,,,BLOCKED_PENDING_REFERENCE_AUDIO,,triangle-strategy
331,MS11_X20_A1_0010_M_SLV_0050.wav,MS11_X20_A1_0010_M_SLV_0050,340,340,340,341,ซิลวิโอ้,npc,male,silvio,,ตราบใดที่ข้ายังมีลมหายใจ ตระกูลเทลลิออร์จะยืนหยัดอย่างภาคภูมิ แม้ว่าแคว้นของเราจะถูกช่วงชิงไปก็ตาม,,,BLOCKED_PENDING_REFERENCE_AUDIO,,triangle-strategy
332,MS11_X20_A1_0010_M_SLV_0060.wav,MS11_X20_A1_0010_M_SLV_0060,341,341,341,342,ซิลวิโอ้,npc,male,silvio,,ถูกต้อง รัฐมนตรีอิดอร์สั่งให้ข้ามาช่วยท่านเจรจาให้พวกโรเซลล์ตาสว่าง,,,BLOCKED_PENDING_REFERENCE_AUDIO,,triangle-strategy
333,MS11_X20_A1_0010_M_SLV_0070.wav,MS11_X20_A1_0010_M_SLV_0070,342,342,342,343,ซิลวิโอ้,npc,male,silvio,,นึกถึงสมัยก่อนเลยเนอะ? ตระกูลสูงส่งมาร่วมมือร่วมใจกันอีกครั้ง,,,BLOCKED_PENDING_REFERENCE_AUDIO,,triangle-strategy
334,MS11_X20_A1_0010_M_SLV_0080.wav,MS11_X20_A1_0010_M_SLV_0080,343,343,343,344,ซิลวิโอ้,npc,male,silvio,,เกรงว่าจะสายไปแล้วล่ะ!,,,BLOCKED_PENDING_REFERENCE_AUDIO,,triangle-strategy
335,MS11_X20_A1_0010_M_SLV_0090.wav,MS11_X20_A1_0010_M_SLV_0090,344,344,344,345,ซิลวิโอ้,npc,male,silvio,,ข้าพยายามทำให้พวกมันเข้าใจในหลักคำสอนของเทพธิดาแล้ว แต่พวกมันกลับจู่โจมข้าซะงั้น! อวดดีเหลือเกินนะว่าไหม?,,,BLOCKED_PENDING_REFERENCE_AUDIO,,triangle-strategy
336,MS11_X20_A1_0010_M_SLV_0100.wav,MS11_X20_A1_0010_M_SLV_0100,345,345,345,346,ซิลวิโอ้,npc,male,silvio,,ไฮแซนต์กำลังทดสอบความซื่อสัตย์ ซึ่งมันเป็นสิ่งกำหนดความเป็นและความตายของเรา ก็เลยต้องรีบลงมือก่อนที่จะสายเกินไปน่ะ!,,,BLOCKED_PENDING_REFERENCE_AUDIO,,triangle-strategy
337,MS11_X20_A1_0010_M_SLV_0110.wav,MS11_X20_A1_0010_M_SLV_0110,346,346,346,347,ซิลวิโอ้,npc,male,silvio,,จงอย่าได้กลัวเลย! หากเราร่วมทัพกัน ชาวโรเซลล์ยกโขยงมาสู้เราไม่ไหวหรอกน่า!,,,BLOCKED_PENDING_REFERENCE_AUDIO,,triangle-strategy
338,MS11_X20_A1_1010_F_FRE_0010.wav,MS11_X20_A1_1010_F_FRE_0010,347,347,347,348,Frederica,main,female,frederica,assets/triangle-strategy/approved_voice_references/frederica.wav,พวกเรารับประกันได้ ไฮแซนต์ไม่ทำร้ายพวกเจ้าแน่นอน,,,PENDING_MANUAL_GENERATION,,triangle-strategy
339,MS11_X20_A1_1010_F_FRE_0020.wav,MS11_X20_A1_1010_F_FRE_0020,348,348,348,349,Frederica,main,female,frederica,assets/triangle-strategy/approved_voice_references/frederica.wav,คือ... ข้า...,,,PENDING_MANUAL_GENERATION,,triangle-strategy
340,MS11_X20_A1_1010_F_FRE_0030.wav,MS11_X20_A1_1010_F_FRE_0030,349,349,349,350,Frederica,main,female,frederica,assets/triangle-strategy/approved_voice_references/frederica.wav,เจอร์รอม ก่อนหน้านี้เคยพูดถึงแม่ข้าใช่ไหม แสดงว่าเจ้ารู้จักนางดีเลยงั้นสิ?,,,PENDING_MANUAL_GENERATION,,triangle-strategy
341,MS11_X20_A1_1010_F_FRE_0040.wav,MS11_X20_A1_1010_F_FRE_0040,350,350,350,351,Frederica,main,female,frederica,assets/triangle-strategy/approved_voice_references/frederica.wav,ข้าไม่รู้มาก่อนเลย ได้ยินแค่นางหลบหนีจากไฮแซนต์ แต่ไม่คิดว่านางจะเป็นตัวแปรสำคัญในอิสรภาพของพวกเจ้าด้วย,,,PENDING_MANUAL_GENERATION,,triangle-strategy
342,MS11_X20_A1_1010_F_FRE_0050.wav,MS11_X20_A1_1010_F_FRE_0050,351,351,351,352,Frederica,main,female,frederica,assets/triangle-strategy/approved_voice_references/frederica.wav,"เทพีแท้จริงเหรอ? แล้ว ""พร"" อะไรกันนะที่นางพูดถึง?",,,PENDING_MANUAL_GENERATION,,triangle-strategy
343,MS11_X20_A1_1010_M_BND_0010.wav,MS11_X20_A1_1010_M_BND_0010,352,352,352,353,Benedict,main,male,benedict,assets/triangle-strategy/approved_voice_references/benedict.wav,อนาคตของตระกูลวูล์ฟฟอร์ตขึ้นอยู่กับเจ้า พวกเราให้ที่พักอาศัยในยามยาก เราจึงอยากให้เจ้าช่วยเราเป็นการตอบแทนบ้าง,,,PENDING_MANUAL_GENERATION,,triangle-strategy
344,MS11_X20_A1_1010_M_BND_0020.wav,MS11_X20_A1_1010_M_BND_0020,353,353,353,354,Benedict,main,male,benedict,assets/triangle-strategy/approved_voice_references/benedict.wav,เราต้องประจบประแจงไฮแซนต์ ถ้าอยากจะช่วยให้ชาวโรเซลล์หลุดพ้น,,,PENDING_MANUAL_GENERATION,,triangle-strategy
345,MS11_X20_A1_1010_M_BND_0030.wav,MS11_X20_A1_1010_M_BND_0030,354,354,354,355,Benedict,main,male,benedict,assets/triangle-strategy/approved_voice_references/benedict.wav,รูปปั้นที่ตั้งอยู่กลางนาเกลือน่ะเหรอ? ข้าไม่เคยได้ยินเรื่องราวเช่นนั้นเลย,,,PENDING_MANUAL_GENERATION,,triangle-strategy
346,MS11_X20_A1_1010_M_BND_0040.wav,MS11_X20_A1_1010_M_BND_0040,355,355,355,356,Benedict,main,male,benedict,assets/triangle-strategy/approved_voice_references/benedict.wav,ปล่อยเขาไปเถอะ ถ้าไม่เกิดการเสียสละ พวกเราก็ไม่รอดขอรับ,,,PENDING_MANUAL_GENERATION,,triangle-strategy
347,MS11_X20_A1_1010_M_BND_0050.wav,MS11_X20_A1_1010_M_BND_0050,356,356,356,357,Benedict,main,male,benedict,assets/triangle-strategy/approved_voice_references/benedict.wav,อย่าพึ่งท้อนะขอรับ นายท่าน,,,PENDING_MANUAL_GENERATION,,triangle-strategy
348,MS11_X20_A1_1010_M_BND_0060.wav,MS11_X20_A1_1010_M_BND_0060,357,357,357,358,Benedict,main,male,benedict,assets/triangle-strategy/approved_voice_references/benedict.wav,แม้ว่าท่านจะเป็นผู้นำตระกูล แต่เราทุกคนต่างแบกภาระในการตัดสินใจพร้อมกับท่าน,,,PENDING_MANUAL_GENERATION,,triangle-strategy
349,MS11_X20_A1_1010_M_BND_0070.wav,MS11_X20_A1_1010_M_BND_0070,358,358,358,359,Benedict,main,male,benedict,assets/triangle-strategy/approved_voice_references/benedict.wav,หากต้องมีการนองเลือด พวกเราก็จะเสียเลือดเนื้อไปด้วยกัน พวกเราตัดสินใจร่วมกัน,,,PENDING_MANUAL_GENERATION,,triangle-strategy
350,MS11_X20_A1_1010_M_BND_0080.wav,MS11_X20_A1_1010_M_BND_0080,359,359,359,360,Benedict,main,male,benedict,assets/triangle-strategy/approved_voice_references/benedict.wav,...ขอรับนายท่าน,,,PENDING_MANUAL_GENERATION,,triangle-strategy
351,MS11_X20_A1_1010_M_JRM_0010.wav,MS11_X20_A1_1010_M_JRM_0010,360,360,360,361,เจอร์รอม,npc,male,jerrom,,...ข้าเข้าใจว่าสถานการณ์มันบีบบังคับ,,,BLOCKED_PENDING_REFERENCE_AUDIO,,triangle-strategy
352,MS11_X20_A1_1010_M_JRM_0020.wav,MS11_X20_A1_1010_M_JRM_0020,361,361,361,362,เจอร์รอม,npc,male,jerrom,,แต่ข้าต้องปฏิเสธคำขอของท่านจริงๆ,,,BLOCKED_PENDING_REFERENCE_AUDIO,,triangle-strategy
353,MS11_X20_A1_1010_M_JRM_0030.wav,MS11_X20_A1_1010_M_JRM_0030,362,362,362,363,เจอร์รอม,npc,male,jerrom,,พวกเราเป็นหนี้ชีวิตวูล์ฟฟอร์ต และข้าขอบคุณน้ำใจของพวกท่านอย่างยิ่ง,,,BLOCKED_PENDING_REFERENCE_AUDIO,,triangle-strategy
354,MS11_X20_A1_1010_M_JRM_0040.wav,MS11_X20_A1_1010_M_JRM_0040,363,363,363,364,เจอร์รอม,npc,male,jerrom,,แต่ข้าไม่อยากเอาชีวิตไปทิ้งที่ไฮแซนต์ ข้าไม่ยอมให้ชาวบ้านต้องเสียสละเช่นนี้,,,BLOCKED_PENDING_REFERENCE_AUDIO,,triangle-strategy
355,MS11_X20_A1_1010_M_JRM_0050.wav,MS11_X20_A1_1010_M_JRM_0050,364,364,364,365,เจอร์รอม,npc,male,jerrom,,ขออภัยนะขอรับท่านหญิง แต่หากท่านยืนยันเรื่องนี้ได้จริง ท่านจะมาคุยกับเราแต่แรกทำไม?,,,BLOCKED_PENDING_REFERENCE_AUDIO,,triangle-strategy
356,MS11_X20_A1_1010_M_JRM_0060.wav,MS11_X20_A1_1010_M_JRM_0060,365,365,365,366,เจอร์รอม,npc,male,jerrom,,แล้วพวกเราต้องทนทุกข์ไปอีกนานแค่ไหน จนกว่าจะถึงวันนั้นล่ะขอรับ? พวกเราต้องล้มตายอีกกี่คน?,,,BLOCKED_PENDING_REFERENCE_AUDIO,,triangle-strategy
357,MS11_X20_A1_1010_M_JRM_0070.wav,MS11_X20_A1_1010_M_JRM_0070,366,366,366,367,เจอร์รอม,npc,male,jerrom,,อนาคตที่ท่านวาดฝันอาจดูสดใส แต่เราไม่เคยอยู่ในจุดที่สูงเช่นท่านหรอกนะ,,,BLOCKED_PENDING_REFERENCE_AUDIO,,triangle-strategy
358,MS11_X20_A1_1010_M_JRM_0080.wav,MS11_X20_A1_1010_M_JRM_0080,367,367,367,368,เจอร์รอม,npc,male,jerrom,,หากท่านยังกล้าขับไล่เราออกจากหมู่บ้านอีก พวกเราก็จะสู้กลับเหมือนกัน,,,BLOCKED_PENDING_REFERENCE_AUDIO,,triangle-strategy
359,MS11_X20_A1_1010_M_JRM_0090.wav,MS11_X20_A1_1010_M_JRM_0090,368,368,368,369,เจอร์รอม,npc,male,jerrom,,นายท่าน ข้ารู้ดีว่าท่านต้องการสิ่งใด,,,BLOCKED_PENDING_REFERENCE_AUDIO,,triangle-strategy
360,MS11_X20_A1_1010_M_JRM_0100.wav,MS11_X20_A1_1010_M_JRM_0100,369,369,369,370,เจอร์รอม,npc,male,jerrom,,จริงๆ ข้าก็อยากออกไปจากหมู่บ้านแห่งนี้ เดินเหินบนถนนอย่างอิสระไร้กังวล ตามความใฝ่ฝันของข้า,,,BLOCKED_PENDING_REFERENCE_AUDIO,,triangle-strategy
361,MS11_X20_A1_1010_M_JRM_0110.wav,MS11_X20_A1_1010_M_JRM_0110,370,370,370,371,เจอร์รอม,npc,male,jerrom,,เพราะการกลับสู่นาเกลือ คือการละทิ้งศักดิ์ศรีและชีวิตอันน้อยนิดของเรา,,,BLOCKED_PENDING_REFERENCE_AUDIO,,triangle-strategy
362,MS11_X20_A1_1010_M_JRM_0120.wav,MS11_X20_A1_1010_M_JRM_0120,371,371,371,372,เจอร์รอม,npc,male,jerrom,,แล้วระหว่างนั้น คิดว่าเราจะตกเป็นทาสพวกมันถึงเมื่อไหร่ขอรับ?,,,BLOCKED_PENDING_REFERENCE_AUDIO,,triangle-strategy
363,MS11_X20_A1_1010_M_JRM_0130.wav,MS11_X20_A1_1010_M_JRM_0130,372,372,372,373,เจอร์รอม,npc,male,jerrom,,เปล่าหรอกขอรับ พ่อแม่ข้าต่างหากที่เอาแต่พูดถึงนาง ในสมัยที่เป็นแกนนำปฏิวัติชาวโรเซลล์,,,BLOCKED_PENDING_REFERENCE_AUDIO,,triangle-strategy
364,MS11_X20_A1_1010_M_JRM_0140.wav,MS11_X20_A1_1010_M_JRM_0140,373,373,373,374,เจอร์รอม,npc,male,jerrom,,พวกเราอาจไม่รอดมาถึงวูล์ฟฟอร์ตแล้วก็ได้ หากไม่ได้นางช่วยไว้,,,BLOCKED_PENDING_REFERENCE_AUDIO,,triangle-strategy
365,MS11_X20_A1_1010_M_JRM_0150.wav,MS11_X20_A1_1010_M_JRM_0150,374,374,374,375,เจอร์รอม,npc,male,jerrom,,นางคือหญิงแกร่งทั้งกายและใจ ว่ากันว่านางได้ทิ้งรอยแผลอำลาไว้บนรูปปั้นเทพธิดาด้วยล่ะ,,,BLOCKED_PENDING_REFERENCE_AUDIO,,triangle-strategy
366,MS11_X20_A1_1010_M_JRM_0160.wav,MS11_X20_A1_1010_M_JRM_0160,375,375,375,376,เจอร์รอม,npc,male,jerrom,,ท่านไม่น่าจะเคยได้ยินอยู่แล้ว ไฮแซนต์ไม่ยอมให้เรื่องอื้อฉาวแบบนี้หลุดออกจากอาณาจักรหรอก เราเห็นด้วยตาตัวเองจึงมาเล่าสู่กันฟังน่ะขอรับ,,,BLOCKED_PENDING_REFERENCE_AUDIO,,triangle-strategy
367,MS11_X20_A1_1010_M_JRM_0170.wav,MS11_X20_A1_1010_M_JRM_0170,376,376,376,377,เจอร์รอม,npc,male,jerrom,,ท่านหญิงปลุกใจพวกเราให้ปฏิวัติด้วยถ้อยคำเหล่านี้,,,BLOCKED_PENDING_REFERENCE_AUDIO,,triangle-strategy
368,MS11_X20_A1_1010_M_JRM_0180.wav,MS11_X20_A1_1010_M_JRM_0180,377,377,377,378,เจอร์รอม,npc,male,jerrom,,"""คำสอนแห่งรัฐศักดิ์สิทธิ์เป็นสิ่งหลอกตา พรแห่งเทพีสมควรแจกจ่ายให้ทุกคนในนอร์เซเลีย""",,,BLOCKED_PENDING_REFERENCE_AUDIO,,triangle-strategy
369,MS11_X20_A1_1010_M_JRM_0190.wav,MS11_X20_A1_1010_M_JRM_0190,378,378,378,379,เจอร์รอม,npc,male,jerrom,,"""พรแห่งเทพีแท้จริง คือกุญแจปลดโซ่พันธนาการของเรา""",,,BLOCKED_PENDING_REFERENCE_AUDIO,,triangle-strategy
370,MS11_X20_A1_1010_M_JRM_0200.wav,MS11_X20_A1_1010_M_JRM_0200,379,379,379,380,เจอร์รอม,npc,male,jerrom,,ถ้ารู้ก็ดีสิขอรับ ส่วนคนอื่นๆคงเหนื่อยที่จะสู้ จึงปลีกตัวจากท่านหญิงออลายาออกมาใช้ชีวิตอย่างสงบสุข,,,BLOCKED_PENDING_REFERENCE_AUDIO,,triangle-strategy
371,MS11_X20_A1_1010_M_JRM_0210.wav,MS11_X20_A1_1010_M_JRM_0210,380,380,380,381,เจอร์รอม,npc,male,jerrom,,และเป็นการตัดสินใจที่ทำให้เรารู้สึกเสียดายจนถึงทุกวันนี้,,,BLOCKED_PENDING_REFERENCE_AUDIO,,triangle-strategy
372,MS11_X20_A1_1010_M_JRM_0220.wav,MS11_X20_A1_1010_M_JRM_0220,381,381,381,382,เจอร์รอม,npc,male,jerrom,,"บางที ""พร"" นั่น อาจเป็นสิ่งที่โค่นเผด็จการไฮแซนต์ก็ได้",,,BLOCKED_PENDING_REFERENCE_AUDIO,,triangle-strategy
373,MS11_X20_A1_1010_M_JRM_0230.wav,MS11_X20_A1_1010_M_JRM_0230,382,382,382,383,เจอร์รอม,npc,male,jerrom,,...นี่ท่านเชื่อเรื่องนี้จริงๆเหรอ? มันเป็นแค่คำพูดปลุกใจคนที่กำลังดิ้นรนสู้นะขอรับ,,,BLOCKED_PENDING_REFERENCE_AUDIO,,triangle-strategy
374,MS11_X20_A1_1010_M_JRM_0240.wav,MS11_X20_A1_1010_M_JRM_0240,383,383,383,384,เจอร์รอม,npc,male,jerrom,,ลอร์ดเซเรโนอา...,,,BLOCKED_PENDING_REFERENCE_AUDIO,,triangle-strategy
375,MS11_X20_A1_1010_M_JRM_0250.wav,MS11_X20_A1_1010_M_JRM_0250,384,384,384,385,เจอร์รอม,npc,male,jerrom,,ขออภัยด้วยขอรับ แต่ข้าบอกทุกอย่างไปหมดแล้วจริงๆ ตอนนี้มืดค่ำแล้ว พวกเราต้องพักผ่อนเตรียมรับมือในวันพรุ่งนี้ขอรับ,,,BLOCKED_PENDING_REFERENCE_AUDIO,,triangle-strategy
376,MS11_X20_A1_1010_M_JRM_0260.wav,MS11_X20_A1_1010_M_JRM_0260,385,385,385,386,เจอร์รอม,npc,male,jerrom,,ข้าเห็นแล้วว่าท่านไม่ได้อยู่สูงไปกว่าเรา,,,BLOCKED_PENDING_REFERENCE_AUDIO,,triangle-strategy
377,MS11_X20_A1_1010_M_JRM_0270.wav,MS11_X20_A1_1010_M_JRM_0270,386,386,386,387,เจอร์รอม,npc,male,jerrom,,ท่านก็ดิ้นรนหาทางรอดเช่นเดียวกับพวกเราเช่นกัน,,,BLOCKED_PENDING_REFERENCE_AUDIO,,triangle-strategy
378,MS11_X20_A1_1010_M_RLN_0010.wav,MS11_X20_A1_1010_M_RLN_0010,387,387,387,388,Roland,main,male,roland,assets/triangle-strategy/approved_voice_references/roland.wav,พวกเราต้องล้มลุกคลุกคลาน... ตกต่ำกันขนาดนี้แล้วสินะ,,,PENDING_MANUAL_GENERATION,,triangle-strategy
379,MS11_X20_A1_1010_M_ROF_0010.wav,MS11_X20_A1_1010_M_ROF_0010,388,388,388,389,รูฟัส,npc,male,rufus,,แต่ไม่ต้องห่วง ถ้าไม่ร่วมมือก็คงต้องใช้อีกวิธี,,,BLOCKED_PENDING_REFERENCE_AUDIO,,triangle-strategy
380,MS11_X20_A1_1010_M_SEL_0010.wav,MS11_X20_A1_1010_M_SEL_0010,389,389,389,390,Serenoa,main,male,serenoa,assets/triangle-strategy/approved_voice_references/serenoa.wav,กลับไปคิดดูให้ดีก่อนก็ได้ เสี่ยงขนาดนี้อย่าเพิ่งรีบด่วนตัดสินใจนักเลย,,,PENDING_MANUAL_GENERATION,,triangle-strategy
381,MS11_X20_A1_1010_M_SEL_0020.wav,MS11_X20_A1_1010_M_SEL_0020,390,390,390,391,Serenoa,main,male,serenoa,assets/triangle-strategy/approved_voice_references/serenoa.wav,ถูกของเจ้า เรื่องนั้นข้าขอโทษด้วย แต่ช่วยเห็นแก่อนาคตเถอะนะ,,,PENDING_MANUAL_GENERATION,,triangle-strategy
382,MS11_X20_A1_1010_M_SEL_0030.wav,MS11_X20_A1_1010_M_SEL_0030,391,391,391,392,Serenoa,main,male,serenoa,assets/triangle-strategy/approved_voice_references/serenoa.wav,หากพวกเจ้ายังไม่กลับไป ไฮแซนต์ก็จะตามล้างผลาญไม่เลิก ชัดเจนใช่ไหม,,,PENDING_MANUAL_GENERATION,,triangle-strategy
383,MS11_X20_A1_1010_M_SEL_0040.wav,MS11_X20_A1_1010_M_SEL_0040,392,392,392,393,Serenoa,main,male,serenoa,assets/triangle-strategy/approved_voice_references/serenoa.wav,พอเราหมดประโยชน์ พวกมันก็จะบดขยี้เราและทำลายหมู่บ้านทิ้ง,,,PENDING_MANUAL_GENERATION,,triangle-strategy
384,MS11_X20_A1_1010_M_SEL_0050.wav,MS11_X20_A1_1010_M_SEL_0050,393,393,393,394,Serenoa,main,male,serenoa,assets/triangle-strategy/approved_voice_references/serenoa.wav,เจอร์รอม ขอร้องล่ะ...,,,PENDING_MANUAL_GENERATION,,triangle-strategy
385,MS11_X20_A1_1010_M_SEL_0060.wav,MS11_X20_A1_1010_M_SEL_0060,394,394,394,395,Serenoa,main,male,serenoa,assets/triangle-strategy/approved_voice_references/serenoa.wav,มันไม่ถึงขั้นนั้นหรอก เราจะหาวิธีตกลงกันอย่างลงตัวทั้งสองฝ่าย,,,PENDING_MANUAL_GENERATION,,triangle-strategy
386,MS11_X20_A1_1010_M_SEL_0070.wav,MS11_X20_A1_1010_M_SEL_0070,395,395,395,396,Serenoa,main,male,serenoa,assets/triangle-strategy/approved_voice_references/serenoa.wav,พวกเราขอพูดอีกหน่อยเถอะนะ,,,PENDING_MANUAL_GENERATION,,triangle-strategy
387,MS11_X20_A1_1010_M_SEL_0080.wav,MS11_X20_A1_1010_M_SEL_0080,396,396,396,397,Serenoa,main,male,serenoa,assets/triangle-strategy/approved_voice_references/serenoa.wav,ฝันของเจ้าเป็นจริงได้ เพราะเราจะสู้และไขว่คว้ามาให้เจ้าเอง,,,PENDING_MANUAL_GENERATION,,triangle-strategy
388,MS11_X20_A1_1010_M_SEL_0090.wav,MS11_X20_A1_1010_M_SEL_0090,397,397,397,398,Serenoa,main,male,serenoa,assets/triangle-strategy/approved_voice_references/serenoa.wav,ยังไม่สายเกินกว่าจะรู้ความจริงนะ เจ้ารู้อะไรเกี่ยวกับพรของนางบ้าง เราจะช่วยหาให้เจ้าเอง,,,PENDING_MANUAL_GENERATION,,triangle-strategy
389,MS11_X20_A1_1010_M_SEL_0100.wav,MS11_X20_A1_1010_M_SEL_0100,398,398,398,399,Serenoa,main,male,serenoa,assets/triangle-strategy/approved_voice_references/serenoa.wav,รู้ไปก็ไม่เห็นเสียหายเลยนี่?,,,PENDING_MANUAL_GENERATION,,triangle-strategy
390,MS11_X20_A1_1010_M_SEL_0110.wav,MS11_X20_A1_1010_M_SEL_0110,399,399,399,400,Serenoa,main,male,serenoa,assets/triangle-strategy/approved_voice_references/serenoa.wav,เจอร์รอม ช้าก่อน!,,,PENDING_MANUAL_GENERATION,,triangle-strategy
391,MS11_X20_A1_1010_M_SEL_0120.wav,MS11_X20_A1_1010_M_SEL_0120,400,400,400,401,Serenoa,main,male,serenoa,assets/triangle-strategy/approved_voice_references/serenoa.wav,ถูกของท่าน เพราะแบบนี้ถึงไม่ควรใช้กำลังยังไงล่ะ,,,PENDING_MANUAL_GENERATION,,triangle-strategy
392,MS11_X20_A1_1010_M_SEL_0130.wav,MS11_X20_A1_1010_M_SEL_0130,401,401,401,402,Serenoa,main,male,serenoa,assets/triangle-strategy/approved_voice_references/serenoa.wav,ตอนนี้ก็อย่าพึ่งใช้ความรุนแรงกันเลย พยายามพูดคุยกับเจอร์รอมด้วยเหตุผลก่อนดีกว่า,,,PENDING_MANUAL_GENERATION,,triangle-strategy
393,MS11_X20_A1_1010_M_SLV_0010.wav,MS11_X20_A1_1010_M_SLV_0010,402,402,402,403,ซิลวิโอ้,npc,male,silvio,,พอได้แล้วลอร์ดเซเรโนอา สงสัยคงพูดด้วยเหตุผลไม่รู้เรื่อง,,,BLOCKED_PENDING_REFERENCE_AUDIO,,triangle-strategy
394,MS11_X20_A1_1010_M_SLV_0020.wav,MS11_X20_A1_1010_M_SLV_0020,403,403,403,404,ซิลวิโอ้,npc,male,silvio,,ตะวันตกดินแล้ว ไว้เราค่อยมาสะสางกันใหม่ในเช้าพรุ่งนี้ ไม่ทางใดก็ทางหนึ่ง,,,BLOCKED_PENDING_REFERENCE_AUDIO,,triangle-strategy
395,MS11_X20_A1_1020_M_JRM_0010.wav,MS11_X20_A1_1020_M_JRM_0010,404,404,404,405,เจอร์รอม,npc,male,jerrom,,...ข้าขอร่วมกับพวกท่านด้วยคนได้ไหม?,,,BLOCKED_PENDING_REFERENCE_AUDIO,,triangle-strategy
396,MS11_X20_A1_1020_M_JRM_0020.wav,MS11_X20_A1_1020_M_JRM_0020,405,405,405,406,เจอร์รอม,npc,male,jerrom,,ฟังตั้งนานแล้วขอรับ แต่ไม่ต้องห่วงหรอกนะ ถึงข้าจะตกใจที่องค์ชายยังมีชีวิตอยู่ แต่ข้าไม่เอาเรื่องนี้ไปบอกใครหรอกขอรับ,,,BLOCKED_PENDING_REFERENCE_AUDIO,,triangle-strategy
397,MS11_X20_A1_1020_M_JRM_0030.wav,MS11_X20_A1_1020_M_JRM_0030,406,406,406,407,เจอร์รอม,npc,male,jerrom,,สิ่งที่ทำให้ข้ารู้สึกสนใจคือวิธีที่ทำให้โลกน่าอยู่ขึ้น ท่านคิดว่าจะพบมันได้ยังไงเหรอ ลอร์ดเซเรโนอา?,,,BLOCKED_PENDING_REFERENCE_AUDIO,,triangle-strategy
398,MS11_X20_A1_1020_M_JRM_0040.wav,MS11_X20_A1_1020_M_JRM_0040,407,407,407,408,เจอร์รอม,npc,male,jerrom,,ข้าเชื่อท่านขอรับ แต่คำพูดสวยหรูขนาดไหนคงไม่ช่วยโน้มน้าวให้เราทิ้งหมู่บ้านแห่งนี้ได้หรอกนะ,,,BLOCKED_PENDING_REFERENCE_AUDIO,,triangle-strategy
399,MS11_X20_A1_1020_M_JRM_0050.wav,MS11_X20_A1_1020_M_JRM_0050,408,408,408,409,เจอร์รอม,npc,male,jerrom,,หากพวกเราตัดสินใจอยู่ที่นี่ ก็จะเท่ากับท่านละทิ้งหน้าที่ต่อหัวหน้านักบวช,,,BLOCKED_PENDING_REFERENCE_AUDIO,,triangle-strategy
400,MS11_X20_A1_1020_M_JRM_0060.wav,MS11_X20_A1_1020_M_JRM_0060,409,409,409,410,เจอร์รอม,npc,male,jerrom,,ฟังแล้วอุ่นใจเหลือเกิน ตอนนี้ข้ารู้สึกมั่นใจกับพวกท่านทั้งสองมากๆ,,,BLOCKED_PENDING_REFERENCE_AUDIO,,triangle-strategy
401,MS11_X20_A1_1020_M_JRM_0070.wav,MS11_X20_A1_1020_M_JRM_0070,410,410,410,411,เจอร์รอม,npc,male,jerrom,,พรุ่งนี้เช้าข้าจะตามทุกคนมาคุยเปิดอกกัน,,,BLOCKED_PENDING_REFERENCE_AUDIO,,triangle-strategy
402,MS11_X20_A1_1020_M_JRM_0080.wav,MS11_X20_A1_1020_M_JRM_0080,411,411,411,412,เจอร์รอม,npc,male,jerrom,,อย่าพึ่งขอบคุณตอนนี้เลยขอรับนายท่าน เพราะข้าเองก็ไม่รู้ว่ามันจะลงเอยแบบไหน,,,BLOCKED_PENDING_REFERENCE_AUDIO,,triangle-strategy
403,MS11_X20_A1_1020_M_JRM_0090.wav,MS11_X20_A1_1020_M_JRM_0090,412,412,412,413,เจอร์รอม,npc,male,jerrom,,แต่ข้าจะพยายามทำให้การเจรจาไม่เกิดการนองเลือดขึ้นขอรับ,,,BLOCKED_PENDING_REFERENCE_AUDIO,,triangle-strategy
404,MS11_X20_A1_1020_M_RLN_0010.wav,MS11_X20_A1_1020_M_RLN_0010,413,413,413,414,Roland,main,male,roland,assets/triangle-strategy/approved_voice_references/roland.wav,ข้านอนไม่หลับน่ะ เจ้าก็คงไม่ต่างกันสินะ,,,PENDING_MANUAL_GENERATION,,triangle-strategy
405,MS11_X20_A1_1020_M_RLN_0020.wav,MS11_X20_A1_1020_M_RLN_0020,414,414,414,415,Roland,main,male,roland,assets/triangle-strategy/approved_voice_references/roland.wav,...เจ้าโตขึ้นเยอะเลยนะ สหายข้า,,,PENDING_MANUAL_GENERATION,,triangle-strategy
406,MS11_X20_A1_1020_M_RLN_0030.wav,MS11_X20_A1_1020_M_RLN_0030,415,415,415,416,Roland,main,male,roland,assets/triangle-strategy/approved_voice_references/roland.wav,ในเวลาอันสั้น เจ้าเป็นผู้นำได้โดยไม่ฝืนตัวเอง แม้จะอยู่ในสถานการณ์เช่นนี้ก็ตาม,,,PENDING_MANUAL_GENERATION,,triangle-strategy
407,MS11_X20_A1_1020_M_RLN_0040.wav,MS11_X20_A1_1020_M_RLN_0040,416,416,416,417,Roland,main,male,roland,assets/triangle-strategy/approved_voice_references/roland.wav,เจอร์รอมเองก็เป็นผู้นำที่ดีเช่นกันขอรับ แค่มองก็รู้แล้วว่าเขาซื่อสัตย์ขนาดไหน,,,PENDING_MANUAL_GENERATION,,triangle-strategy
408,MS11_X20_A1_1020_M_RLN_0050.wav,MS11_X20_A1_1020_M_RLN_0050,417,417,417,418,Roland,main,male,roland,assets/triangle-strategy/approved_voice_references/roland.wav,ขนาดรัฐมนตรีเอกซ์เฮมยังทำตามหน้าที่และจุดประสงค์ของตน... กุสตาดอล์ฟเองก็เช่นกัน,,,PENDING_MANUAL_GENERATION,,triangle-strategy
409,MS11_X20_A1_1020_M_RLN_0060.wav,MS11_X20_A1_1020_M_RLN_0060,418,418,418,419,Roland,main,male,roland,assets/triangle-strategy/approved_voice_references/roland.wav,ไม่ว่าเจ้าจะทำเพื่ออาณาจักรหรือประชาชน เห็นได้ชัดเลยว่าเจ้าทำอย่างเต็มใจ,,,PENDING_MANUAL_GENERATION,,triangle-strategy
410,MS11_X20_A1_1020_M_RLN_0070.wav,MS11_X20_A1_1020_M_RLN_0070,419,419,419,420,Roland,main,male,roland,assets/triangle-strategy/approved_voice_references/roland.wav,แล้วข้าล่ะ? ข้าเป็นแค่ชายน่าสมเพชที่อยากล้างแค้น พยายามดิ้นรนเพื่อเป้าหมายเล็กๆของตนเท่านั้นเอง...,,,PENDING_MANUAL_GENERATION,,triangle-strategy
411,MS11_X20_A1_1020_M_RLN_0080.wav,MS11_X20_A1_1020_M_RLN_0080,420,420,420,421,Roland,main,male,roland,assets/triangle-strategy/approved_voice_references/roland.wav,ในขณะที่น้องสาวและราษฎรของข้ากำลังเดือดร้อน ข้ากลับช่วยเหลือพวกเขาไม่ได้สักอย่าง,,,PENDING_MANUAL_GENERATION,,triangle-strategy
412,MS11_X20_A1_1020_M_RLN_0090.wav,MS11_X20_A1_1020_M_RLN_0090,421,421,421,422,Roland,main,male,roland,assets/triangle-strategy/approved_voice_references/roland.wav,ข้าทำได้เพียงหลบซ่อนอยู่ใต้หน้ากาก พยายามปลอบใจตัวเองด้วยเพื่อนพ้องของตน,,,PENDING_MANUAL_GENERATION,,triangle-strategy
413,MS11_X20_A1_1020_M_RLN_0100.wav,MS11_X20_A1_1020_M_RLN_0100,422,422,422,423,Roland,main,male,roland,assets/triangle-strategy/approved_voice_references/roland.wav,ข้าจนปัญญาแล้ว,,,PENDING_MANUAL_GENERATION,,triangle-strategy
414,MS11_X20_A1_1020_M_RLN_0110.wav,MS11_X20_A1_1020_M_RLN_0110,423,423,423,424,Roland,main,male,roland,assets/triangle-strategy/approved_voice_references/roland.wav,เหลวไหลน่า เจ้าก็มีภาระพอๆกับข้านั่นแหละ ชีวิตของใครหลายๆคนที่อยู่ในกำมือของเราน่ะ,,,PENDING_MANUAL_GENERATION,,triangle-strategy
415,MS11_X20_A1_1020_M_RLN_0120.wav,MS11_X20_A1_1020_M_RLN_0120,424,424,424,425,Roland,main,male,roland,assets/triangle-strategy/approved_voice_references/roland.wav,ข้าเข้าใจ แต่มันไม่มีใครคิดอยากจะทำให้เพื่อนพ้องต้องลำบากหรอก,,,PENDING_MANUAL_GENERATION,,triangle-strategy
416,MS11_X20_A1_1020_M_RLN_0130.wav,MS11_X20_A1_1020_M_RLN_0130,425,425,425,426,Roland,main,male,roland,assets/triangle-strategy/approved_voice_references/roland.wav,และคงไม่มีใครที่อยากตกเป็นทาสด้วย แต่ก็มีหลายคนที่ถูกทำร้ายและสังหาร,,,PENDING_MANUAL_GENERATION,,triangle-strategy
417,MS11_X20_A1_1020_M_RLN_0140.wav,MS11_X20_A1_1020_M_RLN_0140,426,426,426,427,Roland,main,male,roland,assets/triangle-strategy/approved_voice_references/roland.wav,ผู้อ่อนแอยอมพ่ายแพ้ให้ผู้แข็งแกร่ง ถูกทรมานเพื่อสนองสุขของตน,,,PENDING_MANUAL_GENERATION,,triangle-strategy
418,MS11_X20_A1_1020_M_RLN_0150.wav,MS11_X20_A1_1020_M_RLN_0150,427,427,427,428,Roland,main,male,roland,assets/triangle-strategy/approved_voice_references/roland.wav,โลกมันก็แบบนี้ บางทีมันคงบิดเบี้ยวเสียจนทำให้ความพยายามของเรามันไร้ค่า,,,PENDING_MANUAL_GENERATION,,triangle-strategy
419,MS11_X20_A1_1020_M_RLN_0160.wav,MS11_X20_A1_1020_M_RLN_0160,428,428,428,429,Roland,main,male,roland,assets/triangle-strategy/approved_voice_references/roland.wav,...พูดได้ดีจริงๆ เมื่อกี้ขอโทษที่งอแงด้วยแล้วกัน,,,PENDING_MANUAL_GENERATION,,triangle-strategy
420,MS11_X20_A1_1020_M_RLN_0170.wav,MS11_X20_A1_1020_M_RLN_0170,429,429,429,430,Roland,main,male,roland,assets/triangle-strategy/approved_voice_references/roland.wav,หากมีวิธีที่ทำให้โลกนี้น่าอยู่ขึ้นได้ เราก็จะตามหามันด้วยกัน,,,PENDING_MANUAL_GENERATION,,triangle-strategy
421,MS11_X20_A1_1020_M_SEL_0010.wav,MS11_X20_A1_1020_M_SEL_0010,430,430,430,431,Serenoa,main,male,serenoa,assets/triangle-strategy/approved_voice_references/serenoa.wav,ออกมาทำอะไรที่นี่คนเดียวงั้นเหรอท่าน?,,,PENDING_MANUAL_GENERATION,,triangle-strategy
422,MS11_X20_A1_1020_M_SEL_0020.wav,MS11_X20_A1_1020_M_SEL_0020,431,431,431,432,Serenoa,main,male,serenoa,assets/triangle-strategy/approved_voice_references/serenoa.wav,ใช่แล้ว ข้าต้องหาวิธีเกลี้ยกล่อมเจอร์รอมก่อนรุ่งเช้าน่ะ,,,PENDING_MANUAL_GENERATION,,triangle-strategy
423,MS11_X20_A1_1020_M_SEL_0030.wav,MS11_X20_A1_1020_M_SEL_0030,432,432,432,433,Serenoa,main,male,serenoa,assets/triangle-strategy/approved_voice_references/serenoa.wav,โรแลนด์ ข้ารู้ว่าช่วงนี้มันลำบาก...,,,PENDING_MANUAL_GENERATION,,triangle-strategy
424,MS11_X20_A1_1020_M_SEL_0040.wav,MS11_X20_A1_1020_M_SEL_0040,433,433,433,434,Serenoa,main,male,serenoa,assets/triangle-strategy/approved_voice_references/serenoa.wav,แต่เลิกกดดันตัวเองเถอะ ท่านแบกภาระหนักที่สุดเลยนะ,,,PENDING_MANUAL_GENERATION,,triangle-strategy
425,MS11_X20_A1_1020_M_SEL_0050.wav,MS11_X20_A1_1020_M_SEL_0050,434,434,434,435,Serenoa,main,male,serenoa,assets/triangle-strategy/approved_voice_references/serenoa.wav,มันก็ถูก เพราะเราคือผู้นำยังไงล่ะ,,,PENDING_MANUAL_GENERATION,,triangle-strategy
426,MS11_X20_A1_1020_M_SEL_0060.wav,MS11_X20_A1_1020_M_SEL_0060,435,435,435,436,Serenoa,main,male,serenoa,assets/triangle-strategy/approved_voice_references/serenoa.wav,แต่ครั้งนี้...ข้ากลับเสนอได้เพียงความยากลำบากแก่เจอร์รอม,,,PENDING_MANUAL_GENERATION,,triangle-strategy
427,MS11_X20_A1_1020_M_SEL_0070.wav,MS11_X20_A1_1020_M_SEL_0070,436,436,436,437,Serenoa,main,male,serenoa,assets/triangle-strategy/approved_voice_references/serenoa.wav,เปล่าเลย พวกเราไม่ได้หมดหนทางอย่างที่ท่านคิดหรอก,,,PENDING_MANUAL_GENERATION,,triangle-strategy
428,MS11_X20_A1_1020_M_SEL_0080.wav,MS11_X20_A1_1020_M_SEL_0080,437,437,437,438,Serenoa,main,male,serenoa,assets/triangle-strategy/approved_voice_references/serenoa.wav,หากใจเราสู้ พวกเราก็สามารถปิดฉากความรุนแรงนี้ได้ และเราจะทำให้สำเร็จ,,,PENDING_MANUAL_GENERATION,,triangle-strategy
429,MS11_X20_A1_1020_M_SEL_0090.wav,MS11_X20_A1_1020_M_SEL_0090,438,438,438,439,Serenoa,main,male,serenoa,assets/triangle-strategy/approved_voice_references/serenoa.wav,ไม่ใช่เพื่อตระกูลของเราเพียงอย่างเดียว แต่พวกเราทำเพื่อทุกคน เราจะไม่ให้ประวัติศาสตร์ต้องซ้ำรอยในหมู่บ้านแห่งนี้,,,PENDING_MANUAL_GENERATION,,triangle-strategy
430,MS11_X20_A1_1020_M_SEL_0100.wav,MS11_X20_A1_1020_M_SEL_0100,439,439,439,440,Serenoa,main,male,serenoa,assets/triangle-strategy/approved_voice_references/serenoa.wav,เจอร์รอม? นี่เจ้ายืนฟังพวกเรานานขนาดไหนแล้วเนี่ย?,,,PENDING_MANUAL_GENERATION,,triangle-strategy
431,MS11_X20_A1_1020_M_SEL_0110.wav,MS11_X20_A1_1020_M_SEL_0110,440,440,440,441,Serenoa,main,male,serenoa,assets/triangle-strategy/approved_voice_references/serenoa.wav,เรื่องนั้น...ยังไม่ได้คิดไว้เลย,,,PENDING_MANUAL_GENERATION,,triangle-strategy
432,MS11_X20_A1_1020_M_SEL_0120.wav,MS11_X20_A1_1020_M_SEL_0120,441,441,441,442,Serenoa,main,male,serenoa,assets/triangle-strategy/approved_voice_references/serenoa.wav,ถ้าเราไม่ลงมือทำอะไรสักอย่าง เราก็คงหามันไม่เจอหรอก,,,PENDING_MANUAL_GENERATION,,triangle-strategy
433,MS11_X20_A1_1020_M_SEL_0130.wav,MS11_X20_A1_1020_M_SEL_0130,442,442,442,443,Serenoa,main,male,serenoa,assets/triangle-strategy/approved_voice_references/serenoa.wav,แต่ว่านะเจอร์รอม ข้าสาบานว่าจะไม่หันดาบเข้าหาเจ้าหรือคนของเจ้าแน่นอน,,,PENDING_MANUAL_GENERATION,,triangle-strategy
434,MS11_X20_A1_1020_M_SEL_0140.wav,MS11_X20_A1_1020_M_SEL_0140,443,443,443,444,Serenoa,main,male,serenoa,assets/triangle-strategy/approved_voice_references/serenoa.wav,ถึงยังไง พวกเราก็ไม่มีวันแก้ปัญหาด้วยความรุนแรงอยู่ดี,,,PENDING_MANUAL_GENERATION,,triangle-strategy
435,MS11_X20_A1_1020_M_SEL_0150.wav,MS11_X20_A1_1020_M_SEL_0150,444,444,444,445,Serenoa,main,male,serenoa,assets/triangle-strategy/approved_voice_references/serenoa.wav,ขอบคุณนะเจอร์รอม!,,,PENDING_MANUAL_GENERATION,,triangle-strategy
436,MS11_X20_BATTLE_01_AFTER_F_FRE_0010.wav,MS11_X20_BATTLE_01_AFTER_F_FRE_0010,445,445,445,446,Frederica,main,female,frederica,assets/triangle-strategy/approved_voice_references/frederica.wav,วางอาวุธลงเถอะนะ ฟังพวกเราสักหน่อยคงไม่เสียหายหรอก,,,PENDING_MANUAL_GENERATION,,triangle-strategy
437,MS11_X20_BATTLE_01_AFTER_F_FRE_0020.wav,MS11_X20_BATTLE_01_AFTER_F_FRE_0020,446,446,446,447,Frederica,main,female,frederica,assets/triangle-strategy/approved_voice_references/frederica.wav,ใช่แล้ว นางหนีหลบหนีจากไฮแซนต์เหมือนพวกเจ้า แล้วมาอิงอาศัยที่เอสฟรอสต์น่ะ,,,PENDING_MANUAL_GENERATION,,triangle-strategy
438,MS11_X20_BATTLE_01_AFTER_M_JRM_0010.wav,MS11_X20_BATTLE_01_AFTER_M_JRM_0010,447,447,447,448,เจอร์รอม,npc,male,jerrom,,หมายความว่าอะไรกัน!?,,,BLOCKED_PENDING_REFERENCE_AUDIO,,triangle-strategy
439,MS11_X20_BATTLE_01_AFTER_M_JRM_0020.wav,MS11_X20_BATTLE_01_AFTER_M_JRM_0020,448,448,448,449,เจอร์รอม,npc,male,jerrom,,จะสู้หรือเจรจาก็มีค่าเท่ากันขอรับ ท่านแค่อยากจองจำพวกเราอีกครั้ง,,,BLOCKED_PENDING_REFERENCE_AUDIO,,triangle-strategy
440,MS11_X20_BATTLE_01_AFTER_M_JRM_0030.wav,MS11_X20_BATTLE_01_AFTER_M_JRM_0030,449,449,449,450,เจอร์รอม,npc,male,jerrom,,ท่านหญิงเฟรเดอริก้า แม่ของท่านคือท่านหญิงออลายาใช่ไหม?,,,BLOCKED_PENDING_REFERENCE_AUDIO,,triangle-strategy
441,MS11_X20_BATTLE_01_AFTER_M_JRM_0040.wav,MS11_X20_BATTLE_01_AFTER_M_JRM_0040,450,450,450,451,เจอร์รอม,npc,male,jerrom,,เห็นแก่คนของข้าที่เทิดทูนนาง ข้าจะยอมฟังท่านก็ได้,,,BLOCKED_PENDING_REFERENCE_AUDIO,,triangle-strategy
442,MS11_X20_BATTLE_01_AFTER_M_M090_0010.wav,MS11_X20_BATTLE_01_AFTER_M_M090_0010,451,451,451,452,ชาวโรเซลล์,generic,male,MALE_ADULT_C,assets/triangle-strategy/approved_voice_references/MALE_ADULT_C.wav,ประชาชนของท่านเหรอ!? พวกเราก็อาศัยอยู่ที่นี่เหมือนกับท่านนะ!,,,PENDING_MANUAL_GENERATION,,triangle-strategy
443,MS11_X20_BATTLE_01_AFTER_M_ROF_0010.wav,MS11_X20_BATTLE_01_AFTER_M_ROF_0010,452,452,452,453,รูฟัส,npc,male,rufus,,พวกเจ้าน่าจะร้องขอชีวิตตอนยังมีโอกาสนะ!,,,BLOCKED_PENDING_REFERENCE_AUDIO,,triangle-strategy
444,MS11_X20_BATTLE_01_AFTER_M_SEL_0010.wav,MS11_X20_BATTLE_01_AFTER_M_SEL_0010,453,453,453,454,Serenoa,main,male,serenoa,assets/triangle-strategy/approved_voice_references/serenoa.wav,หยุดเดี๋ยวนี้!,,,PENDING_MANUAL_GENERATION,,triangle-strategy
445,MS11_X20_BATTLE_01_AFTER_M_SEL_0020.wav,MS11_X20_BATTLE_01_AFTER_M_SEL_0020,454,454,454,455,Serenoa,main,male,serenoa,assets/triangle-strategy/approved_voice_references/serenoa.wav,ข้ามาเพื่อเจรจาจริงๆ! เชื่อข้าเถอะ!,,,PENDING_MANUAL_GENERATION,,triangle-strategy
446,MS11_X20_BATTLE_01_AFTER_M_SEL_0030.wav,MS11_X20_BATTLE_01_AFTER_M_SEL_0030,455,455,455,456,Serenoa,main,male,serenoa,assets/triangle-strategy/approved_voice_references/serenoa.wav,มันก็ถูก... ถ้าจะช่วยประชาชนของเราก็มีแต่ต้องใช้วิธีนี้,,,PENDING_MANUAL_GENERATION,,triangle-strategy
447,MS11_X20_BATTLE_01_AFTER_M_SEL_0040.wav,MS11_X20_BATTLE_01_AFTER_M_SEL_0040,456,456,456,457,Serenoa,main,male,serenoa,assets/triangle-strategy/approved_voice_references/serenoa.wav,ก็ใช่... แต่เราไม่มีทางเลือกจริงๆนี่ ข้าขอโทษด้วย,,,PENDING_MANUAL_GENERATION,,triangle-strategy
448,MS11_X20_BATTLE_01_BEFORE_F_FRE_0010.wav,MS11_X20_BATTLE_01_BEFORE_F_FRE_0010,457,457,457,458,Frederica,main,female,frederica,assets/triangle-strategy/approved_voice_references/frederica.wav,นี่เราต้องเผชิญหน้ากับสถานการณ์เช่นนี้อีกแล้วเหรอเนี่ย ที่นี่มีแต่ความทรงจำดีๆแท้ๆ...,,,PENDING_MANUAL_GENERATION,,triangle-strategy
449,MS11_X20_BATTLE_01_BEFORE_M_JRM_0010.wav,MS11_X20_BATTLE_01_BEFORE_M_JRM_0010,458,458,458,459,เจอร์รอม,npc,male,jerrom,,พวกท่านช่างกล้าทรยศเสียจริงนะ วูล์ฟฟอร์ต,,,BLOCKED_PENDING_REFERENCE_AUDIO,,triangle-strategy
450,MS11_X20_BATTLE_01_BEFORE_M_JRM_0020.wav,MS11_X20_BATTLE_01_BEFORE_M_JRM_0020,459,459,459,460,เจอร์รอม,npc,male,jerrom,,หึ ก็แปลกดีนะท่าน ปกติเริ่มเจรจาด้วยการสังหารใครด้วยเหรอ?,,,BLOCKED_PENDING_REFERENCE_AUDIO,,triangle-strategy
451,MS11_X20_BATTLE_01_BEFORE_M_JRM_0030.wav,MS11_X20_BATTLE_01_BEFORE_M_JRM_0030,460,460,460,461,เจอร์รอม,npc,male,jerrom,,เราจะปกป้องหมู่บ้านนี้ด้วยชีวิต!,,,BLOCKED_PENDING_REFERENCE_AUDIO,,triangle-strategy
452,MS11_X20_BATTLE_01_BEFORE_M_M088_0010.wav,MS11_X20_BATTLE_01_BEFORE_M_M088_0010,461,461,461,462,ชาวโรเซลล์,generic,male,MALE_ADULT_A,assets/triangle-strategy/approved_voice_references/MALE_ADULT_A.wav,พวกมันมาแล้ว!,,,PENDING_MANUAL_GENERATION,,triangle-strategy
453,MS11_X20_BATTLE_01_BEFORE_M_M088_0020.wav,MS11_X20_BATTLE_01_BEFORE_M_M088_0020,462,462,462,463,ชาวโรเซลล์,generic,male,MALE_ADULT_A,assets/triangle-strategy/approved_voice_references/MALE_ADULT_A.wav,พวกเรายอมตายดีกว่าต้องกลับไปที่นาเกลือ!,,,PENDING_MANUAL_GENERATION,,triangle-strategy
454,MS11_X20_BATTLE_01_BEFORE_M_RLN_0010.wav,MS11_X20_BATTLE_01_BEFORE_M_RLN_0010,463,463,463,464,Roland,main,male,roland,assets/triangle-strategy/approved_voice_references/roland.wav,มีเพียงผู้แข็งแกร่งเท่านั้นที่สามารถปกป้องอิสรภาพ ศักดิ์ศรี และชีวิตของพวกเขาได้...,,,PENDING_MANUAL_GENERATION,,triangle-strategy
455,MS11_X20_BATTLE_01_BEFORE_M_RLN_0020.wav,MS11_X20_BATTLE_01_BEFORE_M_RLN_0020,464,464,464,465,Roland,main,male,roland,assets/triangle-strategy/approved_voice_references/roland.wav,...จริงสินะ,,,PENDING_MANUAL_GENERATION,,triangle-strategy
456,MS11_X20_BATTLE_01_BEFORE_M_RLN_0030.wav,MS11_X20_BATTLE_01_BEFORE_M_RLN_0030,465,465,465,466,Roland,main,male,roland,assets/triangle-strategy/approved_voice_references/roland.wav,พวกเขาต้องเดือดร้อนเพราะความอ่อนแอของข้าเหรอเนี่ย?,,,PENDING_MANUAL_GENERATION,,triangle-strategy
457,MS11_X20_BATTLE_01_BEFORE_M_ROF_0010.wav,MS11_X20_BATTLE_01_BEFORE_M_ROF_0010,466,466,466,467,รูฟัส,npc,male,rufus,,ฮึ่ม ข้าล่ะชอบใช้ความรุนแรงแก้ปัญหาจริงๆ,,,BLOCKED_PENDING_REFERENCE_AUDIO,,triangle-strategy
458,MS11_X20_BATTLE_01_BEFORE_M_SEL_0010.wav,MS11_X20_BATTLE_01_BEFORE_M_SEL_0010,467,467,467,468,Serenoa,main,male,serenoa,assets/triangle-strategy/approved_voice_references/serenoa.wav,พวกเขาอ้าแขนต้อนรับเราอย่างชื่นบานทุกคน,,,PENDING_MANUAL_GENERATION,,triangle-strategy
459,MS11_X20_BATTLE_01_BEFORE_M_SEL_0020.wav,MS11_X20_BATTLE_01_BEFORE_M_SEL_0020,468,468,468,469,Serenoa,main,male,serenoa,assets/triangle-strategy/approved_voice_references/serenoa.wav,ถ้าไฮแซนต์ปกครองด้วยความเที่ยงธรรมและเท่าเทียมจริงๆ พวกเขาคงไม่หนีออกมาพึ่งพาวูล์ฟฟอร์ตเมื่อสามสิบปีก่อนหรอก,,,PENDING_MANUAL_GENERATION,,triangle-strategy
460,MS11_X20_BATTLE_01_BEFORE_M_SEL_0030.wav,MS11_X20_BATTLE_01_BEFORE_M_SEL_0030,469,469,469,470,Serenoa,main,male,serenoa,assets/triangle-strategy/approved_voice_references/serenoa.wav,เรามาเจรจาเจอร์รอม แค่นี้เลย,,,PENDING_MANUAL_GENERATION,,triangle-strategy
461,MS11_X20_BATTLE_01_BEFORE_M_SEL_0040.wav,MS11_X20_BATTLE_01_BEFORE_M_SEL_0040,470,470,470,471,Serenoa,main,male,serenoa,assets/triangle-strategy/approved_voice_references/serenoa.wav,ซิลวิโอ้! ทำอะไรลงไปเนี่ย!?,,,PENDING_MANUAL_GENERATION,,triangle-strategy
462,MS11_X20_BATTLE_01_BEFORE_M_SEL_0050.wav,MS11_X20_BATTLE_01_BEFORE_M_SEL_0050,471,471,471,472,Serenoa,main,male,serenoa,assets/triangle-strategy/approved_voice_references/serenoa.wav,บ้าเอ๊ย!,,,PENDING_MANUAL_GENERATION,,triangle-strategy
463,MS11_X20_BATTLE_01_BEFORE_M_SLV_0010.wav,MS11_X20_BATTLE_01_BEFORE_M_SLV_0010,472,472,472,473,ซิลวิโอ้,npc,male,silvio,,เพราะพวกเขาได้ผลประโยชน์ยังไงล่ะ,,,BLOCKED_PENDING_REFERENCE_AUDIO,,triangle-strategy
464,MS11_X20_BATTLE_01_BEFORE_M_SLV_0020.wav,MS11_X20_BATTLE_01_BEFORE_M_SLV_0020,473,473,473,474,ซิลวิโอ้,npc,male,silvio,,พวกมันเคยตกเป็นทาสของไฮแซนต์ และตอนนี้ก็ถึงเวลาที่พวกมันต้องใช้ชีวิตตามที่ฟ้าลิขิตไว้แล้ว,,,BLOCKED_PENDING_REFERENCE_AUDIO,,triangle-strategy
465,MS11_X20_BATTLE_01_BEFORE_M_SLV_0030.wav,MS11_X20_BATTLE_01_BEFORE_M_SLV_0030,474,474,474,475,ซิลวิโอ้,npc,male,silvio,,เรื่องมันก็ผ่านมาตั้งสามสิบปีแล้ว ตอนนี้วูล์ฟฟอร์ตปกป้องใครได้บ้างนอกจากตัวเองล่ะ?,,,BLOCKED_PENDING_REFERENCE_AUDIO,,triangle-strategy
466,MS11_X20_BATTLE_01_BEFORE_M_SLV_0040.wav,MS11_X20_BATTLE_01_BEFORE_M_SLV_0040,475,475,475,476,ซิลวิโอ้,npc,male,silvio,,เซอร์แม็กเวลล์พูดถูก บนโลกนี้ผู้อ่อนแอย่อมรับใช้ผู้แข็งแกร่ง,,,BLOCKED_PENDING_REFERENCE_AUDIO,,triangle-strategy
467,MS11_X20_BATTLE_01_BEFORE_M_SLV_0050.wav,MS11_X20_BATTLE_01_BEFORE_M_SLV_0050,476,476,476,477,ซิลวิโอ้,npc,male,silvio,,และตอนนี้เองเกลนบรู๊คจำเป็นต้องรับใช้ แม้สิ่งที่ทำลงไป...จะน่าอับอายก็ตาม,,,BLOCKED_PENDING_REFERENCE_AUDIO,,triangle-strategy
468,MS11_X20_BATTLE_01_BEFORE_M_SLV_0060.wav,MS11_X20_BATTLE_01_BEFORE_M_SLV_0060,477,477,477,478,ซิลวิโอ้,npc,male,silvio,,หากพวกโรเซลล์อยากจะโทษใคร ก็โทษราชวงศ์เถอะ,,,BLOCKED_PENDING_REFERENCE_AUDIO,,triangle-strategy
469,MS11_X20_BATTLE_01_BEFORE_M_SLV_0070.wav,MS11_X20_BATTLE_01_BEFORE_M_SLV_0070,478,478,478,479,ซิลวิโอ้,npc,male,silvio,,ทำในสิ่งที่สมควรยังไงล่ะ ถ้าพูดดีๆไม่ฟังก็ต้องใช้ความรุนแรง,,,BLOCKED_PENDING_REFERENCE_AUDIO,,triangle-strategy
470,MS11_X20_BATTLE_01_BEFORE_M_SLV_0080.wav,MS11_X20_BATTLE_01_BEFORE_M_SLV_0080,479,479,479,480,ซิลวิโอ้,npc,male,silvio,,เอาล่ะรูฟัส ให้พวกมันได้เห็นคุณค่าในวิธีของเราสักหน่อย,,,BLOCKED_PENDING_REFERENCE_AUDIO,,triangle-strategy
471,MS11_X20_BATTLE_01_DRAMA_F_FRE_0010.wav,MS11_X20_BATTLE_01_DRAMA_F_FRE_0010,480,480,480,481,Frederica,main,female,frederica,assets/triangle-strategy/approved_voice_references/frederica.wav,พวกเราไม่ได้มาสู้นะเจอร์รอม ฟังกันหน่อยเถอะ,,,PENDING_MANUAL_GENERATION,,triangle-strategy
472,MS11_X20_BATTLE_01_DRAMA_F_FRE_0020.wav,MS11_X20_BATTLE_01_DRAMA_F_FRE_0020,481,481,481,482,Frederica,main,female,frederica,assets/triangle-strategy/approved_voice_references/frederica.wav,เราทำอะไรลงไปเนี่ย...?,,,PENDING_MANUAL_GENERATION,,triangle-strategy
473,MS11_X20_BATTLE_01_DRAMA_M_JRM_0010.wav,MS11_X20_BATTLE_01_DRAMA_M_JRM_0010,482,482,482,483,เจอร์รอม,npc,male,jerrom,,ที่นี่คือบ้านของเรา และเราจะปกป้องมันด้วยชีวิต!,,,BLOCKED_PENDING_REFERENCE_AUDIO,,triangle-strategy
474,MS11_X20_BATTLE_01_DRAMA_M_JRM_0020.wav,MS11_X20_BATTLE_01_DRAMA_M_JRM_0020,483,483,483,484,เจอร์รอม,npc,male,jerrom,,ขออภัยนะท่านหญิง แต่การกระทำกับคำพูดของท่านมันสวนทางเสียจริง,,,BLOCKED_PENDING_REFERENCE_AUDIO,,triangle-strategy
475,MS11_X20_BATTLE_01_DRAMA_M_JRM_0030.wav,MS11_X20_BATTLE_01_DRAMA_M_JRM_0030,484,484,484,485,เจอร์รอม,npc,male,jerrom,,น่าเสียดายมากลอร์ดเซเรโนอา ท่านเป็นคนมีความสามารถ,,,BLOCKED_PENDING_REFERENCE_AUDIO,,triangle-strategy
476,MS11_X20_BATTLE_01_DRAMA_M_JRM_0040.wav,MS11_X20_BATTLE_01_DRAMA_M_JRM_0040,485,485,485,486,เจอร์รอม,npc,male,jerrom,,นึกว่าลูกไม้จะหล่นไม่ไกลต้น ข้าคิดว่าท่านจะมีความเห็นใจและความแข็งแกร่งเหมือนพ่อของท่าน แท้จริงแล้วท่านหลอกข้าอยู่,,,BLOCKED_PENDING_REFERENCE_AUDIO,,triangle-strategy
477,MS11_X20_BATTLE_01_DRAMA_M_JRM_0050.wav,MS11_X20_BATTLE_01_DRAMA_M_JRM_0050,486,486,486,487,เจอร์รอม,npc,male,jerrom,,อย่ามาพูดถึงเจตนาของท่านเลย! ท่านมันหลอกลวง ข้าจะไม่ยอมสละชีพเพื่อนพ้องให้ท่าน! พอกันที!,,,BLOCKED_PENDING_REFERENCE_AUDIO,,triangle-strategy
478,MS11_X20_BATTLE_01_DRAMA_M_JRM_0060.wav,MS11_X20_BATTLE_01_DRAMA_M_JRM_0060,487,487,487,488,เจอร์รอม,npc,male,jerrom,,ท่านมันให้อภัยไม่ได้... ข้าไม่มีวันให้ท่านพรากหมู่บ้านไปจากเราหรอกนะ!,,,BLOCKED_PENDING_REFERENCE_AUDIO,,triangle-strategy
479,MS11_X20_BATTLE_01_DRAMA_M_JRM_0070.wav,MS11_X20_BATTLE_01_DRAMA_M_JRM_0070,488,488,488,489,เจอร์รอม,npc,male,jerrom,,อย่ามอบดินแดนนี้ให้พวกมัน! มิตรสหายและครอบครัวกำลังฝากชีวิตไว้กับเรา!,,,BLOCKED_PENDING_REFERENCE_AUDIO,,triangle-strategy
480,MS11_X20_BATTLE_01_DRAMA_M_JRM_0080.wav,MS11_X20_BATTLE_01_DRAMA_M_JRM_0080,489,489,489,490,เจอร์รอม,npc,male,jerrom,,หากท่านยังมีจิตสำนึกลงเหลืออยู่บ้างก็อย่ามายุ่งกับเราเลย! แล้วก็ไปให้พ้นหน้าพวกเราซะ!,,,BLOCKED_PENDING_REFERENCE_AUDIO,,triangle-strategy
481,MS11_X20_BATTLE_01_DRAMA_M_JRM_0090.wav,MS11_X20_BATTLE_01_DRAMA_M_JRM_0090,490,490,490,491,เจอร์รอม,npc,male,jerrom,,หนอย!... ไอ้หมาลอบกัด!,,,BLOCKED_PENDING_REFERENCE_AUDIO,,triangle-strategy
482,MS11_X20_BATTLE_01_DRAMA_M_JRM_0100.wav,MS11_X20_BATTLE_01_DRAMA_M_JRM_0100,491,491,491,492,เจอร์รอม,npc,male,jerrom,,วันนี้พวกแกจะไม่ได้อะไรจากเราทั้งนั้น!,,,BLOCKED_PENDING_REFERENCE_AUDIO,,triangle-strategy
483,MS11_X20_BATTLE_01_DRAMA_M_JRM_0110.wav,MS11_X20_BATTLE_01_DRAMA_M_JRM_0110,492,492,492,493,เจอร์รอม,npc,male,jerrom,,โอย... ข้าจะไม่ให้คนของข้าผิดหวัง... เราต้องตั้งหลักใหม่,,,BLOCKED_PENDING_REFERENCE_AUDIO,,triangle-strategy
484,MS11_X20_BATTLE_01_DRAMA_M_ROF_0010.wav,MS11_X20_BATTLE_01_DRAMA_M_ROF_0010,493,493,493,494,รูฟัส,npc,male,rufus,,ได้ยินไหม? เหมือนว่าเราต้องสนองความต้องการของเขาสักหน่อยแล้ว,,,BLOCKED_PENDING_REFERENCE_AUDIO,,triangle-strategy
485,MS11_X20_BATTLE_01_DRAMA_M_ROF_0020.wav,MS11_X20_BATTLE_01_DRAMA_M_ROF_0020,494,494,494,495,รูฟัส,npc,male,rufus,,ฮ่าๆๆ! มาดูกันว่าจะเป็นยังไง ท่านลอร์ดของข้า!,,,BLOCKED_PENDING_REFERENCE_AUDIO,,triangle-strategy
486,MS11_X20_BATTLE_01_DRAMA_M_ROF_0030.wav,MS11_X20_BATTLE_01_DRAMA_M_ROF_0030,495,495,495,496,รูฟัส,npc,male,rufus,,เจ้าเพิ่งสังหารพวกมันไป ยินดีต้อนรับสู่โลกใบใหม่นะเจ้าหนู,,,BLOCKED_PENDING_REFERENCE_AUDIO,,triangle-strategy
487,MS11_X20_BATTLE_01_DRAMA_M_ROF_0040.wav,MS11_X20_BATTLE_01_DRAMA_M_ROF_0040,496,496,496,497,รูฟัส,npc,male,rufus,,หนอย พวกมันสู้เก่งกว่าที่คิดนะเนี่ย...,,,BLOCKED_PENDING_REFERENCE_AUDIO,,triangle-strategy
488,MS11_X20_BATTLE_01_DRAMA_M_SEL_0010.wav,MS11_X20_BATTLE_01_DRAMA_M_SEL_0010,497,497,497,498,Serenoa,main,male,serenoa,assets/triangle-strategy/approved_voice_references/serenoa.wav,หยุดเลย ข้าไม่ยอมให้ฆ่าฟันโดยไร้เหตุผลหรอกนะ,,,PENDING_MANUAL_GENERATION,,triangle-strategy
489,MS11_X20_BATTLE_01_DRAMA_M_SEL_0020.wav,MS11_X20_BATTLE_01_DRAMA_M_SEL_0020,498,498,498,499,Serenoa,main,male,serenoa,assets/triangle-strategy/approved_voice_references/serenoa.wav,อย่าพึ่งด่วนตัดสินเจอร์รอม พวกเราไม่ได้จะเอาเจ้าไปขังในไฮแซนต์จริงๆ,,,PENDING_MANUAL_GENERATION,,triangle-strategy
490,MS11_X20_BATTLE_01_DRAMA_M_SEL_0030.wav,MS11_X20_BATTLE_01_DRAMA_M_SEL_0030,499,499,499,500,Serenoa,main,male,serenoa,assets/triangle-strategy/approved_voice_references/serenoa.wav,เรารับรองว่าชาวโรเซลล์ในนาเกลือทุกคนจะได้รับความเป็นธรรม อย่างน้อยพวกเขาจะได้เลิกทุกข์ทรมานสักที,,,PENDING_MANUAL_GENERATION,,triangle-strategy
491,MS11_X20_BATTLE_01_DRAMA_M_SEL_0040.wav,MS11_X20_BATTLE_01_DRAMA_M_SEL_0040,500,500,500,501,Serenoa,main,male,serenoa,assets/triangle-strategy/approved_voice_references/serenoa.wav,มันจะส่งผลประโยชน์ให้ทุกคน นั่นคือเจตนาแท้จริงที่เจ้าต้องเชื่อมั่นในตัวข้านะ,,,PENDING_MANUAL_GENERATION,,triangle-strategy
492,MS11_X20_BATTLE_01_DRAMA_M_SEL_0050.wav,MS11_X20_BATTLE_01_DRAMA_M_SEL_0050,501,501,501,502,Serenoa,main,male,serenoa,assets/triangle-strategy/approved_voice_references/serenoa.wav,บ้าจริง... ข้า... มาถึงจุดนี้ได้ยังไงกัน!?,,,PENDING_MANUAL_GENERATION,,triangle-strategy
493,MS11_X20_BATTLE_01_DRAMA_M_SEL_0060.wav,MS11_X20_BATTLE_01_DRAMA_M_SEL_0060,502,502,502,503,Serenoa,main,male,serenoa,assets/triangle-strategy/approved_voice_references/serenoa.wav,วางอาวุธลงก่อนแล้วมาเจรจาด้วยเหตุผล! มันคือหนทางเดียวเจอร์รอม!,,,PENDING_MANUAL_GENERATION,,triangle-strategy
494,MS11_X20_C0_0010_M_EGS_0010.wav,MS11_X20_C0_0010_M_EGS_0010,503,503,503,504,Exharme,npc,male,exharme,assets/triangle-strategy/approved_voice_references/exharme.wav,เหล่าวูล์ฟฟอร์ตออกไปทำภารกิจแล้วสินะ,,,PENDING_MANUAL_GENERATION,,triangle-strategy
495,MS11_X20_C0_0010_M_EGS_0020.wav,MS11_X20_C0_0010_M_EGS_0020,504,504,504,505,Exharme,npc,male,exharme,assets/triangle-strategy/approved_voice_references/exharme.wav,ท่านคิดว่าพวกเขาจะส่งชาวโรเซลล์กลับมาให้เราไหม?,,,PENDING_MANUAL_GENERATION,,triangle-strategy
496,MS11_X20_C0_0010_M_EGS_0030.wav,MS11_X20_C0_0010_M_EGS_0030,505,505,505,506,Exharme,npc,male,exharme,assets/triangle-strategy/approved_voice_references/exharme.wav,คนหนุ่มสาวในไฮแซนต์ต่างมีความสามารถกันทั้งนั้น ข้าคิดว่ามันสมควรแก่เวลาสละตำแหน่งของผู้อาวุโสแล้ว,,,PENDING_MANUAL_GENERATION,,triangle-strategy
497,MS11_X20_C0_0010_M_EGS_0040.wav,MS11_X20_C0_0010_M_EGS_0040,506,506,506,507,Exharme,npc,male,exharme,assets/triangle-strategy/approved_voice_references/exharme.wav,ขอแค่ท่านพูดออกมา ข้าก็พร้อมนำพาอาณาจักรต่อทันที,,,PENDING_MANUAL_GENERATION,,triangle-strategy
498,MS11_X20_C0_0010_M_EGS_0050.wav,MS11_X20_C0_0010_M_EGS_0050,507,507,507,508,Exharme,npc,male,exharme,assets/triangle-strategy/approved_voice_references/exharme.wav,เขาเหรอขอรับ?,,,PENDING_MANUAL_GENERATION,,triangle-strategy
499,MS11_X20_C0_0010_M_EGS_0060.wav,MS11_X20_C0_0010_M_EGS_0060,508,508,508,509,Exharme,npc,male,exharme,assets/triangle-strategy/approved_voice_references/exharme.wav,ก็นะ หากท่านกลัวเรื่องหลักธรรมอันล้นเหลือ ท่านคงตัดสินใจถูกต้องขอรับ,,,PENDING_MANUAL_GENERATION,,triangle-strategy
500,MS11_X20_C0_0010_M_IDO_0010.wav,MS11_X20_C0_0010_M_IDO_0010,509,509,509,510,อีดอร์,npc,male,idore,,ลอร์ดเซเรโนอาเป็นคนรักษาสัญญา เขาจะส่งพวกมันกลับมาแน่นอน,,,BLOCKED_PENDING_REFERENCE_AUDIO,,triangle-strategy
501,MS11_X20_C0_0010_M_IDO_0020.wav,MS11_X20_C0_0010_M_IDO_0020,510,510,510,511,อีดอร์,npc,male,idore,,คนหนุ่มสาวมักหลงทางด้วยหลักธรรมของตนในยามคับขัน ซึ่งข้าแนะนำเขาไปแล้วล่ะ,,,BLOCKED_PENDING_REFERENCE_AUDIO,,triangle-strategy
502,MS11_X20_C0_0010_M_IDO_0030.wav,MS11_X20_C0_0010_M_IDO_0030,511,511,511,512,อีดอร์,npc,male,idore,,เขาคือผู้มีอำนาจที่ตกอับ เขาผู้นั้นจะช่วยลอร์ดเซเรโนอาให้ตาสว่างในเส้นทางอันเที่ยงธรรม,,,BLOCKED_PENDING_REFERENCE_AUDIO,,triangle-strategy
503,MS11_X20_C0_0010_M_IDO_0040.wav,MS11_X20_C0_0010_M_IDO_0040,512,512,512,513,อีดอร์,npc,male,idore,,ข้าชราขนาดนี้คงทำได้แค่แทรกแซง หากท่านมีประสบการณ์ทัดเทียมกับข้า สักวันท่านคงเข้าใจ,,,BLOCKED_PENDING_REFERENCE_AUDIO,,triangle-strategy
504,MS11_X20_WD_0010_N_NNN_0010.wav,MS11_X20_WD_0010_N_NNN_0010,513,513,513,514,Narrator,narrator,female,narrator,assets/triangle-strategy/approved_voice_references/narrator.wav,เส้นทางข้างหน้าเรานั้นมักลำบากตรากตรำเสมอ เซเรโนอาเดินทางกลับบ้านของตนเพื่อเจรจาส่งชาวโรเซลล์ที่อาศัยอยู่ในเขตแดนของเขากลับสู่ไฮแซนต์ ที่ซึ่งพวกเขาเป็นทาสรับใช้,,,PENDING_MANUAL_GENERATION,,triangle-strategy
505,MS11_X20_WD_0010_N_NNN_0020.wav,MS11_X20_WD_0010_N_NNN_0020,514,514,514,515,Narrator,narrator,female,narrator,assets/triangle-strategy/approved_voice_references/narrator.wav,เขาจำยอมต้องทำในสิ่งที่น่ารังเกียจ เพียงเพราะต้องการชนะใจเทพธิดาและรักษาตระกูลของตนไว้,,,PENDING_MANUAL_GENERATION,,triangle-strategy
506,MS11_X21_A1_0010_F_ANA_0010.wav,MS11_X21_A1_0010_F_ANA_0010,515,515,515,516,Anna,main,female,anna,assets/triangle-strategy/approved_voice_references/anna.wav,ลอร์ดเซเรโนอา มานี่เร็วเจ้าค่ะ! มีกองทัพกำลังมุ่งหน้าไปที่หมู่บ้านโรเซลล์!,,,PENDING_MANUAL_GENERATION,,triangle-strategy
507,MS11_X21_A1_0010_F_ANA_0020.wav,MS11_X21_A1_0010_F_ANA_0020,516,516,516,517,Anna,main,female,anna,assets/triangle-strategy/approved_voice_references/anna.wav,ไม่ทราบเจ้าค่ะ!,,,PENDING_MANUAL_GENERATION,,triangle-strategy
508,MS11_X21_A1_0010_F_FRE_0010.wav,MS11_X21_A1_0010_F_FRE_0010,517,517,517,518,Frederica,main,female,frederica,assets/triangle-strategy/approved_voice_references/frederica.wav,เราต้องแจ้งสถานการณ์ที่นี่ให้ชาวโรเซลล์ทราบด้วย,,,PENDING_MANUAL_GENERATION,,triangle-strategy
509,MS11_X21_A1_0010_F_FRE_0020.wav,MS11_X21_A1_0010_F_FRE_0020,518,518,518,519,Frederica,main,female,frederica,assets/triangle-strategy/approved_voice_references/frederica.wav,คราวนี้กองทัพใครอีกล่ะ!?,,,PENDING_MANUAL_GENERATION,,triangle-strategy
510,MS11_X21_A1_0010_M_RLN_0010.wav,MS11_X21_A1_0010_M_RLN_0010,519,519,519,520,Roland,main,male,roland,assets/triangle-strategy/approved_voice_references/roland.wav,ขอแค่มีเวลามากพอในการโค่นพวกมัน,,,PENDING_MANUAL_GENERATION,,triangle-strategy
511,MS11_X21_A1_0010_M_SEL_0010.wav,MS11_X21_A1_0010_M_SEL_0010,520,520,520,521,Serenoa,main,male,serenoa,assets/triangle-strategy/approved_voice_references/serenoa.wav,ไฮแซนต์จะตั้งคำถามเราแน่นอน เราคงต้องเจรจาเพื่อซื้อเวลา,,,PENDING_MANUAL_GENERATION,,triangle-strategy
512,MS11_X21_A1_0010_M_SEL_0020.wav,MS11_X21_A1_0010_M_SEL_0020,521,521,521,522,Serenoa,main,male,serenoa,assets/triangle-strategy/approved_voice_references/serenoa.wav,งั้นข้าจะให้ผู้ส่งสารไปประจำการที่ปราสาทวูล์ฟฟอร์ต,,,PENDING_MANUAL_GENERATION,,triangle-strategy
513,MS11_X21_A1_0010_M_SEL_0030.wav,MS11_X21_A1_0010_M_SEL_0030,522,522,522,523,Serenoa,main,male,serenoa,assets/triangle-strategy/approved_voice_references/serenoa.wav,เอาจริงเหรอเนี่ย!?,,,PENDING_MANUAL_GENERATION,,triangle-strategy
514,MS11_X21_A1_0010_M_SEL_0040.wav,MS11_X21_A1_0010_M_SEL_0040,523,523,523,524,Serenoa,main,male,serenoa,assets/triangle-strategy/approved_voice_references/serenoa.wav,จะเป็นใครไม่สำคัญ แต่รีบไปช่วยพวกเขาก่อนเถอะ! เตรียมสู้ได้เลย!,,,PENDING_MANUAL_GENERATION,,triangle-strategy
515,MS11_X21_A1_2010_M_JRM_0010.wav,MS11_X21_A1_2010_M_JRM_0010,524,524,524,525,เจอร์รอม,npc,male,jerrom,,โอย... ทำไมกัน? โจมตีหมู่บ้านของเราทำไม?,,,BLOCKED_PENDING_REFERENCE_AUDIO,,triangle-strategy
516,MS11_X21_A1_2010_M_JRM_0020.wav,MS11_X21_A1_2010_M_JRM_0020,525,525,525,526,เจอร์รอม,npc,male,jerrom,,ฮ่า! ฝันไปเถอะ!,,,BLOCKED_PENDING_REFERENCE_AUDIO,,triangle-strategy
517,MS11_X21_A1_2010_M_ROF_0010.wav,MS11_X21_A1_2010_M_ROF_0010,526,526,526,527,รูฟัส,npc,male,rufus,,คำสั่งของหัวหน้านักบวชน่ะ ท่านอยากให้พวกเจ้ากลับไฮแซนต์,,,BLOCKED_PENDING_REFERENCE_AUDIO,,triangle-strategy
518,MS11_X21_A1_2020_M_RLN_0020.wav,MS11_X21_A1_2020_M_RLN_0020,529,529,529,530,Roland,main,male,roland,assets/triangle-strategy/approved_voice_references/roland.wav,เจอร์รอมเป็นเด็กที่ยึดมั่นในความเชื่อของตนมากๆเลยนะ,,,PENDING_MANUAL_GENERATION,,triangle-strategy
519,MS11_X21_A1_2020_M_RLN_0030.wav,MS11_X21_A1_2020_M_RLN_0030,530,530,530,531,Roland,main,male,roland,assets/triangle-strategy/approved_voice_references/roland.wav,เหมือนที่เจ้าทำยังไงล่ะ,,,PENDING_MANUAL_GENERATION,,triangle-strategy
520,MS11_X21_A1_2020_M_RLN_0040.wav,MS11_X21_A1_2020_M_RLN_0040,531,531,531,532,Roland,main,male,roland,assets/triangle-strategy/approved_voice_references/roland.wav,เทพธิดาของไฮแซนต์ก็มองพวกเขาเช่นนั้นมาโดยตลอด,,,PENDING_MANUAL_GENERATION,,triangle-strategy
521,MS11_X21_A1_2020_M_RLN_0050.wav,MS11_X21_A1_2020_M_RLN_0050,532,532,532,533,Roland,main,male,roland,assets/triangle-strategy/approved_voice_references/roland.wav,คือข้าก็ไม่ได้อยากจะอ้างหรอกนะ,,,PENDING_MANUAL_GENERATION,,triangle-strategy
522,MS11_X21_A1_2020_M_RLN_0060.wav,MS11_X21_A1_2020_M_RLN_0060,533,533,533,534,Roland,main,male,roland,assets/triangle-strategy/approved_voice_references/roland.wav,แต่ข้าเห็นแล้วว่าหมู่บ้านและตระกูลของเจ้า ต้องเดือดร้อนเพราะความอ่อนแอของราชวงศ์,,,PENDING_MANUAL_GENERATION,,triangle-strategy
523,MS11_X21_A1_2020_M_RLN_0070.wav,MS11_X21_A1_2020_M_RLN_0070,534,534,534,535,Roland,main,male,roland,assets/triangle-strategy/approved_voice_references/roland.wav,ข้าพูดความจริง เจ้าเองก็รู้,,,PENDING_MANUAL_GENERATION,,triangle-strategy
524,MS11_X21_A1_2020_M_RLN_0080.wav,MS11_X21_A1_2020_M_RLN_0080,535,535,535,536,Roland,main,male,roland,assets/triangle-strategy/approved_voice_references/roland.wav,ตอนนี้คอร์เดเลียกับราษฏรเกลนบรู๊คยังร้องขอความช่วยเหลืออยู่เลย,,,PENDING_MANUAL_GENERATION,,triangle-strategy
525,MS11_X21_A1_2020_M_RLN_0090.wav,MS11_X21_A1_2020_M_RLN_0090,536,536,536,537,Roland,main,male,roland,assets/triangle-strategy/approved_voice_references/roland.wav,แต่ข้ากลับนิ่งเฉย หลบซ่อนอยู่ภายใต้หน้ากากและแอบอ้างเป็นคนอื่น แล้วใครหน้าไหนจะมองข้าเป็นผู้นำกันล่ะ?,,,PENDING_MANUAL_GENERATION,,triangle-strategy
526,MS11_X21_A1_2020_M_SEL_0010.wav,MS11_X21_A1_2020_M_SEL_0010,537,537,537,538,Serenoa,main,male,serenoa,assets/triangle-strategy/approved_voice_references/serenoa.wav,ท่านมายืนอะไรตรงนี้เนี่ยโรแลนด์?,,,PENDING_MANUAL_GENERATION,,triangle-strategy
527,MS11_X21_A1_2020_M_SEL_0020.wav,MS11_X21_A1_2020_M_SEL_0020,538,538,538,539,Serenoa,main,male,serenoa,assets/triangle-strategy/approved_voice_references/serenoa.wav,ใช่แล้วล่ะ เขาดูแลชีวิตของทุกคนและต่อสู้เพื่ออิสรภาพของพวกเขา,,,PENDING_MANUAL_GENERATION,,triangle-strategy
528,MS11_X21_A1_2020_M_SEL_0030.wav,MS11_X21_A1_2020_M_SEL_0030,539,539,539,540,Serenoa,main,male,serenoa,assets/triangle-strategy/approved_voice_references/serenoa.wav,ข้าแค่รักษาเอกราชให้เขตแดนของตนในฐานะผู้ปกครองเท่านั้นเองขอรับ,,,PENDING_MANUAL_GENERATION,,triangle-strategy
529,MS11_X21_A1_2020_M_SEL_0035.wav,MS11_X21_A1_2020_M_SEL_0035,540,540,540,541,Serenoa,main,male,serenoa,assets/triangle-strategy/approved_voice_references/serenoa.wav,ข้าไม่ยอมให้ชาวโรเซลล์ต้องสูญเสียความเป็นมนุษย์และถูกปฏิบัติเยี่ยงสิ่งของหรอกนะ,,,PENDING_MANUAL_GENERATION,,triangle-strategy
530,MS11_X21_A1_2020_M_SEL_0040.wav,MS11_X21_A1_2020_M_SEL_0040,541,541,541,542,Serenoa,main,male,serenoa,assets/triangle-strategy/approved_voice_references/serenoa.wav,แม้ผู้แข็งแกร่งจะชนะผู้อ่อนแอ แต่มันก็ไม่ได้หมายความเช่นนั้นเสมอไปขอรับ,,,PENDING_MANUAL_GENERATION,,triangle-strategy
531,MS11_X21_A1_2020_M_SEL_0050.wav,MS11_X21_A1_2020_M_SEL_0050,542,542,542,543,Serenoa,main,male,serenoa,assets/triangle-strategy/approved_voice_references/serenoa.wav,นั่นมัน-,,,PENDING_MANUAL_GENERATION,,triangle-strategy
532,MS11_X21_A1_2030_M_ELD_0010.wav,MS11_X21_A1_2030_M_ELD_0010,543,543,543,544,ผู้อาวุโสชาวโรเซลล์,generic,male,MALE_OLD_A,assets/triangle-strategy/approved_voice_references/MALE_OLD_A.wav,ลอร์ดเซเรโนอา ข้าไม่ชอบให้พูดอ้อมค้อม มีอะไรก็บอกมาตรงๆได้เลยขอรับ,,,PENDING_MANUAL_GENERATION,,triangle-strategy
533,MS11_X21_A1_2030_M_ELD_0020.wav,MS11_X21_A1_2030_M_ELD_0020,544,544,544,545,ผู้อาวุโสชาวโรเซลล์,generic,male,MALE_OLD_A,assets/triangle-strategy/approved_voice_references/MALE_OLD_A.wav,อ้อ นั่นมันหนังหมูป่าชมพูน่ะ...,,,PENDING_MANUAL_GENERATION,,triangle-strategy
534,MS11_X21_A1_2030_M_ELD_0030.wav,MS11_X21_A1_2030_M_ELD_0030,545,545,545,546,ผู้อาวุโสชาวโรเซลล์,generic,male,MALE_OLD_A,assets/triangle-strategy/approved_voice_references/MALE_OLD_A.wav,แสดงว่าท่านไม่เคยพบพวกมันแถวปราสาทสินะ แต่พวกมันอาศัยอยู่ที่นี่ขอรับ,,,PENDING_MANUAL_GENERATION,,triangle-strategy
535,MS11_X21_A1_2030_M_ELD_0040.wav,MS11_X21_A1_2030_M_ELD_0040,546,546,546,547,ผู้อาวุโสชาวโรเซลล์,generic,male,MALE_OLD_A,assets/triangle-strategy/approved_voice_references/MALE_OLD_A.wav,ลอร์ดเซเรโนอา ข้าก็คนแก่ธรรมดาคนหนึ่ง ข้าไม่รู้เรื่องกุญแจอะไรนั่นแน่นอนขอรับ,,,PENDING_MANUAL_GENERATION,,triangle-strategy
536,MS11_X21_A1_2030_M_ELD_0050.wav,MS11_X21_A1_2030_M_ELD_0050,547,547,547,548,ผู้อาวุโสชาวโรเซลล์,generic,male,MALE_OLD_A,assets/triangle-strategy/approved_voice_references/MALE_OLD_A.wav,อย่างที่ข้าพูด ท่านกำลังถือหนังหมูป่าชมพูธรรมดาทั่วไป ข้าก็อยากช่วยท่านแต่ข้าไม่รู้เรื่องกุญแจจริงๆขอรับ,,,PENDING_MANUAL_GENERATION,,triangle-strategy
537,MS11_X21_A1_2030_M_ELD_0060.wav,MS11_X21_A1_2030_M_ELD_0060,548,548,548,549,ผู้อาวุโสชาวโรเซลล์,generic,male,MALE_OLD_A,assets/triangle-strategy/approved_voice_references/MALE_OLD_A.wav,ตายจริง...,,,PENDING_MANUAL_GENERATION,,triangle-strategy
538,MS11_X21_A1_2030_M_ELD_0070.wav,MS11_X21_A1_2030_M_ELD_0070,549,549,549,550,ผู้อาวุโสชาวโรเซลล์,generic,male,MALE_OLD_A,assets/triangle-strategy/approved_voice_references/MALE_OLD_A.wav,นึกว่าจะไม่ได้เห็นมันอีกซะแล้ว...,,,PENDING_MANUAL_GENERATION,,triangle-strategy
539,MS11_X21_A1_2030_M_ELD_0080.wav,MS11_X21_A1_2030_M_ELD_0080,550,550,550,551,ผู้อาวุโสชาวโรเซลล์,generic,male,MALE_OLD_A,assets/triangle-strategy/approved_voice_references/MALE_OLD_A.wav,มันคือของขวัญจากภรรยาผู้ล่วงลับของข้า ตอนแรกจำแทบไม่ได้เพราะสนิมเกาะไปหมด!,,,PENDING_MANUAL_GENERATION,,triangle-strategy
540,MS11_X21_A1_2030_M_ELD_0090.wav,MS11_X21_A1_2030_M_ELD_0090,551,551,551,552,ผู้อาวุโสชาวโรเซลล์,generic,male,MALE_OLD_A,assets/triangle-strategy/approved_voice_references/MALE_OLD_A.wav,ไม่ใช่หรอก แต่ข้ารู้สึกขอบคุณอย่างยิ่งที่ท่านพบมันขอรับ,,,PENDING_MANUAL_GENERATION,,triangle-strategy
541,MS11_X21_A1_2030_M_ELD_0100.wav,MS11_X21_A1_2030_M_ELD_0100,552,552,552,553,ผู้อาวุโสชาวโรเซลล์,generic,male,MALE_OLD_A,assets/triangle-strategy/approved_voice_references/MALE_OLD_A.wav,สิ่งนี้เป็นเพียงกระจกเก่าๆในบ้านของข้า มันไม่ใช่กุญแจอะไรนั่นหรอก,,,PENDING_MANUAL_GENERATION,,triangle-strategy
542,MS11_X21_A1_2030_M_ELD_0120.wav,MS11_X21_A1_2030_M_ELD_0120,553,553,553,554,ผู้อาวุโสชาวโรเซลล์,generic,male,MALE_OLD_A,assets/triangle-strategy/approved_voice_references/MALE_OLD_A.wav,ท่านไปเจอมาได้ยังไงเนี่ย!?,,,PENDING_MANUAL_GENERATION,,triangle-strategy
543,MS11_X21_A1_2030_M_ELD_0130.wav,MS11_X21_A1_2030_M_ELD_0130,554,554,554,555,ผู้อาวุโสชาวโรเซลล์,generic,male,MALE_OLD_A,assets/triangle-strategy/approved_voice_references/MALE_OLD_A.wav,สงสัยคงหลอกท่านไม่ได้แล้วสินะ ข้าจะเล่าให้ฟังทุกอย่างเลย,,,PENDING_MANUAL_GENERATION,,triangle-strategy
544,MS11_X21_A1_2030_M_SEL_0010.wav,MS11_X21_A1_2030_M_SEL_0010,555,555,555,556,Serenoa,main,male,serenoa,assets/triangle-strategy/approved_voice_references/serenoa.wav,ท่านผู้อาวุโส ข้ามาพูดคุยกับท่านเพื่อความปลอดภัยของชาวโรเซลล์,,,PENDING_MANUAL_GENERATION,,triangle-strategy
545,MS11_X21_A1_2030_M_SEL_0030.wav,MS11_X21_A1_2030_M_SEL_0030,556,556,556,557,Serenoa,main,male,serenoa,assets/triangle-strategy/approved_voice_references/serenoa.wav,หนังสัตว์ชมพูนี่ ใช่กุญแจของเราหรือเปล่า?,,,PENDING_MANUAL_GENERATION,,triangle-strategy
546,MS11_X21_A1_2030_M_SEL_0040.wav,MS11_X21_A1_2030_M_SEL_0040,557,557,557,558,Serenoa,main,male,serenoa,assets/triangle-strategy/approved_voice_references/serenoa.wav,อ้าว... ขออภัยด้วยขอรับ,,,PENDING_MANUAL_GENERATION,,triangle-strategy
547,MS11_X21_A1_2030_M_SEL_0050.wav,MS11_X21_A1_2030_M_SEL_0050,558,558,558,559,Serenoa,main,male,serenoa,assets/triangle-strategy/approved_voice_references/serenoa.wav,กระจกชมพูนี่ เป็นกุญแจหรือไม่ขอรับ?,,,PENDING_MANUAL_GENERATION,,triangle-strategy
548,MS11_X21_A1_2030_M_SEL_0060.wav,MS11_X21_A1_2030_M_SEL_0060,559,559,559,560,Serenoa,main,male,serenoa,assets/triangle-strategy/approved_voice_references/serenoa.wav,ลวดลายบนกระจกค่อนข้างเก่าแก่ หรือจะเป็นโบราณวัตถุในตำนานแห่งโรเซลล์กันนะ?,,,PENDING_MANUAL_GENERATION,,triangle-strategy
549,MS11_X21_A1_2030_M_SEL_0070.wav,MS11_X21_A1_2030_M_SEL_0070,560,560,560,561,Serenoa,main,male,serenoa,assets/triangle-strategy/approved_voice_references/serenoa.wav,สรุปนี่ใช่กุญแจไหมขอรับ?,,,PENDING_MANUAL_GENERATION,,triangle-strategy
550,MS11_X21_A1_2030_M_SEL_0080.wav,MS11_X21_A1_2030_M_SEL_0080,561,561,561,562,Serenoa,main,male,serenoa,assets/triangle-strategy/approved_voice_references/serenoa.wav,หินชมพูนี่ คือกุญแจหรือไม่ขอรับ?,,,PENDING_MANUAL_GENERATION,,triangle-strategy
551,MS11_X21_A1_2030_M_SEL_0090.wav,MS11_X21_A1_2030_M_SEL_0090,562,562,562,563,Serenoa,main,male,serenoa,assets/triangle-strategy/approved_voice_references/serenoa.wav,สรุปแล้วมันคือกุญแจสินะ? ท่านรู้เรื่องอะไรบ้างขอรับ!?,,,PENDING_MANUAL_GENERATION,,triangle-strategy
552,MS11_X21_A1_2030_M_SEL_0092.wav,MS11_X21_A1_2030_M_SEL_0092,695,695,695,564,Serenoa,main,male,serenoa,assets/triangle-strategy/approved_voice_references/serenoa.wav,สรุปว่านั่นไม่ใช่กุญแจเหรอเนี่ย... หรือถามเรื่องอื่นดีล่ะ,,,PENDING_MANUAL_GENERATION,,triangle-strategy
553,MS11_X21_A1_2030_M_SEL_0100.wav,MS11_X21_A1_2030_M_SEL_0100,563,563,563,565,Serenoa,main,male,serenoa,assets/triangle-strategy/approved_voice_references/serenoa.wav,ข้าถามผู้อาวุโสทุกอย่างแล้ว...,,,PENDING_MANUAL_GENERATION,,triangle-strategy
554,MS11_X21_A1_2030_M_SEL_0110.wav,MS11_X21_A1_2030_M_SEL_0110,564,564,564,566,Serenoa,main,male,serenoa,assets/triangle-strategy/approved_voice_references/serenoa.wav,สงสัยข้าคงหากุญแจนั่นไม่เจอเองสินะ...,,,PENDING_MANUAL_GENERATION,,triangle-strategy
555,MS11_X21_BATTLE_01_AFTER_M_BND_0010.wav,MS11_X21_BATTLE_01_AFTER_M_BND_0010,565,565,565,567,Benedict,main,male,benedict,assets/triangle-strategy/approved_voice_references/benedict.wav,สรุปแล้วเราไม่ได้ซื้อเวลาให้ใครเลยสินะ...,,,PENDING_MANUAL_GENERATION,,triangle-strategy
556,MS11_X21_BATTLE_01_AFTER_M_BND_0020.wav,MS11_X21_BATTLE_01_AFTER_M_BND_0020,566,566,566,568,Benedict,main,male,benedict,assets/triangle-strategy/approved_voice_references/benedict.wav,ข้าว่าตอนนี้ไม่ใช่เวลาอันเหมาะสมหรอกท่าน,,,PENDING_MANUAL_GENERATION,,triangle-strategy
557,MS11_X21_BATTLE_01_AFTER_M_ELA_0010.wav,MS11_X21_BATTLE_01_AFTER_M_ELA_0010,568,568,568,570,Erador,main,male,erador,assets/triangle-strategy/approved_voice_references/erador.wav,แล้วคิดว่าเราจะปล่อยเจ้าไปง่ายๆงั้นเหรอ! เรื่องนี้หลุดถึงหูใครไม่ได้หรอกนะ!,,,PENDING_MANUAL_GENERATION,,triangle-strategy
558,MS11_X21_BATTLE_01_AFTER_M_ELA_0020.wav,MS11_X21_BATTLE_01_AFTER_M_ELA_0020,569,569,569,571,Erador,main,male,erador,assets/triangle-strategy/approved_voice_references/erador.wav,นายท่านพูดถูก เตรียมกระเพาะไว้ได้เลย!,,,PENDING_MANUAL_GENERATION,,triangle-strategy
559,MS11_X21_BATTLE_01_AFTER_M_ELD_0010.wav,MS11_X21_BATTLE_01_AFTER_M_ELD_0010,570,570,570,572,ผู้อาวุโสชาวโรเซลล์,generic,male,MALE_OLD_A,assets/triangle-strategy/approved_voice_references/MALE_OLD_A.wav,พวกเราจะจัดงานเลี้ยงฉลองท่านเอง!,,,PENDING_MANUAL_GENERATION,,triangle-strategy
560,MS11_X21_BATTLE_01_AFTER_M_JRM_0010.wav,MS11_X21_BATTLE_01_AFTER_M_JRM_0010,571,571,571,573,เจอร์รอม,npc,male,jerrom,,ลอร์ดเซเรโนอา ขอบคุณที่มาช่วยเหลือเราขอรับ,,,BLOCKED_PENDING_REFERENCE_AUDIO,,triangle-strategy
561,MS11_X21_BATTLE_01_AFTER_M_ROF_0010.wav,MS11_X21_BATTLE_01_AFTER_M_ROF_0010,572,572,572,574,รูฟัส,npc,male,rufus,,ชิ! ทำข้าเสียงานบ่อยเหลือเกิน... จากนี้ขอหนีดีกว่า,,,BLOCKED_PENDING_REFERENCE_AUDIO,,triangle-strategy
562,MS11_X21_BATTLE_01_AFTER_M_ROF_0020.wav,MS11_X21_BATTLE_01_AFTER_M_ROF_0020,573,573,573,575,รูฟัส,npc,male,rufus,,ไม่ทันแล้วล่ะ ซิลวิโอ้แฉพวกเจ้าไปเป็นชาติแล้ว,,,BLOCKED_PENDING_REFERENCE_AUDIO,,triangle-strategy
563,MS11_X21_BATTLE_01_AFTER_M_ROF_0030.wav,MS11_X21_BATTLE_01_AFTER_M_ROF_0030,574,574,574,576,รูฟัส,npc,male,rufus,,พรุ่งนี้เตรียมรับมือกองทัพไฮแซนต์ได้เลย! พวกเขาจะตามมาเก็บกวาดทีหลัง,,,BLOCKED_PENDING_REFERENCE_AUDIO,,triangle-strategy
564,MS11_X21_BATTLE_01_AFTER_M_SEL_0010.wav,MS11_X21_BATTLE_01_AFTER_M_SEL_0010,575,575,575,577,Serenoa,main,male,serenoa,assets/triangle-strategy/approved_voice_references/serenoa.wav,วิเศษมาจากไหนถึงมาดูถูกคนของข้า!,,,PENDING_MANUAL_GENERATION,,triangle-strategy
565,MS11_X21_BATTLE_01_AFTER_M_SEL_0020.wav,MS11_X21_BATTLE_01_AFTER_M_SEL_0020,576,576,576,578,Serenoa,main,male,serenoa,assets/triangle-strategy/approved_voice_references/serenoa.wav,แน่นอนว่าเราต้องรักษาคนเจ็บก่อน ถึงสุดท้ายจะสู้หรือถอย แต่เราก็มีเวลาพักหายใจทานข้าวทานน้ำอยู่ดี,,,PENDING_MANUAL_GENERATION,,triangle-strategy
566,MS11_X21_BATTLE_01_AFTER_M_SEL_0030.wav,MS11_X21_BATTLE_01_AFTER_M_SEL_0030,577,577,577,579,Serenoa,main,male,serenoa,assets/triangle-strategy/approved_voice_references/serenoa.wav,อย่าปฏิเสธความใจดีของพวกเขาเลยขอรับ,,,PENDING_MANUAL_GENERATION,,triangle-strategy
567,MS11_X21_BATTLE_01_AFTER_M_SLV_0010.wav,MS11_X21_BATTLE_01_AFTER_M_SLV_0010,578,578,578,580,ซิลวิโอ้,npc,male,silvio,,ดะ-เดี๋ยวสิ ข้าขอร้องล่ะ! นี่เจ้าจะสังหารเพื่อนบ้านตัวเองเพื่อปกป้องพวกโรเซลล์เนี่ยนะ?,,,BLOCKED_PENDING_REFERENCE_AUDIO,,triangle-strategy
568,MS11_X21_BATTLE_01_AFTER_M_SLV_0020.wav,MS11_X21_BATTLE_01_AFTER_M_SLV_0020,579,579,579,581,ซิลวิโอ้,npc,male,silvio,,พวกมันล้วนมีมลทิน! พยายามไปก็ไม่เกิดผลหรอก!,,,BLOCKED_PENDING_REFERENCE_AUDIO,,triangle-strategy
569,MS11_X21_BATTLE_01_AFTER_M_SLV_0030.wav,MS11_X21_BATTLE_01_AFTER_M_SLV_0030,580,580,580,582,ซิลวิโอ้,npc,male,silvio,,อ้ากกกก!,,,BLOCKED_PENDING_REFERENCE_AUDIO,,triangle-strategy
570,MS11_X21_BATTLE_01_AFTER_M_SLV_0040.wav,MS11_X21_BATTLE_01_AFTER_M_SLV_0040,581,581,581,583,ซิลวิโอ้,npc,male,silvio,,กล้า...ดียังไง...,,,BLOCKED_PENDING_REFERENCE_AUDIO,,triangle-strategy
571,MS11_X21_BATTLE_01_BEFORE_M_BND_0010.wav,MS11_X21_BATTLE_01_BEFORE_M_BND_0010,582,582,582,584,Benedict,main,male,benedict,assets/triangle-strategy/approved_voice_references/benedict.wav,"พา ""ผู้พิชิตวีรชน"" มาด้วยเหรอเนี่ย...",,,PENDING_MANUAL_GENERATION,,triangle-strategy
572,MS11_X21_BATTLE_01_BEFORE_M_ELA_0010.wav,MS11_X21_BATTLE_01_BEFORE_M_ELA_0010,583,583,583,585,Erador,main,male,erador,assets/triangle-strategy/approved_voice_references/erador.wav,แล้วเจ้ามาทำอะไรที่นี่ล่ะ ซิลวิโอ้!?,,,PENDING_MANUAL_GENERATION,,triangle-strategy
573,MS11_X21_BATTLE_01_BEFORE_M_ELA_0020.wav,MS11_X21_BATTLE_01_BEFORE_M_ELA_0020,584,584,584,586,Erador,main,male,erador,assets/triangle-strategy/approved_voice_references/erador.wav,พ่อหนุ่ม ชายคนนั้นคือทหารรับจ้าง ฉายาผู้พิชิตวีรชน,,,PENDING_MANUAL_GENERATION,,triangle-strategy
574,MS11_X21_BATTLE_01_BEFORE_M_JRM_0010.wav,MS11_X21_BATTLE_01_BEFORE_M_JRM_0010,585,585,585,587,เจอร์รอม,npc,male,jerrom,,ข้า...ไม่มีวันยอมจำนนให้คนอย่างเจ้าหรอกโว้ย!,,,BLOCKED_PENDING_REFERENCE_AUDIO,,triangle-strategy
575,MS11_X21_BATTLE_01_BEFORE_M_JRM_0020.wav,MS11_X21_BATTLE_01_BEFORE_M_JRM_0020,586,586,586,588,เจอร์รอม,npc,male,jerrom,,ลอร์ดเซเรโนอา!,,,BLOCKED_PENDING_REFERENCE_AUDIO,,triangle-strategy
576,MS11_X21_BATTLE_01_BEFORE_M_JRM_0030.wav,MS11_X21_BATTLE_01_BEFORE_M_JRM_0030,587,587,587,589,เจอร์รอม,npc,male,jerrom,,ข้าขอสู้เพื่ออิสรภาพของเราพร้อมกับท่านขอรับ!,,,BLOCKED_PENDING_REFERENCE_AUDIO,,triangle-strategy
577,MS11_X21_BATTLE_01_BEFORE_M_ROF_0010.wav,MS11_X21_BATTLE_01_BEFORE_M_ROF_0010,588,588,588,590,รูฟัส,npc,male,rufus,,ตามมาเงียบๆซะถ้ายังไม่อยากตาย ลองขัดขืนดูสิ...เดี๋ยวจะเชือดทิ้งให้หมด เอาไง?,,,BLOCKED_PENDING_REFERENCE_AUDIO,,triangle-strategy
578,MS11_X21_BATTLE_01_BEFORE_M_ROF_0020.wav,MS11_X21_BATTLE_01_BEFORE_M_ROF_0020,589,589,589,591,รูฟัส,npc,male,rufus,,ข้าแค่ทำตามคำสั่งเฉยๆ,,,BLOCKED_PENDING_REFERENCE_AUDIO,,triangle-strategy
579,MS11_X21_BATTLE_01_BEFORE_M_ROF_0030.wav,MS11_X21_BATTLE_01_BEFORE_M_ROF_0030,590,590,590,592,รูฟัส,npc,male,rufus,,ขอมาก็จัดให้!,,,BLOCKED_PENDING_REFERENCE_AUDIO,,triangle-strategy
580,MS11_X21_BATTLE_01_BEFORE_M_SEL_0010.wav,MS11_X21_BATTLE_01_BEFORE_M_SEL_0010,591,591,591,593,Serenoa,main,male,serenoa,assets/triangle-strategy/approved_voice_references/serenoa.wav,หยุดทำร้ายพวกเขาเดี๋ยวนี้เลยนะ!,,,PENDING_MANUAL_GENERATION,,triangle-strategy
581,MS11_X21_BATTLE_01_BEFORE_M_SEL_0020.wav,MS11_X21_BATTLE_01_BEFORE_M_SEL_0020,592,592,592,594,Serenoa,main,male,serenoa,assets/triangle-strategy/approved_voice_references/serenoa.wav,ลอร์ดซิลวิโอ้!? ทำร้ายพวกโรเซลล์ทำไมเนี่ย?,,,PENDING_MANUAL_GENERATION,,triangle-strategy
582,MS11_X21_BATTLE_01_BEFORE_M_SEL_0030.wav,MS11_X21_BATTLE_01_BEFORE_M_SEL_0030,593,593,593,595,Serenoa,main,male,serenoa,assets/triangle-strategy/approved_voice_references/serenoa.wav,ท่านติดค้างไฮแซนต์งั้นเหรอ?,,,PENDING_MANUAL_GENERATION,,triangle-strategy
583,MS11_X21_BATTLE_01_BEFORE_M_SEL_0040.wav,MS11_X21_BATTLE_01_BEFORE_M_SEL_0040,594,594,594,596,Serenoa,main,male,serenoa,assets/triangle-strategy/approved_voice_references/serenoa.wav,ข้าไม่ยอมให้ท่านทำแบบนั้นแน่ วูล์ฟฟอร์ตจะปกป้องคนเหล่านี้เอง!,,,PENDING_MANUAL_GENERATION,,triangle-strategy
584,MS11_X21_BATTLE_01_BEFORE_M_SEL_0050.wav,MS11_X21_BATTLE_01_BEFORE_M_SEL_0050,595,595,595,597,Serenoa,main,male,serenoa,assets/triangle-strategy/approved_voice_references/serenoa.wav,ทุกคนถอยไป!,,,PENDING_MANUAL_GENERATION,,triangle-strategy
585,MS11_X21_BATTLE_01_BEFORE_M_SEL_0060.wav,MS11_X21_BATTLE_01_BEFORE_M_SEL_0060,596,596,596,598,Serenoa,main,male,serenoa,assets/triangle-strategy/approved_voice_references/serenoa.wav,ก็ได้...แต่ระวังตัวด้วยนะ!,,,PENDING_MANUAL_GENERATION,,triangle-strategy
586,MS11_X21_BATTLE_01_BEFORE_M_SLV_0010.wav,MS11_X21_BATTLE_01_BEFORE_M_SLV_0010,597,597,597,599,ซิลวิโอ้,npc,male,silvio,,แหมๆ ปกป้องพวกโรเซลล์แล้วมันได้อะไรขึ้นมาเหรอ เซเรโอา?,,,BLOCKED_PENDING_REFERENCE_AUDIO,,triangle-strategy
587,MS11_X21_BATTLE_01_BEFORE_M_SLV_0020.wav,MS11_X21_BATTLE_01_BEFORE_M_SLV_0020,598,598,598,600,ซิลวิโอ้,npc,male,silvio,,อุ้ยๆๆ! ระวังปากหน่อยสิเอราดอร์ นี่เจ้ากำลังยืนอยู่ต่อหน้าผู้ส่งสารแห่งเจ็ดผู้ศักดิ์สิทธิ์เชียวนะ,,,BLOCKED_PENDING_REFERENCE_AUDIO,,triangle-strategy
588,MS11_X21_BATTLE_01_BEFORE_M_SLV_0030.wav,MS11_X21_BATTLE_01_BEFORE_M_SLV_0030,599,599,599,601,ซิลวิโอ้,npc,male,silvio,,ข้าก็มีทางเลือกเหมือนกับท่านนั่นแหละ ถ้าไม่เชื่อฟังก็พังพินาศด้วยน้ำมือไฮแซนต์,,,BLOCKED_PENDING_REFERENCE_AUDIO,,triangle-strategy
589,MS11_X21_BATTLE_01_BEFORE_M_SLV_0040.wav,MS11_X21_BATTLE_01_BEFORE_M_SLV_0040,600,600,600,602,ซิลวิโอ้,npc,male,silvio,,ข้ามารับชาวโรเซลล์ในนามของเจ็ดผู้ศักดิ์สิทธิ์กลับสู่อาณาจักร ท่านเองก็อย่าทำให้ยืดเยื้อนักเลย,,,BLOCKED_PENDING_REFERENCE_AUDIO,,triangle-strategy
590,MS11_X21_BATTLE_01_BEFORE_M_SLV_0050.wav,MS11_X21_BATTLE_01_BEFORE_M_SLV_0050,601,601,601,603,ซิลวิโอ้,npc,male,silvio,,พูดแบบนั้นก็ถูก,,,BLOCKED_PENDING_REFERENCE_AUDIO,,triangle-strategy
591,MS11_X21_BATTLE_01_BEFORE_M_SLV_0060.wav,MS11_X21_BATTLE_01_BEFORE_M_SLV_0060,602,602,602,604,ซิลวิโอ้,npc,male,silvio,,แต่ช่วยหลีกทางให้หน่อยแล้วกัน พอดีต้องส่งพวกโรเซลล์กลับไปอะนะ!,,,BLOCKED_PENDING_REFERENCE_AUDIO,,triangle-strategy
592,MS11_X21_BATTLE_01_BEFORE_M_SLV_0070.wav,MS11_X21_BATTLE_01_BEFORE_M_SLV_0070,603,603,603,605,ซิลวิโอ้,npc,male,silvio,,ยอมรับว่าหักหลังไฮแซนต์แล้วสินะ,,,BLOCKED_PENDING_REFERENCE_AUDIO,,triangle-strategy
593,MS11_X21_BATTLE_01_BEFORE_M_SLV_0080.wav,MS11_X21_BATTLE_01_BEFORE_M_SLV_0080,604,604,604,606,ซิลวิโอ้,npc,male,silvio,,รูฟัส กบฎพวกนี้มันเกะกะตาเสียจริง! ถ้าจำเป็นก็ฆ่าทิ้งให้หมดเลย!,,,BLOCKED_PENDING_REFERENCE_AUDIO,,triangle-strategy
594,MS11_X21_BATTLE_01_DRAMA_F_FRE_0010.wav,MS11_X21_BATTLE_01_DRAMA_F_FRE_0010,605,605,605,607,Frederica,main,female,frederica,assets/triangle-strategy/approved_voice_references/frederica.wav,เราจะฝ่าฟันไปด้วยกันนะเจอร์รอม! ตราบใดที่ข้ายังไม่สิ้นลม ข้าไม่มีวันให้ไฮแซนต์แตะต้องพวกเราแน่นอน!,,,PENDING_MANUAL_GENERATION,,triangle-strategy
595,MS11_X21_BATTLE_01_DRAMA_F_FRE_0020.wav,MS11_X21_BATTLE_01_DRAMA_F_FRE_0020,606,606,606,608,Frederica,main,female,frederica,assets/triangle-strategy/approved_voice_references/frederica.wav,ไม่มีจุดยืนเป็นของตัวเองเลยหรือไง ไอ้ลอร์ดชิงหมาเกิด!,,,PENDING_MANUAL_GENERATION,,triangle-strategy
596,MS11_X21_BATTLE_01_DRAMA_F_FRE_0030.wav,MS11_X21_BATTLE_01_DRAMA_F_FRE_0030,607,607,607,609,Frederica,main,female,frederica,assets/triangle-strategy/approved_voice_references/frederica.wav,อย่างน้อยพวกเราก็ไม่เฮงซวยแบบเจ้าก็แล้วกัน!,,,PENDING_MANUAL_GENERATION,,triangle-strategy
597,MS11_X21_BATTLE_01_DRAMA_F_FRE_0040.wav,MS11_X21_BATTLE_01_DRAMA_F_FRE_0040,608,608,608,610,Frederica,main,female,frederica,assets/triangle-strategy/approved_voice_references/frederica.wav,เงินทองมันซื้อประชาชนของเราไม่ได้หรอกนะ!,,,PENDING_MANUAL_GENERATION,,triangle-strategy
598,MS11_X21_BATTLE_01_DRAMA_M_JRM_0010.wav,MS11_X21_BATTLE_01_DRAMA_M_JRM_0010,609,609,609,611,เจอร์รอม,npc,male,jerrom,,ข้ารู้ว่ามีสิ่งใดเป็นเดิมพัน ด้วยเกียรติแห่งชาวโรเซลล์ ข้าจะไม่แพ้!,,,BLOCKED_PENDING_REFERENCE_AUDIO,,triangle-strategy
599,MS11_X21_BATTLE_01_DRAMA_M_JRM_0020.wav,MS11_X21_BATTLE_01_DRAMA_M_JRM_0020,610,610,610,612,เจอร์รอม,npc,male,jerrom,,ก็มาสิ! ข้าจะเก็บให้เรียบยันคนสุดท้ายเลย!,,,BLOCKED_PENDING_REFERENCE_AUDIO,,triangle-strategy
600,MS11_X21_BATTLE_01_DRAMA_M_JRM_0030.wav,MS11_X21_BATTLE_01_DRAMA_M_JRM_0030,611,611,611,613,เจอร์รอม,npc,male,jerrom,,อภัยให้ข้าด้วย... ข้ามาได้เท่านี้จริงๆขอรับ...,,,BLOCKED_PENDING_REFERENCE_AUDIO,,triangle-strategy
601,MS11_X21_BATTLE_01_DRAMA_M_MS11X21B01M01_0010.wav,MS11_X21_BATTLE_01_DRAMA_M_MS11X21B01M01_0010,612,612,612,614,ทหารสมทบ,generic,male,MALE_ADULT_B,assets/triangle-strategy/approved_voice_references/MALE_ADULT_B.wav,ซิลวิโอ้ เทลลิออร์! พวกเรามาช่วยท่านแล้ว!,,,PENDING_MANUAL_GENERATION,,triangle-strategy
602,MS11_X21_BATTLE_01_DRAMA_M_RLN_0010.wav,MS11_X21_BATTLE_01_DRAMA_M_RLN_0010,613,613,613,615,Roland,main,male,roland,assets/triangle-strategy/approved_voice_references/roland.wav,แล้วทำไมถึงต้องใช้วิธีรุนแรงขนาดนี้?,,,PENDING_MANUAL_GENERATION,,triangle-strategy
603,MS11_X21_BATTLE_01_DRAMA_M_RLN_0020.wav,MS11_X21_BATTLE_01_DRAMA_M_RLN_0020,614,614,614,616,Roland,main,male,roland,assets/triangle-strategy/approved_voice_references/roland.wav,ผู้พิชิตวีรชน...,,,PENDING_MANUAL_GENERATION,,triangle-strategy
604,MS11_X21_BATTLE_01_DRAMA_M_ROF_0010.wav,MS11_X21_BATTLE_01_DRAMA_M_ROF_0010,615,615,615,617,รูฟัส,npc,male,rufus,,เจอกันอีกแล้วสินะ พ่อหนุ่มหน้ากากของเรา รอบนี้จะได้สู้จนตัวตายจริงๆเสียที,,,BLOCKED_PENDING_REFERENCE_AUDIO,,triangle-strategy
605,MS11_X21_BATTLE_01_DRAMA_M_ROF_0020.wav,MS11_X21_BATTLE_01_DRAMA_M_ROF_0020,616,616,616,618,รูฟัส,npc,male,rufus,,ยังดูไม่ออกอีกเหรอ? เพราะข้าหิวเงินและรสชาติอันหอมหวนแห่งชัยชนะยังไงล่ะ,,,BLOCKED_PENDING_REFERENCE_AUDIO,,triangle-strategy
606,MS11_X21_BATTLE_01_DRAMA_M_ROF_0030.wav,MS11_X21_BATTLE_01_DRAMA_M_ROF_0030,617,617,617,619,รูฟัส,npc,male,rufus,,ข้ารู้ว่าเบื้องหลังหน้ากากของเจ้าคือใคร มาสู้กับข้าซะ หอกอรุณแม็กซ์เวลล์!,,,BLOCKED_PENDING_REFERENCE_AUDIO,,triangle-strategy
607,MS11_X21_BATTLE_01_DRAMA_M_ROF_0040.wav,MS11_X21_BATTLE_01_DRAMA_M_ROF_0040,618,618,618,620,รูฟัส,npc,male,rufus,,วันนี้ขอเพิ่มเจ้าในรายการผู้ถูกพิชิตอีกสักคนแล้วกัน!,,,BLOCKED_PENDING_REFERENCE_AUDIO,,triangle-strategy
608,MS11_X21_BATTLE_01_DRAMA_M_ROF_0050.wav,MS11_X21_BATTLE_01_DRAMA_M_ROF_0050,619,619,619,621,รูฟัส,npc,male,rufus,,ตื่นได้สักทีนะซิลวิโอ้,,,BLOCKED_PENDING_REFERENCE_AUDIO,,triangle-strategy
609,MS11_X21_BATTLE_01_DRAMA_M_ROF_0060.wav,MS11_X21_BATTLE_01_DRAMA_M_ROF_0060,620,620,620,622,รูฟัส,npc,male,rufus,,เจ้ารู้สักทีว่ามีสิ่งใดเป็นเดิมพัน! แสดงฝีมือให้พวกมันเห็นหน่อย!,,,BLOCKED_PENDING_REFERENCE_AUDIO,,triangle-strategy
610,MS11_X21_BATTLE_01_DRAMA_M_ROF_0070.wav,MS11_X21_BATTLE_01_DRAMA_M_ROF_0070,621,621,621,623,รูฟัส,npc,male,rufus,,เออ เงินอะข้าเอาอยู่แล้ว แต่เจ้าจะตายซะก่อนนะ,,,BLOCKED_PENDING_REFERENCE_AUDIO,,triangle-strategy
611,MS11_X21_BATTLE_01_DRAMA_M_ROF_0080.wav,MS11_X21_BATTLE_01_DRAMA_M_ROF_0080,622,622,622,624,รูฟัส,npc,male,rufus,,พวกแกมันอึดจริงๆ... ไม่คุ้มค่าจ้างเลย...,,,BLOCKED_PENDING_REFERENCE_AUDIO,,triangle-strategy
612,MS11_X21_BATTLE_01_DRAMA_M_SEL_0010.wav,MS11_X21_BATTLE_01_DRAMA_M_SEL_0010,623,623,623,625,Serenoa,main,male,serenoa,assets/triangle-strategy/approved_voice_references/serenoa.wav,ตระกูลวูล์ฟฟอร์ตไม่มีวันสังเวยประชาชนให้กับวิสัยทัศน์อันคับแคบแน่นอน!,,,PENDING_MANUAL_GENERATION,,triangle-strategy
613,MS11_X21_BATTLE_01_DRAMA_M_SEL_0020.wav,MS11_X21_BATTLE_01_DRAMA_M_SEL_0020,624,624,624,626,Serenoa,main,male,serenoa,assets/triangle-strategy/approved_voice_references/serenoa.wav,แม้จะถูกประวัติศาสตร์เย้ยหยันในสิ่งที่เลือก ข้าก็ไม่สน!,,,PENDING_MANUAL_GENERATION,,triangle-strategy
614,MS11_X21_BATTLE_01_DRAMA_M_SEL_0030.wav,MS11_X21_BATTLE_01_DRAMA_M_SEL_0030,625,625,625,627,Serenoa,main,male,serenoa,assets/triangle-strategy/approved_voice_references/serenoa.wav,เพราะการได้สู้เคียงข้างชาวโรเซลล์จนตัวตายคือสิ่งที่ถูกต้อง!,,,PENDING_MANUAL_GENERATION,,triangle-strategy
615,MS11_X21_BATTLE_01_DRAMA_M_SEL_0040.wav,MS11_X21_BATTLE_01_DRAMA_M_SEL_0040,626,626,626,628,Serenoa,main,male,serenoa,assets/triangle-strategy/approved_voice_references/serenoa.wav,มีทางแก้ปัญหาอีกเยอะ ซิลวิโอ้! ท่านแค่มืดบอดเกินกว่าจะเห็นมันเท่านั้นเอง,,,PENDING_MANUAL_GENERATION,,triangle-strategy
616,MS11_X21_BATTLE_01_DRAMA_M_SEL_0050.wav,MS11_X21_BATTLE_01_DRAMA_M_SEL_0050,627,627,627,629,Serenoa,main,male,serenoa,assets/triangle-strategy/approved_voice_references/serenoa.wav,เขามีกำลังเสริม... เราต้องชนะพวกมันให้ได้!,,,PENDING_MANUAL_GENERATION,,triangle-strategy
617,MS11_X21_BATTLE_01_DRAMA_M_SLV_0010.wav,MS11_X21_BATTLE_01_DRAMA_M_SLV_0010,628,628,628,630,ซิลวิโอ้,npc,male,silvio,,สงสัยคงไม่เข้าในสถานการณ์ของท่านในตอนนี้สินะ!,,,BLOCKED_PENDING_REFERENCE_AUDIO,,triangle-strategy
618,MS11_X21_BATTLE_01_DRAMA_M_SLV_0020.wav,MS11_X21_BATTLE_01_DRAMA_M_SLV_0020,629,629,629,631,ซิลวิโอ้,npc,male,silvio,,พวกเราเปรียบดั่งเถ้าธุลีตามสายลมในอาณาจักรที่สิ้นราชัน! คิดว่าต่อกรกับไฮแซนต์แล้วจะได้อะไรขึ้นมางั้นเหรอ?,,,BLOCKED_PENDING_REFERENCE_AUDIO,,triangle-strategy
619,MS11_X21_BATTLE_01_DRAMA_M_SLV_0030.wav,MS11_X21_BATTLE_01_DRAMA_M_SLV_0030,630,630,630,632,ซิลวิโอ้,npc,male,silvio,,ศักดิ์ศรีกับวิสัยทัศน์มันไม่ช่วยชีวิตพวกแกหรอกนะ!,,,BLOCKED_PENDING_REFERENCE_AUDIO,,triangle-strategy
620,MS11_X21_BATTLE_01_DRAMA_M_SLV_0040.wav,MS11_X21_BATTLE_01_DRAMA_M_SLV_0040,631,631,631,633,ซิลวิโอ้,npc,male,silvio,,ฆ่าพวกมันให้หมด!,,,BLOCKED_PENDING_REFERENCE_AUDIO,,triangle-strategy
621,MS11_X21_BATTLE_01_DRAMA_M_SLV_0050.wav,MS11_X21_BATTLE_01_DRAMA_M_SLV_0050,632,632,632,634,ซิลวิโอ้,npc,male,silvio,,เซเรโนอาหนุ่มน้อยผู้หลงทาง! อย่าทำให้ชื่อเสียงตระกูลป่นปี้ด้วยคุณธรรมบ้าบอของท่านเลย!,,,BLOCKED_PENDING_REFERENCE_AUDIO,,triangle-strategy
622,MS11_X21_BATTLE_01_DRAMA_M_SLV_0060.wav,MS11_X21_BATTLE_01_DRAMA_M_SLV_0060,633,633,633,635,ซิลวิโอ้,npc,male,silvio,,ตัวเองเพ้อฝันแล้วยังมาสั่งสอนข้าอีกเหรอ! ข้าแค่ทำในสิ่งที่ผู้นำสมควรทำเพื่อรักษาตระกูลของตนต่างหากล่ะ,,,BLOCKED_PENDING_REFERENCE_AUDIO,,triangle-strategy
623,MS11_X21_BATTLE_01_DRAMA_M_SLV_0070.wav,MS11_X21_BATTLE_01_DRAMA_M_SLV_0070,634,634,634,636,ซิลวิโอ้,npc,male,silvio,,ถูกคนของตัวเองขับไล่แล้วยังกล้าพูดอีกนะ!,,,BLOCKED_PENDING_REFERENCE_AUDIO,,triangle-strategy
624,MS11_X21_BATTLE_01_DRAMA_M_SLV_0080.wav,MS11_X21_BATTLE_01_DRAMA_M_SLV_0080,635,635,635,637,ซิลวิโอ้,npc,male,silvio,,จุดยืนอย่างเดียวไม่สร้างชื่อเสียงให้วงศ์ตระกูลหรอก หรือจะบอกว่าเจ้าไม่เคยยอมจำนนให้ไฮแซนต์แม้แต่ครั้งเดียว?,,,BLOCKED_PENDING_REFERENCE_AUDIO,,triangle-strategy
625,MS11_X21_BATTLE_01_DRAMA_M_SLV_0090.wav,MS11_X21_BATTLE_01_DRAMA_M_SLV_0090,636,636,636,638,ซิลวิโอ้,npc,male,silvio,,ข้าไม่มีอะไรให้เสียแล้ว... จะโค่นข้าได้คงต้องพยายามมากกว่านี้เยอะ!,,,BLOCKED_PENDING_REFERENCE_AUDIO,,triangle-strategy
626,MS11_X21_BATTLE_01_DRAMA_M_SLV_0100.wav,MS11_X21_BATTLE_01_DRAMA_M_SLV_0100,637,637,637,639,ซิลวิโอ้,npc,male,silvio,,ชัยชนะต้องเป็นของเทลลิออร์เท่านั้น!,,,BLOCKED_PENDING_REFERENCE_AUDIO,,triangle-strategy
627,MS11_X21_BATTLE_01_DRAMA_M_SLV_0110.wav,MS11_X21_BATTLE_01_DRAMA_M_SLV_0110,638,638,638,640,ซิลวิโอ้,npc,male,silvio,,วันนี้...ไม่ใช่วันตายของข้า!,,,BLOCKED_PENDING_REFERENCE_AUDIO,,triangle-strategy
628,MS11_X21_BATTLE_01_DRAMA_M_SLV_0120.wav,MS11_X21_BATTLE_01_DRAMA_M_SLV_0120,639,639,639,641,ซิลวิโอ้,npc,male,silvio,,กำจัดมันซะรูฟัส! อยากได้เท่าไหร่ก็ว่ามาเลย!,,,BLOCKED_PENDING_REFERENCE_AUDIO,,triangle-strategy
629,MS11_X21_BATTLE_01_DRAMA_M_SLV_0130.wav,MS11_X21_BATTLE_01_DRAMA_M_SLV_0130,640,640,640,642,ซิลวิโอ้,npc,male,silvio,,เอาเถอะ ฆ่าพวกมันให้จบๆไป! ข้าอยู่ที่นี่ไม่ได้แล้ว!,,,BLOCKED_PENDING_REFERENCE_AUDIO,,triangle-strategy
630,MS11_X21_C0_0010_F_MIR_0010.wav,MS11_X21_C0_0010_F_MIR_0010,641,641,641,643,ไมโล,npc,female,milo,,ใช่แล้วเจ้าค่ะ เห็นรางวัลหน่อยเดียว เขาก็รีบปรี่ไปแคว้นวูล์ฟฟอร์ตทันที,,,BLOCKED_PENDING_REFERENCE_AUDIO,,triangle-strategy
631,MS11_X21_C0_0010_F_MIR_0020.wav,MS11_X21_C0_0010_F_MIR_0020,642,642,642,644,ไมโล,npc,female,milo,,มาเดิมพันกันไหมเจ้าคะ ว่าวูล์ฟฟอร์ตจะตอบโต้ยังไง?,,,BLOCKED_PENDING_REFERENCE_AUDIO,,triangle-strategy
632,MS11_X21_C0_0010_F_MIR_0030.wav,MS11_X21_C0_0010_F_MIR_0030,643,643,643,645,ไมโล,npc,female,milo,,ใจดำเหลือเกินนะเจ้าคะ...,,,BLOCKED_PENDING_REFERENCE_AUDIO,,triangle-strategy
633,MS11_X21_C0_0010_M_IDO_0010.wav,MS11_X21_C0_0010_M_IDO_0010,644,644,644,646,อีดอร์,npc,male,idore,,ซิลวิโอ้ยอมรับข้อเสนอของเราหรือเปล่า?,,,BLOCKED_PENDING_REFERENCE_AUDIO,,triangle-strategy
634,MS11_X21_C0_0010_M_IDO_0020.wav,MS11_X21_C0_0010_M_IDO_0020,645,645,645,647,อีดอร์,npc,male,idore,,ทุกอย่างน่าจะเรียบร้อยดีสินะ,,,BLOCKED_PENDING_REFERENCE_AUDIO,,triangle-strategy
635,MS11_X21_C0_0010_M_IDO_0030.wav,MS11_X21_C0_0010_M_IDO_0030,646,646,646,648,อีดอร์,npc,male,idore,,จะเดิมพันทำไม?,,,BLOCKED_PENDING_REFERENCE_AUDIO,,triangle-strategy
636,MS11_X21_C0_0010_M_IDO_0040.wav,MS11_X21_C0_0010_M_IDO_0040,647,647,647,649,อีดอร์,npc,male,idore,,ถ้าพวกมันให้ความร่วมมือก็หลอกใช้พวกมันซะ แต่ถ้าขัดขืนก็บดขยี้ไปเลย ไม่งั้นพวกเราก็ไม่รอด,,,BLOCKED_PENDING_REFERENCE_AUDIO,,triangle-strategy
637,MS11_X21_RESEARCH_01_BEFORE_F_FRE_0010.wav,MS11_X21_RESEARCH_01_BEFORE_F_FRE_0010,648,648,648,650,Frederica,main,female,frederica,assets/triangle-strategy/approved_voice_references/frederica.wav,ตามที่เซเรโนอาบอกเลยจ้ะ เรายินดีทำทุกอย่างเพื่อปกป้องพวกเจ้า,,,PENDING_MANUAL_GENERATION,,triangle-strategy
638,MS11_X21_RESEARCH_01_BEFORE_F_FRE_0020.wav,MS11_X21_RESEARCH_01_BEFORE_F_FRE_0020,649,649,649,651,Frederica,main,female,frederica,assets/triangle-strategy/approved_voice_references/frederica.wav,เจ้ารู้จักแม่ข้าด้วยเหรอ!?,,,PENDING_MANUAL_GENERATION,,triangle-strategy
639,MS11_X21_RESEARCH_01_BEFORE_F_FRE_0030.wav,MS11_X21_RESEARCH_01_BEFORE_F_FRE_0030,650,650,650,652,Frederica,main,female,frederica,assets/triangle-strategy/approved_voice_references/frederica.wav,ไม่ยักรู้เลยว่าแม่ข้ามีส่วนร่วมในการปฏิวัติ แถมเป็นแกนนำซะด้วย!,,,PENDING_MANUAL_GENERATION,,triangle-strategy
640,MS11_X21_RESEARCH_01_BEFORE_F_FRE_0040.wav,MS11_X21_RESEARCH_01_BEFORE_F_FRE_0040,651,651,651,653,Frederica,main,female,frederica,assets/triangle-strategy/approved_voice_references/frederica.wav,ส่วนนางก็เดินทางไปถึงเอสฟรอสต์ ซึ่งพวกเขารับนางมาดูแล,,,PENDING_MANUAL_GENERATION,,triangle-strategy
641,MS11_X21_RESEARCH_01_BEFORE_F_FRE_0050.wav,MS11_X21_RESEARCH_01_BEFORE_F_FRE_0050,652,652,652,654,Frederica,main,female,frederica,assets/triangle-strategy/approved_voice_references/frederica.wav,ขอบคุณที่เล่าเรื่องดีๆของท่านแม่ให้ฟังนะเจ้าคะ,,,PENDING_MANUAL_GENERATION,,triangle-strategy
642,MS11_X21_RESEARCH_01_BEFORE_F_FRE_0060.wav,MS11_X21_RESEARCH_01_BEFORE_F_FRE_0060,653,653,653,655,Frederica,main,female,frederica,assets/triangle-strategy/approved_voice_references/frederica.wav,แสดงกุญแจต้องอยู่ที่นี่สินะ!,,,PENDING_MANUAL_GENERATION,,triangle-strategy
643,MS11_X21_RESEARCH_01_BEFORE_F_FRE_0070.wav,MS11_X21_RESEARCH_01_BEFORE_F_FRE_0070,654,654,654,656,Frederica,main,female,frederica,assets/triangle-strategy/approved_voice_references/frederica.wav,ขอร้องล่ะเจอร์รอม! ให้พวกเราคุยกับพ่อแม่ของเจ้าเถอะนะ!,,,PENDING_MANUAL_GENERATION,,triangle-strategy
644,MS11_X21_RESEARCH_01_BEFORE_M_BND_0010.wav,MS11_X21_RESEARCH_01_BEFORE_M_BND_0010,655,655,655,657,Benedict,main,male,benedict,assets/triangle-strategy/approved_voice_references/benedict.wav,รูปปั้นที่ตั้งตระหง่านอยู่กลางนาเกลือเหรอท่าน? ข้าไม่เคยได้ยินเรื่องเช่นนั้นเลย,,,PENDING_MANUAL_GENERATION,,triangle-strategy
645,MS11_X21_RESEARCH_01_BEFORE_M_BND_0020.wav,MS11_X21_RESEARCH_01_BEFORE_M_BND_0020,656,656,656,658,Benedict,main,male,benedict,assets/triangle-strategy/approved_voice_references/benedict.wav,ช้าก่อน! เจ้าช่วยพูดอีกทีได้ไหม!,,,PENDING_MANUAL_GENERATION,,triangle-strategy
646,MS11_X21_RESEARCH_01_BEFORE_M_BND_0030.wav,MS11_X21_RESEARCH_01_BEFORE_M_BND_0030,657,657,657,659,Benedict,main,male,benedict,assets/triangle-strategy/approved_voice_references/benedict.wav,"แสดงว่ามี ""กุญแจ"" ที่ทำให้คำสอนเทพธิดากลายเป็นความเท็จ!",,,PENDING_MANUAL_GENERATION,,triangle-strategy
647,MS11_X21_RESEARCH_01_BEFORE_M_BND_0040.wav,MS11_X21_RESEARCH_01_BEFORE_M_BND_0040,658,658,658,660,Benedict,main,male,benedict,assets/triangle-strategy/approved_voice_references/benedict.wav,หากมีสิ่งนั้น เราจะเผชิญหน้ากับไฮแซนต์ได้!,,,PENDING_MANUAL_GENERATION,,triangle-strategy
648,MS11_X21_RESEARCH_01_BEFORE_M_BND_0050.wav,MS11_X21_RESEARCH_01_BEFORE_M_BND_0050,659,659,659,661,Benedict,main,male,benedict,assets/triangle-strategy/approved_voice_references/benedict.wav,เราต้องหากุญแจนี้ให้เจอขอรับ ลอร์ดเซเรโนอา,,,PENDING_MANUAL_GENERATION,,triangle-strategy
649,MS11_X21_RESEARCH_01_BEFORE_M_BND_0060.wav,MS11_X21_RESEARCH_01_BEFORE_M_BND_0060,660,660,660,662,Benedict,main,male,benedict,assets/triangle-strategy/approved_voice_references/benedict.wav,ถึงมันจะดูเพ้อฝัน แต่เราไม่มีทางเลือกแล้ว,,,PENDING_MANUAL_GENERATION,,triangle-strategy
650,MS11_X21_RESEARCH_01_BEFORE_M_ELD_0010.wav,MS11_X21_RESEARCH_01_BEFORE_M_ELD_0010,661,661,661,663,ผู้อาวุโสชาวโรเซลล์,generic,male,MALE_OLD_A,assets/triangle-strategy/approved_voice_references/MALE_OLD_A.wav,ไปเอามาจากไหนเนี่ยเจอร์รอม!? ข้าไม่เคยเล่าเรื่องนางให้เจ้าฟังเลยนะ!,,,PENDING_MANUAL_GENERATION,,triangle-strategy
651,MS11_X21_RESEARCH_01_BEFORE_M_ELD_0020.wav,MS11_X21_RESEARCH_01_BEFORE_M_ELD_0020,662,662,662,664,ผู้อาวุโสชาวโรเซลล์,generic,male,MALE_OLD_A,assets/triangle-strategy/approved_voice_references/MALE_OLD_A.wav,เอ่อ... เอาจริงๆ คือเรากลัวโดนข่มเหงอีกรอบน่ะ,,,PENDING_MANUAL_GENERATION,,triangle-strategy
652,MS11_X21_RESEARCH_01_BEFORE_M_ELD_0030.wav,MS11_X21_RESEARCH_01_BEFORE_M_ELD_0030,663,663,663,665,ผู้อาวุโสชาวโรเซลล์,generic,male,MALE_OLD_A,assets/triangle-strategy/approved_voice_references/MALE_OLD_A.wav,พวกท่านรู้เรื่องการกดขี่ชาวโรเซลล์ของพวกไฮแซนต์ใช่ไหม?,,,PENDING_MANUAL_GENERATION,,triangle-strategy
653,MS11_X21_RESEARCH_01_BEFORE_M_ELD_0040.wav,MS11_X21_RESEARCH_01_BEFORE_M_ELD_0040,664,664,664,666,ผู้อาวุโสชาวโรเซลล์,generic,male,MALE_OLD_A,assets/triangle-strategy/approved_voice_references/MALE_OLD_A.wav,แสดงว่าท่านต้องรู้เรื่องการปฏิวัติของชาวโรเซลล์ในนาเกลือเมื่อสามสิบปีก่อนด้วย ท่านหญิงออลายาผู้เป็นแม่ของท่านคือแกนนำสำคัญในการก่อกบฎนี้,,,PENDING_MANUAL_GENERATION,,triangle-strategy
654,MS11_X21_RESEARCH_01_BEFORE_M_ELD_0050.wav,MS11_X21_RESEARCH_01_BEFORE_M_ELD_0050,665,665,665,667,ผู้อาวุโสชาวโรเซลล์,generic,male,MALE_OLD_A,assets/triangle-strategy/approved_voice_references/MALE_OLD_A.wav,นางปลดพันธนาการพวกเราจากไฮแซนต์ และพาเรามาที่แคว้นวูล์ฟฟอร์ต,,,PENDING_MANUAL_GENERATION,,triangle-strategy
655,MS11_X21_RESEARCH_01_BEFORE_M_ELD_0060.wav,MS11_X21_RESEARCH_01_BEFORE_M_ELD_0060,666,666,666,668,ผู้อาวุโสชาวโรเซลล์,generic,male,MALE_OLD_A,assets/triangle-strategy/approved_voice_references/MALE_OLD_A.wav,นางเป็นคนกล้าหาญอย่างมาก ถึงขนาดที่ฝากรอยแผลให้รูปปั้นเทพธิดาตอนที่เราหลบหนีออกมาเชียวล่ะ!,,,PENDING_MANUAL_GENERATION,,triangle-strategy
656,MS11_X21_RESEARCH_01_BEFORE_M_ELD_0070.wav,MS11_X21_RESEARCH_01_BEFORE_M_ELD_0070,667,667,667,669,ผู้อาวุโสชาวโรเซลล์,generic,male,MALE_OLD_A,assets/triangle-strategy/approved_voice_references/MALE_OLD_A.wav,ก็แหงสิ! พวกไฮแซนต์รับไม่ได้อยู่แล้ว แต่ชาวโรเซลล์อย่างเรารู้เรื่องนี้ดี,,,PENDING_MANUAL_GENERATION,,triangle-strategy
657,MS11_X21_RESEARCH_01_BEFORE_M_ELD_0080.wav,MS11_X21_RESEARCH_01_BEFORE_M_ELD_0080,668,668,668,670,ผู้อาวุโสชาวโรเซลล์,generic,male,MALE_OLD_A,assets/triangle-strategy/approved_voice_references/MALE_OLD_A.wav,ใช่แล้วล่ะ ส่วนท่านหญิงออแลยาได้สาบานจะมอบอิสรภาพแก่ทุกคนที่ติดอยู่ในไฮแซนต์เช่นกัน,,,PENDING_MANUAL_GENERATION,,triangle-strategy
658,MS11_X21_RESEARCH_01_BEFORE_M_ELD_0090.wav,MS11_X21_RESEARCH_01_BEFORE_M_ELD_0090,669,669,669,671,ผู้อาวุโสชาวโรเซลล์,generic,male,MALE_OLD_A,assets/triangle-strategy/approved_voice_references/MALE_OLD_A.wav,พวกเราที่บาดเจ็บและหลบหนีออกมา ได้แยกกับนางและอาศัยอยู่ที่นี่อย่างสงบสุข,,,PENDING_MANUAL_GENERATION,,triangle-strategy
659,MS11_X21_RESEARCH_01_BEFORE_M_ELD_0100.wav,MS11_X21_RESEARCH_01_BEFORE_M_ELD_0100,670,670,670,672,ผู้อาวุโสชาวโรเซลล์,generic,male,MALE_OLD_A,assets/triangle-strategy/approved_voice_references/MALE_OLD_A.wav,ไปฟังมาจากไหนขนาดนี้เนี่ย!?,,,PENDING_MANUAL_GENERATION,,triangle-strategy
660,MS11_X21_RESEARCH_01_BEFORE_M_ELD_0110.wav,MS11_X21_RESEARCH_01_BEFORE_M_ELD_0110,671,671,671,673,ผู้อาวุโสชาวโรเซลล์,generic,male,MALE_OLD_A,assets/triangle-strategy/approved_voice_references/MALE_OLD_A.wav,เกรงว่าข้าจะไม่รู้น่ะสิ,,,PENDING_MANUAL_GENERATION,,triangle-strategy
661,MS11_X21_RESEARCH_01_BEFORE_M_JRM_0010.wav,MS11_X21_RESEARCH_01_BEFORE_M_JRM_0010,673,673,673,675,เจอร์รอม,npc,male,jerrom,,อย่างนี้นี่เอง ตระกูลวูล์ฟฟอร์ตทุ่มเทเพื่อเราสุดๆเลย...,,,BLOCKED_PENDING_REFERENCE_AUDIO,,triangle-strategy
662,MS11_X21_RESEARCH_01_BEFORE_M_JRM_0020.wav,MS11_X21_RESEARCH_01_BEFORE_M_JRM_0020,674,674,674,676,เจอร์รอม,npc,male,jerrom,,ขอเสียมารยาทนะขอรับ แต่แม่ของท่านคือท่านหญิงออลายาใช่ไหม?,,,BLOCKED_PENDING_REFERENCE_AUDIO,,triangle-strategy
663,MS11_X21_RESEARCH_01_BEFORE_M_JRM_0030.wav,MS11_X21_RESEARCH_01_BEFORE_M_JRM_0030,675,675,675,677,เจอร์รอม,npc,male,jerrom,,ท่านมาช่วยเราเช่นเดียวกับนาง ราวกับถูกฟ้าลิขิตไว้เลยขอรับ,,,BLOCKED_PENDING_REFERENCE_AUDIO,,triangle-strategy
664,MS11_X21_RESEARCH_01_BEFORE_M_JRM_0040.wav,MS11_X21_RESEARCH_01_BEFORE_M_JRM_0040,676,676,676,678,เจอร์รอม,npc,male,jerrom,,ข้าเคยได้ยินพ่อแม่คุยกันเรื่องนี้ขอรับ ไม่รู้ทำไมท่านผู้อาวุโสต้องเก็บเรื่องนี้เป็นความลับด้วย,,,BLOCKED_PENDING_REFERENCE_AUDIO,,triangle-strategy
665,MS11_X21_RESEARCH_01_BEFORE_M_JRM_0050.wav,MS11_X21_RESEARCH_01_BEFORE_M_JRM_0050,677,677,677,679,เจอร์รอม,npc,male,jerrom,,ท่านก็เพิ่งโดนพวกมันข่มเหงไปนี่ขอรับ มีอะไรก็บอกท่านหญิงเฟรเดอริก้าตรงๆได้เลย,,,BLOCKED_PENDING_REFERENCE_AUDIO,,triangle-strategy
666,MS11_X21_RESEARCH_01_BEFORE_M_JRM_0060.wav,MS11_X21_RESEARCH_01_BEFORE_M_JRM_0060,678,678,678,680,เจอร์รอม,npc,male,jerrom,,ได้ยินว่านางมีคำพูดปลุกใจอยู่ขอรับ,,,BLOCKED_PENDING_REFERENCE_AUDIO,,triangle-strategy
667,MS11_X21_RESEARCH_01_BEFORE_M_JRM_0070.wav,MS11_X21_RESEARCH_01_BEFORE_M_JRM_0070,679,679,679,681,เจอร์รอม,npc,male,jerrom,,"""คำสอนแห่งรัฐศักดิ์สิทธิ์เป็นสิ่งหลอกตา พรแห่งเทพีสมควรแจกจ่ายให้ทุกคนในนอร์เซเลีย""",,,BLOCKED_PENDING_REFERENCE_AUDIO,,triangle-strategy
668,MS11_X21_RESEARCH_01_BEFORE_M_JRM_0080.wav,MS11_X21_RESEARCH_01_BEFORE_M_JRM_0080,680,680,680,682,เจอร์รอม,npc,male,jerrom,,"""พรแห่งเทพีแท้จริง คือกุญแจปลดโซ่พันธนาการของเรา""",,,BLOCKED_PENDING_REFERENCE_AUDIO,,triangle-strategy
669,MS11_X21_RESEARCH_01_BEFORE_M_JRM_0090.wav,MS11_X21_RESEARCH_01_BEFORE_M_JRM_0090,681,681,681,683,เจอร์รอม,npc,male,jerrom,,"""คำสอนแห่งรัฐศักดิ์สิทธิ์เป็นสิ่งหลอกตา พรแห่งเทพีสมควรแจกจ่ายให้ทุกคนในนอร์เซเลีย""",,,BLOCKED_PENDING_REFERENCE_AUDIO,,triangle-strategy
670,MS11_X21_RESEARCH_01_BEFORE_M_JRM_0100.wav,MS11_X21_RESEARCH_01_BEFORE_M_JRM_0100,682,682,682,684,เจอร์รอม,npc,male,jerrom,,"""พรแห่งเทพีแท้จริง คือกุญแจปลดโซ่พันธนาการของเรา""",,,BLOCKED_PENDING_REFERENCE_AUDIO,,triangle-strategy
671,MS11_X21_RESEARCH_01_BEFORE_M_JRM_0110.wav,MS11_X21_RESEARCH_01_BEFORE_M_JRM_0110,683,683,683,685,เจอร์รอม,npc,male,jerrom,,ข้าไม่รู้ว่าพวกเขาพูดถึงอะไร แต่พ่อแม่ข้าพูดอยู่เสมอว่าท่านหญิงออแลยาทิ้งมันไว้ในหมู่บ้าน,,,BLOCKED_PENDING_REFERENCE_AUDIO,,triangle-strategy
672,MS11_X21_RESEARCH_01_BEFORE_M_JRM_0120.wav,MS11_X21_RESEARCH_01_BEFORE_M_JRM_0120,684,684,684,686,เจอร์รอม,npc,male,jerrom,,คงเป็นไปไม่ได้แล้วขอรับ พวกเขาจากเราไปนานมากแล้ว,,,BLOCKED_PENDING_REFERENCE_AUDIO,,triangle-strategy
673,MS11_X21_RESEARCH_01_BEFORE_M_SEL_0010.wav,MS11_X21_RESEARCH_01_BEFORE_M_SEL_0010,685,685,685,687,Serenoa,main,male,serenoa,assets/triangle-strategy/approved_voice_references/serenoa.wav,มันคือการตัดสินใจของพวกเราน่ะ มันไม่ใช่ความผิดของพวกเจ้าเลยนะ,,,PENDING_MANUAL_GENERATION,,triangle-strategy
674,MS11_X21_RESEARCH_01_BEFORE_M_SEL_0020.wav,MS11_X21_RESEARCH_01_BEFORE_M_SEL_0020,686,686,686,688,Serenoa,main,male,serenoa,assets/triangle-strategy/approved_voice_references/serenoa.wav,และพ่อของข้าก็มอบดินแดนแห่งนี้ให้พวกเขาอยู่อาศัย,,,PENDING_MANUAL_GENERATION,,triangle-strategy
675,MS11_X21_RESEARCH_01_BEFORE_M_SEL_0030.wav,MS11_X21_RESEARCH_01_BEFORE_M_SEL_0030,687,687,687,689,Serenoa,main,male,serenoa,assets/triangle-strategy/approved_voice_references/serenoa.wav,ท่านผู้อาวุโส กุญแจนั่นหน้าตาเป็นแบบไหนเหรอขอรับ?,,,PENDING_MANUAL_GENERATION,,triangle-strategy
676,MS11_X21_RESEARCH_01_BEFORE_M_SEL_0040.wav,MS11_X21_RESEARCH_01_BEFORE_M_SEL_0040,688,688,688,690,Serenoa,main,male,serenoa,assets/triangle-strategy/approved_voice_references/serenoa.wav,เห็นด้วย แม้จะเป็นความหวังลมๆแล้งๆ แต่สุดท้ายมันก็คือโอกาส เรามาตามหาสิ่งนั้นกันเถอะ,,,PENDING_MANUAL_GENERATION,,triangle-strategy
677,MS11_X21_WD_0010_N_NNN_0010.wav,MS11_X21_WD_0010_N_NNN_0010,689,689,689,691,Narrator,narrator,female,narrator,assets/triangle-strategy/approved_voice_references/narrator.wav,เซเรโนอาและผองเพื่อน มุ่งหน้าสู่หมู่บ้านโรเซลล์เพื่อช่วยเหลือพวกเขา,,,PENDING_MANUAL_GENERATION,,triangle-strategy
678,MS11_X21_WD_0010_N_NNN_0020.wav,MS11_X21_WD_0010_N_NNN_0020,690,690,690,692,Narrator,narrator,female,narrator,assets/triangle-strategy/approved_voice_references/narrator.wav,แม้ว่าสิ่งที่พวกเขาทำจะสง่างาม แต่มันจะนำพาความวิบัติจากไฮแซนต์มาสู่ตระกูลวูล์ฟฟอร์ตเสียเอง,,,PENDING_MANUAL_GENERATION,,triangle-strategy
679,MS11_X21_WD_0020_N_NNN_0010.wav,MS11_X21_WD_0020_N_NNN_0010,691,691,691,693,Narrator,narrator,female,narrator,assets/triangle-strategy/approved_voice_references/narrator.wav,เซเรโนอาประกาศจุดยืนของตนเพื่อช่วยเหลือหมู่บ้านโรเซลล์และสังหารซิลวิโอ้แห่งเทลลิออร์,,,PENDING_MANUAL_GENERATION,,triangle-strategy
680,MS11_X21_WD_0020_N_NNN_0020.wav,MS11_X21_WD_0020_N_NNN_0020,692,692,692,694,Narrator,narrator,female,narrator,assets/triangle-strategy/approved_voice_references/narrator.wav,ข่าวคราวการทรยศของเซเรโนอาถึงหูหัวหน้านักบวช ผู้ส่งกองทัพมาจัดการกับคนนอกรีตเป็นที่เรียบร้อย,,,PENDING_MANUAL_GENERATION,,triangle-strategy
681,MS11_X21_WD_0020_N_NNN_0030.wav,MS11_X21_WD_0020_N_NNN_0030,693,693,693,695,Narrator,narrator,female,narrator,assets/triangle-strategy/approved_voice_references/narrator.wav,เพียงไม่กี่วัน กองทัพนั้นได้เดินทางมาถึงที่หมาย ตระกูลวูล์ฟฟอร์ตและโรเซลล์ต่างดิ้นรนต่อสู้เอาชีวิตรอดเป็นครั้งสุดท้าย,,,PENDING_MANUAL_GENERATION,,triangle-strategy
682,MS11_X21_WD_0020_N_NNN_0040.wav,MS11_X21_WD_0020_N_NNN_0040,694,694,694,696,Narrator,narrator,female,narrator,assets/triangle-strategy/approved_voice_references/narrator.wav,ตอนนี้พวกเขาเหลือเวลาไม่มากนัก,,,PENDING_MANUAL_GENERATION,,triangle-strategy
