line_no,file_name,self_id,cue,sequence,waveform,awb_stream,character_name,role,gender,voice_target,reference_audio,thai_text,pronunciation_note,prosody_note,status,tts_text,voice_project
1,MS13_H01_A0_0010_F_ABR_0010.wav,MS13_H01_A0_0010_F_ABR_0010,0,0,0,1,Avlora,npc,female,avlora,assets/triangle-strategy/approved_voice_references/avlora.wav,ตกใจงั้นเหรอ ท่านก็รู้อยู่แล้วนี่เจ้าคะ ไฮแซนต์ไม่มีวันเปิดนาเกลือให้ใครอยู่แล้ว,,,PENDING_MANUAL_GENERATION,,triangle-strategy
2,MS13_H01_A0_0010_F_ABR_0020.wav,MS13_H01_A0_0010_F_ABR_0020,1,1,1,2,Avlora,npc,female,avlora,assets/triangle-strategy/approved_voice_references/avlora.wav,เล่นกับไฟก็ระวังโดนเผาเสียเองแล้วกันเจ้าค่ะ ตอนนี้พวกเราพึ่งพาใครไม่ได้นอกจากต้องสู้กับพวกมันโดยไม่มีอาร์ชดยุก,,,PENDING_MANUAL_GENERATION,,triangle-strategy
3,MS13_H01_A0_0010_F_ABR_0030.wav,MS13_H01_A0_0010_F_ABR_0030,2,2,2,3,Avlora,npc,female,avlora,assets/triangle-strategy/approved_voice_references/avlora.wav,พอได้แล้วธาลาส อย่ามาปากดีกับองค์ราชินีแบบนี้นะ,,,PENDING_MANUAL_GENERATION,,triangle-strategy
4,MS13_H01_A0_0010_F_ABR_0040.wav,MS13_H01_A0_0010_F_ABR_0040,3,3,3,4,Avlora,npc,female,avlora,assets/triangle-strategy/approved_voice_references/avlora.wav,นายกรัฐมนตรีมีหน้าที่ข่มเหงรังแกคนอ่อนแอด้วยเหรอเจ้าคะ?,,,PENDING_MANUAL_GENERATION,,triangle-strategy
5,MS13_H01_A0_0010_F_ABR_0050.wav,MS13_H01_A0_0010_F_ABR_0050,4,4,4,5,Avlora,npc,female,avlora,assets/triangle-strategy/approved_voice_references/avlora.wav,ไม่ต้องกังวลเจ้าค่ะองค์ราชินี ข้าจะปกป้องท่านเอง,,,PENDING_MANUAL_GENERATION,,triangle-strategy
6,MS13_H01_A0_0010_F_ABR_0060.wav,MS13_H01_A0_0010_F_ABR_0060,5,5,5,6,Avlora,npc,female,avlora,assets/triangle-strategy/approved_voice_references/avlora.wav,เพราะท่านมีเลือดนักสู้ ท่านไม่ยอมแพ้แม้ต้องสู้ด้วยตัวคนเดียวเจ้าค่ะ,,,PENDING_MANUAL_GENERATION,,triangle-strategy
7,MS13_H01_A0_0010_F_ABR_0070.wav,MS13_H01_A0_0010_F_ABR_0070,6,6,6,7,Avlora,npc,female,avlora,assets/triangle-strategy/approved_voice_references/avlora.wav,ข้าเป็นเด็กกำพร้า ไม่เคยเจอพ่อแม่... ข้าจึงเข้าร่วมทัพเพื่อสร้างตำแหน่งฐานะให้ตัวเอง,,,PENDING_MANUAL_GENERATION,,triangle-strategy
8,MS13_H01_A0_0010_F_ABR_0080.wav,MS13_H01_A0_0010_F_ABR_0080,7,7,7,8,Avlora,npc,female,avlora,assets/triangle-strategy/approved_voice_references/avlora.wav,จึงทำให้ข้าเข้าใจถึงความเจ็บปวดในการต่อสู้คนเดียวมากกว่าใครอื่น...,,,PENDING_MANUAL_GENERATION,,triangle-strategy
9,MS13_H01_A0_0010_F_ABR_0090.wav,MS13_H01_A0_0010_F_ABR_0090,8,8,8,9,Avlora,npc,female,avlora,assets/triangle-strategy/approved_voice_references/avlora.wav,ท่านจะโค่นอาร์ชดยุกเหรอเจ้าคะ?,,,PENDING_MANUAL_GENERATION,,triangle-strategy
10,MS13_H01_A0_0010_F_ABR_0100.wav,MS13_H01_A0_0010_F_ABR_0100,9,9,9,10,Avlora,npc,female,avlora,assets/triangle-strategy/approved_voice_references/avlora.wav,เจ้าค่ะ พวกเขาติดสินบนกันอย่างลับๆเพื่อผลประโยชน์ส่วนตนอีกด้วย,,,PENDING_MANUAL_GENERATION,,triangle-strategy
11,MS13_H01_A0_0010_F_ABR_0110.wav,MS13_H01_A0_0010_F_ABR_0110,10,10,10,11,Avlora,npc,female,avlora,assets/triangle-strategy/approved_voice_references/avlora.wav,พาทริเอ็ทท์ ชายคนนั้นเริ่มตีสนิทกับอาร์ชดยุกทันทีที่ฝ่าบาทเร็กน่าถูกสังหาร คนอย่างเขาไม่ซื่อสัตย์เอาเสียเลย,,,PENDING_MANUAL_GENERATION,,triangle-strategy
12,MS13_H01_A0_0010_F_ABR_0120.wav,MS13_H01_A0_0010_F_ABR_0120,11,11,11,12,Avlora,npc,female,avlora,assets/triangle-strategy/approved_voice_references/avlora.wav,ท่านจะบ้าเหรอ!?,,,PENDING_MANUAL_GENERATION,,triangle-strategy
13,MS13_H01_A0_0010_F_ABR_0130.wav,MS13_H01_A0_0010_F_ABR_0130,12,12,12,13,Avlora,npc,female,avlora,assets/triangle-strategy/approved_voice_references/avlora.wav,แต่พวกเขาจะใช้ท่านเป็นหุ่นเชิด เพื่อแสวงผลประโยชน์ให้ตัวเองนะเจ้าคะ,,,PENDING_MANUAL_GENERATION,,triangle-strategy
14,MS13_H01_A0_0010_F_ABR_0140.wav,MS13_H01_A0_0010_F_ABR_0140,13,13,13,14,Avlora,npc,female,avlora,assets/triangle-strategy/approved_voice_references/avlora.wav,แล้วท่านคุมพวกเขาได้เหรอ?,,,PENDING_MANUAL_GENERATION,,triangle-strategy
15,MS13_H01_A0_0010_F_ABR_0150.wav,MS13_H01_A0_0010_F_ABR_0150,14,14,14,15,Avlora,npc,female,avlora,assets/triangle-strategy/approved_voice_references/avlora.wav,...ในฐานะผู้บัญชาการแห่งทัพเอสฟรอสต์ ข้าคงเมินเฉยต่อคำร้องขอของท่านไม่ได้,,,PENDING_MANUAL_GENERATION,,triangle-strategy
16,MS13_H01_A0_0010_F_ABR_0160.wav,MS13_H01_A0_0010_F_ABR_0160,15,15,15,16,Avlora,npc,female,avlora,assets/triangle-strategy/approved_voice_references/avlora.wav,ท่านไม่กลัวข้าเอาเรื่องนี้ไปบอกอาร์ชดยุกเหรอ?,,,PENDING_MANUAL_GENERATION,,triangle-strategy
17,MS13_H01_A0_0010_F_ABR_0170.wav,MS13_H01_A0_0010_F_ABR_0170,16,16,16,17,Avlora,npc,female,avlora,assets/triangle-strategy/approved_voice_references/avlora.wav,กล้าเสี่ยงจริงนะเจ้าคะ,,,PENDING_MANUAL_GENERATION,,triangle-strategy
18,MS13_H01_A0_0010_F_ABR_0180.wav,MS13_H01_A0_0010_F_ABR_0180,17,17,17,18,Avlora,npc,female,avlora,assets/triangle-strategy/approved_voice_references/avlora.wav,ฮ่าๆๆ! แสดงว่าท่านกำลังเดิมพันด้วยศักดิ์ศรีของข้าสินะ ปฏิเสธไปคงทำให้ข้าเสียชื่อเปล่าๆ,,,PENDING_MANUAL_GENERATION,,triangle-strategy
19,MS13_H01_A0_0010_F_ABR_0190.wav,MS13_H01_A0_0010_F_ABR_0190,18,18,18,19,Avlora,npc,female,avlora,assets/triangle-strategy/approved_voice_references/avlora.wav,ยังไงซะข้าคงต้องปกป้องอาณาจักรก่อน ส่วนเรื่องที่ข้าจะร่วมมือกับท่านคงต้องคุยกันอีกที,,,PENDING_MANUAL_GENERATION,,triangle-strategy
20,MS13_H01_A0_0010_F_ABR_0200.wav,MS13_H01_A0_0010_F_ABR_0200,19,19,19,20,Avlora,npc,female,avlora,assets/triangle-strategy/approved_voice_references/avlora.wav,ข้าขอเตือนไว้ก่อนนะเจ้าคะ ไฮแซนต์และอาร์ชดยุกเคยผ่านศึกสงครามมาก่อน,,,PENDING_MANUAL_GENERATION,,triangle-strategy
21,MS13_H01_A0_0010_F_ABR_0210.wav,MS13_H01_A0_0010_F_ABR_0210,20,20,20,21,Avlora,npc,female,avlora,assets/triangle-strategy/approved_voice_references/avlora.wav,ศึกครั้งนี้จะไม่ง่าย และอาจยืดเยื้อเป็นเวลาหลายปี,,,PENDING_MANUAL_GENERATION,,triangle-strategy
22,MS13_H01_A0_0010_F_ABR_0220.wav,MS13_H01_A0_0010_F_ABR_0220,21,21,21,22,Avlora,npc,female,avlora,assets/triangle-strategy/approved_voice_references/avlora.wav,ข้าชื่นชมในความตั้งใจของท่าน และข้าจะช่วยทำให้มันสัมฤทธิ์ผลเอง,,,PENDING_MANUAL_GENERATION,,triangle-strategy
23,MS13_H01_A0_0010_F_ABR_0230.wav,MS13_H01_A0_0010_F_ABR_0230,22,22,22,23,Avlora,npc,female,avlora,assets/triangle-strategy/approved_voice_references/avlora.wav,ข้าจะเป็นโล่และดาบให้ท่านเจ้าค่ะ...องค์ราชินีของข้า,,,PENDING_MANUAL_GENERATION,,triangle-strategy
24,MS13_H01_A0_0010_F_CRD_0010.wav,MS13_H01_A0_0010_F_CRD_0010,23,23,23,24,Cordelia,npc,female,cordelia,assets/triangle-strategy/approved_voice_references/cordelia.wav,...สงครามจะเริ่มแล้วสินะ,,,PENDING_MANUAL_GENERATION,,triangle-strategy
25,MS13_H01_A0_0010_F_CRD_0020.wav,MS13_H01_A0_0010_F_CRD_0020,24,24,24,25,Cordelia,npc,female,cordelia,assets/triangle-strategy/approved_voice_references/cordelia.wav,พอได้แล้ว ผู้บัญชาการอัฟโลร่า,,,PENDING_MANUAL_GENERATION,,triangle-strategy
26,MS13_H01_A0_0010_F_CRD_0030.wav,MS13_H01_A0_0010_F_CRD_0030,25,25,25,26,Cordelia,npc,female,cordelia,assets/triangle-strategy/approved_voice_references/cordelia.wav,ข้าจะตอบเขาเอง,,,PENDING_MANUAL_GENERATION,,triangle-strategy
27,MS13_H01_A0_0010_F_CRD_0040.wav,MS13_H01_A0_0010_F_CRD_0040,26,26,26,27,Cordelia,npc,female,cordelia,assets/triangle-strategy/approved_voice_references/cordelia.wav,ในฐานะราชินีแห่งเกลนบรู๊ค ไม่ว่าศัตรูจะเป็นใคร ข้าจะปกป้องอาณาจักรของตนจนสิ้นลมหายใจ,,,PENDING_MANUAL_GENERATION,,triangle-strategy
28,MS13_H01_A0_0010_F_CRD_0050.wav,MS13_H01_A0_0010_F_CRD_0050,27,27,27,28,Cordelia,npc,female,cordelia,assets/triangle-strategy/approved_voice_references/cordelia.wav,เพราะข้าเป็นคู่หมั้นอาร์ชดยุกงั้นเหรอ?,,,PENDING_MANUAL_GENERATION,,triangle-strategy
29,MS13_H01_A0_0010_F_CRD_0060.wav,MS13_H01_A0_0010_F_CRD_0060,28,28,28,29,Cordelia,npc,female,cordelia,assets/triangle-strategy/approved_voice_references/cordelia.wav,...เช่นนั้นข้าขอเปิดใจคุยกับเจ้าด้วยแล้วกัน ผู้บัญชาการอัฟโลร่า,,,PENDING_MANUAL_GENERATION,,triangle-strategy
30,MS13_H01_A0_0010_F_CRD_0070.wav,MS13_H01_A0_0010_F_CRD_0070,29,29,29,30,Cordelia,npc,female,cordelia,assets/triangle-strategy/approved_voice_references/cordelia.wav,ในฐานะบุตรีคนสุดท้ายผู้เหลือรอดแห่งราชวงศ์เกลนบรู๊ค ข้าจะขัดฝันของกุสตาดอล์ฟ,,,PENDING_MANUAL_GENERATION,,triangle-strategy
31,MS13_H01_A0_0010_F_CRD_0080.wav,MS13_H01_A0_0010_F_CRD_0080,30,30,30,31,Cordelia,npc,female,cordelia,assets/triangle-strategy/approved_voice_references/cordelia.wav,ตอนนี้ข้าไม่มีอำนาจมากพอหรอก,,,PENDING_MANUAL_GENERATION,,triangle-strategy
32,MS13_H01_A0_0010_F_CRD_0090.wav,MS13_H01_A0_0010_F_CRD_0090,31,31,31,32,Cordelia,npc,female,cordelia,assets/triangle-strategy/approved_voice_references/cordelia.wav,เจ้าเคยได้ยินข่าวลือของเหล่าขุนนางฝ่ายขวาใช่ไหม?,,,PENDING_MANUAL_GENERATION,,triangle-strategy
33,MS13_H01_A0_0010_F_CRD_0100.wav,MS13_H01_A0_0010_F_CRD_0100,32,32,32,33,Cordelia,npc,female,cordelia,assets/triangle-strategy/approved_voice_references/cordelia.wav,ใช่แล้วล่ะ ซึ่งตอนนี้กุสตาดอล์ฟยังไม่แต่งตั้งเขาให้ดำรงตำแหน่งใดเลยด้วยซ้ำ ตอนนี้พวกเขาคงกำลังลำบากอยู่แน่,,,PENDING_MANUAL_GENERATION,,triangle-strategy
34,MS13_H01_A0_0010_F_CRD_0110.wav,MS13_H01_A0_0010_F_CRD_0110,33,33,33,34,Cordelia,npc,female,cordelia,assets/triangle-strategy/approved_voice_references/cordelia.wav,ข้าจึงอยากขอความร่วมมือจากพาทริเอ็ทท์และขุนนางผู้ภักดีคนอื่นๆด้วย,,,PENDING_MANUAL_GENERATION,,triangle-strategy
35,MS13_H01_A0_0010_F_CRD_0120.wav,MS13_H01_A0_0010_F_CRD_0120,34,34,34,35,Cordelia,npc,female,cordelia,assets/triangle-strategy/approved_voice_references/cordelia.wav,ข้าเข้าใจ สมัยก่อนตอนที่พวกเขายังรับใช้กษัตริย์ พวกเขาคือผู้มีอิทธิพลทางการเมือง,,,PENDING_MANUAL_GENERATION,,triangle-strategy
36,MS13_H01_A0_0010_F_CRD_0130.wav,MS13_H01_A0_0010_F_CRD_0130,35,35,35,36,Cordelia,npc,female,cordelia,assets/triangle-strategy/approved_voice_references/cordelia.wav,และข้าต้องให้พวกเขาช่วยกอบกู้เกลนบรู๊คกลับคืนมา,,,PENDING_MANUAL_GENERATION,,triangle-strategy
37,MS13_H01_A0_0010_F_CRD_0140.wav,MS13_H01_A0_0010_F_CRD_0140,36,36,36,37,Cordelia,npc,female,cordelia,assets/triangle-strategy/approved_voice_references/cordelia.wav,...ตัวคนเดียวไม่ได้หรอก,,,PENDING_MANUAL_GENERATION,,triangle-strategy
38,MS13_H01_A0_0010_F_CRD_0150.wav,MS13_H01_A0_0010_F_CRD_0150,37,37,37,38,Cordelia,npc,female,cordelia,assets/triangle-strategy/approved_voice_references/cordelia.wav,ต้องมีท่านด้วย ผู้บัญชาการอัฟโลร่า,,,PENDING_MANUAL_GENERATION,,triangle-strategy
39,MS13_H01_A0_0010_F_CRD_0160.wav,MS13_H01_A0_0010_F_CRD_0160,38,38,38,39,Cordelia,npc,female,cordelia,assets/triangle-strategy/approved_voice_references/cordelia.wav,พวกเขาไม่มีทหารคุ้มครอง รับรองพวกเขาต้องเปลี่ยนใจหากมีท่านร่วมมือกับข้าด้วย,,,PENDING_MANUAL_GENERATION,,triangle-strategy
40,MS13_H01_A0_0010_F_CRD_0170.wav,MS13_H01_A0_0010_F_CRD_0170,39,39,39,40,Cordelia,npc,female,cordelia,assets/triangle-strategy/approved_voice_references/cordelia.wav,ช่วยข้าเถอะนะ ท่านผู้บัญชาการ,,,PENDING_MANUAL_GENERATION,,triangle-strategy
41,MS13_H01_A0_0010_F_CRD_0180.wav,MS13_H01_A0_0010_F_CRD_0180,40,40,40,41,Cordelia,npc,female,cordelia,assets/triangle-strategy/approved_voice_references/cordelia.wav,ข้าก็กลัว แต่ว่า...,,,PENDING_MANUAL_GENERATION,,triangle-strategy
42,MS13_H01_A0_0010_F_CRD_0190.wav,MS13_H01_A0_0010_F_CRD_0190,41,41,41,42,Cordelia,npc,female,cordelia,assets/triangle-strategy/approved_voice_references/cordelia.wav,ข้าอยากทำให้ท่านไว้ใจ... จึงไม่อยากทำตัวนิ่งเฉยน่ะ,,,PENDING_MANUAL_GENERATION,,triangle-strategy
43,MS13_H01_A0_0010_F_CRD_0200.wav,MS13_H01_A0_0010_F_CRD_0200,42,42,42,43,Cordelia,npc,female,cordelia,assets/triangle-strategy/approved_voice_references/cordelia.wav,อยากให้เจ้ารู้ว่าข้าต้องการปกป้องเกลนบรู๊คอย่างเต็มที่ทุกหนทางจริงๆ,,,PENDING_MANUAL_GENERATION,,triangle-strategy
44,MS13_H01_A0_0010_F_CRD_0210.wav,MS13_H01_A0_0010_F_CRD_0210,43,43,43,44,Cordelia,npc,female,cordelia,assets/triangle-strategy/approved_voice_references/cordelia.wav,ข้าต้องทำ...เพราะข้ารู้ดีว่าท่านไม่สนรางวัลหรือตำแหน่งหรอก,,,PENDING_MANUAL_GENERATION,,triangle-strategy
45,MS13_H01_A0_0010_F_CRD_0220.wav,MS13_H01_A0_0010_F_CRD_0220,44,44,44,45,Cordelia,npc,female,cordelia,assets/triangle-strategy/approved_voice_references/cordelia.wav,ผู้บัญชาการอัฟโลร่า!,,,PENDING_MANUAL_GENERATION,,triangle-strategy
46,MS13_H01_A0_0010_F_CRD_0230.wav,MS13_H01_A0_0010_F_CRD_0230,45,45,45,46,Cordelia,npc,female,cordelia,assets/triangle-strategy/approved_voice_references/cordelia.wav,ถึงยังไงข้าก็จะทำ...เพื่อท่านพ่อกับท่านพี่ของข้า,,,PENDING_MANUAL_GENERATION,,triangle-strategy
47,MS13_H01_A0_0010_F_CRD_0240.wav,MS13_H01_A0_0010_F_CRD_0240,46,46,46,47,Cordelia,npc,female,cordelia,assets/triangle-strategy/approved_voice_references/cordelia.wav,ขอบคุณมากเลยนะ ผู้บัญชาการอัฟโลร่า!,,,PENDING_MANUAL_GENERATION,,triangle-strategy
48,MS13_H01_A0_0010_M_TRS_0010.wav,MS13_H01_A0_0010_M_TRS_0010,47,47,47,48,Thalas,npc,male,thalas,assets/triangle-strategy/approved_voice_references/thalas.wav,เอริก้าส่งข่าวมาว่า ไฮแซนต์ปฏิเสธข้อเสนอเด็ดขาดของเรา,,,PENDING_MANUAL_GENERATION,,triangle-strategy
49,MS13_H01_A0_0010_M_TRS_0020.wav,MS13_H01_A0_0010_M_TRS_0020,48,48,48,49,Thalas,npc,male,thalas,assets/triangle-strategy/approved_voice_references/thalas.wav,ข้ารู้น่า เจรจาแค่ยื้อเวลาไปงั้นแหละ,,,PENDING_MANUAL_GENERATION,,triangle-strategy
50,MS13_H01_A0_0010_M_TRS_0030.wav,MS13_H01_A0_0010_M_TRS_0030,49,49,49,50,Thalas,npc,male,thalas,assets/triangle-strategy/approved_voice_references/thalas.wav,ทหารของพวกมันเริ่มเคลื่อนไหวแล้ว มันไม่ควรจะเป็นแบบนี้สิ...บ้าที่สุด!,,,PENDING_MANUAL_GENERATION,,triangle-strategy
51,MS13_H01_A0_0010_M_TRS_0040.wav,MS13_H01_A0_0010_M_TRS_0040,50,50,50,51,Thalas,npc,male,thalas,assets/triangle-strategy/approved_voice_references/thalas.wav,หึ ก็เอาชนะพวกมันโดยใช้กลยุทธ์เดียวกันซะสิ,,,PENDING_MANUAL_GENERATION,,triangle-strategy
52,MS13_H01_A0_0010_M_TRS_0050.wav,MS13_H01_A0_0010_M_TRS_0050,51,51,51,52,Thalas,npc,male,thalas,assets/triangle-strategy/approved_voice_references/thalas.wav,รัฐมนตรีหน้าใหม่ของพวกมันเป็นคนนำทัพหน้านี่,,,PENDING_MANUAL_GENERATION,,triangle-strategy
53,MS13_H01_A0_0010_M_TRS_0060.wav,MS13_H01_A0_0010_M_TRS_0060,52,52,52,53,Thalas,npc,male,thalas,assets/triangle-strategy/approved_voice_references/thalas.wav,อดีตข้ารับใช้แห่งราชวงศ์จะมาเยี่ยมถึงเกลนบรู๊คเชียวนะ ไม่ดีใจหน่อยเหรอคอร์เดเลีย?,,,PENDING_MANUAL_GENERATION,,triangle-strategy
54,MS13_H01_A0_0010_M_TRS_0070.wav,MS13_H01_A0_0010_M_TRS_0070,53,53,53,54,Thalas,npc,male,thalas,assets/triangle-strategy/approved_voice_references/thalas.wav,องค์ราชินีงั้นเหรอ? นังนี่มันหุ่นเชิด,,,PENDING_MANUAL_GENERATION,,triangle-strategy
55,MS13_H01_A0_0010_M_TRS_0080.wav,MS13_H01_A0_0010_M_TRS_0080,54,54,54,55,Thalas,npc,male,thalas,assets/triangle-strategy/approved_voice_references/thalas.wav,คนที่ปากดีคือเจ้ามากกว่า อัฟโลร่า...ผู้บัญชาการอย่างเจ้ามีสิทธิ์มาสั่งนายกรัฐมนตรีอย่างข้าด้วยหรือไง,,,PENDING_MANUAL_GENERATION,,triangle-strategy
56,MS13_H01_A0_0010_M_TRS_0090.wav,MS13_H01_A0_0010_M_TRS_0090,55,55,55,56,Thalas,npc,male,thalas,assets/triangle-strategy/approved_voice_references/thalas.wav,ความปากดีของเจ้ามันไปติดคนอื่นแล้วนะอัฟโลร่า สงสัยราชินีของเจ้าคงไม่รู้ที่ต่ำที่สูง,,,PENDING_MANUAL_GENERATION,,triangle-strategy
57,MS13_H01_A1_0010_F_ANA_0010.wav,MS13_H01_A1_0010_F_ANA_0010,56,56,56,57,Anna,main,female,anna,assets/triangle-strategy/approved_voice_references/anna.wav,สายสืบไฮแซนต์เหรอเจ้าคะ?,,,PENDING_MANUAL_GENERATION,,triangle-strategy
58,MS13_H01_A1_0010_F_LYL_0010.wav,MS13_H01_A1_0010_F_LYL_0010,57,57,57,58,Lyla,npc,female,lyla,assets/triangle-strategy/approved_voice_references/lyla.wav,"ข้าบีบอัดเวทมนตร์จำนวนมากจนตกผลึกเป็นคริสตัล เราเรียกอาวุธชิ้นนี้ว่า ""เอลฟริค"" ...",,,PENDING_MANUAL_GENERATION,,triangle-strategy
59,MS13_H01_A1_0010_F_LYL_0020.wav,MS13_H01_A1_0010_F_LYL_0020,58,58,58,59,Lyla,npc,female,lyla,assets/triangle-strategy/approved_voice_references/lyla.wav,แม้ระเบิดคริสตัลนี้ยังไม่สมบูรณ์ แต่มันสามารถทลายกำแพงปราสาทอย่างง่ายดาย,,,PENDING_MANUAL_GENERATION,,triangle-strategy
60,MS13_H01_A1_0010_F_LYL_0030.wav,MS13_H01_A1_0010_F_LYL_0030,59,59,59,60,Lyla,npc,female,lyla,assets/triangle-strategy/approved_voice_references/lyla.wav,เจ้าเคยเห็นรัฐมนตรีเอกซ์เฮมระเบิดปราการมารอบนึงแล้วไม่ใช่เหรอ?,,,PENDING_MANUAL_GENERATION,,triangle-strategy
61,MS13_H01_A1_0010_F_LYL_0040.wav,MS13_H01_A1_0010_F_LYL_0040,60,60,60,61,Lyla,npc,female,lyla,assets/triangle-strategy/approved_voice_references/lyla.wav,เพราะว่ามันไม่ได้เอาไว้ใช้กับมนุษย์ และเราให้ระเบิดท่านเพียงลูกเดียวเท่านั้น,,,PENDING_MANUAL_GENERATION,,triangle-strategy
62,MS13_H01_A1_0010_F_LYL_0050.wav,MS13_H01_A1_0010_F_LYL_0050,61,61,61,62,Lyla,npc,female,lyla,assets/triangle-strategy/approved_voice_references/lyla.wav,คุณสมบัติที่ไม่เสถียรนั้นทำให้ใช้งานยากเจ้าค่ะ แต่ไมโลน่าจะช่วยท่านเรื่องนี้ได้,,,PENDING_MANUAL_GENERATION,,triangle-strategy
63,MS13_H01_A1_0010_F_LYL_0060.wav,MS13_H01_A1_0010_F_LYL_0060,62,62,62,63,Lyla,npc,female,lyla,assets/triangle-strategy/approved_voice_references/lyla.wav,ใช้งานทั้งคู่อย่างระมัดระวังนะเจ้าคะ,,,PENDING_MANUAL_GENERATION,,triangle-strategy
64,MS13_H01_A1_0010_F_MIR_0010.wav,MS13_H01_A1_0010_F_MIR_0010,63,63,63,64,ไมโล,npc,female,milo,,ข้ามีนามว่าไมโลเจ้าค่ะ,,,BLOCKED_PENDING_REFERENCE_AUDIO,,triangle-strategy
65,MS13_H01_A1_0010_F_MIR_0020.wav,MS13_H01_A1_0010_F_MIR_0020,64,64,64,65,ไมโล,npc,female,milo,,ข้าคือนักเต้น และเป็นผู้ช่วยของเจ็ดผู้ศักดิ์สิทธิ์ในบางโอกาสเจ้าค่ะ...,,,BLOCKED_PENDING_REFERENCE_AUDIO,,triangle-strategy
66,MS13_H01_A1_0010_F_MIR_0030.wav,MS13_H01_A1_0010_F_MIR_0030,65,65,65,66,ไมโล,npc,female,milo,,รัฐมนตรีเซเรโนอา ข้าจะคอยรับใช้ท่านจนสามารถชิงนครหลวงกลับคืนมาสำเร็จ,,,BLOCKED_PENDING_REFERENCE_AUDIO,,triangle-strategy
67,MS13_H01_A1_0010_F_MIR_0040.wav,MS13_H01_A1_0010_F_MIR_0040,66,66,66,67,ไมโล,npc,female,milo,,ไม่ต้องห่วงข้าหรอกเจ้าค่ะ นี่ไม่ใช่ครั้งแรกที่ข้าจับมีด,,,BLOCKED_PENDING_REFERENCE_AUDIO,,triangle-strategy
68,MS13_H01_A1_0010_M_BND_0010.wav,MS13_H01_A1_0010_M_BND_0010,67,67,67,68,Benedict,main,male,benedict,assets/triangle-strategy/approved_voice_references/benedict.wav,...ท่านจะให้เรายืมอาวุธใหม่ของไฮแซนต์เหรอขอรับ?,,,PENDING_MANUAL_GENERATION,,triangle-strategy
69,MS13_H01_A1_0010_M_BND_0020.wav,MS13_H01_A1_0010_M_BND_0020,68,68,68,69,Benedict,main,male,benedict,assets/triangle-strategy/approved_voice_references/benedict.wav,"แสดงว่าควันสีม่วงนี้มาจาก... ""เอลฟริค"" ที่ท่านพูดถึงสินะ",,,PENDING_MANUAL_GENERATION,,triangle-strategy
70,MS13_H01_A1_0010_M_BND_0030.wav,MS13_H01_A1_0010_M_BND_0030,69,69,69,70,Benedict,main,male,benedict,assets/triangle-strategy/approved_voice_references/benedict.wav,ใช่แล้วล่ะ,,,PENDING_MANUAL_GENERATION,,triangle-strategy
71,MS13_H01_A1_0010_M_EGS_0010.wav,MS13_H01_A1_0010_M_EGS_0010,70,70,70,71,Exharme,npc,male,exharme,assets/triangle-strategy/approved_voice_references/exharme.wav,เป็นคำสั่งโดยตรงจากหัวหน้านักบวชน่ะ อาวุธนี้รัฐมนตรีไลล่าซุ่มพัฒนาขึ้นมาอย่างลับๆ,,,PENDING_MANUAL_GENERATION,,triangle-strategy
72,MS13_H01_A1_0010_M_EGS_0020.wav,MS13_H01_A1_0010_M_EGS_0020,71,71,71,72,Exharme,npc,male,exharme,assets/triangle-strategy/approved_voice_references/exharme.wav,แต่ระวังด้วยนะ ระเบิดมันแรงจนควบคุมได้ยากในการต่อสู้ทั่วไป,,,PENDING_MANUAL_GENERATION,,triangle-strategy
73,MS13_H01_A1_0010_M_EGS_0030.wav,MS13_H01_A1_0010_M_EGS_0030,72,72,72,73,Exharme,npc,male,exharme,assets/triangle-strategy/approved_voice_references/exharme.wav,แรงระเบิดของเอลฟริคจะทำให้ทหารไม่ทันรับมือ,,,PENDING_MANUAL_GENERATION,,triangle-strategy
74,MS13_H01_A1_0010_M_EGS_0040.wav,MS13_H01_A1_0010_M_EGS_0040,73,73,73,74,Exharme,npc,male,exharme,assets/triangle-strategy/approved_voice_references/exharme.wav,ส่วนทัพของข้าและรัฐมนตรีแคมเซลล์จะบุกทะลวงพร้อมกัน รัฐมนตรีเซเรโนอา...ฝากท่านนำทัพได้ไหม?,,,PENDING_MANUAL_GENERATION,,triangle-strategy
75,MS13_H01_A1_0010_M_ELA_0010.wav,MS13_H01_A1_0010_M_ELA_0010,74,74,74,75,Erador,main,male,erador,assets/triangle-strategy/approved_voice_references/erador.wav,เจ้าจะไม่เป็นไรจริงๆใช่ไหม?,,,PENDING_MANUAL_GENERATION,,triangle-strategy
76,MS13_H01_A1_0010_M_RLN_0010.wav,MS13_H01_A1_0010_M_RLN_0010,76,76,76,77,Roland,main,male,roland,assets/triangle-strategy/approved_voice_references/roland.wav,ถึงยังไงข้าก็คิดว่ามันจะเป็นประโยชน์ในการชิงปราสาทไวท์โฮล์มคืนมา,,,PENDING_MANUAL_GENERATION,,triangle-strategy
77,MS13_H01_A1_0010_M_SEL_0010.wav,MS13_H01_A1_0010_M_SEL_0010,77,77,77,78,Serenoa,main,male,serenoa,assets/triangle-strategy/approved_voice_references/serenoa.wav,ขอบคุณที่ช่วยเหลือนะขอรับ,,,PENDING_MANUAL_GENERATION,,triangle-strategy
78,MS13_H01_A1_0010_M_SEL_0020.wav,MS13_H01_A1_0010_M_SEL_0020,78,78,78,79,Serenoa,main,male,serenoa,assets/triangle-strategy/approved_voice_references/serenoa.wav,ได้ขอรับ คริสตัลนี้จะเป็นกุญแจสำคัญในการชิงเกลนบรู๊คคืนแน่นอน,,,PENDING_MANUAL_GENERATION,,triangle-strategy
79,MS13_H01_A2_0010_F_HEW_0010.wav,MS13_H01_A2_0010_F_HEW_0010,79,79,79,80,Hughette,main,female,hughette,assets/triangle-strategy/approved_voice_references/hughette.wav,เบเนดิกต์ฝากข้าไปลาดตระเวนเทลลิออร์ และตำแหน่งที่ทหารเอสฟรอสต์ประจำการ...,,,PENDING_MANUAL_GENERATION,,triangle-strategy
80,MS13_H01_A2_0010_F_HEW_0020.wav,MS13_H01_A2_0010_F_HEW_0020,80,80,80,81,Hughette,main,female,hughette,assets/triangle-strategy/approved_voice_references/hughette.wav,แต่ข้าไม่ค่อยพบใครเลย,,,PENDING_MANUAL_GENERATION,,triangle-strategy
81,MS13_H01_A2_0010_F_HEW_0030.wav,MS13_H01_A2_0010_F_HEW_0030,81,81,81,82,Hughette,main,female,hughette,assets/triangle-strategy/approved_voice_references/hughette.wav,ทำไมถึงต้องขอให้ข้ามาที่นี่แต่แรกด้วยนะ?,,,PENDING_MANUAL_GENERATION,,triangle-strategy
82,MS13_H01_A2_0010_F_HEW_0040.wav,MS13_H01_A2_0010_F_HEW_0040,82,82,82,83,Hughette,main,female,hughette,assets/triangle-strategy/approved_voice_references/hughette.wav,น่าจะเกี่ยวกับการชิงนครหลวงคืน...,,,PENDING_MANUAL_GENERATION,,triangle-strategy
83,MS13_H01_A2_0010_F_HEW_0050.wav,MS13_H01_A2_0010_F_HEW_0050,83,83,83,84,Hughette,main,female,hughette,assets/triangle-strategy/approved_voice_references/hughette.wav,แต่คำสั่งก็คือคำสั่ง ข้าจะกลับไปรายงานแล้วกัน,,,PENDING_MANUAL_GENERATION,,triangle-strategy
84,MS13_H01_C0_0010_F_ERK_0010.wav,MS13_H01_C0_0010_F_ERK_0010,84,84,84,85,Erika,npc,female,erika,assets/triangle-strategy/approved_voice_references/erika.wav,...นั่นคือความปรารถนาของอาร์ชดยุกเจ้าค่ะ โปรดอย่าลืมว่านี่คือข้อเสนอเด็ดขาดของเขา,,,PENDING_MANUAL_GENERATION,,triangle-strategy
85,MS13_H01_C0_0010_F_ERK_0020.wav,MS13_H01_C0_0010_F_ERK_0020,85,85,85,86,Erika,npc,female,erika,assets/triangle-strategy/approved_voice_references/erika.wav,จะว่าไป ได้ข่าวว่าท่านแต่งตั้งตำแหน่งผู้ศักดิ์สิทธิ์ให้เซเรโนอาด้วยสินะ,,,PENDING_MANUAL_GENERATION,,triangle-strategy
86,MS13_H01_C0_0010_F_ERK_0030.wav,MS13_H01_C0_0010_F_ERK_0030,86,86,86,87,Erika,npc,female,erika,assets/triangle-strategy/approved_voice_references/erika.wav,ตอนนี้เขาอยู่ไหนเหรอเจ้าคะ?,,,PENDING_MANUAL_GENERATION,,triangle-strategy
87,MS13_H01_C0_0010_F_ERK_0040.wav,MS13_H01_C0_0010_F_ERK_0040,87,87,87,88,Erika,npc,female,erika,assets/triangle-strategy/approved_voice_references/erika.wav,น่าเสียดายจัง กะจะมาแสดงความยินดี...กับตำแหน่งของเขาเสียหน่อย,,,PENDING_MANUAL_GENERATION,,triangle-strategy
88,MS13_H01_C0_0010_M_EGS_0010.wav,MS13_H01_C0_0010_M_EGS_0010,88,88,88,89,Exharme,npc,male,exharme,assets/triangle-strategy/approved_voice_references/exharme.wav,ราชรัฐไม่เกรงกลัวโล่เทพธิดาหรือภาวะขาดแคลนเกลือเลยสักนิด,,,PENDING_MANUAL_GENERATION,,triangle-strategy
89,MS13_H01_C0_0010_M_EGS_0020.wav,MS13_H01_C0_0010_M_EGS_0020,89,89,89,90,Exharme,npc,male,exharme,assets/triangle-strategy/approved_voice_references/exharme.wav,เดาว่าพวกเขาต้องมีแผน,,,PENDING_MANUAL_GENERATION,,triangle-strategy
90,MS13_H01_C0_0010_M_IDO_0010.wav,MS13_H01_C0_0010_M_IDO_0010,90,90,90,91,อีดอร์,npc,male,idore,,เอสฟรอสต์ต้องการให้เราเปิดนาเกลือเพื่อฟื้นฟูสัมพันธ์ระหว่างประเทศ,,,BLOCKED_PENDING_REFERENCE_AUDIO,,triangle-strategy
91,MS13_H01_C0_0010_M_IDO_0020.wav,MS13_H01_C0_0010_M_IDO_0020,91,91,91,92,อีดอร์,npc,male,idore,,แผนพวกนั้นก็คือการยื้อเวลานั่นแหละ...,,,BLOCKED_PENDING_REFERENCE_AUDIO,,triangle-strategy
92,MS13_H01_C0_0010_M_IDO_0030.wav,MS13_H01_C0_0010_M_IDO_0030,92,92,92,93,อีดอร์,npc,male,idore,,เราเร่งพวกวูล์ฟฟอร์ตให้เตรียมแผนยึดนครหลวงกันดีกว่า,,,BLOCKED_PENDING_REFERENCE_AUDIO,,triangle-strategy
93,MS13_H01_C0_0010_M_IDO_0040.wav,MS13_H01_C0_0010_M_IDO_0040,93,93,93,94,อีดอร์,npc,male,idore,,รัฐมนตรีเอกซ์เฮม ฝากส่งข่าวให้ท่านเซเรโนอาทีนะ,,,BLOCKED_PENDING_REFERENCE_AUDIO,,triangle-strategy
94,MS13_H01_C0_0010_M_KNS_0010.wav,MS13_H01_C0_0010_M_KNS_0010,94,94,94,95,แคมเซลล์,npc,male,kamsell,,เกรงว่าข้าคงให้คำตอบท่านไม่ได้หรอก ข้อตกลงระหว่างเจ็ดผู้ศักดิ์สิทธิ์นั้นถือเป็นความลับของพวกเราขอรับ,,,BLOCKED_PENDING_REFERENCE_AUDIO,,triangle-strategy
95,MS13_H01_C0_0010_M_KNS_0020.wav,MS13_H01_C0_0010_M_KNS_0020,95,95,95,96,แคมเซลล์,npc,male,kamsell,,"นังสารเลวนี่! ความ ""ปรารถนา"" บ้าบออะไรกันล่ะ!",,,BLOCKED_PENDING_REFERENCE_AUDIO,,triangle-strategy
96,MS13_H01_VOTE_110_M_EGS_0010.wav,MS13_H01_VOTE_110_M_EGS_0010,96,96,96,97,Exharme,npc,male,exharme,assets/triangle-strategy/approved_voice_references/exharme.wav,ท่านจะจมนครหลวงเพื่อเอาชนะงั้นเหรอ...,,,PENDING_MANUAL_GENERATION,,triangle-strategy
97,MS13_H01_VOTE_110_M_EGS_0020.wav,MS13_H01_VOTE_110_M_EGS_0020,97,97,97,98,Exharme,npc,male,exharme,assets/triangle-strategy/approved_voice_references/exharme.wav,อืม วูล์ฟฟอร์ตขึ้นชื่อเรื่องความแข็งแกร่งนะขอรับ,,,PENDING_MANUAL_GENERATION,,triangle-strategy
98,MS13_H01_VOTE_110_M_EGS_0030.wav,MS13_H01_VOTE_110_M_EGS_0030,98,98,98,99,Exharme,npc,male,exharme,assets/triangle-strategy/approved_voice_references/exharme.wav,สิ่งที่ท่านเลือกนั้นเสี่ยงเหลือเกิน รับรองว่าประชาชนจะแค้นเคืองท่านเป็นแน่,,,PENDING_MANUAL_GENERATION,,triangle-strategy
99,MS13_H01_VOTE_110_M_EGS_0040.wav,MS13_H01_VOTE_110_M_EGS_0040,99,99,99,100,Exharme,npc,male,exharme,assets/triangle-strategy/approved_voice_references/exharme.wav,หากท่านไม่เลือกเดินเส้นทางนี้คงน่าเสียดาย แต่การสู้รบเพื่อปกครองบ้านเมืองคือวิถีของวูล์ฟฟอร์ตมาโดยตลอด,,,PENDING_MANUAL_GENERATION,,triangle-strategy
100,MS13_H01_VOTE_110_M_EGS_0050.wav,MS13_H01_VOTE_110_M_EGS_0050,100,100,100,101,Exharme,npc,male,exharme,assets/triangle-strategy/approved_voice_references/exharme.wav,ท่านจะลอบเข้าปราสาท เพื่อปราบแม่ทัพของพวกมันสินะ...,,,PENDING_MANUAL_GENERATION,,triangle-strategy
101,MS13_H01_VOTE_110_M_EGS_0060.wav,MS13_H01_VOTE_110_M_EGS_0060,101,101,101,102,Exharme,npc,male,exharme,assets/triangle-strategy/approved_voice_references/exharme.wav,วูล์ฟฟอร์ตเลือกเดินในเส้นทางอันต่ำตม,,,PENDING_MANUAL_GENERATION,,triangle-strategy
102,MS13_H01_VOTE_110_M_EGS_0070.wav,MS13_H01_VOTE_110_M_EGS_0070,102,102,102,103,Exharme,npc,male,exharme,assets/triangle-strategy/approved_voice_references/exharme.wav,ซึ่งไม่ต่างอะไรจากเอสฟรอสต์เลย,,,PENDING_MANUAL_GENERATION,,triangle-strategy
103,MS13_H01_VOTE_110_M_EGS_0080.wav,MS13_H01_VOTE_110_M_EGS_0080,103,103,103,104,Exharme,npc,male,exharme,assets/triangle-strategy/approved_voice_references/exharme.wav,งั้นก็คงถึงเวลาลงมือของพวกท่านแล้วล่ะ อาจจะมีโอกาสชนะสงครามมากที่สุดก็ได้,,,PENDING_MANUAL_GENERATION,,triangle-strategy
104,MS13_H01_VOTE_110_M_EGS_0090.wav,MS13_H01_VOTE_110_M_EGS_0090,104,104,104,105,Exharme,npc,male,exharme,assets/triangle-strategy/approved_voice_references/exharme.wav,ท่านจะปกป้องประชาชน ต้อนศัตรูเข้าปราสาท และเจรจาสินะ...,,,PENDING_MANUAL_GENERATION,,triangle-strategy
105,MS13_H01_VOTE_110_M_EGS_0100.wav,MS13_H01_VOTE_110_M_EGS_0100,105,105,105,106,Exharme,npc,male,exharme,assets/triangle-strategy/approved_voice_references/exharme.wav,ท่านช่างมีคุณธรรมยิ่ง วูล์ฟฟอร์ตเอ๋ย,,,PENDING_MANUAL_GENERATION,,triangle-strategy
106,MS13_H01_VOTE_110_M_EGS_0110.wav,MS13_H01_VOTE_110_M_EGS_0110,106,106,106,107,Exharme,npc,male,exharme,assets/triangle-strategy/approved_voice_references/exharme.wav,แต่ท่านคิดว่าจะเจรจาสำเร็จจริงเหรอ? ความเห็นอกเห็นใจ...อาจนำมาซึ่งการล่มสลายของพวกท่านก็ได้นะ,,,PENDING_MANUAL_GENERATION,,triangle-strategy
107,MS13_H01_VOTE_110_M_EGS_0120.wav,MS13_H01_VOTE_110_M_EGS_0120,107,107,107,108,Exharme,npc,male,exharme,assets/triangle-strategy/approved_voice_references/exharme.wav,เช่นนั้นข้าขอให้ท่านเดินไปอย่างภาคภูมิ พร้อมทดสอบฝีมือของท่านเสียเถิด,,,PENDING_MANUAL_GENERATION,,triangle-strategy
108,MS13_H01_VOTE_110_M_EGS_0130.wav,MS13_H01_VOTE_110_M_EGS_0130,108,108,108,109,Exharme,npc,male,exharme,assets/triangle-strategy/approved_voice_references/exharme.wav,ข้าต้องรีบกลับไปพบรัฐมนตรีแคมเซลล์ที่ไฮแซนต์ ข้าจะเตรียมกองทัพมาสนับสนุนท่านในครั้งหน้า,,,PENDING_MANUAL_GENERATION,,triangle-strategy
109,MS13_H01_VOTE_110_M_EGS_0140.wav,MS13_H01_VOTE_110_M_EGS_0140,109,109,109,110,Exharme,npc,male,exharme,assets/triangle-strategy/approved_voice_references/exharme.wav,เราจะแพ้ศึกครั้งนี้ไม่ได้ เพื่อนอร์เซเลีย,,,PENDING_MANUAL_GENERATION,,triangle-strategy
110,MS13_H01_VOTE_110_M_EGS_0150.wav,MS13_H01_VOTE_110_M_EGS_0150,110,110,110,111,Exharme,npc,male,exharme,assets/triangle-strategy/approved_voice_references/exharme.wav,ครั้งนี้มันไม่ใช่การแย่งชิงอำนาจธรรมดาทั่วไป รัฐมนตรีเซเรโนอา,,,PENDING_MANUAL_GENERATION,,triangle-strategy
111,MS13_H01_VOTE_110_M_EGS_0160.wav,MS13_H01_VOTE_110_M_EGS_0160,111,111,111,112,Exharme,npc,male,exharme,assets/triangle-strategy/approved_voice_references/exharme.wav,ทั้งเทพธิดา นาเกลือ และแร่เหล็ก... สงครามเมื่อสามสิบปีก่อนกำลังเกิดขึ้นจากความยึดติดในอดีตของคนรุ่นเก่า,,,PENDING_MANUAL_GENERATION,,triangle-strategy
112,MS13_H01_VOTE_110_M_EGS_0170.wav,MS13_H01_VOTE_110_M_EGS_0170,112,112,112,113,Exharme,npc,male,exharme,assets/triangle-strategy/approved_voice_references/exharme.wav,นอร์เซเลียควรถือกำเนิดใหม่ได้แล้ว,,,PENDING_MANUAL_GENERATION,,triangle-strategy
113,MS13_H01_VOTE_110_M_EGS_0180.wav,MS13_H01_VOTE_110_M_EGS_0180,113,113,113,114,Exharme,npc,male,exharme,assets/triangle-strategy/approved_voice_references/exharme.wav,ตอนนี้ทุกอาณาจักร...ล้วนต้องการผู้นำรุ่นใหม่เพื่อชี้นำอนาคตของพวกมัน,,,PENDING_MANUAL_GENERATION,,triangle-strategy
114,MS13_H01_VOTE_110_M_EGS_0190.wav,MS13_H01_VOTE_110_M_EGS_0190,114,114,114,115,Exharme,npc,male,exharme,assets/triangle-strategy/approved_voice_references/exharme.wav,ใช่แล้ว คนอย่างพวกเรายังไงล่ะ,,,PENDING_MANUAL_GENERATION,,triangle-strategy
115,MS13_H01_VOTE_110_M_EGS_0200.wav,MS13_H01_VOTE_110_M_EGS_0200,115,115,115,116,Exharme,npc,male,exharme,assets/triangle-strategy/approved_voice_references/exharme.wav,สงครามครั้งนี้ เป็นโอกาสอันดีเพื่อแสดงให้เห็นว่าเรามีคุณค่าต่อนอร์เซเลียมากน้อยเพียงใด,,,PENDING_MANUAL_GENERATION,,triangle-strategy
116,MS13_H01_VOTE_110_M_EGS_0210.wav,MS13_H01_VOTE_110_M_EGS_0210,116,116,116,117,Exharme,npc,male,exharme,assets/triangle-strategy/approved_voice_references/exharme.wav,ฮ่าๆๆ...,,,PENDING_MANUAL_GENERATION,,triangle-strategy
117,MS13_H01_VOTE_110_M_SEL_0010.wav,MS13_H01_VOTE_110_M_SEL_0010,117,117,117,118,Serenoa,main,male,serenoa,assets/triangle-strategy/approved_voice_references/serenoa.wav,ข้ารู้,,,PENDING_MANUAL_GENERATION,,triangle-strategy
118,MS13_H01_VOTE_110_M_SEL_0020.wav,MS13_H01_VOTE_110_M_SEL_0020,118,118,118,119,Serenoa,main,male,serenoa,assets/triangle-strategy/approved_voice_references/serenoa.wav,พวกเราจะไม่นึกเสียใจภายหลังอย่างแน่นอน,,,PENDING_MANUAL_GENERATION,,triangle-strategy
119,MS13_H01_VOTE_110_M_SEL_0030.wav,MS13_H01_VOTE_110_M_SEL_0030,119,119,119,120,Serenoa,main,male,serenoa,assets/triangle-strategy/approved_voice_references/serenoa.wav,ถึงยังไง นี่ก็เป็นเส้นทางที่เราตัดสินใจเลือกขอรับ,,,PENDING_MANUAL_GENERATION,,triangle-strategy
120,MS13_H01_VOTE_110_M_SEL_0040.wav,MS13_H01_VOTE_110_M_SEL_0040,120,120,120,121,Serenoa,main,male,serenoa,assets/triangle-strategy/approved_voice_references/serenoa.wav,ขอบคุณมากขอรับ,,,PENDING_MANUAL_GENERATION,,triangle-strategy
121,MS13_H01_VOTE_110_M_SEL_0050.wav,MS13_H01_VOTE_110_M_SEL_0050,121,121,121,122,Serenoa,main,male,serenoa,assets/triangle-strategy/approved_voice_references/serenoa.wav,นึกว่าศึกครั้งนี้เพื่อเกลนบรู๊คเสียอีก,,,PENDING_MANUAL_GENERATION,,triangle-strategy
122,MS13_H01_VOTE_110_M_SEL_0060.wav,MS13_H01_VOTE_110_M_SEL_0060,122,122,122,123,Serenoa,main,male,serenoa,assets/triangle-strategy/approved_voice_references/serenoa.wav,ผู้นำงั้นเหรอ...,,,PENDING_MANUAL_GENERATION,,triangle-strategy
123,MS13_H01_VOTE_START_F_ANA_0010.wav,MS13_H01_VOTE_START_F_ANA_0010,123,123,123,124,Anna,main,female,anna,assets/triangle-strategy/approved_voice_references/anna.wav,ตราบใดที่เกลนบรู๊คถูกยึดอำนาจ พวกเขาไม่มีวันฟังหรือสนับสนุนเราหรอก,,,PENDING_MANUAL_GENERATION,,triangle-strategy
124,MS13_H01_VOTE_START_F_ANA_0020.wav,MS13_H01_VOTE_START_F_ANA_0020,124,124,124,125,Anna,main,female,anna,assets/triangle-strategy/approved_voice_references/anna.wav,เราต้องชิงเมืองคืนเพื่อแสดงให้เห็นถึงความแข็งแกร่งและมุ่งมั่นของเรา,,,PENDING_MANUAL_GENERATION,,triangle-strategy
125,MS13_H01_VOTE_START_F_FRE_0010.wav,MS13_H01_VOTE_START_F_FRE_0010,125,125,125,126,Frederica,main,female,frederica,assets/triangle-strategy/approved_voice_references/frederica.wav,ข้าเห็นด้วยกับโรแลนด์นะท่าน พวกเราเข่นฆ่ากันมากเกินพอแล้ว,,,PENDING_MANUAL_GENERATION,,triangle-strategy
126,MS13_H01_VOTE_START_F_FRE_0020.wav,MS13_H01_VOTE_START_F_FRE_0020,126,126,126,127,Frederica,main,female,frederica,assets/triangle-strategy/approved_voice_references/frederica.wav,เราลองไปคุยปรับความเข้าใจกับชาวเมืองกันก่อนดีไหม,,,PENDING_MANUAL_GENERATION,,triangle-strategy
127,MS13_H01_VOTE_START_F_FRE_0030.wav,MS13_H01_VOTE_START_F_FRE_0030,127,127,127,128,Frederica,main,female,frederica,assets/triangle-strategy/approved_voice_references/frederica.wav,แสดงว่าเจ้าอยู่ฝั่งเบเนดิกต์สินะ,,,PENDING_MANUAL_GENERATION,,triangle-strategy
128,MS13_H01_VOTE_START_F_FRE_0040.wav,MS13_H01_VOTE_START_F_FRE_0040,128,128,128,129,Frederica,main,female,frederica,assets/triangle-strategy/approved_voice_references/frederica.wav,แต่ความปลอดภัยของประชาชนคือสิ่งสำคัญที่สุดของเรานะเจ้าคะ,,,PENDING_MANUAL_GENERATION,,triangle-strategy
129,MS13_H01_VOTE_START_F_FRE_0050.wav,MS13_H01_VOTE_START_F_FRE_0050,129,129,129,130,Frederica,main,female,frederica,assets/triangle-strategy/approved_voice_references/frederica.wav,หากพวกเขาถูกจับเป็นตัวประกัน ทางเลือกของเราก็จะเหลือน้อยลงไปด้วย,,,PENDING_MANUAL_GENERATION,,triangle-strategy
130,MS13_H01_VOTE_START_F_FRE_0060.wav,MS13_H01_VOTE_START_F_FRE_0060,130,130,130,131,Frederica,main,female,frederica,assets/triangle-strategy/approved_voice_references/frederica.wav,เราจะใช้คริสตัลระเบิดสะพานเชื่อมเมือง ส่วนข้าศึกจะถูกขังอยู่ในปราสาท,,,PENDING_MANUAL_GENERATION,,triangle-strategy
131,MS13_H01_VOTE_START_F_FRE_0070.wav,MS13_H01_VOTE_START_F_FRE_0070,131,131,131,132,Frederica,main,female,frederica,assets/triangle-strategy/approved_voice_references/frederica.wav,เราจะขอให้พวกเขายอมแพ้ ปลดปล่อยเกลนบรู๊ค และฟื้นฟูสัมพันธ์การค้าระหว่างอาณาจักรของเราอีกครั้ง...,,,PENDING_MANUAL_GENERATION,,triangle-strategy
132,MS13_H01_VOTE_START_F_FRE_0080.wav,MS13_H01_VOTE_START_F_FRE_0080,132,132,132,133,Frederica,main,female,frederica,assets/triangle-strategy/approved_voice_references/frederica.wav,ข้าเชื่อว่าเราจะหาทางตกลงกันได้อย่างแน่นอน,,,PENDING_MANUAL_GENERATION,,triangle-strategy
133,MS13_H01_VOTE_START_F_HEW_0010.wav,MS13_H01_VOTE_START_F_HEW_0010,133,133,133,134,Hughette,main,female,hughette,assets/triangle-strategy/approved_voice_references/hughette.wav,เขื่อนเทลลิออร์คืออ่างเก็บน้ำของอาณาจักร มันถูกสร้างขึ้นเพื่อป้องกันไม่ให้น้ำท่วมเมืองน่ะ,,,PENDING_MANUAL_GENERATION,,triangle-strategy
134,MS13_H01_VOTE_START_F_HEW_0020.wav,MS13_H01_VOTE_START_F_HEW_0020,134,134,134,135,Hughette,main,female,hughette,assets/triangle-strategy/approved_voice_references/hughette.wav,ขืนทำลายเขื่อนไป...มีหวังพวกเขาไม่ให้อภัยเราแน่,,,PENDING_MANUAL_GENERATION,,triangle-strategy
135,MS13_H01_VOTE_START_F_MIR_0010.wav,MS13_H01_VOTE_START_F_MIR_0010,135,135,135,136,ไมโล,npc,female,milo,,ทะเลสาบเทลลิออร์ถูกสร้างขึ้นด้วยฝีมือมนุษย์ พวกท่านใช้คริสตัลระเบิดพังมันก็ได้นะเจ้าคะ,,,BLOCKED_PENDING_REFERENCE_AUDIO,,triangle-strategy
136,MS13_H01_VOTE_START_F_MIR_0020.wav,MS13_H01_VOTE_START_F_MIR_0020,136,136,136,137,ไมโล,npc,female,milo,,สรุปคือท่านจะไม่ใช้คริสตัลระเบิดเหรอเจ้าคะ?,,,BLOCKED_PENDING_REFERENCE_AUDIO,,triangle-strategy
137,MS13_H01_VOTE_START_F_YRA_0010.wav,MS13_H01_VOTE_START_F_YRA_0010,137,137,137,138,Geela,main,female,geela,assets/triangle-strategy/approved_voice_references/geela.wav,แผนนั่นคงทำให้ประชาชนเสียหายน้อยลง,,,PENDING_MANUAL_GENERATION,,triangle-strategy
138,MS13_H01_VOTE_START_F_YRA_0020.wav,MS13_H01_VOTE_START_F_YRA_0020,138,138,138,139,Geela,main,female,geela,assets/triangle-strategy/approved_voice_references/geela.wav,หากเราสามารถปิดล้อมปราสาท เราคงเจรจากับพวกเขาได้,,,PENDING_MANUAL_GENERATION,,triangle-strategy
139,MS13_H01_VOTE_START_M_BND_0010.wav,MS13_H01_VOTE_START_M_BND_0010,139,139,139,140,Benedict,main,male,benedict,assets/triangle-strategy/approved_voice_references/benedict.wav,นครหลวงถูกสร้างขึ้นใกล้แม่น้ำนอร์เซเลียขอรับ,,,PENDING_MANUAL_GENERATION,,triangle-strategy
140,MS13_H01_VOTE_START_M_BND_0020.wav,MS13_H01_VOTE_START_M_BND_0020,140,140,140,141,Benedict,main,male,benedict,assets/triangle-strategy/approved_voice_references/benedict.wav,การทำลายเขื่อนที่ล้อมรอบทะเลสาบเทลลิออร์ จะทำให้เราจมนครหลวงเกือบทั้งหมด,,,PENDING_MANUAL_GENERATION,,triangle-strategy
141,MS13_H01_VOTE_START_M_BND_0030.wav,MS13_H01_VOTE_START_M_BND_0030,141,141,141,142,Benedict,main,male,benedict,assets/triangle-strategy/approved_voice_references/benedict.wav,การจมนครหลวงจะทำให้กองทัพแตกพ่าย ซึ่งเราจะใช้โอกาสนั้นเพื่อบุกเข้ายึดอย่างรวดเร็วขอรับ,,,PENDING_MANUAL_GENERATION,,triangle-strategy
142,MS13_H01_VOTE_START_M_BND_0040.wav,MS13_H01_VOTE_START_M_BND_0040,142,142,142,143,Benedict,main,male,benedict,assets/triangle-strategy/approved_voice_references/benedict.wav,ก่อนหน้านี้ฮิวเอทท์ไปลาดตระเวนพื้นที่และพบทหารไม่มากนัก แสดงว่าอาร์ชดยุกคงคิดไม่ถึงสินะ,,,PENDING_MANUAL_GENERATION,,triangle-strategy
143,MS13_H01_VOTE_START_M_BND_0050.wav,MS13_H01_VOTE_START_M_BND_0050,143,143,143,144,Benedict,main,male,benedict,assets/triangle-strategy/approved_voice_references/benedict.wav,แต่เราจะแพ้ไม่ได้นะขอรับ,,,PENDING_MANUAL_GENERATION,,triangle-strategy
144,MS13_H01_VOTE_START_M_BND_0060.wav,MS13_H01_VOTE_START_M_BND_0060,144,144,144,145,Benedict,main,male,benedict,assets/triangle-strategy/approved_voice_references/benedict.wav,แต่ท่านเคยใช้เส้นทางนั้นมาก่อน ตอนนี้อาจจะถูกปิดตายไปแล้วก็ได้นะขอรับ,,,PENDING_MANUAL_GENERATION,,triangle-strategy
145,MS13_H01_VOTE_START_M_BND_0070.wav,MS13_H01_VOTE_START_M_BND_0070,145,145,145,146,Benedict,main,male,benedict,assets/triangle-strategy/approved_voice_references/benedict.wav,ข้าเข้าใจในความปรารถนาของท่านนะขอรับ...,,,PENDING_MANUAL_GENERATION,,triangle-strategy
146,MS13_H01_VOTE_START_M_ELA_0010.wav,MS13_H01_VOTE_START_M_ELA_0010,146,146,146,147,Erador,main,male,erador,assets/triangle-strategy/approved_voice_references/erador.wav,ถ้าอยากชนะก็ต้องคว้าโอกาส โดยไม่สนถึงผลกระทบที่ตามมา,,,PENDING_MANUAL_GENERATION,,triangle-strategy
147,MS13_H01_VOTE_START_M_ELA_0020.wav,MS13_H01_VOTE_START_M_ELA_0020,147,147,147,148,Erador,main,male,erador,assets/triangle-strategy/approved_voice_references/erador.wav,เราจะแพ้ศึกครั้งนี้ไม่ได้นะ,,,PENDING_MANUAL_GENERATION,,triangle-strategy
148,MS13_H01_VOTE_START_M_ELA_0030.wav,MS13_H01_VOTE_START_M_ELA_0030,148,148,148,149,Erador,main,male,erador,assets/triangle-strategy/approved_voice_references/erador.wav,ก็ถูกของท่าน แล้วเราจะชิงนครหลวงหลังจากนั้นยังไงล่ะขอรับ?,,,PENDING_MANUAL_GENERATION,,triangle-strategy
149,MS13_H01_VOTE_START_M_RLN_0010.wav,MS13_H01_VOTE_START_M_RLN_0010,149,149,149,150,Roland,main,male,roland,assets/triangle-strategy/approved_voice_references/roland.wav,ข้าขอโทษนะ แต่เจ้ากำลังแนะนำให้เราจมนครหลวงด้วยการพังเขื่อนเทลลิออร์อย่างงั้นเหรอ?,,,PENDING_MANUAL_GENERATION,,triangle-strategy
150,MS13_H01_VOTE_START_M_RLN_0020.wav,MS13_H01_VOTE_START_M_RLN_0020,150,150,150,151,Roland,main,male,roland,assets/triangle-strategy/approved_voice_references/roland.wav,อย่าเลย ความเสียหายจะสาหัสเกินไป,,,PENDING_MANUAL_GENERATION,,triangle-strategy
151,MS13_H01_VOTE_START_M_RLN_0030.wav,MS13_H01_VOTE_START_M_RLN_0030,151,151,151,152,Roland,main,male,roland,assets/triangle-strategy/approved_voice_references/roland.wav,ทำแบบนี้มันไม่คุ้มหรอกนะ เบเนดิกต์,,,PENDING_MANUAL_GENERATION,,triangle-strategy
152,MS13_H01_VOTE_START_M_RLN_0040.wav,MS13_H01_VOTE_START_M_RLN_0040,152,152,152,153,Roland,main,male,roland,assets/triangle-strategy/approved_voice_references/roland.wav,เกลนบรู๊คเฟื่องฟูได้ก็เพราะเขื่อนนั่น อย่าเอาน้ำในเขื่อนไปทำอย่างอื่นเลย,,,PENDING_MANUAL_GENERATION,,triangle-strategy
153,MS13_H01_VOTE_START_M_RLN_0050.wav,MS13_H01_VOTE_START_M_RLN_0050,153,153,153,154,Roland,main,male,roland,assets/triangle-strategy/approved_voice_references/roland.wav,ไม่จำเป็นต้องใช้ความรุนแรงในการชิงเมืองคืนหรอก เราจู่โจมตอนกลางคืนเพื่อสังหารหัวหน้าของพวกมันก็ได้นี่,,,PENDING_MANUAL_GENERATION,,triangle-strategy
154,MS13_H01_VOTE_START_M_RLN_0060.wav,MS13_H01_VOTE_START_M_RLN_0060,154,154,154,155,Roland,main,male,roland,assets/triangle-strategy/approved_voice_references/roland.wav,มีทางลอบเข้าปราสาทโดยไม่มีใครสังเกตเห็นอยู่นะ,,,PENDING_MANUAL_GENERATION,,triangle-strategy
155,MS13_H01_VOTE_START_M_RLN_0070.wav,MS13_H01_VOTE_START_M_RLN_0070,155,155,155,156,Roland,main,male,roland,assets/triangle-strategy/approved_voice_references/roland.wav,ไม่ต้องห่วง เรายังมีอีกทาง,,,PENDING_MANUAL_GENERATION,,triangle-strategy
156,MS13_H01_VOTE_START_M_RLN_0080.wav,MS13_H01_VOTE_START_M_RLN_0080,156,156,156,157,Roland,main,male,roland,assets/triangle-strategy/approved_voice_references/roland.wav,เปล่า ข้าจะใช้หลังลอบเข้าสำเร็จ เราจะใช้ระเบิดจมเรือรบเอสฟรอสต์,,,PENDING_MANUAL_GENERATION,,triangle-strategy
157,MS13_H01_VOTE_START_M_RLN_0090.wav,MS13_H01_VOTE_START_M_RLN_0090,157,157,157,158,Roland,main,male,roland,assets/triangle-strategy/approved_voice_references/roland.wav,มันจะทำลายเส้นทางหลบหนีของพวกเขา,,,PENDING_MANUAL_GENERATION,,triangle-strategy
158,MS13_H01_VOTE_START_M_RLN_0100.wav,MS13_H01_VOTE_START_M_RLN_0100,158,158,158,159,Roland,main,male,roland,assets/triangle-strategy/approved_voice_references/roland.wav,เจรจางั้นเหรอ...,,,PENDING_MANUAL_GENERATION,,triangle-strategy
159,MS13_H01_VOTE_START_M_SEL_0010.wav,MS13_H01_VOTE_START_M_SEL_0010,159,159,159,160,Serenoa,main,male,serenoa,assets/triangle-strategy/approved_voice_references/serenoa.wav,ข้าขอถามพวกท่านอีกครั้ง,,,PENDING_MANUAL_GENERATION,,triangle-strategy
160,MS13_H01_VOTE_START_M_SEL_0020.wav,MS13_H01_VOTE_START_M_SEL_0020,160,160,160,161,Serenoa,main,male,serenoa,assets/triangle-strategy/approved_voice_references/serenoa.wav,เราจะจมนครหลวงด้วยการพังเขื่อนเทลลิออร์ดีไหม?,,,PENDING_MANUAL_GENERATION,,triangle-strategy
161,MS13_H01_VOTE_START_M_SEL_0030.wav,MS13_H01_VOTE_START_M_SEL_0030,161,161,161,162,Serenoa,main,male,serenoa,assets/triangle-strategy/approved_voice_references/serenoa.wav,หรือลอบเข้าปราสาทยามค่ำคืน ระเบิดเรือทิ้งและสังหารหัวหน้าของพวกมัน?,,,PENDING_MANUAL_GENERATION,,triangle-strategy
162,MS13_H01_VOTE_START_M_SEL_0040.wav,MS13_H01_VOTE_START_M_SEL_0040,162,162,162,163,Serenoa,main,male,serenoa,assets/triangle-strategy/approved_voice_references/serenoa.wav,หรือจะทำลายปราสาท ปกป้องชาวเมือง และเจรจากับศัตรูดีล่ะ?,,,PENDING_MANUAL_GENERATION,,triangle-strategy
163,MS13_H01_VOTE_START_M_SEL_0050.wav,MS13_H01_VOTE_START_M_SEL_0050,163,163,163,164,Serenoa,main,male,serenoa,assets/triangle-strategy/approved_voice_references/serenoa.wav,ไปเอาตาชั่งมา ถึงเวลาตัดสินใจเลือกแล้ว,,,PENDING_MANUAL_GENERATION,,triangle-strategy
164,MS13_H01_WD_0010_N_NNN_0010.wav,MS13_H01_WD_0010_N_NNN_0010,164,164,164,165,Narrator,narrator,female,narrator,assets/triangle-strategy/approved_voice_references/narrator.wav,เอสฟรอสต์และเกลนบรู๊คยังคงยืนหยัด หลังคว่ำบาตรไฮแซนต์,,,PENDING_MANUAL_GENERATION,,triangle-strategy
165,MS13_H01_WD_0010_N_NNN_0020.wav,MS13_H01_WD_0010_N_NNN_0020,165,165,165,166,Narrator,narrator,female,narrator,assets/triangle-strategy/approved_voice_references/narrator.wav,กุสตาดอล์ฟส่งเอริก้ามุ่งหน้าสู่ไฮแซนต์ตามคำสั่งของเขา และส่งทหารไปเสริมทัพในเกลนบรู๊คเพื่อกดดันรัฐศักดิ์สิทธิ์อย่างหนักหน่วง,,,PENDING_MANUAL_GENERATION,,triangle-strategy
166,MS13_H01_WD_0010_N_NNN_0030.wav,MS13_H01_WD_0010_N_NNN_0030,166,166,166,167,Narrator,narrator,female,narrator,assets/triangle-strategy/approved_voice_references/narrator.wav,องค์ชายโรแลนด์ผู้บัญชาไฮแซนต์ ได้ส่งรัฐมนตรีเซเรโนอาแห่งเจ็ดผู้ศักดิ์สิทธิ์เพื่อเตรียมมาตรการตอบโต้,,,PENDING_MANUAL_GENERATION,,triangle-strategy
167,MS13_H01_WD_0010_N_NNN_0040.wav,MS13_H01_WD_0010_N_NNN_0040,167,167,167,168,Narrator,narrator,female,narrator,assets/triangle-strategy/approved_voice_references/narrator.wav,นอร์เซเลียนั้น กำลังกลับเข้าสู่ภาวะสงครามในอีกไม่ช้า,,,PENDING_MANUAL_GENERATION,,triangle-strategy
168,MS13_X24_A0_0010_F_ABR_0010.wav,MS13_X24_A0_0010_F_ABR_0010,168,168,168,169,Avlora,npc,female,avlora,assets/triangle-strategy/approved_voice_references/avlora.wav,แหงล่ะ พวกมันจะมาชิงไวท์โฮล์มไปจากเราน่ะสิ,,,PENDING_MANUAL_GENERATION,,triangle-strategy
169,MS13_X24_A0_0010_F_ABR_0020.wav,MS13_X24_A0_0010_F_ABR_0020,169,169,169,170,Avlora,npc,female,avlora,assets/triangle-strategy/approved_voice_references/avlora.wav,จะส่งไปทำไม รอพวกมันที่นี่แหละ,,,PENDING_MANUAL_GENERATION,,triangle-strategy
170,MS13_X24_A0_0010_F_ABR_0030.wav,MS13_X24_A0_0010_F_ABR_0030,170,170,170,171,Avlora,npc,female,avlora,assets/triangle-strategy/approved_voice_references/avlora.wav,ไม่ว่ากองทัพของพวกมันจะยิ่งใหญ่เพียงใด แต่พวกมันจะไม่มีวันโค่นปราสาทนี้ได้แน่,,,PENDING_MANUAL_GENERATION,,triangle-strategy
171,MS13_X24_A0_0010_F_ABR_0040.wav,MS13_X24_A0_0010_F_ABR_0040,171,171,171,172,Avlora,npc,female,avlora,assets/triangle-strategy/approved_voice_references/avlora.wav,เราแค่ต้องถ่วงเวลาเท่านั้น เมื่อพวกมันรู้ว่าอาร์ชดยุกกำลังวางแผนอะไร รับรองต้องกลัวกันหัวหด,,,PENDING_MANUAL_GENERATION,,triangle-strategy
172,MS13_X24_A0_0010_F_ABR_0050.wav,MS13_X24_A0_0010_F_ABR_0050,172,172,172,173,Avlora,npc,female,avlora,assets/triangle-strategy/approved_voice_references/avlora.wav,ครั้งนี้มันไม่เหมือนเมื่อสามสิบปีก่อน เพราะพวกมันไม่มีสิทธิที่จะทำเช่นนี้,,,PENDING_MANUAL_GENERATION,,triangle-strategy
173,MS13_X24_A0_0010_F_ABR_0060.wav,MS13_X24_A0_0010_F_ABR_0060,173,173,173,174,Avlora,npc,female,avlora,assets/triangle-strategy/approved_voice_references/avlora.wav,ท่านเข้าใจดีใช่ไหมเจ้าคะ องค์ราชินี?,,,PENDING_MANUAL_GENERATION,,triangle-strategy
174,MS13_X24_A0_0010_F_ABR_0070.wav,MS13_X24_A0_0010_F_ABR_0070,174,174,174,175,Avlora,npc,female,avlora,assets/triangle-strategy/approved_voice_references/avlora.wav,และประชาชนจะไม่สนับสนุนคนที่ทำเช่นนี้ วูล์ฟฟอร์ตไม่มีวันชนะโดยไร้ซึ่งการสนับสนุนของประชาชน,,,PENDING_MANUAL_GENERATION,,triangle-strategy
175,MS13_X24_A0_0010_F_ABR_0080.wav,MS13_X24_A0_0010_F_ABR_0080,175,175,175,176,Avlora,npc,female,avlora,assets/triangle-strategy/approved_voice_references/avlora.wav,อย่าเอาอารมณ์ส่วนตัวมาลงกับสงครามสิเจ้าคะ,,,PENDING_MANUAL_GENERATION,,triangle-strategy
176,MS13_X24_A0_0010_F_ABR_0090.wav,MS13_X24_A0_0010_F_ABR_0090,176,176,176,177,Avlora,npc,female,avlora,assets/triangle-strategy/approved_voice_references/avlora.wav,คนซื่อบื้อแบบพวกท่านคงฝากความหวังไม่ได้หรอก อาร์ชดยุกคงรู้ดี,,,PENDING_MANUAL_GENERATION,,triangle-strategy
177,MS13_X24_A0_0010_F_CRD_0010.wav,MS13_X24_A0_0010_F_CRD_0010,177,177,177,178,Cordelia,npc,female,cordelia,assets/triangle-strategy/approved_voice_references/cordelia.wav,...ถูกต้อง เนื่องจากตอนนี้ข้าเป็นราชินีแล้ว,,,PENDING_MANUAL_GENERATION,,triangle-strategy
178,MS13_X24_A0_0010_F_CRD_0020.wav,MS13_X24_A0_0010_F_CRD_0020,178,178,178,179,Cordelia,npc,female,cordelia,assets/triangle-strategy/approved_voice_references/cordelia.wav,การโจมตีนครหลวงถือเป็นการทรยศต่อราชวงศ์และอาณาจักร,,,PENDING_MANUAL_GENERATION,,triangle-strategy
179,MS13_X24_A0_0010_F_CRD_0030.wav,MS13_X24_A0_0010_F_CRD_0030,179,179,179,180,Cordelia,npc,female,cordelia,assets/triangle-strategy/approved_voice_references/cordelia.wav,ศึกระหว่างเราและวูล์ฟฟอร์ตเริ่มขึ้นแล้วสินะ...,,,PENDING_MANUAL_GENERATION,,triangle-strategy
180,MS13_X24_A0_0010_F_ERK_0010.wav,MS13_X24_A0_0010_F_ERK_0010,180,180,180,181,Erika,npc,female,erika,assets/triangle-strategy/approved_voice_references/erika.wav,ตายจริง พวกเราทำไงดีเนี่ย?,,,PENDING_MANUAL_GENERATION,,triangle-strategy
181,MS13_X24_A0_0010_F_ERK_0020.wav,MS13_X24_A0_0010_F_ERK_0020,181,181,181,182,Erika,npc,female,erika,assets/triangle-strategy/approved_voice_references/erika.wav,เหมือนพวกเขาจะไม่ชอบแผนการของท่านพี่เลยนะ,,,PENDING_MANUAL_GENERATION,,triangle-strategy
182,MS13_X24_A0_0010_F_ERK_0030.wav,MS13_X24_A0_0010_F_ERK_0030,182,182,182,183,Erika,npc,female,erika,assets/triangle-strategy/approved_voice_references/erika.wav,จริง เห็นแล้วจะอ้วก,,,PENDING_MANUAL_GENERATION,,triangle-strategy
183,MS13_X24_A0_0010_F_ERK_0040.wav,MS13_X24_A0_0010_F_ERK_0040,183,183,183,184,Erika,npc,female,erika,assets/triangle-strategy/approved_voice_references/erika.wav,ยัยนี่มันกวนประสาทเหลือเกิน,,,PENDING_MANUAL_GENERATION,,triangle-strategy
184,MS13_X24_A0_0010_M_M169_0010.wav,MS13_X24_A0_0010_M_M169_0010,184,184,184,185,ผู้ส่งสาร,generic,male,MALE_ADULT_A,assets/triangle-strategy/approved_voice_references/MALE_ADULT_A.wav,ท่านแม่ทัพ เหมือนว่ากองทหารไฮแซนต์เดินทางมาถึงปราสาทวูล์ฟฟอร์ตแล้วขอรับ,,,PENDING_MANUAL_GENERATION,,triangle-strategy
185,MS13_X24_A0_0010_M_TRS_0010.wav,MS13_X24_A0_0010_M_TRS_0010,185,185,185,186,Thalas,npc,male,thalas,assets/triangle-strategy/approved_voice_references/thalas.wav,อัฟโลร่า ส่งทหารไปตั้งรับเดี๋ยวนี้!,,,PENDING_MANUAL_GENERATION,,triangle-strategy
186,MS13_X24_A0_0010_M_TRS_0020.wav,MS13_X24_A0_0010_M_TRS_0020,186,186,186,187,Thalas,npc,male,thalas,assets/triangle-strategy/approved_voice_references/thalas.wav,ซึ่งเอสฟรอสต์จะตกอยู่ในสถานการณ์เดียวกันในสงครามซอลท์ไอรอน ซึ่งเจ้าคงจำได้ใช่ไหมว่าครั้งนั้นเราเป็นฝ่ายแพ้,,,PENDING_MANUAL_GENERATION,,triangle-strategy
187,MS13_X24_A0_0010_M_TRS_0030.wav,MS13_X24_A0_0010_M_TRS_0030,187,187,187,188,Thalas,npc,male,thalas,assets/triangle-strategy/approved_voice_references/thalas.wav,นังหุ่นเชิดนั่นมันเป็นราชินีซะที่ไหนกันเล่า,,,PENDING_MANUAL_GENERATION,,triangle-strategy
188,MS13_X24_A0_0010_M_TRS_0040.wav,MS13_X24_A0_0010_M_TRS_0040,188,188,188,189,Thalas,npc,male,thalas,assets/triangle-strategy/approved_voice_references/thalas.wav,อัฟโลร่า!,,,PENDING_MANUAL_GENERATION,,triangle-strategy
189,MS13_X24_A0_0020_F_ABR_0010.wav,MS13_X24_A0_0020_F_ABR_0010,189,189,189,190,Avlora,npc,female,avlora,assets/triangle-strategy/approved_voice_references/avlora.wav,ไอ้สุนัขไฮแซนต์!,,,PENDING_MANUAL_GENERATION,,triangle-strategy
190,MS13_X24_A0_0020_F_ABR_0020.wav,MS13_X24_A0_0020_F_ABR_0020,190,190,190,191,Avlora,npc,female,avlora,assets/triangle-strategy/approved_voice_references/avlora.wav,แผนโง่ๆ เช่นนี้ข้าไม่เชื่อหรอกนะ!,,,PENDING_MANUAL_GENERATION,,triangle-strategy
191,MS13_X24_A0_0020_F_ABR_0030.wav,MS13_X24_A0_0020_F_ABR_0030,191,191,191,192,Avlora,npc,female,avlora,assets/triangle-strategy/approved_voice_references/avlora.wav,ไม่นะ... พวกมันพูดจริงเหรอเนี่ย!?,,,PENDING_MANUAL_GENERATION,,triangle-strategy
192,MS13_X24_A0_0020_F_M181_0010.wav,MS13_X24_A0_0020_F_M181_0010,192,192,192,193,หญิงชาวเมือง,generic,female,FEMALE_ADULT_A,assets/triangle-strategy/approved_voice_references/FEMALE_ADULT_A.wav,เหมือนเป็นแสงม่วงอะไรสักอย่างเลยนะ เออนี่...เจ้ารู้สึกว่าพื้นสั่นหรือเปล่า?,,,PENDING_MANUAL_GENERATION,,triangle-strategy
193,MS13_X24_A0_0020_F_M181_0020.wav,MS13_X24_A0_0020_F_M181_0020,193,193,193,194,หญิงชาวเมือง,generic,female,FEMALE_ADULT_A,assets/triangle-strategy/approved_voice_references/FEMALE_ADULT_A.wav,อ้ากกกก!,,,PENDING_MANUAL_GENERATION,,triangle-strategy
194,MS13_X24_A0_0020_F_M181_0030.wav,MS13_X24_A0_0020_F_M181_0030,194,194,194,195,หญิงชาวเมือง,generic,female,FEMALE_ADULT_A,assets/triangle-strategy/approved_voice_references/FEMALE_ADULT_A.wav,หนีเร็ว!,,,PENDING_MANUAL_GENERATION,,triangle-strategy
195,MS13_X24_A0_0020_M_EGS_0010.wav,MS13_X24_A0_0020_M_EGS_0010,195,195,195,196,Exharme,npc,male,exharme,assets/triangle-strategy/approved_voice_references/exharme.wav,ฮ่าๆๆ! ผู้บัญชาการอัฟโลร่า! หยุดอยู่ตรงนั้นแหละ!,,,PENDING_MANUAL_GENERATION,,triangle-strategy
196,MS13_X24_A0_0020_M_KNS_0010.wav,MS13_X24_A0_0020_M_KNS_0010,196,196,196,197,แคมเซลล์,npc,male,kamsell,,ชาวเกลนบรู๊คเอ๋ย! กระแสน้ำรุนแรงกำลังพัดเข้ามา,,,BLOCKED_PENDING_REFERENCE_AUDIO,,triangle-strategy
197,MS13_X24_A0_0020_M_KNS_0020.wav,MS13_X24_A0_0020_M_KNS_0020,197,197,197,198,แคมเซลล์,npc,male,kamsell,,อีกไม่ช้านครแห่งนี้จะจมอยู่ใต้บาดาล! ขอให้พวกเจ้าอพยพโดยด่วน!,,,BLOCKED_PENDING_REFERENCE_AUDIO,,triangle-strategy
198,MS13_X24_A0_0020_M_KNS_0030.wav,MS13_X24_A0_0020_M_KNS_0030,198,198,198,199,แคมเซลล์,npc,male,kamsell,,เขื่อนแตกแล้ว! พวกเรามาแค่มาเตือนเท่านั้น,,,BLOCKED_PENDING_REFERENCE_AUDIO,,triangle-strategy
199,MS13_X24_A0_0020_M_KNS_0040.wav,MS13_X24_A0_0020_M_KNS_0040,199,199,199,200,แคมเซลล์,npc,male,kamsell,,แรงสั่นสะเทือนคงทำให้พวกเจ้าได้รู้ทั่วกันแล้ว ถ้าไม่อยากตายก็อพยพหนีออกไปซะ!,,,BLOCKED_PENDING_REFERENCE_AUDIO,,triangle-strategy
200,MS13_X24_A0_0020_M_M180_0010.wav,MS13_X24_A0_0020_M_M180_0010,200,200,200,201,ชาวเมือง,generic,male,MALE_ADULT_A,assets/triangle-strategy/approved_voice_references/MALE_ADULT_A.wav,เมื่อเช้าเจ้าเห็นแสงนั่นบนภูเขาไหม? มันช่างจ้าเสียเหลือเกิน!,,,PENDING_MANUAL_GENERATION,,triangle-strategy
201,MS13_X24_A0_0020_M_M180_0020.wav,MS13_X24_A0_0020_M_M180_0020,201,201,201,202,ชาวเมือง,generic,male,MALE_ADULT_A,assets/triangle-strategy/approved_voice_references/MALE_ADULT_A.wav,อืม เหมือนจะแรงขึ้นเรื่อยๆด้วย...,,,PENDING_MANUAL_GENERATION,,triangle-strategy
202,MS13_X24_A0_0020_M_M180_0030.wav,MS13_X24_A0_0020_M_M180_0030,202,202,202,203,ชาวเมือง,generic,male,MALE_ADULT_A,assets/triangle-strategy/approved_voice_references/MALE_ADULT_A.wav,น้ำจะท่วมเหรอ!?,,,PENDING_MANUAL_GENERATION,,triangle-strategy
203,MS13_X24_A0_0020_M_M180_0040.wav,MS13_X24_A0_0020_M_M180_0040,203,203,203,204,ชาวเมือง,generic,male,MALE_ADULT_A,assets/triangle-strategy/approved_voice_references/MALE_ADULT_A.wav,เขื่อนแตกเหรอ!? แสดงว่าแรงสั่นสะเทือนมาจากกระแสน้ำน่ะสิ!,,,PENDING_MANUAL_GENERATION,,triangle-strategy
204,MS13_X24_A0_0020_M_M322_0010.wav,MS13_X24_A0_0020_M_M322_0010,204,204,204,205,ชาวเมือง,generic,male,MALE_ADULT_A,assets/triangle-strategy/approved_voice_references/MALE_ADULT_A.wav,หทารไฮแซนต์!,,,PENDING_MANUAL_GENERATION,,triangle-strategy
205,MS13_X24_A0_0020_M_M322_0020.wav,MS13_X24_A0_0020_M_M322_0020,205,205,205,206,ชาวเมือง,generic,male,MALE_ADULT_A,assets/triangle-strategy/approved_voice_references/MALE_ADULT_A.wav,วิ่ง! กระแสน้ำกำลังพัดมาแล้ว!,,,PENDING_MANUAL_GENERATION,,triangle-strategy
206,MS13_X24_A0_1010_M_EGS_0010.wav,MS13_X24_A0_1010_M_EGS_0010,206,206,206,207,Exharme,npc,male,exharme,assets/triangle-strategy/approved_voice_references/exharme.wav,เพลิงสีม่วงลอยขึ้นเหนือทะเลสาบแล้วสินะ กระแสน้ำกำลังมาแล้วล่ะ,,,PENDING_MANUAL_GENERATION,,triangle-strategy
207,MS13_X24_A0_1010_M_EGS_0020.wav,MS13_X24_A0_1010_M_EGS_0020,207,207,207,208,Exharme,npc,male,exharme,assets/triangle-strategy/approved_voice_references/exharme.wav,ฮ่าๆๆ แต่พวกเราไม่มีวันพ่ายแพ้พวกเขาแน่นอน! เอาล่ะ ไปนครหลวงกันเถอะ!,,,PENDING_MANUAL_GENERATION,,triangle-strategy
208,MS13_X24_A0_1010_M_KNS_0010.wav,MS13_X24_A0_1010_M_KNS_0010,208,208,208,209,แคมเซลล์,npc,male,kamsell,,ตามคาดเลย,,,BLOCKED_PENDING_REFERENCE_AUDIO,,triangle-strategy
209,MS13_X24_A0_1010_M_KNS_0020.wav,MS13_X24_A0_1010_M_KNS_0020,209,209,209,210,แคมเซลล์,npc,male,kamsell,,เห็นแบบนี้วูล์ฟฟอร์ตก็แอบร้ายเหมือนกันนะเนี่ย,,,BLOCKED_PENDING_REFERENCE_AUDIO,,triangle-strategy
210,MS13_X24_A0_1010_M_KNS_0030.wav,MS13_X24_A0_1010_M_KNS_0030,210,210,210,211,แคมเซลล์,npc,male,kamsell,,น่ากลัวจริงๆ,,,BLOCKED_PENDING_REFERENCE_AUDIO,,triangle-strategy
211,MS13_X24_A1_0010_F_FRE_0020.wav,MS13_X24_A1_0010_F_FRE_0020,212,212,212,213,Frederica,main,female,frederica,assets/triangle-strategy/approved_voice_references/frederica.wav,งั้นเหรอ...,,,PENDING_MANUAL_GENERATION,,triangle-strategy
212,MS13_X24_A1_0010_F_FRE_0030.wav,MS13_X24_A1_0010_F_FRE_0030,213,213,213,214,Frederica,main,female,frederica,assets/triangle-strategy/approved_voice_references/frederica.wav,อืม...,,,PENDING_MANUAL_GENERATION,,triangle-strategy
213,MS13_X24_A1_0010_F_FRE_0040.wav,MS13_X24_A1_0010_F_FRE_0040,214,214,214,215,Frederica,main,female,frederica,assets/triangle-strategy/approved_voice_references/frederica.wav,จะดีเหรอ?,,,PENDING_MANUAL_GENERATION,,triangle-strategy
214,MS13_X24_A1_0010_F_FRE_0050.wav,MS13_X24_A1_0010_F_FRE_0050,215,215,215,216,Frederica,main,female,frederica,assets/triangle-strategy/approved_voice_references/frederica.wav,...ได้เลย,,,PENDING_MANUAL_GENERATION,,triangle-strategy
215,MS13_X24_A1_0010_M_BND_0010.wav,MS13_X24_A1_0010_M_BND_0010,216,216,216,217,Benedict,main,male,benedict,assets/triangle-strategy/approved_voice_references/benedict.wav,ท่านหญิงเดสตร้า ตอนนี้เราได้เปรียบแล้วขอรับ,,,PENDING_MANUAL_GENERATION,,triangle-strategy
216,MS13_X24_A1_0010_M_BND_0020.wav,MS13_X24_A1_0010_M_BND_0020,217,217,217,218,Benedict,main,male,benedict,assets/triangle-strategy/approved_voice_references/benedict.wav,แม้เส้นทางจะยากลำบาก แต่ความพากเพียรของลอร์ดเซเรโนอา...ทำให้เขาเป็นผู้นำที่ดี,,,PENDING_MANUAL_GENERATION,,triangle-strategy
217,MS13_X24_A1_0010_M_BND_0030.wav,MS13_X24_A1_0010_M_BND_0030,218,218,218,219,Benedict,main,male,benedict,assets/triangle-strategy/approved_voice_references/benedict.wav,เมื่อใดที่เรายึดนครหลวง...และฟื้นฟูอาณาจักรอันรุ่งโรจน์ของเราสำเร็จอีกครั้ง เราจะได้พบสันติเสียที,,,PENDING_MANUAL_GENERATION,,triangle-strategy
218,MS13_X24_A1_0010_M_BND_0040.wav,MS13_X24_A1_0010_M_BND_0040,219,219,219,220,Benedict,main,male,benedict,assets/triangle-strategy/approved_voice_references/benedict.wav,หน้าที่ของข้าใกล้สิ้นสุดลงแล้ว โปรดช่วยให้วูล์ฟฟอร์ตประสบความสำเร็จด้วยเถิด,,,PENDING_MANUAL_GENERATION,,triangle-strategy
219,MS13_X24_A1_0010_M_BND_0050.wav,MS13_X24_A1_0010_M_BND_0050,220,220,220,221,Benedict,main,male,benedict,assets/triangle-strategy/approved_voice_references/benedict.wav,มีอะไรขอรับ นายท่าน?,,,PENDING_MANUAL_GENERATION,,triangle-strategy
220,MS13_X24_A1_0010_M_BND_0060.wav,MS13_X24_A1_0010_M_BND_0060,221,221,221,222,Benedict,main,male,benedict,assets/triangle-strategy/approved_voice_references/benedict.wav,เรื่องเสบียงสินะ เช่นนั้นข้าขอตัวก่อน,,,PENDING_MANUAL_GENERATION,,triangle-strategy
221,MS13_X24_A1_0010_M_SEL_0010.wav,MS13_X24_A1_0010_M_SEL_0010,222,222,222,223,Serenoa,main,male,serenoa,assets/triangle-strategy/approved_voice_references/serenoa.wav,ข้าตามหาท่านอยู่น่ะ พอดีทหารต้องการตัวขอรับ,,,PENDING_MANUAL_GENERATION,,triangle-strategy
222,MS13_X24_A1_0010_M_SEL_0020.wav,MS13_X24_A1_0010_M_SEL_0020,223,223,223,224,Serenoa,main,male,serenoa,assets/triangle-strategy/approved_voice_references/serenoa.wav,ที่นี่คือหลุมศพของแม่ข้าเอง,,,PENDING_MANUAL_GENERATION,,triangle-strategy
223,MS13_X24_A1_0010_M_SEL_0030.wav,MS13_X24_A1_0010_M_SEL_0030,224,224,224,225,Serenoa,main,male,serenoa,assets/triangle-strategy/approved_voice_references/serenoa.wav,เบเนดิกต์มาเยี่ยมนางอยู่บ่อยครั้ง...แทนลูกไม่เอาไหนอย่างข้า,,,PENDING_MANUAL_GENERATION,,triangle-strategy
224,MS13_X24_A1_0010_M_SEL_0040.wav,MS13_X24_A1_0010_M_SEL_0040,225,225,225,226,Serenoa,main,male,serenoa,assets/triangle-strategy/approved_voice_references/serenoa.wav,...เขาเป็นคนใจเย็น รวมถึงเรื่องอื่นก็ด้วยเช่นกัน,,,PENDING_MANUAL_GENERATION,,triangle-strategy
225,MS13_X24_A1_0010_M_SEL_0050.wav,MS13_X24_A1_0010_M_SEL_0050,226,226,226,227,Serenoa,main,male,serenoa,assets/triangle-strategy/approved_voice_references/serenoa.wav,เฟรเดอริก้า อยากมาเยี่ยมหลุมศพท่านแม่กับข้าไหม?,,,PENDING_MANUAL_GENERATION,,triangle-strategy
226,MS13_X24_A1_0010_M_SEL_0060.wav,MS13_X24_A1_0010_M_SEL_0060,227,227,227,228,Serenoa,main,male,serenoa,assets/triangle-strategy/approved_voice_references/serenoa.wav,ดีสิ,,,PENDING_MANUAL_GENERATION,,triangle-strategy
227,MS13_X24_A1_0020_F_FRE_0010.wav,MS13_X24_A1_0020_F_FRE_0010,228,228,228,229,Frederica,main,female,frederica,assets/triangle-strategy/approved_voice_references/frederica.wav,สงครามรุนแรงเหมือนครั้งก่อนเลย... รอบนี้จะเสียหายสักเท่าใดกันนะ?,,,PENDING_MANUAL_GENERATION,,triangle-strategy
228,MS13_X24_A1_0020_M_BND_0010.wav,MS13_X24_A1_0020_M_BND_0010,229,229,229,230,Benedict,main,male,benedict,assets/triangle-strategy/approved_voice_references/benedict.wav,ซึ่งเป็นเหตุผลที่เราต้องใช้กลยุทธ์เพื่อคว้าชัยชนะกลับมาขอรับ,,,PENDING_MANUAL_GENERATION,,triangle-strategy
229,MS13_X24_A1_0020_M_BND_0020.wav,MS13_X24_A1_0020_M_BND_0020,230,230,230,231,Benedict,main,male,benedict,assets/triangle-strategy/approved_voice_references/benedict.wav,ถ้างั้นเรามาลงรายละเอียดกันเลยขอรับ,,,PENDING_MANUAL_GENERATION,,triangle-strategy
230,MS13_X24_A1_0020_M_EGS_0010.wav,MS13_X24_A1_0020_M_EGS_0010,231,231,231,232,Exharme,npc,male,exharme,assets/triangle-strategy/approved_voice_references/exharme.wav,รัฐมนตรีเซเรโนอา นี่คือทหารทั้งหมดที่เราหามาเสริมทัพของท่าน,,,PENDING_MANUAL_GENERATION,,triangle-strategy
231,MS13_X24_A1_0020_M_EGS_0020.wav,MS13_X24_A1_0020_M_EGS_0020,232,232,232,233,Exharme,npc,male,exharme,assets/triangle-strategy/approved_voice_references/exharme.wav,เป็นเพราะท่านที่ดลใจพวกเขาต่างหาก กองทัพนี้ยิ่งใหญ่สุดในรอบสามสิบปีของไฮแซนต์เชียวนะ,,,PENDING_MANUAL_GENERATION,,triangle-strategy
232,MS13_X24_A1_0020_M_EGS_0030.wav,MS13_X24_A1_0020_M_EGS_0030,233,233,233,234,Exharme,npc,male,exharme,assets/triangle-strategy/approved_voice_references/exharme.wav,สงครามซอลท์ไอรอนรวมมิตรและศัตรูเป็นหนึ่งเดียวกัน ถึงตอนนั้นเราอาจชนะ แต่ตอนนี้ก็อย่าเพิ่งได้ใจไปเลย,,,PENDING_MANUAL_GENERATION,,triangle-strategy
233,MS13_X24_A1_0020_M_KNS_0010.wav,MS13_X24_A1_0020_M_KNS_0010,234,234,234,235,แคมเซลล์,npc,male,kamsell,,รัฐมนตรีเอกซ์เฮมอธิบายแผนให้ข้าฟังคร่าวๆแล้ว การประสานงานคือกุญแจสำคัญสู่ความสำเร็จของเรา,,,BLOCKED_PENDING_REFERENCE_AUDIO,,triangle-strategy
234,MS13_X24_A1_0020_M_SEL_0010.wav,MS13_X24_A1_0020_M_SEL_0010,235,235,235,236,Serenoa,main,male,serenoa,assets/triangle-strategy/approved_voice_references/serenoa.wav,ขอบคุณสำหรับกำลังเสริมขอรับ,,,PENDING_MANUAL_GENERATION,,triangle-strategy
235,MS13_X24_A1_1010_F_ANA_0010.wav,MS13_X24_A1_1010_F_ANA_0010,236,236,236,237,Anna,main,female,anna,assets/triangle-strategy/approved_voice_references/anna.wav,ที่อยู่อาศัยริมแม่น้ำต่างๆ นั้นเคยเป็นของพวกขุนนางและเหล่าเศรษฐีนักค้าขาย,,,PENDING_MANUAL_GENERATION,,triangle-strategy
236,MS13_X24_A1_1010_F_ANA_0020.wav,MS13_X24_A1_1010_F_ANA_0020,237,237,237,238,Anna,main,female,anna,assets/triangle-strategy/approved_voice_references/anna.wav,ซึ่งตอนนี้...พวกชนชั้นสูงและข้าราชการของเอสฟรอสต์ยึดครองไปหมดแล้ว,,,PENDING_MANUAL_GENERATION,,triangle-strategy
237,MS13_X24_A1_1010_F_MIR_0010.wav,MS13_X24_A1_1010_F_MIR_0010,239,239,239,240,ไมโล,npc,female,milo,,แน่นอนเจ้าค่ะ,,,BLOCKED_PENDING_REFERENCE_AUDIO,,triangle-strategy
238,MS13_X24_A1_1010_M_BND_0010.wav,MS13_X24_A1_1010_M_BND_0010,240,240,240,241,Benedict,main,male,benedict,assets/triangle-strategy/approved_voice_references/benedict.wav,ปราสาทไวท์โฮล์มซึ่งเป็นเป้าหมายของเรา...ถูกสร้างขึ้นท่ามกลางสันทรายแห่งแม่น้ำนอร์เซเลีย,,,PENDING_MANUAL_GENERATION,,triangle-strategy
239,MS13_X24_A1_1010_M_BND_0020.wav,MS13_X24_A1_1010_M_BND_0020,241,241,241,242,Benedict,main,male,benedict,assets/triangle-strategy/approved_voice_references/benedict.wav,ส่วนเมืองที่ถูกตีแผ่ขยายไปตามริมฝั่งแม่น้ำ เชื่อมกับปราสาทด้วยสะพานเพียงแห่งเดียว,,,PENDING_MANUAL_GENERATION,,triangle-strategy
240,MS13_X24_A1_1010_M_BND_0030.wav,MS13_X24_A1_1010_M_BND_0030,242,242,242,243,Benedict,main,male,benedict,assets/triangle-strategy/approved_voice_references/benedict.wav,ซึ่งอุปสรรคในการบุกโจมตีนั้นคือแม่น้ำและตัวเมืองขอรับ,,,PENDING_MANUAL_GENERATION,,triangle-strategy
241,MS13_X24_A1_1010_M_BND_0040.wav,MS13_X24_A1_1010_M_BND_0040,243,243,243,244,Benedict,main,male,benedict,assets/triangle-strategy/approved_voice_references/benedict.wav,ยังไงซะ...ตอนนี้กองกำลังเอสฟรอสต์คงเสริมการป้องกันไปเรียบร้อยแล้ว พวกเขาจะให้ทหารส่วนใหญ่มาเตรียมประจำการที่หน้าสะพาน,,,PENDING_MANUAL_GENERATION,,triangle-strategy
242,MS13_X24_A1_1010_M_BND_0050.wav,MS13_X24_A1_1010_M_BND_0050,244,244,244,245,Benedict,main,male,benedict,assets/triangle-strategy/approved_voice_references/benedict.wav,แต่เราจะใช้ภูมิประเทศให้เป็นประโยชน์ขอรับ เดิมทีแล้วแม่น้ำโดยรอบนี้มักเกิดน้ำท่วมเสมอ,,,PENDING_MANUAL_GENERATION,,triangle-strategy
243,MS13_X24_A1_1010_M_BND_0060.wav,MS13_X24_A1_1010_M_BND_0060,245,245,245,246,Benedict,main,male,benedict,assets/triangle-strategy/approved_voice_references/benedict.wav,หลายปีที่ผ่านมา กษัตริย์ของเราใช้เวลาพัฒนาแม่น้ำลำธารและสร้างเขื่อนเพื่อควบคุมระดับน้ำ,,,PENDING_MANUAL_GENERATION,,triangle-strategy
244,MS13_X24_A1_1010_M_BND_0070.wav,MS13_X24_A1_1010_M_BND_0070,246,246,246,247,Benedict,main,male,benedict,assets/triangle-strategy/approved_voice_references/benedict.wav,เราจะทำลายเขื่อนนั่นด้วยระเบิดเอลฟริคของท่านขอรับ,,,PENDING_MANUAL_GENERATION,,triangle-strategy
245,MS13_X24_A1_1010_M_BND_0080.wav,MS13_X24_A1_1010_M_BND_0080,247,247,247,248,Benedict,main,male,benedict,assets/triangle-strategy/approved_voice_references/benedict.wav,ถูกต้องขอรับ พวกเขาไม่สามารถคาดการณ์หรือรับมือกับแผนนี้ได้เลย รับรองว่าถูกพัดไปทั้งกองทัพแน่นอน,,,PENDING_MANUAL_GENERATION,,triangle-strategy
246,MS13_X24_A1_1010_M_BND_0090.wav,MS13_X24_A1_1010_M_BND_0090,248,248,248,249,Benedict,main,male,benedict,assets/triangle-strategy/approved_voice_references/benedict.wav,น่าจะลดจำนวนผู้เสียชีวิตในเกลนบรู๊คได้อยู่,,,PENDING_MANUAL_GENERATION,,triangle-strategy
247,MS13_X24_A1_1010_M_BND_0100.wav,MS13_X24_A1_1010_M_BND_0100,249,249,249,250,Benedict,main,male,benedict,assets/triangle-strategy/approved_voice_references/benedict.wav,เริ่มแรก พวกท่านทั้งสองต้องสร้างแรงกดดันให้นครหลวง ข้าต้องการให้พวกท่านดึงความสนใจของทหารเอสฟรอสต์,,,PENDING_MANUAL_GENERATION,,triangle-strategy
248,MS13_X24_A1_1010_M_BND_0110.wav,MS13_X24_A1_1010_M_BND_0110,250,250,250,251,Benedict,main,male,benedict,assets/triangle-strategy/approved_voice_references/benedict.wav,ส่วนพวกเราจะมุ่งหน้าไปติดตั้งคริสตัลระเบิดที่แคว้นเทลลิออร์ขอรับ,,,PENDING_MANUAL_GENERATION,,triangle-strategy
249,MS13_X24_A1_1010_M_EGS_0010.wav,MS13_X24_A1_1010_M_EGS_0010,251,251,251,252,Exharme,npc,male,exharme,assets/triangle-strategy/approved_voice_references/exharme.wav,ข้าถึงตกใจตอนที่ได้ข่าวเอสฟรอสต์บุกนครหลวงยังไงล่ะ,,,PENDING_MANUAL_GENERATION,,triangle-strategy
250,MS13_X24_A1_1010_M_EGS_0020.wav,MS13_X24_A1_1010_M_EGS_0020,252,252,252,253,Exharme,npc,male,exharme,assets/triangle-strategy/approved_voice_references/exharme.wav,ท่านช่างใจดีเหลือเกินนะ รัฐมนตรีแคมเซลล์,,,PENDING_MANUAL_GENERATION,,triangle-strategy
251,MS13_X24_A1_1010_M_EGS_0030.wav,MS13_X24_A1_1010_M_EGS_0030,253,253,253,254,Exharme,npc,male,exharme,assets/triangle-strategy/approved_voice_references/exharme.wav,...การทำเช่นนี้เป็นการสร้างหนี้บุญคุณใหญ่หลวง ให้ข้าช่วยท่านอีกแรงแล้วกัน,,,PENDING_MANUAL_GENERATION,,triangle-strategy
252,MS13_X24_A1_1010_M_EGS_0040.wav,MS13_X24_A1_1010_M_EGS_0040,254,254,254,255,Exharme,npc,male,exharme,assets/triangle-strategy/approved_voice_references/exharme.wav,ไมโล คริสตัลระเบิดนี่พังเขื่อนได้จริงๆใช่ไหม?,,,PENDING_MANUAL_GENERATION,,triangle-strategy
253,MS13_X24_A1_1010_M_EGS_0050.wav,MS13_X24_A1_1010_M_EGS_0050,255,255,255,256,Exharme,npc,male,exharme,assets/triangle-strategy/approved_voice_references/exharme.wav,เยี่ยมมาก ถ้างั้นก็ตกลงแผนกันตามนี้,,,PENDING_MANUAL_GENERATION,,triangle-strategy
254,MS13_X24_A1_1010_M_EGS_0060.wav,MS13_X24_A1_1010_M_EGS_0060,256,256,256,257,Exharme,npc,male,exharme,assets/triangle-strategy/approved_voice_references/exharme.wav,เข้าใจแล้ว ขอให้สงครามเข้าข้างเราด้วยเถิด,,,PENDING_MANUAL_GENERATION,,triangle-strategy
255,MS13_X24_A1_1010_M_KNS_0010.wav,MS13_X24_A1_1010_M_KNS_0010,257,257,257,258,แคมเซลล์,npc,male,kamsell,,หากอิงตามภูมิประเทศแล้ว นั่นคือหนทางเดียวของเราที่จะเข้าไปในปราสาทซึ่งเราไม่น่าทะลวงเข้าไปได้,,,BLOCKED_PENDING_REFERENCE_AUDIO,,triangle-strategy
256,MS13_X24_A1_1010_M_KNS_0020.wav,MS13_X24_A1_1010_M_KNS_0020,258,258,258,259,แคมเซลล์,npc,male,kamsell,,...มันจะเกิดเป็นกระแสน้ำที่พัดพาเมืองและทหารเอสฟรอสต์ให้จมอยู่ใต้บาดาลสินะ,,,BLOCKED_PENDING_REFERENCE_AUDIO,,triangle-strategy
257,MS13_X24_A1_1010_M_KNS_0030.wav,MS13_X24_A1_1010_M_KNS_0030,259,259,259,260,แคมเซลล์,npc,male,kamsell,,ประชาชนของเจ้าคงไม่ยอมแน่,,,BLOCKED_PENDING_REFERENCE_AUDIO,,triangle-strategy
258,MS13_X24_A1_1010_M_KNS_0040.wav,MS13_X24_A1_1010_M_KNS_0040,260,260,260,261,แคมเซลล์,npc,male,kamsell,,แต่สุดท้ายพวกเขาก็ตายอยู่ดีไม่ใช่เหรอ นี่ยังไม่รวมทะเลสาบที่เป็นแหล่งน้ำสำคัญแห่งอาณาจักรอีกนะ,,,BLOCKED_PENDING_REFERENCE_AUDIO,,triangle-strategy
259,MS13_X24_A1_1010_M_KNS_0050.wav,MS13_X24_A1_1010_M_KNS_0050,261,261,261,262,แคมเซลล์,npc,male,kamsell,,ความเกลียดชังเข้าไส้ของประชาชน คือราคาแห่งชัยชนะที่พวกท่านต้องจ่ายขอรับ,,,BLOCKED_PENDING_REFERENCE_AUDIO,,triangle-strategy
260,MS13_X24_A1_1010_M_KNS_0060.wav,MS13_X24_A1_1010_M_KNS_0060,262,262,262,263,แคมเซลล์,npc,male,kamsell,,ท่านมุ่งมั่นจริงๆ เอาล่ะ...เช่นนั้นข้าจะช่วยท่านเอง,,,BLOCKED_PENDING_REFERENCE_AUDIO,,triangle-strategy
261,MS13_X24_A1_1010_M_KNS_0070.wav,MS13_X24_A1_1010_M_KNS_0070,263,263,263,264,แคมเซลล์,npc,male,kamsell,,เมื่อท่านให้สัญญาณ พวกเราจะระดมพลเข้าเมืองเพื่ออพยพประชาชนให้ได้มากที่สุด,,,BLOCKED_PENDING_REFERENCE_AUDIO,,triangle-strategy
262,MS13_X24_A1_1010_M_RLN_0010.wav,MS13_X24_A1_1010_M_RLN_0010,264,264,264,265,Roland,main,male,roland,assets/triangle-strategy/approved_voice_references/roland.wav,พวกมันใช้ปฏิบัติการเหมืองแร่เป็นข้ออ้างในการตลบหลังพวกเราน่ะ,,,PENDING_MANUAL_GENERATION,,triangle-strategy
263,MS13_X24_A1_1010_M_SEL_0010.wav,MS13_X24_A1_1010_M_SEL_0010,265,265,265,266,Serenoa,main,male,serenoa,assets/triangle-strategy/approved_voice_references/serenoa.wav,เบเนดิกต์ รบกวนท่านช่วยทวนแผนการของเราอีกครั้งด้วย,,,PENDING_MANUAL_GENERATION,,triangle-strategy
264,MS13_X24_A1_1010_M_SEL_0020.wav,MS13_X24_A1_1010_M_SEL_0020,266,266,266,267,Serenoa,main,male,serenoa,assets/triangle-strategy/approved_voice_references/serenoa.wav,ข้ารู้ขอรับ และข้าจะรับความโกรธแค้นของพวกเขาไว้เอง,,,PENDING_MANUAL_GENERATION,,triangle-strategy
265,MS13_X24_A1_1010_M_SEL_0030.wav,MS13_X24_A1_1010_M_SEL_0030,267,267,267,268,Serenoa,main,male,serenoa,assets/triangle-strategy/approved_voice_references/serenoa.wav,ขอบคุณขอรับ,,,PENDING_MANUAL_GENERATION,,triangle-strategy
266,MS13_X24_A1_1010_M_SEL_0040.wav,MS13_X24_A1_1010_M_SEL_0040,268,268,268,269,Serenoa,main,male,serenoa,assets/triangle-strategy/approved_voice_references/serenoa.wav,มันจะระเบิดในพรุ่งนี้เช้า,,,PENDING_MANUAL_GENERATION,,triangle-strategy
267,MS13_X24_BATTLE_01_AFTER_F_MIR_0010.wav,MS13_X24_BATTLE_01_AFTER_F_MIR_0010,271,271,271,272,ไมโล,npc,female,milo,,อย่าเร่งสิเจ้าคะ มันเปราะบางมากเลยนะ...,,,BLOCKED_PENDING_REFERENCE_AUDIO,,triangle-strategy
268,MS13_X24_BATTLE_01_AFTER_F_MIR_0020.wav,MS13_X24_BATTLE_01_AFTER_F_MIR_0020,272,272,272,273,ไมโล,npc,female,milo,,...ใจเย็นก่อนนะเอลฟริคลูกแม่ ใกล้เวลาฉายแสงแล้วลูก,,,BLOCKED_PENDING_REFERENCE_AUDIO,,triangle-strategy
269,MS13_X24_BATTLE_01_AFTER_F_MIR_0030.wav,MS13_X24_BATTLE_01_AFTER_F_MIR_0030,273,273,273,274,ไมโล,npc,female,milo,,เสียงร้องดังสนั่นของลูก คือชัยชนะของแม่นะ...,,,BLOCKED_PENDING_REFERENCE_AUDIO,,triangle-strategy
270,MS13_X24_BATTLE_01_AFTER_F_MIR_0040.wav,MS13_X24_BATTLE_01_AFTER_F_MIR_0040,274,274,274,275,ไมโล,npc,female,milo,,...พร้อมแล้วเจ้าค่ะ ตามคำขอของท่าน,,,BLOCKED_PENDING_REFERENCE_AUDIO,,triangle-strategy
271,MS13_X24_BATTLE_01_AFTER_M_BND_0010.wav,MS13_X24_BATTLE_01_AFTER_M_BND_0010,275,275,275,276,Benedict,main,male,benedict,assets/triangle-strategy/approved_voice_references/benedict.wav,ไมโล คริสตัลพร้อมหรือยัง?,,,PENDING_MANUAL_GENERATION,,triangle-strategy
272,MS13_X24_BATTLE_01_AFTER_M_RLN_0010.wav,MS13_X24_BATTLE_01_AFTER_M_RLN_0010,277,277,277,278,Roland,main,male,roland,assets/triangle-strategy/approved_voice_references/roland.wav,...นานผิดคาดจริงๆ พระอาทิตย์กำลังขึ้นแล้วสินะ,,,PENDING_MANUAL_GENERATION,,triangle-strategy
273,MS13_X24_BATTLE_01_AFTER_M_SEL_0010.wav,MS13_X24_BATTLE_01_AFTER_M_SEL_0010,278,278,278,279,Serenoa,main,male,serenoa,assets/triangle-strategy/approved_voice_references/serenoa.wav,รีบไปกันเถอะ,,,PENDING_MANUAL_GENERATION,,triangle-strategy
274,MS13_X24_BATTLE_01_BEFORE_F_MIR_0010.wav,MS13_X24_BATTLE_01_BEFORE_F_MIR_0010,279,279,279,280,ไมโล,npc,female,milo,,รับทราบเจ้าค่ะ,,,BLOCKED_PENDING_REFERENCE_AUDIO,,triangle-strategy
275,MS13_X24_BATTLE_01_BEFORE_F_MIR_0020.wav,MS13_X24_BATTLE_01_BEFORE_F_MIR_0020,280,280,280,281,ไมโล,npc,female,milo,,ฮ่าๆ ภารกิจเสี่ยงตายยามราตรี...น่าตื่นเต้นจริงเชียว,,,BLOCKED_PENDING_REFERENCE_AUDIO,,triangle-strategy
276,MS13_X24_BATTLE_01_BEFORE_M_BND_0010.wav,MS13_X24_BATTLE_01_BEFORE_M_BND_0010,281,281,281,282,Benedict,main,male,benedict,assets/triangle-strategy/approved_voice_references/benedict.wav,เราจะไม่เปลี่ยนแผนขอรับ ยังไงพวกเราต้องลอบขึ้นไปติดระเบิดบนเขื่อนอยู่ดี,,,PENDING_MANUAL_GENERATION,,triangle-strategy
277,MS13_X24_BATTLE_01_BEFORE_M_BND_0020.wav,MS13_X24_BATTLE_01_BEFORE_M_BND_0020,282,282,282,283,Benedict,main,male,benedict,assets/triangle-strategy/approved_voice_references/benedict.wav,ใครก็ตามที่พบตัวเราต้องถูกกำจัดขอรับ อย่าทำให้เอสฟรอสต์ที่เมืองหลวงไหวตัวทัน,,,PENDING_MANUAL_GENERATION,,triangle-strategy
278,MS13_X24_BATTLE_01_BEFORE_M_M171_0010.wav,MS13_X24_BATTLE_01_BEFORE_M_M171_0010,283,283,283,284,ทหารเอสฟรอสต์,generic,male,MALE_ADULT_C,assets/triangle-strategy/approved_voice_references/MALE_ADULT_C.wav,...ข้าไม่เข้าใจ ทำไมท่านถูกลดตำแหน่งให้มาเฝ้าชายแดนล่ะขอรับ?,,,PENDING_MANUAL_GENERATION,,triangle-strategy
279,MS13_X24_BATTLE_01_BEFORE_M_M171_0020.wav,MS13_X24_BATTLE_01_BEFORE_M_M171_0020,284,284,284,285,ทหารเอสฟรอสต์,generic,male,MALE_ADULT_C,assets/triangle-strategy/approved_voice_references/MALE_ADULT_C.wav,การเปิดโปงสวาร็อคเป็นวีรกรรมอันน่ายกย่องมากเลยนะ!,,,PENDING_MANUAL_GENERATION,,triangle-strategy
280,MS13_X24_BATTLE_01_BEFORE_M_M171_0030.wav,MS13_X24_BATTLE_01_BEFORE_M_M171_0030,285,285,285,286,ทหารเอสฟรอสต์,generic,male,MALE_ADULT_C,assets/triangle-strategy/approved_voice_references/MALE_ADULT_C.wav,หมายความว่ายังไงขอรับ?,,,PENDING_MANUAL_GENERATION,,triangle-strategy
281,MS13_X24_BATTLE_01_BEFORE_M_M171_0040.wav,MS13_X24_BATTLE_01_BEFORE_M_M171_0040,286,286,286,287,ทหารเอสฟรอสต์,generic,male,MALE_ADULT_C,assets/triangle-strategy/approved_voice_references/MALE_ADULT_C.wav,แสดงว่าอาร์ชดยุกรอจังหวะเล่นงานสวาร็อคสินะขอรับ?,,,PENDING_MANUAL_GENERATION,,triangle-strategy
282,MS13_X24_BATTLE_01_BEFORE_M_RLN_0010.wav,MS13_X24_BATTLE_01_BEFORE_M_RLN_0010,287,287,287,288,Roland,main,male,roland,assets/triangle-strategy/approved_voice_references/roland.wav,แล้วถ้าเราถูกพบล่ะ?,,,PENDING_MANUAL_GENERATION,,triangle-strategy
283,MS13_X24_BATTLE_01_BEFORE_M_RLN_0020.wav,MS13_X24_BATTLE_01_BEFORE_M_RLN_0020,288,288,288,289,Roland,main,male,roland,assets/triangle-strategy/approved_voice_references/roland.wav,...เข้าใจแล้ว,,,PENDING_MANUAL_GENERATION,,triangle-strategy
284,MS13_X24_BATTLE_01_BEFORE_M_SEC_0010.wav,MS13_X24_BATTLE_01_BEFORE_M_SEC_0010,289,289,289,290,ซิคราส,npc,male,sycras,,ใจเย็นๆ นั่นแหละคือสาเหตุที่อาร์ชดยุกลดตำแหน่งข้า,,,BLOCKED_PENDING_REFERENCE_AUDIO,,triangle-strategy
285,MS13_X24_BATTLE_01_BEFORE_M_SEC_0020.wav,MS13_X24_BATTLE_01_BEFORE_M_SEC_0020,290,290,290,291,ซิคราส,npc,male,sycras,,ลองคิดดูสิ,,,BLOCKED_PENDING_REFERENCE_AUDIO,,triangle-strategy
286,MS13_X24_BATTLE_01_BEFORE_M_SEC_0030.wav,MS13_X24_BATTLE_01_BEFORE_M_SEC_0030,291,291,291,292,ซิคราส,npc,male,sycras,,ที่สวาร็อคต้องระแวงตลอดเวลาคงเป็นเพราะข้าที่ชอบสอดรู้สอดเห็น แต่ถ้าอาร์ชดยุกย้ายข้าออกจากเมืองหลวง...,,,BLOCKED_PENDING_REFERENCE_AUDIO,,triangle-strategy
287,MS13_X24_BATTLE_01_BEFORE_M_SEC_0040.wav,MS13_X24_BATTLE_01_BEFORE_M_SEC_0040,292,292,292,293,ซิคราส,npc,male,sycras,,เมื่อกี้ข้าเดาเฉยๆ ข้าไม่รู้หรอกว่าอาร์ชดยุกคิดอะไรอยู่,,,BLOCKED_PENDING_REFERENCE_AUDIO,,triangle-strategy
288,MS13_X24_BATTLE_01_BEFORE_M_SEC_0050.wav,MS13_X24_BATTLE_01_BEFORE_M_SEC_0050,293,293,293,294,ซิคราส,npc,male,sycras,,ตอนนี้หน้าที่ปกป้องชายแดนของเราสำคัญที่สุด ช่วยตั้งใจทำภารกิจก่อนเถอะนะ,,,BLOCKED_PENDING_REFERENCE_AUDIO,,triangle-strategy
289,MS13_X24_BATTLE_01_BEFORE_M_SEL_0010.wav,MS13_X24_BATTLE_01_BEFORE_M_SEL_0010,294,294,294,295,Serenoa,main,male,serenoa,assets/triangle-strategy/approved_voice_references/serenoa.wav,ไมโล พวกเราฝากคริสตัลระเบิดด้วยนะ,,,PENDING_MANUAL_GENERATION,,triangle-strategy
290,MS13_X24_BATTLE_01_BEFORE_M_SEL_0020.wav,MS13_X24_BATTLE_01_BEFORE_M_SEL_0020,295,295,295,296,Serenoa,main,male,serenoa,assets/triangle-strategy/approved_voice_references/serenoa.wav,ไปกันเร็ว ต้องไปให้ถึงก่อนพระอาทิตย์ขึ้น,,,PENDING_MANUAL_GENERATION,,triangle-strategy
291,MS13_X24_BATTLE_01_DRAMA_F_MIR_0010.wav,MS13_X24_BATTLE_01_DRAMA_F_MIR_0010,296,296,296,297,ไมโล,npc,female,milo,,ไม่อยากโดนจับได้เลย ท่านมีคำแนะนำบ้างไหม?,,,BLOCKED_PENDING_REFERENCE_AUDIO,,triangle-strategy
292,MS13_X24_BATTLE_01_DRAMA_F_MIR_0020.wav,MS13_X24_BATTLE_01_DRAMA_F_MIR_0020,297,297,297,298,ไมโล,npc,female,milo,,แฝงตัวในเงามืดสินะ,,,BLOCKED_PENDING_REFERENCE_AUDIO,,triangle-strategy
293,MS13_X24_BATTLE_01_DRAMA_F_MIR_0030.wav,MS13_X24_BATTLE_01_DRAMA_F_MIR_0030,298,298,298,299,ไมโล,npc,female,milo,,คนซื่อสัตย์เช่นนี้ หากได้นอนกับท่านคงจะวิเศษน่าดู... ฮ่าๆๆ,,,BLOCKED_PENDING_REFERENCE_AUDIO,,triangle-strategy
294,MS13_X24_BATTLE_01_DRAMA_F_MIR_0040.wav,MS13_X24_BATTLE_01_DRAMA_F_MIR_0040,299,299,299,300,ไมโล,npc,female,milo,,โอย... ไม่ใช่เวลาเล่นพิเรนทร์แล้วนะ ข้าจะตายที่นี่เหรอเนี่ย?,,,BLOCKED_PENDING_REFERENCE_AUDIO,,triangle-strategy
295,MS13_X24_BATTLE_01_DRAMA_M_MS13X24B01M01_0010.wav,MS13_X24_BATTLE_01_DRAMA_M_MS13X24B01M01_0010,300,300,300,301,ทหาร,generic,male,MALE_ADULT_A,assets/triangle-strategy/approved_voice_references/MALE_ADULT_A.wav,มีผู้บุกรุก! ขอกำลังเสริมด่วน!,,,PENDING_MANUAL_GENERATION,,triangle-strategy
296,MS13_X24_BATTLE_01_DRAMA_M_MS13X24B01M01_0020.wav,MS13_X24_BATTLE_01_DRAMA_M_MS13X24B01M01_0020,301,301,301,302,ทหาร,generic,male,MALE_ADULT_A,assets/triangle-strategy/approved_voice_references/MALE_ADULT_A.wav,มีคนอยู่ที่นี่! ส่งสัญญาณเลย!,,,PENDING_MANUAL_GENERATION,,triangle-strategy
297,MS13_X24_BATTLE_01_DRAMA_M_MS13X24B01M01_0030.wav,MS13_X24_BATTLE_01_DRAMA_M_MS13X24B01M01_0030,302,302,302,303,ทหาร,generic,male,MALE_ADULT_A,assets/triangle-strategy/approved_voice_references/MALE_ADULT_A.wav,ใครน่ะ? ...น่าจะลมพัดล่ะมั้ง,,,PENDING_MANUAL_GENERATION,,triangle-strategy
298,MS13_X24_BATTLE_01_DRAMA_M_MS13X24B01M02_0010.wav,MS13_X24_BATTLE_01_DRAMA_M_MS13X24B01M02_0010,303,303,303,304,ทหาร,generic,male,MALE_YOUNG_B,assets/triangle-strategy/approved_voice_references/MALE_YOUNG_B.wav,ข้าพบผู้บุกรุก! ทางนี้!,,,PENDING_MANUAL_GENERATION,,triangle-strategy
299,MS13_X24_BATTLE_01_DRAMA_M_MS13X24B01M02_0020.wav,MS13_X24_BATTLE_01_DRAMA_M_MS13X24B01M02_0020,304,304,304,305,ทหาร,generic,male,MALE_YOUNG_B,assets/triangle-strategy/approved_voice_references/MALE_YOUNG_B.wav,เมื่อกี้เหมือนเห็นเงาแว๊บๆ...,,,PENDING_MANUAL_GENERATION,,triangle-strategy
300,MS13_X24_BATTLE_01_DRAMA_M_MS13X24B01M03_0010.wav,MS13_X24_BATTLE_01_DRAMA_M_MS13X24B01M03_0010,305,305,305,306,ทหาร,generic,male,MALE_ADULT_C,assets/triangle-strategy/approved_voice_references/MALE_ADULT_C.wav,มีคนลอบเร้นงั้นเหรอ!? แจ้งนายพลซิคราสเดี๋ยวนี้!,,,PENDING_MANUAL_GENERATION,,triangle-strategy
301,MS13_X24_BATTLE_01_DRAMA_M_MS13X24B01M03_0020.wav,MS13_X24_BATTLE_01_DRAMA_M_MS13X24B01M03_0020,306,306,306,307,ทหาร,generic,male,MALE_ADULT_C,assets/triangle-strategy/approved_voice_references/MALE_ADULT_C.wav,หือ? ใครงั้นเหรอ?,,,PENDING_MANUAL_GENERATION,,triangle-strategy
302,MS13_X24_BATTLE_01_DRAMA_M_SEC_0010.wav,MS13_X24_BATTLE_01_DRAMA_M_SEC_0010,307,307,307,308,ซิคราส,npc,male,sycras,,สัญญาณเตือน... ผู้บุกรุกเหรอ!? เสริมการป้องกันเดี๋ยวนี้!,,,BLOCKED_PENDING_REFERENCE_AUDIO,,triangle-strategy
303,MS13_X24_BATTLE_01_DRAMA_M_SEC_0020.wav,MS13_X24_BATTLE_01_DRAMA_M_SEC_0020,308,308,308,309,ซิคราส,npc,male,sycras,,คืนนี้เงียบสงบเสียจริง ก็ดีแล้วที่ไม่มีปัญหาอะไร...,,,BLOCKED_PENDING_REFERENCE_AUDIO,,triangle-strategy
304,MS13_X24_BATTLE_01_DRAMA_M_SEC_0025.wav,MS13_X24_BATTLE_01_DRAMA_M_SEC_0025,309,309,309,310,ซิคราส,npc,male,sycras,,ผู้บุกรุกเหรอ!? อยู่ไหน!?,,,BLOCKED_PENDING_REFERENCE_AUDIO,,triangle-strategy
305,MS13_X24_BATTLE_01_DRAMA_M_SEC_0030.wav,MS13_X24_BATTLE_01_DRAMA_M_SEC_0030,310,310,310,311,ซิคราส,npc,male,sycras,,หน้าไม่อายจริงๆ! ข้าจะแฉแผนการของเจ้าให้หมด!,,,BLOCKED_PENDING_REFERENCE_AUDIO,,triangle-strategy
306,MS13_X24_BATTLE_01_DRAMA_M_SEC_0040.wav,MS13_X24_BATTLE_01_DRAMA_M_SEC_0040,311,311,311,312,ซิคราส,npc,male,sycras,,ท่านเป็นคนของวูล์ฟฟอร์ตไม่ใช่เหรอ? มาทำอะไรที่นี่เนี่ย?,,,BLOCKED_PENDING_REFERENCE_AUDIO,,triangle-strategy
307,MS13_X24_BATTLE_01_DRAMA_M_SEC_0050.wav,MS13_X24_BATTLE_01_DRAMA_M_SEC_0050,312,312,312,313,ซิคราส,npc,male,sycras,,หนอย! แพ้ผู้บุกรุกซะได้...,,,BLOCKED_PENDING_REFERENCE_AUDIO,,triangle-strategy
308,MS13_X24_BATTLE_01_DRAMA_M_SEL_0010.wav,MS13_X24_BATTLE_01_DRAMA_M_SEL_0010,313,313,313,314,Serenoa,main,male,serenoa,assets/triangle-strategy/approved_voice_references/serenoa.wav,ถ้าจะพังเขื่อนก็ต้องยึดหอสังเกตการณ์,,,PENDING_MANUAL_GENERATION,,triangle-strategy
309,MS13_X24_BATTLE_01_DRAMA_M_SEL_0020.wav,MS13_X24_BATTLE_01_DRAMA_M_SEL_0020,314,314,314,315,Serenoa,main,male,serenoa,assets/triangle-strategy/approved_voice_references/serenoa.wav,อยู่ให้ห่างเสาไฟ หากเราถูกพบ...พวกเขาล้อมเราแน่,,,PENDING_MANUAL_GENERATION,,triangle-strategy
310,MS13_X24_BATTLE_01_DRAMA_M_SEL_0030.wav,MS13_X24_BATTLE_01_DRAMA_M_SEL_0030,315,315,315,316,Serenoa,main,male,serenoa,assets/triangle-strategy/approved_voice_references/serenoa.wav,มุ่งหน้าสู่หอสังเกตการณ์กันเถอะทุกคน,,,PENDING_MANUAL_GENERATION,,triangle-strategy
311,MS13_X24_BATTLE_01_DRAMA_M_SEL_0040.wav,MS13_X24_BATTLE_01_DRAMA_M_SEL_0040,316,316,316,317,Serenoa,main,male,serenoa,assets/triangle-strategy/approved_voice_references/serenoa.wav,เดี๋ยวก็รู้... หลีกทางซะ ไม่งั้นข้าฟันเจ้าทิ้งแน่!,,,PENDING_MANUAL_GENERATION,,triangle-strategy
312,MS13_X24_RESEARCH_01_AFTER_M_BND_0010.wav,MS13_X24_RESEARCH_01_AFTER_M_BND_0010,317,317,317,318,Benedict,main,male,benedict,assets/triangle-strategy/approved_voice_references/benedict.wav,แต่พวกเขายังไม่รู้แผนการของเราขอรับ ดำเนินต่อได้เลย,,,PENDING_MANUAL_GENERATION,,triangle-strategy
313,MS13_X24_RESEARCH_01_AFTER_M_M170_0010.wav,MS13_X24_RESEARCH_01_AFTER_M_M170_0010,318,318,318,319,เจ้าหน้าที่ชายแดน,generic,male,MALE_ADULT_B,assets/triangle-strategy/approved_voice_references/MALE_ADULT_B.wav,สวัสดีท่านนายพล ขอเสียมารยาทนะขอรับ...แต่ทำไมพวกเขาถึงต้องส่งท่านมาที่นี่ด้วยล่ะ?,,,PENDING_MANUAL_GENERATION,,triangle-strategy
314,MS13_X24_RESEARCH_01_AFTER_M_SEC_0010.wav,MS13_X24_RESEARCH_01_AFTER_M_SEC_0010,319,319,319,320,ซิคราส,npc,male,sycras,,นายพลซิคราส...รายงานตัว ทางเอสฟรอสต์มอบหมายให้ข้ามาเดินตรวจตราในละแวกนี้,,,BLOCKED_PENDING_REFERENCE_AUDIO,,triangle-strategy
315,MS13_X24_RESEARCH_01_AFTER_M_SEC_0020.wav,MS13_X24_RESEARCH_01_AFTER_M_SEC_0020,320,320,320,321,ซิคราส,npc,male,sycras,,ข้าไม่แน่ใจเหมือนกัน ข้าแค่ทำตามคำสั่งน่ะ,,,BLOCKED_PENDING_REFERENCE_AUDIO,,triangle-strategy
316,MS13_X24_RESEARCH_01_AFTER_M_SEL_0010.wav,MS13_X24_RESEARCH_01_AFTER_M_SEL_0010,321,321,321,322,Serenoa,main,male,serenoa,assets/triangle-strategy/approved_voice_references/serenoa.wav,นายพลมาเองเลยเหรอ... จะให้เขาเห็นพวกเราไม่ได้,,,PENDING_MANUAL_GENERATION,,triangle-strategy
317,MS13_X24_RESEARCH_01_AFTER_M_SEL_0020.wav,MS13_X24_RESEARCH_01_AFTER_M_SEL_0020,322,322,322,323,Serenoa,main,male,serenoa,assets/triangle-strategy/approved_voice_references/serenoa.wav,มีทหารคุ้มกันเยอะกว่าเดิมอีก,,,PENDING_MANUAL_GENERATION,,triangle-strategy
318,MS13_X24_RESEARCH_01_BEFORE_F_ANA_0010.wav,MS13_X24_RESEARCH_01_BEFORE_F_ANA_0010,323,323,323,324,Anna,main,female,anna,assets/triangle-strategy/approved_voice_references/anna.wav,ตะเกียงบนเสาไฟเหล่านั้นอาศัยพลังงานจากหินจรัสในการส่องแสง เราต้องนำหินพวกนั้นออกไปขอรับ,,,PENDING_MANUAL_GENERATION,,triangle-strategy
319,MS13_X24_RESEARCH_01_BEFORE_F_ANA_0020.wav,MS13_X24_RESEARCH_01_BEFORE_F_ANA_0020,324,324,324,325,Anna,main,female,anna,assets/triangle-strategy/approved_voice_references/anna.wav,เรียบร้อยเจ้าค่ะ,,,PENDING_MANUAL_GENERATION,,triangle-strategy
320,MS13_X24_RESEARCH_01_BEFORE_F_FRE_0010.wav,MS13_X24_RESEARCH_01_BEFORE_F_FRE_0010,325,325,325,326,Frederica,main,female,frederica,assets/triangle-strategy/approved_voice_references/frederica.wav,...ข้าว่าไม่หรอก,,,PENDING_MANUAL_GENERATION,,triangle-strategy
321,MS13_X24_RESEARCH_01_BEFORE_F_MIR_0010.wav,MS13_X24_RESEARCH_01_BEFORE_F_MIR_0010,326,326,326,327,ไมโล,npc,female,milo,,ลอร์ดไฟแรงของเราทำได้ถึงขนาดนี้...,,,BLOCKED_PENDING_REFERENCE_AUDIO,,triangle-strategy
322,MS13_X24_RESEARCH_01_BEFORE_F_MIR_0020.wav,MS13_X24_RESEARCH_01_BEFORE_F_MIR_0020,327,327,327,328,ไมโล,npc,female,milo,,ช่างน่าสนใจเหลือเกินนะเจ้าคะ,,,BLOCKED_PENDING_REFERENCE_AUDIO,,triangle-strategy
323,MS13_X24_RESEARCH_01_BEFORE_M_BND_0010.wav,MS13_X24_RESEARCH_01_BEFORE_M_BND_0010,328,328,328,329,Benedict,main,male,benedict,assets/triangle-strategy/approved_voice_references/benedict.wav,เพราะแบบนี้พวกเทลลิออร์ถึงเอาแต่เก็บตัวอยู่บนเขื่อนยังไงล่ะขอรับ,,,PENDING_MANUAL_GENERATION,,triangle-strategy
324,MS13_X24_RESEARCH_01_BEFORE_M_BND_0020.wav,MS13_X24_RESEARCH_01_BEFORE_M_BND_0020,329,329,329,330,Benedict,main,male,benedict,assets/triangle-strategy/approved_voice_references/benedict.wav,มีเรื่องให้ทำอยู่สองอย่างก่อนหน้านั้นขอรับ อย่างแรกคือหาที่ติดตั้งระเบิด,,,PENDING_MANUAL_GENERATION,,triangle-strategy
325,MS13_X24_RESEARCH_01_BEFORE_M_BND_0030.wav,MS13_X24_RESEARCH_01_BEFORE_M_BND_0030,330,330,330,331,Benedict,main,male,benedict,assets/triangle-strategy/approved_voice_references/benedict.wav,อย่างที่สองคือดับไฟข้างทาง,,,PENDING_MANUAL_GENERATION,,triangle-strategy
326,MS13_X24_RESEARCH_01_BEFORE_M_BND_0040.wav,MS13_X24_RESEARCH_01_BEFORE_M_BND_0040,331,331,331,332,Benedict,main,male,benedict,assets/triangle-strategy/approved_voice_references/benedict.wav,เอาล่ะแอนนา ชุดปลอมตัวของลอร์ดเซเรโนอาล่ะ?,,,PENDING_MANUAL_GENERATION,,triangle-strategy
327,MS13_X24_RESEARCH_01_BEFORE_M_RLN_0010.wav,MS13_X24_RESEARCH_01_BEFORE_M_RLN_0010,332,332,332,333,Roland,main,male,roland,assets/triangle-strategy/approved_voice_references/roland.wav,ทะเลสาบแห่งนี้ เป็นแหล่งกักเก็บน้ำสำคัญของอาณาจักรเรา,,,PENDING_MANUAL_GENERATION,,triangle-strategy
328,MS13_X24_RESEARCH_01_BEFORE_M_RLN_0020.wav,MS13_X24_RESEARCH_01_BEFORE_M_RLN_0020,333,333,333,334,Roland,main,male,roland,assets/triangle-strategy/approved_voice_references/roland.wav,ที่เหลือก็แค่รอติดตั้งระเบิดในตอนกลางคืนใช่ไหม?,,,PENDING_MANUAL_GENERATION,,triangle-strategy
329,MS13_X24_RESEARCH_01_BEFORE_M_SEL_0010.wav,MS13_X24_RESEARCH_01_BEFORE_M_SEL_0010,334,334,334,335,Serenoa,main,male,serenoa,assets/triangle-strategy/approved_voice_references/serenoa.wav,มีทหารเอสฟรอสต์ประจำการอยู่ที่นี่ไม่มาก ตามคำรายงานของฮิวเอทท์,,,PENDING_MANUAL_GENERATION,,triangle-strategy
330,MS13_X24_RESEARCH_01_BEFORE_M_SEL_0020.wav,MS13_X24_RESEARCH_01_BEFORE_M_SEL_0020,335,335,335,336,Serenoa,main,male,serenoa,assets/triangle-strategy/approved_voice_references/serenoa.wav,ท่านหมายถึงเสาไฟพวกนั้นน่ะเหรอ,,,PENDING_MANUAL_GENERATION,,triangle-strategy
331,MS13_X24_RESEARCH_01_BEFORE_M_SEL_0030.wav,MS13_X24_RESEARCH_01_BEFORE_M_SEL_0030,336,336,336,337,Serenoa,main,male,serenoa,assets/triangle-strategy/approved_voice_references/serenoa.wav,ถ้างั้นเราจะแยกกันเป็นสองทีม เบเนดิกต์กับไมโล...ข้าฝากท่านจัดการเรื่องระเบิดด้วยนะ,,,PENDING_MANUAL_GENERATION,,triangle-strategy
332,MS13_X24_RESEARCH_01_BEFORE_M_SEL_0040.wav,MS13_X24_RESEARCH_01_BEFORE_M_SEL_0040,337,337,337,338,Serenoa,main,male,serenoa,assets/triangle-strategy/approved_voice_references/serenoa.wav,ส่วนข้าจะจัดการเรื่องเสาไฟให้เอง,,,PENDING_MANUAL_GENERATION,,triangle-strategy
333,MS13_X24_WD_0010_N_NNN_0010.wav,MS13_X24_WD_0010_N_NNN_0010,338,338,338,339,Narrator,narrator,female,narrator,assets/triangle-strategy/approved_voice_references/narrator.wav,เหล่าวูล์ฟฟอร์ตและไฮแซนต์...ร่วมมือกันวางแผนทวงคืนนครหลวงแห่งเกลนบรู๊ค,,,PENDING_MANUAL_GENERATION,,triangle-strategy
334,MS13_X24_WD_0010_N_NNN_0020.wav,MS13_X24_WD_0010_N_NNN_0020,339,339,339,340,Narrator,narrator,female,narrator,assets/triangle-strategy/approved_voice_references/narrator.wav,"แต่แม่น้ำนอร์เซเลียและทหารเอสฟรอสต์นั้น
เป็นอุปสรรคต่อการกอบกู้นครหลวงอย่างมาก",,,PENDING_MANUAL_GENERATION,,triangle-strategy
335,MS13_X24_WD_0010_N_NNN_0030.wav,MS13_X24_WD_0010_N_NNN_0030,340,340,340,341,Narrator,narrator,female,narrator,assets/triangle-strategy/approved_voice_references/narrator.wav,"เบเนดิกต์จึงใช้แผนระเบิดเขื่อนเพื่อจมนครหลวงอยู่ใต้บาดาล
อาศัยความโกลาหลในการเข้ายึดปราสาทไวท์โฮล์ม",,,PENDING_MANUAL_GENERATION,,triangle-strategy
336,MS13_X24_WD_0010_N_NNN_0040.wav,MS13_X24_WD_0010_N_NNN_0040,341,341,341,342,Narrator,narrator,female,narrator,assets/triangle-strategy/approved_voice_references/narrator.wav,เซเรโนอาและผองเพื่อนต่างรู้ดีว่านครหลวงต้องพังพินาศ แต่พวกเขาจะไม่เหลือใครให้พึ่งพิงเช่นกันหากศัตรูไม่ถูกกวาดล้างในคราเดียว,,,PENDING_MANUAL_GENERATION,,triangle-strategy
337,MS13_X24_WD_0010_N_NNN_0050.wav,MS13_X24_WD_0010_N_NNN_0050,342,342,342,343,Narrator,narrator,female,narrator,assets/triangle-strategy/approved_voice_references/narrator.wav,"เป็นครั้งแรกที่ทัพทหารไฮแซนต์อันเกรียงไกร
ร่วมสู้เคียงข้างวูล์ฟฟอร์ตนับตั้งแต่สมัยสงครามซอลท์ไอรอน",,,PENDING_MANUAL_GENERATION,,triangle-strategy
338,MS13_X24_WD_0015_N_NNN_0010.wav,MS13_X24_WD_0015_N_NNN_0010,343,343,343,344,Narrator,narrator,female,narrator,assets/triangle-strategy/approved_voice_references/narrator.wav,ไฮแซนต์และวูล์ฟฟอร์ตเริ่มปฏิบัติตามแผนที่วางไว้,,,PENDING_MANUAL_GENERATION,,triangle-strategy
339,MS13_X24_WD_0015_N_NNN_0020.wav,MS13_X24_WD_0015_N_NNN_0020,344,344,344,345,Narrator,narrator,female,narrator,assets/triangle-strategy/approved_voice_references/narrator.wav,ทัพไฮแซนต์เข้าล้อมนครหลวงแห่งเกลนบรู๊คเพื่อดึงความสนใจจากทัพเอสฟรอสต์,,,PENDING_MANUAL_GENERATION,,triangle-strategy
340,MS13_X24_WD_0015_N_NNN_0030.wav,MS13_X24_WD_0015_N_NNN_0030,345,345,345,346,Narrator,narrator,female,narrator,assets/triangle-strategy/approved_voice_references/narrator.wav,"ในขณะที่เซเรโนอาและผองเพื่อนกำลังลอบเร้น
มุ่งหน้าตามสายธารแห่งนอร์เซเลียด้วยเอลฟริคในกำมือ",,,PENDING_MANUAL_GENERATION,,triangle-strategy
341,MS13_X24_WD_0015_N_NNN_0040.wav,MS13_X24_WD_0015_N_NNN_0040,346,346,346,347,Narrator,narrator,female,narrator,assets/triangle-strategy/approved_voice_references/narrator.wav,แม้ว่าจะเสี่ยง แต่พวกเขาเชื่อว่าการระเบิดเขื่อนจะสร้างกระแสน้ำพัดพานครเบื้องล่างไปพร้อมกับทัพเอสฟรอสต์,,,PENDING_MANUAL_GENERATION,,triangle-strategy
342,MS13_X25_A0_0010_F_ABR_0010.wav,MS13_X25_A0_0010_F_ABR_0010,347,347,347,348,Avlora,npc,female,avlora,assets/triangle-strategy/approved_voice_references/avlora.wav,กองกำลังไฮแซนต์มาถึงปราสาทวูล์ฟฟอร์ตแล้ว อีกไม่ช้าพวกวูล์ฟฟอร์ตจะเริ่มลงมือเจ้าค่ะ,,,PENDING_MANUAL_GENERATION,,triangle-strategy
343,MS13_X25_A0_0010_F_ABR_0020.wav,MS13_X25_A0_0010_F_ABR_0020,348,348,348,349,Avlora,npc,female,avlora,assets/triangle-strategy/approved_voice_references/avlora.wav,องค์ราชินี ข้าแนะนำว่าอย่านับพวกเขาเป็นพันธมิตรเลยเจ้าค่ะ ลอร์ดเซเรโนอาเป็นพวกเดียวกับเจ็ดผู้ศักดิ์สิทธิ์แห่งไฮแซนต์แล้ว,,,PENDING_MANUAL_GENERATION,,triangle-strategy
344,MS13_X25_A0_0010_F_ABR_0030.wav,MS13_X25_A0_0010_F_ABR_0030,349,349,349,350,Avlora,npc,female,avlora,assets/triangle-strategy/approved_voice_references/avlora.wav,แถมพวกมันยังหันดาบเข้าหาราชวงศ์อีกด้วย,,,PENDING_MANUAL_GENERATION,,triangle-strategy
345,MS13_X25_A0_0010_F_ABR_0040.wav,MS13_X25_A0_0010_F_ABR_0040,350,350,350,351,Avlora,npc,female,avlora,assets/triangle-strategy/approved_voice_references/avlora.wav,พวกมันกระหายความยุติธรรม มือของพวกมันต้องแปดเปื้อนด้วยเลือดราชวงศ์ที่ไหลเวียนอยู่ในตัวท่าน,,,PENDING_MANUAL_GENERATION,,triangle-strategy
346,MS13_X25_A0_0010_F_ABR_0050.wav,MS13_X25_A0_0010_F_ABR_0050,351,351,351,352,Avlora,npc,female,avlora,assets/triangle-strategy/approved_voice_references/avlora.wav,เจ้าค่ะ แต่ท่านวางใจได้เลย,,,PENDING_MANUAL_GENERATION,,triangle-strategy
347,MS13_X25_A0_0010_F_ABR_0060.wav,MS13_X25_A0_0010_F_ABR_0060,352,352,352,353,Avlora,npc,female,avlora,assets/triangle-strategy/approved_voice_references/avlora.wav,ตราบใดที่ข้ายังคุ้มกันปราสาทนี้อยู่ พวกมันไม่มีวันบุกเข้ามาถึงข้างในนี้ได้หรอก,,,PENDING_MANUAL_GENERATION,,triangle-strategy
348,MS13_X25_A0_0010_F_ABR_0070.wav,MS13_X25_A0_0010_F_ABR_0070,353,353,353,354,Avlora,npc,female,avlora,assets/triangle-strategy/approved_voice_references/avlora.wav,แม้ศึกใกล้มาเยือน แต่ข้าจะปกป้องท่านเอง สบายใจได้เจ้าค่ะ,,,PENDING_MANUAL_GENERATION,,triangle-strategy
349,MS13_X25_A0_0010_F_CRD_0010.wav,MS13_X25_A0_0010_F_CRD_0010,354,354,354,355,Cordelia,npc,female,cordelia,assets/triangle-strategy/approved_voice_references/cordelia.wav,แสดงว่าพวกเขากำลังมาที่นี่สินะ,,,PENDING_MANUAL_GENERATION,,triangle-strategy
350,MS13_X25_A0_0010_F_CRD_0020.wav,MS13_X25_A0_0010_F_CRD_0020,355,355,355,356,Cordelia,npc,female,cordelia,assets/triangle-strategy/approved_voice_references/cordelia.wav,ไม่อยากเชื่อเลย ว่าพวกเขาจะกลับเข้ามาในนครหลวงอีก...,,,PENDING_MANUAL_GENERATION,,triangle-strategy
351,MS13_X25_A0_0010_F_CRD_0030.wav,MS13_X25_A0_0010_F_CRD_0030,356,356,356,357,Cordelia,npc,female,cordelia,assets/triangle-strategy/approved_voice_references/cordelia.wav,เจ้าคิดว่าพวกนั้นจะทำให้ข้ากลายเป็นหุ่นเชิดอีกงั้นเหรอ?,,,PENDING_MANUAL_GENERATION,,triangle-strategy
352,MS13_X25_A0_0010_F_CRD_0040.wav,MS13_X25_A0_0010_F_CRD_0040,357,357,357,358,Cordelia,npc,female,cordelia,assets/triangle-strategy/approved_voice_references/cordelia.wav,อืม...,,,PENDING_MANUAL_GENERATION,,triangle-strategy
353,MS13_X25_A0_0010_F_CRD_0050.wav,MS13_X25_A0_0010_F_CRD_0050,358,358,358,359,Cordelia,npc,female,cordelia,assets/triangle-strategy/approved_voice_references/cordelia.wav,ที่อัฟโลร่าพูดมาก็ถูก,,,PENDING_MANUAL_GENERATION,,triangle-strategy
354,MS13_X25_A0_0010_F_CRD_0060.wav,MS13_X25_A0_0010_F_CRD_0060,359,359,359,360,Cordelia,npc,female,cordelia,assets/triangle-strategy/approved_voice_references/cordelia.wav,แต่ข้ายังอยากเชื่อมั่นในตระกูลวูล์ฟฟอร์ตอยู่...,,,PENDING_MANUAL_GENERATION,,triangle-strategy
355,MS13_X25_A0_0010_F_CRD_0070.wav,MS13_X25_A0_0010_F_CRD_0070,360,360,360,361,Cordelia,npc,female,cordelia,assets/triangle-strategy/approved_voice_references/cordelia.wav,ท่านพี่ โปรดมอบความเข้มแข็งให้ข้าด้วยนะเจ้าคะ...,,,PENDING_MANUAL_GENERATION,,triangle-strategy
356,MS13_X25_A0_0020_F_ANA_0010.wav,MS13_X25_A0_0020_F_ANA_0010,361,361,361,362,Anna,main,female,anna,assets/triangle-strategy/approved_voice_references/anna.wav,มีเรือรบเทียบท่าอยู่ลำเดียวเองเหรอ? แบบนี้คริสตัลระเบิดคงเพียงพอต่อการทำลายและตัดขาดเส้นทางหลบหนีของพวกเขาแล้วสินะ...,,,PENDING_MANUAL_GENERATION,,triangle-strategy
357,MS13_X25_A0_0020_F_ANA_0020.wav,MS13_X25_A0_0020_F_ANA_0020,362,362,362,363,Anna,main,female,anna,assets/triangle-strategy/approved_voice_references/anna.wav,แสดงว่ากุสตาดอล์ฟไม่อยู่ แต่อัฟโลร่า ธาลาส เอริก้า อยู่ที่นี่สินะ,,,PENDING_MANUAL_GENERATION,,triangle-strategy
358,MS13_X25_A0_0020_M_M182_0010.wav,MS13_X25_A0_0020_M_M182_0010,363,363,363,364,ทหารเอสฟรอสต์,generic,male,MALE_ADULT_B,assets/triangle-strategy/approved_voice_references/MALE_ADULT_B.wav,ได้ข่าวว่าไฮแซนต์ส่งกองทัพมายกใหญ่เชียว ขาดอาร์ชดยุกไปจะเป็นอะไรหรือเปล่านะ?,,,PENDING_MANUAL_GENERATION,,triangle-strategy
359,MS13_X25_A0_0020_M_M182_0020.wav,MS13_X25_A0_0020_M_M182_0020,364,364,364,365,ทหารเอสฟรอสต์,generic,male,MALE_ADULT_B,assets/triangle-strategy/approved_voice_references/MALE_ADULT_B.wav,กับนางข้าไม่ห่วงหรอก แต่ธาลาสกับเอริก้านี่สิ...,,,PENDING_MANUAL_GENERATION,,triangle-strategy
360,MS13_X25_A0_0020_M_M183_0010.wav,MS13_X25_A0_0020_M_M183_0010,365,365,365,366,ทหารเอสฟรอสต์,generic,male,MALE_ADULT_C,assets/triangle-strategy/approved_voice_references/MALE_ADULT_C.wav,จะกังวลทำไม มีผู้บัญชาการอัฟโลร่าอยู่ทั้งคน,,,PENDING_MANUAL_GENERATION,,triangle-strategy
361,MS13_X25_A0_0020_M_M183_0020.wav,MS13_X25_A0_0020_M_M183_0020,366,366,366,367,ทหารเอสฟรอสต์,generic,male,MALE_ADULT_C,assets/triangle-strategy/approved_voice_references/MALE_ADULT_C.wav,ชู่ววว เบาเสียงหน่อย!,,,PENDING_MANUAL_GENERATION,,triangle-strategy
362,MS13_X25_A0_0020_M_M183_0030.wav,MS13_X25_A0_0020_M_M183_0030,367,367,367,368,ทหารเอสฟรอสต์,generic,male,MALE_ADULT_C,assets/triangle-strategy/approved_voice_references/MALE_ADULT_C.wav,ปากเสียแบบนี้ ขืนใครได้ยินเข้ามีหวังโดนดีแน่,,,PENDING_MANUAL_GENERATION,,triangle-strategy
363,MS13_X25_A0_0030_M_BND_0010.wav,MS13_X25_A0_0030_M_BND_0010,368,368,368,369,Benedict,main,male,benedict,assets/triangle-strategy/approved_voice_references/benedict.wav,เราไปที่ท่าเรือก่อนดีกว่าขอรับ แอนนาบอกว่ามีเรือรบเพียงลำเดียวที่นั่น,,,PENDING_MANUAL_GENERATION,,triangle-strategy
364,MS13_X25_A0_0030_M_BND_0020.wav,MS13_X25_A0_0030_M_BND_0020,369,369,369,370,Benedict,main,male,benedict,assets/triangle-strategy/approved_voice_references/benedict.wav,เราสามารถใช้คริสตัลเพื่อระเบิดเรือ และปิดกั้นเส้นทางหนีของพวกเขาได้,,,PENDING_MANUAL_GENERATION,,triangle-strategy
365,MS13_X25_A0_0030_M_M184_0010.wav,MS13_X25_A0_0030_M_M184_0010,370,370,370,371,ผู้ส่งสาร,generic,male,MALE_YOUNG_A,assets/triangle-strategy/approved_voice_references/MALE_YOUNG_A.wav,กองทัพไฮแซนต์เคลื่อนพลแล้ว!,,,PENDING_MANUAL_GENERATION,,triangle-strategy
366,MS13_X25_A0_0030_M_M185_0010.wav,MS13_X25_A0_0030_M_M185_0010,371,371,371,372,ทหารเอสฟรอสต์,generic,male,MALE_ADULT_A,assets/triangle-strategy/approved_voice_references/MALE_ADULT_A.wav,พวกมันกำลังเดินทัพมายังนครหลวง! เข้าประจำการเดี๋ยวนี้!,,,PENDING_MANUAL_GENERATION,,triangle-strategy
367,MS13_X25_A0_0030_M_SEL_0010.wav,MS13_X25_A0_0030_M_SEL_0010,372,372,372,373,Serenoa,main,male,serenoa,assets/triangle-strategy/approved_voice_references/serenoa.wav,รัฐมนตรีเอกซ์เฮมดึงความสนใจได้ดีทีเดียว,,,PENDING_MANUAL_GENERATION,,triangle-strategy
368,MS13_X25_A0_0040_M_BND_0010.wav,MS13_X25_A0_0040_M_BND_0010,373,373,373,374,Benedict,main,male,benedict,assets/triangle-strategy/approved_voice_references/benedict.wav,รัฐมนตรีเอกซ์เฮมจะถอนกำลังทันทีที่เรือระเบิด,,,PENDING_MANUAL_GENERATION,,triangle-strategy
369,MS13_X25_A0_0040_M_BND_0020.wav,MS13_X25_A0_0040_M_BND_0020,374,374,374,375,Benedict,main,male,benedict,assets/triangle-strategy/approved_voice_references/benedict.wav,สมมุติว่าอัฟโลร่าออกไปรบ เดี๋ยวนางก็กลับปราสาทเอง,,,PENDING_MANUAL_GENERATION,,triangle-strategy
370,MS13_X25_A0_0040_M_BND_0030.wav,MS13_X25_A0_0040_M_BND_0030,375,375,375,376,Benedict,main,male,benedict,assets/triangle-strategy/approved_voice_references/benedict.wav,มีความเป็นไปได้ว่าศัตรูจะใช้ราชินีเป็นโล่กำบัง แล้วนางจะตกอยู่ในอันตราย,,,PENDING_MANUAL_GENERATION,,triangle-strategy
371,MS13_X25_A0_0040_M_BND_0040.wav,MS13_X25_A0_0040_M_BND_0040,376,376,376,377,Benedict,main,male,benedict,assets/triangle-strategy/approved_voice_references/benedict.wav,...ขอรับนายท่าน,,,PENDING_MANUAL_GENERATION,,triangle-strategy
372,MS13_X25_A0_0040_M_ELA_0010.wav,MS13_X25_A0_0040_M_ELA_0010,377,377,377,378,Erador,main,male,erador,assets/triangle-strategy/approved_voice_references/erador.wav,ตอนนี้ทหารเอสฟรอสต์ เหมือนว่าแผนของเราจะดำเนินไปอย่างราบรื่น,,,PENDING_MANUAL_GENERATION,,triangle-strategy
373,MS13_X25_A0_0040_M_RLN_0010.wav,MS13_X25_A0_0040_M_RLN_0010,378,378,378,379,Roland,main,male,roland,assets/triangle-strategy/approved_voice_references/roland.wav,งั้นไปกำจัดนางกันเถอะ,,,PENDING_MANUAL_GENERATION,,triangle-strategy
374,MS13_X25_A0_0040_M_SEL_0010.wav,MS13_X25_A0_0040_M_SEL_0010,380,380,380,381,Serenoa,main,male,serenoa,assets/triangle-strategy/approved_voice_references/serenoa.wav,ราชินีคอร์เดเลียต้องอยู่กับอัฟโลร่าแน่นอน เราต้องช่วยนาง,,,PENDING_MANUAL_GENERATION,,triangle-strategy
375,MS13_X25_A0_0040_M_SEL_0020.wav,MS13_X25_A0_0040_M_SEL_0020,381,381,381,382,Serenoa,main,male,serenoa,assets/triangle-strategy/approved_voice_references/serenoa.wav,นั่นคือความเสี่ยงที่เราต้องรับมือ,,,PENDING_MANUAL_GENERATION,,triangle-strategy
376,MS13_X25_A1_0010_M_RLN_0010.wav,MS13_X25_A1_0010_M_RLN_0010,382,382,382,383,Roland,main,male,roland,assets/triangle-strategy/approved_voice_references/roland.wav,ว่ามาสิ,,,PENDING_MANUAL_GENERATION,,triangle-strategy
377,MS13_X25_A1_0010_M_RLN_0020.wav,MS13_X25_A1_0010_M_RLN_0020,383,383,383,384,Roland,main,male,roland,assets/triangle-strategy/approved_voice_references/roland.wav,ข้า...ไม่อยากทำให้นครหลวงเสียหายโดยใช่เหตุ และอยากจะล้างแค้นด้วยน้ำมือของข้าเองด้วย,,,PENDING_MANUAL_GENERATION,,triangle-strategy
378,MS13_X25_A1_0010_M_RLN_0040.wav,MS13_X25_A1_0010_M_RLN_0040,385,385,385,386,Roland,main,male,roland,assets/triangle-strategy/approved_voice_references/roland.wav,ข้า...ข้าแค่อยากช่วยคอร์เดเลียเท่านั้นเอง,,,PENDING_MANUAL_GENERATION,,triangle-strategy
379,MS13_X25_A1_0010_M_RLN_0050.wav,MS13_X25_A1_0010_M_RLN_0050,386,386,386,387,Roland,main,male,roland,assets/triangle-strategy/approved_voice_references/roland.wav,ขืนเราจู่โจมด้วยกองทัพเต็มกำลัง...คอร์เดเลียอาจพลอยบาดเจ็บไปด้วย แต่ถ้าเราลอบเข้าปราสาท เราอาจพานางหนีออกมาได้...,,,PENDING_MANUAL_GENERATION,,triangle-strategy
380,MS13_X25_A1_0010_M_RLN_0060.wav,MS13_X25_A1_0010_M_RLN_0060,387,387,387,388,Roland,main,male,roland,assets/triangle-strategy/approved_voice_references/roland.wav,ข้ารู้ว่านี่คือสงครามทวงคืนอาณาจักร... แต่ข้าไม่สามารถละทิ้งความเห็นแก่ตัวของข้าได้เลย...,,,PENDING_MANUAL_GENERATION,,triangle-strategy
381,MS13_X25_A1_0010_M_RLN_0070.wav,MS13_X25_A1_0010_M_RLN_0070,388,388,388,389,Roland,main,male,roland,assets/triangle-strategy/approved_voice_references/roland.wav,ช่างน่ารังเกียจเหลือเกินนะ ว่าไหม?,,,PENDING_MANUAL_GENERATION,,triangle-strategy
382,MS13_X25_A1_0010_M_RLN_0080.wav,MS13_X25_A1_0010_M_RLN_0080,389,389,389,390,Roland,main,male,roland,assets/triangle-strategy/approved_voice_references/roland.wav,สหายข้า... ขอบคุณมากๆเลยนะ,,,PENDING_MANUAL_GENERATION,,triangle-strategy
383,MS13_X25_A1_0010_M_SEL_0010.wav,MS13_X25_A1_0010_M_SEL_0010,390,390,390,391,Serenoa,main,male,serenoa,assets/triangle-strategy/approved_voice_references/serenoa.wav,องค์ชายโรแลนด์ขอรับ ข้ามีบางสิ่งที่อยากถามก่อนเริ่มภารกิจของเรา,,,PENDING_MANUAL_GENERATION,,triangle-strategy
384,MS13_X25_A1_0010_M_SEL_0020.wav,MS13_X25_A1_0010_M_SEL_0020,391,391,391,392,Serenoa,main,male,serenoa,assets/triangle-strategy/approved_voice_references/serenoa.wav,ทำไมท่านจึงอยากแทรกซึมเข้าปราสาทไวท์โฮล์มงั้นเหรอ?,,,PENDING_MANUAL_GENERATION,,triangle-strategy
385,MS13_X25_A1_0010_M_SEL_0030.wav,MS13_X25_A1_0010_M_SEL_0030,392,392,392,393,Serenoa,main,male,serenoa,assets/triangle-strategy/approved_voice_references/serenoa.wav,งั้นเหรอขอรับ?,,,PENDING_MANUAL_GENERATION,,triangle-strategy
386,MS13_X25_A1_0010_M_SEL_0040.wav,MS13_X25_A1_0010_M_SEL_0040,393,393,393,394,Serenoa,main,male,serenoa,assets/triangle-strategy/approved_voice_references/serenoa.wav,โรแลนด์... มีเรื่องอะไรก็เล่าให้ฟังได้นะ,,,PENDING_MANUAL_GENERATION,,triangle-strategy
387,MS13_X25_A1_0010_M_SEL_0050.wav,MS13_X25_A1_0010_M_SEL_0050,394,394,394,395,Serenoa,main,male,serenoa,assets/triangle-strategy/approved_voice_references/serenoa.wav,ข้าเข้าใจภาระของการเป็นผู้นำนะ หากเราข่มใจตัวเองได้ สุดท้ายทุกอย่างก็คงจะง่ายมากขึ้น...,,,PENDING_MANUAL_GENERATION,,triangle-strategy
388,MS13_X25_A1_0010_M_SEL_0060.wav,MS13_X25_A1_0010_M_SEL_0060,395,395,395,396,Serenoa,main,male,serenoa,assets/triangle-strategy/approved_voice_references/serenoa.wav,แต่ในฐานะผู้รับใช้... ไม่สิ ในฐานะสหายของท่านแล้ว ข้าไม่มีวันร่วมทางกับคนที่ไร้ความรู้สึกอย่างแน่นอน,,,PENDING_MANUAL_GENERATION,,triangle-strategy
389,MS13_X25_A1_0010_M_SEL_0070.wav,MS13_X25_A1_0010_M_SEL_0070,396,396,396,397,Serenoa,main,male,serenoa,assets/triangle-strategy/approved_voice_references/serenoa.wav,เราจะช่วยราชินีคอร์เดเลียด้วยกันขอรับ,,,PENDING_MANUAL_GENERATION,,triangle-strategy
390,MS13_X25_A1_1010_F_MIR_0010.wav,MS13_X25_A1_1010_F_MIR_0010,397,397,397,398,ไมโล,npc,female,milo,,เป็นแผนที่คดเคี้ยวยิ่งนัก ของชอบข้าเลย,,,BLOCKED_PENDING_REFERENCE_AUDIO,,triangle-strategy
391,MS13_X25_A1_1010_M_BND_0010.wav,MS13_X25_A1_1010_M_BND_0010,398,398,398,399,Benedict,main,male,benedict,assets/triangle-strategy/approved_voice_references/benedict.wav,ฝากพวกท่านทั้งสอง ช่วยดึงความสนใจเอสฟรอสต์ด้วยกองทัพของพวกท่านด้วยนะขอรับ,,,PENDING_MANUAL_GENERATION,,triangle-strategy
392,MS13_X25_A1_1010_M_EGS_0010.wav,MS13_X25_A1_1010_M_EGS_0010,399,399,399,400,Exharme,npc,male,exharme,assets/triangle-strategy/approved_voice_references/exharme.wav,รัฐมนตรีเซเรโนอา พวกเราเกณฑ์ทัพมาให้ท่านอย่างสุดความสามารถแล้ว,,,PENDING_MANUAL_GENERATION,,triangle-strategy
393,MS13_X25_A1_1010_M_EGS_0020.wav,MS13_X25_A1_1010_M_EGS_0020,400,400,400,401,Exharme,npc,male,exharme,assets/triangle-strategy/approved_voice_references/exharme.wav,ก็สมควรอยู่หรอก,,,PENDING_MANUAL_GENERATION,,triangle-strategy
394,MS13_X25_A1_1010_M_EGS_0030.wav,MS13_X25_A1_1010_M_EGS_0030,401,401,401,402,Exharme,npc,male,exharme,assets/triangle-strategy/approved_voice_references/exharme.wav,ไม่ได้เห็นกองทัพไฮแซนต์ยิ่งใหญ่ขนาดนี้มาสามสิบปีแล้วนะ,,,PENDING_MANUAL_GENERATION,,triangle-strategy
395,MS13_X25_A1_1010_M_EGS_0040.wav,MS13_X25_A1_1010_M_EGS_0040,402,402,402,403,Exharme,npc,male,exharme,assets/triangle-strategy/approved_voice_references/exharme.wav,แล้วท่านจะทำเช่นนั้นได้ยังไงกันล่ะ ท่านมีเส้นทางลับที่พวกเราไม่รู้งั้นเหรอ?,,,PENDING_MANUAL_GENERATION,,triangle-strategy
396,MS13_X25_A1_1010_M_EGS_0050.wav,MS13_X25_A1_1010_M_EGS_0050,403,403,403,404,Exharme,npc,male,exharme,assets/triangle-strategy/approved_voice_references/exharme.wav,เป็นกลยุทธ์ที่มีประสิทธิภาพอยู่นะขอรับ แต่ได้ข่าวว่ากุสตาดอล์ฟเดินทางกลับอาณาจักรของเขาไปแล้ว,,,PENDING_MANUAL_GENERATION,,triangle-strategy
397,MS13_X25_A1_1010_M_EGS_0060.wav,MS13_X25_A1_1010_M_EGS_0060,404,404,404,405,Exharme,npc,male,exharme,assets/triangle-strategy/approved_voice_references/exharme.wav,หากพวกเขาทั้งสามถูกกำจัด การชิงปราสาทจะง่ายขึ้นเป็นอย่างยิ่ง... ถ้างั้นก็ตามนี้แล้วกันขอรับ,,,PENDING_MANUAL_GENERATION,,triangle-strategy
398,MS13_X25_A1_1010_M_EGS_0070.wav,MS13_X25_A1_1010_M_EGS_0070,405,405,405,406,Exharme,npc,male,exharme,assets/triangle-strategy/approved_voice_references/exharme.wav,ได้เลย ขอให้พวกเราทุกคนโชคดี,,,PENDING_MANUAL_GENERATION,,triangle-strategy
399,MS13_X25_A1_1010_M_KNS_0010.wav,MS13_X25_A1_1010_M_KNS_0010,406,406,406,407,แคมเซลล์,npc,male,kamsell,,ท่านหมดห่วงได้เลย กองทัพมหึมาของเราบุกทะลวงได้สบายเลยล่ะ,,,BLOCKED_PENDING_REFERENCE_AUDIO,,triangle-strategy
400,MS13_X25_A1_1010_M_KNS_0020.wav,MS13_X25_A1_1010_M_KNS_0020,407,407,407,408,แคมเซลล์,npc,male,kamsell,,...แต่เหมือนว่าท่านจะมีแผนอื่นในหัวสินะ,,,BLOCKED_PENDING_REFERENCE_AUDIO,,triangle-strategy
401,MS13_X25_A1_1010_M_RLN_0010.wav,MS13_X25_A1_1010_M_RLN_0010,408,408,408,409,Roland,main,male,roland,assets/triangle-strategy/approved_voice_references/roland.wav,การแทรกซึมเข้าปราสาทไวท์โฮล์มและกำจัดหัวหน้าของพวกมัน จึงเป็นทางเลือกที่ดีกว่า,,,PENDING_MANUAL_GENERATION,,triangle-strategy
402,MS13_X25_A1_1010_M_RLN_0020.wav,MS13_X25_A1_1010_M_RLN_0020,409,409,409,410,Roland,main,male,roland,assets/triangle-strategy/approved_voice_references/roland.wav,ใช่แล้ว แบบเดียวกับที่เราเข้าปราสาทตอนที่นครหลวงล่มสลายยังไงล่ะ,,,PENDING_MANUAL_GENERATION,,triangle-strategy
403,MS13_X25_A1_1010_M_RLN_0030.wav,MS13_X25_A1_1010_M_RLN_0030,410,410,410,411,Roland,main,male,roland,assets/triangle-strategy/approved_voice_references/roland.wav,ถ้างั้นเราจะกำจัด นายกรัฐมนตรีธาลาสและเอริก้า รวมถึงอัฟโลร่าแทน,,,PENDING_MANUAL_GENERATION,,triangle-strategy
404,MS13_X25_A1_1010_M_RLN_0040.wav,MS13_X25_A1_1010_M_RLN_0040,411,411,411,412,Roland,main,male,roland,assets/triangle-strategy/approved_voice_references/roland.wav,ส่วนไมโลจะระเบิดเรือด้วยคริสตัล เพื่อปิดกั้นเส้นทางหนีของพวกมัน,,,PENDING_MANUAL_GENERATION,,triangle-strategy
405,MS13_X25_A1_1010_M_SEL_0010.wav,MS13_X25_A1_1010_M_SEL_0010,412,412,412,413,Serenoa,main,male,serenoa,assets/triangle-strategy/approved_voice_references/serenoa.wav,ขอบคุณสำหรับกำลังเสริมขอรับ,,,PENDING_MANUAL_GENERATION,,triangle-strategy
406,MS13_X25_A1_1010_M_SEL_0020.wav,MS13_X25_A1_1010_M_SEL_0020,413,413,413,414,Serenoa,main,male,serenoa,assets/triangle-strategy/approved_voice_references/serenoa.wav,ถูกต้องขอรับ ประชาชนและตัวเมืองจะเสียหายหากเราใช้ความรุนแรงบุกทะลวงเข้าไป,,,PENDING_MANUAL_GENERATION,,triangle-strategy
407,MS13_X25_A1_1010_M_SEL_0030.wav,MS13_X25_A1_1010_M_SEL_0030,414,414,414,415,Serenoa,main,male,serenoa,assets/triangle-strategy/approved_voice_references/serenoa.wav,ในขณะนั้น เราจะทำการแทรกซึมเข้าปราสาท,,,PENDING_MANUAL_GENERATION,,triangle-strategy
408,MS13_X25_BATTLE_01_AFTER_F_FRE_0010.wav,MS13_X25_BATTLE_01_AFTER_F_FRE_0010,415,415,415,416,Frederica,main,female,frederica,assets/triangle-strategy/approved_voice_references/frederica.wav,เอริก้า... ธาลาส...,,,PENDING_MANUAL_GENERATION,,triangle-strategy
409,MS13_X25_BATTLE_01_AFTER_F_FRE_0020.wav,MS13_X25_BATTLE_01_AFTER_F_FRE_0020,416,416,416,417,Frederica,main,female,frederica,assets/triangle-strategy/approved_voice_references/frederica.wav,เราเองก็ทำแบบนี้กับคนอื่นที่ขวางทางเราไม่ใช่เหรอเจ้าคะ?,,,PENDING_MANUAL_GENERATION,,triangle-strategy
410,MS13_X25_BATTLE_01_AFTER_F_FRE_0030.wav,MS13_X25_BATTLE_01_AFTER_F_FRE_0030,417,417,417,418,Frederica,main,female,frederica,assets/triangle-strategy/approved_voice_references/frederica.wav,ไม่มีทางอื่นแล้วจริงๆเหรอเนี่ย...,,,PENDING_MANUAL_GENERATION,,triangle-strategy
411,MS13_X25_BATTLE_01_AFTER_F_FRE_0040.wav,MS13_X25_BATTLE_01_AFTER_F_FRE_0040,418,418,418,419,Frederica,main,female,frederica,assets/triangle-strategy/approved_voice_references/frederica.wav,...เอริก้า ข้ารู้ว่าเจ้าไม่ชอบให้ข้าทำตัวอ่อนโยน เรื่องนั้นข้าขอโทษจริงๆ,,,PENDING_MANUAL_GENERATION,,triangle-strategy
412,MS13_X25_BATTLE_01_AFTER_F_FRE_0050.wav,MS13_X25_BATTLE_01_AFTER_F_FRE_0050,419,419,419,420,Frederica,main,female,frederica,assets/triangle-strategy/approved_voice_references/frederica.wav,ลาก่อนนะ...,,,PENDING_MANUAL_GENERATION,,triangle-strategy
413,MS13_X25_BATTLE_01_AFTER_F_MIR_0010.wav,MS13_X25_BATTLE_01_AFTER_F_MIR_0010,420,420,420,421,ไมโล,npc,female,milo,,จบเรื่องสักที ข้าจะได้ติดตั้งระเบิด,,,BLOCKED_PENDING_REFERENCE_AUDIO,,triangle-strategy
414,MS13_X25_BATTLE_01_AFTER_F_MIR_0020.wav,MS13_X25_BATTLE_01_AFTER_F_MIR_0020,421,421,421,422,ไมโล,npc,female,milo,,สุดท้ายเราชนะอยู่ดี มันไม่สำคัญหรอก,,,BLOCKED_PENDING_REFERENCE_AUDIO,,triangle-strategy
415,MS13_X25_BATTLE_01_AFTER_F_MIR_0030.wav,MS13_X25_BATTLE_01_AFTER_F_MIR_0030,422,422,422,423,ไมโล,npc,female,milo,,ตอนนี้ทุกอย่างพร้อมแล้ว รอคำสั่งอย่างเดียวเจ้าค่ะ,,,BLOCKED_PENDING_REFERENCE_AUDIO,,triangle-strategy
416,MS13_X25_BATTLE_01_AFTER_M_BND_0010.wav,MS13_X25_BATTLE_01_AFTER_M_BND_0010,423,423,423,424,Benedict,main,male,benedict,assets/triangle-strategy/approved_voice_references/benedict.wav,ถ้าเราไม่ปกป้องตัวเองก็คงถูกพวกเขาฆ่าไปแล้วขอรับ มันจำเป็นจริงๆ,,,PENDING_MANUAL_GENERATION,,triangle-strategy
417,MS13_X25_BATTLE_01_AFTER_M_BND_0020.wav,MS13_X25_BATTLE_01_AFTER_M_BND_0020,424,424,424,425,Benedict,main,male,benedict,assets/triangle-strategy/approved_voice_references/benedict.wav,จุดระเบิดคริสตัลเลย เราจะไล่ตามอัฟโลร่าระหว่างที่ศัตรูวุ่นวายอยู่กับระเบิด,,,PENDING_MANUAL_GENERATION,,triangle-strategy
418,MS13_X25_BATTLE_01_AFTER_M_RLN_0010.wav,MS13_X25_BATTLE_01_AFTER_M_RLN_0010,425,425,425,426,Roland,main,male,roland,assets/triangle-strategy/approved_voice_references/roland.wav,ถูกของเบเนดิกต์นะ พวกเขาสมควรโดนแล้วล่ะที่ทำกับคนอื่นเหมือนเป็นก้างขวางคอ,,,PENDING_MANUAL_GENERATION,,triangle-strategy
419,MS13_X25_BATTLE_01_AFTER_M_SEL_0010.wav,MS13_X25_BATTLE_01_AFTER_M_SEL_0010,427,427,427,428,Serenoa,main,male,serenoa,assets/triangle-strategy/approved_voice_references/serenoa.wav,...ถูกของเจ้า,,,PENDING_MANUAL_GENERATION,,triangle-strategy
420,MS13_X25_BATTLE_01_AFTER_M_SEL_0020.wav,MS13_X25_BATTLE_01_AFTER_M_SEL_0020,428,428,428,429,Serenoa,main,male,serenoa,assets/triangle-strategy/approved_voice_references/serenoa.wav,เอาเลย ไมโล,,,PENDING_MANUAL_GENERATION,,triangle-strategy
421,MS13_X25_BATTLE_01_BEFORE_F_FRE_0010.wav,MS13_X25_BATTLE_01_BEFORE_F_FRE_0010,429,429,429,430,Frederica,main,female,frederica,assets/triangle-strategy/approved_voice_references/frederica.wav,ธาลาส!,,,PENDING_MANUAL_GENERATION,,triangle-strategy
422,MS13_X25_BATTLE_01_BEFORE_M_BND_0010.wav,MS13_X25_BATTLE_01_BEFORE_M_BND_0010,430,430,430,431,Benedict,main,male,benedict,assets/triangle-strategy/approved_voice_references/benedict.wav,ใช่แล้วล่ะ หาทางเข้าไปติดตั้งระเบิดกันขอรับ,,,PENDING_MANUAL_GENERATION,,triangle-strategy
423,MS13_X25_BATTLE_01_BEFORE_M_M189_0010.wav,MS13_X25_BATTLE_01_BEFORE_M_M189_0010,431,431,431,432,ทหารเอสฟรอสต์,generic,male,MALE_YOUNG_B,assets/triangle-strategy/approved_voice_references/MALE_YOUNG_B.wav,ผู้บุกรุก! ส่งสัญญาณ!,,,PENDING_MANUAL_GENERATION,,triangle-strategy
424,MS13_X25_BATTLE_01_BEFORE_M_RLN_0010.wav,MS13_X25_BATTLE_01_BEFORE_M_RLN_0010,432,432,432,433,Roland,main,male,roland,assets/triangle-strategy/approved_voice_references/roland.wav,อ้าวนี่ไง นอกจากไม่ต้องตามตัวแล้วยังอุตส่าห์ใจดีมาหาเราถึงที่เลย คราวนี้จะได้ระเบิดเรือจมเขาลงทะเลไปพร้อมกันตามแผนสักที!,,,PENDING_MANUAL_GENERATION,,triangle-strategy
425,MS13_X25_BATTLE_01_BEFORE_M_SEL_0010.wav,MS13_X25_BATTLE_01_BEFORE_M_SEL_0010,433,433,433,434,Serenoa,main,male,serenoa,assets/triangle-strategy/approved_voice_references/serenoa.wav,บ้าจริง ประมาทไปหน่อย...,,,PENDING_MANUAL_GENERATION,,triangle-strategy
426,MS13_X25_BATTLE_01_BEFORE_M_TRS_0010.wav,MS13_X25_BATTLE_01_BEFORE_M_TRS_0010,434,434,434,435,Thalas,npc,male,thalas,assets/triangle-strategy/approved_voice_references/thalas.wav,ไอ้พวกวูล์ฟฟอร์ต! ฝ่าทหารของเรามาได้ยังไง!?,,,PENDING_MANUAL_GENERATION,,triangle-strategy
427,MS13_X25_BATTLE_01_BEFORE_M_TRS_0020.wav,MS13_X25_BATTLE_01_BEFORE_M_TRS_0020,435,435,435,436,Thalas,npc,male,thalas,assets/triangle-strategy/approved_voice_references/thalas.wav,เลือกอยู่ข้างพวกมันสินะเฟรเดอริก้า... หึ ฝีมือคอร์เดเลียใช่ไหม?,,,PENDING_MANUAL_GENERATION,,triangle-strategy
428,MS13_X25_BATTLE_01_BEFORE_M_TRS_0030.wav,MS13_X25_BATTLE_01_BEFORE_M_TRS_0030,436,436,436,437,Thalas,npc,male,thalas,assets/triangle-strategy/approved_voice_references/thalas.wav,กำจัดเจ้าได้เมื่อไหร่ นางโดนคิดบัญชีต่อแน่!,,,PENDING_MANUAL_GENERATION,,triangle-strategy
429,MS13_X25_BATTLE_01_DRAMA_F_ERK_0010.wav,MS13_X25_BATTLE_01_DRAMA_F_ERK_0010,437,437,437,438,Erika,npc,female,erika,assets/triangle-strategy/approved_voice_references/erika.wav,คิดจะสนุกคนเดียวโดยไม่มีข้างั้นเหรอ ธาลาส!,,,PENDING_MANUAL_GENERATION,,triangle-strategy
430,MS13_X25_BATTLE_01_DRAMA_F_ERK_0020.wav,MS13_X25_BATTLE_01_DRAMA_F_ERK_0020,438,438,438,439,Erika,npc,female,erika,assets/triangle-strategy/approved_voice_references/erika.wav,ฮ่าๆๆๆ ตายแล้วเหรอธาลาส? กระจอกชะมัด,,,PENDING_MANUAL_GENERATION,,triangle-strategy
431,MS13_X25_BATTLE_01_DRAMA_F_ERK_0030.wav,MS13_X25_BATTLE_01_DRAMA_F_ERK_0030,439,439,439,440,Erika,npc,female,erika,assets/triangle-strategy/approved_voice_references/erika.wav,แต่ข้าสมควรต้องจัดพิธีศพให้คนกระจอกเช่นนี้เหมือนกัน,,,PENDING_MANUAL_GENERATION,,triangle-strategy
432,MS13_X25_BATTLE_01_DRAMA_F_ERK_0040.wav,MS13_X25_BATTLE_01_DRAMA_F_ERK_0040,440,440,440,441,Erika,npc,female,erika,assets/triangle-strategy/approved_voice_references/erika.wav,แหมๆ เจ้าเองก็มาด้วยเหรอเฟรเดอริก้า? คนทรยศครอบครัวอย่างเจ้ากลับดูใจเย็นเหลือเกินนะ,,,PENDING_MANUAL_GENERATION,,triangle-strategy
433,MS13_X25_BATTLE_01_DRAMA_F_ERK_0050.wav,MS13_X25_BATTLE_01_DRAMA_F_ERK_0050,441,441,441,442,Erika,npc,female,erika,assets/triangle-strategy/approved_voice_references/erika.wav,ใครจะอยากนับกันล่ะ ก็เป็นของเล่นนี่เนอะ กลับไปร้องไห้งอแงเหมือนเดิมเถอะ,,,PENDING_MANUAL_GENERATION,,triangle-strategy
434,MS13_X25_BATTLE_01_DRAMA_F_ERK_0060.wav,MS13_X25_BATTLE_01_DRAMA_F_ERK_0060,442,442,442,443,Erika,npc,female,erika,assets/triangle-strategy/approved_voice_references/erika.wav,กล้าพูดกับข้าเช่นนี้ถือว่าปากดีมากนักนะ! ข้าไม่ไว้ชีวิตเจ้าแน่!,,,PENDING_MANUAL_GENERATION,,triangle-strategy
435,MS13_X25_BATTLE_01_DRAMA_F_ERK_0070.wav,MS13_X25_BATTLE_01_DRAMA_F_ERK_0070,443,443,443,444,Erika,npc,female,erika,assets/triangle-strategy/approved_voice_references/erika.wav,อ้าก! นี่มัน...ไม่จริงใช่ไหม...,,,PENDING_MANUAL_GENERATION,,triangle-strategy
436,MS13_X25_BATTLE_01_DRAMA_F_ERK_0080.wav,MS13_X25_BATTLE_01_DRAMA_F_ERK_0080,444,444,444,445,Erika,npc,female,erika,assets/triangle-strategy/approved_voice_references/erika.wav,ความอ่อนเยาว์เงางามของข้า...,,,PENDING_MANUAL_GENERATION,,triangle-strategy
437,MS13_X25_BATTLE_01_DRAMA_F_ERK_0090.wav,MS13_X25_BATTLE_01_DRAMA_F_ERK_0090,445,445,445,446,Erika,npc,female,erika,assets/triangle-strategy/approved_voice_references/erika.wav,ไม่จริง!,,,PENDING_MANUAL_GENERATION,,triangle-strategy
438,MS13_X25_BATTLE_01_DRAMA_F_ERK_0100.wav,MS13_X25_BATTLE_01_DRAMA_F_ERK_0100,446,446,446,447,Erika,npc,female,erika,assets/triangle-strategy/approved_voice_references/erika.wav,โอย... ทำไมข้าต้องตามเก็บตามเช็ดตลอดเลย ไอ้น้องบ้า!,,,PENDING_MANUAL_GENERATION,,triangle-strategy
439,MS13_X25_BATTLE_01_DRAMA_F_FRE_0010.wav,MS13_X25_BATTLE_01_DRAMA_F_FRE_0010,447,447,447,448,Frederica,main,female,frederica,assets/triangle-strategy/approved_voice_references/frederica.wav,เจ้าไม่เคยนับข้าเป็นคนในครอบครัวอยู่แล้ว!,,,PENDING_MANUAL_GENERATION,,triangle-strategy
440,MS13_X25_BATTLE_01_DRAMA_F_FRE_0020.wav,MS13_X25_BATTLE_01_DRAMA_F_FRE_0020,448,448,448,449,Frederica,main,female,frederica,assets/triangle-strategy/approved_voice_references/frederica.wav,ข้าไม่ได้งี่เง่าเหมือนแต่ก่อนแล้วนะ ต่อไปนี้ข้าจะไม่ทนกับความอยุติธรรม,,,PENDING_MANUAL_GENERATION,,triangle-strategy
441,MS13_X25_BATTLE_01_DRAMA_F_FRE_0030.wav,MS13_X25_BATTLE_01_DRAMA_F_FRE_0030,449,449,449,450,Frederica,main,female,frederica,assets/triangle-strategy/approved_voice_references/frederica.wav,ข้าจะไม่หลบซ่อนจากพวกเจ้าอีกแล้ว!,,,PENDING_MANUAL_GENERATION,,triangle-strategy
442,MS13_X25_BATTLE_01_DRAMA_F_FRE_0040.wav,MS13_X25_BATTLE_01_DRAMA_F_FRE_0040,450,450,450,451,Frederica,main,female,frederica,assets/triangle-strategy/approved_voice_references/frederica.wav,อยากจะคิดอะไรก็เชิญ แต่อย่ามาข่มขู่ให้ทุกคนตามใจแบบนี้!,,,PENDING_MANUAL_GENERATION,,triangle-strategy
443,MS13_X25_BATTLE_01_DRAMA_F_FRE_0050.wav,MS13_X25_BATTLE_01_DRAMA_F_FRE_0050,451,451,451,452,Frederica,main,female,frederica,assets/triangle-strategy/approved_voice_references/frederica.wav,ตอนนี้ข้าเข้าใจแล้ว... เจ้ามันก็แค่คนน่าสมเพชเวทนา ที่บังเอิญมาเกิดผิดที่ผิดเวลาก็เท่านั้น...,,,PENDING_MANUAL_GENERATION,,triangle-strategy
444,MS13_X25_BATTLE_01_DRAMA_F_FRE_0060.wav,MS13_X25_BATTLE_01_DRAMA_F_FRE_0060,452,452,452,453,Frederica,main,female,frederica,assets/triangle-strategy/approved_voice_references/frederica.wav,แต่จะไม่มีอีกต่อไปแล้ว มันต้องจบวันนี้!,,,PENDING_MANUAL_GENERATION,,triangle-strategy
445,MS13_X25_BATTLE_01_DRAMA_F_MIR_0010.wav,MS13_X25_BATTLE_01_DRAMA_F_MIR_0010,453,453,453,454,ไมโล,npc,female,milo,,นี่ข้าต้องเต้นยั่วทหารพร้อมกำลังเสริมทั้งกองทัพเลยไหม? เอาไงเจ้าคะ?,,,BLOCKED_PENDING_REFERENCE_AUDIO,,triangle-strategy
446,MS13_X25_BATTLE_01_DRAMA_F_MIR_0020.wav,MS13_X25_BATTLE_01_DRAMA_F_MIR_0020,454,454,454,455,ไมโล,npc,female,milo,,ชื่อเอริก้าหรือเปล่า?,,,BLOCKED_PENDING_REFERENCE_AUDIO,,triangle-strategy
447,MS13_X25_BATTLE_01_DRAMA_F_MIR_0030.wav,MS13_X25_BATTLE_01_DRAMA_F_MIR_0030,455,455,455,456,ไมโล,npc,female,milo,,อัปลักษณ์ทั้งกายและใจคงใช้ชีวิตลำบากน่าดู... คิคิ ให้ข้าได้ปลดปล่อยเจ้าเถอะนะ,,,BLOCKED_PENDING_REFERENCE_AUDIO,,triangle-strategy
448,MS13_X25_BATTLE_01_DRAMA_F_MIR_0040.wav,MS13_X25_BATTLE_01_DRAMA_F_MIR_0040,456,456,456,457,ไมโล,npc,female,milo,,เวรจริง... ข้าเผลอตัวไปหน่อย...,,,BLOCKED_PENDING_REFERENCE_AUDIO,,triangle-strategy
449,MS13_X25_BATTLE_01_DRAMA_M_SEL_0010.wav,MS13_X25_BATTLE_01_DRAMA_M_SEL_0010,457,457,457,458,Serenoa,main,male,serenoa,assets/triangle-strategy/approved_voice_references/serenoa.wav,เต้นไปก็ไม่ช่วยหรอก กำจัดพวกมันทิ้งพร้อมเรือให้หมดเลย!,,,PENDING_MANUAL_GENERATION,,triangle-strategy
450,MS13_X25_BATTLE_01_DRAMA_M_SEL_0020.wav,MS13_X25_BATTLE_01_DRAMA_M_SEL_0020,458,458,458,459,Serenoa,main,male,serenoa,assets/triangle-strategy/approved_voice_references/serenoa.wav,อยากจะพูดอะไรก็เชิญ แต่ความยุติธรรมนั้นอยู่ข้างเราเสมอ,,,PENDING_MANUAL_GENERATION,,triangle-strategy
451,MS13_X25_BATTLE_01_DRAMA_M_TRS_0010.wav,MS13_X25_BATTLE_01_DRAMA_M_TRS_0010,459,459,459,460,Thalas,npc,male,thalas,assets/triangle-strategy/approved_voice_references/thalas.wav,จับพวกมันซะ! จะได้เอาหัวของพวกมันไปถวายราชินีคอร์เดเลีย!,,,PENDING_MANUAL_GENERATION,,triangle-strategy
452,MS13_X25_BATTLE_01_DRAMA_M_TRS_0020.wav,MS13_X25_BATTLE_01_DRAMA_M_TRS_0020,460,460,460,461,Thalas,npc,male,thalas,assets/triangle-strategy/approved_voice_references/thalas.wav,เดี๋ยวเอริก้าก็มาถึงที่นี่แล้ว... แต่รางวัลนี้เป็นของข้าผู้เดียวเท่านั้น ข้าไม่ยอมให้ใครขโมยไปจากข้าหรอกนะ,,,PENDING_MANUAL_GENERATION,,triangle-strategy
453,MS13_X25_BATTLE_01_DRAMA_M_TRS_0030.wav,MS13_X25_BATTLE_01_DRAMA_M_TRS_0030,461,461,461,462,Thalas,npc,male,thalas,assets/triangle-strategy/approved_voice_references/thalas.wav,ชิ มาไวกว่าที่คิดไว้เสียอีก... ช่างเถอะ ยังไงก็แบ่งรางวัลกันได้อยู่แล้วเพราะพวกมันมากันเยอะขนาดนี้,,,PENDING_MANUAL_GENERATION,,triangle-strategy
454,MS13_X25_BATTLE_01_DRAMA_M_TRS_0040.wav,MS13_X25_BATTLE_01_DRAMA_M_TRS_0040,462,462,462,463,Thalas,npc,male,thalas,assets/triangle-strategy/approved_voice_references/thalas.wav,เป็นเด็กดีหน่อยสิ...สัตว์เลี้ยงที่รักของข้า สาบานตนต่อข้าซะ แล้วข้าจะไว้ชีวิตเจ้า,,,PENDING_MANUAL_GENERATION,,triangle-strategy
455,MS13_X25_BATTLE_01_DRAMA_M_TRS_0050.wav,MS13_X25_BATTLE_01_DRAMA_M_TRS_0050,463,463,463,464,Thalas,npc,male,thalas,assets/triangle-strategy/approved_voice_references/thalas.wav,อย่าบังอาจมาสั่งสอนข้า นังโรเซลล์จรจัด! มลทินแห่งเอสฟรอสต์ที่อย่างแก...ข้ายินดีชำระอย่างยิ่ง!,,,PENDING_MANUAL_GENERATION,,triangle-strategy
456,MS13_X25_BATTLE_01_DRAMA_M_TRS_0060.wav,MS13_X25_BATTLE_01_DRAMA_M_TRS_0060,464,464,464,465,Thalas,npc,male,thalas,assets/triangle-strategy/approved_voice_references/thalas.wav,เจ้ากลายเป็นสุนัขของไฮแซนต์ไปแล้วสินะ สงสัยคงอยากล้างแค้นให้เจ้านายใจจะขาด...,,,PENDING_MANUAL_GENERATION,,triangle-strategy
457,MS13_X25_BATTLE_01_DRAMA_M_TRS_0070.wav,MS13_X25_BATTLE_01_DRAMA_M_TRS_0070,465,465,465,466,Thalas,npc,male,thalas,assets/triangle-strategy/approved_voice_references/thalas.wav,จะตกต่ำไปถึงไหนกัน วูล์ฟฟอร์ต,,,PENDING_MANUAL_GENERATION,,triangle-strategy
458,MS13_X25_BATTLE_01_DRAMA_M_TRS_0080.wav,MS13_X25_BATTLE_01_DRAMA_M_TRS_0080,466,466,466,467,Thalas,npc,male,thalas,assets/triangle-strategy/approved_voice_references/thalas.wav,เอริก้า...ตายแล้วเหรอ?,,,PENDING_MANUAL_GENERATION,,triangle-strategy
459,MS13_X25_BATTLE_01_DRAMA_M_TRS_0090.wav,MS13_X25_BATTLE_01_DRAMA_M_TRS_0090,467,467,467,468,Thalas,npc,male,thalas,assets/triangle-strategy/approved_voice_references/thalas.wav,อ้ากกก! ทะ-ท่านพี่... ช่วยข้าด้วย...,,,PENDING_MANUAL_GENERATION,,triangle-strategy
460,MS13_X25_BATTLE_01_DRAMA_M_TRS_0100.wav,MS13_X25_BATTLE_01_DRAMA_M_TRS_0100,468,468,468,469,Thalas,npc,male,thalas,assets/triangle-strategy/approved_voice_references/thalas.wav,ข้า... จะให้เขาผิดหวังไม่ได้...,,,PENDING_MANUAL_GENERATION,,triangle-strategy
461,MS13_X25_BATTLE_01_DRAMA_M_TRS_0110.wav,MS13_X25_BATTLE_01_DRAMA_M_TRS_0110,469,469,469,470,Thalas,npc,male,thalas,assets/triangle-strategy/approved_voice_references/thalas.wav,โอย...,,,PENDING_MANUAL_GENERATION,,triangle-strategy
462,MS13_X25_RESEARCH_01_AFTER_M_M188_0010.wav,MS13_X25_RESEARCH_01_AFTER_M_M188_0010,470,470,470,471,ทหารเอสฟรอสต์,generic,male,MALE_ADULT_A,assets/triangle-strategy/approved_voice_references/MALE_ADULT_A.wav,เฮ้ย! ไอ้พ่อค้า!,,,PENDING_MANUAL_GENERATION,,triangle-strategy
463,MS13_X25_RESEARCH_01_AFTER_M_M188_0020.wav,MS13_X25_RESEARCH_01_AFTER_M_M188_0020,471,471,471,472,ทหารเอสฟรอสต์,generic,male,MALE_ADULT_A,assets/triangle-strategy/approved_voice_references/MALE_ADULT_A.wav,โทษทีนะ ข้าจะแจ้งหัวหน้าของข้าให้จ่ายค่าทำขวัญ...,,,PENDING_MANUAL_GENERATION,,triangle-strategy
464,MS13_X25_RESEARCH_01_AFTER_M_M188_0030.wav,MS13_X25_RESEARCH_01_AFTER_M_M188_0030,472,472,472,473,ทหารเอสฟรอสต์,generic,male,MALE_ADULT_A,assets/triangle-strategy/approved_voice_references/MALE_ADULT_A.wav,เดี๋ยวก่อน เจ้าเป็นใครกัน!?,,,PENDING_MANUAL_GENERATION,,triangle-strategy
465,MS13_X25_RESEARCH_01_AFTER_M_RLN_0010.wav,MS13_X25_RESEARCH_01_AFTER_M_RLN_0010,473,473,473,474,Roland,main,male,roland,assets/triangle-strategy/approved_voice_references/roland.wav,ที่เรือเป็นยังไงบ้าง?,,,PENDING_MANUAL_GENERATION,,triangle-strategy
466,MS13_X25_RESEARCH_01_AFTER_M_SEL_0010.wav,MS13_X25_RESEARCH_01_AFTER_M_SEL_0010,474,474,474,475,Serenoa,main,male,serenoa,assets/triangle-strategy/approved_voice_references/serenoa.wav,ตอนนี้เรารู้ตำแหน่งข้าศึกแล้ว เราต้องดึงความสนใจพวกเขาเพื่อให้ไมโลขึ้นไปติดตั้งระเบิดบนเรือ,,,PENDING_MANUAL_GENERATION,,triangle-strategy
467,MS13_X25_RESEARCH_01_AFTER_M_SEL_0020.wav,MS13_X25_RESEARCH_01_AFTER_M_SEL_0020,475,475,475,476,Serenoa,main,male,serenoa,assets/triangle-strategy/approved_voice_references/serenoa.wav,เวรแล้ว!,,,PENDING_MANUAL_GENERATION,,triangle-strategy
468,MS13_X25_RESEARCH_01_BEFORE_F_ANA_0010.wav,MS13_X25_RESEARCH_01_BEFORE_F_ANA_0010,476,476,476,477,Anna,main,female,anna,assets/triangle-strategy/approved_voice_references/anna.wav,เยี่ยม... ข้าจะได้ปลอมตัวเป็นแม่ค้าเพื่อค้นเรือ,,,PENDING_MANUAL_GENERATION,,triangle-strategy
469,MS13_X25_RESEARCH_01_BEFORE_F_ANA_0020.wav,MS13_X25_RESEARCH_01_BEFORE_F_ANA_0020,477,477,477,478,Anna,main,female,anna,assets/triangle-strategy/approved_voice_references/anna.wav,หลังจากที่รู้ตำแหน่งของทหารแล้ว เราจะพาไมโลขึ้นไปด้วย,,,PENDING_MANUAL_GENERATION,,triangle-strategy
470,MS13_X25_RESEARCH_01_BEFORE_F_MIR_0010.wav,MS13_X25_RESEARCH_01_BEFORE_F_MIR_0010,478,478,478,479,ไมโล,npc,female,milo,,ชายคนนี้จะเอาชนะทุกหนทางเลยงั้นเหรอ?,,,BLOCKED_PENDING_REFERENCE_AUDIO,,triangle-strategy
471,MS13_X25_RESEARCH_01_BEFORE_F_MIR_0020.wav,MS13_X25_RESEARCH_01_BEFORE_F_MIR_0020,479,479,479,480,ไมโล,npc,female,milo,,ช่าง...น่าหลงใหลเสียเหลือเกิน,,,BLOCKED_PENDING_REFERENCE_AUDIO,,triangle-strategy
472,MS13_X25_RESEARCH_01_BEFORE_M_BND_0010.wav,MS13_X25_RESEARCH_01_BEFORE_M_BND_0010,480,480,480,481,Benedict,main,male,benedict,assets/triangle-strategy/approved_voice_references/benedict.wav,อย่าเสี่ยงเลยขอรับนายท่าน,,,PENDING_MANUAL_GENERATION,,triangle-strategy
473,MS13_X25_RESEARCH_01_BEFORE_M_M186_0010.wav,MS13_X25_RESEARCH_01_BEFORE_M_M186_0010,481,481,481,482,ทหารเอสฟรอสต์,generic,male,MALE_ADULT_B,assets/triangle-strategy/approved_voice_references/MALE_ADULT_B.wav,พวกเขาสั่งให้เราขนงานศิลปะและเพชรพลอยจากพ่อค้าขึ้นเรืองั้นเหรอ!? นี่มันเรื่องบ้าอะไรกัน?,,,PENDING_MANUAL_GENERATION,,triangle-strategy
474,MS13_X25_RESEARCH_01_BEFORE_M_M186_0020.wav,MS13_X25_RESEARCH_01_BEFORE_M_M186_0020,482,482,482,483,ทหารเอสฟรอสต์,generic,male,MALE_ADULT_B,assets/triangle-strategy/approved_voice_references/MALE_ADULT_B.wav,หนอย... ก็ได้ นักค้าขายพวกนี้อยู่ไหนกัน,,,PENDING_MANUAL_GENERATION,,triangle-strategy
475,MS13_X25_RESEARCH_01_BEFORE_M_M187_0010.wav,MS13_X25_RESEARCH_01_BEFORE_M_M187_0010,483,483,483,484,ทหารเอสฟรอสต์,generic,male,MALE_ADULT_C,assets/triangle-strategy/approved_voice_references/MALE_ADULT_C.wav,คำสั่งจากท่านหญิงเอริก้าน่ะ คิดว่านางกำลังวางแผนหลบหนีเผื่อผิดแผน,,,PENDING_MANUAL_GENERATION,,triangle-strategy
476,MS13_X25_RESEARCH_01_BEFORE_M_M187_0020.wav,MS13_X25_RESEARCH_01_BEFORE_M_M187_0020,484,484,484,485,ทหารเอสฟรอสต์,generic,male,MALE_ADULT_C,assets/triangle-strategy/approved_voice_references/MALE_ADULT_C.wav,มันฟังดูตลกก็จริง แต่...ถ้าเกิดนางรู้เข้าว่าเราฝ่าฝืนคำสั่ง คิดว่าจะเกิดอะไรขึ้นล่ะ?,,,PENDING_MANUAL_GENERATION,,triangle-strategy
477,MS13_X25_RESEARCH_01_BEFORE_M_RLN_0010.wav,MS13_X25_RESEARCH_01_BEFORE_M_RLN_0010,485,485,485,486,Roland,main,male,roland,assets/triangle-strategy/approved_voice_references/roland.wav,แล้วข้าล่ะ?,,,PENDING_MANUAL_GENERATION,,triangle-strategy
478,MS13_X25_RESEARCH_01_BEFORE_M_RLN_0020.wav,MS13_X25_RESEARCH_01_BEFORE_M_RLN_0020,486,486,486,487,Roland,main,male,roland,assets/triangle-strategy/approved_voice_references/roland.wav,ข้า...เข้าใจแล้ว ถ้างั้นก็โชคดีนะ,,,PENDING_MANUAL_GENERATION,,triangle-strategy
479,MS13_X25_RESEARCH_01_BEFORE_M_SEL_0010.wav,MS13_X25_RESEARCH_01_BEFORE_M_SEL_0010,487,487,487,488,Serenoa,main,male,serenoa,assets/triangle-strategy/approved_voice_references/serenoa.wav,ทหารน้อยกว่าที่คิดแฮะ,,,PENDING_MANUAL_GENERATION,,triangle-strategy
480,MS13_X25_RESEARCH_01_BEFORE_M_SEL_0020.wav,MS13_X25_RESEARCH_01_BEFORE_M_SEL_0020,488,488,488,489,Serenoa,main,male,serenoa,assets/triangle-strategy/approved_voice_references/serenoa.wav,ข้าไปเอง พวกนั้นไม่สนใจข้าหรอก,,,PENDING_MANUAL_GENERATION,,triangle-strategy
481,MS13_X25_RESEARCH_01_BEFORE_M_SEL_0030.wav,MS13_X25_RESEARCH_01_BEFORE_M_SEL_0030,489,489,489,490,Serenoa,main,male,serenoa,assets/triangle-strategy/approved_voice_references/serenoa.wav,ท่านกับเอราดอร์แบกรับแรงกดดันมากพอแล้ว งานนี้ให้ข้าไปเอง,,,PENDING_MANUAL_GENERATION,,triangle-strategy
482,MS13_X25_RESEARCH_01_BEFORE_M_SEL_0040.wav,MS13_X25_RESEARCH_01_BEFORE_M_SEL_0040,490,490,490,491,Serenoa,main,male,serenoa,assets/triangle-strategy/approved_voice_references/serenoa.wav,ยังไม่ถึงช่วงที่ท่านออกโรงขอรับ,,,PENDING_MANUAL_GENERATION,,triangle-strategy
483,MS13_X25_RESEARCH_01_BEFORE_M_SEL_0050.wav,MS13_X25_RESEARCH_01_BEFORE_M_SEL_0050,491,491,491,492,Serenoa,main,male,serenoa,assets/triangle-strategy/approved_voice_references/serenoa.wav,ระหว่างนี้ไปหาที่ซ่อนกันก่อน เดี๋ยวค่อยมาเจอกันทีหลังนะทุกคน,,,PENDING_MANUAL_GENERATION,,triangle-strategy
484,MS13_X25_WD_0010_N_NNN_0010.wav,MS13_X25_WD_0010_N_NNN_0010,492,492,492,493,Narrator,narrator,female,narrator,assets/triangle-strategy/approved_voice_references/narrator.wav,เหล่าวูล์ฟฟอร์ตและไฮแซนต์...ร่วมมือกันวางแผนทวงคืนนครหลวงแห่งเกลนบรู๊ค,,,PENDING_MANUAL_GENERATION,,triangle-strategy
485,MS13_X25_WD_0010_N_NNN_0020.wav,MS13_X25_WD_0010_N_NNN_0020,493,493,493,494,Narrator,narrator,female,narrator,assets/triangle-strategy/approved_voice_references/narrator.wav,"แต่แม่น้ำนอร์เซเลียและทหารเอสฟรอสต์นั้น
เป็นอุปสรรคต่อการกอบกู้นครหลวงอย่างมาก",,,PENDING_MANUAL_GENERATION,,triangle-strategy
486,MS13_X25_WD_0010_N_NNN_0030.wav,MS13_X25_WD_0010_N_NNN_0030,494,494,494,495,Narrator,narrator,female,narrator,assets/triangle-strategy/approved_voice_references/narrator.wav,โรแลนด์เสนอให้แฝงตัวเข้าปราสาทไวท์โฮล์มเพื่อกำจัดหัวหน้าของพวกเขา,,,PENDING_MANUAL_GENERATION,,triangle-strategy
487,MS13_X25_WD_0010_N_NNN_0040.wav,MS13_X25_WD_0010_N_NNN_0040,495,495,495,496,Narrator,narrator,female,narrator,assets/triangle-strategy/approved_voice_references/narrator.wav,แม้ว่าต้องเสี่ยง...แต่มันก็คุ้มค่าหากศัตรูถูกกวาดล้างในคราเดียว เซเรโนอาและผองเพื่อนจึงตกลงในแผนการนี้,,,PENDING_MANUAL_GENERATION,,triangle-strategy
488,MS13_X25_WD_0010_N_NNN_0050.wav,MS13_X25_WD_0010_N_NNN_0050,496,496,496,497,Narrator,narrator,female,narrator,assets/triangle-strategy/approved_voice_references/narrator.wav,"เป็นครั้งแรกที่ทัพทหารไฮแซนต์อันเกรียงไกร
ร่วมสู้เคียงข้างวูล์ฟฟอร์ตนับตั้งแต่สมัยสงครามซอลท์ไอรอน",,,PENDING_MANUAL_GENERATION,,triangle-strategy
489,MS13_X25_WD_0020_N_NNN_0010.wav,MS13_X25_WD_0020_N_NNN_0010,497,497,497,498,Narrator,narrator,female,narrator,assets/triangle-strategy/approved_voice_references/narrator.wav,ไฮแซนต์และวูล์ฟฟอร์ตเริ่มปฏิบัติตามแผนที่วางไว้,,,PENDING_MANUAL_GENERATION,,triangle-strategy
490,MS13_X25_WD_0020_N_NNN_0020.wav,MS13_X25_WD_0020_N_NNN_0020,498,498,498,499,Narrator,narrator,female,narrator,assets/triangle-strategy/approved_voice_references/narrator.wav,ทัพไฮแซนต์เข้าล้อมนครหลวงแห่งเกลนบรู๊คเพื่อดึงความสนใจจากทัพเอสฟรอสต์,,,PENDING_MANUAL_GENERATION,,triangle-strategy
491,MS13_X25_WD_0020_N_NNN_0030.wav,MS13_X25_WD_0020_N_NNN_0030,499,499,499,500,Narrator,narrator,female,narrator,assets/triangle-strategy/approved_voice_references/narrator.wav,ในขณะเดียวกัน เซเรโนอาและผองเพื่อนลอบเร้นสู่ปราสาทไวท์โฮล์ม ด้วยเอลฟริคในกำมือ,,,PENDING_MANUAL_GENERATION,,triangle-strategy
492,MS13_X26_A0_0010_F_FRE_0010.wav,MS13_X26_A0_0010_F_FRE_0010,500,500,500,501,Frederica,main,female,frederica,assets/triangle-strategy/approved_voice_references/frederica.wav,งั้นเราไปต้อนรับพวกเขาอย่างอบอุ่นกันเถอะ,,,PENDING_MANUAL_GENERATION,,triangle-strategy
493,MS13_X26_A0_0010_F_FRE_0020.wav,MS13_X26_A0_0010_F_FRE_0020,501,501,501,502,Frederica,main,female,frederica,assets/triangle-strategy/approved_voice_references/frederica.wav,...ข้ารู้เรื่องนั้นดี,,,PENDING_MANUAL_GENERATION,,triangle-strategy
494,MS13_X26_A0_0010_F_FRE_0030.wav,MS13_X26_A0_0010_F_FRE_0030,502,502,502,503,Frederica,main,female,frederica,assets/triangle-strategy/approved_voice_references/frederica.wav,ไม่ต้องห่วง ข้าจะเอาชนะทุกคนที่ขวางทางข้า รวมถึงญาติพี่น้องตัวเองด้วย,,,PENDING_MANUAL_GENERATION,,triangle-strategy
495,MS13_X26_A0_0010_F_FRE_0040.wav,MS13_X26_A0_0010_F_FRE_0040,503,503,503,504,Frederica,main,female,frederica,assets/triangle-strategy/approved_voice_references/frederica.wav,เปล่าเลย เพื่อกอบกู้ตัวข้าเอง,,,PENDING_MANUAL_GENERATION,,triangle-strategy
496,MS13_X26_A0_0010_F_FRE_0050.wav,MS13_X26_A0_0010_F_FRE_0050,504,504,504,505,Frederica,main,female,frederica,assets/triangle-strategy/approved_voice_references/frederica.wav,และตระกูลวูล์ฟฟอร์ต,,,PENDING_MANUAL_GENERATION,,triangle-strategy
497,MS13_X26_A0_0010_F_YRA_0010.wav,MS13_X26_A0_0010_F_YRA_0010,505,505,505,506,Geela,main,female,geela,assets/triangle-strategy/approved_voice_references/geela.wav,กองทัพไฮแซนต์จะมาถึงในอีกไม่ช้าเจ้าค่ะ เฟรเดอริก้า,,,PENDING_MANUAL_GENERATION,,triangle-strategy
498,MS13_X26_A0_0010_F_YRA_0020.wav,MS13_X26_A0_0010_F_YRA_0020,506,506,506,507,Geela,main,female,geela,assets/triangle-strategy/approved_voice_references/geela.wav,ท่านหญิง...แน่ใจใช่ไหมเจ้าคะ ว่าต้องการเช่นนี้จริงๆ?,,,PENDING_MANUAL_GENERATION,,triangle-strategy
499,MS13_X26_A0_0010_F_YRA_0030.wav,MS13_X26_A0_0010_F_YRA_0030,507,507,507,508,Geela,main,female,geela,assets/triangle-strategy/approved_voice_references/geela.wav,เรากำลังเปิดศึกกับธาลาสและเอริก้า...  รวมถึงคนของท่านด้วยนะเจ้าคะ,,,PENDING_MANUAL_GENERATION,,triangle-strategy
500,MS13_X26_A0_0010_F_YRA_0040.wav,MS13_X26_A0_0010_F_YRA_0040,508,508,508,509,Geela,main,female,geela,assets/triangle-strategy/approved_voice_references/geela.wav,การที่ท่านรับรู้ ไม่ได้หมายความว่าท่านพร้อมเผชิญหน้า,,,PENDING_MANUAL_GENERATION,,triangle-strategy
501,MS13_X26_A0_0010_F_YRA_0050.wav,MS13_X26_A0_0010_F_YRA_0050,509,509,509,510,Geela,main,female,geela,assets/triangle-strategy/approved_voice_references/geela.wav,ความลังเลในสมรภูมิ...สามารถตัดสินชะตาของท่านได้นะเจ้าคะ,,,PENDING_MANUAL_GENERATION,,triangle-strategy
502,MS13_X26_A0_0010_F_YRA_0060.wav,MS13_X26_A0_0010_F_YRA_0060,510,510,510,511,Geela,main,female,geela,assets/triangle-strategy/approved_voice_references/geela.wav,เพื่อกอบกู้พวกเขาเหรอเจ้าคะ?,,,PENDING_MANUAL_GENERATION,,triangle-strategy
503,MS13_X26_A0_0020_F_FRE_0010.wav,MS13_X26_A0_0020_F_FRE_0010,511,511,511,512,Frederica,main,female,frederica,assets/triangle-strategy/approved_voice_references/frederica.wav,เอริก้า... ธาลาส... คงถึงเวลาที่ต้องสู้กับพวกเขาแล้วสินะ,,,PENDING_MANUAL_GENERATION,,triangle-strategy
504,MS13_X26_A0_0023_F_ERK_0010.wav,MS13_X26_A0_0023_F_ERK_0010,512,512,512,513,Erika,npc,female,erika,assets/triangle-strategy/approved_voice_references/erika.wav,ตายจริง พรุ่งนี้เจ้าจะถูกขายอยู่แล้ว...ไม่รู้สึกอะไรหน่อยเหรอ?,,,PENDING_MANUAL_GENERATION,,triangle-strategy
505,MS13_X26_A0_0023_F_ERK_0020.wav,MS13_X26_A0_0023_F_ERK_0020,513,513,513,514,Erika,npc,female,erika,assets/triangle-strategy/approved_voice_references/erika.wav,จ้าๆ,,,PENDING_MANUAL_GENERATION,,triangle-strategy
506,MS13_X26_A0_0023_F_ERK_0030.wav,MS13_X26_A0_0023_F_ERK_0030,514,514,514,515,Erika,npc,female,erika,assets/triangle-strategy/approved_voice_references/erika.wav,เจ้าวางแผนอ่อยพ่อหนุ่มวูล์ฟฟอร์ตคนนั้นไว้หรือยังนะ?,,,PENDING_MANUAL_GENERATION,,triangle-strategy
507,MS13_X26_A0_0023_F_ERK_0040.wav,MS13_X26_A0_0023_F_ERK_0040,515,515,515,516,Erika,npc,female,erika,assets/triangle-strategy/approved_voice_references/erika.wav,หรือจะใช้มารยาเช่นเดียวกับที่แม่ของเจ้าโปรยเสน่ห์ใส่ท่านพ่อกันล่ะ!,,,PENDING_MANUAL_GENERATION,,triangle-strategy
508,MS13_X26_A0_0023_F_ERK_0050.wav,MS13_X26_A0_0023_F_ERK_0050,516,516,516,517,Erika,npc,female,erika,assets/triangle-strategy/approved_voice_references/erika.wav,ฮ่า! แต่พี่รู้ตัวอยู่แล้วนี่ ถูกไหม?,,,PENDING_MANUAL_GENERATION,,triangle-strategy
509,MS13_X26_A0_0023_F_FRE_0010.wav,MS13_X26_A0_0023_F_FRE_0010,517,517,517,518,Frederica,main,female,frederica,assets/triangle-strategy/approved_voice_references/frederica.wav,ขายอะไรกัน? ทำไมเจ้าถึงเอางานวิวาห์ของข้ากับตระกูลวูล์ฟฟอร์ตมาเทียบกับการค้ามนุษย์ซะล่ะ?,,,PENDING_MANUAL_GENERATION,,triangle-strategy
510,MS13_X26_A0_0023_F_FRE_0020.wav,MS13_X26_A0_0023_F_FRE_0020,518,518,518,519,Frederica,main,female,frederica,assets/triangle-strategy/approved_voice_references/frederica.wav,ข้าจะเป็นสัญลักษณ์แห่งไมตรี ซึ่งเชื่อมอาณาจักรทั้งสองของเรา-,,,PENDING_MANUAL_GENERATION,,triangle-strategy
511,MS13_X26_A0_0023_M_TRS_0010.wav,MS13_X26_A0_0023_M_TRS_0010,522,522,522,523,Thalas,npc,male,thalas,assets/triangle-strategy/approved_voice_references/thalas.wav,เอริก้า เลิกชักจูงนางได้แล้ว เดี๋ยวนางก็ร้องไห้หรอก,,,PENDING_MANUAL_GENERATION,,triangle-strategy
512,MS13_X26_A0_0023_M_TRS_0020.wav,MS13_X26_A0_0023_M_TRS_0020,523,523,523,524,Thalas,npc,male,thalas,assets/triangle-strategy/approved_voice_references/thalas.wav,เฟรเดอริก้า บางทีพี่ไม่จำเป็นต้องทนให้ใครกลั่นแกล้งก็ได้นะ,,,PENDING_MANUAL_GENERATION,,triangle-strategy
513,MS13_X26_A0_0023_M_TRS_0030.wav,MS13_X26_A0_0023_M_TRS_0030,524,524,524,525,Thalas,npc,male,thalas,assets/triangle-strategy/approved_voice_references/thalas.wav,เอาเถอะ ท่านพี่อาจคิดว่าตัวเองมีงานสำคัญต้องทำ แต่จริงๆมันไม่ใช่อย่างที่คิดหรอก,,,PENDING_MANUAL_GENERATION,,triangle-strategy
514,MS13_X26_A0_0023_M_TRS_0040.wav,MS13_X26_A0_0023_M_TRS_0040,525,525,525,526,Thalas,npc,male,thalas,assets/triangle-strategy/approved_voice_references/thalas.wav,มันคือวิธีเดียวที่จะกำจัดพี่ออกไปเหมือนกับท่านแม่ยังไงล่ะ อยู่เอสฟรอสต์ไม่มีใครเอาพี่หรอก,,,PENDING_MANUAL_GENERATION,,triangle-strategy
515,MS13_X26_A0_0023_M_TRS_0050.wav,MS13_X26_A0_0023_M_TRS_0050,526,526,526,527,Thalas,npc,male,thalas,assets/triangle-strategy/approved_voice_references/thalas.wav,ขอให้มีความสุขนะ ท่านพี่สุดที่รักของข้า,,,PENDING_MANUAL_GENERATION,,triangle-strategy
516,MS13_X26_A0_0025_F_FRE_0010.wav,MS13_X26_A0_0025_F_FRE_0010,527,527,527,528,Frederica,main,female,frederica,assets/triangle-strategy/approved_voice_references/frederica.wav,โลกที่ข้าเคยรู้จักช่างคับแคบเหลือเกิน,,,PENDING_MANUAL_GENERATION,,triangle-strategy
517,MS13_X26_A0_0025_F_FRE_0020.wav,MS13_X26_A0_0025_F_FRE_0020,528,528,528,529,Frederica,main,female,frederica,assets/triangle-strategy/approved_voice_references/frederica.wav,ไม่ว่าจะมีเรื่องร้ายใดเกิดขึ้น ข้ากลับเชื่อว่าตัวเองทำได้เพียงแค่ทนทุกข์อย่างเงียบๆ,,,PENDING_MANUAL_GENERATION,,triangle-strategy
518,MS13_X26_A0_0025_F_FRE_0030.wav,MS13_X26_A0_0025_F_FRE_0030,529,529,529,530,Frederica,main,female,frederica,assets/triangle-strategy/approved_voice_references/frederica.wav,แต่การที่เราไม่ต่อต้าน มันก็เท่ากับเรากำลังสนับสนุนในสิ่งที่ไม่สมควร...,,,PENDING_MANUAL_GENERATION,,triangle-strategy
519,MS13_X26_A0_0025_F_FRE_0040.wav,MS13_X26_A0_0025_F_FRE_0040,530,530,530,531,Frederica,main,female,frederica,assets/triangle-strategy/approved_voice_references/frederica.wav,ข้าต้องลุกขึ้นสู้เพื่อตัวเอง,,,PENDING_MANUAL_GENERATION,,triangle-strategy
520,MS13_X26_A0_0025_F_FRE_0050.wav,MS13_X26_A0_0025_F_FRE_0050,531,531,531,532,Frederica,main,female,frederica,assets/triangle-strategy/approved_voice_references/frederica.wav,การได้เป็นหนึ่งในตระกูลวูล์ฟฟอร์ตถือเป็นสิ่งที่ดีที่สุดในชีวิตข้าเลย,,,PENDING_MANUAL_GENERATION,,triangle-strategy
521,MS13_X26_A0_0025_F_FRE_0060.wav,MS13_X26_A0_0025_F_FRE_0060,532,532,532,533,Frederica,main,female,frederica,assets/triangle-strategy/approved_voice_references/frederica.wav,เอริก้า... ธาลาส... พอกันที ข้าจะไม่หนีอีกต่อไป,,,PENDING_MANUAL_GENERATION,,triangle-strategy
522,MS13_X26_A0_0030_F_FRE_0010.wav,MS13_X26_A0_0030_F_FRE_0010,533,533,533,534,Frederica,main,female,frederica,assets/triangle-strategy/approved_voice_references/frederica.wav,ขอบคุณสวรรค์!,,,PENDING_MANUAL_GENERATION,,triangle-strategy
523,MS13_X26_A0_0030_F_FRE_0020.wav,MS13_X26_A0_0030_F_FRE_0020,534,534,534,535,Frederica,main,female,frederica,assets/triangle-strategy/approved_voice_references/frederica.wav,เสียงระเบิดจะเป็นสัญญาณให้ทัพของท่านมุ่งหน้าสู่นครหลวงเพื่อรักษาความสงบของชาวเมือง และห้าม-,,,PENDING_MANUAL_GENERATION,,triangle-strategy
524,MS13_X26_A0_0030_F_FRE_0030.wav,MS13_X26_A0_0030_F_FRE_0030,535,535,535,536,Frederica,main,female,frederica,assets/triangle-strategy/approved_voice_references/frederica.wav,ขอบคุณเจ้าค่ะ ท่านรัฐมนตรี,,,PENDING_MANUAL_GENERATION,,triangle-strategy
525,MS13_X26_A0_0030_F_FRE_0040.wav,MS13_X26_A0_0030_F_FRE_0040,536,536,536,537,Frederica,main,female,frederica,assets/triangle-strategy/approved_voice_references/frederica.wav,เมื่อนั้นพวกเขาจะไม่มีทางเลือก นอกเสียจากต้องเจรจาและคืนอำนาจเกลนบรู๊คให้กับเรา,,,PENDING_MANUAL_GENERATION,,triangle-strategy
526,MS13_X26_A0_0030_F_MIR_0010.wav,MS13_X26_A0_0030_F_MIR_0010,538,538,538,539,ไมโล,npc,female,milo,,สะพานแบบนั้นพังง่ายอยู่แล้ว จับตาดูได้เลย,,,BLOCKED_PENDING_REFERENCE_AUDIO,,triangle-strategy
527,MS13_X26_A0_0030_M_BND_0010.wav,MS13_X26_A0_0030_M_BND_0010,539,539,539,540,Benedict,main,male,benedict,assets/triangle-strategy/approved_voice_references/benedict.wav,สถานการณ์เอื้อต่อแผนของท่านหญิงเฟรเดอริก้าอย่างมาก,,,PENDING_MANUAL_GENERATION,,triangle-strategy
528,MS13_X26_A0_0030_M_BND_0020.wav,MS13_X26_A0_0030_M_BND_0020,540,540,540,541,Benedict,main,male,benedict,assets/triangle-strategy/approved_voice_references/benedict.wav,การที่ผู้คนไม่แตกตื่นจะทำให้เรายึดนครหลวงได้โดยไม่ต้องรบราฆ่าฟันกันมาก,,,PENDING_MANUAL_GENERATION,,triangle-strategy
529,MS13_X26_A0_0030_M_BND_0030.wav,MS13_X26_A0_0030_M_BND_0030,541,541,541,542,Benedict,main,male,benedict,assets/triangle-strategy/approved_voice_references/benedict.wav,ส่วนท่านรัฐมนตรีแคมเซลล์ พวกเราอยากให้ท่านนำทหารเรือไปปิดกั้นทางเข้าปราสาทขอรับ,,,PENDING_MANUAL_GENERATION,,triangle-strategy
530,MS13_X26_A0_0030_M_EGS_0010.wav,MS13_X26_A0_0030_M_EGS_0010,542,542,542,543,Exharme,npc,male,exharme,assets/triangle-strategy/approved_voice_references/exharme.wav,สายสืบของข้ารายงานสถานการณ์ในนครหลวงให้ฟังแล้ว,,,PENDING_MANUAL_GENERATION,,triangle-strategy
531,MS13_X26_A0_0030_M_EGS_0020.wav,MS13_X26_A0_0030_M_EGS_0020,543,543,543,544,Exharme,npc,male,exharme,assets/triangle-strategy/approved_voice_references/exharme.wav,ทหารข้าศึกส่วนมากประจำการอยู่ในปราสาทไวท์โฮล์ม ตอนนี้พวกเขายังไม่ตื่นตัวเท่าใดนัก,,,PENDING_MANUAL_GENERATION,,triangle-strategy
532,MS13_X26_A0_0030_M_EGS_0030.wav,MS13_X26_A0_0030_M_EGS_0030,544,544,544,545,Exharme,npc,male,exharme,assets/triangle-strategy/approved_voice_references/exharme.wav,ก็ใช้ชีวิตตามปกติ เหมือนว่าศัตรูยังไม่รู้การเคลื่อนไหวของเรา,,,PENDING_MANUAL_GENERATION,,triangle-strategy
533,MS13_X26_A0_0030_M_EGS_0040.wav,MS13_X26_A0_0030_M_EGS_0040,545,545,545,546,Exharme,npc,male,exharme,assets/triangle-strategy/approved_voice_references/exharme.wav,ท่านแน่ใจใช่ไหมว่าจะไปกันเอง? แบ่งทหารของพวกเราไปคุ้มกันบ้างก็ดีนะขอรับ,,,PENDING_MANUAL_GENERATION,,triangle-strategy
534,MS13_X26_A0_0030_M_EGS_0050.wav,MS13_X26_A0_0030_M_EGS_0050,546,546,546,547,Exharme,npc,male,exharme,assets/triangle-strategy/approved_voice_references/exharme.wav,ห้ามใช้กำลังใช่ไหม ข้าจะได้กำชับให้ทหารยั้งมือ,,,PENDING_MANUAL_GENERATION,,triangle-strategy
535,MS13_X26_A0_0030_M_EGS_0060.wav,MS13_X26_A0_0030_M_EGS_0060,547,547,547,548,Exharme,npc,male,exharme,assets/triangle-strategy/approved_voice_references/exharme.wav,ทำลายสะพาน ยึดเมือง กั้นแม่น้ำ แยกศัตรูจากปราสาท...,,,PENDING_MANUAL_GENERATION,,triangle-strategy
536,MS13_X26_A0_0030_M_EGS_0070.wav,MS13_X26_A0_0030_M_EGS_0070,548,548,548,549,Exharme,npc,male,exharme,assets/triangle-strategy/approved_voice_references/exharme.wav,...แปรเปลี่ยนปราสาทให้กลายเป็นคุก ขังพวกมันไว้เสียเอง,,,PENDING_MANUAL_GENERATION,,triangle-strategy
537,MS13_X26_A0_0030_M_EGS_0080.wav,MS13_X26_A0_0030_M_EGS_0080,549,549,549,550,Exharme,npc,male,exharme,assets/triangle-strategy/approved_voice_references/exharme.wav,หวังว่าท่านจะคิดถูกนะ... เพราะข้ามีเรื่องที่อยากจะเตือนท่านไว้ก่อน,,,PENDING_MANUAL_GENERATION,,triangle-strategy
538,MS13_X26_A0_0030_M_EGS_0090.wav,MS13_X26_A0_0030_M_EGS_0090,550,550,550,551,Exharme,npc,male,exharme,assets/triangle-strategy/approved_voice_references/exharme.wav,องค์ชายโรแลนด์ ท่านรู้ดีใช่ไหมว่าพวกมันจะเอาราชินีคอร์เดเลียมาใช้เป็นข้อต่อรอง?,,,PENDING_MANUAL_GENERATION,,triangle-strategy
539,MS13_X26_A0_0030_M_EGS_0100.wav,MS13_X26_A0_0030_M_EGS_0100,551,551,551,552,Exharme,npc,male,exharme,assets/triangle-strategy/approved_voice_references/exharme.wav,ไม่ว่าจะถูกกดดันหรือสถานการณ์เข้าขั้นวิกฤติเพียงใด พวกเราก็อย่าไปยอมมันนะขอรับ...,,,PENDING_MANUAL_GENERATION,,triangle-strategy
540,MS13_X26_A0_0030_M_EGS_0110.wav,MS13_X26_A0_0030_M_EGS_0110,552,552,552,553,Exharme,npc,male,exharme,assets/triangle-strategy/approved_voice_references/exharme.wav,ขอรับ ถ้างั้นก็ตกลงกันตามนี้,,,PENDING_MANUAL_GENERATION,,triangle-strategy
541,MS13_X26_A0_0030_M_EGS_0120.wav,MS13_X26_A0_0030_M_EGS_0120,553,553,553,554,Exharme,npc,male,exharme,assets/triangle-strategy/approved_voice_references/exharme.wav,ขอให้พวกเราโชคดี แล้วเจอกัน,,,PENDING_MANUAL_GENERATION,,triangle-strategy
542,MS13_X26_A0_0030_M_KNS_0010.wav,MS13_X26_A0_0030_M_KNS_0010,554,554,554,555,แคมเซลล์,npc,male,kamsell,,เข้าใจแล้ว แม้การรบทางน้ำจะไม่ใช่สิ่งที่ข้าชำนาญ แต่ข้าจะทำเต็มที่แล้วกัน,,,BLOCKED_PENDING_REFERENCE_AUDIO,,triangle-strategy
543,MS13_X26_A0_0030_M_RLN_0010.wav,MS13_X26_A0_0030_M_RLN_0010,555,555,555,556,Roland,main,male,roland,assets/triangle-strategy/approved_voice_references/roland.wav,ข้าเข้าใจดี ศึกชิงอาณาจักรครั้งนี้ต้องมีบาดแผลกันบ้าง,,,PENDING_MANUAL_GENERATION,,triangle-strategy
544,MS13_X26_A0_0030_M_SEL_0010.wav,MS13_X26_A0_0030_M_SEL_0010,556,556,556,557,Serenoa,main,male,serenoa,assets/triangle-strategy/approved_voice_references/serenoa.wav,แล้วชาวเมืองคนอื่นๆล่ะขอรับ?,,,PENDING_MANUAL_GENERATION,,triangle-strategy
545,MS13_X26_A0_0030_M_SEL_0020.wav,MS13_X26_A0_0030_M_SEL_0020,557,557,557,558,Serenoa,main,male,serenoa,assets/triangle-strategy/approved_voice_references/serenoa.wav,เรามาทบทวนแผนการกันดีกว่า,,,PENDING_MANUAL_GENERATION,,triangle-strategy
546,MS13_X26_A0_0030_M_SEL_0030.wav,MS13_X26_A0_0030_M_SEL_0030,558,558,558,559,Serenoa,main,male,serenoa,assets/triangle-strategy/approved_voice_references/serenoa.wav,ก่อนอื่น ทัพของข้าจะนั่งเรือทำลายสะพานที่ปราสาทไวท์โฮล์ม,,,PENDING_MANUAL_GENERATION,,triangle-strategy
547,MS13_X26_A0_0030_M_SEL_0040.wav,MS13_X26_A0_0030_M_SEL_0040,559,559,559,560,Serenoa,main,male,serenoa,assets/triangle-strategy/approved_voice_references/serenoa.wav,ยิ่งคนน้อยก็จะถูกพบตัวยาก เรื่องนี้เราจัดการได้ เราจะนำระเบิดไปติดตั้งเอง,,,PENDING_MANUAL_GENERATION,,triangle-strategy
548,MS13_X26_A0_0030_M_SEL_0050.wav,MS13_X26_A0_0030_M_SEL_0050,560,560,560,561,Serenoa,main,male,serenoa,assets/triangle-strategy/approved_voice_references/serenoa.wav,เช่นนั้นเราขอตัวก่อน ไว้เจอกันที่นครหลวงขอรับ,,,PENDING_MANUAL_GENERATION,,triangle-strategy
549,MS13_X26_A0_0040_F_ABR_0010.wav,MS13_X26_A0_0040_F_ABR_0010,561,561,561,562,Avlora,npc,female,avlora,assets/triangle-strategy/approved_voice_references/avlora.wav,พวกมันจะมาจากทางไหนเหรอ?,,,PENDING_MANUAL_GENERATION,,triangle-strategy
550,MS13_X26_A0_0040_F_ABR_0020.wav,MS13_X26_A0_0040_F_ABR_0020,562,562,562,563,Avlora,npc,female,avlora,assets/triangle-strategy/approved_voice_references/avlora.wav,ปิดประตูเมืองแล้วระดมทัพซะ ข้าจะปิดเส้นทางเข้าปราสาทอย่างสมบูรณ์,,,PENDING_MANUAL_GENERATION,,triangle-strategy
551,MS13_X26_A0_0040_F_ABR_0030.wav,MS13_X26_A0_0040_F_ABR_0030,563,563,563,564,Avlora,npc,female,avlora,assets/triangle-strategy/approved_voice_references/avlora.wav,จริงด้วย... ทหารไฮแซนต์คุ้นชินกับทะเลทราย การเดินเรือทำศึกคงไม่ใช่งานถนัดของพวกเขา,,,PENDING_MANUAL_GENERATION,,triangle-strategy
552,MS13_X26_A0_0040_F_ABR_0040.wav,MS13_X26_A0_0040_F_ABR_0040,564,564,564,565,Avlora,npc,female,avlora,assets/triangle-strategy/approved_voice_references/avlora.wav,แต่การส่งทหารทั้งหมดไปป้องกันปราสาท จะทำให้เรามีช่องโหว่ที่เสี่ยงต่อการโจมตีของศัตรู...,,,PENDING_MANUAL_GENERATION,,triangle-strategy
553,MS13_X26_A0_0040_F_ABR_0050.wav,MS13_X26_A0_0040_F_ABR_0050,565,565,565,566,Avlora,npc,female,avlora,assets/triangle-strategy/approved_voice_references/avlora.wav,ส่งทหารไปลาดตระเวนริมฝั่งน้ำด้วยแล้วกัน จากนั้นค่อยรายงานความคืบหน้าและเตรียมเรือรบของเราที่ท่าด้วย,,,PENDING_MANUAL_GENERATION,,triangle-strategy
554,MS13_X26_A0_0040_F_ABR_0060.wav,MS13_X26_A0_0040_F_ABR_0060,566,566,566,567,Avlora,npc,female,avlora,assets/triangle-strategy/approved_voice_references/avlora.wav,เราเลี่ยงการสู้รบโดยตรงดีกว่า เรามีอำนาจควบคุมปราสาทและนครหลวงซึ่งทำให้เราได้เปรียบ,,,PENDING_MANUAL_GENERATION,,triangle-strategy
555,MS13_X26_A0_0040_F_ABR_0070.wav,MS13_X26_A0_0040_F_ABR_0070,567,567,567,568,Avlora,npc,female,avlora,assets/triangle-strategy/approved_voice_references/avlora.wav,อย่าประมากศัตรูเจ้าค่ะ ความอวดดีของแม่ทัพจะทำให้ทหารตายกันหมด,,,PENDING_MANUAL_GENERATION,,triangle-strategy
556,MS13_X26_A0_0040_F_ABR_0080.wav,MS13_X26_A0_0040_F_ABR_0080,568,568,568,569,Avlora,npc,female,avlora,assets/triangle-strategy/approved_voice_references/avlora.wav,อย่าเอาความแค้นส่วนตัวมาลงที่สนามรบสิเจ้าคะ,,,PENDING_MANUAL_GENERATION,,triangle-strategy
557,MS13_X26_A0_0040_F_ABR_0090.wav,MS13_X26_A0_0040_F_ABR_0090,569,569,569,570,Avlora,npc,female,avlora,assets/triangle-strategy/approved_voice_references/avlora.wav,"อยากจะด่าทออะไรข้าก็ตามใจ แต่ ""แม่ทัพกำพร้า"" คนนี้ไม่ยอมให้สู้รบโดยตรงแน่นอน",,,PENDING_MANUAL_GENERATION,,triangle-strategy
558,MS13_X26_A0_0040_F_ABR_0100.wav,MS13_X26_A0_0040_F_ABR_0100,570,570,570,571,Avlora,npc,female,avlora,assets/triangle-strategy/approved_voice_references/avlora.wav,...นี่หรือคือเอสฟรอสต์ที่ข้าต้องปกป้อง?,,,PENDING_MANUAL_GENERATION,,triangle-strategy
559,MS13_X26_A0_0040_F_CRD_0010.wav,MS13_X26_A0_0040_F_CRD_0010,571,571,571,572,Cordelia,npc,female,cordelia,assets/triangle-strategy/approved_voice_references/cordelia.wav,แล้วถ้าพวกเขาบุกโจมตีทางแม่น้ำล่ะ?,,,PENDING_MANUAL_GENERATION,,triangle-strategy
560,MS13_X26_A0_0040_F_CRD_0020.wav,MS13_X26_A0_0040_F_CRD_0020,572,572,572,573,Cordelia,npc,female,cordelia,assets/triangle-strategy/approved_voice_references/cordelia.wav,เหล่าวูล์ฟฟอร์ตรู้ดีว่าการชิงคืนปราสาทนั้นเป็นอุปสรรคอย่างมาก พวกเขาคงหาทางอื่นนอกเหนือจากการบุกปราสาทโดยตรง,,,PENDING_MANUAL_GENERATION,,triangle-strategy
561,MS13_X26_A0_0040_F_CRD_0030.wav,MS13_X26_A0_0040_F_CRD_0030,573,573,573,574,Cordelia,npc,female,cordelia,assets/triangle-strategy/approved_voice_references/cordelia.wav,ผู้บัญชาการอัฟโลร่า...,,,PENDING_MANUAL_GENERATION,,triangle-strategy
562,MS13_X26_A0_0040_F_ERK_0010.wav,MS13_X26_A0_0040_F_ERK_0010,574,574,574,575,Erika,npc,female,erika,assets/triangle-strategy/approved_voice_references/erika.wav,เฟรเดอริก้ากำลังเล่นงานเราอยู่นะ! ทหารจะตายเท่าไหร่ มันใช่เรื่องที่ต้องสนด้วยเหรอ?,,,PENDING_MANUAL_GENERATION,,triangle-strategy
563,MS13_X26_A0_0040_F_ERK_0020.wav,MS13_X26_A0_0040_F_ERK_0020,575,575,575,576,Erika,npc,female,erika,assets/triangle-strategy/approved_voice_references/erika.wav,ข้าขอสั่งให้เจ้าสังหารเฟรเดอริก้าซะ อัฟโลร่า,,,PENDING_MANUAL_GENERATION,,triangle-strategy
564,MS13_X26_A0_0040_F_ERK_0030.wav,MS13_X26_A0_0040_F_ERK_0030,576,576,576,577,Erika,npc,female,erika,assets/triangle-strategy/approved_voice_references/erika.wav,หุบปากซะ! กุสตาดอล์ฟสั่งให้พวกเราคุ้มกันปราสาทระหว่างที่เขาไม่อยู่,,,PENDING_MANUAL_GENERATION,,triangle-strategy
565,MS13_X26_A0_0040_F_ERK_0040.wav,MS13_X26_A0_0040_F_ERK_0040,577,577,577,578,Erika,npc,female,erika,assets/triangle-strategy/approved_voice_references/erika.wav,แล้วเจ้ากล้าดียังไง ถึงมีหน้ามาสั่งสอนขุนนางสูงส่งแห่งเอสฟรอสต์อย่างเรา !?,,,PENDING_MANUAL_GENERATION,,triangle-strategy
566,MS13_X26_A0_0040_F_ERK_0050.wav,MS13_X26_A0_0040_F_ERK_0050,578,578,578,579,Erika,npc,female,erika,assets/triangle-strategy/approved_voice_references/erika.wav,ข้าจะนำทัพไปบดขยี้วูล์ฟฟอร์ตในนครหลวงด้วยตัวเอง!,,,PENDING_MANUAL_GENERATION,,triangle-strategy
567,MS13_X26_A0_0040_M_M192_0010.wav,MS13_X26_A0_0040_M_M192_0010,579,579,579,580,ผู้ส่งสารเอสฟรอสต์,generic,male,MALE_ADULT_B,assets/triangle-strategy/approved_voice_references/MALE_ADULT_B.wav,ผู้บัญชาการขอรับ!,,,PENDING_MANUAL_GENERATION,,triangle-strategy
568,MS13_X26_A0_0040_M_M192_0020.wav,MS13_X26_A0_0040_M_M192_0020,580,580,580,581,ผู้ส่งสารเอสฟรอสต์,generic,male,MALE_ADULT_B,assets/triangle-strategy/approved_voice_references/MALE_ADULT_B.wav,ตอนนี้วูล์ฟฟอร์ตและไฮแซนต์รวมทัพกันแล้ว มีแนวโน้มว่าจะบุกมายังนครหลวงขอรับ,,,PENDING_MANUAL_GENERATION,,triangle-strategy
569,MS13_X26_A0_0040_M_M192_0030.wav,MS13_X26_A0_0040_M_M192_0030,581,581,581,582,ผู้ส่งสารเอสฟรอสต์,generic,male,MALE_ADULT_B,assets/triangle-strategy/approved_voice_references/MALE_ADULT_B.wav,ยังไม่แน่ใจขอรับ,,,PENDING_MANUAL_GENERATION,,triangle-strategy
570,MS13_X26_A0_0040_M_M192_0040.wav,MS13_X26_A0_0040_M_M192_0040,582,582,582,583,ผู้ส่งสารเอสฟรอสต์,generic,male,MALE_ADULT_B,assets/triangle-strategy/approved_voice_references/MALE_ADULT_B.wav,ขอรับ ท่านผู้บัญชาการ!,,,PENDING_MANUAL_GENERATION,,triangle-strategy
571,MS13_X26_A0_0040_M_TRS_0010.wav,MS13_X26_A0_0040_M_TRS_0010,583,583,583,584,Thalas,npc,male,thalas,assets/triangle-strategy/approved_voice_references/thalas.wav,จะใช้วิธีอ้อมค้อมทำไม? ทหารก็มีตั้งเยอะแยะ ทำไมไม่สังหารพวกมันซะให้หมดเลยล่ะ,,,PENDING_MANUAL_GENERATION,,triangle-strategy
572,MS13_X26_A0_0040_M_TRS_0020.wav,MS13_X26_A0_0040_M_TRS_0020,584,584,584,585,Thalas,npc,male,thalas,assets/triangle-strategy/approved_voice_references/thalas.wav,อย่าบอกนะว่า เจ้ากลัววูล์ฟฟอร์ตเหรอ,,,PENDING_MANUAL_GENERATION,,triangle-strategy
573,MS13_X26_A0_0040_M_TRS_0030.wav,MS13_X26_A0_0040_M_TRS_0030,585,585,585,586,Thalas,npc,male,thalas,assets/triangle-strategy/approved_voice_references/thalas.wav,เด็กกำพร้าที่จำความไม่ได้อย่างเจ้า หัดสำเหนียกตัวเองไว้ซะบ้างนะ อัฟโลร่า,,,PENDING_MANUAL_GENERATION,,triangle-strategy
574,MS13_X26_A0_0040_M_TRS_0040.wav,MS13_X26_A0_0040_M_TRS_0040,586,586,586,587,Thalas,npc,male,thalas,assets/triangle-strategy/approved_voice_references/thalas.wav,เจ้ามันหัวดื้อชะมัด แต่ก็ช่างมันเถอะ กำลังเสริมของท่านพี่อยู่ใต้บัญชาของเราอยู่ดี,,,PENDING_MANUAL_GENERATION,,triangle-strategy
575,MS13_X26_A0_1010_M_BND_0010.wav,MS13_X26_A0_1010_M_BND_0010,587,587,587,588,Benedict,main,male,benedict,assets/triangle-strategy/approved_voice_references/benedict.wav,เราเตรียมค่ายทหารรอไว้ที่ท่าเรือแล้ว ตามสบายท่านเลยขอรับ,,,PENDING_MANUAL_GENERATION,,triangle-strategy
576,MS13_X26_A0_1010_M_EGS_0010.wav,MS13_X26_A0_1010_M_EGS_0010,588,588,588,589,Exharme,npc,male,exharme,assets/triangle-strategy/approved_voice_references/exharme.wav,รัฐมนตรีเซเรโนอา พวกเราระดมทัพมาสุดความสามารถแล้ว,,,PENDING_MANUAL_GENERATION,,triangle-strategy
577,MS13_X26_A0_1010_M_EGS_0020.wav,MS13_X26_A0_1010_M_EGS_0020,589,589,589,590,Exharme,npc,male,exharme,assets/triangle-strategy/approved_voice_references/exharme.wav,เป็นการเดินทางที่ลำบากมาก มีที่ให้ทหารของเราพักผ่อนหรือเปล่า?,,,PENDING_MANUAL_GENERATION,,triangle-strategy
578,MS13_X26_A0_1010_M_EGS_0030.wav,MS13_X26_A0_1010_M_EGS_0030,590,590,590,591,Exharme,npc,male,exharme,assets/triangle-strategy/approved_voice_references/exharme.wav,เจ้าคิดเผื่อไว้ทุกอย่างเลยนะเนี่ย,,,PENDING_MANUAL_GENERATION,,triangle-strategy
579,MS13_X26_A0_1010_M_KNS_0010.wav,MS13_X26_A0_1010_M_KNS_0010,591,591,591,592,แคมเซลล์,npc,male,kamsell,,ไฮแซนต์ไม่มีทัพยิ่งใหญ่ขนาดนี้ตั้งแต่สงครามซอลท์ไอรอนแล้วนะ,,,BLOCKED_PENDING_REFERENCE_AUDIO,,triangle-strategy
580,MS13_X26_A0_1010_M_KNS_0020.wav,MS13_X26_A0_1010_M_KNS_0020,592,592,592,593,แคมเซลล์,npc,male,kamsell,,แต่ท่านเลือกแก้ปัญหาด้วยการเจรจา มากกว่าการสู้รบงั้นเหรอ?,,,BLOCKED_PENDING_REFERENCE_AUDIO,,triangle-strategy
581,MS13_X26_A0_1010_M_KNS_0030.wav,MS13_X26_A0_1010_M_KNS_0030,593,593,593,594,แคมเซลล์,npc,male,kamsell,,หัวหน้านักบวชไม่เห็นด้วยกับวิธีการปวกเปียกแบบนี้หรอก,,,BLOCKED_PENDING_REFERENCE_AUDIO,,triangle-strategy
582,MS13_X26_A0_1010_M_SEL_0010.wav,MS13_X26_A0_1010_M_SEL_0010,594,594,594,595,Serenoa,main,male,serenoa,assets/triangle-strategy/approved_voice_references/serenoa.wav,ขอบคุณที่สนับสนุนด้วยนะขอรับ,,,PENDING_MANUAL_GENERATION,,triangle-strategy
583,MS13_X26_A0_1010_M_SEL_0020.wav,MS13_X26_A0_1010_M_SEL_0020,595,595,595,596,Serenoa,main,male,serenoa,assets/triangle-strategy/approved_voice_references/serenoa.wav,การนำทัพเข้าใกล้เมืองหลวงคือแผนของเราเช่นกัน เชิญเข้าไปฟังข้าอธิบายแผนการทั้งหมดข้างในก่อนขอรับ,,,PENDING_MANUAL_GENERATION,,triangle-strategy
584,MS13_X26_A0_1020_F_FRE_0010.wav,MS13_X26_A0_1020_F_FRE_0010,596,596,596,597,Frederica,main,female,frederica,assets/triangle-strategy/approved_voice_references/frederica.wav,ขอบคุณเจ้าค่ะ ท่านรัฐมนตรี,,,PENDING_MANUAL_GENERATION,,triangle-strategy
585,MS13_X26_A0_1020_F_FRE_0020.wav,MS13_X26_A0_1020_F_FRE_0020,597,597,597,598,Frederica,main,female,frederica,assets/triangle-strategy/approved_voice_references/frederica.wav,ไม่จำเป็นต้องสู้รบกันแล้วเจ้าค่ะ แค่ส่งคนเข้าไปเจรจาสงบศึกก็พอ,,,PENDING_MANUAL_GENERATION,,triangle-strategy
586,MS13_X26_A0_1020_F_FRE_0030.wav,MS13_X26_A0_1020_F_FRE_0030,598,598,598,599,Frederica,main,female,frederica,assets/triangle-strategy/approved_voice_references/frederica.wav,ข้าไปเอง,,,PENDING_MANUAL_GENERATION,,triangle-strategy
587,MS13_X26_A0_1020_F_FRE_0040.wav,MS13_X26_A0_1020_F_FRE_0040,599,599,599,600,Frederica,main,female,frederica,assets/triangle-strategy/approved_voice_references/frederica.wav,เพราะมันเป็นความคิดข้าตั้งแต่แรก,,,PENDING_MANUAL_GENERATION,,triangle-strategy
588,MS13_X26_A0_1020_F_FRE_0050.wav,MS13_X26_A0_1020_F_FRE_0050,600,600,600,601,Frederica,main,female,frederica,assets/triangle-strategy/approved_voice_references/frederica.wav,เซเรโนอา...,,,PENDING_MANUAL_GENERATION,,triangle-strategy
589,MS13_X26_A0_1020_F_HEW_0010.wav,MS13_X26_A0_1020_F_HEW_0010,601,601,601,602,Hughette,main,female,hughette,assets/triangle-strategy/approved_voice_references/hughette.wav,ได้เจ้าค่ะ ข้าจะกลับมารายงานทันทีที่ทราบข้อมูลแล้ว,,,PENDING_MANUAL_GENERATION,,triangle-strategy
590,MS13_X26_A0_1020_M_BND_0010.wav,MS13_X26_A0_1020_M_BND_0010,602,602,602,603,Benedict,main,male,benedict,assets/triangle-strategy/approved_voice_references/benedict.wav,แล้วการปิดกั้นแม่น้ำล่ะขอรับ?,,,PENDING_MANUAL_GENERATION,,triangle-strategy
591,MS13_X26_A0_1020_M_BND_0020.wav,MS13_X26_A0_1020_M_BND_0020,603,603,603,604,Benedict,main,male,benedict,assets/triangle-strategy/approved_voice_references/benedict.wav,ถูกต้องขอรับ ซึ่งความสำเร็จของเราจึงขึ้นอยู่กับตัวแทนที่เราส่งไปเจรจาเพียงผู้เดียว,,,PENDING_MANUAL_GENERATION,,triangle-strategy
592,MS13_X26_A0_1020_M_BND_0030.wav,MS13_X26_A0_1020_M_BND_0030,604,604,604,605,Benedict,main,male,benedict,assets/triangle-strategy/approved_voice_references/benedict.wav,การทราบจำนวนและขวัญกำลังใจของทหารในปราสาทจะทำให้เราได้เปรียบ ข้าจึงอยากทำความเข้าใจสถานการณ์อีกครั้ง,,,PENDING_MANUAL_GENERATION,,triangle-strategy
593,MS13_X26_A0_1020_M_EGS_0010.wav,MS13_X26_A0_1020_M_EGS_0010,605,605,605,606,Exharme,npc,male,exharme,assets/triangle-strategy/approved_voice_references/exharme.wav,สะพานพังทลายอย่างสวยงามเหลือเกิน ทำได้ดีมาก เหล่าวูล์ฟฟอร์ต,,,PENDING_MANUAL_GENERATION,,triangle-strategy
594,MS13_X26_A0_1020_M_EGS_0020.wav,MS13_X26_A0_1020_M_EGS_0020,606,606,606,607,Exharme,npc,male,exharme,assets/triangle-strategy/approved_voice_references/exharme.wav,พวกเราจัดการให้ ไม่มีการสู้รบ ไม่มีการสูญเสียใดๆทั้งสิ้น,,,PENDING_MANUAL_GENERATION,,triangle-strategy
595,MS13_X26_A0_1020_M_EGS_0030.wav,MS13_X26_A0_1020_M_EGS_0030,607,607,607,608,Exharme,npc,male,exharme,assets/triangle-strategy/approved_voice_references/exharme.wav,เหลือแค่ต้องเจรจากับปราสาทไวท์โฮล์มแล้วสินะ,,,PENDING_MANUAL_GENERATION,,triangle-strategy
596,MS13_X26_A0_1020_M_EGS_0040.wav,MS13_X26_A0_1020_M_EGS_0040,608,608,608,609,Exharme,npc,male,exharme,assets/triangle-strategy/approved_voice_references/exharme.wav,รัฐมนตรีแคมเซลล์กำลังจัดการอยู่น่ะ อาจจะช้าสักหน่อยแต่อีกเดี๋ยวก็คงเรียบร้อยดี,,,PENDING_MANUAL_GENERATION,,triangle-strategy
597,MS13_X26_A0_1020_M_EGS_0050.wav,MS13_X26_A0_1020_M_EGS_0050,609,609,609,610,Exharme,npc,male,exharme,assets/triangle-strategy/approved_voice_references/exharme.wav,แล้วพวกเขาจะยอมตกลงเหรอ?,,,PENDING_MANUAL_GENERATION,,triangle-strategy
598,MS13_X26_A0_1020_M_EGS_0060.wav,MS13_X26_A0_1020_M_EGS_0060,610,610,610,611,Exharme,npc,male,exharme,assets/triangle-strategy/approved_voice_references/exharme.wav,การปฏิรูปความสัมพันธ์ระหว่างอาณาจักร ให้ยอมจำนนโดยสันติ... พวกเขาคงไม่ยอมตกลงง่ายๆหรอกนะ,,,PENDING_MANUAL_GENERATION,,triangle-strategy
599,MS13_X26_A0_1020_M_EGS_0070.wav,MS13_X26_A0_1020_M_EGS_0070,611,611,611,612,Exharme,npc,male,exharme,assets/triangle-strategy/approved_voice_references/exharme.wav,ถ้างั้น... ข้าฝากพวกท่านด้วยนะ,,,PENDING_MANUAL_GENERATION,,triangle-strategy
600,MS13_X26_A0_1020_M_RLN_0010.wav,MS13_X26_A0_1020_M_RLN_0010,612,612,612,613,Roland,main,male,roland,assets/triangle-strategy/approved_voice_references/roland.wav,เราขังอัฟโลร่ากับคนอื่นสำเร็จแล้วสินะ แต่ต้องคิดดูกันอีกทีว่าจะทำลายพวกเขายังไง,,,PENDING_MANUAL_GENERATION,,triangle-strategy
601,MS13_X26_A0_1020_M_RLN_0020.wav,MS13_X26_A0_1020_M_RLN_0020,613,613,613,614,Roland,main,male,roland,assets/triangle-strategy/approved_voice_references/roland.wav,ข้าเห็นด้วย ฮิวเอทท์ ฝากเจ้าสำรวจปราสาทจากบนฟ้าได้ไหม?,,,PENDING_MANUAL_GENERATION,,triangle-strategy
602,MS13_X26_A0_1020_M_SEL_0010.wav,MS13_X26_A0_1020_M_SEL_0010,614,614,614,615,Serenoa,main,male,serenoa,assets/triangle-strategy/approved_voice_references/serenoa.wav,ขอบคุณมากขอรับ แล้วนครหลวงล่ะ...?,,,PENDING_MANUAL_GENERATION,,triangle-strategy
603,MS13_X26_A0_1020_M_SEL_0020.wav,MS13_X26_A0_1020_M_SEL_0020,615,615,615,616,Serenoa,main,male,serenoa,assets/triangle-strategy/approved_voice_references/serenoa.wav,อย่าผลีผลามแบบนี้สิ! คิดให้ดีก่อนว่าเราควรจะส่งใครไป,,,PENDING_MANUAL_GENERATION,,triangle-strategy
604,MS13_X26_A0_1020_M_SEL_0030.wav,MS13_X26_A0_1020_M_SEL_0030,616,616,616,617,Serenoa,main,male,serenoa,assets/triangle-strategy/approved_voice_references/serenoa.wav,ไปกันให้หมดเนี่ยแหละ,,,PENDING_MANUAL_GENERATION,,triangle-strategy
605,MS13_X26_BATTLE_01_AFTER_F_FRE_0010.wav,MS13_X26_BATTLE_01_AFTER_F_FRE_0010,617,617,617,618,Frederica,main,female,frederica,assets/triangle-strategy/approved_voice_references/frederica.wav,ลาก่อนนะ เอริก้า... ธาลาส...,,,PENDING_MANUAL_GENERATION,,triangle-strategy
606,MS13_X26_BATTLE_01_AFTER_F_MIR_0010.wav,MS13_X26_BATTLE_01_AFTER_F_MIR_0010,618,618,618,619,ไมโล,npc,female,milo,,ตามบัญชาเจ้าค่ะ,,,BLOCKED_PENDING_REFERENCE_AUDIO,,triangle-strategy
607,MS13_X26_BATTLE_01_AFTER_F_MIR_0020.wav,MS13_X26_BATTLE_01_AFTER_F_MIR_0020,683,683,683,620,ไมโล,npc,female,milo,,ได้เวลาเฉิดฉายของเจ้าแล้ว เอลฟริคน้อยของแม่...,,,BLOCKED_PENDING_REFERENCE_AUDIO,,triangle-strategy
608,MS13_X26_BATTLE_01_AFTER_F_YRA_0010.wav,MS13_X26_BATTLE_01_AFTER_F_YRA_0010,619,619,619,621,Geela,main,female,geela,assets/triangle-strategy/approved_voice_references/geela.wav,เฟรเดอริก้า...,,,PENDING_MANUAL_GENERATION,,triangle-strategy
609,MS13_X26_BATTLE_01_AFTER_M_BND_0010.wav,MS13_X26_BATTLE_01_AFTER_M_BND_0010,620,620,620,622,Benedict,main,male,benedict,assets/triangle-strategy/approved_voice_references/benedict.wav,อย่าเพิ่งวอกแวกขอรับ เราต้องพังสะพานก่อนที่กำลังเสริมจะมาถึง,,,PENDING_MANUAL_GENERATION,,triangle-strategy
610,MS13_X26_BATTLE_01_AFTER_M_SEL_0010.wav,MS13_X26_BATTLE_01_AFTER_M_SEL_0010,621,621,621,623,Serenoa,main,male,serenoa,assets/triangle-strategy/approved_voice_references/serenoa.wav,ถูกของเขา รบกวนด้วยนะไมโล,,,PENDING_MANUAL_GENERATION,,triangle-strategy
611,MS13_X26_BATTLE_01_BEFORE_F_ERK_0010.wav,MS13_X26_BATTLE_01_BEFORE_F_ERK_0010,622,622,622,624,Erika,npc,female,erika,assets/triangle-strategy/approved_voice_references/erika.wav,เฟรเดอริก้าที่รัก พี่หนีไปไหนไม่พ้นหรอก,,,PENDING_MANUAL_GENERATION,,triangle-strategy
612,MS13_X26_BATTLE_01_BEFORE_F_ERK_0020.wav,MS13_X26_BATTLE_01_BEFORE_F_ERK_0020,623,623,623,625,Erika,npc,female,erika,assets/triangle-strategy/approved_voice_references/erika.wav,โอ้ย เลิกโม้โอ้อวดเสียทีเถอะ เอางี้ไหม คุกเข่ายอมจำนนข้าซะ แล้วข้าจะให้อภัยเจ้าเอง,,,PENDING_MANUAL_GENERATION,,triangle-strategy
613,MS13_X26_BATTLE_01_BEFORE_F_ERK_0030.wav,MS13_X26_BATTLE_01_BEFORE_F_ERK_0030,624,624,624,626,Erika,npc,female,erika,assets/triangle-strategy/approved_voice_references/erika.wav,คุกเข่าร้องขอชีวิตข้าซะ เอาเลย,,,PENDING_MANUAL_GENERATION,,triangle-strategy
614,MS13_X26_BATTLE_01_BEFORE_F_ERK_0040.wav,MS13_X26_BATTLE_01_BEFORE_F_ERK_0040,625,625,625,627,Erika,npc,female,erika,assets/triangle-strategy/approved_voice_references/erika.wav,ทำสิวะ!,,,PENDING_MANUAL_GENERATION,,triangle-strategy
615,MS13_X26_BATTLE_01_BEFORE_F_ERK_0050.wav,MS13_X26_BATTLE_01_BEFORE_F_ERK_0050,626,626,626,628,Erika,npc,female,erika,assets/triangle-strategy/approved_voice_references/erika.wav,ว่าไงนะ?,,,PENDING_MANUAL_GENERATION,,triangle-strategy
616,MS13_X26_BATTLE_01_BEFORE_F_ERK_0060.wav,MS13_X26_BATTLE_01_BEFORE_F_ERK_0060,627,627,627,629,Erika,npc,female,erika,assets/triangle-strategy/approved_voice_references/erika.wav,พึมพำอะไรของมันวะ?,,,PENDING_MANUAL_GENERATION,,triangle-strategy
617,MS13_X26_BATTLE_01_BEFORE_F_ERK_0080.wav,MS13_X26_BATTLE_01_BEFORE_F_ERK_0080,629,629,629,631,Erika,npc,female,erika,assets/triangle-strategy/approved_voice_references/erika.wav,ฆ่าพวกมันซะ กวาดให้เรียบ!,,,PENDING_MANUAL_GENERATION,,triangle-strategy
618,MS13_X26_BATTLE_01_BEFORE_F_FRE_0010.wav,MS13_X26_BATTLE_01_BEFORE_F_FRE_0010,630,630,630,632,Frederica,main,female,frederica,assets/triangle-strategy/approved_voice_references/frederica.wav,เจ้าคิดผิดแล้วล่ะ ทุกสิ่งย่อมมีทางออกของมันเสมอ,,,PENDING_MANUAL_GENERATION,,triangle-strategy
619,MS13_X26_BATTLE_01_BEFORE_F_FRE_0030.wav,MS13_X26_BATTLE_01_BEFORE_F_FRE_0030,632,632,632,634,Frederica,main,female,frederica,assets/triangle-strategy/approved_voice_references/frederica.wav,ไม่,,,PENDING_MANUAL_GENERATION,,triangle-strategy
620,MS13_X26_BATTLE_01_BEFORE_F_FRE_0040.wav,MS13_X26_BATTLE_01_BEFORE_F_FRE_0040,633,633,633,635,Frederica,main,female,frederica,assets/triangle-strategy/approved_voice_references/frederica.wav,มีแต่พวกขี้ขลาดเท่านั้นแหละ ที่ยอมจำนนให้คนกลั่นแกล้ง...,,,PENDING_MANUAL_GENERATION,,triangle-strategy
621,MS13_X26_BATTLE_01_BEFORE_F_FRE_0050.wav,MS13_X26_BATTLE_01_BEFORE_F_FRE_0050,634,634,634,636,Frederica,main,female,frederica,assets/triangle-strategy/approved_voice_references/frederica.wav,...การปิดปากเงียบก็ถือเป็นการยอมรับมัน,,,PENDING_MANUAL_GENERATION,,triangle-strategy
622,MS13_X26_BATTLE_01_BEFORE_F_FRE_0060.wav,MS13_X26_BATTLE_01_BEFORE_F_FRE_0060,635,635,635,637,Frederica,main,female,frederica,assets/triangle-strategy/approved_voice_references/frederica.wav,เงียบปากเสียเถอะ! ต่อไปนี้ข้าจะไม่ยอมเจ้าแล้ว!,,,PENDING_MANUAL_GENERATION,,triangle-strategy
623,MS13_X26_BATTLE_01_BEFORE_M_TRS_0010.wav,MS13_X26_BATTLE_01_BEFORE_M_TRS_0010,636,636,636,638,Thalas,npc,male,thalas,assets/triangle-strategy/approved_voice_references/thalas.wav,หึๆๆๆ... ฮ่าๆๆๆ!,,,PENDING_MANUAL_GENERATION,,triangle-strategy
624,MS13_X26_BATTLE_01_BEFORE_M_TRS_0020.wav,MS13_X26_BATTLE_01_BEFORE_M_TRS_0020,637,637,637,639,Thalas,npc,male,thalas,assets/triangle-strategy/approved_voice_references/thalas.wav,แหมๆ เดี๋ยวนี้หัดสู้คนแล้วสินะท่านพี่,,,PENDING_MANUAL_GENERATION,,triangle-strategy
625,MS13_X26_BATTLE_01_BEFORE_M_TRS_0030.wav,MS13_X26_BATTLE_01_BEFORE_M_TRS_0030,638,638,638,640,Thalas,npc,male,thalas,assets/triangle-strategy/approved_voice_references/thalas.wav,พึ่งรู้ตัวตอนใกล้ตายงั้นเหรอ,,,PENDING_MANUAL_GENERATION,,triangle-strategy
626,MS13_X26_BATTLE_01_DRAMA_F_ERK_0010.wav,MS13_X26_BATTLE_01_DRAMA_F_ERK_0010,639,639,639,641,Erika,npc,female,erika,assets/triangle-strategy/approved_voice_references/erika.wav,เฟรเดอริก้า... เจ้าทำให้ตระกูลเอสฟรอสต์แปดเปื้อน!,,,PENDING_MANUAL_GENERATION,,triangle-strategy
627,MS13_X26_BATTLE_01_DRAMA_F_ERK_0020.wav,MS13_X26_BATTLE_01_DRAMA_F_ERK_0020,640,640,640,642,Erika,npc,female,erika,assets/triangle-strategy/approved_voice_references/erika.wav,เจ้าลาโลกเมื่อใด เลือดของเราจะกลับมาบริสุทธิ์อีกครั้ง!,,,PENDING_MANUAL_GENERATION,,triangle-strategy
628,MS13_X26_BATTLE_01_DRAMA_F_ERK_0030.wav,MS13_X26_BATTLE_01_DRAMA_F_ERK_0030,641,641,641,643,Erika,npc,female,erika,assets/triangle-strategy/approved_voice_references/erika.wav,หึๆๆ ตระกูลวูล์ฟฟอร์ตจบสิ้นแล้ว สมน้ำหน้าที่ลดตัวไปอยู่กับชาวโรเซลล์โสโครก,,,PENDING_MANUAL_GENERATION,,triangle-strategy
629,MS13_X26_BATTLE_01_DRAMA_F_ERK_0040.wav,MS13_X26_BATTLE_01_DRAMA_F_ERK_0040,642,642,642,644,Erika,npc,female,erika,assets/triangle-strategy/approved_voice_references/erika.wav,ขอบคุณข้าซะสิ ที่ช่วยให้เจ้ากับศรีภรรยาผู้เป็นที่รักได้พบทางหลุดพ้นจากโลกนี้,,,PENDING_MANUAL_GENERATION,,triangle-strategy
630,MS13_X26_BATTLE_01_DRAMA_F_ERK_0050.wav,MS13_X26_BATTLE_01_DRAMA_F_ERK_0050,643,643,643,645,Erika,npc,female,erika,assets/triangle-strategy/approved_voice_references/erika.wav,อ้ากกก! เจ็บ...มันเจ็บ...เหลือเกิน!,,,PENDING_MANUAL_GENERATION,,triangle-strategy
631,MS13_X26_BATTLE_01_DRAMA_F_ERK_0060.wav,MS13_X26_BATTLE_01_DRAMA_F_ERK_0060,644,644,644,646,Erika,npc,female,erika,assets/triangle-strategy/approved_voice_references/erika.wav,ไม่นะ...ข้า...ข้ายังไม่อยากตาย!,,,PENDING_MANUAL_GENERATION,,triangle-strategy
632,MS13_X26_BATTLE_01_DRAMA_F_ERK_0070.wav,MS13_X26_BATTLE_01_DRAMA_F_ERK_0070,645,645,645,647,Erika,npc,female,erika,assets/triangle-strategy/approved_voice_references/erika.wav,ไอ้น้องเส็งเคร็ง... ทำไมต้องให้ข้าตามเก็บตามเช็ดตลอด,,,PENDING_MANUAL_GENERATION,,triangle-strategy
633,MS13_X26_BATTLE_01_DRAMA_F_FRE_0010.wav,MS13_X26_BATTLE_01_DRAMA_F_FRE_0010,646,646,646,648,Frederica,main,female,frederica,assets/triangle-strategy/approved_voice_references/frederica.wav,จะพูดยังไงก็เอาเถอะ อย่างน้อยข้าก็ภูมิใจในสายเลือดที่ไหลเวียนอยู่ในตัวข้าก็แล้วกัน!,,,PENDING_MANUAL_GENERATION,,triangle-strategy
634,MS13_X26_BATTLE_01_DRAMA_F_FRE_0020.wav,MS13_X26_BATTLE_01_DRAMA_F_FRE_0020,647,647,647,649,Frederica,main,female,frederica,assets/triangle-strategy/approved_voice_references/frederica.wav,ข้าพบผู้คนมากมายที่รักในตัวตนของข้า ต่อไปนี้ข้าจะไม่ยอมให้ใครมาข่มขวัญอีกแล้ว!,,,PENDING_MANUAL_GENERATION,,triangle-strategy
635,MS13_X26_BATTLE_01_DRAMA_F_FRE_0030.wav,MS13_X26_BATTLE_01_DRAMA_F_FRE_0030,648,648,648,650,Frederica,main,female,frederica,assets/triangle-strategy/approved_voice_references/frederica.wav,อยากจะขู่แค่ไหนก็เชิญ ข้าไม่กลัวพวกเจ้าเหมือนแต่ก่อนหรอกนะ!,,,PENDING_MANUAL_GENERATION,,triangle-strategy
636,MS13_X26_BATTLE_01_DRAMA_F_MIR_0010.wav,MS13_X26_BATTLE_01_DRAMA_F_MIR_0010,649,649,649,651,ไมโล,npc,female,milo,,แหม...ก็อยากอยู่หรอก แต่ข้าเกลียดเด็กน่ะสิ โดยเฉพาะเด็กเปรตที่ถูกตามใจจนเสียนิสัย,,,BLOCKED_PENDING_REFERENCE_AUDIO,,triangle-strategy
637,MS13_X26_BATTLE_01_DRAMA_F_MIR_0020.wav,MS13_X26_BATTLE_01_DRAMA_F_MIR_0020,650,650,650,652,ไมโล,npc,female,milo,,โอย... ข้าสนุกจนเพลินไปหน่อย...,,,BLOCKED_PENDING_REFERENCE_AUDIO,,triangle-strategy
638,MS13_X26_BATTLE_01_DRAMA_M_SEL_0010.wav,MS13_X26_BATTLE_01_DRAMA_M_SEL_0010,651,651,651,653,Serenoa,main,male,serenoa,assets/triangle-strategy/approved_voice_references/serenoa.wav,เราจะไม่หนีไปไหนทั้งนั้น การกำจัดทหารเอสฟรอสต์คือหนทางเดียวของเรา!,,,PENDING_MANUAL_GENERATION,,triangle-strategy
639,MS13_X26_BATTLE_01_DRAMA_M_SEL_0020.wav,MS13_X26_BATTLE_01_DRAMA_M_SEL_0020,652,652,652,654,Serenoa,main,male,serenoa,assets/triangle-strategy/approved_voice_references/serenoa.wav,เลิกทำตัวเผด็จการเสียที ใครที่กล้าดูหมิ่นเฟรเดอริก้ามันต้องเจอดีสักหน่อย!,,,PENDING_MANUAL_GENERATION,,triangle-strategy
640,MS13_X26_BATTLE_01_DRAMA_M_TRS_0010.wav,MS13_X26_BATTLE_01_DRAMA_M_TRS_0010,653,653,653,655,Thalas,npc,male,thalas,assets/triangle-strategy/approved_voice_references/thalas.wav,เหมือนว่าท่านพี่จะสำคัญตนผิดไปเยอะเลยนะ หลังจากที่แต่งงานกับวูล์ฟฟอร์ต,,,PENDING_MANUAL_GENERATION,,triangle-strategy
641,MS13_X26_BATTLE_01_DRAMA_M_TRS_0020.wav,MS13_X26_BATTLE_01_DRAMA_M_TRS_0020,654,654,654,656,Thalas,npc,male,thalas,assets/triangle-strategy/approved_voice_references/thalas.wav,แต่สุดท้ายพี่มันก็เป็นแค่คนโสมม ที่สืบเชื้อสายตระกูลต่ำตมมาเกิด! ข้าต้องเตือนสติให้พี่รู้จักที่ต่ำที่สูงเสียบ้าง!,,,PENDING_MANUAL_GENERATION,,triangle-strategy
642,MS13_X26_BATTLE_01_DRAMA_M_TRS_0030.wav,MS13_X26_BATTLE_01_DRAMA_M_TRS_0030,655,655,655,657,Thalas,npc,male,thalas,assets/triangle-strategy/approved_voice_references/thalas.wav,อาณาจักรของเราต้องการคนอย่างเจ้านะ มาร่วมกับเราสิ แล้วข้าจะใช้ให้คุ้มเลย,,,PENDING_MANUAL_GENERATION,,triangle-strategy
643,MS13_X26_BATTLE_01_DRAMA_M_TRS_0040.wav,MS13_X26_BATTLE_01_DRAMA_M_TRS_0040,656,656,656,658,Thalas,npc,male,thalas,assets/triangle-strategy/approved_voice_references/thalas.wav,เอริก้า!? ไม่... มันไม่จริง!,,,PENDING_MANUAL_GENERATION,,triangle-strategy
644,MS13_X26_BATTLE_01_DRAMA_M_TRS_0050.wav,MS13_X26_BATTLE_01_DRAMA_M_TRS_0050,657,657,657,659,Thalas,npc,male,thalas,assets/triangle-strategy/approved_voice_references/thalas.wav,อ้ากกก...,,,PENDING_MANUAL_GENERATION,,triangle-strategy
645,MS13_X26_BATTLE_01_DRAMA_M_TRS_0060.wav,MS13_X26_BATTLE_01_DRAMA_M_TRS_0060,658,658,658,660,Thalas,npc,male,thalas,assets/triangle-strategy/approved_voice_references/thalas.wav,ท่านพี่... ข้า...,,,PENDING_MANUAL_GENERATION,,triangle-strategy
646,MS13_X26_RESEARCH_01_AFTER_F_ERK_0010.wav,MS13_X26_RESEARCH_01_AFTER_F_ERK_0010,659,659,659,661,Erika,npc,female,erika,assets/triangle-strategy/approved_voice_references/erika.wav,ฮ่าๆ แหม ดีใจจังที่เราไม่ได้ปล่อยให้อัฟโลร่าจัดการ,,,PENDING_MANUAL_GENERATION,,triangle-strategy
647,MS13_X26_RESEARCH_01_AFTER_F_ERK_0020.wav,MS13_X26_RESEARCH_01_AFTER_F_ERK_0020,660,660,660,662,Erika,npc,female,erika,assets/triangle-strategy/approved_voice_references/erika.wav,ตกใจนะเนี่ยเฟรเดอริก้า ไม่คิดว่าจะได้เห็นพี่ทำตัวลับๆ ล่อๆ เยี่ยงโจรเช่นนี้,,,PENDING_MANUAL_GENERATION,,triangle-strategy
648,MS13_X26_RESEARCH_01_AFTER_F_FRE_0010.wav,MS13_X26_RESEARCH_01_AFTER_F_FRE_0010,661,661,661,663,Frederica,main,female,frederica,assets/triangle-strategy/approved_voice_references/frederica.wav,ธาลาส!,,,PENDING_MANUAL_GENERATION,,triangle-strategy
649,MS13_X26_RESEARCH_01_AFTER_F_FRE_0020.wav,MS13_X26_RESEARCH_01_AFTER_F_FRE_0020,662,662,662,664,Frederica,main,female,frederica,assets/triangle-strategy/approved_voice_references/frederica.wav,เอริก้า!,,,PENDING_MANUAL_GENERATION,,triangle-strategy
650,MS13_X26_RESEARCH_01_AFTER_F_MIR_0010.wav,MS13_X26_RESEARCH_01_AFTER_F_MIR_0010,663,663,663,665,ไมโล,npc,female,milo,,ใกล้ได้เวลาเฉิดฉายแล้วนะ เอลฟริคน้อยของแม่...,,,BLOCKED_PENDING_REFERENCE_AUDIO,,triangle-strategy
651,MS13_X26_RESEARCH_01_AFTER_F_MIR_0020.wav,MS13_X26_RESEARCH_01_AFTER_F_MIR_0020,664,664,664,666,ไมโล,npc,female,milo,,รอคำสั่งอยู่เจ้าค่ะ,,,BLOCKED_PENDING_REFERENCE_AUDIO,,triangle-strategy
652,MS13_X26_RESEARCH_01_AFTER_M_SEL_0010.wav,MS13_X26_RESEARCH_01_AFTER_M_SEL_0010,665,665,665,667,Serenoa,main,male,serenoa,assets/triangle-strategy/approved_voice_references/serenoa.wav,เอาล่ะ ถ้างั้นก็-,,,PENDING_MANUAL_GENERATION,,triangle-strategy
653,MS13_X26_RESEARCH_01_AFTER_M_SEL_0020.wav,MS13_X26_RESEARCH_01_AFTER_M_SEL_0020,666,666,666,668,Serenoa,main,male,serenoa,assets/triangle-strategy/approved_voice_references/serenoa.wav,บ้าจริง... เราโดนล้อมซะแล้ว...,,,PENDING_MANUAL_GENERATION,,triangle-strategy
654,MS13_X26_RESEARCH_01_AFTER_M_TRS_0010.wav,MS13_X26_RESEARCH_01_AFTER_M_TRS_0010,667,667,667,669,Thalas,npc,male,thalas,assets/triangle-strategy/approved_voice_references/thalas.wav,วูล์ฟฟอร์ต!? มานี่ตั้งแต่เมื่อไหร่กัน?,,,PENDING_MANUAL_GENERATION,,triangle-strategy
655,MS13_X26_RESEARCH_01_BEFORE_F_FRE_0010.wav,MS13_X26_RESEARCH_01_BEFORE_F_FRE_0010,668,668,668,670,Frederica,main,female,frederica,assets/triangle-strategy/approved_voice_references/frederica.wav,เราจะติดตั้งคริสตัลระเบิดที่ไหนดี ไมโล?,,,PENDING_MANUAL_GENERATION,,triangle-strategy
656,MS13_X26_RESEARCH_01_BEFORE_F_MIR_0010.wav,MS13_X26_RESEARCH_01_BEFORE_F_MIR_0010,669,669,669,671,ไมโล,npc,female,milo,,อืมมม... กลางสะพานน่าจะดีนะเจ้าคะ,,,BLOCKED_PENDING_REFERENCE_AUDIO,,triangle-strategy
657,MS13_X26_RESEARCH_01_BEFORE_F_MIR_0020.wav,MS13_X26_RESEARCH_01_BEFORE_F_MIR_0020,670,670,670,672,ไมโล,npc,female,milo,,จุดนั้นสะพานจะพังง่าย แถมยังซ่อมง่ายในภายหลังอีกด้วย,,,BLOCKED_PENDING_REFERENCE_AUDIO,,triangle-strategy
658,MS13_X26_RESEARCH_01_BEFORE_F_MIR_0030.wav,MS13_X26_RESEARCH_01_BEFORE_F_MIR_0030,671,671,671,673,ไมโล,npc,female,milo,,ด้วยความยินดีเจ้าค่ะ,,,BLOCKED_PENDING_REFERENCE_AUDIO,,triangle-strategy
659,MS13_X26_RESEARCH_01_BEFORE_M_SEL_0010.wav,MS13_X26_RESEARCH_01_BEFORE_M_SEL_0010,673,673,673,675,Serenoa,main,male,serenoa,assets/triangle-strategy/approved_voice_references/serenoa.wav,เอาล่ะ ได้เวลาแล้ว,,,PENDING_MANUAL_GENERATION,,triangle-strategy
660,MS13_X26_RESEARCH_01_BEFORE_M_SEL_0020.wav,MS13_X26_RESEARCH_01_BEFORE_M_SEL_0020,674,674,674,676,Serenoa,main,male,serenoa,assets/triangle-strategy/approved_voice_references/serenoa.wav,กลางสะพานสินะ งั้นเรามาหาจุดที่เหมาะสมกันเถอะ,,,PENDING_MANUAL_GENERATION,,triangle-strategy
661,MS13_X26_RESEARCH_01_BEFORE_M_SEL_0030.wav,MS13_X26_RESEARCH_01_BEFORE_M_SEL_0030,675,675,675,677,Serenoa,main,male,serenoa,assets/triangle-strategy/approved_voice_references/serenoa.wav,ไมโล ระหว่างนี้รบกวนไปติดตั้งคริสตัลระเบิดให้พวกเราด้วยนะ,,,PENDING_MANUAL_GENERATION,,triangle-strategy
662,MS13_X26_WD_0010_N_NNN_0010.wav,MS13_X26_WD_0010_N_NNN_0010,676,676,676,678,Narrator,narrator,female,narrator,assets/triangle-strategy/approved_voice_references/narrator.wav,เหล่าวูล์ฟฟอร์ตและไฮแซนต์...ร่วมมือกันวางแผนทวงคืนนครหลวงแห่งเกลนบรู๊ค,,,PENDING_MANUAL_GENERATION,,triangle-strategy
663,MS13_X26_WD_0010_N_NNN_0020.wav,MS13_X26_WD_0010_N_NNN_0020,677,677,677,679,Narrator,narrator,female,narrator,assets/triangle-strategy/approved_voice_references/narrator.wav,"แต่แม่น้ำนอร์เซเลียและทหารเอสฟรอสต์นั้น
เป็นอุปสรรคต่อการกอบกู้นครหลวงอย่างมาก",,,PENDING_MANUAL_GENERATION,,triangle-strategy
664,MS13_X26_WD_0010_N_NNN_0030.wav,MS13_X26_WD_0010_N_NNN_0030,678,678,678,680,Narrator,narrator,female,narrator,assets/triangle-strategy/approved_voice_references/narrator.wav,เฟรเดอริก้าเสนอจะทำลายสะพานเชื่อมปราสาทสู่นครหลวง เพื่อแยกศัตรูให้ออกมาเจรจาอย่างเลี่ยงไม่ได้,,,PENDING_MANUAL_GENERATION,,triangle-strategy
665,MS13_X26_WD_0010_N_NNN_0040.wav,MS13_X26_WD_0010_N_NNN_0040,679,679,679,681,Narrator,narrator,female,narrator,assets/triangle-strategy/approved_voice_references/narrator.wav,แม้มันจะทำให้ปัญหายืดเยื้อ แต่ก็คุ้มกับการลดความเดือดร้อนของประชาชน เซเรโนอาจึงตกลงยอมทำตามแผน,,,PENDING_MANUAL_GENERATION,,triangle-strategy
666,MS13_X26_WD_0010_N_NNN_0050.wav,MS13_X26_WD_0010_N_NNN_0050,680,680,680,682,Narrator,narrator,female,narrator,assets/triangle-strategy/approved_voice_references/narrator.wav,"เป็นครั้งแรกที่ทัพทหารไฮแซนต์อันเกรียงไกร
ร่วมสู้เคียงข้างวูล์ฟฟอร์ตนับตั้งแต่สมัยสงครามซอลท์ไอรอน",,,PENDING_MANUAL_GENERATION,,triangle-strategy
667,MS13_X26_WD_0015_N_NNN_0010.wav,MS13_X26_WD_0015_N_NNN_0010,681,681,681,683,Narrator,narrator,female,narrator,assets/triangle-strategy/approved_voice_references/narrator.wav,ในคืนนั้น มีเรือเล็กลำหนึ่งเทียบท่า ณ ปราสาทไวท์โฮล์มอย่างเงียบๆ,,,PENDING_MANUAL_GENERATION,,triangle-strategy
668,MS13_X26_WD_0015_N_NNN_0020.wav,MS13_X26_WD_0015_N_NNN_0020,682,682,682,684,Narrator,narrator,female,narrator,assets/triangle-strategy/approved_voice_references/narrator.wav,ซึ่งมีเหล่านักรบวูล์ฟฟอร์ต ผู้ถูกนำทัพโดยเซเรโนอานั่นเอง,,,PENDING_MANUAL_GENERATION,,triangle-strategy
