line_no,file_name,self_id,cue,sequence,waveform,awb_stream,character_name,role,gender,voice_target,reference_audio,thai_text,pronunciation_note,prosody_note,status,tts_text,voice_project
1,MS17_H01_A0_0010_F_ANA_0010.wav,MS17_H01_A0_0010_F_ANA_0010,0,0,0,1,Anna,main,female,anna,assets/triangle-strategy/approved_voice_references/anna.wav,พวกเขาไม่ยอมให้ใครมาลบหลู่คำสอนแน่นอน,,,PENDING_MANUAL_GENERATION,,triangle-strategy
2,MS17_H01_A0_0010_F_FRE_0010.wav,MS17_H01_A0_0010_F_FRE_0010,1,1,1,2,Frederica,main,female,frederica,assets/triangle-strategy/approved_voice_references/frederica.wav,หากเรื่องนี้ถึงหูไฮแซนต์เข้า มีหวังพวกเขาคงโกรธเลือดขึ้นหน้า...,,,PENDING_MANUAL_GENERATION,,triangle-strategy
3,MS17_H01_A0_0010_F_HEW_0010.wav,MS17_H01_A0_0010_F_HEW_0010,2,2,2,3,Hughette,main,female,hughette,assets/triangle-strategy/approved_voice_references/hughette.wav,เอสฟรอสต์เองคงไม่ยอมจำนนง่ายๆเช่นกัน,,,PENDING_MANUAL_GENERATION,,triangle-strategy
4,MS17_H01_A0_0010_F_YRA_0010.wav,MS17_H01_A0_0010_F_YRA_0010,3,3,3,4,Geela,main,female,geela,assets/triangle-strategy/approved_voice_references/geela.wav,ข้าคิดว่าเราควรเลิกกลัว แล้วหาวิธีรับมือหลังจากที่ข่าวถึงหูคนอื่นแล้วดีกว่าเจ้าค่ะ,,,PENDING_MANUAL_GENERATION,,triangle-strategy
5,MS17_H01_A0_0010_F_YRA_0020.wav,MS17_H01_A0_0010_F_YRA_0020,4,4,4,5,Geela,main,female,geela,assets/triangle-strategy/approved_voice_references/geela.wav,ไม่ว่าเราจะปกป้องเกลือหรือหาวิธีอื่นเพื่อใช้มัน เราต้องรีบลงมือโดยเร็ว,,,PENDING_MANUAL_GENERATION,,triangle-strategy
6,MS17_H01_A0_0010_M_BND_0010.wav,MS17_H01_A0_0010_M_BND_0010,5,5,5,6,Benedict,main,male,benedict,assets/triangle-strategy/approved_voice_references/benedict.wav,เราต้องคิดให้ดี เพราะมันมีอำนาจในการพลิกโฉมนอร์เซเลียทั้งแผ่นดิน,,,PENDING_MANUAL_GENERATION,,triangle-strategy
7,MS17_H01_A0_0010_M_BND_0020.wav,MS17_H01_A0_0010_M_BND_0020,6,6,6,7,Benedict,main,male,benedict,assets/triangle-strategy/approved_voice_references/benedict.wav,นี่คือโอกาสปฏิรูปดินแดนเพื่อผลประโยชน์ของเรา ต้องวางกลยุทธ์ให้ดีขอรับ,,,PENDING_MANUAL_GENERATION,,triangle-strategy
8,MS17_H01_A0_0010_M_BND_0030.wav,MS17_H01_A0_0010_M_BND_0030,7,7,7,8,Benedict,main,male,benedict,assets/triangle-strategy/approved_voice_references/benedict.wav,ข้าชื่นชมในความรอบคอบของท่าน แต่ในสถานการณ์เช่นนี้...ความลังเลจะทำให้เราสูญเสียทุกอย่างนะขอรับ,,,PENDING_MANUAL_GENERATION,,triangle-strategy
9,MS17_H01_A0_0010_M_BND_0040.wav,MS17_H01_A0_0010_M_BND_0040,8,8,8,9,Benedict,main,male,benedict,assets/triangle-strategy/approved_voice_references/benedict.wav,...ตามนั้นขอรับ ช่วยเร่งมือด้วยนะ,,,PENDING_MANUAL_GENERATION,,triangle-strategy
10,MS17_H01_A0_0010_M_ELA_0010.wav,MS17_H01_A0_0010_M_ELA_0010,9,9,9,10,Erador,main,male,erador,assets/triangle-strategy/approved_voice_references/erador.wav,สถานการณ์เช่นนี้ล่อเป้ามากเลยนะท่าน! หากยังครองเกลืออยู่เช่นนี้มีหวังเราอยู่ไม่สุขแน่,,,PENDING_MANUAL_GENERATION,,triangle-strategy
11,MS17_H01_A0_0010_M_RLN_0020.wav,MS17_H01_A0_0010_M_RLN_0020,11,11,11,12,Roland,main,male,roland,assets/triangle-strategy/approved_voice_references/roland.wav,การตัดสินใจครั้งนี้สำคัญมาก ไม่ใช่เพื่ออาณาจักรแต่เป็นนอร์เซเลีย ซึ่งการตัดสินใจของเราจะส่งผลกระทบต่อชีวิตทุกคน,,,PENDING_MANUAL_GENERATION,,triangle-strategy
12,MS17_H01_A0_0010_M_RLN_0030.wav,MS17_H01_A0_0010_M_RLN_0030,12,12,12,13,Roland,main,male,roland,assets/triangle-strategy/approved_voice_references/roland.wav,ข้าก็อยากรีบตัดสินใจอยู่หรอก แต่ข้าขอเวลาสักพักได้ไหม,,,PENDING_MANUAL_GENERATION,,triangle-strategy
13,MS17_H01_A0_0010_M_RLN_0040.wav,MS17_H01_A0_0010_M_RLN_0040,13,13,13,14,Roland,main,male,roland,assets/triangle-strategy/approved_voice_references/roland.wav,ข้ารู้ แต่จะให้ด่วนตัดสินแล้วทำทุกคนเดือดร้อนมันก็ไม่ใช่เรื่องไง,,,PENDING_MANUAL_GENERATION,,triangle-strategy
14,MS17_H01_A0_0010_M_RLN_0050.wav,MS17_H01_A0_0010_M_RLN_0050,14,14,14,15,Roland,main,male,roland,assets/triangle-strategy/approved_voice_references/roland.wav,เซเรโนอา ช่วยตอบข้าที...,,,PENDING_MANUAL_GENERATION,,triangle-strategy
15,MS17_H01_A0_0010_M_RLN_0060.wav,MS17_H01_A0_0010_M_RLN_0060,15,15,15,16,Roland,main,male,roland,assets/triangle-strategy/approved_voice_references/roland.wav,ไม่ว่าจะเกิดอะไร เจ้าจะเดินไปพร้อมกับข้าใช่ไหม?,,,PENDING_MANUAL_GENERATION,,triangle-strategy
16,MS17_H01_A0_0010_M_RLN_0070.wav,MS17_H01_A0_0010_M_RLN_0070,16,16,16,17,Roland,main,male,roland,assets/triangle-strategy/approved_voice_references/roland.wav,เข้าใจแล้วล่ะ,,,PENDING_MANUAL_GENERATION,,triangle-strategy
17,MS17_H01_A0_0010_M_RLN_0080.wav,MS17_H01_A0_0010_M_RLN_0080,17,17,17,18,Roland,main,male,roland,assets/triangle-strategy/approved_voice_references/roland.wav,ข้าฝากเจ้าพาทุกคนไปที่ปราสาทวูล์ฟฟอร์ต และช่วยรายงานความเคลื่อนไหวของไฮแซนต์ให้ข้าทราบด้วยนะ,,,PENDING_MANUAL_GENERATION,,triangle-strategy
18,MS17_H01_A0_0010_M_SEL_0010.wav,MS17_H01_A0_0010_M_SEL_0010,18,18,18,19,Serenoa,main,male,serenoa,assets/triangle-strategy/approved_voice_references/serenoa.wav,ไม่นึกว่าคริสตัลเกลือจะกลายเป็นของเรานะเนี่ย ว่าแต่เอายังไงต่อดีล่ะ?,,,PENDING_MANUAL_GENERATION,,triangle-strategy
19,MS17_H01_A0_0010_M_SEL_0020.wav,MS17_H01_A0_0010_M_SEL_0020,19,19,19,20,Serenoa,main,male,serenoa,assets/triangle-strategy/approved_voice_references/serenoa.wav,ว่ายังไงขอรับฝ่าบาท?,,,PENDING_MANUAL_GENERATION,,triangle-strategy
20,MS17_H01_A0_0010_M_SEL_0030.wav,MS17_H01_A0_0010_M_SEL_0030,20,20,20,21,Serenoa,main,male,serenoa,assets/triangle-strategy/approved_voice_references/serenoa.wav,เบเนดิกต์ จริงๆตอนนี้ข้าก็จนปัญญาเหมือนกัน ข้าขอฟังความเห็นทุกคนประกอบการตัดสินใจได้ไหม?,,,PENDING_MANUAL_GENERATION,,triangle-strategy
21,MS17_H01_A0_0010_M_SEL_0040.wav,MS17_H01_A0_0010_M_SEL_0040,21,21,21,22,Serenoa,main,male,serenoa,assets/triangle-strategy/approved_voice_references/serenoa.wav,ข้าเคยเป็นลอร์ดวูล์ฟฟอร์ต ก่อนที่จะกลายเป็นผู้ศักดิ์สิทธิ์,,,PENDING_MANUAL_GENERATION,,triangle-strategy
22,MS17_H01_A0_0010_M_SEL_0050.wav,MS17_H01_A0_0010_M_SEL_0050,22,22,22,23,Serenoa,main,male,serenoa,assets/triangle-strategy/approved_voice_references/serenoa.wav,และข้าก็เป็นสหายของท่านอยู่เช่นเดิม,,,PENDING_MANUAL_GENERATION,,triangle-strategy
23,MS17_H01_A0_0010_M_SEL_0060.wav,MS17_H01_A0_0010_M_SEL_0060,23,23,23,24,Serenoa,main,male,serenoa,assets/triangle-strategy/approved_voice_references/serenoa.wav,แล้วเจอกันขอรับ,,,PENDING_MANUAL_GENERATION,,triangle-strategy
24,MS17_H01_A1_0010_F_ANA_0010.wav,MS17_H01_A1_0010_F_ANA_0010,24,24,24,25,Anna,main,female,anna,assets/triangle-strategy/approved_voice_references/anna.wav,เบเนดิกต์...พวกเราทำตามท่านมาตลอด ครั้งนี้เราขอตามคนอื่นบ้างนะเจ้าคะ,,,PENDING_MANUAL_GENERATION,,triangle-strategy
25,MS17_H01_A1_0010_F_FRE_0010.wav,MS17_H01_A1_0010_F_FRE_0010,25,25,25,26,Frederica,main,female,frederica,assets/triangle-strategy/approved_voice_references/frederica.wav,แล้วชาวโรเซลล์ล่ะ?,,,PENDING_MANUAL_GENERATION,,triangle-strategy
26,MS17_H01_A1_0010_F_FRE_0020.wav,MS17_H01_A1_0010_F_FRE_0020,26,26,26,27,Frederica,main,female,frederica,assets/triangle-strategy/approved_voice_references/frederica.wav,ชะตาแห่งคนของข้านั้นถือเป็นเรื่องเล็กน้อย หากต้องเทียบกับสงครามอันยิ่งใหญ่ซึ่งล้อมรอบเรา,,,PENDING_MANUAL_GENERATION,,triangle-strategy
27,MS17_H01_A1_0010_F_FRE_0030.wav,MS17_H01_A1_0010_F_FRE_0030,27,27,27,28,Frederica,main,female,frederica,assets/triangle-strategy/approved_voice_references/frederica.wav,แต่เจ้ากลับเลือกเดินในขวากหนาม แทนที่จะปัดชาวโรเซลล์ออกไป,,,PENDING_MANUAL_GENERATION,,triangle-strategy
28,MS17_H01_A1_0010_F_FRE_0040.wav,MS17_H01_A1_0010_F_FRE_0040,28,28,28,29,Frederica,main,female,frederica,assets/triangle-strategy/approved_voice_references/frederica.wav,เป็นเกียรติของข้าอย่างยิ่งที่ได้สู้เคียงข้างและฝ่าฟันไปด้วยกัน,,,PENDING_MANUAL_GENERATION,,triangle-strategy
29,MS17_H01_A1_0010_F_FRE_0050.wav,MS17_H01_A1_0010_F_FRE_0050,29,29,29,30,Frederica,main,female,frederica,assets/triangle-strategy/approved_voice_references/frederica.wav,เรากำลังจะทำสงครามจากทั้งสามทิศสินะ,,,PENDING_MANUAL_GENERATION,,triangle-strategy
30,MS17_H01_A1_0010_F_FRE_0060.wav,MS17_H01_A1_0010_F_FRE_0060,30,30,30,31,Frederica,main,female,frederica,assets/triangle-strategy/approved_voice_references/frederica.wav,ข้าขอเดินทางไปที่ไฮแซนต์นะ,,,PENDING_MANUAL_GENERATION,,triangle-strategy
31,MS17_H01_A1_0010_F_FRE_0070.wav,MS17_H01_A1_0010_F_FRE_0070,31,31,31,32,Frederica,main,female,frederica,assets/triangle-strategy/approved_voice_references/frederica.wav,ข้าต้องการเปิดโปงเทพธิดาจอมปลอมให้ผู้คนได้รับรู้กันถ้วนหน้า ข้าจะชักจูงคนของข้าให้ปฏิวัติเพื่ออิสรภาพ!,,,PENDING_MANUAL_GENERATION,,triangle-strategy
32,MS17_H01_A1_0010_F_HEW_0010.wav,MS17_H01_A1_0010_F_HEW_0010,32,32,32,33,Hughette,main,female,hughette,assets/triangle-strategy/approved_voice_references/hughette.wav,ขออนุญาตพูดตามตรงนะเจ้าคะฝ่าบาท ครั้งนี้ข้าเห็นด้วยกับลอร์ดเซเรโนอา!,,,PENDING_MANUAL_GENERATION,,triangle-strategy
33,MS17_H01_A1_0010_F_YRA_0010.wav,MS17_H01_A1_0010_F_YRA_0010,33,33,33,34,Geela,main,female,geela,assets/triangle-strategy/approved_voice_references/geela.wav,ฝันของเราไม่อาจเป็นจริงได้ หากเราไม่ต่อสู้เพื่อมัน,,,PENDING_MANUAL_GENERATION,,triangle-strategy
34,MS17_H01_A1_0010_M_BND_0010.wav,MS17_H01_A1_0010_M_BND_0010,34,34,34,35,Benedict,main,male,benedict,assets/triangle-strategy/approved_voice_references/benedict.wav,ท่านพูดอะไรออกมาเนี่ย!?,,,PENDING_MANUAL_GENERATION,,triangle-strategy
35,MS17_H01_A1_0010_M_BND_0020.wav,MS17_H01_A1_0010_M_BND_0020,35,35,35,36,Benedict,main,male,benedict,assets/triangle-strategy/approved_voice_references/benedict.wav,พร้อมกันเหรอขอรับ!?,,,PENDING_MANUAL_GENERATION,,triangle-strategy
36,MS17_H01_A1_0010_M_BND_0030.wav,MS17_H01_A1_0010_M_BND_0030,36,36,36,37,Benedict,main,male,benedict,assets/triangle-strategy/approved_voice_references/benedict.wav,ข้า...ละอายเหลือเกินที่ต้องยอมรับว่าตัวข้าหน้ามืดตามัว เพียงเพราะอยากปกป้องเขตแดนเสมอมา จนไม่สามารถนำเสนอวิธีเชิงรุกมากกว่านี้,,,PENDING_MANUAL_GENERATION,,triangle-strategy
37,MS17_H01_A1_0010_M_BND_0040.wav,MS17_H01_A1_0010_M_BND_0040,37,37,37,38,Benedict,main,male,benedict,assets/triangle-strategy/approved_voice_references/benedict.wav,แผนของท่านนั้นบ้าระห่ำ...และอาจจะเสี่ยงด้วยเช่นกัน แต่ก็ใช่ว่าจะเป็นไปไม่ได้ ลองดูก็ไม่เสียหายขอรับ,,,PENDING_MANUAL_GENERATION,,triangle-strategy
38,MS17_H01_A1_0010_M_BND_0050.wav,MS17_H01_A1_0010_M_BND_0050,38,38,38,39,Benedict,main,male,benedict,assets/triangle-strategy/approved_voice_references/benedict.wav,ตระกูลของเราก้าวหน้าได้ก็เพราะท่าน ลอร์ดเซเรโนอา,,,PENDING_MANUAL_GENERATION,,triangle-strategy
39,MS17_H01_A1_0010_M_BND_0060.wav,MS17_H01_A1_0010_M_BND_0060,39,39,39,40,Benedict,main,male,benedict,assets/triangle-strategy/approved_voice_references/benedict.wav,ไฮแซนต์และเอสฟรอสต์คงคาดไม่ถึง พวกเราจะคว้าชัยโดยอาศัยความแตกตื่น,,,PENDING_MANUAL_GENERATION,,triangle-strategy
40,MS17_H01_A1_0010_M_BND_0070.wav,MS17_H01_A1_0010_M_BND_0070,40,40,40,41,Benedict,main,male,benedict,assets/triangle-strategy/approved_voice_references/benedict.wav,ข้าจะล่อทัพไฮแซนต์ให้มาพบจุดจบของพวกมันที่ปราสาทวูล์ฟฟอร์ต,,,PENDING_MANUAL_GENERATION,,triangle-strategy
41,MS17_H01_A1_0010_M_ELA_0010.wav,MS17_H01_A1_0010_M_ELA_0010,41,41,41,42,Erador,main,male,erador,assets/triangle-strategy/approved_voice_references/erador.wav,ไม่มีเลยพ่อหนุ่ม! เลือดของข้ามันสูบฉีดไปหมดแล้ว!,,,PENDING_MANUAL_GENERATION,,triangle-strategy
42,MS17_H01_A1_0010_M_RLN_0010.wav,MS17_H01_A1_0010_M_RLN_0010,42,42,42,43,Roland,main,male,roland,assets/triangle-strategy/approved_voice_references/roland.wav,นี่เจ้าตั้งใจเช่นนั้นจริงๆเหรอ เซเรโนอา?,,,PENDING_MANUAL_GENERATION,,triangle-strategy
43,MS17_H01_A1_0010_M_RLN_0020.wav,MS17_H01_A1_0010_M_RLN_0020,43,43,43,44,Roland,main,male,roland,assets/triangle-strategy/approved_voice_references/roland.wav,คือเราจะทำตามแผนของเบเนดิกต์งั้นเหรอ?,,,PENDING_MANUAL_GENERATION,,triangle-strategy
44,MS17_H01_A1_0010_M_RLN_0030.wav,MS17_H01_A1_0010_M_RLN_0030,44,44,44,45,Roland,main,male,roland,assets/triangle-strategy/approved_voice_references/roland.wav,จริงๆ แล้ว ข้าคิดว่าไฮแซนต์อาจปกครองได้ดีกว่าข้า พวกเขาสามารถนำความรุ่งเรืองมาสู่นอร์เซเลียได้,,,PENDING_MANUAL_GENERATION,,triangle-strategy
45,MS17_H01_A1_0010_M_RLN_0040.wav,MS17_H01_A1_0010_M_RLN_0040,45,45,45,46,Roland,main,male,roland,assets/triangle-strategy/approved_voice_references/roland.wav,ข้านั้นมัวเมากับการแก้แค้นกุสตาดอล์ฟ จนอาจเผลอทรยศต่ออาณาจักรของตนไปแล้ว,,,PENDING_MANUAL_GENERATION,,triangle-strategy
46,MS17_H01_A1_0010_M_RLN_0050.wav,MS17_H01_A1_0010_M_RLN_0050,46,46,46,47,Roland,main,male,roland,assets/triangle-strategy/approved_voice_references/roland.wav,เซเรโนอา เจ้าทำให้ข้าตาสว่าง,,,PENDING_MANUAL_GENERATION,,triangle-strategy
47,MS17_H01_A1_0010_M_RLN_0060.wav,MS17_H01_A1_0010_M_RLN_0060,47,47,47,48,Roland,main,male,roland,assets/triangle-strategy/approved_voice_references/roland.wav,สหายของข้า ในฐานะกษัตริย์แห่งเกลนบรู๊ค ไม่ว่าศัตรูหน้าไหนข้าก็พร้อมสู้เพื่อความรุ่งโรจน์แห่งประชาชนของเรา!,,,PENDING_MANUAL_GENERATION,,triangle-strategy
48,MS17_H01_A1_0010_M_RLN_0070.wav,MS17_H01_A1_0010_M_RLN_0070,48,48,48,49,Roland,main,male,roland,assets/triangle-strategy/approved_voice_references/roland.wav,ข้าเห็นด้วย รีบยุติสงครามโดยเร็วและเด็ดขาดจะดีกว่า,,,PENDING_MANUAL_GENERATION,,triangle-strategy
49,MS17_H01_A1_0010_M_RLN_0080.wav,MS17_H01_A1_0010_M_RLN_0080,49,49,49,50,Roland,main,male,roland,assets/triangle-strategy/approved_voice_references/roland.wav,สวาร็อครู้ว่าข้าเป็นใคร และเขารับปากว่าจะสู้เคียงข้างข้า,,,PENDING_MANUAL_GENERATION,,triangle-strategy
50,MS17_H01_A1_0010_M_RLN_0090.wav,MS17_H01_A1_0010_M_RLN_0090,50,50,50,51,Roland,main,male,roland,assets/triangle-strategy/approved_voice_references/roland.wav,ข้าจะมุ่งหน้าสู่เอสฟรอสต์ และทำให้มั่นใจว่าเขาจะรักษาสัญญา,,,PENDING_MANUAL_GENERATION,,triangle-strategy
51,MS17_H01_A1_0010_M_SEL_0010.wav,MS17_H01_A1_0010_M_SEL_0010,51,51,51,52,Serenoa,main,male,serenoa,assets/triangle-strategy/approved_voice_references/serenoa.wav,ข้าตัดสินใจได้แล้ว,,,PENDING_MANUAL_GENERATION,,triangle-strategy
52,MS17_H01_A1_0010_M_SEL_0020.wav,MS17_H01_A1_0010_M_SEL_0020,52,52,52,53,Serenoa,main,male,serenoa,assets/triangle-strategy/approved_voice_references/serenoa.wav,เราจะไม่ส่งคริสตัลเกลือให้ใครทั้งสิ้น และจะไม่เก็บไว้ให้ตัวเองเช่นกัน,,,PENDING_MANUAL_GENERATION,,triangle-strategy
53,MS17_H01_A1_0010_M_SEL_0030.wav,MS17_H01_A1_0010_M_SEL_0030,53,53,53,54,Serenoa,main,male,serenoa,assets/triangle-strategy/approved_voice_references/serenoa.wav,เราจะแจกจ่ายเกลือให้ชาวนอร์เซเลียทุกคน เพื่อพลิกโฉมทวีปของเรา,,,PENDING_MANUAL_GENERATION,,triangle-strategy
54,MS17_H01_A1_0010_M_SEL_0040.wav,MS17_H01_A1_0010_M_SEL_0040,54,54,54,55,Serenoa,main,male,serenoa,assets/triangle-strategy/approved_voice_references/serenoa.wav,ข้าเพียงแค่พูดตามความรู้สึกก็เท่านั้น ข้าไม่ลืมพวกเขาแน่นอน...ข้ารับปาก,,,PENDING_MANUAL_GENERATION,,triangle-strategy
55,MS17_H01_A1_0010_M_SEL_0050.wav,MS17_H01_A1_0010_M_SEL_0050,55,55,55,56,Serenoa,main,male,serenoa,assets/triangle-strategy/approved_voice_references/serenoa.wav,แต่ข้าขอเวลาอธิบายแผนการสักหน่อย,,,PENDING_MANUAL_GENERATION,,triangle-strategy
56,MS17_H01_A1_0010_M_SEL_0060.wav,MS17_H01_A1_0010_M_SEL_0060,56,56,56,57,Serenoa,main,male,serenoa,assets/triangle-strategy/approved_voice_references/serenoa.wav,เราต้องทำลายหลักคำสอน เพื่อแจกจ่ายเกลือแก่ชาวนอร์เซเลียทุกคน,,,PENDING_MANUAL_GENERATION,,triangle-strategy
57,MS17_H01_A1_0010_M_SEL_0070.wav,MS17_H01_A1_0010_M_SEL_0070,57,57,57,58,Serenoa,main,male,serenoa,assets/triangle-strategy/approved_voice_references/serenoa.wav,ซึ่งหมายความว่า รัฐศักดิ์สิทธิ์ไฮแซนต์ต้องล่มสลาย,,,PENDING_MANUAL_GENERATION,,triangle-strategy
58,MS17_H01_A1_0010_M_SEL_0080.wav,MS17_H01_A1_0010_M_SEL_0080,58,58,58,59,Serenoa,main,male,serenoa,assets/triangle-strategy/approved_voice_references/serenoa.wav,เปล่าขอรับ เราจะโจมตีจากสามทิศทาง,,,PENDING_MANUAL_GENERATION,,triangle-strategy
59,MS17_H01_A1_0010_M_SEL_0090.wav,MS17_H01_A1_0010_M_SEL_0090,59,59,59,60,Serenoa,main,male,serenoa,assets/triangle-strategy/approved_voice_references/serenoa.wav,เราจะใช้กับดักไฟป่าในเขตปราสาทเพื่อป้องกันไฮแซนต์จากการยึดครองเหมือง,,,PENDING_MANUAL_GENERATION,,triangle-strategy
60,MS17_H01_A1_0010_M_SEL_0100.wav,MS17_H01_A1_0010_M_SEL_0100,60,60,60,61,Serenoa,main,male,serenoa,assets/triangle-strategy/approved_voice_references/serenoa.wav,ในขณะเดียวกัน ข้าจะเจรจาข้อตกลงกับเอสฟรอสต์เพื่อใช้งานปืนใหญ่เสียงสังเวย,,,PENDING_MANUAL_GENERATION,,triangle-strategy
61,MS17_H01_A1_0010_M_SEL_0110.wav,MS17_H01_A1_0010_M_SEL_0110,61,61,61,62,Serenoa,main,male,serenoa,assets/triangle-strategy/approved_voice_references/serenoa.wav,ข้ารู้ดีว่าต้องแบกรับความเสี่ยง แต่ข้าเชื่อว่าเราเกลี้ยกล่อมสวาร็อคได้แน่นอน เพราะเขาเป็นศัตรูกับอาร์ชดยุก,,,PENDING_MANUAL_GENERATION,,triangle-strategy
62,MS17_H01_A1_0010_M_SEL_0120.wav,MS17_H01_A1_0010_M_SEL_0120,62,62,62,63,Serenoa,main,male,serenoa,assets/triangle-strategy/approved_voice_references/serenoa.wav,สุดท้ายเราจะเปิดโปงคำสอนจอมปลอมของไฮแซนต์ และทำให้เกิดการปฏิวัติโรเซลล์อีกครั้ง,,,PENDING_MANUAL_GENERATION,,triangle-strategy
63,MS17_H01_A1_0010_M_SEL_0130.wav,MS17_H01_A1_0010_M_SEL_0130,63,63,63,64,Serenoa,main,male,serenoa,assets/triangle-strategy/approved_voice_references/serenoa.wav,จะได้โค่นล้มหัวหน้านักบวช และทำให้เมืองหลวงโกลาหลในคราเดียว,,,PENDING_MANUAL_GENERATION,,triangle-strategy
64,MS17_H01_A1_0010_M_SEL_0140.wav,MS17_H01_A1_0010_M_SEL_0140,64,64,64,65,Serenoa,main,male,serenoa,assets/triangle-strategy/approved_voice_references/serenoa.wav,หากมันสำเร็จ เราจะกำจัดรัฐศักดิ์สิทธิ์โดยมีเอสฟรอสต์อยู่เคียงข้าง,,,PENDING_MANUAL_GENERATION,,triangle-strategy
65,MS17_H01_A1_0010_M_SEL_0150.wav,MS17_H01_A1_0010_M_SEL_0150,65,65,65,66,Serenoa,main,male,serenoa,assets/triangle-strategy/approved_voice_references/serenoa.wav,ด้วยนาเกลือและคริสตัลเกลือที่เรามี นอร์เซเลียจะไม่ขัดสนเรื่องนี้อีกต่อไป,,,PENDING_MANUAL_GENERATION,,triangle-strategy
66,MS17_H01_A1_0010_M_SEL_0160.wav,MS17_H01_A1_0010_M_SEL_0160,66,66,66,67,Serenoa,main,male,serenoa,assets/triangle-strategy/approved_voice_references/serenoa.wav,เราจะนำสันติสุข ความเท่าเทียม และความมั่นคง มาสู่นอร์เซเลียอย่างที่โรแลนด์เคยวาดฝันไว้,,,PENDING_MANUAL_GENERATION,,triangle-strategy
67,MS17_H01_A1_0010_M_SEL_0170.wav,MS17_H01_A1_0010_M_SEL_0170,67,67,67,68,Serenoa,main,male,serenoa,assets/triangle-strategy/approved_voice_references/serenoa.wav,เราจะกอบกู้ชื่อเสียงและความรุ่งโรจน์ให้วูล์ฟฟอร์ต และนำมันเข้าสู่ยุคใหม่อย่างที่เบเนดิกต์ต้องการ,,,PENDING_MANUAL_GENERATION,,triangle-strategy
68,MS17_H01_A1_0010_M_SEL_0180.wav,MS17_H01_A1_0010_M_SEL_0180,68,68,68,69,Serenoa,main,male,serenoa,assets/triangle-strategy/approved_voice_references/serenoa.wav,ยุคที่ชาวโรเซลล์ทุกคนจะได้รับอิสระนิรันดร์ เฟรเดอริก้าที่รักของข้า,,,PENDING_MANUAL_GENERATION,,triangle-strategy
69,MS17_H01_A1_0010_M_SEL_0190.wav,MS17_H01_A1_0010_M_SEL_0190,69,69,69,70,Serenoa,main,male,serenoa,assets/triangle-strategy/approved_voice_references/serenoa.wav,สิ่งที่ข้าขออาจดูเป็นไปไม่ได้ แต่เราก็ผ่านอุปสรรคอันโหดร้ายมาได้ตลอด เรามาร่วมใจฝ่าฟันไปด้วยกันอีกสักครั้งเถอะ,,,PENDING_MANUAL_GENERATION,,triangle-strategy
70,MS17_H01_A1_0010_M_SEL_0200.wav,MS17_H01_A1_0010_M_SEL_0200,70,70,70,71,Serenoa,main,male,serenoa,assets/triangle-strategy/approved_voice_references/serenoa.wav,พวกท่านมีอะไรคัดค้านในสิ่งที่ข้าตัดสินใจไหม?,,,PENDING_MANUAL_GENERATION,,triangle-strategy
71,MS17_H01_A1_0010_M_SEL_0210.wav,MS17_H01_A1_0010_M_SEL_0210,71,71,71,72,Serenoa,main,male,serenoa,assets/triangle-strategy/approved_voice_references/serenoa.wav,พวกท่านทั้งสามคิดว่าไงขอรับ?,,,PENDING_MANUAL_GENERATION,,triangle-strategy
72,MS17_H01_A1_0010_M_SEL_0220.wav,MS17_H01_A1_0010_M_SEL_0220,72,72,72,73,Serenoa,main,male,serenoa,assets/triangle-strategy/approved_voice_references/serenoa.wav,เช่นนั้น...ตาชั่งคงไม่จำเป็นแล้วล่ะนะ,,,PENDING_MANUAL_GENERATION,,triangle-strategy
73,MS17_H01_A1_0010_M_SEL_0230.wav,MS17_H01_A1_0010_M_SEL_0230,73,73,73,74,Serenoa,main,male,serenoa,assets/triangle-strategy/approved_voice_references/serenoa.wav,เส้นทางของเราถูกกำหนดแล้ว!,,,PENDING_MANUAL_GENERATION,,triangle-strategy
74,MS17_H01_A1_0010_M_SEL_0240.wav,MS17_H01_A1_0010_M_SEL_0240,74,74,74,75,Serenoa,main,male,serenoa,assets/triangle-strategy/approved_voice_references/serenoa.wav,จากนี้ไป เราจะแยกเป็นสามทัพ ข้าขออธิบายหน้าที่ของแต่ละคนก่อน...,,,PENDING_MANUAL_GENERATION,,triangle-strategy
75,MS17_H01_A1_0010_M_SEL_0250.wav,MS17_H01_A1_0010_M_SEL_0250,75,75,75,76,Serenoa,main,male,serenoa,assets/triangle-strategy/approved_voice_references/serenoa.wav,...หวังว่ามันจะช่วยให้พวกท่านเข้าใจหน้าที่ในทัพของตนมากขึ้น,,,PENDING_MANUAL_GENERATION,,triangle-strategy
76,MS17_H01_A1_0010_M_SEL_0260.wav,MS17_H01_A1_0010_M_SEL_0260,76,76,76,77,Serenoa,main,male,serenoa,assets/triangle-strategy/approved_voice_references/serenoa.wav,การยืดเยื้อสงครามมีแต่จะทำให้อาณาจักรทั้งสามพังพินาศและอดอยาก,,,PENDING_MANUAL_GENERATION,,triangle-strategy
77,MS17_H01_A1_0010_M_SEL_0270.wav,MS17_H01_A1_0010_M_SEL_0270,77,77,77,78,Serenoa,main,male,serenoa,assets/triangle-strategy/approved_voice_references/serenoa.wav,มันทำให้พวกเขาเหล่านั้นสูญเสียอุดมการณ์ในการต่อสู้,,,PENDING_MANUAL_GENERATION,,triangle-strategy
78,MS17_H01_A1_0010_M_SEL_0280.wav,MS17_H01_A1_0010_M_SEL_0280,78,78,78,79,Serenoa,main,male,serenoa,assets/triangle-strategy/approved_voice_references/serenoa.wav,รวมถึงผู้บัญชาการในแต่ละทัพเช่นกัน,,,PENDING_MANUAL_GENERATION,,triangle-strategy
79,MS17_H01_A1_0010_M_SEL_0290.wav,MS17_H01_A1_0010_M_SEL_0290,79,79,79,80,Serenoa,main,male,serenoa,assets/triangle-strategy/approved_voice_references/serenoa.wav,เช่นนั้นข้าจะไปขอความช่วยเหลือจากแคลรุสที่สมาคม แลกกับข้อมูลเรื่องคริสตัลเกลือ,,,PENDING_MANUAL_GENERATION,,triangle-strategy
80,MS17_H01_A1_0010_M_SEL_0300.wav,MS17_H01_A1_0010_M_SEL_0300,80,80,80,81,Serenoa,main,male,serenoa,assets/triangle-strategy/approved_voice_references/serenoa.wav,เขาจะพาเราเข้าเมือง เพื่อส่งระเบิดให้เราไปพังรูปปั้นเทพธิดาตามที่ต้องการ,,,PENDING_MANUAL_GENERATION,,triangle-strategy
81,MS17_H01_A1_0010_M_SEL_0310.wav,MS17_H01_A1_0010_M_SEL_0310,81,81,81,82,Serenoa,main,male,serenoa,assets/triangle-strategy/approved_voice_references/serenoa.wav,แม้ว่าเราต้องห่างเหิน...แต่ใจเรามุ่งเดินเป็นหนึ่งเดียวกัน เราจะสู้เพื่อนอร์เซเลียอย่างเต็มที่!,,,PENDING_MANUAL_GENERATION,,triangle-strategy
82,MS17_H01_A1_0010_N_M417_0010.wav,MS17_H01_A1_0010_N_M417_0010,82,82,82,83,ชายชาวเมือง / ทหาร / ผู้ติดตาม,generic,male,MALE_ADULT_A,assets/triangle-strategy/approved_voice_references/MALE_ADULT_A.wav,เพื่อนอร์เซเลีย!,,,PENDING_MANUAL_GENERATION,,triangle-strategy
83,MS17_H01_A1_0015_M_BND_0010.wav,MS17_H01_A1_0015_M_BND_0010,83,83,83,84,Benedict,main,male,benedict,assets/triangle-strategy/approved_voice_references/benedict.wav,ท่านเข้าใจใช่ไหม...การค้นพบคริสตัลเกลือจะส่งผลกระทบต่อประวัติศาสตร์นอร์เซเลียอย่างมาก,,,PENDING_MANUAL_GENERATION,,triangle-strategy
84,MS17_H01_A1_0015_M_BND_0020.wav,MS17_H01_A1_0015_M_BND_0020,84,84,84,85,Benedict,main,male,benedict,assets/triangle-strategy/approved_voice_references/benedict.wav,สิ่งที่เราเลือกจะกำหนดชะตาของวูล์ฟฟอร์ต เราจะถูกจารึกหรือลบล้างออกจากประวัติศาสตร์...มันขึ้นอยู่กับเราแล้ว,,,PENDING_MANUAL_GENERATION,,triangle-strategy
85,MS17_H01_A1_0015_M_BND_0030.wav,MS17_H01_A1_0015_M_BND_0030,85,85,85,86,Benedict,main,male,benedict,assets/triangle-strategy/approved_voice_references/benedict.wav,ข้าจะทำทุกวิถีทางเพื่อป้องกันคริสตัลเกลือจากเงื้อมมือของไฮแซนต์,,,PENDING_MANUAL_GENERATION,,triangle-strategy
86,MS17_H01_A1_0015_M_BND_0040.wav,MS17_H01_A1_0015_M_BND_0040,86,86,86,87,Benedict,main,male,benedict,assets/triangle-strategy/approved_voice_references/benedict.wav,พวกมันยึดนาเกลือไปแล้ว ขืนได้คริสตัลเกลือไปอีกมีหวังคงได้ครองทั้งทวีปแน่,,,PENDING_MANUAL_GENERATION,,triangle-strategy
87,MS17_H01_A1_0015_M_BND_0050.wav,MS17_H01_A1_0015_M_BND_0050,87,87,87,88,Benedict,main,male,benedict,assets/triangle-strategy/approved_voice_references/benedict.wav,คำสอนชวนหลงผิดของเทพธิดาจอมปลอม...จะแพร่กระจายสู่ทุกคนขอรับ,,,PENDING_MANUAL_GENERATION,,triangle-strategy
88,MS17_H01_A1_0015_M_BND_0060.wav,MS17_H01_A1_0015_M_BND_0060,88,88,88,89,Benedict,main,male,benedict,assets/triangle-strategy/approved_voice_references/benedict.wav,มันคงไม่สำคัญหรอกขอรับ กว่าจะถึงตอนนั้น...เทพธิดาคงใช้ความเท่าเทียมเป็นเครื่องมือควบคุมทุกคนไปหมดแล้ว หรือควรจะพูดว่าหัวหน้านักบวชดีล่ะ?,,,PENDING_MANUAL_GENERATION,,triangle-strategy
89,MS17_H01_A1_0015_M_BND_0070.wav,MS17_H01_A1_0015_M_BND_0070,89,89,89,90,Benedict,main,male,benedict,assets/triangle-strategy/approved_voice_references/benedict.wav,จนสุดท้าย ชาวนอร์เซเลียทุกคนจะมีชีวิตและจุดจบเช่นเดียวกับชาวโรเซลล์,,,PENDING_MANUAL_GENERATION,,triangle-strategy
90,MS17_H01_A1_0015_M_BND_0080.wav,MS17_H01_A1_0015_M_BND_0080,90,90,90,91,Benedict,main,male,benedict,assets/triangle-strategy/approved_voice_references/benedict.wav,แต่หากเราร่วมมือกับเอสฟรอสต์ พวกมันก็จะสู้เราไม่ได้ขอรับ,,,PENDING_MANUAL_GENERATION,,triangle-strategy
91,MS17_H01_A1_0015_M_BND_0090.wav,MS17_H01_A1_0015_M_BND_0090,91,91,91,92,Benedict,main,male,benedict,assets/triangle-strategy/approved_voice_references/benedict.wav,อาจจะบ้าก็ได้ แต่ท่านลองคิดตามสิขอรับ,,,PENDING_MANUAL_GENERATION,,triangle-strategy
92,MS17_H01_A1_0015_M_BND_0100.wav,MS17_H01_A1_0015_M_BND_0100,92,92,92,93,Benedict,main,male,benedict,assets/triangle-strategy/approved_voice_references/benedict.wav,เอสฟรอสต์เพียงแค่ต้องการยึดอำนาจไฮแซนต์ หากพวกเขาชิงคริสตัลเกลือมาได้...รับรองพวกเขาพร้อมรบแน่นอน,,,PENDING_MANUAL_GENERATION,,triangle-strategy
93,MS17_H01_A1_0015_M_BND_0110.wav,MS17_H01_A1_0015_M_BND_0110,93,93,93,94,Benedict,main,male,benedict,assets/triangle-strategy/approved_voice_references/benedict.wav,เอสฟรอสต์เตรียมตัวเพื่อการนี้มาได้สักพักแล้วขอรับ,,,PENDING_MANUAL_GENERATION,,triangle-strategy
94,MS17_H01_A1_0015_M_BND_0120.wav,MS17_H01_A1_0015_M_BND_0120,94,94,94,95,Benedict,main,male,benedict,assets/triangle-strategy/approved_voice_references/benedict.wav,ถูกต้อง อาวุธนี้สามารถทำลายโล่เทพธิดาจนสิ้นซาก ส่งผลให้เมืองหลวงไฮแซนต์เข้ายึดครองได้ง่าย,,,PENDING_MANUAL_GENERATION,,triangle-strategy
95,MS17_H01_A1_0015_M_BND_0130.wav,MS17_H01_A1_0015_M_BND_0130,95,95,95,96,Benedict,main,male,benedict,assets/triangle-strategy/approved_voice_references/benedict.wav,ถ้าเราไม่มีอาวุธนั่น เราเอาชนะพวกมันไม่ได้หรอกขอรับ,,,PENDING_MANUAL_GENERATION,,triangle-strategy
96,MS17_H01_A1_0015_M_BND_0140.wav,MS17_H01_A1_0015_M_BND_0140,96,96,96,97,Benedict,main,male,benedict,assets/triangle-strategy/approved_voice_references/benedict.wav,ขอแค่ท่านเอ่ยปาก ข้าก็พร้อมเจรจาผูกมิตรกับเอสฟรอสต์,,,PENDING_MANUAL_GENERATION,,triangle-strategy
97,MS17_H01_A1_0015_M_BND_0150.wav,MS17_H01_A1_0015_M_BND_0150,97,97,97,98,Benedict,main,male,benedict,assets/triangle-strategy/approved_voice_references/benedict.wav,รบกวนท่านช่วยสงบสติอารมณ์ และฟังคำถามข้าให้ดีนะขอรับ,,,PENDING_MANUAL_GENERATION,,triangle-strategy
98,MS17_H01_A1_0015_M_BND_0160.wav,MS17_H01_A1_0015_M_BND_0160,98,98,98,99,Benedict,main,male,benedict,assets/triangle-strategy/approved_voice_references/benedict.wav,ท่านคิดว่าฝ่าบาทโรแลนด์คู่ควรกับบัลลังก์ไหม?,,,PENDING_MANUAL_GENERATION,,triangle-strategy
99,MS17_H01_A1_0015_M_BND_0170.wav,MS17_H01_A1_0015_M_BND_0170,99,99,99,100,Benedict,main,male,benedict,assets/triangle-strategy/approved_voice_references/benedict.wav,ข้าไม่สนเรื่องมารยาทแล้ว ชะตาของแผ่นดินขึ้นอยู่กับเรานะ...ลอร์ดเซเรโนอา,,,PENDING_MANUAL_GENERATION,,triangle-strategy
100,MS17_H01_A1_0015_M_BND_0180.wav,MS17_H01_A1_0015_M_BND_0180,100,100,100,101,Benedict,main,male,benedict,assets/triangle-strategy/approved_voice_references/benedict.wav,ท่านอยากจะรับใช้ผู้อื่นไปชั่วชีวิตจริงๆเหรอ?,,,PENDING_MANUAL_GENERATION,,triangle-strategy
101,MS17_H01_A1_0015_M_BND_0190.wav,MS17_H01_A1_0015_M_BND_0190,101,101,101,102,Benedict,main,male,benedict,assets/triangle-strategy/approved_voice_references/benedict.wav,ส่วนท่านคือผู้นำตระกูลวูล์ฟฟอร์ต ซึ่งนอร์เซเลียรู้จักท่านในฐานะตระกูลที่แข็งแกร่งที่สุดนะขอรับ!,,,PENDING_MANUAL_GENERATION,,triangle-strategy
102,MS17_H01_A1_0015_M_BND_0200.wav,MS17_H01_A1_0015_M_BND_0200,102,102,102,103,Benedict,main,male,benedict,assets/triangle-strategy/approved_voice_references/benedict.wav,ท่านไม่ใช่สุนัขรับใช้ของเกลนบรู๊คหรือไฮแซนต์,,,PENDING_MANUAL_GENERATION,,triangle-strategy
103,MS17_H01_A1_0015_M_BND_0210.wav,MS17_H01_A1_0015_M_BND_0210,103,103,103,104,Benedict,main,male,benedict,assets/triangle-strategy/approved_voice_references/benedict.wav,หากท่านไม่ปกป้องตระกูลของตน แล้วท่านจะอยู่ที่นี่เพื่ออะไร?,,,PENDING_MANUAL_GENERATION,,triangle-strategy
104,MS17_H01_A1_0015_M_BND_0220.wav,MS17_H01_A1_0015_M_BND_0220,104,104,104,105,Benedict,main,male,benedict,assets/triangle-strategy/approved_voice_references/benedict.wav,ความสามารถของท่านยังพัฒนาได้อีก,,,PENDING_MANUAL_GENERATION,,triangle-strategy
105,MS17_H01_A1_0015_M_BND_0230.wav,MS17_H01_A1_0015_M_BND_0230,105,105,105,106,Benedict,main,male,benedict,assets/triangle-strategy/approved_voice_references/benedict.wav,นอร์เซเลียเป็นของท่านได้ หากท่านต้องการ,,,PENDING_MANUAL_GENERATION,,triangle-strategy
106,MS17_H01_A1_0015_M_BND_0240.wav,MS17_H01_A1_0015_M_BND_0240,106,106,106,107,Benedict,main,male,benedict,assets/triangle-strategy/approved_voice_references/benedict.wav,ไม่ใช่ขอรับ แต่สายเลือดของท่านกับแหวนราชวงศ์ก็เป็นเครื่องพิสูจน์แล้วว่าท่านคู่ควรกับบัลลังก์ ไม่จำเป็นต้องใช้ความรุนแรงเลย,,,PENDING_MANUAL_GENERATION,,triangle-strategy
107,MS17_H01_A1_0015_M_BND_0250.wav,MS17_H01_A1_0015_M_BND_0250,107,107,107,108,Benedict,main,male,benedict,assets/triangle-strategy/approved_voice_references/benedict.wav,แต่ท่านก็ไม่ได้บอกให้ข้าลืมเช่นกัน มันถึงเวลาที่ท่านต้องจัดการกับสายเลือดของตนแล้ว ท่านต้อง-,,,PENDING_MANUAL_GENERATION,,triangle-strategy
108,MS17_H01_A1_0015_M_BND_0260.wav,MS17_H01_A1_0015_M_BND_0260,108,108,108,109,Benedict,main,male,benedict,assets/triangle-strategy/approved_voice_references/benedict.wav,ข้ายินดีทำตามคำสั่งของท่านทุกอย่างขอรับ ลอร์ดเซเรโนอา,,,PENDING_MANUAL_GENERATION,,triangle-strategy
109,MS17_H01_A1_0015_M_BND_0270.wav,MS17_H01_A1_0015_M_BND_0270,109,109,109,110,Benedict,main,male,benedict,assets/triangle-strategy/approved_voice_references/benedict.wav,แต่ขอให้ท่านตัดสินใจอย่างถูกต้อง ไม่ใช่เพื่อตระกูลวูล์ฟฟอร์ตอย่างเดียว...,,,PENDING_MANUAL_GENERATION,,triangle-strategy
110,MS17_H01_A1_0015_M_BND_0280.wav,MS17_H01_A1_0015_M_BND_0280,110,110,110,111,Benedict,main,male,benedict,assets/triangle-strategy/approved_voice_references/benedict.wav,...แต่เพื่อตัวท่านเองด้วย,,,PENDING_MANUAL_GENERATION,,triangle-strategy
111,MS17_H01_A1_0015_M_SEL_0010.wav,MS17_H01_A1_0015_M_SEL_0010,111,111,111,112,Serenoa,main,male,serenoa,assets/triangle-strategy/approved_voice_references/serenoa.wav,แล้วท่านจะเอายังไงขอรับ เบเนดิกต์?,,,PENDING_MANUAL_GENERATION,,triangle-strategy
112,MS17_H01_A1_0015_M_SEL_0020.wav,MS17_H01_A1_0015_M_SEL_0020,112,112,112,113,Serenoa,main,male,serenoa,assets/triangle-strategy/approved_voice_references/serenoa.wav,แม้ว่าพวกเขาจะเรียกข้าว่าเป็นผู้ศักดิ์สิทธิ์อย่างนั้นเหรอ?,,,PENDING_MANUAL_GENERATION,,triangle-strategy
113,MS17_H01_A1_0015_M_SEL_0030.wav,MS17_H01_A1_0015_M_SEL_0030,113,113,113,114,Serenoa,main,male,serenoa,assets/triangle-strategy/approved_voice_references/serenoa.wav,แผลเก่าระหว่างเรากับเอสฟรอสต์จากศึกครั้งก่อนยังไม่ทันหายเลยด้วยซ้ำ,,,PENDING_MANUAL_GENERATION,,triangle-strategy
114,MS17_H01_A1_0015_M_SEL_0040.wav,MS17_H01_A1_0015_M_SEL_0040,114,114,114,115,Serenoa,main,male,serenoa,assets/triangle-strategy/approved_voice_references/serenoa.wav,ทำสงครามกับไฮแซนต์ด้วยสภาพเช่นนี้คงถูกไฮแซนต์บดขยี้เป็นแน่,,,PENDING_MANUAL_GENERATION,,triangle-strategy
115,MS17_H01_A1_0015_M_SEL_0050.wav,MS17_H01_A1_0015_M_SEL_0050,115,115,115,116,Serenoa,main,male,serenoa,assets/triangle-strategy/approved_voice_references/serenoa.wav,ร่วมมือกับเอสฟรอ- ท่านจะบ้าไปแล้วเหรอ เบเนดิกต์!?,,,PENDING_MANUAL_GENERATION,,triangle-strategy
116,MS17_H01_A1_0015_M_SEL_0060.wav,MS17_H01_A1_0015_M_SEL_0060,116,116,116,117,Serenoa,main,male,serenoa,assets/triangle-strategy/approved_voice_references/serenoa.wav,เป้าหมายส่วนใหญ่ของเราตรงกันก็จริง แต่ว่า...,,,PENDING_MANUAL_GENERATION,,triangle-strategy
117,MS17_H01_A1_0015_M_SEL_0070.wav,MS17_H01_A1_0015_M_SEL_0070,117,117,117,118,Serenoa,main,male,serenoa,assets/triangle-strategy/approved_voice_references/serenoa.wav,ปืนใหญ่เสียงสังเวย อาวุธที่คอร์เดเลียเคยพูดถึงสินะ,,,PENDING_MANUAL_GENERATION,,triangle-strategy
118,MS17_H01_A1_0015_M_SEL_0080.wav,MS17_H01_A1_0015_M_SEL_0080,118,118,118,119,Serenoa,main,male,serenoa,assets/triangle-strategy/approved_voice_references/serenoa.wav,ขอบคุณที่จริงใจนะเบเนดิกต์ ข้าเชื่อแน่นอนว่าท่านจะเจรจากับเอสฟรอสต์สำเร็จ,,,PENDING_MANUAL_GENERATION,,triangle-strategy
119,MS17_H01_A1_0015_M_SEL_0090.wav,MS17_H01_A1_0015_M_SEL_0090,119,119,119,120,Serenoa,main,male,serenoa,assets/triangle-strategy/approved_voice_references/serenoa.wav,แต่กำแพงในใจฝ่าบาทโรแลนด์คือศึกครั้งใหญ่ที่เราต้องเผชิญ,,,PENDING_MANUAL_GENERATION,,triangle-strategy
120,MS17_H01_A1_0015_M_SEL_0100.wav,MS17_H01_A1_0015_M_SEL_0100,120,120,120,121,Serenoa,main,male,serenoa,assets/triangle-strategy/approved_voice_references/serenoa.wav,ทำไมต้องใช้น้ำเสียงน่ากลัวเช่นนี้ด้วยล่ะ?,,,PENDING_MANUAL_GENERATION,,triangle-strategy
121,MS17_H01_A1_0015_M_SEL_0110.wav,MS17_H01_A1_0015_M_SEL_0110,121,121,121,122,Serenoa,main,male,serenoa,assets/triangle-strategy/approved_voice_references/serenoa.wav,อะไรของท่านเนี่ย!?,,,PENDING_MANUAL_GENERATION,,triangle-strategy
122,MS17_H01_A1_0015_M_SEL_0120.wav,MS17_H01_A1_0015_M_SEL_0120,122,122,122,123,Serenoa,main,male,serenoa,assets/triangle-strategy/approved_voice_references/serenoa.wav,พอได้แล้วเบเนดิกต์ โรแลนด์เป็นมากกว่ากษัตริย์ด้วยซ้ำ เพราะเขาคือสหายของข้า,,,PENDING_MANUAL_GENERATION,,triangle-strategy
123,MS17_H01_A1_0015_M_SEL_0140.wav,MS17_H01_A1_0015_M_SEL_0140,124,124,124,125,Serenoa,main,male,serenoa,assets/triangle-strategy/approved_voice_references/serenoa.wav,สรุปแล้วท่านแนะนำให้ข้าก่อกบฎงั้นเหรอ?,,,PENDING_MANUAL_GENERATION,,triangle-strategy
124,MS17_H01_A1_0015_M_SEL_0150.wav,MS17_H01_A1_0015_M_SEL_0150,125,125,125,126,Serenoa,main,male,serenoa,assets/triangle-strategy/approved_voice_references/serenoa.wav,ข้าบอกแล้วไงว่าอย่าพูดถึงเรื่องนี้อีก,,,PENDING_MANUAL_GENERATION,,triangle-strategy
125,MS17_H01_A1_0015_M_SEL_0160.wav,MS17_H01_A1_0015_M_SEL_0160,126,126,126,127,Serenoa,main,male,serenoa,assets/triangle-strategy/approved_voice_references/serenoa.wav,พอได้แล้ว ข้าขออยู่คนเดียวจะได้ไหม,,,PENDING_MANUAL_GENERATION,,triangle-strategy
126,MS17_H01_A1_0020_F_FRE_0010.wav,MS17_H01_A1_0020_F_FRE_0010,127,127,127,128,Frederica,main,female,frederica,assets/triangle-strategy/approved_voice_references/frederica.wav,สีหน้าของฝ่าบาทโรแลนด์ดูแค้นเคืองอย่างชัดเจนเลย ข้าเจ็บปวดเหลือเกินที่ต้องเห็นเขาเป็นทุกข์เช่นนี้,,,PENDING_MANUAL_GENERATION,,triangle-strategy
127,MS17_H01_A1_0020_F_FRE_0020.wav,MS17_H01_A1_0020_F_FRE_0020,128,128,128,129,Frederica,main,female,frederica,assets/triangle-strategy/approved_voice_references/frederica.wav,บอกข้าหน่อยสิ เจ้าจะเอายังไงกับคริสตัลเกลือเหรอ?,,,PENDING_MANUAL_GENERATION,,triangle-strategy
128,MS17_H01_A1_0020_F_FRE_0030.wav,MS17_H01_A1_0020_F_FRE_0030,129,129,129,130,Frederica,main,female,frederica,assets/triangle-strategy/approved_voice_references/frederica.wav,ซึ่งนั่นคือปัญหา เพราะนาเกลือคือต้นเหตุ,,,PENDING_MANUAL_GENERATION,,triangle-strategy
129,MS17_H01_A1_0020_F_FRE_0040.wav,MS17_H01_A1_0020_F_FRE_0040,130,130,130,131,Frederica,main,female,frederica,assets/triangle-strategy/approved_voice_references/frederica.wav,เกลือคือหัวใจสำคัญแห่งสงครามนอร์เซเลีย,,,PENDING_MANUAL_GENERATION,,triangle-strategy
130,MS17_H01_A1_0020_F_FRE_0050.wav,MS17_H01_A1_0020_F_FRE_0050,131,131,131,132,Frederica,main,female,frederica,assets/triangle-strategy/approved_voice_references/frederica.wav,ที่รัก ข้าขอพูดหน่อยนะ... การค้นพบคริสตัลเกลือทำให้ข้าได้เห็นสองสิ่งนี้,,,PENDING_MANUAL_GENERATION,,triangle-strategy
131,MS17_H01_A1_0020_F_FRE_0060.wav,MS17_H01_A1_0020_F_FRE_0060,132,132,132,133,Frederica,main,female,frederica,assets/triangle-strategy/approved_voice_references/frederica.wav,เรื่องแรก ตำนานโรเซลล์ที่ท่านแม่เล่าขานเป็นเรื่องจริง,,,PENDING_MANUAL_GENERATION,,triangle-strategy
132,MS17_H01_A1_0020_F_FRE_0070.wav,MS17_H01_A1_0020_F_FRE_0070,133,133,133,134,Frederica,main,female,frederica,assets/triangle-strategy/approved_voice_references/frederica.wav,ใช่แล้ว ซึ่งพวกเราไม่มีความผิดอะไรด้วยซ้ำ,,,PENDING_MANUAL_GENERATION,,triangle-strategy
133,MS17_H01_A1_0020_F_FRE_0080.wav,MS17_H01_A1_0020_F_FRE_0080,134,134,134,135,Frederica,main,female,frederica,assets/triangle-strategy/approved_voice_references/frederica.wav,แต่ชาวโรเซลล์กลับต้องมาเหี่ยวเฉาในนาเกลือ ถูกกดขี่และบังคับให้ทำงานจนสิ้นลม,,,PENDING_MANUAL_GENERATION,,triangle-strategy
134,MS17_H01_A1_0020_F_FRE_0090.wav,MS17_H01_A1_0020_F_FRE_0090,135,135,135,136,Frederica,main,female,frederica,assets/triangle-strategy/approved_voice_references/frederica.wav,เราสูญเสียไปทั้งตระกูล... ชีวิตนับไม่ถ้วนถูกสังเวยให้กับความโหดร้ายของไฮแซนต์...,,,PENDING_MANUAL_GENERATION,,triangle-strategy
135,MS17_H01_A1_0020_F_FRE_0100.wav,MS17_H01_A1_0020_F_FRE_0100,136,136,136,137,Frederica,main,female,frederica,assets/triangle-strategy/approved_voice_references/frederica.wav,ความโหดร้ายที่สร้างขึ้นเพื่อสนองความโลภและกระหายอำนาจของพวกมัน,,,PENDING_MANUAL_GENERATION,,triangle-strategy
136,MS17_H01_A1_0020_F_FRE_0110.wav,MS17_H01_A1_0020_F_FRE_0110,137,137,137,138,Frederica,main,female,frederica,assets/triangle-strategy/approved_voice_references/frederica.wav,ซึ่งถูกเปิดเผยด้วยผลึกเกลือที่พวกมันหวงแหนหนักหนา,,,PENDING_MANUAL_GENERATION,,triangle-strategy
137,MS17_H01_A1_0020_F_FRE_0120.wav,MS17_H01_A1_0020_F_FRE_0120,138,138,138,139,Frederica,main,female,frederica,assets/triangle-strategy/approved_voice_references/frederica.wav,ถึงเวลาแล้วเซเรโนอา มอบอิสระแก่ชาวโรเซลล์กันเถอะ,,,PENDING_MANUAL_GENERATION,,triangle-strategy
138,MS17_H01_A1_0020_F_FRE_0130.wav,MS17_H01_A1_0020_F_FRE_0130,139,139,139,140,Frederica,main,female,frederica,assets/triangle-strategy/approved_voice_references/frederica.wav,คริสตัลเกลือพาเราเข้าสู่สงคราม,,,PENDING_MANUAL_GENERATION,,triangle-strategy
139,MS17_H01_A1_0020_F_FRE_0140.wav,MS17_H01_A1_0020_F_FRE_0140,140,140,140,141,Frederica,main,female,frederica,assets/triangle-strategy/approved_voice_references/frederica.wav,เราสามารถใช้เรื่องนี้เพื่อชักจูงให้ชาวโรเซลล์ลุกขึ้นปฏิวัติได้!,,,PENDING_MANUAL_GENERATION,,triangle-strategy
140,MS17_H01_A1_0020_F_FRE_0150.wav,MS17_H01_A1_0020_F_FRE_0150,141,141,141,142,Frederica,main,female,frederica,assets/triangle-strategy/approved_voice_references/frederica.wav,เหมือนว่ามันเป็นเรื่องง่ายใช่ไหมล่ะ? แต่ความทุกข์ร้อนของพวกเขามันเป็นเรื่องไกลตัวของคนอื่นจริงๆ,,,PENDING_MANUAL_GENERATION,,triangle-strategy
141,MS17_H01_A1_0020_F_FRE_0160.wav,MS17_H01_A1_0020_F_FRE_0160,142,142,142,143,Frederica,main,female,frederica,assets/triangle-strategy/approved_voice_references/frederica.wav,พวกเราตัวคนเดียวมาโดยตลอด ในเมื่อไม่มีใครมาช่วยแก้ไข...ท่านแม่จึงต้องเป็นคนเริ่มปฏิวัติเสียเองยังไงล่ะ,,,PENDING_MANUAL_GENERATION,,triangle-strategy
142,MS17_H01_A1_0020_F_FRE_0170.wav,MS17_H01_A1_0020_F_FRE_0170,143,143,143,144,Frederica,main,female,frederica,assets/triangle-strategy/approved_voice_references/frederica.wav,ขอบคุณสวรรค์เหลือเกิน ที่ส่งเจ้ามาอยู่เคียงข้างกัน,,,PENDING_MANUAL_GENERATION,,triangle-strategy
143,MS17_H01_A1_0020_F_FRE_0180.wav,MS17_H01_A1_0020_F_FRE_0180,144,144,144,145,Frederica,main,female,frederica,assets/triangle-strategy/approved_voice_references/frederica.wav,ข้าเชื่อว่าครั้งนี้มันจะไม่เหมือนเดิม เพราะข้าจะสานต่อในสิ่งที่ท่านแม่ทำไม่สำเร็จ,,,PENDING_MANUAL_GENERATION,,triangle-strategy
144,MS17_H01_A1_0020_F_FRE_0190.wav,MS17_H01_A1_0020_F_FRE_0190,145,145,145,146,Frederica,main,female,frederica,assets/triangle-strategy/approved_voice_references/frederica.wav,มันก็แน่อยู่แล้ว...,,,PENDING_MANUAL_GENERATION,,triangle-strategy
145,MS17_H01_A1_0020_F_FRE_0200.wav,MS17_H01_A1_0020_F_FRE_0200,146,146,146,147,Frederica,main,female,frederica,assets/triangle-strategy/approved_voice_references/frederica.wav,แต่นั่น...คือตำนานไม่ใช่เหรอ,,,PENDING_MANUAL_GENERATION,,triangle-strategy
146,MS17_H01_A1_0020_F_FRE_0220.wav,MS17_H01_A1_0020_F_FRE_0220,148,148,148,149,Frederica,main,female,frederica,assets/triangle-strategy/approved_voice_references/frederica.wav,เบเนดิกต์คงไม่เข้าใจความรู้สึกของเราแน่เลย...,,,PENDING_MANUAL_GENERATION,,triangle-strategy
147,MS17_H01_A1_0020_F_FRE_0230.wav,MS17_H01_A1_0020_F_FRE_0230,149,149,149,150,Frederica,main,female,frederica,assets/triangle-strategy/approved_voice_references/frederica.wav,พวกเราละทิ้งทุกสิ่ง เพื่อมุ่งหน้าสู่เส้นทางที่เต็มไปด้วยขวากหนาม เพื่อตามหาตำนาน...,,,PENDING_MANUAL_GENERATION,,triangle-strategy
148,MS17_H01_A1_0020_F_FRE_0240.wav,MS17_H01_A1_0020_F_FRE_0240,150,150,150,151,Frederica,main,female,frederica,assets/triangle-strategy/approved_voice_references/frederica.wav,ข้าไม่สนหรอกว่าเส้นทางข้างหน้าจะอันตรายเพียงใด ขอแค่มีเจ้าร่วมเดินไปด้วยกันก็พอ,,,PENDING_MANUAL_GENERATION,,triangle-strategy
149,MS17_H01_A1_0020_M_SEL_0010.wav,MS17_H01_A1_0020_M_SEL_0010,151,151,151,152,Serenoa,main,male,serenoa,assets/triangle-strategy/approved_voice_references/serenoa.wav,มันก็แบบนี้แหละ อนาคตแห่งอาณาจักรและนอร์เซเลียขึ้นอยู่กับเขานี่นะ,,,PENDING_MANUAL_GENERATION,,triangle-strategy
150,MS17_H01_A1_0020_M_SEL_0020.wav,MS17_H01_A1_0020_M_SEL_0020,152,152,152,153,Serenoa,main,male,serenoa,assets/triangle-strategy/approved_voice_references/serenoa.wav,เอาเข้าจริง...ข้ายังตัดสินใจไม่ได้เลย,,,PENDING_MANUAL_GENERATION,,triangle-strategy
151,MS17_H01_A1_0020_M_SEL_0030.wav,MS17_H01_A1_0020_M_SEL_0030,153,153,153,154,Serenoa,main,male,serenoa,assets/triangle-strategy/approved_voice_references/serenoa.wav,เกลือนั้นมีค่าเกินกว่าจะเก็บไว้คนเดียว เราต้องแบ่งปันให้กับทุกคน ซึ่ง-,,,PENDING_MANUAL_GENERATION,,triangle-strategy
152,MS17_H01_A1_0020_M_SEL_0040.wav,MS17_H01_A1_0020_M_SEL_0040,154,154,154,155,Serenoa,main,male,serenoa,assets/triangle-strategy/approved_voice_references/serenoa.wav,หากทะเลเกลือตามตำนานแห่งโรเซลล์ยังมีอยู่จริง เราคงไม่ต้องมาแย่งชิงเกลือกันหรอก,,,PENDING_MANUAL_GENERATION,,triangle-strategy
153,MS17_H01_A1_0020_M_SEL_0050.wav,MS17_H01_A1_0020_M_SEL_0050,155,155,155,156,Serenoa,main,male,serenoa,assets/triangle-strategy/approved_voice_references/serenoa.wav,และอีกเรื่องคือคำสอนของเทพธิดามันเป็นเพียงข้ออ้างในการกักขังคนของเจ้า,,,PENDING_MANUAL_GENERATION,,triangle-strategy
154,MS17_H01_A1_0020_M_SEL_0060.wav,MS17_H01_A1_0020_M_SEL_0060,156,156,156,157,Serenoa,main,male,serenoa,assets/triangle-strategy/approved_voice_references/serenoa.wav,หัวใจหลักของคำสอนพวกมันมีแต่เรื่องจอมปลอม,,,PENDING_MANUAL_GENERATION,,triangle-strategy
155,MS17_H01_A1_0020_M_SEL_0070.wav,MS17_H01_A1_0020_M_SEL_0070,157,157,157,158,Serenoa,main,male,serenoa,assets/triangle-strategy/approved_voice_references/serenoa.wav,เชื่อข้าเถอะ ข้าเห็นด้วยกับเจ้าจริงๆ แต่เจ้าพูดเหมือนว่า-,,,PENDING_MANUAL_GENERATION,,triangle-strategy
156,MS17_H01_A1_0020_M_SEL_0080.wav,MS17_H01_A1_0020_M_SEL_0080,158,158,158,159,Serenoa,main,male,serenoa,assets/triangle-strategy/approved_voice_references/serenoa.wav,ข้าสาบานเลยว่าเรื่องพวกนี้ไม่ใช่เรื่องไกลตัวสำหรับข้าแน่ ชาวโรเซลล์อาศัยอยู่ในเขตของข้า และเจ้าเป็นคู่หมั้นของข้าเช่นกัน,,,PENDING_MANUAL_GENERATION,,triangle-strategy
157,MS17_H01_A1_0020_M_SEL_0090.wav,MS17_H01_A1_0020_M_SEL_0090,159,159,159,160,Serenoa,main,male,serenoa,assets/triangle-strategy/approved_voice_references/serenoa.wav,มันใกล้ตัวมากเลยนะ,,,PENDING_MANUAL_GENERATION,,triangle-strategy
158,MS17_H01_A1_0020_M_SEL_0110.wav,MS17_H01_A1_0020_M_SEL_0110,161,161,161,162,Serenoa,main,male,serenoa,assets/triangle-strategy/approved_voice_references/serenoa.wav,ข้าเห็นด้วยนะ แต่มันเสี่ยงเกินไป,,,PENDING_MANUAL_GENERATION,,triangle-strategy
159,MS17_H01_A1_0020_M_SEL_0120.wav,MS17_H01_A1_0020_M_SEL_0120,162,162,162,163,Serenoa,main,male,serenoa,assets/triangle-strategy/approved_voice_references/serenoa.wav,หากเราทำสำเร็จแล้วจะเอาไงต่อล่ะ? ไฮแซนต์ไม่ปล่อยเราไปง่ายๆหรอกนะ,,,PENDING_MANUAL_GENERATION,,triangle-strategy
160,MS17_H01_A1_0020_M_SEL_0130.wav,MS17_H01_A1_0020_M_SEL_0130,163,163,163,164,Serenoa,main,male,serenoa,assets/triangle-strategy/approved_voice_references/serenoa.wav,...เมื่อถึงเวลานั้น เจ้าต้องพาชาวโรเซลล์กลับทวีปเซนทราเลีย,,,PENDING_MANUAL_GENERATION,,triangle-strategy
161,MS17_H01_A1_0020_M_SEL_0140.wav,MS17_H01_A1_0020_M_SEL_0140,164,164,164,165,Serenoa,main,male,serenoa,assets/triangle-strategy/approved_voice_references/serenoa.wav,เช่นเดียวกับที่แม่ของเจ้าเขียนไว้ในหนังสือเล่มนั้น,,,PENDING_MANUAL_GENERATION,,triangle-strategy
162,MS17_H01_A1_0020_M_SEL_0150.wav,MS17_H01_A1_0020_M_SEL_0150,165,165,165,166,Serenoa,main,male,serenoa,assets/triangle-strategy/approved_voice_references/serenoa.wav,เบื้องล่างน้ำตกแห่งแคว้นฟ็อลคส์ ปลายแม่น้ำนอร์เซเลีย,,,PENDING_MANUAL_GENERATION,,triangle-strategy
163,MS17_H01_A1_0020_M_SEL_0155.wav,MS17_H01_A1_0020_M_SEL_0155,166,166,166,167,Serenoa,main,male,serenoa,assets/triangle-strategy/approved_voice_references/serenoa.wav,คือบ้านที่แท้จริงของชาวโรเซลล์,,,PENDING_MANUAL_GENERATION,,triangle-strategy
164,MS17_H01_A1_0020_M_SEL_0160.wav,MS17_H01_A1_0020_M_SEL_0160,167,167,167,168,Serenoa,main,male,serenoa,assets/triangle-strategy/approved_voice_references/serenoa.wav,ในเมื่อตำนานของแม่เจ้าเป็นเรื่องจริง ทำไมเรื่องนี้ถึงจะไม่ใช่ล่ะ? อย่างน้อยเจ้าจะปลอดภัยที่นั่นนะ,,,PENDING_MANUAL_GENERATION,,triangle-strategy
165,MS17_H01_A1_0025_M_RLN_0010.wav,MS17_H01_A1_0025_M_RLN_0010,168,168,168,169,Roland,main,male,roland,assets/triangle-strategy/approved_voice_references/roland.wav,ข้าสิที่รบกวนเวลา...ถึงต้องเดินทางมาหาเจ้าไง พอดีอยากจะบอกว่าข้าตัดสินใจได้แล้วล่ะ,,,PENDING_MANUAL_GENERATION,,triangle-strategy
166,MS17_H01_A1_0025_M_RLN_0020.wav,MS17_H01_A1_0025_M_RLN_0020,169,169,169,170,Roland,main,male,roland,assets/triangle-strategy/approved_voice_references/roland.wav,ข้าครุ่นคิดมานาน ว่านอร์เซเลียต้องการสิ่งใดมากที่สุด,,,PENDING_MANUAL_GENERATION,,triangle-strategy
167,MS17_H01_A1_0025_M_RLN_0030.wav,MS17_H01_A1_0025_M_RLN_0030,170,170,170,171,Roland,main,male,roland,assets/triangle-strategy/approved_voice_references/roland.wav,แม้ว่าจะผ่านสงครามซอลท์ไอรอนมาแล้วกว่าสามสิบปี แต่ต้นตอปัญหายังคงอยู่เช่นเดิม,,,PENDING_MANUAL_GENERATION,,triangle-strategy
168,MS17_H01_A1_0025_M_RLN_0040.wav,MS17_H01_A1_0025_M_RLN_0040,171,171,171,172,Roland,main,male,roland,assets/triangle-strategy/approved_voice_references/roland.wav,แต่ละอาณาจักรนั้นคิดถึงแค่ตัวเอง อยากทำให้ตัวเองเฟื่องฟูจนต้องเอาเปรียบผู้อื่น,,,PENDING_MANUAL_GENERATION,,triangle-strategy
169,MS17_H01_A1_0025_M_RLN_0050.wav,MS17_H01_A1_0025_M_RLN_0050,172,172,172,173,Roland,main,male,roland,assets/triangle-strategy/approved_voice_references/roland.wav,แล้วใครกันล่ะที่ต้องลำบากเพราะสงคราม?,,,PENDING_MANUAL_GENERATION,,triangle-strategy
170,MS17_H01_A1_0025_M_RLN_0060.wav,MS17_H01_A1_0025_M_RLN_0060,173,173,173,174,Roland,main,male,roland,assets/triangle-strategy/approved_voice_references/roland.wav,ถูกต้อง ความไม่รู้จักพอของผู้นำคือภัยคุกคามต่อประชาชน,,,PENDING_MANUAL_GENERATION,,triangle-strategy
171,MS17_H01_A1_0025_M_RLN_0070.wav,MS17_H01_A1_0025_M_RLN_0070,174,174,174,175,Roland,main,male,roland,assets/triangle-strategy/approved_voice_references/roland.wav,จริงของเจ้า,,,PENDING_MANUAL_GENERATION,,triangle-strategy
172,MS17_H01_A1_0025_M_RLN_0080.wav,MS17_H01_A1_0025_M_RLN_0080,175,175,175,176,Roland,main,male,roland,assets/triangle-strategy/approved_voice_references/roland.wav,ในเมื่อไม่มีผู้ชนะก็จะต้องไม่มีผู้แพ้ เราสามารถทำให้ทุกคนเท่าเทียมและสงบสุข,,,PENDING_MANUAL_GENERATION,,triangle-strategy
173,MS17_H01_A1_0025_M_RLN_0090.wav,MS17_H01_A1_0025_M_RLN_0090,176,176,176,177,Roland,main,male,roland,assets/triangle-strategy/approved_voice_references/roland.wav,ใช่แล้วล่ะ หลักคำสอนของเทพธิดา,,,PENDING_MANUAL_GENERATION,,triangle-strategy
174,MS17_H01_A1_0025_M_RLN_0100.wav,MS17_H01_A1_0025_M_RLN_0100,177,177,177,178,Roland,main,male,roland,assets/triangle-strategy/approved_voice_references/roland.wav,ทุกคนสามารถใช้ชีวิตอย่างเท่าเทียมภายใต้ความคุ้มครองของเทพธิดา ซึ่งยิ่งใหญ่กว่ากษัตริย์ใด,,,PENDING_MANUAL_GENERATION,,triangle-strategy
175,MS17_H01_A1_0025_M_RLN_0110.wav,MS17_H01_A1_0025_M_RLN_0110,178,178,178,179,Roland,main,male,roland,assets/triangle-strategy/approved_voice_references/roland.wav,เซเรโนอา อาณาจักรต้นแบบมันอยู่เบื้องหน้าพวกเรามาโดยตลอด รัฐศักดิ์สิทธิ์ไฮแซนต์ยังไงล่ะ,,,PENDING_MANUAL_GENERATION,,triangle-strategy
176,MS17_H01_A1_0025_M_RLN_0120.wav,MS17_H01_A1_0025_M_RLN_0120,179,179,179,180,Roland,main,male,roland,assets/triangle-strategy/approved_voice_references/roland.wav,ข้าจะมอบคริสตัลเกลือในเหมืองแก่ไฮแซนต์,,,PENDING_MANUAL_GENERATION,,triangle-strategy
177,MS17_H01_A1_0025_M_RLN_0130.wav,MS17_H01_A1_0025_M_RLN_0130,180,180,180,181,Roland,main,male,roland,assets/triangle-strategy/approved_voice_references/roland.wav,ถูกต้อง,,,PENDING_MANUAL_GENERATION,,triangle-strategy
178,MS17_H01_A1_0025_M_RLN_0140.wav,MS17_H01_A1_0025_M_RLN_0140,181,181,181,182,Roland,main,male,roland,assets/triangle-strategy/approved_voice_references/roland.wav,จะได้ไม่มีใครแย่งเกลือกันอีก นอร์เซเลียจะได้สงบสุขเสียที,,,PENDING_MANUAL_GENERATION,,triangle-strategy
179,MS17_H01_A1_0025_M_RLN_0150.wav,MS17_H01_A1_0025_M_RLN_0150,182,182,182,183,Roland,main,male,roland,assets/triangle-strategy/approved_voice_references/roland.wav,เรื่องนั้นข้ารู้ แต่ก็ต้องมีคนยอมเสียสละเพื่อส่วนรวม,,,PENDING_MANUAL_GENERATION,,triangle-strategy
180,MS17_H01_A1_0025_M_RLN_0160.wav,MS17_H01_A1_0025_M_RLN_0160,183,183,183,184,Roland,main,male,roland,assets/triangle-strategy/approved_voice_references/roland.wav,บนโลกนี้ไม่มีอะไรสมบูรณ์แบบหรอก เซเรโนอา,,,PENDING_MANUAL_GENERATION,,triangle-strategy
181,MS17_H01_A1_0025_M_RLN_0170.wav,MS17_H01_A1_0025_M_RLN_0170,184,184,184,185,Roland,main,male,roland,assets/triangle-strategy/approved_voice_references/roland.wav,ข้าขอยืนยันคำเดิม การเสียสละเพื่อส่วนรวมคือคำตอบที่ชัดเจนของข้า,,,PENDING_MANUAL_GENERATION,,triangle-strategy
182,MS17_H01_A1_0025_M_RLN_0180.wav,MS17_H01_A1_0025_M_RLN_0180,185,185,185,186,Roland,main,male,roland,assets/triangle-strategy/approved_voice_references/roland.wav,แล้วไงล่ะ,,,PENDING_MANUAL_GENERATION,,triangle-strategy
183,MS17_H01_A1_0025_M_RLN_0190.wav,MS17_H01_A1_0025_M_RLN_0190,186,186,186,187,Roland,main,male,roland,assets/triangle-strategy/approved_voice_references/roland.wav,ศักดิ์ศรี มงกุฏของข้า... มันไม่มีค่ามากนักหรอกหากต้องแลกมาด้วยความสงบสุข,,,PENDING_MANUAL_GENERATION,,triangle-strategy
184,MS17_H01_A1_0025_M_RLN_0200.wav,MS17_H01_A1_0025_M_RLN_0200,187,187,187,188,Roland,main,male,roland,assets/triangle-strategy/approved_voice_references/roland.wav,เซเรโนอา...มาร่วมกับข้าสิ เราจะรวมนอร์เซเลียเป็นหนึ่งเดียวกัน ภายใต้การปกครองแห่งรัฐศักดิ์สิทธิ์,,,PENDING_MANUAL_GENERATION,,triangle-strategy
185,MS17_H01_A1_0025_M_RLN_0210.wav,MS17_H01_A1_0025_M_RLN_0210,188,188,188,189,Roland,main,male,roland,assets/triangle-strategy/approved_voice_references/roland.wav,ข้ารู้น่า เจ้าลองเอาไปคิดดูก็แล้วกัน,,,PENDING_MANUAL_GENERATION,,triangle-strategy
186,MS17_H01_A1_0025_M_RLN_0220.wav,MS17_H01_A1_0025_M_RLN_0220,189,189,189,190,Roland,main,male,roland,assets/triangle-strategy/approved_voice_references/roland.wav,เฟรเดอริก้าคงไม่เห็นด้วยแน่ มันคือการละทิ้งคนของนาง,,,PENDING_MANUAL_GENERATION,,triangle-strategy
187,MS17_H01_A1_0025_M_RLN_0230.wav,MS17_H01_A1_0025_M_RLN_0230,190,190,190,191,Roland,main,male,roland,assets/triangle-strategy/approved_voice_references/roland.wav,ข้าเสียใจจริงๆ ที่มันอาจทำให้เจ้าทั้งสองแตกแยกกัน,,,PENDING_MANUAL_GENERATION,,triangle-strategy
188,MS17_H01_A1_0025_M_RLN_0240.wav,MS17_H01_A1_0025_M_RLN_0240,191,191,191,192,Roland,main,male,roland,assets/triangle-strategy/approved_voice_references/roland.wav,แต่ข้าจะไม่เปลี่ยนใจ นี่คือสิ่งสุดท้ายที่ข้าจะทำในฐานะกษัตริย์แห่งเกลนบรู๊ค,,,PENDING_MANUAL_GENERATION,,triangle-strategy
189,MS17_H01_A1_0025_M_SEL_0010.wav,MS17_H01_A1_0025_M_SEL_0010,192,192,192,193,Serenoa,main,male,serenoa,assets/triangle-strategy/approved_voice_references/serenoa.wav,ขอบคุณที่ลำบากเดินทางมาถึงที่นี่นะ โรแลนด์,,,PENDING_MANUAL_GENERATION,,triangle-strategy
190,MS17_H01_A1_0025_M_SEL_0020.wav,MS17_H01_A1_0025_M_SEL_0020,193,193,193,194,Serenoa,main,male,serenoa,assets/triangle-strategy/approved_voice_references/serenoa.wav,เช่นนั้นข้าขอฟังการตัดสินใจของท่านหน่อยนะขอรับ,,,PENDING_MANUAL_GENERATION,,triangle-strategy
191,MS17_H01_A1_0025_M_SEL_0030.wav,MS17_H01_A1_0025_M_SEL_0030,194,194,194,195,Serenoa,main,male,serenoa,assets/triangle-strategy/approved_voice_references/serenoa.wav,ประชาชนขอรับ,,,PENDING_MANUAL_GENERATION,,triangle-strategy
192,MS17_H01_A1_0025_M_SEL_0040.wav,MS17_H01_A1_0025_M_SEL_0040,195,195,195,196,Serenoa,main,male,serenoa,assets/triangle-strategy/approved_voice_references/serenoa.wav,แต่ประชาชนก็จะเดือดร้อนหากไม่มีเงินคอยค้ำจุนอาณาจักร พวกเขาจะอดอยากกันหมด,,,PENDING_MANUAL_GENERATION,,triangle-strategy
193,MS17_H01_A1_0025_M_SEL_0050.wav,MS17_H01_A1_0025_M_SEL_0050,196,196,196,197,Serenoa,main,male,serenoa,assets/triangle-strategy/approved_voice_references/serenoa.wav,แล้วเราจะทำแบบนั้นได้ยังไง... ดะ-เดี๋ยวนะ อย่าบอกนะว่า...?,,,PENDING_MANUAL_GENERATION,,triangle-strategy
194,MS17_H01_A1_0025_M_SEL_0060.wav,MS17_H01_A1_0025_M_SEL_0060,197,197,197,198,Serenoa,main,male,serenoa,assets/triangle-strategy/approved_voice_references/serenoa.wav,แบบนั้นมีหวังพวกเขาได้ครองนอร์เซเลียทั้งทวีปแน่!,,,PENDING_MANUAL_GENERATION,,triangle-strategy
195,MS17_H01_A1_0025_M_SEL_0070.wav,MS17_H01_A1_0025_M_SEL_0070,198,198,198,199,Serenoa,main,male,serenoa,assets/triangle-strategy/approved_voice_references/serenoa.wav,สงบสุขด้วยการทำนาบนหลังคน แบบที่ทำกับชาวโรเซลล์อย่างนั้นเหรอ?,,,PENDING_MANUAL_GENERATION,,triangle-strategy
196,MS17_H01_A1_0025_M_SEL_0080.wav,MS17_H01_A1_0025_M_SEL_0080,199,199,199,200,Serenoa,main,male,serenoa,assets/triangle-strategy/approved_voice_references/serenoa.wav,การยอมจำนนต่อเทพธิดา จะทำให้ท่านสูญเสียความเป็นกษัตริย์ไปเลยนะ,,,PENDING_MANUAL_GENERATION,,triangle-strategy
197,MS17_H01_A1_0025_M_SEL_0090.wav,MS17_H01_A1_0025_M_SEL_0090,200,200,200,201,Serenoa,main,male,serenoa,assets/triangle-strategy/approved_voice_references/serenoa.wav,ท่านเตรียมใจละทิ้งมันแล้วสินะ,,,PENDING_MANUAL_GENERATION,,triangle-strategy
198,MS17_H01_A1_0025_M_SEL_0100.wav,MS17_H01_A1_0025_M_SEL_0100,201,201,201,202,Serenoa,main,male,serenoa,assets/triangle-strategy/approved_voice_references/serenoa.wav,โรแลนด์ กะทันหันไปหน่อยไหม...,,,PENDING_MANUAL_GENERATION,,triangle-strategy
199,MS17_H01_A1_0030_M_SEL_0010.wav,MS17_H01_A1_0030_M_SEL_0010,202,202,202,203,Serenoa,main,male,serenoa,assets/triangle-strategy/approved_voice_references/serenoa.wav,ข้าเข้าใจพวกเจ้าทุกคนนะ...สหายข้า พวกเจ้าตัดสินใจมาดีแล้ว ข้าไม่สงสัยในจุดยืนของพวกเจ้าหรอก,,,PENDING_MANUAL_GENERATION,,triangle-strategy
200,MS17_H01_A1_0030_M_SEL_0020.wav,MS17_H01_A1_0030_M_SEL_0020,203,203,203,204,Serenoa,main,male,serenoa,assets/triangle-strategy/approved_voice_references/serenoa.wav,แต่สิ่งที่ข้าตัดสินใจ มันอาจทำให้พวกเราแตกคอกันได้,,,PENDING_MANUAL_GENERATION,,triangle-strategy
201,MS17_H01_A1_0030_M_SEL_0030.wav,MS17_H01_A1_0030_M_SEL_0030,204,204,204,205,Serenoa,main,male,serenoa,assets/triangle-strategy/approved_voice_references/serenoa.wav,เดินทางฝ่าฟันกันมาขนาดนี้ ข้าไม่พร้อมจะเสียพวกเจ้าไปหรอกนะ...,,,PENDING_MANUAL_GENERATION,,triangle-strategy
202,MS17_H01_A1_0030_M_SEL_0040.wav,MS17_H01_A1_0030_M_SEL_0040,205,205,205,206,Serenoa,main,male,serenoa,assets/triangle-strategy/approved_voice_references/serenoa.wav,ซึ่งคงเหลือเพียงทางเลือกเดียวแล้ว,,,PENDING_MANUAL_GENERATION,,triangle-strategy
203,MS17_H01_A1_0030_M_SEL_0050.wav,MS17_H01_A1_0030_M_SEL_0050,206,206,206,207,Serenoa,main,male,serenoa,assets/triangle-strategy/approved_voice_references/serenoa.wav,เราต้องใช้ตาชั่งแห่งความเชื่อ,,,PENDING_MANUAL_GENERATION,,triangle-strategy
204,MS17_H01_A1_0030_M_SEL_0060.wav,MS17_H01_A1_0030_M_SEL_0060,207,207,207,208,Serenoa,main,male,serenoa,assets/triangle-strategy/approved_voice_references/serenoa.wav,ตามวิถีแห่งวูล์ฟฟอร์ต,,,PENDING_MANUAL_GENERATION,,triangle-strategy
205,MS17_H01_A1_0030_M_SEL_0070.wav,MS17_H01_A1_0030_M_SEL_0070,208,208,208,209,Serenoa,main,male,serenoa,assets/triangle-strategy/approved_voice_references/serenoa.wav,ไม่ได้...อย่ายอมแพ้ง่ายๆแบบนี้ ต้องมีทางอื่นสิ!,,,PENDING_MANUAL_GENERATION,,triangle-strategy
206,MS17_H01_A1_0030_M_SEL_0080.wav,MS17_H01_A1_0030_M_SEL_0080,209,209,209,210,Serenoa,main,male,serenoa,assets/triangle-strategy/approved_voice_references/serenoa.wav,ทางที่เราจะสามัคคี ไม่ใช่แตกแยก!,,,PENDING_MANUAL_GENERATION,,triangle-strategy
207,MS17_H01_A1_0030_M_SEL_0090.wav,MS17_H01_A1_0030_M_SEL_0090,210,210,210,211,Serenoa,main,male,serenoa,assets/triangle-strategy/approved_voice_references/serenoa.wav,เอาล่ะ ขอลองคิดก่อน,,,PENDING_MANUAL_GENERATION,,triangle-strategy
208,MS17_H01_A1_0030_M_SEL_0100.wav,MS17_H01_A1_0030_M_SEL_0100,211,211,211,212,Serenoa,main,male,serenoa,assets/triangle-strategy/approved_voice_references/serenoa.wav,ก่อนอื่นเลย เราจะไม่ยอมมอบคริสตัลเกลือให้อาณาจักรอื่นครอบครองเป็นแน่,,,PENDING_MANUAL_GENERATION,,triangle-strategy
209,MS17_H01_A1_0030_M_SEL_0110.wav,MS17_H01_A1_0030_M_SEL_0110,212,212,212,213,Serenoa,main,male,serenoa,assets/triangle-strategy/approved_voice_references/serenoa.wav,เกลือนั้นเป็นของทุกคน เรื่องนั้นข้ามั่นใจดี,,,PENDING_MANUAL_GENERATION,,triangle-strategy
210,MS17_H01_A1_0030_M_SEL_0120.wav,MS17_H01_A1_0030_M_SEL_0120,213,213,213,214,Serenoa,main,male,serenoa,assets/triangle-strategy/approved_voice_references/serenoa.wav,ต้องมีสักทางที่โลกจะสงบสุขอย่างที่โรแลนด์วาดฝันไว้ โดยไม่ต้องพึ่งพาหลักคำสอนบิดเบี้ยวของไฮแซนต์,,,PENDING_MANUAL_GENERATION,,triangle-strategy
211,MS17_H01_A1_0030_M_SEL_0130.wav,MS17_H01_A1_0030_M_SEL_0130,214,214,214,215,Serenoa,main,male,serenoa,assets/triangle-strategy/approved_voice_references/serenoa.wav,ไฮแซนต์กำลังมุ่งหน้าสู่เหมืองนอร์เซเลียอย่างที่คิดไว้... เราต้องหยุดพวกมัน,,,PENDING_MANUAL_GENERATION,,triangle-strategy
212,MS17_H01_A1_0030_M_SEL_0140.wav,MS17_H01_A1_0030_M_SEL_0140,215,215,215,216,Serenoa,main,male,serenoa,assets/triangle-strategy/approved_voice_references/serenoa.wav,แน่นอนว่าพวกมันจะสำแดงพลังข่มขู่เรา,,,PENDING_MANUAL_GENERATION,,triangle-strategy
213,MS17_H01_A1_0030_M_SEL_0150.wav,MS17_H01_A1_0030_M_SEL_0150,216,216,216,217,Serenoa,main,male,serenoa,assets/triangle-strategy/approved_voice_references/serenoa.wav,แย่ไปกว่านั้นคือพวกมันใกล้เดินทัพมาถึงปราสาทแล้ว เราเพียงลำพังสู้พวกมันไม่ไหวแน่,,,PENDING_MANUAL_GENERATION,,triangle-strategy
214,MS17_H01_A1_0030_M_SEL_0160.wav,MS17_H01_A1_0030_M_SEL_0160,217,217,217,218,Serenoa,main,male,serenoa,assets/triangle-strategy/approved_voice_references/serenoa.wav,ต้องมีวิธีจัดการพวกมันสิ...,,,PENDING_MANUAL_GENERATION,,triangle-strategy
215,MS17_H01_A1_0030_M_SEL_0170.wav,MS17_H01_A1_0030_M_SEL_0170,218,218,218,219,Serenoa,main,male,serenoa,assets/triangle-strategy/approved_voice_references/serenoa.wav,ใช่แล้ว กับดักไฟป่ายังไงล่ะ! เราจะล่อพวกมันเข้าหมู่บ้านและเผาให้หมดในคราเดียว!,,,PENDING_MANUAL_GENERATION,,triangle-strategy
216,MS17_H01_A1_0030_M_SEL_0180.wav,MS17_H01_A1_0030_M_SEL_0180,219,219,219,220,Serenoa,main,male,serenoa,assets/triangle-strategy/approved_voice_references/serenoa.wav,เป็นความคิดที่ดีนะ ตอนนี้เราไม่มีเวลาคิดแผนซับซ้อนขนาดนั้น,,,PENDING_MANUAL_GENERATION,,triangle-strategy
217,MS17_H01_A1_0030_M_SEL_0190.wav,MS17_H01_A1_0030_M_SEL_0190,220,220,220,221,Serenoa,main,male,serenoa,assets/triangle-strategy/approved_voice_references/serenoa.wav,เป็นแผนที่เพ้อเจ้อมาก ทัพตั้งรับที่ไหนจะมาล้อมผู้บุกรุกกันล่ะ? รับรองไม่ได้ผลแน่นอน,,,PENDING_MANUAL_GENERATION,,triangle-strategy
218,MS17_H01_A1_0030_M_SEL_0200.wav,MS17_H01_A1_0030_M_SEL_0200,221,221,221,222,Serenoa,main,male,serenoa,assets/triangle-strategy/approved_voice_references/serenoa.wav,ถึงอย่างไรหัวหน้านักบวชก็ไม่ลังเล ไฮแซนต์จะถล่มเราด้วยทัพเต็มกำลังแน่นอน,,,PENDING_MANUAL_GENERATION,,triangle-strategy
219,MS17_H01_A1_0030_M_SEL_0210.wav,MS17_H01_A1_0030_M_SEL_0210,222,222,222,223,Serenoa,main,male,serenoa,assets/triangle-strategy/approved_voice_references/serenoa.wav,เราไม่มีวันชนะสงครามยืดเยื้อเช่นนี้ได้แน่ เราต้องโค่นไฮแซนต์โดยด่วน,,,PENDING_MANUAL_GENERATION,,triangle-strategy
220,MS17_H01_A1_0030_M_SEL_0220.wav,MS17_H01_A1_0030_M_SEL_0220,223,223,223,224,Serenoa,main,male,serenoa,assets/triangle-strategy/approved_voice_references/serenoa.wav,เราต้องการปืนใหญ่เสียงสังเวยของเอสฟรอสต์ มันคือหนทางเดียวในการทำลายโล่เทพธิดา,,,PENDING_MANUAL_GENERATION,,triangle-strategy
221,MS17_H01_A1_0030_M_SEL_0230.wav,MS17_H01_A1_0030_M_SEL_0230,224,224,224,225,Serenoa,main,male,serenoa,assets/triangle-strategy/approved_voice_references/serenoa.wav,นึกสภาพตอนขอความช่วยเหลือจากกุสตาดอล์ฟไม่ออกเลย เขาต้องการคริสตัลเกลือเป็นการตอบแทนแน่,,,PENDING_MANUAL_GENERATION,,triangle-strategy
222,MS17_H01_A1_0030_M_SEL_0240.wav,MS17_H01_A1_0030_M_SEL_0240,225,225,225,226,Serenoa,main,male,serenoa,assets/triangle-strategy/approved_voice_references/serenoa.wav,มีใครพอจะช่วยให้เราได้ใช้งานปืนใหญ่นั่นได้บ้างล่ะ?,,,PENDING_MANUAL_GENERATION,,triangle-strategy
223,MS17_H01_A1_0030_M_SEL_0250.wav,MS17_H01_A1_0030_M_SEL_0250,226,226,226,227,Serenoa,main,male,serenoa,assets/triangle-strategy/approved_voice_references/serenoa.wav,ลอร์ดสวาร็อค...ใช่แล้ว! เขาสาบานจะสู้เคียงข้างเรา ได้เวลาทำตามสัญญาแล้ว,,,PENDING_MANUAL_GENERATION,,triangle-strategy
224,MS17_H01_A1_0030_M_SEL_0260.wav,MS17_H01_A1_0030_M_SEL_0260,227,227,227,228,Serenoa,main,male,serenoa,assets/triangle-strategy/approved_voice_references/serenoa.wav,พวกเรามีศัตรูคนเดียวกันซึ่งก็คือกุสตาดอล์ฟ รับรองว่าช่วยเราได้แน่!,,,PENDING_MANUAL_GENERATION,,triangle-strategy
225,MS17_H01_A1_0030_M_SEL_0270.wav,MS17_H01_A1_0030_M_SEL_0270,228,228,228,229,Serenoa,main,male,serenoa,assets/triangle-strategy/approved_voice_references/serenoa.wav,ฝันไปเถอะ กุสตาดอล์ฟเชิดชูผู้แข็งแกร่งเท่านั้น เผยจุดอ่อนไปมีหวังได้บรรลัยกันหมดแน่,,,PENDING_MANUAL_GENERATION,,triangle-strategy
226,MS17_H01_A1_0030_M_SEL_0280.wav,MS17_H01_A1_0030_M_SEL_0280,229,229,229,230,Serenoa,main,male,serenoa,assets/triangle-strategy/approved_voice_references/serenoa.wav,รัฐมนตรีไลล่าเหรอ...? เจ็ดผู้ศักดิ์สิทธิ์ไม่มีวันทรยศไฮแซนต์ การขอความช่วยเหลือจากนางคงเป็นไปไม่ได้,,,PENDING_MANUAL_GENERATION,,triangle-strategy
227,MS17_H01_A1_0030_M_SEL_0290.wav,MS17_H01_A1_0030_M_SEL_0290,230,230,230,231,Serenoa,main,male,serenoa,assets/triangle-strategy/approved_voice_references/serenoa.wav,เราจะจู่โจมไฮแซนต์และก่อการปฏิวัติโรเซลล์ยังไงดีนะ...?,,,PENDING_MANUAL_GENERATION,,triangle-strategy
228,MS17_H01_A1_0030_M_SEL_0300.wav,MS17_H01_A1_0030_M_SEL_0300,231,231,231,232,Serenoa,main,male,serenoa,assets/triangle-strategy/approved_voice_references/serenoa.wav,ใช่แล้วล่ะ ต้องระเบิดรูปปั้นทิ้ง เราจะเปิดโปงความจริงให้ทุกคนได้รับรู้!,,,PENDING_MANUAL_GENERATION,,triangle-strategy
229,MS17_H01_A1_0030_M_SEL_0310.wav,MS17_H01_A1_0030_M_SEL_0310,232,232,232,233,Serenoa,main,male,serenoa,assets/triangle-strategy/approved_voice_references/serenoa.wav,หากตำนานโรเซลล์นั้นเป็นจริง จะต้องมีเสาเกลือขนาดใหญ่ถูกฝังอยู่ภายในรูปปั้นเป็นแน่,,,PENDING_MANUAL_GENERATION,,triangle-strategy
230,MS17_H01_A1_0030_M_SEL_0320.wav,MS17_H01_A1_0030_M_SEL_0320,233,233,233,234,Serenoa,main,male,serenoa,assets/triangle-strategy/approved_voice_references/serenoa.wav,มันคือเครื่องพิสูจน์ว่าชาวโรเซลล์พูดความจริงมาโดยตลอด,,,PENDING_MANUAL_GENERATION,,triangle-strategy
231,MS17_H01_A1_0030_M_SEL_0330.wav,MS17_H01_A1_0030_M_SEL_0330,234,234,234,235,Serenoa,main,male,serenoa,assets/triangle-strategy/approved_voice_references/serenoa.wav,เทพธิดาและหัวหน้านักบวชจะสูญเสียอำนาจทุกอย่าง ชาวโรเซลล์จะลุกขึ้นมาปฏิวัติ,,,PENDING_MANUAL_GENERATION,,triangle-strategy
232,MS17_H01_A1_0030_M_SEL_0340.wav,MS17_H01_A1_0030_M_SEL_0340,235,235,235,236,Serenoa,main,male,serenoa,assets/triangle-strategy/approved_voice_references/serenoa.wav,อีกทั้งพวกเรายังสร้างระเบิดเพื่อต่อกรไฮแซนต์ได้อีกด้วย,,,PENDING_MANUAL_GENERATION,,triangle-strategy
233,MS17_H01_A1_0030_M_SEL_0350.wav,MS17_H01_A1_0030_M_SEL_0350,236,236,236,237,Serenoa,main,male,serenoa,assets/triangle-strategy/approved_voice_references/serenoa.wav,ฝันไปเถอะ สมมุติว่าเราเข้าตำหนักได้จริง แล้วเราจะสังหารหัวหน้านักบวชทั้งๆที่ไม่เคยพบหน้าได้ยังไง?,,,PENDING_MANUAL_GENERATION,,triangle-strategy
234,MS17_H01_A1_0030_M_SEL_0360.wav,MS17_H01_A1_0030_M_SEL_0360,237,237,237,238,Serenoa,main,male,serenoa,assets/triangle-strategy/approved_voice_references/serenoa.wav,หากเราไม่มีหลักฐานพิสูจน์คำลวงของไฮแซนต์ ก็คงโน้มน้าวชาวเมืองผู้ศรัทธาไม่ได้หรอก,,,PENDING_MANUAL_GENERATION,,triangle-strategy
235,MS17_H01_A1_0030_M_SEL_0370.wav,MS17_H01_A1_0030_M_SEL_0370,238,238,238,239,Serenoa,main,male,serenoa,assets/triangle-strategy/approved_voice_references/serenoa.wav,ปัญหาสุดท้าย เราจะบุกทะลวงโล่เทพธิดาได้ยังไง?,,,PENDING_MANUAL_GENERATION,,triangle-strategy
236,MS17_H01_A1_0030_M_SEL_0380.wav,MS17_H01_A1_0030_M_SEL_0380,239,239,239,240,Serenoa,main,male,serenoa,assets/triangle-strategy/approved_voice_references/serenoa.wav,ผู้ใดที่ย่างกรายเข้าอาณาจักรไฮแซนต์คงถูกจับพิรุธอยู่แล้ว เว้นเสียแต่ว่า...,,,PENDING_MANUAL_GENERATION,,triangle-strategy
237,MS17_H01_A1_0030_M_SEL_0390.wav,MS17_H01_A1_0030_M_SEL_0390,240,240,240,241,Serenoa,main,male,serenoa,assets/triangle-strategy/approved_voice_references/serenoa.wav,...เว้นเสียแต่ว่าพวกเขาจะเป็นกลาง! สมาคมยังไงล่ะ!,,,PENDING_MANUAL_GENERATION,,triangle-strategy
238,MS17_H01_A1_0030_M_SEL_0400.wav,MS17_H01_A1_0030_M_SEL_0400,241,241,241,242,Serenoa,main,male,serenoa,assets/triangle-strategy/approved_voice_references/serenoa.wav,เราจะติดสินบนแคลรุสด้วยคริสตัลเกลือ ตราบใดที่ข้ายินยอมทำตามความต้องการ แผนที่เหลือของเราก็จะราบรื่น,,,PENDING_MANUAL_GENERATION,,triangle-strategy
239,MS17_H01_A1_0030_M_SEL_0410.wav,MS17_H01_A1_0030_M_SEL_0410,242,242,242,243,Serenoa,main,male,serenoa,assets/triangle-strategy/approved_voice_references/serenoa.wav,แบบนี้เรียกว่าส่งไปตายชัดๆ ถ้าไม่ปลอมตัวก็คงใช้ชาวโรเซลล์ไม่ได้,,,PENDING_MANUAL_GENERATION,,triangle-strategy
240,MS17_H01_A1_0030_M_SEL_0420.wav,MS17_H01_A1_0030_M_SEL_0420,243,243,243,244,Serenoa,main,male,serenoa,assets/triangle-strategy/approved_voice_references/serenoa.wav,ลูกน้องของทราวิสอาจลอบเข้าโล่เทพธิดาสำเร็จ...แต่เราต้องการจำนวนคนมากกว่านี้,,,PENDING_MANUAL_GENERATION,,triangle-strategy
241,MS17_H01_A1_0030_M_SEL_0430.wav,MS17_H01_A1_0030_M_SEL_0430,244,244,244,245,Serenoa,main,male,serenoa,assets/triangle-strategy/approved_voice_references/serenoa.wav,...ข้ามีแผนแล้ว ข้าพบหนทางที่จะมอบสิ่งที่ทุกคนต้องการได้ในคราวเดียว,,,PENDING_MANUAL_GENERATION,,triangle-strategy
242,MS17_H01_A1_0030_M_SEL_0440.wav,MS17_H01_A1_0030_M_SEL_0440,245,245,245,246,Serenoa,main,male,serenoa,assets/triangle-strategy/approved_voice_references/serenoa.wav,คริสตัลเกลือจะตกเป็นของทุกคน ไม่ใช่เพียงผู้มีอภิสิทธิ์เพียงอย่างเดียว,,,PENDING_MANUAL_GENERATION,,triangle-strategy
243,MS17_H01_A1_0030_M_SEL_0450.wav,MS17_H01_A1_0030_M_SEL_0450,246,246,246,247,Serenoa,main,male,serenoa,assets/triangle-strategy/approved_voice_references/serenoa.wav,ชาวนอร์เซเลียทุกคนจะได้ใช้ชีวิตอย่างที่ตนวาดฝัน!,,,PENDING_MANUAL_GENERATION,,triangle-strategy
244,MS17_H01_A1_0030_M_SEL_0460.wav,MS17_H01_A1_0030_M_SEL_0460,247,247,247,248,Serenoa,main,male,serenoa,assets/triangle-strategy/approved_voice_references/serenoa.wav,ความปรารถนาอันแรงกล้าของเบเนดิกต์ในการปกป้องเขตแดน...,,,PENDING_MANUAL_GENERATION,,triangle-strategy
245,MS17_H01_A1_0030_M_SEL_0470.wav,MS17_H01_A1_0030_M_SEL_0470,248,248,248,249,Serenoa,main,male,serenoa,assets/triangle-strategy/approved_voice_references/serenoa.wav,ความปรารถนาในความเท่าเทียมของโรแลนด์...,,,PENDING_MANUAL_GENERATION,,triangle-strategy
246,MS17_H01_A1_0030_M_SEL_0480.wav,MS17_H01_A1_0030_M_SEL_0480,249,249,249,250,Serenoa,main,male,serenoa,assets/triangle-strategy/approved_voice_references/serenoa.wav,ความมุ่งมั่นในการปลดปล่อยชาวโรเซลล์ของเฟรเดอริก้า...,,,PENDING_MANUAL_GENERATION,,triangle-strategy
247,MS17_H01_A1_0030_M_SEL_0490.wav,MS17_H01_A1_0030_M_SEL_0490,250,250,250,251,Serenoa,main,male,serenoa,assets/triangle-strategy/approved_voice_references/serenoa.wav,สหายเอ๋ย พวกเจ้าไม่ได้อยู่ลำพัง,,,PENDING_MANUAL_GENERATION,,triangle-strategy
248,MS17_H01_A1_0030_M_SEL_0500.wav,MS17_H01_A1_0030_M_SEL_0500,251,251,251,252,Serenoa,main,male,serenoa,assets/triangle-strategy/approved_voice_references/serenoa.wav,รวมถึงผู้คนมากมายที่ต้องการความช่วยเหลือจากข้าในยามนี้เช่นกัน,,,PENDING_MANUAL_GENERATION,,triangle-strategy
249,MS17_H01_A1_0030_M_SEL_0510.wav,MS17_H01_A1_0030_M_SEL_0510,252,252,252,253,Serenoa,main,male,serenoa,assets/triangle-strategy/approved_voice_references/serenoa.wav,ถึงเวลาทำตามคำสั่งเสียของท่านพ่อแล้วล่ะ,,,PENDING_MANUAL_GENERATION,,triangle-strategy
250,MS17_H01_A1_0030_M_SEL_0520.wav,MS17_H01_A1_0030_M_SEL_0520,253,253,253,254,Serenoa,main,male,serenoa,assets/triangle-strategy/approved_voice_references/serenoa.wav,ข้าจะปูเส้นทางของตัวเอง และคอยชี้นำประชาชน,,,PENDING_MANUAL_GENERATION,,triangle-strategy
251,MS17_H01_A1_0030_M_SEL_0530.wav,MS17_H01_A1_0030_M_SEL_0530,254,254,254,255,Serenoa,main,male,serenoa,assets/triangle-strategy/approved_voice_references/serenoa.wav,ครั้งนี้ตาชั่งช่วยอะไรไม่ได้แล้ว,,,PENDING_MANUAL_GENERATION,,triangle-strategy
252,MS17_H01_A1_0030_M_SEL_0540.wav,MS17_H01_A1_0030_M_SEL_0540,255,255,255,256,Serenoa,main,male,serenoa,assets/triangle-strategy/approved_voice_references/serenoa.wav,ถ้อยคำของมิตรสหายคนรักของข้า ได้เผยเส้นทางที่ตาชั่งไม่สามารถแสดงให้เห็น,,,PENDING_MANUAL_GENERATION,,triangle-strategy
253,MS17_H01_A1_0030_M_SEL_0550.wav,MS17_H01_A1_0030_M_SEL_0550,256,256,256,257,Serenoa,main,male,serenoa,assets/triangle-strategy/approved_voice_references/serenoa.wav,เหลือเพียงแค่โน้มน้าวให้พวกเขาเดินร่วมทางกับข้าเท่านั้น,,,PENDING_MANUAL_GENERATION,,triangle-strategy
254,MS17_H01_A1_0030_M_SEL_0560.wav,MS17_H01_A1_0030_M_SEL_0560,257,257,257,258,Serenoa,main,male,serenoa,assets/triangle-strategy/approved_voice_references/serenoa.wav,ด้วยเกียรติของผู้นำตระกูล ข้าขอปฏิญาณอย่างเคร่งครัดต่อผู้นำตระกูลในอนาคตทั้งหลาย :,,,PENDING_MANUAL_GENERATION,,triangle-strategy
255,MS17_H01_A1_0030_M_SEL_0570.wav,MS17_H01_A1_0030_M_SEL_0570,258,258,258,259,Serenoa,main,male,serenoa,assets/triangle-strategy/approved_voice_references/serenoa.wav,ข้าจะไม่ตระบัดสัตย์ต่อคำสัญญาที่ข้าจะสร้างโลกใบใหม่ที่ดีกว่าเดิม,,,PENDING_MANUAL_GENERATION,,triangle-strategy
256,MS17_H01_A1_0040_F_FRE_0010.wav,MS17_H01_A1_0040_F_FRE_0010,259,259,259,260,Frederica,main,female,frederica,assets/triangle-strategy/approved_voice_references/frederica.wav,เอาล่ะเซเรโนอา เราต้องแบ่งวูล์ฟฟอร์ตออกเป็นสามทัพ,,,PENDING_MANUAL_GENERATION,,triangle-strategy
257,MS17_H01_A1_0040_M_BND_0010.wav,MS17_H01_A1_0040_M_BND_0010,260,260,260,261,Benedict,main,male,benedict,assets/triangle-strategy/approved_voice_references/benedict.wav,เลือกคนให้ดีนะขอรับ เมื่อเริ่มปฏิบัติการแล้ว เราไม่สามารถเปลี่ยนแปลงกลยุทธ์ได้อีก,,,PENDING_MANUAL_GENERATION,,triangle-strategy
258,MS17_H01_A1_0040_M_RLN_0010.wav,MS17_H01_A1_0040_M_RLN_0010,261,261,261,262,Roland,main,male,roland,assets/triangle-strategy/approved_voice_references/roland.wav,ส่วนเจ้าจัดสรรคนในทัพทั้งหมดได้เลย,,,PENDING_MANUAL_GENERATION,,triangle-strategy
259,MS17_H01_A1_0040_M_SEL_0010.wav,MS17_H01_A1_0040_M_SEL_0010,262,262,262,263,Serenoa,main,male,serenoa,assets/triangle-strategy/approved_voice_references/serenoa.wav,รับทราบขอรับ,,,PENDING_MANUAL_GENERATION,,triangle-strategy
260,MS17_H01_A1_0050_M_RLN_0010.wav,MS17_H01_A1_0050_M_RLN_0010,263,263,263,264,Roland,main,male,roland,assets/triangle-strategy/approved_voice_references/roland.wav,ประตูแฝดถูกปิดผนึก กุสตาดอล์ฟคงเสริมการป้องกันค่ายทหารข้างในเป็นแน่,,,PENDING_MANUAL_GENERATION,,triangle-strategy
261,MS17_H01_A1_0050_M_RLN_0020.wav,MS17_H01_A1_0050_M_RLN_0020,264,264,264,265,Roland,main,male,roland,assets/triangle-strategy/approved_voice_references/roland.wav,เราจะขอพบกุสตาดอล์ฟที่หน้าประตู ตอนนี้อาจพอเจรจาลงรอยกันได้,,,PENDING_MANUAL_GENERATION,,triangle-strategy
262,MS17_H01_A1_0050_M_RLN_0030.wav,MS17_H01_A1_0050_M_RLN_0030,265,265,265,266,Roland,main,male,roland,assets/triangle-strategy/approved_voice_references/roland.wav,ราชรัฐมีปืนใหญ่เสียงสังเวย อาวุธทรงพลังซึ่งมีอำนาจทำลายโล่เทพธิดาแห่งไฮแซนต์ให้กลายเป็นผุยผง,,,PENDING_MANUAL_GENERATION,,triangle-strategy
263,MS17_H01_A1_0050_M_RLN_0040.wav,MS17_H01_A1_0050_M_RLN_0040,266,266,266,267,Roland,main,male,roland,assets/triangle-strategy/approved_voice_references/roland.wav,เราต้องการอาวุธนั่นเพื่อทำลายอำนาจยึดครองเกลือและนอร์เซเลียของพวกมัน,,,PENDING_MANUAL_GENERATION,,triangle-strategy
264,MS17_H01_A1_0050_M_RLN_0050.wav,MS17_H01_A1_0050_M_RLN_0050,267,267,267,268,Roland,main,male,roland,assets/triangle-strategy/approved_voice_references/roland.wav,ข้ารู้ว่าพวกเจ้าบางคนอาจคิดว่าตนเองกำลังทรยศ เพราะเอสฟรอสต์เคยรุกรานและเป็นศัตรูของเรา,,,PENDING_MANUAL_GENERATION,,triangle-strategy
265,MS17_H01_A1_0050_M_RLN_0060.wav,MS17_H01_A1_0050_M_RLN_0060,268,268,268,269,Roland,main,male,roland,assets/triangle-strategy/approved_voice_references/roland.wav,พวกมันสังหารทั้งพ่อและพี่ชายของข้า ซึ่งข้าไม่มีวันให้อภัยแน่นอน,,,PENDING_MANUAL_GENERATION,,triangle-strategy
266,MS17_H01_A1_0050_M_RLN_0070.wav,MS17_H01_A1_0050_M_RLN_0070,269,269,269,270,Roland,main,male,roland,assets/triangle-strategy/approved_voice_references/roland.wav,หากพ่อของข้ายังมีชีวิตอยู่ เขาคงเข้าใจที่ข้าตัดสินใจมาที่นี่,,,PENDING_MANUAL_GENERATION,,triangle-strategy
267,MS17_H01_A1_0050_M_RLN_0080.wav,MS17_H01_A1_0050_M_RLN_0080,270,270,270,271,Roland,main,male,roland,assets/triangle-strategy/approved_voice_references/roland.wav,ข้าต้องการความช่วยเหลือจากพวกเขาเพื่อให้อาณาจักรเราคงอยู่สืบไป นี่คือหน้าที่แห่งกษัตริย์ต่อประชาชน,,,PENDING_MANUAL_GENERATION,,triangle-strategy
268,MS17_H01_A1_0050_M_RLN_0090.wav,MS17_H01_A1_0050_M_RLN_0090,271,271,271,272,Roland,main,male,roland,assets/triangle-strategy/approved_voice_references/roland.wav,ข้าจะชำระมลทินในอดีตด้วยการสร้างอนาคตที่สดใสและปราศจากความเศร้าหมอง,,,PENDING_MANUAL_GENERATION,,triangle-strategy
269,MS17_H01_A1_0050_M_RLN_0100.wav,MS17_H01_A1_0050_M_RLN_0100,272,272,272,273,Roland,main,male,roland,assets/triangle-strategy/approved_voice_references/roland.wav,ขอให้พวกเจ้าร่วมสร้างอนาคตไปกับข้า!,,,PENDING_MANUAL_GENERATION,,triangle-strategy
270,MS17_H01_A1_0050_M_RLN_0110.wav,MS17_H01_A1_0050_M_RLN_0110,273,273,273,274,Roland,main,male,roland,assets/triangle-strategy/approved_voice_references/roland.wav,เซเรโนอาได้ปูทางให้พวกเราแล้ว เขาจะนำพาเราไปสู่ยุคใหม่แห่งสันติสุขและความเจริญที่เราไม่เคยพบเจอมาก่อน!,,,PENDING_MANUAL_GENERATION,,triangle-strategy
271,MS17_H01_A1_0060_M_BND_0010.wav,MS17_H01_A1_0060_M_BND_0010,274,274,274,275,Benedict,main,male,benedict,assets/triangle-strategy/approved_voice_references/benedict.wav,ไฮแซนต์นำทัพหวังเข้ายึดครองเหมืองนอร์เซเลียให้เป็นของตัวเอง,,,PENDING_MANUAL_GENERATION,,triangle-strategy
272,MS17_H01_A1_0060_M_BND_0020.wav,MS17_H01_A1_0060_M_BND_0020,275,275,275,276,Benedict,main,male,benedict,assets/triangle-strategy/approved_voice_references/benedict.wav,หัวหน้านักบวชมีคำสั่งให้ทำลายตระกูลของเราเช่นกัน,,,PENDING_MANUAL_GENERATION,,triangle-strategy
273,MS17_H01_A1_0060_M_BND_0030.wav,MS17_H01_A1_0060_M_BND_0030,276,276,276,277,Benedict,main,male,benedict,assets/triangle-strategy/approved_voice_references/benedict.wav,แต่เราจะไม่ย่อท้อ! เพราะคริสตัลเกลือนั้นเป็นของเรา และเราจะปกป้องมันด้วยชีวิต!,,,PENDING_MANUAL_GENERATION,,triangle-strategy
274,MS17_H01_A1_0060_M_BND_0040.wav,MS17_H01_A1_0060_M_BND_0040,277,277,277,278,Benedict,main,male,benedict,assets/triangle-strategy/approved_voice_references/benedict.wav,ไฮแซนต์จะคุกเข่าต่อหน้าคมดาบของเรา!,,,PENDING_MANUAL_GENERATION,,triangle-strategy
275,MS17_H01_A1_0060_M_BND_0050.wav,MS17_H01_A1_0060_M_BND_0050,278,278,278,279,Benedict,main,male,benedict,assets/triangle-strategy/approved_voice_references/benedict.wav,แม้พวกมันจะมีมากเพียงใด แต่ก็สู้กับดักไฟป่าของเราไม่ได้หรอก,,,PENDING_MANUAL_GENERATION,,triangle-strategy
276,MS17_H01_A1_0060_M_BND_0060.wav,MS17_H01_A1_0060_M_BND_0060,279,279,279,280,Benedict,main,male,benedict,assets/triangle-strategy/approved_voice_references/benedict.wav,แม้ว่าทหารของเราจะสู้พวกมันไม่ได้ แต่เรามีหนทางชนะอยู่,,,PENDING_MANUAL_GENERATION,,triangle-strategy
277,MS17_H01_A1_0060_M_BND_0070.wav,MS17_H01_A1_0060_M_BND_0070,280,280,280,281,Benedict,main,male,benedict,assets/triangle-strategy/approved_voice_references/benedict.wav,หมู่บ้านนี้มีกลไกลับ ซึ่งออกแบบมาเพื่อใช้ในยามคับขัน,,,PENDING_MANUAL_GENERATION,,triangle-strategy
278,MS17_H01_A1_0060_M_BND_0080.wav,MS17_H01_A1_0060_M_BND_0080,281,281,281,282,Benedict,main,male,benedict,assets/triangle-strategy/approved_voice_references/benedict.wav,คูน้ำของเรานั้นสามารถใช้เป็นตัวกระจายเพลิงแผดเผาบริเวณใกล้เคียงรวมถึงทัพข้าศึกไปพร้อมกัน,,,PENDING_MANUAL_GENERATION,,triangle-strategy
279,MS17_H01_A1_0060_M_BND_0090.wav,MS17_H01_A1_0060_M_BND_0090,282,282,282,283,Benedict,main,male,benedict,assets/triangle-strategy/approved_voice_references/benedict.wav,เพียงเท่านี้...ทุกชีวิตจะวอดวายในกองเพลิง,,,PENDING_MANUAL_GENERATION,,triangle-strategy
280,MS17_H01_A1_0060_M_BND_0100.wav,MS17_H01_A1_0060_M_BND_0100,283,283,283,284,Benedict,main,male,benedict,assets/triangle-strategy/approved_voice_references/benedict.wav,พวกไฮแซนต์เอาแต่หลับหูหลับตาเชื่อฟังหัวหน้านักบวช,,,PENDING_MANUAL_GENERATION,,triangle-strategy
281,MS17_H01_A1_0060_M_BND_0110.wav,MS17_H01_A1_0060_M_BND_0110,284,284,284,285,Benedict,main,male,benedict,assets/triangle-strategy/approved_voice_references/benedict.wav,แต่หัวหน้านักบวชไม่มีอำนาจที่นี่ เราคือผู้กำหนดเส้นทางและก้าวเดินไปอย่างกล้าหาญตามความเชื่อของตน!,,,PENDING_MANUAL_GENERATION,,triangle-strategy
282,MS17_H01_A1_0060_M_BND_0120.wav,MS17_H01_A1_0060_M_BND_0120,285,285,285,286,Benedict,main,male,benedict,assets/triangle-strategy/approved_voice_references/benedict.wav,ศึกครั้งนี้คือเส้นทางที่ลอร์ดเซเรโนอาปูไว้ให้ จงร่วมเดินไปกับเขาเถิด ไชโย!,,,PENDING_MANUAL_GENERATION,,triangle-strategy
283,MS17_H01_A1_0060_M_BND_0130.wav,MS17_H01_A1_0060_M_BND_0130,286,286,286,287,Benedict,main,male,benedict,assets/triangle-strategy/approved_voice_references/benedict.wav,แด่นอร์เซเลียต่อจากนี้และตลอดไป!,,,PENDING_MANUAL_GENERATION,,triangle-strategy
284,MS17_H01_A1_0070_F_FRE_0010.wav,MS17_H01_A1_0070_F_FRE_0010,287,287,287,288,Frederica,main,female,frederica,assets/triangle-strategy/approved_voice_references/frederica.wav,เราจะแทรกซึมเข้าเมืองหลวงแห่งรัฐศักดิ์สิทธิ์ โดยปลอมตัวเป็นนักค้าขายจากสมาคมนอร์เซเลีย,,,PENDING_MANUAL_GENERATION,,triangle-strategy
285,MS17_H01_A1_0070_F_FRE_0020.wav,MS17_H01_A1_0070_F_FRE_0020,288,288,288,289,Frederica,main,female,frederica,assets/triangle-strategy/approved_voice_references/frederica.wav,ลอร์ดแคลรุสเสี่ยงชีวิตอย่างมากเพื่อพาเราเข้าเมือง,,,PENDING_MANUAL_GENERATION,,triangle-strategy
286,MS17_H01_A1_0070_F_FRE_0030.wav,MS17_H01_A1_0070_F_FRE_0030,289,289,289,290,Frederica,main,female,frederica,assets/triangle-strategy/approved_voice_references/frederica.wav,พวกเราเป็นหนี้บุญคุณท่านเจ้าค่ะ ลอร์ดแคลรุส,,,PENDING_MANUAL_GENERATION,,triangle-strategy
287,MS17_H01_A1_0070_F_FRE_0040.wav,MS17_H01_A1_0070_F_FRE_0040,290,290,290,291,Frederica,main,female,frederica,assets/triangle-strategy/approved_voice_references/frederica.wav,ก็อย่างที่เขาว่า อนาคตนอร์เซเลียอยู่ในกำมือของเราแล้ว เราจะต้องทำลายรูปปั้นเทพธิดาซึ่งเป็นเสาหลักแห่งคำสอนของพวกมัน,,,PENDING_MANUAL_GENERATION,,triangle-strategy
288,MS17_H01_A1_0070_F_FRE_0050.wav,MS17_H01_A1_0070_F_FRE_0050,291,291,291,292,Frederica,main,female,frederica,assets/triangle-strategy/approved_voice_references/frederica.wav,หากตำนานเป็นจริงล่ะก็ เราจะพบเสาเกลือขนาดใหญ่ที่ถูกพรากไปจากคนของเรา,,,PENDING_MANUAL_GENERATION,,triangle-strategy
289,MS17_H01_A1_0070_F_FRE_0060.wav,MS17_H01_A1_0070_F_FRE_0060,292,292,292,293,Frederica,main,female,frederica,assets/triangle-strategy/approved_voice_references/frederica.wav,เสาเกลือนั้นคือเครื่องพิสูจน์ว่าคำสอนของเทพธิดาเป็นเพียงแค่สิ่งลวงโลก,,,PENDING_MANUAL_GENERATION,,triangle-strategy
290,MS17_H01_A1_0070_F_FRE_0070.wav,MS17_H01_A1_0070_F_FRE_0070,293,293,293,294,Frederica,main,female,frederica,assets/triangle-strategy/approved_voice_references/frederica.wav,ความเชื่อของเหล่าสาวกจะสั่นคลอน และหัวหน้านักบวชจะสิ้นอำนาจ,,,PENDING_MANUAL_GENERATION,,triangle-strategy
291,MS17_H01_A1_0070_F_FRE_0080.wav,MS17_H01_A1_0070_F_FRE_0080,294,294,294,295,Frederica,main,female,frederica,assets/triangle-strategy/approved_voice_references/frederica.wav,หากเราโชคดี ชาวโรเซลล์จะพบว่าพวกเขาปราศจากมลทิน และลุกขึ้นปฏิวัติสู้อำนาจการกดขี่อีกครั้งก็เป็นได้,,,PENDING_MANUAL_GENERATION,,triangle-strategy
292,MS17_H01_A1_0070_F_FRE_0090.wav,MS17_H01_A1_0070_F_FRE_0090,295,295,295,296,Frederica,main,female,frederica,assets/triangle-strategy/approved_voice_references/frederica.wav,นี่เป็นเพียงศึกแย่งชิงอำนาจนอร์เซเลียจากเงื้อมมือเทพีพยาบาทเห็นแก่ตัว,,,PENDING_MANUAL_GENERATION,,triangle-strategy
293,MS17_H01_A1_0070_F_FRE_0100.wav,MS17_H01_A1_0070_F_FRE_0100,296,296,296,297,Frederica,main,female,frederica,assets/triangle-strategy/approved_voice_references/frederica.wav,ลอร์ดแคลรุส ท่านเตรียมระเบิดมาแล้วใช่ไหมเจ้าคะ?,,,PENDING_MANUAL_GENERATION,,triangle-strategy
294,MS17_H01_A1_0070_F_FRE_0110.wav,MS17_H01_A1_0070_F_FRE_0110,297,297,297,298,Frederica,main,female,frederica,assets/triangle-strategy/approved_voice_references/frederica.wav,ดีมากเจ้าค่ะ เราไปกันดีกว่า,,,PENDING_MANUAL_GENERATION,,triangle-strategy
295,MS17_H01_A1_0070_F_FRE_0120.wav,MS17_H01_A1_0070_F_FRE_0120,298,298,298,299,Frederica,main,female,frederica,assets/triangle-strategy/approved_voice_references/frederica.wav,ชะตาไม่ได้ลิขิตเจ้าค่ะ...ลอร์ดแคลรุส ปัจจุบันต่างหากที่ชี้ชะตาเรา,,,PENDING_MANUAL_GENERATION,,triangle-strategy
296,MS17_H01_A1_0070_F_FRE_0130.wav,MS17_H01_A1_0070_F_FRE_0130,299,299,299,300,Frederica,main,female,frederica,assets/triangle-strategy/approved_voice_references/frederica.wav,เซเรโนอากับข้าร่วมฝ่าฟันกันมานาน และเส้นทางได้นำเรามาสู่จุดนี้,,,PENDING_MANUAL_GENERATION,,triangle-strategy
297,MS17_H01_A1_0070_F_FRE_0140.wav,MS17_H01_A1_0070_F_FRE_0140,300,300,300,301,Frederica,main,female,frederica,assets/triangle-strategy/approved_voice_references/frederica.wav,จะถือเสียว่าเป็นคำชมนะเจ้าคะ,,,PENDING_MANUAL_GENERATION,,triangle-strategy
298,MS17_H01_A1_0070_F_FRE_0150.wav,MS17_H01_A1_0070_F_FRE_0150,301,301,301,302,Frederica,main,female,frederica,assets/triangle-strategy/approved_voice_references/frederica.wav,ท่านแม่ โปรดคุ้มครองลูกด้วย...,,,PENDING_MANUAL_GENERATION,,triangle-strategy
299,MS17_H01_A1_0070_M_CLR_0010.wav,MS17_H01_A1_0070_M_CLR_0010,302,302,302,303,แคลรุส,npc,male,clarus,assets/triangle-strategy/approved_voice_references/clarus.wav,หากไฮแซนต์ไร้อำนาจทางการค้า ข้าจะได้รับผลประโยชน์,,,PENDING_MANUAL_GENERATION,,triangle-strategy
300,MS17_H01_A1_0070_M_CLR_0020.wav,MS17_H01_A1_0070_M_CLR_0020,303,303,303,304,แคลรุส,npc,male,clarus,assets/triangle-strategy/approved_voice_references/clarus.wav,เพราะฉะนั้นไม่ต้องเป็นห่วงข้าหรอก คิดเสียว่าเป็นการตัดสินใจทางธุรกิจพร้อมด้วยการช่วยเหลือพวกท่านก็แล้วกัน,,,PENDING_MANUAL_GENERATION,,triangle-strategy
301,MS17_H01_A1_0070_M_CLR_0030.wav,MS17_H01_A1_0070_M_CLR_0030,304,304,304,305,แคลรุส,npc,male,clarus,assets/triangle-strategy/approved_voice_references/clarus.wav,อยู่ในรถเรียบร้อยขอรับท่านหญิง เพียงพอต่อการระเบิดเทพีให้แหลกเป็นจุณแน่นอน,,,PENDING_MANUAL_GENERATION,,triangle-strategy
302,MS17_H01_A1_0070_M_CLR_0040.wav,MS17_H01_A1_0070_M_CLR_0040,305,305,305,306,แคลรุส,npc,male,clarus,assets/triangle-strategy/approved_voice_references/clarus.wav,ท่านช่างสุดยอดเหลือเกินนะเฟรเดอริก้า ชาวโรเซลล์สายเลือดเอสฟรอสต์ที่สู้เพื่อวูล์ฟฟอร์ต,,,PENDING_MANUAL_GENERATION,,triangle-strategy
303,MS17_H01_A1_0070_M_CLR_0050.wav,MS17_H01_A1_0070_M_CLR_0050,306,306,306,307,แคลรุส,npc,male,clarus,assets/triangle-strategy/approved_voice_references/clarus.wav,ผู้ใดจะคู่ควรแก่การล้างบางทรราชไฮแซนต์เช่นท่านล่ะ? ท่านไม่รู้สึกเหรอว่ามันอาจเป็นสิ่งที่ถูกลิขิตไว้เพื่อท่านผู้เดียวก็ได้?,,,PENDING_MANUAL_GENERATION,,triangle-strategy
304,MS17_H01_A1_0070_M_CLR_0060.wav,MS17_H01_A1_0070_M_CLR_0060,307,307,307,308,แคลรุส,npc,male,clarus,assets/triangle-strategy/approved_voice_references/clarus.wav,หากท่านต้องการจะโค่นล้มเทพธิดาล่ะก็ แสดงว่าท่านมีหัวใจดุจเหล็กกล้าเป็นแน่,,,PENDING_MANUAL_GENERATION,,triangle-strategy
305,MS17_H01_A1_0080_F_ABR_0010.wav,MS17_H01_A1_0080_F_ABR_0010,308,308,308,309,Avlora,npc,female,avlora,assets/triangle-strategy/approved_voice_references/avlora.wav,ข้าสละยศไปแล้ว ครั้งนี้ข้ามาในฐานะประชาชนแห่งนอร์เซเลีย,,,PENDING_MANUAL_GENERATION,,triangle-strategy
306,MS17_H01_A1_0080_F_ABR_0020.wav,MS17_H01_A1_0080_F_ABR_0020,309,309,309,310,Avlora,npc,female,avlora,assets/triangle-strategy/approved_voice_references/avlora.wav,ข้ามาขอพึ่งพิงอาศัยที่วูล์ฟฟอร์ต หวังว่าเจ้าจะเมตตาข้าด้วย,,,PENDING_MANUAL_GENERATION,,triangle-strategy
307,MS17_H01_A1_0080_F_ABR_0030.wav,MS17_H01_A1_0080_F_ABR_0030,310,310,310,311,Avlora,npc,female,avlora,assets/triangle-strategy/approved_voice_references/avlora.wav,ก็เป็นเพราะท่านไม่ใช่เหรอเจ้าคะ... แต่ข้าไม่แค้นเคืองอะไรท่านแล้วล่ะ,,,PENDING_MANUAL_GENERATION,,triangle-strategy
308,MS17_H01_A1_0080_F_ABR_0040.wav,MS17_H01_A1_0080_F_ABR_0040,311,311,311,312,Avlora,npc,female,avlora,assets/triangle-strategy/approved_voice_references/avlora.wav,ครั้งนี้ข้ามาเพื่อขอร้องท่าน,,,PENDING_MANUAL_GENERATION,,triangle-strategy
309,MS17_H01_A1_0080_F_ABR_0050.wav,MS17_H01_A1_0080_F_ABR_0050,312,312,312,313,Avlora,npc,female,avlora,assets/triangle-strategy/approved_voice_references/avlora.wav,หากไม่ถือสา โปรดให้ข้าเข้าร่วมทัพด้วยเถิด,,,PENDING_MANUAL_GENERATION,,triangle-strategy
310,MS17_H01_A1_0080_F_ABR_0060.wav,MS17_H01_A1_0080_F_ABR_0060,313,313,313,314,Avlora,npc,female,avlora,assets/triangle-strategy/approved_voice_references/avlora.wav,ความโกลาหลวุ่นวายในประวัติศาสตร์หน้านี้ของนอร์เซเลีย...จะได้จบลงเสียทีเจ้าค่ะ,,,PENDING_MANUAL_GENERATION,,triangle-strategy
311,MS17_H01_A1_0080_F_ABR_0070.wav,MS17_H01_A1_0080_F_ABR_0070,314,314,314,315,Avlora,npc,female,avlora,assets/triangle-strategy/approved_voice_references/avlora.wav,ข้าอยากเห็นประชาชนทุกคนอยู่อาศัยอย่างสงบสุขในยุคของท่านคอร์เดเลีย,,,PENDING_MANUAL_GENERATION,,triangle-strategy
312,MS17_H01_A1_0080_F_ABR_0080.wav,MS17_H01_A1_0080_F_ABR_0080,315,315,315,316,Avlora,npc,female,avlora,assets/triangle-strategy/approved_voice_references/avlora.wav,ข้าไม่สนหรอกว่าท่านจะคิดว่าข้าโกหกหรือไม่,,,PENDING_MANUAL_GENERATION,,triangle-strategy
313,MS17_H01_A1_0080_F_ABR_0090.wav,MS17_H01_A1_0080_F_ABR_0090,316,316,316,317,Avlora,npc,female,avlora,assets/triangle-strategy/approved_voice_references/avlora.wav,แต่คำพูดของคอร์เดเลียนั้นโดนใจข้า และข้าขอสาบานจะปกป้องนางตลอดไป...มิใช่เอสฟรอสต์,,,PENDING_MANUAL_GENERATION,,triangle-strategy
314,MS17_H01_A1_0080_F_ABR_0100.wav,MS17_H01_A1_0080_F_ABR_0100,317,317,317,318,Avlora,npc,female,avlora,assets/triangle-strategy/approved_voice_references/avlora.wav,นายท่านเจ้าคะ...,,,PENDING_MANUAL_GENERATION,,triangle-strategy
315,MS17_H01_A1_0080_F_ABR_0110.wav,MS17_H01_A1_0080_F_ABR_0110,318,318,318,319,Avlora,npc,female,avlora,assets/triangle-strategy/approved_voice_references/avlora.wav,มีอยู่แล้วเจ้าค่ะ ข้าเข้าใจความเจ็บปวดของพวกเขาดี...ซึ่งข้าทำใจเผื่อไว้แล้วล่ะ,,,PENDING_MANUAL_GENERATION,,triangle-strategy
316,MS17_H01_A1_0080_F_ABR_0120.wav,MS17_H01_A1_0080_F_ABR_0120,319,319,319,320,Avlora,npc,female,avlora,assets/triangle-strategy/approved_voice_references/avlora.wav,ข้ายอมโดนพวกเขาทุบตี หากมันทำให้นอร์เซเลียสงบสุขขึ้นได้,,,PENDING_MANUAL_GENERATION,,triangle-strategy
317,MS17_H01_A1_0080_F_ABR_0130.wav,MS17_H01_A1_0080_F_ABR_0130,320,320,320,321,Avlora,npc,female,avlora,assets/triangle-strategy/approved_voice_references/avlora.wav,ดาบนี้ยินดีรับใช้เจ้าค่ะ ลอร์ดเซเรโนอา,,,PENDING_MANUAL_GENERATION,,triangle-strategy
318,MS17_H01_A1_0080_M_M344_0010.wav,MS17_H01_A1_0080_M_M344_0010,321,321,321,322,ชายชาวเมือง / ทหาร / ผู้ติดตาม,generic,male,MALE_YOUNG_A,assets/triangle-strategy/approved_voice_references/MALE_YOUNG_A.wav,ไม่จริงน่า...,,,PENDING_MANUAL_GENERATION,,triangle-strategy
319,MS17_H01_A1_0080_M_M344_0015.wav,MS17_H01_A1_0080_M_M344_0015,322,322,322,323,ชายชาวเมือง / ทหาร / ผู้ติดตาม,generic,male,MALE_YOUNG_A,assets/triangle-strategy/approved_voice_references/MALE_YOUNG_A.wav,แม่ทัพอัฟโลร่าแห่งเอสฟรอสต์งั้นเหรอ!?,,,PENDING_MANUAL_GENERATION,,triangle-strategy
320,MS17_H01_A1_0080_M_M344_0020.wav,MS17_H01_A1_0080_M_M344_0020,323,323,323,324,ชายชาวเมือง / ทหาร / ผู้ติดตาม,generic,male,MALE_YOUNG_A,assets/triangle-strategy/approved_voice_references/MALE_YOUNG_A.wav,คอยก่อนนะขอรับ,,,PENDING_MANUAL_GENERATION,,triangle-strategy
321,MS17_H01_A1_0080_M_SEL_0010.wav,MS17_H01_A1_0080_M_SEL_0010,324,324,324,325,Serenoa,main,male,serenoa,assets/triangle-strategy/approved_voice_references/serenoa.wav,ท่านแม่ทัพ! นึกว่าท่านหายสาบสูญไปแล้วเสียอีก,,,PENDING_MANUAL_GENERATION,,triangle-strategy
322,MS17_H01_A1_0080_M_SEL_0020.wav,MS17_H01_A1_0080_M_SEL_0020,325,325,325,326,Serenoa,main,male,serenoa,assets/triangle-strategy/approved_voice_references/serenoa.wav,ท่านจะแปรพักตร์งั้นเหรอ? ทำไมล่ะ?,,,PENDING_MANUAL_GENERATION,,triangle-strategy
323,MS17_H01_A1_0080_M_SEL_0030.wav,MS17_H01_A1_0080_M_SEL_0030,326,326,326,327,Serenoa,main,male,serenoa,assets/triangle-strategy/approved_voice_references/serenoa.wav,พวกเราเป็นศัตรูกันมานาน และชาวเอสฟรอสต์อย่างท่านก็ช่วงชิงจากเราไปไม่น้อย,,,PENDING_MANUAL_GENERATION,,triangle-strategy
324,MS17_H01_A1_0080_M_SEL_0040.wav,MS17_H01_A1_0080_M_SEL_0040,327,327,327,328,Serenoa,main,male,serenoa,assets/triangle-strategy/approved_voice_references/serenoa.wav,แม่ทัพอัฟโลร่า ข้ารู้ว่าท่านไม่ใช่คนเจ้าเล่ห์หลอกลวง ข้าเชื่อว่าท่านพูดความจริง,,,PENDING_MANUAL_GENERATION,,triangle-strategy
325,MS17_H01_A1_0080_M_SEL_0050.wav,MS17_H01_A1_0080_M_SEL_0050,328,328,328,329,Serenoa,main,male,serenoa,assets/triangle-strategy/approved_voice_references/serenoa.wav,ข้าเห็นด้วยกับความคิดยุติสงครามของท่านนะ ใจตรงกันทีเดียว,,,PENDING_MANUAL_GENERATION,,triangle-strategy
326,MS17_H01_A1_0080_M_SEL_0060.wav,MS17_H01_A1_0080_M_SEL_0060,329,329,329,330,Serenoa,main,male,serenoa,assets/triangle-strategy/approved_voice_references/serenoa.wav,ถึงอย่างไรพวกเราก็เคยบาดหมางกันมาก่อน อาจจะมีทหารบางคนในกองทัพที่ไม่ชอบหน้าหรือไม่อยากพบเจอท่าน,,,PENDING_MANUAL_GENERATION,,triangle-strategy
327,MS17_H01_A1_0080_M_SEL_0070.wav,MS17_H01_A1_0080_M_SEL_0070,330,330,330,331,Serenoa,main,male,serenoa,assets/triangle-strategy/approved_voice_references/serenoa.wav,ชื่นชมในความแน่วแน่ของท่านจริงๆ,,,PENDING_MANUAL_GENERATION,,triangle-strategy
328,MS17_H01_A1_0080_M_SEL_0080.wav,MS17_H01_A1_0080_M_SEL_0080,331,331,331,332,Serenoa,main,male,serenoa,assets/triangle-strategy/approved_voice_references/serenoa.wav,จริงๆเราตัดสินใจเรียบร้อยแล้ว พละกำลังของท่านคือสิ่งที่หาใครมาเทียบไม่ได้ ซึ่งจะเป็นประโยชน์ต่อเราอย่างมาก,,,PENDING_MANUAL_GENERATION,,triangle-strategy
329,MS17_H01_A1_0080_M_SEL_0090.wav,MS17_H01_A1_0080_M_SEL_0090,332,332,332,333,Serenoa,main,male,serenoa,assets/triangle-strategy/approved_voice_references/serenoa.wav,ยินดีต้อนรับสู่ตระกูลวูล์ฟฟอร์ตขอรับ แม่ทัพอัฟโลร่า,,,PENDING_MANUAL_GENERATION,,triangle-strategy
330,MS17_H01_A1_0090_M_ELA_0010.wav,MS17_H01_A1_0090_M_ELA_0010,333,333,333,334,Erador,main,male,erador,assets/triangle-strategy/approved_voice_references/erador.wav,พ่อหนุ่ม ตัดสินใจได้หรือยังล่ะ?,,,PENDING_MANUAL_GENERATION,,triangle-strategy
331,MS17_H01_A1_0090_M_ELA_0020.wav,MS17_H01_A1_0090_M_ELA_0020,334,334,334,335,Erador,main,male,erador,assets/triangle-strategy/approved_voice_references/erador.wav,เลือกทางไหนข้าก็พร้อมร่วมทางขอรับ พวกเรามีศัตรูคนเดียวกัน,,,PENDING_MANUAL_GENERATION,,triangle-strategy
332,MS17_H01_A1_0090_M_ELA_0030.wav,MS17_H01_A1_0090_M_ELA_0030,335,335,335,336,Erador,main,male,erador,assets/triangle-strategy/approved_voice_references/erador.wav,ตราบใดที่การต่อสู้ครั้งหน้าเป็นศึกครั้งสุดท้าย เรามีแผนเอาชนะพวกมันโดยการล่อให้มาตกหลุมพรางที่นี่ขอรับ,,,PENDING_MANUAL_GENERATION,,triangle-strategy
333,MS17_H01_A1_0090_M_ELA_0040.wav,MS17_H01_A1_0090_M_ELA_0040,336,336,336,337,Erador,main,male,erador,assets/triangle-strategy/approved_voice_references/erador.wav,หมู่บ้านนี้มีความลับอำมหิตซึ่งเก็บไว้ใช้ในยามคับขันขอรับ,,,PENDING_MANUAL_GENERATION,,triangle-strategy
334,MS17_H01_A1_0090_M_ELA_0050.wav,MS17_H01_A1_0090_M_ELA_0050,337,337,337,338,Erador,main,male,erador,assets/triangle-strategy/approved_voice_references/erador.wav,ท่านเห็นทางระบายน้ำโดยรอบใช่ไหม?,,,PENDING_MANUAL_GENERATION,,triangle-strategy
335,MS17_H01_A1_0090_M_ELA_0060.wav,MS17_H01_A1_0090_M_ELA_0060,338,338,338,339,Erador,main,male,erador,assets/triangle-strategy/approved_voice_references/erador.wav,เราสามารถระบายน้ำมันออกมาได้เช่นเดียวกับน้ำ เราจะล่อศัตรูเข้าระยะแล้วเผาพวกมันทั้งเป็นขอรับ,,,PENDING_MANUAL_GENERATION,,triangle-strategy
336,MS17_H01_A1_0090_M_ELA_0070.wav,MS17_H01_A1_0090_M_ELA_0070,339,339,339,340,Erador,main,male,erador,assets/triangle-strategy/approved_voice_references/erador.wav,ข้าก็เพิ่งรู้จากเบเนดิกต์เมื่อวันก่อนนี้เองขอรับ,,,PENDING_MANUAL_GENERATION,,triangle-strategy
337,MS17_H01_A1_0090_M_ELA_0080.wav,MS17_H01_A1_0090_M_ELA_0080,340,340,340,341,Erador,main,male,erador,assets/triangle-strategy/approved_voice_references/erador.wav,เพียงท่านทุบเสาเหยี่ยว รั้วกั้นจะยกระดับขึ้นสูง พร้อมเทน้ำมันจุดไฟลุกโชนในทันที,,,PENDING_MANUAL_GENERATION,,triangle-strategy
338,MS17_H01_A1_0090_M_ELA_0090.wav,MS17_H01_A1_0090_M_ELA_0090,341,341,341,342,Erador,main,male,erador,assets/triangle-strategy/approved_voice_references/erador.wav,รั้วจะปิดเส้นทาง และไฟจะแผดเผาพวกเขาขอรับ,,,PENDING_MANUAL_GENERATION,,triangle-strategy
339,MS17_H01_A1_0090_M_ELA_0100.wav,MS17_H01_A1_0090_M_ELA_0100,342,342,342,343,Erador,main,male,erador,assets/triangle-strategy/approved_voice_references/erador.wav,เพราะแบบนี้เบเนดิกต์กับพ่อของท่านจึงปกปิดมันไว้ยังไงล่ะ,,,PENDING_MANUAL_GENERATION,,triangle-strategy
340,MS17_H01_A1_0090_M_ELA_0110.wav,MS17_H01_A1_0090_M_ELA_0110,343,343,343,344,Erador,main,male,erador,assets/triangle-strategy/approved_voice_references/erador.wav,ข้าไม่ได้พูดให้ฟังเฉยๆนะขอรับ หากท่านคิดว่ามันจำเป็นก็อย่าลังเลที่จะใช้กับดักเสียล่ะ,,,PENDING_MANUAL_GENERATION,,triangle-strategy
341,MS17_H01_A1_0090_M_SEL_0010.wav,MS17_H01_A1_0090_M_SEL_0010,344,344,344,345,Serenoa,main,male,serenoa,assets/triangle-strategy/approved_voice_references/serenoa.wav,ยังเลยท่าน ข้าไม่รู้ว่าควรเลือกเดินเส้นทางใด,,,PENDING_MANUAL_GENERATION,,triangle-strategy
342,MS17_H01_A1_0090_M_SEL_0020.wav,MS17_H01_A1_0090_M_SEL_0020,345,345,345,346,Serenoa,main,male,serenoa,assets/triangle-strategy/approved_voice_references/serenoa.wav,ยังไงนะท่าน?,,,PENDING_MANUAL_GENERATION,,triangle-strategy
343,MS17_H01_A1_0090_M_SEL_0030.wav,MS17_H01_A1_0090_M_SEL_0030,346,346,346,347,Serenoa,main,male,serenoa,assets/triangle-strategy/approved_voice_references/serenoa.wav,แย่มาก! ไม่นึกเลยว่าจะมีกับดักซ่อนไว้ในที่โจ่งแจ้งเช่นนี้,,,PENDING_MANUAL_GENERATION,,triangle-strategy
344,MS17_H01_A1_0090_M_SEL_0040.wav,MS17_H01_A1_0090_M_SEL_0040,347,347,347,348,Serenoa,main,male,serenoa,assets/triangle-strategy/approved_voice_references/serenoa.wav,รวมไปถึงหมู่บ้านด้วยสินะ แผนสำรองของแท้จริงๆ,,,PENDING_MANUAL_GENERATION,,triangle-strategy
345,MS17_H01_A1_0090_M_SEL_0050.wav,MS17_H01_A1_0090_M_SEL_0050,348,348,348,349,Serenoa,main,male,serenoa,assets/triangle-strategy/approved_voice_references/serenoa.wav,ขอบคุณนะเอราดอร์...ข้าจะจำไว้อย่างดี แต่ขออย่าให้ต้องใช้มันเลยก็แล้วกัน,,,PENDING_MANUAL_GENERATION,,triangle-strategy
346,MS17_H01_B0_0010_M_GST_0010.wav,MS17_H01_B0_0010_M_GST_0010,349,349,349,350,กุสตาดอล์ฟ,npc,male,gustadolph,assets/triangle-strategy/approved_voice_references/gustadolph.wav,เหล่าสหายร่วมรบผู้แข็งแกร่งทั้งหลายของข้า ดีใจที่ได้พบพวกเจ้าทุกคน ณ ประตูแฝดแห่งนี้,,,PENDING_MANUAL_GENERATION,,triangle-strategy
347,MS17_H01_B0_0010_M_GST_0020.wav,MS17_H01_B0_0010_M_GST_0020,350,350,350,351,กุสตาดอล์ฟ,npc,male,gustadolph,assets/triangle-strategy/approved_voice_references/gustadolph.wav,ข้าอยากประกาศให้ทราบถ้วนหน้ากัน ว่าเราพบคริสตัลเกลือลึกลงไปในเหมืองนอร์เซเลีย!,,,PENDING_MANUAL_GENERATION,,triangle-strategy
348,MS17_H01_B0_0010_M_GST_0030.wav,MS17_H01_B0_0010_M_GST_0030,351,351,351,352,กุสตาดอล์ฟ,npc,male,gustadolph,assets/triangle-strategy/approved_voice_references/gustadolph.wav,น่าเสียดายที่เกลนบรู๊คช่วงชิงเหมืองนั้นไปจากเรา!,,,PENDING_MANUAL_GENERATION,,triangle-strategy
349,MS17_H01_B0_0010_M_GST_0040.wav,MS17_H01_B0_0010_M_GST_0040,352,352,352,353,กุสตาดอล์ฟ,npc,male,gustadolph,assets/triangle-strategy/approved_voice_references/gustadolph.wav,ที่แย่ไปกว่านั้น ตระกูลวูล์ฟฟอร์ตอันเลื่องชื่อแห่งเกลนบรู๊ค กำลังถูกชี้นำโดยหนึ่งในผู้ศักดิ์สิทธิ์แห่งไฮแซนต์,,,PENDING_MANUAL_GENERATION,,triangle-strategy
350,MS17_H01_B0_0010_M_GST_0050.wav,MS17_H01_B0_0010_M_GST_0050,353,353,353,354,กุสตาดอล์ฟ,npc,male,gustadolph,assets/triangle-strategy/approved_voice_references/gustadolph.wav,พวกมันจะรู้เรื่องคริสตัลเกลือ และศาสนาของพวกมันคงสั่นคลอนเป็นแน่,,,PENDING_MANUAL_GENERATION,,triangle-strategy
351,MS17_H01_B0_0010_M_GST_0060.wav,MS17_H01_B0_0010_M_GST_0060,354,354,354,355,กุสตาดอล์ฟ,npc,male,gustadolph,assets/triangle-strategy/approved_voice_references/gustadolph.wav,และพวกเจ้ารู้ดีใช่ไหม ว่าไฮแซนต์จะตอบโต้อย่างไร,,,PENDING_MANUAL_GENERATION,,triangle-strategy
352,MS17_H01_B0_0010_M_GST_0070.wav,MS17_H01_B0_0010_M_GST_0070,355,355,355,356,กุสตาดอล์ฟ,npc,male,gustadolph,assets/triangle-strategy/approved_voice_references/gustadolph.wav,พวกมันไม่ปล่อยผ่านเรื่องนี้แน่ พวกมันจะตามหาคริสตัลเหล่านั้นเพื่อรักษาอำนาจและกดขี่ผู้อื่นสืบไป,,,PENDING_MANUAL_GENERATION,,triangle-strategy
353,MS17_H01_B0_0010_M_GST_0080.wav,MS17_H01_B0_0010_M_GST_0080,356,356,356,357,กุสตาดอล์ฟ,npc,male,gustadolph,assets/triangle-strategy/approved_voice_references/gustadolph.wav,สิ่งนี้คือภัยร้ายแรง เราจึงต้องเผด็จศึกเกลนบรู๊คและพิชิตเหมืองกลับมาให้จงได้,,,PENDING_MANUAL_GENERATION,,triangle-strategy
354,MS17_H01_B0_0010_M_GST_0090.wav,MS17_H01_B0_0010_M_GST_0090,357,357,357,358,กุสตาดอล์ฟ,npc,male,gustadolph,assets/triangle-strategy/approved_voice_references/gustadolph.wav,แต่เราจะไม่หยุดแต่นั้น เพราะมันจะทำให้ไฮแซนต์คุกคามเราถึงหน้าประตู,,,PENDING_MANUAL_GENERATION,,triangle-strategy
355,MS17_H01_B0_0010_M_GST_0100.wav,MS17_H01_B0_0010_M_GST_0100,358,358,358,359,กุสตาดอล์ฟ,npc,male,gustadolph,assets/triangle-strategy/approved_voice_references/gustadolph.wav,พวกมันจะไม่หยุดจนกว่าจะได้ยึดครองนอร์เซเลีย!,,,PENDING_MANUAL_GENERATION,,triangle-strategy
356,MS17_H01_B0_0010_M_GST_0110.wav,MS17_H01_B0_0010_M_GST_0110,359,359,359,360,กุสตาดอล์ฟ,npc,male,gustadolph,assets/triangle-strategy/approved_voice_references/gustadolph.wav,ราชรัฐไม่เคยตกที่นั่งลำบากขนาดนี้มาก่อน,,,PENDING_MANUAL_GENERATION,,triangle-strategy
357,MS17_H01_B0_0010_M_GST_0120.wav,MS17_H01_B0_0010_M_GST_0120,360,360,360,361,กุสตาดอล์ฟ,npc,male,gustadolph,assets/triangle-strategy/approved_voice_references/gustadolph.wav,แต่เราจะไม่ยอมแพ้! เราไม่มีวันก้มหัวให้พระเจ้าหรือกษัตริย์องค์ใด!,,,PENDING_MANUAL_GENERATION,,triangle-strategy
358,MS17_H01_B0_0010_M_GST_0130.wav,MS17_H01_B0_0010_M_GST_0130,361,361,361,362,กุสตาดอล์ฟ,npc,male,gustadolph,assets/triangle-strategy/approved_voice_references/gustadolph.wav,เราจะต้อนรับข้าศึกที่ประตูแฝดด้วยเหล็กกล้าอันแข็งแกร่ง!,,,PENDING_MANUAL_GENERATION,,triangle-strategy
359,MS17_H01_B0_0010_M_GST_0140.wav,MS17_H01_B0_0010_M_GST_0140,362,362,362,363,กุสตาดอล์ฟ,npc,male,gustadolph,assets/triangle-strategy/approved_voice_references/gustadolph.wav,"บัดนี้ อาวุธใหม่ของเรา ""ปืนใหญ่เสียงสังเวย"" ใกล้จะเสร็จสมบูรณ์แล้ว เราจะใช้สิ่งนี้เพื่อตอบโต้ไฮแซนต์",,,PENDING_MANUAL_GENERATION,,triangle-strategy
360,MS17_H01_B0_0010_M_GST_0150.wav,MS17_H01_B0_0010_M_GST_0150,363,363,363,364,กุสตาดอล์ฟ,npc,male,gustadolph,assets/triangle-strategy/approved_voice_references/gustadolph.wav,เทพธิดาจอมปลอมกับไฮแซนต์จะพ่ายแพ้ และล่มสลายไปพร้อมกัน!,,,PENDING_MANUAL_GENERATION,,triangle-strategy
361,MS17_H01_B0_0010_M_GST_0160.wav,MS17_H01_B0_0010_M_GST_0160,364,364,364,365,กุสตาดอล์ฟ,npc,male,gustadolph,assets/triangle-strategy/approved_voice_references/gustadolph.wav,ยกดาบของพวกเจ้าขึ้นมาซะ วีรชนเหล็กทมิฬเอ๋ย!,,,PENDING_MANUAL_GENERATION,,triangle-strategy
362,MS17_H01_B0_0010_M_GST_0170.wav,MS17_H01_B0_0010_M_GST_0170,365,365,365,366,กุสตาดอล์ฟ,npc,male,gustadolph,assets/triangle-strategy/approved_voice_references/gustadolph.wav,ชื่อของพวกเจ้าจะถูกจารึกไว้ในแผ่นเหล็ก ในฐานะผู้อารักขาแห่งเอสฟรอสต์!,,,PENDING_MANUAL_GENERATION,,triangle-strategy
363,MS17_H01_B0_0010_M_SVR_0010.wav,MS17_H01_B0_0010_M_SVR_0010,366,366,366,367,สวาร็อค,npc,male,svarog,assets/triangle-strategy/approved_voice_references/svarog.wav,ใช่แล้วล่ะกุสตาดอล์ฟหลานรัก... ปืนใหญ่เสียงสังเวยจะปัดเป่าคำหลอกลวงให้กระจุยเป็นแน่,,,PENDING_MANUAL_GENERATION,,triangle-strategy
364,MS17_H01_B0_0010_N_M342_0010.wav,MS17_H01_B0_0010_N_M342_0010,367,367,367,368,ชายชาวเมือง / ทหาร / ผู้ติดตาม,generic,male,MALE_ADULT_B,assets/triangle-strategy/approved_voice_references/MALE_ADULT_B.wav,ย้าาากกกกก!,,,PENDING_MANUAL_GENERATION,,triangle-strategy
365,MS17_H01_B0_0010_N_M342_0020.wav,MS17_H01_B0_0010_N_M342_0020,368,368,368,369,ชายชาวเมือง / ทหาร / ผู้ติดตาม,generic,male,MALE_ADULT_B,assets/triangle-strategy/approved_voice_references/MALE_ADULT_B.wav,เพื่อเอสฟรอสต์!,,,PENDING_MANUAL_GENERATION,,triangle-strategy
366,MS17_H01_B0_1010_M_CLR_0010.wav,MS17_H01_B0_1010_M_CLR_0010,369,369,369,370,แคลรุส,npc,male,clarus,assets/triangle-strategy/approved_voice_references/clarus.wav,เรื่องที่ไฮแซนต์มันแยกเขี้ยวใส่เกลนบรู๊คน่ะเหรอ? ก็ผ่านหูมาบ้างแล้วล่ะ,,,PENDING_MANUAL_GENERATION,,triangle-strategy
367,MS17_H01_B0_1010_M_CLR_0020.wav,MS17_H01_B0_1010_M_CLR_0020,370,370,370,371,แคลรุส,npc,male,clarus,assets/triangle-strategy/approved_voice_references/clarus.wav,ฝ่าบาทโรแลนด์เพิ่งรื้อฟื้นความสัมพันธ์และร่วมกันกอบกู้นครหลวงได้ไม่นานนัก...,,,PENDING_MANUAL_GENERATION,,triangle-strategy
368,MS17_H01_B0_1010_M_CLR_0030.wav,MS17_H01_B0_1010_M_CLR_0030,371,371,371,372,แคลรุส,npc,male,clarus,assets/triangle-strategy/approved_voice_references/clarus.wav,จริงๆก็ไม่น่าเกิดเรื่องเช่นนี้หรอก แต่ข่าวลือมันแพร่หลายจนข้าคิดว่าเกิดเรื่องขึ้นแล้วล่ะ,,,PENDING_MANUAL_GENERATION,,triangle-strategy
369,MS17_H01_B0_1010_M_CLR_0040.wav,MS17_H01_B0_1010_M_CLR_0040,372,372,372,373,แคลรุส,npc,male,clarus,assets/triangle-strategy/approved_voice_references/clarus.wav,หากข้ายกตัวอย่างได้ ข้าคงไม่กระวนกระวายเช่นนี้หรอก,,,PENDING_MANUAL_GENERATION,,triangle-strategy
370,MS17_H01_B0_1010_M_CLR_0050.wav,MS17_H01_B0_1010_M_CLR_0050,373,373,373,374,แคลรุส,npc,male,clarus,assets/triangle-strategy/approved_voice_references/clarus.wav,คงงั้นนะ แต่ข้าคิดว่าสงครามชี้ชะตานอร์เซเลียกำลังจะเกิดขึ้นแล้วล่ะ,,,PENDING_MANUAL_GENERATION,,triangle-strategy
371,MS17_H01_B0_1010_M_CLR_0060.wav,MS17_H01_B0_1010_M_CLR_0060,374,374,374,375,แคลรุส,npc,male,clarus,assets/triangle-strategy/approved_voice_references/clarus.wav,ซึ่งมันเป็นโอกาสสำหรับนักค้าขายอย่างเรา เพราะสงครามจำเป็นต้องใช้เสบียง,,,PENDING_MANUAL_GENERATION,,triangle-strategy
372,MS17_H01_B0_1010_M_CLR_0070.wav,MS17_H01_B0_1010_M_CLR_0070,375,375,375,376,แคลรุส,npc,male,clarus,assets/triangle-strategy/approved_voice_references/clarus.wav,การเปลี่ยนอำนาจในนอร์เซเลีย ย่อมสร้างโอกาสธุรกิจใหม่ๆแก่เราเสมอ,,,PENDING_MANUAL_GENERATION,,triangle-strategy
373,MS17_H01_B0_1010_M_CLR_0080.wav,MS17_H01_B0_1010_M_CLR_0080,376,376,376,377,แคลรุส,npc,male,clarus,assets/triangle-strategy/approved_voice_references/clarus.wav,พูดยากนะ,,,PENDING_MANUAL_GENERATION,,triangle-strategy
374,MS17_H01_B0_1010_M_CLR_0090.wav,MS17_H01_B0_1010_M_CLR_0090,377,377,377,378,แคลรุส,npc,male,clarus,assets/triangle-strategy/approved_voice_references/clarus.wav,ข้าเชื่อว่าการตัดสินใจของวูล์ฟฟอร์ต จะเป็นกุญแจสำคัญต่อการตัดสินใจของเราเช่นกัน,,,PENDING_MANUAL_GENERATION,,triangle-strategy
375,MS17_H01_B0_1010_M_CLR_0100.wav,MS17_H01_B0_1010_M_CLR_0100,378,378,378,379,แคลรุส,npc,male,clarus,assets/triangle-strategy/approved_voice_references/clarus.wav,ใช่แล้วล่ะ ก็พวกเขามีส่วนเกี่ยวข้องในความขัดแย้งของอาณาจักรทั้งสามมาโดยตลอดเลยนี่,,,PENDING_MANUAL_GENERATION,,triangle-strategy
376,MS17_H01_B0_1010_M_CLR_0110.wav,MS17_H01_B0_1010_M_CLR_0110,379,379,379,380,แคลรุส,npc,male,clarus,assets/triangle-strategy/approved_voice_references/clarus.wav,ข้าขอดูวิธีของลอร์ดเซเรโนอาก่อนจะตัดสินใจก็แล้วกัน...,,,PENDING_MANUAL_GENERATION,,triangle-strategy
377,MS17_H01_B0_1010_M_M343_0010.wav,MS17_H01_B0_1010_M_M343_0010,380,380,380,381,ชายชาวเมือง / ทหาร / ผู้ติดตาม,generic,male,MALE_ADULT_C,assets/triangle-strategy/approved_voice_references/MALE_ADULT_C.wav,ลอร์ดแคลรุส ท่านทราบข่าวแล้วหรือยังขอรับ?,,,PENDING_MANUAL_GENERATION,,triangle-strategy
378,MS17_H01_B0_1010_M_M343_0020.wav,MS17_H01_B0_1010_M_M343_0020,381,381,381,382,ชายชาวเมือง / ทหาร / ผู้ติดตาม,generic,male,MALE_ADULT_C,assets/triangle-strategy/approved_voice_references/MALE_ADULT_C.wav,แสดงว่าข่าวถึงสมาคมแล้วสินะ เรื่องจริงใช่ไหมขอรับ?,,,PENDING_MANUAL_GENERATION,,triangle-strategy
379,MS17_H01_B0_1010_M_M343_0030.wav,MS17_H01_B0_1010_M_M343_0030,382,382,382,383,ชายชาวเมือง / ทหาร / ผู้ติดตาม,generic,male,MALE_ADULT_C,assets/triangle-strategy/approved_voice_references/MALE_ADULT_C.wav,อย่างเช่นเรื่องอะไรขอรับ?,,,PENDING_MANUAL_GENERATION,,triangle-strategy
380,MS17_H01_B0_1010_M_M343_0040.wav,MS17_H01_B0_1010_M_M343_0040,383,383,383,384,ชายชาวเมือง / ทหาร / ผู้ติดตาม,generic,male,MALE_ADULT_C,assets/triangle-strategy/approved_voice_references/MALE_ADULT_C.wav,ตอนนี้มีทหารเอสฟรอสต์มารวมตัวกันที่ประตูแฝด แสดงว่าพวกเขาทราบข่าวลือเหมือนกันสินะขอรับ?,,,PENDING_MANUAL_GENERATION,,triangle-strategy
381,MS17_H01_B0_1010_M_M343_0050.wav,MS17_H01_B0_1010_M_M343_0050,384,384,384,385,ชายชาวเมือง / ทหาร / ผู้ติดตาม,generic,male,MALE_ADULT_C,assets/triangle-strategy/approved_voice_references/MALE_ADULT_C.wav,ก็ถูกของท่านขอรับ,,,PENDING_MANUAL_GENERATION,,triangle-strategy
382,MS17_H01_B0_1010_M_M343_0060.wav,MS17_H01_B0_1010_M_M343_0060,385,385,385,386,ชายชาวเมือง / ทหาร / ผู้ติดตาม,generic,male,MALE_ADULT_C,assets/triangle-strategy/approved_voice_references/MALE_ADULT_C.wav,สรุปแล้ว...สมาคมจะซื้อขายกับไฮแซนต์อยู่หรือเปล่าขอรับ?,,,PENDING_MANUAL_GENERATION,,triangle-strategy
383,MS17_H01_B0_1010_M_M343_0070.wav,MS17_H01_B0_1010_M_M343_0070,386,386,386,387,ชายชาวเมือง / ทหาร / ผู้ติดตาม,generic,male,MALE_ADULT_C,assets/triangle-strategy/approved_voice_references/MALE_ADULT_C.wav,วูล์ฟฟอร์ตงั้นเหรอ?,,,PENDING_MANUAL_GENERATION,,triangle-strategy
384,MS17_H01_C0_0010_F_LYL_0010.wav,MS17_H01_C0_0010_F_LYL_0010,387,387,387,388,Lyla,npc,female,lyla,assets/triangle-strategy/approved_voice_references/lyla.wav,เพราะแบบนี้เองสินะ...กุสตาดอล์ฟถึงกล้าคว่ำบาตร,,,PENDING_MANUAL_GENERATION,,triangle-strategy
385,MS17_H01_C0_0010_F_LYL_0020.wav,MS17_H01_C0_0010_F_LYL_0020,388,388,388,389,Lyla,npc,female,lyla,assets/triangle-strategy/approved_voice_references/lyla.wav,มีวิธีปิดปากโรแลนด์กับวูล์ฟฟอร์ตนอกเหนือจากนี้ไหมเจ้าคะ?,,,PENDING_MANUAL_GENERATION,,triangle-strategy
386,MS17_H01_C0_0010_M_EGS_0010.wav,MS17_H01_C0_0010_M_EGS_0010,389,389,389,390,Exharme,npc,male,exharme,assets/triangle-strategy/approved_voice_references/exharme.wav,นางหมายความว่ามีเกลือจากแหล่งอื่นงั้นเหรอ!?,,,PENDING_MANUAL_GENERATION,,triangle-strategy
387,MS17_H01_C0_0010_M_EGS_0020.wav,MS17_H01_C0_0010_M_EGS_0020,390,390,390,391,Exharme,npc,male,exharme,assets/triangle-strategy/approved_voice_references/exharme.wav,ข้าไม่เห็นจะเคยได้ยินเลยขอรับ!,,,PENDING_MANUAL_GENERATION,,triangle-strategy
388,MS17_H01_C0_0010_M_EGS_0030.wav,MS17_H01_C0_0010_M_EGS_0030,391,391,391,392,Exharme,npc,male,exharme,assets/triangle-strategy/approved_voice_references/exharme.wav,ชิ...,,,PENDING_MANUAL_GENERATION,,triangle-strategy
389,MS17_H01_C0_0010_M_EGS_0040.wav,MS17_H01_C0_0010_M_EGS_0040,392,392,392,393,Exharme,npc,male,exharme,assets/triangle-strategy/approved_voice_references/exharme.wav,พระองค์ขอให้เราโจมตีเกลนบรู๊คเหรอขอรับ!?,,,PENDING_MANUAL_GENERATION,,triangle-strategy
390,MS17_H01_C0_0010_M_EGS_0050.wav,MS17_H01_C0_0010_M_EGS_0050,393,393,393,394,Exharme,npc,male,exharme,assets/triangle-strategy/approved_voice_references/exharme.wav,ถ้าเขาขัดขืนล่ะ?,,,PENDING_MANUAL_GENERATION,,triangle-strategy
391,MS17_H01_C0_0010_M_ENG_0010.wav,MS17_H01_C0_0010_M_ENG_0010,394,394,394,395,เทเนบริส,npc,male,tenebris,assets/triangle-strategy/approved_voice_references/tenebris.wav,เป็นไปไม่ได้!,,,PENDING_MANUAL_GENERATION,,triangle-strategy
392,MS17_H01_C0_0010_M_ENG_0020.wav,MS17_H01_C0_0010_M_ENG_0020,395,395,395,396,เทเนบริส,npc,male,tenebris,assets/triangle-strategy/approved_voice_references/tenebris.wav,ทำไมท่านยังนิ่งเฉยอยู่อีก?,,,PENDING_MANUAL_GENERATION,,triangle-strategy
393,MS17_H01_C0_0010_M_ENG_0030.wav,MS17_H01_C0_0010_M_ENG_0030,396,396,396,397,เทเนบริส,npc,male,tenebris,assets/triangle-strategy/approved_voice_references/tenebris.wav,หลักคำสอนของเรากล่าวว่า เกลือคือของขวัญซึ่งมอบแก่ผู้ศรัทธาในเทพธิดาเท่านั้น,,,PENDING_MANUAL_GENERATION,,triangle-strategy
394,MS17_H01_C0_0010_M_ENG_0040.wav,MS17_H01_C0_0010_M_ENG_0040,397,397,397,398,เทเนบริส,npc,male,tenebris,assets/triangle-strategy/approved_voice_references/tenebris.wav,การค้นพบคริสตัลเกลือ เป็นภัยต่อไฮแซนต์อย่างมากเลยนะขอรับ,,,PENDING_MANUAL_GENERATION,,triangle-strategy
395,MS17_H01_C0_0010_M_IDO_0010.wav,MS17_H01_C0_0010_M_IDO_0010,398,398,398,399,อีดอร์,npc,male,idore,assets/triangle-strategy/approved_voice_references/idore.wav,เออ ไมโลส่งข้อความมาจากเกลนบรู๊คด้วยล่ะ,,,PENDING_MANUAL_GENERATION,,triangle-strategy
396,MS17_H01_C0_0010_M_IDO_0020.wav,MS17_H01_C0_0010_M_IDO_0020,399,399,399,400,อีดอร์,npc,male,idore,assets/triangle-strategy/approved_voice_references/idore.wav,สิ่งที่อยู่ลึกลงไปในเหมืองนอร์เซเลียก็คือ... อืม เหมือนจะเจอคริสตัลเกลือข้างในนั้นสินะ,,,PENDING_MANUAL_GENERATION,,triangle-strategy
397,MS17_H01_C0_0010_M_IDO_0030.wav,MS17_H01_C0_0010_M_IDO_0030,400,400,400,401,อีดอร์,npc,male,idore,assets/triangle-strategy/approved_voice_references/idore.wav,ถูกต้อง...ซึ่งพวกเรารู้ดีอยู่แล้ว จากตำนานโรเซลล์ที่กล่าวขานมา,,,PENDING_MANUAL_GENERATION,,triangle-strategy
398,MS17_H01_C0_0010_M_IDO_0040.wav,MS17_H01_C0_0010_M_IDO_0040,401,401,401,402,อีดอร์,npc,male,idore,assets/triangle-strategy/approved_voice_references/idore.wav,เพราะมันไม่ใช่เรื่องของเจ้าไง! ท่านหัวหน้านักบวชสั่งห้ามไม่ให้ใครรู้เรื่องนี้แม้กระทั่งเจ็ดผู้ศักดิ์สิทธิ์ก็ตาม,,,PENDING_MANUAL_GENERATION,,triangle-strategy
399,MS17_H01_C0_0010_M_IDO_0050.wav,MS17_H01_C0_0010_M_IDO_0050,402,402,402,403,อีดอร์,npc,male,idore,assets/triangle-strategy/approved_voice_references/idore.wav,คริสตัลเกลือก็คือเกลือเช่นกัน แค่ปิดข่าวซะก็สิ้นเรื่อง,,,PENDING_MANUAL_GENERATION,,triangle-strategy
400,MS17_H01_C0_0010_M_IDO_0060.wav,MS17_H01_C0_0010_M_IDO_0060,403,403,403,404,อีดอร์,npc,male,idore,assets/triangle-strategy/approved_voice_references/idore.wav,พระองค์ตรัสกับข้าแล้ว... รัฐมนตรีเอกซ์เฮม เตรียมทัพเข้ายึดเหมืองนอร์เซเลียโดยด่วน,,,PENDING_MANUAL_GENERATION,,triangle-strategy
401,MS17_H01_C0_0010_M_IDO_0070.wav,MS17_H01_C0_0010_M_IDO_0070,404,404,404,405,อีดอร์,npc,male,idore,assets/triangle-strategy/approved_voice_references/idore.wav,ลอร์ดเซเรโนอาเป็นพวกเดียวกับเรา เขาจำเป็นต้องเชื่อฟังถ้อยคำของพระองค์,,,PENDING_MANUAL_GENERATION,,triangle-strategy
402,MS17_H01_C0_0010_M_IDO_0080.wav,MS17_H01_C0_0010_M_IDO_0080,405,405,405,406,อีดอร์,npc,male,idore,assets/triangle-strategy/approved_voice_references/idore.wav,แต่เราไม่รู้ว่าเขาจะขัดขืน...หรือจะไปร่วมมือกับฝ่าบาทแสนรักของเขากันแน่,,,PENDING_MANUAL_GENERATION,,triangle-strategy
403,MS17_H01_C0_0010_M_IDO_0090.wav,MS17_H01_C0_0010_M_IDO_0090,406,406,406,407,อีดอร์,npc,male,idore,assets/triangle-strategy/approved_voice_references/idore.wav,ระหว่างที่ท่านเดินทางไปสู่เหมือง...ก็ถือโอกาสล้อมปราสาทแล้วถามเขาซะ,,,PENDING_MANUAL_GENERATION,,triangle-strategy
404,MS17_H01_C0_0010_M_IDO_0100.wav,MS17_H01_C0_0010_M_IDO_0100,407,407,407,408,อีดอร์,npc,male,idore,assets/triangle-strategy/approved_voice_references/idore.wav,ก็ปฏิบัติกับเขาเยี่ยงผู้ละทิ้งเทพธิดาเสียเถิด,,,PENDING_MANUAL_GENERATION,,triangle-strategy
405,MS17_H01_C0_0010_M_KNS_0010.wav,MS17_H01_C0_0010_M_KNS_0010,408,408,408,409,แคมเซลล์,npc,male,kamsell,assets/triangle-strategy/approved_voice_references/kamsell.wav,ขอรับ...แต่ว่าทำยังไงเหรอ?,,,PENDING_MANUAL_GENERATION,,triangle-strategy
406,MS17_H01_VOTE_110_F_FRE_0010.wav,MS17_H01_VOTE_110_F_FRE_0010,409,409,409,410,Frederica,main,female,frederica,assets/triangle-strategy/approved_voice_references/frederica.wav,เบเนดิกต์ ห้ามพวกเขาที!,,,PENDING_MANUAL_GENERATION,,triangle-strategy
407,MS17_H01_VOTE_110_F_FRE_0020.wav,MS17_H01_VOTE_110_F_FRE_0020,410,410,410,411,Frederica,main,female,frederica,assets/triangle-strategy/approved_voice_references/frederica.wav,ที่รัก...,,,PENDING_MANUAL_GENERATION,,triangle-strategy
408,MS17_H01_VOTE_110_F_HEW_0010.wav,MS17_H01_VOTE_110_F_HEW_0010,411,411,411,412,Hughette,main,female,hughette,assets/triangle-strategy/approved_voice_references/hughette.wav,เดี๋ยวก่อน! โรแลนด์คือคนเดียวที่มีตราราชวงศ์ไม่ใช่เหรอ?,,,PENDING_MANUAL_GENERATION,,triangle-strategy
409,MS17_H01_VOTE_110_F_HEW_0020.wav,MS17_H01_VOTE_110_F_HEW_0020,412,412,412,413,Hughette,main,female,hughette,assets/triangle-strategy/approved_voice_references/hughette.wav,แม้ว่าเรื่องนี้จะเป็นจริง แต่โรแลนด์ก็คือผู้ที่สมควรจะสืบทอดบัลลังก์ไม่ใช่เหรอ!?,,,PENDING_MANUAL_GENERATION,,triangle-strategy
410,MS17_H01_VOTE_110_F_HEW_0030.wav,MS17_H01_VOTE_110_F_HEW_0030,413,413,413,414,Hughette,main,female,hughette,assets/triangle-strategy/approved_voice_references/hughette.wav,หยุดทะเลาะกันได้แล้วเจ้าค่ะ!,,,PENDING_MANUAL_GENERATION,,triangle-strategy
411,MS17_H01_VOTE_110_M_BND_0010.wav,MS17_H01_VOTE_110_M_BND_0010,414,414,414,415,Benedict,main,male,benedict,assets/triangle-strategy/approved_voice_references/benedict.wav,พวกเรารู้ทันกุสตาดอล์ฟหมดแล้ว รับรองว่าเราไม่เสียรู้ให้มันแน่ขอรับ,,,PENDING_MANUAL_GENERATION,,triangle-strategy
412,MS17_H01_VOTE_110_M_BND_0020.wav,MS17_H01_VOTE_110_M_BND_0020,415,415,415,416,Benedict,main,male,benedict,assets/triangle-strategy/approved_voice_references/benedict.wav,หากจำเป็นขอรับ,,,PENDING_MANUAL_GENERATION,,triangle-strategy
413,MS17_H01_VOTE_110_M_BND_0030.wav,MS17_H01_VOTE_110_M_BND_0030,416,416,416,417,Benedict,main,male,benedict,assets/triangle-strategy/approved_voice_references/benedict.wav,นี่คือคำพูดจากปากของกษัตริย์ที่พร้อมสละประชาชนของตนให้ไฮแซนต์งั้นเหรอขอรับ?,,,PENDING_MANUAL_GENERATION,,triangle-strategy
414,MS17_H01_VOTE_110_M_BND_0040.wav,MS17_H01_VOTE_110_M_BND_0040,417,417,417,418,Benedict,main,male,benedict,assets/triangle-strategy/approved_voice_references/benedict.wav,ท่านไม่ได้เป็นข้ารับใช้ของใคร ลอร์ดเซเรโนอา,,,PENDING_MANUAL_GENERATION,,triangle-strategy
415,MS17_H01_VOTE_110_M_BND_0050.wav,MS17_H01_VOTE_110_M_BND_0050,418,418,418,419,Benedict,main,male,benedict,assets/triangle-strategy/approved_voice_references/benedict.wav,ลอร์ดเซเรโนอา ไม่ใช่บุตรของลอร์ดซีมอน,,,PENDING_MANUAL_GENERATION,,triangle-strategy
416,MS17_H01_VOTE_110_M_BND_0060.wav,MS17_H01_VOTE_110_M_BND_0060,419,419,419,420,Benedict,main,male,benedict,assets/triangle-strategy/approved_voice_references/benedict.wav,แท้จริงแล้วเขาคือบุตรแห่งกษัตริย์เร็กน่าต่างหาก,,,PENDING_MANUAL_GENERATION,,triangle-strategy
417,MS17_H01_VOTE_110_M_BND_0070.wav,MS17_H01_VOTE_110_M_BND_0070,420,420,420,421,Benedict,main,male,benedict,assets/triangle-strategy/approved_voice_references/benedict.wav,ฝ่าบาทเร็กน่าตกหลุมรักกับท่านหญิงเดสตร้า สามัญชนผู้อาศัยอยู่ในนครหลวง,,,PENDING_MANUAL_GENERATION,,triangle-strategy
418,MS17_H01_VOTE_110_M_BND_0080.wav,MS17_H01_VOTE_110_M_BND_0080,421,421,421,422,Benedict,main,male,benedict,assets/triangle-strategy/approved_voice_references/benedict.wav,เมื่อเกิดเรื่องฉาวว่านางตั้งครรภ์ ฝ่าบาทเร็กน่าจึงแบกรับแรงกดดันจากเหล่าขุนนาง จนต้องฝากนางไว้กับลอร์ดซีมอน,,,PENDING_MANUAL_GENERATION,,triangle-strategy
419,MS17_H01_VOTE_110_M_BND_0090.wav,MS17_H01_VOTE_110_M_BND_0090,422,422,422,423,Benedict,main,male,benedict,assets/triangle-strategy/approved_voice_references/benedict.wav,บุตรในครรภ์ของนางคือเซเรโนอาในวันนี้ ผู้สืบทอดตระกูลวูล์ฟฟอร์ต,,,PENDING_MANUAL_GENERATION,,triangle-strategy
420,MS17_H01_VOTE_110_M_BND_0100.wav,MS17_H01_VOTE_110_M_BND_0100,423,423,423,424,Benedict,main,male,benedict,assets/triangle-strategy/approved_voice_references/benedict.wav,เขาไม่ได้มีแหวนนั่นเพียงผู้เดียวหรอก,,,PENDING_MANUAL_GENERATION,,triangle-strategy
421,MS17_H01_VOTE_110_M_BND_0110.wav,MS17_H01_VOTE_110_M_BND_0110,424,424,424,425,Benedict,main,male,benedict,assets/triangle-strategy/approved_voice_references/benedict.wav,ไม่ได้หรอก หากจะเดินหน้าต่อ...ก็ต้องยุติปัญหาตรงนี้ให้ได้เสียก่อนขอรับ,,,PENDING_MANUAL_GENERATION,,triangle-strategy
422,MS17_H01_VOTE_110_M_BND_0120.wav,MS17_H01_VOTE_110_M_BND_0120,425,425,425,426,Benedict,main,male,benedict,assets/triangle-strategy/approved_voice_references/benedict.wav,ลอร์ดเซเรโนอา มัวลังเลอะไรอยู่! ฝ่าบาทโรแลนด์เป็นต้นคิดนะขอรับ...ทำตามเขาเสียเถอะ,,,PENDING_MANUAL_GENERATION,,triangle-strategy
423,MS17_H01_VOTE_110_M_BND_0130.wav,MS17_H01_VOTE_110_M_BND_0130,426,426,426,427,Benedict,main,male,benedict,assets/triangle-strategy/approved_voice_references/benedict.wav,ขืนปล่อยให้มีชีวิตอยู่ต่อไป ก็มีแต่จะสร้างปัญหาให้เรานะขอรับ,,,PENDING_MANUAL_GENERATION,,triangle-strategy
424,MS17_H01_VOTE_110_M_BND_0140.wav,MS17_H01_VOTE_110_M_BND_0140,427,427,427,428,Benedict,main,male,benedict,assets/triangle-strategy/approved_voice_references/benedict.wav,ข้าไม่อยากให้จากกันเช่นนี้เลย แต่โรแลนด์พูดเองว่าชีวิตมันไม่สมหวังไปซะทุกเรื่องหรอก,,,PENDING_MANUAL_GENERATION,,triangle-strategy
425,MS17_H01_VOTE_110_M_BND_0150.wav,MS17_H01_VOTE_110_M_BND_0150,428,428,428,429,Benedict,main,male,benedict,assets/triangle-strategy/approved_voice_references/benedict.wav,อย่างน้อยนี่ก็คือเส้นทางของเรา พวกเรามีเรื่องให้สะสางขอรับ,,,PENDING_MANUAL_GENERATION,,triangle-strategy
426,MS17_H01_VOTE_110_M_RLN_0010.wav,MS17_H01_VOTE_110_M_RLN_0010,429,429,429,430,Roland,main,male,roland,assets/triangle-strategy/approved_voice_references/roland.wav,เจ้ายอมซื้อใจกุสตาดอล์ฟ และติดสินบนเขาด้วยเกลือสินะ,,,PENDING_MANUAL_GENERATION,,triangle-strategy
427,MS17_H01_VOTE_110_M_RLN_0020.wav,MS17_H01_VOTE_110_M_RLN_0020,430,430,430,431,Roland,main,male,roland,assets/triangle-strategy/approved_voice_references/roland.wav,ข้ารับไม่ได้หรอก! ต่อให้ชนะไฮแซนต์...เดี๋ยวเอสฟรอสต์ก็จะกลับมาชิงอำนาจจากเราอยู่ดี!,,,PENDING_MANUAL_GENERATION,,triangle-strategy
428,MS17_H01_VOTE_110_M_RLN_0030.wav,MS17_H01_VOTE_110_M_RLN_0030,431,431,431,432,Roland,main,male,roland,assets/triangle-strategy/approved_voice_references/roland.wav,นี่จะร่วมมือกับพวกมัน เพื่อหาโอกาสแทงข้างหลังงั้นเหรอ?,,,PENDING_MANUAL_GENERATION,,triangle-strategy
429,MS17_H01_VOTE_110_M_RLN_0040.wav,MS17_H01_VOTE_110_M_RLN_0040,432,432,432,433,Roland,main,male,roland,assets/triangle-strategy/approved_voice_references/roland.wav,เจ้าไม่ละอายบ้างหรือไง!,,,PENDING_MANUAL_GENERATION,,triangle-strategy
430,MS17_H01_VOTE_110_M_RLN_0050.wav,MS17_H01_VOTE_110_M_RLN_0050,433,433,433,434,Roland,main,male,roland,assets/triangle-strategy/approved_voice_references/roland.wav,ถูกต้อง เนี่ยแหละคือวิธีที่เราจะพบสันติสุขโดยการสละคนส่วนน้อย,,,PENDING_MANUAL_GENERATION,,triangle-strategy
431,MS17_H01_VOTE_110_M_RLN_0060.wav,MS17_H01_VOTE_110_M_RLN_0060,434,434,434,435,Roland,main,male,roland,assets/triangle-strategy/approved_voice_references/roland.wav,...ตระกูลวูล์ฟฟอร์ตต้องการจะเดินร่วมทางกับเอสฟรอสต์สินะ,,,PENDING_MANUAL_GENERATION,,triangle-strategy
432,MS17_H01_VOTE_110_M_RLN_0070.wav,MS17_H01_VOTE_110_M_RLN_0070,435,435,435,436,Roland,main,male,roland,assets/triangle-strategy/approved_voice_references/roland.wav,แต่ในฐานะกษัตริย์แห่งเกลนบรู๊คแล้วนั้น ข้าไม่ยอมหรอก!,,,PENDING_MANUAL_GENERATION,,triangle-strategy
433,MS17_H01_VOTE_110_M_RLN_0080.wav,MS17_H01_VOTE_110_M_RLN_0080,436,436,436,437,Roland,main,male,roland,assets/triangle-strategy/approved_voice_references/roland.wav,ลอร์ดวูล์ฟฟอร์ต ข้าขอสั่งให้เจ้าเดินทัพสู่ราชรัฐและสังหารกุสตาดอล์ฟบัดเดี๋ยวนี้!,,,PENDING_MANUAL_GENERATION,,triangle-strategy
434,MS17_H01_VOTE_110_M_RLN_0090.wav,MS17_H01_VOTE_110_M_RLN_0090,437,437,437,438,Roland,main,male,roland,assets/triangle-strategy/approved_voice_references/roland.wav,เจ้าคือผู้รับใช้ของข้าไม่ใช่เหรอ ลองขัดขืนดูสิ,,,PENDING_MANUAL_GENERATION,,triangle-strategy
435,MS17_H01_VOTE_110_M_RLN_0100.wav,MS17_H01_VOTE_110_M_RLN_0100,438,438,438,439,Roland,main,male,roland,assets/triangle-strategy/approved_voice_references/roland.wav,พูดอะไรของเจ้า?,,,PENDING_MANUAL_GENERATION,,triangle-strategy
436,MS17_H01_VOTE_110_M_RLN_0110.wav,MS17_H01_VOTE_110_M_RLN_0110,439,439,439,440,Roland,main,male,roland,assets/triangle-strategy/approved_voice_references/roland.wav,ล้อกันเล่นใช่ไหม!?,,,PENDING_MANUAL_GENERATION,,triangle-strategy
437,MS17_H01_VOTE_110_M_RLN_0120.wav,MS17_H01_VOTE_110_M_RLN_0120,440,440,440,441,Roland,main,male,roland,assets/triangle-strategy/approved_voice_references/roland.wav,หากมันเป็นเรื่องจริง เจ้าก็เป็นพี่ชายของข้า... ซึ่งข้าก็ไม่มีสิทธิสั่งเจ้า,,,PENDING_MANUAL_GENERATION,,triangle-strategy
438,MS17_H01_VOTE_110_M_RLN_0130.wav,MS17_H01_VOTE_110_M_RLN_0130,441,441,441,442,Roland,main,male,roland,assets/triangle-strategy/approved_voice_references/roland.wav,เซเรโนอา เจ้าก็มีเหมือนกันเหรอ?,,,PENDING_MANUAL_GENERATION,,triangle-strategy
439,MS17_H01_VOTE_110_M_RLN_0140.wav,MS17_H01_VOTE_110_M_RLN_0140,442,442,442,443,Roland,main,male,roland,assets/triangle-strategy/approved_voice_references/roland.wav,แหวนวงนี้เป็นของแท้ ไม่ผิดแน่,,,PENDING_MANUAL_GENERATION,,triangle-strategy
440,MS17_H01_VOTE_110_M_RLN_0150.wav,MS17_H01_VOTE_110_M_RLN_0150,443,443,443,444,Roland,main,male,roland,assets/triangle-strategy/approved_voice_references/roland.wav,สิ่งที่เบเนดิกต์พูดเป็นความจริง,,,PENDING_MANUAL_GENERATION,,triangle-strategy
441,MS17_H01_VOTE_110_M_RLN_0160.wav,MS17_H01_VOTE_110_M_RLN_0160,444,444,444,445,Roland,main,male,roland,assets/triangle-strategy/approved_voice_references/roland.wav,เซเรโนอา ข้าเคารพชื่นชมเจ้ามาโดยตลอดตั้งแต่ตอนที่เรารู้จักกันครั้งแรก,,,PENDING_MANUAL_GENERATION,,triangle-strategy
442,MS17_H01_VOTE_110_M_RLN_0170.wav,MS17_H01_VOTE_110_M_RLN_0170,445,445,445,446,Roland,main,male,roland,assets/triangle-strategy/approved_voice_references/roland.wav,ข้าคิดเสมอว่าเจ้าดีกว่าข้าในทุกด้าน รวมถึงการเป็นผู้นำด้วย,,,PENDING_MANUAL_GENERATION,,triangle-strategy
443,MS17_H01_VOTE_110_M_RLN_0180.wav,MS17_H01_VOTE_110_M_RLN_0180,446,446,446,447,Roland,main,male,roland,assets/triangle-strategy/approved_voice_references/roland.wav,ข้ารู้สึกผูกพันกับเจ้าอย่างบอกไม่ถูก แต่ตอนนี้ข้าพบคำตอบแล้วล่ะ,,,PENDING_MANUAL_GENERATION,,triangle-strategy
444,MS17_H01_VOTE_110_M_RLN_0190.wav,MS17_H01_VOTE_110_M_RLN_0190,447,447,447,448,Roland,main,male,roland,assets/triangle-strategy/approved_voice_references/roland.wav,เพราะแบบนี้ข้าถึงยอมเจ้าไม่ได้ยังไงล่ะ!,,,PENDING_MANUAL_GENERATION,,triangle-strategy
445,MS17_H01_VOTE_110_M_RLN_0200.wav,MS17_H01_VOTE_110_M_RLN_0200,448,448,448,449,Roland,main,male,roland,assets/triangle-strategy/approved_voice_references/roland.wav,พี่ชายที่รักของข้า...,,,PENDING_MANUAL_GENERATION,,triangle-strategy
446,MS17_H01_VOTE_110_M_RLN_0210.wav,MS17_H01_VOTE_110_M_RLN_0210,449,449,449,450,Roland,main,male,roland,assets/triangle-strategy/approved_voice_references/roland.wav,เซเรโนอา วูล์ฟฟอร์ต ข้าขอท้าเจ้าสู้,,,PENDING_MANUAL_GENERATION,,triangle-strategy
447,MS17_H01_VOTE_110_M_RLN_0220.wav,MS17_H01_VOTE_110_M_RLN_0220,450,450,450,451,Roland,main,male,roland,assets/triangle-strategy/approved_voice_references/roland.wav,ผู้ชนะจะได้ครองบัลลังก์,,,PENDING_MANUAL_GENERATION,,triangle-strategy
448,MS17_H01_VOTE_110_M_RLN_0230.wav,MS17_H01_VOTE_110_M_RLN_0230,451,451,451,452,Roland,main,male,roland,assets/triangle-strategy/approved_voice_references/roland.wav,เตรียมอาวุธให้พร้อมเซเรโนอา ข้าไม่ได้ล้อเล่น!,,,PENDING_MANUAL_GENERATION,,triangle-strategy
449,MS17_H01_VOTE_110_M_RLN_0240.wav,MS17_H01_VOTE_110_M_RLN_0240,452,452,452,453,Roland,main,male,roland,assets/triangle-strategy/approved_voice_references/roland.wav,ฟังเบเนดิกต์ซะ นี่ไม่ใช่ศึกของเจ้า,,,PENDING_MANUAL_GENERATION,,triangle-strategy
450,MS17_H01_VOTE_110_M_RLN_0250.wav,MS17_H01_VOTE_110_M_RLN_0250,453,453,453,454,Roland,main,male,roland,assets/triangle-strategy/approved_voice_references/roland.wav,ไม่กล้าแสดงจุดยืนของตัวเองเหรอ ท่านพี่!?,,,PENDING_MANUAL_GENERATION,,triangle-strategy
451,MS17_H01_VOTE_110_M_RLN_0260.wav,MS17_H01_VOTE_110_M_RLN_0260,454,454,454,455,Roland,main,male,roland,assets/triangle-strategy/approved_voice_references/roland.wav,ข้ารู้ เจ้าเป็นสหายแสนดีที่ข้าอยากฝากชีวิตไว้ด้วย...,,,PENDING_MANUAL_GENERATION,,triangle-strategy
452,MS17_H01_VOTE_110_M_RLN_0270.wav,MS17_H01_VOTE_110_M_RLN_0270,455,455,455,456,Roland,main,male,roland,assets/triangle-strategy/approved_voice_references/roland.wav,แต่ในเมื่อความจริงทุกเปิดเผย...เส้นทางของเรานั้นไม่เหมือนเดิมอีกต่อไปแล้ว เจ้าบอกเองนี่ว่ามีทางเดียวให้ไปต่อไม่ใช่เหรอ!?,,,PENDING_MANUAL_GENERATION,,triangle-strategy
453,MS17_H01_VOTE_110_M_RLN_0280.wav,MS17_H01_VOTE_110_M_RLN_0280,456,456,456,457,Roland,main,male,roland,assets/triangle-strategy/approved_voice_references/roland.wav,ยึดติดเหรอ!? ฮ่า!,,,PENDING_MANUAL_GENERATION,,triangle-strategy
454,MS17_H01_VOTE_110_M_RLN_0290.wav,MS17_H01_VOTE_110_M_RLN_0290,457,457,457,458,Roland,main,male,roland,assets/triangle-strategy/approved_voice_references/roland.wav,ข้ากัดฟันสู้มาโดยตลอด เพื่อปกป้องในสิ่งที่เจ้ากำลังเหยียดหยามอยู่ในตอนนี้!,,,PENDING_MANUAL_GENERATION,,triangle-strategy
455,MS17_H01_VOTE_110_M_RLN_0300.wav,MS17_H01_VOTE_110_M_RLN_0300,458,458,458,459,Roland,main,male,roland,assets/triangle-strategy/approved_voice_references/roland.wav,งั้นเหรอ? เจ้าได้รับความรักจากพ่อ ได้ความเชื่อใจจากประชาชน... เจ้าพิสูจน์ตัวเองได้โดยไม่ต้องพยายามอะไรด้วยซ้ำ!,,,PENDING_MANUAL_GENERATION,,triangle-strategy
456,MS17_H01_VOTE_110_M_RLN_0310.wav,MS17_H01_VOTE_110_M_RLN_0310,459,459,459,460,Roland,main,male,roland,assets/triangle-strategy/approved_voice_references/roland.wav,คราวนี้ช่วยพิสูจน์อีกสักหนเถอะ!,,,PENDING_MANUAL_GENERATION,,triangle-strategy
457,MS17_H01_VOTE_110_M_RLN_0320.wav,MS17_H01_VOTE_110_M_RLN_0320,460,460,460,461,Roland,main,male,roland,assets/triangle-strategy/approved_voice_references/roland.wav,ข้าพยายามอย่างหนัก ในขณะที่เจ้าชี้นำตระกูลวูล์ฟฟอร์ตสู่ความรุ่งโรจน์,,,PENDING_MANUAL_GENERATION,,triangle-strategy
458,MS17_H01_VOTE_110_M_RLN_0330.wav,MS17_H01_VOTE_110_M_RLN_0330,461,461,461,462,Roland,main,male,roland,assets/triangle-strategy/approved_voice_references/roland.wav,ข้าชื่นชมและอิจฉาเจ้าพอๆกัน,,,PENDING_MANUAL_GENERATION,,triangle-strategy
459,MS17_H01_VOTE_110_M_RLN_0340.wav,MS17_H01_VOTE_110_M_RLN_0340,462,462,462,463,Roland,main,male,roland,assets/triangle-strategy/approved_voice_references/roland.wav,ข้าอยากทำให้ได้เหมือนเจ้า ข้าอยากเอาชนะเจ้ามานานแล้ว...,,,PENDING_MANUAL_GENERATION,,triangle-strategy
460,MS17_H01_VOTE_110_M_RLN_0350.wav,MS17_H01_VOTE_110_M_RLN_0350,463,463,463,464,Roland,main,male,roland,assets/triangle-strategy/approved_voice_references/roland.wav,ขอแค่ครั้งเดียวเท่านั้น...!,,,PENDING_MANUAL_GENERATION,,triangle-strategy
461,MS17_H01_VOTE_110_M_RLN_0360.wav,MS17_H01_VOTE_110_M_RLN_0360,464,464,464,465,Roland,main,male,roland,assets/triangle-strategy/approved_voice_references/roland.wav,หากเจ้าเข้าใจความรู้สึกข้าจริงๆ เจ้าคงอยากมุดแผ่นดินหนีแน่,,,PENDING_MANUAL_GENERATION,,triangle-strategy
462,MS17_H01_VOTE_110_M_RLN_0370.wav,MS17_H01_VOTE_110_M_RLN_0370,465,465,465,466,Roland,main,male,roland,assets/triangle-strategy/approved_voice_references/roland.wav,อย่ามาหลบหน้าหนี! มาสู้กันให้รู้แล้วรู้รอดไป!,,,PENDING_MANUAL_GENERATION,,triangle-strategy
463,MS17_H01_VOTE_110_M_RLN_0380.wav,MS17_H01_VOTE_110_M_RLN_0380,466,466,466,467,Roland,main,male,roland,assets/triangle-strategy/approved_voice_references/roland.wav,...ชีวิตมันไม่สมหวังไปซะทุกเรื่องหรอก เรื่องนั้นเรารู้อยู่แก่ใจทั้งคู่,,,PENDING_MANUAL_GENERATION,,triangle-strategy
464,MS17_H01_VOTE_110_M_RLN_0390.wav,MS17_H01_VOTE_110_M_RLN_0390,467,467,467,468,Roland,main,male,roland,assets/triangle-strategy/approved_voice_references/roland.wav,ตอนที่เจ้าจะไปเข้าร่วมกับเอสฟรอสต์ เจ้าเป็นคนที่ขอให้ข้าปล่อยวางความรู้สึกของตนไม่ใช่เหรอ?,,,PENDING_MANUAL_GENERATION,,triangle-strategy
465,MS17_H01_VOTE_110_M_RLN_0400.wav,MS17_H01_VOTE_110_M_RLN_0400,468,468,468,469,Roland,main,male,roland,assets/triangle-strategy/approved_voice_references/roland.wav,รอบนี้ข้าขอบ้างสิ!,,,PENDING_MANUAL_GENERATION,,triangle-strategy
466,MS17_H01_VOTE_110_M_RLN_0410.wav,MS17_H01_VOTE_110_M_RLN_0410,469,469,469,470,Roland,main,male,roland,assets/triangle-strategy/approved_voice_references/roland.wav,พิสูจน์ให้เห็นหน่อยว่าเจ้ามีความสามารถมากพอที่จะจัดการกับเอสฟรอสต์และบดขยี้ไฮแซนต์!,,,PENDING_MANUAL_GENERATION,,triangle-strategy
467,MS17_H01_VOTE_110_M_RLN_0420.wav,MS17_H01_VOTE_110_M_RLN_0420,470,470,470,471,Roland,main,male,roland,assets/triangle-strategy/approved_voice_references/roland.wav,ช่วยเสียสละตัวเอง เพื่อทำในสิ่งที่ถูกต้องสำหรับเจ้าทีสิ!,,,PENDING_MANUAL_GENERATION,,triangle-strategy
468,MS17_H01_VOTE_110_M_RLN_0430.wav,MS17_H01_VOTE_110_M_RLN_0430,471,471,471,472,Roland,main,male,roland,assets/triangle-strategy/approved_voice_references/roland.wav,อนาคตที่เจ้าว่า ช่วยสร้างมันให้ข้าเห็นเป็นบุญตาซะ!,,,PENDING_MANUAL_GENERATION,,triangle-strategy
469,MS17_H01_VOTE_110_M_RLN_0440.wav,MS17_H01_VOTE_110_M_RLN_0440,472,472,472,473,Roland,main,male,roland,assets/triangle-strategy/approved_voice_references/roland.wav,เข้ามา เดี๋ยวก็รู้ว่าใครจะแน่กว่ากัน!,,,PENDING_MANUAL_GENERATION,,triangle-strategy
470,MS17_H01_VOTE_110_M_RLN_0450.wav,MS17_H01_VOTE_110_M_RLN_0450,473,473,473,474,Roland,main,male,roland,assets/triangle-strategy/approved_voice_references/roland.wav,ย้ากกก!,,,PENDING_MANUAL_GENERATION,,triangle-strategy
471,MS17_H01_VOTE_110_M_RLN_0460.wav,MS17_H01_VOTE_110_M_RLN_0460,474,474,474,475,Roland,main,male,roland,assets/triangle-strategy/approved_voice_references/roland.wav,อึก!,,,PENDING_MANUAL_GENERATION,,triangle-strategy
472,MS17_H01_VOTE_110_M_RLN_0470.wav,MS17_H01_VOTE_110_M_RLN_0470,475,475,475,476,Roland,main,male,roland,assets/triangle-strategy/approved_voice_references/roland.wav,สุดท้ายข้าก็โดนเจ้าชักจูงอยู่ดี...,,,PENDING_MANUAL_GENERATION,,triangle-strategy
473,MS17_H01_VOTE_110_M_RLN_0480.wav,MS17_H01_VOTE_110_M_RLN_0480,476,476,476,477,Roland,main,male,roland,assets/triangle-strategy/approved_voice_references/roland.wav,เช่นนั้นก็สังหารข้าเสียเถอะ เจ้าสมควรลงดาบสุดท้าย,,,PENDING_MANUAL_GENERATION,,triangle-strategy
474,MS17_H01_VOTE_110_M_RLN_0490.wav,MS17_H01_VOTE_110_M_RLN_0490,477,477,477,478,Roland,main,male,roland,assets/triangle-strategy/approved_voice_references/roland.wav,เจ้าจัดการเองเลย ข้ายกอาณาจักรให้เจ้าแล้ว,,,PENDING_MANUAL_GENERATION,,triangle-strategy
475,MS17_H01_VOTE_110_M_RLN_0500.wav,MS17_H01_VOTE_110_M_RLN_0500,478,478,478,479,Roland,main,male,roland,assets/triangle-strategy/approved_voice_references/roland.wav,เจ้ามีแหวน... เจ้ามีเชื้อสาย... และตระกูลวูล์ฟฟอร์ตก็เป็นผู้กอบกู้อาณาจักร,,,PENDING_MANUAL_GENERATION,,triangle-strategy
476,MS17_H01_VOTE_110_M_RLN_0510.wav,MS17_H01_VOTE_110_M_RLN_0510,479,479,479,480,Roland,main,male,roland,assets/triangle-strategy/approved_voice_references/roland.wav,หากข้าสิ้นลม...,,,PENDING_MANUAL_GENERATION,,triangle-strategy
477,MS17_H01_VOTE_110_M_RLN_0520.wav,MS17_H01_VOTE_110_M_RLN_0520,480,480,480,481,Roland,main,male,roland,assets/triangle-strategy/approved_voice_references/roland.wav,...ประชาชนและขุนนางจะยอมรับในการปกครองของเจ้า,,,PENDING_MANUAL_GENERATION,,triangle-strategy
478,MS17_H01_VOTE_110_M_RLN_0530.wav,MS17_H01_VOTE_110_M_RLN_0530,481,481,481,482,Roland,main,male,roland,assets/triangle-strategy/approved_voice_references/roland.wav,ใจดีจนเดือดร้อนคนอื่นเลยนะ เซเรโนอา,,,PENDING_MANUAL_GENERATION,,triangle-strategy
479,MS17_H01_VOTE_110_M_RLN_0540.wav,MS17_H01_VOTE_110_M_RLN_0540,482,482,482,483,Roland,main,male,roland,assets/triangle-strategy/approved_voice_references/roland.wav,ข้าไม่มีความเป็นกษัตริย์ตั้งแต่แรกแล้ว ข้าไม่สามารถชี้นำใครอย่างที่เจ้าหรือพ่อของข้าทำได้หรอก,,,PENDING_MANUAL_GENERATION,,triangle-strategy
480,MS17_H01_VOTE_110_M_RLN_0550.wav,MS17_H01_VOTE_110_M_RLN_0550,483,483,483,484,Roland,main,male,roland,assets/triangle-strategy/approved_voice_references/roland.wav,ข้ามันไร้น้ำยา ก็แค่อยากมอบอำนาจให้ผู้ที่แข็งแกร่งกว่าเพื่อความสบายใจเท่านั้นเอง,,,PENDING_MANUAL_GENERATION,,triangle-strategy
481,MS17_H01_VOTE_110_M_RLN_0560.wav,MS17_H01_VOTE_110_M_RLN_0560,484,484,484,485,Roland,main,male,roland,assets/triangle-strategy/approved_voice_references/roland.wav,แล้วยังจะไว้ชีวิตคนขี้ขลาดเช่นข้าอีกเหรอ?,,,PENDING_MANUAL_GENERATION,,triangle-strategy
482,MS17_H01_VOTE_110_M_RLN_0570.wav,MS17_H01_VOTE_110_M_RLN_0570,485,485,485,486,Roland,main,male,roland,assets/triangle-strategy/approved_voice_references/roland.wav,เจ้าก็ทำสำเร็จแล้วนี่ คราวนี้เจ้าต้องแซงข้าซะ,,,PENDING_MANUAL_GENERATION,,triangle-strategy
483,MS17_H01_VOTE_110_M_RLN_0580.wav,MS17_H01_VOTE_110_M_RLN_0580,486,486,486,487,Roland,main,male,roland,assets/triangle-strategy/approved_voice_references/roland.wav,ได้อยู่แล้ว เห็นแก่ที่เจ้าพิชิตข้าในการต่อสู้,,,PENDING_MANUAL_GENERATION,,triangle-strategy
484,MS17_H01_VOTE_110_M_RLN_0590.wav,MS17_H01_VOTE_110_M_RLN_0590,487,487,487,488,Roland,main,male,roland,assets/triangle-strategy/approved_voice_references/roland.wav,ลาก่อนนะ เซเรโนอา,,,PENDING_MANUAL_GENERATION,,triangle-strategy
485,MS17_H01_VOTE_110_M_RLN_0600.wav,MS17_H01_VOTE_110_M_RLN_0600,488,488,488,489,Roland,main,male,roland,assets/triangle-strategy/approved_voice_references/roland.wav,หวังว่าเราไม่ต้องพบกันอีก ไม่ว่าในฐานะพี่ชายหรือสหายก็ตาม,,,PENDING_MANUAL_GENERATION,,triangle-strategy
486,MS17_H01_VOTE_110_M_SEL_0010.wav,MS17_H01_VOTE_110_M_SEL_0010,489,489,489,490,Serenoa,main,male,serenoa,assets/triangle-strategy/approved_voice_references/serenoa.wav,พวกเราตัดสินใจแล้ว,,,PENDING_MANUAL_GENERATION,,triangle-strategy
487,MS17_H01_VOTE_110_M_SEL_0020.wav,MS17_H01_VOTE_110_M_SEL_0020,490,490,490,491,Serenoa,main,male,serenoa,assets/triangle-strategy/approved_voice_references/serenoa.wav,เราจะร่วมมือกับเอสฟรอสต์ และจู่โจม ณ ใจกลางรัฐศักดิ์สิทธิ์ไฮแซนต์,,,PENDING_MANUAL_GENERATION,,triangle-strategy
488,MS17_H01_VOTE_110_M_SEL_0030.wav,MS17_H01_VOTE_110_M_SEL_0030,491,491,491,492,Serenoa,main,male,serenoa,assets/triangle-strategy/approved_voice_references/serenoa.wav,ท่านรู้ใช่ไหมว่ามันไม่จริง หากเรามอบคริสตัลเกลือแก่พวกมัน...ไฮแซนต์จะยึดครองนอร์เซเลียทั้งทวีป,,,PENDING_MANUAL_GENERATION,,triangle-strategy
489,MS17_H01_VOTE_110_M_SEL_0040.wav,MS17_H01_VOTE_110_M_SEL_0040,492,492,492,493,Serenoa,main,male,serenoa,assets/triangle-strategy/approved_voice_references/serenoa.wav,และทุกคนจะถูกบังคับให้กราบไหว้บูชาเทพธิดาและทำตามคำสอนอย่างเลี่ยงไม่ได้...,,,PENDING_MANUAL_GENERATION,,triangle-strategy
490,MS17_H01_VOTE_110_M_SEL_0050.wav,MS17_H01_VOTE_110_M_SEL_0050,493,493,493,494,Serenoa,main,male,serenoa,assets/triangle-strategy/approved_voice_references/serenoa.wav,...เช่นเดียวกับชาวโรเซลล์ในนาเกลือยังไงล่ะ,,,PENDING_MANUAL_GENERATION,,triangle-strategy
491,MS17_H01_VOTE_110_M_SEL_0060.wav,MS17_H01_VOTE_110_M_SEL_0060,494,494,494,495,Serenoa,main,male,serenoa,assets/triangle-strategy/approved_voice_references/serenoa.wav,หือ!?,,,PENDING_MANUAL_GENERATION,,triangle-strategy
492,MS17_H01_VOTE_110_M_SEL_0070.wav,MS17_H01_VOTE_110_M_SEL_0070,495,495,495,496,Serenoa,main,male,serenoa,assets/triangle-strategy/approved_voice_references/serenoa.wav,โรแลนด์ ฝ่าบาท...,,,PENDING_MANUAL_GENERATION,,triangle-strategy
493,MS17_H01_VOTE_110_M_SEL_0080.wav,MS17_H01_VOTE_110_M_SEL_0080,496,496,496,497,Serenoa,main,male,serenoa,assets/triangle-strategy/approved_voice_references/serenoa.wav,มันใช่เวลาไหม เบเนดิกต์!,,,PENDING_MANUAL_GENERATION,,triangle-strategy
494,MS17_H01_VOTE_110_M_SEL_0090.wav,MS17_H01_VOTE_110_M_SEL_0090,497,497,497,498,Serenoa,main,male,serenoa,assets/triangle-strategy/approved_voice_references/serenoa.wav,ใช่แล้วล่ะ,,,PENDING_MANUAL_GENERATION,,triangle-strategy
495,MS17_H01_VOTE_110_M_SEL_0100.wav,MS17_H01_VOTE_110_M_SEL_0100,498,498,498,499,Serenoa,main,male,serenoa,assets/triangle-strategy/approved_voice_references/serenoa.wav,โรแลนด์ ข้า...,,,PENDING_MANUAL_GENERATION,,triangle-strategy
496,MS17_H01_VOTE_110_M_SEL_0110.wav,MS17_H01_VOTE_110_M_SEL_0110,499,499,499,500,Serenoa,main,male,serenoa,assets/triangle-strategy/approved_voice_references/serenoa.wav,นี่ ใจเย็นๆก่อนสิ!,,,PENDING_MANUAL_GENERATION,,triangle-strategy
497,MS17_H01_VOTE_110_M_SEL_0120.wav,MS17_H01_VOTE_110_M_SEL_0120,500,500,500,501,Serenoa,main,male,serenoa,assets/triangle-strategy/approved_voice_references/serenoa.wav,โรแลนด์ เลิกบ้าเสียทีเถอะ! ข้าไม่อยากครองบัลลังก์เสียหน่อย!,,,PENDING_MANUAL_GENERATION,,triangle-strategy
498,MS17_H01_VOTE_110_M_SEL_0130.wav,MS17_H01_VOTE_110_M_SEL_0130,501,501,501,502,Serenoa,main,male,serenoa,assets/triangle-strategy/approved_voice_references/serenoa.wav,ข้าก็แค่อยากช่วยปกป้องอาณาจักรไปพร้อมกับเจ้า! มันคือบ้านแห่งเดียวของเรา!,,,PENDING_MANUAL_GENERATION,,triangle-strategy
499,MS17_H01_VOTE_110_M_SEL_0140.wav,MS17_H01_VOTE_110_M_SEL_0140,502,502,502,503,Serenoa,main,male,serenoa,assets/triangle-strategy/approved_voice_references/serenoa.wav,แล้วมันเกี่ยวอะไรกับเชื้อสายกันเล่า! ทำไมต้องยึดติดกับเรื่องแบบนี้ด้วย!,,,PENDING_MANUAL_GENERATION,,triangle-strategy
500,MS17_H01_VOTE_110_M_SEL_0150.wav,MS17_H01_VOTE_110_M_SEL_0150,503,503,503,504,Serenoa,main,male,serenoa,assets/triangle-strategy/approved_voice_references/serenoa.wav,น้องข้า... ข้าเข้าใจความทรมานของเจ้า,,,PENDING_MANUAL_GENERATION,,triangle-strategy
501,MS17_H01_VOTE_110_M_SEL_0160.wav,MS17_H01_VOTE_110_M_SEL_0160,504,504,504,505,Serenoa,main,male,serenoa,assets/triangle-strategy/approved_voice_references/serenoa.wav,โรแลนด์ ขอร้องล่ะ-!,,,PENDING_MANUAL_GENERATION,,triangle-strategy
502,MS17_H01_VOTE_110_M_SEL_0170.wav,MS17_H01_VOTE_110_M_SEL_0170,505,505,505,506,Serenoa,main,male,serenoa,assets/triangle-strategy/approved_voice_references/serenoa.wav,ข้าไม่คู่ควรกับคำชมของเจ้าหรอก...,,,PENDING_MANUAL_GENERATION,,triangle-strategy
503,MS17_H01_VOTE_110_M_SEL_0180.wav,MS17_H01_VOTE_110_M_SEL_0180,506,506,506,507,Serenoa,main,male,serenoa,assets/triangle-strategy/approved_voice_references/serenoa.wav,ข้าไม่ใช่เหตุผลที่เรามาไกลขนาดนี้ พวกเราทุกคนร่วมด้วยช่วยกันต่างหาก,,,PENDING_MANUAL_GENERATION,,triangle-strategy
504,MS17_H01_VOTE_110_M_SEL_0190.wav,MS17_H01_VOTE_110_M_SEL_0190,507,507,507,508,Serenoa,main,male,serenoa,assets/triangle-strategy/approved_voice_references/serenoa.wav,ข้าไม่อยากสู้กับเจ้า น้องข้า... ข้าไม่ได้ต้องการเลย!,,,PENDING_MANUAL_GENERATION,,triangle-strategy
505,MS17_H01_VOTE_110_M_SEL_0200.wav,MS17_H01_VOTE_110_M_SEL_0200,508,508,508,509,Serenoa,main,male,serenoa,assets/triangle-strategy/approved_voice_references/serenoa.wav,ได้เลย ในเมื่อตาชั่งแสดงเส้นทางให้แก่เรา...ตระกูลวูล์ฟฟอร์ตย่อมเลือกเดินในเส้นทางที่ถูกปูไว้ให้,,,PENDING_MANUAL_GENERATION,,triangle-strategy
506,MS17_H01_VOTE_110_M_SEL_0210.wav,MS17_H01_VOTE_110_M_SEL_0210,509,509,509,510,Serenoa,main,male,serenoa,assets/triangle-strategy/approved_voice_references/serenoa.wav,หากเจ้าคิดจะขวางทาง คอยขัดขวางไม่ให้เรามุ่งเดินในเส้นทางนั้น...,,,PENDING_MANUAL_GENERATION,,triangle-strategy
507,MS17_H01_VOTE_110_M_SEL_0220.wav,MS17_H01_VOTE_110_M_SEL_0220,510,510,510,511,Serenoa,main,male,serenoa,assets/triangle-strategy/approved_voice_references/serenoa.wav,...ขอสาบานด้วยเกียรติแห่งลอร์ดวูล์ฟฟอร์ต ข้าจะฟันเจ้าทิ้งเสีย!,,,PENDING_MANUAL_GENERATION,,triangle-strategy
508,MS17_H01_VOTE_110_M_SEL_0230.wav,MS17_H01_VOTE_110_M_SEL_0230,511,511,511,512,Serenoa,main,male,serenoa,assets/triangle-strategy/approved_voice_references/serenoa.wav,ยกอาวุธ!,,,PENDING_MANUAL_GENERATION,,triangle-strategy
509,MS17_H01_VOTE_110_M_SEL_0240.wav,MS17_H01_VOTE_110_M_SEL_0240,512,512,512,513,Serenoa,main,male,serenoa,assets/triangle-strategy/approved_voice_references/serenoa.wav,ย้ากกกกกก!,,,PENDING_MANUAL_GENERATION,,triangle-strategy
510,MS17_H01_VOTE_110_M_SEL_0250.wav,MS17_H01_VOTE_110_M_SEL_0250,513,513,513,514,Serenoa,main,male,serenoa,assets/triangle-strategy/approved_voice_references/serenoa.wav,ดูเหมือนจะเป็นข้านะ น้องรัก,,,PENDING_MANUAL_GENERATION,,triangle-strategy
511,MS17_H01_VOTE_110_M_SEL_0260.wav,MS17_H01_VOTE_110_M_SEL_0260,514,514,514,515,Serenoa,main,male,serenoa,assets/triangle-strategy/approved_voice_references/serenoa.wav,แล้วเกลนบรู๊คล่ะ?,,,PENDING_MANUAL_GENERATION,,triangle-strategy
512,MS17_H01_VOTE_110_M_SEL_0280.wav,MS17_H01_VOTE_110_M_SEL_0280,516,516,516,517,Serenoa,main,male,serenoa,assets/triangle-strategy/approved_voice_references/serenoa.wav,ข้ารู้น่า!,,,PENDING_MANUAL_GENERATION,,triangle-strategy
513,MS17_H01_VOTE_110_M_SEL_0290.wav,MS17_H01_VOTE_110_M_SEL_0290,517,517,517,518,Serenoa,main,male,serenoa,assets/triangle-strategy/approved_voice_references/serenoa.wav,"เจ้าขอมากเกินไป... ข้าทำให้ไม่ได้หรอกสหาย... ""น้องข้า"" ไม่สมควรถูกสังหารด้วยน้ำมือของพี่ตัวเอง",,,PENDING_MANUAL_GENERATION,,triangle-strategy
514,MS17_H01_VOTE_110_M_SEL_0300.wav,MS17_H01_VOTE_110_M_SEL_0300,518,518,518,519,Serenoa,main,male,serenoa,assets/triangle-strategy/approved_voice_references/serenoa.wav,ข้าเฝ้ามองเจ้าดิ้นรนในเรื่องนี้อยู่ตลอด,,,PENDING_MANUAL_GENERATION,,triangle-strategy
515,MS17_H01_VOTE_110_M_SEL_0310.wav,MS17_H01_VOTE_110_M_SEL_0310,519,519,519,520,Serenoa,main,male,serenoa,assets/triangle-strategy/approved_voice_references/serenoa.wav,ข้าเห็นเจ้าพยายามพัฒนาตัวเอง...เพื่อเอาชนะทุกคน ซึ่งข้าวางใจและภักดีต่อเจ้ามาก,,,PENDING_MANUAL_GENERATION,,triangle-strategy
516,MS17_H01_VOTE_110_M_SEL_0320.wav,MS17_H01_VOTE_110_M_SEL_0320,520,520,520,521,Serenoa,main,male,serenoa,assets/triangle-strategy/approved_voice_references/serenoa.wav,ข้าชื่นชมเจ้ามาโดยตลอด ข้าอยากเจริญตามรอยของเจ้าเหลือเกิน,,,PENDING_MANUAL_GENERATION,,triangle-strategy
517,MS17_H01_VOTE_110_M_SEL_0330.wav,MS17_H01_VOTE_110_M_SEL_0330,521,521,521,522,Serenoa,main,male,serenoa,assets/triangle-strategy/approved_voice_references/serenoa.wav,แน่นอน แต่ช่วยรับปากข้าก่อน,,,PENDING_MANUAL_GENERATION,,triangle-strategy
518,MS17_H01_VOTE_110_M_SEL_0340.wav,MS17_H01_VOTE_110_M_SEL_0340,522,522,522,523,Serenoa,main,male,serenoa,assets/triangle-strategy/approved_voice_references/serenoa.wav,รับปากว่าเจ้าจะดูแลข้า ในทุกลมหายใจ ทุกย่างก้าว ทุกถ้อยคำของข้า...,,,PENDING_MANUAL_GENERATION,,triangle-strategy
519,MS17_H01_VOTE_110_M_SEL_0350.wav,MS17_H01_VOTE_110_M_SEL_0350,523,523,523,524,Serenoa,main,male,serenoa,assets/triangle-strategy/approved_voice_references/serenoa.wav,เมื่อใดที่ข้าหลงทาง เจ้าช่วยเตือนสติให้ข้าด้วย,,,PENDING_MANUAL_GENERATION,,triangle-strategy
520,MS17_H01_VOTE_110_M_SEL_0360.wav,MS17_H01_VOTE_110_M_SEL_0360,524,524,524,525,Serenoa,main,male,serenoa,assets/triangle-strategy/approved_voice_references/serenoa.wav,พอได้แล้วเบเนดิกต์ ข้ากลัวคุมตัวเองไม่อยู่,,,PENDING_MANUAL_GENERATION,,triangle-strategy
521,MS17_H01_VOTE_120_F_FRE_0010.wav,MS17_H01_VOTE_120_F_FRE_0010,525,525,525,526,Frederica,main,female,frederica,assets/triangle-strategy/approved_voice_references/frederica.wav,ขอเถอะ... ตัดสินใจอะไรลงไปก็ช่วยคิดหน่อยสิ!,,,PENDING_MANUAL_GENERATION,,triangle-strategy
522,MS17_H01_VOTE_120_F_FRE_0020.wav,MS17_H01_VOTE_120_F_FRE_0020,526,526,526,527,Frederica,main,female,frederica,assets/triangle-strategy/approved_voice_references/frederica.wav,เจ้ากำลังสนับสนุนให้ไฮแซนต์มันครองโลกอยู่นะ!,,,PENDING_MANUAL_GENERATION,,triangle-strategy
523,MS17_H01_VOTE_120_F_FRE_0030.wav,MS17_H01_VOTE_120_F_FRE_0030,527,527,527,528,Frederica,main,female,frederica,assets/triangle-strategy/approved_voice_references/frederica.wav,โกหกทั้งเพ เจ้าก็รู้อยู่แก่ใจ!,,,PENDING_MANUAL_GENERATION,,triangle-strategy
524,MS17_H01_VOTE_120_F_FRE_0040.wav,MS17_H01_VOTE_120_F_FRE_0040,528,528,528,529,Frederica,main,female,frederica,assets/triangle-strategy/approved_voice_references/frederica.wav,ความสงบสุขที่แลกด้วยชีวิตของชาวโรเซลล์งั้นเหรอ นี่เรียกว่าเท่าเทียมตรงไหน?,,,PENDING_MANUAL_GENERATION,,triangle-strategy
525,MS17_H01_VOTE_120_F_FRE_0050.wav,MS17_H01_VOTE_120_F_FRE_0050,529,529,529,530,Frederica,main,female,frederica,assets/triangle-strategy/approved_voice_references/frederica.wav,หากเจ้าสนใจเรื่องความเท่าเทียมจริงๆ ป่านนี้เจ้าคงปลดปล่อยชาวโรเซลล์ไปตั้งนานแล้ว!,,,PENDING_MANUAL_GENERATION,,triangle-strategy
526,MS17_H01_VOTE_120_F_FRE_0060.wav,MS17_H01_VOTE_120_F_FRE_0060,530,530,530,531,Frederica,main,female,frederica,assets/triangle-strategy/approved_voice_references/frederica.wav,กล้าดียังไง...? นึกว่าตระกูลวูล์ฟฟอร์ตจะเมตตาและปลดปล่อยคนของข้าเสียอีก!,,,PENDING_MANUAL_GENERATION,,triangle-strategy
527,MS17_H01_VOTE_120_F_FRE_0070.wav,MS17_H01_VOTE_120_F_FRE_0070,531,531,531,532,Frederica,main,female,frederica,assets/triangle-strategy/approved_voice_references/frederica.wav,...เซเรโนอา เจ้าเป็นคนซื่อสัตย์และเลือกเดินในทางอันเที่ยงธรรมเสมอ,,,PENDING_MANUAL_GENERATION,,triangle-strategy
528,MS17_H01_VOTE_120_F_FRE_0080.wav,MS17_H01_VOTE_120_F_FRE_0080,532,532,532,533,Frederica,main,female,frederica,assets/triangle-strategy/approved_voice_references/frederica.wav,นั่นคือสาเหตุที่ข้าตกหลุมรักเจ้า...,,,PENDING_MANUAL_GENERATION,,triangle-strategy
529,MS17_H01_VOTE_120_F_FRE_0090.wav,MS17_H01_VOTE_120_F_FRE_0090,533,533,533,534,Frederica,main,female,frederica,assets/triangle-strategy/approved_voice_references/frederica.wav,แต่สิ่งที่เจ้ามองว่าสมควรในขณะนี้...คือการทำลายชีวิตผู้คนที่ไม่มีปากมีเสียง ช่างน่ารังเกียจยิ่งนัก,,,PENDING_MANUAL_GENERATION,,triangle-strategy
530,MS17_H01_VOTE_120_F_FRE_0100.wav,MS17_H01_VOTE_120_F_FRE_0100,534,534,534,535,Frederica,main,female,frederica,assets/triangle-strategy/approved_voice_references/frederica.wav,ดังนั้นข้าขอพูดแทนพวกเขาหน่อยก็แล้วกัน ชาวโรเซลล์ไม่สนคำตัดสินจากตาชั่งแห่งความเชื่อหรอกนะ!,,,PENDING_MANUAL_GENERATION,,triangle-strategy
531,MS17_H01_VOTE_120_F_FRE_0110.wav,MS17_H01_VOTE_120_F_FRE_0110,535,535,535,536,Frederica,main,female,frederica,assets/triangle-strategy/approved_voice_references/frederica.wav,ข้าจะปกป้องสิทธิในการใช้ชีวิตของพวกเขาเอง ข้าขอท้าสู้กับเจ้า!,,,PENDING_MANUAL_GENERATION,,triangle-strategy
532,MS17_H01_VOTE_120_F_FRE_0120.wav,MS17_H01_VOTE_120_F_FRE_0120,536,536,536,537,Frederica,main,female,frederica,assets/triangle-strategy/approved_voice_references/frederica.wav,ข้าไม่มีเวลามาคิดถึงสิ่งใดทั้งนั้น พวกเจ้าถอยไปให้หมด,,,PENDING_MANUAL_GENERATION,,triangle-strategy
533,MS17_H01_VOTE_120_F_FRE_0130.wav,MS17_H01_VOTE_120_F_FRE_0130,537,537,537,538,Frederica,main,female,frederica,assets/triangle-strategy/approved_voice_references/frederica.wav,เอาชนะคู่หมั้นของเจ้าให้ได้ แล้วค่อยว่ากันกับแผนของเจ้า,,,PENDING_MANUAL_GENERATION,,triangle-strategy
534,MS17_H01_VOTE_120_F_FRE_0140.wav,MS17_H01_VOTE_120_F_FRE_0140,538,538,538,539,Frederica,main,female,frederica,assets/triangle-strategy/approved_voice_references/frederica.wav,แต่หากข้าชนะ ข้าจะถอนตัวจากตระกูลวูล์ฟฟอร์ตและปลดปล่อยชาวโรเซลล์ด้วยตัวข้าเอง,,,PENDING_MANUAL_GENERATION,,triangle-strategy
535,MS17_H01_VOTE_120_F_FRE_0150.wav,MS17_H01_VOTE_120_F_FRE_0150,539,539,539,540,Frederica,main,female,frederica,assets/triangle-strategy/approved_voice_references/frederica.wav,ข้าต้องทำสิ แม้ว่าข้ายังอยากอยู่กับเจ้า แต่ข้าคงเดินร่วมทางไปด้วยไม่ได้แล้ว,,,PENDING_MANUAL_GENERATION,,triangle-strategy
536,MS17_H01_VOTE_120_F_FRE_0160.wav,MS17_H01_VOTE_120_F_FRE_0160,540,540,540,541,Frederica,main,female,frederica,assets/triangle-strategy/approved_voice_references/frederica.wav,ข้าไม่ยอมคนตาดำๆ อย่างชาวโรเซลล์ต้องมาสละชีวิตหรอกนะ!,,,PENDING_MANUAL_GENERATION,,triangle-strategy
537,MS17_H01_VOTE_120_F_FRE_0170.wav,MS17_H01_VOTE_120_F_FRE_0170,541,541,541,542,Frederica,main,female,frederica,assets/triangle-strategy/approved_voice_references/frederica.wav,ชักดาบขึ้นมา เซเรโนอา วูล์ฟฟอร์ต!,,,PENDING_MANUAL_GENERATION,,triangle-strategy
538,MS17_H01_VOTE_120_F_FRE_0180.wav,MS17_H01_VOTE_120_F_FRE_0180,542,542,542,543,Frederica,main,female,frederica,assets/triangle-strategy/approved_voice_references/frederica.wav,ที่รัก...เราฝ่าอุปสรรคนับไม่ถ้วนมาด้วยกัน ข้าไม่คิดเสียดายเลยสักนิด,,,PENDING_MANUAL_GENERATION,,triangle-strategy
539,MS17_H01_VOTE_120_F_FRE_0190.wav,MS17_H01_VOTE_120_F_FRE_0190,543,543,543,544,Frederica,main,female,frederica,assets/triangle-strategy/approved_voice_references/frederica.wav,ข้าดีใจที่ได้เป็นส่วนหนึ่งในตระกูลของเจ้า,,,PENDING_MANUAL_GENERATION,,triangle-strategy
540,MS17_H01_VOTE_120_F_FRE_0200.wav,MS17_H01_VOTE_120_F_FRE_0200,544,544,544,545,Frederica,main,female,frederica,assets/triangle-strategy/approved_voice_references/frederica.wav,งั้นเหรอ ก็หวังว่าที่ตัดความสัมพันธ์ของเราแลกกับมิตรภาพของสหายเจ้าคงจะคุ้มค่านะ,,,PENDING_MANUAL_GENERATION,,triangle-strategy
541,MS17_H01_VOTE_120_F_FRE_0210.wav,MS17_H01_VOTE_120_F_FRE_0210,545,545,545,546,Frederica,main,female,frederica,assets/triangle-strategy/approved_voice_references/frederica.wav,เสียสละผู้คนอย่างต่ำช้าสิไม่ว่า! ข้าต้องพูดอีกกี่หนว่าชาวโรเซลล์ก็อาศัยอยู่ที่นั่นด้วย!?,,,PENDING_MANUAL_GENERATION,,triangle-strategy
542,MS17_H01_VOTE_120_F_FRE_0220.wav,MS17_H01_VOTE_120_F_FRE_0220,546,546,546,547,Frederica,main,female,frederica,assets/triangle-strategy/approved_voice_references/frederica.wav,เคราะห์ดีของชาววูล์ฟฟอร์ตเหลือเกินนะ ที่ผู้นำให้ความสำคัญพวกเขาเหนือสิ่งอื่นใด,,,PENDING_MANUAL_GENERATION,,triangle-strategy
543,MS17_H01_VOTE_120_F_FRE_0230.wav,MS17_H01_VOTE_120_F_FRE_0230,547,547,547,548,Frederica,main,female,frederica,assets/triangle-strategy/approved_voice_references/frederica.wav,แล้วจะมีใครหน้าไหนมาคอยคุ้มครองและชี้นำชาวโรเซลล์กันล่ะ!?,,,PENDING_MANUAL_GENERATION,,triangle-strategy
544,MS17_H01_VOTE_120_F_FRE_0240.wav,MS17_H01_VOTE_120_F_FRE_0240,548,548,548,549,Frederica,main,female,frederica,assets/triangle-strategy/approved_voice_references/frederica.wav,เจ้าแค่เมินเฉย ทิ้งให้พวกเขาตายกันหมด,,,PENDING_MANUAL_GENERATION,,triangle-strategy
545,MS17_H01_VOTE_120_F_FRE_0250.wav,MS17_H01_VOTE_120_F_FRE_0250,549,549,549,550,Frederica,main,female,frederica,assets/triangle-strategy/approved_voice_references/frederica.wav,ก็ไม่ต่างอะไรจากคนอื่นหรอก,,,PENDING_MANUAL_GENERATION,,triangle-strategy
546,MS17_H01_VOTE_120_F_FRE_0260.wav,MS17_H01_VOTE_120_F_FRE_0260,550,550,550,551,Frederica,main,female,frederica,assets/triangle-strategy/approved_voice_references/frederica.wav,ประวัติศาสตร์กล่าวถึงผู้ที่จะกลับมาช่วยพวกเรา ล้วนแล้วแต่เป็นคำลวงทั้งสิ้น,,,PENDING_MANUAL_GENERATION,,triangle-strategy
547,MS17_H01_VOTE_120_F_FRE_0270.wav,MS17_H01_VOTE_120_F_FRE_0270,551,551,551,552,Frederica,main,female,frederica,assets/triangle-strategy/approved_voice_references/frederica.wav,ข้าไม่เคยมองเจ้าเป็นคนเช่นนั้น เซเรโนอา,,,PENDING_MANUAL_GENERATION,,triangle-strategy
548,MS17_H01_VOTE_120_F_FRE_0280.wav,MS17_H01_VOTE_120_F_FRE_0280,552,552,552,553,Frederica,main,female,frederica,assets/triangle-strategy/approved_voice_references/frederica.wav,เรามีโอกาสทำลายวัฏจักรนี้ได้! เจ้ารู้อยู่แก่ใจ!,,,PENDING_MANUAL_GENERATION,,triangle-strategy
549,MS17_H01_VOTE_120_F_FRE_0290.wav,MS17_H01_VOTE_120_F_FRE_0290,553,553,553,554,Frederica,main,female,frederica,assets/triangle-strategy/approved_voice_references/frederica.wav,เช่นนั้นก็เลิกไร้สาระเสียที จะได้ไม่ต้องเสียข้าไป!,,,PENDING_MANUAL_GENERATION,,triangle-strategy
550,MS17_H01_VOTE_120_F_FRE_0300.wav,MS17_H01_VOTE_120_F_FRE_0300,554,554,554,555,Frederica,main,female,frederica,assets/triangle-strategy/approved_voice_references/frederica.wav,ตอนที่เจ้าต้อนรับข้าเข้าตระกูล จำได้ไหมว่าเคยพูดอะไรกับข้า?,,,PENDING_MANUAL_GENERATION,,triangle-strategy
551,MS17_H01_VOTE_120_F_FRE_0310.wav,MS17_H01_VOTE_120_F_FRE_0310,555,555,555,556,Frederica,main,female,frederica,assets/triangle-strategy/approved_voice_references/frederica.wav,เจ้าบอกว่าที่นี่คือบ้านของข้าแล้ว,,,PENDING_MANUAL_GENERATION,,triangle-strategy
552,MS17_H01_VOTE_120_F_FRE_0320.wav,MS17_H01_VOTE_120_F_FRE_0320,556,556,556,557,Frederica,main,female,frederica,assets/triangle-strategy/approved_voice_references/frederica.wav,ข้านั้นดีใจจนพูดไม่ออก! ในที่สุดข้าก็มีบ้านให้อยู่อาศัย สถานที่ที่เป็นของข้า,,,PENDING_MANUAL_GENERATION,,triangle-strategy
553,MS17_H01_VOTE_120_F_FRE_0322.wav,MS17_H01_VOTE_120_F_FRE_0322,557,557,557,558,Frederica,main,female,frederica,assets/triangle-strategy/approved_voice_references/frederica.wav,ข้าสาบานว่าจะติดตามเจ้าไปจนสุดขอบโลก,,,PENDING_MANUAL_GENERATION,,triangle-strategy
554,MS17_H01_VOTE_120_F_FRE_0325.wav,MS17_H01_VOTE_120_F_FRE_0325,558,558,558,559,Frederica,main,female,frederica,assets/triangle-strategy/approved_voice_references/frederica.wav,ข้ามันก็แค่หญิงโง่คนหนึ่งที่นึกว่าฝันของตนเป็นจริงเท่านั้นเอง! บัดนี้เจ้าได้เดินทางไปสู่สถานที่ซึ่งข้ามิอาจตามไปได้,,,PENDING_MANUAL_GENERATION,,triangle-strategy
555,MS17_H01_VOTE_120_F_FRE_0327.wav,MS17_H01_VOTE_120_F_FRE_0327,559,559,559,560,Frederica,main,female,frederica,assets/triangle-strategy/approved_voice_references/frederica.wav,ขอให้พลังของข้าช่วยทำให้เจ้าตาสว่างเสียที เตรียมตัวให้พร้อม!,,,PENDING_MANUAL_GENERATION,,triangle-strategy
556,MS17_H01_VOTE_120_F_FRE_0330.wav,MS17_H01_VOTE_120_F_FRE_0330,560,560,560,561,Frederica,main,female,frederica,assets/triangle-strategy/approved_voice_references/frederica.wav,ฮ่าาาาา!,,,PENDING_MANUAL_GENERATION,,triangle-strategy
557,MS17_H01_VOTE_120_F_FRE_0340.wav,MS17_H01_VOTE_120_F_FRE_0340,561,561,561,562,Frederica,main,female,frederica,assets/triangle-strategy/approved_voice_references/frederica.wav,เจ้า...พร้อมฝ่าฟันทุกอุปสรรคจริงๆนะ...,,,PENDING_MANUAL_GENERATION,,triangle-strategy
558,MS17_H01_VOTE_120_F_FRE_0350.wav,MS17_H01_VOTE_120_F_FRE_0350,562,562,562,563,Frederica,main,female,frederica,assets/triangle-strategy/approved_voice_references/frederica.wav,เจ้าชนะแล้ว เซเรโนอา,,,PENDING_MANUAL_GENERATION,,triangle-strategy
559,MS17_H01_VOTE_120_F_FRE_0360.wav,MS17_H01_VOTE_120_F_FRE_0360,563,563,563,564,Frederica,main,female,frederica,assets/triangle-strategy/approved_voice_references/frederica.wav,ข้ายอมรับคำตัดสินของวูล์ฟฟอร์ต และพร้อมรับโทษในฐานะที่คิดทรยศต่อตาชั่ง,,,PENDING_MANUAL_GENERATION,,triangle-strategy
560,MS17_H01_VOTE_120_F_FRE_0370.wav,MS17_H01_VOTE_120_F_FRE_0370,564,564,564,565,Frederica,main,female,frederica,assets/triangle-strategy/approved_voice_references/frederica.wav,ไม่เห็นจะเข้าใจเลย...,,,PENDING_MANUAL_GENERATION,,triangle-strategy
561,MS17_H01_VOTE_120_F_FRE_0380.wav,MS17_H01_VOTE_120_F_FRE_0380,565,565,565,566,Frederica,main,female,frederica,assets/triangle-strategy/approved_voice_references/frederica.wav,เซเรโนอา...,,,PENDING_MANUAL_GENERATION,,triangle-strategy
562,MS17_H01_VOTE_120_F_FRE_0390.wav,MS17_H01_VOTE_120_F_FRE_0390,566,566,566,567,Frederica,main,female,frederica,assets/triangle-strategy/approved_voice_references/frederica.wav,...ข้ารู้ว่าเจ้าเป็นคนดี,,,PENDING_MANUAL_GENERATION,,triangle-strategy
563,MS17_H01_VOTE_120_F_FRE_0400.wav,MS17_H01_VOTE_120_F_FRE_0400,567,567,567,568,Frederica,main,female,frederica,assets/triangle-strategy/approved_voice_references/frederica.wav,เจ้าจะอยู่ในใจข้าเสมอ,,,PENDING_MANUAL_GENERATION,,triangle-strategy
564,MS17_H01_VOTE_120_F_FRE_0410.wav,MS17_H01_VOTE_120_F_FRE_0410,568,568,568,569,Frederica,main,female,frederica,assets/triangle-strategy/approved_voice_references/frederica.wav,ลาก่อนนะ ที่รัก,,,PENDING_MANUAL_GENERATION,,triangle-strategy
565,MS17_H01_VOTE_120_F_YRA_0010.wav,MS17_H01_VOTE_120_F_YRA_0010,569,569,569,570,Geela,main,female,geela,assets/triangle-strategy/approved_voice_references/geela.wav,เฟรเดอริก้า พูดอะไรของท่านเนี่ย!? จะทำอะไรก็ช่วยคิดหน่อยสิเจ้าคะ!,,,PENDING_MANUAL_GENERATION,,triangle-strategy
566,MS17_H01_VOTE_120_M_RLN_0010.wav,MS17_H01_VOTE_120_M_RLN_0010,570,570,570,571,Roland,main,male,roland,assets/triangle-strategy/approved_voice_references/roland.wav,ข้าเข้าใจดี โปรดอภัยข้าด้วย,,,PENDING_MANUAL_GENERATION,,triangle-strategy
567,MS17_H01_VOTE_120_M_SEL_0010.wav,MS17_H01_VOTE_120_M_SEL_0010,571,571,571,572,Serenoa,main,male,serenoa,assets/triangle-strategy/approved_voice_references/serenoa.wav,พวกเราตัดสินใจแล้ว,,,PENDING_MANUAL_GENERATION,,triangle-strategy
568,MS17_H01_VOTE_120_M_SEL_0020.wav,MS17_H01_VOTE_120_M_SEL_0020,572,572,572,573,Serenoa,main,male,serenoa,assets/triangle-strategy/approved_voice_references/serenoa.wav,เราจะยอมก้มหัวให้ไฮแซนต์ และโค่นล้มเอสฟรอสต์ตามความประสงค์ของพวกเขา,,,PENDING_MANUAL_GENERATION,,triangle-strategy
569,MS17_H01_VOTE_120_M_SEL_0030.wav,MS17_H01_VOTE_120_M_SEL_0030,573,573,573,574,Serenoa,main,male,serenoa,assets/triangle-strategy/approved_voice_references/serenoa.wav,เฟรเดอริก้า นี่คือหนทางเดียวที่เราจะพบกับสันติสุขและความเท่าเทียมแห่งนอร์เซเลีย,,,PENDING_MANUAL_GENERATION,,triangle-strategy
570,MS17_H01_VOTE_120_M_SEL_0040.wav,MS17_H01_VOTE_120_M_SEL_0040,574,574,574,575,Serenoa,main,male,serenoa,assets/triangle-strategy/approved_voice_references/serenoa.wav,สิ่งที่เกิดขึ้นมันย้อนกลับไม่ได้รอก ตาชั่งได้ตัดสินใจไปแล้ว,,,PENDING_MANUAL_GENERATION,,triangle-strategy
571,MS17_H01_VOTE_120_M_SEL_0050.wav,MS17_H01_VOTE_120_M_SEL_0050,575,575,575,576,Serenoa,main,male,serenoa,assets/triangle-strategy/approved_voice_references/serenoa.wav,ข้ารู้ว่าเจ้าปวดใจกับผลคะแนน,,,PENDING_MANUAL_GENERATION,,triangle-strategy
572,MS17_H01_VOTE_120_M_SEL_0060.wav,MS17_H01_VOTE_120_M_SEL_0060,576,576,576,577,Serenoa,main,male,serenoa,assets/triangle-strategy/approved_voice_references/serenoa.wav,แต่ข้าวอนให้เจ้ายอมรับมันในฐานะสมาชิกตระกูลด้วยเถิด,,,PENDING_MANUAL_GENERATION,,triangle-strategy
573,MS17_H01_VOTE_120_M_SEL_0070.wav,MS17_H01_VOTE_120_M_SEL_0070,577,577,577,578,Serenoa,main,male,serenoa,assets/triangle-strategy/approved_voice_references/serenoa.wav,เฟรเดอริก้า ขอเถอะ...,,,PENDING_MANUAL_GENERATION,,triangle-strategy
574,MS17_H01_VOTE_120_M_SEL_0080.wav,MS17_H01_VOTE_120_M_SEL_0080,578,578,578,579,Serenoa,main,male,serenoa,assets/triangle-strategy/approved_voice_references/serenoa.wav,ว่าไงนะ!?,,,PENDING_MANUAL_GENERATION,,triangle-strategy
575,MS17_H01_VOTE_120_M_SEL_0090.wav,MS17_H01_VOTE_120_M_SEL_0090,579,579,579,580,Serenoa,main,male,serenoa,assets/triangle-strategy/approved_voice_references/serenoa.wav,เฟรเดอริก้า ไม่เห็นต้องทำเช่นนี้เล-,,,PENDING_MANUAL_GENERATION,,triangle-strategy
576,MS17_H01_VOTE_120_M_SEL_0100.wav,MS17_H01_VOTE_120_M_SEL_0100,580,580,580,581,Serenoa,main,male,serenoa,assets/triangle-strategy/approved_voice_references/serenoa.wav,หนอย!,,,PENDING_MANUAL_GENERATION,,triangle-strategy
577,MS17_H01_VOTE_120_M_SEL_0110.wav,MS17_H01_VOTE_120_M_SEL_0110,581,581,581,582,Serenoa,main,male,serenoa,assets/triangle-strategy/approved_voice_references/serenoa.wav,ข้าเองก็ด้วย ข้าไม่ยอมเสียเวลาที่เรามีร่วมกันเพื่อสิ่งใดแน่นอน,,,PENDING_MANUAL_GENERATION,,triangle-strategy
578,MS17_H01_VOTE_120_M_SEL_0120.wav,MS17_H01_VOTE_120_M_SEL_0120,582,582,582,583,Serenoa,main,male,serenoa,assets/triangle-strategy/approved_voice_references/serenoa.wav,ไม่ใช่อย่างนั้นสักหน่อย!,,,PENDING_MANUAL_GENERATION,,triangle-strategy
579,MS17_H01_VOTE_120_M_SEL_0130.wav,MS17_H01_VOTE_120_M_SEL_0130,583,583,583,584,Serenoa,main,male,serenoa,assets/triangle-strategy/approved_voice_references/serenoa.wav,เขาทำเพื่อปกป้องประชาชน และข้าเคารพสิ่งนั้น,,,PENDING_MANUAL_GENERATION,,triangle-strategy
580,MS17_H01_VOTE_120_M_SEL_0140.wav,MS17_H01_VOTE_120_M_SEL_0140,584,584,584,585,Serenoa,main,male,serenoa,assets/triangle-strategy/approved_voice_references/serenoa.wav,เขาวาดฝันถึงนอร์เซเลียที่สงบสุขและเท่าเทียม,,,PENDING_MANUAL_GENERATION,,triangle-strategy
581,MS17_H01_VOTE_120_M_SEL_0150.wav,MS17_H01_VOTE_120_M_SEL_0150,585,585,585,586,Serenoa,main,male,serenoa,assets/triangle-strategy/approved_voice_references/serenoa.wav,และเขายอมละทิ้งอาณาจักรและความเป็นกษัตริย์ไปพร้อมกับมันอย่างสง่างาม!,,,PENDING_MANUAL_GENERATION,,triangle-strategy
582,MS17_H01_VOTE_120_M_SEL_0160.wav,MS17_H01_VOTE_120_M_SEL_0160,586,586,586,587,Serenoa,main,male,serenoa,assets/triangle-strategy/approved_voice_references/serenoa.wav,เฟรเดอริก้า ใจเย็นก่อนเถอะ! ข้าต้องปกป้องชาวเมืองที่อาศัยอยู่ในแคว้นวูล์ฟฟอร์ตก่อนนะ,,,PENDING_MANUAL_GENERATION,,triangle-strategy
583,MS17_H01_VOTE_120_M_SEL_0170.wav,MS17_H01_VOTE_120_M_SEL_0170,587,587,587,588,Serenoa,main,male,serenoa,assets/triangle-strategy/approved_voice_references/serenoa.wav,ถึงจะอยากช่วยทุกคน แต่ข้าทำเช่นนั้นไม่ได้จริงๆ,,,PENDING_MANUAL_GENERATION,,triangle-strategy
584,MS17_H01_VOTE_120_M_SEL_0180.wav,MS17_H01_VOTE_120_M_SEL_0180,588,588,588,589,Serenoa,main,male,serenoa,assets/triangle-strategy/approved_voice_references/serenoa.wav,ทางเดียวของข้าคือการยุติสงครามและช่วยผู้คนให้ได้มากที่สุดต่างหาก,,,PENDING_MANUAL_GENERATION,,triangle-strategy
585,MS17_H01_VOTE_120_M_SEL_0190.wav,MS17_H01_VOTE_120_M_SEL_0190,589,589,589,590,Serenoa,main,male,serenoa,assets/triangle-strategy/approved_voice_references/serenoa.wav,การก้มหัวต่อไฮแซนต์ จะทำให้ประชาชนของเราเฟื่องฟูอย่างที่ไม่เคยเกิดขึ้นมาก่อน,,,PENDING_MANUAL_GENERATION,,triangle-strategy
586,MS17_H01_VOTE_120_M_SEL_0192.wav,MS17_H01_VOTE_120_M_SEL_0192,590,590,590,591,Serenoa,main,male,serenoa,assets/triangle-strategy/approved_voice_references/serenoa.wav,ทุกคนจะได้สัมผัสถึงชีวิตที่สงบสุขเสียที!,,,PENDING_MANUAL_GENERATION,,triangle-strategy
587,MS17_H01_VOTE_120_M_SEL_0197.wav,MS17_H01_VOTE_120_M_SEL_0197,591,591,591,592,Serenoa,main,male,serenoa,assets/triangle-strategy/approved_voice_references/serenoa.wav,ถึงเวลาเมื่อไหร่ข้าจะไปช่วยพวกเขาแน่นอน! แต่ตอนนี้-,,,PENDING_MANUAL_GENERATION,,triangle-strategy
588,MS17_H01_VOTE_120_M_SEL_0205.wav,MS17_H01_VOTE_120_M_SEL_0205,593,593,593,594,Serenoa,main,male,serenoa,assets/triangle-strategy/approved_voice_references/serenoa.wav,พอได้แล้วเฟรเดอริก้า ข้าไม่อยากเสียเจ้าไปทั้งแบบนี้!,,,PENDING_MANUAL_GENERATION,,triangle-strategy
589,MS17_H01_VOTE_120_M_SEL_0210.wav,MS17_H01_VOTE_120_M_SEL_0210,594,594,594,595,Serenoa,main,male,serenoa,assets/triangle-strategy/approved_voice_references/serenoa.wav,ตามใจเจ้าเลย หากเช่นนั้นก็อย่าออมมือ,,,PENDING_MANUAL_GENERATION,,triangle-strategy
590,MS17_H01_VOTE_120_M_SEL_0220.wav,MS17_H01_VOTE_120_M_SEL_0220,595,595,595,596,Serenoa,main,male,serenoa,assets/triangle-strategy/approved_voice_references/serenoa.wav,ย้ากกกก!,,,PENDING_MANUAL_GENERATION,,triangle-strategy
591,MS17_H01_VOTE_120_M_SEL_0230.wav,MS17_H01_VOTE_120_M_SEL_0230,596,596,596,597,Serenoa,main,male,serenoa,assets/triangle-strategy/approved_voice_references/serenoa.wav,โอยยย....,,,PENDING_MANUAL_GENERATION,,triangle-strategy
592,MS17_H01_VOTE_120_M_SEL_0240.wav,MS17_H01_VOTE_120_M_SEL_0240,597,597,597,598,Serenoa,main,male,serenoa,assets/triangle-strategy/approved_voice_references/serenoa.wav,จะไม่มีการลงโทษใดทั้งสิ้น และข้าจะไม่บังคับให้เจ้าฝืนตัวเอง,,,PENDING_MANUAL_GENERATION,,triangle-strategy
593,MS17_H01_VOTE_120_M_SEL_0250.wav,MS17_H01_VOTE_120_M_SEL_0250,598,598,598,599,Serenoa,main,male,serenoa,assets/triangle-strategy/approved_voice_references/serenoa.wav,เจ้าประกาศจุดยืนต่อชาวโรเซลล์อย่างชัดเจนแล้ว,,,PENDING_MANUAL_GENERATION,,triangle-strategy
594,MS17_H01_VOTE_120_M_SEL_0260.wav,MS17_H01_VOTE_120_M_SEL_0260,599,599,599,600,Serenoa,main,male,serenoa,assets/triangle-strategy/approved_voice_references/serenoa.wav,ข้าไม่ต้องการให้เจ้าละทิ้งความพยายาม,,,PENDING_MANUAL_GENERATION,,triangle-strategy
595,MS17_H01_VOTE_120_M_SEL_0270.wav,MS17_H01_VOTE_120_M_SEL_0270,600,600,600,601,Serenoa,main,male,serenoa,assets/triangle-strategy/approved_voice_references/serenoa.wav,เพราะแบบนี้ข้าจึงตกหลุมรักเจ้า,,,PENDING_MANUAL_GENERATION,,triangle-strategy
596,MS17_H01_VOTE_120_M_SEL_0280.wav,MS17_H01_VOTE_120_M_SEL_0280,601,601,601,602,Serenoa,main,male,serenoa,assets/triangle-strategy/approved_voice_references/serenoa.wav,และข้าจะไม่บังคับให้เจ้าทำตามความต้องการของข้าเช่นกัน,,,PENDING_MANUAL_GENERATION,,triangle-strategy
597,MS17_H01_VOTE_120_M_SEL_0290.wav,MS17_H01_VOTE_120_M_SEL_0290,602,602,602,603,Serenoa,main,male,serenoa,assets/triangle-strategy/approved_voice_references/serenoa.wav,ในขณะที่ข้าไม่ได้สบตาเจ้าอยู่ ก็จงไปเสียเถอะ,,,PENDING_MANUAL_GENERATION,,triangle-strategy
598,MS17_H01_VOTE_120_M_SEL_0300.wav,MS17_H01_VOTE_120_M_SEL_0300,603,603,603,604,Serenoa,main,male,serenoa,assets/triangle-strategy/approved_voice_references/serenoa.wav,ขอให้เจ้าซื่อตรงต่อความรู้สึกของตนเสมอ และอย่าหยุดฟังเสียงหัวใจของตน...,,,PENDING_MANUAL_GENERATION,,triangle-strategy
599,MS17_H01_VOTE_130_F_ANA_0010.wav,MS17_H01_VOTE_130_F_ANA_0010,604,604,604,605,Anna,main,female,anna,assets/triangle-strategy/approved_voice_references/anna.wav,เบเนดิกต์ ใจเย็นก่อนเจ้าค่ะ!,,,PENDING_MANUAL_GENERATION,,triangle-strategy
600,MS17_H01_VOTE_130_M_BND_0010.wav,MS17_H01_VOTE_130_M_BND_0010,606,606,606,607,Benedict,main,male,benedict,assets/triangle-strategy/approved_voice_references/benedict.wav,เส้นทางนี้ข้ารับไม่ได้จริงๆ,,,PENDING_MANUAL_GENERATION,,triangle-strategy
601,MS17_H01_VOTE_130_M_BND_0020.wav,MS17_H01_VOTE_130_M_BND_0020,607,607,607,608,Benedict,main,male,benedict,assets/triangle-strategy/approved_voice_references/benedict.wav,ขืนช่วยพวกเขาไป รับรองไฮแซนต์จะมาทำลายทุกสิ่งที่ท่านรักแน่นอน!,,,PENDING_MANUAL_GENERATION,,triangle-strategy
602,MS17_H01_VOTE_130_M_BND_0030.wav,MS17_H01_VOTE_130_M_BND_0030,608,608,608,609,Benedict,main,male,benedict,assets/triangle-strategy/approved_voice_references/benedict.wav,มีแต่จะพินาศขอรับ!,,,PENDING_MANUAL_GENERATION,,triangle-strategy
603,MS17_H01_VOTE_130_M_BND_0040.wav,MS17_H01_VOTE_130_M_BND_0040,609,609,609,610,Benedict,main,male,benedict,assets/triangle-strategy/approved_voice_references/benedict.wav,ท่านเลือกที่จะหันหลังให้ตระกูล ละทิ้งดินแดนรวมถึงประชาชนผู้อาศัยอยู่ในนั้นทุกคน,,,PENDING_MANUAL_GENERATION,,triangle-strategy
604,MS17_H01_VOTE_130_M_BND_0050.wav,MS17_H01_VOTE_130_M_BND_0050,610,610,610,611,Benedict,main,male,benedict,assets/triangle-strategy/approved_voice_references/benedict.wav,ข้าไม่ยอมให้ท่านทรยศเช่นนั้นแน่นอน!,,,PENDING_MANUAL_GENERATION,,triangle-strategy
605,MS17_H01_VOTE_130_M_BND_0060.wav,MS17_H01_VOTE_130_M_BND_0060,611,611,611,612,Benedict,main,male,benedict,assets/triangle-strategy/approved_voice_references/benedict.wav,ท่านเอาความมุ่งมั่นเช่นนั้นไปชี้นำชาวนอร์เซเลียในฐานะกษัตริย์ไม่ดีกว่าเหรอ?,,,PENDING_MANUAL_GENERATION,,triangle-strategy
606,MS17_H01_VOTE_130_M_BND_0070.wav,MS17_H01_VOTE_130_M_BND_0070,612,612,612,613,Benedict,main,male,benedict,assets/triangle-strategy/approved_voice_references/benedict.wav,ท่านทั้งแข็งแกร่งและมีอำนาจ เหลือเพียงแต่ความตั้งใจเท่านั้น,,,PENDING_MANUAL_GENERATION,,triangle-strategy
607,MS17_H01_VOTE_130_M_BND_0080.wav,MS17_H01_VOTE_130_M_BND_0080,613,613,613,614,Benedict,main,male,benedict,assets/triangle-strategy/approved_voice_references/benedict.wav,บัดนี้ท่านมีคริสตัลเกลือในครอบครอง ข้าจะทำให้ท่านขึ้นครองบัลลังก์เอง!,,,PENDING_MANUAL_GENERATION,,triangle-strategy
608,MS17_H01_VOTE_130_M_BND_0090.wav,MS17_H01_VOTE_130_M_BND_0090,614,614,614,615,Benedict,main,male,benedict,assets/triangle-strategy/approved_voice_references/benedict.wav,จากนั้นท่านอยากจะมอบอิสระให้ชาวโรเซลล์ก็ตามใจท่านเลย!,,,PENDING_MANUAL_GENERATION,,triangle-strategy
609,MS17_H01_VOTE_130_M_BND_0100.wav,MS17_H01_VOTE_130_M_BND_0100,615,615,615,616,Benedict,main,male,benedict,assets/triangle-strategy/approved_voice_references/benedict.wav,ข้าสนับสนุนชาวโรเซลล์ขอรับ,,,PENDING_MANUAL_GENERATION,,triangle-strategy
610,MS17_H01_VOTE_130_M_BND_0110.wav,MS17_H01_VOTE_130_M_BND_0110,616,616,616,617,Benedict,main,male,benedict,assets/triangle-strategy/approved_voice_references/benedict.wav,แต่ท่านเองก็ช่วยรักษาตระกูลของตนให้อยู่รอดด้วยได้ไหม?,,,PENDING_MANUAL_GENERATION,,triangle-strategy
611,MS17_H01_VOTE_130_M_BND_0120.wav,MS17_H01_VOTE_130_M_BND_0120,617,617,617,618,Benedict,main,male,benedict,assets/triangle-strategy/approved_voice_references/benedict.wav,ไม่เช่นนั้นข้าคงต้องให้คำแนะนำท่านด้วยกำลัง,,,PENDING_MANUAL_GENERATION,,triangle-strategy
612,MS17_H01_VOTE_130_M_BND_0130.wav,MS17_H01_VOTE_130_M_BND_0130,618,618,618,619,Benedict,main,male,benedict,assets/triangle-strategy/approved_voice_references/benedict.wav,ท่านช่วยพิจารณาอีกครั้งเสียเถิด หากท่านยังดื้อดึงในแผนอันโง่เขลานี้ต่อไป...,,,PENDING_MANUAL_GENERATION,,triangle-strategy
613,MS17_H01_VOTE_130_M_BND_0140.wav,MS17_H01_VOTE_130_M_BND_0140,619,619,619,620,Benedict,main,male,benedict,assets/triangle-strategy/approved_voice_references/benedict.wav,...ท่านต้องข้ามศพข้าไปก่อน!,,,PENDING_MANUAL_GENERATION,,triangle-strategy
614,MS17_H01_VOTE_130_M_BND_0150.wav,MS17_H01_VOTE_130_M_BND_0150,620,620,620,621,Benedict,main,male,benedict,assets/triangle-strategy/approved_voice_references/benedict.wav,ลอร์ดเซเรโนอา ท่านทำประโยชน์ได้มากกว่านี้อีกเยอะ คริสตัลเกลือทำให้ท่านได้เปรียบ,,,PENDING_MANUAL_GENERATION,,triangle-strategy
615,MS17_H01_VOTE_130_M_BND_0160.wav,MS17_H01_VOTE_130_M_BND_0160,621,621,621,622,Benedict,main,male,benedict,assets/triangle-strategy/approved_voice_references/benedict.wav,เอสฟรอสต์และไฮแซนต์จะยอมจำนนเชื่อฟัง! นอร์เซเลียจะเป็นหนึ่งเดียวกันภายใต้การปกครองของท่านนะขอรับ!,,,PENDING_MANUAL_GENERATION,,triangle-strategy
616,MS17_H01_VOTE_130_M_BND_0170.wav,MS17_H01_VOTE_130_M_BND_0170,622,622,622,623,Benedict,main,male,benedict,assets/triangle-strategy/approved_voice_references/benedict.wav,แล้วมันคุ้มเหรอ? ก็คือท่านอยากเห็นชาวเมืองของตนตกเป็นทาสของอาณาจักรอื่นใช่ไหม?,,,PENDING_MANUAL_GENERATION,,triangle-strategy
617,MS17_H01_VOTE_130_M_BND_0180.wav,MS17_H01_VOTE_130_M_BND_0180,623,623,623,624,Benedict,main,male,benedict,assets/triangle-strategy/approved_voice_references/benedict.wav,ขอแค่ท่านสั่งมา ข้าก็พร้อมขยี้ไฮแซนต์ให้เป็นผุยผง ชาวโรเซลล์จะได้เป็นอิสระ,,,PENDING_MANUAL_GENERATION,,triangle-strategy
618,MS17_H01_VOTE_130_M_BND_0190.wav,MS17_H01_VOTE_130_M_BND_0190,624,624,624,625,Benedict,main,male,benedict,assets/triangle-strategy/approved_voice_references/benedict.wav,สรุปแล้วท่านจะหน้ามืดตามัวไปพร้อมคู่หมั้นของท่านใช่ไหม? การคลุมถุงชนมันส่งผลเสียขนาดนี้เลยเหรอเนี่ย...,,,PENDING_MANUAL_GENERATION,,triangle-strategy
619,MS17_H01_VOTE_130_M_BND_0200.wav,MS17_H01_VOTE_130_M_BND_0200,625,625,625,626,Benedict,main,male,benedict,assets/triangle-strategy/approved_voice_references/benedict.wav,สมกับเป็นลูกของท่านหญิงเดสตร้าเหลือเกิน ความเห็นใจของท่านมันสร้างเรื่องตลอด,,,PENDING_MANUAL_GENERATION,,triangle-strategy
620,MS17_H01_VOTE_130_M_BND_0210.wav,MS17_H01_VOTE_130_M_BND_0210,626,626,626,627,Benedict,main,male,benedict,assets/triangle-strategy/approved_voice_references/benedict.wav,น่าเสียดายที่ความเห็นใจมันถูกย่ำยีอย่างง่ายดาย,,,PENDING_MANUAL_GENERATION,,triangle-strategy
621,MS17_H01_VOTE_130_M_BND_0220.wav,MS17_H01_VOTE_130_M_BND_0220,627,627,627,628,Benedict,main,male,benedict,assets/triangle-strategy/approved_voice_references/benedict.wav,หากไม่มีคนคอยหนุนหลัง มันก็ไม่เหลือชิ้นดีขอรับ!,,,PENDING_MANUAL_GENERATION,,triangle-strategy
622,MS17_H01_VOTE_130_M_BND_0230.wav,MS17_H01_VOTE_130_M_BND_0230,628,628,628,629,Benedict,main,male,benedict,assets/triangle-strategy/approved_voice_references/benedict.wav,ลอร์ดเซเรโนอา ข้าชักหมดความอดทนแล้วนะ คริสตัลเกลือจะทำให้ท่านพบสันติสุขในนอร์เซเลียจริงๆ!,,,PENDING_MANUAL_GENERATION,,triangle-strategy
623,MS17_H01_VOTE_130_M_BND_0240.wav,MS17_H01_VOTE_130_M_BND_0240,629,629,629,630,Benedict,main,male,benedict,assets/triangle-strategy/approved_voice_references/benedict.wav,สงครามมันเอาชนะได้ขอรับ! ปล่อยให้เป็นหน้าที่ของข้าเอง!,,,PENDING_MANUAL_GENERATION,,triangle-strategy
624,MS17_H01_VOTE_130_M_BND_0250.wav,MS17_H01_VOTE_130_M_BND_0250,630,630,630,631,Benedict,main,male,benedict,assets/triangle-strategy/approved_voice_references/benedict.wav,ท่านกำลังหนีหน้าที่อยู่นะ! อย่าเพ้อเจ้อขอรับ!,,,PENDING_MANUAL_GENERATION,,triangle-strategy
625,MS17_H01_VOTE_130_M_BND_0260.wav,MS17_H01_VOTE_130_M_BND_0260,631,631,631,632,Benedict,main,male,benedict,assets/triangle-strategy/approved_voice_references/benedict.wav,ชักจะบ้ากันไปใหญ่แล้ว ท่านกำลังฆ่าตัวตายชัดๆ ข้าไม่เอาด้วยหรอกนะ,,,PENDING_MANUAL_GENERATION,,triangle-strategy
626,MS17_H01_VOTE_130_M_BND_0270.wav,MS17_H01_VOTE_130_M_BND_0270,632,632,632,633,Benedict,main,male,benedict,assets/triangle-strategy/approved_voice_references/benedict.wav,ลอร์ดซีมอนฝากอนาคตของตระกูลไว้กับข้า,,,PENDING_MANUAL_GENERATION,,triangle-strategy
627,MS17_H01_VOTE_130_M_BND_0280.wav,MS17_H01_VOTE_130_M_BND_0280,633,633,633,634,Benedict,main,male,benedict,assets/triangle-strategy/approved_voice_references/benedict.wav,และข้าปฏิญาณกับท่านหญิงเดสตร้าว่าจะปกป้องท่านด้วยชีวิต,,,PENDING_MANUAL_GENERATION,,triangle-strategy
628,MS17_H01_VOTE_130_M_BND_0290.wav,MS17_H01_VOTE_130_M_BND_0290,634,634,634,635,Benedict,main,male,benedict,assets/triangle-strategy/approved_voice_references/benedict.wav,ข้าเรียกมันว่าความภักดีขอรับ,,,PENDING_MANUAL_GENERATION,,triangle-strategy
629,MS17_H01_VOTE_130_M_BND_0300.wav,MS17_H01_VOTE_130_M_BND_0300,635,635,635,636,Benedict,main,male,benedict,assets/triangle-strategy/approved_voice_references/benedict.wav,เตรียมใจให้พร้อมขอรับ!,,,PENDING_MANUAL_GENERATION,,triangle-strategy
630,MS17_H01_VOTE_130_M_BND_0310.wav,MS17_H01_VOTE_130_M_BND_0310,636,636,636,637,Benedict,main,male,benedict,assets/triangle-strategy/approved_voice_references/benedict.wav,อึก!,,,PENDING_MANUAL_GENERATION,,triangle-strategy
631,MS17_H01_VOTE_130_M_BND_0320.wav,MS17_H01_VOTE_130_M_BND_0320,637,637,637,638,Benedict,main,male,benedict,assets/triangle-strategy/approved_voice_references/benedict.wav,ข้ายอมแล้ว ปลิดชีพข้าเสียเถิดขอรับ,,,PENDING_MANUAL_GENERATION,,triangle-strategy
632,MS17_H01_VOTE_130_M_BND_0340.wav,MS17_H01_VOTE_130_M_BND_0340,639,639,639,640,Benedict,main,male,benedict,assets/triangle-strategy/approved_voice_references/benedict.wav,นั่นคือคำสั่ง แลกกับการไว้ชีวิตข้าใช่ไหม?,,,PENDING_MANUAL_GENERATION,,triangle-strategy
633,MS17_H01_VOTE_130_M_BND_0350.wav,MS17_H01_VOTE_130_M_BND_0350,640,640,640,641,Benedict,main,male,benedict,assets/triangle-strategy/approved_voice_references/benedict.wav,สุดท้ายท่านก็เดินตามรอยลอร์ดซีมอนและท่านหญิงเดสตร้า...,,,PENDING_MANUAL_GENERATION,,triangle-strategy
634,MS17_H01_VOTE_130_M_BND_0360.wav,MS17_H01_VOTE_130_M_BND_0360,641,641,641,642,Benedict,main,male,benedict,assets/triangle-strategy/approved_voice_references/benedict.wav,ทอดทิ้งข้าไว้พร้อมกับงานอันแสนสาหัส,,,PENDING_MANUAL_GENERATION,,triangle-strategy
635,MS17_H01_VOTE_130_M_BND_0370.wav,MS17_H01_VOTE_130_M_BND_0370,642,642,642,643,Benedict,main,male,benedict,assets/triangle-strategy/approved_voice_references/benedict.wav,...ข้าจะรับช่วงต่อเองขอรับ นายท่าน,,,PENDING_MANUAL_GENERATION,,triangle-strategy
636,MS17_H01_VOTE_130_M_BND_0380.wav,MS17_H01_VOTE_130_M_BND_0380,643,643,643,644,Benedict,main,male,benedict,assets/triangle-strategy/approved_voice_references/benedict.wav,ข้าจะทำทุกอย่างเพื่อให้ชื่อเสียงและชาวเมืองคงอยู่ต่อไป,,,PENDING_MANUAL_GENERATION,,triangle-strategy
637,MS17_H01_VOTE_130_M_BND_0390.wav,MS17_H01_VOTE_130_M_BND_0390,644,644,644,645,Benedict,main,male,benedict,assets/triangle-strategy/approved_voice_references/benedict.wav,หากตระกูลวูล์ฟฟอร์ตต้องเสียผู้นำ ข้าจะทำหน้าที่นั้นแทนท่านเอง,,,PENDING_MANUAL_GENERATION,,triangle-strategy
638,MS17_H01_VOTE_130_M_ELA_0010.wav,MS17_H01_VOTE_130_M_ELA_0010,645,645,645,646,Erador,main,male,erador,assets/triangle-strategy/approved_voice_references/erador.wav,นี่เจ้าจะสู้กับเขางั้นเหรอ!?,,,PENDING_MANUAL_GENERATION,,triangle-strategy
639,MS17_H01_VOTE_130_M_SEL_0010.wav,MS17_H01_VOTE_130_M_SEL_0010,646,646,646,647,Serenoa,main,male,serenoa,assets/triangle-strategy/approved_voice_references/serenoa.wav,พวกเราตัดสินใจแล้ว,,,PENDING_MANUAL_GENERATION,,triangle-strategy
640,MS17_H01_VOTE_130_M_SEL_0020.wav,MS17_H01_VOTE_130_M_SEL_0020,647,647,647,648,Serenoa,main,male,serenoa,assets/triangle-strategy/approved_voice_references/serenoa.wav,พวกเราควรที่จะปลดปล่อยชาวโรเซลล์ที่ถูกจับกุมไว้ในไฮแซนต์,,,PENDING_MANUAL_GENERATION,,triangle-strategy
641,MS17_H01_VOTE_130_M_SEL_0030.wav,MS17_H01_VOTE_130_M_SEL_0030,648,648,648,649,Serenoa,main,male,serenoa,assets/triangle-strategy/approved_voice_references/serenoa.wav,เบเนดิกต์ ข้าเข้าใจว่าท่านผิดหวัง แต่ตาชั่งได้ตัดสินแล้ว,,,PENDING_MANUAL_GENERATION,,triangle-strategy
642,MS17_H01_VOTE_130_M_SEL_0040.wav,MS17_H01_VOTE_130_M_SEL_0040,649,649,649,650,Serenoa,main,male,serenoa,assets/triangle-strategy/approved_voice_references/serenoa.wav,ข้าจึงอยากขอคำชี้แนะ ช่วยชาวโรเซลล์เพื่อพวกเราหน่อยนะขอรับ,,,PENDING_MANUAL_GENERATION,,triangle-strategy
643,MS17_H01_VOTE_130_M_SEL_0050.wav,MS17_H01_VOTE_130_M_SEL_0050,650,650,650,651,Serenoa,main,male,serenoa,assets/triangle-strategy/approved_voice_references/serenoa.wav,ตอนนี้เราไม่พร้อมปกป้องเขตแดนของตนหรอกท่าน,,,PENDING_MANUAL_GENERATION,,triangle-strategy
644,MS17_H01_VOTE_130_M_SEL_0060.wav,MS17_H01_VOTE_130_M_SEL_0060,651,651,651,652,Serenoa,main,male,serenoa,assets/triangle-strategy/approved_voice_references/serenoa.wav,หากเรื่องนี้จะต้องเกิดขึ้น ข้าก็พร้อมหนีไปกับชาวโรเซลล์เพื่อตามหาดินแดนเซนทราเลียขอรับ,,,PENDING_MANUAL_GENERATION,,triangle-strategy
645,MS17_H01_VOTE_130_M_SEL_0070.wav,MS17_H01_VOTE_130_M_SEL_0070,652,652,652,653,Serenoa,main,male,serenoa,assets/triangle-strategy/approved_voice_references/serenoa.wav,ว่ากันว่าที่นั่นคือทะเลเกลือ เป็นดินแดนซึ่งควรค่าแก่การตามหาที่จะไม่มีการแย่งชิงกันอีกเลย,,,PENDING_MANUAL_GENERATION,,triangle-strategy
646,MS17_H01_VOTE_130_M_SEL_0080.wav,MS17_H01_VOTE_130_M_SEL_0080,653,653,653,654,Serenoa,main,male,serenoa,assets/triangle-strategy/approved_voice_references/serenoa.wav,เบเนดิกต์ นี่คือโอกาสเดียวของเราขอรับ แทนที่จะกลับไปสู้ในสงครามที่ซ้ำรอย...ข้าคิดว่าเราหาบ้านใหม่จะดีกว่า,,,PENDING_MANUAL_GENERATION,,triangle-strategy
647,MS17_H01_VOTE_130_M_SEL_0090.wav,MS17_H01_VOTE_130_M_SEL_0090,654,654,654,655,Serenoa,main,male,serenoa,assets/triangle-strategy/approved_voice_references/serenoa.wav,จะมอบอิสระให้พวกเขา...หรือยังไงก็ช่างเถอะ ข้าไม่คิดมาก่อนเลยว่าจะได้ยินคำพูดใจดำเช่นนี้จากปากของท่าน,,,PENDING_MANUAL_GENERATION,,triangle-strategy
648,MS17_H01_VOTE_130_M_SEL_0100.wav,MS17_H01_VOTE_130_M_SEL_0100,655,655,655,656,Serenoa,main,male,serenoa,assets/triangle-strategy/approved_voice_references/serenoa.wav,แอนนา อย่า!,,,PENDING_MANUAL_GENERATION,,triangle-strategy
649,MS17_H01_VOTE_130_M_SEL_0110.wav,MS17_H01_VOTE_130_M_SEL_0110,656,656,656,657,Serenoa,main,male,serenoa,assets/triangle-strategy/approved_voice_references/serenoa.wav,คำท้านี้ข้าขอรับมันไว้เอง,,,PENDING_MANUAL_GENERATION,,triangle-strategy
650,MS17_H01_VOTE_130_M_SEL_0120.wav,MS17_H01_VOTE_130_M_SEL_0120,657,657,657,658,Serenoa,main,male,serenoa,assets/triangle-strategy/approved_voice_references/serenoa.wav,เบเนดิกต์ ท่านพูดถูก ข้าขาดความตั้งใจ!,,,PENDING_MANUAL_GENERATION,,triangle-strategy
651,MS17_H01_VOTE_130_M_SEL_0130.wav,MS17_H01_VOTE_130_M_SEL_0130,658,658,658,659,Serenoa,main,male,serenoa,assets/triangle-strategy/approved_voice_references/serenoa.wav,ข้าไม่ได้อยากปกครองนอร์เซเลีย ข้าเพียงต้องการให้ผู้ที่ถูกกดขี่เป็นอิสระก็เท่านั้น,,,PENDING_MANUAL_GENERATION,,triangle-strategy
652,MS17_H01_VOTE_130_M_SEL_0140.wav,MS17_H01_VOTE_130_M_SEL_0140,659,659,659,660,Serenoa,main,male,serenoa,assets/triangle-strategy/approved_voice_references/serenoa.wav,ข้ายอมสละความเป็นผู้นำดีกว่า ไม่มีข้าพวกเขาก็อยู่ได้ขอรับ,,,PENDING_MANUAL_GENERATION,,triangle-strategy
653,MS17_H01_VOTE_130_M_SEL_0150.wav,MS17_H01_VOTE_130_M_SEL_0150,660,660,660,661,Serenoa,main,male,serenoa,assets/triangle-strategy/approved_voice_references/serenoa.wav,ไม่มีใครสู้เพื่อชาวโรเซลล์เลยสักคน มีแต่เราที่ช่วยพวกเขาได้นะท่าน,,,PENDING_MANUAL_GENERATION,,triangle-strategy
654,MS17_H01_VOTE_130_M_SEL_0160.wav,MS17_H01_VOTE_130_M_SEL_0160,661,661,661,662,Serenoa,main,male,serenoa,assets/triangle-strategy/approved_voice_references/serenoa.wav,สู้ต่อไปมีแต่จะสร้างเวรสร้างกรรม แย่ไปกว่านั้นคนอื่นอาจถูกกดขี่แทนพวกโรเซลล์ก็ได้นะท่าน,,,PENDING_MANUAL_GENERATION,,triangle-strategy
655,MS17_H01_VOTE_130_M_SEL_0170.wav,MS17_H01_VOTE_130_M_SEL_0170,662,662,662,663,Serenoa,main,male,serenoa,assets/triangle-strategy/approved_voice_references/serenoa.wav,สงครามแก้ปัญหาไม่ได้ซะทุกเรื่องหรอก การปลดปล่อยพวกเขาจะพิสูจน์ให้เห็นเองขอรับ,,,PENDING_MANUAL_GENERATION,,triangle-strategy
656,MS17_H01_VOTE_130_M_SEL_0180.wav,MS17_H01_VOTE_130_M_SEL_0180,663,663,663,664,Serenoa,main,male,serenoa,assets/triangle-strategy/approved_voice_references/serenoa.wav,พอกันที! ทุกสิ่งข้าตัดสินใจด้วยตัวเองทั้งนั้น,,,PENDING_MANUAL_GENERATION,,triangle-strategy
657,MS17_H01_VOTE_130_M_SEL_0190.wav,MS17_H01_VOTE_130_M_SEL_0190,664,664,664,665,Serenoa,main,male,serenoa,assets/triangle-strategy/approved_voice_references/serenoa.wav,ข้าเห็นความยากลำบากที่นอร์เซเลียต้องเผชิญ และนี่คือคำตอบของข้า,,,PENDING_MANUAL_GENERATION,,triangle-strategy
658,MS17_H01_VOTE_130_M_SEL_0200.wav,MS17_H01_VOTE_130_M_SEL_0200,665,665,665,666,Serenoa,main,male,serenoa,assets/triangle-strategy/approved_voice_references/serenoa.wav,ท่านคิดผิดแล้ว มันคือชนวนที่ก่อให้เกิดสงครามยืดเยื้อต่างหาก,,,PENDING_MANUAL_GENERATION,,triangle-strategy
659,MS17_H01_VOTE_130_M_SEL_0210.wav,MS17_H01_VOTE_130_M_SEL_0210,666,666,666,667,Serenoa,main,male,serenoa,assets/triangle-strategy/approved_voice_references/serenoa.wav,สงครามมันเกิดขึ้นอยู่ตลอด...ท่านไม่เห็นหรือไง? ข้าจะเป็นคนทำลายวัฏจักรและใช้อำนาจเพื่อปลดปล่อยชาวโรเซลล์เอง!,,,PENDING_MANUAL_GENERATION,,triangle-strategy
660,MS17_H01_VOTE_130_M_SEL_0220.wav,MS17_H01_VOTE_130_M_SEL_0220,667,667,667,668,Serenoa,main,male,serenoa,assets/triangle-strategy/approved_voice_references/serenoa.wav,เบเนดิกต์ เราต้องการท่านจริงๆ ทำไมท่านปล่อยวางเรื่องนี้ไม่ได้เลยล่ะ?,,,PENDING_MANUAL_GENERATION,,triangle-strategy
661,MS17_H01_VOTE_130_M_SEL_0230.wav,MS17_H01_VOTE_130_M_SEL_0230,668,668,668,669,Serenoa,main,male,serenoa,assets/triangle-strategy/approved_voice_references/serenoa.wav,อย่ายึดติดกับอดีตสิ เบเนดิกต์,,,PENDING_MANUAL_GENERATION,,triangle-strategy
662,MS17_H01_VOTE_130_M_SEL_0240.wav,MS17_H01_VOTE_130_M_SEL_0240,669,669,669,670,Serenoa,main,male,serenoa,assets/triangle-strategy/approved_voice_references/serenoa.wav,ต้องลงเอยแบบนี้จริงๆสินะ คงต้องโค่นท่านเพื่ออนาคตของเราแล้วล่ะ...,,,PENDING_MANUAL_GENERATION,,triangle-strategy
663,MS17_H01_VOTE_130_M_SEL_0250.wav,MS17_H01_VOTE_130_M_SEL_0250,670,670,670,671,Serenoa,main,male,serenoa,assets/triangle-strategy/approved_voice_references/serenoa.wav,ย้ากกกก!,,,PENDING_MANUAL_GENERATION,,triangle-strategy
664,MS17_H01_VOTE_130_M_SEL_0260.wav,MS17_H01_VOTE_130_M_SEL_0260,671,671,671,672,Serenoa,main,male,serenoa,assets/triangle-strategy/approved_voice_references/serenoa.wav,...ไม่,,,PENDING_MANUAL_GENERATION,,triangle-strategy
665,MS17_H01_VOTE_130_M_SEL_0270.wav,MS17_H01_VOTE_130_M_SEL_0270,672,672,672,673,Serenoa,main,male,serenoa,assets/triangle-strategy/approved_voice_references/serenoa.wav,ท่านพ่อกับท่านแม่คงไม่ปลื้มที่ต้องสังหารคนภักดีเช่นนี้,,,PENDING_MANUAL_GENERATION,,triangle-strategy
666,MS17_H01_VOTE_130_M_SEL_0280.wav,MS17_H01_VOTE_130_M_SEL_0280,673,673,673,674,Serenoa,main,male,serenoa,assets/triangle-strategy/approved_voice_references/serenoa.wav,พวกเราจะมุ่งหน้าสู่ไฮแซนต์อย่างลับๆ ส่วนท่านจะต้องอยู่ที่นี่,,,PENDING_MANUAL_GENERATION,,triangle-strategy
667,MS17_H01_VOTE_130_M_SEL_0290.wav,MS17_H01_VOTE_130_M_SEL_0290,674,674,674,675,Serenoa,main,male,serenoa,assets/triangle-strategy/approved_voice_references/serenoa.wav,จงพาชาววูล์ฟฟอร์ตหนีไปซะ ก่อนที่ทัพไฮแซนต์จะบุกมาถึง ช่วยคุ้มครองพวกเขาด้วยขอรับ,,,PENDING_MANUAL_GENERATION,,triangle-strategy
668,MS17_H01_VOTE_130_M_SEL_0300.wav,MS17_H01_VOTE_130_M_SEL_0300,675,675,675,676,Serenoa,main,male,serenoa,assets/triangle-strategy/approved_voice_references/serenoa.wav,นั่นไม่ใช่คำสั่ง ไม่มีการแลกอะไรทั้งสิ้น,,,PENDING_MANUAL_GENERATION,,triangle-strategy
669,MS17_H01_VOTE_130_M_SEL_0310.wav,MS17_H01_VOTE_130_M_SEL_0310,676,676,676,677,Serenoa,main,male,serenoa,assets/triangle-strategy/approved_voice_references/serenoa.wav,แต่เป็นคำขอสุดท้ายในฐานะผู้ดูแลของข้า และสหายผู้ซื่อสัตย์แห่งตระกูลวูล์ฟฟอร์ต,,,PENDING_MANUAL_GENERATION,,triangle-strategy
670,MS17_H01_VOTE_130_M_SEL_0320.wav,MS17_H01_VOTE_130_M_SEL_0320,677,677,677,678,Serenoa,main,male,serenoa,assets/triangle-strategy/approved_voice_references/serenoa.wav,ข้ามั่นใจอยู่แล้วล่ะ,,,PENDING_MANUAL_GENERATION,,triangle-strategy
671,MS17_H01_VOTE_START_F_ANA_0010.wav,MS17_H01_VOTE_START_F_ANA_0010,678,678,678,679,Anna,main,female,anna,assets/triangle-strategy/approved_voice_references/anna.wav,แน่ใจเจ้าค่ะ,,,PENDING_MANUAL_GENERATION,,triangle-strategy
672,MS17_H01_VOTE_START_F_FRE_0010.wav,MS17_H01_VOTE_START_F_FRE_0010,679,679,679,680,Frederica,main,female,frederica,assets/triangle-strategy/approved_voice_references/frederica.wav,แสดงว่ารู้เรื่องคริสตัลแล้วสินะ...,,,PENDING_MANUAL_GENERATION,,triangle-strategy
673,MS17_H01_VOTE_START_F_FRE_0020.wav,MS17_H01_VOTE_START_F_FRE_0020,680,680,680,681,Frederica,main,female,frederica,assets/triangle-strategy/approved_voice_references/frederica.wav,ว่าไงนะเจ้าคะ!?,,,PENDING_MANUAL_GENERATION,,triangle-strategy
674,MS17_H01_VOTE_START_F_FRE_0030.wav,MS17_H01_VOTE_START_F_FRE_0030,681,681,681,682,Frederica,main,female,frederica,assets/triangle-strategy/approved_voice_references/frederica.wav,กล้าดียังไง... ท่านดูไม่ออกจริงๆเหรอ ไฮแซนต์มันผูกขาดเกลือจนเป็นต้นตอปัญหาไม่ใช่เหรอเจ้าคะ!?,,,PENDING_MANUAL_GENERATION,,triangle-strategy
675,MS17_H01_VOTE_START_F_FRE_0040.wav,MS17_H01_VOTE_START_F_FRE_0040,682,682,682,683,Frederica,main,female,frederica,assets/triangle-strategy/approved_voice_references/frederica.wav,ที่ชาวโรเซลล์ทุรนทุรายอยู่ทุกวันนี้ มันยังพิสูจน์ความหลอกลวงของเทพธิดาไม่พอสำหรับท่านใช่ไหม!?,,,PENDING_MANUAL_GENERATION,,triangle-strategy
676,MS17_H01_VOTE_START_F_FRE_0050.wav,MS17_H01_VOTE_START_F_FRE_0050,683,683,683,684,Frederica,main,female,frederica,assets/triangle-strategy/approved_voice_references/frederica.wav,แล้วชาวโรเซลล์ล่ะเจ้าคะ? นั่นก็เรื่องเล็กน้อยสำหรับท่านเหรอ!?,,,PENDING_MANUAL_GENERATION,,triangle-strategy
677,MS17_H01_VOTE_START_F_FRE_0060.wav,MS17_H01_VOTE_START_F_FRE_0060,684,684,684,685,Frederica,main,female,frederica,assets/triangle-strategy/approved_voice_references/frederica.wav,ท่านกล้าพูดเช่นนี้ต่อหน้าข้าได้ยังไง?,,,PENDING_MANUAL_GENERATION,,triangle-strategy
678,MS17_H01_VOTE_START_F_FRE_0070.wav,MS17_H01_VOTE_START_F_FRE_0070,685,685,685,686,Frederica,main,female,frederica,assets/triangle-strategy/approved_voice_references/frederica.wav,ท่านกำลังโดนความทุกข์ใจครอบงำนะเจ้าคะ...,,,PENDING_MANUAL_GENERATION,,triangle-strategy
679,MS17_H01_VOTE_START_F_FRE_0080.wav,MS17_H01_VOTE_START_F_FRE_0080,686,686,686,687,Frederica,main,female,frederica,assets/triangle-strategy/approved_voice_references/frederica.wav,ไม่แปลกใจที่คนของข้าจะต้องทนทุกข์มานับชั่วอายุคน,,,PENDING_MANUAL_GENERATION,,triangle-strategy
680,MS17_H01_VOTE_START_F_FRE_0090.wav,MS17_H01_VOTE_START_F_FRE_0090,687,687,687,688,Frederica,main,female,frederica,assets/triangle-strategy/approved_voice_references/frederica.wav,พวกเราถูกปลูกฝังให้ศรัทธาในเทพธิดาแม้จะต้องทิ้งขว้างชีวิตของตนเพื่อขุดเกลือให้พวกท่าน...,,,PENDING_MANUAL_GENERATION,,triangle-strategy
681,MS17_H01_VOTE_START_F_FRE_0100.wav,MS17_H01_VOTE_START_F_FRE_0100,688,688,688,689,Frederica,main,female,frederica,assets/triangle-strategy/approved_voice_references/frederica.wav,แม้กระทั่งตอนที่หลักฐานมันฟ้องว่าเทพธิดามันหลอกลวง ท่านยังกล้ามองพวกเราขุดหลุมฝังตัวเองเพื่อความสบายใจของท่านอีกเหรอเจ้าคะ!?,,,PENDING_MANUAL_GENERATION,,triangle-strategy
682,MS17_H01_VOTE_START_F_FRE_0110.wav,MS17_H01_VOTE_START_F_FRE_0110,689,689,689,690,Frederica,main,female,frederica,assets/triangle-strategy/approved_voice_references/frederica.wav,"ข้าได้ยินจนเบื่อแล้ว ""คุยทีหลัง"" ของท่านมันไม่มีจริงหรอก และข้าไม่ยอมให้ท่านทอดทิ้งพวกเราไปอีกสามทศวรรษแน่นอน",,,PENDING_MANUAL_GENERATION,,triangle-strategy
683,MS17_H01_VOTE_START_F_FRE_0120.wav,MS17_H01_VOTE_START_F_FRE_0120,690,690,690,691,Frederica,main,female,frederica,assets/triangle-strategy/approved_voice_references/frederica.wav,ตอนนี้ทุกอย่างกำลังวุ่นวาย การยกคริสตัลเกลือให้ไฮแซนต์ก็ไม่ต่างจากการทิ้งโอกาสมอบอิสรภาพให้คนของข้าเจ้าค่ะ,,,PENDING_MANUAL_GENERATION,,triangle-strategy
684,MS17_H01_VOTE_START_F_FRE_0130.wav,MS17_H01_VOTE_START_F_FRE_0130,691,691,691,692,Frederica,main,female,frederica,assets/triangle-strategy/approved_voice_references/frederica.wav,พวกเรารู้ความจริง พวกเราต้องลงมือ พวกเราต้องเป็นแสงสว่างท่ามกลางความมืดมิด!,,,PENDING_MANUAL_GENERATION,,triangle-strategy
685,MS17_H01_VOTE_START_F_FRE_0140.wav,MS17_H01_VOTE_START_F_FRE_0140,692,692,692,693,Frederica,main,female,frederica,assets/triangle-strategy/approved_voice_references/frederica.wav,ก็คือพวกเราไม่สำคัญใช่ไหม!?,,,PENDING_MANUAL_GENERATION,,triangle-strategy
686,MS17_H01_VOTE_START_F_FRE_0150.wav,MS17_H01_VOTE_START_F_FRE_0150,693,693,693,694,Frederica,main,female,frederica,assets/triangle-strategy/approved_voice_references/frederica.wav,ยังมีอีกทางเจ้าค่ะ,,,PENDING_MANUAL_GENERATION,,triangle-strategy
687,MS17_H01_VOTE_START_F_FRE_0160.wav,MS17_H01_VOTE_START_F_FRE_0160,694,694,694,695,Frederica,main,female,frederica,assets/triangle-strategy/approved_voice_references/frederica.wav,เราจะออกตามหาเซนทราเลียไปพร้อมกับชาวโรเซลล์,,,PENDING_MANUAL_GENERATION,,triangle-strategy
688,MS17_H01_VOTE_START_F_FRE_0170.wav,MS17_H01_VOTE_START_F_FRE_0170,695,695,695,696,Frederica,main,female,frederica,assets/triangle-strategy/approved_voice_references/frederica.wav,ตำนานคนของข้าเป็นจริงนะ!,,,PENDING_MANUAL_GENERATION,,triangle-strategy
689,MS17_H01_VOTE_START_F_FRE_0180.wav,MS17_H01_VOTE_START_F_FRE_0180,696,696,696,697,Frederica,main,female,frederica,assets/triangle-strategy/approved_voice_references/frederica.wav,ข้าพร้อม,,,PENDING_MANUAL_GENERATION,,triangle-strategy
690,MS17_H01_VOTE_START_F_HEW_0010.wav,MS17_H01_VOTE_START_F_HEW_0010,697,697,697,698,Hughette,main,female,hughette,assets/triangle-strategy/approved_voice_references/hughette.wav,ทัพเอสฟรอสต์เองก็รวมพลที่ประตูแฝดเช่นกันเจ้าค่ะ,,,PENDING_MANUAL_GENERATION,,triangle-strategy
691,MS17_H01_VOTE_START_F_YRA_0010.wav,MS17_H01_VOTE_START_F_YRA_0010,698,698,698,699,Geela,main,female,geela,assets/triangle-strategy/approved_voice_references/geela.wav,แล้วเกลนบรู๊คจะรับมือยังไงเจ้าคะ ฝ่าบาทโรแลนด์?,,,PENDING_MANUAL_GENERATION,,triangle-strategy
692,MS17_H01_VOTE_START_M_BND_0010.wav,MS17_H01_VOTE_START_M_BND_0010,699,699,699,700,Benedict,main,male,benedict,assets/triangle-strategy/approved_voice_references/benedict.wav,มันขึ้นอยู่กับเวลาแล้วขอรับ,,,PENDING_MANUAL_GENERATION,,triangle-strategy
693,MS17_H01_VOTE_START_M_BND_0020.wav,MS17_H01_VOTE_START_M_BND_0020,700,700,700,701,Benedict,main,male,benedict,assets/triangle-strategy/approved_voice_references/benedict.wav,นางพูดถูกขอรับฝ่าบาท การยกคริสตัลเกลือให้พวกเขาก็ไม่ต่างจากการมอบอำนาจให้เทพธิดาปกครองนอร์เซเลียทั้งแผ่นดิน,,,PENDING_MANUAL_GENERATION,,triangle-strategy
694,MS17_H01_VOTE_START_M_BND_0030.wav,MS17_H01_VOTE_START_M_BND_0030,701,701,701,702,Benedict,main,male,benedict,assets/triangle-strategy/approved_voice_references/benedict.wav,ท่านจะยกดินแดนนี้แก่หัวหน้านักบวชจริงเหรอ?,,,PENDING_MANUAL_GENERATION,,triangle-strategy
695,MS17_H01_VOTE_START_M_BND_0040.wav,MS17_H01_VOTE_START_M_BND_0040,702,702,702,703,Benedict,main,male,benedict,assets/triangle-strategy/approved_voice_references/benedict.wav,ข้าไม่เห็นด้วยนะขอรับ ข้าคิดว่าเราควรร่วมมือกับเอสฟรอสต์เพื่อโค่นล้มไฮแซนต์จะดีกว่า,,,PENDING_MANUAL_GENERATION,,triangle-strategy
696,MS17_H01_VOTE_START_M_BND_0050.wav,MS17_H01_VOTE_START_M_BND_0050,703,703,703,704,Benedict,main,male,benedict,assets/triangle-strategy/approved_voice_references/benedict.wav,คริสตัลเกลือในเหมืองจะทำให้เราเกลี้ยกล่อมกุสตาดอล์ฟสำเร็จ,,,PENDING_MANUAL_GENERATION,,triangle-strategy
697,MS17_H01_VOTE_START_M_BND_0060.wav,MS17_H01_VOTE_START_M_BND_0060,704,704,704,705,Benedict,main,male,benedict,assets/triangle-strategy/approved_voice_references/benedict.wav,แล้วทำไมถึงไม่ควรร่วมมือขอรับ? ท่านพูดเองว่าจะสละบัลลังก์เพื่ออาณาจักรและผู้คนไม่ใช่เหรอ?,,,PENDING_MANUAL_GENERATION,,triangle-strategy
698,MS17_H01_VOTE_START_M_BND_0070.wav,MS17_H01_VOTE_START_M_BND_0070,705,705,705,706,Benedict,main,male,benedict,assets/triangle-strategy/approved_voice_references/benedict.wav,เพราะงั้นท่านจะเก็บมาใส่ใจทำไม เรื่องนี้ท่านไม่ควรจะมีปัญหาสิ,,,PENDING_MANUAL_GENERATION,,triangle-strategy
699,MS17_H01_VOTE_START_M_BND_0080.wav,MS17_H01_VOTE_START_M_BND_0080,706,706,706,707,Benedict,main,male,benedict,assets/triangle-strategy/approved_voice_references/benedict.wav,ท่านหญิงเฟรเดอริก้า ไว้ค่อยคุยเรื่องชาวโรเซลล์ทีหลังได้ไหมขอรับ,,,PENDING_MANUAL_GENERATION,,triangle-strategy
700,MS17_H01_VOTE_START_M_BND_0090.wav,MS17_H01_VOTE_START_M_BND_0090,707,707,707,708,Benedict,main,male,benedict,assets/triangle-strategy/approved_voice_references/benedict.wav,และพวกเราไม่ควรจะเสียทหารไปมากกว่านี้แล้ว ข้าศึกกำลังมานะขอรับ,,,PENDING_MANUAL_GENERATION,,triangle-strategy
701,MS17_H01_VOTE_START_M_BND_0100.wav,MS17_H01_VOTE_START_M_BND_0100,708,708,708,709,Benedict,main,male,benedict,assets/triangle-strategy/approved_voice_references/benedict.wav,ข้าพูดตามหลักเหตุผลขอรับ การปลดปล่อยชาวโรเซลล์อันตรายอย่างยิ่ง ซึ่งเราไม่ควรเสี่ยง,,,PENDING_MANUAL_GENERATION,,triangle-strategy
702,MS17_H01_VOTE_START_M_BND_0110.wav,MS17_H01_VOTE_START_M_BND_0110,709,709,709,710,Benedict,main,male,benedict,assets/triangle-strategy/approved_voice_references/benedict.wav,สมมุติว่าทำสำเร็จ แล้วท่านจะรับมือกับกองทัพไฮแซนต์ที่ไล่ล่าเรายังไง?,,,PENDING_MANUAL_GENERATION,,triangle-strategy
703,MS17_H01_VOTE_START_M_BND_0120.wav,MS17_H01_VOTE_START_M_BND_0120,710,710,710,711,Benedict,main,male,benedict,assets/triangle-strategy/approved_voice_references/benedict.wav,ถูกต้องขอรับ เราจะไม่เหลือพันธมิตรและเสียเปรียบอย่างมาก,,,PENDING_MANUAL_GENERATION,,triangle-strategy
704,MS17_H01_VOTE_START_M_BND_0130.wav,MS17_H01_VOTE_START_M_BND_0130,711,711,711,712,Benedict,main,male,benedict,assets/triangle-strategy/approved_voice_references/benedict.wav,โปรดบอกข้าที มันคืออะไรขอรับ?,,,PENDING_MANUAL_GENERATION,,triangle-strategy
705,MS17_H01_VOTE_START_M_BND_0140.wav,MS17_H01_VOTE_START_M_BND_0140,712,712,712,713,Benedict,main,male,benedict,assets/triangle-strategy/approved_voice_references/benedict.wav,เซนทราเลียมันเป็นเพียงเรื่องแต่งขอรับ,,,PENDING_MANUAL_GENERATION,,triangle-strategy
706,MS17_H01_VOTE_START_M_BND_0150.wav,MS17_H01_VOTE_START_M_BND_0150,713,713,713,714,Benedict,main,male,benedict,assets/triangle-strategy/approved_voice_references/benedict.wav,ข้าไม่สนหรอกว่ามันจะเป็นจริงหรือเปล่า แต่ข้าไม่ยอมให้ใครมาพูดจาละทิ้งวูล์ฟฟอร์ตแน่นอน!,,,PENDING_MANUAL_GENERATION,,triangle-strategy
707,MS17_H01_VOTE_START_M_BND_0160.wav,MS17_H01_VOTE_START_M_BND_0160,714,714,714,715,Benedict,main,male,benedict,assets/triangle-strategy/approved_voice_references/benedict.wav,จากที่ฟังมา ไม่มีอะไรทำให้ข้าไขว้เขวแน่นอนขอรับ,,,PENDING_MANUAL_GENERATION,,triangle-strategy
708,MS17_H01_VOTE_START_M_ELA_0010.wav,MS17_H01_VOTE_START_M_ELA_0010,715,715,715,716,Erador,main,male,erador,assets/triangle-strategy/approved_voice_references/erador.wav,สงครามจะเริ่มขึ้นแล้ว เราต้องเตรียมตัวให้พร้อม!,,,PENDING_MANUAL_GENERATION,,triangle-strategy
709,MS17_H01_VOTE_START_M_RLN_0010.wav,MS17_H01_VOTE_START_M_RLN_0010,716,716,716,717,Roland,main,male,roland,assets/triangle-strategy/approved_voice_references/roland.wav,ไม่จำเป็นต้องทำสงครามหรอก,,,PENDING_MANUAL_GENERATION,,triangle-strategy
710,MS17_H01_VOTE_START_M_RLN_0020.wav,MS17_H01_VOTE_START_M_RLN_0020,717,717,717,718,Roland,main,male,roland,assets/triangle-strategy/approved_voice_references/roland.wav,ข้าตัดสินใจจะยกคริสตัลเกลือให้พวกเขาแล้วล่ะ,,,PENDING_MANUAL_GENERATION,,triangle-strategy
711,MS17_H01_VOTE_START_M_RLN_0030.wav,MS17_H01_VOTE_START_M_RLN_0030,718,718,718,719,Roland,main,male,roland,assets/triangle-strategy/approved_voice_references/roland.wav,และข้าขอประกาศว่า อาณาจักรเกลนบรู๊คและประชาชนทุกคนจะต้องเคารพเชื่อฟังเทพธิดาและคำสอนของนาง,,,PENDING_MANUAL_GENERATION,,triangle-strategy
712,MS17_H01_VOTE_START_M_RLN_0040.wav,MS17_H01_VOTE_START_M_RLN_0040,719,719,719,720,Roland,main,male,roland,assets/triangle-strategy/approved_voice_references/roland.wav,คริสตัลเกลือมอบความสุขให้ชาวนอร์เซเลียไม่ได้หรอก...,,,PENDING_MANUAL_GENERATION,,triangle-strategy
713,MS17_H01_VOTE_START_M_RLN_0050.wav,MS17_H01_VOTE_START_M_RLN_0050,720,720,720,721,Roland,main,male,roland,assets/triangle-strategy/approved_voice_references/roland.wav,นี่คือเหตุผลที่ข้าต้องเลือกให้คนส่วนมากอาศัยอยู่ร่วมกันอย่างเท่าเทียมและสามัคคีกัน,,,PENDING_MANUAL_GENERATION,,triangle-strategy
714,MS17_H01_VOTE_START_M_RLN_0060.wav,MS17_H01_VOTE_START_M_RLN_0060,721,721,721,722,Roland,main,male,roland,assets/triangle-strategy/approved_voice_references/roland.wav,ข้ารู้ว่าต้องสละความเป็นกษัตริย์ไปพร้อมกับอาณาจักร,,,PENDING_MANUAL_GENERATION,,triangle-strategy
715,MS17_H01_VOTE_START_M_RLN_0070.wav,MS17_H01_VOTE_START_M_RLN_0070,722,722,722,723,Roland,main,male,roland,assets/triangle-strategy/approved_voice_references/roland.wav,ข้าคิดว่ามันคุ้มราคา เพื่อแลกสิ่งเล็กน้อยกับความปลอดภัยและความเฟื่องฟูของคนส่วนมาก,,,PENDING_MANUAL_GENERATION,,triangle-strategy
716,MS17_H01_VOTE_START_M_RLN_0080.wav,MS17_H01_VOTE_START_M_RLN_0080,723,723,723,724,Roland,main,male,roland,assets/triangle-strategy/approved_voice_references/roland.wav,ถูกต้อง,,,PENDING_MANUAL_GENERATION,,triangle-strategy
717,MS17_H01_VOTE_START_M_RLN_0090.wav,MS17_H01_VOTE_START_M_RLN_0090,724,724,724,725,Roland,main,male,roland,assets/triangle-strategy/approved_voice_references/roland.wav,ร่วมมือกับเอสฟรอสต์งั้นเหรอ!?,,,PENDING_MANUAL_GENERATION,,triangle-strategy
718,MS17_H01_VOTE_START_M_RLN_0100.wav,MS17_H01_VOTE_START_M_RLN_0100,725,725,725,726,Roland,main,male,roland,assets/triangle-strategy/approved_voice_references/roland.wav,เจ้ากล้ามากเลยนะ แนะนำให้เราร่วมมือกับคนที่สังหารพ่อของข้าได้ลงคอ!,,,PENDING_MANUAL_GENERATION,,triangle-strategy
719,MS17_H01_VOTE_START_M_RLN_0110.wav,MS17_H01_VOTE_START_M_RLN_0110,726,726,726,727,Roland,main,male,roland,assets/triangle-strategy/approved_voice_references/roland.wav,ไม่อยากจะเชื่อ...,,,PENDING_MANUAL_GENERATION,,triangle-strategy
720,MS17_H01_VOTE_START_M_RLN_0120.wav,MS17_H01_VOTE_START_M_RLN_0120,727,727,727,728,Roland,main,male,roland,assets/triangle-strategy/approved_voice_references/roland.wav,เขาไม่ได้สังหารพ่อของเจ้า อย่าบังอาจมาสั่งสอนข้าเชียวนะ!,,,PENDING_MANUAL_GENERATION,,triangle-strategy
721,MS17_H01_VOTE_START_M_RLN_0130.wav,MS17_H01_VOTE_START_M_RLN_0130,728,728,728,729,Roland,main,male,roland,assets/triangle-strategy/approved_voice_references/roland.wav,เอสฟรอสต์เห็นพวกเราหาเรื่องใส่ตัวแบบนี้ รับรองโดนพวกมันย่ำยีแน่นอน,,,PENDING_MANUAL_GENERATION,,triangle-strategy
722,MS17_H01_VOTE_START_M_RLN_0140.wav,MS17_H01_VOTE_START_M_RLN_0140,729,729,729,730,Roland,main,male,roland,assets/triangle-strategy/approved_voice_references/roland.wav,ข้าก็ด้วย,,,PENDING_MANUAL_GENERATION,,triangle-strategy
723,MS17_H01_VOTE_START_M_SEL_0010.wav,MS17_H01_VOTE_START_M_SEL_0010,730,730,730,731,Serenoa,main,male,serenoa,assets/triangle-strategy/approved_voice_references/serenoa.wav,เจ้าแน่ใจใช่ไหมว่าทัพไฮแซนต์กำลังมุ่งหน้าไปยังเหมืองนอร์เซเลีย?,,,PENDING_MANUAL_GENERATION,,triangle-strategy
724,MS17_H01_VOTE_START_M_SEL_0020.wav,MS17_H01_VOTE_START_M_SEL_0020,731,731,731,732,Serenoa,main,male,serenoa,assets/triangle-strategy/approved_voice_references/serenoa.wav,พอได้แล้ว!,,,PENDING_MANUAL_GENERATION,,triangle-strategy
725,MS17_H01_VOTE_START_M_SEL_0030.wav,MS17_H01_VOTE_START_M_SEL_0030,732,732,732,733,Serenoa,main,male,serenoa,assets/triangle-strategy/approved_voice_references/serenoa.wav,ข้าฟังพวกท่านเถียงกันเองมามากพอแล้ว,,,PENDING_MANUAL_GENERATION,,triangle-strategy
726,MS17_H01_VOTE_START_M_SEL_0040.wav,MS17_H01_VOTE_START_M_SEL_0040,733,733,733,734,Serenoa,main,male,serenoa,assets/triangle-strategy/approved_voice_references/serenoa.wav,พวกท่านทั้งสามพร้อมเดินหน้าในสิ่งที่ตนยึดมั่นใช่ไหม?,,,PENDING_MANUAL_GENERATION,,triangle-strategy
727,MS17_H01_VOTE_START_M_SEL_0050.wav,MS17_H01_VOTE_START_M_SEL_0050,734,734,734,735,Serenoa,main,male,serenoa,assets/triangle-strategy/approved_voice_references/serenoa.wav,เอาล่ะ,,,PENDING_MANUAL_GENERATION,,triangle-strategy
728,MS17_H01_VOTE_START_M_SEL_0060.wav,MS17_H01_VOTE_START_M_SEL_0060,735,735,735,736,Serenoa,main,male,serenoa,assets/triangle-strategy/approved_voice_references/serenoa.wav,ข้าขอเวลาคิดสักครู่,,,PENDING_MANUAL_GENERATION,,triangle-strategy
729,MS17_H01_VOTE_START_M_SEL_0070.wav,MS17_H01_VOTE_START_M_SEL_0070,736,736,736,737,Serenoa,main,male,serenoa,assets/triangle-strategy/approved_voice_references/serenoa.wav,แต่โปรดรู้ไว้ว่าข้าต้องตัดสินใจ และจะมีทางเลือกเดียวเท่านั้น,,,PENDING_MANUAL_GENERATION,,triangle-strategy
730,MS17_H01_VOTE_START_M_SEL_0080.wav,MS17_H01_VOTE_START_M_SEL_0080,737,737,737,738,Serenoa,main,male,serenoa,assets/triangle-strategy/approved_voice_references/serenoa.wav,เราจะให้ตาชั่งตัดสิน วอนพวกท่านช่วยทำใจให้ได้ด้วย,,,PENDING_MANUAL_GENERATION,,triangle-strategy
731,MS17_H01_WD_0010_N_NNN_0010.wav,MS17_H01_WD_0010_N_NNN_0010,738,738,738,739,Narrator,narrator,female,narrator,assets/triangle-strategy/approved_voice_references/narrator.wav,เกิดการค้นพบในสิ่งที่ไม่คาดคิดมาก่อนในเหมืองนอร์เซเลีย มันคือคริสตัลเกลือบริสุทธิ์,,,PENDING_MANUAL_GENERATION,,triangle-strategy
732,MS17_H01_WD_0010_N_NNN_0020.wav,MS17_H01_WD_0010_N_NNN_0020,739,739,739,740,Narrator,narrator,female,narrator,assets/triangle-strategy/approved_voice_references/narrator.wav,เมื่อพวกเขาครอบครองอำนาจในการเปลี่ยนแปลงประวัติศาสตร์นอร์เซเลีย ตระกูลวูล์ฟฟอร์ตจึงรวมพลที่ปราสาทไวท์โฮล์มเพื่อวางแผนต่อไป,,,PENDING_MANUAL_GENERATION,,triangle-strategy
733,MS17_H01_WD_0020_N_NNN_0010.wav,MS17_H01_WD_0020_N_NNN_0010,740,740,740,741,Narrator,narrator,female,narrator,assets/triangle-strategy/approved_voice_references/narrator.wav,ไฮแซนต์รู้เรื่องคริสตัลเกลือเป็นที่เรียบร้อย รัฐมนตรีเอกซ์เฮมแห่งเจ็ดผู้ศักดิ์สิทธิ์จึงไม่รอช้า รีบมุ่งทัพไปยังเหมืองนอร์เซเลียทันที,,,PENDING_MANUAL_GENERATION,,triangle-strategy
734,MS17_H01_WD_0020_N_NNN_0020.wav,MS17_H01_WD_0020_N_NNN_0020,741,741,741,742,Narrator,narrator,female,narrator,assets/triangle-strategy/approved_voice_references/narrator.wav,ในขณะที่กุสตาดอล์ฟกำลังรวมพลเตรียมพร้อมรบที่ประตูแฝด,,,PENDING_MANUAL_GENERATION,,triangle-strategy
735,MS17_H01_WD_0020_N_NNN_0030.wav,MS17_H01_WD_0020_N_NNN_0030,742,742,742,743,Narrator,narrator,female,narrator,assets/triangle-strategy/approved_voice_references/narrator.wav,ทุกสายตาจับจ้องไปที่เกลนบรู๊ค ที่ซึ่งการตัดสินใจของโรแลนด์และเซเรโนอาสามารถก่อให้เกิดมหาสงครามนอร์เซเลียอีกครั้ง,,,PENDING_MANUAL_GENERATION,,triangle-strategy
736,MS17_H01_WD_0020_N_NNN_0040.wav,MS17_H01_WD_0020_N_NNN_0040,743,743,743,744,Narrator,narrator,female,narrator,assets/triangle-strategy/approved_voice_references/narrator.wav,หลังจากพิจารณาอย่างดีแล้ว โรแลนด์จึงมุ่งหน้าสู้ปราสาทวูล์ฟฟอร์ตเพื่อแจ้งให้เซเรโนอาทราบถึงความหนักใจของเขา,,,PENDING_MANUAL_GENERATION,,triangle-strategy
737,MS17_H01_WD_0030_N_NNN_0010.wav,MS17_H01_WD_0030_N_NNN_0010,744,744,744,745,Narrator,narrator,female,narrator,assets/triangle-strategy/approved_voice_references/narrator.wav,"การประชุมแสนอึดอัด สร้างความร้าวฉานระหว่างโรแลนด์ , เฟรเดอริก้า และเบเนดิกต์...ภายใต้วิสัยทัศน์ของพวกเขา",,,PENDING_MANUAL_GENERATION,,triangle-strategy
738,MS17_H01_WD_0030_N_NNN_0020.wav,MS17_H01_WD_0030_N_NNN_0020,745,745,745,746,Narrator,narrator,female,narrator,assets/triangle-strategy/approved_voice_references/narrator.wav,ท้ายที่สุด...ทางออกนั้นมีเพียงหนึ่งเดียวตามธรรมเนียมแห่งวูล์ฟฟอร์ต คำตัดสินแห่งตาชั่งนั้นถือเป็นคำขาด,,,PENDING_MANUAL_GENERATION,,triangle-strategy
739,MS17_H01_WD_0030_N_NNN_0030.wav,MS17_H01_WD_0030_N_NNN_0030,746,746,746,747,Narrator,narrator,female,narrator,assets/triangle-strategy/approved_voice_references/narrator.wav,ช่วงเวลาตัดสินมาถึงแล้ว เหล่าผู้นำวิสัยทัศน์ทั้งหลายจึงเตรียมพร้อมรับมือในคำตัดสิน,,,PENDING_MANUAL_GENERATION,,triangle-strategy
740,MS17_H01_WD_0040_N_NNN_0010.wav,MS17_H01_WD_0040_N_NNN_0010,747,747,747,748,Narrator,narrator,female,narrator,assets/triangle-strategy/approved_voice_references/narrator.wav,เซเรโนอาพบจุดประสงค์แท้จริงของตาชั่ง,,,PENDING_MANUAL_GENERATION,,triangle-strategy
741,MS17_H01_WD_0040_N_NNN_0020.wav,MS17_H01_WD_0040_N_NNN_0020,748,748,748,749,Narrator,narrator,female,narrator,assets/triangle-strategy/approved_voice_references/narrator.wav,เขาจึงตัดสินใจสานต่อจากลอร์ดซีมอนผู้ล่วงลับและดราแกนผู้จากไปก่อนวัยอันควร เขาได้เสนอแผนการเพื่อเป็นใบเบิกทางแก่อนาคตนอร์เซเลียต่อมิตรสหายของเขา,,,PENDING_MANUAL_GENERATION,,triangle-strategy
742,MS17B_X35_A0_0010_F_FRE_0010.wav,MS17B_X35_A0_0010_F_FRE_0010,0,0,0,1,Frederica,main,female,frederica,assets/triangle-strategy/approved_voice_references/frederica.wav,น่าจะเพราะตราราชวงศ์แน่ๆ ที่ทำให้พวกเขาไม่แตกตื่น มันคือหลักฐานแห่งความเชื่อมั่นของฝ่าบาทเร็กน่า ที่มอบบัลลังก์ให้แก่เซเรโนอา,,,PENDING_MANUAL_GENERATION,,triangle-strategy
743,MS17B_X35_A0_0010_F_HEW_0010.wav,MS17B_X35_A0_0010_F_HEW_0010,1,1,1,2,Hughette,main,female,hughette,assets/triangle-strategy/approved_voice_references/hughette.wav,ข้าอธิบายไปแล้วว่าฝ่าบาทโรแลนด์จงใจสละบัลลังก์ทันทีที่รู้ความจริง,,,PENDING_MANUAL_GENERATION,,triangle-strategy
744,MS17B_X35_A0_0010_M_BND_0010.wav,MS17B_X35_A0_0010_M_BND_0010,2,2,2,3,Benedict,main,male,benedict,assets/triangle-strategy/approved_voice_references/benedict.wav,แม้พวกเขาจะไม่เห็นด้วย แต่สุดท้ายก็คงทำอะไรไม่ได้อยู่ดี,,,PENDING_MANUAL_GENERATION,,triangle-strategy
745,MS17B_X35_A0_0010_M_BND_0020.wav,MS17B_X35_A0_0010_M_BND_0020,3,3,3,4,Benedict,main,male,benedict,assets/triangle-strategy/approved_voice_references/benedict.wav,เพราะตระกูลวูล์ฟฟอร์ตแข็งแกร่งและประสบความสำเร็จ เกินกว่าที่ใครจะกล้าขัดขืน,,,PENDING_MANUAL_GENERATION,,triangle-strategy
746,MS17B_X35_A0_0010_M_BND_0030.wav,MS17B_X35_A0_0010_M_BND_0030,4,4,4,5,Benedict,main,male,benedict,assets/triangle-strategy/approved_voice_references/benedict.wav,จึงเหลือเพียงองค์หญิงคอร์เดเลียที่สามารถชิงบัลลังก์จากเขา ซึ่งเราได้ควบคุมนางไปแล้วเช่นกัน,,,PENDING_MANUAL_GENERATION,,triangle-strategy
747,MS17B_X35_A0_0010_M_BND_0040.wav,MS17B_X35_A0_0010_M_BND_0040,5,5,5,6,Benedict,main,male,benedict,assets/triangle-strategy/approved_voice_references/benedict.wav,ถูกต้องขอรับ,,,PENDING_MANUAL_GENERATION,,triangle-strategy
748,MS17B_X35_A0_0010_M_BND_0050.wav,MS17B_X35_A0_0010_M_BND_0050,6,6,6,7,Benedict,main,male,benedict,assets/triangle-strategy/approved_voice_references/benedict.wav,รับทราบขอรับ ข้าจะเตรียมแผนการจู่โจมไฮแซนต์ด้วยเช่นกัน,,,PENDING_MANUAL_GENERATION,,triangle-strategy
749,MS17B_X35_A0_0010_M_BND_0060.wav,MS17B_X35_A0_0010_M_BND_0060,7,7,7,8,Benedict,main,male,benedict,assets/triangle-strategy/approved_voice_references/benedict.wav,ตามบัญชาขอรับ,,,PENDING_MANUAL_GENERATION,,triangle-strategy
750,MS17B_X35_A0_0010_M_ELA_0010.wav,MS17B_X35_A0_0010_M_ELA_0010,8,8,8,9,Erador,main,male,erador,assets/triangle-strategy/approved_voice_references/erador.wav,นายท่าน เหล่าขุนนางมีท่าทีเช่นไรบ้างขอรับ?,,,PENDING_MANUAL_GENERATION,,triangle-strategy
751,MS17B_X35_A0_0010_M_ELA_0020.wav,MS17B_X35_A0_0010_M_ELA_0020,9,9,9,10,Erador,main,male,erador,assets/triangle-strategy/approved_voice_references/erador.wav,ยังไงก็เถอะ ไม่อยากจะเชื่อเลยนะว่าท่านลอร์ดของเรา เป็นกษัตริย์แห่งเกลนบรู๊คโดยแท้!,,,PENDING_MANUAL_GENERATION,,triangle-strategy
752,MS17B_X35_A0_0010_M_ELA_0030.wav,MS17B_X35_A0_0010_M_ELA_0030,10,10,10,11,Erador,main,male,erador,assets/triangle-strategy/approved_voice_references/erador.wav,ตัดสินใจแน่วแน่มากขอรับฝ่าบาท พวกเราจะขอยืนเคียงข้างท่าน...เช่นเดียวกับที่ผ่านมาเสมอ,,,PENDING_MANUAL_GENERATION,,triangle-strategy
753,MS17B_X35_A0_0010_M_SEL_0010.wav,MS17B_X35_A0_0010_M_SEL_0010,11,11,11,12,Serenoa,main,male,serenoa,assets/triangle-strategy/approved_voice_references/serenoa.wav,พวกเขาตกใจที่โรแลนด์หายตัวไป รวมถึงเรื่องเชื้อสายและการครองบัลลังก์ของข้าด้วย...,,,PENDING_MANUAL_GENERATION,,triangle-strategy
754,MS17B_X35_A0_0010_M_SEL_0020.wav,MS17B_X35_A0_0010_M_SEL_0020,12,12,12,13,Serenoa,main,male,serenoa,assets/triangle-strategy/approved_voice_references/serenoa.wav,แต่ผู้ต่อต้านและความวุ่นวายกลับมีน้อยกว่าที่คิดเสียอีก,,,PENDING_MANUAL_GENERATION,,triangle-strategy
755,MS17B_X35_A0_0010_M_SEL_0030.wav,MS17B_X35_A0_0010_M_SEL_0030,13,13,13,14,Serenoa,main,male,serenoa,assets/triangle-strategy/approved_voice_references/serenoa.wav,ไม่ว่าจะเป็นเช่นไร แต่ประชาชนควรต้องคิดเช่นนั้น... เพราะข้าจะไม่ได้รับการสนับสนุน หากพวกเขาคิดว่าข้าแย่งชิงบัลลังก์มา,,,PENDING_MANUAL_GENERATION,,triangle-strategy
756,MS17B_X35_A0_0010_M_SEL_0040.wav,MS17B_X35_A0_0010_M_SEL_0040,14,14,14,15,Serenoa,main,male,serenoa,assets/triangle-strategy/approved_voice_references/serenoa.wav,ข้าไม่เคยอยากครองบัลลังก์ด้วยซ้ำ,,,PENDING_MANUAL_GENERATION,,triangle-strategy
757,MS17B_X35_A0_0010_M_SEL_0050.wav,MS17B_X35_A0_0010_M_SEL_0050,15,15,15,16,Serenoa,main,male,serenoa,assets/triangle-strategy/approved_voice_references/serenoa.wav,แต่เราเลือกที่จะร่วมมือกับเอสฟรอสต์และผลักไสโรแลนด์ออกไปเอง,,,PENDING_MANUAL_GENERATION,,triangle-strategy
758,MS17B_X35_A0_0010_M_SEL_0060.wav,MS17B_X35_A0_0010_M_SEL_0060,16,16,16,17,Serenoa,main,male,serenoa,assets/triangle-strategy/approved_voice_references/serenoa.wav,ข้าคงปัดความรับผิดชอบไม่ได้แล้วสินะ,,,PENDING_MANUAL_GENERATION,,triangle-strategy
759,MS17B_X35_A0_0010_M_SEL_0070.wav,MS17B_X35_A0_0010_M_SEL_0070,17,17,17,18,Serenoa,main,male,serenoa,assets/triangle-strategy/approved_voice_references/serenoa.wav,ข้าจะครองบัลลังก์กษัตริย์ รับใช้ทั้งเกลนบรู๊คและวูล์ฟฟอร์ต,,,PENDING_MANUAL_GENERATION,,triangle-strategy
760,MS17B_X35_A0_0010_M_SEL_0080.wav,MS17B_X35_A0_0010_M_SEL_0080,18,18,18,19,Serenoa,main,male,serenoa,assets/triangle-strategy/approved_voice_references/serenoa.wav,ขอบคุณนะ,,,PENDING_MANUAL_GENERATION,,triangle-strategy
761,MS17B_X35_A0_0010_M_SEL_0090.wav,MS17B_X35_A0_0010_M_SEL_0090,19,19,19,20,Serenoa,main,male,serenoa,assets/triangle-strategy/approved_voice_references/serenoa.wav,...เบเนดิกต์ จงเตรียมพร้อมกับการครองราชย์ของข้า พร้อมเข้าเจรจากับเอสฟรอสต์เสียเถิด,,,PENDING_MANUAL_GENERATION,,triangle-strategy
762,MS17B_X35_A0_0010_M_SEL_0100.wav,MS17B_X35_A0_0010_M_SEL_0100,20,20,20,21,Serenoa,main,male,serenoa,assets/triangle-strategy/approved_voice_references/serenoa.wav,เราจะแพ้ศึกครั้งนี้ไม่ได้ จงทำในสิ่งที่จำเป็นเถิด,,,PENDING_MANUAL_GENERATION,,triangle-strategy
763,MS17B_X35_A1_0010_F_CRD_0010.wav,MS17B_X35_A1_0010_F_CRD_0010,21,21,21,22,Cordelia,npc,female,cordelia,assets/triangle-strategy/approved_voice_references/cordelia.wav,โรแลนด์...,,,PENDING_MANUAL_GENERATION,,triangle-strategy
764,MS17B_X35_A1_0010_F_CRD_0020.wav,MS17B_X35_A1_0010_F_CRD_0020,22,22,22,23,Cordelia,npc,female,cordelia,assets/triangle-strategy/approved_voice_references/cordelia.wav,ไม่ต้องขอโทษข้าหรอก ข้าเข้าใจความรู้สึกของท่านพี่ดีเจ้าค่ะ...,,,PENDING_MANUAL_GENERATION,,triangle-strategy
765,MS17B_X35_A1_0010_F_CRD_0030.wav,MS17B_X35_A1_0010_F_CRD_0030,23,23,23,24,Cordelia,npc,female,cordelia,assets/triangle-strategy/approved_voice_references/cordelia.wav,เพราะข้าเป็นน้องท่านนี่นะ,,,PENDING_MANUAL_GENERATION,,triangle-strategy
766,MS17B_X35_A1_0010_F_HEW_0010.wav,MS17B_X35_A1_0010_F_HEW_0010,24,24,24,25,Hughette,main,female,hughette,assets/triangle-strategy/approved_voice_references/hughette.wav,ฝ่าบาทเจ้าคะ!,,,PENDING_MANUAL_GENERATION,,triangle-strategy
767,MS17B_X35_A1_0010_F_HEW_0020.wav,MS17B_X35_A1_0010_F_HEW_0020,25,25,25,26,Hughette,main,female,hughette,assets/triangle-strategy/approved_voice_references/hughette.wav,ไม่ได้หรอกเจ้าค่ะ ท่านลืมไปแล้วหรือไง...ว่าข้าสาบานจะรับใช้ท่านเพียงผู้เดียว,,,PENDING_MANUAL_GENERATION,,triangle-strategy
768,MS17B_X35_A1_0010_F_HEW_0030.wav,MS17B_X35_A1_0010_F_HEW_0030,26,26,26,27,Hughette,main,female,hughette,assets/triangle-strategy/approved_voice_references/hughette.wav,ฝ่าบาท...,,,PENDING_MANUAL_GENERATION,,triangle-strategy
769,MS17B_X35_A1_0010_F_HEW_0040.wav,MS17B_X35_A1_0010_F_HEW_0040,27,27,27,28,Hughette,main,female,hughette,assets/triangle-strategy/approved_voice_references/hughette.wav,ท่านพูดออกมาได้ไงเนี่ย? ข้าไม่คิดเลยว่าเราต้องจากกันเช่นนี้...,,,PENDING_MANUAL_GENERATION,,triangle-strategy
770,MS17B_X35_A1_0010_F_HEW_0050.wav,MS17B_X35_A1_0010_F_HEW_0050,28,28,28,29,Hughette,main,female,hughette,assets/triangle-strategy/approved_voice_references/hughette.wav,เพราะว่าท่านไม่เชื่อใจกุสตาดอล์ฟเหรอเจ้าคะ?,,,PENDING_MANUAL_GENERATION,,triangle-strategy
771,MS17B_X35_A1_0010_F_HEW_0060.wav,MS17B_X35_A1_0010_F_HEW_0060,29,29,29,30,Hughette,main,female,hughette,assets/triangle-strategy/approved_voice_references/hughette.wav,หากเราร่วมมือกับเอสฟรอสต์ล่ะก็ สักวันหนึ่งเกลนบรู๊คก็คงจะ...,,,PENDING_MANUAL_GENERATION,,triangle-strategy
772,MS17B_X35_A1_0010_F_HEW_0070.wav,MS17B_X35_A1_0010_F_HEW_0070,30,30,30,31,Hughette,main,female,hughette,assets/triangle-strategy/approved_voice_references/hughette.wav,ลอร์ดเซเรโนอาคงไม่ต้องการโลกเช่นนั้นเหมือนกันเจ้าค่ะ...,,,PENDING_MANUAL_GENERATION,,triangle-strategy
773,MS17B_X35_A1_0010_F_HEW_0080.wav,MS17B_X35_A1_0010_F_HEW_0080,31,31,31,32,Hughette,main,female,hughette,assets/triangle-strategy/approved_voice_references/hughette.wav,ข้าเข้าใจแล้ว ท่านอยากให้ข้าอยู่ดูแลตระกูลวูล์ฟฟอร์ตสินะเจ้าคะ,,,PENDING_MANUAL_GENERATION,,triangle-strategy
774,MS17B_X35_A1_0010_F_HEW_0090.wav,MS17B_X35_A1_0010_F_HEW_0090,32,32,32,33,Hughette,main,female,hughette,assets/triangle-strategy/approved_voice_references/hughette.wav,ข้ารับปากเจ้าค่ะ,,,PENDING_MANUAL_GENERATION,,triangle-strategy
775,MS17B_X35_A1_0010_F_HEW_0100.wav,MS17B_X35_A1_0010_F_HEW_0100,33,33,33,34,Hughette,main,female,hughette,assets/triangle-strategy/approved_voice_references/hughette.wav,สบายหายห่วงได้เลย ฝ่าบาท,,,PENDING_MANUAL_GENERATION,,triangle-strategy
776,MS17B_X35_A1_0010_M_RLN_0010.wav,MS17B_X35_A1_0010_M_RLN_0010,34,34,34,35,Roland,main,male,roland,assets/triangle-strategy/approved_voice_references/roland.wav,ปล่อยข้าไปเถอะ ฮิวเอทท์,,,PENDING_MANUAL_GENERATION,,triangle-strategy
777,MS17B_X35_A1_0010_M_RLN_0020.wav,MS17B_X35_A1_0010_M_RLN_0020,35,35,35,36,Roland,main,male,roland,assets/triangle-strategy/approved_voice_references/roland.wav,...เช่นนั้นก็ช่วยทำตามคำสั่งของข้าด้วย จงรับใช้เซเรโนอา ดั่งที่เคยรับใช้ข้า,,,PENDING_MANUAL_GENERATION,,triangle-strategy
778,MS17B_X35_A1_0010_M_RLN_0030.wav,MS17B_X35_A1_0010_M_RLN_0030,36,36,36,37,Roland,main,male,roland,assets/triangle-strategy/approved_voice_references/roland.wav,ข้าคือผู้เดียว ที่จำเป็นต้องเดินบนเส้นทางนี้,,,PENDING_MANUAL_GENERATION,,triangle-strategy
779,MS17B_X35_A1_0010_M_RLN_0040.wav,MS17B_X35_A1_0010_M_RLN_0040,37,37,37,38,Roland,main,male,roland,assets/triangle-strategy/approved_voice_references/roland.wav,เช็ดน้ำตาเสียเถิด ฮิวเอทท์... ทหารองครักษ์ผู้ภาคภูมิไม่ควรจะร้องไห้เช่นนี้หรอกนะ,,,PENDING_MANUAL_GENERATION,,triangle-strategy
780,MS17B_X35_A1_0010_M_RLN_0050.wav,MS17B_X35_A1_0010_M_RLN_0050,38,38,38,39,Roland,main,male,roland,assets/triangle-strategy/approved_voice_references/roland.wav,ข้าขออภัยด้วย แต่มีสิ่งหนึ่งที่ข้าอยากจะพูดกับเจ้าแทนคำขอโทษ,,,PENDING_MANUAL_GENERATION,,triangle-strategy
781,MS17B_X35_A1_0010_M_RLN_0060.wav,MS17B_X35_A1_0010_M_RLN_0060,39,39,39,40,Roland,main,male,roland,assets/triangle-strategy/approved_voice_references/roland.wav,คือว่าข้าไม่เห็นด้วยกับเซเรโนอา และเกลียดชังเอสฟรอสต์เข้าไส้จริงๆ,,,PENDING_MANUAL_GENERATION,,triangle-strategy
782,MS17B_X35_A1_0010_M_RLN_0070.wav,MS17B_X35_A1_0010_M_RLN_0070,40,40,40,41,Roland,main,male,roland,assets/triangle-strategy/approved_voice_references/roland.wav,และข้าจะเดินบนเส้นทางนี้ หอบความรู้สึกเหล่านี้ไปกับข้า... อาจจะตลอดไปก็ได้,,,PENDING_MANUAL_GENERATION,,triangle-strategy
783,MS17B_X35_A1_0010_M_RLN_0080.wav,MS17B_X35_A1_0010_M_RLN_0080,41,41,41,42,Roland,main,male,roland,assets/triangle-strategy/approved_voice_references/roland.wav,แต่การที่ข้าไม่อยากร่วมมือกับเอสฟรอสต์ มันไม่ใช่เพราะความแค้นส่วนตัวอย่างเดียวหรอก,,,PENDING_MANUAL_GENERATION,,triangle-strategy
784,MS17B_X35_A1_0010_M_RLN_0090.wav,MS17B_X35_A1_0010_M_RLN_0090,42,42,42,43,Roland,main,male,roland,assets/triangle-strategy/approved_voice_references/roland.wav,"""เสรีภาพ"" ของเขานั่นแหละที่เชื่อถือไม่ได้",,,PENDING_MANUAL_GENERATION,,triangle-strategy
785,MS17B_X35_A1_0010_M_RLN_0100.wav,MS17B_X35_A1_0010_M_RLN_0100,43,43,43,44,Roland,main,male,roland,assets/triangle-strategy/approved_voice_references/roland.wav,ในโลกแห่งมักใหญ่ใฝ่สูง ทุกคนจะไม่มีวันหยุดแย่งชิงอำนาจ,,,PENDING_MANUAL_GENERATION,,triangle-strategy
786,MS17B_X35_A1_0010_M_RLN_0110.wav,MS17B_X35_A1_0010_M_RLN_0110,44,44,44,45,Roland,main,male,roland,assets/triangle-strategy/approved_voice_references/roland.wav,ผู้แข็งแกร่งจะพบกับความเจริญ ส่วนผู้อ่อนแอจะดิ้นรนหาทางรอดต่อไป,,,PENDING_MANUAL_GENERATION,,triangle-strategy
787,MS17B_X35_A1_0010_M_RLN_0120.wav,MS17B_X35_A1_0010_M_RLN_0120,45,45,45,46,Roland,main,male,roland,assets/triangle-strategy/approved_voice_references/roland.wav,"ใช่แล้วล่ะ อุดมการณ์ ""เสรีภาพ"" ของเขาจะเป็นเส้นแบ่งระหว่าง ผู้แข็งแกร่งและอ่อนแออย่างชัดเจน",,,PENDING_MANUAL_GENERATION,,triangle-strategy
788,MS17B_X35_A1_0010_M_RLN_0130.wav,MS17B_X35_A1_0010_M_RLN_0130,46,46,46,47,Roland,main,male,roland,assets/triangle-strategy/approved_voice_references/roland.wav,เด็กทั้งหลายก็จะเติบโตมาพร้อมกับความทุกข์ยากและการสูญเสีย เช่นเดียวกับเด็กสองคนนั้นในนครหลวง...,,,PENDING_MANUAL_GENERATION,,triangle-strategy
789,MS17B_X35_A1_0010_M_RLN_0140.wav,MS17B_X35_A1_0010_M_RLN_0140,47,47,47,48,Roland,main,male,roland,assets/triangle-strategy/approved_voice_references/roland.wav,ข้ารับไม่ได้หรอก,,,PENDING_MANUAL_GENERATION,,triangle-strategy
790,MS17B_X35_A1_0010_M_RLN_0150.wav,MS17B_X35_A1_0010_M_RLN_0150,48,48,48,49,Roland,main,male,roland,assets/triangle-strategy/approved_voice_references/roland.wav,ข้าก็ไม่ต้องการเหมือนกัน แต่เบเนดิกต์จะทุ่มสุดตัวเพื่อโค่นไฮแซนต์ให้ได้เลยน่ะสิ,,,PENDING_MANUAL_GENERATION,,triangle-strategy
791,MS17B_X35_A1_0010_M_RLN_0160.wav,MS17B_X35_A1_0010_M_RLN_0160,49,49,49,50,Roland,main,male,roland,assets/triangle-strategy/approved_voice_references/roland.wav,เมื่อเขาร่วมทัพกับกุสตาดอล์ฟแล้วนั้น... ใครจะบอกได้ล่ะ ว่าอนาคตจะเป็นเช่นไรต่อไป,,,PENDING_MANUAL_GENERATION,,triangle-strategy
792,MS17B_X35_A1_0010_M_RLN_0170.wav,MS17B_X35_A1_0010_M_RLN_0170,50,50,50,51,Roland,main,male,roland,assets/triangle-strategy/approved_voice_references/roland.wav,อืม ฝากดูแลเซเรโนอาแทนข้าด้วย,,,PENDING_MANUAL_GENERATION,,triangle-strategy
793,MS17B_X35_A1_0010_M_RLN_0180.wav,MS17B_X35_A1_0010_M_RLN_0180,51,51,51,52,Roland,main,male,roland,assets/triangle-strategy/approved_voice_references/roland.wav,คอร์เดเลียก็เหมือนกันนะ,,,PENDING_MANUAL_GENERATION,,triangle-strategy
794,MS17B_X35_A1_0010_M_RLN_0190.wav,MS17B_X35_A1_0010_M_RLN_0190,52,52,52,53,Roland,main,male,roland,assets/triangle-strategy/approved_voice_references/roland.wav,เจ้าเป็นอัศวินผู้ซื้อสัตย์อย่างแท้จริง ฮิวเอทท์... ข้าขอบคุณเจ้ามากๆ เลยนะ,,,PENDING_MANUAL_GENERATION,,triangle-strategy
795,MS17B_X35_A1_0010_M_RLN_0200.wav,MS17B_X35_A1_0010_M_RLN_0200,53,53,53,54,Roland,main,male,roland,assets/triangle-strategy/approved_voice_references/roland.wav,คอร์เดเลีย...!,,,PENDING_MANUAL_GENERATION,,triangle-strategy
796,MS17B_X35_A1_0010_M_RLN_0210.wav,MS17B_X35_A1_0010_M_RLN_0210,54,54,54,55,Roland,main,male,roland,assets/triangle-strategy/approved_voice_references/roland.wav,พี่ขอโทษ คือว่า...,,,PENDING_MANUAL_GENERATION,,triangle-strategy
797,MS17B_X35_A1_0010_M_RLN_0220.wav,MS17B_X35_A1_0010_M_RLN_0220,55,55,55,56,Roland,main,male,roland,assets/triangle-strategy/approved_voice_references/roland.wav,...ขอบใจนะ คอร์เดเลีย,,,PENDING_MANUAL_GENERATION,,triangle-strategy
798,MS17B_X35_A1_0010_M_RLN_0230.wav,MS17B_X35_A1_0010_M_RLN_0230,56,56,56,57,Roland,main,male,roland,assets/triangle-strategy/approved_voice_references/roland.wav,ดูแลตัวเองด้วย,,,PENDING_MANUAL_GENERATION,,triangle-strategy
799,MS17B_X35_A1_1010_F_FRE_0010.wav,MS17B_X35_A1_1010_F_FRE_0010,57,57,57,58,Frederica,main,female,frederica,assets/triangle-strategy/approved_voice_references/frederica.wav,ไม่ว่าเจ้าจะมีเชื้อสายของใคร แต่เจ้ายังคงเป็นเจ้าเช่นเดิมนะ,,,PENDING_MANUAL_GENERATION,,triangle-strategy
800,MS17B_X35_A1_1010_F_FRE_0020.wav,MS17B_X35_A1_1010_F_FRE_0020,58,58,58,59,Frederica,main,female,frederica,assets/triangle-strategy/approved_voice_references/frederica.wav,เหมือนจะเป็นเบเนดิกต์นะ,,,PENDING_MANUAL_GENERATION,,triangle-strategy
801,MS17B_X35_A1_1010_F_FRE_0030.wav,MS17B_X35_A1_1010_F_FRE_0030,59,59,59,60,Frederica,main,female,frederica,assets/triangle-strategy/approved_voice_references/frederica.wav,เบเนดิกต์เป็นห่วงท่านหญิงเดสตร้ามากเลยนะ...,,,PENDING_MANUAL_GENERATION,,triangle-strategy
802,MS17B_X35_A1_1010_M_BND_0010.wav,MS17B_X35_A1_1010_M_BND_0010,60,60,60,61,Benedict,main,male,benedict,assets/triangle-strategy/approved_voice_references/benedict.wav,ลอร์ดซีมอน ท่านหญิงเดสตร้า... วันนี้ข้าได้เปิดเผยตัวตนที่แท้จริงของลอร์ดเซเรโนอา และขับไล่องค์ชายโรแลนด์ออกจากเมืองแล้ว,,,PENDING_MANUAL_GENERATION,,triangle-strategy
803,MS17B_X35_A1_1010_M_BND_0020.wav,MS17B_X35_A1_1010_M_BND_0020,61,61,61,62,Benedict,main,male,benedict,assets/triangle-strategy/approved_voice_references/benedict.wav,อีกไม่นานลอร์ดเซเรโนอาจะได้ครองบัลลังก์เกลนบรู๊ค ซึ่งนี่เป็นเพียงขั้นแรกเท่านั้น,,,PENDING_MANUAL_GENERATION,,triangle-strategy
804,MS17B_X35_A1_1010_M_BND_0030.wav,MS17B_X35_A1_1010_M_BND_0030,62,62,62,63,Benedict,main,male,benedict,assets/triangle-strategy/approved_voice_references/benedict.wav,เราจะใช้คริสตัลเกลือเพื่อเจรจาร่วมมือกับเอสฟรอสต์ เพื่อปราบไฮแซนต์ด้วยกัน,,,PENDING_MANUAL_GENERATION,,triangle-strategy
805,MS17B_X35_A1_1010_M_BND_0040.wav,MS17B_X35_A1_1010_M_BND_0040,63,63,63,64,Benedict,main,male,benedict,assets/triangle-strategy/approved_voice_references/benedict.wav,ข้าจะทำให้ลอร์ดเซเรโนอา กลายเป็นผู้นำที่ชาวนอร์เซเลียทุกคนต้องยอมรับ,,,PENDING_MANUAL_GENERATION,,triangle-strategy
806,MS17B_X35_A1_1010_M_BND_0050.wav,MS17B_X35_A1_1010_M_BND_0050,64,64,64,65,Benedict,main,male,benedict,assets/triangle-strategy/approved_voice_references/benedict.wav,เขามีความแข็งแกร่งและบุคลิกที่เหมาะสมแก่การครองบัลลังก์ และข้าจะปูเส้นทางนั้นให้แก่เขาเอง,,,PENDING_MANUAL_GENERATION,,triangle-strategy
807,MS17B_X35_A1_1010_M_BND_0060.wav,MS17B_X35_A1_1010_M_BND_0060,65,65,65,66,Benedict,main,male,benedict,assets/triangle-strategy/approved_voice_references/benedict.wav,จริงๆ แล้วเขาไม่ได้ต้องการตำแหน่ง หรืออำนาจใดหรอก...,,,PENDING_MANUAL_GENERATION,,triangle-strategy
808,MS17B_X35_A1_1010_M_BND_0070.wav,MS17B_X35_A1_1010_M_BND_0070,66,66,66,67,Benedict,main,male,benedict,assets/triangle-strategy/approved_voice_references/benedict.wav,ไม่ว่าเขาจะโกรธเคืองข้าเพียงใด แต่ข้าจะส่งเขาไปให้ถึงฝั่งฝัน,,,PENDING_MANUAL_GENERATION,,triangle-strategy
809,MS17B_X35_A1_1010_M_BND_0080.wav,MS17B_X35_A1_1010_M_BND_0080,67,67,67,68,Benedict,main,male,benedict,assets/triangle-strategy/approved_voice_references/benedict.wav,เขาเป็นลูกของท่านขอร้บ ท่านหญิงเดสตร้า... และข้าจะไม่ยอมให้ใครมาบงการเขาได้อีก...,,,PENDING_MANUAL_GENERATION,,triangle-strategy
810,MS17B_X35_A1_1010_M_BND_0090.wav,MS17B_X35_A1_1010_M_BND_0090,68,68,68,69,Benedict,main,male,benedict,assets/triangle-strategy/approved_voice_references/benedict.wav,ลอร์ดซีมอน ท่านเป็นผู้นำที่เหมาะสมกับการอุทิศตนทั้งชีวิตของข้า,,,PENDING_MANUAL_GENERATION,,triangle-strategy
811,MS17B_X35_A1_1010_M_BND_0100.wav,MS17B_X35_A1_1010_M_BND_0100,69,69,69,70,Benedict,main,male,benedict,assets/triangle-strategy/approved_voice_references/benedict.wav,ท่านเองก็ไม่ต่างจากฝ่าบาทเร็กน่า ท่านสามารถครองบัลลังก์ได้ด้วยซ้ำ แต่ท่าน...,,,PENDING_MANUAL_GENERATION,,triangle-strategy
812,MS17B_X35_A1_1010_M_BND_0110.wav,MS17B_X35_A1_1010_M_BND_0110,70,70,70,71,Benedict,main,male,benedict,assets/triangle-strategy/approved_voice_references/benedict.wav,ท่านลดตัวลงมาเป็นผู้รับใช้ และต้อนรับท่านหญิงเดสตร้าเข้ามาอยู่ในการดูแล ตามคำขอของฝ่าบาท,,,PENDING_MANUAL_GENERATION,,triangle-strategy
813,MS17B_X35_A1_1010_M_BND_0120.wav,MS17B_X35_A1_1010_M_BND_0120,71,71,71,72,Benedict,main,male,benedict,assets/triangle-strategy/approved_voice_references/benedict.wav,ท่านทั้งสองปฏิบัติกับท่านหญิงเดสตร้าและลอร์ดเซเรโนอา ราวกับว่าพวกเขาเป็นเพียงหมากตัวหนึ่งเสียอย่างนั้น!,,,PENDING_MANUAL_GENERATION,,triangle-strategy
814,MS17B_X35_A1_1010_M_BND_0130.wav,MS17B_X35_A1_1010_M_BND_0130,72,72,72,73,Benedict,main,male,benedict,assets/triangle-strategy/approved_voice_references/benedict.wav,ข้าคงไม่อาจให้อภัยท่าน หรือฝ่าบาทเร็กน่า...,,,PENDING_MANUAL_GENERATION,,triangle-strategy
815,MS17B_X35_A1_1010_M_BND_0140.wav,MS17B_X35_A1_1010_M_BND_0140,73,73,73,74,Benedict,main,male,benedict,assets/triangle-strategy/approved_voice_references/benedict.wav,ท่านหญิงเดสตร้า... ที่ข้าช่วยท่านไม่ได้ในตอนนั้น...ข้ายังให้อภัยตัวเองไม่ได้เลย,,,PENDING_MANUAL_GENERATION,,triangle-strategy
816,MS17B_X35_A1_1010_M_BND_0150.wav,MS17B_X35_A1_1010_M_BND_0150,74,74,74,75,Benedict,main,male,benedict,assets/triangle-strategy/approved_voice_references/benedict.wav,ซึ่งนี่คือเหตุผลที่ข้าจะทำให้ลอร์ดเซเรโนอาเป็นผู้นำที่ยิ่งใหญ่กว่าพ่อ หรือฝ่าบาทเร็กน่านั่นเอง!,,,PENDING_MANUAL_GENERATION,,triangle-strategy
817,MS17B_X35_A1_1010_M_BND_0160.wav,MS17B_X35_A1_1010_M_BND_0160,75,75,75,76,Benedict,main,male,benedict,assets/triangle-strategy/approved_voice_references/benedict.wav,ข้าจะแก้แค้นให้ตัวเอง ที่ตอนนั้นข้าไร้อำนาจสิ้นดี...,,,PENDING_MANUAL_GENERATION,,triangle-strategy
818,MS17B_X35_A1_1010_M_BND_0170.wav,MS17B_X35_A1_1010_M_BND_0170,76,76,76,77,Benedict,main,male,benedict,assets/triangle-strategy/approved_voice_references/benedict.wav,ข้าจะไม่ลดละ ข้าจะอุทิศชีวิตเพื่อไถ่โทษในความไร้น้ำยาของตน,,,PENDING_MANUAL_GENERATION,,triangle-strategy
819,MS17B_X35_A1_1010_M_SEL_0010.wav,MS17B_X35_A1_1010_M_SEL_0010,77,77,77,78,Serenoa,main,male,serenoa,assets/triangle-strategy/approved_voice_references/serenoa.wav,...ข้าไม่น่ารู้เรื่องสายเลือดที่แท้จริงของตัวเองเลย,,,PENDING_MANUAL_GENERATION,,triangle-strategy
820,MS17B_X35_A1_1010_M_SEL_0020.wav,MS17B_X35_A1_1010_M_SEL_0020,78,78,78,79,Serenoa,main,male,serenoa,assets/triangle-strategy/approved_voice_references/serenoa.wav,เป็นลูกลอร์ดซีมอนกับท่านหญิงเดสตร้าก็ดีอยู่แล้วแท้ๆ...,,,PENDING_MANUAL_GENERATION,,triangle-strategy
821,MS17B_X35_A1_1010_M_SEL_0030.wav,MS17B_X35_A1_1010_M_SEL_0030,79,79,79,80,Serenoa,main,male,serenoa,assets/triangle-strategy/approved_voice_references/serenoa.wav,ขอบคุณนะเฟรเดอริก้า แต่ตอนนี้โรแลนด์ไม่อยู่กับเราแล้วน่ะสิ...,,,PENDING_MANUAL_GENERATION,,triangle-strategy
822,MS17B_X35_A1_1010_M_SEL_0040.wav,MS17B_X35_A1_1010_M_SEL_0040,80,80,80,81,Serenoa,main,male,serenoa,assets/triangle-strategy/approved_voice_references/serenoa.wav,มีคนมา,,,PENDING_MANUAL_GENERATION,,triangle-strategy
823,MS17B_X35_A1_1010_M_SEL_0050.wav,MS17B_X35_A1_1010_M_SEL_0050,81,81,81,82,Serenoa,main,male,serenoa,assets/triangle-strategy/approved_voice_references/serenoa.wav,...ข้ายังไม่อยากคุยกับเขา เราแอบกันก่อนดีกว่า,,,PENDING_MANUAL_GENERATION,,triangle-strategy
824,MS17B_X35_A1_1010_M_SEL_0060.wav,MS17B_X35_A1_1010_M_SEL_0060,82,82,82,83,Serenoa,main,male,serenoa,assets/triangle-strategy/approved_voice_references/serenoa.wav,ทำไมท่านต้องทำขนาดนี้ด้วยเนี่ย?,,,PENDING_MANUAL_GENERATION,,triangle-strategy
825,MS17B_X35_A1_1010_M_SEL_0070.wav,MS17B_X35_A1_1010_M_SEL_0070,83,83,83,84,Serenoa,main,male,serenoa,assets/triangle-strategy/approved_voice_references/serenoa.wav,เสียใจไปก็เปลี่ยนแปลงอดีตไม่ได้หรอก,,,PENDING_MANUAL_GENERATION,,triangle-strategy
826,MS17B_X35_A1_1010_M_SEL_0080.wav,MS17B_X35_A1_1010_M_SEL_0080,84,84,84,85,Serenoa,main,male,serenoa,assets/triangle-strategy/approved_voice_references/serenoa.wav,เราไม่มีทางเลือกนอกเสียจากเดินหน้าต่อไป,,,PENDING_MANUAL_GENERATION,,triangle-strategy
827,MS17B_X35_B0_0010_M_GST_0010.wav,MS17B_X35_B0_0010_M_GST_0010,85,85,85,86,กุสตาดอล์ฟ,npc,male,gustadolph,assets/triangle-strategy/approved_voice_references/gustadolph.wav,ไม่คิดเลยว่าเซเรโนอาจะได้เป็นกษัตริย์แห่งเกลนบรู๊ค,,,PENDING_MANUAL_GENERATION,,triangle-strategy
828,MS17B_X35_B0_0010_M_GST_0020.wav,MS17B_X35_B0_0010_M_GST_0020,86,86,86,87,กุสตาดอล์ฟ,npc,male,gustadolph,assets/triangle-strategy/approved_voice_references/gustadolph.wav,แล้วฝ่าบาทโรแลนด์จะเป็นเช่นไรกันล่ะ?,,,PENDING_MANUAL_GENERATION,,triangle-strategy
829,MS17B_X35_B0_0010_M_GST_0030.wav,MS17B_X35_B0_0010_M_GST_0030,87,87,87,88,กุสตาดอล์ฟ,npc,male,gustadolph,assets/triangle-strategy/approved_voice_references/gustadolph.wav,โรแลนด์ปิดบังตัวตน และดิ้นรนสู้อย่างหนักเพื่อกอบกู้อาณาจักรของตน,,,PENDING_MANUAL_GENERATION,,triangle-strategy
830,MS17B_X35_B0_0010_M_GST_0040.wav,MS17B_X35_B0_0010_M_GST_0040,88,88,88,89,กุสตาดอล์ฟ,npc,male,gustadolph,assets/triangle-strategy/approved_voice_references/gustadolph.wav,เขาคงไม่สละบัลลังก์ให้ใครง่ายๆหรอก แสดงว่าข่าวลือคงน่าเชื่อถือมากกว่ารายงาน,,,PENDING_MANUAL_GENERATION,,triangle-strategy
831,MS17B_X35_B0_0010_M_GST_0050.wav,MS17B_X35_B0_0010_M_GST_0050,89,89,89,90,กุสตาดอล์ฟ,npc,male,gustadolph,assets/triangle-strategy/approved_voice_references/gustadolph.wav,แต่เซเรโนอาก็ไม่ใช่คนที่จะใช้กำลัง เพื่อหลุดพ้นจากการเป็นทาส...,,,PENDING_MANUAL_GENERATION,,triangle-strategy
832,MS17B_X35_B0_0010_M_GST_0060.wav,MS17B_X35_B0_0010_M_GST_0060,90,90,90,91,กุสตาดอล์ฟ,npc,male,gustadolph,assets/triangle-strategy/approved_voice_references/gustadolph.wav,หากเหยี่ยวที่ถูกขังได้มีโอกาสแหกกรงสยายปีก มันจะน่าทึ่งเพียงใดกันนะ,,,PENDING_MANUAL_GENERATION,,triangle-strategy
833,MS17B_X35_B0_0010_M_GST_0070.wav,MS17B_X35_B0_0010_M_GST_0070,91,91,91,92,กุสตาดอล์ฟ,npc,male,gustadolph,assets/triangle-strategy/approved_voice_references/gustadolph.wav,ขณะนี้เกลนบรู๊คมันถือครองคริสตัลเกลืออยู่ เจรจาไปก็ไม่ส่งผลดีกับเราหรอก,,,PENDING_MANUAL_GENERATION,,triangle-strategy
834,MS17B_X35_B0_0010_M_GST_0080.wav,MS17B_X35_B0_0010_M_GST_0080,92,92,92,93,กุสตาดอล์ฟ,npc,male,gustadolph,assets/triangle-strategy/approved_voice_references/gustadolph.wav,นกที่แหกกรง มันต้องถูกยิงให้ร่วง,,,PENDING_MANUAL_GENERATION,,triangle-strategy
835,MS17B_X35_B0_0010_M_GST_0090.wav,MS17B_X35_B0_0010_M_GST_0090,93,93,93,94,กุสตาดอล์ฟ,npc,male,gustadolph,assets/triangle-strategy/approved_voice_references/gustadolph.wav,ไม่ว่ามันจะตายหรือกลับเข้ากรง ก็เรื่องของมัน,,,PENDING_MANUAL_GENERATION,,triangle-strategy
836,MS17B_X35_B0_0010_M_SEC_0010.wav,MS17B_X35_B0_0010_M_SEC_0010,94,94,94,95,ซิคราส,npc,male,sycras,assets/triangle-strategy/approved_voice_references/sycras.wav,มีรายงานว่าเขาเดินทางจากนครหลวง เพื่อออกไปใช้ชีวิตอย่างสันโดษขอรับ,,,PENDING_MANUAL_GENERATION,,triangle-strategy
837,MS17B_X35_B0_0010_M_SEC_0020.wav,MS17B_X35_B0_0010_M_SEC_0020,95,95,95,96,ซิคราส,npc,male,sycras,assets/triangle-strategy/approved_voice_references/sycras.wav,แต่ลือกันว่าเขาหนีออกมา หลังพ่ายแพ้ให้กับลอร์ดเซเรโนอาในการท้าสู้...,,,PENDING_MANUAL_GENERATION,,triangle-strategy
838,MS17B_X35_B0_0010_M_SEC_0030.wav,MS17B_X35_B0_0010_M_SEC_0030,96,96,96,97,ซิคราส,npc,male,sycras,assets/triangle-strategy/approved_voice_references/sycras.wav,แสดงว่าตระกูลวูล์ฟฟอร์ต แย่งชิงบัลลังก์ไปสินะขอรับ,,,PENDING_MANUAL_GENERATION,,triangle-strategy
839,MS17B_X35_B0_0010_M_SEC_0040.wav,MS17B_X35_B0_0010_M_SEC_0040,97,97,97,98,ซิคราส,npc,male,sycras,assets/triangle-strategy/approved_voice_references/sycras.wav,เมื่อไม่มีองค์ชายโรแลนด์ ข้าคิดว่าเรายังพอมีโอกาสรักษาสัมพันธ์กับเกลนบรู๊คได้อยู่ขอรับ...,,,PENDING_MANUAL_GENERATION,,triangle-strategy
840,MS17B_X35_B0_0010_M_SEC_0050.wav,MS17B_X35_B0_0010_M_SEC_0050,98,98,98,99,ซิคราส,npc,male,sycras,assets/triangle-strategy/approved_voice_references/sycras.wav,อาจต้องขอให้ท่านหญิงเฟรเดอริก้าช่วยเจรจาสักหน่อย...,,,PENDING_MANUAL_GENERATION,,triangle-strategy
841,MS17B_X35_C0_0010_F_LYL_0005.wav,MS17B_X35_C0_0010_F_LYL_0005,99,99,99,100,Lyla,npc,female,lyla,assets/triangle-strategy/approved_voice_references/lyla.wav,ฝ่าบาทโรแลนด์ได้ยกบัลลังก์ให้แก่รัฐมนตรีเซเรโนอา เกรงว่าพวกเขาจะเป็นพี่น้องต่างบิดา,,,PENDING_MANUAL_GENERATION,,triangle-strategy
842,MS17B_X35_C0_0010_F_LYL_0010.wav,MS17B_X35_C0_0010_F_LYL_0010,100,100,100,101,Lyla,npc,female,lyla,assets/triangle-strategy/approved_voice_references/lyla.wav,เปล่าเลย,,,PENDING_MANUAL_GENERATION,,triangle-strategy
843,MS17B_X35_C0_0010_F_LYL_0020.wav,MS17B_X35_C0_0010_F_LYL_0020,101,101,101,102,Lyla,npc,female,lyla,assets/triangle-strategy/approved_voice_references/lyla.wav,เดิมทีพวกเราจะใช้รัฐมนตรีเซเรโนอาเพื่อกดดันฝ่าบาทโรแลนด์ ให้ยกอำนาจควบคุมเหมืองนอร์เซเลียแก่เขา...,,,PENDING_MANUAL_GENERATION,,triangle-strategy
844,MS17B_X35_C0_0010_F_LYL_0030.wav,MS17B_X35_C0_0010_F_LYL_0030,102,102,102,103,Lyla,npc,female,lyla,assets/triangle-strategy/approved_voice_references/lyla.wav,แต่บัดนี้พวกเขามีทั้งคริสตัลเกลือและอาณาจักรในครอบครอง,,,PENDING_MANUAL_GENERATION,,triangle-strategy
845,MS17B_X35_C0_0010_F_LYL_0040.wav,MS17B_X35_C0_0010_F_LYL_0040,103,103,103,104,Lyla,npc,female,lyla,assets/triangle-strategy/approved_voice_references/lyla.wav,พวกเราหมดโอกาสแล้วต่างหาก,,,PENDING_MANUAL_GENERATION,,triangle-strategy
846,MS17B_X35_C0_0010_F_LYL_0050.wav,MS17B_X35_C0_0010_F_LYL_0050,104,104,104,105,Lyla,npc,female,lyla,assets/triangle-strategy/approved_voice_references/lyla.wav,เดี๋ยวข้าจะให้สายลับในเกลนบรู๊คของเรา ไปสืบค้นเป้าหมายแท้จริงของวูล์ฟฟอร์ตให้จงได้เจ้าค่ะ,,,PENDING_MANUAL_GENERATION,,triangle-strategy
847,MS17B_X35_C0_0010_M_ENG_0010.wav,MS17B_X35_C0_0010_M_ENG_0010,106,106,106,107,เทเนบริส,npc,male,tenebris,assets/triangle-strategy/approved_voice_references/tenebris.wav,...พวกท่านมาอยู่ที่นี่กันหมด เหตุใดจึงต้องประชุมเร่งด่วนเช่นนี้เหรอ?,,,PENDING_MANUAL_GENERATION,,triangle-strategy
848,MS17B_X35_C0_0010_M_ENG_0020.wav,MS17B_X35_C0_0010_M_ENG_0020,107,107,107,108,เทเนบริส,npc,male,tenebris,assets/triangle-strategy/approved_voice_references/tenebris.wav,อะ-อ๊ะ... ขออภัยด้วยขอรับ...!,,,PENDING_MANUAL_GENERATION,,triangle-strategy
849,MS17B_X35_C0_0010_M_ENG_0030.wav,MS17B_X35_C0_0010_M_ENG_0030,108,108,108,109,เทเนบริส,npc,male,tenebris,assets/triangle-strategy/approved_voice_references/tenebris.wav,ว่าไงนะท่าน!?,,,PENDING_MANUAL_GENERATION,,triangle-strategy
850,MS17B_X35_C0_0010_M_ENG_0040.wav,MS17B_X35_C0_0010_M_ENG_0040,109,109,109,110,เทเนบริส,npc,male,tenebris,assets/triangle-strategy/approved_voice_references/tenebris.wav,ทีแรกนึกว่าข้าจะถูกพิจารณาคดีเสียอีก...,,,PENDING_MANUAL_GENERATION,,triangle-strategy
851,MS17B_X35_C0_0010_M_ENG_0050.wav,MS17B_X35_C0_0010_M_ENG_0050,110,110,110,111,เทเนบริส,npc,male,tenebris,assets/triangle-strategy/approved_voice_references/tenebris.wav,มะ-ไม่รู้เลยขอรับ แบบนี้เกลนบรู๊คจะเป็นยังไงล่ะเนี่ย?,,,PENDING_MANUAL_GENERATION,,triangle-strategy
852,MS17B_X35_C0_0010_M_ENG_0060.wav,MS17B_X35_C0_0010_M_ENG_0060,111,111,111,112,เทเนบริส,npc,male,tenebris,assets/triangle-strategy/approved_voice_references/tenebris.wav,แล้วมันไม่ใช่เรื่องน่ายินดีเหรอขอรับ?,,,PENDING_MANUAL_GENERATION,,triangle-strategy
853,MS17B_X35_C0_0010_M_ENG_0070.wav,MS17B_X35_C0_0010_M_ENG_0070,112,112,112,113,เทเนบริส,npc,male,tenebris,assets/triangle-strategy/approved_voice_references/tenebris.wav,เมื่อรัฐมนตรีเซเรโนอาได้ขึ้นครองราชย์ เกลนบรู๊คจะกลายเป็นอาณาจักรบริวารของไฮแซนต์เชียวนะ,,,PENDING_MANUAL_GENERATION,,triangle-strategy
854,MS17B_X35_C0_0010_M_ENG_0080.wav,MS17B_X35_C0_0010_M_ENG_0080,113,113,113,114,เทเนบริส,npc,male,tenebris,assets/triangle-strategy/approved_voice_references/tenebris.wav,โอกาสของข้ามาถึงแล้ว หากข้านำชัยชนะมาสู่ไฮแซนต์และกอบกู้ชื่อเสียงของตนได้ล่ะก็ อีกไม่นานข้าก็จะ...,,,PENDING_MANUAL_GENERATION,,triangle-strategy
855,MS17B_X35_C0_0010_M_IDO_0010.wav,MS17B_X35_C0_0010_M_IDO_0010,114,114,114,115,อีดอร์,npc,male,idore,assets/triangle-strategy/approved_voice_references/idore.wav,พวกท่านทั้งหลายถูกเชิญมาประชุม เรื่องการเปลี่ยนผ่านอำนาจในเกลนบรู๊ค,,,PENDING_MANUAL_GENERATION,,triangle-strategy
856,MS17B_X35_C0_0010_M_IDO_0020.wav,MS17B_X35_C0_0010_M_IDO_0020,115,115,115,116,อีดอร์,npc,male,idore,assets/triangle-strategy/approved_voice_references/idore.wav,ท่านพอจะรู้อะไรเรื่องนี้บ้างไหม รัฐมนตรีเทเนบริส?,,,PENDING_MANUAL_GENERATION,,triangle-strategy
857,MS17B_X35_C0_0010_M_IDO_0022.wav,MS17B_X35_C0_0010_M_IDO_0022,116,116,116,117,อีดอร์,npc,male,idore,assets/triangle-strategy/approved_voice_references/idore.wav,ถูกต้อง ยิ่งเรากดดันรัฐมนตรีเซเรโนอามากเพียงใด เราก็จะยิ่งสูญเสียไปมากกว่าที่เคยต่อรองเท่านั้น,,,PENDING_MANUAL_GENERATION,,triangle-strategy
858,MS17B_X35_C0_0010_M_IDO_0027.wav,MS17B_X35_C0_0010_M_IDO_0027,117,117,117,118,อีดอร์,npc,male,idore,assets/triangle-strategy/approved_voice_references/idore.wav,เขาชิงบัลลังก์จากกษัตริย์ของตัวเองไปเรียบร้อยแล้ว ข้าว่าอย่าเพิ่งชะล่าใจไปเลย,,,PENDING_MANUAL_GENERATION,,triangle-strategy
859,MS17B_X35_C0_0010_M_IDO_0030.wav,MS17B_X35_C0_0010_M_IDO_0030,118,118,118,119,อีดอร์,npc,male,idore,assets/triangle-strategy/approved_voice_references/idore.wav,จงสดับฟังถ้อยคำของพระองค์เสียเถิด,,,PENDING_MANUAL_GENERATION,,triangle-strategy
860,MS17B_X35_C0_0010_M_IDO_0040.wav,MS17B_X35_C0_0010_M_IDO_0040,119,119,119,120,อีดอร์,npc,male,idore,assets/triangle-strategy/approved_voice_references/idore.wav,"""จงระวังตระกูลวูล์ฟฟอร์ต""",,,PENDING_MANUAL_GENERATION,,triangle-strategy
861,MS17B_X35_C0_0010_M_IDO_0050.wav,MS17B_X35_C0_0010_M_IDO_0050,120,120,120,121,อีดอร์,npc,male,idore,assets/triangle-strategy/approved_voice_references/idore.wav,เราจะส่งรัฐมนตรีเอกซ์เฮมและทัพของเขากลับสู่เมือง เพื่อปกป้องประชาชนของเรา,,,PENDING_MANUAL_GENERATION,,triangle-strategy
862,MS17B_X35_C0_0010_M_IDO_0070.wav,MS17B_X35_C0_0010_M_IDO_0070,121,121,121,122,อีดอร์,npc,male,idore,assets/triangle-strategy/approved_voice_references/idore.wav,เราต้องชิงคริสตัลเกลือมาให้ได้,,,PENDING_MANUAL_GENERATION,,triangle-strategy
863,MS17B_X35_C0_0010_M_IDO_0080.wav,MS17B_X35_C0_0010_M_IDO_0080,122,122,122,123,อีดอร์,npc,male,idore,assets/triangle-strategy/approved_voice_references/idore.wav,หากวูล์ฟฟอร์ตกล้าขัดขืนเทพธิดา พวกมันก็สมควรถูกกำจัดในทันที,,,PENDING_MANUAL_GENERATION,,triangle-strategy
864,MS17B_X35_C0_0010_M_KNS_0010.wav,MS17B_X35_C0_0010_M_KNS_0010,123,123,123,124,แคมเซลล์,npc,male,kamsell,assets/triangle-strategy/approved_voice_references/kamsell.wav,รัฐมนตรีเทเนบริส ชักช้าจังเลยนะ,,,PENDING_MANUAL_GENERATION,,triangle-strategy
865,MS17B_X35_C0_0010_M_KNS_0015.wav,MS17B_X35_C0_0010_M_KNS_0015,124,124,124,125,แคมเซลล์,npc,male,kamsell,assets/triangle-strategy/approved_voice_references/kamsell.wav,ลือกันว่าฝ่าบาทโรแลนด์ได้หลบหนีไปแล้ว แต่การเปลี่ยนผ่านอำนาจครั้งนี้...ประชาชนดูสงบสุขผิดปกติ,,,PENDING_MANUAL_GENERATION,,triangle-strategy
866,MS17B_X35_C0_0010_M_KNS_0020.wav,MS17B_X35_C0_0010_M_KNS_0020,125,125,125,126,แคมเซลล์,npc,male,kamsell,assets/triangle-strategy/approved_voice_references/kamsell.wav,แต่ข้าคิดว่าเขาคงไม่ทรยศผู้มีบุญคุณอย่างเราหรอก...,,,PENDING_MANUAL_GENERATION,,triangle-strategy
867,MS17B_X35_C0_0010_M_KNS_0030.wav,MS17B_X35_C0_0010_M_KNS_0030,126,126,126,127,แคมเซลล์,npc,male,kamsell,assets/triangle-strategy/approved_voice_references/kamsell.wav,นั่นสินะขอรับ...,,,PENDING_MANUAL_GENERATION,,triangle-strategy
868,MS17B_X35_C0_0010_M_KNS_0040.wav,MS17B_X35_C0_0010_M_KNS_0040,127,127,127,128,แคมเซลล์,npc,male,kamsell,assets/triangle-strategy/approved_voice_references/kamsell.wav,เข้าใจแล้วขอรับ ข้าจะส่งนกไปหาเขาทันที,,,PENDING_MANUAL_GENERATION,,triangle-strategy
869,MS17B_X35_WD_0010_N_NNN_0010.wav,MS17B_X35_WD_0010_N_NNN_0010,128,128,128,129,Narrator,narrator,female,narrator,assets/triangle-strategy/approved_voice_references/narrator.wav,หลายวันต่อมา...เซเรโนอาได้ประกาศว่าตนนั้นเป็นบุตรแห่งกษัตริย์เร็กน่า ทางโรแลนด์ผู้ล่วงรู้ความจริงจึงได้สละบัลลังก์ของเขา,,,PENDING_MANUAL_GENERATION,,triangle-strategy
870,MS17B_X35_WD_0010_N_NNN_0020.wav,MS17B_X35_WD_0010_N_NNN_0020,129,129,129,130,Narrator,narrator,female,narrator,assets/triangle-strategy/approved_voice_references/narrator.wav,แน่นอนว่าทุกคนสงสัยว่าเรื่องนี้มันมีเงื่อนงำ แต่ตระกูลวูล์ฟฟอร์ตได้รับการสนับสนุนจากประชาชนส่วนมากเป็นทุนเดิม พวกเขาจึงเคารพในคำแถลงนั้น,,,PENDING_MANUAL_GENERATION,,triangle-strategy
871,MS17B_X35_WD_0010_N_NNN_0030.wav,MS17B_X35_WD_0010_N_NNN_0030,130,130,130,131,Narrator,narrator,female,narrator,assets/triangle-strategy/approved_voice_references/narrator.wav,และแล้ว เซเรโนอาจึงได้ขึ้นครองราชย์ในฐานะกษัตริย์องค์ใหม่แห่งเกลนบรู๊ค,,,PENDING_MANUAL_GENERATION,,triangle-strategy
872,MS17B_X35_WD_0010_N_NNN_0040.wav,MS17B_X35_WD_0010_N_NNN_0040,131,131,131,132,Narrator,narrator,female,narrator,assets/triangle-strategy/approved_voice_references/narrator.wav,การร่วมมือกันของตระกูลวูล์ฟฟอร์ต และอาณาจักรเกลนบรู๊คนั้น ถือเป็นเหตุการณ์ไม่คาดฝันอีกเรื่องหนึ่งของนอร์เซเลีย ซึ่งทำให้ไฮแซนต์และเอสฟรอสต์ต้องคอยจับตาดูอย่างระมัดระวัง,,,PENDING_MANUAL_GENERATION,,triangle-strategy
873,MS17F_X37_A1_0010_F_ANA_0010.wav,MS17F_X37_A1_0010_F_ANA_0010,0,0,0,1,Anna,main,female,anna,assets/triangle-strategy/approved_voice_references/anna.wav,เบเนดิกต์...,,,PENDING_MANUAL_GENERATION,,triangle-strategy
874,MS17F_X37_A1_0010_F_FRE_0010.wav,MS17F_X37_A1_0010_F_FRE_0010,1,1,1,2,Frederica,main,female,frederica,assets/triangle-strategy/approved_voice_references/frederica.wav,...อืม,,,PENDING_MANUAL_GENERATION,,triangle-strategy
875,MS17F_X37_A1_0010_F_FRE_0020.wav,MS17F_X37_A1_0010_F_FRE_0020,2,2,2,3,Frederica,main,female,frederica,assets/triangle-strategy/approved_voice_references/frederica.wav,ขอบคุณนะฮิวเอทท์,,,PENDING_MANUAL_GENERATION,,triangle-strategy
876,MS17F_X37_A1_0010_F_FRE_0030.wav,MS17F_X37_A1_0010_F_FRE_0030,3,3,3,4,Frederica,main,female,frederica,assets/triangle-strategy/approved_voice_references/frederica.wav,ก็... อย่างที่พวกท่านทราบกันดี ข้าเป็นชาวเอสฟรอสต์เชื้อสายโรเซลล์,,,PENDING_MANUAL_GENERATION,,triangle-strategy
877,MS17F_X37_A1_0010_F_FRE_0040.wav,MS17F_X37_A1_0010_F_FRE_0040,4,4,4,5,Frederica,main,female,frederica,assets/triangle-strategy/approved_voice_references/frederica.wav,ข้าใช้ชีวิตอย่างโดดเดี่ยว...เกลียดชังสีผมของตนที่แตกต่างไปจากผู้อื่น,,,PENDING_MANUAL_GENERATION,,triangle-strategy
878,MS17F_X37_A1_0010_F_FRE_0050.wav,MS17F_X37_A1_0010_F_FRE_0050,5,5,5,6,Frederica,main,female,frederica,assets/triangle-strategy/approved_voice_references/frederica.wav,หลังจากที่ข้าเข้าร่วมตระกูลวูล์ฟฟอร์ต ข้าได้พบเจอร์รอม...และได้เห็นความทุกข์ร้อนของชาวโรเซลล์ในนาเกลือ,,,PENDING_MANUAL_GENERATION,,triangle-strategy
879,MS17F_X37_A1_0010_F_FRE_0060.wav,MS17F_X37_A1_0010_F_FRE_0060,6,6,6,7,Frederica,main,female,frederica,assets/triangle-strategy/approved_voice_references/frederica.wav,ข้าได้รู้ว่าแม่ข้ากล้าหาญเพียงใด นางสู้เพื่ออิสรภาพของพวกเขามานานเท่าไรแล้ว,,,PENDING_MANUAL_GENERATION,,triangle-strategy
880,MS17F_X37_A1_0010_F_FRE_0070.wav,MS17F_X37_A1_0010_F_FRE_0070,7,7,7,8,Frederica,main,female,frederica,assets/triangle-strategy/approved_voice_references/frederica.wav,หากเทียบชีวิตข้ากับพวกเขานั้น ถือว่าข้าได้รับอภิสิทธิ์และใช้ชีวิตสุขสบายอย่างมาก,,,PENDING_MANUAL_GENERATION,,triangle-strategy
881,MS17F_X37_A1_0010_F_FRE_0080.wav,MS17F_X37_A1_0010_F_FRE_0080,8,8,8,9,Frederica,main,female,frederica,assets/triangle-strategy/approved_voice_references/frederica.wav,ข้าภูมิใจที่ได้เกิดมาเป็นชาวโรเซลล์ และได้เป็นส่วนหนึ่งของวูล์ฟฟอร์ต ข้าอยากจะแข็งแกร่งให้ได้เท่าท่านแม่!,,,PENDING_MANUAL_GENERATION,,triangle-strategy
882,MS17F_X37_A1_0010_F_FRE_0090.wav,MS17F_X37_A1_0010_F_FRE_0090,9,9,9,10,Frederica,main,female,frederica,assets/triangle-strategy/approved_voice_references/frederica.wav,ข้าต้องการสานฝันของท่านแม่ ด้วยการมอบอิสรภาพแก่ชาวโรเซลล์!,,,PENDING_MANUAL_GENERATION,,triangle-strategy
883,MS17F_X37_A1_0010_F_FRE_0100.wav,MS17F_X37_A1_0010_F_FRE_0100,10,10,10,11,Frederica,main,female,frederica,assets/triangle-strategy/approved_voice_references/frederica.wav,ข้ารู้ดีว่าเราต้องเผชิญกับความลำบากข้างหน้า...,,,PENDING_MANUAL_GENERATION,,triangle-strategy
884,MS17F_X37_A1_0010_F_FRE_0110.wav,MS17F_X37_A1_0010_F_FRE_0110,11,11,11,12,Frederica,main,female,frederica,assets/triangle-strategy/approved_voice_references/frederica.wav,แต่ข้าหวังว่าพวกท่านจะพร้อมสู้ไปด้วยกัน,,,PENDING_MANUAL_GENERATION,,triangle-strategy
885,MS17F_X37_A1_0010_F_FRE_0120.wav,MS17F_X37_A1_0010_F_FRE_0120,12,12,12,13,Frederica,main,female,frederica,assets/triangle-strategy/approved_voice_references/frederica.wav,แสดงว่าเราไม่มีเวลาแล้วสินะ เตรียมตัวหนีไปจากที่นี่กันเถอะ!,,,PENDING_MANUAL_GENERATION,,triangle-strategy
886,MS17F_X37_A1_0010_F_HEW_0010.wav,MS17F_X37_A1_0010_F_HEW_0010,13,13,13,14,Hughette,main,female,hughette,assets/triangle-strategy/approved_voice_references/hughette.wav,อย่าทิ้งข้าไปนะเจ้าคะ! ข้าฝ่าฟันมาด้วยกันกับท่าน...ข้าไม่มีวันทิ้งท่านไปแน่,,,PENDING_MANUAL_GENERATION,,triangle-strategy
887,MS17F_X37_A1_0010_F_YRA_0010.wav,MS17F_X37_A1_0010_F_YRA_0010,14,14,14,15,Geela,main,female,geela,assets/triangle-strategy/approved_voice_references/geela.wav,เฟรเดอริก้า ระหว่างนี้รบกวนท่านช่วยอธิบายจุดยืนของตนให้ทุกคนฟังได้ไหมเจ้าคะ?,,,PENDING_MANUAL_GENERATION,,triangle-strategy
888,MS17F_X37_A1_0010_F_YRA_0020.wav,MS17F_X37_A1_0010_F_YRA_0020,15,15,15,16,Geela,main,female,geela,assets/triangle-strategy/approved_voice_references/geela.wav,ใช่แล้วเจ้าค่ะ หากเราไม่ยกเหมืองให้พวกเขา มีหวังเขตวูล์ฟฟอร์ตโดนจู่โจมแน่,,,PENDING_MANUAL_GENERATION,,triangle-strategy
889,MS17F_X37_A1_0010_M_ELA_0010.wav,MS17F_X37_A1_0010_M_ELA_0010,16,16,16,17,Erador,main,male,erador,assets/triangle-strategy/approved_voice_references/erador.wav,ช่างหัวดื้อเหลือเกิน...,,,PENDING_MANUAL_GENERATION,,triangle-strategy
890,MS17F_X37_A1_0010_M_M415_0010.wav,MS17F_X37_A1_0010_M_M415_0010,17,17,17,18,ชายชาวเมือง / ทหาร / ผู้ติดตาม,generic,male,MALE_ADULT_C,assets/triangle-strategy/approved_voice_references/MALE_ADULT_C.wav,นายท่าน! ไฮแซนต์ส่งจดหมายมาเตือน...ก่อนที่ทัพพวกเขาจะมาถึงขอรับ,,,PENDING_MANUAL_GENERATION,,triangle-strategy
891,MS17F_X37_A1_0010_M_M415_0020.wav,MS17F_X37_A1_0010_M_M415_0020,18,18,18,19,ชายชาวเมือง / ทหาร / ผู้ติดตาม,generic,male,MALE_ADULT_C,assets/triangle-strategy/approved_voice_references/MALE_ADULT_C.wav,"จดหมายกล่าวว่า ""จงถวายเหมืองนอร์เซเลียแด่เทพธิดา...เพื่อเป็นเครื่องบรรณาการศักดิ์สิทธิ์""",,,PENDING_MANUAL_GENERATION,,triangle-strategy
892,MS17F_X37_A1_0010_M_RLN_0010.wav,MS17F_X37_A1_0010_M_RLN_0010,19,19,19,20,Roland,main,male,roland,assets/triangle-strategy/approved_voice_references/roland.wav,...ไม่ได้หรอก ขอโทษด้วยนะสหาย แต่ข้าไม่คู่ควรกับงานสำคัญเช่นนี้หรอก,,,PENDING_MANUAL_GENERATION,,triangle-strategy
893,MS17F_X37_A1_0010_M_RLN_0020.wav,MS17F_X37_A1_0010_M_RLN_0020,20,20,20,21,Roland,main,male,roland,assets/triangle-strategy/approved_voice_references/roland.wav,ข้าไม่ได้ดีขนาดนั้นหรอก ก่อนหน้านี้ที่เราคุยกัน...มันทำให้ข้าได้เห็นความจริง,,,PENDING_MANUAL_GENERATION,,triangle-strategy
894,MS17F_X37_A1_0010_M_RLN_0030.wav,MS17F_X37_A1_0010_M_RLN_0030,21,21,21,22,Roland,main,male,roland,assets/triangle-strategy/approved_voice_references/roland.wav,ข้าหลงผิดทั้งความเชื่อมั่นและการกระทำ,,,PENDING_MANUAL_GENERATION,,triangle-strategy
895,MS17F_X37_A1_0010_M_RLN_0040.wav,MS17F_X37_A1_0010_M_RLN_0040,22,22,22,23,Roland,main,male,roland,assets/triangle-strategy/approved_voice_references/roland.wav,ข้าเชื่อว่าการแก้แค้นเอสฟรอสต์จะทำให้ข้าเป็นกษัตริย์ที่คู่ควร,,,PENDING_MANUAL_GENERATION,,triangle-strategy
896,MS17F_X37_A1_0010_M_RLN_0050.wav,MS17F_X37_A1_0010_M_RLN_0050,23,23,23,24,Roland,main,male,roland,assets/triangle-strategy/approved_voice_references/roland.wav,แต่ข้าไม่ได้คิดถึงผลที่ตามมาเลยสักนิดเดียว,,,PENDING_MANUAL_GENERATION,,triangle-strategy
897,MS17F_X37_A1_0010_M_RLN_0060.wav,MS17F_X37_A1_0010_M_RLN_0060,24,24,24,25,Roland,main,male,roland,assets/triangle-strategy/approved_voice_references/roland.wav,ราษฎรและอาณาจักรของเราไม่ควรเดือดร้อน เพราะความเห็นแก่ตัวของกษัตริย์โง่ๆ อย่างข้า,,,PENDING_MANUAL_GENERATION,,triangle-strategy
898,MS17F_X37_A1_0010_M_RLN_0070.wav,MS17F_X37_A1_0010_M_RLN_0070,25,25,25,26,Roland,main,male,roland,assets/triangle-strategy/approved_voice_references/roland.wav,ข้าจะไปด้วย ในฐานะสหายมิใช่กษัตริย์ ขอแค่ข้าช่วยคนทุกข์ร้อนได้ก็พอแล้ว,,,PENDING_MANUAL_GENERATION,,triangle-strategy
899,MS17F_X37_A1_0010_M_RLN_0080.wav,MS17F_X37_A1_0010_M_RLN_0080,26,26,26,27,Roland,main,male,roland,assets/triangle-strategy/approved_voice_references/roland.wav,เกลนบรู๊คมีข้อได้เปรียบทางพื้นที่และคริสตัลเกลือ ข้าเชื่อว่าอาณาจักรของเรายังหลงเหลือขุนนางที่ซื่อสัตย์อยู่บ้าง,,,PENDING_MANUAL_GENERATION,,triangle-strategy
900,MS17F_X37_A1_0010_M_RLN_0090.wav,MS17F_X37_A1_0010_M_RLN_0090,27,27,27,28,Roland,main,male,roland,assets/triangle-strategy/approved_voice_references/roland.wav,ข้าเชื่อว่าราษฎรจะเจริญงอกงามได้แน่ กษัตริย์คงไม่จำเป็นหรอก,,,PENDING_MANUAL_GENERATION,,triangle-strategy
901,MS17F_X37_A1_0010_M_RLN_0095.wav,MS17F_X37_A1_0010_M_RLN_0095,28,28,28,29,Roland,main,male,roland,assets/triangle-strategy/approved_voice_references/roland.wav,บัดนี้เกลนบรู๊คแข็งแกร่งเกินกว่าจะมีใครมาแทรกแซงได้แล้ว,,,PENDING_MANUAL_GENERATION,,triangle-strategy
902,MS17F_X37_A1_0010_M_RLN_0100.wav,MS17F_X37_A1_0010_M_RLN_0100,29,29,29,30,Roland,main,male,roland,assets/triangle-strategy/approved_voice_references/roland.wav,"""เครื่องบรรณาการ"" งั้นเหรอ? แบบนี้เรียกว่ายื่นคำขาดชัดๆ",,,PENDING_MANUAL_GENERATION,,triangle-strategy
903,MS17F_X37_A1_0010_M_SEL_0010.wav,MS17F_X37_A1_0010_M_SEL_0010,30,30,30,31,Serenoa,main,male,serenoa,assets/triangle-strategy/approved_voice_references/serenoa.wav,พวกเราแต่ละคนได้ตัดสินใจแล้ว...เราต้องมุ่งเดินไปในเส้นทางที่ถูกต้อง,,,PENDING_MANUAL_GENERATION,,triangle-strategy
904,MS17F_X37_A1_0010_M_SEL_0020.wav,MS17F_X37_A1_0010_M_SEL_0020,31,31,31,32,Serenoa,main,male,serenoa,assets/triangle-strategy/approved_voice_references/serenoa.wav,ฝ่าบาทโรแลนด์ สิ่งที่เราเลือก...คือการละทิ้งเกลนบรู๊คนะขอรับ,,,PENDING_MANUAL_GENERATION,,triangle-strategy
905,MS17F_X37_A1_0010_M_SEL_0030.wav,MS17F_X37_A1_0010_M_SEL_0030,32,32,32,33,Serenoa,main,male,serenoa,assets/triangle-strategy/approved_voice_references/serenoa.wav,ข้าคงไม่มีสิทธิขอให้ท่านมากับเรา แต่ท่านช่วยดูแลคริสตัลเกลือให้หน่อยได้ไหม?,,,PENDING_MANUAL_GENERATION,,triangle-strategy
906,MS17F_X37_A1_0010_M_SEL_0040.wav,MS17F_X37_A1_0010_M_SEL_0040,33,33,33,34,Serenoa,main,male,serenoa,assets/triangle-strategy/approved_voice_references/serenoa.wav,คู่ควรสิขอรับ ท่านมุ่งมั่นเพื่อความเท่าเทียมและเป็นธรรมเสมอเลยนี่น่า,,,PENDING_MANUAL_GENERATION,,triangle-strategy
907,MS17F_X37_A1_0010_M_SEL_0050.wav,MS17F_X37_A1_0010_M_SEL_0050,34,34,34,35,Serenoa,main,male,serenoa,assets/triangle-strategy/approved_voice_references/serenoa.wav,เช่นนั้น...ท่านจะไปกับข้าไหม?,,,PENDING_MANUAL_GENERATION,,triangle-strategy
908,MS17F_X37_A1_0010_M_SEL_0060.wav,MS17F_X37_A1_0010_M_SEL_0060,35,35,35,36,Serenoa,main,male,serenoa,assets/triangle-strategy/approved_voice_references/serenoa.wav,โรแลนด์...,,,PENDING_MANUAL_GENERATION,,triangle-strategy
909,MS17F_X37_A1_0010_M_SEL_0070.wav,MS17F_X37_A1_0010_M_SEL_0070,36,36,36,37,Serenoa,main,male,serenoa,assets/triangle-strategy/approved_voice_references/serenoa.wav,พวกเราอยู่ข้างเจ้าเสมอ เฟรเดอริก้า,,,PENDING_MANUAL_GENERATION,,triangle-strategy
910,MS17F_X37_A1_1010_F_ANA_0010.wav,MS17F_X37_A1_1010_F_ANA_0010,37,37,37,38,Anna,main,female,anna,assets/triangle-strategy/approved_voice_references/anna.wav,เบเนดิกต์...,,,PENDING_MANUAL_GENERATION,,triangle-strategy
911,MS17F_X37_A1_1010_F_ANA_0020.wav,MS17F_X37_A1_1010_F_ANA_0020,38,38,38,39,Anna,main,female,anna,assets/triangle-strategy/approved_voice_references/anna.wav,ตลอดหลายปีที่ข้าสังเกตและเรียนรู้จากท่าน แม้ข้าจะแทนที่ไม่ได้...แต่จะพยายามทำให้ดีที่สุดเจ้าค่ะ,,,PENDING_MANUAL_GENERATION,,triangle-strategy
912,MS17F_X37_A1_1010_M_BND_0010.wav,MS17F_X37_A1_1010_M_BND_0010,39,39,39,40,Benedict,main,male,benedict,assets/triangle-strategy/approved_voice_references/benedict.wav,ที่เหลือข้าฝากเจ้าดูแลด้วย แอนนา,,,PENDING_MANUAL_GENERATION,,triangle-strategy
913,MS17F_X37_A1_1010_M_BND_0020.wav,MS17F_X37_A1_1010_M_BND_0020,40,40,40,41,Benedict,main,male,benedict,assets/triangle-strategy/approved_voice_references/benedict.wav,ข้าไม่อยากให้เจ้ามารับภาระตรงนี้เลย... แต่อย่างน้อยข้าก็อุ่นใจแล้วล่ะ,,,PENDING_MANUAL_GENERATION,,triangle-strategy
914,MS17F_X37_A1_1010_M_BND_0030.wav,MS17F_X37_A1_1010_M_BND_0030,41,41,41,42,Benedict,main,male,benedict,assets/triangle-strategy/approved_voice_references/benedict.wav,ฮึ่ม เจ้าไม่เคยเปลี่ยนเลย,,,PENDING_MANUAL_GENERATION,,triangle-strategy
915,MS17F_X37_A1_1010_M_BND_0040.wav,MS17F_X37_A1_1010_M_BND_0040,42,42,42,43,Benedict,main,male,benedict,assets/triangle-strategy/approved_voice_references/benedict.wav,เช่นนั้นข้าฝากพวกเจ้าทั้งสองด้วย,,,PENDING_MANUAL_GENERATION,,triangle-strategy
916,MS17F_X37_A1_1010_M_BND_0050.wav,MS17F_X37_A1_1010_M_BND_0050,43,43,43,44,Benedict,main,male,benedict,assets/triangle-strategy/approved_voice_references/benedict.wav,พูดจาหนวกหูเหมือนเดิมเลยนะ,,,PENDING_MANUAL_GENERATION,,triangle-strategy
917,MS17F_X37_A1_1010_M_BND_0060.wav,MS17F_X37_A1_1010_M_BND_0060,44,44,44,45,Benedict,main,male,benedict,assets/triangle-strategy/approved_voice_references/benedict.wav,ขอบคุณพวกเจ้าทั้งสองที่มาส่งข้าด้วยนะ ลาก่อน,,,PENDING_MANUAL_GENERATION,,triangle-strategy
918,MS17F_X37_A1_1010_M_ELA_0010.wav,MS17F_X37_A1_1010_M_ELA_0010,45,45,45,46,Erador,main,male,erador,assets/triangle-strategy/approved_voice_references/erador.wav,เบเนดิกต์ที่ข้ารู้จักไม่ใช่คนแบบนี้เสียหน่อย ไม่เอาน่า...สีหน้าเคร่งเครียดของเจ้าหายไปไหนแล้ว?,,,PENDING_MANUAL_GENERATION,,triangle-strategy
919,MS17F_X37_A1_1010_M_ELA_0020.wav,MS17F_X37_A1_1010_M_ELA_0020,46,46,46,47,Erador,main,male,erador,assets/triangle-strategy/approved_voice_references/erador.wav,ฮ่า ข้าก็หวังอย่างนั้น! การปกป้องตระกูลวูล์ฟฟอร์ตต้องอาศัยความสม่ำเสมอนะ!,,,PENDING_MANUAL_GENERATION,,triangle-strategy
920,MS17F_X37_A1_1010_M_ELA_0030.wav,MS17F_X37_A1_1010_M_ELA_0030,47,47,47,48,Erador,main,male,erador,assets/triangle-strategy/approved_voice_references/erador.wav,และข้าจะปกป้องวูล์ฟฟอร์ต แม้เจ้าจะไม่อยู่ก็ตาม,,,PENDING_MANUAL_GENERATION,,triangle-strategy
921,MS17F_X37_A1_1010_M_ELA_0040.wav,MS17F_X37_A1_1010_M_ELA_0040,48,48,48,49,Erador,main,male,erador,assets/triangle-strategy/approved_voice_references/erador.wav,บอกเลยว่าพวกเราเอาอยู่แน่นอน!,,,PENDING_MANUAL_GENERATION,,triangle-strategy
922,MS17F_X37_A1_1010_M_ELA_0050.wav,MS17F_X37_A1_1010_M_ELA_0050,49,49,49,50,Erador,main,male,erador,assets/triangle-strategy/approved_voice_references/erador.wav,โทษที การบอกลาสหายมันทำให้ข้าคุมอารมณ์ไม่อยู่น่ะ,,,PENDING_MANUAL_GENERATION,,triangle-strategy
923,MS17F_X37_A1_1020_F_ANA_0010.wav,MS17F_X37_A1_1020_F_ANA_0010,50,50,50,51,Anna,main,female,anna,assets/triangle-strategy/approved_voice_references/anna.wav,เราจะใช้รถสินค้าของสมาคม เพื่อแฝงตัวเข้าไปในเมืองหลวง,,,PENDING_MANUAL_GENERATION,,triangle-strategy
924,MS17F_X37_A1_1020_F_ANA_0020.wav,MS17F_X37_A1_1020_F_ANA_0020,51,51,51,52,Anna,main,female,anna,assets/triangle-strategy/approved_voice_references/anna.wav,เจ้าค่ะ เพราะมันส่งผลประโยชน์ต่อเราทั้งคู่,,,PENDING_MANUAL_GENERATION,,triangle-strategy
925,MS17F_X37_A1_1020_F_ANA_0030.wav,MS17F_X37_A1_1020_F_ANA_0030,52,52,52,53,Anna,main,female,anna,assets/triangle-strategy/approved_voice_references/anna.wav,ข้าบอกความลับระหว่างเอสฟรอสต์และไฮแซนต์กับเขาไปแล้ว,,,PENDING_MANUAL_GENERATION,,triangle-strategy
926,MS17F_X37_A1_1020_F_ANA_0040.wav,MS17F_X37_A1_1020_F_ANA_0040,53,53,53,54,Anna,main,female,anna,assets/triangle-strategy/approved_voice_references/anna.wav,ไม่หลุดเจ้าค่ะ...เมื่อคนอื่นรู้เรื่องคริสตัลเกลือเมื่อไร นอร์เซเลียจะเปลี่ยนไปทันที,,,PENDING_MANUAL_GENERATION,,triangle-strategy
927,MS17F_X37_A1_1020_F_ANA_0050.wav,MS17F_X37_A1_1020_F_ANA_0050,54,54,54,55,Anna,main,female,anna,assets/triangle-strategy/approved_voice_references/anna.wav,ทางสมาคมจะมีบทบาทใหม่อย่างแน่นอน,,,PENDING_MANUAL_GENERATION,,triangle-strategy
928,MS17F_X37_A1_1020_F_ANA_0060.wav,MS17F_X37_A1_1020_F_ANA_0060,55,55,55,56,Anna,main,female,anna,assets/triangle-strategy/approved_voice_references/anna.wav,มันจึงส่งผลให้ข้าเจรจากับพวกเขาได้ง่ายขึ้น และพวกเขาตอบตกลงจะช่วยเหลือเราเป็นการตอบแทน,,,PENDING_MANUAL_GENERATION,,triangle-strategy
929,MS17F_X37_A1_1020_F_ANA_0070.wav,MS17F_X37_A1_1020_F_ANA_0070,56,56,56,57,Anna,main,female,anna,assets/triangle-strategy/approved_voice_references/anna.wav,ท่านฉลาดมากที่หลบหนีไปยังแคว้นฟ็อลคส์ มันอยู่ห่างไกลพอให้ท่านมีเวลาซ่อนตัวสินะ,,,PENDING_MANUAL_GENERATION,,triangle-strategy
930,MS17F_X37_A1_1020_F_FRE_0010.wav,MS17F_X37_A1_1020_F_FRE_0010,57,57,57,58,Frederica,main,female,frederica,assets/triangle-strategy/approved_voice_references/frederica.wav,หากเราสามารถลอบเข้าเมืองหลวงและปลุกปั่นชาวโรเซลล์ในนาเกลือสำเร็จ เราอาจพอมีโอกาสช่วยเหลือพวกเขาอยู่บ้าง,,,PENDING_MANUAL_GENERATION,,triangle-strategy
931,MS17F_X37_A1_1020_F_FRE_0020.wav,MS17F_X37_A1_1020_F_FRE_0020,58,58,58,59,Frederica,main,female,frederica,assets/triangle-strategy/approved_voice_references/frederica.wav,แล้วสิ่งนั้นล่ะ จีล่า?,,,PENDING_MANUAL_GENERATION,,triangle-strategy
932,MS17F_X37_A1_1020_F_FRE_0030.wav,MS17F_X37_A1_1020_F_FRE_0030,59,59,59,60,Frederica,main,female,frederica,assets/triangle-strategy/approved_voice_references/frederica.wav,หลังจากที่เราปลดแอกชาวโรเซลล์สำเร็จ เราจะเดินเรือมุ่งหน้าสู่มหาน้ำตก ณ แคว้นฟ็อลคส์,,,PENDING_MANUAL_GENERATION,,triangle-strategy
933,MS17F_X37_A1_1020_F_FRE_0040.wav,MS17F_X37_A1_1020_F_FRE_0040,60,60,60,61,Frederica,main,female,frederica,assets/triangle-strategy/approved_voice_references/frederica.wav,และเราจะระเบิดเรือทุกลำทิ้งเพื่อทำให้พวกเขาตามมาไม่ได้,,,PENDING_MANUAL_GENERATION,,triangle-strategy
934,MS17F_X37_A1_1020_F_FRE_0050.wav,MS17F_X37_A1_1020_F_FRE_0050,61,61,61,62,Frederica,main,female,frederica,assets/triangle-strategy/approved_voice_references/frederica.wav,เรื่องนั้นข้าจัดการเองเจ้าค่ะ ข้าหาทางใช้คำพูดได้อยู่แล้ว,,,PENDING_MANUAL_GENERATION,,triangle-strategy
935,MS17F_X37_A1_1020_F_FRE_0060.wav,MS17F_X37_A1_1020_F_FRE_0060,62,62,62,63,Frederica,main,female,frederica,assets/triangle-strategy/approved_voice_references/frederica.wav,เพราะข้าเป็นลูกของท่านแม่นี่นะ,,,PENDING_MANUAL_GENERATION,,triangle-strategy
936,MS17F_X37_A1_1020_F_FRE_0070.wav,MS17F_X37_A1_1020_F_FRE_0070,63,63,63,64,Frederica,main,female,frederica,assets/triangle-strategy/approved_voice_references/frederica.wav,แล้วก็อีกอย่างนึงฮิวเอทท์ ข้าขอส่งนกไปหน่อย,,,PENDING_MANUAL_GENERATION,,triangle-strategy
937,MS17F_X37_A1_1020_F_FRE_0080.wav,MS17F_X37_A1_1020_F_FRE_0080,64,64,64,65,Frederica,main,female,frederica,assets/triangle-strategy/approved_voice_references/frederica.wav,หมู่บ้านโรเซลล์น่ะ ข้าจะบอกแผนการของเรากับเจอร์รอมและคนอื่นๆ ในหมู่บ้าน,,,PENDING_MANUAL_GENERATION,,triangle-strategy
938,MS17F_X37_A1_1020_F_FRE_0090.wav,MS17F_X37_A1_1020_F_FRE_0090,65,65,65,66,Frederica,main,female,frederica,assets/triangle-strategy/approved_voice_references/frederica.wav,ข้าอยากให้พวกเขามาพบข้า ที่มหาน้ำตก,,,PENDING_MANUAL_GENERATION,,triangle-strategy
939,MS17F_X37_A1_1020_F_FRE_0100.wav,MS17F_X37_A1_1020_F_FRE_0100,66,66,66,67,Frederica,main,female,frederica,assets/triangle-strategy/approved_voice_references/frederica.wav,ไม่รู้สิเจ้าคะ...,,,PENDING_MANUAL_GENERATION,,triangle-strategy
940,MS17F_X37_A1_1020_F_FRE_0110.wav,MS17F_X37_A1_1020_F_FRE_0110,67,67,67,68,Frederica,main,female,frederica,assets/triangle-strategy/approved_voice_references/frederica.wav,ยังไงก็ตาม ข้าต้องแจ้งให้พวกเขาทราบ ว่าไฮแซนต์กำลังบุกโจมตี,,,PENDING_MANUAL_GENERATION,,triangle-strategy
941,MS17F_X37_A1_1020_F_HEW_0010.wav,MS17F_X37_A1_1020_F_HEW_0010,68,68,68,69,Hughette,main,female,hughette,assets/triangle-strategy/approved_voice_references/hughette.wav,พวกมันยังมาไม่ถึงที่นี่เจ้าค่ะ หากเราออกเดินทางตอนนี้... เราจะไปถึงเมืองหลวงโดยที่พวกมันไม่รู้ตัว,,,PENDING_MANUAL_GENERATION,,triangle-strategy
942,MS17F_X37_A1_1020_F_HEW_0020.wav,MS17F_X37_A1_1020_F_HEW_0020,69,69,69,70,Hughette,main,female,hughette,assets/triangle-strategy/approved_voice_references/hughette.wav,ฮ่า! เหมาะสมกับการหลบหนีด้วยจำนวนคนมหาศาลเจ้าค่ะ,,,PENDING_MANUAL_GENERATION,,triangle-strategy
943,MS17F_X37_A1_1020_F_HEW_0030.wav,MS17F_X37_A1_1020_F_HEW_0030,70,70,70,71,Hughette,main,female,hughette,assets/triangle-strategy/approved_voice_references/hughette.wav,เจ้าค่ะท่านหญิง ส่งไปที่ไหนเจ้าคะ?,,,PENDING_MANUAL_GENERATION,,triangle-strategy
944,MS17F_X37_A1_1020_F_YRA_0010.wav,MS17F_X37_A1_1020_F_YRA_0010,71,71,71,72,Geela,main,female,geela,assets/triangle-strategy/approved_voice_references/geela.wav,เพราะตอนนี้พวกมันจ้องจะยึดครองเหมืองของเรา จึงเหลือทหารในไฮแซนต์ไม่มากนัก,,,PENDING_MANUAL_GENERATION,,triangle-strategy
945,MS17F_X37_A1_1020_F_YRA_0020.wav,MS17F_X37_A1_1020_F_YRA_0020,72,72,72,73,Geela,main,female,geela,assets/triangle-strategy/approved_voice_references/geela.wav,บรรทุกขึ้นรถเรียบร้อยแล้วเจ้าค่ะ,,,PENDING_MANUAL_GENERATION,,triangle-strategy
946,MS17F_X37_A1_1020_F_YRA_0030.wav,MS17F_X37_A1_1020_F_YRA_0030,73,73,73,74,Geela,main,female,geela,assets/triangle-strategy/approved_voice_references/geela.wav,ระเบิดที่เราพบในเหมืองเจ้าค่ะ,,,PENDING_MANUAL_GENERATION,,triangle-strategy
947,MS17F_X37_A1_1020_F_YRA_0040.wav,MS17F_X37_A1_1020_F_YRA_0040,74,74,74,75,Geela,main,female,geela,assets/triangle-strategy/approved_voice_references/geela.wav,เราทั้งคู่เป็นคนคิดแผนนี้เอง,,,PENDING_MANUAL_GENERATION,,triangle-strategy
948,MS17F_X37_A1_1020_F_YRA_0050.wav,MS17F_X37_A1_1020_F_YRA_0050,75,75,75,76,Geela,main,female,geela,assets/triangle-strategy/approved_voice_references/geela.wav,แต่ยังเหลือปัญหาอีกอย่างเจ้าค่ะ เราจะทำให้ชาวโรเซลล์ก่อกบฎยังไง?,,,PENDING_MANUAL_GENERATION,,triangle-strategy
949,MS17F_X37_A1_1020_F_YRA_0060.wav,MS17F_X37_A1_1020_F_YRA_0060,76,76,76,77,Geela,main,female,geela,assets/triangle-strategy/approved_voice_references/geela.wav,หากเราซื้อใจพวกเขาไม่ได้ ทุกอย่างก็จะสูญเปล่านะเจ้าคะ,,,PENDING_MANUAL_GENERATION,,triangle-strategy
950,MS17F_X37_A1_1020_M_ELA_0010.wav,MS17F_X37_A1_1020_M_ELA_0010,77,77,77,78,Erador,main,male,erador,assets/triangle-strategy/approved_voice_references/erador.wav,รถของแคลรุสงั้นเหรอ? เจ้าแน่ใจใช่ไหมว่าสมาคมเชื่อใจได้?,,,PENDING_MANUAL_GENERATION,,triangle-strategy
951,MS17F_X37_A1_1020_M_ELA_0020.wav,MS17F_X37_A1_1020_M_ELA_0020,78,78,78,79,Erador,main,male,erador,assets/triangle-strategy/approved_voice_references/erador.wav,สิ่งนั้น? สิ่งไหนเหรอ?,,,PENDING_MANUAL_GENERATION,,triangle-strategy
952,MS17F_X37_A1_1020_M_ELA_0030.wav,MS17F_X37_A1_1020_M_ELA_0030,79,79,79,80,Erador,main,male,erador,assets/triangle-strategy/approved_voice_references/erador.wav,หากท่านจะไปเซนทราเลียมันก็เหมาะสมแล้วขอรับ เพราะมันอยู่สุดขอบทิศใต้เลยด้วย,,,PENDING_MANUAL_GENERATION,,triangle-strategy
953,MS17F_X37_A1_1020_M_RLN_0010.wav,MS17F_X37_A1_1020_M_RLN_0010,80,80,80,81,Roland,main,male,roland,assets/triangle-strategy/approved_voice_references/roland.wav,แม้เซเรโนอาจะเป็นผู้ศักดิ์สิทธิ์ แต่ไฮแซนต์ยังระแวงว่าเซเรโนอาจะซ่อนคริสตัลเกลือ จากพวกมันอยู่ดี,,,PENDING_MANUAL_GENERATION,,triangle-strategy
954,MS17F_X37_A1_1020_M_RLN_0020.wav,MS17F_X37_A1_1020_M_RLN_0020,81,81,81,82,Roland,main,male,roland,assets/triangle-strategy/approved_voice_references/roland.wav,ก็ระวังอย่าให้ถูกพบแล้วกัน แม้พวกมันจะเหลือน้อย...แต่เราคงไม่มีวันเข้าไปในเมืองได้แน่,,,PENDING_MANUAL_GENERATION,,triangle-strategy
955,MS17F_X37_A1_1020_M_RLN_0030.wav,MS17F_X37_A1_1020_M_RLN_0030,82,82,82,83,Roland,main,male,roland,assets/triangle-strategy/approved_voice_references/roland.wav,หมายความว่าเขารู้เรื่องการตายของดราแกน รวมถึงการค้าเกลือผิดกฎหมายด้วยสินะ? ก็ขออย่าให้หลุดปากก็แล้วกัน,,,PENDING_MANUAL_GENERATION,,triangle-strategy
956,MS17F_X37_A1_1020_M_RLN_0040.wav,MS17F_X37_A1_1020_M_RLN_0040,83,83,83,84,Roland,main,male,roland,assets/triangle-strategy/approved_voice_references/roland.wav,ฮ่าๆๆ! เหล่าสหายวูล์ฟฟอร์ตช่างเจ้าเล่ห์เหลือเกิน ดีใจที่ได้อยู่เคียงข้างกันนะ,,,PENDING_MANUAL_GENERATION,,triangle-strategy
957,MS17F_X37_A1_1020_M_RLN_0050.wav,MS17F_X37_A1_1020_M_RLN_0050,84,84,84,85,Roland,main,male,roland,assets/triangle-strategy/approved_voice_references/roland.wav,ต้องมีสักหนทางที่จะโน้มน้าวใจพวกเขาได้โดยเร็ว,,,PENDING_MANUAL_GENERATION,,triangle-strategy
958,MS17F_X37_A1_1020_M_RLN_0060.wav,MS17F_X37_A1_1020_M_RLN_0060,85,85,85,86,Roland,main,male,roland,assets/triangle-strategy/approved_voice_references/roland.wav,การยินยอมเรื่องนี้ หมายความว่าพวกเขาต้องสละชีวิตอันสงบสุขของตนไว้เบื้องหลัง... คิดว่าพวกเขาจะมาไหมล่ะ?,,,PENDING_MANUAL_GENERATION,,triangle-strategy
959,MS17F_X37_A1_1020_M_SEL_0010.wav,MS17F_X37_A1_1020_M_SEL_0010,86,86,86,87,Serenoa,main,male,serenoa,assets/triangle-strategy/approved_voice_references/serenoa.wav,จะเอาไงกับทัพไฮแซนต์ดีล่ะ?,,,PENDING_MANUAL_GENERATION,,triangle-strategy
960,MS17F_X37_A1_1020_M_SEL_0020.wav,MS17F_X37_A1_1020_M_SEL_0020,87,87,87,88,Serenoa,main,male,serenoa,assets/triangle-strategy/approved_voice_references/serenoa.wav,เจ้าคิดมาอย่างดีเลยสินะ ทำดีมากแอนนา,,,PENDING_MANUAL_GENERATION,,triangle-strategy
961,MS17F_X37_A1_1020_M_SEL_0030.wav,MS17F_X37_A1_1020_M_SEL_0030,88,88,88,89,Serenoa,main,male,serenoa,assets/triangle-strategy/approved_voice_references/serenoa.wav,เป็นแผนที่ดีมาก เราจะทำเต็มที่เพื่อให้แผนของเจ้าสำเร็จแล้วกันนะ,,,PENDING_MANUAL_GENERATION,,triangle-strategy
962,MS17F_X37_A1_1020_M_SEL_0040.wav,MS17F_X37_A1_1020_M_SEL_0040,89,89,89,90,Serenoa,main,male,serenoa,assets/triangle-strategy/approved_voice_references/serenoa.wav,ข้าเชื่อว่าเจ้าหาทางได้แน่นอน เฟรเดอริก้า,,,PENDING_MANUAL_GENERATION,,triangle-strategy
963,MS17F_X37_A1_1020_M_SEL_0050.wav,MS17F_X37_A1_1020_M_SEL_0050,90,90,90,91,Serenoa,main,male,serenoa,assets/triangle-strategy/approved_voice_references/serenoa.wav,จะมาหรือไม่มา ก็คงต้องว่ากันอีกทีแล้วล่ะ,,,PENDING_MANUAL_GENERATION,,triangle-strategy
964,MS17F_X37_A1_1030_F_M382_0010.wav,MS17F_X37_A1_1030_F_M382_0010,91,91,91,92,หญิงชาวเมือง / ทหาร / ผู้ติดตาม,generic,female,FEMALE_YOUNG_A,assets/triangle-strategy/approved_voice_references/FEMALE_YOUNG_A.wav,ทำไมไม่บอกเราก่อนเจ้าคะ!? ข้ามีครอบครัวต้องดูแลนะ!,,,PENDING_MANUAL_GENERATION,,triangle-strategy
965,MS17F_X37_A1_1030_F_M382_0020.wav,MS17F_X37_A1_1030_F_M382_0020,92,92,92,93,หญิงชาวเมือง / ทหาร / ผู้ติดตาม,generic,female,FEMALE_YOUNG_A,assets/triangle-strategy/approved_voice_references/FEMALE_YOUNG_A.wav,แล้ว...ท่านลอร์ดของเราไปไหนเจ้าคะ? เขาไม่มาปกป้องเราแล้วเหรอ?,,,PENDING_MANUAL_GENERATION,,triangle-strategy
966,MS17F_X37_A1_1030_F_M382_0030.wav,MS17F_X37_A1_1030_F_M382_0030,93,93,93,94,หญิงชาวเมือง / ทหาร / ผู้ติดตาม,generic,female,FEMALE_YOUNG_A,assets/triangle-strategy/approved_voice_references/FEMALE_YOUNG_A.wav,ความชำนาญสงครามของท่านช่วยให้เราอยู่รอดปลอดภัยจนถึงทุกวันนี้ หากท่านต้องการให้เราอพยพ...เราก็จะทำขอรับ,,,PENDING_MANUAL_GENERATION,,triangle-strategy
967,MS17F_X37_A1_1030_M_BND_0010.wav,MS17F_X37_A1_1030_M_BND_0010,94,94,94,95,Benedict,main,male,benedict,assets/triangle-strategy/approved_voice_references/benedict.wav,ข้าเข้าใจว่าอาจจะเกินตัวพวกเจ้าไปหน่อย แต่ศึกข้างหน้าใกล้มาถึงแล้ว,,,PENDING_MANUAL_GENERATION,,triangle-strategy
968,MS17F_X37_A1_1030_M_BND_0020.wav,MS17F_X37_A1_1030_M_BND_0020,95,95,95,96,Benedict,main,male,benedict,assets/triangle-strategy/approved_voice_references/benedict.wav,เมื่อถึงเวลา พวกเจ้าต้องพร้อมอพยพทันที,,,PENDING_MANUAL_GENERATION,,triangle-strategy
969,MS17F_X37_A1_1030_M_BND_0030.wav,MS17F_X37_A1_1030_M_BND_0030,96,96,96,97,Benedict,main,male,benedict,assets/triangle-strategy/approved_voice_references/benedict.wav,ลอร์ดเซเรโนอากำลังเผชิญปัญหาที่รุนแรงกว่าเรามาก,,,PENDING_MANUAL_GENERATION,,triangle-strategy
970,MS17F_X37_A1_1030_M_BND_0040.wav,MS17F_X37_A1_1030_M_BND_0040,97,97,97,98,Benedict,main,male,benedict,assets/triangle-strategy/approved_voice_references/benedict.wav,เขาจึงมอบหมายให้ข้าดูแลชาววูล์ฟฟอร์ตแทนเขาน่ะ,,,PENDING_MANUAL_GENERATION,,triangle-strategy
971,MS17F_X37_A1_1030_M_BND_0050.wav,MS17F_X37_A1_1030_M_BND_0050,98,98,98,99,Benedict,main,male,benedict,assets/triangle-strategy/approved_voice_references/benedict.wav,วอนพวกท่านช่วยศรัทธาในตระกูลของเรา...แล้วทำตามคำสั่งของข้าด้วย,,,PENDING_MANUAL_GENERATION,,triangle-strategy
972,MS17F_X37_A1_1030_M_BND_0060.wav,MS17F_X37_A1_1030_M_BND_0060,99,99,99,100,Benedict,main,male,benedict,assets/triangle-strategy/approved_voice_references/benedict.wav,ขอบคุณพวกเจ้ามาก,,,PENDING_MANUAL_GENERATION,,triangle-strategy
973,MS17F_X37_A1_1030_M_BND_0070.wav,MS17F_X37_A1_1030_M_BND_0070,100,100,100,101,Benedict,main,male,benedict,assets/triangle-strategy/approved_voice_references/benedict.wav,แล้วก็มีอีกสิ่งที่ข้าอยากจะร้องขอ ข้าอยากให้พวกเจ้าแต่ละคนทำสิ่งนี้ขึ้นมา...,,,PENDING_MANUAL_GENERATION,,triangle-strategy
974,MS17F_X37_A1_1030_M_M381_0010.wav,MS17F_X37_A1_1030_M_M381_0010,101,101,101,102,ชายชาวเมือง / ทหาร / ผู้ติดตาม,generic,male,MALE_ADULT_A,assets/triangle-strategy/approved_voice_references/MALE_ADULT_A.wav,ว่ายังไงนะท่าน? อยากให้เราอพยพหนีจากเมืองงั้นเหรอ!?,,,PENDING_MANUAL_GENERATION,,triangle-strategy
975,MS17F_X37_A1_1030_M_M381_0020.wav,MS17F_X37_A1_1030_M_M381_0020,102,102,102,103,ชายชาวเมือง / ทหาร / ผู้ติดตาม,generic,male,MALE_ADULT_A,assets/triangle-strategy/approved_voice_references/MALE_ADULT_A.wav,ก็ได้ขอรับ รีบเก็บข้าวของกันดีกว่า,,,PENDING_MANUAL_GENERATION,,triangle-strategy
976,MS17F_X37_B0_0010_M_GST_0010.wav,MS17F_X37_B0_0010_M_GST_0010,103,103,103,104,กุสตาดอล์ฟ,npc,male,gustadolph,assets/triangle-strategy/approved_voice_references/gustadolph.wav,แสดงว่าพวกนั้นรู้เรื่องคริสตัลเกลือสินะ... คงเลี่ยงการปะทะไม่ได้,,,PENDING_MANUAL_GENERATION,,triangle-strategy
977,MS17F_X37_B0_0010_M_GST_0020.wav,MS17F_X37_B0_0010_M_GST_0020,104,104,104,105,กุสตาดอล์ฟ,npc,male,gustadolph,assets/triangle-strategy/approved_voice_references/gustadolph.wav,แต่คราวนี้วูล์ฟฟอร์ตจะตอบโต้ยังไงล่ะ?,,,PENDING_MANUAL_GENERATION,,triangle-strategy
978,MS17F_X37_B0_0010_M_GST_0030.wav,MS17F_X37_B0_0010_M_GST_0030,105,105,105,106,กุสตาดอล์ฟ,npc,male,gustadolph,assets/triangle-strategy/approved_voice_references/gustadolph.wav,ไม่น่าใช่หรอก พวกมันอาจยกคริสตัลเกลือให้พวกเราเพื่อรักษาความสัมพันธ์,,,PENDING_MANUAL_GENERATION,,triangle-strategy
979,MS17F_X37_B0_0010_M_GST_0040.wav,MS17F_X37_B0_0010_M_GST_0040,106,106,106,107,กุสตาดอล์ฟ,npc,male,gustadolph,assets/triangle-strategy/approved_voice_references/gustadolph.wav,ประวัติศาสตร์เปลี่ยนแปลงอยู่ตลอดเวลา หากวูล์ฟฟอร์ตต้องการกำหนดทิศทางอนาคต เขาจะต้องการความช่วยเหลือเท่าที่หาได้,,,PENDING_MANUAL_GENERATION,,triangle-strategy
980,MS17F_X37_B0_0010_M_GST_0050.wav,MS17F_X37_B0_0010_M_GST_0050,107,107,107,108,กุสตาดอล์ฟ,npc,male,gustadolph,assets/triangle-strategy/approved_voice_references/gustadolph.wav,ระหว่างยอมจำนนต่อเผด็จการไฮแซนต์ หรือจะนำเสรีภาพมาสู่ดินแดนด้วยการร่วมมือกับเรา...,,,PENDING_MANUAL_GENERATION,,triangle-strategy
981,MS17F_X37_B0_0010_M_GST_0060.wav,MS17F_X37_B0_0010_M_GST_0060,108,108,108,109,กุสตาดอล์ฟ,npc,male,gustadolph,assets/triangle-strategy/approved_voice_references/gustadolph.wav,หรือ...อาศัยจังหวะชุลมุนดีล่ะ?,,,PENDING_MANUAL_GENERATION,,triangle-strategy
982,MS17F_X37_B0_0010_M_GST_0070.wav,MS17F_X37_B0_0010_M_GST_0070,109,109,109,110,กุสตาดอล์ฟ,npc,male,gustadolph,assets/triangle-strategy/approved_voice_references/gustadolph.wav,เจ้าจะเจริญรอยตามท่านหญิงออลายาหรือเปล่านะ เฟรเดอริก้า?,,,PENDING_MANUAL_GENERATION,,triangle-strategy
983,MS17F_X37_B0_0010_M_GST_0080.wav,MS17F_X37_B0_0010_M_GST_0080,110,110,110,111,กุสตาดอล์ฟ,npc,male,gustadolph,assets/triangle-strategy/approved_voice_references/gustadolph.wav,เหอะ...ไม่น่าหรอกมั้ง,,,PENDING_MANUAL_GENERATION,,triangle-strategy
984,MS17F_X37_B0_0010_M_GST_0090.wav,MS17F_X37_B0_0010_M_GST_0090,111,111,111,112,กุสตาดอล์ฟ,npc,male,gustadolph,assets/triangle-strategy/approved_voice_references/gustadolph.wav,เปล่าหรอก ข้าคิดไปเรื่อยเฉยๆ,,,PENDING_MANUAL_GENERATION,,triangle-strategy
985,MS17F_X37_B0_0010_M_GST_0100.wav,MS17F_X37_B0_0010_M_GST_0100,112,112,112,113,กุสตาดอล์ฟ,npc,male,gustadolph,assets/triangle-strategy/approved_voice_references/gustadolph.wav,ไม่ว่าวูล์ฟฟอร์ตจะเลือกสิ่งใด มันจะนำพาไปสู่สงครามทั้งสิ้น เตรียมทัพได้เลย!,,,PENDING_MANUAL_GENERATION,,triangle-strategy
986,MS17F_X37_B0_0010_M_SEC_0010.wav,MS17F_X37_B0_0010_M_SEC_0010,113,113,113,114,ซิคราส,npc,male,sycras,assets/triangle-strategy/approved_voice_references/sycras.wav,อาร์ชดยุกกุสดาดอล์ฟ พวกเราได้รับข่าวจากวูล์ฟฟอร์ตขอรับ,,,PENDING_MANUAL_GENERATION,,triangle-strategy
987,MS17F_X37_B0_0010_M_SEC_0020.wav,MS17F_X37_B0_0010_M_SEC_0020,114,114,114,115,ซิคราส,npc,male,sycras,assets/triangle-strategy/approved_voice_references/sycras.wav,ขณะนี้เอกซ์เฮมกำลังข้ามเขตแดนพวกเขาแล้ว,,,PENDING_MANUAL_GENERATION,,triangle-strategy
988,MS17F_X37_B0_0010_M_SEC_0030.wav,MS17F_X37_B0_0010_M_SEC_0030,115,115,115,116,ซิคราส,npc,male,sycras,assets/triangle-strategy/approved_voice_references/sycras.wav,ข้าคิดว่าพวกมันจะเล่นงานเราขอรับ เพราะลอร์ดวูล์ฟฟอร์ตเป็นผู้ศักดิ์สิทธิ์เช่นกัน,,,PENDING_MANUAL_GENERATION,,triangle-strategy
989,MS17F_X37_B0_0010_M_SEC_0040.wav,MS17F_X37_B0_0010_M_SEC_0040,116,116,116,117,ซิคราส,npc,male,sycras,assets/triangle-strategy/approved_voice_references/sycras.wav,เพื่ออะไรขอรับ!?,,,PENDING_MANUAL_GENERATION,,triangle-strategy
990,MS17F_X37_B0_0010_M_SEC_0050.wav,MS17F_X37_B0_0010_M_SEC_0050,117,117,117,118,ซิคราส,npc,male,sycras,assets/triangle-strategy/approved_voice_references/sycras.wav,อะไรนะขอรับ อาร์ชดยุก?,,,PENDING_MANUAL_GENERATION,,triangle-strategy
991,MS17F_X37_C0_0010_F_LYL_0010.wav,MS17F_X37_C0_0010_F_LYL_0010,118,118,118,119,Lyla,npc,female,lyla,assets/triangle-strategy/approved_voice_references/lyla.wav,เรายังรับประกันไม่ได้หรอก ผู้ที่ได้ครอบครองคริสตัลเกลือ...จะมีอำนาจเปลี่ยนแปลงทิศทางนอร์เซเลีย,,,PENDING_MANUAL_GENERATION,,triangle-strategy
992,MS17F_X37_C0_0010_F_LYL_0020.wav,MS17F_X37_C0_0010_F_LYL_0020,119,119,119,120,Lyla,npc,female,lyla,assets/triangle-strategy/approved_voice_references/lyla.wav,รู้แบบนี้แล้วยังคาดหวังให้เขายกเกลือให้เราโดยไม่ขัดขืนอีกเหรอ?,,,PENDING_MANUAL_GENERATION,,triangle-strategy
993,MS17F_X37_C0_0010_F_LYL_0030.wav,MS17F_X37_C0_0010_F_LYL_0030,120,120,120,121,Lyla,npc,female,lyla,assets/triangle-strategy/approved_voice_references/lyla.wav,เรื่องนั้นก็น่าคิดอยู่นะ หรือเราจะให้มันต่อกรราชรัฐ...แลกกับอิสรภาพของชาวโรเซลล์ดีล่ะ?,,,PENDING_MANUAL_GENERATION,,triangle-strategy
994,MS17F_X37_C0_0010_F_LYL_0040.wav,MS17F_X37_C0_0010_F_LYL_0040,121,121,121,122,Lyla,npc,female,lyla,assets/triangle-strategy/approved_voice_references/lyla.wav,เจ้าค่ะ ข้าจะเข้าไปขัดเกลาพวกมันในกระทรวงอีกรอบ,,,PENDING_MANUAL_GENERATION,,triangle-strategy
995,MS17F_X37_C0_0010_M_ENG_0010.wav,MS17F_X37_C0_0010_M_ENG_0010,122,122,122,123,เทเนบริส,npc,male,tenebris,assets/triangle-strategy/approved_voice_references/tenebris.wav,ข้าคิดว่าไม่มีอะไรต้องห่วงหรอกขอรับ เพราะรัฐมนตรีเซเรโนอาเป็นผู้ศักดิ์สิทธิ์เช่นเดียวกับเรานี่นะ,,,PENDING_MANUAL_GENERATION,,triangle-strategy
996,MS17F_X37_C0_0010_M_ENG_0020.wav,MS17F_X37_C0_0010_M_ENG_0020,123,123,123,124,เทเนบริส,npc,male,tenebris,assets/triangle-strategy/approved_voice_references/tenebris.wav,ข้าคิดว่าพวกมันเป็นตัวปัญหามากกว่า เอาจริงๆ ข้าอยากให้พวกมันทะเลาะกับเอสฟรอสต์ด้วยซ้ำ...,,,PENDING_MANUAL_GENERATION,,triangle-strategy
997,MS17F_X37_C0_0010_M_ENG_0030.wav,MS17F_X37_C0_0010_M_ENG_0030,124,124,124,125,เทเนบริส,npc,male,tenebris,assets/triangle-strategy/approved_voice_references/tenebris.wav,รัฐมนตรีแคมเซลล์...ที่นี่ไม่ต้อนรับคนใจอ่อนหรอกนะ ศึกครั้งนี้เราสู้เพื่อแย่งชิงนอร์เซเลียกันอยู่,,,PENDING_MANUAL_GENERATION,,triangle-strategy
998,MS17F_X37_C0_0010_M_IDO_0010.wav,MS17F_X37_C0_0010_M_IDO_0010,125,125,125,126,อีดอร์,npc,male,idore,assets/triangle-strategy/approved_voice_references/idore.wav,พวกมันจะเปิดศึก หรือยกคริสตัลเกลือให้พวกเราโดยดีกันนะ?,,,PENDING_MANUAL_GENERATION,,triangle-strategy
999,MS17F_X37_C0_0010_M_IDO_0020.wav,MS17F_X37_C0_0010_M_IDO_0020,126,126,126,127,อีดอร์,npc,male,idore,assets/triangle-strategy/approved_voice_references/idore.wav,รัฐมนตรีไลล่าพูดถูก เป็นไปได้ที่เขาอาจร่วมมือกับเอสฟรอสต์ เพื่อโค่นล้มเราเช่นกัน,,,PENDING_MANUAL_GENERATION,,triangle-strategy
1000,MS17F_X37_C0_0010_M_IDO_0030.wav,MS17F_X37_C0_0010_M_IDO_0030,127,127,127,128,อีดอร์,npc,male,idore,assets/triangle-strategy/approved_voice_references/idore.wav,ข้าบอกรัฐมนตรีเอกซ์เฮมไปแล้วว่าอาจต้องรับมือกับเขา,,,PENDING_MANUAL_GENERATION,,triangle-strategy
1001,MS17F_X37_C0_0010_M_IDO_0040.wav,MS17F_X37_C0_0010_M_IDO_0040,128,128,128,129,อีดอร์,npc,male,idore,assets/triangle-strategy/approved_voice_references/idore.wav,เป็นข้อเสนอที่ดี เราจะได้กำจัดเอสฟรอสต์ให้สิ้นซากไปเลย,,,PENDING_MANUAL_GENERATION,,triangle-strategy
1002,MS17F_X37_C0_0010_M_IDO_0050.wav,MS17F_X37_C0_0010_M_IDO_0050,129,129,129,130,อีดอร์,npc,male,idore,assets/triangle-strategy/approved_voice_references/idore.wav,และพวกเราต้องชนะ,,,PENDING_MANUAL_GENERATION,,triangle-strategy
1003,MS17F_X37_C0_0010_M_IDO_0060.wav,MS17F_X37_C0_0010_M_IDO_0060,130,130,130,131,อีดอร์,npc,male,idore,assets/triangle-strategy/approved_voice_references/idore.wav,ทัพของเราต้องการเอลฟริค ช่วยจัดการให้ด้วย รัฐมนตรีไลล่า,,,PENDING_MANUAL_GENERATION,,triangle-strategy
1004,MS17F_X37_C0_0010_M_KNS_0010.wav,MS17F_X37_C0_0010_M_KNS_0010,131,131,131,132,แคมเซลล์,npc,male,kamsell,assets/triangle-strategy/approved_voice_references/kamsell.wav,ตอนนี้รัฐมนตรีเอกซ์เฮมน่าจะเดินทัพข้ามแคว้นวูล์ฟฟอร์ต เป็นที่เรียบร้อยแล้ว,,,PENDING_MANUAL_GENERATION,,triangle-strategy
1005,MS17F_X37_C0_0010_M_KNS_0020.wav,MS17F_X37_C0_0010_M_KNS_0020,132,132,132,133,แคมเซลล์,npc,male,kamsell,assets/triangle-strategy/approved_voice_references/kamsell.wav,วูล์ฟฟอร์ตเป็นตระกูลที่มีศักดิ์ศรี หากเรากดดันพวกเขามากเกินไป...รับรองว่าพวกเขาโต้กลับแน่,,,PENDING_MANUAL_GENERATION,,triangle-strategy
1006,MS17F_X37_C0_0010_M_KNS_0030.wav,MS17F_X37_C0_0010_M_KNS_0030,133,133,133,134,แคมเซลล์,npc,male,kamsell,assets/triangle-strategy/approved_voice_references/kamsell.wav,แต่วูล์ฟฟอร์ตก็จะถูกทำลายไปด้วยเช่นกันนะขอรับ ท่านคงไม่ต้องการเช่นนั้นหรอกใช่ไหม...,,,PENDING_MANUAL_GENERATION,,triangle-strategy
1007,MS17F_X37_WD_0010_N_NNN_0010.wav,MS17F_X37_WD_0010_N_NNN_0010,134,134,134,135,Narrator,narrator,female,narrator,assets/triangle-strategy/approved_voice_references/narrator.wav,ไฮแซนต์เร่งระดมทัพสู่แหล่งคริสตัลเกลือทันทีที่รู้ข่าว พวกเขามุ่งหน้าสู่แคว้นวูล์ฟฟอร์ต...โดยหวังจะยึดครองเหมืองแห่งนั้น,,,PENDING_MANUAL_GENERATION,,triangle-strategy
1008,MS17F_X37_WD_0010_N_NNN_0020.wav,MS17F_X37_WD_0010_N_NNN_0020,135,135,135,136,Narrator,narrator,female,narrator,assets/triangle-strategy/approved_voice_references/narrator.wav,เซเรโนอาจึงถือโอกาสนี้เพื่อปลดปล่อยชาวโรเซลล์ในนาเกลือ,,,PENDING_MANUAL_GENERATION,,triangle-strategy
1009,MS17F_X37_WD_0010_N_NNN_0030.wav,MS17F_X37_WD_0010_N_NNN_0030,136,136,136,137,Narrator,narrator,female,narrator,assets/triangle-strategy/approved_voice_references/narrator.wav,แต่การตัดสินใจนั้นทำให้เบเนดิกต์ต้องแยกทางกับวูล์ฟฟอร์ต,,,PENDING_MANUAL_GENERATION,,triangle-strategy
1010,MS17F_X37_WD_0010_N_NNN_0040.wav,MS17F_X37_WD_0010_N_NNN_0040,137,137,137,138,Narrator,narrator,female,narrator,assets/triangle-strategy/approved_voice_references/narrator.wav,"เซเรโนอาผู้โศกเศร้ากับสูญเสียมิตรสหาย ได้มุ่งหน้าสู่เมืองหลวงไฮแซนต์
โดยมีเป้าหมายในการช่วยชาวโรเซลล์ก่อกบฎ... ต่อกรกับผู้ข่มเหงรังแก",,,PENDING_MANUAL_GENERATION,,triangle-strategy
1011,MS17R_X36_A0_1020_F_FRE_0010.wav,MS17R_X36_A0_1020_F_FRE_0010,0,0,0,1,Frederica,main,female,frederica,assets/triangle-strategy/approved_voice_references/frederica.wav,ไม่ได้จีล่า เจ้าต้องอยู่ที่นี่,,,PENDING_MANUAL_GENERATION,,triangle-strategy
1012,MS17R_X36_A0_1020_F_FRE_0020.wav,MS17R_X36_A0_1020_F_FRE_0020,1,1,1,2,Frederica,main,female,frederica,assets/triangle-strategy/approved_voice_references/frederica.wav,ตระกูลวูล์ฟฟอร์ตต้องการความช่วยเหลือเพื่อรับมือศึกที่กำลังคืบคลานเข้ามา ได้โปรด...ดูแลเซเรโนอากับคนอื่นๆแทนข้าด้วย,,,PENDING_MANUAL_GENERATION,,triangle-strategy
1013,MS17R_X36_A0_1020_F_FRE_0030.wav,MS17R_X36_A0_1020_F_FRE_0030,2,2,2,3,Frederica,main,female,frederica,assets/triangle-strategy/approved_voice_references/frederica.wav,ข้าขอโทษด้วยที่ชอบคิดถึงคนอื่นเสมอ... และก็ขอบคุณสำหรับทุกอย่างที่ทำให้ข้าด้วยนะ,,,PENDING_MANUAL_GENERATION,,triangle-strategy
1014,MS17R_X36_A0_1020_F_FRE_0040.wav,MS17R_X36_A0_1020_F_FRE_0040,3,3,3,4,Frederica,main,female,frederica,assets/triangle-strategy/approved_voice_references/frederica.wav,ครั้งนี้ข้าต้องไปทำในสิ่งที่ฟ้าลิขิตให้ข้าจริงๆ,,,PENDING_MANUAL_GENERATION,,triangle-strategy
1015,MS17R_X36_A0_1020_F_FRE_0050.wav,MS17R_X36_A0_1020_F_FRE_0050,4,4,4,5,Frederica,main,female,frederica,assets/triangle-strategy/approved_voice_references/frederica.wav,ข้าจะเล่าเรื่องของเรา ประวัติศาสตร์นอร์เซเลียอันแท้จริง ให้ทุกคนที่ต้องการจะฟัง,,,PENDING_MANUAL_GENERATION,,triangle-strategy
1016,MS17R_X36_A0_1020_F_FRE_0060.wav,MS17R_X36_A0_1020_F_FRE_0060,5,5,5,6,Frederica,main,female,frederica,assets/triangle-strategy/approved_voice_references/frederica.wav,ข้ารู้ว่าตัวเองเปลี่ยนพวกเขาไม่ได้ภายในชั่วข้ามคืนหรอก...,,,PENDING_MANUAL_GENERATION,,triangle-strategy
1017,MS17R_X36_A0_1020_F_FRE_0070.wav,MS17R_X36_A0_1020_F_FRE_0070,6,6,6,7,Frederica,main,female,frederica,assets/triangle-strategy/approved_voice_references/frederica.wav,แต่ข้ามั่นใจว่าสักวันหนึ่งจะมีคนที่เริ่มเชื่อ และพวกเขาเหล่านั้นจะช่วยข้าปลดปล่อยชาวโรเซลล์,,,PENDING_MANUAL_GENERATION,,triangle-strategy
1018,MS17R_X36_A0_1020_F_FRE_0080.wav,MS17R_X36_A0_1020_F_FRE_0080,7,7,7,8,Frederica,main,female,frederica,assets/triangle-strategy/approved_voice_references/frederica.wav,สักวันหนึ่ง ข้าจะมีพรรคพวกมากพอที่จะโค่นล้มรากฐานคำสอนเทพธิดา และปูทางสู่อิสรภาพให้แก่คนของข้า,,,PENDING_MANUAL_GENERATION,,triangle-strategy
1019,MS17R_X36_A0_1020_F_FRE_0090.wav,MS17R_X36_A0_1020_F_FRE_0090,8,8,8,9,Frederica,main,female,frederica,assets/triangle-strategy/approved_voice_references/frederica.wav,ข้ารู้ แต่มันก็เป็นเส้นทางเดียวกันกับท่านแม่นี่นะ,,,PENDING_MANUAL_GENERATION,,triangle-strategy
1020,MS17R_X36_A0_1020_F_FRE_0100.wav,MS17R_X36_A0_1020_F_FRE_0100,9,9,9,10,Frederica,main,female,frederica,assets/triangle-strategy/approved_voice_references/frederica.wav,ข้าจะเดินตามรอยนาง และไปให้ไกลยิ่งกว่านั้น ข้าต้องการเห็นอนาคตที่นางยังทำไม่สำเร็จ,,,PENDING_MANUAL_GENERATION,,triangle-strategy
1021,MS17R_X36_A0_1020_F_FRE_0110.wav,MS17R_X36_A0_1020_F_FRE_0110,10,10,10,11,Frederica,main,female,frederica,assets/triangle-strategy/approved_voice_references/frederica.wav,ข้าสัญญา จีล่า,,,PENDING_MANUAL_GENERATION,,triangle-strategy
1022,MS17R_X36_A0_1020_F_YRA_0010.wav,MS17R_X36_A0_1020_F_YRA_0010,11,11,11,12,Geela,main,female,geela,assets/triangle-strategy/approved_voice_references/geela.wav,ช้าก่อน เฟรเดอริก้า! ข้าขอไปกับท่านด้วย!,,,PENDING_MANUAL_GENERATION,,triangle-strategy
1023,MS17R_X36_A0_1020_F_YRA_0020.wav,MS17R_X36_A0_1020_F_YRA_0020,12,12,12,13,Geela,main,female,geela,assets/triangle-strategy/approved_voice_references/geela.wav,...ท่านต้องการเช่นนั้นจริงๆ เหรอ?,,,PENDING_MANUAL_GENERATION,,triangle-strategy
1024,MS17R_X36_A0_1020_F_YRA_0030.wav,MS17R_X36_A0_1020_F_YRA_0030,13,13,13,14,Geela,main,female,geela,assets/triangle-strategy/approved_voice_references/geela.wav,ข้ารู้ว่าท่านอยากจะปลดปล่อยชาวโรเซลล์ แต่ตัวท่านคนเดียวจะทำให้มันสำเร็จได้ยังไงเจ้าคะ?,,,PENDING_MANUAL_GENERATION,,triangle-strategy
1025,MS17R_X36_A0_1020_F_YRA_0040.wav,MS17R_X36_A0_1020_F_YRA_0040,14,14,14,15,Geela,main,female,geela,assets/triangle-strategy/approved_voice_references/geela.wav,อาจจะมีวันนั้นก็จริง แต่กว่าจะไปถึงจุดนั้นได้มันไม่ง่ายเลยนะ การเดินทางของท่านจะเต็มไปด้วยขวากหนามอันตรายแน่นอน,,,PENDING_MANUAL_GENERATION,,triangle-strategy
1026,MS17R_X36_A0_1020_F_YRA_0050.wav,MS17R_X36_A0_1020_F_YRA_0050,15,15,15,16,Geela,main,female,geela,assets/triangle-strategy/approved_voice_references/geela.wav,เหมือนว่าข้าคงสอนอะไรท่านต่อไปไม่ได้แล้วล่ะ แต่สัญญากับข้าก่อนได้ไหม,,,PENDING_MANUAL_GENERATION,,triangle-strategy
1027,MS17R_X36_A0_1020_F_YRA_0060.wav,MS17R_X36_A0_1020_F_YRA_0060,16,16,16,17,Geela,main,female,geela,assets/triangle-strategy/approved_voice_references/geela.wav,ไม่ว่าจะเกิดอะไรขึ้น ท่านจะมีชีวิตต่อไป และจงเข้มแข็งเข้าไว้เจ้าค่ะ,,,PENDING_MANUAL_GENERATION,,triangle-strategy
1028,MS17R_X36_B0_0010_M_GST_0010.wav,MS17R_X36_B0_0010_M_GST_0010,17,17,17,18,กุสตาดอล์ฟ,npc,male,gustadolph,assets/triangle-strategy/approved_voice_references/gustadolph.wav,โรแลนด์... อาการหนักถึงขั้นขายคริสตัลและบัลลังก์ให้กับพวกคลั่งศาสนาเลยเหรอ,,,PENDING_MANUAL_GENERATION,,triangle-strategy
1029,MS17R_X36_B0_0010_M_GST_0020.wav,MS17R_X36_B0_0010_M_GST_0020,18,18,18,19,กุสตาดอล์ฟ,npc,male,gustadolph,assets/triangle-strategy/approved_voice_references/gustadolph.wav,รู้ตัวบ้างไหมว่าตนเองไร้อำนาจเพียงใด? หรือเจ้าแค่ถูกวูล์ฟฟอร์ตล้างสมองกันแน่?,,,PENDING_MANUAL_GENERATION,,triangle-strategy
1030,MS17R_X36_B0_0010_M_GST_0030.wav,MS17R_X36_B0_0010_M_GST_0030,19,19,19,20,กุสตาดอล์ฟ,npc,male,gustadolph,assets/triangle-strategy/approved_voice_references/gustadolph.wav,จะเหตุผลอะไรก็ช่างเถอะ เจ้ามันโง่ที่ละทิ้งอิสรภาพของตน และมันก็ไม่ใช่เรื่องที่ข้าต้องมาใส่ใจด้วยซ้ำ,,,PENDING_MANUAL_GENERATION,,triangle-strategy
1031,MS17R_X36_B0_0010_M_GST_0040.wav,MS17R_X36_B0_0010_M_GST_0040,20,20,20,21,กุสตาดอล์ฟ,npc,male,gustadolph,assets/triangle-strategy/approved_voice_references/gustadolph.wav,ซิคราส ข้าฝากเจ้าควบคุมประตูแฝดด้วย กำจัดลูกสมุนเทพธิดาที่เข้าใกล้ให้หมดทุกคนซะ!,,,PENDING_MANUAL_GENERATION,,triangle-strategy
1032,MS17R_X36_B0_0010_M_GST_0050.wav,MS17R_X36_B0_0010_M_GST_0050,21,21,21,22,กุสตาดอล์ฟ,npc,male,gustadolph,assets/triangle-strategy/approved_voice_references/gustadolph.wav,เราต้องรู้ผลแพ้ชนะก่อนที่เกลือในเหมืองจะหมด... แต่นั่นคือสิ่งที่ข้าต้องการเลยล่ะ,,,PENDING_MANUAL_GENERATION,,triangle-strategy
1033,MS17R_X36_B0_0010_M_GST_0060.wav,MS17R_X36_B0_0010_M_GST_0060,22,22,22,23,กุสตาดอล์ฟ,npc,male,gustadolph,assets/triangle-strategy/approved_voice_references/gustadolph.wav,เทพธิดาแห่งเกลือจะพ่ายแพ้ในคราวนี้หรือเปล่านะ? หรือเอสฟรอสต์ของข้าจะถูกลบหายไปจากประวัติศาสตร์กันล่ะ?,,,PENDING_MANUAL_GENERATION,,triangle-strategy
1034,MS17R_X36_B0_0010_M_GST_0070.wav,MS17R_X36_B0_0010_M_GST_0070,23,23,23,24,กุสตาดอล์ฟ,npc,male,gustadolph,assets/triangle-strategy/approved_voice_references/gustadolph.wav,ได้เวลาตัดสินผู้ครองอำนาจนอร์เซเลียแล้ว!,,,PENDING_MANUAL_GENERATION,,triangle-strategy
1035,MS17R_X36_B0_0010_M_SEC_0010.wav,MS17R_X36_B0_0010_M_SEC_0010,24,24,24,25,ซิคราส,npc,male,sycras,assets/triangle-strategy/approved_voice_references/sycras.wav,ข่าวด่วนขอรับนายท่าน!,,,PENDING_MANUAL_GENERATION,,triangle-strategy
1036,MS17R_X36_B0_0010_M_SEC_0020.wav,MS17R_X36_B0_0010_M_SEC_0020,25,25,25,26,ซิคราส,npc,male,sycras,assets/triangle-strategy/approved_voice_references/sycras.wav,ฝ่าบาทโรแลนด์สละบัลลังก์และถูกแต่งตั้งเป็นผู้ศักดิ์สิทธิ์,,,PENDING_MANUAL_GENERATION,,triangle-strategy
1037,MS17R_X36_B0_0010_M_SEC_0030.wav,MS17R_X36_B0_0010_M_SEC_0030,26,26,26,27,ซิคราส,npc,male,sycras,assets/triangle-strategy/approved_voice_references/sycras.wav,ตอนนี้อาณาจักรเกลนบรู๊คตกเป็นของรัฐศักดิ์สิทธิ์อย่างสมบูรณ์แล้วขอรับ,,,PENDING_MANUAL_GENERATION,,triangle-strategy
1038,MS17R_X36_B0_0010_M_SEC_0040.wav,MS17R_X36_B0_0010_M_SEC_0040,27,27,27,28,ซิคราส,npc,male,sycras,assets/triangle-strategy/approved_voice_references/sycras.wav,บัดนี้อาณาจักรทั้งสองได้รวมพลังกัน และกำลังมุ่งหน้ามาสู่เอสฟรอสต์ในขณะนี้ขอรับ!,,,PENDING_MANUAL_GENERATION,,triangle-strategy
1039,MS17R_X36_B0_0010_M_SEC_0050.wav,MS17R_X36_B0_0010_M_SEC_0050,28,28,28,29,ซิคราส,npc,male,sycras,assets/triangle-strategy/approved_voice_references/sycras.wav,ขอรับ! เราจะปกป้องอิสรภาพให้คงอยู่!,,,PENDING_MANUAL_GENERATION,,triangle-strategy
1040,MS17R_X36_C0_0010_M_IDO_0010.wav,MS17R_X36_C0_0010_M_IDO_0010,30,30,30,31,อีดอร์,npc,male,idore,assets/triangle-strategy/approved_voice_references/idore.wav,โรแลนด์ เกลนบรู๊ค ท่านจะยอมรับคำสอนแห่งเทพธิดา และสาบานจะอุทิศชีวิตเพื่อรับใช้นางหรือไม่?,,,PENDING_MANUAL_GENERATION,,triangle-strategy
1041,MS17R_X36_C0_0010_M_IDO_0020.wav,MS17R_X36_C0_0010_M_IDO_0020,31,31,31,32,อีดอร์,npc,male,idore,assets/triangle-strategy/approved_voice_references/idore.wav,ทุกคนในนอร์เซเลียงั้นเหรอ... แสดงว่าท่านอยากโค่นล้มเอสฟรอสต์สินะ?,,,PENDING_MANUAL_GENERATION,,triangle-strategy
1042,MS17R_X36_C0_0010_M_IDO_0030.wav,MS17R_X36_C0_0010_M_IDO_0030,32,32,32,33,อีดอร์,npc,male,idore,assets/triangle-strategy/approved_voice_references/idore.wav,พระองค์ขอรับ ท่านยอมรับข้อเสนอนี้หรือไม่?,,,PENDING_MANUAL_GENERATION,,triangle-strategy
1043,MS17R_X36_C0_0010_M_IDO_0040.wav,MS17R_X36_C0_0010_M_IDO_0040,33,33,33,34,อีดอร์,npc,male,idore,assets/triangle-strategy/approved_voice_references/idore.wav,จงสดับฟังถ้อยคำของพระองค์เสียเถิด,,,PENDING_MANUAL_GENERATION,,triangle-strategy
1044,MS17R_X36_C0_0010_M_IDO_0050.wav,MS17R_X36_C0_0010_M_IDO_0050,34,34,34,35,อีดอร์,npc,male,idore,assets/triangle-strategy/approved_voice_references/idore.wav,โรแลนด์ เกลนบรู๊ค ผู้ถูกแต่งตั้งให้เป็นเจ็ดผู้ศักดิ์สิทธิ์ในขณะนี้ พวกเราจะสนับสนุนทัพท่านเอง,,,PENDING_MANUAL_GENERATION,,triangle-strategy
1045,MS17R_X36_C0_0010_M_IDO_0060.wav,MS17R_X36_C0_0010_M_IDO_0060,35,35,35,36,อีดอร์,npc,male,idore,assets/triangle-strategy/approved_voice_references/idore.wav,ด้วยพลังของเราทั้งสอง เอสฟรอสต์จักต้องพังพินาศ และนอร์เซเลียจะก้าวสู่ยุคใหม่ ซึ่งพรของเทพธิดาจะส่งถึงปวงชนทุกคน!,,,PENDING_MANUAL_GENERATION,,triangle-strategy
1046,MS17R_X36_C0_0010_M_KNS_0010.wav,MS17R_X36_C0_0010_M_KNS_0010,36,36,36,37,แคมเซลล์,npc,male,kamsell,assets/triangle-strategy/approved_voice_references/kamsell.wav,ฝ่าบาทโรแลนด์ ท่านพร้อมหรือยัง?,,,PENDING_MANUAL_GENERATION,,triangle-strategy
1047,MS17R_X36_C0_0010_M_RLN_0010.wav,MS17R_X36_C0_0010_M_RLN_0010,37,37,37,38,Roland,main,male,roland,assets/triangle-strategy/approved_voice_references/roland.wav,...ข้าพร้อมแล้วขอรับ,,,PENDING_MANUAL_GENERATION,,triangle-strategy
1048,MS17R_X36_C0_0010_M_RLN_0020.wav,MS17R_X36_C0_0010_M_RLN_0020,38,38,38,39,Roland,main,male,roland,assets/triangle-strategy/approved_voice_references/roland.wav,ข้าสาบาน,,,PENDING_MANUAL_GENERATION,,triangle-strategy
1049,MS17R_X36_C0_0010_M_RLN_0030.wav,MS17R_X36_C0_0010_M_RLN_0030,39,39,39,40,Roland,main,male,roland,assets/triangle-strategy/approved_voice_references/roland.wav,ไม่เพียงแต่ชีวิตที่ข้าอุทิศให้เท่านั้น แต่รวมถึงตำแหน่งกษัตริย์ อาณาจักร และคริสตัลเกลือที่อยู่เบื้องล่างด้วยเช่นกัน,,,PENDING_MANUAL_GENERATION,,triangle-strategy
1050,MS17R_X36_C0_0010_M_RLN_0040.wav,MS17R_X36_C0_0010_M_RLN_0040,40,40,40,41,Roland,main,male,roland,assets/triangle-strategy/approved_voice_references/roland.wav,แต่ข้าอยากขอให้นางมอบพรของนางแก่ปวงชนนอร์เซเลียทุกคนเป็นการแลกเปลี่ยน เพื่อความสงบสุขของทวีปนี้,,,PENDING_MANUAL_GENERATION,,triangle-strategy
1051,MS17R_X36_C0_0010_M_RLN_0050.wav,MS17R_X36_C0_0010_M_RLN_0050,41,41,41,42,Roland,main,male,roland,assets/triangle-strategy/approved_voice_references/roland.wav,ขอรับ ตระกูลวูล์ฟฟอร์ตและตัวข้าจะเป็นแนวหน้าให้ท่านเอง,,,PENDING_MANUAL_GENERATION,,triangle-strategy
1052,MS17R_X36_C0_0010_M_RLN_0060.wav,MS17R_X36_C0_0010_M_RLN_0060,42,42,42,43,Roland,main,male,roland,assets/triangle-strategy/approved_voice_references/roland.wav,...ข้ารับปากขอรับ,,,PENDING_MANUAL_GENERATION,,triangle-strategy
1053,MS17R_X36_C0_0020_M_EGS_0010.wav,MS17R_X36_C0_0020_M_EGS_0010,44,44,44,45,Exharme,npc,male,exharme,assets/triangle-strategy/approved_voice_references/exharme.wav,เรื่องลานประลอง ข้าไม่คิดว่าเรามีหลักฐานมัดตัวเขานะขอรับ...,,,PENDING_MANUAL_GENERATION,,triangle-strategy
1054,MS17R_X36_C0_0020_M_EGS_0020.wav,MS17R_X36_C0_0020_M_EGS_0020,45,45,45,46,Exharme,npc,male,exharme,assets/triangle-strategy/approved_voice_references/exharme.wav,นี่คือความประสงค์ของเทพธิดาจริงๆ เหรอ?,,,PENDING_MANUAL_GENERATION,,triangle-strategy
1055,MS17R_X36_C0_0020_M_EGS_0030.wav,MS17R_X36_C0_0020_M_EGS_0030,46,46,46,47,Exharme,npc,male,exharme,assets/triangle-strategy/approved_voice_references/exharme.wav,...ขอรับ,,,PENDING_MANUAL_GENERATION,,triangle-strategy
1056,MS17R_X36_C0_0020_M_ENG_0010.wav,MS17R_X36_C0_0020_M_ENG_0010,47,47,47,48,เทเนบริส,npc,male,tenebris,assets/triangle-strategy/approved_voice_references/tenebris.wav,แต่ขณะนี้เซเรโนอากำลังดำรงตำแหน่งแทนซอสเลย์อยู่น่ะสิขอรับ...,,,PENDING_MANUAL_GENERATION,,triangle-strategy
1057,MS17R_X36_C0_0020_M_ENG_0020.wav,MS17R_X36_C0_0020_M_ENG_0020,48,48,48,49,เทเนบริส,npc,male,tenebris,assets/triangle-strategy/approved_voice_references/tenebris.wav,ตำแหน่งว่างเหรอขอรับ...?,,,PENDING_MANUAL_GENERATION,,triangle-strategy
1058,MS17R_X36_C0_0020_M_ENG_0030.wav,MS17R_X36_C0_0020_M_ENG_0030,49,49,49,50,เทเนบริส,npc,male,tenebris,assets/triangle-strategy/approved_voice_references/tenebris.wav,ขะ-ข้าไม่รู้เห็นเรื่องนี้เลย! ท่านมีหลักฐานเหรอ!?,,,PENDING_MANUAL_GENERATION,,triangle-strategy
1059,MS17R_X36_C0_0020_M_ENG_0040.wav,MS17R_X36_C0_0020_M_ENG_0040,50,50,50,51,เทเนบริส,npc,male,tenebris,assets/triangle-strategy/approved_voice_references/tenebris.wav,แคลรุส!? ไอ้เลวนั่นมันหักหลังข้าเพื่อเอาชนะใจท่านสินะ...!,,,PENDING_MANUAL_GENERATION,,triangle-strategy
1060,MS17R_X36_C0_0020_M_ENG_0050.wav,MS17R_X36_C0_0020_M_ENG_0050,51,51,51,52,เทเนบริส,npc,male,tenebris,assets/triangle-strategy/approved_voice_references/tenebris.wav,ชะ-ช้าก่อนสิท่าน! จะเอาตำแหน่งหรือเงินทอง อยากได้อะไรก็เอาไปเลย แต่...โปรดไว้ชีวิตข้าด้วยเถิด!,,,PENDING_MANUAL_GENERATION,,triangle-strategy
1061,MS17R_X36_C0_0020_M_ENG_0060.wav,MS17R_X36_C0_0020_M_ENG_0060,52,52,52,53,เทเนบริส,npc,male,tenebris,assets/triangle-strategy/approved_voice_references/tenebris.wav,อ้ากกกกก!,,,PENDING_MANUAL_GENERATION,,triangle-strategy
1062,MS17R_X36_C0_0020_M_IDO_0010.wav,MS17R_X36_C0_0020_M_IDO_0010,53,53,53,54,อีดอร์,npc,male,idore,assets/triangle-strategy/approved_voice_references/idore.wav,เทพธิดาทรงนำพาเกลนบรู๊คมาเรา พวกมันสาบานจะรับใช้ไฮแซนต์เป็นที่เรียบร้อยแล้ว,,,PENDING_MANUAL_GENERATION,,triangle-strategy
1063,MS17R_X36_C0_0020_M_IDO_0020.wav,MS17R_X36_C0_0020_M_IDO_0020,54,54,54,55,อีดอร์,npc,male,idore,assets/triangle-strategy/approved_voice_references/idore.wav,อดีตกษัตริย์โรแลนด์ถึงขั้นยอมสละตำแหน่ง อาณาจักร รวมถึงคริสตัลเกลือถวายให้นางเชียวนะ,,,PENDING_MANUAL_GENERATION,,triangle-strategy
1064,MS17R_X36_C0_0020_M_IDO_0030.wav,MS17R_X36_C0_0020_M_IDO_0030,55,55,55,56,อีดอร์,npc,male,idore,assets/triangle-strategy/approved_voice_references/idore.wav,และหัวหน้านักบวชก็ได้แต่งตั้งให้เขาเป็นผู้ศักดิ์สิทธิ์เป็นการตอบแทน,,,PENDING_MANUAL_GENERATION,,triangle-strategy
1065,MS17R_X36_C0_0020_M_IDO_0040.wav,MS17R_X36_C0_0020_M_IDO_0040,56,56,56,57,อีดอร์,npc,male,idore,assets/triangle-strategy/approved_voice_references/idore.wav,มันก็ถูก แต่อีกเดี๋ยวก็จะมีตำแหน่งว่างแล้วล่ะ,,,PENDING_MANUAL_GENERATION,,triangle-strategy
1066,MS17R_X36_C0_0020_M_IDO_0050.wav,MS17R_X36_C0_0020_M_IDO_0050,57,57,57,58,อีดอร์,npc,male,idore,assets/triangle-strategy/approved_voice_references/idore.wav,รัฐมนตรีเทเนบริส ท่านเองก็สมรู้ร่วมคิดกับซอสเลย์เรื่องการค้าเกลือผิดกฎหมายมิใช่หรือ?,,,PENDING_MANUAL_GENERATION,,triangle-strategy
1067,MS17R_X36_C0_0020_M_IDO_0060.wav,MS17R_X36_C0_0020_M_IDO_0060,58,58,58,59,อีดอร์,npc,male,idore,assets/triangle-strategy/approved_voice_references/idore.wav,แถมท่านยังรับเงินสกปรกเข้ากระเป๋า จากลานประลองใต้ดินอีกต่างหาก,,,PENDING_MANUAL_GENERATION,,triangle-strategy
1068,MS17R_X36_C0_0020_M_IDO_0070.wav,MS17R_X36_C0_0020_M_IDO_0070,59,59,59,60,อีดอร์,npc,male,idore,assets/triangle-strategy/approved_voice_references/idore.wav,อย่ามาทำไขสือ แคลรุสจากสมาคมนำเรื่องนี้มาร้องเรียนข้าเอง,,,PENDING_MANUAL_GENERATION,,triangle-strategy
1069,MS17R_X36_C0_0020_M_IDO_0080.wav,MS17R_X36_C0_0020_M_IDO_0080,60,60,60,61,อีดอร์,npc,male,idore,assets/triangle-strategy/approved_voice_references/idore.wav,โปรดชี้แนะด้วยขอรับ ท่านหัวหน้านักบวช,,,PENDING_MANUAL_GENERATION,,triangle-strategy
1070,MS17R_X36_C0_0020_M_IDO_0090.wav,MS17R_X36_C0_0020_M_IDO_0090,61,61,61,62,อีดอร์,npc,male,idore,assets/triangle-strategy/approved_voice_references/idore.wav,จงสดับฟังถ้อยคำของเขาเสียเถิด,,,PENDING_MANUAL_GENERATION,,triangle-strategy
1071,MS17R_X36_C0_0020_M_IDO_0100.wav,MS17R_X36_C0_0020_M_IDO_0100,62,62,62,63,อีดอร์,npc,male,idore,assets/triangle-strategy/approved_voice_references/idore.wav,การไม่เชื่อฟังคำสอน และเอายศของตัวเองมาต่อรองเพื่อผลประโยชน์ส่วนตน เป็นบาปที่ให้อภัยไม่ได้,,,PENDING_MANUAL_GENERATION,,triangle-strategy
1072,MS17R_X36_C0_0020_M_IDO_0110.wav,MS17R_X36_C0_0020_M_IDO_0110,63,63,63,64,อีดอร์,npc,male,idore,assets/triangle-strategy/approved_voice_references/idore.wav,รัฐมนตรีเทเนบริส ท่านต้องถวายสองสิ่งให้กับเทพธิดา โทษฐานกระทำผิดร้ายแรง,,,PENDING_MANUAL_GENERATION,,triangle-strategy
1073,MS17R_X36_C0_0020_M_IDO_0120.wav,MS17R_X36_C0_0020_M_IDO_0120,64,64,64,65,อีดอร์,npc,male,idore,assets/triangle-strategy/approved_voice_references/idore.wav,หนึ่งคือยศตำแหน่งของท่าน,,,PENDING_MANUAL_GENERATION,,triangle-strategy
1074,MS17R_X36_C0_0020_M_IDO_0130.wav,MS17R_X36_C0_0020_M_IDO_0130,65,65,65,66,อีดอร์,npc,male,idore,assets/triangle-strategy/approved_voice_references/idore.wav,สอง...คือชีวิตของท่าน,,,PENDING_MANUAL_GENERATION,,triangle-strategy
1075,MS17R_X36_C0_0020_M_IDO_0140.wav,MS17R_X36_C0_0020_M_IDO_0140,66,66,66,67,อีดอร์,npc,male,idore,assets/triangle-strategy/approved_voice_references/idore.wav,วันนี้มีของถวายให้เทพธิดาเยอะแยะเลย...,,,PENDING_MANUAL_GENERATION,,triangle-strategy
1076,MS17R_X36_C0_0020_M_IDO_0150.wav,MS17R_X36_C0_0020_M_IDO_0150,67,67,67,68,อีดอร์,npc,male,idore,assets/triangle-strategy/approved_voice_references/idore.wav,หลักฐานมันอยู่ในคำพูดของเทเนบริสแล้ว,,,PENDING_MANUAL_GENERATION,,triangle-strategy
1077,MS17R_X36_C0_0020_M_IDO_0160.wav,MS17R_X36_C0_0020_M_IDO_0160,68,68,68,69,อีดอร์,npc,male,idore,assets/triangle-strategy/approved_voice_references/idore.wav,ทุกคนเท่าเทียมกันในสายตาของเทพธิดา,,,PENDING_MANUAL_GENERATION,,triangle-strategy
1078,MS17R_X36_C0_0020_M_IDO_0170.wav,MS17R_X36_C0_0020_M_IDO_0170,69,69,69,70,อีดอร์,npc,male,idore,assets/triangle-strategy/approved_voice_references/idore.wav,นางจะอวยพรผู้ศรัทธา และลงโทษผู้ที่ไม่เชื่อมั่น,,,PENDING_MANUAL_GENERATION,,triangle-strategy
1079,MS17R_X36_C0_0020_M_IDO_0180.wav,MS17R_X36_C0_0020_M_IDO_0180,70,70,70,71,อีดอร์,npc,male,idore,assets/triangle-strategy/approved_voice_references/idore.wav,การเป็นผู้ศักดิ์สิทธิ์มันไม่ช่วยให้รอดพ้นหรอก จำไว้ก็ดีนะท่านรัฐมนตรี,,,PENDING_MANUAL_GENERATION,,triangle-strategy
1080,MS17R_X36_WD_0010_N_NNN_0010.wav,MS17R_X36_WD_0010_N_NNN_0010,71,71,71,72,Narrator,narrator,female,narrator,assets/triangle-strategy/approved_voice_references/narrator.wav,เฟรเดอริก้าผู้มุ่งมั่นในการปลดปล่อยชาวโรเซลล์ ได้ละทิ้งเซเรโนอาสุดที่รักไว้เบื้องหลัง,,,PENDING_MANUAL_GENERATION,,triangle-strategy
1081,MS17R_X36_WD_0010_N_NNN_0020.wav,MS17R_X36_WD_0010_N_NNN_0020,72,72,72,73,Narrator,narrator,female,narrator,assets/triangle-strategy/approved_voice_references/narrator.wav,ทางโรแลนด์เองก็ได้เปิดเหมืองคริสตัลเกลือให้แก่ไฮแซนต์ และยอมจำนนถวายทุกอย่างรวมถึงเหมืองนอร์เซเลีย ต่อรัฐศักดิ์สิทธิ์,,,PENDING_MANUAL_GENERATION,,triangle-strategy
1082,MS17R_X36_WD_0010_N_NNN_0030.wav,MS17R_X36_WD_0010_N_NNN_0030,73,73,73,74,Narrator,narrator,female,narrator,assets/triangle-strategy/approved_voice_references/narrator.wav,หัวหน้านักบวชได้ตอบรับข้อเสนอ และรวมชาติทั้งสองเข้าด้วยกัน... และเซเรโนอากับโรแลนด์จึงถูกเชิญไปยังตำหนักหัวหน้านักบวชในเวลาต่อมา,,,PENDING_MANUAL_GENERATION,,triangle-strategy
1083,MS17S_X38_A1_0010_M_BND_0010.wav,MS17S_X38_A1_0010_M_BND_0010,0,0,0,1,Benedict,main,male,benedict,assets/triangle-strategy/approved_voice_references/benedict.wav,รัฐมนตรีเอกซ์เฮม ยกโขยงกองทัพจากไฮแซนต์มาเจรจางั้นเหรอ,,,PENDING_MANUAL_GENERATION,,triangle-strategy
1084,MS17S_X38_A1_0010_M_BND_0020.wav,MS17S_X38_A1_0010_M_BND_0020,1,1,1,2,Benedict,main,male,benedict,assets/triangle-strategy/approved_voice_references/benedict.wav,ล้อมปราสาทเราขนาดนี้ ยังอุตส่าห์ให้เกียรติมาเจรจาอีกนะเนี่ย,,,PENDING_MANUAL_GENERATION,,triangle-strategy
1085,MS17S_X38_A1_0010_M_BND_0030.wav,MS17S_X38_A1_0010_M_BND_0030,2,2,2,3,Benedict,main,male,benedict,assets/triangle-strategy/approved_voice_references/benedict.wav,เขาต้องการให้เรายกคริสตัลเกลือให้รัฐศักดิ์สิทธิ์ และยอมเชื่อฟังหัวหน้านักบวช,,,PENDING_MANUAL_GENERATION,,triangle-strategy
1086,MS17S_X38_A1_0010_M_BND_0040.wav,MS17S_X38_A1_0010_M_BND_0040,3,3,3,4,Benedict,main,male,benedict,assets/triangle-strategy/approved_voice_references/benedict.wav,ซึ่งเราปฏิเสธแน่นอน รับรองเจอศึกหนักแน่,,,PENDING_MANUAL_GENERATION,,triangle-strategy
1087,MS17S_X38_A1_0010_M_BND_0050.wav,MS17S_X38_A1_0010_M_BND_0050,4,4,4,5,Benedict,main,male,benedict,assets/triangle-strategy/approved_voice_references/benedict.wav,เราต้องเตรียมตัวให้พร้อม,,,PENDING_MANUAL_GENERATION,,triangle-strategy
1088,MS17S_X38_A1_0010_M_BND_0060.wav,MS17S_X38_A1_0010_M_BND_0060,5,5,5,6,Benedict,main,male,benedict,assets/triangle-strategy/approved_voice_references/benedict.wav,ประชาชนทุกคนอพยพไปที่ปลอดภัยเรียบร้อยแล้ว เรายังมีน้ำมันเหลืออีกเยอะ ที่เหลือก็แค่ตั้งมั่นให้ดีเท่านั้น,,,PENDING_MANUAL_GENERATION,,triangle-strategy
1089,MS17S_X38_A1_0010_M_BND_0070.wav,MS17S_X38_A1_0010_M_BND_0070,6,6,6,7,Benedict,main,male,benedict,assets/triangle-strategy/approved_voice_references/benedict.wav,แม้ว่ากำลังพลของเราน้อยกว่า แต่พื้นที่บริเวณปราสาทจะทำให้เราได้เปรียบ การใช้กับดักอย่างรอบคอบจะทำให้เราถือไพ่เหนือกว่า,,,PENDING_MANUAL_GENERATION,,triangle-strategy
1090,MS17S_X38_A1_0010_M_BND_0080.wav,MS17S_X38_A1_0010_M_BND_0080,7,7,7,8,Benedict,main,male,benedict,assets/triangle-strategy/approved_voice_references/benedict.wav,แม้ศัตรูจะมาเยือนถึงหน้าประตูปราสาท แต่เราจะวางกลยุทธ์อย่างมีสติ...สหายของเราเฝ้ารอชัยชนะอยู่,,,PENDING_MANUAL_GENERATION,,triangle-strategy
1091,MS17S_X38_A1_0010_M_SEL_0010.wav,MS17S_X38_A1_0010_M_SEL_0010,8,8,8,9,Serenoa,main,male,serenoa,assets/triangle-strategy/approved_voice_references/serenoa.wav,อนาคตสดใสกำลังรอเราอยู่เบื้องหน้า ซึ่งเราจะปูเส้นทางขึ้นมาเอง!,,,PENDING_MANUAL_GENERATION,,triangle-strategy
1092,MS17S_X38_BATTLE_01_AFTER_M_BND_0010.wav,MS17S_X38_BATTLE_01_AFTER_M_BND_0010,9,9,9,10,Benedict,main,male,benedict,assets/triangle-strategy/approved_voice_references/benedict.wav,หนีหางจุกตูดกันหมด! จะลองดีกับเราก็หัดยั้งคิดเสียบ้างนะ ไอ้พวกตาขาว!,,,PENDING_MANUAL_GENERATION,,triangle-strategy
1093,MS17S_X38_BATTLE_01_AFTER_M_BND_0020.wav,MS17S_X38_BATTLE_01_AFTER_M_BND_0020,10,10,10,11,Benedict,main,male,benedict,assets/triangle-strategy/approved_voice_references/benedict.wav,จงภูมิใจเสียเถิด เหล่าสหายชายหญิงผู้กล้าหาญแห่งวูล์ฟฟอร์ตเอ๋ย!,,,PENDING_MANUAL_GENERATION,,triangle-strategy
1094,MS17S_X38_BATTLE_01_AFTER_M_BND_0030.wav,MS17S_X38_BATTLE_01_AFTER_M_BND_0030,11,11,11,12,Benedict,main,male,benedict,assets/triangle-strategy/approved_voice_references/benedict.wav,ชัยชนะเป็นของเรา!,,,PENDING_MANUAL_GENERATION,,triangle-strategy
1095,MS17S_X38_BATTLE_01_AFTER_M_EGS_0010.wav,MS17S_X38_BATTLE_01_AFTER_M_EGS_0010,12,12,12,13,Exharme,npc,male,exharme,assets/triangle-strategy/approved_voice_references/exharme.wav,พวกมันสู้โดยไม่คิดชีวิตกันเลย พวกเราพ่ายแพ้ให้ความหยิ่งผยองของตนสินะ,,,PENDING_MANUAL_GENERATION,,triangle-strategy
1096,MS17S_X38_BATTLE_01_AFTER_M_EGS_0020.wav,MS17S_X38_BATTLE_01_AFTER_M_EGS_0020,13,13,13,14,Exharme,npc,male,exharme,assets/triangle-strategy/approved_voice_references/exharme.wav,พวกมันไปเอาความมุ่งมั่นมาจากไหน? อะไรที่ทำให้พวกมันกล้าเสี่ยงตายขนาดนี้กัน?,,,PENDING_MANUAL_GENERATION,,triangle-strategy
1097,MS17S_X38_BATTLE_01_AFTER_M_EGS_0030.wav,MS17S_X38_BATTLE_01_AFTER_M_EGS_0030,14,14,14,15,Exharme,npc,male,exharme,assets/triangle-strategy/approved_voice_references/exharme.wav,วันนี้มันยังไม่จบหรอก ถอยทัพก่อน,,,PENDING_MANUAL_GENERATION,,triangle-strategy
1098,MS17S_X38_BATTLE_01_AFTER_M_EGS_0040.wav,MS17S_X38_BATTLE_01_AFTER_M_EGS_0040,15,15,15,16,Exharme,npc,male,exharme,assets/triangle-strategy/approved_voice_references/exharme.wav,แม้ครั้งนี้เจ้าจะชนะ แต่สงครามมันยังไม่จบ! จำคำข้าไว้เลย...ข้าจะบดขยี้คนลองดีอย่างพวกเจ้าให้เละ!,,,PENDING_MANUAL_GENERATION,,triangle-strategy
1099,MS17S_X38_BATTLE_01_AFTER_M_SEL_0010.wav,MS17S_X38_BATTLE_01_AFTER_M_SEL_0010,16,16,16,17,Serenoa,main,male,serenoa,assets/triangle-strategy/approved_voice_references/serenoa.wav,ชัยชนะเป็นของเรา!,,,PENDING_MANUAL_GENERATION,,triangle-strategy
1100,MS17S_X38_BATTLE_01_AFTER_N_M411_0010.wav,MS17S_X38_BATTLE_01_AFTER_N_M411_0010,17,17,17,18,ชายชาวเมือง / ทหาร / ผู้ติดตาม,generic,male,MALE_ADULT_C,assets/triangle-strategy/approved_voice_references/MALE_ADULT_C.wav,เพื่อตระกูลวูล์ฟฟอร์ต!,,,PENDING_MANUAL_GENERATION,,triangle-strategy
1101,MS17S_X38_BATTLE_01_BEFORE_M_BND_0010.wav,MS17S_X38_BATTLE_01_BEFORE_M_BND_0010,18,18,18,19,Benedict,main,male,benedict,assets/triangle-strategy/approved_voice_references/benedict.wav,มากันแล้ว! ตอนนี้อนาคตที่วาดฝันกำลังรอเราอยู่เบื้องหน้า!,,,PENDING_MANUAL_GENERATION,,triangle-strategy
1102,MS17S_X38_BATTLE_01_BEFORE_M_BND_0020.wav,MS17S_X38_BATTLE_01_BEFORE_M_BND_0020,19,19,19,20,Benedict,main,male,benedict,assets/triangle-strategy/approved_voice_references/benedict.wav,แม้เราจะต้องสูญเสีย แต่เราจะพินาศมากกว่านี้หากไม่สามารถขับไล่เอกซ์เฮมได้สำเร็จ,,,PENDING_MANUAL_GENERATION,,triangle-strategy
1103,MS17S_X38_BATTLE_01_BEFORE_M_BND_0030.wav,MS17S_X38_BATTLE_01_BEFORE_M_BND_0030,20,20,20,21,Benedict,main,male,benedict,assets/triangle-strategy/approved_voice_references/benedict.wav,มีเพียงเส้นทางอันแสนรันทดนี้เท่านั้น ที่จะเบิกทางสู่อนาคตที่ลอร์ดเซเรโนอาวาดฝันไว้!,,,PENDING_MANUAL_GENERATION,,triangle-strategy
1104,MS17S_X38_BATTLE_01_BEFORE_M_EGS_0010.wav,MS17S_X38_BATTLE_01_BEFORE_M_EGS_0010,21,21,21,22,Exharme,npc,male,exharme,assets/triangle-strategy/approved_voice_references/exharme.wav,อย่าออมมือให้พวกมัน!,,,PENDING_MANUAL_GENERATION,,triangle-strategy
1105,MS17S_X38_BATTLE_01_BEFORE_M_EGS_0020.wav,MS17S_X38_BATTLE_01_BEFORE_M_EGS_0020,22,22,22,23,Exharme,npc,male,exharme,assets/triangle-strategy/approved_voice_references/exharme.wav,ใช้คมดาบพวกเจ้า ทิ่มแทงพวกมันให้หมด!,,,PENDING_MANUAL_GENERATION,,triangle-strategy
1106,MS17S_X38_BATTLE_01_BEFORE_M_SEL_0010.wav,MS17S_X38_BATTLE_01_BEFORE_M_SEL_0010,23,23,23,24,Serenoa,main,male,serenoa,assets/triangle-strategy/approved_voice_references/serenoa.wav,วันนี้เราไม่ได้สู้เพื่อศักดิ์ศรีหรือเกียรติยศ แต่เราจะสู้เพื่อความอยู่รอดและอนาคตของเรา!,,,PENDING_MANUAL_GENERATION,,triangle-strategy
1107,MS17S_X38_BATTLE_01_DRAMA_F_ABR_0010.wav,MS17S_X38_BATTLE_01_DRAMA_F_ABR_0010,24,24,24,25,Avlora,npc,female,avlora,assets/triangle-strategy/approved_voice_references/avlora.wav,รัฐศักดิ์สิทธิ์เลือกที่จะใช้ความรุนแรงสินะ อย่ามานึกเสียใจกับสิ่งที่เลือกในภายหลังก็แล้วกัน,,,PENDING_MANUAL_GENERATION,,triangle-strategy
1108,MS17S_X38_BATTLE_01_DRAMA_F_MIR_0010.wav,MS17S_X38_BATTLE_01_DRAMA_F_MIR_0010,25,25,25,26,ไมโล,npc,female,milo,assets/triangle-strategy/approved_voice_references/milo.wav,เอกซ์เฮม...ข้าเคยเคารพท่านนะเจ้าคะ แต่ตอนนี้ข้ารู้แล้วล่ะว่าท่านก็เป็นเพียงหุ่นเชิดของอีดอร์อีกตัว,,,PENDING_MANUAL_GENERATION,,triangle-strategy
1109,MS17S_X38_BATTLE_01_DRAMA_M_BND_0010.wav,MS17S_X38_BATTLE_01_DRAMA_M_BND_0010,26,26,26,27,Benedict,main,male,benedict,assets/triangle-strategy/approved_voice_references/benedict.wav,วันนี้เดี๋ยวพวกมันจะได้รู้ว่าจำนวนคนไม่ได้ช่วยอะไรหรอก! ขับไล่พวกคลั่งศาสนาออกไปจากบ้านเราซะ!,,,PENDING_MANUAL_GENERATION,,triangle-strategy
1110,MS17S_X38_BATTLE_01_DRAMA_M_BND_0020.wav,MS17S_X38_BATTLE_01_DRAMA_M_BND_0020,27,27,27,28,Benedict,main,male,benedict,assets/triangle-strategy/approved_voice_references/benedict.wav,เอาเลย! ชัยชนะอยู่แค่เอื้อมแล้ว!,,,PENDING_MANUAL_GENERATION,,triangle-strategy
1111,MS17S_X38_BATTLE_01_DRAMA_M_BND_0030.wav,MS17S_X38_BATTLE_01_DRAMA_M_BND_0030,28,28,28,29,Benedict,main,male,benedict,assets/triangle-strategy/approved_voice_references/benedict.wav,เอาเลย! ชัยชนะอยู่แค่เอื้อมแล้ว!,,,PENDING_MANUAL_GENERATION,,triangle-strategy
1112,MS17S_X38_BATTLE_01_DRAMA_M_BND_0040.wav,MS17S_X38_BATTLE_01_DRAMA_M_BND_0040,29,29,29,30,Benedict,main,male,benedict,assets/triangle-strategy/approved_voice_references/benedict.wav,รัฐมนตรีเอกซ์เฮม...จำนวนทหารไม่ใช่ปัจจัยเอาชนะเสมอไปหรอกนะ ยิ่งส่งทหารเข้ามามากเท่าใด...มือของท่านจะยิ่งแปดเปื้อนเลือดพวกเขามากเท่านั้น,,,PENDING_MANUAL_GENERATION,,triangle-strategy
1113,MS17S_X38_BATTLE_01_DRAMA_M_BND_0050.wav,MS17S_X38_BATTLE_01_DRAMA_M_BND_0050,30,30,30,31,Benedict,main,male,benedict,assets/triangle-strategy/approved_voice_references/benedict.wav,โอย... ฝากรับช่วงต่อด้วยนะขอรับ...,,,PENDING_MANUAL_GENERATION,,triangle-strategy
1114,MS17S_X38_BATTLE_01_DRAMA_M_EGS_0010.wav,MS17S_X38_BATTLE_01_DRAMA_M_EGS_0010,31,31,31,32,Exharme,npc,male,exharme,assets/triangle-strategy/approved_voice_references/exharme.wav,ศัตรูของเราเตรียมใจตายมาแล้ว! ช่วยสนองให้พวกมันด่วนๆ เลย!,,,PENDING_MANUAL_GENERATION,,triangle-strategy
1115,MS17S_X38_BATTLE_01_DRAMA_M_EGS_0020.wav,MS17S_X38_BATTLE_01_DRAMA_M_EGS_0020,32,32,32,33,Exharme,npc,male,exharme,assets/triangle-strategy/approved_voice_references/exharme.wav,นี่พวกมันจะเผาบ้านเมืองตัวเองเหรอเนี่ย!?,,,PENDING_MANUAL_GENERATION,,triangle-strategy
1116,MS17S_X38_BATTLE_01_DRAMA_M_EGS_0030.wav,MS17S_X38_BATTLE_01_DRAMA_M_EGS_0030,33,33,33,34,Exharme,npc,male,exharme,assets/triangle-strategy/approved_voice_references/exharme.wav,ข้ารู้ว่าเบเนดิกต์มันป่าเถื่อน แต่...,,,PENDING_MANUAL_GENERATION,,triangle-strategy
1117,MS17S_X38_BATTLE_01_DRAMA_M_EGS_0040.wav,MS17S_X38_BATTLE_01_DRAMA_M_EGS_0040,34,34,34,35,Exharme,npc,male,exharme,assets/triangle-strategy/approved_voice_references/exharme.wav,อย่าไปเกรงกลัวพวกมัน! บุก!,,,PENDING_MANUAL_GENERATION,,triangle-strategy
1118,MS17S_X38_BATTLE_01_DRAMA_M_EGS_0050.wav,MS17S_X38_BATTLE_01_DRAMA_M_EGS_0050,35,35,35,36,Exharme,npc,male,exharme,assets/triangle-strategy/approved_voice_references/exharme.wav,หา!? นี่ก็แผนของเบเนดิกต์เหมือนกันงั้นเหรอ? เขาจะเผาบ้านเมืองตัวเองให้พินาศสินะ...,,,PENDING_MANUAL_GENERATION,,triangle-strategy
1119,MS17S_X38_BATTLE_01_DRAMA_M_EGS_0060.wav,MS17S_X38_BATTLE_01_DRAMA_M_EGS_0060,36,36,36,37,Exharme,npc,male,exharme,assets/triangle-strategy/approved_voice_references/exharme.wav,ทัพที่สอง บุก!,,,PENDING_MANUAL_GENERATION,,triangle-strategy
1120,MS17S_X38_BATTLE_01_DRAMA_M_EGS_0070.wav,MS17S_X38_BATTLE_01_DRAMA_M_EGS_0070,37,37,37,38,Exharme,npc,male,exharme,assets/triangle-strategy/approved_voice_references/exharme.wav,อย่าเว้นช่วงให้มันได้ตั้งตัว! เดินทัพ!,,,PENDING_MANUAL_GENERATION,,triangle-strategy
1121,MS17S_X38_BATTLE_01_DRAMA_M_EGS_0080.wav,MS17S_X38_BATTLE_01_DRAMA_M_EGS_0080,38,38,38,39,Exharme,npc,male,exharme,assets/triangle-strategy/approved_voice_references/exharme.wav,น่าประทับใจยิ่งนัก ทำเอากำลังเสริมของข้าหมดก่อนซะได้ เอาล่ะ...สังหารไอ้พวกสุนัขวูล์ฟฟอร์ตให้หมด!,,,PENDING_MANUAL_GENERATION,,triangle-strategy
1122,MS17S_X38_BATTLE_01_DRAMA_M_EGS_0090.wav,MS17S_X38_BATTLE_01_DRAMA_M_EGS_0090,39,39,39,40,Exharme,npc,male,exharme,assets/triangle-strategy/approved_voice_references/exharme.wav,อยากรู้เหลือเกิน หากโดนดาบข้าเสียบสักที...เจ้ายังจะปากดีอยู่ไหม,,,PENDING_MANUAL_GENERATION,,triangle-strategy
1123,MS17S_X38_BATTLE_01_DRAMA_M_EGS_0100.wav,MS17S_X38_BATTLE_01_DRAMA_M_EGS_0100,40,40,40,41,Exharme,npc,male,exharme,assets/triangle-strategy/approved_voice_references/exharme.wav,ผู้ใดที่ละทิ้งเทพธิดา จะไม่มีวันได้พบสันติสุขตราบเท่าที่พวกมันมีชีวิตอยู่,,,PENDING_MANUAL_GENERATION,,triangle-strategy
1124,MS17S_X38_BATTLE_01_DRAMA_M_EGS_0110.wav,MS17S_X38_BATTLE_01_DRAMA_M_EGS_0110,41,41,41,42,Exharme,npc,male,exharme,assets/triangle-strategy/approved_voice_references/exharme.wav,จงขอบคุณข้าเสียเถอะ เพราะข้าจะมอบสันติสุขนั่นแก่เจ้าเอง,,,PENDING_MANUAL_GENERATION,,triangle-strategy
1125,MS17S_X38_BATTLE_01_DRAMA_M_EGS_0120.wav,MS17S_X38_BATTLE_01_DRAMA_M_EGS_0120,42,42,42,43,Exharme,npc,male,exharme,assets/triangle-strategy/approved_voice_references/exharme.wav,ตรงกันข้ามเลยอัฟโลร่า ข้าตั้งใจจะมาพรากชีวิตของนักรบผู้ยิ่งใหญ่แห่งเอสฟรอสต์พอดี,,,PENDING_MANUAL_GENERATION,,triangle-strategy
1126,MS17S_X38_BATTLE_01_DRAMA_M_EGS_0130.wav,MS17S_X38_BATTLE_01_DRAMA_M_EGS_0130,43,43,43,44,Exharme,npc,male,exharme,assets/triangle-strategy/approved_voice_references/exharme.wav,หุบปากไปเสียเถอะ นังคนทรยศ วันนี้เจ้าต้องชดใช้กรรม!,,,PENDING_MANUAL_GENERATION,,triangle-strategy
1127,MS17S_X38_BATTLE_01_DRAMA_M_EGS_0140.wav,MS17S_X38_BATTLE_01_DRAMA_M_EGS_0140,44,44,44,45,Exharme,npc,male,exharme,assets/triangle-strategy/approved_voice_references/exharme.wav,เวรจริง... จำนวนพวกเราเหลือน้อยแล้ว...,,,PENDING_MANUAL_GENERATION,,triangle-strategy
1128,MS17S_X38_BATTLE_01_DRAMA_M_EGS_0150.wav,MS17S_X38_BATTLE_01_DRAMA_M_EGS_0150,45,45,45,46,Exharme,npc,male,exharme,assets/triangle-strategy/approved_voice_references/exharme.wav,ไม่จริงน่า... ข้าสมควรจะชนะไม่ใช่เหรอ!,,,PENDING_MANUAL_GENERATION,,triangle-strategy
1129,MS17S_X38_BATTLE_01_DRAMA_M_SEL_0010.wav,MS17S_X38_BATTLE_01_DRAMA_M_SEL_0010,46,46,46,47,Serenoa,main,male,serenoa,assets/triangle-strategy/approved_voice_references/serenoa.wav,ทุกหน่วย เดินหน้า! อย่าปรานี!,,,PENDING_MANUAL_GENERATION,,triangle-strategy
1130,MS17S_X38_BATTLE_01_DRAMA_M_SEL_0020.wav,MS17S_X38_BATTLE_01_DRAMA_M_SEL_0020,47,47,47,48,Serenoa,main,male,serenoa,assets/triangle-strategy/approved_voice_references/serenoa.wav,ถึงท่านจะยกทัพมาทั้งไฮแซนต์ ท่านก็ไม่มีวันได้แตะต้องคริสตัลเกลือของเราหรอกเอกซ์เฮม,,,PENDING_MANUAL_GENERATION,,triangle-strategy
1131,MS17S_X38_BATTLE_01_DRAMA_M_SEL_0030.wav,MS17S_X38_BATTLE_01_DRAMA_M_SEL_0030,48,48,48,49,Serenoa,main,male,serenoa,assets/triangle-strategy/approved_voice_references/serenoa.wav,หากท่านต้องการจะสู้รบขนาดนี้ก็มาเถอะ น่าเสียดายที่ท่านจะไม่มีวันได้เห็นอนาคตสดใสที่เราวาดฝันไว้,,,PENDING_MANUAL_GENERATION,,triangle-strategy
1132,MS17S_X38_BATTLE_01_DRAMA_M_SEL_0040.wav,MS17S_X38_BATTLE_01_DRAMA_M_SEL_0040,49,49,49,50,Serenoa,main,male,serenoa,assets/triangle-strategy/approved_voice_references/serenoa.wav,โอย... มันยังไม่จบหรอกนะ,,,PENDING_MANUAL_GENERATION,,triangle-strategy
1133,MS17S_X38_RESEARCH_01_AFTER_M_BND_0010.wav,MS17S_X38_RESEARCH_01_AFTER_M_BND_0010,50,50,50,51,Benedict,main,male,benedict,assets/triangle-strategy/approved_voice_references/benedict.wav,นายท่าน ขออนุญาตขอรับ,,,PENDING_MANUAL_GENERATION,,triangle-strategy
1134,MS17S_X38_RESEARCH_01_AFTER_M_BND_0020.wav,MS17S_X38_RESEARCH_01_AFTER_M_BND_0020,51,51,51,52,Benedict,main,male,benedict,assets/triangle-strategy/approved_voice_references/benedict.wav,...ก็ประหลาดพอกันกับวิธีเจรจาของท่านในตอนนี้ขอรับ,,,PENDING_MANUAL_GENERATION,,triangle-strategy
1135,MS17S_X38_RESEARCH_01_AFTER_M_BND_0030.wav,MS17S_X38_RESEARCH_01_AFTER_M_BND_0030,52,52,52,53,Benedict,main,male,benedict,assets/triangle-strategy/approved_voice_references/benedict.wav,ข้าคิดว่าไม่ต้องมีพิธีรีตองอะไรมากนักหรอก ครั้งนี้เราไม่ยอมท่านแล้วนะ,,,PENDING_MANUAL_GENERATION,,triangle-strategy
1136,MS17S_X38_RESEARCH_01_AFTER_M_BND_0040.wav,MS17S_X38_RESEARCH_01_AFTER_M_BND_0040,53,53,53,54,Benedict,main,male,benedict,assets/triangle-strategy/approved_voice_references/benedict.wav,ถูกต้องขอรับ ท่านจะไม่มีวันได้เหยียบย่ำเหมือง หรือแตะต้องคริสตัลเกลือแน่นอน,,,PENDING_MANUAL_GENERATION,,triangle-strategy
1137,MS17S_X38_RESEARCH_01_AFTER_M_BND_0050.wav,MS17S_X38_RESEARCH_01_AFTER_M_BND_0050,54,54,54,55,Benedict,main,male,benedict,assets/triangle-strategy/approved_voice_references/benedict.wav,แต่คริสตัลเกลือนี้สามารถปิดฉากเผด็จการอย่างท่าน ผู้กดขี่ชาวนอร์เซเลียมาเป็นเวลานานเช่นกัน!,,,PENDING_MANUAL_GENERATION,,triangle-strategy
1138,MS17S_X38_RESEARCH_01_AFTER_M_BND_0060.wav,MS17S_X38_RESEARCH_01_AFTER_M_BND_0060,55,55,55,56,Benedict,main,male,benedict,assets/triangle-strategy/approved_voice_references/benedict.wav,ท่านไม่คำนึงถึงความสุขของผู้คน และไม่สนใจถึงความอยู่รอดแห่งตระกูลเราด้วยซ้ำ,,,PENDING_MANUAL_GENERATION,,triangle-strategy
1139,MS17S_X38_RESEARCH_01_AFTER_M_BND_0070.wav,MS17S_X38_RESEARCH_01_AFTER_M_BND_0070,56,56,56,57,Benedict,main,male,benedict,assets/triangle-strategy/approved_voice_references/benedict.wav,เอาไปแก้ไขโลกอันบิดเบี้ยวที่ท่านสร้างขึ้นมายังไงล่ะ,,,PENDING_MANUAL_GENERATION,,triangle-strategy
1140,MS17S_X38_RESEARCH_01_AFTER_M_BND_0080.wav,MS17S_X38_RESEARCH_01_AFTER_M_BND_0080,57,57,57,58,Benedict,main,male,benedict,assets/triangle-strategy/approved_voice_references/benedict.wav,ประวัติศาสตร์จะเป็นตัวตัดสินความถูกต้อง และความชั่วช้าของท่านเอง,,,PENDING_MANUAL_GENERATION,,triangle-strategy
1141,MS17S_X38_RESEARCH_01_AFTER_M_EGS_0010.wav,MS17S_X38_RESEARCH_01_AFTER_M_EGS_0010,58,58,58,59,Exharme,npc,male,exharme,assets/triangle-strategy/approved_voice_references/exharme.wav,ตระกูลวูล์ฟฟอร์ตนี่ มีวิธีต้อนรับแขกที่ประหลาดจริงๆ นะ,,,PENDING_MANUAL_GENERATION,,triangle-strategy
1142,MS17S_X38_RESEARCH_01_AFTER_M_EGS_0020.wav,MS17S_X38_RESEARCH_01_AFTER_M_EGS_0020,59,59,59,60,Exharme,npc,male,exharme,assets/triangle-strategy/approved_voice_references/exharme.wav,แสดงว่าเจ้ากล้าหักหลังพระองค์ใช่ไหม?,,,PENDING_MANUAL_GENERATION,,triangle-strategy
1143,MS17S_X38_RESEARCH_01_AFTER_M_EGS_0030.wav,MS17S_X38_RESEARCH_01_AFTER_M_EGS_0030,60,60,60,61,Exharme,npc,male,exharme,assets/triangle-strategy/approved_voice_references/exharme.wav,คิดจะพูดอะไร...ระวังปากสักหน่อยก็ดีนะ,,,PENDING_MANUAL_GENERATION,,triangle-strategy
1144,MS17S_X38_RESEARCH_01_AFTER_M_EGS_0040.wav,MS17S_X38_RESEARCH_01_AFTER_M_EGS_0040,61,61,61,62,Exharme,npc,male,exharme,assets/triangle-strategy/approved_voice_references/exharme.wav,คริสตัลเกลือนั้นถือเป็นอำนาจในการปกครองนอร์เซเลียทั้งทวีป เจ้าคงโง่น่าดูหากคิดว่าเราจะปล่อยผ่านเรื่องนี้ไปง่ายๆ,,,PENDING_MANUAL_GENERATION,,triangle-strategy
1145,MS17S_X38_RESEARCH_01_AFTER_M_EGS_0050.wav,MS17S_X38_RESEARCH_01_AFTER_M_EGS_0050,62,62,62,63,Exharme,npc,male,exharme,assets/triangle-strategy/approved_voice_references/exharme.wav,เจ้าต้องการจะอยู่รอด หลังจากที่ระเบิดอารมณ์ออกมาเช่นนี้งั้นเหรอ,,,PENDING_MANUAL_GENERATION,,triangle-strategy
1146,MS17S_X38_RESEARCH_01_AFTER_M_EGS_0060.wav,MS17S_X38_RESEARCH_01_AFTER_M_EGS_0060,63,63,63,64,Exharme,npc,male,exharme,assets/triangle-strategy/approved_voice_references/exharme.wav,ข้าขอถามเจ้าหน่อยสิ จะเอาคริสตัลเกลือไปทำอะไร?,,,PENDING_MANUAL_GENERATION,,triangle-strategy
1147,MS17S_X38_RESEARCH_01_AFTER_M_EGS_0070.wav,MS17S_X38_RESEARCH_01_AFTER_M_EGS_0070,64,64,64,65,Exharme,npc,male,exharme,assets/triangle-strategy/approved_voice_references/exharme.wav,"โง่เง่าเสียจริง สงสัยคงอยากล่มสลายด้วยการทุ่มเทเพื่อ ""ความถูกต้อง"" ที่เจ้ามโนขึ้นมาสินะ",,,PENDING_MANUAL_GENERATION,,triangle-strategy
1148,MS17S_X38_RESEARCH_01_AFTER_M_EGS_0080.wav,MS17S_X38_RESEARCH_01_AFTER_M_EGS_0080,65,65,65,66,Exharme,npc,male,exharme,assets/triangle-strategy/approved_voice_references/exharme.wav,น่าสมเพชยิ่งนัก ข้าคิดผิดเหลือเกินที่นึกว่าเซเรโนอาจะเป็นพันธมิตรอันแน่นแฟ้นกับเราได้ น่าเสียดายที่เขาหลงผิด...,,,PENDING_MANUAL_GENERATION,,triangle-strategy
1149,MS17S_X38_RESEARCH_01_AFTER_M_EGS_0090.wav,MS17S_X38_RESEARCH_01_AFTER_M_EGS_0090,66,66,66,67,Exharme,npc,male,exharme,assets/triangle-strategy/approved_voice_references/exharme.wav,ไม่ต้องรอให้ประวัติศาสตร์ตัดสินหรอก เบเนดิกต์,,,PENDING_MANUAL_GENERATION,,triangle-strategy
1150,MS17S_X38_RESEARCH_01_AFTER_M_EGS_0100.wav,MS17S_X38_RESEARCH_01_AFTER_M_EGS_0100,67,67,67,68,Exharme,npc,male,exharme,assets/triangle-strategy/approved_voice_references/exharme.wav,เจ้ากับมิตรสหายเป็นเพียงคนนอกรีต และเจ้าก็จะพบเจอชะตาเดียวกันกับคนเหล่านั้น,,,PENDING_MANUAL_GENERATION,,triangle-strategy
1151,MS17S_X38_RESEARCH_01_AFTER_M_EGS_0110.wav,MS17S_X38_RESEARCH_01_AFTER_M_EGS_0110,68,68,68,69,Exharme,npc,male,exharme,assets/triangle-strategy/approved_voice_references/exharme.wav,ในนามแห่งเทพธิดา ข้าจะจบชีวิตของพวกเจ้าเอง,,,PENDING_MANUAL_GENERATION,,triangle-strategy
1152,MS17S_X38_RESEARCH_01_AFTER_M_SEL_0010.wav,MS17S_X38_RESEARCH_01_AFTER_M_SEL_0010,69,69,69,70,Serenoa,main,male,serenoa,assets/triangle-strategy/approved_voice_references/serenoa.wav,ได้เลย,,,PENDING_MANUAL_GENERATION,,triangle-strategy
1153,MS17S_X38_RESEARCH_01_BEFORE_M_BND_0010.wav,MS17S_X38_RESEARCH_01_BEFORE_M_BND_0010,70,70,70,71,Benedict,main,male,benedict,assets/triangle-strategy/approved_voice_references/benedict.wav,กับดักนี้จะแผดเผาข้าศึกของเรา...แต่เมืองจะมอดไหม้ไปด้วยเช่นกัน,,,PENDING_MANUAL_GENERATION,,triangle-strategy
1154,MS17S_X38_RESEARCH_01_BEFORE_M_BND_0020.wav,MS17S_X38_RESEARCH_01_BEFORE_M_BND_0020,71,71,71,72,Benedict,main,male,benedict,assets/triangle-strategy/approved_voice_references/benedict.wav,เราเคยรอดพ้นศึกครั้งนั้นโดยไม่ต้องใช้กับดัก แต่ครั้งนี้ความเสี่ยงมันทวีคูณขึ้นอย่างมาก,,,PENDING_MANUAL_GENERATION,,triangle-strategy
1155,MS17S_X38_RESEARCH_01_BEFORE_M_BND_0030.wav,MS17S_X38_RESEARCH_01_BEFORE_M_BND_0030,72,72,72,73,Benedict,main,male,benedict,assets/triangle-strategy/approved_voice_references/benedict.wav,ไม่อยากให้ต้องถึงขั้นนี้เลย...,,,PENDING_MANUAL_GENERATION,,triangle-strategy
1156,MS17S_X38_RESEARCH_01_BEFORE_M_BND_0040.wav,MS17S_X38_RESEARCH_01_BEFORE_M_BND_0040,73,73,73,74,Benedict,main,male,benedict,assets/triangle-strategy/approved_voice_references/benedict.wav,ยังไงก็ตามเถอะ ตอนนี้วิธีการคงไม่สำคัญแล้วล่ะ เพื่ออนาคตของพวกเรา,,,PENDING_MANUAL_GENERATION,,triangle-strategy
1157,MS17S_X38_RESEARCH_01_BEFORE_M_BND_0050.wav,MS17S_X38_RESEARCH_01_BEFORE_M_BND_0050,74,74,74,75,Benedict,main,male,benedict,assets/triangle-strategy/approved_voice_references/benedict.wav,ข้าจะทำทุกหนทางเพื่อคว้าชัยชนะ และข้าจะสำรวจพื้นที่อีกครั้งเพื่อการนั้น,,,PENDING_MANUAL_GENERATION,,triangle-strategy
1158,MS17S_X38_WD_0010_N_NNN_0010.wav,MS17S_X38_WD_0010_N_NNN_0010,75,75,75,76,Narrator,narrator,female,narrator,assets/triangle-strategy/approved_voice_references/narrator.wav,กองทัพไฮแซนต์กำลังเคลื่อนพลข้ามชายแดนมาสู่เหมืองนอร์เซเลีย นำทัพโดย เอกซ์เฮม มาเชียล แห่งเจ็ดผู้ศักดิ์สิทธิ์,,,PENDING_MANUAL_GENERATION,,triangle-strategy
1159,MS17S_X38_WD_0010_N_NNN_0020.wav,MS17S_X38_WD_0010_N_NNN_0020,76,76,76,77,Narrator,narrator,female,narrator,assets/triangle-strategy/approved_voice_references/narrator.wav,การยึดอำนาจผูกขาดเกลือไม่ใช่เพียงเป้าหมายเดียวของเขา แต่เขามาเพื่อยืนยันข่าวลือเรื่องที่เซเรโนอาละทิ้งพรแห่งเทพธิดา,,,PENDING_MANUAL_GENERATION,,triangle-strategy
1160,MS17S_X38_WD_0010_N_NNN_0030.wav,MS17S_X38_WD_0010_N_NNN_0030,77,77,77,78,Narrator,narrator,female,narrator,assets/triangle-strategy/approved_voice_references/narrator.wav,วูล์ฟฟอร์ตนั้นรับรู้ถึงผลที่จะตามมา...จึงเร่งหาแผนการเอาตัวรอด พวกเขาแบ่งทัพเป็นสามฝ่ายซึ่งร่วมมือกันพิชิตศัตรู,,,PENDING_MANUAL_GENERATION,,triangle-strategy
1161,MS17S_X38_WD_0010_N_NNN_0040.wav,MS17S_X38_WD_0010_N_NNN_0040,78,78,78,79,Narrator,narrator,female,narrator,assets/triangle-strategy/approved_voice_references/narrator.wav,โรแลนด์นำทัพที่ชายแดนเอสฟรอสต์ ที่ซึ่งพวกเขาจะเจรจาขอใช้งานปืนใหญ่เสียงสังเวยกับลอร์ดสวาร็อค,,,PENDING_MANUAL_GENERATION,,triangle-strategy
1162,MS17S_X38_WD_0010_N_NNN_0050.wav,MS17S_X38_WD_0010_N_NNN_0050,79,79,79,80,Narrator,narrator,female,narrator,assets/triangle-strategy/approved_voice_references/narrator.wav,เฟรเดอริก้าจะนำทัพไปที่นาเกลือ เพื่อเปิดโปงถ้อยคำลวงแห่งเทพธิดาและปลุกระดมชาวโรเซลล์ให้ลุกขึ้นสู้ เช่นเดียวกับที่แม่ของนางเคยทำ,,,PENDING_MANUAL_GENERATION,,triangle-strategy
1163,MS17S_X38_WD_0010_N_NNN_0060.wav,MS17S_X38_WD_0010_N_NNN_0060,80,80,80,81,Narrator,narrator,female,narrator,assets/triangle-strategy/approved_voice_references/narrator.wav,"เบเนดิกต์จะอยู่ที่แคว้นวูล์ฟฟอร์ต
พร้อมจะเสี่ยงทุกวิถีทางเพื่อขับไล่ทหารไฮแซนต์",,,PENDING_MANUAL_GENERATION,,triangle-strategy
1164,MS17S_X38_WD_0010_N_NNN_0070.wav,MS17S_X38_WD_0010_N_NNN_0070,81,81,81,82,Narrator,narrator,female,narrator,assets/triangle-strategy/approved_voice_references/narrator.wav,พวกเขาทั้งสามเชื่อมั่นในวิสัยทัศน์ของเซเรโนอา...เตรียมใจแบกรับชะตาที่ขึ้นอยู่กับพวกเขา,,,PENDING_MANUAL_GENERATION,,triangle-strategy
