line_no,file_name,self_id,cue,sequence,waveform,awb_stream,character_name,role,gender,voice_target,reference_audio,thai_text,pronunciation_note,prosody_note,status,tts_text,voice_project
1,MS21S_X48_A0_0010_F_ANA_0010.wav,MS21S_X48_A0_0010_F_ANA_0010,0,0,0,1,Anna,main,female,anna,assets/triangle-strategy/approved_voice_references/anna.wav,แน่นอนเจ้าค่ะ เราต้องสนับสนุนแผนการของพวกเขาสุดความสามารถ,,,PENDING_MANUAL_GENERATION,,triangle-strategy
2,MS21S_X48_A0_0010_F_ANA_0020.wav,MS21S_X48_A0_0010_F_ANA_0020,1,1,1,2,Anna,main,female,anna,assets/triangle-strategy/approved_voice_references/anna.wav,เดี๋ยวเสร็จธุระก็คงตามมาเจ้าค่ะ,,,PENDING_MANUAL_GENERATION,,triangle-strategy
3,MS21S_X48_A0_0010_F_FRE_0010.wav,MS21S_X48_A0_0010_F_FRE_0010,2,2,2,3,Frederica,main,female,frederica,assets/triangle-strategy/approved_voice_references/frederica.wav,อุ้ยตาย! เจ้าไหวไหมเนี่ย?,,,PENDING_MANUAL_GENERATION,,triangle-strategy
4,MS21S_X48_A0_0010_F_FRE_0020.wav,MS21S_X48_A0_0010_F_FRE_0020,3,3,3,4,Frederica,main,female,frederica,assets/triangle-strategy/approved_voice_references/frederica.wav,ไม่คิดมาก่อนเลยนะ ว่าจะมีวันที่คนของข้าถูกต้อนรับจากทุกคน... สุดท้ายฝันของข้าก็เป็นจริงแล้วล่ะ,,,PENDING_MANUAL_GENERATION,,triangle-strategy
5,MS21S_X48_A0_0010_F_FRE_0030.wav,MS21S_X48_A0_0010_F_FRE_0030,4,4,4,5,Frederica,main,female,frederica,assets/triangle-strategy/approved_voice_references/frederica.wav,เจ้าค่ะท่านอา แล้วเอสฟรอสต์เป็นยังไงบ้างเจ้าคะ?,,,PENDING_MANUAL_GENERATION,,triangle-strategy
6,MS21S_X48_A0_0010_F_FRE_0040.wav,MS21S_X48_A0_0010_F_FRE_0040,5,5,5,6,Frederica,main,female,frederica,assets/triangle-strategy/approved_voice_references/frederica.wav,ยินดีต้อนรับเจ้าค่ะรัฐมนตรีไลล่า... เดินทางไม่ลำบากใช่ไหมเจ้าคะ?,,,PENDING_MANUAL_GENERATION,,triangle-strategy
7,MS21S_X48_A0_0010_F_FRE_0050.wav,MS21S_X48_A0_0010_F_FRE_0050,6,6,6,7,Frederica,main,female,frederica,assets/triangle-strategy/approved_voice_references/frederica.wav,ท่านเหมาะสมอยู่แล้ว เพราะหลังจากที่ชาวไฮแซนต์สูญเสียสิ่งที่ตนเคยศรัทธาไปจนสิ้น ก็มีเพียงท่านที่หลอมรวมพวกเขาไว้ด้วยกัน,,,PENDING_MANUAL_GENERATION,,triangle-strategy
8,MS21S_X48_A0_0010_F_FRE_0060.wav,MS21S_X48_A0_0010_F_FRE_0060,7,7,7,8,Frederica,main,female,frederica,assets/triangle-strategy/approved_voice_references/frederica.wav,เขากำลังคุยเรื่องเหมืองคริสตัลเกลือกับเบเนดิกต์ ที่ปราสาทวูล์ฟฟอร์ตเจ้าค่ะ,,,PENDING_MANUAL_GENERATION,,triangle-strategy
9,MS21S_X48_A0_0010_F_LYL_0010.wav,MS21S_X48_A0_0010_F_LYL_0010,8,8,8,9,Lyla,npc,female,lyla,assets/triangle-strategy/approved_voice_references/lyla.wav,แหมๆ ไม่อยากเชื่อเลยว่าจะได้เห็นผู้แทนอาณาจักรมาพูดคุยสบายๆ กลางแจ้งเช่นนี้... ช่างเป็นโลกที่ดีจริงๆ เลยนะเจ้าคะ,,,PENDING_MANUAL_GENERATION,,triangle-strategy
10,MS21S_X48_A0_0010_F_LYL_0020.wav,MS21S_X48_A0_0010_F_LYL_0020,9,9,9,10,Lyla,npc,female,lyla,assets/triangle-strategy/approved_voice_references/lyla.wav,ทีแรกข้าตกใจมากเลยล่ะ ฝ่าบาทโรแลนด์เชิญข้ามาด้วยตัวเองเลย,,,PENDING_MANUAL_GENERATION,,triangle-strategy
11,MS21S_X48_A0_0010_F_LYL_0030.wav,MS21S_X48_A0_0010_F_LYL_0030,10,10,10,11,Lyla,npc,female,lyla,assets/triangle-strategy/approved_voice_references/lyla.wav,เอาจริงๆ ข้าไม่กล้าตอบรับคำเชิญของเขาด้วยซ้ำ เพราะหลังจากทุกสิ่งที่ข้าทำไป ข้าไม่คิดว่าตัวเองจะเหมาะสมในการดำรงตำแหน่งสูงส่งเช่นนี้เจ้าค่ะ...,,,PENDING_MANUAL_GENERATION,,triangle-strategy
12,MS21S_X48_A0_0010_F_LYL_0040.wav,MS21S_X48_A0_0010_F_LYL_0040,11,11,11,12,Lyla,npc,female,lyla,assets/triangle-strategy/approved_voice_references/lyla.wav,...ขอบคุณนะที่รู้สึกเช่นนั้น แต่จริงๆแล้ว...ข้าต่างหากที่ถูกช่วยไว้,,,PENDING_MANUAL_GENERATION,,triangle-strategy
13,MS21S_X48_A0_0010_F_YRA_0010.wav,MS21S_X48_A0_0010_F_YRA_0010,12,12,12,13,Geela,main,female,geela,assets/triangle-strategy/approved_voice_references/geela.wav,พวกเขาอาจต้องใช้เวลาปรับตัวสักหน่อย แต่ตอนนี้ข้ากลับรู้สึกเหมือนชาวโรเซลล์สนิทสนมกับทุกคน ราวกับเป็นชาวเมืองที่นี่มาโดยตลอดเจ้าค่ะ,,,PENDING_MANUAL_GENERATION,,triangle-strategy
14,MS21S_X48_A0_0010_F_YRA_0020.wav,MS21S_X48_A0_0010_F_YRA_0020,13,13,13,14,Geela,main,female,geela,assets/triangle-strategy/approved_voice_references/geela.wav,แถมท่านยังแบ่งปันงานวิจัยแก่สาธารณชนอีกด้วย ท่านช่วยชีวิตผู้คนได้มากมายเลยนะ,,,PENDING_MANUAL_GENERATION,,triangle-strategy
15,MS21S_X48_A0_0010_M_ELA_0010.wav,MS21S_X48_A0_0010_M_ELA_0010,14,14,14,15,Erador,main,male,erador,assets/triangle-strategy/approved_voice_references/erador.wav,อืม หากถูกอย่างลงตัว... ลอร์ดเซเรโนอากับฝ่าบาทโรแลนด์จะได้ชี้นำทุกคนไปพร้อมกันเสียที,,,PENDING_MANUAL_GENERATION,,triangle-strategy
16,MS21S_X48_A0_0010_M_ELA_0020.wav,MS21S_X48_A0_0010_M_ELA_0020,15,15,15,16,Erador,main,male,erador,assets/triangle-strategy/approved_voice_references/erador.wav,โล่งใจจริงๆ นะขอรับ,,,PENDING_MANUAL_GENERATION,,triangle-strategy
17,MS21S_X48_A0_0010_M_M367_0010.wav,MS21S_X48_A0_0010_M_M367_0010,16,16,16,17,เด็กชาย / NPC,generic,male,MALE_CHILD_A,assets/triangle-strategy/approved_voice_references/MALE_CHILD_A.wav,เดี๋ยวก่อนสิ! รอข้าด้วยยย!,,,PENDING_MANUAL_GENERATION,,triangle-strategy
18,MS21S_X48_A0_0010_M_M367_0020.wav,MS21S_X48_A0_0010_M_M367_0020,17,17,17,18,เด็กชาย / NPC,generic,male,MALE_CHILD_A,assets/triangle-strategy/approved_voice_references/MALE_CHILD_A.wav,อือฮึ!,,,PENDING_MANUAL_GENERATION,,triangle-strategy
19,MS21S_X48_A0_0010_M_M367_0030.wav,MS21S_X48_A0_0010_M_M367_0030,18,18,18,19,เด็กชาย / NPC,generic,male,MALE_CHILD_A,assets/triangle-strategy/approved_voice_references/MALE_CHILD_A.wav,ได้เลย!,,,PENDING_MANUAL_GENERATION,,triangle-strategy
20,MS21S_X48_A0_0010_M_M368_0010.wav,MS21S_X48_A0_0010_M_M368_0010,19,19,19,20,เด็กชาย / NPC,generic,male,MALE_CHILD_A,assets/triangle-strategy/approved_voice_references/MALE_CHILD_A.wav,นี่ ไปเล่นซ่อนแอบกันตรงนั้นดีกว่า!,,,PENDING_MANUAL_GENERATION,,triangle-strategy
21,MS21S_X48_A0_0010_M_SVR_0010.wav,MS21S_X48_A0_0010_M_SVR_0010,20,20,20,21,สวาร็อค,npc,male,svarog,assets/triangle-strategy/approved_voice_references/svarog.wav,เฟรเดอริก้า ดีใจที่ได้เจอหลานอีกครั้งนะ ดูเหมือนเกลนบรู๊คจะเริ่มตั้งหลักได้แล้วงั้นสิ?,,,PENDING_MANUAL_GENERATION,,triangle-strategy
22,MS21S_X48_A0_0010_M_SVR_0020.wav,MS21S_X48_A0_0010_M_SVR_0020,21,21,21,22,สวาร็อค,npc,male,svarog,assets/triangle-strategy/approved_voice_references/svarog.wav,ทีแรกมันก็มีพวกสนับสนุนกุสตาดอล์ฟมาต่อต้านข้าบ้างแหละ แต่พอเวลาผ่านไปพวกเขาก็ปล่อยวางกันได้แล้ว,,,PENDING_MANUAL_GENERATION,,triangle-strategy
23,MS21S_X48_A0_0010_M_SVR_0030.wav,MS21S_X48_A0_0010_M_SVR_0030,22,22,22,23,สวาร็อค,npc,male,svarog,assets/triangle-strategy/approved_voice_references/svarog.wav,ใช่ไหมล่ะ,,,PENDING_MANUAL_GENERATION,,triangle-strategy
24,MS21S_X48_A0_0010_M_SVR_0040.wav,MS21S_X48_A0_0010_M_SVR_0040,23,23,23,24,สวาร็อค,npc,male,svarog,assets/triangle-strategy/approved_voice_references/svarog.wav,ข้าไม่อยากทำให้เอสฟรอสต์แปดเปื้อนไปมากกว่านี้แล้ว ดราแกนเองก็คงเห็นด้วยเช่นกัน,,,PENDING_MANUAL_GENERATION,,triangle-strategy
25,MS21S_X48_A0_0010_M_SVR_0050.wav,MS21S_X48_A0_0010_M_SVR_0050,24,24,24,25,สวาร็อค,npc,male,svarog,assets/triangle-strategy/approved_voice_references/svarog.wav,ฮ่าๆ! ไว้ค่อยคุยกันทีหลังก็ได้ ตอนนี้เราเดินทางไปปราสาทกันก่อนดีกว่า,,,PENDING_MANUAL_GENERATION,,triangle-strategy
26,MS21S_X48_A0_0010_M_SVR_0060.wav,MS21S_X48_A0_0010_M_SVR_0060,25,25,25,26,สวาร็อค,npc,male,svarog,assets/triangle-strategy/approved_voice_references/svarog.wav,ว่าที่สามีของเจ้าอยู่ไหนแล้วล่ะ เฟรเดอริก้า?,,,PENDING_MANUAL_GENERATION,,triangle-strategy
27,MS21S_X48_A0_0010_M_SVR_0070.wav,MS21S_X48_A0_0010_M_SVR_0070,26,26,26,27,สวาร็อค,npc,male,svarog,assets/triangle-strategy/approved_voice_references/svarog.wav,ลอร์ดเซเรโนอาเป็นเด็กหนุ่มที่ร้อนแรงเสมอเลยนะ ฮ่าๆ!,,,PENDING_MANUAL_GENERATION,,triangle-strategy
28,MS21S_X48_A0_1010_F_FRE_0010.wav,MS21S_X48_A0_1010_F_FRE_0010,27,27,27,28,Frederica,main,female,frederica,assets/triangle-strategy/approved_voice_references/frederica.wav,หะ-หา!?,,,PENDING_MANUAL_GENERATION,,triangle-strategy
29,MS21S_X48_A0_1010_F_FRE_0020.wav,MS21S_X48_A0_1010_F_FRE_0020,28,28,28,29,Frederica,main,female,frederica,assets/triangle-strategy/approved_voice_references/frederica.wav,...แน่นอนอยู่แล้ว,,,PENDING_MANUAL_GENERATION,,triangle-strategy
30,MS21S_X48_A0_1010_F_HEW_0010.wav,MS21S_X48_A0_1010_F_HEW_0010,29,29,29,30,Hughette,main,female,hughette,assets/triangle-strategy/approved_voice_references/hughette.wav,ฝ่าบาท ทุกคนมาถึงแล้วเจ้าค่ะ,,,PENDING_MANUAL_GENERATION,,triangle-strategy
31,MS21S_X48_A0_1010_F_LYL_0010.wav,MS21S_X48_A0_1010_F_LYL_0010,30,30,30,31,Lyla,npc,female,lyla,assets/triangle-strategy/approved_voice_references/lyla.wav,ก่อนอื่นเราต้องเปลี่ยนอาณาจักร ให้กลายเป็นดินแดนที่ปกครองตนเองใช่ไหมเจ้าคะ?,,,PENDING_MANUAL_GENERATION,,triangle-strategy
32,MS21S_X48_A0_1010_F_LYL_0020.wav,MS21S_X48_A0_1010_F_LYL_0020,31,31,31,32,Lyla,npc,female,lyla,assets/triangle-strategy/approved_voice_references/lyla.wav,ด้วยความยินดีเจ้าค่ะ ฝ่าบาทโรแลนด์,,,PENDING_MANUAL_GENERATION,,triangle-strategy
33,MS21S_X48_A0_1010_M_RLN_0010.wav,MS21S_X48_A0_1010_M_RLN_0010,32,32,32,33,Roland,main,male,roland,assets/triangle-strategy/approved_voice_references/roland.wav,เซเรโนอา? ทุกอย่างเรียบร้อยดีใช่ไหม? ยังพอมีเวลาก่อนจะเริ่มพิธีนะ...,,,PENDING_MANUAL_GENERATION,,triangle-strategy
34,MS21S_X48_A0_1010_M_RLN_0020.wav,MS21S_X48_A0_1010_M_RLN_0020,33,33,33,34,Roland,main,male,roland,assets/triangle-strategy/approved_voice_references/roland.wav,ได้สิสหายข้า มีอะไรงั้นเหรอ?,,,PENDING_MANUAL_GENERATION,,triangle-strategy
35,MS21S_X48_A0_1010_M_RLN_0030.wav,MS21S_X48_A0_1010_M_RLN_0030,34,34,34,35,Roland,main,male,roland,assets/triangle-strategy/approved_voice_references/roland.wav,ตราราชวงศ์นี่!,,,PENDING_MANUAL_GENERATION,,triangle-strategy
36,MS21S_X48_A0_1010_M_RLN_0040.wav,MS21S_X48_A0_1010_M_RLN_0040,35,35,35,36,Roland,main,male,roland,assets/triangle-strategy/approved_voice_references/roland.wav,แต่มันมีไว้สำหรับแค่เชื้อพระวงศ์ไม่ใช่เหรอ? ลอร์ดซีมอนมีสิ่งนี้ได้ยังไง?,,,PENDING_MANUAL_GENERATION,,triangle-strategy
37,MS21S_X48_A0_1010_M_RLN_0050.wav,MS21S_X48_A0_1010_M_RLN_0050,36,36,36,37,Roland,main,male,roland,assets/triangle-strategy/approved_voice_references/roland.wav,แสดงว่า...,,,PENDING_MANUAL_GENERATION,,triangle-strategy
38,MS21S_X48_A0_1010_M_RLN_0060.wav,MS21S_X48_A0_1010_M_RLN_0060,37,37,37,38,Roland,main,male,roland,assets/triangle-strategy/approved_voice_references/roland.wav,เช่นนั้นพวกเราก็เป็น...,,,PENDING_MANUAL_GENERATION,,triangle-strategy
39,MS21S_X48_A0_1010_M_RLN_0070.wav,MS21S_X48_A0_1010_M_RLN_0070,38,38,38,39,Roland,main,male,roland,assets/triangle-strategy/approved_voice_references/roland.wav,พี่น้องกันสินะ?,,,PENDING_MANUAL_GENERATION,,triangle-strategy
40,MS21S_X48_A0_1010_M_RLN_0080.wav,MS21S_X48_A0_1010_M_RLN_0080,39,39,39,40,Roland,main,male,roland,assets/triangle-strategy/approved_voice_references/roland.wav,...ไม่ต้องหรอก ข้าเชื่อลอร์ดซีมอน,,,PENDING_MANUAL_GENERATION,,triangle-strategy
41,MS21S_X48_A0_1010_M_RLN_0090.wav,MS21S_X48_A0_1010_M_RLN_0090,40,40,40,41,Roland,main,male,roland,assets/triangle-strategy/approved_voice_references/roland.wav,เจ้าจำวันนั้นได้ไหม เซเรโนอา? วันที่ทัศนคติของเราไม่ตรงกัน พวกเรามาถึงจุดแตกหักและพร้อมจะแยกทาง,,,PENDING_MANUAL_GENERATION,,triangle-strategy
42,MS21S_X48_A0_1010_M_RLN_0100.wav,MS21S_X48_A0_1010_M_RLN_0100,41,41,41,42,Roland,main,male,roland,assets/triangle-strategy/approved_voice_references/roland.wav,ข้าละเลยหน้าที่กษัตริย์ และยอมก้มกราบให้ไฮแซนต์มาช่วยเหลือเรา,,,PENDING_MANUAL_GENERATION,,triangle-strategy
43,MS21S_X48_A0_1010_M_RLN_0110.wav,MS21S_X48_A0_1010_M_RLN_0110,42,42,42,43,Roland,main,male,roland,assets/triangle-strategy/approved_voice_references/roland.wav,มันทำให้ข้าละอายในความขี้ขลาดของตนมาจนถึงทุกวันนี้,,,PENDING_MANUAL_GENERATION,,triangle-strategy
44,MS21S_X48_A0_1010_M_RLN_0120.wav,MS21S_X48_A0_1010_M_RLN_0120,43,43,43,44,Roland,main,male,roland,assets/triangle-strategy/approved_voice_references/roland.wav,แต่เจ้าน่ะไม่เหมือนข้า เจ้าไม่เคยยอมแพ้...เจ้าพบเส้นทางที่ทำให้เราได้เดินร่วมกันเสมอ,,,PENDING_MANUAL_GENERATION,,triangle-strategy
45,MS21S_X48_A0_1010_M_RLN_0130.wav,MS21S_X48_A0_1010_M_RLN_0130,44,44,44,45,Roland,main,male,roland,assets/triangle-strategy/approved_voice_references/roland.wav,มันพิสูจน์เชื้อสายราชวงศ์ของเจ้าได้ชัดเจนแล้วล่ะ,,,PENDING_MANUAL_GENERATION,,triangle-strategy
46,MS21S_X48_A0_1010_M_RLN_0140.wav,MS21S_X48_A0_1010_M_RLN_0140,45,45,45,46,Roland,main,male,roland,assets/triangle-strategy/approved_voice_references/roland.wav,...แต่ว่านะ การเป็นกษัตริย์ไม่ได้ขึ้นอยู่กับเชื้อสายหรอก,,,PENDING_MANUAL_GENERATION,,triangle-strategy
47,MS21S_X48_A0_1010_M_RLN_0150.wav,MS21S_X48_A0_1010_M_RLN_0150,46,46,46,47,Roland,main,male,roland,assets/triangle-strategy/approved_voice_references/roland.wav,กษัตริย์ควรยึดมั่นในอุดมการณ์ของตน และเป็นแสงประทีปแห่งความหวังให้ปวงชนทั้งหลาย...,,,PENDING_MANUAL_GENERATION,,triangle-strategy
48,MS21S_X48_A0_1010_M_RLN_0160.wav,MS21S_X48_A0_1010_M_RLN_0160,47,47,47,48,Roland,main,male,roland,assets/triangle-strategy/approved_voice_references/roland.wav,หูของเขาต้องพร้อมรับฟังประชาชน และตาต้องรับรู้เส้นทางที่มีอยู่ข้างหน้าทั้งสิ้น แม้จะไม่ถูกเผยให้เห็นโดยตาชั่งก็ตาม...,,,PENDING_MANUAL_GENERATION,,triangle-strategy
49,MS21S_X48_A0_1010_M_RLN_0170.wav,MS21S_X48_A0_1010_M_RLN_0170,48,48,48,49,Roland,main,male,roland,assets/triangle-strategy/approved_voice_references/roland.wav,เซเรโนอา...พี่ของข้า เจ้ามีความสามารถเหลือล้น ข้ามั่นใจว่าเจ้าเกิดมาเพื่อปกครองดินแดนนี้จริงๆ,,,PENDING_MANUAL_GENERATION,,triangle-strategy
50,MS21S_X48_A0_1010_M_RLN_0180.wav,MS21S_X48_A0_1010_M_RLN_0180,49,49,49,50,Roland,main,male,roland,assets/triangle-strategy/approved_voice_references/roland.wav,ข้าพร้อมยกบัลลังก์ให้เจ้านะ และข้าสาบานว่าจะทำให้ความฝันของเจ้าเป็นจริง,,,PENDING_MANUAL_GENERATION,,triangle-strategy
51,MS21S_X48_A0_1010_M_RLN_0200.wav,MS21S_X48_A0_1010_M_RLN_0200,51,51,51,52,Roland,main,male,roland,assets/triangle-strategy/approved_voice_references/roland.wav,...ขอบคุณมากฮิวเอทท์ เรามาเริ่มพิธีกันเถอะ,,,PENDING_MANUAL_GENERATION,,triangle-strategy
52,MS21S_X48_A0_1010_M_RLN_0210.wav,MS21S_X48_A0_1010_M_RLN_0210,52,52,52,53,Roland,main,male,roland,assets/triangle-strategy/approved_voice_references/roland.wav,ขอขอบคุณทุกท่าน ที่มากันในวันนี้,,,PENDING_MANUAL_GENERATION,,triangle-strategy
53,MS21S_X48_A0_1010_M_RLN_0220.wav,MS21S_X48_A0_1010_M_RLN_0220,53,53,53,54,Roland,main,male,roland,assets/triangle-strategy/approved_voice_references/roland.wav,สงครามจบลงแล้ว เราได้ตกลงกันว่าคริสตัลเกลือนั้นจะถูกแจกจ่ายอย่างเท่าเทียม และเป็นสมบัติของชาวนอร์เซเลียทุกคน,,,PENDING_MANUAL_GENERATION,,triangle-strategy
54,MS21S_X48_A0_1010_M_RLN_0230.wav,MS21S_X48_A0_1010_M_RLN_0230,54,54,54,55,Roland,main,male,roland,assets/triangle-strategy/approved_voice_references/roland.wav,ลอร์ดสวาร็อคและรัฐมนตรีไลล่า เราขอบคุณพวกท่านจริงๆ ที่คอยสนับสนุนในแผนการนี้,,,PENDING_MANUAL_GENERATION,,triangle-strategy
55,MS21S_X48_A0_1010_M_RLN_0240.wav,MS21S_X48_A0_1010_M_RLN_0240,55,55,55,56,Roland,main,male,roland,assets/triangle-strategy/approved_voice_references/roland.wav,ใช่แล้วล่ะ ข้าอยากให้ชาวนอร์เซเลียทุกคน เลิกแบ่งฝ่ายและปรองดองเป็นหนึ่งเดียวกัน,,,PENDING_MANUAL_GENERATION,,triangle-strategy
56,MS21S_X48_A0_1010_M_RLN_0250.wav,MS21S_X48_A0_1010_M_RLN_0250,56,56,56,57,Roland,main,male,roland,assets/triangle-strategy/approved_voice_references/roland.wav,เพื่อการนั้น เกลนบรู๊คจึงขอผูกสัมพันธ์กับ เอสฟรอสต์ และไฮแซนต์ อย่างสงบสุขและเท่าเทียม,,,PENDING_MANUAL_GENERATION,,triangle-strategy
57,MS21S_X48_A0_1010_M_RLN_0260.wav,MS21S_X48_A0_1010_M_RLN_0260,57,57,57,58,Roland,main,male,roland,assets/triangle-strategy/approved_voice_references/roland.wav,ถูกต้องแล้วล่ะ ข้าจะอนุญาตให้มีการค้าเสรีระหว่างในเขตแดน รวมถึงคริสตัลเกลือด้วย,,,PENDING_MANUAL_GENERATION,,triangle-strategy
58,MS21S_X48_A0_1010_M_RLN_0270.wav,MS21S_X48_A0_1010_M_RLN_0270,58,58,58,59,Roland,main,male,roland,assets/triangle-strategy/approved_voice_references/roland.wav,ข้าจะค่อยๆ ทลายกำแพงของพวกเขา และส่งเสริมแนวคิดให้ชาวนอร์เซเลียเป็นหนึ่งเดียวกัน,,,PENDING_MANUAL_GENERATION,,triangle-strategy
59,MS21S_X48_A0_1010_M_RLN_0280.wav,MS21S_X48_A0_1010_M_RLN_0280,59,59,59,60,Roland,main,male,roland,assets/triangle-strategy/approved_voice_references/roland.wav,รบกวนลอร์ดสวาร็อคช่วยดูแลเขตแดนเอสฟรอสต์ด้วยนะ,,,PENDING_MANUAL_GENERATION,,triangle-strategy
60,MS21S_X48_A0_1010_M_RLN_0290.wav,MS21S_X48_A0_1010_M_RLN_0290,60,60,60,61,Roland,main,male,roland,assets/triangle-strategy/approved_voice_references/roland.wav,รัฐมนตรีไลล่า รบกวนท่านช่วยดูแลเขตแดนไฮแซนต์ด้วย,,,PENDING_MANUAL_GENERATION,,triangle-strategy
61,MS21S_X48_A0_1010_M_RLN_0300.wav,MS21S_X48_A0_1010_M_RLN_0300,61,61,61,62,Roland,main,male,roland,assets/triangle-strategy/approved_voice_references/roland.wav,และผู้ดูแลวูล์ฟฟอร์ตและเขตแดนโรเซลล์...,,,PENDING_MANUAL_GENERATION,,triangle-strategy
62,MS21S_X48_A0_1010_M_RLN_0310.wav,MS21S_X48_A0_1010_M_RLN_0310,62,62,62,63,Roland,main,male,roland,assets/triangle-strategy/approved_voice_references/roland.wav,คงเป็นใครไปไม่ได้นอกจากสหายสุดที่รักของข้า เซเรโนอา วูล์ฟฟอร์ต,,,PENDING_MANUAL_GENERATION,,triangle-strategy
63,MS21S_X48_A0_1010_M_RLN_0320.wav,MS21S_X48_A0_1010_M_RLN_0320,63,63,63,64,Roland,main,male,roland,assets/triangle-strategy/approved_voice_references/roland.wav,...คงไม่ต้องมีพิธีรีตองอะไรมากนักแล้วล่ะ แต่ข้ามีคำสั่งเพิ่มเติมสำหรับเจ้า...เซเรโนอา,,,PENDING_MANUAL_GENERATION,,triangle-strategy
64,MS21S_X48_A0_1010_M_RLN_0330.wav,MS21S_X48_A0_1010_M_RLN_0330,64,64,64,65,Roland,main,male,roland,assets/triangle-strategy/approved_voice_references/roland.wav,เช่นนั้นแล้ว...,,,PENDING_MANUAL_GENERATION,,triangle-strategy
65,MS21S_X48_A0_1010_M_RLN_0340.wav,MS21S_X48_A0_1010_M_RLN_0340,65,65,65,66,Roland,main,male,roland,assets/triangle-strategy/approved_voice_references/roland.wav,ข้าขอสั่งให้เจ้ากับท่านหญิงเฟรเดอริก้า รีบจัดพิธีสมรสเสียที พิธีมันถูกเลื่อนอยู่เรื่อย!,,,PENDING_MANUAL_GENERATION,,triangle-strategy
66,MS21S_X48_A0_1010_M_RLN_0350.wav,MS21S_X48_A0_1010_M_RLN_0350,66,66,66,67,Roland,main,male,roland,assets/triangle-strategy/approved_voice_references/roland.wav,นี่เป็นคำสั่งจากกษัตริย์ร่วมสาบานของเจ้าเชียวนะ! กล้าขัดขืนงั้นเหรอ ลอร์ดวูล์ฟฟอร์ต...?,,,PENDING_MANUAL_GENERATION,,triangle-strategy
67,MS21S_X48_A0_1010_M_SEL_0010.wav,MS21S_X48_A0_1010_M_SEL_0010,67,67,67,68,Serenoa,main,male,serenoa,assets/triangle-strategy/approved_voice_references/serenoa.wav,โรแลนด์ ข้ามีบางสิ่งที่อยากบอกท่าน,,,PENDING_MANUAL_GENERATION,,triangle-strategy
68,MS21S_X48_A0_1010_M_SEL_0020.wav,MS21S_X48_A0_1010_M_SEL_0020,68,68,68,69,Serenoa,main,male,serenoa,assets/triangle-strategy/approved_voice_references/serenoa.wav,ข้าอยากให้ท่านเห็นสิ่งนี้ ท่านพ่อมอบให้ข้าก่อนที่เขาจะสิ้นลม,,,PENDING_MANUAL_GENERATION,,triangle-strategy
69,MS21S_X48_A0_1010_M_SEL_0030.wav,MS21S_X48_A0_1010_M_SEL_0030,69,69,69,70,Serenoa,main,male,serenoa,assets/triangle-strategy/approved_voice_references/serenoa.wav,ท่านพ่อได้รับสิ่งนี้มาจากฝ่าบาทเร็กน่า...เพื่อส่งต่อให้ข้า,,,PENDING_MANUAL_GENERATION,,triangle-strategy
70,MS21S_X48_A0_1010_M_SEL_0040.wav,MS21S_X48_A0_1010_M_SEL_0040,70,70,70,71,Serenoa,main,male,serenoa,assets/triangle-strategy/approved_voice_references/serenoa.wav,ใช่แล้ว ท่านหญิงเดสตร้าแม่ของข้า...หลบหนีมาที่ตระกูลวูล์ฟฟอร์ตโดยบุตรในครรภ์เป็นของฝ่าบาท,,,PENDING_MANUAL_GENERATION,,triangle-strategy
71,MS21S_X48_A0_1010_M_SEL_0050.wav,MS21S_X48_A0_1010_M_SEL_0050,71,71,71,72,Serenoa,main,male,serenoa,assets/triangle-strategy/approved_voice_references/serenoa.wav,ขอโทษด้วยนะโรแลนด์ จริงๆข้าก็อยากเก็บความลับนี้ไว้ตราบจนสิ้นลม แต่ว่า...,,,PENDING_MANUAL_GENERATION,,triangle-strategy
72,MS21S_X48_A0_1010_M_SEL_0060.wav,MS21S_X48_A0_1010_M_SEL_0060,72,72,72,73,Serenoa,main,male,serenoa,assets/triangle-strategy/approved_voice_references/serenoa.wav,...ข้าทำไม่ได้จริงๆ,,,PENDING_MANUAL_GENERATION,,triangle-strategy
73,MS21S_X48_A0_1010_M_SEL_0070.wav,MS21S_X48_A0_1010_M_SEL_0070,73,73,73,74,Serenoa,main,male,serenoa,assets/triangle-strategy/approved_voice_references/serenoa.wav,ท่านไม่ต้องเชื่อข้าก็ได้ เชิญตรวจดูตราราชวงศ์ด้วยตัวเองเลย,,,PENDING_MANUAL_GENERATION,,triangle-strategy
74,MS21S_X48_A0_1010_M_SEL_0080.wav,MS21S_X48_A0_1010_M_SEL_0080,74,74,74,75,Serenoa,main,male,serenoa,assets/triangle-strategy/approved_voice_references/serenoa.wav,...จริงเหรอ?,,,PENDING_MANUAL_GENERATION,,triangle-strategy
75,MS21S_X48_A0_1010_M_SEL_0090.wav,MS21S_X48_A0_1010_M_SEL_0090,75,75,75,76,Serenoa,main,male,serenoa,assets/triangle-strategy/approved_voice_references/serenoa.wav,ข้าจำได้ เฟรเดอริก้า และเบเนดิกต์...ตัวท่านเองก็มองหน้าพวกเขาไม่ติด,,,PENDING_MANUAL_GENERATION,,triangle-strategy
76,MS21S_X48_A0_1010_M_SEL_0100.wav,MS21S_X48_A0_1010_M_SEL_0100,76,76,76,77,Serenoa,main,male,serenoa,assets/triangle-strategy/approved_voice_references/serenoa.wav,โรแลนด์...,,,PENDING_MANUAL_GENERATION,,triangle-strategy
77,MS21S_X48_A0_1010_M_SEL_0110.wav,MS21S_X48_A0_1010_M_SEL_0110,77,77,77,78,Serenoa,main,male,serenoa,assets/triangle-strategy/approved_voice_references/serenoa.wav,...ข้าซาบซึ้งมากเลย แต่คงต้องขอปฏิเสธ,,,PENDING_MANUAL_GENERATION,,triangle-strategy
78,MS21S_X48_A0_1010_M_SEL_0120.wav,MS21S_X48_A0_1010_M_SEL_0120,78,78,78,79,Serenoa,main,male,serenoa,assets/triangle-strategy/approved_voice_references/serenoa.wav,บัดนี้ถ้อยคำของท่านพิสูจน์ความเป็นกษัตริย์มากพอแล้ว โรแลนด์,,,PENDING_MANUAL_GENERATION,,triangle-strategy
79,MS21S_X48_A0_1010_M_SEL_0130.wav,MS21S_X48_A0_1010_M_SEL_0130,79,79,79,80,Serenoa,main,male,serenoa,assets/triangle-strategy/approved_voice_references/serenoa.wav,ท่านนึกถึงประชาชนเสมอ และท่านก็แสดงให้เห็นแล้วว่าตัวเองพร้อมเรียนรู้แก้ไข อดีตที่พลาดพลั้งของตน,,,PENDING_MANUAL_GENERATION,,triangle-strategy
80,MS21S_X48_A0_1010_M_SEL_0140.wav,MS21S_X48_A0_1010_M_SEL_0140,80,80,80,81,Serenoa,main,male,serenoa,assets/triangle-strategy/approved_voice_references/serenoa.wav,นอร์เซเลียต้องการกษัตริย์เช่นท่าน,,,PENDING_MANUAL_GENERATION,,triangle-strategy
81,MS21S_X48_A0_1010_M_SEL_0150.wav,MS21S_X48_A0_1010_M_SEL_0150,81,81,81,82,Serenoa,main,male,serenoa,assets/triangle-strategy/approved_voice_references/serenoa.wav,ข้าเซเรโนอา บุตรชายแห่งลอร์ดวูล์ฟฟอร์ต ขอสาบานจะจงรักภักดีต่อกษัตริย์...,,,PENDING_MANUAL_GENERATION,,triangle-strategy
82,MS21S_X48_A0_1010_M_SEL_0160.wav,MS21S_X48_A0_1010_M_SEL_0160,82,82,82,83,Serenoa,main,male,serenoa,assets/triangle-strategy/approved_voice_references/serenoa.wav,และสหายคนสนิทของตน,,,PENDING_MANUAL_GENERATION,,triangle-strategy
83,MS21S_X48_A0_1010_M_SEL_0170.wav,MS21S_X48_A0_1010_M_SEL_0170,83,83,83,84,Serenoa,main,male,serenoa,assets/triangle-strategy/approved_voice_references/serenoa.wav,ข้าจำเป็นต้องพูดความจริงกับท่าน เพราะข้าอึดอัดใจอย่างมาก,,,PENDING_MANUAL_GENERATION,,triangle-strategy
84,MS21S_X48_A0_1010_M_SEL_0180.wav,MS21S_X48_A0_1010_M_SEL_0180,84,84,84,85,Serenoa,main,male,serenoa,assets/triangle-strategy/approved_voice_references/serenoa.wav,ตามบัญชาขอรับ ฝ่าบาท,,,PENDING_MANUAL_GENERATION,,triangle-strategy
85,MS21S_X48_A0_1010_M_SEL_0190.wav,MS21S_X48_A0_1010_M_SEL_0190,85,85,85,86,Serenoa,main,male,serenoa,assets/triangle-strategy/approved_voice_references/serenoa.wav,ว่ามาเลยขอรับ,,,PENDING_MANUAL_GENERATION,,triangle-strategy
86,MS21S_X48_A0_1010_M_SEL_0200.wav,MS21S_X48_A0_1010_M_SEL_0200,86,86,86,87,Serenoa,main,male,serenoa,assets/triangle-strategy/approved_voice_references/serenoa.wav,โรแลนด์ ยังมีเรื่องสำคัญอีกตั้งหลายอย่างนะ จะให้ทำเช่นนี้ก็คง...,,,PENDING_MANUAL_GENERATION,,triangle-strategy
87,MS21S_X48_A0_1010_M_SEL_0210.wav,MS21S_X48_A0_1010_M_SEL_0210,87,87,87,88,Serenoa,main,male,serenoa,assets/triangle-strategy/approved_voice_references/serenoa.wav,โรแลนด์...,,,PENDING_MANUAL_GENERATION,,triangle-strategy
88,MS21S_X48_A0_1010_M_SEL_0220.wav,MS21S_X48_A0_1010_M_SEL_0220,88,88,88,89,Serenoa,main,male,serenoa,assets/triangle-strategy/approved_voice_references/serenoa.wav,มันอาจกะทันหันไปหน่อย แต่...เอาเลยไหม เฟรเดอริก้า?,,,PENDING_MANUAL_GENERATION,,triangle-strategy
89,MS21S_X48_A0_1010_M_SVR_0010.wav,MS21S_X48_A0_1010_M_SVR_0010,89,89,89,90,สวาร็อค,npc,male,svarog,assets/triangle-strategy/approved_voice_references/svarog.wav,ไม่ต้องห่วงขอรับฝ่าบาท นี่คือจุดเริ่มต้นแห่งยุคใหม่ของพวกเรา,,,PENDING_MANUAL_GENERATION,,triangle-strategy
90,MS21S_X48_A0_1010_M_SVR_0020.wav,MS21S_X48_A0_1010_M_SVR_0020,90,90,90,91,สวาร็อค,npc,male,svarog,assets/triangle-strategy/approved_voice_references/svarog.wav,แน่นอนขอรับฝ่าบาทโรแลนด์ ข้าจะทำสุดความสามารถเพื่อสานฝันของลูกข้าให้ได้,,,PENDING_MANUAL_GENERATION,,triangle-strategy
91,MS21S_X48_A0_1010_M_SVR_0030.wav,MS21S_X48_A0_1010_M_SVR_0030,91,91,91,92,สวาร็อค,npc,male,svarog,assets/triangle-strategy/approved_voice_references/svarog.wav,ฮ่าๆๆ! ข้าว่าเริ่มต้นยุคแห่งความปรองดองด้วยพิธีแต่งงานก็ไม่เลวนะ!,,,PENDING_MANUAL_GENERATION,,triangle-strategy
92,MS21S_X48_A0_1010_M_SVR_0040.wav,MS21S_X48_A0_1010_M_SVR_0040,92,92,92,93,สวาร็อค,npc,male,svarog,assets/triangle-strategy/approved_voice_references/svarog.wav,ท่านจะได้เป็นหลานข้าแล้ว ลอร์ดเซเรโนอา!,,,PENDING_MANUAL_GENERATION,,triangle-strategy
93,MS21S_X48_A1_0010_M_BND_0010.wav,MS21S_X48_A1_0010_M_BND_0010,93,93,93,94,Benedict,main,male,benedict,assets/triangle-strategy/approved_voice_references/benedict.wav,...เป็นเกียรติที่ได้รับใช้ท่านขอรับ,,,PENDING_MANUAL_GENERATION,,triangle-strategy
94,MS21S_X48_A1_0010_M_BND_0020.wav,MS21S_X48_A1_0010_M_BND_0020,94,94,94,95,Benedict,main,male,benedict,assets/triangle-strategy/approved_voice_references/benedict.wav,ข้าหลงผิดในเส้นทางแห่งความยุติธรรมขอรับ นายท่าน,,,PENDING_MANUAL_GENERATION,,triangle-strategy
95,MS21S_X48_A1_0010_M_BND_0030.wav,MS21S_X48_A1_0010_M_BND_0030,95,95,95,96,Benedict,main,male,benedict,assets/triangle-strategy/approved_voice_references/benedict.wav,ถูกต้องขอรับ หากวันนั้นท่านไม่ทำให้เราสามัคคีกัน ข้าคงไม่รู้ว่าชะตากรรมของเราจะเป็นเช่นไรต่อไป...,,,PENDING_MANUAL_GENERATION,,triangle-strategy
96,MS21S_X48_A1_0010_M_BND_0040.wav,MS21S_X48_A1_0010_M_BND_0040,96,96,96,97,Benedict,main,male,benedict,assets/triangle-strategy/approved_voice_references/benedict.wav,นับแต่นั้นมา...ฝันร้ายได้ตามหลอกหลอนข้าตลอด ข้าเห็นนอร์เซเลียถูกแผดเผาด้วยไฟสงครามเพราะคำแนะนำของข้า,,,PENDING_MANUAL_GENERATION,,triangle-strategy
97,MS21S_X48_A1_0010_M_BND_0050.wav,MS21S_X48_A1_0010_M_BND_0050,97,97,97,98,Benedict,main,male,benedict,assets/triangle-strategy/approved_voice_references/benedict.wav,แผนการของข้ามิได้คำนึงถึงชาวโรเซลล์ของท่านหญิงเฟรเดอริก้า และข้าอาจจะขับไล่ฝ่าบาทโรแลนด์ออกไปก็ได้...,,,PENDING_MANUAL_GENERATION,,triangle-strategy
98,MS21S_X48_A1_0010_M_BND_0060.wav,MS21S_X48_A1_0010_M_BND_0060,98,98,98,99,Benedict,main,male,benedict,assets/triangle-strategy/approved_voice_references/benedict.wav,ข้าทำให้ท่านผิดหวัง ในฐานะผู้ดูแลตระกูลและมนุษย์คนหนึ่ง ข้าไม่สมควรมีส่วนร่วมในอนาคตแห่งดินแดนนี้ขอรับ,,,PENDING_MANUAL_GENERATION,,triangle-strategy
99,MS21S_X48_A1_0010_M_BND_0070.wav,MS21S_X48_A1_0010_M_BND_0070,99,99,99,100,Benedict,main,male,benedict,assets/triangle-strategy/approved_voice_references/benedict.wav,ลอร์ดเซเรโนอา...,,,PENDING_MANUAL_GENERATION,,triangle-strategy
100,MS21S_X48_A1_0010_M_BND_0090.wav,MS21S_X48_A1_0010_M_BND_0090,101,101,101,102,Benedict,main,male,benedict,assets/triangle-strategy/approved_voice_references/benedict.wav,...ข้าขอปฏิเสธ,,,PENDING_MANUAL_GENERATION,,triangle-strategy
101,MS21S_X48_A1_0010_M_BND_0100.wav,MS21S_X48_A1_0010_M_BND_0100,102,102,102,103,Benedict,main,male,benedict,assets/triangle-strategy/approved_voice_references/benedict.wav,ขอปฏิเสธที่จะทอดทิ้งท่านและตระกูลวูล์ฟฟอร์ตขอรับ!,,,PENDING_MANUAL_GENERATION,,triangle-strategy
102,MS21S_X48_A1_0010_M_BND_0110.wav,MS21S_X48_A1_0010_M_BND_0110,103,103,103,104,Benedict,main,male,benedict,assets/triangle-strategy/approved_voice_references/benedict.wav,ข้าจะขอภักดีต่อท่านตลอดไปขอรับ ลอร์ดเซเรโนอา!,,,PENDING_MANUAL_GENERATION,,triangle-strategy
103,MS21S_X48_A1_0010_M_BND_0120.wav,MS21S_X48_A1_0010_M_BND_0120,104,104,104,105,Benedict,main,male,benedict,assets/triangle-strategy/approved_voice_references/benedict.wav,จะไม่ทำให้ท่านหรืออาณาจักรต้องผิดหวังขอรับ,,,PENDING_MANUAL_GENERATION,,triangle-strategy
104,MS21S_X48_A1_0010_M_BND_0130.wav,MS21S_X48_A1_0010_M_BND_0130,105,105,105,106,Benedict,main,male,benedict,assets/triangle-strategy/approved_voice_references/benedict.wav,เอาล่ะ... หากจำไม่ผิด เมื่อกี้ท่านกำลังจะไปนครหลวงใช่ไหม?,,,PENDING_MANUAL_GENERATION,,triangle-strategy
105,MS21S_X48_A1_0010_M_BND_0140.wav,MS21S_X48_A1_0010_M_BND_0140,106,106,106,107,Benedict,main,male,benedict,assets/triangle-strategy/approved_voice_references/benedict.wav,เช่นนั้นรีบไปกันดีกว่า อย่าปล่อยให้ฝ่าบาทต้องคอยนานขอรับ,,,PENDING_MANUAL_GENERATION,,triangle-strategy
106,MS21S_X48_A1_0010_M_BND_0150.wav,MS21S_X48_A1_0010_M_BND_0150,107,107,107,108,Benedict,main,male,benedict,assets/triangle-strategy/approved_voice_references/benedict.wav,...ท่านลังเลล่ะสิ ไม่กล้าบอกความจริงกับเขาใช่ไหม,,,PENDING_MANUAL_GENERATION,,triangle-strategy
107,MS21S_X48_A1_0010_M_BND_0160.wav,MS21S_X48_A1_0010_M_BND_0160,108,108,108,109,Benedict,main,male,benedict,assets/triangle-strategy/approved_voice_references/benedict.wav,...ทำตามเสียงหัวใจของท่านเถอะขอรับ มันไม่ส่งผลกับความสัมพันธ์ของท่านทั้งสองหรอก,,,PENDING_MANUAL_GENERATION,,triangle-strategy
108,MS21S_X48_A1_0010_M_SEL_0010.wav,MS21S_X48_A1_0010_M_SEL_0010,109,109,109,110,Serenoa,main,male,serenoa,assets/triangle-strategy/approved_voice_references/serenoa.wav,เดี๋ยวก่อน,,,PENDING_MANUAL_GENERATION,,triangle-strategy
109,MS21S_X48_A1_0010_M_SEL_0020.wav,MS21S_X48_A1_0010_M_SEL_0020,110,110,110,111,Serenoa,main,male,serenoa,assets/triangle-strategy/approved_voice_references/serenoa.wav,จะไปไหนของท่านเนี่ย?,,,PENDING_MANUAL_GENERATION,,triangle-strategy
110,MS21S_X48_A1_0010_M_SEL_0030.wav,MS21S_X48_A1_0010_M_SEL_0030,111,111,111,112,Serenoa,main,male,serenoa,assets/triangle-strategy/approved_voice_references/serenoa.wav,ท่านหมายถึงเรื่องนั้นที่เรามีปากเสียงกันสินะ,,,PENDING_MANUAL_GENERATION,,triangle-strategy
111,MS21S_X48_A1_0010_M_SEL_0040.wav,MS21S_X48_A1_0010_M_SEL_0040,112,112,112,113,Serenoa,main,male,serenoa,assets/triangle-strategy/approved_voice_references/serenoa.wav,แต่สุดท้ายนอร์เซเลียก็แข็งแกร่งยิ่งขึ้น เราคงไม่สามารถปกป้องดินแดนแห่งนี้...หากไม่ได้ท่านช่วยไว้ขอรับ,,,PENDING_MANUAL_GENERATION,,triangle-strategy
112,MS21S_X48_A1_0010_M_SEL_0050.wav,MS21S_X48_A1_0010_M_SEL_0050,113,113,113,114,Serenoa,main,male,serenoa,assets/triangle-strategy/approved_voice_references/serenoa.wav,หยุดอยู่ตรงนั้นเลย เบเนดิกต์!,,,PENDING_MANUAL_GENERATION,,triangle-strategy
113,MS21S_X48_A1_0010_M_SEL_0060.wav,MS21S_X48_A1_0010_M_SEL_0060,114,114,114,115,Serenoa,main,male,serenoa,assets/triangle-strategy/approved_voice_references/serenoa.wav,มนุษย์ทุกคนย่อมพลาดพลั้งเสมอ มันอยู่ที่เราจะเก็บมาเป็นบทเรียนหรือไม่,,,PENDING_MANUAL_GENERATION,,triangle-strategy
114,MS21S_X48_A1_0010_M_SEL_0070.wav,MS21S_X48_A1_0010_M_SEL_0070,115,115,115,116,Serenoa,main,male,serenoa,assets/triangle-strategy/approved_voice_references/serenoa.wav,หากท่านล้มแล้วลุกไม่ได้ ท่านก็ต้องพึ่งพาคนอื่นเสียบ้าง,,,PENDING_MANUAL_GENERATION,,triangle-strategy
115,MS21S_X48_A1_0010_M_SEL_0080.wav,MS21S_X48_A1_0010_M_SEL_0080,116,116,116,117,Serenoa,main,male,serenoa,assets/triangle-strategy/approved_voice_references/serenoa.wav,นี่คือเหตุผลที่เรามาไกลถึงขนาดนี้ เมื่อมีผู้หลงทาง...ก็ย่อมมีผู้ที่คอยนำทางเรา,,,PENDING_MANUAL_GENERATION,,triangle-strategy
116,MS21S_X48_A1_0010_M_SEL_0090.wav,MS21S_X48_A1_0010_M_SEL_0090,117,117,117,118,Serenoa,main,male,serenoa,assets/triangle-strategy/approved_voice_references/serenoa.wav,นั่นไม่ใช่วิถีแห่งวูล์ฟฟอร์ตที่ท่านเทิดทูนหรอกเหรอ?,,,PENDING_MANUAL_GENERATION,,triangle-strategy
117,MS21S_X48_A1_0010_M_SEL_0100.wav,MS21S_X48_A1_0010_M_SEL_0100,118,118,118,119,Serenoa,main,male,serenoa,assets/triangle-strategy/approved_voice_references/serenoa.wav,งานของเราเพิ่งเริ่มขึ้นขอรับ เราต้องร่วมมือสร้างอนาคตที่ดีไปด้วยกัน,,,PENDING_MANUAL_GENERATION,,triangle-strategy
118,MS21S_X48_A1_0010_M_SEL_0110.wav,MS21S_X48_A1_0010_M_SEL_0110,119,119,119,120,Serenoa,main,male,serenoa,assets/triangle-strategy/approved_voice_references/serenoa.wav,และเราคงทำไม่สำเร็จโดยปราศจากท่าน อย่าทิ้งพวกเราไปเลยนะเบเนดิกต์,,,PENDING_MANUAL_GENERATION,,triangle-strategy
119,MS21S_X48_A1_0010_M_SEL_0120.wav,MS21S_X48_A1_0010_M_SEL_0120,120,120,120,121,Serenoa,main,male,serenoa,assets/triangle-strategy/approved_voice_references/serenoa.wav,ตระกูลวูล์ฟฟอร์ตต้องการท่าน เช่นเดียวกับข้า,,,PENDING_MANUAL_GENERATION,,triangle-strategy
120,MS21S_X48_A1_0010_M_SEL_0130.wav,MS21S_X48_A1_0010_M_SEL_0130,121,121,121,122,Serenoa,main,male,serenoa,assets/triangle-strategy/approved_voice_references/serenoa.wav,ดีใจที่ได้ยินเช่นนี้ขอรับ,,,PENDING_MANUAL_GENERATION,,triangle-strategy
121,MS21S_X48_A1_0010_M_SEL_0140.wav,MS21S_X48_A1_0010_M_SEL_0140,122,122,122,123,Serenoa,main,male,serenoa,assets/triangle-strategy/approved_voice_references/serenoa.wav,เออจะว่าไป เรื่องนั้น...,,,PENDING_MANUAL_GENERATION,,triangle-strategy
122,MS21S_X48_A1_0010_M_SEL_0150.wav,MS21S_X48_A1_0010_M_SEL_0150,123,123,123,124,Serenoa,main,male,serenoa,assets/triangle-strategy/approved_voice_references/serenoa.wav,ท่านมองข้าออกตลอดเลยนะ เบเนดิกต์,,,PENDING_MANUAL_GENERATION,,triangle-strategy
123,MS21S_X48_A1_0010_M_SEL_0160.wav,MS21S_X48_A1_0010_M_SEL_0160,124,124,124,125,Serenoa,main,male,serenoa,assets/triangle-strategy/approved_voice_references/serenoa.wav,ข้ารู้ว่าควรจะปกปิดมันเป็นความลับเพื่อตระกูลของข้าเอง แต่ว่า...,,,PENDING_MANUAL_GENERATION,,triangle-strategy
124,MS21S_X48_A1_0010_M_SEL_0170.wav,MS21S_X48_A1_0010_M_SEL_0170,125,125,125,126,Serenoa,main,male,serenoa,assets/triangle-strategy/approved_voice_references/serenoa.wav,...ค่อยอุ่นใจขึ้นหน่อย เบเนดิกต์ ตอนนี้ข้ารู้ว่าควรทำเช่นไรแล้วล่ะ,,,PENDING_MANUAL_GENERATION,,triangle-strategy
125,MS21S_X48_A1_1010_F_ANA_0010.wav,MS21S_X48_A1_1010_F_ANA_0010,126,126,126,127,Anna,main,female,anna,assets/triangle-strategy/approved_voice_references/anna.wav,การสมรสของพวกเขา ถือเป็นเครื่องหมายแห่งยุคใหม่ที่กำลังจะมาถึง,,,PENDING_MANUAL_GENERATION,,triangle-strategy
126,MS21S_X48_A1_1010_F_HEW_0010.wav,MS21S_X48_A1_1010_F_HEW_0010,127,127,127,128,Hughette,main,female,hughette,assets/triangle-strategy/approved_voice_references/hughette.wav,รุ่งอรุณแห่งนอร์เซเลียใกล้เข้ามาแล้วสินะ เป็นเกียรติของข้าที่ได้เป็นประจักษ์พยานเหลือเกิน,,,PENDING_MANUAL_GENERATION,,triangle-strategy
127,MS21S_X48_A1_1010_F_YRA_0010.wav,MS21S_X48_A1_1010_F_YRA_0010,128,128,128,129,Geela,main,female,geela,assets/triangle-strategy/approved_voice_references/geela.wav,ข้าเองก็รู้สึกเช่นเดียวกันกับเฟรเดอริก้านะเจ้าคะ นางตัวคนเดียวมาโดยตลอด...จนกระทั่งได้เป็นคู่หมั้นของชายคนหนึ่ง,,,PENDING_MANUAL_GENERATION,,triangle-strategy
128,MS21S_X48_A1_1010_F_YRA_0020.wav,MS21S_X48_A1_1010_F_YRA_0020,129,129,129,130,Geela,main,female,geela,assets/triangle-strategy/approved_voice_references/geela.wav,เป็นวันที่ข้ามีความสุขที่สุดเลยเจ้าค่ะ,,,PENDING_MANUAL_GENERATION,,triangle-strategy
129,MS21S_X48_A1_1010_M_BND_0010.wav,MS21S_X48_A1_1010_M_BND_0010,130,130,130,131,Benedict,main,male,benedict,assets/triangle-strategy/approved_voice_references/benedict.wav,ใช่แล้วขอรับ นี่ไม่ใช่การเฉลิมฉลองของชาวเกลนบรู๊คหรือโรเซลล์เพียงอย่างเดียว แต่เป็นของเอสฟรอสต์และไฮแซนต์ด้วยเช่นกัน,,,PENDING_MANUAL_GENERATION,,triangle-strategy
130,MS21S_X48_A1_1010_M_ELA_0010.wav,MS21S_X48_A1_1010_M_ELA_0010,131,131,131,132,Erador,main,male,erador,assets/triangle-strategy/approved_voice_references/erador.wav,เผลอแปปเดียวเขาก็โตเป็นผู้ใหญ่ซะแล้ว... เมื่อวานยังตัวเท่าหัวเข่าอยู่เลย...,,,PENDING_MANUAL_GENERATION,,triangle-strategy
131,MS21S_X48_A1_1010_M_JRM_0010.wav,MS21S_X48_A1_1010_M_JRM_0010,132,132,132,133,เจอร์รอม,npc,male,jerrom,assets/triangle-strategy/approved_voice_references/jerrom.wav,สหายเอ๋ย เหมือนว่าคู่รักของเราจะพร้อมแล้ว,,,PENDING_MANUAL_GENERATION,,triangle-strategy
132,MS21S_X48_A1_1010_M_JRM_0020.wav,MS21S_X48_A1_1010_M_JRM_0020,133,133,133,134,เจอร์รอม,npc,male,jerrom,assets/triangle-strategy/approved_voice_references/jerrom.wav,เพื่อไม่ให้เป็นการเสียเวลา ข้าขอเริ่มพิธี ณ บัดนี้,,,PENDING_MANUAL_GENERATION,,triangle-strategy
133,MS21S_X48_A1_1010_M_JRM_0030.wav,MS21S_X48_A1_1010_M_JRM_0030,134,134,134,135,เจอร์รอม,npc,male,jerrom,assets/triangle-strategy/approved_voice_references/jerrom.wav,โปรดต้อนรับเจ้าบ่าวและเจ้าสาวของเรา... เซเรโนอา วูล์ฟฟอร์ต และ เฟรเดอริก้า เอสฟรอสต์!,,,PENDING_MANUAL_GENERATION,,triangle-strategy
134,MS21S_X48_A1_1010_M_RLN_0010.wav,MS21S_X48_A1_1010_M_RLN_0010,135,135,135,136,Roland,main,male,roland,assets/triangle-strategy/approved_voice_references/roland.wav,ข้าไม่คิดว่าจะได้เจอหน้าคนรู้จักทั้งหมดที่นี่นะเนี่ย นี่สินะคือหลักฐานที่พวกเขากำลังจับมือก้าวไปด้วยกัน,,,PENDING_MANUAL_GENERATION,,triangle-strategy
135,MS21S_X48_BATTLE_01_AFTER_F_FRE_0010.wav,MS21S_X48_BATTLE_01_AFTER_F_FRE_0010,136,136,136,137,Frederica,main,female,frederica,assets/triangle-strategy/approved_voice_references/frederica.wav,เราถึงต้องการทักษะและความชาญฉลาดของท่านไงเจ้าคะ,,,PENDING_MANUAL_GENERATION,,triangle-strategy
136,MS21S_X48_BATTLE_01_AFTER_F_FRE_0020.wav,MS21S_X48_BATTLE_01_AFTER_F_FRE_0020,137,137,137,138,Frederica,main,female,frederica,assets/triangle-strategy/approved_voice_references/frederica.wav,ยารักษาของท่านช่วยชีวิตผู้คน... และสามารถช่วยให้คนเหล่านั้นได้สานฝันต่อ...,,,PENDING_MANUAL_GENERATION,,triangle-strategy
137,MS21S_X48_BATTLE_01_AFTER_F_LYL_0010.wav,MS21S_X48_BATTLE_01_AFTER_F_LYL_0010,138,138,138,139,Lyla,npc,female,lyla,assets/triangle-strategy/approved_voice_references/lyla.wav,โอย...,,,PENDING_MANUAL_GENERATION,,triangle-strategy
138,MS21S_X48_BATTLE_01_AFTER_F_LYL_0020.wav,MS21S_X48_BATTLE_01_AFTER_F_LYL_0020,139,139,139,140,Lyla,npc,female,lyla,assets/triangle-strategy/approved_voice_references/lyla.wav,ฮ่า...ฮ่าๆ... ข้าจะได้...เป็นหนึ่งเดียวกับเทพธิดา...,,,PENDING_MANUAL_GENERATION,,triangle-strategy
139,MS21S_X48_BATTLE_01_AFTER_F_LYL_0030.wav,MS21S_X48_BATTLE_01_AFTER_F_LYL_0030,140,140,140,141,Lyla,npc,female,lyla,assets/triangle-strategy/approved_voice_references/lyla.wav,ข้าจะได้ไปสบาย...หมดทุกข์จากโลกอันแสนทรมานเสียที...,,,PENDING_MANUAL_GENERATION,,triangle-strategy
140,MS21S_X48_BATTLE_01_AFTER_F_LYL_0040.wav,MS21S_X48_BATTLE_01_AFTER_F_LYL_0040,141,141,141,142,Lyla,npc,female,lyla,assets/triangle-strategy/approved_voice_references/lyla.wav,หยุดเดี๋ยวนี้! ทำอะไรของท่าน!?,,,PENDING_MANUAL_GENERATION,,triangle-strategy
141,MS21S_X48_BATTLE_01_AFTER_F_LYL_0050.wav,MS21S_X48_BATTLE_01_AFTER_F_LYL_0050,142,142,142,143,Lyla,npc,female,lyla,assets/triangle-strategy/approved_voice_references/lyla.wav,ชีวิตข้ามันไร้ความหมาย... โลกนี้มันเต็มไปด้วยความเจ็บปวด...,,,PENDING_MANUAL_GENERATION,,triangle-strategy
142,MS21S_X48_BATTLE_01_AFTER_F_LYL_0060.wav,MS21S_X48_BATTLE_01_AFTER_F_LYL_0060,143,143,143,144,Lyla,npc,female,lyla,assets/triangle-strategy/approved_voice_references/lyla.wav,ความหมายอันแท้จริงสินะ...,,,PENDING_MANUAL_GENERATION,,triangle-strategy
143,MS21S_X48_BATTLE_01_AFTER_F_LYL_0070.wav,MS21S_X48_BATTLE_01_AFTER_F_LYL_0070,144,144,144,145,Lyla,npc,female,lyla,assets/triangle-strategy/approved_voice_references/lyla.wav,(ร้องไห้อย่างสิ้นหวัง),,,PENDING_MANUAL_GENERATION,,triangle-strategy
144,MS21S_X48_BATTLE_01_AFTER_F_YRA_0010.wav,MS21S_X48_BATTLE_01_AFTER_F_YRA_0010,145,145,145,146,Geela,main,female,geela,assets/triangle-strategy/approved_voice_references/geela.wav,เจ้าค่ะ นายท่าน!,,,PENDING_MANUAL_GENERATION,,triangle-strategy
145,MS21S_X48_BATTLE_01_AFTER_M_RLN_0010.wav,MS21S_X48_BATTLE_01_AFTER_M_RLN_0010,146,146,146,147,Roland,main,male,roland,assets/triangle-strategy/approved_voice_references/roland.wav,รัฐมนตรีไลล่า ท่านต้องมีชีวิต...เพื่อชดเชยอดีตที่ตนก่อไว้,,,PENDING_MANUAL_GENERATION,,triangle-strategy
146,MS21S_X48_BATTLE_01_AFTER_M_SEL_0010.wav,MS21S_X48_BATTLE_01_AFTER_M_SEL_0010,147,147,147,148,Serenoa,main,male,serenoa,assets/triangle-strategy/approved_voice_references/serenoa.wav,...อย่านะ เราไม่ให้ท่านตายหรอก จีล่า รักษาบาดแผลให้นางด้วย!,,,PENDING_MANUAL_GENERATION,,triangle-strategy
147,MS21S_X48_BATTLE_01_AFTER_M_SEL_0020.wav,MS21S_X48_BATTLE_01_AFTER_M_SEL_0020,148,148,148,149,Serenoa,main,male,serenoa,assets/triangle-strategy/approved_voice_references/serenoa.wav,เราถึงต้องมาเปลี่ยนแปลงมันไงขอรับ เราจะสร้างโลกและอนาคตใหม่ขึ้นมา...,,,PENDING_MANUAL_GENERATION,,triangle-strategy
148,MS21S_X48_BATTLE_01_AFTER_M_SEL_0030.wav,MS21S_X48_BATTLE_01_AFTER_M_SEL_0030,149,149,149,150,Serenoa,main,male,serenoa,assets/triangle-strategy/approved_voice_references/serenoa.wav,...ที่ซึ่งทุกคนจะพบกับความหมายในชีวิตอันแท้จริง...,,,PENDING_MANUAL_GENERATION,,triangle-strategy
149,MS21S_X48_BATTLE_01_BEFORE_F_LYL_0010.wav,MS21S_X48_BATTLE_01_BEFORE_F_LYL_0010,150,150,150,151,Lyla,npc,female,lyla,assets/triangle-strategy/approved_voice_references/lyla.wav,ถูกต้องแล้วล่ะ,,,PENDING_MANUAL_GENERATION,,triangle-strategy
150,MS21S_X48_BATTLE_01_BEFORE_F_LYL_0020.wav,MS21S_X48_BATTLE_01_BEFORE_F_LYL_0020,151,151,151,152,Lyla,npc,female,lyla,assets/triangle-strategy/approved_voice_references/lyla.wav,ฮึ่ม... เกรงว่าต้องปฏิเสธเจ้าค่ะ,,,PENDING_MANUAL_GENERATION,,triangle-strategy
151,MS21S_X48_BATTLE_01_BEFORE_F_LYL_0030.wav,MS21S_X48_BATTLE_01_BEFORE_F_LYL_0030,152,152,152,153,Lyla,npc,female,lyla,assets/triangle-strategy/approved_voice_references/lyla.wav,ข้าแค่...จงใจร่วมมือกับหัวหน้านักบวชเท่านั้นเอง,,,PENDING_MANUAL_GENERATION,,triangle-strategy
152,MS21S_X48_BATTLE_01_BEFORE_F_LYL_0040.wav,MS21S_X48_BATTLE_01_BEFORE_F_LYL_0040,153,153,153,154,Lyla,npc,female,lyla,assets/triangle-strategy/approved_voice_references/lyla.wav,รัฐมนตรีเซเรโนอา โลกที่ท่านต้องการจะสร้าง...มันคือโลกอันยุติธรรม ซึ่งข้าไม่อยากทำให้มันแปดเปื้อนด้วยน้ำมือของข้า,,,PENDING_MANUAL_GENERATION,,triangle-strategy
153,MS21S_X48_BATTLE_01_BEFORE_F_LYL_0050.wav,MS21S_X48_BATTLE_01_BEFORE_F_LYL_0050,154,154,154,155,Lyla,npc,female,lyla,assets/triangle-strategy/approved_voice_references/lyla.wav,ข้าไม่ขอให้ท่านยกโทษให้ข้าหรอก แต่ข้าจำเป็นต้องทำหน้าที่ในฐานะผู้ศักดิ์สิทธิ์,,,PENDING_MANUAL_GENERATION,,triangle-strategy
154,MS21S_X48_BATTLE_01_BEFORE_F_LYL_0060.wav,MS21S_X48_BATTLE_01_BEFORE_F_LYL_0060,155,155,155,156,Lyla,npc,female,lyla,assets/triangle-strategy/approved_voice_references/lyla.wav,เข้ามาเลยไอ้พวกวูล์ฟฟอร์ตนอกรีต! พวกเจ้าไม่มีวันได้แตะต้องพระองค์อย่างแน่นอน!,,,PENDING_MANUAL_GENERATION,,triangle-strategy
155,MS21S_X48_BATTLE_01_BEFORE_M_BND_0010.wav,MS21S_X48_BATTLE_01_BEFORE_M_BND_0010,156,156,156,157,Benedict,main,male,benedict,assets/triangle-strategy/approved_voice_references/benedict.wav,ทำไมกัน? คนที่มีไหวพริบเช่นท่าน ควรจะรู้ทันคำสอนของเทพธิดาไม่ใช่เหรอ,,,PENDING_MANUAL_GENERATION,,triangle-strategy
156,MS21S_X48_BATTLE_01_BEFORE_M_RLN_0010.wav,MS21S_X48_BATTLE_01_BEFORE_M_RLN_0010,157,157,157,158,Roland,main,male,roland,assets/triangle-strategy/approved_voice_references/roland.wav,ข้ารับปากว่าจะไม่ใช้ความสามารถของท่านในทางที่ผิดแน่นอน ตอนนี้ข้าวอนให้ท่านคำนึงถึงชาวนอร์เซเลียทุกคนด้วยเถิด,,,PENDING_MANUAL_GENERATION,,triangle-strategy
157,MS21S_X48_BATTLE_01_BEFORE_M_SEL_0010.wav,MS21S_X48_BATTLE_01_BEFORE_M_SEL_0010,158,158,158,159,Serenoa,main,male,serenoa,assets/triangle-strategy/approved_voice_references/serenoa.wav,รัฐมนตรีไลล่า,,,PENDING_MANUAL_GENERATION,,triangle-strategy
158,MS21S_X48_BATTLE_01_BEFORE_M_SEL_0020.wav,MS21S_X48_BATTLE_01_BEFORE_M_SEL_0020,159,159,159,160,Serenoa,main,male,serenoa,assets/triangle-strategy/approved_voice_references/serenoa.wav,...เราจำเป็นต้องสู้กันจริงๆ ใช่ไหม?,,,PENDING_MANUAL_GENERATION,,triangle-strategy
159,MS21S_X48_BATTLE_01_BEFORE_M_SEL_0030.wav,MS21S_X48_BATTLE_01_BEFORE_M_SEL_0030,160,160,160,161,Serenoa,main,male,serenoa,assets/triangle-strategy/approved_voice_references/serenoa.wav,ท่านยอมจำนนเสียเถอะ ท่านมีพรสวรรค์และพลังที่จะช่วยผู้คนมากมายนะขอรับ,,,PENDING_MANUAL_GENERATION,,triangle-strategy
160,MS21S_X48_BATTLE_01_BEFORE_M_SEL_0040.wav,MS21S_X48_BATTLE_01_BEFORE_M_SEL_0040,161,161,161,162,Serenoa,main,male,serenoa,assets/triangle-strategy/approved_voice_references/serenoa.wav,รัฐมนตรีไลล่า...,,,PENDING_MANUAL_GENERATION,,triangle-strategy
161,MS21S_X48_BATTLE_01_BEFORE_M_SEL_0050.wav,MS21S_X48_BATTLE_01_BEFORE_M_SEL_0050,162,162,162,163,Serenoa,main,male,serenoa,assets/triangle-strategy/approved_voice_references/serenoa.wav,เช่นนั้นพวกเราคงถอยกลับไม่ได้เหมือนกันสินะ,,,PENDING_MANUAL_GENERATION,,triangle-strategy
162,MS21S_X48_BATTLE_01_BEFORE_M_SEL_0060.wav,MS21S_X48_BATTLE_01_BEFORE_M_SEL_0060,163,163,163,164,Serenoa,main,male,serenoa,assets/triangle-strategy/approved_voice_references/serenoa.wav,หากต้องโค่นท่าน เราก็จะทำ!,,,PENDING_MANUAL_GENERATION,,triangle-strategy
163,MS21S_X48_BATTLE_01_DRAMA_F_FRE_0010.wav,MS21S_X48_BATTLE_01_DRAMA_F_FRE_0010,164,164,164,165,Frederica,main,female,frederica,assets/triangle-strategy/approved_voice_references/frederica.wav,รัฐมนตรีไลล่า ถอนกำลังเถอะเจ้าค่ะ! สู้ไปก็ไม่เกิดประโยชน์ขึ้นมาหรอก!,,,PENDING_MANUAL_GENERATION,,triangle-strategy
164,MS21S_X48_BATTLE_01_DRAMA_F_LYL_0010.wav,MS21S_X48_BATTLE_01_DRAMA_F_LYL_0010,165,165,165,166,Lyla,npc,female,lyla,assets/triangle-strategy/approved_voice_references/lyla.wav,พวกเรานั้นคือสาวกผู้พิทักษ์กลุ่มสุดท้ายที่เหลือรอด!,,,PENDING_MANUAL_GENERATION,,triangle-strategy
165,MS21S_X48_BATTLE_01_DRAMA_F_LYL_0020.wav,MS21S_X48_BATTLE_01_DRAMA_F_LYL_0020,166,166,166,167,Lyla,npc,female,lyla,assets/triangle-strategy/approved_voice_references/lyla.wav,อย่าปล่อยให้ผู้นอกรีตได้ย่างกรายเข้าตำหนักของพระองค์แม้แต่คนเดียว!,,,PENDING_MANUAL_GENERATION,,triangle-strategy
166,MS21S_X48_BATTLE_01_DRAMA_F_LYL_0030.wav,MS21S_X48_BATTLE_01_DRAMA_F_LYL_0030,167,167,167,168,Lyla,npc,female,lyla,assets/triangle-strategy/approved_voice_references/lyla.wav,ปากหวานเสียจริงนะท่านรัฐมนตรีเซเรโนอา มันทำให้ท่านประสบความสำเร็จถึงจุดนี้ยังไงล่ะ,,,PENDING_MANUAL_GENERATION,,triangle-strategy
167,MS21S_X48_BATTLE_01_DRAMA_F_LYL_0040.wav,MS21S_X48_BATTLE_01_DRAMA_F_LYL_0040,168,168,168,169,Lyla,npc,female,lyla,assets/triangle-strategy/approved_voice_references/lyla.wav,ไฮแซนต์คือบ้านเกิดของข้า และข้าพร้อมตายที่นี่เช่นกัน ข้าตัดสินใจเช่นนั้นมานานแล้ว,,,PENDING_MANUAL_GENERATION,,triangle-strategy
168,MS21S_X48_BATTLE_01_DRAMA_F_LYL_0050.wav,MS21S_X48_BATTLE_01_DRAMA_F_LYL_0050,169,169,169,170,Lyla,npc,female,lyla,assets/triangle-strategy/approved_voice_references/lyla.wav,สักวันหนึ่งท่านจะเข้าใจถึงความรักของผู้เป็นแม่ มันคือความต้องการจะสละตนเพื่อสิ่งที่ยิ่งใหญ่กว่านั้น,,,PENDING_MANUAL_GENERATION,,triangle-strategy
169,MS21S_X48_BATTLE_01_DRAMA_F_LYL_0060.wav,MS21S_X48_BATTLE_01_DRAMA_F_LYL_0060,170,170,170,171,Lyla,npc,female,lyla,assets/triangle-strategy/approved_voice_references/lyla.wav,ข้ามาไกลเกินกว่าจะถอยกลับแล้ว ข้าไม่มีทางเลือก,,,PENDING_MANUAL_GENERATION,,triangle-strategy
170,MS21S_X48_BATTLE_01_DRAMA_F_LYL_0070.wav,MS21S_X48_BATTLE_01_DRAMA_F_LYL_0070,171,171,171,172,Lyla,npc,female,lyla,assets/triangle-strategy/approved_voice_references/lyla.wav,เอาเด็กมารบงั้นเหรอ? นี่มันฝันร้ายบ้าบออะไรกัน?,,,PENDING_MANUAL_GENERATION,,triangle-strategy
171,MS21S_X48_BATTLE_01_DRAMA_F_LYL_0080.wav,MS21S_X48_BATTLE_01_DRAMA_F_LYL_0080,172,172,172,173,Lyla,npc,female,lyla,assets/triangle-strategy/approved_voice_references/lyla.wav,โอย... จะทำให้ข้าหมดศรัทธามันต้องพยายามมากกว่านี้,,,PENDING_MANUAL_GENERATION,,triangle-strategy
172,MS21S_X48_BATTLE_01_DRAMA_F_LYL_0090.wav,MS21S_X48_BATTLE_01_DRAMA_F_LYL_0090,173,173,173,174,Lyla,npc,female,lyla,assets/triangle-strategy/approved_voice_references/lyla.wav,ข้าไม่ยอมให้พวกเจ้าเข้าใกล้ตำหนักหรอก! ความนอกรีตของพวกเจ้าต้องจบสิ้นที่นี่!,,,PENDING_MANUAL_GENERATION,,triangle-strategy
173,MS21S_X48_BATTLE_01_DRAMA_F_LYL_0100.wav,MS21S_X48_BATTLE_01_DRAMA_F_LYL_0100,174,174,174,175,Lyla,npc,female,lyla,assets/triangle-strategy/approved_voice_references/lyla.wav,นักศึกษาอย่างเจ้ายังเด็กเกินกว่าจะรู้ซึ้งในวิถีแห่งโลก ถึงยังไงข้าก็คงไม่ปรานีเจ้าที่นี่หรอกนะ,,,PENDING_MANUAL_GENERATION,,triangle-strategy
174,MS21S_X48_BATTLE_01_DRAMA_F_LYL_0110.wav,MS21S_X48_BATTLE_01_DRAMA_F_LYL_0110,175,175,175,176,Lyla,npc,female,lyla,assets/triangle-strategy/approved_voice_references/lyla.wav,ได้ยังไงกัน...? ข้าทำลายหุ่นรุ่นแรกไปแล้วนี่,,,PENDING_MANUAL_GENERATION,,triangle-strategy
175,MS21S_X48_BATTLE_01_DRAMA_F_LYL_0120.wav,MS21S_X48_BATTLE_01_DRAMA_F_LYL_0120,176,176,176,177,Lyla,npc,female,lyla,assets/triangle-strategy/approved_voice_references/lyla.wav,ขอโทษที่ทำให้ผิดหวังนะคอเรนติน ข้าไม่สามารถทำให้เจ้ากลับมาศรัทธาในเทพธิดาได้,,,PENDING_MANUAL_GENERATION,,triangle-strategy
176,MS21S_X48_BATTLE_01_DRAMA_F_LYL_0130.wav,MS21S_X48_BATTLE_01_DRAMA_F_LYL_0130,177,177,177,178,Lyla,npc,female,lyla,assets/triangle-strategy/approved_voice_references/lyla.wav,ข้าจำเป็นต้องลงโทษเจ้าจริงๆ,,,PENDING_MANUAL_GENERATION,,triangle-strategy
177,MS21S_X48_BATTLE_01_DRAMA_F_LYL_0140.wav,MS21S_X48_BATTLE_01_DRAMA_F_LYL_0140,178,178,178,179,Lyla,npc,female,lyla,assets/triangle-strategy/approved_voice_references/lyla.wav,เราทุกคนไม่ได้มีทางเลือกขนาดนั้นหรอกนะแม่หนู,,,PENDING_MANUAL_GENERATION,,triangle-strategy
178,MS21S_X48_BATTLE_01_DRAMA_F_LYL_0150.wav,MS21S_X48_BATTLE_01_DRAMA_F_LYL_0150,179,179,179,180,Lyla,npc,female,lyla,assets/triangle-strategy/approved_voice_references/lyla.wav,โอย... ไม่จริง... อย่าปล่อยให้แดนศักดิ์สิทธิ์ของเราต้องแปดเปื้อนเชียว...,,,PENDING_MANUAL_GENERATION,,triangle-strategy
179,MS21S_X48_BATTLE_01_DRAMA_F_LYL_0160.wav,MS21S_X48_BATTLE_01_DRAMA_F_LYL_0160,180,180,180,181,Lyla,npc,female,lyla,assets/triangle-strategy/approved_voice_references/lyla.wav,มันจบแล้ว... พวกมันชนะ...,,,PENDING_MANUAL_GENERATION,,triangle-strategy
180,MS21S_X48_BATTLE_01_DRAMA_F_MED_0010.wav,MS21S_X48_BATTLE_01_DRAMA_F_MED_0010,181,181,181,182,เมดิน่า,npc,female,medina,assets/triangle-strategy/approved_voice_references/medina.wav,จนถึงวันนี้ข้ายังไม่เข้าใจในสิ่งที่ท่านพูดออกมาในวันนั้นเลย,,,PENDING_MANUAL_GENERATION,,triangle-strategy
181,MS21S_X48_BATTLE_01_DRAMA_F_MED_0020.wav,MS21S_X48_BATTLE_01_DRAMA_F_MED_0020,182,182,182,183,เมดิน่า,npc,female,medina,assets/triangle-strategy/approved_voice_references/medina.wav,ระหว่างที่ข้าอาศัยอยู่กับวูล์ฟฟอร์ต พวกเขาได้เสริมสร้างหลักการที่ข้ายึดถือเป็นอย่างดี,,,PENDING_MANUAL_GENERATION,,triangle-strategy
182,MS21S_X48_BATTLE_01_DRAMA_F_MED_0030.wav,MS21S_X48_BATTLE_01_DRAMA_F_MED_0030,183,183,183,184,เมดิน่า,npc,female,medina,assets/triangle-strategy/approved_voice_references/medina.wav,การจะเดินไปข้างหน้า...ข้าจำเป็นต้องถามหัวใจตัวเอง มันคือหนทางเดียวที่จะใช้ชีวิตโดยไม่เคลือบแคลง,,,PENDING_MANUAL_GENERATION,,triangle-strategy
183,MS21S_X48_BATTLE_01_DRAMA_F_MIR_0010.wav,MS21S_X48_BATTLE_01_DRAMA_F_MIR_0010,184,184,184,185,ไมโล,npc,female,milo,assets/triangle-strategy/approved_voice_references/milo.wav,ท่านรู้ดีว่าเส้นทางที่ตนเลือกเดินมีแต่จะทำให้ตัวเองเสื่อมเสีย แต่ท่านก็ยังดื้อดึงในเส้นทางนั้นใช่ไหม?,,,PENDING_MANUAL_GENERATION,,triangle-strategy
184,MS21S_X48_BATTLE_01_DRAMA_M_COR_0010.wav,MS21S_X48_BATTLE_01_DRAMA_M_COR_0010,185,185,185,186,คอเรนติน,npc,male,corentin,assets/triangle-strategy/approved_voice_references/corentin.wav,รัฐมนตรีไลล่า ไม่คิดว่าจะได้พบกันในสถานการณ์เช่นนี้เลยนะ,,,PENDING_MANUAL_GENERATION,,triangle-strategy
185,MS21S_X48_BATTLE_01_DRAMA_M_COR_0020.wav,MS21S_X48_BATTLE_01_DRAMA_M_COR_0020,186,186,186,187,คอเรนติน,npc,male,corentin,assets/triangle-strategy/approved_voice_references/corentin.wav,ข้าเคารพในความชาญฉลาดและทุกสิ่งที่ท่านเคยพร่ำสอนนะขอรับ แต่ทำไมท่านต้องตกเป็นทาสของระบอบเทวาธิปไตยเช่นนี้ด้วย?,,,PENDING_MANUAL_GENERATION,,triangle-strategy
186,MS21S_X48_BATTLE_01_DRAMA_M_KOH_0010.wav,MS21S_X48_BATTLE_01_DRAMA_M_KOH_0010,187,187,187,188,โคฮัก,npc,male,quahaug,assets/triangle-strategy/approved_voice_references/quahaug.wav,หน้าของท่านช่างเศร้าหมอง... ท่านไม่เคยสัมผัสถึงความสุขแท้จริงบ้างเลยใช่ไหม?,,,PENDING_MANUAL_GENERATION,,triangle-strategy
187,MS21S_X48_BATTLE_01_DRAMA_M_SEL_0010.wav,MS21S_X48_BATTLE_01_DRAMA_M_SEL_0010,188,188,188,189,Serenoa,main,male,serenoa,assets/triangle-strategy/approved_voice_references/serenoa.wav,ทหารทุกหน่วย บุกได้! ตำหนักอยู่ใกล้แค่เอื้อมแล้ว!,,,PENDING_MANUAL_GENERATION,,triangle-strategy
188,MS21S_X48_BATTLE_01_DRAMA_M_SEL_0020.wav,MS21S_X48_BATTLE_01_DRAMA_M_SEL_0020,189,189,189,190,Serenoa,main,male,serenoa,assets/triangle-strategy/approved_voice_references/serenoa.wav,ข้าไม่ต้องการเช่นนี้เลยรัฐมนตรีไลล่า ข้าไม่คิดจะสู้กับท่านตั้งแต่แรกด้วยซ้ำ,,,PENDING_MANUAL_GENERATION,,triangle-strategy
189,MS21S_X48_BATTLE_01_DRAMA_M_SEL_0030.wav,MS21S_X48_BATTLE_01_DRAMA_M_SEL_0030,190,190,190,191,Serenoa,main,male,serenoa,assets/triangle-strategy/approved_voice_references/serenoa.wav,ท่านไม่ควรจะอยู่ในไฮแซนต์เลย ท่านควรจะได้ใช้ความสามารถของตนในสถานที่ที่ดีกว่านี้,,,PENDING_MANUAL_GENERATION,,triangle-strategy
190,MS21S_X48_BATTLE_01_DRAMA_M_SEL_0040.wav,MS21S_X48_BATTLE_01_DRAMA_M_SEL_0040,191,191,191,192,Serenoa,main,male,serenoa,assets/triangle-strategy/approved_voice_references/serenoa.wav,...ก็ตามใจท่านขอรับ,,,PENDING_MANUAL_GENERATION,,triangle-strategy
191,MS21S_X48_BATTLE_01_DRAMA_N_DEC_0010.wav,MS21S_X48_BATTLE_01_DRAMA_N_DEC_0010,192,192,192,193,เดซิมอล,npc,male,decimal,assets/triangle-strategy/approved_voice_references/decimal.wav,ท่านคือ...เจ้านายคนแรกของข้า? ผู้สร้างข้าขึ้นมาเหรอ?,,,PENDING_MANUAL_GENERATION,,triangle-strategy
192,MS21S_X48_BATTLE_02_AFTER_F_FRE_0010.wav,MS21S_X48_BATTLE_02_AFTER_F_FRE_0010,193,193,193,194,Frederica,main,female,frederica,assets/triangle-strategy/approved_voice_references/frederica.wav,เซเรโนอา เร็วเข้า!,,,PENDING_MANUAL_GENERATION,,triangle-strategy
193,MS21S_X48_BATTLE_02_AFTER_M_BND_0010.wav,MS21S_X48_BATTLE_02_AFTER_M_BND_0010,194,194,194,195,Benedict,main,male,benedict,assets/triangle-strategy/approved_voice_references/benedict.wav,ไปกันเร็ว!,,,PENDING_MANUAL_GENERATION,,triangle-strategy
194,MS21S_X48_BATTLE_02_AFTER_M_IDO_0010.wav,MS21S_X48_BATTLE_02_AFTER_M_IDO_0010,195,195,195,196,อีดอร์,npc,male,idore,assets/triangle-strategy/approved_voice_references/idore.wav,หนอย! เซเรโนอา วูล์ฟฟอร์ต... เจ้าคงรู้สึกดีที่ได้ถือดาบฟาดฟันเพื่ออุดมการณ์ของตนสินะ...,,,PENDING_MANUAL_GENERATION,,triangle-strategy
195,MS21S_X48_BATTLE_02_AFTER_M_IDO_0020.wav,MS21S_X48_BATTLE_02_AFTER_M_IDO_0020,196,196,196,197,อีดอร์,npc,male,idore,assets/triangle-strategy/approved_voice_references/idore.wav,แต่ก็ระวังจะเสียใจในภายหลังแล้วกัน... ความโลภของเจ้ามันจะมาแทนที่เทพธิดา...,,,PENDING_MANUAL_GENERATION,,triangle-strategy
196,MS21S_X48_BATTLE_02_AFTER_M_IDO_0030.wav,MS21S_X48_BATTLE_02_AFTER_M_IDO_0030,197,197,197,198,อีดอร์,npc,male,idore,assets/triangle-strategy/approved_voice_references/idore.wav,ประชาชนที่เจ้าหวังให้มีความสุข จะเริ่มติเตียนและสาปแช่งเจ้า...,,,PENDING_MANUAL_GENERATION,,triangle-strategy
197,MS21S_X48_BATTLE_02_AFTER_M_IDO_0040.wav,MS21S_X48_BATTLE_02_AFTER_M_IDO_0040,198,198,198,199,อีดอร์,npc,male,idore,assets/triangle-strategy/approved_voice_references/idore.wav,...ครั้งหนึ่งที่ข้าเคยมีอุดมการณ์เช่นนั้น ข้าอธิษฐานต่อเทพธิดาอย่างสม่ำเสมอ เพื่อให้นางกอบกู้พวกเขา...,,,PENDING_MANUAL_GENERATION,,triangle-strategy
198,MS21S_X48_BATTLE_02_AFTER_M_IDO_0050.wav,MS21S_X48_BATTLE_02_AFTER_M_IDO_0050,199,199,199,200,อีดอร์,npc,male,idore,assets/triangle-strategy/approved_voice_references/idore.wav,แต่นางไม่เคยสดับฟังคำภาวนาของข้า และปวงประชาก็ยังโง่เขลาเช่นเดิม...,,,PENDING_MANUAL_GENERATION,,triangle-strategy
199,MS21S_X48_BATTLE_02_AFTER_M_IDO_0060.wav,MS21S_X48_BATTLE_02_AFTER_M_IDO_0060,200,200,200,201,อีดอร์,npc,male,idore,assets/triangle-strategy/approved_voice_references/idore.wav,จนข้าฉุกคิดได้ว่าเทพธิดามันไม่มีจริง! ข้าต้องช่วยพวกเขาด้วยตัวเอง!,,,PENDING_MANUAL_GENERATION,,triangle-strategy
200,MS21S_X48_BATTLE_02_AFTER_M_IDO_0070.wav,MS21S_X48_BATTLE_02_AFTER_M_IDO_0070,201,201,201,202,อีดอร์,npc,male,idore,assets/triangle-strategy/approved_voice_references/idore.wav,แล้วเจ้าจะให้อภัย...คนเช่นข้าด้วยเหรอ?,,,PENDING_MANUAL_GENERATION,,triangle-strategy
201,MS21S_X48_BATTLE_02_AFTER_M_IDO_0080.wav,MS21S_X48_BATTLE_02_AFTER_M_IDO_0080,202,202,202,203,อีดอร์,npc,male,idore,assets/triangle-strategy/approved_voice_references/idore.wav,ฮ่าๆๆ... ไอ้ซื่อบื้อเอ๊ย...,,,PENDING_MANUAL_GENERATION,,triangle-strategy
202,MS21S_X48_BATTLE_02_AFTER_M_IDO_0090.wav,MS21S_X48_BATTLE_02_AFTER_M_IDO_0090,203,203,203,204,อีดอร์,npc,male,idore,assets/triangle-strategy/approved_voice_references/idore.wav,ข้ากระตุ้นเอลฟริคที่เหลือทั้งหมดในตำหนักแล้ว อีกไม่ช้า...ที่นี่ก็จะกลายเป็นผุยผง...,,,PENDING_MANUAL_GENERATION,,triangle-strategy
203,MS21S_X48_BATTLE_02_AFTER_M_IDO_0100.wav,MS21S_X48_BATTLE_02_AFTER_M_IDO_0100,204,204,204,205,อีดอร์,npc,male,idore,assets/triangle-strategy/approved_voice_references/idore.wav,จำไว้นะ เซเรโนอา วูล์ฟฟอร์ต ทุกคนไม่ได้เป็นเหมือนเจ้าหรอก,,,PENDING_MANUAL_GENERATION,,triangle-strategy
204,MS21S_X48_BATTLE_02_AFTER_M_IDO_0110.wav,MS21S_X48_BATTLE_02_AFTER_M_IDO_0110,205,205,205,206,อีดอร์,npc,male,idore,assets/triangle-strategy/approved_voice_references/idore.wav,คนโง่มันรักษาไม่หาย... ไม่ว่าจะรักเพื่อนมนุษย์ของตนมากเท่าใด สุดท้ายพวกเขาจะหักหลังเจ้าอยู่ดี,,,PENDING_MANUAL_GENERATION,,triangle-strategy
205,MS21S_X48_BATTLE_02_AFTER_M_IDO_0120.wav,MS21S_X48_BATTLE_02_AFTER_M_IDO_0120,206,206,206,207,อีดอร์,npc,male,idore,assets/triangle-strategy/approved_voice_references/idore.wav,ฮ่าๆๆ... งั้นก็รู้ไว้ซะ เส้นทางที่เจ้าเลือกเดินมันจะนำเจ้าไปสู่ความสิ้นหวัง,,,PENDING_MANUAL_GENERATION,,triangle-strategy
206,MS21S_X48_BATTLE_02_AFTER_M_IDO_0130.wav,MS21S_X48_BATTLE_02_AFTER_M_IDO_0130,207,207,207,208,อีดอร์,npc,male,idore,assets/triangle-strategy/approved_voice_references/idore.wav,ข้าจะรอคอยเจ้า... อยู่ในนรก...,,,PENDING_MANUAL_GENERATION,,triangle-strategy
207,MS21S_X48_BATTLE_02_AFTER_M_RLN_0010.wav,MS21S_X48_BATTLE_02_AFTER_M_RLN_0010,208,208,208,209,Roland,main,male,roland,assets/triangle-strategy/approved_voice_references/roland.wav,ทำอะไรของเจ้า!?,,,PENDING_MANUAL_GENERATION,,triangle-strategy
208,MS21S_X48_BATTLE_02_AFTER_M_RLN_0020.wav,MS21S_X48_BATTLE_02_AFTER_M_RLN_0020,209,209,209,210,Roland,main,male,roland,assets/triangle-strategy/approved_voice_references/roland.wav,ตำหนักกำลังถล่มแล้ว!,,,PENDING_MANUAL_GENERATION,,triangle-strategy
209,MS21S_X48_BATTLE_02_AFTER_M_SEL_0010.wav,MS21S_X48_BATTLE_02_AFTER_M_SEL_0010,210,210,210,211,Serenoa,main,male,serenoa,assets/triangle-strategy/approved_voice_references/serenoa.wav,...ข้ารู้ นั่นคือชะตาของผู้นำ,,,PENDING_MANUAL_GENERATION,,triangle-strategy
210,MS21S_X48_BATTLE_02_AFTER_M_SEL_0020.wav,MS21S_X48_BATTLE_02_AFTER_M_SEL_0020,211,211,211,212,Serenoa,main,male,serenoa,assets/triangle-strategy/approved_voice_references/serenoa.wav,แต่ข้าจะศรัทธาและเดินเคียงข้างพวกเขาตลอดไป เพื่อวันที่ดีกว่าเดิม,,,PENDING_MANUAL_GENERATION,,triangle-strategy
211,MS21S_X48_BATTLE_02_AFTER_M_SEL_0030.wav,MS21S_X48_BATTLE_02_AFTER_M_SEL_0030,212,212,212,213,Serenoa,main,male,serenoa,assets/triangle-strategy/approved_voice_references/serenoa.wav,อีดอร์...ไม่คิดจะศรัทธาในตัวพวกเขาอีกสักครั้งเลยเหรอ?,,,PENDING_MANUAL_GENERATION,,triangle-strategy
212,MS21S_X48_BATTLE_02_AFTER_M_SEL_0040.wav,MS21S_X48_BATTLE_02_AFTER_M_SEL_0040,213,213,213,214,Serenoa,main,male,serenoa,assets/triangle-strategy/approved_voice_references/serenoa.wav,แน่นอนว่าท่านต้องชดใช้ความผิดของตน แต่หลังจากนั้นท่านจะเป็นอิสระในการเลือกเดินทางใหม่,,,PENDING_MANUAL_GENERATION,,triangle-strategy
213,MS21S_X48_BATTLE_02_AFTER_M_SEL_0050.wav,MS21S_X48_BATTLE_02_AFTER_M_SEL_0050,214,214,214,215,Serenoa,main,male,serenoa,assets/triangle-strategy/approved_voice_references/serenoa.wav,ทำไมกัน!?,,,PENDING_MANUAL_GENERATION,,triangle-strategy
214,MS21S_X48_BATTLE_02_AFTER_M_SEL_0060.wav,MS21S_X48_BATTLE_02_AFTER_M_SEL_0060,215,215,215,216,Serenoa,main,male,serenoa,assets/triangle-strategy/approved_voice_references/serenoa.wav,ถึงอย่างนั้นก็เถอะ...แต่ข้ายังเชื่อมั่นในพวกเขาอยู่,,,PENDING_MANUAL_GENERATION,,triangle-strategy
215,MS21S_X48_BATTLE_02_AFTER_M_SEL_0070.wav,MS21S_X48_BATTLE_02_AFTER_M_SEL_0070,216,216,216,217,Serenoa,main,male,serenoa,assets/triangle-strategy/approved_voice_references/serenoa.wav,...แม้ว่าข้าจะต้องสิ้นหวังสักเท่าใด ข้าก็จะหาทางออกมาให้จงได้,,,PENDING_MANUAL_GENERATION,,triangle-strategy
216,MS21S_X48_BATTLE_02_AFTER_M_SEL_0080.wav,MS21S_X48_BATTLE_02_AFTER_M_SEL_0080,217,217,217,218,Serenoa,main,male,serenoa,assets/triangle-strategy/approved_voice_references/serenoa.wav,ตราบใดที่ข้ายังเดินหน้า ก็ยังมีความหวังรอข้าอยู่เสมอ,,,PENDING_MANUAL_GENERATION,,triangle-strategy
217,MS21S_X48_BATTLE_02_BEFORE_F_FRE_0010.wav,MS21S_X48_BATTLE_02_BEFORE_F_FRE_0010,218,218,218,219,Frederica,main,female,frederica,assets/triangle-strategy/approved_voice_references/frederica.wav,เครื่องจักรงั้นเหรอ?,,,PENDING_MANUAL_GENERATION,,triangle-strategy
218,MS21S_X48_BATTLE_02_BEFORE_F_FRE_0020.wav,MS21S_X48_BATTLE_02_BEFORE_F_FRE_0020,219,219,219,220,Frederica,main,female,frederica,assets/triangle-strategy/approved_voice_references/frederica.wav,ฝีมือเขาทั้งหมดเลยเจ้าค่ะ,,,PENDING_MANUAL_GENERATION,,triangle-strategy
219,MS21S_X48_BATTLE_02_BEFORE_F_FRE_0030.wav,MS21S_X48_BATTLE_02_BEFORE_F_FRE_0030,220,220,220,221,Frederica,main,female,frederica,assets/triangle-strategy/approved_voice_references/frederica.wav,ไฮแซนต์เล่นละครมาหลายปีแล้ว พวกเขาใช้ชาวโรเซลล์เพื่อเป็นข้ออ้างหลอกประชาชนทั้งสิ้น...,,,PENDING_MANUAL_GENERATION,,triangle-strategy
220,MS21S_X48_BATTLE_02_BEFORE_F_FRE_0040.wav,MS21S_X48_BATTLE_02_BEFORE_F_FRE_0040,221,221,221,222,Frederica,main,female,frederica,assets/triangle-strategy/approved_voice_references/frederica.wav,หากนั่นคือสิ่งที่เทพธิดาเชื่อมั่นจริงๆ นางคงเป็นปิศาจกลับชาติมาเกิด!,,,PENDING_MANUAL_GENERATION,,triangle-strategy
221,MS21S_X48_BATTLE_02_BEFORE_F_FRE_0050.wav,MS21S_X48_BATTLE_02_BEFORE_F_FRE_0050,222,222,222,223,Frederica,main,female,frederica,assets/triangle-strategy/approved_voice_references/frederica.wav,เต็มไปหมดเลย!,,,PENDING_MANUAL_GENERATION,,triangle-strategy
222,MS21S_X48_BATTLE_02_BEFORE_M_BND_0010.wav,MS21S_X48_BATTLE_02_BEFORE_M_BND_0010,223,223,223,224,Benedict,main,male,benedict,assets/triangle-strategy/approved_voice_references/benedict.wav,ลอร์ดเซเรโนอา มันคงถึงเวลาเผยโฉมของหัวหน้านักบวชแล้วขอรับ,,,PENDING_MANUAL_GENERATION,,triangle-strategy
223,MS21S_X48_BATTLE_02_BEFORE_M_BND_0020.wav,MS21S_X48_BATTLE_02_BEFORE_M_BND_0020,224,224,224,225,Benedict,main,male,benedict,assets/triangle-strategy/approved_voice_references/benedict.wav,สงสัยพวกเขาคงทิ้งหุ่นไว้หลังจากที่หัวหน้านักบวชตัวจริงหนีไปสินะ...,,,PENDING_MANUAL_GENERATION,,triangle-strategy
224,MS21S_X48_BATTLE_02_BEFORE_M_BND_0030.wav,MS21S_X48_BATTLE_02_BEFORE_M_BND_0030,225,225,225,226,Benedict,main,male,benedict,assets/triangle-strategy/approved_voice_references/benedict.wav,อย่าบอกนะว่า...หุ่นตัวนี้...คือหัวหน้านักบวชของท่านเหรอ?,,,PENDING_MANUAL_GENERATION,,triangle-strategy
225,MS21S_X48_BATTLE_02_BEFORE_M_BND_0040.wav,MS21S_X48_BATTLE_02_BEFORE_M_BND_0040,226,226,226,227,Benedict,main,male,benedict,assets/triangle-strategy/approved_voice_references/benedict.wav,สรุปแล้วมีคนที่พูดอยู่หลังผ้าม่านนี่จริงๆ หรือท่านพูดแทนนางกันแน่...,,,PENDING_MANUAL_GENERATION,,triangle-strategy
226,MS21S_X48_BATTLE_02_BEFORE_M_BND_0050.wav,MS21S_X48_BATTLE_02_BEFORE_M_BND_0050,227,227,227,228,Benedict,main,male,benedict,assets/triangle-strategy/approved_voice_references/benedict.wav,...ท่านสร้างสิ่งมีชีวิตขึ้นมาเหรอ?,,,PENDING_MANUAL_GENERATION,,triangle-strategy
227,MS21S_X48_BATTLE_02_BEFORE_M_BND_0060.wav,MS21S_X48_BATTLE_02_BEFORE_M_BND_0060,228,228,228,229,Benedict,main,male,benedict,assets/triangle-strategy/approved_voice_references/benedict.wav,คนเราต้องรู้ความจริงทั้งหมดก่อนตัดสินใจขอรับ การปกปิดไว้มีแต่จะทำให้เส้นทางอื่นๆ เลือนหายตามไปด้วย,,,PENDING_MANUAL_GENERATION,,triangle-strategy
228,MS21S_X48_BATTLE_02_BEFORE_M_BND_0070.wav,MS21S_X48_BATTLE_02_BEFORE_M_BND_0070,229,229,229,230,Benedict,main,male,benedict,assets/triangle-strategy/approved_voice_references/benedict.wav,เส้นทางของเทพธิดา...ซึ่งก็เป็นเส้นทางของท่านเองนั้น ไม่ใช่สิ่งเที่ยงแท้เสมอไป,,,PENDING_MANUAL_GENERATION,,triangle-strategy
229,MS21S_X48_BATTLE_02_BEFORE_M_BND_0080.wav,MS21S_X48_BATTLE_02_BEFORE_M_BND_0080,230,230,230,231,Benedict,main,male,benedict,assets/triangle-strategy/approved_voice_references/benedict.wav,แสดงว่าเอลฟริคคืองานวิจัยเกี่ยวกับชีวิตอมตะสินะ...,,,PENDING_MANUAL_GENERATION,,triangle-strategy
230,MS21S_X48_BATTLE_02_BEFORE_M_BND_0090.wav,MS21S_X48_BATTLE_02_BEFORE_M_BND_0090,231,231,231,232,Benedict,main,male,benedict,assets/triangle-strategy/approved_voice_references/benedict.wav,ยังมีหุ่นเชิดอีกเหรอ!?,,,PENDING_MANUAL_GENERATION,,triangle-strategy
231,MS21S_X48_BATTLE_02_BEFORE_M_IDO_0010.wav,MS21S_X48_BATTLE_02_BEFORE_M_IDO_0010,232,232,232,233,อีดอร์,npc,male,idore,assets/triangle-strategy/approved_voice_references/idore.wav,ถอยออกไปจากพระองค์เดี๋ยวนี้เลยนะ ไอ้พวกสารเลวอวดดี!,,,PENDING_MANUAL_GENERATION,,triangle-strategy
232,MS21S_X48_BATTLE_02_BEFORE_M_IDO_0020.wav,MS21S_X48_BATTLE_02_BEFORE_M_IDO_0020,233,233,233,234,อีดอร์,npc,male,idore,assets/triangle-strategy/approved_voice_references/idore.wav,...ถูกต้อง,,,PENDING_MANUAL_GENERATION,,triangle-strategy
233,MS21S_X48_BATTLE_02_BEFORE_M_IDO_0030.wav,MS21S_X48_BATTLE_02_BEFORE_M_IDO_0030,234,234,234,235,อีดอร์,npc,male,idore,assets/triangle-strategy/approved_voice_references/idore.wav,รู้สึกเป็นเกียรติที่ได้รับรู้ความจริงสักหน่อยก็ดีนะ,,,PENDING_MANUAL_GENERATION,,triangle-strategy
234,MS21S_X48_BATTLE_02_BEFORE_M_IDO_0040.wav,MS21S_X48_BATTLE_02_BEFORE_M_IDO_0040,235,235,235,236,อีดอร์,npc,male,idore,assets/triangle-strategy/approved_voice_references/idore.wav,รู้จักที่ต่ำที่สูงเสียบ้างนะ ยังไงก็ตามเถอะ...เราสามารถเปลี่ยนตัวนางได้เสมอ,,,PENDING_MANUAL_GENERATION,,triangle-strategy
235,MS21S_X48_BATTLE_02_BEFORE_M_IDO_0050.wav,MS21S_X48_BATTLE_02_BEFORE_M_IDO_0050,236,236,236,237,อีดอร์,npc,male,idore,assets/triangle-strategy/approved_voice_references/idore.wav,รัฐศักดิ์สิทธิ์ต้องการผู้นำ หากข้าไม่แต่งตั้งใครสักคนขึ้นมา มีหวังอาณาจักรคงล่มสลายไปนานแล้ว,,,PENDING_MANUAL_GENERATION,,triangle-strategy
236,MS21S_X48_BATTLE_02_BEFORE_M_IDO_0060.wav,MS21S_X48_BATTLE_02_BEFORE_M_IDO_0060,237,237,237,238,อีดอร์,npc,male,idore,assets/triangle-strategy/approved_voice_references/idore.wav,สามสิบปีก่อนในสงครามซอลท์ไอรอน หัวหน้านักบวชคนเก่าได้ล้มป่วย,,,PENDING_MANUAL_GENERATION,,triangle-strategy
237,MS21S_X48_BATTLE_02_BEFORE_M_IDO_0070.wav,MS21S_X48_BATTLE_02_BEFORE_M_IDO_0070,238,238,238,239,อีดอร์,npc,male,idore,assets/triangle-strategy/approved_voice_references/idore.wav,ช่วงเวลาที่เราต้องการความสามัคคีกันมากที่สุด เหล่าเจ็ดผู้ศักดิ์สิทธิ์ได้ทะเลาะกันเองจนทุกอย่างโกลาหล...,,,PENDING_MANUAL_GENERATION,,triangle-strategy
238,MS21S_X48_BATTLE_02_BEFORE_M_IDO_0080.wav,MS21S_X48_BATTLE_02_BEFORE_M_IDO_0080,239,239,239,240,อีดอร์,npc,male,idore,assets/triangle-strategy/approved_voice_references/idore.wav,มีเพียงข้าเท่านั้นที่เข้าใจ เหล่าเจ็ดผู้ศักดิ์สิทธิ์ล้วนเป็นมนุษย์ที่ขาดความสมบูรณ์ และคนที่มักใหญ่ใฝ่สูงเหล่านั้นทำให้ประชาชนสามัคคีกันไม่ได้หรอก,,,PENDING_MANUAL_GENERATION,,triangle-strategy
239,MS21S_X48_BATTLE_02_BEFORE_M_IDO_0090.wav,MS21S_X48_BATTLE_02_BEFORE_M_IDO_0090,240,240,240,241,อีดอร์,npc,male,idore,assets/triangle-strategy/approved_voice_references/idore.wav,ไม่เสมอไป! ข้าคิดว่าเทพธิดาก็ชี้นำพวกเขาได้เช่นกัน! เพราะนางสมบูรณ์และดำรงอยู่เป็นนิจ!,,,PENDING_MANUAL_GENERATION,,triangle-strategy
240,MS21S_X48_BATTLE_02_BEFORE_M_IDO_0100.wav,MS21S_X48_BATTLE_02_BEFORE_M_IDO_0100,241,241,241,242,อีดอร์,npc,male,idore,assets/triangle-strategy/approved_voice_references/idore.wav,หัวหน้านักบวชคนต่อไปก็จะเป็นแบบนี้เช่นเดียวกัน,,,PENDING_MANUAL_GENERATION,,triangle-strategy
241,MS21S_X48_BATTLE_02_BEFORE_M_IDO_0110.wav,MS21S_X48_BATTLE_02_BEFORE_M_IDO_0110,242,242,242,243,อีดอร์,npc,male,idore,assets/triangle-strategy/approved_voice_references/idore.wav,ข้าสร้างหัวหน้านักบวชผู้มิรู้ตายขึ้นเองกับมือ นางสามารถชี้นำประเทศได้ในนามของเทพธิดา,,,PENDING_MANUAL_GENERATION,,triangle-strategy
242,MS21S_X48_BATTLE_02_BEFORE_M_IDO_0120.wav,MS21S_X48_BATTLE_02_BEFORE_M_IDO_0120,243,243,243,244,อีดอร์,npc,male,idore,assets/triangle-strategy/approved_voice_references/idore.wav,ผลงานวิจัยของรัฐมนตรีไลล่าทำให้มันเกิดขึ้นจริง,,,PENDING_MANUAL_GENERATION,,triangle-strategy
243,MS21S_X48_BATTLE_02_BEFORE_M_IDO_0130.wav,MS21S_X48_BATTLE_02_BEFORE_M_IDO_0130,244,244,244,245,อีดอร์,npc,male,idore,assets/triangle-strategy/approved_voice_references/idore.wav,นางคือเครื่องจักรผู้ดำรงอยู่เป็นนิจ ถูกขับเคลื่อนด้วยพลังแห่งเอลฟริค... นางคือผู้ที่สมบูรณ์เช่นเดียวกับองค์เทพธิดา!,,,PENDING_MANUAL_GENERATION,,triangle-strategy
244,MS21S_X48_BATTLE_02_BEFORE_M_IDO_0140.wav,MS21S_X48_BATTLE_02_BEFORE_M_IDO_0140,245,245,245,246,อีดอร์,npc,male,idore,assets/triangle-strategy/approved_voice_references/idore.wav,แล้วมันผิดตรงไหนเหรอ? ข้าทำเพื่อส่วนรวม ไม่เหมือนเหล่าผู้ศักดิ์สิทธิ์เห็นแก่ตัวหรอกนะ,,,PENDING_MANUAL_GENERATION,,triangle-strategy
245,MS21S_X48_BATTLE_02_BEFORE_M_IDO_0150.wav,MS21S_X48_BATTLE_02_BEFORE_M_IDO_0150,246,246,246,247,อีดอร์,npc,male,idore,assets/triangle-strategy/approved_voice_references/idore.wav,หลักฐานก็ชัดเจนอยู่แล้ว เห็นความสงบสุขและเจริญรุ่งเรืองนับทศวรรษของไฮแซนต์ไหมล่ะ?,,,PENDING_MANUAL_GENERATION,,triangle-strategy
246,MS21S_X48_BATTLE_02_BEFORE_M_IDO_0160.wav,MS21S_X48_BATTLE_02_BEFORE_M_IDO_0160,247,247,247,248,อีดอร์,npc,male,idore,assets/triangle-strategy/approved_voice_references/idore.wav,ความศรัทธาที่ประชาชนมีให้ต่อเทพธิดาได้แน่นแฟ้นยิ่งขึ้นไปตามกาลเวลา นำพามาซึ่งความสุขและเสมอภาค...,,,PENDING_MANUAL_GENERATION,,triangle-strategy
247,MS21S_X48_BATTLE_02_BEFORE_M_IDO_0170.wav,MS21S_X48_BATTLE_02_BEFORE_M_IDO_0170,248,248,248,249,อีดอร์,npc,male,idore,assets/triangle-strategy/approved_voice_references/idore.wav,...จนกระทั่งคนนอกรีตอย่างพวกเจ้าเข้ามาทำลาย,,,PENDING_MANUAL_GENERATION,,triangle-strategy
248,MS21S_X48_BATTLE_02_BEFORE_M_IDO_0180.wav,MS21S_X48_BATTLE_02_BEFORE_M_IDO_0180,249,249,249,250,อีดอร์,npc,male,idore,assets/triangle-strategy/approved_voice_references/idore.wav,หยุดพูดเพ้อเจ้อได้แล้ว ถ้อยคำสวยหรูมันช่วยใครไม่ได้หรอก,,,PENDING_MANUAL_GENERATION,,triangle-strategy
249,MS21S_X48_BATTLE_02_BEFORE_M_IDO_0190.wav,MS21S_X48_BATTLE_02_BEFORE_M_IDO_0190,250,250,250,251,อีดอร์,npc,male,idore,assets/triangle-strategy/approved_voice_references/idore.wav,มนุษย์ผู้โง่เขลา ย่อมต้องการผู้มีปัญญาเพื่อคุ้มครองและชี้นำ,,,PENDING_MANUAL_GENERATION,,triangle-strategy
250,MS21S_X48_BATTLE_02_BEFORE_M_IDO_0200.wav,MS21S_X48_BATTLE_02_BEFORE_M_IDO_0200,251,251,251,252,อีดอร์,npc,male,idore,assets/triangle-strategy/approved_voice_references/idore.wav,คนโง่เหล่านั้น ไม่สามารถนึกคิดหรือตัดสินใจได้อย่างที่ควรจะเป็น,,,PENDING_MANUAL_GENERATION,,triangle-strategy
251,MS21S_X48_BATTLE_02_BEFORE_M_IDO_0210.wav,MS21S_X48_BATTLE_02_BEFORE_M_IDO_0210,252,252,252,253,อีดอร์,npc,male,idore,assets/triangle-strategy/approved_voice_references/idore.wav,ความเป็นจริงเป็นบ่อเกิดของความไม่พอใจ... เสรีภาพเป็นบ่อเกิดของความโลภ... เจตจำนงเสรีเป็นบ่อเกิดแห่งความสงสัย... และความยุติธรรมเป็นบ่อเกิดของปัญหา,,,PENDING_MANUAL_GENERATION,,triangle-strategy
252,MS21S_X48_BATTLE_02_BEFORE_M_IDO_0220.wav,MS21S_X48_BATTLE_02_BEFORE_M_IDO_0220,253,253,253,254,อีดอร์,npc,male,idore,assets/triangle-strategy/approved_voice_references/idore.wav,การขจัดปัจจัยเหล่านี้ออกไป คือหนทางเดียวที่จะทำให้พวกเขาอยู่กันอย่างสงบสุข,,,PENDING_MANUAL_GENERATION,,triangle-strategy
253,MS21S_X48_BATTLE_02_BEFORE_M_IDO_0230.wav,MS21S_X48_BATTLE_02_BEFORE_M_IDO_0230,254,254,254,255,อีดอร์,npc,male,idore,assets/triangle-strategy/approved_voice_references/idore.wav,ประชาชนต้องการให้มีคนคอยคุม พวกท่านไม่เห็นกันเหรอ?,,,PENDING_MANUAL_GENERATION,,triangle-strategy
254,MS21S_X48_BATTLE_02_BEFORE_M_IDO_0240.wav,MS21S_X48_BATTLE_02_BEFORE_M_IDO_0240,255,255,255,256,อีดอร์,npc,male,idore,assets/triangle-strategy/approved_voice_references/idore.wav,คนพวกเหล่านี้ไม่ต้องการเติบโตหรือโอกาสหรอก พวกมันแค่ต้องการให้ข้าแสดงว่าสิ่งใดถูกต้องเท่านั้นเอง,,,PENDING_MANUAL_GENERATION,,triangle-strategy
255,MS21S_X48_BATTLE_02_BEFORE_M_IDO_0250.wav,MS21S_X48_BATTLE_02_BEFORE_M_IDO_0250,256,256,256,257,อีดอร์,npc,male,idore,assets/triangle-strategy/approved_voice_references/idore.wav,ไม่มีทาง ยุคสมัยของข้าจะคงอยู่ชั่วกาลนาน... เอลฟริคสมบูรณ์นั้นพัฒนาเสร็จเรียบร้อยแล้ว...,,,PENDING_MANUAL_GENERATION,,triangle-strategy
256,MS21S_X48_BATTLE_02_BEFORE_M_IDO_0260.wav,MS21S_X48_BATTLE_02_BEFORE_M_IDO_0260,257,257,257,258,อีดอร์,npc,male,idore,assets/triangle-strategy/approved_voice_references/idore.wav,...พลังของมันกำลังไหลเวียนอยู่ในตัวข้า บัดนี้ข้าเป็นอมตะเช่นเดียวกับหัวหน้านักบวชและเทพธิดา,,,PENDING_MANUAL_GENERATION,,triangle-strategy
257,MS21S_X48_BATTLE_02_BEFORE_M_IDO_0270.wav,MS21S_X48_BATTLE_02_BEFORE_M_IDO_0270,258,258,258,259,อีดอร์,npc,male,idore,assets/triangle-strategy/approved_voice_references/idore.wav,พวกเขาคือบุตรสุดที่รักของข้า ช่างน่าเอ็นดูและน่าสมเพชด้วยความโง่เขลาและขัดสนในเวลาเดียวกัน,,,PENDING_MANUAL_GENERATION,,triangle-strategy
258,MS21S_X48_BATTLE_02_BEFORE_M_IDO_0280.wav,MS21S_X48_BATTLE_02_BEFORE_M_IDO_0280,259,259,259,260,อีดอร์,npc,male,idore,assets/triangle-strategy/approved_voice_references/idore.wav,...ผู้สมบูรณ์อย่างข้าไม่เกรงกลัวสิ่งใด จงหายไปจากโลกนี้เสียเถิด,,,PENDING_MANUAL_GENERATION,,triangle-strategy
259,MS21S_X48_BATTLE_02_BEFORE_M_IDO_0290.wav,MS21S_X48_BATTLE_02_BEFORE_M_IDO_0290,260,260,260,261,อีดอร์,npc,male,idore,assets/triangle-strategy/approved_voice_references/idore.wav,เช่นนั้นพวกเจ้าจะได้สัมผัสถึงอำนาจแห่งเทพธิดาอันแท้จริง,,,PENDING_MANUAL_GENERATION,,triangle-strategy
260,MS21S_X48_BATTLE_02_BEFORE_M_RLN_0010.wav,MS21S_X48_BATTLE_02_BEFORE_M_RLN_0010,261,261,261,262,Roland,main,male,roland,assets/triangle-strategy/approved_voice_references/roland.wav,มีอะไรเหรอ เซเรโนอา?,,,PENDING_MANUAL_GENERATION,,triangle-strategy
261,MS21S_X48_BATTLE_02_BEFORE_M_RLN_0020.wav,MS21S_X48_BATTLE_02_BEFORE_M_RLN_0020,262,262,262,263,Roland,main,male,roland,assets/triangle-strategy/approved_voice_references/roland.wav,"""นี่"" คือความจริงงั้นเหรอ!?",,,PENDING_MANUAL_GENERATION,,triangle-strategy
262,MS21S_X48_BATTLE_02_BEFORE_M_RLN_0030.wav,MS21S_X48_BATTLE_02_BEFORE_M_RLN_0030,263,263,263,264,Roland,main,male,roland,assets/triangle-strategy/approved_voice_references/roland.wav,ท่านสินะคือคนที่ยัดเยียดถ้อยคำเข้าสมองนาง!,,,PENDING_MANUAL_GENERATION,,triangle-strategy
263,MS21S_X48_BATTLE_02_BEFORE_M_RLN_0040.wav,MS21S_X48_BATTLE_02_BEFORE_M_RLN_0040,264,264,264,265,Roland,main,male,roland,assets/triangle-strategy/approved_voice_references/roland.wav,ท่านไม่ได้ทำอะไรนอกจากหลอกลวงประชาชนมาโดยตลอด!,,,PENDING_MANUAL_GENERATION,,triangle-strategy
264,MS21S_X48_BATTLE_02_BEFORE_M_RLN_0050.wav,MS21S_X48_BATTLE_02_BEFORE_M_RLN_0050,265,265,265,266,Roland,main,male,roland,assets/triangle-strategy/approved_voice_references/roland.wav,ข้าไม่ปฏิเสธที่ท่านต้องการนำความสุขมาสู่ประชาชนหรอกนะ ผู้นำหน้าไหนก็ต้องการเช่นนั้น...,,,PENDING_MANUAL_GENERATION,,triangle-strategy
265,MS21S_X48_BATTLE_02_BEFORE_M_RLN_0060.wav,MS21S_X48_BATTLE_02_BEFORE_M_RLN_0060,266,266,266,267,Roland,main,male,roland,assets/triangle-strategy/approved_voice_references/roland.wav,แต่เรื่องที่ท่านหลอกลวงประชาชนด้วยคำสอนปลอมๆ ข้ารับสิ่งนั้นไม่ได้! ท่านทรยศความเชื่อใจพวกเขา!,,,PENDING_MANUAL_GENERATION,,triangle-strategy
266,MS21S_X48_BATTLE_02_BEFORE_M_RLN_0070.wav,MS21S_X48_BATTLE_02_BEFORE_M_RLN_0070,267,267,267,268,Roland,main,male,roland,assets/triangle-strategy/approved_voice_references/roland.wav,งั้นคงต้องยุติการปกครองและกำจัดท่านไปพร้อมกันเลย! แม้หุ่นเชิดของท่านไม่มีวันตาย แต่มันก็ไม่สำคัญหรอก!,,,PENDING_MANUAL_GENERATION,,triangle-strategy
267,MS21S_X48_BATTLE_02_BEFORE_M_RLN_0080.wav,MS21S_X48_BATTLE_02_BEFORE_M_RLN_0080,268,268,268,269,Roland,main,male,roland,assets/triangle-strategy/approved_voice_references/roland.wav,อย่าไปกลัว! ความเชื่อมั่นของเราจะไม่มีวันสั่นคลอน!,,,PENDING_MANUAL_GENERATION,,triangle-strategy
268,MS21S_X48_BATTLE_02_BEFORE_M_SEL_0010.wav,MS21S_X48_BATTLE_02_BEFORE_M_SEL_0010,269,269,269,270,Serenoa,main,male,serenoa,assets/triangle-strategy/approved_voice_references/serenoa.wav,...ไม่มีใครอยู่ที่นี่เลย,,,PENDING_MANUAL_GENERATION,,triangle-strategy
269,MS21S_X48_BATTLE_02_BEFORE_M_SEL_0020.wav,MS21S_X48_BATTLE_02_BEFORE_M_SEL_0020,270,270,270,271,Serenoa,main,male,serenoa,assets/triangle-strategy/approved_voice_references/serenoa.wav,ดะ-เดี๋ยวก่อนนะ...!,,,PENDING_MANUAL_GENERATION,,triangle-strategy
270,MS21S_X48_BATTLE_02_BEFORE_M_SEL_0030.wav,MS21S_X48_BATTLE_02_BEFORE_M_SEL_0030,271,271,271,272,Serenoa,main,male,serenoa,assets/triangle-strategy/approved_voice_references/serenoa.wav,ไม่หรอกขอรับ... ไม่เคยมีใครเห็นสิ่งที่อยู่เบื้องหลังผ้าม่านผืนนี้ ซึ่งหมายความว่า...,,,PENDING_MANUAL_GENERATION,,triangle-strategy
271,MS21S_X48_BATTLE_02_BEFORE_M_SEL_0040.wav,MS21S_X48_BATTLE_02_BEFORE_M_SEL_0040,272,272,272,273,Serenoa,main,male,serenoa,assets/triangle-strategy/approved_voice_references/serenoa.wav,ท่านชักใยไฮแซนต์มาโดยตลอดสินะ!,,,PENDING_MANUAL_GENERATION,,triangle-strategy
272,MS21S_X48_BATTLE_02_BEFORE_M_SEL_0050.wav,MS21S_X48_BATTLE_02_BEFORE_M_SEL_0050,273,273,273,274,Serenoa,main,male,serenoa,assets/triangle-strategy/approved_voice_references/serenoa.wav,แต่มนุษย์สมควรจะชี้นำมนุษย์ด้วยกันเองไม่เหรอ?,,,PENDING_MANUAL_GENERATION,,triangle-strategy
273,MS21S_X48_BATTLE_02_BEFORE_M_SEL_0060.wav,MS21S_X48_BATTLE_02_BEFORE_M_SEL_0060,274,274,274,275,Serenoa,main,male,serenoa,assets/triangle-strategy/approved_voice_references/serenoa.wav,มันไม่ใช่หน้าที่ตัดสินใจของท่านเลย!,,,PENDING_MANUAL_GENERATION,,triangle-strategy
274,MS21S_X48_BATTLE_02_BEFORE_M_SEL_0070.wav,MS21S_X48_BATTLE_02_BEFORE_M_SEL_0070,275,275,275,276,Serenoa,main,male,serenoa,assets/triangle-strategy/approved_voice_references/serenoa.wav,ทุกคนย่อมพลาดพลั้งในการตัดสินใจทั้งนั้น บางครั้งคนเราก็เคยหลงผิดด้วยปัจจัยต่างๆ กันบ้าง,,,PENDING_MANUAL_GENERATION,,triangle-strategy
275,MS21S_X48_BATTLE_02_BEFORE_M_SEL_0080.wav,MS21S_X48_BATTLE_02_BEFORE_M_SEL_0080,276,276,276,277,Serenoa,main,male,serenoa,assets/triangle-strategy/approved_voice_references/serenoa.wav,ท่านอยากเรียกมันว่าความโง่เขลาก็เชิญ แต่อย่างน้อยพวกเราก็เรียนรู้จากความผิดพลาด,,,PENDING_MANUAL_GENERATION,,triangle-strategy
276,MS21S_X48_BATTLE_02_BEFORE_M_SEL_0090.wav,MS21S_X48_BATTLE_02_BEFORE_M_SEL_0090,277,277,277,278,Serenoa,main,male,serenoa,assets/triangle-strategy/approved_voice_references/serenoa.wav,เราตามหาผู้ร่วมอุดมการณ์ได้เสมอ,,,PENDING_MANUAL_GENERATION,,triangle-strategy
277,MS21S_X48_BATTLE_02_BEFORE_M_SEL_0100.wav,MS21S_X48_BATTLE_02_BEFORE_M_SEL_0100,278,278,278,279,Serenoa,main,male,serenoa,assets/triangle-strategy/approved_voice_references/serenoa.wav,การเมินเฉยต่อสิ่งเหล่านี้ก็ไม่ต่างจากการยับยั้ง ไม่ให้พวกเขาเติบโต,,,PENDING_MANUAL_GENERATION,,triangle-strategy
278,MS21S_X48_BATTLE_02_BEFORE_M_SEL_0110.wav,MS21S_X48_BATTLE_02_BEFORE_M_SEL_0110,279,279,279,280,Serenoa,main,male,serenoa,assets/triangle-strategy/approved_voice_references/serenoa.wav,...ท่านต้องการเพียงแค่มีชีวิตอยู่เพื่อควบคุมประชาชนตลอดไปงั้นเหรอ พวกเขาเป็นอะไรสำหรับท่านกันแน่?,,,PENDING_MANUAL_GENERATION,,triangle-strategy
279,MS21S_X48_BATTLE_02_BEFORE_M_SEL_0120.wav,MS21S_X48_BATTLE_02_BEFORE_M_SEL_0120,280,280,280,281,Serenoa,main,male,serenoa,assets/triangle-strategy/approved_voice_references/serenoa.wav,อย่ามาเฉไฉ ท่านนั่นแหละที่เกรงกลัวประชาชน,,,PENDING_MANUAL_GENERATION,,triangle-strategy
280,MS21S_X48_BATTLE_02_BEFORE_M_SEL_0130.wav,MS21S_X48_BATTLE_02_BEFORE_M_SEL_0130,281,281,281,282,Serenoa,main,male,serenoa,assets/triangle-strategy/approved_voice_references/serenoa.wav,ท่านกลัวว่าพวกเขาจะรู้ความจริงและปฏิเสธการปกครองของท่าน! ท่านแค่รับไม่ได้ที่ตัวเองโง่เหมือนพวกเขา!,,,PENDING_MANUAL_GENERATION,,triangle-strategy
281,MS21S_X48_BATTLE_02_BEFORE_M_SEL_0140.wav,MS21S_X48_BATTLE_02_BEFORE_M_SEL_0140,282,282,282,283,Serenoa,main,male,serenoa,assets/triangle-strategy/approved_voice_references/serenoa.wav,เป็นเพราะความกลัวนี้ ที่ทำให้ท่านต้องการควบคุมประชาชนของตัวเอง!,,,PENDING_MANUAL_GENERATION,,triangle-strategy
282,MS21S_X48_BATTLE_02_BEFORE_M_SEL_0150.wav,MS21S_X48_BATTLE_02_BEFORE_M_SEL_0150,283,283,283,284,Serenoa,main,male,serenoa,assets/triangle-strategy/approved_voice_references/serenoa.wav,อีดอร์ ท่านมันก็แค่คนขี้ขลาด!,,,PENDING_MANUAL_GENERATION,,triangle-strategy
283,MS21S_X48_BATTLE_02_BEFORE_M_SEL_0160.wav,MS21S_X48_BATTLE_02_BEFORE_M_SEL_0160,284,284,284,285,Serenoa,main,male,serenoa,assets/triangle-strategy/approved_voice_references/serenoa.wav,ถ้าตัวเองสมบูรณ์มากนักก็พิสูจน์ซะสิ! ทำลายความเชื่อมั่นของเราให้ได้!,,,PENDING_MANUAL_GENERATION,,triangle-strategy
284,MS21S_X48_BATTLE_02_BEFORE_M_SEL_0170.wav,MS21S_X48_BATTLE_02_BEFORE_M_SEL_0170,285,285,285,286,Serenoa,main,male,serenoa,assets/triangle-strategy/approved_voice_references/serenoa.wav,สหายแห่งวูล์ฟฟอร์ตเอ๋ย ยุคหลอกลวงของอีดอร์มาถึงจุดจบแล้ว!,,,PENDING_MANUAL_GENERATION,,triangle-strategy
285,MS21S_X48_BATTLE_02_BEFORE_M_SEL_0180.wav,MS21S_X48_BATTLE_02_BEFORE_M_SEL_0180,286,286,286,287,Serenoa,main,male,serenoa,assets/triangle-strategy/approved_voice_references/serenoa.wav,ยกอาวุธขึ้นมา! เราจะทำลายผู้ศักดิ์สิทธิ์จอมปลอมผู้นี้ไปด้วยกัน!,,,PENDING_MANUAL_GENERATION,,triangle-strategy
286,MS21S_X48_BATTLE_02_DRAMA_F_ABR_0010.wav,MS21S_X48_BATTLE_02_DRAMA_F_ABR_0010,287,287,287,288,Avlora,npc,female,avlora,assets/triangle-strategy/approved_voice_references/avlora.wav,เจ้ากับกุสตาดอล์ฟนิสัยเหมือนกันไม่มีผิด และพวกเจ้าทั้งสองจะต้องตายอย่างโดดเดี่ยว...ความทะเยอทะยานถูกทำลายไม่เหลือชิ้นดี,,,PENDING_MANUAL_GENERATION,,triangle-strategy
287,MS21S_X48_BATTLE_02_DRAMA_F_ANA_0010.wav,MS21S_X48_BATTLE_02_DRAMA_F_ANA_0010,288,288,288,289,Anna,main,female,anna,assets/triangle-strategy/approved_voice_references/anna.wav,ข้าจะฆ่าเจ้าแล้วยุติสงคราม เตรียมตัวตายซะ,,,PENDING_MANUAL_GENERATION,,triangle-strategy
288,MS21S_X48_BATTLE_02_DRAMA_F_CRD_0010.wav,MS21S_X48_BATTLE_02_DRAMA_F_CRD_0010,289,289,289,290,Cordelia,npc,female,cordelia,assets/triangle-strategy/approved_voice_references/cordelia.wav,เกลนบรู๊คไม่มีวันยอมจำนนต่อเผด็จการเช่นเจ้าหรอก อีดอร์! ชาวนอร์เซเลียทุกคนสมควรได้อยู่กันอย่างสงบสุข และเราจะมอบสิ่งนั้นให้เอง!,,,PENDING_MANUAL_GENERATION,,triangle-strategy
289,MS21S_X48_BATTLE_02_DRAMA_F_EZA_0010.wav,MS21S_X48_BATTLE_02_DRAMA_F_EZA_0010,290,290,290,291,เอซาน่า,npc,female,ezana,assets/triangle-strategy/approved_voice_references/ezana.wav,ครั้งหนึ่งข้าเคยหนีจากไฮแซนต์ แต่วันนี้ข้าจะสู้เพื่ออนาคตของอาณาจักรแห่งนี้แล้ว!,,,PENDING_MANUAL_GENERATION,,triangle-strategy
290,MS21S_X48_BATTLE_02_DRAMA_F_FRE_0010.wav,MS21S_X48_BATTLE_02_DRAMA_F_FRE_0010,291,291,291,292,Frederica,main,female,frederica,assets/triangle-strategy/approved_voice_references/frederica.wav,ศึกครั้งนี้จบลงเมื่อใด ทุกคนจะเห็นความเน่าเฟะของหลักคำสอนเทพธิดาเป็นแน่,,,PENDING_MANUAL_GENERATION,,triangle-strategy
291,MS21S_X48_BATTLE_02_DRAMA_F_FRE_0020.wav,MS21S_X48_BATTLE_02_DRAMA_F_FRE_0020,292,292,292,293,Frederica,main,female,frederica,assets/triangle-strategy/approved_voice_references/frederica.wav,ข้าจะบดขยี้ให้กลายเป็นเศษเหล็กเลยคอยดู และข้าจะกอบกู้เกียรติยศของชาวโรเซลล์กลับคืนมา,,,PENDING_MANUAL_GENERATION,,triangle-strategy
292,MS21S_X48_BATTLE_02_DRAMA_F_FRE_0030.wav,MS21S_X48_BATTLE_02_DRAMA_F_FRE_0030,293,293,293,294,Frederica,main,female,frederica,assets/triangle-strategy/approved_voice_references/frederica.wav,ชาวโรเซลล์เป็นอิสระ อีกทั้งเจ็ดผู้ศักดิ์สิทธิ์ก็ถูกกำจัดไปจนสิ้น ท่านไม่เหลืออะไรแล้วอีดอร์,,,PENDING_MANUAL_GENERATION,,triangle-strategy
293,MS21S_X48_BATTLE_02_DRAMA_F_FRE_0040.wav,MS21S_X48_BATTLE_02_DRAMA_F_FRE_0040,294,294,294,295,Frederica,main,female,frederica,assets/triangle-strategy/approved_voice_references/frederica.wav,ท่านถูกความทะเยอทะยานของตนครอบงำแล้ว นอร์เซเลียจะไม่มีวันสงบสุขหากท่านยังดำรงอยู่,,,PENDING_MANUAL_GENERATION,,triangle-strategy
294,MS21S_X48_BATTLE_02_DRAMA_F_GIB_0010.wav,MS21S_X48_BATTLE_02_DRAMA_F_GIB_0010,295,295,295,296,จีโอวานน่า,npc,female,giovanna,assets/triangle-strategy/approved_voice_references/giovanna.wav,ในที่สุดข้าก็พบคำตอบของเกลือกับนาเกลือที่ข้าตามหามานาน เหลือแค่ต้องกำจัดเจ้าและให้โลกได้รู้ความจริง,,,PENDING_MANUAL_GENERATION,,triangle-strategy
295,MS21S_X48_BATTLE_02_DRAMA_F_GUR_0010.wav,MS21S_X48_BATTLE_02_DRAMA_F_GUR_0010,296,296,296,297,โกรมา,npc,female,groma,assets/triangle-strategy/approved_voice_references/groma.wav,อีดอร์...รู้งี้ข้าน่าจะสังหารเจ้าไปตั้งแต่สามสิบปีก่อน เวลาของเราใกล้หมดแล้ว,,,PENDING_MANUAL_GENERATION,,triangle-strategy
296,MS21S_X48_BATTLE_02_DRAMA_F_HEW_0010.wav,MS21S_X48_BATTLE_02_DRAMA_F_HEW_0010,297,297,297,298,Hughette,main,female,hughette,assets/triangle-strategy/approved_voice_references/hughette.wav,ระหว่างการเดินทาง...พวกเราผ่านการตัดสินใจมากมาย และทุกครั้งพวกเราก็ไม่ได้ถูกเสมอไป,,,PENDING_MANUAL_GENERATION,,triangle-strategy
297,MS21S_X48_BATTLE_02_DRAMA_F_HEW_0020.wav,MS21S_X48_BATTLE_02_DRAMA_F_HEW_0020,298,298,298,299,Hughette,main,female,hughette,assets/triangle-strategy/approved_voice_references/hughette.wav,แต่ตอนนี้พวกเรามั่นใจในสิ่งที่ตัวเองควรต้องทำ เพื่อผลประโยชน์ของทุกคน ข้าจะดับอนาคตของเจ้าเสีย!,,,PENDING_MANUAL_GENERATION,,triangle-strategy
298,MS21S_X48_BATTLE_02_DRAMA_F_HOS_0010.wav,MS21S_X48_BATTLE_02_DRAMA_F_HOS_0010,299,299,299,300,ฮอสซาบาร่า,npc,female,hossabara,assets/triangle-strategy/approved_voice_references/hossabara.wav,เลิกเทศนาสั่งสอนเสียที! ตายไปก็ไม่ได้แหกปากพูดแล้ว,,,PENDING_MANUAL_GENERATION,,triangle-strategy
299,MS21S_X48_BATTLE_02_DRAMA_F_MED_0010.wav,MS21S_X48_BATTLE_02_DRAMA_F_MED_0010,300,300,300,301,เมดิน่า,npc,female,medina,assets/triangle-strategy/approved_voice_references/medina.wav,ท่านกำลังท้าทายกฎเกณฑ์ธรรมชาติ...มอบชีวิตให้สรรพสิ่งที่ไร้ซึ่งวิญญาณ ท่านมันเกินเยียวยาแล้วอีดอร์!,,,PENDING_MANUAL_GENERATION,,triangle-strategy
300,MS21S_X48_BATTLE_02_DRAMA_F_MIR_0010.wav,MS21S_X48_BATTLE_02_DRAMA_F_MIR_0010,301,301,301,302,ไมโล,npc,female,milo,assets/triangle-strategy/approved_voice_references/milo.wav,ปากเอาแต่พูดถึงความยุติธรรม แต่ตัวเองดันกลัวคนต่อต้านซะได้!,,,PENDING_MANUAL_GENERATION,,triangle-strategy
301,MS21S_X48_BATTLE_02_DRAMA_F_PIC_0010.wav,MS21S_X48_BATTLE_02_DRAMA_F_PIC_0010,302,302,302,303,พิคโคเล็ตต้า,npc,female,piccoletta,assets/triangle-strategy/approved_voice_references/piccoletta.wav,ลอร์ดเซเรโนอา ช่วยเอามือย่นๆ นี่ออกไปทีเจ้าค่ะ!,,,PENDING_MANUAL_GENERATION,,triangle-strategy
302,MS21S_X48_BATTLE_02_DRAMA_F_TRI_0010.wav,MS21S_X48_BATTLE_02_DRAMA_F_TRI_0010,309,309,309,310,Trish,npc,female,trish,assets/triangle-strategy/approved_voice_references/trish.wav,ยอมแพ้สักทีสิวะไอ้แก่นี่! เวทย์อลังการของเจ้าเทียบสัญชาตญาณโจรไม่ติดหรอก,,,PENDING_MANUAL_GENERATION,,triangle-strategy
303,MS21S_X48_BATTLE_02_DRAMA_F_YRA_0010.wav,MS21S_X48_BATTLE_02_DRAMA_F_YRA_0010,310,310,310,311,Geela,main,female,geela,assets/triangle-strategy/approved_voice_references/geela.wav,นักวิจัยทั้งหลายถูกใช้งานเพื่อสนองความต้องการของชายผู้เดียว เจ้าทำร้ายผู้คนเพื่อศักดิ์ศรีของตนไปมากแค่ไหนแล้ว?,,,PENDING_MANUAL_GENERATION,,triangle-strategy
304,MS21S_X48_BATTLE_02_DRAMA_F_YRA_0020.wav,MS21S_X48_BATTLE_02_DRAMA_F_YRA_0020,311,311,311,312,Geela,main,female,geela,assets/triangle-strategy/approved_voice_references/geela.wav,เจ้ามันเกินเยียวยาแล้ว... เช่นนั้นคงต้องจบชีวิตเจ้าไปพร้อมกับปรัชญาอันบิดเบี้ยวแล้วล่ะ!,,,PENDING_MANUAL_GENERATION,,triangle-strategy
305,MS21S_X48_BATTLE_02_DRAMA_M_ARC_0010.wav,MS21S_X48_BATTLE_02_DRAMA_M_ARC_0010,312,312,312,313,อาร์ชิบัลด์,npc,male,archibald,assets/triangle-strategy/approved_voice_references/archibald.wav,ตาสว่างเสียทีอีดอร์ อนาคตขึ้นอยู่กับคนหนุ่มสาว ไม่ใช่คนแก่อย่างเจ้า,,,PENDING_MANUAL_GENERATION,,triangle-strategy
306,MS21S_X48_BATTLE_02_DRAMA_M_BND_0010.wav,MS21S_X48_BATTLE_02_DRAMA_M_BND_0010,313,313,313,314,Benedict,main,male,benedict,assets/triangle-strategy/approved_voice_references/benedict.wav,เจ้ามันมีแค่เปลือกนอก...ไม่สามารถเปล่งเสียงได้ด้วยซ้ำ นอร์เซเลียไม่ต้องการผู้นำเช่นเจ้าหรอก,,,PENDING_MANUAL_GENERATION,,triangle-strategy
307,MS21S_X48_BATTLE_02_DRAMA_M_BND_0020.wav,MS21S_X48_BATTLE_02_DRAMA_M_BND_0020,314,314,314,315,Benedict,main,male,benedict,assets/triangle-strategy/approved_voice_references/benedict.wav,ตราบใดที่มีคนให้ปกครอง...ความกระหายของท่านจะไม่มีวันหมดสิ้น ความทารุณของท่านจะก่อเกิดเป็นวัฎจักร,,,PENDING_MANUAL_GENERATION,,triangle-strategy
308,MS21S_X48_BATTLE_02_DRAMA_M_BND_0030.wav,MS21S_X48_BATTLE_02_DRAMA_M_BND_0030,315,315,315,316,Benedict,main,male,benedict,assets/triangle-strategy/approved_voice_references/benedict.wav,ลองดูผลงานของตัวเองเสียก่อนเถอะ อีดอร์! ข้าไม่ยอมให้ใครมาทุกข์ทนเพื่อท่านอีกแล้ว!,,,PENDING_MANUAL_GENERATION,,triangle-strategy
309,MS21S_X48_BATTLE_02_DRAMA_M_COR_0010.wav,MS21S_X48_BATTLE_02_DRAMA_M_COR_0010,316,316,316,317,คอเรนติน,npc,male,corentin,assets/triangle-strategy/approved_voice_references/corentin.wav,อีดอร์...แกดัดแปลงงานวิจัยของเรา ต่อไปนี้มันจะไม่มีอีกแล้ว!,,,PENDING_MANUAL_GENERATION,,triangle-strategy
310,MS21S_X48_BATTLE_02_DRAMA_M_ELA_0010.wav,MS21S_X48_BATTLE_02_DRAMA_M_ELA_0010,317,317,317,318,Erador,main,male,erador,assets/triangle-strategy/approved_voice_references/erador.wav,ขอบอกไว้ก่อนว่าข้าพูดไม่เก่ง แต่คนซื่อบื้อที่ไหนก็ดูออกว่าทำไมลอร์ดของเราถึงต่างจากเจ้านัก,,,PENDING_MANUAL_GENERATION,,triangle-strategy
311,MS21S_X48_BATTLE_02_DRAMA_M_ELA_0020.wav,MS21S_X48_BATTLE_02_DRAMA_M_ELA_0020,318,318,318,319,Erador,main,male,erador,assets/triangle-strategy/approved_voice_references/erador.wav,เมื่อเซเรโนอาพูดถึงอนาคตของนอร์เซเลีย...ข้ารู้สึกมีความหวัง ในขณะที่เจ้านั้นทำให้ข้ารู้สึกถึงความใจดำจากชายคนหนึ่งที่คิดว่าตัวเองสูงส่งกว่าข้า,,,PENDING_MANUAL_GENERATION,,triangle-strategy
312,MS21S_X48_BATTLE_02_DRAMA_M_FLA_0010.wav,MS21S_X48_BATTLE_02_DRAMA_M_FLA_0010,319,319,319,320,แฟลนาแกน,npc,male,flanagan,assets/triangle-strategy/approved_voice_references/flanagan.wav,แผนชั่วของแกมันจบลงแล้ว อีดอร์,,,PENDING_MANUAL_GENERATION,,triangle-strategy
313,MS21S_X48_BATTLE_02_DRAMA_M_IDO_0010.wav,MS21S_X48_BATTLE_02_DRAMA_M_IDO_0010,320,320,320,321,อีดอร์,npc,male,idore,assets/triangle-strategy/approved_voice_references/idore.wav,ท่านพูดเหมือนว่าความพยายามเป็นสิ่งไม่ดีเลยนะ แต่สุดท้ายคนเราก็ต้องดิ้นรนเพื่ออำนาจของตัวเองอยู่ดีไม่ใช่เหรอ?,,,PENDING_MANUAL_GENERATION,,triangle-strategy
314,MS21S_X48_BATTLE_02_DRAMA_M_IDO_0020.wav,MS21S_X48_BATTLE_02_DRAMA_M_IDO_0020,321,321,321,322,อีดอร์,npc,male,idore,assets/triangle-strategy/approved_voice_references/idore.wav,กว่าจะมาเผชิญหน้ากับข้า...ท่านสังหารไปกี่คนแล้วล่ะ? เคยรู้บ้างไหมว่าท่านหลั่งเลือดไปเท่าไร?,,,PENDING_MANUAL_GENERATION,,triangle-strategy
315,MS21S_X48_BATTLE_02_DRAMA_M_IDO_0030.wav,MS21S_X48_BATTLE_02_DRAMA_M_IDO_0030,322,322,322,323,อีดอร์,npc,male,idore,assets/triangle-strategy/approved_voice_references/idore.wav,ถ้อยคำของนางคือความจริงเพียงหนึ่งเดียว และข้าจะส่งท่านไปอ้อนวอนขอชีวิตต่อหน้าเทพธิดา!,,,PENDING_MANUAL_GENERATION,,triangle-strategy
316,MS21S_X48_BATTLE_02_DRAMA_M_IDO_0040.wav,MS21S_X48_BATTLE_02_DRAMA_M_IDO_0040,323,323,323,324,อีดอร์,npc,male,idore,assets/triangle-strategy/approved_voice_references/idore.wav,มาเสียเถิด จงสำแดงพลังแห่งเทพธิดาให้พวกมันรู้ซึ้งเสียเถิด,,,PENDING_MANUAL_GENERATION,,triangle-strategy
317,MS21S_X48_BATTLE_02_DRAMA_M_IDO_0050.wav,MS21S_X48_BATTLE_02_DRAMA_M_IDO_0050,324,324,324,325,อีดอร์,npc,male,idore,assets/triangle-strategy/approved_voice_references/idore.wav,เซเรโนอา วูล์ฟฟอร์ต วิสัยทัศน์อันหลงผิดของท่านจะทำให้ดินแดนพังพินาศ ข้าจะตัดไฟแต่ต้นลมที่นี่,,,PENDING_MANUAL_GENERATION,,triangle-strategy
318,MS21S_X48_BATTLE_02_DRAMA_M_IDO_0060.wav,MS21S_X48_BATTLE_02_DRAMA_M_IDO_0060,325,325,325,326,อีดอร์,npc,male,idore,assets/triangle-strategy/approved_voice_references/idore.wav,กลับใจเสียเถิด แล้วข้าจะทำให้ท่านไปสบาย,,,PENDING_MANUAL_GENERATION,,triangle-strategy
319,MS21S_X48_BATTLE_02_DRAMA_M_IDO_0070.wav,MS21S_X48_BATTLE_02_DRAMA_M_IDO_0070,326,326,326,327,อีดอร์,npc,male,idore,assets/triangle-strategy/approved_voice_references/idore.wav,นั่นคือหน้าที่แห่งศาสนาเรา...หากผู้มีปัญญาไม่ชี้นำผู้อ่อนแอ พวกมันก็จะคอยสร้างเรื่องไปตลอด,,,PENDING_MANUAL_GENERATION,,triangle-strategy
320,MS21S_X48_BATTLE_02_DRAMA_M_IDO_0080.wav,MS21S_X48_BATTLE_02_DRAMA_M_IDO_0080,327,327,327,328,อีดอร์,npc,male,idore,assets/triangle-strategy/approved_voice_references/idore.wav,แล้วยังไงต่อล่ะฝ่าบาท? ท่านมีแรงใจขับเคลื่อนนอร์เซเลียไปในทางที่ควรแล้วเหรอ?,,,PENDING_MANUAL_GENERATION,,triangle-strategy
321,MS21S_X48_BATTLE_02_DRAMA_M_IDO_0090.wav,MS21S_X48_BATTLE_02_DRAMA_M_IDO_0090,328,328,328,329,อีดอร์,npc,male,idore,assets/triangle-strategy/approved_voice_references/idore.wav,ในทางกลับกัน หากตัวข้าและหัวหน้านักบวชยังดำรงอยู่... ความศรัทธาของพวกเขาจะถือกำเนิดใหม่พร้อมกับไฮแซนต์อีกครั้ง,,,PENDING_MANUAL_GENERATION,,triangle-strategy
322,MS21S_X48_BATTLE_02_DRAMA_M_IDO_0100.wav,MS21S_X48_BATTLE_02_DRAMA_M_IDO_0100,329,329,329,330,อีดอร์,npc,male,idore,assets/triangle-strategy/approved_voice_references/idore.wav,ผู้ชนะคือผู้จารึกประวัติศาสตร์และความจริง,,,PENDING_MANUAL_GENERATION,,triangle-strategy
323,MS21S_X48_BATTLE_02_DRAMA_M_IDO_0110.wav,MS21S_X48_BATTLE_02_DRAMA_M_IDO_0110,330,330,330,331,อีดอร์,npc,male,idore,assets/triangle-strategy/approved_voice_references/idore.wav,ข้ายอมทำทุกอย่างเพื่อผลประโยชน์ของทุกคน,,,PENDING_MANUAL_GENERATION,,triangle-strategy
324,MS21S_X48_BATTLE_02_DRAMA_M_IDO_0120.wav,MS21S_X48_BATTLE_02_DRAMA_M_IDO_0120,331,331,331,332,อีดอร์,npc,male,idore,assets/triangle-strategy/approved_voice_references/idore.wav,น่าเสียดายจริงๆ ข้าไม่อยากพรากชีวิตเด็กสาวอย่างเจ้าเลย,,,PENDING_MANUAL_GENERATION,,triangle-strategy
325,MS21S_X48_BATTLE_02_DRAMA_M_IDO_0130.wav,MS21S_X48_BATTLE_02_DRAMA_M_IDO_0130,332,332,332,333,อีดอร์,npc,male,idore,assets/triangle-strategy/approved_voice_references/idore.wav,ก็เพราะแบบนี้เจ้าถึงเป็นได้แค่เศษเหล็กยังไงล่ะ เจ้าไม่ควรมีความรู้สึกเป็นของตัวเอง เจ้าสมควรจะรับใช้หัวหน้านักบวช,,,PENDING_MANUAL_GENERATION,,triangle-strategy
326,MS21S_X48_BATTLE_02_DRAMA_M_IDO_0140.wav,MS21S_X48_BATTLE_02_DRAMA_M_IDO_0140,333,333,333,334,อีดอร์,npc,male,idore,assets/triangle-strategy/approved_voice_references/idore.wav,ถ้อยคำของข้าล้วนเป็นความจริงเสมอ เจ้าต่างหากที่โง่เง่าเกินกว่าจะรับฟังคำของข้าได้,,,PENDING_MANUAL_GENERATION,,triangle-strategy
327,MS21S_X48_BATTLE_02_DRAMA_M_IDO_0150.wav,MS21S_X48_BATTLE_02_DRAMA_M_IDO_0150,334,334,334,335,อีดอร์,npc,male,idore,assets/triangle-strategy/approved_voice_references/idore.wav,ข้าไม่ได้ทำสิ่งใดนอกเสียจากสั่งสอนให้พวกมันชะโงกดูเงาตัวเอง ก็แค่เชื่อฟังผู้มีปัญญาเท่านั้นก็พอ,,,PENDING_MANUAL_GENERATION,,triangle-strategy
328,MS21S_X48_BATTLE_02_DRAMA_M_IDO_0160.wav,MS21S_X48_BATTLE_02_DRAMA_M_IDO_0160,335,335,335,336,อีดอร์,npc,male,idore,assets/triangle-strategy/approved_voice_references/idore.wav,หมัดเหล็กอย่างเจ้าคงจะแก่ตายซะก่อน แต่ข้าไม่เหมือนเจ้าหรอกนะโกรมา ข้าดำรงอยู่เป็นนิจ...และข้าผู้นี้จะมอบสันติสุขนิรันดร์แก่นอร์เซเลียเอง!,,,PENDING_MANUAL_GENERATION,,triangle-strategy
329,MS21S_X48_BATTLE_02_DRAMA_M_IDO_0170.wav,MS21S_X48_BATTLE_02_DRAMA_M_IDO_0170,336,336,336,337,อีดอร์,npc,male,idore,assets/triangle-strategy/approved_voice_references/idore.wav,เอลฟริคถูกพัฒนาขึ้นเพื่ออนาคตของพวกเขา จงซาบซึ้งที่ผลงานของเจ้าได้กอบกู้พวกเขาเสียเถิด,,,PENDING_MANUAL_GENERATION,,triangle-strategy
330,MS21S_X48_BATTLE_02_DRAMA_M_IDO_0180.wav,MS21S_X48_BATTLE_02_DRAMA_M_IDO_0180,337,337,337,338,อีดอร์,npc,male,idore,assets/triangle-strategy/approved_voice_references/idore.wav,ข้าเพียงสนองความต้องการของพวกเขาก็เท่านั้น พวกเขาชี้นำข้า...และข้าชี้นำพวกเขาเป็นการตอบแทน,,,PENDING_MANUAL_GENERATION,,triangle-strategy
331,MS21S_X48_BATTLE_02_DRAMA_M_IDO_0190.wav,MS21S_X48_BATTLE_02_DRAMA_M_IDO_0190,338,338,338,339,อีดอร์,npc,male,idore,assets/triangle-strategy/approved_voice_references/idore.wav,ก็แค่คนโง่เง่าผู้โลภมากอีกคนสินะ เจ้าจะเอาความเหนื่อยยากของผู้คนไปขายต่อด้วยรอยยิ้มน่ะเหรอ?,,,PENDING_MANUAL_GENERATION,,triangle-strategy
332,MS21S_X48_BATTLE_02_DRAMA_M_IDO_0200.wav,MS21S_X48_BATTLE_02_DRAMA_M_IDO_0200,339,339,339,340,อีดอร์,npc,male,idore,assets/triangle-strategy/approved_voice_references/idore.wav,หมอผีงั้นเหรอ? แกมันเป็นเสนียดนอกรีต แกต้องถูกชะล้างออกไป,,,PENDING_MANUAL_GENERATION,,triangle-strategy
333,MS21S_X48_BATTLE_02_DRAMA_M_IDO_0210.wav,MS21S_X48_BATTLE_02_DRAMA_M_IDO_0210,340,340,340,341,อีดอร์,npc,male,idore,assets/triangle-strategy/approved_voice_references/idore.wav,อ้าว...หลานของแกรนดันเต้เองสินะ ดีเลย ข้าจะมอบจุดจบให้โคตรตระกูลของเจ้าเอง,,,PENDING_MANUAL_GENERATION,,triangle-strategy
334,MS21S_X48_BATTLE_02_DRAMA_M_IDO_0220.wav,MS21S_X48_BATTLE_02_DRAMA_M_IDO_0220,341,341,341,342,อีดอร์,npc,male,idore,assets/triangle-strategy/approved_voice_references/idore.wav,โถ...เด็กสาวผู้หลงผิดเอ๋ย ข้าผู้เดียวเท่านั้นที่มีอำนาจในการยุติสงครามนี้ และข้าจะทำให้วูล์ฟฟอร์ตตาสว่าง,,,PENDING_MANUAL_GENERATION,,triangle-strategy
335,MS21S_X48_BATTLE_02_DRAMA_M_IDO_0230.wav,MS21S_X48_BATTLE_02_DRAMA_M_IDO_0230,342,342,342,343,อีดอร์,npc,male,idore,assets/triangle-strategy/approved_voice_references/idore.wav,เจ้าพูดจาเหมือนว่าข้าชั่วร้าย ทั้งที่ตัวเองพยายามจะหยุดแผนการของข้าแท้ๆ ข้าเป็นห่วงเพียงแค่ความเป็นอยู่ของประชาชนก็เท่านั้น,,,PENDING_MANUAL_GENERATION,,triangle-strategy
336,MS21S_X48_BATTLE_02_DRAMA_M_IDO_0240.wav,MS21S_X48_BATTLE_02_DRAMA_M_IDO_0240,343,343,343,344,อีดอร์,npc,male,idore,assets/triangle-strategy/approved_voice_references/idore.wav,ข้าไม่ใส่ใจคำพูดของเจ้าหรอก ความฉลาดและพรสวรรค์เป็นสิ่งไร้ประโยชน์หากไม่ได้รับการชี้นำ...ซึ่งคนผู้นั้นก็คือข้า,,,PENDING_MANUAL_GENERATION,,triangle-strategy
337,MS21S_X48_BATTLE_02_DRAMA_M_IDO_0250.wav,MS21S_X48_BATTLE_02_DRAMA_M_IDO_0250,344,344,344,345,อีดอร์,npc,male,idore,assets/triangle-strategy/approved_voice_references/idore.wav,อาร์ชิบัลด์ เจ้าช่างโง่เขลาเสียเหลือเกิน ข้าเท่านั้นที่คู่ควรกับการชี้นำผู้คนสู่อนาคตที่วาดฝัน อย่าคิดจะหยุดข้าเชียว,,,PENDING_MANUAL_GENERATION,,triangle-strategy
338,MS21S_X48_BATTLE_02_DRAMA_M_IDO_0260.wav,MS21S_X48_BATTLE_02_DRAMA_M_IDO_0260,345,345,345,346,อีดอร์,npc,male,idore,assets/triangle-strategy/approved_voice_references/idore.wav,แล้วเจ้าทำอะไรให้พวกพ้องบ้างล่ะ หอกอรุณ? ที่ผ่านมาเจ้าก็ทำแค่เพียงเข่นฆ่าผู้คนซ้ำแล้วซ้ำเล่า อย่ามาพูดเรื่องนี้กับข้าเลย!,,,PENDING_MANUAL_GENERATION,,triangle-strategy
339,MS21S_X48_BATTLE_02_DRAMA_M_IDO_0270.wav,MS21S_X48_BATTLE_02_DRAMA_M_IDO_0270,346,346,346,347,อีดอร์,npc,male,idore,assets/triangle-strategy/approved_voice_references/idore.wav,นี่ต่างหากคือประวัติศาสตร์นอร์เซเลียแท้จริง : พวกนอกรีตล่อลวงประชาชนไม่สำเร็จ... และพวกมันก็ถูกสังหารด้วยบาปของตน,,,PENDING_MANUAL_GENERATION,,triangle-strategy
340,MS21S_X48_BATTLE_02_DRAMA_M_IDO_0280.wav,MS21S_X48_BATTLE_02_DRAMA_M_IDO_0280,347,347,347,348,อีดอร์,npc,male,idore,assets/triangle-strategy/approved_voice_references/idore.wav,คนเราจะตั้งความหวังไปทำไม? มันเป็นดั่งยาพิษที่กัดกินจิตใจมนุษย์ให้พวกเขาเพ้อฝัน ในเมื่อพวกเขาทำตามเป้าไม่ได้...พวกเขาก็จะเดือดร้อนเสียเอง,,,PENDING_MANUAL_GENERATION,,triangle-strategy
341,MS21S_X48_BATTLE_02_DRAMA_M_IDO_0290.wav,MS21S_X48_BATTLE_02_DRAMA_M_IDO_0290,348,348,348,349,อีดอร์,npc,male,idore,assets/triangle-strategy/approved_voice_references/idore.wav,ข้าต้องขจัดความหวังออกไป ประชาชนของข้าต้องเรียนรู้ที่จะเป็นผู้ตาม,,,PENDING_MANUAL_GENERATION,,triangle-strategy
342,MS21S_X48_BATTLE_02_DRAMA_M_IDO_0300.wav,MS21S_X48_BATTLE_02_DRAMA_M_IDO_0300,349,349,349,350,อีดอร์,npc,male,idore,assets/triangle-strategy/approved_voice_references/idore.wav,เป็นทหารไม่ควรออกความเห็น เงียบๆ แล้วยอมรับชะตากรรมไปเสียเถอะ,,,PENDING_MANUAL_GENERATION,,triangle-strategy
343,MS21S_X48_BATTLE_02_DRAMA_M_IDO_0310.wav,MS21S_X48_BATTLE_02_DRAMA_M_IDO_0310,350,350,350,351,อีดอร์,npc,male,idore,assets/triangle-strategy/approved_voice_references/idore.wav,"อ๋อ เจ้านี่เองคือเด็กที่มี ""พลังวิเศษ"" ในการหยั่งรู้... จะคิดเสียว่ามันเป็นหน้าที่ศักดิ์สิทธิ์ของข้า ที่ต้องขจัดมารศาสนาออกไปจากโลกนี้สินะ",,,PENDING_MANUAL_GENERATION,,triangle-strategy
344,MS21S_X48_BATTLE_02_DRAMA_M_IDO_0320.wav,MS21S_X48_BATTLE_02_DRAMA_M_IDO_0320,351,351,351,352,อีดอร์,npc,male,idore,assets/triangle-strategy/approved_voice_references/idore.wav,วาจาชวนฟัง แต่ช่างโง่เขลา... สมแล้วที่เป็นเจ้าหญิง แต่คนเราไม่มีทางพบสันติสุขผ่านการมองโลกในแง่ดีหรอก,,,PENDING_MANUAL_GENERATION,,triangle-strategy
345,MS21S_X48_BATTLE_02_DRAMA_M_IDO_0330.wav,MS21S_X48_BATTLE_02_DRAMA_M_IDO_0330,352,352,352,353,อีดอร์,npc,male,idore,assets/triangle-strategy/approved_voice_references/idore.wav,ชายมากปัญญาผู้นี้ยืนหยัดได้ด้วยตัวเอง หน้าที่ของข้าคือการชี้นำผู้คน,,,PENDING_MANUAL_GENERATION,,triangle-strategy
346,MS21S_X48_BATTLE_02_DRAMA_M_IDO_0340.wav,MS21S_X48_BATTLE_02_DRAMA_M_IDO_0340,353,353,353,354,อีดอร์,npc,male,idore,assets/triangle-strategy/approved_voice_references/idore.wav,ข้าไม่ฟังถ้อยคำของมารศาสนาหรืออาญชากรหรอกนะ จุดจบของเจ้าใกล้มาถึงแล้ว,,,PENDING_MANUAL_GENERATION,,triangle-strategy
347,MS21S_X48_BATTLE_02_DRAMA_M_IDO_0350.wav,MS21S_X48_BATTLE_02_DRAMA_M_IDO_0350,354,354,354,355,อีดอร์,npc,male,idore,assets/triangle-strategy/approved_voice_references/idore.wav,หญิงเอ๋ย...เทพธิดาทรงถือว่าความเงียบคือคุณธรรม จงมีคุณธรรมในช่วงเวลาสุดท้ายของเจ้าเถิด,,,PENDING_MANUAL_GENERATION,,triangle-strategy
348,MS21S_X48_BATTLE_02_DRAMA_M_IDO_0360.wav,MS21S_X48_BATTLE_02_DRAMA_M_IDO_0360,355,355,355,356,อีดอร์,npc,male,idore,assets/triangle-strategy/approved_voice_references/idore.wav,ชายมากปัญญาผู้นี้ไม่จำเป็นต้องฟังคนโง่พึมพำ... ถ้าไม่หัดยอมรับ ก็ไปตายเสียเถอะ,,,PENDING_MANUAL_GENERATION,,triangle-strategy
349,MS21S_X48_BATTLE_02_DRAMA_M_IDO_0370.wav,MS21S_X48_BATTLE_02_DRAMA_M_IDO_0370,356,356,356,357,อีดอร์,npc,male,idore,assets/triangle-strategy/approved_voice_references/idore.wav,เด็กเอ๋ย...เงียบเสียเถิด เจ้าคิดว่ารู้ดีกว่าข้ามากนักเหรอ? หัดชะโงกดูเงาตัวเองบ้างนะ,,,PENDING_MANUAL_GENERATION,,triangle-strategy
350,MS21S_X48_BATTLE_02_DRAMA_M_IDO_0380.wav,MS21S_X48_BATTLE_02_DRAMA_M_IDO_0380,357,357,357,358,อีดอร์,npc,male,idore,assets/triangle-strategy/approved_voice_references/idore.wav,ไอ้พวกโง่ พวกแกไม่เหลือโอกาสให้กลับใจแล้ว,,,PENDING_MANUAL_GENERATION,,triangle-strategy
351,MS21S_X48_BATTLE_02_DRAMA_M_IDO_0390.wav,MS21S_X48_BATTLE_02_DRAMA_M_IDO_0390,358,358,358,359,อีดอร์,npc,male,idore,assets/triangle-strategy/approved_voice_references/idore.wav,ข้าจะไม่ปรานี จะมีเพียงความตายเท่านั้น ที่แน่นอนและสิ้นสุด,,,PENDING_MANUAL_GENERATION,,triangle-strategy
352,MS21S_X48_BATTLE_02_DRAMA_M_IDO_0400.wav,MS21S_X48_BATTLE_02_DRAMA_M_IDO_0400,359,359,359,360,อีดอร์,npc,male,idore,assets/triangle-strategy/approved_voice_references/idore.wav,ข้าดำรงอยู่เป็นนิจ การตัดสินของข้าคือคำขาด!,,,PENDING_MANUAL_GENERATION,,triangle-strategy
353,MS21S_X48_BATTLE_02_DRAMA_M_IDO_0410.wav,MS21S_X48_BATTLE_02_DRAMA_M_IDO_0410,360,360,360,361,อีดอร์,npc,male,idore,assets/triangle-strategy/approved_voice_references/idore.wav,...ทำไมกัน? การปกครองอันศักดิ์สิทธิ์ของข้า...สมควรดำรงอยู่ตลอดกาลมิใช่หรือ...,,,PENDING_MANUAL_GENERATION,,triangle-strategy
354,MS21S_X48_BATTLE_02_DRAMA_M_JUL_0010.wav,MS21S_X48_BATTLE_02_DRAMA_M_JUL_0010,361,361,361,362,ยูลิโอ้,npc,male,julio,assets/triangle-strategy/approved_voice_references/julio.wav,คำพูดของเจ้ามีแต่ความหยิ่งยโสและเห็นแก่ตัว มันเทียบกับวิสัยทัศน์อันสดใสของลอร์ดเซเรโนอาไม่ได้ด้วยซ้ำ,,,PENDING_MANUAL_GENERATION,,triangle-strategy
355,MS21S_X48_BATTLE_02_DRAMA_M_KOH_0010.wav,MS21S_X48_BATTLE_02_DRAMA_M_KOH_0010,362,362,362,363,โคฮัก,npc,male,quahaug,assets/triangle-strategy/approved_voice_references/quahaug.wav,ข้าเห็นนิมิต... และอนาคตของเราไม่มีเจ้าอยู่ในนั้น,,,PENDING_MANUAL_GENERATION,,triangle-strategy
356,MS21S_X48_BATTLE_02_DRAMA_M_LIO_0010.wav,MS21S_X48_BATTLE_02_DRAMA_M_LIO_0010,363,363,363,364,ไลโอเนล,npc,male,lionel,assets/triangle-strategy/approved_voice_references/lionel.wav,อืม... คริสตัลเอลฟริคต้องขายได้ในราคาสูงแน่ เพื่อประโยชน์แห่งธุรกิจ...ไลโอเนลจะกำจัดเจ้าเอง!,,,PENDING_MANUAL_GENERATION,,triangle-strategy
357,MS21S_X48_BATTLE_02_DRAMA_M_MAX_0010.wav,MS21S_X48_BATTLE_02_DRAMA_M_MAX_0010,364,364,364,365,Maxwell,npc,male,maxwell,assets/triangle-strategy/approved_voice_references/maxwell.wav,ความมุ่งมั่นเผชิญหน้ากับความตายคือสิ่งที่เสริมคุณค่าให้แก่มนุษย์ ผู้ที่ละทิ้งสิ่งนั้นไม่มีสิทธิจะชี้นำใครหรอก,,,PENDING_MANUAL_GENERATION,,triangle-strategy
358,MS21S_X48_BATTLE_02_DRAMA_M_NAR_0010.wav,MS21S_X48_BATTLE_02_DRAMA_M_NAR_0010,365,365,365,366,นาร์ฟ,npc,male,narve,assets/triangle-strategy/approved_voice_references/narve.wav,ข้ารอเวลานี้มานานแล้วอีดอร์ วันนี้ข้าจะชำระแค้นให้ปู่ของข้า รวมถึงคนอื่นที่เจ้าทำให้เดือดร้อนด้วย!,,,PENDING_MANUAL_GENERATION,,triangle-strategy
359,MS21S_X48_BATTLE_02_DRAMA_M_RDL_0010.wav,MS21S_X48_BATTLE_02_DRAMA_M_RDL_0010,366,366,366,367,รูดอล์ฟ,npc,male,rudolph,assets/triangle-strategy/approved_voice_references/rudolph.wav,แม้แต่คนชั่วคงละอายที่ได้เจ้ามาร่วมมือด้วย อย่างน้อยพวกเขาก็มีสติรู้ผิดชอบชั่วดี,,,PENDING_MANUAL_GENERATION,,triangle-strategy
360,MS21S_X48_BATTLE_02_DRAMA_M_RLN_0010.wav,MS21S_X48_BATTLE_02_DRAMA_M_RLN_0010,367,367,367,368,Roland,main,male,roland,assets/triangle-strategy/approved_voice_references/roland.wav,ผู้นำสมควรที่จะทำให้ฝันของผู้คนเป็นจริง,,,PENDING_MANUAL_GENERATION,,triangle-strategy
361,MS21S_X48_BATTLE_02_DRAMA_M_RLN_0020.wav,MS21S_X48_BATTLE_02_DRAMA_M_RLN_0020,368,368,368,369,Roland,main,male,roland,assets/triangle-strategy/approved_voice_references/roland.wav,แต่ผู้นำที่ไร้วิญญาณ คงไม่ได้ยินคำวอนของประชาชนสินะ จงพินาศไปพร้อมกับซากวิหารเสียเถอะ,,,PENDING_MANUAL_GENERATION,,triangle-strategy
362,MS21S_X48_BATTLE_02_DRAMA_M_RLN_0030.wav,MS21S_X48_BATTLE_02_DRAMA_M_RLN_0030,369,369,369,370,Roland,main,male,roland,assets/triangle-strategy/approved_voice_references/roland.wav,อาณาจักรทั้งสามของเราถูกความเน่าเฟะกัดกินมานานเกินพอแล้ว ในนามแห่งเกลนบรู๊ค...ข้าขอขจัดความโสโครกนี้ออกไป,,,PENDING_MANUAL_GENERATION,,triangle-strategy
363,MS21S_X48_BATTLE_02_DRAMA_M_RLN_0040.wav,MS21S_X48_BATTLE_02_DRAMA_M_RLN_0040,370,370,370,371,Roland,main,male,roland,assets/triangle-strategy/approved_voice_references/roland.wav,อาจมีครั้งหนึ่งที่ข้าเคยตอบปฏิเสธท่านเพราะข้ากลัว... ข้าไม่กล้าลงมือทำสิ่งใดเพื่อพัฒนาตนเองด้วยซ้ำ,,,PENDING_MANUAL_GENERATION,,triangle-strategy
364,MS21S_X48_BATTLE_02_DRAMA_M_RLN_0050.wav,MS21S_X48_BATTLE_02_DRAMA_M_RLN_0050,371,371,371,372,Roland,main,male,roland,assets/triangle-strategy/approved_voice_references/roland.wav,แต่สหายข้าได้ชี้ให้เห็นแล้วว่าฟ้าหลังฝนย่อมสวยงามเสมอ แม้ข้าจะเป็นกษัตริย์โดยเชื้อสาย...แต่ข้าจะทำสุดความสามารถให้สมกับฐานะของตน!,,,PENDING_MANUAL_GENERATION,,triangle-strategy
365,MS21S_X48_BATTLE_02_DRAMA_M_SEL_0010.wav,MS21S_X48_BATTLE_02_DRAMA_M_SEL_0010,372,372,372,373,Serenoa,main,male,serenoa,assets/triangle-strategy/approved_voice_references/serenoa.wav,อีดอร์ เดลมิร่า! ในนามของผู้เคราะห์ร้ายทั้งหลายที่กลายเป็นเหยื่อความทารุณ ข้าจะลงมือสังหารท่านเอง!,,,PENDING_MANUAL_GENERATION,,triangle-strategy
366,MS21S_X48_BATTLE_02_DRAMA_M_SEL_0020.wav,MS21S_X48_BATTLE_02_DRAMA_M_SEL_0020,373,373,373,374,Serenoa,main,male,serenoa,assets/triangle-strategy/approved_voice_references/serenoa.wav,อะไรกัน? มันขยับได้งั้นเหรอ!? ระวังตัวด้วยนะทุกคน!,,,PENDING_MANUAL_GENERATION,,triangle-strategy
367,MS21S_X48_BATTLE_02_DRAMA_M_SEL_0030.wav,MS21S_X48_BATTLE_02_DRAMA_M_SEL_0030,374,374,374,375,Serenoa,main,male,serenoa,assets/triangle-strategy/approved_voice_references/serenoa.wav,ข้าเลือกเดินบนเส้นทางอันเที่ยงตรง ไม่ว่าจะเกิดสิ่งใด ข้าจะขอเลือกเดินในเส้นทางที่ข้าสร้างขึ้นมาเอง,,,PENDING_MANUAL_GENERATION,,triangle-strategy
368,MS21S_X48_BATTLE_02_DRAMA_M_TRA_0010.wav,MS21S_X48_BATTLE_02_DRAMA_M_TRA_0010,375,375,375,376,Travis,npc,male,travis,assets/triangle-strategy/approved_voice_references/travis.wav,ข้าเป็นเพียงชาวเขาธรรมดาคนหนึ่ง แต่คนอย่างเจ้า...ครู่เดียวก็มองออกแล้วว่าเป็นคนชั่วช้า,,,PENDING_MANUAL_GENERATION,,triangle-strategy
369,MS21S_X48_BATTLE_02_DRAMA_M_YEN_0010.wav,MS21S_X48_BATTLE_02_DRAMA_M_YEN_0010,376,376,376,377,เอียนส์,npc,male,jens,assets/triangle-strategy/approved_voice_references/jens.wav,คนเรามีความสุขได้จากการเติบโตและพลาดพลั้ง หากท่านพรากสิ่งเหล่านั้นไป...มันจะทำให้เราสูญสิ้นความเป็นมนุษย์!,,,PENDING_MANUAL_GENERATION,,triangle-strategy
370,MS21S_X48_BATTLE_02_DRAMA_N_DEC_0010.wav,MS21S_X48_BATTLE_02_DRAMA_N_DEC_0010,377,377,377,378,เดซิมอล,npc,male,decimal,assets/triangle-strategy/approved_voice_references/decimal.wav,ทีแรกข้านึกว่าตัวเองไม่สมประกอบ แต่เจ้าน่ะ...ไม่มีแม้แต่จิตวิญญาณด้วยซ้ำ...เป็นเพียงเครื่องมือแสนเวทนา,,,PENDING_MANUAL_GENERATION,,triangle-strategy
371,MS21S_X48_BATTLE_02_DRAMA_N_DEC_0020.wav,MS21S_X48_BATTLE_02_DRAMA_N_DEC_0020,378,378,378,379,เดซิมอล,npc,male,decimal,assets/triangle-strategy/approved_voice_references/decimal.wav,ข้าจะมอบจุดจบให้เจ้าเอง,,,PENDING_MANUAL_GENERATION,,triangle-strategy
372,MS21S_X48_BATTLE_02_DRAMA_N_DEC_0030.wav,MS21S_X48_BATTLE_02_DRAMA_N_DEC_0030,379,379,379,380,เดซิมอล,npc,male,decimal,assets/triangle-strategy/approved_voice_references/decimal.wav,ข้าเข้าใจแล้วว่าทำไมท่านจึงเห็นข้าเป็นความผิดพลาด ข้าสมเพชท่านจริงๆ...,,,PENDING_MANUAL_GENERATION,,triangle-strategy
373,MS21S_X48_BATTLE_02_DRAMA_N_DEC_0040.wav,MS21S_X48_BATTLE_02_DRAMA_N_DEC_0040,380,380,380,381,เดซิมอล,npc,male,decimal,assets/triangle-strategy/approved_voice_references/decimal.wav,ข้าจะตัดสินถูกผิดให้ตัวเอง และข้าไม่ยอมให้ใครมาบีบบังคับในสิ่งที่ข้าทำหรอกนะ!,,,PENDING_MANUAL_GENERATION,,triangle-strategy
374,MS21S_X48_BATTLE_02_DRAMA_N_MS21X48B02M01_0010.wav,MS21S_X48_BATTLE_02_DRAMA_N_MS21X48B02M01_0010,381,381,381,382,ชายชาวเมือง / ทหาร / ผู้ติดตาม,generic,male,MALE_ADULT_A,assets/triangle-strategy/approved_voice_references/MALE_ADULT_A.wav,โอ้... อ๊ะ... อ๊ะ... อ๊ะ... อ๊ะ... อ๊ะ... อ๊ะ...,,,PENDING_MANUAL_GENERATION,,triangle-strategy
375,MS21S_X48_C0_0030_F_FRE_0010.wav,MS21S_X48_C0_0030_F_FRE_0010,382,382,382,383,Frederica,main,female,frederica,assets/triangle-strategy/approved_voice_references/frederica.wav,และตอนนี้รัฐมนตรีไลล่าพ้นขีดอันตรายแล้วเช่นกัน เจอร์รอมกำลังดูแลนางอยู่ขอรับ,,,PENDING_MANUAL_GENERATION,,triangle-strategy
376,MS21S_X48_C0_0030_M_BND_0010.wav,MS21S_X48_C0_0030_M_BND_0010,383,383,383,384,Benedict,main,male,benedict,assets/triangle-strategy/approved_voice_references/benedict.wav,ลอร์ดเซเรโนอา...ท่านสวาร็อคยึดครองเมืองสำเร็จแล้วขอรับ,,,PENDING_MANUAL_GENERATION,,triangle-strategy
377,MS21S_X48_C0_0030_M_RLN_0010.wav,MS21S_X48_C0_0030_M_RLN_0010,384,384,384,385,Roland,main,male,roland,assets/triangle-strategy/approved_voice_references/roland.wav,...เซเรโนอา หวังว่าเจ้าคงไม่ถือสา...ข้าแค่อยากจะขอบคุณที่พาเรามาไกลถึงจุดนี้,,,PENDING_MANUAL_GENERATION,,triangle-strategy
378,MS21S_X48_C0_0030_M_RLN_0020.wav,MS21S_X48_C0_0030_M_RLN_0020,385,385,385,386,Roland,main,male,roland,assets/triangle-strategy/approved_voice_references/roland.wav,ข้ารู้แล้วว่าการเป็นกษัตริย์มันไม่เกี่ยวกับชนชั้นหรือสายเลือดหรอก...,,,PENDING_MANUAL_GENERATION,,triangle-strategy
379,MS21S_X48_C0_0030_M_RLN_0030.wav,MS21S_X48_C0_0030_M_RLN_0030,386,386,386,387,Roland,main,male,roland,assets/triangle-strategy/approved_voice_references/roland.wav,กษัตริย์แท้จริงคือผู้ที่คอยนำทางประชาชนให้มุ่งเดินไปข้างหน้า,,,PENDING_MANUAL_GENERATION,,triangle-strategy
380,MS21S_X48_C0_0030_M_RLN_0040.wav,MS21S_X48_C0_0030_M_RLN_0040,387,387,387,388,Roland,main,male,roland,assets/triangle-strategy/approved_voice_references/roland.wav,"ข้าจึงคิดว่าเจ้านั่นแหละที่คู่ควรแก่การเป็น ""กษัตริย์"" แม้ว่าข้าจะเป็นเชื้อพระวงศ์แท้ๆก็ตาม แต่ข้าก็แอบอิจฉาเจ้าอยู่นะสหายข้า",,,PENDING_MANUAL_GENERATION,,triangle-strategy
381,MS21S_X48_C0_0030_M_RLN_0050.wav,MS21S_X48_C0_0030_M_RLN_0050,388,388,388,389,Roland,main,male,roland,assets/triangle-strategy/approved_voice_references/roland.wav,ใช่แล้วล่ะ มุ่งหน้าสู่ตำหนักหัวหน้านักบวชกันเถอะทุกคน!,,,PENDING_MANUAL_GENERATION,,triangle-strategy
382,MS21S_X48_C0_0030_M_SEL_0010.wav,MS21S_X48_C0_0030_M_SEL_0010,389,389,389,390,Serenoa,main,male,serenoa,assets/triangle-strategy/approved_voice_references/serenoa.wav,เหลือแค่หัวหน้านักบวชกับรัฐมนตรีอีดอร์แล้วสินะ,,,PENDING_MANUAL_GENERATION,,triangle-strategy
383,MS21S_X48_C0_0030_M_SEL_0020.wav,MS21S_X48_C0_0030_M_SEL_0020,390,390,390,391,Serenoa,main,male,serenoa,assets/triangle-strategy/approved_voice_references/serenoa.wav,ขอบคุณนะโรแลนด์ หากไม่ได้ท่านหรือคนอื่นช่วย...ข้าก็คงทำไม่สำเร็จ,,,PENDING_MANUAL_GENERATION,,triangle-strategy
384,MS21S_X48_C0_0030_M_SEL_0030.wav,MS21S_X48_C0_0030_M_SEL_0030,391,391,391,392,Serenoa,main,male,serenoa,assets/triangle-strategy/approved_voice_references/serenoa.wav,แต่มันยังไม่จบหรอกนะ ยังเหลือศึกครั้งสุดท้ายที่เราต้องเผชิญ,,,PENDING_MANUAL_GENERATION,,triangle-strategy
385,MS21S_X48_WD_0010_N_NNN_0010.wav,MS21S_X48_WD_0010_N_NNN_0010,392,392,392,393,Narrator,narrator,female,narrator,assets/triangle-strategy/approved_voice_references/narrator.wav,เมื่อโล่เทพธิดาถูกทำลาย...ทัพไฮแซนต์ซึ่งไร้ผู้นำจึงไม่คิดต่อต้านเซเรโนอา ในขณะที่ทัพของเขากำลังมุ่งหน้าสู่รัฐศักดิ์สิทธิ์,,,PENDING_MANUAL_GENERATION,,triangle-strategy
386,MS21S_X48_WD_0010_N_NNN_0020.wav,MS21S_X48_WD_0010_N_NNN_0020,393,393,393,394,Narrator,narrator,female,narrator,assets/triangle-strategy/approved_voice_references/narrator.wav,ทัพใหญ่ของเขาถูกแบ่งเป็นสองฝ่าย ทัพของสวาร็อคจะดูแลปกครองเมืองแห่งนี้,,,PENDING_MANUAL_GENERATION,,triangle-strategy
387,MS21S_X48_WD_0010_N_NNN_0030.wav,MS21S_X48_WD_0010_N_NNN_0030,394,394,394,395,Narrator,narrator,female,narrator,assets/triangle-strategy/approved_voice_references/narrator.wav,ในขณะที่ทัพของเซเรโนอาเข้าล้อมตำหนัก พวกเขาต้องการให้หัวหน้านักบวชและผู้ศักดิ์สิทธิ์ทั้งสองยอมจำนน,,,PENDING_MANUAL_GENERATION,,triangle-strategy
388,MS21S_X48_WD_0020_N_NNN_0010.wav,MS21S_X48_WD_0020_N_NNN_0010,395,395,395,396,Narrator,narrator,female,narrator,assets/triangle-strategy/approved_voice_references/narrator.wav,เส้นทางของวูล์ฟฟอร์ตได้นำพวกเข้ามาสู่ตำหนักของหัวหน้านักบวช,,,PENDING_MANUAL_GENERATION,,triangle-strategy
389,MS21S_X48_WD_0020_N_NNN_0020.wav,MS21S_X48_WD_0020_N_NNN_0020,396,396,396,397,Narrator,narrator,female,narrator,assets/triangle-strategy/approved_voice_references/narrator.wav,พวกเขายืนอยู่เบื้องหน้าประตูใหญ่ โดยหวังจะนำพาความสุขมาสู่ยุคใหม่แห่งนอร์เซเลีย,,,PENDING_MANUAL_GENERATION,,triangle-strategy
390,MS21S_X48_WD_0020_N_NNN_0030.wav,MS21S_X48_WD_0020_N_NNN_0030,397,397,397,398,Narrator,narrator,female,narrator,assets/triangle-strategy/approved_voice_references/narrator.wav,ด้วยจิตใจอันแน่วแน่ เซเรโนอาและผองเพื่อนจึงเดินหน้าครั้งสุดท้าย...เพื่อเริ่มต้นใหม่อีกครั้ง,,,PENDING_MANUAL_GENERATION,,triangle-strategy
391,MS21S_X48_WD_0040_N_NNN_0010.wav,MS21S_X48_WD_0040_N_NNN_0010,398,398,398,399,Narrator,narrator,female,narrator,assets/triangle-strategy/approved_voice_references/narrator.wav,ตำหนักหัวหน้านักบวช...ตัวแทนความเจริญแห่งรัฐศักดิ์สิทธิ์ไฮแซนต์ได้พังทลายและจมลงสู่นาเกลือ พรากชีวิตอีดอร์และทำลายหุ่นเชิดชั่วร้ายของเขาไปพร้อมกัน,,,PENDING_MANUAL_GENERATION,,triangle-strategy
392,MS21S_X48_WD_0040_N_NNN_0020.wav,MS21S_X48_WD_0040_N_NNN_0020,399,399,399,400,Narrator,narrator,female,narrator,assets/triangle-strategy/approved_voice_references/narrator.wav,สงครามยาวนานที่เริ่มขึ้นจากการค้นพบคริสตัลเกลือจึงได้สิ้นสุดลง,,,PENDING_MANUAL_GENERATION,,triangle-strategy
393,MS21S_X48_WD_0040_N_NNN_0030.wav,MS21S_X48_WD_0040_N_NNN_0030,400,400,400,401,Narrator,narrator,female,narrator,assets/triangle-strategy/approved_voice_references/narrator.wav,"ชาวนอร์เซเลียทั้งหลายต่างกลุ้มใจกับการค้นพบแหล่งเกลือใหม่ , ประวัติศาสตร์ของชาวโรเซลล์ และการสิ้นสุดยุคสงครามแห่งอาณาจักรมหาอำนาจทั้งสาม",,,PENDING_MANUAL_GENERATION,,triangle-strategy
394,MS21S_X48_WD_0040_N_NNN_0040.wav,MS21S_X48_WD_0040_N_NNN_0040,401,401,401,402,Narrator,narrator,female,narrator,assets/triangle-strategy/approved_voice_references/narrator.wav,เมื่อชาวไฮแซนต์ได้รู้ความจริงแห่งหลักคำสอนเทพธิดา ความศรัทธาจึงแตกหัก...เกิดความวุ่นวายในรัฐศักดิ์สิทธิ์,,,PENDING_MANUAL_GENERATION,,triangle-strategy
395,MS21S_X48_WD_0040_N_NNN_0045.wav,MS21S_X48_WD_0040_N_NNN_0045,402,402,402,403,Narrator,narrator,female,narrator,assets/triangle-strategy/approved_voice_references/narrator.wav,ส่วนผู้ที่สนับสนุนกุสตาดอล์ฟนั้น ต่อต้านการปกครองของสวาร็อคในเอสฟรอสต์,,,PENDING_MANUAL_GENERATION,,triangle-strategy
396,MS21S_X48_WD_0040_N_NNN_0050.wav,MS21S_X48_WD_0040_N_NNN_0050,403,403,403,404,Narrator,narrator,female,narrator,assets/triangle-strategy/approved_voice_references/narrator.wav,แต่เคราะห์ยังดีที่ความวุ่นวายเกิดขึ้นเพียงชั่วครู่เท่านั้น,,,PENDING_MANUAL_GENERATION,,triangle-strategy
397,MS21S_X48_WD_0040_N_NNN_0060.wav,MS21S_X48_WD_0040_N_NNN_0060,404,404,404,405,Narrator,narrator,female,narrator,assets/triangle-strategy/approved_voice_references/narrator.wav,เซเรโนอา โรแลนด์ และมิตรสหายคนอื่นๆ ได้ชี้นำทวีปนอร์เซเลีย ด้วยหลักแห่งความเข้าใจและการร่วมมือกัน,,,PENDING_MANUAL_GENERATION,,triangle-strategy
398,MS21S_X48_WD_0040_N_NNN_0070.wav,MS21S_X48_WD_0040_N_NNN_0070,405,405,405,406,Narrator,narrator,female,narrator,assets/triangle-strategy/approved_voice_references/narrator.wav,ความกังขาและกังวลของผู้คนได้เลือนหายไปตามกาลเวลา สันติสุขจึงกลับสู่ดินแดนอีกครั้งภายใต้การปกครองของ กษัตริย์โรแลนด์แห่งเกลนบรู๊ค เป็นครั้งแรกในประวัติศาสตร์ที่ชาวนอร์เซเลียทุกคนมีเป้าหมาย...และร่วมเดินไปพร้อมกัน,,,PENDING_MANUAL_GENERATION,,triangle-strategy
